date,wind_direction_10m,wind_speed_10m
2025-01-01 00:00:00+00:00,55.78425,5.441838
2025-01-01 01:00:00+00:00,78.11137,6.9899354
2025-01-01 02:00:00+00:00,97.30567,7.0774574
2025-01-01 03:00:00+00:00,110.37652,6.7205353
2025-01-01 04:00:00+00:00,113.962494,3.5455887
2025-01-01 05:00:00+00:00,94.39862,2.3469126
2025-01-01 06:00:00+00:00,90.0,2.6999998
2025-01-01 07:00:00+00:00,76.75947,3.143565
2025-01-01 08:00:00+00:00,60.64234,3.3043609
2025-01-01 09:00:00+00:00,39.805527,4.2175345
2025-01-01 10:00:00+00:00,28.442837,4.913044
2025-01-01 11:00:00+00:00,20.323217,5.1826253
2025-01-01 12:00:00+00:00,14.381432,7.247096
2025-01-01 13:00:00+00:00,24.702408,9.906544
2025-01-01 14:00:00+00:00,34.286938,9.585739
2025-01-01 15:00:00+00:00,41.905865,9.432412
2025-01-01 16:00:00+00:00,56.929314,9.236298
2025-01-01 17:00:00+00:00,74.3577,9.346143
2025-01-01 18:00:00+00:00,87.70944,9.007196
2025-01-01 19:00:00+00:00,97.59455,8.171683
2025-01-01 20:00:00+00:00,102.09474,7.731622
2025-01-01 21:00:00+00:00,99.926186,7.3094187
2025-01-01 22:00:00+00:00,107.96923,7.0015144
2025-01-01 23:00:00+00:00,118.072395,6.12
2025-01-02 00:00:00+00:00,124.21575,5.441838
2025-01-02 01:00:00+00:00,112.833694,3.710795
2025-01-02 02:00:00+00:00,113.962494,5.318383
2025-01-02 03:00:00+00:00,124.50858,6.989936
2025-01-02 04:00:00+00:00,133.02507,3.693291
2025-01-02 05:00:00+00:00,95.7105,1.8089776
2025-01-02 06:00:00+00:00,57.528828,2.3469129
2025-01-02 07:00:00+00:00,49.899166,4.471107
2025-01-02 08:00:00+00:00,36.027473,4.8965297
2025-01-02 09:00:00+00:00,20.854538,4.0449963
2025-01-02 10:00:00+00:00,26.564985,3.62243
2025-01-02 11:00:00+00:00,30.579157,4.599695
2025-01-02 12:00:00+00:00,30.465475,7.10031
2025-01-02 13:00:00+00:00,37.775745,9.109138
2025-01-02 14:00:00+00:00,47.93576,9.9408245
2025-01-02 15:00:00+00:00,58.52322,10.34178
2025-01-02 16:00:00+00:00,67.79647,9.526405
2025-01-02 17:00:00+00:00,68.40463,9.292255
2025-01-02 18:00:00+00:00,77.00539,9.605998
2025-01-02 19:00:00+00:00,85.23644,8.669949
2025-01-02 20:00:00+00:00,101.0409,7.519175
2025-01-02 21:00:00+00:00,104.67644,7.8149853
2025-01-02 22:00:00+00:00,111.317986,7.9220443
2025-01-02 23:00:00+00:00,119.42737,8.0599
2025-01-03 00:00:00+00:00,135.0001,8.909545
2025-01-03 01:00:00+00:00,146.61147,9.485504
2025-01-03 02:00:00+00:00,152.04913,9.984729
2025-01-03 03:00:00+00:00,151.29414,8.6193495
2025-01-03 04:00:00+00:00,117.64589,4.2671766
2025-01-03 05:00:00+00:00,20.556128,1.5379207
2025-01-03 06:00:00+00:00,360.0,2.34
2025-01-03 07:00:00+00:00,349.69522,2.0124612
2025-01-03 08:00:00+00:00,349.3804,2.9301877
2025-01-03 09:00:00+00:00,360.0,3.4199998
2025-01-03 10:00:00+00:00,10.304792,4.0249224
2025-01-03 11:00:00+00:00,9.462248,4.379589
2025-01-03 12:00:00+00:00,3.0127327,6.849467
2025-01-03 13:00:00+00:00,20.282646,8.827344
2025-01-03 14:00:00+00:00,43.02507,7.386582
2025-01-03 15:00:00+00:00,55.922764,7.388775
2025-01-03 16:00:00+00:00,62.02062,6.5223618
2025-01-03 17:00:00+00:00,65.432846,6.9270773
2025-01-03 18:00:00+00:00,96.84268,4.5322843
2025-01-03 19:00:00+00:00,146.3099,6.489992
2025-01-03 20:00:00+00:00,153.43501,8.854829
2025-01-03 21:00:00+00:00,159.44388,9.227524
2025-01-03 22:00:00+00:00,164.93146,9.6932955
2025-01-03 23:00:00+00:00,165.20319,9.867218
2025-01-04 00:00:00+00:00,166.46413,9.9977
2025-01-04 01:00:00+00:00,168.31065,10.661107
2025-01-04 02:00:00+00:00,168.31065,10.661107
2025-01-04 03:00:00+00:00,172.99883,10.337079
2025-01-04 04:00:00+00:00,174.2895,9.044888
2025-01-04 05:00:00+00:00,205.4633,4.186693
2025-01-04 06:00:00+00:00,228.36655,4.3349743
2025-01-04 07:00:00+00:00,245.55606,6.5248446
2025-01-04 08:00:00+00:00,263.01904,8.885877
2025-01-04 09:00:00+00:00,275.38922,9.582359
2025-01-04 10:00:00+00:00,286.09088,9.741642
2025-01-04 11:00:00+00:00,296.56497,8.854829
2025-01-04 12:00:00+00:00,306.86996,8.099999
2025-01-04 13:00:00+00:00,321.51978,8.967541
2025-01-04 14:00:00+00:00,335.9245,9.266067
2025-01-04 15:00:00+00:00,35.837746,3.9966483
2025-01-04 16:00:00+00:00,8.130019,3.8183763
2025-01-04 17:00:00+00:00,10.304792,2.0124612
2025-01-04 18:00:00+00:00,329.9315,3.9518096
2025-01-04 19:00:00+00:00,330.25522,4.3536186
2025-01-04 20:00:00+00:00,346.60748,3.8856654
2025-01-04 21:00:00+00:00,329.9315,3.9518096
2025-01-04 22:00:00+00:00,312.70938,6.3690495
2025-01-04 23:00:00+00:00,308.92755,6.015878
2025-01-05 00:00:00+00:00,320.38934,6.7757506
2025-01-05 01:00:00+00:00,350.13425,4.2021422
2025-01-05 02:00:00+00:00,360.0,4.32
2025-01-05 03:00:00+00:00,342.12122,5.8631387
2025-01-05 04:00:00+00:00,334.65387,3.7842832
2025-01-05 05:00:00+00:00,349.21573,3.84796
2025-01-05 06:00:00+00:00,346.86597,5.5450516
2025-01-05 07:00:00+00:00,343.61038,6.379216
2025-01-05 08:00:00+00:00,335.89777,7.4932766
2025-01-05 09:00:00+00:00,332.9495,9.499158
2025-01-05 10:00:00+00:00,332.56036,10.546525
2025-01-05 11:00:00+00:00,332.56036,10.546525
2025-01-05 12:00:00+00:00,332.30063,8.131936
2025-01-05 13:00:00+00:00,326.68936,7.538541
2025-01-05 14:00:00+00:00,327.61935,8.738811
2025-01-05 15:00:00+00:00,345.67725,8.731391
2025-01-05 16:00:00+00:00,358.83087,8.821836
2025-01-05 17:00:00+00:00,360.0,9.0
2025-01-05 18:00:00+00:00,348.92984,8.43699
2025-01-05 19:00:00+00:00,340.76923,8.197414
2025-01-05 20:00:00+00:00,351.2539,7.102591
2025-01-05 21:00:00+00:00,360.0,5.7599998
2025-01-05 22:00:00+00:00,346.75946,6.28713
2025-01-05 23:00:00+00:00,333.43503,6.439876
2025-01-06 00:00:00+00:00,338.9624,5.0142193
2025-01-06 01:00:00+00:00,4.969664,4.1556225
2025-01-06 02:00:00+00:00,20.556128,4.613762
2025-01-06 03:00:00+00:00,36.38445,4.2481523
2025-01-06 04:00:00+00:00,25.640957,4.991553
2025-01-06 05:00:00+00:00,14.534496,5.020677
2025-01-06 06:00:00+00:00,360.0,5.04
2025-01-06 07:00:00+00:00,357.13766,7.208994
2025-01-06 08:00:00+00:00,352.61404,9.801326
2025-01-06 09:00:00+00:00,352.01077,10.360559
2025-01-06 10:00:00+00:00,354.19336,10.674773
2025-01-06 11:00:00+00:00,355.07297,10.478722
2025-01-06 12:00:00+00:00,358.727,8.101999
2025-01-06 13:00:00+00:00,7.695961,6.7205353
2025-01-06 14:00:00+00:00,3.6521478,8.477216
2025-01-06 15:00:00+00:00,6.3401003,9.779817
2025-01-06 16:00:00+00:00,17.700521,8.880405
2025-01-06 17:00:00+00:00,17.354122,9.05205
2025-01-06 18:00:00+00:00,23.70266,8.0599
2025-01-06 19:00:00+00:00,39.61066,6.7757506
2025-01-06 20:00:00+00:00,50.710617,5.1165614
2025-01-06 21:00:00+00:00,39.47243,3.9640884
2025-01-06 22:00:00+00:00,4.763556,2.1674871
2025-01-06 23:00:00+00:00,327.99466,1.6981165
2025-01-07 00:00:00+00:00,303.6901,1.9469976
2025-01-07 01:00:00+00:00,297.64587,4.2671766
2025-01-07 02:00:00+00:00,287.24155,5.4656014
2025-01-07 03:00:00+00:00,288.43503,5.6920996
2025-01-07 04:00:00+00:00,272.72626,3.7842832
2025-01-07 05:00:00+00:00,317.72638,2.6758924
2025-01-07 06:00:00+00:00,348.31067,5.3305535
2025-01-07 07:00:00+00:00,1.3321922,7.7420926
2025-01-07 08:00:00+00:00,5.8262515,8.865799
2025-01-07 09:00:00+00:00,4.5738406,9.028754
2025-01-07 10:00:00+00:00,360.0,8.459999
2025-01-07 11:00:00+00:00,347.61926,7.555712
2025-01-07 12:00:00+00:00,335.09525,5.5567255
2025-01-07 13:00:00+00:00,341.56494,4.5536795
2025-01-07 14:00:00+00:00,12.26477,4.2366967
2025-01-07 15:00:00+00:00,15.945477,2.6208394
2025-01-07 16:00:00+00:00,345.06854,2.7943513
2025-01-07 17:00:00+00:00,321.34018,1.1525624
2025-01-07 18:00:00+00:00,180.0,0.54
2025-01-07 19:00:00+00:00,199.9832,2.1068459
2025-01-07 20:00:00+00:00,205.01686,2.97953
2025-01-07 21:00:00+00:00,200.13638,5.7515564
2025-01-07 22:00:00+00:00,205.2011,6.763786
2025-01-07 23:00:00+00:00,204.44394,6.5248446
2025-01-08 00:00:00+00:00,197.35411,6.0347
2025-01-08 01:00:00+00:00,192.875,6.4624763
2025-01-08 02:00:00+00:00,192.68037,7.3799996
2025-01-08 03:00:00+00:00,193.49574,9.255571
2025-01-08 04:00:00+00:00,195.37631,7.4672885
2025-01-08 05:00:00+00:00,194.03627,4.452954
2025-01-08 06:00:00+00:00,216.02747,4.8965297
2025-01-08 07:00:00+00:00,239.9315,3.9518096
2025-01-08 08:00:00+00:00,266.6336,3.0652895
2025-01-08 09:00:00+00:00,287.1028,2.4482646
2025-01-08 10:00:00+00:00,323.13004,2.6999998
2025-01-08 11:00:00+00:00,347.00537,2.4014995
2025-01-08 12:00:00+00:00,10.304792,2.0124612
2025-01-08 13:00:00+00:00,56.309914,0.6489992
2025-01-08 14:00:00+00:00,108.43504,1.1384199
2025-01-08 15:00:00+00:00,142.12495,2.0523157
2025-01-08 16:00:00+00:00,171.25392,4.73506
2025-01-08 17:00:00+00:00,163.30067,5.637765
2025-01-08 18:00:00+00:00,133.83095,6.2379804
2025-01-08 19:00:00+00:00,139.39879,6.638072
2025-01-08 20:00:00+00:00,148.49579,6.544677
2025-01-08 21:00:00+00:00,156.61476,7.256032
2025-01-08 22:00:00+00:00,161.96562,8.139901
2025-01-08 23:00:00+00:00,157.10942,8.792405
2025-01-09 00:00:00+00:00,157.79648,9.526405
2025-01-09 01:00:00+00:00,157.06787,10.163227
2025-01-09 02:00:00+00:00,155.82089,9.668195
2025-01-09 03:00:00+00:00,153.9247,9.418661
2025-01-09 04:00:00+00:00,145.95403,8.037761
2025-01-09 05:00:00+00:00,145.0079,4.39436
2025-01-09 06:00:00+00:00,140.90616,3.710795
2025-01-09 07:00:00+00:00,142.69597,4.752136
2025-01-09 08:00:00+00:00,124.286934,4.7928696
2025-01-09 09:00:00+00:00,101.768265,4.412754
2025-01-09 10:00:00+00:00,77.00539,4.802999
2025-01-09 11:00:00+00:00,57.99466,5.09435
2025-01-09 12:00:00+00:00,36.86999,6.299999
2025-01-09 13:00:00+00:00,44.169785,8.783189
2025-01-09 14:00:00+00:00,51.78894,10.766949
2025-01-09 15:00:00+00:00,69.34101,11.734564
2025-01-09 16:00:00+00:00,83.48029,12.682018
2025-01-09 17:00:00+00:00,91.56932,13.14493
2025-01-09 18:00:00+00:00,102.926,11.265469
2025-01-09 19:00:00+00:00,105.67959,10.656547
2025-01-09 20:00:00+00:00,106.22027,10.310403
2025-01-09 21:00:00+00:00,110.32322,10.365251
2025-01-09 22:00:00+00:00,112.93214,10.163227
2025-01-09 23:00:00+00:00,114.27443,10.070353
2025-01-10 00:00:00+00:00,112.5431,10.32924
2025-01-10 01:00:00+00:00,119.14798,10.717182
2025-01-10 02:00:00+00:00,118.61037,11.276968
2025-01-10 03:00:00+00:00,118.539894,11.679212
2025-01-10 04:00:00+00:00,115.083565,9.340941
2025-01-10 05:00:00+00:00,110.55613,7.689603
2025-01-10 06:00:00+00:00,108.00426,7.570707
2025-01-10 07:00:00+00:00,107.592514,7.7420926
2025-01-10 08:00:00+00:00,101.560104,8.083983
2025-01-10 09:00:00+00:00,98.47106,8.553314
2025-01-10 10:00:00+00:00,95.82625,8.865799
2025-01-10 11:00:00+00:00,92.33726,8.827344
2025-01-10 12:00:00+00:00,72.47434,7.172949
2025-01-10 13:00:00+00:00,81.416466,9.6480665
2025-01-10 14:00:00+00:00,89.04518,10.801499
2025-01-10 15:00:00+00:00,73.55955,11.448055
2025-01-10 16:00:00+00:00,77.366646,10.699028
2025-01-10 17:00:00+00:00,89.06083,10.981475
2025-01-10 18:00:00+00:00,95.7105,10.853866
2025-01-10 19:00:00+00:00,100.66973,12.638512
2025-01-10 20:00:00+00:00,112.55729,12.669238
2025-01-10 21:00:00+00:00,121.50421,13.089354
2025-01-10 22:00:00+00:00,131.85495,11.599879
2025-01-10 23:00:00+00:00,149.21593,9.847496
2025-01-11 00:00:00+00:00,261.46933,7.2805495
2025-01-11 01:00:00+00:00,205.2011,6.763786
2025-01-11 02:00:00+00:00,140.82635,6.269067
2025-01-11 03:00:00+00:00,135.0001,5.0911684
2025-01-11 04:00:00+00:00,130.15593,7.5363917
2025-01-11 05:00:00+00:00,106.699326,5.637765
2025-01-11 06:00:00+00:00,66.037506,3.5455887
2025-01-11 07:00:00+00:00,71.564964,0.56920993
2025-01-11 08:00:00+00:00,14.036275,1.484318
2025-01-11 09:00:00+00:00,354.47253,5.6060677
2025-01-11 10:00:00+00:00,337.1663,7.42159
2025-01-11 11:00:00+00:00,11.3098955,3.671294
2025-01-11 12:00:00+00:00,350.13425,4.2021422
2025-01-11 13:00:00+00:00,342.25522,4.724786
2025-01-11 14:00:00+00:00,347.00537,4.802999
2025-01-11 15:00:00+00:00,352.6005,13.976394
2025-01-11 16:00:00+00:00,0.8813861,11.701385
2025-01-11 17:00:00+00:00,358.83087,8.821836
2025-01-11 18:00:00+00:00,350.53775,6.5693827
2025-01-11 19:00:00+00:00,339.8636,5.7515564
2025-01-11 20:00:00+00:00,316.3971,5.22
2025-01-11 21:00:00+00:00,288.43503,6.2613096
2025-01-11 22:00:00+00:00,293.0255,7.823272
2025-01-11 23:00:00+00:00,305.53775,7.7420926
2025-01-12 00:00:00+00:00,318.57642,8.161764
2025-01-12 01:00:00+00:00,315.0001,9.418662
2025-01-12 02:00:00+00:00,300.7354,7.748368
2025-01-12 03:00:00+00:00,298.30066,7.973005
2025-01-12 04:00:00+00:00,331.03244,11.521406
2025-01-12 05:00:00+00:00,348.84537,13.026081
2025-01-12 06:00:00+00:00,349.6112,10.98
2025-01-12 07:00:00+00:00,346.93066,10.3480425
2025-01-12 08:00:00+00:00,345.71887,10.215693
2025-01-12 09:00:00+00:00,344.19742,9.914717
2025-01-12 10:00:00+00:00,344.82703,11.003581
2025-01-12 11:00:00+00:00,345.3432,12.093535
2025-01-12 12:00:00+00:00,344.7448,10.261579
2025-01-12 13:00:00+00:00,357.3975,7.928178
2025-01-12 14:00:00+00:00,8.914849,9.292254
2025-01-12 15:00:00+00:00,12.171442,9.391102
2025-01-12 16:00:00+00:00,7.8152027,9.266067
2025-01-12 17:00:00+00:00,9.090207,9.114471
2025-01-12 18:00:00+00:00,14.676441,7.8149853
2025-01-12 19:00:00+00:00,24.102238,7.4932766
2025-01-12 20:00:00+00:00,39.289394,5.1165614
2025-01-12 21:00:00+00:00,55.0079,4.39436
2025-01-12 22:00:00+00:00,54.246033,5.5450516
2025-01-12 23:00:00+00:00,48.366554,6.502461
2025-01-13 00:00:00+00:00,42.510403,5.8603754
2025-01-13 01:00:00+00:00,31.328646,4.846648
2025-01-13 02:00:00+00:00,7.12493,2.9024127
2025-01-13 03:00:00+00:00,291.80148,0.9693296
2025-01-13 04:00:00+00:00,44.999897,1.5273507
2025-01-13 05:00:00+00:00,30.256361,2.50064
2025-01-13 06:00:00+00:00,3.3664,3.0652895
2025-01-13 07:00:00+00:00,6.1154146,5.0688457
2025-01-13 08:00:00+00:00,6.5197067,6.341009
2025-01-13 09:00:00+00:00,1.6365454,6.302571
2025-01-13 10:00:00+00:00,356.82022,6.489992
2025-01-13 11:00:00+00:00,356.98727,6.849467
2025-01-13 12:00:00+00:00,356.0549,5.232399
2025-01-13 13:00:00+00:00,358.09088,5.4029994
2025-01-13 14:00:00+00:00,5.3144655,7.7734165
2025-01-13 15:00:00+00:00,17.592522,7.7420926
2025-01-13 16:00:00+00:00,21.54104,7.353611
2025-01-13 17:00:00+00:00,33.6901,5.8409934
2025-01-13 18:00:00+00:00,32.61924,5.3426957
2025-01-13 19:00:00+00:00,33.6901,6.489992
2025-01-13 20:00:00+00:00,44.999897,5.6002855
2025-01-13 21:00:00+00:00,60.255207,4.3536186
2025-01-13 22:00:00+00:00,68.19853,3.8773184
2025-01-13 23:00:00+00:00,111.801476,2.907989
2025-01-14 00:00:00+00:00,148.39255,2.7475805
2025-01-14 01:00:00+00:00,143.13002,5.3999996
2025-01-14 02:00:00+00:00,146.3099,5.1919937
2025-01-14 03:00:00+00:00,144.09018,6.444905
2025-01-14 04:00:00+00:00,139.89915,4.471107
2025-01-14 05:00:00+00:00,132.70937,3.1845248
2025-01-14 06:00:00+00:00,103.39252,3.8856654
2025-01-14 07:00:00+00:00,92.72626,3.7842832
2025-01-14 08:00:00+00:00,75.25639,3.536439
2025-01-14 09:00:00+00:00,55.713078,4.7928696
2025-01-14 10:00:00+00:00,50.59937,6.522361
2025-01-14 11:00:00+00:00,46.005,7.256032
2025-01-14 12:00:00+00:00,32.73523,5.991594
2025-01-14 13:00:00+00:00,25.083572,9.340941
2025-01-14 14:00:00+00:00,30.113651,10.404249
2025-01-14 15:00:00+00:00,36.469334,10.296251
2025-01-14 16:00:00+00:00,56.976128,8.587338
2025-01-14 17:00:00+00:00,65.72557,10.070353
2025-01-14 18:00:00+00:00,61.144444,10.070353
2025-01-14 19:00:00+00:00,79.69521,10.062305
2025-01-14 20:00:00+00:00,96.70974,9.243311
2025-01-14 21:00:00+00:00,94.48453,9.208192
2025-01-14 22:00:00+00:00,93.814,8.11798
2025-01-14 23:00:00+00:00,95.572105,7.415038
2025-01-15 00:00:00+00:00,71.11382,7.229191
2025-01-15 01:00:00+00:00,72.40749,7.7420926
2025-01-15 02:00:00+00:00,77.735245,8.473393
2025-01-15 03:00:00+00:00,94.66678,8.849339
2025-01-15 04:00:00+00:00,100.00792,6.2145634
2025-01-15 05:00:00+00:00,80.53775,5.4744864
2025-01-15 06:00:00+00:00,68.74943,6.9527545
2025-01-15 07:00:00+00:00,54.90411,8.139901
2025-01-15 08:00:00+00:00,42.510403,8.790563
2025-01-15 09:00:00+00:00,36.634212,8.748075
2025-01-15 10:00:00+00:00,34.045982,8.037761
2025-01-15 11:00:00+00:00,30.699654,6.698806
2025-01-15 12:00:00+00:00,8.130019,5.0911684
2025-01-15 13:00:00+00:00,351.52893,8.553314
2025-01-15 14:00:00+00:00,356.0549,10.464798
2025-01-15 15:00:00+00:00,356.87793,9.914717
2025-01-15 16:00:00+00:00,355.33322,8.849339
2025-01-15 17:00:00+00:00,10.175456,7.1321807
2025-01-15 18:00:00+00:00,30.699654,6.698806
2025-01-15 19:00:00+00:00,8.426887,4.913044
2025-01-15 20:00:00+00:00,6.5197067,6.341009
2025-01-15 21:00:00+00:00,28.810698,4.1085763
2025-01-15 22:00:00+00:00,71.564964,1.7076298
2025-01-15 23:00:00+00:00,326.3099,0.6489992
2025-01-16 00:00:00+00:00,153.43501,0.40249225
2025-01-16 01:00:00+00:00,180.0,0.35999998
2025-01-16 02:00:00+00:00,224.9999,1.0182338
2025-01-16 03:00:00+00:00,216.86998,1.8
2025-01-16 04:00:00+00:00,264.2895,1.8089776
2025-01-16 05:00:00+00:00,6.3401003,1.6299692
2025-01-16 06:00:00+00:00,17.102825,4.896529
2025-01-16 07:00:00+00:00,22.380184,6.6185193
2025-01-16 08:00:00+00:00,32.82854,6.6405115
2025-01-16 09:00:00+00:00,38.418083,6.6624317
2025-01-16 10:00:00+00:00,44.999897,6.618519
2025-01-16 11:00:00+00:00,47.489597,5.8603754
2025-01-16 12:00:00+00:00,55.6196,4.143911
2025-01-16 13:00:00+00:00,41.49638,6.248359
2025-01-16 14:00:00+00:00,32.124966,9.139322
2025-01-16 15:00:00+00:00,28.767557,10.472535
2025-01-16 16:00:00+00:00,38.829834,9.473541
2025-01-16 17:00:00+00:00,56.040897,10.63372
2025-01-16 18:00:00+00:00,58.392544,10.990322
2025-01-16 19:00:00+00:00,57.99466,10.1887
2025-01-16 20:00:00+00:00,75.42574,9.299225
2025-01-16 21:00:00+00:00,74.219185,8.604301
2025-01-16 22:00:00+00:00,63.435013,9.257321
2025-01-16 23:00:00+00:00,71.20003,8.936777
2025-01-17 00:00:00+00:00,77.90526,7.731622
2025-01-17 01:00:00+00:00,72.03077,7.0015144
2025-01-17 02:00:00+00:00,71.14675,7.7983837
2025-01-17 03:00:00+00:00,63.435013,7.24486
2025-01-17 04:00:00+00:00,51.709793,4.3573384
2025-01-17 05:00:00+00:00,49.899166,4.471107
2025-01-17 06:00:00+00:00,56.768288,6.2405767
2025-01-17 07:00:00+00:00,47.563812,8.536252
2025-01-17 08:00:00+00:00,46.5911,9.167638
2025-01-17 09:00:00+00:00,38.65983,8.067936
2025-01-17 10:00:00+00:00,31.75944,8.891343
2025-01-17 11:00:00+00:00,29.744795,8.707237
2025-01-17 12:00:00+00:00,19.855309,6.889557
2025-01-17 13:00:00+00:00,25.676775,10.385547
2025-01-17 14:00:00+00:00,29.054508,9.2660675
2025-01-17 15:00:00+00:00,29.427368,8.0599
2025-01-17 16:00:00+00:00,39.03552,8.574123
2025-01-17 17:00:00+00:00,46.507374,9.67657
2025-01-17 18:00:00+00:00,61.55718,9.826088
2025-01-17 19:00:00+00:00,75.37909,8.557102
2025-01-17 20:00:00+00:00,77.4712,8.297589
2025-01-17 21:00:00+00:00,79.21575,7.69592
2025-01-17 22:00:00+00:00,86.00917,7.7588143
2025-01-17 23:00:00+00:00,100.784256,7.69592
2025-01-18 00:00:00+00:00,108.886185,7.229191
2025-01-18 01:00:00+00:00,121.701385,7.193247
2025-01-18 02:00:00+00:00,103.671326,6.8541956
2025-01-18 03:00:00+00:00,108.43504,7.968939
2025-01-18 04:00:00+00:00,103.39252,3.8856654
2025-01-18 05:00:00+00:00,86.05489,5.232399
2025-01-18 06:00:00+00:00,97.59455,5.4477882
2025-01-18 07:00:00+00:00,88.45188,6.6624317
2025-01-18 08:00:00+00:00,64.98315,5.95906
2025-01-18 09:00:00+00:00,44.999897,5.854844
2025-01-18 10:00:00+00:00,44.999897,7.127636
2025-01-18 11:00:00+00:00,38.884502,7.1684303
2025-01-18 12:00:00+00:00,15.124064,6.8989563
2025-01-18 13:00:00+00:00,17.474865,10.1902895
2025-01-18 14:00:00+00:00,24.05735,11.038858
2025-01-18 15:00:00+00:00,38.047092,10.514218
2025-01-18 16:00:00+00:00,55.09743,9.437563
2025-01-18 17:00:00+00:00,61.049107,9.668195
2025-01-18 18:00:00+00:00,73.61038,9.568824
2025-01-18 19:00:00+00:00,87.838974,9.54679
2025-01-18 20:00:00+00:00,104.85866,9.12513
2025-01-18 21:00:00+00:00,119.89881,8.305396
2025-01-18 22:00:00+00:00,127.11694,8.3520775
2025-01-18 23:00:00+00:00,133.1524,7.8954163
2025-01-19 00:00:00+00:00,142.81522,6.552099
2025-01-19 01:00:00+00:00,150.2552,7.256032
2025-01-19 02:00:00+00:00,156.80139,6.8541956
2025-01-19 03:00:00+00:00,161.07526,6.66
2025-01-19 04:00:00+00:00,160.82089,4.3832865
2025-01-19 05:00:00+00:00,192.5288,3.319036
2025-01-19 06:00:00+00:00,246.3706,3.143565
2025-01-19 07:00:00+00:00,270.0,4.14
2025-01-19 08:00:00+00:00,290.77234,5.5829024
2025-01-19 09:00:00+00:00,298.0724,6.12
2025-01-19 10:00:00+00:00,301.86594,7.841887
2025-01-19 11:00:00+00:00,308.65982,8.067936
2025-01-19 12:00:00+00:00,317.0454,7.1321807
2025-01-19 13:00:00+00:00,320.52756,7.928177
2025-01-19 14:00:00+00:00,324.16226,7.9932966
2025-01-19 15:00:00+00:00,332.90454,8.694204
2025-01-19 16:00:00+00:00,336.66592,9.997699
2025-01-19 17:00:00+00:00,343.3007,9.3962755
2025-01-19 18:00:00+00:00,358.83087,8.821836
2025-01-19 19:00:00+00:00,12.528798,8.297589
2025-01-19 20:00:00+00:00,26.564985,8.049845
2025-01-19 21:00:00+00:00,23.198618,8.225035
2025-01-19 22:00:00+00:00,31.827414,6.1437774
2025-01-19 23:00:00+00:00,29.744795,4.3536186
2025-01-20 00:00:00+00:00,13.5704565,5.3699164
2025-01-20 01:00:00+00:00,32.82854,6.6405115
2025-01-20 02:00:00+00:00,41.347687,5.994297
2025-01-20 03:00:00+00:00,64.2901,5.3939967
2025-01-20 04:00:00+00:00,54.688713,5.293959
2025-01-20 05:00:00+00:00,63.435013,4.829907
2025-01-20 06:00:00+00:00,54.46224,3.096837
2025-01-20 07:00:00+00:00,3.5762644,2.8856194
2025-01-20 08:00:00+00:00,352.87506,2.9024127
2025-01-20 09:00:00+00:00,340.3461,2.6758924
2025-01-20 10:00:00+00:00,323.74606,3.3481934
2025-01-20 11:00:00+00:00,331.1893,4.1085763
2025-01-20 12:00:00+00:00,340.20102,4.7827187
2025-01-20 13:00:00+00:00,334.02567,7.8087645
2025-01-20 14:00:00+00:00,339.56708,9.796366
2025-01-20 15:00:00+00:00,355.60138,9.3876505
2025-01-20 16:00:00+00:00,355.60138,9.3876505
2025-01-20 17:00:00+00:00,7.8152027,9.266067
2025-01-20 18:00:00+00:00,15.780828,8.604301
2025-01-20 19:00:00+00:00,26.003298,8.211235
2025-01-20 20:00:00+00:00,29.577742,7.6579366
2025-01-20 21:00:00+00:00,34.07725,7.388775
2025-01-20 22:00:00+00:00,39.09386,7.42159
2025-01-20 23:00:00+00:00,57.652576,6.391901
2025-01-21 00:00:00+00:00,65.695465,6.1226463
2025-01-21 01:00:00+00:00,76.37299,6.1120534
2025-01-21 02:00:00+00:00,85.76369,4.8733153
2025-01-21 03:00:00+00:00,86.423744,5.771239
2025-01-21 04:00:00+00:00,53.972538,2.4482648
2025-01-21 05:00:00+00:00,52.124958,2.0523157
2025-01-21 06:00:00+00:00,29.357658,3.3043609
2025-01-21 07:00:00+00:00,17.102825,4.896529
2025-01-21 08:00:00+00:00,8.130019,5.0911684
2025-01-21 09:00:00+00:00,2.0453732,5.0432134
2025-01-21 10:00:00+00:00,360.0,5.2200003
2025-01-21 11:00:00+00:00,356.0549,5.232399
2025-01-21 12:00:00+00:00,352.6477,5.6262593
2025-01-21 13:00:00+00:00,357.70944,9.007196
2025-01-21 14:00:00+00:00,17.418066,9.621163
2025-01-21 15:00:00+00:00,23.051332,9.194106
2025-01-21 16:00:00+00:00,28.810698,8.217153
2025-01-21 17:00:00+00:00,25.463305,8.373386
2025-01-21 18:00:00+00:00,32.005356,8.490582
2025-01-21 19:00:00+00:00,48.91835,9.313152
2025-01-21 20:00:00+00:00,51.51978,8.967541
2025-01-21 21:00:00+00:00,55.980614,8.6867485
2025-01-21 22:00:00+00:00,68.19854,8.723967
2025-01-21 23:00:00+00:00,65.77226,7.8954163
2025-01-22 00:00:00+00:00,74.623695,7.4672885
2025-01-22 01:00:00+00:00,86.00917,7.7588143
2025-01-22 02:00:00+00:00,83.829926,6.698806
2025-01-22 03:00:00+00:00,71.564964,6.830519
2025-01-22 04:00:00+00:00,32.275623,4.0449967
2025-01-22 05:00:00+00:00,19.093594,4.952453
2025-01-22 06:00:00+00:00,32.347424,6.391901
2025-01-22 07:00:00+00:00,46.080845,6.7469993
2025-01-22 08:00:00+00:00,49.574005,6.384293
2025-01-22 09:00:00+00:00,29.981556,5.402999
2025-01-22 10:00:00+00:00,9.16228,5.6521144
2025-01-22 11:00:00+00:00,350.21765,5.297018
2025-01-22 12:00:00+00:00,332.176,7.327127
2025-01-22 13:00:00+00:00,336.42526,10.8015
2025-01-22 14:00:00+00:00,347.77487,11.050591
2025-01-22 15:00:00+00:00,347.4712,9.9571085
2025-01-22 16:00:00+00:00,350.38034,10.7714615
2025-01-22 17:00:00+00:00,2.3372545,8.827344
2025-01-22 18:00:00+00:00,355.33322,8.849339
2025-01-22 19:00:00+00:00,336.6444,8.626865
2025-01-22 20:00:00+00:00,333.43503,7.6473517
2025-01-22 21:00:00+00:00,333.43503,8.452336
2025-01-22 22:00:00+00:00,334.53668,8.373386
2025-01-22 23:00:00+00:00,341.1752,8.36758
2025-01-23 00:00:00+00:00,352.0566,7.814986
2025-01-23 01:00:00+00:00,20.136398,5.7515564
2025-01-23 02:00:00+00:00,31.75944,4.4456716
2025-01-23 03:00:00+00:00,19.653913,5.3517847
2025-01-23 04:00:00+00:00,338.19852,2.907989
2025-01-23 05:00:00+00:00,351.02744,3.462369
2025-01-23 06:00:00+00:00,2.2025495,4.6834598
2025-01-23 07:00:00+00:00,3.691312,5.5916004
2025-01-23 08:00:00+00:00,360.0,6.12
2025-01-23 09:00:00+00:00,349.82455,7.1321807
2025-01-23 10:00:00+00:00,341.56494,8.538149
2025-01-23 11:00:00+00:00,334.9164,9.340941
2025-01-23 12:00:00+00:00,330.1012,8.305396
2025-01-23 13:00:00+00:00,332.30063,8.131936
2025-01-23 14:00:00+00:00,342.8972,7.3447943
2025-01-23 15:00:00+00:00,335.05612,8.536252
2025-01-23 16:00:00+00:00,349.69522,8.049845
2025-01-23 17:00:00+00:00,356.82022,6.489992
2025-01-23 18:00:00+00:00,13.671325,6.8541956
2025-01-23 19:00:00+00:00,23.805958,6.689125
2025-01-23 20:00:00+00:00,27.40749,5.4744864
2025-01-23 21:00:00+00:00,22.833694,3.710795
2025-01-23 22:00:00+00:00,15.945477,1.3104197
2025-01-23 23:00:00+00:00,224.9999,0.25455844
2025-01-24 00:00:00+00:00,224.9999,0.5091169
2025-01-24 01:00:00+00:00,288.43503,1.7076298
2025-01-24 02:00:00+00:00,307.87503,2.0523157
2025-01-24 03:00:00+00:00,265.23645,2.1674871
2025-01-24 04:00:00+00:00,241.69934,2.657668
2025-01-24 05:00:00+00:00,298.61035,2.2553935
2025-01-24 06:00:00+00:00,319.7637,3.0652893
2025-01-24 07:00:00+00:00,340.0168,6.320538
2025-01-24 08:00:00+00:00,347.19574,8.12197
2025-01-24 09:00:00+00:00,345.67725,8.731391
2025-01-24 10:00:00+00:00,348.887,10.272623
2025-01-24 11:00:00+00:00,348.887,10.272623
2025-01-24 12:00:00+00:00,354.14407,7.0568266
2025-01-24 13:00:00+00:00,15.018415,7.6409945
2025-01-24 14:00:00+00:00,21.571367,8.322932
2025-01-24 15:00:00+00:00,18.03438,8.139901
2025-01-24 16:00:00+00:00,20.37652,6.7205353
2025-01-24 17:00:00+00:00,23.428713,5.8852015
2025-01-24 18:00:00+00:00,20.136398,5.7515564
2025-01-24 19:00:00+00:00,360.0,3.7799997
2025-01-24 20:00:00+00:00,305.53775,1.5484185
2025-01-24 21:00:00+00:00,236.3099,1.2979984
2025-01-24 22:00:00+00:00,229.39879,1.659518
2025-01-24 23:00:00+00:00,237.52882,2.3469129
2025-01-25 00:00:00+00:00,243.43501,2.4149535
2025-01-25 01:00:00+00:00,253.30067,1.8792552
2025-01-25 02:00:00+00:00,224.9999,2.5455842
2025-01-25 03:00:00+00:00,210.0685,3.9518096
2025-01-25 04:00:00+00:00,235.17543,5.0432134
2025-01-25 05:00:00+00:00,258.11136,3.4949677
2025-01-25 06:00:00+00:00,274.39862,4.6938252
2025-01-25 07:00:00+00:00,289.0257,5.5216303
2025-01-25 08:00:00+00:00,296.56497,5.2323985
2025-01-25 09:00:00+00:00,299.4758,4.755544
2025-01-25 10:00:00+00:00,306.02747,4.8965297
2025-01-25 11:00:00+00:00,311.18582,3.8268526
2025-01-25 12:00:00+00:00,318.81415,3.8268526
2025-01-25 13:00:00+00:00,335.09525,5.5567255
2025-01-25 14:00:00+00:00,325.17545,5.0432134
2025-01-25 15:00:00+00:00,311.42358,4.080882
2025-01-25 16:00:00+00:00,316.5481,4.7110505
2025-01-25 17:00:00+00:00,310.91428,3.572898
2025-01-25 18:00:00+00:00,265.91446,2.5264204
2025-01-25 19:00:00+00:00,212.73521,2.995797
2025-01-25 20:00:00+00:00,205.01686,2.97953
2025-01-25 21:00:00+00:00,197.35411,3.01735
2025-01-25 22:00:00+00:00,195.25517,2.0523157
2025-01-25 23:00:00+00:00,191.30989,1.835647
2025-01-26 00:00:00+00:00,184.39862,2.3469126
2025-01-26 01:00:00+00:00,180.0,2.6999998
2025-01-26 02:00:00+00:00,180.0,1.6199999
2025-01-26 03:00:00+00:00,173.6599,1.6299692
2025-01-26 04:00:00+00:00,180.0,3.7799997
2025-01-26 05:00:00+00:00,180.0,2.8799999
2025-01-26 06:00:00+00:00,180.0,1.98
2025-01-26 07:00:00+00:00,146.3099,0.6489992
2025-01-26 08:00:00+00:00,11.3098955,0.9178235
2025-01-26 09:00:00+00:00,26.564985,1.609969
2025-01-26 10:00:00+00:00,29.054508,1.8532133
2025-01-26 11:00:00+00:00,26.564985,1.2074767
2025-01-26 12:00:00+00:00,26.564985,0.8049845
2025-01-26 13:00:00+00:00,7.12493,1.4512063
2025-01-26 14:00:00+00:00,344.47583,3.362677
2025-01-26 15:00:00+00:00,10.784258,3.84796
2025-01-26 16:00:00+00:00,15.945477,3.9312592
2025-01-26 17:00:00+00:00,11.3098955,2.7534704
2025-01-26 18:00:00+00:00,113.19862,1.3708391
2025-01-26 19:00:00+00:00,143.97253,2.4482648
2025-01-26 20:00:00+00:00,158.96242,2.5071096
2025-01-26 21:00:00+00:00,165.96373,4.452954
2025-01-26 22:00:00+00:00,176.6336,3.0652895
2025-01-26 23:00:00+00:00,158.74942,3.4763772
2025-01-27 00:00:00+00:00,153.43501,4.829907
2025-01-27 01:00:00+00:00,156.80139,6.8541956
2025-01-27 02:00:00+00:00,160.55988,6.489992
2025-01-27 03:00:00+00:00,159.62349,6.7205353
2025-01-27 04:00:00+00:00,157.52052,5.6492476
2025-01-27 05:00:00+00:00,150.64235,3.3043609
2025-01-27 06:00:00+00:00,146.3099,2.5959969
2025-01-27 07:00:00+00:00,135.0001,1.781909
2025-01-27 08:00:00+00:00,26.564985,1.2074767
2025-01-27 09:00:00+00:00,17.102825,2.4482646
2025-01-27 10:00:00+00:00,16.699326,3.7585104
2025-01-27 11:00:00+00:00,17.354122,3.01735
2025-01-27 12:00:00+00:00,5.7105074,1.8089776
2025-01-27 13:00:00+00:00,317.72638,2.6758924
2025-01-27 14:00:00+00:00,17.744766,4.724786
2025-01-27 15:00:00+00:00,51.072456,6.015878
2025-01-27 16:00:00+00:00,64.23073,5.7964473
2025-01-27 17:00:00+00:00,88.025116,5.223103
2025-01-27 18:00:00+00:00,107.10281,4.896529
2025-01-27 19:00:00+00:00,122.471176,4.6938257
2025-01-27 20:00:00+00:00,142.69597,4.752136
2025-01-27 21:00:00+00:00,153.43501,4.0249224
2025-01-27 22:00:00+00:00,151.1893,4.1085763
2025-01-27 23:00:00+00:00,148.39255,5.495161
2025-01-28 00:00:00+00:00,147.99466,6.792466
2025-01-28 01:00:00+00:00,145.49142,6.989936
2025-01-28 02:00:00+00:00,144.63745,6.8423676
2025-01-28 03:00:00+00:00,143.67308,7.596341
2025-01-28 04:00:00+00:00,139.18501,5.2323985
2025-01-28 05:00:00+00:00,133.1524,3.9477081
2025-01-28 06:00:00+00:00,132.70937,3.1845248
2025-01-28 07:00:00+00:00,137.12111,3.4388947
2025-01-28 08:00:00+00:00,163.61038,3.189608
2025-01-28 09:00:00+00:00,174.2895,1.8089776
2025-01-28 10:00:00+00:00,135.0001,1.2727921
2025-01-28 11:00:00+00:00,77.4712,1.659518
2025-01-28 12:00:00+00:00,32.005356,3.396233
2025-01-28 13:00:00+00:00,43.26433,4.2021427
2025-01-28 14:00:00+00:00,90.0,3.6
2025-01-28 15:00:00+00:00,142.12495,4.1046314
2025-01-28 16:00:00+00:00,154.2901,5.3939967
2025-01-28 17:00:00+00:00,163.73972,9.0
2025-01-28 18:00:00+00:00,166.21838,9.82279
2025-01-28 19:00:00+00:00,155.48038,11.276967
2025-01-28 20:00:00+00:00,163.92636,11.052058
2025-01-28 21:00:00+00:00,165.55592,12.267762
2025-01-28 22:00:00+00:00,168.51804,11.755254
2025-01-28 23:00:00+00:00,171.60716,11.098865
2025-01-29 00:00:00+00:00,173.8846,10.1376915
2025-01-29 01:00:00+00:00,168.4862,9.919618
2025-01-29 02:00:00+00:00,167.1523,10.5234585
2025-01-29 03:00:00+00:00,165.4655,10.041354
2025-01-29 04:00:00+00:00,159.71736,8.827344
2025-01-29 05:00:00+00:00,166.42955,5.3699164
2025-01-29 06:00:00+00:00,180.0,6.66
2025-01-29 07:00:00+00:00,194.4208,6.5049515
2025-01-29 08:00:00+00:00,213.6901,5.8409934
2025-01-29 09:00:00+00:00,230.82635,6.269067
2025-01-29 10:00:00+00:00,242.10283,6.9247384
2025-01-29 11:00:00+00:00,254.74483,6.1569467
2025-01-29 12:00:00+00:00,270.0,5.04
2025-01-29 13:00:00+00:00,272.72626,7.5685663
2025-01-29 14:00:00+00:00,279.16226,5.6521144
2025-01-29 15:00:00+00:00,275.90604,5.2478566
2025-01-29 16:00:00+00:00,287.928,6.4323244
2025-01-29 17:00:00+00:00,316.33215,5.4744864
2025-01-29 18:00:00+00:00,325.4914,3.494968
2025-01-29 19:00:00+00:00,344.7448,4.1046314
2025-01-29 20:00:00+00:00,2.8623457,3.604497
2025-01-29 21:00:00+00:00,284.03625,0.742159
2025-01-29 22:00:00+00:00,233.13002,1.8
2025-01-29 23:00:00+00:00,244.7223,7.16617
2025-01-30 00:00:00+00:00,255.06853,8.383054
2025-01-30 01:00:00+00:00,282.63336,10.699028
2025-01-30 02:00:00+00:00,286.6993,9.3962755
2025-01-30 03:00:00+00:00,276.95285,7.4346757
2025-01-30 04:00:00+00:00,274.76355,4.3349743
2025-01-30 05:00:00+00:00,288.43503,3.9844694
2025-01-30 06:00:00+00:00,297.64587,4.2671766
2025-01-30 07:00:00+00:00,303.6901,5.1919937
2025-01-30 08:00:00+00:00,302.3474,6.391901
2025-01-30 09:00:00+00:00,300.7354,7.748368
2025-01-30 10:00:00+00:00,298.70584,8.6193495
2025-01-30 11:00:00+00:00,299.29126,8.461914
2025-01-30 12:00:00+00:00,301.8274,6.1437774
2025-01-30 13:00:00+00:00,309.8055,5.6233797
2025-01-30 14:00:00+00:00,301.8274,6.1437774
2025-01-30 15:00:00+00:00,307.47626,6.804381
2025-01-30 16:00:00+00:00,318.46832,8.415842
2025-01-30 17:00:00+00:00,322.85324,7.4520864
2025-01-30 18:00:00+00:00,321.63248,5.509882
2025-01-30 19:00:00+00:00,320.44037,5.369916
2025-01-30 20:00:00+00:00,326.88864,4.942631
2025-01-30 21:00:00+00:00,327.99466,5.09435
2025-01-30 22:00:00+00:00,325.6196,4.143911
2025-01-30 23:00:00+00:00,318.36655,2.1674871
2025-01-31 00:00:00+00:00,270.0,1.4399999
2025-01-31 01:00:00+00:00,186.3401,1.6299692
2025-01-31 02:00:00+00:00,180.0,3.2399998
2025-01-31 03:00:00+00:00,188.74608,2.36753
2025-01-31 04:00:00+00:00,231.34016,1.1525624
2025-01-31 05:00:00+00:00,270.0,0.9
2025-01-31 06:00:00+00:00,293.1986,1.3708391
2025-01-31 07:00:00+00:00,311.18582,1.9134263
2025-01-31 08:00:00+00:00,262.8751,2.9024127
2025-01-31 09:00:00+00:00,253.0724,4.327493
2025-01-31 10:00:00+00:00,261.87,5.0911684
2025-01-31 11:00:00+00:00,275.04236,6.1437774
2025-01-31 12:00:00+00:00,294.90472,5.5567255
2025-01-31 13:00:00+00:00,323.88055,8.244708
2025-01-31 14:00:00+00:00,334.9164,9.340941
2025-01-31 15:00:00+00:00,327.99466,8.490582
2025-01-31 16:00:00+00:00,328.13406,7.841887
2025-01-31 17:00:00+00:00,356.34784,8.477216
2025-01-31 18:00:00+00:00,25.640957,9.983106
2025-01-31 19:00:00+00:00,55.09743,9.437563
2025-01-31 20:00:00+00:00,71.916466,9.278297
2025-01-31 21:00:00+00:00,69.04415,9.059205
2025-01-31 22:00:00+00:00,75.96373,8.905908
2025-01-31 23:00:00+00:00,72.40749,7.7420926
2025-02-01 00:00:00+00:00,63.435013,4.4274144
2025-02-01 01:00:00+00:00,98.74608,7.102591
2025-02-01 02:00:00+00:00,103.57046,5.3699164
2025-02-01 03:00:00+00:00,107.44727,6.603817
2025-02-01 04:00:00+00:00,93.012726,3.4247334
2025-02-01 05:00:00+00:00,70.346085,2.6758924
2025-02-01 06:00:00+00:00,50.52757,3.9640884
2025-02-01 07:00:00+00:00,40.425995,6.384293
2025-02-01 08:00:00+00:00,28.610369,6.76618
2025-02-01 09:00:00+00:00,17.52567,3.5864744
2025-02-01 10:00:00+00:00,11.888645,3.4949677
2025-02-01 11:00:00+00:00,2.0453732,5.0432134
2025-02-01 12:00:00+00:00,344.3577,9.346143
2025-02-01 13:00:00+00:00,350.8699,10.209348
2025-02-01 14:00:00+00:00,4.92703,10.478722
2025-02-01 15:00:00+00:00,1.5274947,13.504799
2025-02-01 16:00:00+00:00,9.865748,12.606426
2025-02-01 17:00:00+00:00,15.611057,12.708816
2025-02-01 18:00:00+00:00,26.564985,12.074766
2025-02-01 19:00:00+00:00,35.417145,9.939196
2025-02-01 20:00:00+00:00,43.492626,9.67657
2025-02-01 21:00:00+00:00,40.364468,9.449572
2025-02-01 22:00:00+00:00,32.124966,9.139322
2025-02-01 23:00:00+00:00,33.023872,8.587338
2025-02-02 00:00:00+00:00,39.805527,8.435069
2025-02-02 01:00:00+00:00,48.01287,7.2649574
2025-02-02 02:00:00+00:00,51.581917,6.6624317
2025-02-02 03:00:00+00:00,55.922764,7.388775
2025-02-02 04:00:00+00:00,44.999897,4.3274937
2025-02-02 05:00:00+00:00,41.42357,4.080882
2025-02-02 06:00:00+00:00,37.99879,7.3094187
2025-02-02 07:00:00+00:00,25.083572,9.340941
2025-02-02 08:00:00+00:00,18.435053,7.3997297
2025-02-02 09:00:00+00:00,10.713074,6.778141
2025-02-02 10:00:00+00:00,5.7105074,7.2359104
2025-02-02 11:00:00+00:00,7.274921,8.528657
2025-02-02 12:00:00+00:00,6.0723705,8.507737
2025-02-02 13:00:00+00:00,11.725089,9.743305
2025-02-02 14:00:00+00:00,24.304548,12.245293
2025-02-02 15:00:00+00:00,28.368961,10.228373
2025-02-02 16:00:00+00:00,19.384613,10.304115
2025-02-02 17:00:00+00:00,19.334904,10.873251
2025-02-02 18:00:00+00:00,33.6901,11.032987
2025-02-02 19:00:00+00:00,45.658466,11.074023
2025-02-02 20:00:00+00:00,69.92838,9.965239
2025-02-02 21:00:00+00:00,73.73973,9.0
2025-02-02 22:00:00+00:00,61.782738,8.37532
2025-02-02 23:00:00+00:00,65.55606,8.699793
2025-02-03 00:00:00+00:00,77.34745,9.039514
2025-02-03 01:00:00+00:00,97.43131,8.350138
2025-02-03 02:00:00+00:00,100.784256,7.69592
2025-02-03 03:00:00+00:00,101.3099,8.260411
2025-02-03 04:00:00+00:00,101.3099,5.506941
2025-02-03 05:00:00+00:00,88.15243,5.5829024
2025-02-03 06:00:00+00:00,82.875084,7.256032
2025-02-03 07:00:00+00:00,83.08887,5.9834766
2025-02-03 08:00:00+00:00,78.11137,3.4949677
2025-02-03 09:00:00+00:00,57.99466,1.6981165
2025-02-03 10:00:00+00:00,18.435053,1.1384199
2025-02-03 11:00:00+00:00,331.38962,2.2553935
2025-02-03 12:00:00+00:00,324.78232,3.745557
2025-02-03 13:00:00+00:00,341.93942,8.709098
2025-02-03 14:00:00+00:00,322.3737,10.908951
2025-02-03 15:00:00+00:00,338.19852,8.723967
2025-02-03 16:00:00+00:00,11.592147,7.1661706
2025-02-03 17:00:00+00:00,346.82742,8.688613
2025-02-03 18:00:00+00:00,331.23245,10.472535
2025-02-03 19:00:00+00:00,342.47433,10.759423
2025-02-03 20:00:00+00:00,350.18076,9.499157
2025-02-03 21:00:00+00:00,357.66275,8.827344
2025-02-03 22:00:00+00:00,2.5447557,8.107996
2025-02-03 23:00:00+00:00,4.8990126,6.3231
2025-02-04 00:00:00+00:00,11.633606,6.2483597
2025-02-04 01:00:00+00:00,24.67685,7.329338
2025-02-04 02:00:00+00:00,25.016869,5.95906
2025-02-04 03:00:00+00:00,358.15244,5.5829024
2025-02-04 04:00:00+00:00,319.0857,3.572898
2025-02-04 05:00:00+00:00,316.9749,3.693291
2025-02-04 06:00:00+00:00,325.0079,6.59154
2025-02-04 07:00:00+00:00,328.5705,11.391313
2025-02-04 08:00:00+00:00,321.49933,10.120099
2025-02-04 09:00:00+00:00,311.18582,9.567131
2025-02-04 10:00:00+00:00,308.33337,9.867218
2025-02-04 11:00:00+00:00,307.30402,9.504272
2025-02-04 12:00:00+00:00,302.00534,8.490582
2025-02-04 13:00:00+00:00,289.74692,7.458606
2025-02-04 14:00:00+00:00,282.09473,5.1544156
2025-02-04 15:00:00+00:00,272.29056,4.503598
2025-02-04 16:00:00+00:00,291.80148,4.846648
2025-02-04 17:00:00+00:00,302.00534,3.396233
2025-02-04 18:00:00+00:00,306.02747,2.4482648
2025-02-04 19:00:00+00:00,308.65982,2.3051248
2025-02-04 20:00:00+00:00,284.03625,2.226477
2025-02-04 21:00:00+00:00,90.0,0.54
2025-02-04 22:00:00+00:00,84.2895,1.8089776
2025-02-04 23:00:00+00:00,119.357666,3.3043609
2025-02-05 00:00:00+00:00,170.13426,4.2021422
2025-02-05 01:00:00+00:00,183.01273,6.849467
2025-02-05 02:00:00+00:00,180.0,7.02
2025-02-05 03:00:00+00:00,185.07951,8.131936
2025-02-05 04:00:00+00:00,193.13403,5.5450516
2025-02-05 05:00:00+00:00,204.62355,4.7521367
2025-02-05 06:00:00+00:00,243.43501,5.634891
2025-02-05 07:00:00+00:00,273.17978,6.489992
2025-02-05 08:00:00+00:00,283.32455,7.029225
2025-02-05 09:00:00+00:00,287.96924,7.0015144
2025-02-05 10:00:00+00:00,289.35907,7.0591216
2025-02-05 11:00:00+00:00,289.85532,6.889557
2025-02-05 12:00:00+00:00,289.44012,6.489992
2025-02-05 13:00:00+00:00,289.9832,6.320538
2025-02-05 14:00:00+00:00,315.0001,5.6002855
2025-02-05 15:00:00+00:00,355.91446,5.0528407
2025-02-05 16:00:00+00:00,36.027473,2.4482648
2025-02-05 17:00:00+00:00,161.56496,0.56920993
2025-02-05 18:00:00+00:00,246.80138,2.7416782
2025-02-05 19:00:00+00:00,274.57382,4.514377
2025-02-05 20:00:00+00:00,90.0,0.54
2025-02-05 21:00:00+00:00,113.962494,3.5455887
2025-02-05 22:00:00+00:00,49.398785,3.319036
2025-02-05 23:00:00+00:00,64.8852,6.361415
2025-02-06 00:00:00+00:00,86.906006,6.6697226
2025-02-06 01:00:00+00:00,123.02387,8.587338
2025-02-06 02:00:00+00:00,139.76372,9.1958685
2025-02-06 03:00:00+00:00,136.68465,8.65873
2025-02-06 04:00:00+00:00,141.95291,5.257109
2025-02-06 05:00:00+00:00,135.0001,3.0547013
2025-02-06 06:00:00+00:00,108.43504,4.5536795
2025-02-06 07:00:00+00:00,58.736336,5.896202
2025-02-06 08:00:00+00:00,41.760216,6.7565966
2025-02-06 09:00:00+00:00,33.27491,6.889557
2025-02-06 10:00:00+00:00,24.304548,6.1226463
2025-02-06 11:00:00+00:00,20.556128,6.151683
2025-02-06 12:00:00+00:00,21.161337,5.9834766
2025-02-06 13:00:00+00:00,33.231728,6.2405767
2025-02-06 14:00:00+00:00,38.65983,10.373061
2025-02-06 15:00:00+00:00,50.774345,11.385622
2025-02-06 16:00:00+00:00,38.990997,9.726664
2025-02-06 17:00:00+00:00,21.974566,11.063778
2025-02-06 18:00:00+00:00,40.9143,10.718693
2025-02-06 19:00:00+00:00,48.53239,10.32924
2025-02-06 20:00:00+00:00,56.003494,9.335737
2025-02-06 21:00:00+00:00,76.60749,7.771331
2025-02-06 22:00:00+00:00,94.08554,7.579261
2025-02-06 23:00:00+00:00,101.0409,7.519175
2025-02-07 00:00:00+00:00,103.32455,7.029225
2025-02-07 01:00:00+00:00,106.699326,7.5170207
2025-02-07 02:00:00+00:00,111.03758,7.5213294
2025-02-07 03:00:00+00:00,132.0891,7.519175
2025-02-07 04:00:00+00:00,170.13426,4.2021422
2025-02-07 05:00:00+00:00,151.92761,3.06
2025-02-07 06:00:00+00:00,81.25392,2.36753
2025-02-07 07:00:00+00:00,15.524177,3.362677
2025-02-07 08:00:00+00:00,349.21573,3.84796
2025-02-07 09:00:00+00:00,349.04596,5.6835546
2025-02-07 10:00:00+00:00,352.0566,7.814986
2025-02-07 11:00:00+00:00,354.4279,7.415038
2025-02-07 12:00:00+00:00,4.085537,5.0528407
2025-02-07 13:00:00+00:00,351.4693,3.6402748
2025-02-07 14:00:00+00:00,350.13425,4.2021422
2025-02-07 15:00:00+00:00,12.804273,8.12197
2025-02-07 16:00:00+00:00,36.656208,9.648067
2025-02-07 17:00:00+00:00,60.802605,7.0107627
2025-02-07 18:00:00+00:00,95.04236,6.1437774
2025-02-07 19:00:00+00:00,110.854546,4.0449963
2025-02-07 20:00:00+00:00,143.74608,3.3481934
2025-02-07 21:00:00+00:00,149.03632,3.148714
2025-02-07 22:00:00+00:00,147.09476,3.6447225
2025-02-07 23:00:00+00:00,144.46223,3.096837
2025-02-08 00:00:00+00:00,148.24057,4.4456716
2025-02-08 01:00:00+00:00,135.0001,5.854844
2025-02-08 02:00:00+00:00,137.81563,7.7734165
2025-02-08 03:00:00+00:00,137.64261,8.281956
2025-02-08 04:00:00+00:00,136.46873,4.965521
2025-02-08 05:00:00+00:00,131.42357,4.080882
2025-02-08 06:00:00+00:00,106.9276,4.327493
2025-02-08 07:00:00+00:00,70.70986,3.8141315
2025-02-08 08:00:00+00:00,64.79892,3.381893
2025-02-08 09:00:00+00:00,68.19853,2.907989
2025-02-08 10:00:00+00:00,74.054535,2.6208394
2025-02-08 11:00:00+00:00,86.186005,2.7059932
2025-02-08 12:00:00+00:00,74.054535,2.6208394
2025-02-08 13:00:00+00:00,32.73523,2.995797
2025-02-08 14:00:00+00:00,7.695961,6.7205353
2025-02-08 15:00:00+00:00,2.385899,8.647496
2025-02-08 16:00:00+00:00,20.224945,7.289444
2025-02-08 17:00:00+00:00,57.84773,7.44121
2025-02-08 18:00:00+00:00,78.46541,9.0018
2025-02-08 19:00:00+00:00,63.886147,10.223619
2025-02-08 20:00:00+00:00,70.09616,11.103243
2025-02-08 21:00:00+00:00,78.6901,10.096059
2025-02-08 22:00:00+00:00,81.86999,7.6367526
2025-02-08 23:00:00+00:00,92.66295,7.748368
2025-02-09 00:00:00+00:00,113.35559,8.626865
2025-02-09 01:00:00+00:00,117.979385,6.5223618
2025-02-09 02:00:00+00:00,119.53869,6.2067385
2025-02-09 03:00:00+00:00,115.20109,6.763786
2025-02-09 04:00:00+00:00,108.43504,5.12289
2025-02-09 05:00:00+00:00,118.072395,3.06
2025-02-09 06:00:00+00:00,116.56499,2.4149535
2025-02-09 07:00:00+00:00,96.340096,1.6299692
2025-02-09 08:00:00+00:00,57.99466,1.6981165
2025-02-09 09:00:00+00:00,44.999897,2.5455842
2025-02-09 10:00:00+00:00,49.398785,3.319036
2025-02-09 11:00:00+00:00,53.61555,4.2481523
2025-02-09 12:00:00+00:00,46.636536,4.4565907
2025-02-09 13:00:00+00:00,33.023872,4.293669
2025-02-09 14:00:00+00:00,354.80566,5.9644947
2025-02-09 15:00:00+00:00,347.27563,5.720489
2025-02-09 16:00:00+00:00,21.801476,4.846648
2025-02-09 17:00:00+00:00,80.909805,4.5572357
2025-02-09 18:00:00+00:00,38.65983,3.4576871
2025-02-09 19:00:00+00:00,13.5704565,5.3699164
2025-02-09 20:00:00+00:00,43.958473,7.001514
2025-02-09 21:00:00+00:00,73.009094,6.77575
2025-02-09 22:00:00+00:00,93.270424,6.310277
2025-02-09 23:00:00+00:00,104.03627,6.6794305
2025-02-10 00:00:00+00:00,129.80553,5.6233797
2025-02-10 01:00:00+00:00,145.49142,6.989936
2025-02-10 02:00:00+00:00,159.77505,7.289444
2025-02-10 03:00:00+00:00,165.2564,7.072878
2025-02-10 04:00:00+00:00,162.47433,3.5864744
2025-02-10 05:00:00+00:00,137.4896,2.9301877
2025-02-10 06:00:00+00:00,191.30989,3.671294
2025-02-10 07:00:00+00:00,207.64589,4.2671766
2025-02-10 08:00:00+00:00,231.7098,4.3573384
2025-02-10 09:00:00+00:00,258.3664,6.2483597
2025-02-10 10:00:00+00:00,260.75397,7.841888
2025-02-10 11:00:00+00:00,262.18478,9.266067
2025-02-10 12:00:00+00:00,266.09958,7.9383874
2025-02-10 13:00:00+00:00,344.93146,4.8466477
2025-02-10 14:00:00+00:00,3.179772,3.244996
2025-02-10 15:00:00+00:00,44.999897,1.0182338
2025-02-10 16:00:00+00:00,180.0,0.17999999
2025-02-10 17:00:00+00:00,174.80566,1.9881649
2025-02-10 18:00:00+00:00,170.27249,6.391901
2025-02-10 19:00:00+00:00,158.19853,3.8773184
2025-02-10 20:00:00+00:00,163.49556,5.068846
2025-02-10 21:00:00+00:00,157.75093,4.278551
2025-02-10 22:00:00+00:00,162.07199,6.4323244
2025-02-10 23:00:00+00:00,172.14677,5.2694216
2025-02-11 00:00:00+00:00,164.3577,4.6730714
2025-02-11 01:00:00+00:00,188.58354,9.6480665
2025-02-11 02:00:00+00:00,194.30031,9.473541
2025-02-11 03:00:00+00:00,194.62091,8.557102
2025-02-11 04:00:00+00:00,198.43504,5.12289
2025-02-11 05:00:00+00:00,219.09384,3.710795
2025-02-11 06:00:00+00:00,245.77226,3.9477081
2025-02-11 07:00:00+00:00,267.3975,3.964089
2025-02-11 08:00:00+00:00,283.39252,3.8856654
2025-02-11 09:00:00+00:00,298.8107,4.1085763
2025-02-11 10:00:00+00:00,301.26367,5.896202
2025-02-11 11:00:00+00:00,301.1849,7.995323
2025-02-11 12:00:00+00:00,308.65982,8.067936
2025-02-11 13:00:00+00:00,300.96368,9.446141
2025-02-11 14:00:00+00:00,293.1986,9.595874
2025-02-11 15:00:00+00:00,307.23492,11.304229
2025-02-11 16:00:00+00:00,334.2901,10.787993
2025-02-11 17:00:00+00:00,344.3204,10.656547
2025-02-11 18:00:00+00:00,348.11136,10.484902
2025-02-11 19:00:00+00:00,360.0,9.36
2025-02-11 20:00:00+00:00,7.4313188,8.350138
2025-02-11 21:00:00+00:00,22.520613,7.989242
2025-02-11 22:00:00+00:00,37.64769,7.9567327
2025-02-11 23:00:00+00:00,55.0079,6.59154
2025-02-12 00:00:00+00:00,63.435013,4.4274144
2025-02-12 01:00:00+00:00,76.75947,3.143565
2025-02-12 02:00:00+00:00,112.61991,2.3400002
2025-02-12 03:00:00+00:00,143.74608,3.3481934
2025-02-12 04:00:00+00:00,159.44388,1.5379207
2025-02-12 05:00:00+00:00,113.19862,1.3708391
2025-02-12 06:00:00+00:00,44.999897,2.5455842
2025-02-12 07:00:00+00:00,14.036275,3.710795
2025-02-12 08:00:00+00:00,337.8336,5.2478566
2025-02-12 09:00:00+00:00,317.0454,7.1321807
2025-02-12 10:00:00+00:00,314.16977,8.783189
2025-02-12 11:00:00+00:00,318.36655,8.669949
2025-02-12 12:00:00+00:00,308.8845,7.1684303
2025-02-12 13:00:00+00:00,305.31128,5.293959
2025-02-12 14:00:00+00:00,319.18503,5.2323985
2025-02-12 15:00:00+00:00,332.87878,8.29173
2025-02-12 16:00:00+00:00,356.12155,10.644379
2025-02-12 17:00:00+00:00,29.427368,8.0599
2025-02-12 18:00:00+00:00,42.614033,6.114703
2025-02-12 19:00:00+00:00,60.524208,4.755544
2025-02-12 20:00:00+00:00,84.805664,3.9763298
2025-02-12 21:00:00+00:00,105.25517,4.1046314
2025-02-12 22:00:00+00:00,119.357666,3.3043609
2025-02-12 23:00:00+00:00,75.25639,3.536439
2025-02-13 00:00:00+00:00,65.37646,4.7521367
2025-02-13 01:00:00+00:00,78.231735,8.825508
2025-02-13 02:00:00+00:00,97.43131,8.350138
2025-02-13 03:00:00+00:00,132.95459,7.1321807
2025-02-13 04:00:00+00:00,165.06853,5.5887027
2025-02-13 05:00:00+00:00,164.3577,4.6730714
2025-02-13 06:00:00+00:00,164.47583,3.362677
2025-02-13 07:00:00+00:00,174.2895,1.8089776
2025-02-13 08:00:00+00:00,293.1986,1.3708391
2025-02-13 09:00:00+00:00,281.3099,1.835647
2025-02-13 10:00:00+00:00,286.38962,3.189608
2025-02-13 11:00:00+00:00,287.1028,4.896529
2025-02-13 12:00:00+00:00,288.43503,4.5536795
2025-02-13 13:00:00+00:00,17.650223,4.1556225
2025-02-13 14:00:00+00:00,51.34017,4.6102495
2025-02-13 15:00:00+00:00,107.650215,4.1556225
2025-02-13 16:00:00+00:00,145.30478,2.8460495
2025-02-13 17:00:00+00:00,142.43134,2.9522195
2025-02-13 18:00:00+00:00,154.7989,3.381893
2025-02-13 19:00:00+00:00,154.2901,5.3939967
2025-02-13 20:00:00+00:00,144.29323,7.0934615
2025-02-13 21:00:00+00:00,156.19405,6.689125
2025-02-13 22:00:00+00:00,150.2552,5.8048253
2025-02-13 23:00:00+00:00,143.13002,6.299999
2025-02-14 00:00:00+00:00,162.3498,8.311245
2025-02-14 01:00:00+00:00,162.97939,9.224011
2025-02-14 02:00:00+00:00,159.92839,9.965239
2025-02-14 03:00:00+00:00,162.97939,9.224011
2025-02-14 04:00:00+00:00,161.07526,6.66
2025-02-14 05:00:00+00:00,177.27374,3.7842832
2025-02-14 06:00:00+00:00,209.7448,4.3536186
2025-02-14 07:00:00+00:00,247.8905,6.21717
2025-02-14 08:00:00+00:00,262.8751,7.256032
2025-02-14 09:00:00+00:00,266.186,8.11798
2025-02-14 10:00:00+00:00,274.66678,8.849339
2025-02-14 11:00:00+00:00,282.65256,9.039514
2025-02-14 12:00:00+00:00,290.72565,7.120815
2025-02-14 13:00:00+00:00,313.4519,4.7110505
2025-02-14 14:00:00+00:00,351.87,2.5455842
2025-02-14 15:00:00+00:00,44.999897,1.5273507
2025-02-14 16:00:00+00:00,63.435013,1.2074767
2025-02-14 17:00:00+00:00,67.24899,6.050785
2025-02-14 18:00:00+00:00,91.97489,10.446206
2025-02-14 19:00:00+00:00,111.03758,7.5213294
2025-02-14 20:00:00+00:00,102.80426,8.12197
2025-02-14 21:00:00+00:00,120.699646,6.698806
2025-02-14 22:00:00+00:00,151.38963,6.76618
2025-02-14 23:00:00+00:00,151.8215,5.7176566
2025-02-15 00:00:00+00:00,185.19434,7.9526596
2025-02-15 01:00:00+00:00,182.77016,11.173057
2025-02-15 02:00:00+00:00,203.86018,10.234705
2025-02-15 03:00:00+00:00,238.32457,9.9408245
2025-02-15 04:00:00+00:00,252.80138,7.9138603
2025-02-15 05:00:00+00:00,275.0795,8.131936
2025-02-15 06:00:00+00:00,289.29013,7.628263
2025-02-15 07:00:00+00:00,310.46216,8.043805
2025-02-15 08:00:00+00:00,322.88306,8.3520775
2025-02-15 09:00:00+00:00,326.0035,9.335737
2025-02-15 10:00:00+00:00,323.53067,10.296251
2025-02-15 11:00:00+00:00,320.7106,10.233123
2025-02-15 12:00:00+00:00,324.46225,9.290511
2025-02-15 13:00:00+00:00,312.18436,7.7734165
2025-02-15 14:00:00+00:00,303.38855,9.485504
2025-02-15 15:00:00+00:00,309.8055,12.652604
2025-02-15 16:00:00+00:00,338.83865,11.966953
2025-02-15 17:00:00+00:00,353.23392,10.694485
2025-02-15 18:00:00+00:00,35.134277,11.885453
2025-02-15 19:00:00+00:00,49.60018,11.1090765
2025-02-15 20:00:00+00:00,55.43741,9.835975
2025-02-15 21:00:00+00:00,65.8209,9.668195
2025-02-15 22:00:00+00:00,75.2032,9.867218
2025-02-15 23:00:00+00:00,87.5105,8.287822
2025-02-16 00:00:00+00:00,97.495766,6.898956
2025-02-16 01:00:00+00:00,103.32455,7.029225
2025-02-16 02:00:00+00:00,115.94224,7.406295
2025-02-16 03:00:00+00:00,129.80553,7.029225
2025-02-16 04:00:00+00:00,135.0001,3.563818
2025-02-16 05:00:00+00:00,124.992096,2.19718
2025-02-16 06:00:00+00:00,106.699326,1.8792552
2025-02-16 07:00:00+00:00,105.945465,2.6208394
2025-02-16 08:00:00+00:00,90.0,1.4399999
2025-02-16 09:00:00+00:00,336.8014,1.3708391
2025-02-16 10:00:00+00:00,337.3801,2.3400002
2025-02-16 11:00:00+00:00,346.42953,5.3699164
2025-02-16 12:00:00+00:00,347.4712,8.297589
2025-02-16 13:00:00+00:00,329.82657,8.953078
2025-02-16 14:00:00+00:00,352.0305,9.087772
2025-02-16 15:00:00+00:00,357.58054,12.791403
2025-02-16 16:00:00+00:00,13.55379,20.73753
2025-02-16 17:00:00+00:00,36.076107,15.589497
2025-02-16 18:00:00+00:00,50.355858,16.363178
2025-02-16 19:00:00+00:00,50.102226,14.31198
2025-02-16 20:00:00+00:00,68.916176,16.011908
2025-02-16 21:00:00+00:00,86.85511,16.404707
2025-02-16 22:00:00+00:00,103.64294,19.078302
2025-02-16 23:00:00+00:00,99.33492,13.31635
2025-02-17 00:00:00+00:00,69.44388,9.227524
2025-02-17 01:00:00+00:00,109.76726,12.241323
2025-02-17 02:00:00+00:00,96.340096,9.779817
2025-02-17 03:00:00+00:00,123.45334,12.081473
2025-02-17 04:00:00+00:00,132.92996,10.571074
2025-02-17 05:00:00+00:00,125.0595,12.534257
2025-02-17 06:00:00+00:00,107.00803,15.999762
2025-02-17 07:00:00+00:00,100.09744,13.346729
2025-02-17 08:00:00+00:00,83.77426,9.9587345
2025-02-17 09:00:00+00:00,68.40463,9.292255
2025-02-17 10:00:00+00:00,68.68202,7.9220443
2025-02-17 11:00:00+00:00,72.03077,7.0015144
2025-02-17 12:00:00+00:00,82.30404,6.7205353
2025-02-17 13:00:00+00:00,57.804302,5.7431
2025-02-17 14:00:00+00:00,25.346138,11.35285
2025-02-17 15:00:00+00:00,37.665695,12.961249
2025-02-17 16:00:00+00:00,40.601215,13.276144
2025-02-17 17:00:00+00:00,27.23507,13.766176
2025-02-17 18:00:00+00:00,47.579197,14.14232
2025-02-17 19:00:00+00:00,50.94686,12.284918
2025-02-17 20:00:00+00:00,54.688713,10.587918
2025-02-17 21:00:00+00:00,63.946568,9.016185
2025-02-17 22:00:00+00:00,10.090994,21.573734
2025-02-17 23:00:00+00:00,57.23151,18.623693
2025-02-18 00:00:00+00:00,73.361115,16.344357
2025-02-18 01:00:00+00:00,85.4861,13.722565
2025-02-18 02:00:00+00:00,90.90936,11.341428
2025-02-18 03:00:00+00:00,90.0,8.82
2025-02-18 04:00:00+00:00,119.89881,8.305396
2025-02-18 05:00:00+00:00,117.1496,7.889259
2025-02-18 06:00:00+00:00,110.09532,7.8583965
2025-02-18 07:00:00+00:00,117.47435,5.072041
2025-02-18 08:00:00+00:00,56.309914,0.6489992
2025-02-18 09:00:00+00:00,338.74942,3.4763772
2025-02-18 10:00:00+00:00,346.42953,5.3699164
2025-02-18 11:00:00+00:00,350.53775,7.6642804
2025-02-18 12:00:00+00:00,356.6982,9.375563
2025-02-18 13:00:00+00:00,20.282646,8.827344
2025-02-18 14:00:00+00:00,44.999897,8.400428
2025-02-18 15:00:00+00:00,64.59232,7.970972
2025-02-18 16:00:00+00:00,44.999897,6.1094027
2025-02-18 17:00:00+00:00,7.907082,6.542201
2025-02-18 18:00:00+00:00,31.476793,10.34178
2025-02-18 19:00:00+00:00,55.78425,10.883676
2025-02-18 20:00:00+00:00,59.676483,11.052058
2025-02-18 21:00:00+00:00,68.19853,10.662626
2025-02-18 22:00:00+00:00,77.366646,10.699028
2025-02-18 23:00:00+00:00,86.12155,10.644379
2025-02-19 00:00:00+00:00,97.001175,10.337079
2025-02-19 01:00:00+00:00,105.64231,9.346143
2025-02-19 02:00:00+00:00,115.083565,9.340941
2025-02-19 03:00:00+00:00,123.6901,9.085988
2025-02-19 04:00:00+00:00,130.60121,6.638072
2025-02-19 05:00:00+00:00,135.0001,7.6367526
2025-02-19 06:00:00+00:00,147.6804,10.436895
2025-02-19 07:00:00+00:00,166.75948,12.57426
2025-02-19 08:00:00+00:00,188.80672,12.93247
2025-02-19 09:00:00+00:00,322.9695,12.85205
2025-02-19 10:00:00+00:00,327.99466,13.584932
2025-02-19 11:00:00+00:00,22.01134,9.12513
2025-02-19 12:00:00+00:00,24.507391,13.451914
2025-02-19 13:00:00+00:00,77.90526,12.886039
2025-02-19 14:00:00+00:00,64.61213,11.755254
2025-02-19 15:00:00+00:00,44.999897,11.709688
2025-02-19 16:00:00+00:00,77.680565,16.029097
2025-02-19 17:00:00+00:00,62.387074,13.203954
2025-02-19 18:00:00+00:00,100.12462,15.359179
2025-02-19 19:00:00+00:00,107.71589,13.605189
2025-02-19 20:00:00+00:00,107.818985,10.587917
2025-02-19 21:00:00+00:00,101.3099,8.260411
2025-02-19 22:00:00+00:00,94.28908,7.2202215
2025-02-19 23:00:00+00:00,98.97255,6.924738
2025-02-20 00:00:00+00:00,124.11452,6.7397914
2025-02-20 01:00:00+00:00,147.99466,6.792466
2025-02-20 02:00:00+00:00,165.96373,5.195113
2025-02-20 03:00:00+00:00,209.7448,4.3536186
2025-02-20 04:00:00+00:00,284.74362,3.536439
2025-02-20 05:00:00+00:00,277.59454,5.4477882
2025-02-20 06:00:00+00:00,286.88687,10.534229
2025-02-20 07:00:00+00:00,288.16605,12.124307
2025-02-20 08:00:00+00:00,284.6209,12.835653
2025-02-20 09:00:00+00:00,283.65045,12.966248
2025-02-20 10:00:00+00:00,281.00348,13.202726
2025-02-20 11:00:00+00:00,281.16483,13.943901
2025-02-20 12:00:00+00:00,290.3533,11.903159
2025-02-20 13:00:00+00:00,295.60214,9.580668
2025-02-20 14:00:00+00:00,300.80136,10.897063
2025-02-20 15:00:00+00:00,313.1524,7.8954163
2025-02-20 16:00:00+00:00,340.27765,10.134496
2025-02-20 17:00:00+00:00,12.225114,11.050591
2025-02-20 18:00:00+00:00,22.873707,12.5032
2025-02-20 19:00:00+00:00,38.07283,13.719023
2025-02-20 20:00:00+00:00,50.82635,12.538134
2025-02-20 21:00:00+00:00,51.981007,12.566526
2025-02-20 22:00:00+00:00,54.16227,11.989946
2025-02-20 23:00:00+00:00,60.376347,10.560341
2025-02-21 00:00:00+00:00,65.37646,9.504273
2025-02-21 01:00:00+00:00,62.949482,9.499158
2025-02-21 02:00:00+00:00,68.87521,8.490582
2025-02-21 03:00:00+00:00,74.054535,6.5520988
2025-02-21 04:00:00+00:00,70.8209,4.3832865
2025-02-21 05:00:00+00:00,64.35905,4.991553
2025-02-21 06:00:00+00:00,48.503635,6.248359
2025-02-21 07:00:00+00:00,34.159744,6.090812
2025-02-21 08:00:00+00:00,28.072395,6.12
2025-02-21 09:00:00+00:00,22.988754,6.452441
2025-02-21 10:00:00+00:00,23.198618,6.8541956
2025-02-21 11:00:00+00:00,19.855309,6.889557
2025-02-21 12:00:00+00:00,16.46009,8.2584505
2025-02-21 13:00:00+00:00,22.78244,9.761578
2025-02-21 14:00:00+00:00,28.610369,11.276968
2025-02-21 15:00:00+00:00,26.995766,10.706596
2025-02-21 16:00:00+00:00,23.317738,11.368535
2025-02-21 17:00:00+00:00,31.675428,9.9408245
2025-02-21 18:00:00+00:00,35.942207,8.893166
2025-02-21 19:00:00+00:00,41.37842,10.075177
2025-02-21 20:00:00+00:00,39.289394,10.233123
2025-02-21 21:00:00+00:00,50.856018,9.97986
2025-02-21 22:00:00+00:00,56.611465,9.485504
2025-02-21 23:00:00+00:00,59.03632,8.39657
2025-02-22 00:00:00+00:00,58.781662,6.945761
2025-02-22 01:00:00+00:00,59.620956,6.050785
2025-02-22 02:00:00+00:00,32.471172,2.3469129
2025-02-22 03:00:00+00:00,55.0079,2.19718
2025-02-22 04:00:00+00:00,135.0001,2.8001428
2025-02-22 05:00:00+00:00,109.98319,2.1068459
2025-02-22 06:00:00+00:00,23.198618,2.7416782
2025-02-22 07:00:00+00:00,351.87,5.0911684
2025-02-22 08:00:00+00:00,338.5522,5.414979
2025-02-22 09:00:00+00:00,326.76828,6.2405767
2025-02-22 10:00:00+00:00,316.90915,7.6409945
2025-02-22 11:00:00+00:00,312.58044,9.044888
2025-02-22 12:00:00+00:00,315.0001,8.909545
2025-02-22 13:00:00+00:00,343.44284,6.9480934
2025-02-22 14:00:00+00:00,26.564985,4.4274144
2025-02-22 15:00:00+00:00,32.275623,8.0899935
2025-02-22 16:00:00+00:00,25.676775,10.385547
2025-02-22 17:00:00+00:00,25.253126,10.548061
2025-02-22 18:00:00+00:00,33.070686,9.236298
2025-02-22 19:00:00+00:00,50.52757,7.928177
2025-02-22 20:00:00+00:00,80.53775,6.5693827
2025-02-22 21:00:00+00:00,106.38962,6.379216
2025-02-22 22:00:00+00:00,112.38018,6.6185193
2025-02-22 23:00:00+00:00,114.56716,6.9270773
2025-02-23 00:00:00+00:00,110.72565,7.120815
2025-02-23 01:00:00+00:00,114.30454,6.1226463
2025-02-23 02:00:00+00:00,129.09386,7.42159
2025-02-23 03:00:00+00:00,142.59457,7.7043357
2025-02-23 04:00:00+00:00,146.3099,4.542994
2025-02-23 05:00:00+00:00,131.18582,5.7402787
2025-02-23 06:00:00+00:00,107.35411,6.0347
2025-02-23 07:00:00+00:00,98.74608,4.73506
2025-02-23 08:00:00+00:00,95.44024,3.7971036
2025-02-23 09:00:00+00:00,90.0,3.2399998
2025-02-23 10:00:00+00:00,76.75947,3.143565
2025-02-23 11:00:00+00:00,72.47434,3.5864744
2025-02-23 12:00:00+00:00,77.00539,4.802999
2025-02-23 13:00:00+00:00,52.253136,7.056826
2025-02-23 14:00:00+00:00,29.054508,11.119281
2025-02-23 15:00:00+00:00,47.12111,10.316686
2025-02-23 16:00:00+00:00,69.67678,10.365251
2025-02-23 17:00:00+00:00,77.074,11.265469
2025-02-23 18:00:00+00:00,97.59455,10.8955765
2025-02-23 19:00:00+00:00,80.69013,11.126562
2025-02-23 20:00:00+00:00,84.89793,10.120098
2025-02-23 21:00:00+00:00,94.48453,9.208192
2025-02-23 22:00:00+00:00,107.175995,10.3621235
2025-02-23 23:00:00+00:00,110.67451,10.196647
2025-02-24 00:00:00+00:00,110.55612,9.227524
2025-02-24 01:00:00+00:00,113.962494,8.863972
2025-02-24 02:00:00+00:00,111.3707,8.891344
2025-02-24 03:00:00+00:00,116.56499,8.854829
2025-02-24 04:00:00+00:00,125.537766,6.193674
2025-02-24 05:00:00+00:00,129.55963,5.369916
2025-02-24 06:00:00+00:00,128.15727,6.4096174
2025-02-24 07:00:00+00:00,132.13753,5.0975285
2025-02-24 08:00:00+00:00,99.46225,3.2846913
2025-02-24 09:00:00+00:00,64.98315,2.97953
2025-02-24 10:00:00+00:00,49.899166,4.471107
2025-02-24 11:00:00+00:00,50.440376,5.369916
2025-02-24 12:00:00+00:00,55.885483,6.7397914
2025-02-24 13:00:00+00:00,44.999897,7.382195
2025-02-24 14:00:00+00:00,42.13753,10.195057
2025-02-24 15:00:00+00:00,63.00425,10.706596
2025-02-24 16:00:00+00:00,85.66777,11.9140415
2025-02-24 17:00:00+00:00,100.95402,11.367109
2025-02-24 18:00:00+00:00,82.64771,11.252519
2025-02-24 19:00:00+00:00,95.96439,12.125642
2025-02-24 20:00:00+00:00,96.0541,11.9466305
2025-02-24 21:00:00+00:00,99.30987,11.126562
2025-02-24 22:00:00+00:00,116.16151,11.431062
2025-02-24 23:00:00+00:00,120.65059,11.298495
2025-02-25 00:00:00+00:00,116.56499,9.257321
2025-02-25 01:00:00+00:00,136.43204,10.185519
2025-02-25 02:00:00+00:00,149.38147,10.248941
2025-02-25 03:00:00+00:00,145.09743,9.437563
2025-02-25 04:00:00+00:00,146.0035,9.335737
2025-02-25 05:00:00+00:00,159.5671,9.796366
2025-02-25 06:00:00+00:00,180.0,11.159999
2025-02-25 07:00:00+00:00,209.83545,14.110209
2025-02-25 08:00:00+00:00,228.48337,14.664202
2025-02-25 09:00:00+00:00,238.5359,14.138882
2025-02-25 10:00:00+00:00,241.79846,14.092978
2025-02-25 11:00:00+00:00,244.20403,11.995349
2025-02-25 12:00:00+00:00,247.6713,10.897063
2025-02-25 13:00:00+00:00,216.6342,8.748075
2025-02-25 14:00:00+00:00,217.56866,8.856658
2025-02-25 15:00:00+00:00,247.1663,3.710795
2025-02-25 16:00:00+00:00,257.61926,7.555712
2025-02-25 17:00:00+00:00,279.16226,5.6521144
2025-02-25 18:00:00+00:00,264.09396,5.2478566
2025-02-25 19:00:00+00:00,216.86998,5.3999996
2025-02-25 20:00:00+00:00,170.98076,11.481968
2025-02-25 21:00:00+00:00,206.02953,8.61371
2025-02-25 22:00:00+00:00,206.02953,8.61371
2025-02-25 23:00:00+00:00,227.81563,7.7734165
2025-02-26 00:00:00+00:00,218.65984,8.067936
2025-02-26 01:00:00+00:00,168.50346,10.837435
2025-02-26 02:00:00+00:00,175.3014,13.184308
2025-02-26 03:00:00+00:00,175.38943,11.196231
2025-02-26 04:00:00+00:00,181.14574,9.0018
2025-02-26 05:00:00+00:00,172.23492,7.9932976
2025-02-26 06:00:00+00:00,194.85866,9.12513
2025-02-26 07:00:00+00:00,206.99576,10.706596
2025-02-26 08:00:00+00:00,223.4089,9.167638
2025-02-26 09:00:00+00:00,235.56094,7.6388745
2025-02-26 10:00:00+00:00,243.43501,7.24486
2025-02-26 11:00:00+00:00,262.99884,10.337079
2025-02-26 12:00:00+00:00,251.24126,10.075177
2025-02-26 13:00:00+00:00,328.62704,8.643749
2025-02-26 14:00:00+00:00,37.00262,15.552041
2025-02-26 15:00:00+00:00,43.111843,11.5887
2025-02-26 16:00:00+00:00,72.75845,10.931203
2025-02-26 17:00:00+00:00,65.92451,9.266067
2025-02-26 18:00:00+00:00,67.036194,11.534054
2025-02-26 19:00:00+00:00,66.5713,11.770403
2025-02-26 20:00:00+00:00,73.77974,10.310403
2025-02-26 21:00:00+00:00,44.118694,8.274128
2025-02-26 22:00:00+00:00,50.04252,8.688613
2025-02-26 23:00:00+00:00,50.04252,8.688613
2025-02-27 00:00:00+00:00,39.47243,7.928177
2025-02-27 01:00:00+00:00,341.56494,7.968939
2025-02-27 02:00:00+00:00,44.370483,11.583108
2025-02-27 03:00:00+00:00,51.666626,9.867218
2025-02-27 04:00:00+00:00,69.30447,8.65873
2025-02-27 05:00:00+00:00,90.98774,10.441552
2025-02-27 06:00:00+00:00,108.970505,6.0908127
2025-02-27 07:00:00+00:00,104.93147,2.7943513
2025-02-27 08:00:00+00:00,78.6901,0.9178235
2025-02-27 09:00:00+00:00,339.77505,3.644722
2025-02-27 10:00:00+00:00,310.81497,5.2323985
2025-02-27 11:00:00+00:00,246.80139,6.8541956
2025-02-27 12:00:00+00:00,232.12495,14.366211
2025-02-27 13:00:00+00:00,29.744795,8.707237
2025-02-27 14:00:00+00:00,93.366394,3.0652895
2025-02-27 15:00:00+00:00,347.73523,8.473393
2025-02-27 16:00:00+00:00,52.695976,4.752136
2025-02-27 17:00:00+00:00,92.33726,8.827344
2025-02-27 18:00:00+00:00,115.46331,8.373386
2025-02-27 19:00:00+00:00,98.13002,5.0911684
2025-02-27 20:00:00+00:00,307.87503,2.0523157
2025-02-27 21:00:00+00:00,221.42357,8.161764
2025-02-27 22:00:00+00:00,257.79956,6.8138976
2025-02-27 23:00:00+00:00,284.47034,5.7628117
2025-02-28 00:00:00+00:00,307.87503,4.1046314
2025-02-28 01:00:00+00:00,65.77226,3.9477081
2025-02-28 02:00:00+00:00,119.604355,9.109138
2025-02-28 03:00:00+00:00,134.09071,8.019601
2025-02-28 04:00:00+00:00,142.76509,5.6521144
2025-02-28 05:00:00+00:00,131.34769,5.994297
2025-02-28 06:00:00+00:00,138.17992,4.5891175
2025-02-28 07:00:00+00:00,212.61923,5.3426957
2025-02-28 08:00:00+00:00,235.30478,11.384198
2025-02-28 09:00:00+00:00,241.15744,14.178927
2025-02-28 10:00:00+00:00,257.00537,14.408997
2025-02-28 11:00:00+00:00,245.22488,23.19487
2025-02-28 12:00:00+00:00,267.93002,14.949756
2025-02-28 13:00:00+00:00,156.80139,6.8541956
2025-02-28 14:00:00+00:00,33.6901,0.6489992
2025-02-28 15:00:00+00:00,338.6293,4.445672
2025-02-28 16:00:00+00:00,198.43504,0.56920993
2025-02-28 17:00:00+00:00,75.96373,2.226477
2025-02-28 18:00:00+00:00,71.0295,6.0908127
2025-02-28 19:00:00+00:00,108.43504,7.968939
2025-02-28 20:00:00+00:00,101.88863,6.9899354
2025-02-28 21:00:00+00:00,79.380394,8.790563
2025-02-28 22:00:00+00:00,206.56499,0.8049845
2025-02-28 23:00:00+00:00,109.440125,3.244996
2025-03-01 00:00:00+00:00,32.195713,5.7431
2025-03-01 01:00:00+00:00,98.58354,9.6480665
2025-03-01 02:00:00+00:00,91.43207,7.2022495
2025-03-01 03:00:00+00:00,61.189304,4.1085763
2025-03-01 04:00:00+00:00,345.9637,2.968636
2025-03-01 05:00:00+00:00,82.56869,4.175069
2025-03-01 06:00:00+00:00,66.80139,4.1125174
2025-03-01 07:00:00+00:00,34.9921,6.59154
2025-03-01 08:00:00+00:00,14.381432,7.247096
2025-03-01 09:00:00+00:00,11.821464,7.9077177
2025-03-01 10:00:00+00:00,11.04091,7.519175
2025-03-01 11:00:00+00:00,18.824812,8.36758
2025-03-01 12:00:00+00:00,28.810698,8.217153
2025-03-01 13:00:00+00:00,23.385246,7.256032
2025-03-01 14:00:00+00:00,14.250073,11.700001
2025-03-01 15:00:00+00:00,19.48622,12.410866
2025-03-01 16:00:00+00:00,25.277687,14.33234
2025-03-01 17:00:00+00:00,36.179718,14.941083
2025-03-01 18:00:00+00:00,42.37354,13.888023
2025-03-01 19:00:00+00:00,42.709366,12.738099
2025-03-01 20:00:00+00:00,50.079674,11.500296
2025-03-01 21:00:00+00:00,50.906155,11.132385
2025-03-01 22:00:00+00:00,48.814175,11.480557
2025-03-01 23:00:00+00:00,48.99101,10.97262
2025-03-02 00:00:00+00:00,53.74608,10.04458
2025-03-02 01:00:00+00:00,63.435013,10.8672905
2025-03-02 02:00:00+00:00,69.10216,10.597094
2025-03-02 03:00:00+00:00,65.55606,8.699793
2025-03-02 04:00:00+00:00,68.62931,8.891344
2025-03-02 05:00:00+00:00,66.80139,9.595874
2025-03-02 06:00:00+00:00,64.32324,10.385547
2025-03-02 07:00:00+00:00,60.524208,9.511088
2025-03-02 08:00:00+00:00,54.16227,7.9932966
2025-03-02 09:00:00+00:00,47.602623,5.6060677
2025-03-02 10:00:00+00:00,40.9143,3.572898
2025-03-02 11:00:00+00:00,42.510403,2.9301877
2025-03-02 12:00:00+00:00,35.537766,3.096837
2025-03-02 13:00:00+00:00,9.090207,4.5572357
2025-03-02 14:00:00+00:00,27.40749,5.4744864
2025-03-02 15:00:00+00:00,61.858498,8.777654
2025-03-02 16:00:00+00:00,78.46541,9.0018
2025-03-02 17:00:00+00:00,92.16103,9.54679
2025-03-02 18:00:00+00:00,100.00792,9.321845
2025-03-02 19:00:00+00:00,118.442825,9.826088
2025-03-02 20:00:00+00:00,123.6901,9.085988
2025-03-02 21:00:00+00:00,137.02136,10.825469
2025-03-02 22:00:00+00:00,146.79341,11.832176
2025-03-02 23:00:00+00:00,151.87636,11.837652
2025-03-03 00:00:00+00:00,157.52052,11.298495
2025-03-03 01:00:00+00:00,167.27565,11.440978
2025-03-03 02:00:00+00:00,175.91446,12.632101
2025-03-03 03:00:00+00:00,178.40889,12.964998
2025-03-03 04:00:00+00:00,183.87845,10.644379
2025-03-03 05:00:00+00:00,204.22774,11.843124
2025-03-03 06:00:00+00:00,233.25244,16.848038
2025-03-03 07:00:00+00:00,249.74928,19.761507
2025-03-03 08:00:00+00:00,256.2091,20.38773
2025-03-03 09:00:00+00:00,266.32556,19.660416
2025-03-03 10:00:00+00:00,270.0,18.0
2025-03-03 11:00:00+00:00,265.08353,16.801823
2025-03-03 12:00:00+00:00,258.56635,16.344355
2025-03-03 13:00:00+00:00,245.77226,11.843124
2025-03-03 14:00:00+00:00,266.0276,12.991212
2025-03-03 15:00:00+00:00,286.83755,14.292725
2025-03-03 16:00:00+00:00,282.20044,13.627795
2025-03-03 17:00:00+00:00,280.91107,15.215058
2025-03-03 18:00:00+00:00,270.51154,20.160803
2025-03-03 19:00:00+00:00,263.46347,17.393066
2025-03-03 20:00:00+00:00,256.75946,15.717823
2025-03-03 21:00:00+00:00,265.82965,17.325876
2025-03-03 22:00:00+00:00,265.91446,17.684942
2025-03-03 23:00:00+00:00,276.5197,19.023027
2025-03-04 00:00:00+00:00,290.0373,16.285772
2025-03-04 01:00:00+00:00,279.0902,13.671707
2025-03-04 02:00:00+00:00,270.8425,12.241323
2025-03-04 03:00:00+00:00,266.98727,10.2742
2025-03-04 04:00:00+00:00,282.2251,11.050591
2025-03-04 05:00:00+00:00,301.60745,13.737904
2025-03-04 06:00:00+00:00,316.77145,12.351987
2025-03-04 07:00:00+00:00,326.07016,11.931705
2025-03-04 08:00:00+00:00,329.03632,11.545284
2025-03-04 09:00:00+00:00,327.26477,11.983188
2025-03-04 10:00:00+00:00,328.90274,13.243156
2025-03-04 11:00:00+00:00,332.76492,13.766176
2025-03-04 12:00:00+00:00,335.62354,12.647482
2025-03-04 13:00:00+00:00,339.1931,9.627896
2025-03-04 14:00:00+00:00,335.55606,10.874741
2025-03-04 15:00:00+00:00,333.43503,12.074766
2025-03-04 16:00:00+00:00,336.91483,11.935778
2025-03-04 17:00:00+00:00,336.0375,10.636766
2025-03-04 18:00:00+00:00,338.58694,9.860649
2025-03-04 19:00:00+00:00,350.9606,8.019601
2025-03-04 20:00:00+00:00,17.969234,7.0015144
2025-03-04 21:00:00+00:00,352.40543,5.4477882
2025-03-04 22:00:00+00:00,342.12122,5.8631387
2025-03-04 23:00:00+00:00,6.70975,6.162207
2025-03-05 00:00:00+00:00,19.798973,4.7827187
2025-03-05 01:00:00+00:00,33.6901,3.244996
2025-03-05 02:00:00+00:00,236.3099,0.6489992
2025-03-05 03:00:00+00:00,230.71062,2.5582807
2025-03-05 04:00:00+00:00,257.00537,2.4014995
2025-03-05 05:00:00+00:00,307.56866,2.9522195
2025-03-05 06:00:00+00:00,327.72437,4.0449967
2025-03-05 07:00:00+00:00,326.3099,5.1919937
2025-03-05 08:00:00+00:00,315.0001,6.3639607
2025-03-05 09:00:00+00:00,307.64767,7.9567327
2025-03-05 10:00:00+00:00,303.38855,9.485504
2025-03-05 11:00:00+00:00,302.3998,11.08572
2025-03-05 12:00:00+00:00,298.68604,10.874742
2025-03-05 13:00:00+00:00,292.4428,8.958504
2025-03-05 14:00:00+00:00,288.71182,11.7827835
2025-03-05 15:00:00+00:00,285.4787,12.140329
2025-03-05 16:00:00+00:00,273.0664,10.094454
2025-03-05 17:00:00+00:00,242.44727,9.339208
2025-03-05 18:00:00+00:00,224.29277,10.310402
2025-03-05 19:00:00+00:00,220.10085,8.942214
2025-03-05 20:00:00+00:00,224.9999,8.400428
2025-03-05 21:00:00+00:00,240.12408,9.7565975
2025-03-05 22:00:00+00:00,250.16779,11.672275
2025-03-05 23:00:00+00:00,232.54935,10.656547
2025-03-06 00:00:00+00:00,236.3099,11.681987
2025-03-06 01:00:00+00:00,243.03436,11.511559
2025-03-06 02:00:00+00:00,226.97493,11.079873
2025-03-06 03:00:00+00:00,231.95291,10.514218
2025-03-06 04:00:00+00:00,219.95749,8.688613
2025-03-06 05:00:00+00:00,244.98314,11.91812
2025-03-06 06:00:00+00:00,259.24908,14.474059
2025-03-06 07:00:00+00:00,270.0,15.119999
2025-03-06 08:00:00+00:00,275.2623,13.737904
2025-03-06 09:00:00+00:00,282.26477,12.710091
2025-03-06 10:00:00+00:00,287.4028,12.638512
2025-03-06 11:00:00+00:00,287.61267,11.897714
2025-03-06 12:00:00+00:00,286.46008,8.2584505
2025-03-06 13:00:00+00:00,262.8751,4.353619
2025-03-06 14:00:00+00:00,250.70985,3.8141315
2025-03-06 15:00:00+00:00,262.1468,5.2694216
2025-03-06 16:00:00+00:00,310.6012,11.616626
2025-03-06 17:00:00+00:00,19.093594,4.952453
2025-03-06 18:00:00+00:00,75.96373,5.195113
2025-03-06 19:00:00+00:00,116.56499,4.0249224
2025-03-06 20:00:00+00:00,145.6196,4.143911
2025-03-06 21:00:00+00:00,150.2552,4.3536186
2025-03-06 22:00:00+00:00,186.3401,3.2599385
2025-03-06 23:00:00+00:00,169.6952,4.0249224
2025-03-07 00:00:00+00:00,174.55975,7.5942073
2025-03-07 01:00:00+00:00,164.64981,9.5196
2025-03-07 02:00:00+00:00,159.77505,10.934166
2025-03-07 03:00:00+00:00,193.17256,8.688613
2025-03-07 04:00:00+00:00,207.55272,4.669604
2025-03-07 05:00:00+00:00,223.72705,5.728979
2025-03-07 06:00:00+00:00,251.56496,6.830519
2025-03-07 07:00:00+00:00,257.82855,9.391102
2025-03-07 08:00:00+00:00,261.2539,11.837651
2025-03-07 09:00:00+00:00,270.0,13.679999
2025-03-07 10:00:00+00:00,280.19144,16.276815
2025-03-07 11:00:00+00:00,287.24155,16.396805
2025-03-07 12:00:00+00:00,303.3263,15.726067
2025-03-07 13:00:00+00:00,300.65057,11.298495
2025-03-07 14:00:00+00:00,290.55612,9.227524
2025-03-07 15:00:00+00:00,312.27362,8.027678
2025-03-07 16:00:00+00:00,335.09525,5.5567255
2025-03-07 17:00:00+00:00,357.6141,4.323748
2025-03-07 18:00:00+00:00,9.462248,2.1897945
2025-03-07 19:00:00+00:00,288.43503,1.1384199
2025-03-07 20:00:00+00:00,6.3401003,1.6299692
2025-03-07 21:00:00+00:00,81.25392,4.73506
2025-03-07 22:00:00+00:00,119.57774,7.6579366
2025-03-07 23:00:00+00:00,121.75944,8.891343
2025-03-08 00:00:00+00:00,125.39488,8.39078
2025-03-08 01:00:00+00:00,138.57643,8.161764
2025-03-08 02:00:00+00:00,149.9315,7.9036193
2025-03-08 03:00:00+00:00,137.38599,6.114703
2025-03-08 04:00:00+00:00,192.33908,5.896202
2025-03-08 05:00:00+00:00,205.1148,6.361415
2025-03-08 06:00:00+00:00,198.88618,7.229191
2025-03-08 07:00:00+00:00,176.186,5.4119864
2025-03-08 08:00:00+00:00,165.4655,5.020677
2025-03-08 09:00:00+00:00,169.6952,4.0249224
2025-03-08 10:00:00+00:00,212.73521,2.995797
2025-03-08 11:00:00+00:00,244.44008,4.5891175
2025-03-08 12:00:00+00:00,239.0363,4.198285
2025-03-08 13:00:00+00:00,180.0,0.9
2025-03-08 14:00:00+00:00,73.61038,3.189608
2025-03-08 15:00:00+00:00,12.094739,2.5772078
2025-03-08 16:00:00+00:00,356.42374,2.8856194
2025-03-08 17:00:00+00:00,32.275623,4.0449967
2025-03-08 18:00:00+00:00,357.5105,4.143911
2025-03-08 19:00:00+00:00,33.206593,11.832176
2025-03-08 20:00:00+00:00,33.943626,11.282711
2025-03-08 21:00:00+00:00,51.51978,8.967541
2025-03-08 22:00:00+00:00,82.30404,6.7205353
2025-03-08 23:00:00+00:00,97.12492,4.353619
2025-03-09 00:00:00+00:00,79.380394,2.9301877
2025-03-09 01:00:00+00:00,126.384445,4.2481523
2025-03-09 02:00:00+00:00,136.97493,7.386582
2025-03-09 03:00:00+00:00,135.0001,2.8001428
2025-03-09 04:00:00+00:00,333.43503,2.8174455
2025-03-09 05:00:00+00:00,344.05453,1.3104197
2025-03-09 06:00:00+00:00,315.0001,2.8001428
2025-03-09 07:00:00+00:00,302.47116,4.6938257
2025-03-09 08:00:00+00:00,284.5345,5.020677
2025-03-09 09:00:00+00:00,289.0936,4.952453
2025-03-09 10:00:00+00:00,299.5387,6.2067385
2025-03-09 11:00:00+00:00,306.52896,6.048107
2025-03-09 12:00:00+00:00,315.0001,4.3274937
2025-03-09 13:00:00+00:00,46.73567,4.2021427
2025-03-09 14:00:00+00:00,75.96373,5.937272
2025-03-09 15:00:00+00:00,293.1986,1.3708391
2025-03-09 16:00:00+00:00,180.0,0.35999998
2025-03-09 17:00:00+00:00,357.6141,4.323748
2025-03-09 18:00:00+00:00,36.634212,8.748075
2025-03-09 19:00:00+00:00,86.76037,9.555271
2025-03-09 20:00:00+00:00,97.59455,5.4477882
2025-03-09 21:00:00+00:00,138.81418,3.8268526
2025-03-09 22:00:00+00:00,163.73972,4.5
2025-03-09 23:00:00+00:00,120.963684,3.148714
2025-03-10 00:00:00+00:00,104.62092,4.278551
2025-03-10 01:00:00+00:00,129.98683,7.282774
2025-03-10 02:00:00+00:00,129.80553,8.435069
2025-03-10 03:00:00+00:00,139.23648,6.8919086
2025-03-10 04:00:00+00:00,138.81418,3.8268526
2025-03-10 05:00:00+00:00,147.09476,3.6447225
2025-03-10 06:00:00+00:00,163.61038,3.189608
2025-03-10 07:00:00+00:00,147.72438,4.0449967
2025-03-10 08:00:00+00:00,137.12111,3.4388947
2025-03-10 09:00:00+00:00,153.43501,2.0124612
2025-03-10 10:00:00+00:00,189.46225,1.0948973
2025-03-10 11:00:00+00:00,278.13,1.2727921
2025-03-10 12:00:00+00:00,250.0168,2.1068459
2025-03-10 13:00:00+00:00,21.801476,1.9386592
2025-03-10 14:00:00+00:00,116.56499,0.40249225
2025-03-10 15:00:00+00:00,224.9999,0.25455844
2025-03-10 16:00:00+00:00,59.03632,1.0495713
2025-03-10 17:00:00+00:00,44.999897,2.5455842
2025-03-10 18:00:00+00:00,356.82022,3.244996
2025-03-10 19:00:00+00:00,31.263678,5.896202
2025-03-10 20:00:00+00:00,101.560104,8.083983
2025-03-10 21:00:00+00:00,145.6196,8.287822
2025-03-10 22:00:00+00:00,163.20155,9.96524
2025-03-10 23:00:00+00:00,252.47433,7.172949
2025-03-11 00:00:00+00:00,280.78424,3.84796
2025-03-11 01:00:00+00:00,220.60121,3.319036
2025-03-11 02:00:00+00:00,188.32556,7.458606
2025-03-11 03:00:00+00:00,192.5288,6.638072
2025-03-11 04:00:00+00:00,250.70985,3.8141315
2025-03-11 05:00:00+00:00,278.13,3.8183763
2025-03-11 06:00:00+00:00,272.72626,3.7842832
2025-03-11 07:00:00+00:00,287.3541,6.0347
2025-03-11 08:00:00+00:00,302.00534,6.792466
2025-03-11 09:00:00+00:00,306.3269,7.596341
2025-03-11 10:00:00+00:00,306.86996,9.0
2025-03-11 11:00:00+00:00,309.52258,9.3340025
2025-03-11 12:00:00+00:00,315.7638,9.54679
2025-03-11 13:00:00+00:00,311.18582,5.7402787
2025-03-11 14:00:00+00:00,328.10925,9.54
2025-03-11 15:00:00+00:00,339.3255,10.196647
2025-03-11 16:00:00+00:00,336.21796,11.605464
2025-03-11 17:00:00+00:00,349.50858,9.885262
2025-03-11 18:00:00+00:00,7.523731,9.6228485
2025-03-11 19:00:00+00:00,36.607166,7.8480825
2025-03-11 20:00:00+00:00,60.255207,5.8048253
2025-03-11 21:00:00+00:00,59.03632,4.198285
2025-03-11 22:00:00+00:00,40.9143,3.572898
2025-03-11 23:00:00+00:00,62.24156,3.8647635
2025-03-12 00:00:00+00:00,15.255177,4.1046314
2025-03-12 01:00:00+00:00,36.38445,4.2481523
2025-03-12 02:00:00+00:00,35.362556,6.8423676
2025-03-12 03:00:00+00:00,53.61555,4.2481523
2025-03-12 04:00:00+00:00,129.80553,1.4058449
2025-03-12 05:00:00+00:00,183.57626,2.8856194
2025-03-12 06:00:00+00:00,224.9999,3.0547013
2025-03-12 07:00:00+00:00,267.70944,4.503598
2025-03-12 08:00:00+00:00,285.4222,5.4149795
2025-03-12 09:00:00+00:00,285.25516,6.1569467
2025-03-12 10:00:00+00:00,276.95285,7.4346757
2025-03-12 11:00:00+00:00,277.59454,8.171683
2025-03-12 12:00:00+00:00,279.65982,8.581677
2025-03-12 13:00:00+00:00,333.43503,4.829907
2025-03-12 14:00:00+00:00,360.0,4.14
2025-03-12 15:00:00+00:00,326.97614,4.293669
2025-03-12 16:00:00+00:00,300.46545,3.550155
2025-03-12 17:00:00+00:00,21.25058,3.4763772
2025-03-12 18:00:00+00:00,12.26477,4.2366967
2025-03-12 19:00:00+00:00,4.763556,4.3349743
2025-03-12 20:00:00+00:00,36.86999,3.6
2025-03-12 21:00:00+00:00,99.46225,2.1897945
2025-03-12 22:00:00+00:00,172.87508,1.4512063
2025-03-12 23:00:00+00:00,206.56499,2.4149535
2025-03-13 00:00:00+00:00,229.39879,3.319036
2025-03-13 01:00:00+00:00,130.60121,1.659518
2025-03-13 02:00:00+00:00,161.56496,3.4152596
2025-03-13 03:00:00+00:00,118.072395,3.06
2025-03-13 04:00:00+00:00,175.60138,2.3469126
2025-03-13 05:00:00+00:00,231.34016,3.4576871
2025-03-13 06:00:00+00:00,254.57777,5.4149795
2025-03-13 07:00:00+00:00,259.69522,8.049845
2025-03-13 08:00:00+00:00,263.82993,13.397612
2025-03-13 09:00:00+00:00,264.75296,17.714231
2025-03-13 10:00:00+00:00,272.16104,19.09358
2025-03-13 11:00:00+00:00,271.6683,18.547861
2025-03-13 12:00:00+00:00,273.7152,13.88919
2025-03-13 13:00:00+00:00,291.63095,11.230904
2025-03-13 14:00:00+00:00,318.991,10.97262
2025-03-13 15:00:00+00:00,275.90604,10.495713
2025-03-13 16:00:00+00:00,307.16455,14.004185
2025-03-13 17:00:00+00:00,11.023424,14.120538
2025-03-13 18:00:00+00:00,37.568665,11.808878
2025-03-13 19:00:00+00:00,71.053406,12.750811
2025-03-13 20:00:00+00:00,73.70589,12.189602
2025-03-13 21:00:00+00:00,95.61749,11.032987
2025-03-13 22:00:00+00:00,120.34317,8.55142
2025-03-13 23:00:00+00:00,143.3658,8.748075
2025-03-14 00:00:00+00:00,158.02544,11.063778
2025-03-14 01:00:00+00:00,154.65387,11.35285
2025-03-14 02:00:00+00:00,163.93994,12.362475
2025-03-14 03:00:00+00:00,159.44388,10.765445
2025-03-14 04:00:00+00:00,173.79665,8.32877
2025-03-14 05:00:00+00:00,167.4712,4.9785542
2025-03-14 06:00:00+00:00,194.03627,8.905908
2025-03-14 07:00:00+00:00,207.3498,5.8769383
2025-03-14 08:00:00+00:00,158.74942,3.4763772
2025-03-14 09:00:00+00:00,191.30989,5.506941
2025-03-14 10:00:00+00:00,250.1447,6.889557
2025-03-14 11:00:00+00:00,242.10283,13.849477
2025-03-14 12:00:00+00:00,269.34146,15.661035
2025-03-14 13:00:00+00:00,24.92846,14.092977
2025-03-14 14:00:00+00:00,35.972492,13.789691
2025-03-14 15:00:00+00:00,44.58786,17.692268
2025-03-14 16:00:00+00:00,52.001225,14.618837
2025-03-14 17:00:00+00:00,61.762657,11.032987
2025-03-14 18:00:00+00:00,57.215733,12.632101
2025-03-14 19:00:00+00:00,66.03751,10.636766
2025-03-14 20:00:00+00:00,7.3056703,7.0774574
2025-03-14 21:00:00+00:00,35.39489,8.39078
2025-03-14 22:00:00+00:00,353.29025,6.162207
2025-03-14 23:00:00+00:00,342.838,12.810386
2025-03-15 00:00:00+00:00,6.2539444,13.218668
2025-03-15 01:00:00+00:00,20.772345,16.748707
2025-03-15 02:00:00+00:00,19.612196,16.62444
2025-03-15 03:00:00+00:00,20.709124,15.779543
2025-03-15 04:00:00+00:00,28.257944,16.348322
2025-03-15 05:00:00+00:00,44.076046,15.784676
2025-03-15 06:00:00+00:00,49.236485,13.783817
2025-03-15 07:00:00+00:00,48.900593,11.226575
2025-03-15 08:00:00+00:00,39.289394,10.233123
2025-03-15 09:00:00+00:00,24.567156,6.9270773
2025-03-15 10:00:00+00:00,8.8805895,5.8298883
2025-03-15 11:00:00+00:00,334.05774,7.406295
2025-03-15 12:00:00+00:00,316.68463,8.65873
2025-03-15 13:00:00+00:00,321.51978,8.967541
2025-03-15 14:00:00+00:00,319.84406,7.5363917
2025-03-15 15:00:00+00:00,2.8623457,3.604497
2025-03-15 16:00:00+00:00,347.36664,10.699028
2025-03-15 17:00:00+00:00,360.0,12.42
2025-03-15 18:00:00+00:00,14.470333,11.525623
2025-03-15 19:00:00+00:00,34.418434,11.782784
2025-03-15 20:00:00+00:00,48.99101,10.97262
2025-03-15 21:00:00+00:00,57.264786,8.9873905
2025-03-15 22:00:00+00:00,67.10942,8.792405
2025-03-15 23:00:00+00:00,66.50142,9.028754
2025-03-16 00:00:00+00:00,69.30447,8.65873
2025-03-16 01:00:00+00:00,91.54813,6.6624317
2025-03-16 02:00:00+00:00,93.99084,7.7588143
2025-03-16 03:00:00+00:00,90.0,3.96
2025-03-16 04:00:00+00:00,48.814175,3.8268526
2025-03-16 05:00:00+00:00,32.195713,5.7431
2025-03-16 06:00:00+00:00,3.2396317,9.555271
2025-03-16 07:00:00+00:00,346.82742,8.688613
2025-03-16 08:00:00+00:00,332.78397,7.0843205
2025-03-16 09:00:00+00:00,328.39255,8.242743
2025-03-16 10:00:00+00:00,323.36578,8.748075
2025-03-16 11:00:00+00:00,332.87878,8.29173
2025-03-16 12:00:00+00:00,332.8504,7.889259
2025-03-16 13:00:00+00:00,304.07724,7.388775
2025-03-16 14:00:00+00:00,325.9806,8.6867485
2025-03-16 15:00:00+00:00,352.40543,8.171683
2025-03-16 16:00:00+00:00,12.757541,9.781473
2025-03-16 17:00:00+00:00,1.1691146,8.821836
2025-03-16 18:00:00+00:00,352.46063,12.346741
2025-03-16 19:00:00+00:00,360.0,8.459999
2025-03-16 20:00:00+00:00,82.875084,4.353619
2025-03-16 21:00:00+00:00,94.08554,5.0528407
2025-03-16 22:00:00+00:00,103.49575,4.6277857
2025-03-16 23:00:00+00:00,108.43504,3.4152596
2025-03-17 00:00:00+00:00,101.3099,0.9178235
2025-03-17 01:00:00+00:00,194.03627,2.226477
2025-03-17 02:00:00+00:00,203.9625,3.5455887
2025-03-17 03:00:00+00:00,189.46225,2.1897945
2025-03-17 04:00:00+00:00,171.86998,1.2727921
2025-03-17 05:00:00+00:00,84.2895,1.8089776
2025-03-17 06:00:00+00:00,7.59456,2.7238941
2025-03-17 07:00:00+00:00,327.52884,4.6938257
2025-03-17 08:00:00+00:00,321.54626,7.8149853
2025-03-17 09:00:00+00:00,321.8427,9.614426
2025-03-17 10:00:00+00:00,324.8335,9.688281
2025-03-17 11:00:00+00:00,332.9874,10.304114
2025-03-17 12:00:00+00:00,343.49554,10.137692
2025-03-17 13:00:00+00:00,13.495748,4.6277857
2025-03-17 14:00:00+00:00,46.39711,5.22
2025-03-17 15:00:00+00:00,45.83023,8.783189
2025-03-17 16:00:00+00:00,67.21756,9.761578
2025-03-17 17:00:00+00:00,78.51804,11.755254
2025-03-17 18:00:00+00:00,80.53775,12.043869
2025-03-17 19:00:00+00:00,88.21013,11.525623
2025-03-17 20:00:00+00:00,96.441505,11.230904
2025-03-17 21:00:00+00:00,106.88687,10.534229
2025-03-17 22:00:00+00:00,128.08882,8.461915
2025-03-17 23:00:00+00:00,118.8107,8.217153
2025-03-18 00:00:00+00:00,118.21727,8.37532
2025-03-18 01:00:00+00:00,117.89718,6.9247384
2025-03-18 02:00:00+00:00,123.690094,8.43699
2025-03-18 03:00:00+00:00,105.25517,6.1569467
2025-03-18 04:00:00+00:00,119.05451,5.5596404
2025-03-18 05:00:00+00:00,111.57137,8.322932
2025-03-18 06:00:00+00:00,108.886185,7.229191
2025-03-18 07:00:00+00:00,107.650215,4.1556225
2025-03-18 08:00:00+00:00,59.03632,2.0991426
2025-03-18 09:00:00+00:00,56.309914,2.5959969
2025-03-18 10:00:00+00:00,78.11137,3.4949677
2025-03-18 11:00:00+00:00,94.23632,4.8733153
2025-03-18 12:00:00+00:00,101.003494,6.601363
2025-03-18 13:00:00+00:00,108.8248,8.36758
2025-03-18 14:00:00+00:00,124.21575,5.441838
2025-03-18 15:00:00+00:00,90.0,2.16
2025-03-18 16:00:00+00:00,54.63746,6.8423676
2025-03-18 17:00:00+00:00,93.90042,7.9383874
2025-03-18 18:00:00+00:00,13.706991,7.596341
2025-03-18 19:00:00+00:00,57.680416,10.436895
2025-03-18 20:00:00+00:00,80.8699,10.209348
2025-03-18 21:00:00+00:00,97.59455,10.8955765
2025-03-18 22:00:00+00:00,115.76928,11.592895
2025-03-18 23:00:00+00:00,101.09368,9.354806
2025-03-19 00:00:00+00:00,108.43504,8.538149
2025-03-19 01:00:00+00:00,144.6887,10.587918
2025-03-19 02:00:00+00:00,150.75127,10.315115
2025-03-19 03:00:00+00:00,147.99466,8.490582
2025-03-19 04:00:00+00:00,146.76828,6.2405767
2025-03-19 05:00:00+00:00,142.12495,6.156947
2025-03-19 06:00:00+00:00,147.52882,9.387651
2025-03-19 07:00:00+00:00,155.9245,9.266067
2025-03-19 08:00:00+00:00,169.28693,6.778141
2025-03-19 09:00:00+00:00,177.5634,8.467655
2025-03-19 10:00:00+00:00,166.32867,6.8541956
2025-03-19 11:00:00+00:00,172.30405,6.7205353
2025-03-19 12:00:00+00:00,185.85593,7.0568266
2025-03-19 13:00:00+00:00,19.983198,4.2136917
2025-03-19 14:00:00+00:00,72.07199,6.4323244
2025-03-19 15:00:00+00:00,98.27581,10.004178
2025-03-19 16:00:00+00:00,90.95482,10.801499
2025-03-19 17:00:00+00:00,49.3988,11.616626
2025-03-19 18:00:00+00:00,49.398785,16.595179
2025-03-19 19:00:00+00:00,80.21766,15.891054
2025-03-19 20:00:00+00:00,77.70475,14.369594
2025-03-19 21:00:00+00:00,84.596306,13.379461
2025-03-19 22:00:00+00:00,83.06575,13.418153
2025-03-19 23:00:00+00:00,77.96942,11.226575
2025-03-20 00:00:00+00:00,92.2457,9.187056
2025-03-20 01:00:00+00:00,100.66973,12.638512
2025-03-20 02:00:00+00:00,90.818436,12.601285
2025-03-20 03:00:00+00:00,72.12121,11.726277
2025-03-20 04:00:00+00:00,72.64589,12.0694
2025-03-20 05:00:00+00:00,76.75947,12.57426
2025-03-20 06:00:00+00:00,93.270424,12.620554
2025-03-20 07:00:00+00:00,101.154625,13.026081
2025-03-20 08:00:00+00:00,120.963684,11.545284
2025-03-20 09:00:00+00:00,121.18491,7.995323
2025-03-20 10:00:00+00:00,86.378586,14.248452
2025-03-20 11:00:00+00:00,33.6901,20.767975
2025-03-20 12:00:00+00:00,48.871357,16.966848
2025-03-20 13:00:00+00:00,60.068577,6.854195
2025-03-20 14:00:00+00:00,17.52567,7.172949
2025-03-20 15:00:00+00:00,37.694313,5.004518
2025-03-20 16:00:00+00:00,27.897186,6.9247384
2025-03-20 17:00:00+00:00,70.94221,10.474082
2025-03-20 18:00:00+00:00,77.90526,12.886039
2025-03-20 19:00:00+00:00,42.510403,14.650938
2025-03-20 20:00:00+00:00,54.46224,12.387348
2025-03-20 21:00:00+00:00,53.901627,10.692969
2025-03-20 22:00:00+00:00,74.197426,9.914717
2025-03-20 23:00:00+00:00,101.53459,9.0018
2025-03-21 00:00:00+00:00,99.46225,8.759178
2025-03-21 01:00:00+00:00,95.19434,7.9526596
2025-03-21 02:00:00+00:00,109.359085,7.0591216
2025-03-21 03:00:00+00:00,148.39255,5.495161
2025-03-21 04:00:00+00:00,141.7098,4.3573384
2025-03-21 05:00:00+00:00,122.27562,4.0449967
2025-03-21 06:00:00+00:00,90.0,2.8799999
2025-03-21 07:00:00+00:00,360.0,2.6999998
2025-03-21 08:00:00+00:00,344.47583,3.362677
2025-03-21 09:00:00+00:00,324.78232,3.745557
2025-03-21 10:00:00+00:00,306.86996,4.5
2025-03-21 11:00:00+00:00,304.3804,4.143911
2025-03-21 12:00:00+00:00,317.72638,5.3517847
2025-03-21 13:00:00+00:00,2.2905633,4.503598
2025-03-21 14:00:00+00:00,2.7262611,3.7842832
2025-03-21 15:00:00+00:00,279.09018,4.5572357
2025-03-21 16:00:00+00:00,42.510403,2.9301877
2025-03-21 17:00:00+00:00,104.03627,8.163749
2025-03-21 18:00:00+00:00,110.55612,4.613762
2025-03-21 19:00:00+00:00,106.9276,4.327493
2025-03-21 20:00:00+00:00,133.53127,4.965521
2025-03-21 21:00:00+00:00,145.66972,8.936778
2025-03-21 22:00:00+00:00,167.82855,9.391102
2025-03-21 23:00:00+00:00,157.21756,9.761578
2025-03-22 00:00:00+00:00,158.96242,10.028439
2025-03-22 01:00:00+00:00,155.22488,7.731623
2025-03-22 02:00:00+00:00,144.7275,9.039514
2025-03-22 03:00:00+00:00,151.69934,5.315336
2025-03-22 04:00:00+00:00,150.2552,2.9024127
2025-03-22 05:00:00+00:00,206.56499,2.0124612
2025-03-22 06:00:00+00:00,266.98727,3.4247334
2025-03-22 07:00:00+00:00,290.55612,7.689603
2025-03-22 08:00:00+00:00,292.78244,9.761578
2025-03-22 09:00:00+00:00,296.98016,11.1090765
2025-03-22 10:00:00+00:00,301.55133,12.039833
2025-03-22 11:00:00+00:00,305.6399,11.738705
2025-03-22 12:00:00+00:00,306.86996,10.799999
2025-03-22 13:00:00+00:00,332.3541,4.2671766
2025-03-22 14:00:00+00:00,340.9743,5.5216303
2025-03-22 15:00:00+00:00,11.976112,12.144331
2025-03-22 16:00:00+00:00,51.6048,12.172312
2025-03-22 17:00:00+00:00,83.19105,12.145665
2025-03-22 18:00:00+00:00,87.1845,10.993271
2025-03-22 19:00:00+00:00,96.80896,12.145665
2025-03-22 20:00:00+00:00,110.05618,12.072083
2025-03-22 21:00:00+00:00,124.46088,11.13384
2025-03-22 22:00:00+00:00,133.69812,11.203464
2025-03-22 23:00:00+00:00,137.43669,11.975074
2025-03-23 00:00:00+00:00,142.43134,11.808878
2025-03-23 01:00:00+00:00,144.3601,11.738705
2025-03-23 02:00:00+00:00,142.43134,11.808878
2025-03-23 03:00:00+00:00,139.08571,10.718693
2025-03-23 04:00:00+00:00,146.97614,8.587338
2025-03-23 05:00:00+00:00,151.23245,10.472535
2025-03-23 06:00:00+00:00,158.19853,11.631956
2025-03-23 07:00:00+00:00,170.75397,7.841888
2025-03-23 08:00:00+00:00,185.44025,3.7971036
2025-03-23 09:00:00+00:00,224.9999,0.76367533
2025-03-23 10:00:00+00:00,23.962492,1.7727944
2025-03-23 11:00:00+00:00,27.897186,3.4623692
2025-03-23 12:00:00+00:00,29.248732,5.1575575
2025-03-23 13:00:00+00:00,46.97493,3.693291
2025-03-23 14:00:00+00:00,75.068535,5.5887027
2025-03-23 15:00:00+00:00,70.01681,8.427383
2025-03-23 16:00:00+00:00,55.304783,11.384198
2025-03-23 17:00:00+00:00,54.46224,10.83893
2025-03-23 18:00:00+00:00,80.53775,10.948973
2025-03-23 19:00:00+00:00,97.01641,11.788281
2025-03-23 20:00:00+00:00,102.22511,11.050591
2025-03-23 21:00:00+00:00,108.43504,10.814989
2025-03-23 22:00:00+00:00,118.30067,10.630672
2025-03-23 23:00:00+00:00,137.07004,10.571074
2025-03-24 00:00:00+00:00,146.88864,9.885262
2025-03-24 01:00:00+00:00,136.39711,10.44
2025-03-24 02:00:00+00:00,136.43204,10.185519
2025-03-24 03:00:00+00:00,133.99501,7.256032
2025-03-24 04:00:00+00:00,138.99101,5.48631
2025-03-24 05:00:00+00:00,160.9743,5.5216303
2025-03-24 06:00:00+00:00,195.06854,4.8466477
2025-03-24 07:00:00+00:00,237.26477,2.995797
2025-03-24 08:00:00+00:00,303.6901,2.5959969
2025-03-24 09:00:00+00:00,331.9276,3.06
2025-03-24 10:00:00+00:00,345.06854,2.7943513
2025-03-24 11:00:00+00:00,353.9911,3.438895
2025-03-24 12:00:00+00:00,8.746089,4.73506
2025-03-24 13:00:00+00:00,19.798973,4.7827187
2025-03-24 14:00:00+00:00,53.13002,1.8
2025-03-24 15:00:00+00:00,191.30989,0.9178235
2025-03-24 16:00:00+00:00,109.98319,2.1068459
2025-03-24 17:00:00+00:00,60.48861,10.962281
2025-03-24 18:00:00+00:00,48.814175,11.480557
2025-03-24 19:00:00+00:00,112.89059,8.792405
2025-03-24 20:00:00+00:00,93.22446,12.800265
2025-03-24 21:00:00+00:00,104.03627,11.132385
2025-03-24 22:00:00+00:00,119.4758,9.511088
2025-03-24 23:00:00+00:00,178.45187,6.6624317
2025-03-25 00:00:00+00:00,144.16226,7.9932966
2025-03-25 01:00:00+00:00,171.52895,8.553314
2025-03-25 02:00:00+00:00,202.38017,9.927779
2025-03-25 03:00:00+00:00,229.26797,8.55142
2025-03-25 04:00:00+00:00,235.56094,7.6388745
2025-03-25 05:00:00+00:00,255.73544,10.957847
2025-03-25 06:00:00+00:00,275.11722,12.108261
2025-03-25 07:00:00+00:00,272.77014,11.173057
2025-03-25 08:00:00+00:00,254.3204,10.656547
2025-03-25 09:00:00+00:00,238.89125,12.193589
2025-03-25 10:00:00+00:00,232.05779,13.466357
2025-03-25 11:00:00+00:00,235.14546,12.283599
2025-03-25 12:00:00+00:00,237.09476,10.934166
2025-03-25 13:00:00+00:00,232.52374,6.804381
2025-03-25 14:00:00+00:00,216.86998,0.9
2025-03-25 15:00:00+00:00,75.96373,2.226477
2025-03-25 16:00:00+00:00,126.86999,1.8
2025-03-25 17:00:00+00:00,188.32556,7.458606
2025-03-25 18:00:00+00:00,194.28113,10.215693
2025-03-25 19:00:00+00:00,185.01303,10.299397
2025-03-25 20:00:00+00:00,202.4428,8.958504
2025-03-25 21:00:00+00:00,224.9999,9.1641035
2025-03-25 22:00:00+00:00,233.56905,9.396275
2025-03-25 23:00:00+00:00,221.4676,10.32924
2025-03-26 00:00:00+00:00,216.43095,9.396275
2025-03-26 01:00:00+00:00,201.4478,10.829958
2025-03-26 02:00:00+00:00,201.61484,10.261579
2025-03-26 03:00:00+00:00,195.01842,7.6409945
2025-03-26 04:00:00+00:00,184.76355,6.5024605
2025-03-26 05:00:00+00:00,209.74478,10.158444
2025-03-26 06:00:00+00:00,209.19739,14.021525
2025-03-26 07:00:00+00:00,204.1284,18.934254
2025-03-26 08:00:00+00:00,205.72556,21.978434
2025-03-26 09:00:00+00:00,207.37762,22.702845
2025-03-26 10:00:00+00:00,208.79088,22.798264
2025-03-26 11:00:00+00:00,210.22176,21.45627
2025-03-26 12:00:00+00:00,215.5993,19.48079
2025-03-26 13:00:00+00:00,215.86992,14.438198
2025-03-26 14:00:00+00:00,204.05734,11.038858
2025-03-26 15:00:00+00:00,197.8504,11.157097
2025-03-26 16:00:00+00:00,192.99461,12.007498
2025-03-26 17:00:00+00:00,192.61932,12.358542
2025-03-26 18:00:00+00:00,198.16605,12.124307
2025-03-26 19:00:00+00:00,197.90454,12.295462
2025-03-26 20:00:00+00:00,202.55728,12.669238
2025-03-26 21:00:00+00:00,206.93945,12.3165245
2025-03-26 22:00:00+00:00,210.96368,12.594856
2025-03-26 23:00:00+00:00,217.51918,12.708815
2025-03-27 00:00:00+00:00,224.39697,12.0921955
2025-03-27 01:00:00+00:00,218.65984,11.525623
2025-03-27 02:00:00+00:00,231.34016,11.525623
2025-03-27 03:00:00+00:00,228.09415,9.432412
2025-03-27 04:00:00+00:00,242.31903,12.399113
2025-03-27 05:00:00+00:00,247.71436,11.866355
2025-03-27 06:00:00+00:00,252.38733,11.897714
2025-03-27 07:00:00+00:00,249.17903,13.672893
2025-03-27 08:00:00+00:00,248.68202,15.844089
2025-03-27 09:00:00+00:00,250.06738,17.423777
2025-03-27 10:00:00+00:00,255.2564,17.682194
2025-03-27 11:00:00+00:00,256.60748,19.42833
2025-03-27 12:00:00+00:00,253.35487,18.22361
2025-03-27 13:00:00+00:00,252.25523,14.174356
2025-03-27 14:00:00+00:00,258.0031,14.721535
2025-03-27 15:00:00+00:00,270.0,16.380001
2025-03-27 16:00:00+00:00,266.71082,15.68584
2025-03-27 17:00:00+00:00,258.9766,14.120538
2025-03-27 18:00:00+00:00,275.41177,17.176563
2025-03-27 19:00:00+00:00,277.48077,17.972979
2025-03-27 20:00:00+00:00,279.67328,16.068466
2025-03-27 21:00:00+00:00,285.94547,14.414617
2025-03-27 22:00:00+00:00,282.20044,13.627795
2025-03-27 23:00:00+00:00,285.4787,12.140329
2025-03-28 00:00:00+00:00,285.4222,10.829959
2025-03-28 01:00:00+00:00,289.0936,9.904906
2025-03-28 02:00:00+00:00,303.9965,9.335737
2025-03-28 03:00:00+00:00,318.991,5.48631
2025-03-28 04:00:00+00:00,354.47253,5.6060677
2025-03-28 05:00:00+00:00,357.70944,4.503598
2025-03-28 06:00:00+00:00,331.55716,4.913044
2025-03-28 07:00:00+00:00,317.6026,5.6060677
2025-03-28 08:00:00+00:00,313.91916,6.7469993
2025-03-28 09:00:00+00:00,313.0251,7.386582
2025-03-28 10:00:00+00:00,311.98712,7.2649574
2025-03-28 11:00:00+00:00,313.95847,7.001514
2025-03-28 12:00:00+00:00,316.04153,7.001514
2025-03-28 13:00:00+00:00,318.23978,6.7565966
2025-03-28 14:00:00+00:00,330.25522,8.707237
2025-03-28 15:00:00+00:00,349.26114,10.6261
2025-03-28 16:00:00+00:00,1.9414451,10.6261
2025-03-28 17:00:00+00:00,1.1232841,9.181765
2025-03-28 18:00:00+00:00,8.820306,10.564942
2025-03-28 19:00:00+00:00,23.6821,11.203464
2025-03-28 20:00:00+00:00,28.442837,9.826088
2025-03-28 21:00:00+00:00,24.943882,8.536252
2025-03-28 22:00:00+00:00,29.744795,7.256032
2025-03-28 23:00:00+00:00,28.392921,7.570707
2025-03-29 00:00:00+00:00,40.15594,7.5363917
2025-03-29 01:00:00+00:00,40.425995,6.384293
2025-03-29 02:00:00+00:00,34.8754,7.2403865
2025-03-29 03:00:00+00:00,32.905247,3.6447225
2025-03-29 04:00:00+00:00,21.801476,4.846648
2025-03-29 05:00:00+00:00,19.290138,7.628263
2025-03-29 06:00:00+00:00,20.282646,8.827344
2025-03-29 07:00:00+00:00,18.103857,9.847496
2025-03-29 08:00:00+00:00,17.17599,10.3621235
2025-03-29 09:00:00+00:00,9.272532,8.936778
2025-03-29 10:00:00+00:00,2.6629453,7.748368
2025-03-29 11:00:00+00:00,360.0,7.7400002
2025-03-29 12:00:00+00:00,3.0939984,6.6697226
2025-03-29 13:00:00+00:00,337.5205,5.6492476
2025-03-29 14:00:00+00:00,326.97614,4.293669
2025-03-29 15:00:00+00:00,313.26434,4.2021427
2025-03-29 16:00:00+00:00,311.42358,4.080882
2025-03-29 17:00:00+00:00,345.25638,3.536439
2025-03-29 18:00:00+00:00,48.814175,3.8268526
2025-03-29 19:00:00+00:00,67.3801,2.3400002
2025-03-29 20:00:00+00:00,120.96369,1.0495713
2025-03-29 21:00:00+00:00,150.9455,1.8532133
2025-03-29 22:00:00+00:00,160.0168,2.1068459
2025-03-29 23:00:00+00:00,168.69011,0.9178235
2025-03-30 00:00:00+00:00,161.56496,0.56920993
2025-03-30 01:00:00+00:00,104.03627,0.742159
2025-03-30 02:00:00+00:00,164.05453,1.3104197
2025-03-30 03:00:00+00:00,152.24155,3.8647635
2025-03-30 04:00:00+00:00,137.29063,3.1845248
2025-03-30 05:00:00+00:00,135.0001,3.563818
2025-03-30 06:00:00+00:00,185.7105,1.8089776
2025-03-30 07:00:00+00:00,270.0,1.98
2025-03-30 08:00:00+00:00,308.65982,2.3051248
2025-03-30 09:00:00+00:00,322.43134,2.9522195
2025-03-30 10:00:00+00:00,323.61554,4.2481523
2025-03-30 11:00:00+00:00,323.13004,5.3999996
2025-03-30 12:00:00+00:00,320.44037,5.369916
2025-03-30 13:00:00+00:00,341.56494,3.4152596
2025-03-30 14:00:00+00:00,68.19853,0.9693296
2025-03-30 15:00:00+00:00,119.74479,1.4512063
2025-03-30 16:00:00+00:00,161.56496,2.2768397
2025-03-30 17:00:00+00:00,186.5197,6.341009
2025-03-30 18:00:00+00:00,264.2895,1.8089776
2025-03-30 19:00:00+00:00,108.43504,0.56920993
2025-03-30 20:00:00+00:00,126.027466,4.8965297
2025-03-30 21:00:00+00:00,139.84407,7.5363917
2025-03-30 22:00:00+00:00,153.9967,8.211235
2025-03-30 23:00:00+00:00,158.96242,7.5213294
2025-03-31 00:00:00+00:00,155.77226,7.8954163
2025-03-31 01:00:00+00:00,145.30478,8.53815
2025-03-31 02:00:00+00:00,148.39255,8.242743
2025-03-31 03:00:00+00:00,150.2552,5.8048253
2025-03-31 04:00:00+00:00,150.9455,3.7064266
2025-03-31 05:00:00+00:00,162.3498,4.1556225
2025-03-31 06:00:00+00:00,175.23645,2.1674871
2025-03-31 07:00:00+00:00,351.2539,2.36753
2025-03-31 08:00:00+00:00,4.5738406,4.514377
2025-03-31 09:00:00+00:00,9.782338,5.297018
2025-03-31 10:00:00+00:00,5.19435,5.9644947
2025-03-31 11:00:00+00:00,355.48608,6.8612823
2025-03-31 12:00:00+00:00,343.0091,6.77575
2025-03-31 13:00:00+00:00,339.44388,4.613762
2025-03-31 14:00:00+00:00,321.70978,4.3573384
2025-03-31 15:00:00+00:00,323.97253,4.8965297
2025-03-31 16:00:00+00:00,360.0,9.36
2025-03-31 17:00:00+00:00,32.85573,10.285232
2025-03-31 18:00:00+00:00,65.157646,10.711135
2025-03-31 19:00:00+00:00,89.07598,11.16145
2025-03-31 20:00:00+00:00,87.03913,10.453957
2025-03-31 21:00:00+00:00,108.43504,10.24578
2025-03-31 22:00:00+00:00,123.388535,9.485504
2025-03-31 23:00:00+00:00,144.58286,9.939196
2025-04-01 00:00:00+00:00,146.3099,9.734988
2025-04-01 01:00:00+00:00,136.54811,9.422101
2025-04-01 02:00:00+00:00,139.51407,9.703319
2025-04-01 03:00:00+00:00,140.19447,7.029225
2025-04-01 04:00:00+00:00,139.18501,5.2323985
2025-04-01 05:00:00+00:00,133.66785,5.4744864
2025-04-01 06:00:00+00:00,137.72638,5.3517847
2025-04-01 07:00:00+00:00,80.53775,2.1897945
2025-04-01 08:00:00+00:00,46.97493,3.693291
2025-04-01 09:00:00+00:00,44.999897,6.3639607
2025-04-01 10:00:00+00:00,53.343807,9.648067
2025-04-01 11:00:00+00:00,56.09368,13.229693
2025-04-01 12:00:00+00:00,54.845753,15.631007
2025-04-01 13:00:00+00:00,95.52745,11.212135
2025-04-01 14:00:00+00:00,137.35333,9.299225
2025-04-01 15:00:00+00:00,101.3099,0.9178235
2025-04-01 16:00:00+00:00,39.09386,3.710795
2025-04-01 17:00:00+00:00,85.91447,7.579261
2025-04-01 18:00:00+00:00,75.96373,5.195113
2025-04-01 19:00:00+00:00,100.17545,7.1321807
2025-04-01 20:00:00+00:00,128.65984,12.678185
2025-04-01 21:00:00+00:00,137.20262,13.246826
2025-04-01 22:00:00+00:00,141.07245,12.031756
2025-04-01 23:00:00+00:00,140.07967,11.500296
2025-04-02 00:00:00+00:00,150.8658,12.570394
2025-04-02 01:00:00+00:00,151.5259,12.081473
2025-04-02 02:00:00+00:00,150.78085,12.16832
2025-04-02 03:00:00+00:00,150.25522,10.158444
2025-04-02 04:00:00+00:00,150.06857,6.854195
2025-04-02 05:00:00+00:00,157.06787,10.163227
2025-04-02 06:00:00+00:00,159.8423,15.14783
2025-04-02 07:00:00+00:00,147.77127,9.7880945
2025-04-02 08:00:00+00:00,122.57404,7.689603
2025-04-02 09:00:00+00:00,118.92633,7.8149853
2025-04-02 10:00:00+00:00,123.6901,7.7879906
2025-04-02 11:00:00+00:00,130.73203,8.55142
2025-04-02 12:00:00+00:00,132.0891,7.519175
2025-04-02 13:00:00+00:00,143.13002,2.6999998
2025-04-02 14:00:00+00:00,108.43504,3.4152596
2025-04-02 15:00:00+00:00,68.19853,7.754637
2025-04-02 16:00:00+00:00,61.631054,10.228373
2025-04-02 17:00:00+00:00,111.61484,10.261579
2025-04-02 18:00:00+00:00,143.97253,12.241323
2025-04-02 19:00:00+00:00,97.59455,13.619471
2025-04-02 20:00:00+00:00,93.71522,13.88919
2025-04-02 21:00:00+00:00,110.26578,12.472065
2025-04-02 22:00:00+00:00,129.95749,8.688613
2025-04-02 23:00:00+00:00,136.54811,4.7110505
2025-04-03 00:00:00+00:00,114.34108,8.297589
2025-04-03 01:00:00+00:00,144.81921,13.433838
2025-04-03 02:00:00+00:00,143.44743,12.996201
2025-04-03 03:00:00+00:00,149.23735,8.797931
2025-04-03 04:00:00+00:00,148.78166,6.945761
2025-04-03 05:00:00+00:00,158.02544,11.063778
2025-04-03 06:00:00+00:00,167.19574,12.182955
2025-04-03 07:00:00+00:00,190.3048,8.049845
2025-04-03 08:00:00+00:00,237.38077,5.3426957
2025-04-03 09:00:00+00:00,233.84172,5.796447
2025-04-03 10:00:00+00:00,224.9999,8.400428
2025-04-03 11:00:00+00:00,242.19862,11.19189
2025-04-03 12:00:00+00:00,267.22986,11.173057
2025-04-03 13:00:00+00:00,316.14566,12.730467
2025-04-03 14:00:00+00:00,305.1808,13.433838
2025-04-03 15:00:00+00:00,289.3846,10.304115
2025-04-03 16:00:00+00:00,244.98314,2.97953
2025-04-03 17:00:00+00:00,79.46087,7.8728137
2025-04-03 18:00:00+00:00,58.627052,8.643749
2025-04-03 19:00:00+00:00,76.827446,8.688613
2025-04-03 20:00:00+00:00,57.264786,11.983188
2025-04-03 21:00:00+00:00,69.22767,11.165805
2025-04-03 22:00:00+00:00,130.23628,6.1305785
2025-04-03 23:00:00+00:00,339.81412,13.040997
2025-04-04 00:00:00+00:00,3.5762644,11.542478
2025-04-04 01:00:00+00:00,26.564985,9.257321
2025-04-04 02:00:00+00:00,66.2505,9.83268
2025-04-04 03:00:00+00:00,25.346138,3.7842832
2025-04-04 04:00:00+00:00,360.0,6.66
2025-04-04 05:00:00+00:00,6.9528637,7.4346757
2025-04-04 06:00:00+00:00,1.1232841,9.181765
2025-04-04 07:00:00+00:00,355.84042,9.926147
2025-04-04 08:00:00+00:00,346.93066,10.3480425
2025-04-04 09:00:00+00:00,339.6768,10.365251
2025-04-04 10:00:00+00:00,336.0375,10.636766
2025-04-04 11:00:00+00:00,332.1525,10.7894945
2025-04-04 12:00:00+00:00,331.477,9.4238205
2025-04-04 13:00:00+00:00,332.9692,9.901636
2025-04-04 14:00:00+00:00,332.4028,8.936778
2025-04-04 15:00:00+00:00,339.30447,8.65873
2025-04-04 16:00:00+00:00,339.27435,7.120815
2025-04-04 17:00:00+00:00,357.79745,4.6834598
2025-04-04 18:00:00+00:00,41.42357,4.080882
2025-04-04 19:00:00+00:00,20.854538,4.0449963
2025-04-04 20:00:00+00:00,334.65387,3.7842832
2025-04-04 21:00:00+00:00,12.26477,4.2366967
2025-04-04 22:00:00+00:00,343.3007,3.7585104
2025-04-04 23:00:00+00:00,329.53452,3.550155
2025-04-05 00:00:00+00:00,78.6901,0.9178235
2025-04-05 01:00:00+00:00,50.194473,2.8116899
2025-04-05 02:00:00+00:00,126.46933,5.1481256
2025-04-05 03:00:00+00:00,153.43501,4.4274144
2025-04-05 04:00:00+00:00,154.65387,3.7842832
2025-04-05 05:00:00+00:00,168.11136,3.4949677
2025-04-05 06:00:00+00:00,230.71062,2.5582807
2025-04-05 07:00:00+00:00,274.39862,4.6938252
2025-04-05 08:00:00+00:00,286.31393,7.689603
2025-04-05 09:00:00+00:00,282.17145,9.391102
2025-04-05 10:00:00+00:00,282.30798,10.132897
2025-04-05 11:00:00+00:00,295.20108,10.1456785
2025-04-05 12:00:00+00:00,303.6901,10.383987
2025-04-05 13:00:00+00:00,325.84024,6.090812
2025-04-05 14:00:00+00:00,345.3791,4.278551
2025-04-05 15:00:00+00:00,338.19852,2.907989
2025-04-05 16:00:00+00:00,224.9999,3.3092594
2025-04-05 17:00:00+00:00,195.25517,4.1046314
2025-04-05 18:00:00+00:00,143.13002,2.6999998
2025-04-05 19:00:00+00:00,119.357666,3.3043609
2025-04-05 20:00:00+00:00,127.875046,4.1046314
2025-04-05 21:00:00+00:00,154.5367,4.186693
2025-04-05 22:00:00+00:00,186.70975,6.162207
2025-04-05 23:00:00+00:00,173.82993,6.698806
2025-04-06 00:00:00+00:00,174.2895,9.044888
2025-04-06 01:00:00+00:00,177.87895,9.726665
2025-04-06 02:00:00+00:00,178.05856,10.6261
2025-04-06 03:00:00+00:00,174.80566,7.9526596
2025-04-06 04:00:00+00:00,167.4712,4.9785542
2025-04-06 05:00:00+00:00,204.90474,5.5567255
2025-04-06 06:00:00+00:00,234.78232,7.491114
2025-04-06 07:00:00+00:00,247.1094,8.792405
2025-04-06 08:00:00+00:00,260.53775,8.759178
2025-04-06 09:00:00+00:00,281.72507,9.743305
2025-04-06 10:00:00+00:00,296.99576,10.706596
2025-04-06 11:00:00+00:00,302.00534,10.1887
2025-04-06 12:00:00+00:00,300.25635,10.00256
2025-04-06 13:00:00+00:00,306.1933,9.144637
2025-04-06 14:00:00+00:00,315.0001,6.873078
2025-04-06 15:00:00+00:00,347.66092,5.896202
2025-04-06 16:00:00+00:00,9.462261,6.5693827
2025-04-06 17:00:00+00:00,19.983198,4.2136917
2025-04-06 18:00:00+00:00,161.56496,0.56920993
2025-04-06 19:00:00+00:00,141.34016,3.4576871
2025-04-06 20:00:00+00:00,95.44024,3.7971036
2025-04-06 21:00:00+00:00,119.63829,12.011544
2025-04-06 22:00:00+00:00,148.62704,8.643749
2025-04-06 23:00:00+00:00,162.75845,5.4656014
2025-04-07 00:00:00+00:00,111.801476,6.7853074
2025-04-07 01:00:00+00:00,122.22874,9.7880945
2025-04-07 02:00:00+00:00,135.0001,10.436895
2025-04-07 03:00:00+00:00,160.49747,9.165871
2025-04-07 04:00:00+00:00,173.15732,4.5322843
2025-04-07 05:00:00+00:00,219.09384,3.710795
2025-04-07 06:00:00+00:00,253.0724,4.327493
2025-04-07 07:00:00+00:00,341.56494,1.7076298
2025-04-07 08:00:00+00:00,19.798973,4.7827187
2025-04-07 09:00:00+00:00,20.924576,6.5520988
2025-04-07 10:00:00+00:00,23.805958,6.689125
2025-04-07 11:00:00+00:00,27.645891,4.2671766
2025-04-07 12:00:00+00:00,52.594578,3.8521678
2025-04-07 13:00:00+00:00,65.77226,3.9477081
2025-04-07 14:00:00+00:00,74.623695,7.4672885
2025-04-07 15:00:00+00:00,70.94221,10.474082
2025-04-07 16:00:00+00:00,67.71436,11.866355
2025-04-07 17:00:00+00:00,103.49575,9.255571
2025-04-07 18:00:00+00:00,139.08571,7.145796
2025-04-07 19:00:00+00:00,94.31595,9.567131
2025-04-07 20:00:00+00:00,110.37652,13.441071
2025-04-07 21:00:00+00:00,146.56012,11.43248
2025-04-07 22:00:00+00:00,164.74483,10.261579
2025-04-07 23:00:00+00:00,150.2552,7.256032
2025-04-08 00:00:00+00:00,150.70874,8.461914
2025-04-08 01:00:00+00:00,139.53786,8.043805
2025-04-08 02:00:00+00:00,141.07245,6.015878
2025-04-08 03:00:00+00:00,185.44025,3.7971036
2025-04-08 04:00:00+00:00,220.10085,4.471107
2025-04-08 05:00:00+00:00,243.43501,6.439876
2025-04-08 06:00:00+00:00,255.32356,7.8149853
2025-04-08 07:00:00+00:00,266.87793,9.914717
2025-04-08 08:00:00+00:00,273.57626,11.542478
2025-04-08 09:00:00+00:00,282.09473,12.886039
2025-04-08 10:00:00+00:00,278.9305,12.7546215
2025-04-08 11:00:00+00:00,291.97455,11.063778
2025-04-08 12:00:00+00:00,320.33218,9.587428
2025-04-08 13:00:00+00:00,302.79953,9.636307
2025-04-08 14:00:00+00:00,304.21576,10.883676
2025-04-08 15:00:00+00:00,308.50067,10.120099
2025-04-08 16:00:00+00:00,276.3401,4.8899083
2025-04-08 17:00:00+00:00,29.744795,7.256032
2025-04-08 18:00:00+00:00,320.1945,1.4058449
2025-04-08 19:00:00+00:00,249.44386,1.5379207
2025-04-08 20:00:00+00:00,81.11942,5.8298883
2025-04-08 21:00:00+00:00,95.355736,5.7852573
2025-04-08 22:00:00+00:00,165.65063,7.989243
2025-04-08 23:00:00+00:00,193.57045,10.739833
2025-04-09 00:00:00+00:00,228.36655,13.004922
2025-04-09 01:00:00+00:00,248.06146,13.971756
2025-04-09 02:00:00+00:00,253.85559,14.241629
2025-04-09 03:00:00+00:00,254.82703,11.003581
2025-04-09 04:00:00+00:00,260.83774,11.304229
2025-04-09 05:00:00+00:00,273.90042,15.876775
2025-04-09 06:00:00+00:00,280.9722,17.968472
2025-04-09 07:00:00+00:00,295.2328,17.311846
2025-04-09 08:00:00+00:00,301.07898,15.342294
2025-04-09 09:00:00+00:00,303.35403,17.02404
2025-04-09 10:00:00+00:00,305.0959,16.279802
2025-04-09 11:00:00+00:00,290.64706,13.272482
2025-04-09 12:00:00+00:00,316.35312,16.16897
2025-04-09 13:00:00+00:00,6.0723705,8.507737
2025-04-09 14:00:00+00:00,37.746864,7.056826
2025-04-09 15:00:00+00:00,29.29127,8.461914
2025-04-09 16:00:00+00:00,12.154927,11.968308
2025-04-09 17:00:00+00:00,26.564985,8.452336
2025-04-09 18:00:00+00:00,8.8805895,5.8298883
2025-04-09 19:00:00+00:00,310.2363,3.0652893
2025-04-09 20:00:00+00:00,228.81418,5.7402787
2025-04-09 21:00:00+00:00,288.43503,3.9844694
2025-04-09 22:00:00+00:00,180.0,0.71999997
2025-04-09 23:00:00+00:00,165.96373,0.742159
2025-04-10 00:00:00+00:00,188.61557,6.0077944
2025-04-10 01:00:00+00:00,189.65982,8.581677
2025-04-10 02:00:00+00:00,206.1615,11.431062
2025-04-10 03:00:00+00:00,195.37631,7.4672885
2025-04-10 04:00:00+00:00,215.70677,7.0934615
2025-04-10 05:00:00+00:00,250.86626,9.335737
2025-04-10 06:00:00+00:00,248.3555,12.20023
2025-04-10 07:00:00+00:00,237.99466,10.1887
2025-04-10 08:00:00+00:00,230.52757,11.892265
2025-04-10 09:00:00+00:00,229.31612,13.529966
2025-04-10 10:00:00+00:00,243.43501,14.087229
2025-04-10 11:00:00+00:00,240.87604,14.423605
2025-04-10 12:00:00+00:00,241.02039,13.374618
2025-04-10 13:00:00+00:00,308.65982,3.4576871
2025-04-10 14:00:00+00:00,306.86996,3.6
2025-04-10 15:00:00+00:00,267.5105,4.143911
2025-04-10 16:00:00+00:00,167.73524,4.2366967
2025-04-10 17:00:00+00:00,197.52565,10.759423
2025-04-10 18:00:00+00:00,212.73521,8.9873905
2025-04-10 19:00:00+00:00,229.63554,4.724786
2025-04-10 20:00:00+00:00,221.63345,4.3349743
2025-04-10 21:00:00+00:00,247.61981,6.6185193
2025-04-10 22:00:00+00:00,199.11981,14.288191
2025-04-10 23:00:00+00:00,219.42778,10.486448
2025-04-11 00:00:00+00:00,216.52895,12.096214
2025-04-11 01:00:00+00:00,224.9999,12.218805
2025-04-11 02:00:00+00:00,230.94687,12.284918
2025-04-11 03:00:00+00:00,230.06367,10.094454
2025-04-11 04:00:00+00:00,229.86458,12.007498
2025-04-11 05:00:00+00:00,237.84773,14.88242
2025-04-11 06:00:00+00:00,243.0724,12.71901
2025-04-11 07:00:00+00:00,306.11945,8.244708
2025-04-11 08:00:00+00:00,193.29858,20.345573
2025-04-11 09:00:00+00:00,310.31403,7.7900705
2025-04-11 10:00:00+00:00,201.80147,8.723967
2025-04-11 11:00:00+00:00,220.30124,18.645428
2025-04-11 12:00:00+00:00,226.00499,14.512064
2025-04-11 13:00:00+00:00,188.13002,14.000713
2025-04-11 14:00:00+00:00,202.01134,9.12513
2025-04-11 15:00:00+00:00,206.56499,5.2323985
2025-04-11 16:00:00+00:00,206.09537,9.82114
2025-04-11 17:00:00+00:00,210.5475,12.74954
2025-04-11 18:00:00+00:00,200.22495,14.578888
2025-04-11 19:00:00+00:00,347.4712,1.659518
2025-04-11 20:00:00+00:00,83.659904,3.2599385
2025-04-11 21:00:00+00:00,149.03632,8.39657
2025-04-11 22:00:00+00:00,189.46225,9.854075
2025-04-11 23:00:00+00:00,193.0919,7.9465466
2025-04-12 00:00:00+00:00,192.90741,8.863972
2025-04-12 01:00:00+00:00,176.82024,9.734988
2025-04-12 02:00:00+00:00,160.0168,8.427383
2025-04-12 03:00:00+00:00,175.101,6.3231
2025-04-12 04:00:00+00:00,214.69522,5.692099
2025-04-12 05:00:00+00:00,255.96373,6.6794305
2025-04-12 06:00:00+00:00,275.19434,7.9526596
2025-04-12 07:00:00+00:00,276.4587,9.600937
2025-04-12 08:00:00+00:00,284.26456,10.957847
2025-04-12 09:00:00+00:00,287.48807,13.776763
2025-04-12 10:00:00+00:00,289.06927,15.426537
2025-04-12 11:00:00+00:00,291.80148,15.509274
2025-04-12 12:00:00+00:00,301.4295,15.1884165
2025-04-12 13:00:00+00:00,302.55,10.036512
2025-04-12 14:00:00+00:00,325.37576,9.187056
2025-04-12 15:00:00+00:00,359.19308,12.781267
2025-04-12 16:00:00+00:00,19.592375,11.272657
2025-04-12 17:00:00+00:00,38.81139,10.626099
2025-04-12 18:00:00+00:00,63.435013,10.062305
2025-04-12 19:00:00+00:00,83.77426,9.9587345
2025-04-12 20:00:00+00:00,76.65127,10.914888
2025-04-12 21:00:00+00:00,87.45525,8.107996
2025-04-12 22:00:00+00:00,118.61037,9.021574
2025-04-12 23:00:00+00:00,119.42737,8.0599
2025-04-13 00:00:00+00:00,120.141304,6.452441
2025-04-13 01:00:00+00:00,112.833694,7.42159
2025-04-13 02:00:00+00:00,107.10281,7.3447943
2025-04-13 03:00:00+00:00,114.90474,5.5567255
2025-04-13 04:00:00+00:00,115.01687,5.95906
2025-04-13 05:00:00+00:00,113.70266,8.0599
2025-04-13 06:00:00+00:00,93.17977,6.489992
2025-04-13 07:00:00+00:00,67.75093,4.278551
2025-04-13 08:00:00+00:00,42.878906,3.4388947
2025-04-13 09:00:00+00:00,19.440128,3.244996
2025-04-13 10:00:00+00:00,334.2901,5.3939967
2025-04-13 11:00:00+00:00,330.75128,10.315115
2025-04-13 12:00:00+00:00,346.50424,9.255571
2025-04-13 13:00:00+00:00,13.671325,6.8541956
2025-04-13 14:00:00+00:00,55.1246,7.2403865
2025-04-13 15:00:00+00:00,33.023872,8.587338
2025-04-13 16:00:00+00:00,30.963696,8.39657
2025-04-13 17:00:00+00:00,77.09259,8.863972
2025-04-13 18:00:00+00:00,91.0416,9.901636
2025-04-13 19:00:00+00:00,100.30479,10.062305
2025-04-13 20:00:00+00:00,84.507774,9.403169
2025-04-13 21:00:00+00:00,107.175995,10.3621235
2025-04-13 22:00:00+00:00,123.407845,10.134495
2025-04-13 23:00:00+00:00,129.6678,9.587428
2025-04-14 00:00:00+00:00,137.86247,10.195057
2025-04-14 01:00:00+00:00,118.21727,8.37532
2025-04-14 02:00:00+00:00,122.27562,8.0899935
2025-04-14 03:00:00+00:00,126.027466,4.8965297
2025-04-14 04:00:00+00:00,135.0001,5.3457265
2025-04-14 05:00:00+00:00,135.0001,7.891311
2025-04-14 06:00:00+00:00,109.440125,6.489992
2025-04-14 07:00:00+00:00,90.0,6.2999997
2025-04-14 08:00:00+00:00,83.08887,5.9834766
2025-04-14 09:00:00+00:00,86.308685,5.5916004
2025-04-14 10:00:00+00:00,91.73567,5.9427266
2025-04-14 11:00:00+00:00,79.56258,6.9550843
2025-04-14 12:00:00+00:00,60.39565,9.109138
2025-04-14 13:00:00+00:00,79.59235,8.967541
2025-04-14 14:00:00+00:00,53.13002,11.7
2025-04-14 15:00:00+00:00,50.906155,11.132385
2025-04-14 16:00:00+00:00,68.96242,10.028439
2025-04-14 17:00:00+00:00,83.94591,11.9466305
2025-04-14 18:00:00+00:00,77.96942,11.226575
2025-04-14 19:00:00+00:00,82.528534,11.074022
2025-04-14 20:00:00+00:00,92.77016,11.173057
2025-04-14 21:00:00+00:00,100.30479,10.062305
2025-04-14 22:00:00+00:00,104.79681,9.867218
2025-04-14 23:00:00+00:00,113.198616,9.595874
2025-04-15 00:00:00+00:00,116.56499,10.062305
2025-04-15 01:00:00+00:00,115.301346,10.950452
2025-04-15 02:00:00+00:00,129.47243,11.892265
2025-04-15 03:00:00+00:00,133.63614,10.694485
2025-04-15 04:00:00+00:00,136.30188,11.203464
2025-04-15 05:00:00+00:00,141.48305,11.272657
2025-04-15 06:00:00+00:00,135.0001,8.909545
2025-04-15 07:00:00+00:00,113.38525,7.256032
2025-04-15 08:00:00+00:00,96.91113,5.9834766
2025-04-15 09:00:00+00:00,78.6901,5.506941
2025-04-15 10:00:00+00:00,58.671368,4.846648
2025-04-15 11:00:00+00:00,42.709366,3.1845248
2025-04-15 12:00:00+00:00,21.801476,0.9693296
2025-04-15 13:00:00+00:00,40.971645,9.059205
2025-04-15 14:00:00+00:00,35.837746,11.989946
2025-04-15 15:00:00+00:00,30.31114,13.552696
2025-04-15 16:00:00+00:00,53.84173,11.592894
2025-04-15 17:00:00+00:00,71.847206,11.555102
2025-04-15 18:00:00+00:00,75.96373,14.84318
2025-04-15 19:00:00+00:00,75.29166,14.887859
2025-04-15 20:00:00+00:00,87.47394,12.251905
2025-04-15 21:00:00+00:00,108.72588,11.213581
2025-04-15 22:00:00+00:00,120.32352,11.052058
2025-04-15 23:00:00+00:00,134.29277,10.310402
2025-04-16 00:00:00+00:00,148.09193,11.238113
2025-04-16 01:00:00+00:00,136.8476,11.843124
2025-04-16 02:00:00+00:00,141.20343,11.778658
2025-04-16 03:00:00+00:00,143.90163,10.692969
2025-04-16 04:00:00+00:00,157.1263,12.5032
2025-04-16 05:00:00+00:00,166.45204,15.367616
2025-04-16 06:00:00+00:00,160.29193,12.810386
2025-04-16 07:00:00+00:00,153.97047,8.61371
2025-04-16 08:00:00+00:00,155.37645,4.7521367
2025-04-16 09:00:00+00:00,190.3048,2.0124612
2025-04-16 10:00:00+00:00,287.1028,2.4482646
2025-04-16 11:00:00+00:00,288.43503,3.4152596
2025-04-16 12:00:00+00:00,233.61555,4.2481523
2025-04-16 13:00:00+00:00,121.42952,3.7971041
2025-04-16 14:00:00+00:00,53.13002,3.6
2025-04-16 15:00:00+00:00,82.09293,6.542201
2025-04-16 16:00:00+00:00,141.009,9.726664
2025-04-16 17:00:00+00:00,137.4896,11.720751
2025-04-16 18:00:00+00:00,115.083565,9.340941
2025-04-16 19:00:00+00:00,121.122406,11.144021
2025-04-16 20:00:00+00:00,130.91429,10.718693
2025-04-16 21:00:00+00:00,128.04709,10.514218
2025-04-16 22:00:00+00:00,133.60289,5.22
2025-04-16 23:00:00+00:00,126.86999,8.099999
2025-04-17 00:00:00+00:00,168.34074,11.578912
2025-04-17 01:00:00+00:00,172.50424,6.898956
2025-04-17 02:00:00+00:00,174.35954,14.650939
2025-04-17 03:00:00+00:00,139.28925,10.210936
2025-04-17 04:00:00+00:00,178.80653,8.641874
2025-04-17 05:00:00+00:00,200.28264,8.827344
2025-04-17 06:00:00+00:00,215.39488,8.39078
2025-04-17 07:00:00+00:00,224.9999,9.1641035
2025-04-17 08:00:00+00:00,255.96373,8.905908
2025-04-17 09:00:00+00:00,289.72235,10.134496
2025-04-17 10:00:00+00:00,298.12363,11.837652
2025-04-17 11:00:00+00:00,299.1974,14.021525
2025-04-17 12:00:00+00:00,302.08215,14.233664
2025-04-17 13:00:00+00:00,305.0959,8.139901
2025-04-17 14:00:00+00:00,308.45374,7.8149853
2025-04-17 15:00:00+00:00,328.67136,4.846648
2025-04-17 16:00:00+00:00,36.86999,3.6
2025-04-17 17:00:00+00:00,90.0,4.86
2025-04-17 18:00:00+00:00,153.43501,5.2323985
2025-04-17 19:00:00+00:00,102.09474,5.1544156
2025-04-17 20:00:00+00:00,119.29127,8.461914
2025-04-17 21:00:00+00:00,162.89719,12.241323
2025-04-17 22:00:00+00:00,140.19447,5.6233797
2025-04-17 23:00:00+00:00,140.7106,7.674842
2025-04-18 00:00:00+00:00,193.57045,10.739833
2025-04-18 01:00:00+00:00,226.73567,12.606426
2025-04-18 02:00:00+00:00,224.37048,11.583108
2025-04-18 03:00:00+00:00,221.85495,11.599879
2025-04-18 04:00:00+00:00,228.30196,13.259049
2025-04-18 05:00:00+00:00,229.574,12.768586
2025-04-18 06:00:00+00:00,231.07245,12.031756
2025-04-18 07:00:00+00:00,235.90497,14.128566
2025-04-18 08:00:00+00:00,229.05365,16.204998
2025-04-18 09:00:00+00:00,227.00253,18.212051
2025-04-18 10:00:00+00:00,232.90707,18.504139
2025-04-18 11:00:00+00:00,233.3658,17.49615
2025-04-18 12:00:00+00:00,234.66858,17.430283
2025-04-18 13:00:00+00:00,231.65439,15.3771
2025-04-18 14:00:00+00:00,231.65439,15.3771
2025-04-18 15:00:00+00:00,232.07347,17.570988
2025-04-18 16:00:00+00:00,222.43619,17.072504
2025-04-18 17:00:00+00:00,215.86295,18.434847
2025-04-18 18:00:00+00:00,224.9999,19.85556
2025-04-18 19:00:00+00:00,228.41104,19.25327
2025-04-18 20:00:00+00:00,227.88304,17.714231
2025-04-18 21:00:00+00:00,224.9999,17.309975
2025-04-18 22:00:00+00:00,222.87889,17.194475
2025-04-18 23:00:00+00:00,220.12604,16.478603
2025-04-19 00:00:00+00:00,219.64413,16.363178
2025-04-19 01:00:00+00:00,200.32323,15.547875
2025-04-19 02:00:00+00:00,196.20909,16.120808
2025-04-19 03:00:00+00:00,201.03758,15.042659
2025-04-19 04:00:00+00:00,208.61037,18.043148
2025-04-19 05:00:00+00:00,223.36346,17.826363
2025-04-19 06:00:00+00:00,227.6426,16.563911
2025-04-19 07:00:00+00:00,222.22972,15.801087
2025-04-19 08:00:00+00:00,223.53127,14.896563
2025-04-19 09:00:00+00:00,227.86247,15.292585
2025-04-19 10:00:00+00:00,236.50479,14.677452
2025-04-19 11:00:00+00:00,240.60403,14.668619
2025-04-19 12:00:00+00:00,242.176,14.654254
2025-04-19 13:00:00+00:00,235.75092,10.234705
2025-04-19 14:00:00+00:00,225.80684,9.037721
2025-04-19 15:00:00+00:00,190.6196,8.790563
2025-04-19 16:00:00+00:00,186.76608,10.694485
2025-04-19 17:00:00+00:00,212.53505,12.383424
2025-04-19 18:00:00+00:00,228.14505,11.599879
2025-04-19 19:00:00+00:00,257.56046,12.534257
2025-04-19 20:00:00+00:00,281.6336,12.496719
2025-04-19 21:00:00+00:00,261.87,8.909545
2025-04-19 22:00:00+00:00,206.0033,8.211235
2025-04-19 23:00:00+00:00,198.43504,7.968939
2025-04-20 00:00:00+00:00,200.07161,9.965239
2025-04-20 01:00:00+00:00,207.01259,10.304114
2025-04-20 02:00:00+00:00,208.12364,11.837652
2025-04-20 03:00:00+00:00,220.76352,6.8919086
2025-04-20 04:00:00+00:00,259.91946,8.227004
2025-04-20 05:00:00+00:00,254.74483,8.209263
2025-04-20 06:00:00+00:00,245.55606,8.699793
2025-04-20 07:00:00+00:00,242.28159,11.996699
2025-04-20 08:00:00+00:00,239.60135,15.651722
2025-04-20 09:00:00+00:00,238.82872,17.04021
2025-04-20 10:00:00+00:00,239.78876,16.454992
2025-04-20 11:00:00+00:00,240.33337,16.365158
2025-04-20 12:00:00+00:00,242.86494,16.180988
2025-04-20 13:00:00+00:00,248.34395,13.169556
2025-04-20 14:00:00+00:00,255.41104,13.577776
2025-04-20 15:00:00+00:00,264.976,16.443174
2025-04-20 16:00:00+00:00,264.58823,17.176563
2025-04-20 17:00:00+00:00,256.75946,18.861387
2025-04-20 18:00:00+00:00,260.13425,16.808569
2025-04-20 19:00:00+00:00,263.1301,15.048042
2025-04-20 20:00:00+00:00,273.48926,14.787414
2025-04-20 21:00:00+00:00,266.68228,12.440851
2025-04-20 22:00:00+00:00,262.1468,10.538843
2025-04-20 23:00:00+00:00,268.6981,7.922045
2025-04-21 00:00:00+00:00,248.68202,7.9220443
2025-04-21 01:00:00+00:00,203.49858,9.028754
2025-04-21 02:00:00+00:00,204.36244,10.472536
2025-04-21 03:00:00+00:00,200.95586,9.059205
2025-04-21 04:00:00+00:00,211.89075,9.54
2025-04-21 05:00:00+00:00,234.3601,11.738705
2025-04-21 06:00:00+00:00,250.12773,15.885956
2025-04-21 07:00:00+00:00,251.92758,17.987394
2025-04-21 08:00:00+00:00,253.57774,17.82727
2025-04-21 09:00:00+00:00,254.79753,17.160524
2025-04-21 10:00:00+00:00,258.57294,17.262177
2025-04-21 11:00:00+00:00,261.52893,17.106628
2025-04-21 12:00:00+00:00,266.26868,16.595179
2025-04-21 13:00:00+00:00,277.90707,13.084402
2025-04-21 14:00:00+00:00,281.46948,12.673074
2025-04-21 15:00:00+00:00,277.65054,12.168319
2025-04-21 16:00:00+00:00,272.8155,10.993271
2025-04-21 17:00:00+00:00,276.5462,11.052058
2025-04-21 18:00:00+00:00,281.14285,12.108261
2025-04-21 19:00:00+00:00,292.83368,11.132385
2025-04-21 20:00:00+00:00,292.20352,9.526405
2025-04-21 21:00:00+00:00,289.6539,8.027677
2025-04-21 22:00:00+00:00,285.7087,5.983477
2025-04-21 23:00:00+00:00,277.59454,5.4477882
2025-04-22 00:00:00+00:00,260.53775,4.379589
2025-04-22 01:00:00+00:00,210.0685,3.9518096
2025-04-22 02:00:00+00:00,185.04236,6.1437774
2025-04-22 03:00:00+00:00,177.70944,4.503598
2025-04-22 04:00:00+00:00,185.7105,3.6179552
2025-04-22 05:00:00+00:00,216.25392,3.3481934
2025-04-22 06:00:00+00:00,254.3577,4.6730714
2025-04-22 07:00:00+00:00,258.23172,4.412754
2025-04-22 08:00:00+00:00,257.4712,4.9785542
2025-04-22 09:00:00+00:00,253.44284,6.9480934
2025-04-22 10:00:00+00:00,247.1094,8.792405
2025-04-22 11:00:00+00:00,244.2901,10.787993
2025-04-22 12:00:00+00:00,247.71436,11.866355
2025-04-22 13:00:00+00:00,255.61856,7.247096
2025-04-22 14:00:00+00:00,263.92764,8.507737
2025-04-22 15:00:00+00:00,233.90163,10.692969
2025-04-22 16:00:00+00:00,237.26477,11.983188
2025-04-22 17:00:00+00:00,251.56496,11.384199
2025-04-22 18:00:00+00:00,259.26114,10.6261
2025-04-22 19:00:00+00:00,246.42528,10.8015
2025-04-22 20:00:00+00:00,246.64441,8.626865
2025-04-22 21:00:00+00:00,244.44008,9.178235
2025-04-22 22:00:00+00:00,244.48618,8.775807
2025-04-22 23:00:00+00:00,248.19853,7.754637
2025-04-23 00:00:00+00:00,240.06857,6.854195
2025-04-23 01:00:00+00:00,221.42357,4.080882
2025-04-23 02:00:00+00:00,239.21593,9.847496
2025-04-23 03:00:00+00:00,237.80429,5.7431
2025-04-23 04:00:00+00:00,230.19447,4.2175345
2025-04-23 05:00:00+00:00,255.4655,5.020677
2025-04-23 06:00:00+00:00,265.60138,7.040739
2025-04-23 07:00:00+00:00,265.91446,7.579261
2025-04-23 08:00:00+00:00,262.7251,8.528657
2025-04-23 09:00:00+00:00,253.9091,9.741642
2025-04-23 10:00:00+00:00,253.14151,12.413476
2025-04-23 11:00:00+00:00,267.17294,14.597767
2025-04-23 12:00:00+00:00,277.90707,13.084402
2025-04-23 13:00:00+00:00,291.80148,5.815978
2025-04-23 14:00:00+00:00,250.82089,4.3832865
2025-04-23 15:00:00+00:00,244.32323,10.385547
2025-04-23 16:00:00+00:00,252.07199,12.864649
2025-04-23 17:00:00+00:00,238.73633,11.792404
2025-04-23 18:00:00+00:00,265.9859,10.285232
2025-04-23 19:00:00+00:00,243.43501,8.854829
2025-04-23 20:00:00+00:00,222.13753,10.195057
2025-04-23 21:00:00+00:00,228.5324,10.32924
2025-04-23 22:00:00+00:00,242.35411,8.534353
2025-04-23 23:00:00+00:00,222.18437,7.7734165
2025-04-24 00:00:00+00:00,217.36674,12.456468
2025-04-24 01:00:00+00:00,209.24873,10.315115
2025-04-24 02:00:00+00:00,222.64667,9.299225
2025-04-24 03:00:00+00:00,206.56499,6.439876
2025-04-24 04:00:00+00:00,221.30852,7.9077177
2025-04-24 05:00:00+00:00,244.20403,11.995349
2025-04-24 06:00:00+00:00,262.1999,13.262714
2025-04-24 07:00:00+00:00,275.2623,13.737904
2025-04-24 08:00:00+00:00,282.7453,15.501959
2025-04-24 09:00:00+00:00,275.25372,15.726067
2025-04-24 10:00:00+00:00,267.66275,17.654688
2025-04-24 11:00:00+00:00,263.00818,19.222954
2025-04-24 12:00:00+00:00,259.95804,17.548845
2025-04-24 13:00:00+00:00,237.69269,14.481893
2025-04-24 14:00:00+00:00,225.48964,14.892213
2025-04-24 15:00:00+00:00,240.08644,15.159591
2025-04-24 16:00:00+00:00,253.52304,13.327294
2025-04-24 17:00:00+00:00,233.47105,12.096214
2025-04-24 18:00:00+00:00,272.29056,4.503598
2025-04-24 19:00:00+00:00,321.34018,4.6102495
2025-04-24 20:00:00+00:00,191.88864,6.9899354
2025-04-24 21:00:00+00:00,198.75874,10.075177
2025-04-24 22:00:00+00:00,188.00464,11.633348
2025-04-24 23:00:00+00:00,187.23683,11.431063
2025-04-25 00:00:00+00:00,197.57135,11.328566
2025-04-25 01:00:00+00:00,197.10281,9.793058
2025-04-25 02:00:00+00:00,203.33406,9.997699
2025-04-25 03:00:00+00:00,221.72942,8.92408
2025-04-25 04:00:00+00:00,228.01286,7.2649574
2025-04-25 05:00:00+00:00,244.25934,11.190442
2025-04-25 06:00:00+00:00,246.80138,10.966713
2025-04-25 07:00:00+00:00,242.96922,9.901636
2025-04-25 08:00:00+00:00,239.589,9.600937
2025-04-25 09:00:00+00:00,238.67136,9.693296
2025-04-25 10:00:00+00:00,231.66663,9.867218
2025-04-25 11:00:00+00:00,248.45895,7.353611
2025-04-25 12:00:00+00:00,285.6796,10.656547
2025-04-25 13:00:00+00:00,219.28938,2.5582807
2025-04-25 14:00:00+00:00,249.14546,4.0449963
2025-04-25 15:00:00+00:00,263.88458,5.0688457
2025-04-25 16:00:00+00:00,231.04408,10.8792095
2025-04-25 17:00:00+00:00,190.6196,8.790563
2025-04-25 18:00:00+00:00,23.198618,4.1125174
2025-04-25 19:00:00+00:00,176.98727,3.4247334
2025-04-25 20:00:00+00:00,198.19925,13.83192
2025-04-25 21:00:00+00:00,201.37068,4.445672
2025-04-25 22:00:00+00:00,90.0,0.71999997
2025-04-25 23:00:00+00:00,135.88132,8.274128
2025-04-26 00:00:00+00:00,117.75845,3.8647635
2025-04-26 01:00:00+00:00,149.47037,8.149847
2025-04-26 02:00:00+00:00,191.0409,7.519175
2025-04-26 03:00:00+00:00,222.70937,3.1845248
2025-04-26 04:00:00+00:00,210.37904,6.050785
2025-04-26 05:00:00+00:00,208.8107,4.1085763
2025-04-26 06:00:00+00:00,159.44388,1.5379207
2025-04-26 07:00:00+00:00,102.5288,1.659518
2025-04-26 08:00:00+00:00,69.14546,4.0449963
2025-04-26 09:00:00+00:00,52.523746,6.804381
2025-04-26 10:00:00+00:00,30.762655,8.797931
2025-04-26 11:00:00+00:00,1.1232841,9.181765
2025-04-26 12:00:00+00:00,334.53668,8.373386
2025-04-26 13:00:00+00:00,69.775055,7.289444
2025-04-26 14:00:00+00:00,74.98159,7.6409945
2025-04-26 15:00:00+00:00,77.692,10.132897
2025-04-26 16:00:00+00:00,97.76508,7.9932976
2025-04-26 17:00:00+00:00,160.42679,8.596766
2025-04-26 18:00:00+00:00,157.10942,8.792405
2025-04-26 19:00:00+00:00,138.69148,7.9077177
2025-04-26 20:00:00+00:00,149.34941,11.298495
2025-04-26 21:00:00+00:00,182.56372,12.0720825
2025-04-26 22:00:00+00:00,190.06062,11.334284
2025-04-26 23:00:00+00:00,171.86998,7.6367526
2025-04-27 00:00:00+00:00,115.34614,3.7842832
2025-04-27 01:00:00+00:00,181.273,8.101999
2025-04-27 02:00:00+00:00,161.56496,6.830519
2025-04-27 03:00:00+00:00,171.86998,3.8183763
2025-04-27 04:00:00+00:00,192.5288,3.319036
2025-04-27 05:00:00+00:00,217.56866,2.9522195
2025-04-27 06:00:00+00:00,255.96373,2.226477
2025-04-27 07:00:00+00:00,312.27362,2.6758924
2025-04-27 08:00:00+00:00,320.1945,4.2175345
2025-04-27 09:00:00+00:00,322.00122,7.3094187
2025-04-27 10:00:00+00:00,318.9006,11.226575
2025-04-27 11:00:00+00:00,314.40942,12.346741
2025-04-27 12:00:00+00:00,311.63345,10.837435
2025-04-27 13:00:00+00:00,348.6901,4.5891175
2025-04-27 14:00:00+00:00,350.9098,4.5572357
2025-04-27 15:00:00+00:00,53.972538,4.8965297
2025-04-27 16:00:00+00:00,90.0,4.5
2025-04-27 17:00:00+00:00,95.19434,3.9763298
2025-04-27 18:00:00+00:00,93.814,5.4119864
2025-04-27 19:00:00+00:00,112.109505,6.21717
2025-04-27 20:00:00+00:00,155.85446,5.7204895
2025-04-27 21:00:00+00:00,171.86998,3.8183763
2025-04-27 22:00:00+00:00,128.65984,1.1525624
2025-04-27 23:00:00+00:00,144.86572,5.9427266
2025-04-28 00:00:00+00:00,158.19853,7.754637
2025-04-28 01:00:00+00:00,158.19853,7.754637
2025-04-28 02:00:00+00:00,156.0375,7.0911775
2025-04-28 03:00:00+00:00,158.74942,3.4763772
2025-04-28 04:00:00+00:00,180.0,1.6199999
2025-04-28 05:00:00+00:00,153.43501,1.609969
2025-04-28 06:00:00+00:00,53.972538,2.4482648
2025-04-28 07:00:00+00:00,335.55606,2.1749482
2025-04-28 08:00:00+00:00,323.13004,5.3999996
2025-04-28 09:00:00+00:00,334.44006,9.178235
2025-04-28 10:00:00+00:00,341.56494,10.814989
2025-04-28 11:00:00+00:00,347.4712,8.297589
2025-04-28 12:00:00+00:00,5.4402504,3.7971036
2025-04-28 13:00:00+00:00,180.0,0.35999998
2025-04-28 14:00:00+00:00,31.372961,8.643749
2025-04-28 15:00:00+00:00,39.47243,7.928177
2025-04-28 16:00:00+00:00,51.34017,5.7628117
2025-04-28 17:00:00+00:00,44.999897,3.8183763
2025-04-28 18:00:00+00:00,354.80566,3.9763298
2025-04-28 19:00:00+00:00,85.23644,4.3349743
2025-04-28 20:00:00+00:00,114.34108,8.297589
2025-04-28 21:00:00+00:00,155.77226,3.9477081
2025-04-28 22:00:00+00:00,99.46225,6.5693827
2025-04-28 23:00:00+00:00,120.256355,5.00128
2025-04-29 00:00:00+00:00,121.60746,8.242743
2025-04-29 01:00:00+00:00,148.67137,9.693296
2025-04-29 02:00:00+00:00,172.23492,7.9932976
2025-04-29 03:00:00+00:00,158.96242,5.0142193
2025-04-29 04:00:00+00:00,150.2552,2.9024127
2025-04-29 05:00:00+00:00,169.6952,4.0249224
2025-04-29 06:00:00+00:00,126.25393,3.3481934
2025-04-29 07:00:00+00:00,54.782326,3.745557
2025-04-29 08:00:00+00:00,26.564985,4.4274144
2025-04-29 09:00:00+00:00,12.99463,4.802999
2025-04-29 10:00:00+00:00,12.99463,2.4014995
2025-04-29 11:00:00+00:00,147.52882,2.3469129
2025-04-29 12:00:00+00:00,136.16905,6.2379804
2025-04-29 13:00:00+00:00,150.9455,3.7064266
2025-04-29 14:00:00+00:00,78.6901,4.5891175
2025-04-29 15:00:00+00:00,78.95911,7.519175
2025-04-29 16:00:00+00:00,80.13426,8.4042845
2025-04-29 17:00:00+00:00,78.0707,13.062098
2025-04-29 18:00:00+00:00,100.750916,14.474059
2025-04-29 19:00:00+00:00,110.55613,12.303366
2025-04-29 20:00:00+00:00,110.26578,12.472065
2025-04-29 21:00:00+00:00,133.22856,12.351987
2025-04-29 22:00:00+00:00,146.68936,15.077082
2025-04-29 23:00:00+00:00,150.9455,14.8257065
2025-04-30 00:00:00+00:00,148.5359,14.138882
2025-04-30 01:00:00+00:00,143.42688,13.896187
2025-04-30 02:00:00+00:00,148.39255,13.737904
2025-04-30 03:00:00+00:00,148.60979,12.440851
2025-04-30 04:00:00+00:00,145.2039,12.932471
2025-04-30 05:00:00+00:00,159.53764,12.872201
2025-04-30 06:00:00+00:00,170.36253,9.67657
2025-04-30 07:00:00+00:00,152.44728,4.669604
2025-04-30 08:00:00+00:00,95.19434,1.9881649
2025-04-30 09:00:00+00:00,18.435053,2.2768397
2025-04-30 10:00:00+00:00,12.528798,3.319036
2025-04-30 11:00:00+00:00,12.528798,3.319036
2025-04-30 12:00:00+00:00,92.4895,4.143911
2025-04-30 13:00:00+00:00,21.25058,3.4763772
2025-04-30 14:00:00+00:00,66.037506,7.0911775
2025-04-30 15:00:00+00:00,74.43844,14.761098
2025-04-30 16:00:00+00:00,72.22859,14.743526
2025-04-30 17:00:00+00:00,72.64589,15.086748
2025-04-30 18:00:00+00:00,89.25597,13.861168
2025-04-30 19:00:00+00:00,114.44395,13.049689
2025-04-30 20:00:00+00:00,108.178116,12.69351
2025-04-30 21:00:00+00:00,121.60746,13.737904
2025-04-30 22:00:00+00:00,126.86998,15.299999
2025-04-30 23:00:00+00:00,140.6307,18.161278
2025-05-01 00:00:00+00:00,144.59305,18.329973
2025-05-01 01:00:00+00:00,134.10492,16.293728
2025-05-01 02:00:00+00:00,140.28128,15.210799
2025-05-01 03:00:00+00:00,145.90497,14.128566
2025-05-01 04:00:00+00:00,149.14587,16.144905
2025-05-01 05:00:00+00:00,153.14566,15.938896
2025-05-01 06:00:00+00:00,151.4487,13.934605
2025-05-01 07:00:00+00:00,137.33734,12.483748
2025-05-01 08:00:00+00:00,124.286934,9.585739
2025-05-01 09:00:00+00:00,106.9276,4.327493
2025-05-01 10:00:00+00:00,40.236294,3.0652893
2025-05-01 11:00:00+00:00,348.6901,1.835647
2025-05-01 12:00:00+00:00,341.56494,3.4152596
2025-05-01 13:00:00+00:00,115.46331,4.186693
2025-05-01 14:00:00+00:00,105.25517,2.0523157
2025-05-01 15:00:00+00:00,103.57046,5.3699164
2025-05-01 16:00:00+00:00,55.175446,10.086427
2025-05-01 17:00:00+00:00,56.523697,13.379461
2025-05-01 18:00:00+00:00,68.86011,14.474059
2025-05-01 19:00:00+00:00,85.23644,10.837435
2025-05-01 20:00:00+00:00,134.16977,8.783189
2025-05-01 21:00:00+00:00,161.25856,10.644379
2025-05-01 22:00:00+00:00,159.341,11.734564
2025-05-01 23:00:00+00:00,162.824,10.3621235
2025-05-02 00:00:00+00:00,164.18074,11.225132
2025-05-02 01:00:00+00:00,112.61991,14.039999
2025-05-02 02:00:00+00:00,95.96439,12.125642
2025-05-02 03:00:00+00:00,111.67471,15.10821
2025-05-02 04:00:00+00:00,117.928894,16.909464
2025-05-02 05:00:00+00:00,129.49956,17.262178
2025-05-02 06:00:00+00:00,131.06973,16.712881
2025-05-02 07:00:00+00:00,130.67485,15.189484
2025-05-02 08:00:00+00:00,132.56331,11.975074
2025-05-02 09:00:00+00:00,115.20109,6.763786
2025-05-02 10:00:00+00:00,109.98319,10.534229
2025-05-02 11:00:00+00:00,87.95464,5.0432134
2025-05-02 12:00:00+00:00,25.640957,9.983106
2025-05-02 13:00:00+00:00,70.30129,15.486278
2025-05-02 14:00:00+00:00,61.189304,12.325728
2025-05-02 15:00:00+00:00,84.47256,11.212135
2025-05-02 16:00:00+00:00,100.619606,8.790563
2025-05-02 17:00:00+00:00,61.55718,14.73913
2025-05-02 18:00:00+00:00,86.85511,16.404707
2025-05-02 19:00:00+00:00,90.818436,12.601285
2025-05-02 20:00:00+00:00,78.231735,8.825508
2025-05-02 21:00:00+00:00,78.50347,10.837435
2025-05-02 22:00:00+00:00,81.38444,12.015589
2025-05-02 23:00:00+00:00,83.233925,10.694485
2025-05-03 00:00:00+00:00,85.66777,11.9140415
2025-05-03 01:00:00+00:00,86.98728,6.849467
2025-05-03 02:00:00+00:00,81.25392,4.73506
2025-05-03 03:00:00+00:00,116.56499,3.219938
2025-05-03 04:00:00+00:00,183.3664,3.0652895
2025-05-03 05:00:00+00:00,235.30478,2.8460495
2025-05-03 06:00:00+00:00,267.5105,4.143911
2025-05-03 07:00:00+00:00,273.094,6.6697226
2025-05-03 08:00:00+00:00,247.06787,5.0816135
2025-05-03 09:00:00+00:00,310.2363,15.3264475
2025-05-03 10:00:00+00:00,325.30478,8.53815
2025-05-03 11:00:00+00:00,296.56497,7.6473517
2025-05-03 12:00:00+00:00,305.8699,14.438198
2025-05-03 13:00:00+00:00,0.44414473,23.220695
2025-05-03 14:00:00+00:00,153.43501,0.40249225
2025-05-03 15:00:00+00:00,61.92762,3.06
2025-05-03 16:00:00+00:00,56.309914,5.8409934
2025-05-03 17:00:00+00:00,84.92049,8.131936
2025-05-03 18:00:00+00:00,56.88865,9.885262
2025-05-03 19:00:00+00:00,185.19434,3.9763298
2025-05-03 20:00:00+00:00,93.17977,3.244996
2025-05-03 21:00:00+00:00,135.0001,6.618519
2025-05-03 22:00:00+00:00,142.12495,4.1046314
2025-05-03 23:00:00+00:00,151.38963,6.76618
2025-05-04 00:00:00+00:00,99.46225,3.2846913
2025-05-04 01:00:00+00:00,222.45515,11.466438
2025-05-04 02:00:00+00:00,216.02747,12.241323
2025-05-04 03:00:00+00:00,207.84749,10.7894945
2025-05-04 04:00:00+00:00,209.5114,10.962281
2025-05-04 05:00:00+00:00,212.90524,7.289445
2025-05-04 06:00:00+00:00,218.991,4.863332
2025-05-04 07:00:00+00:00,268.09088,5.4029994
2025-05-04 08:00:00+00:00,244.44008,9.178235
2025-05-04 09:00:00+00:00,209.57774,15.315873
2025-05-04 10:00:00+00:00,213.17853,5.5916004
2025-05-04 11:00:00+00:00,326.3099,3.244996
2025-05-04 12:00:00+00:00,317.8222,36.191193
2025-05-04 13:00:00+00:00,324.78232,7.491114
2025-05-04 14:00:00+00:00,349.69522,6.037383
2025-05-04 15:00:00+00:00,358.45187,6.6624317
2025-05-04 16:00:00+00:00,33.6901,5.1919937
2025-05-04 17:00:00+00:00,61.92762,6.12
2025-05-04 18:00:00+00:00,60.94549,7.4128532
2025-05-04 19:00:00+00:00,48.503635,6.248359
2025-05-04 20:00:00+00:00,33.6901,8.43699
2025-05-04 21:00:00+00:00,57.724377,8.0899935
2025-05-04 22:00:00+00:00,117.29949,6.279395
2025-05-04 23:00:00+00:00,180.0,8.099999
2025-05-05 00:00:00+00:00,190.3048,4.0249224
2025-05-05 01:00:00+00:00,216.86998,0.9
2025-05-05 02:00:00+00:00,110.13639,5.7515564
2025-05-05 03:00:00+00:00,82.40546,2.7238941
2025-05-05 04:00:00+00:00,68.68202,7.9220443
2025-05-05 05:00:00+00:00,79.99209,9.321845
2025-05-05 06:00:00+00:00,92.935616,7.029225
2025-05-05 07:00:00+00:00,94.57384,4.514377
2025-05-05 08:00:00+00:00,42.709366,3.1845248
2025-05-05 09:00:00+00:00,350.53775,4.379589
2025-05-05 10:00:00+00:00,301.39023,12.440851
2025-05-05 11:00:00+00:00,234.0578,8.893166
2025-05-05 12:00:00+00:00,212.73521,8.9873905
2025-05-05 13:00:00+00:00,336.17575,15.151039
2025-05-05 14:00:00+00:00,320.1945,5.6233797
2025-05-05 15:00:00+00:00,284.03625,8.163749
2025-05-05 16:00:00+00:00,297.47433,5.072041
2025-05-05 17:00:00+00:00,312.1375,5.0975285
2025-05-05 18:00:00+00:00,290.55612,4.613762
2025-05-05 19:00:00+00:00,308.92755,6.015878
2025-05-05 20:00:00+00:00,346.86597,5.5450516
2025-05-05 21:00:00+00:00,332.24155,3.8647635
2025-05-05 22:00:00+00:00,349.3804,5.8603754
2025-05-05 23:00:00+00:00,8.97255,6.924738
2025-05-06 00:00:00+00:00,34.592358,6.341009
2025-05-06 01:00:00+00:00,224.09071,8.019601
2025-05-06 02:00:00+00:00,226.08084,6.7469993
2025-05-06 03:00:00+00:00,231.63248,5.509882
2025-05-06 04:00:00+00:00,250.0168,6.320538
2025-05-06 05:00:00+00:00,264.64426,5.7852573
2025-05-06 06:00:00+00:00,289.79895,4.7827187
2025-05-06 07:00:00+00:00,318.81415,3.8268526
2025-05-06 08:00:00+00:00,354.55975,3.7971036
2025-05-06 09:00:00+00:00,18.435053,3.9844694
2025-05-06 10:00:00+00:00,345.9637,3.710795
2025-05-06 11:00:00+00:00,333.43503,4.0249224
2025-05-06 12:00:00+00:00,326.88864,4.942631
2025-05-06 13:00:00+00:00,195.94547,1.3104197
2025-05-06 14:00:00+00:00,26.564985,0.40249225
2025-05-06 15:00:00+00:00,41.98713,2.4216523
2025-05-06 16:00:00+00:00,344.7448,2.0523157
2025-05-06 17:00:00+00:00,345.9637,3.710795
2025-05-06 18:00:00+00:00,119.89881,8.305396
2025-05-06 19:00:00+00:00,189.65982,8.581677
2025-05-06 20:00:00+00:00,213.17853,5.5916004
2025-05-06 21:00:00+00:00,196.69933,1.8792552
2025-05-06 22:00:00+00:00,180.0,0.71999997
2025-05-06 23:00:00+00:00,234.46223,3.096837
2025-05-07 00:00:00+00:00,252.1212,5.8631387
2025-05-07 01:00:00+00:00,300.25635,2.50064
2025-05-07 02:00:00+00:00,79.21575,3.84796
2025-05-07 03:00:00+00:00,90.0,5.2200003
2025-05-07 04:00:00+00:00,57.094753,3.6447225
2025-05-07 05:00:00+00:00,58.1726,6.1437774
2025-05-07 06:00:00+00:00,60.802605,7.0107627
2025-05-07 07:00:00+00:00,53.426876,6.9480934
2025-05-07 08:00:00+00:00,51.766144,7.562142
2025-05-07 09:00:00+00:00,57.619343,8.738811
2025-05-07 10:00:00+00:00,51.709793,8.714677
2025-05-07 11:00:00+00:00,59.300358,6.698806
2025-05-07 12:00:00+00:00,57.84773,7.44121
2025-05-07 13:00:00+00:00,95.44024,3.7971036
2025-05-07 14:00:00+00:00,81.6342,6.1858225
2025-05-07 15:00:00+00:00,73.41259,8.827343
2025-05-07 16:00:00+00:00,77.24247,9.781473
2025-05-07 17:00:00+00:00,106.22027,10.310403
2025-05-07 18:00:00+00:00,132.76881,9.807935
2025-05-07 19:00:00+00:00,145.0079,8.78872
2025-05-07 20:00:00+00:00,137.91092,7.519175
2025-05-07 21:00:00+00:00,131.63345,8.669949
2025-05-07 22:00:00+00:00,130.23628,6.1305785
2025-05-07 23:00:00+00:00,114.775116,5.154415
2025-05-08 00:00:00+00:00,123.11135,4.942631
2025-05-08 01:00:00+00:00,144.78232,7.491114
2025-05-08 02:00:00+00:00,158.5522,5.414979
2025-05-08 03:00:00+00:00,175.23645,4.3349743
2025-05-08 04:00:00+00:00,165.96373,2.968636
2025-05-08 05:00:00+00:00,103.24053,3.143565
2025-05-08 06:00:00+00:00,56.3099,4.542994
2025-05-08 07:00:00+00:00,37.568665,5.904439
2025-05-08 08:00:00+00:00,38.65983,5.7628117
2025-05-08 09:00:00+00:00,28.178495,5.7176566
2025-05-08 10:00:00+00:00,25.277687,7.16617
2025-05-08 11:00:00+00:00,31.75944,8.891343
2025-05-08 12:00:00+00:00,68.89509,21.99538
2025-05-08 13:00:00+00:00,48.366554,6.502461
2025-05-08 14:00:00+00:00,70.20104,4.7827187
2025-05-08 15:00:00+00:00,88.21013,11.525623
2025-05-08 16:00:00+00:00,131.63345,10.837435
2025-05-08 17:00:00+00:00,129.47243,7.928177
2025-05-08 18:00:00+00:00,116.0753,9.418661
2025-05-08 19:00:00+00:00,121.13891,10.094454
2025-05-08 20:00:00+00:00,136.73567,8.404285
2025-05-08 21:00:00+00:00,133.95847,7.001514
2025-05-08 22:00:00+00:00,119.357666,6.6087217
2025-05-08 23:00:00+00:00,111.801476,7.754637
2025-05-09 00:00:00+00:00,130.76352,6.8919086
2025-05-09 01:00:00+00:00,140.38934,6.7757506
2025-05-09 02:00:00+00:00,155.22488,5.154415
2025-05-09 03:00:00+00:00,153.43501,3.62243
2025-05-09 04:00:00+00:00,107.35411,3.01735
2025-05-09 05:00:00+00:00,55.6196,4.143911
2025-05-09 06:00:00+00:00,42.27363,5.3517847
2025-05-09 07:00:00+00:00,34.114517,6.7397914
2025-05-09 08:00:00+00:00,23.552286,7.6579366
2025-05-09 09:00:00+00:00,28.217264,8.37532
2025-05-09 10:00:00+00:00,25.016869,8.93859
2025-05-09 11:00:00+00:00,338.00882,10.094454
2025-05-09 12:00:00+00:00,360.0,14.04
2025-05-09 13:00:00+00:00,328.8151,7.995323
2025-05-09 14:00:00+00:00,324.74356,12.785069
2025-05-09 15:00:00+00:00,2.385899,8.647496
2025-05-09 16:00:00+00:00,49.939285,10.348043
2025-05-09 17:00:00+00:00,83.48029,12.682018
2025-05-09 18:00:00+00:00,115.20109,6.763786
2025-05-09 19:00:00+00:00,129.17365,6.269067
2025-05-09 20:00:00+00:00,104.93147,2.7943513
2025-05-09 21:00:00+00:00,90.0,0.54
2025-05-09 22:00:00+00:00,198.43504,0.56920993
2025-05-09 23:00:00+00:00,243.43501,1.609969
2025-05-10 00:00:00+00:00,233.13002,2.6999998
2025-05-10 01:00:00+00:00,237.99466,1.6981165
2025-05-10 02:00:00+00:00,215.53777,1.5484185
2025-05-10 03:00:00+00:00,248.19853,0.9693296
2025-05-10 04:00:00+00:00,5.7105074,1.8089776
2025-05-10 05:00:00+00:00,356.82022,3.244996
2025-05-10 06:00:00+00:00,322.59457,3.8521678
2025-05-10 07:00:00+00:00,300.96368,4.198285
2025-05-10 08:00:00+00:00,285.6423,4.6730714
2025-05-10 09:00:00+00:00,267.70944,4.503598
2025-05-10 10:00:00+00:00,273.9451,5.232399
2025-05-10 11:00:00+00:00,299.74478,7.256032
2025-05-10 12:00:00+00:00,325.9806,8.6867485
2025-05-10 13:00:00+00:00,306.43094,9.396275
2025-05-10 14:00:00+00:00,292.47946,5.6492476
2025-05-10 15:00:00+00:00,309.8055,2.8116899
2025-05-10 16:00:00+00:00,236.3099,0.6489992
2025-05-10 17:00:00+00:00,199.65392,2.6758924
2025-05-10 18:00:00+00:00,243.43501,2.8174455
2025-05-10 19:00:00+00:00,303.6901,1.2979984
2025-05-10 20:00:00+00:00,53.74608,3.3481934
2025-05-10 21:00:00+00:00,128.65984,1.1525624
2025-05-10 22:00:00+00:00,193.49574,4.6277857
2025-05-10 23:00:00+00:00,205.55992,4.5891175
2025-05-11 00:00:00+00:00,208.1785,5.7176566
2025-05-11 01:00:00+00:00,185.7105,1.8089776
2025-05-11 02:00:00+00:00,208.88649,5.9617786
2025-05-11 03:00:00+00:00,190.88548,4.7657523
2025-05-11 04:00:00+00:00,220.10085,4.471107
2025-05-11 05:00:00+00:00,224.9999,4.072935
2025-05-11 06:00:00+00:00,264.47256,5.6060677
2025-05-11 07:00:00+00:00,281.3099,6.424764
2025-05-11 08:00:00+00:00,290.92456,6.5520988
2025-05-11 09:00:00+00:00,287.928,6.4323244
2025-05-11 10:00:00+00:00,295.8663,6.601363
2025-05-11 11:00:00+00:00,289.53674,5.920878
2025-05-11 12:00:00+00:00,267.13766,7.208994
2025-05-11 13:00:00+00:00,347.90527,2.5772078
2025-05-11 14:00:00+00:00,344.7448,4.1046314
2025-05-11 15:00:00+00:00,259.3804,2.9301877
2025-05-11 16:00:00+00:00,217.87505,4.1046314
2025-05-11 17:00:00+00:00,222.27362,2.6758924
2025-05-11 18:00:00+00:00,164.74483,2.0523157
2025-05-11 19:00:00+00:00,148.46526,9.292255
2025-05-11 20:00:00+00:00,169.79608,9.144637
2025-05-11 21:00:00+00:00,183.41652,12.081472
2025-05-11 22:00:00+00:00,186.65433,10.873252
2025-05-11 23:00:00+00:00,195.94547,9.172938
2025-05-12 00:00:00+00:00,199.57321,8.596766
2025-05-12 01:00:00+00:00,201.37068,13.337016
2025-05-12 02:00:00+00:00,206.1615,11.431062
2025-05-12 03:00:00+00:00,223.66785,10.948973
2025-05-12 04:00:00+00:00,227.66306,10.957846
2025-05-12 05:00:00+00:00,233.90163,10.692969
2025-05-12 06:00:00+00:00,245.55606,10.874741
2025-05-12 07:00:00+00:00,250.40762,11.272657
2025-05-12 08:00:00+00:00,250.34608,10.703569
2025-05-12 09:00:00+00:00,250.61539,10.304115
2025-05-12 10:00:00+00:00,246.92957,10.564942
2025-05-12 11:00:00+00:00,244.32323,10.385547
2025-05-12 12:00:00+00:00,244.39786,9.580668
2025-05-12 13:00:00+00:00,198.71184,11.7827835
2025-05-12 14:00:00+00:00,194.6568,12.093535
2025-05-12 15:00:00+00:00,184.23631,14.619946
2025-05-12 16:00:00+00:00,200.39496,14.978986
2025-05-12 17:00:00+00:00,208.99586,17.081041
2025-05-12 18:00:00+00:00,208.65701,17.640919
2025-05-12 19:00:00+00:00,206.81088,18.75631
2025-05-12 20:00:00+00:00,211.4295,18.98552
2025-05-12 21:00:00+00:00,217.77574,18.218275
2025-05-12 22:00:00+00:00,223.7812,17.95043
2025-05-12 23:00:00+00:00,222.90984,17.448862
2025-05-13 00:00:00+00:00,225.43074,16.928614
2025-05-13 01:00:00+00:00,214.3804,12.431733
2025-05-13 02:00:00+00:00,211.29298,10.742848
2025-05-13 03:00:00+00:00,219.80553,12.652604
2025-05-13 04:00:00+00:00,231.21562,12.931218
2025-05-13 05:00:00+00:00,242.02061,13.0447235
2025-05-13 06:00:00+00:00,243.76811,13.845967
2025-05-13 07:00:00+00:00,242.76494,13.766176
2025-05-13 08:00:00+00:00,240.15416,12.659004
2025-05-13 09:00:00+00:00,243.43501,12.074766
2025-05-13 10:00:00+00:00,242.35411,12.801531
2025-05-13 11:00:00+00:00,238.44865,12.039833
2025-05-13 12:00:00+00:00,223.02507,11.079873
2025-05-13 13:00:00+00:00,203.19861,13.708391
2025-05-13 14:00:00+00:00,198.43504,14.230248
2025-05-13 15:00:00+00:00,241.11351,5.9617786
2025-05-13 16:00:00+00:00,259.82455,7.1321807
2025-05-13 17:00:00+00:00,213.17853,11.183201
2025-05-13 18:00:00+00:00,224.3098,10.564941
2025-05-13 19:00:00+00:00,212.82854,13.281023
2025-05-13 20:00:00+00:00,216.86998,15.299999
2025-05-13 21:00:00+00:00,219.49956,17.262178
2025-05-13 22:00:00+00:00,231.1155,14.336861
2025-05-13 23:00:00+00:00,233.97253,14.689588
2025-05-14 00:00:00+00:00,235.90497,14.128566
2025-05-14 01:00:00+00:00,217.208,12.204212
2025-05-14 02:00:00+00:00,216.86998,10.799999
2025-05-14 03:00:00+00:00,230.52757,11.892265
2025-05-14 04:00:00+00:00,241.92761,12.24
2025-05-14 05:00:00+00:00,250.51378,12.410866
2025-05-14 06:00:00+00:00,249.8141,13.040997
2025-05-14 07:00:00+00:00,248.66307,12.367716
2025-05-14 08:00:00+00:00,246.21796,11.605464
2025-05-14 09:00:00+00:00,243.88614,10.223619
2025-05-14 10:00:00+00:00,241.55717,9.826088
2025-05-14 11:00:00+00:00,234.83348,9.688281
2025-05-14 12:00:00+00:00,213.6901,9.734988
2025-05-14 13:00:00+00:00,207.09547,8.694204
2025-05-14 14:00:00+00:00,207.25525,13.363711
2025-05-14 15:00:00+00:00,247.249,6.050785
2025-05-14 16:00:00+00:00,216.46933,5.1481256
2025-05-14 17:00:00+00:00,205.82094,12.397806
2025-05-14 18:00:00+00:00,219.47243,15.856354
2025-05-14 19:00:00+00:00,220.73201,17.10284
2025-05-14 20:00:00+00:00,224.15756,17.311846
2025-05-14 21:00:00+00:00,237.57895,15.779543
2025-05-14 22:00:00+00:00,241.38963,15.787753
2025-05-14 23:00:00+00:00,236.3099,14.277983
2025-05-15 00:00:00+00:00,237.5877,13.432632
2025-05-15 01:00:00+00:00,227.79277,10.4493065
2025-05-15 02:00:00+00:00,226.39711,10.44
2025-05-15 03:00:00+00:00,239.34941,11.298495
2025-05-15 04:00:00+00:00,247.1263,12.5032
2025-05-15 05:00:00+00:00,254.8141,13.055896
2025-05-15 06:00:00+00:00,257.22876,13.842457
2025-05-15 07:00:00+00:00,254.26793,13.277364
2025-05-15 08:00:00+00:00,250.6651,10.873251
2025-05-15 09:00:00+00:00,248.80588,9.459852
2025-05-15 10:00:00+00:00,237.3391,8.338489
2025-05-15 11:00:00+00:00,228.01286,7.2649574
2025-05-15 12:00:00+00:00,206.0033,8.211235
2025-05-15 13:00:00+00:00,192.5288,11.616627
2025-05-15 14:00:00+00:00,189.61966,10.7714615
2025-05-15 15:00:00+00:00,208.44283,9.826088
2025-05-15 16:00:00+00:00,198.10385,9.847496
2025-05-15 17:00:00+00:00,203.80595,13.37825
2025-05-15 18:00:00+00:00,198.83853,16.165964
2025-05-15 19:00:00+00:00,215.24765,16.530626
2025-05-15 20:00:00+00:00,230.58263,17.00881
2025-05-15 21:00:00+00:00,235.6456,17.224598
2025-05-15 22:00:00+00:00,230.28128,15.210799
2025-05-15 23:00:00+00:00,233.2758,14.148046
2025-05-16 00:00:00+00:00,240.06857,13.70839
2025-05-16 01:00:00+00:00,224.9999,13.491598
2025-05-16 02:00:00+00:00,227.38597,12.229406
2025-05-16 03:00:00+00:00,243.13815,15.536408
2025-05-16 04:00:00+00:00,252.20392,15.312701
2025-05-16 05:00:00+00:00,253.49556,15.206538
2025-05-16 06:00:00+00:00,249.5129,17.48596
2025-05-16 07:00:00+00:00,236.3099,18.171976
2025-05-16 08:00:00+00:00,226.6135,18.080818
2025-05-16 09:00:00+00:00,222.43619,17.072504
2025-05-16 10:00:00+00:00,220.60121,16.595179
2025-05-16 11:00:00+00:00,224.9999,15.782622
2025-05-16 12:00:00+00:00,230.7106,15.349684
2025-05-16 13:00:00+00:00,243.43501,14.087229
2025-05-16 14:00:00+00:00,248.05124,13.00243
2025-05-16 15:00:00+00:00,242.14044,14.251863
2025-05-16 16:00:00+00:00,199.55835,14.517644
2025-05-16 17:00:00+00:00,196.50444,15.206538
2025-05-16 18:00:00+00:00,216.25392,16.740969
2025-05-16 19:00:00+00:00,217.98355,16.671148
2025-05-16 20:00:00+00:00,225.86795,16.802786
2025-05-16 21:00:00+00:00,235.42574,16.176983
2025-05-16 22:00:00+00:00,233.74606,16.740969
2025-05-16 23:00:00+00:00,230.84457,16.248924
2025-05-17 00:00:00+00:00,230.37103,14.957339
2025-05-17 01:00:00+00:00,237.63338,15.130711
2025-05-17 02:00:00+00:00,235.2039,12.932471
2025-05-17 03:00:00+00:00,247.8336,15.743571
2025-05-17 04:00:00+00:00,251.37204,16.90563
2025-05-17 05:00:00+00:00,246.57129,17.655605
2025-05-17 06:00:00+00:00,241.34297,17.640919
2025-05-17 07:00:00+00:00,240.32701,17.816362
2025-05-17 08:00:00+00:00,240.11356,18.06199
2025-05-17 09:00:00+00:00,240.77205,17.325874
2025-05-17 10:00:00+00:00,240.57263,16.1198
2025-05-17 11:00:00+00:00,236.67369,15.726067
2025-05-17 12:00:00+00:00,235.59148,15.926694
2025-05-17 13:00:00+00:00,231.44951,14.730336
2025-05-17 14:00:00+00:00,219.09384,14.84318
2025-05-17 15:00:00+00:00,214.6112,15.528064
2025-05-17 16:00:00+00:00,214.3804,16.575644
2025-05-17 17:00:00+00:00,211.94472,18.030575
2025-05-17 18:00:00+00:00,221.34767,17.982891
2025-05-17 19:00:00+00:00,220.20009,16.732256
2025-05-17 20:00:00+00:00,219.62897,14.957339
2025-05-17 21:00:00+00:00,229.63554,14.174356
2025-05-17 22:00:00+00:00,230.01317,14.565548
2025-05-17 23:00:00+00:00,225.95474,15.275627
2025-05-18 00:00:00+00:00,222.13753,15.292585
2025-05-18 01:00:00+00:00,223.50572,14.64209
2025-05-18 02:00:00+00:00,225.62952,11.583108
2025-05-18 03:00:00+00:00,234.61964,15.233148
2025-05-18 04:00:00+00:00,237.78348,15.531193
2025-05-18 05:00:00+00:00,235.26508,16.427402
2025-05-18 06:00:00+00:00,232.17719,17.318394
2025-05-18 07:00:00+00:00,232.78348,17.856325
2025-05-18 08:00:00+00:00,233.59114,17.892578
2025-05-18 09:00:00+00:00,237.75005,17.878086
2025-05-18 10:00:00+00:00,244.24957,16.986889
2025-05-18 11:00:00+00:00,244.5367,16.746773
2025-05-18 12:00:00+00:00,244.01082,16.019999
2025-05-18 13:00:00+00:00,232.72174,15.156384
2025-05-18 14:00:00+00:00,221.3254,13.902015
2025-05-18 15:00:00+00:00,214.07724,14.77755
2025-05-18 16:00:00+00:00,213.11134,14.827893
2025-05-18 17:00:00+00:00,213.31064,15.077082
2025-05-18 18:00:00+00:00,211.20045,14.941085
2025-05-18 19:00:00+00:00,205.92485,14.410121
2025-05-18 20:00:00+00:00,217.8158,15.266079
2025-05-18 21:00:00+00:00,231.43471,17.035456
2025-05-18 22:00:00+00:00,234.07141,15.338071
2025-05-18 23:00:00+00:00,230.94687,12.284918
2025-05-19 00:00:00+00:00,221.42357,12.242646
2025-05-19 01:00:00+00:00,197.61267,11.897714
2025-05-19 02:00:00+00:00,212.22873,9.7880945
2025-05-19 03:00:00+00:00,228.01286,14.529915
2025-05-19 04:00:00+00:00,230.19447,15.4642935
2025-05-19 05:00:00+00:00,227.12111,17.194475
2025-05-19 06:00:00+00:00,227.92505,17.46
2025-05-19 07:00:00+00:00,230.8774,17.401447
2025-05-19 08:00:00+00:00,232.17719,17.318394
2025-05-19 09:00:00+00:00,229.46094,18.000898
2025-05-19 10:00:00+00:00,230.40382,18.921415
2025-05-19 11:00:00+00:00,231.34016,18.440998
2025-05-19 12:00:00+00:00,232.89568,17.604149
2025-05-19 13:00:00+00:00,236.49654,15.3264475
2025-05-19 14:00:00+00:00,230.19447,14.05845
2025-05-19 15:00:00+00:00,222.18437,15.546833
2025-05-19 16:00:00+00:00,226.39711,15.659999
2025-05-19 17:00:00+00:00,226.87785,15.536408
2025-05-19 18:00:00+00:00,230.11047,15.717823
2025-05-19 19:00:00+00:00,231.56267,14.477417
2025-05-19 20:00:00+00:00,229.39879,14.935662
2025-05-19 21:00:00+00:00,231.44951,14.730336
2025-05-19 22:00:00+00:00,221.25691,13.647988
2025-05-19 23:00:00+00:00,227.72636,13.379461
2025-05-20 00:00:00+00:00,241.09091,13.776762
2025-05-20 01:00:00+00:00,244.41153,14.169785
2025-05-20 02:00:00+00:00,244.17906,12.397806
2025-05-20 03:00:00+00:00,248.07036,14.941083
2025-05-20 04:00:00+00:00,253.87234,15.552041
2025-05-20 05:00:00+00:00,256.40903,16.851885
2025-05-20 06:00:00+00:00,255.35258,16.372087
2025-05-20 07:00:00+00:00,253.36897,14.465102
2025-05-20 08:00:00+00:00,253.61038,12.758432
2025-05-20 09:00:00+00:00,256.8094,11.832176
2025-05-20 10:00:00+00:00,261.46933,10.920824
2025-05-20 11:00:00+00:00,275.28998,9.761578
2025-05-20 12:00:00+00:00,291.318,7.9220443
2025-05-20 13:00:00+00:00,271.33218,7.7420926
2025-05-20 14:00:00+00:00,284.03625,5.937272
2025-05-20 15:00:00+00:00,258.3664,6.2483597
2025-05-20 16:00:00+00:00,216.86998,12.599998
2025-05-20 17:00:00+00:00,224.9999,14.76439
2025-05-20 18:00:00+00:00,221.30852,15.815435
2025-05-20 19:00:00+00:00,226.76236,16.554129
2025-05-20 20:00:00+00:00,234.90411,16.279802
2025-05-20 21:00:00+00:00,243.7414,15.053425
2025-05-20 22:00:00+00:00,234.02751,13.789691
2025-05-20 23:00:00+00:00,223.29869,12.86087
2025-05-21 00:00:00+00:00,226.66829,13.115319
2025-05-21 01:00:00+00:00,229.86458,12.007498
2025-05-21 02:00:00+00:00,236.6336,8.836514
2025-05-21 03:00:00+00:00,244.50249,12.9625
2025-05-21 04:00:00+00:00,248.19853,14.539945
2025-05-21 05:00:00+00:00,250.59393,16.794106
2025-05-21 06:00:00+00:00,249.71735,17.654688
2025-05-21 07:00:00+00:00,251.75404,17.247156
2025-05-21 08:00:00+00:00,253.68607,15.379206
2025-05-21 09:00:00+00:00,253.44284,13.896187
2025-05-21 10:00:00+00:00,252.55272,13.207634
2025-05-21 11:00:00+00:00,258.85715,12.108261
2025-05-21 12:00:00+00:00,259.43903,10.8029995
2025-05-21 13:00:00+00:00,255.37909,12.835653
2025-05-21 14:00:00+00:00,249.92838,9.965239
2025-05-21 15:00:00+00:00,242.81897,7.4867883
2025-05-21 16:00:00+00:00,223.31535,8.65873
2025-05-21 17:00:00+00:00,223.11183,11.5887
2025-05-21 18:00:00+00:00,226.4202,15.405519
2025-05-21 19:00:00+00:00,227.15297,16.940096
2025-05-21 20:00:00+00:00,223.7812,17.95043
2025-05-21 21:00:00+00:00,235.6196,16.575644
2025-05-21 22:00:00+00:00,239.9315,15.807239
2025-05-21 23:00:00+00:00,244.59233,15.941944
2025-05-22 00:00:00+00:00,251.16147,16.165964
2025-05-22 01:00:00+00:00,231.51978,8.967541
2025-05-22 02:00:00+00:00,220.73201,8.55142
2025-05-22 03:00:00+00:00,241.55717,9.826088
2025-05-22 04:00:00+00:00,230.6307,9.080639
2025-05-22 05:00:00+00:00,237.38077,10.685391
2025-05-22 06:00:00+00:00,243.43501,12.879752
2025-05-22 07:00:00+00:00,245.37645,14.256409
2025-05-22 08:00:00+00:00,245.67444,14.420235
2025-05-22 09:00:00+00:00,250.0835,13.210087
2025-05-22 10:00:00+00:00,260.0959,11.5115595
2025-05-22 11:00:00+00:00,274.61057,11.196231
2025-05-22 12:00:00+00:00,285.94547,11.793777
2025-05-22 13:00:00+00:00,301.29297,10.742848
2025-05-22 14:00:00+00:00,283.57043,10.739833
2025-05-22 15:00:00+00:00,257.4712,11.616627
2025-05-22 16:00:00+00:00,229.63554,9.449572
2025-05-22 17:00:00+00:00,214.24908,10.234705
2025-05-22 18:00:00+00:00,211.84901,13.985663
2025-05-22 19:00:00+00:00,242.35411,12.801531
2025-05-22 20:00:00+00:00,226.80872,12.097553
2025-05-22 21:00:00+00:00,315.0001,2.8001428
2025-05-22 22:00:00+00:00,222.5104,2.9301877
2025-05-22 23:00:00+00:00,226.24529,11.712454
2025-05-23 00:00:00+00:00,235.58157,11.782784
2025-05-23 01:00:00+00:00,241.58743,12.483748
2025-05-23 02:00:00+00:00,263.77426,9.9587345
2025-05-23 03:00:00+00:00,267.99048,10.266314
2025-05-23 04:00:00+00:00,271.97488,10.446206
2025-05-23 05:00:00+00:00,276.11542,10.1376915
2025-05-23 06:00:00+00:00,283.13403,11.090103
2025-05-23 07:00:00+00:00,292.5431,10.32924
2025-05-23 08:00:00+00:00,302.7352,8.9873905
2025-05-23 09:00:00+00:00,313.26434,8.404285
2025-05-23 10:00:00+00:00,320.90613,7.42159
2025-05-23 11:00:00+00:00,324.09018,6.444905
2025-05-23 12:00:00+00:00,315.0001,6.618519
2025-05-23 13:00:00+00:00,257.90524,5.1544156
2025-05-23 14:00:00+00:00,251.0295,6.0908127
2025-05-23 15:00:00+00:00,340.9743,5.5216303
2025-05-23 16:00:00+00:00,59.03632,5.2478566
2025-05-23 17:00:00+00:00,90.92403,11.16145
2025-05-23 18:00:00+00:00,94.08554,10.105681
2025-05-23 19:00:00+00:00,62.65021,11.753877
2025-05-23 20:00:00+00:00,84.52272,13.200273
2025-05-23 21:00:00+00:00,160.70985,11.442394
2025-05-23 22:00:00+00:00,68.19853,7.754637
2025-05-23 23:00:00+00:00,106.9276,8.654986
2025-05-24 00:00:00+00:00,123.6901,7.1389914
2025-05-24 01:00:00+00:00,106.9276,4.327493
2025-05-24 02:00:00+00:00,126.15828,5.796447
2025-05-24 03:00:00+00:00,167.00539,2.4014995
2025-05-24 04:00:00+00:00,63.435013,2.8174455
2025-05-24 05:00:00+00:00,79.28693,6.778141
2025-05-24 06:00:00+00:00,92.60251,7.928178
2025-05-24 07:00:00+00:00,100.30479,6.037383
2025-05-24 08:00:00+00:00,57.99466,3.396233
2025-05-24 09:00:00+00:00,17.354122,6.0347
2025-05-24 10:00:00+00:00,24.623547,9.504273
2025-05-24 11:00:00+00:00,33.206593,11.832176
2025-05-24 12:00:00+00:00,48.179924,13.767352
2025-05-24 13:00:00+00:00,220.10085,8.942214
2025-05-24 14:00:00+00:00,281.76825,4.412754
2025-05-24 15:00:00+00:00,30.068504,11.855429
2025-05-24 16:00:00+00:00,7.12493,17.414476
2025-05-24 17:00:00+00:00,26.716562,30.42852
2025-05-24 18:00:00+00:00,47.544853,22.932877
2025-05-24 19:00:00+00:00,71.384224,18.044046
2025-05-24 20:00:00+00:00,68.47733,13.737904
2025-05-24 21:00:00+00:00,80.24765,11.688918
2025-05-24 22:00:00+00:00,33.070686,9.236298
2025-05-24 23:00:00+00:00,72.47434,10.759423
2025-05-25 00:00:00+00:00,84.2895,10.853866
2025-05-25 01:00:00+00:00,97.88305,11.811622
2025-05-25 02:00:00+00:00,115.083565,9.340941
2025-05-25 03:00:00+00:00,132.33694,10.957846
2025-05-25 04:00:00+00:00,144.34459,10.1902895
2025-05-25 05:00:00+00:00,162.3498,8.311245
2025-05-25 06:00:00+00:00,161.56496,4.5536795
2025-05-25 07:00:00+00:00,345.9637,0.742159
2025-05-25 08:00:00+00:00,360.0,4.5
2025-05-25 09:00:00+00:00,9.210952,6.7469993
2025-05-25 10:00:00+00:00,13.392516,7.771331
2025-05-25 11:00:00+00:00,9.865748,8.4042845
2025-05-25 12:00:00+00:00,6.2418275,11.588701
2025-05-25 13:00:00+00:00,49.674248,20.304926
2025-05-25 14:00:00+00:00,52.917427,19.404133
2025-05-25 15:00:00+00:00,52.177197,17.318394
2025-05-25 16:00:00+00:00,58.627052,17.287498
2025-05-25 17:00:00+00:00,72.73411,13.948548
2025-05-25 18:00:00+00:00,80.53775,13.138765
2025-05-25 19:00:00+00:00,73.009094,13.5515
2025-05-25 20:00:00+00:00,70.559875,12.979984
2025-05-25 21:00:00+00:00,67.86446,11.465024
2025-05-25 22:00:00+00:00,53.530666,10.296251
2025-05-25 23:00:00+00:00,38.21107,10.766949
2025-05-26 00:00:00+00:00,44.292767,10.310402
2025-05-26 01:00:00+00:00,37.746864,7.056826
2025-05-26 02:00:00+00:00,22.988754,6.452441
2025-05-26 03:00:00+00:00,36.027473,7.344794
2025-05-26 04:00:00+00:00,38.65983,8.067936
2025-05-26 05:00:00+00:00,19.855309,6.889557
2025-05-26 06:00:00+00:00,12.528798,8.297589
2025-05-26 07:00:00+00:00,12.99463,9.605998
2025-05-26 08:00:00+00:00,14.281137,10.215693
2025-05-26 09:00:00+00:00,10.560966,10.8029995
2025-05-26 10:00:00+00:00,9.90412,11.5115595
2025-05-26 11:00:00+00:00,10.060627,11.334284
2025-05-26 12:00:00+00:00,2.4894993,12.431734
2025-05-26 13:00:00+00:00,39.68541,10.993271
2025-05-26 14:00:00+00:00,43.53127,9.931042
2025-05-26 15:00:00+00:00,53.530666,10.296251
2025-05-26 16:00:00+00:00,54.688713,10.587918
2025-05-26 17:00:00+00:00,60.852028,10.717182
2025-05-26 18:00:00+00:00,69.10216,10.597094
2025-05-26 19:00:00+00:00,75.73545,10.957847
2025-05-26 20:00:00+00:00,91.84757,11.165805
2025-05-26 21:00:00+00:00,96.91113,11.966953
2025-05-26 22:00:00+00:00,88.9584,9.901636
2025-05-26 23:00:00+00:00,90.0,8.64
2025-05-27 00:00:00+00:00,96.70974,9.243311
2025-05-27 01:00:00+00:00,98.58354,9.6480665
2025-05-27 02:00:00+00:00,96.072365,8.507737
2025-05-27 03:00:00+00:00,108.06056,8.709098
2025-05-27 04:00:00+00:00,111.541046,7.353611
2025-05-27 05:00:00+00:00,107.241554,5.4656014
2025-05-27 06:00:00+00:00,93.17977,3.244996
2025-05-27 07:00:00+00:00,47.72637,2.6758924
2025-05-27 08:00:00+00:00,32.275623,4.0449967
2025-05-27 09:00:00+00:00,18.435053,5.6920996
2025-05-27 10:00:00+00:00,33.6901,5.8409934
2025-05-27 11:00:00+00:00,67.06787,5.0816135
2025-05-27 12:00:00+00:00,86.98728,3.4247334
2025-05-27 13:00:00+00:00,97.12492,2.9024127
2025-05-27 14:00:00+00:00,301.60745,2.7475805
2025-05-27 15:00:00+00:00,12.407412,9.215226
2025-05-27 16:00:00+00:00,46.432037,10.185519
2025-05-27 17:00:00+00:00,33.407852,10.134495
2025-05-27 18:00:00+00:00,51.6048,12.172312
2025-05-27 19:00:00+00:00,84.14409,14.113653
2025-05-27 20:00:00+00:00,90.763885,13.5012
2025-05-27 21:00:00+00:00,101.3099,13.767352
2025-05-27 22:00:00+00:00,113.962494,14.182355
2025-05-27 23:00:00+00:00,121.464096,14.138882
2025-05-28 00:00:00+00:00,124.85453,12.283599
2025-05-28 01:00:00+00:00,122.94922,11.583109
2025-05-28 02:00:00+00:00,131.08165,9.313152
2025-05-28 03:00:00+00:00,142.59457,11.556504
2025-05-28 04:00:00+00:00,144.46223,10.83893
2025-05-28 05:00:00+00:00,109.798965,9.565437
2025-05-28 06:00:00+00:00,86.56644,9.016185
2025-05-28 07:00:00+00:00,60.42226,7.6579366
2025-05-28 08:00:00+00:00,49.76372,9.1958685
2025-05-28 09:00:00+00:00,48.468323,8.415842
2025-05-28 10:00:00+00:00,56.3099,7.1389914
2025-05-28 11:00:00+00:00,60.461315,6.2067385
2025-05-28 12:00:00+00:00,60.1012,8.305396
2025-05-28 13:00:00+00:00,315.95474,15.275627
2025-05-28 14:00:00+00:00,316.82407,19.99297
2025-05-28 15:00:00+00:00,330.06857,6.854195
2025-05-28 16:00:00+00:00,14.620926,8.557102
2025-05-28 17:00:00+00:00,101.3099,8.260411
2025-05-28 18:00:00+00:00,148.44867,12.039833
2025-05-28 19:00:00+00:00,156.44772,7.6579366
2025-05-28 20:00:00+00:00,146.3099,9.734988
2025-05-28 21:00:00+00:00,155.82089,9.668195
2025-05-28 22:00:00+00:00,170.53775,7.6642804
2025-05-28 23:00:00+00:00,177.39749,7.928178
2025-05-29 00:00:00+00:00,169.3804,8.790563
2025-05-29 01:00:00+00:00,237.42595,7.689603
2025-05-29 02:00:00+00:00,242.52565,5.072041
2025-05-29 03:00:00+00:00,211.82741,6.1437774
2025-05-29 04:00:00+00:00,206.56499,6.439876
2025-05-29 05:00:00+00:00,220.426,6.384293
2025-05-29 06:00:00+00:00,230.44037,5.369916
2025-05-29 07:00:00+00:00,235.71307,4.7928696
2025-05-29 08:00:00+00:00,227.86247,5.0975285
2025-05-29 09:00:00+00:00,237.99466,5.09435
2025-05-29 10:00:00+00:00,245.22488,5.154415
2025-05-29 11:00:00+00:00,244.20403,11.995349
2025-05-29 12:00:00+00:00,334.53668,8.373386
2025-05-29 13:00:00+00:00,192.5288,13.276144
2025-05-29 14:00:00+00:00,191.0409,15.03835
2025-05-29 15:00:00+00:00,227.29063,9.5535755
2025-05-29 16:00:00+00:00,228.36655,8.669949
2025-05-29 17:00:00+00:00,174.3825,11.032987
2025-05-29 18:00:00+00:00,182.45398,12.611567
2025-05-29 19:00:00+00:00,195.87125,19.087639
2025-05-29 20:00:00+00:00,206.83397,17.146358
2025-05-29 21:00:00+00:00,204.02025,18.13003
2025-05-29 22:00:00+00:00,208.61037,18.043148
2025-05-29 23:00:00+00:00,220.81499,15.697197
2025-05-30 00:00:00+00:00,224.57564,17.183167
2025-05-30 01:00:00+00:00,40.601215,3.319036
2025-05-30 02:00:00+00:00,143.97253,7.344794
2025-05-30 03:00:00+00:00,173.19104,12.145665
2025-05-30 04:00:00+00:00,175.23645,8.669949
2025-05-30 05:00:00+00:00,194.34937,7.989243
2025-05-30 06:00:00+00:00,198.88618,7.229191
2025-05-30 07:00:00+00:00,204.77512,5.154415
2025-05-30 08:00:00+00:00,238.67136,4.846648
2025-05-30 09:00:00+00:00,250.9064,4.952453
2025-05-30 10:00:00+00:00,270.0,2.6999998
2025-05-30 11:00:00+00:00,294.77512,2.5772076
2025-05-30 12:00:00+00:00,286.18927,5.8104043
2025-05-30 13:00:00+00:00,263.41815,9.422101
2025-05-30 14:00:00+00:00,258.23172,4.412754
2025-05-30 15:00:00+00:00,176.6336,6.130579
2025-05-30 16:00:00+00:00,184.84392,10.658068
2025-05-30 17:00:00+00:00,206.56499,16.50218
2025-05-30 18:00:00+00:00,200.62996,16.34832
2025-05-30 19:00:00+00:00,200.0373,16.285772
2025-05-30 20:00:00+00:00,206.86974,15.133923
2025-05-30 21:00:00+00:00,205.2011,13.527572
2025-05-30 22:00:00+00:00,204.92845,14.092977
2025-05-30 23:00:00+00:00,196.42938,14.637663
2025-05-31 00:00:00+00:00,194.03627,13.358861
2025-05-31 01:00:00+00:00,191.9293,13.062098
2025-05-31 02:00:00+00:00,196.16457,12.931218
2025-05-31 03:00:00+00:00,207.09547,17.388409
2025-05-31 04:00:00+00:00,218.02728,17.823637
2025-05-31 05:00:00+00:00,223.26433,16.80857
2025-05-31 06:00:00+00:00,228.87135,16.966848
2025-05-31 07:00:00+00:00,238.51259,16.886456
2025-05-31 08:00:00+00:00,247.47939,15.978484
2025-05-31 09:00:00+00:00,246.52899,14.913952
2025-05-31 10:00:00+00:00,238.69594,15.589497
2025-05-31 11:00:00+00:00,238.06158,16.332458
2025-05-31 12:00:00+00:00,230.28128,15.210799
2025-05-31 13:00:00+00:00,215.15425,15.631007
2025-05-31 14:00:00+00:00,204.55043,16.029099
2025-05-31 15:00:00+00:00,199.44012,16.22498
2025-05-31 16:00:00+00:00,206.56499,18.514643
2025-05-31 17:00:00+00:00,208.2074,22.468296
2025-05-31 18:00:00+00:00,212.16435,20.625517
2025-05-31 19:00:00+00:00,211.13025,21.238474
2025-05-31 20:00:00+00:00,219.35173,23.277834
2025-05-31 21:00:00+00:00,229.34332,20.168034
2025-05-31 22:00:00+00:00,230.19447,18.275984
2025-05-31 23:00:00+00:00,235.6196,16.575644
2025-06-01 00:00:00+00:00,224.9999,17.81909
2025-06-01 01:00:00+00:00,228.75865,17.47484
2025-06-01 02:00:00+00:00,233.017,18.252037
2025-06-01 03:00:00+00:00,230.7928,17.654688
2025-06-01 04:00:00+00:00,229.7999,16.732256
2025-06-01 05:00:00+00:00,227.72636,16.055355
2025-06-01 06:00:00+00:00,227.81563,15.546833
2025-06-01 07:00:00+00:00,232.0012,14.618837
2025-06-01 08:00:00+00:00,236.09369,13.229693
2025-06-01 09:00:00+00:00,246.57129,11.770403
2025-06-01 10:00:00+00:00,255.74994,11.700001
2025-06-01 11:00:00+00:00,250.6651,10.873251
2025-06-01 12:00:00+00:00,242.44727,9.339208
2025-06-01 13:00:00+00:00,199.48622,12.410866
2025-06-01 14:00:00+00:00,190.04929,14.4415655
2025-06-01 15:00:00+00:00,197.79608,15.312701
2025-06-01 16:00:00+00:00,206.25859,15.053425
2025-06-01 17:00:00+00:00,209.21915,12.16832
2025-06-01 18:00:00+00:00,211.09724,13.243156
2025-06-01 19:00:00+00:00,205.05759,15.299999
2025-06-01 20:00:00+00:00,214.69522,14.230248
2025-06-01 21:00:00+00:00,217.51918,12.708815
2025-06-01 22:00:00+00:00,220.39983,11.1090765
2025-06-01 23:00:00+00:00,209.98155,10.805998
2025-06-02 00:00:00+00:00,211.4295,11.391313
2025-06-02 01:00:00+00:00,197.71588,13.605189
2025-06-02 02:00:00+00:00,205.01686,11.91812
2025-06-02 03:00:00+00:00,210.96368,14.693999
2025-06-02 04:00:00+00:00,220.12604,16.478603
2025-06-02 05:00:00+00:00,228.41669,17.085785
2025-06-02 06:00:00+00:00,234.90411,16.279802
2025-06-02 07:00:00+00:00,236.68936,15.077082
2025-06-02 08:00:00+00:00,240.173,15.561414
2025-06-02 09:00:00+00:00,229.76372,15.3264475
2025-06-02 10:00:00+00:00,242.59251,16.42346
2025-06-02 11:00:00+00:00,271.90912,10.805999
2025-06-02 12:00:00+00:00,264.22577,16.1017
2025-06-02 13:00:00+00:00,55.58158,11.782784
2025-06-02 14:00:00+00:00,79.79609,18.289274
2025-06-02 15:00:00+00:00,90.63658,16.201
2025-06-02 16:00:00+00:00,115.37771,15.539537
2025-06-02 17:00:00+00:00,138.01286,16.951565
2025-06-02 18:00:00+00:00,135.0001,13.746156
2025-06-02 19:00:00+00:00,127.07316,10.152064
2025-06-02 20:00:00+00:00,176.98727,10.2742
2025-06-02 21:00:00+00:00,179.38396,16.740969
2025-06-02 22:00:00+00:00,173.26004,19.937794
2025-06-02 23:00:00+00:00,172.61404,19.602652
2025-06-03 00:00:00+00:00,181.12328,18.36353
2025-06-03 01:00:00+00:00,190.1246,15.359179
2025-06-03 02:00:00+00:00,25.101578,22.06377
2025-06-03 03:00:00+00:00,102.74529,15.501959
2025-06-03 04:00:00+00:00,146.57516,10.783486
2025-06-03 05:00:00+00:00,173.95601,15.385525
2025-06-03 06:00:00+00:00,179.25595,13.861168
2025-06-03 07:00:00+00:00,171.86998,7.6367526
2025-06-03 08:00:00+00:00,182.33725,8.827344
2025-06-03 09:00:00+00:00,173.29025,12.324414
2025-06-03 10:00:00+00:00,146.74562,13.130133
2025-06-03 11:00:00+00:00,151.14444,10.070353
2025-06-03 12:00:00+00:00,222.08908,7.519175
2025-06-03 13:00:00+00:00,115.01687,11.91812
2025-06-03 14:00:00+00:00,109.90384,11.103243
2025-06-03 15:00:00+00:00,122.78428,12.632101
2025-06-03 16:00:00+00:00,132.95459,14.264361
2025-06-03 17:00:00+00:00,136.14568,12.730467
2025-06-03 18:00:00+00:00,148.60979,12.440851
2025-06-03 19:00:00+00:00,161.82188,12.69351
2025-06-03 20:00:00+00:00,170.09589,11.5115595
2025-06-03 21:00:00+00:00,161.20001,8.936777
2025-06-03 22:00:00+00:00,174.09395,10.495713
2025-06-03 23:00:00+00:00,189.60513,11.866355
2025-06-04 00:00:00+00:00,203.8865,13.78029
2025-06-04 01:00:00+00:00,124.82456,5.0432134
2025-06-04 02:00:00+00:00,152.6502,5.8769383
2025-06-04 03:00:00+00:00,187.90707,6.542201
2025-06-04 04:00:00+00:00,222.64667,9.299225
2025-06-04 05:00:00+00:00,241.0491,9.668195
2025-06-04 06:00:00+00:00,250.0168,8.427383
2025-06-04 07:00:00+00:00,231.14662,8.320986
2025-06-04 08:00:00+00:00,214.85452,12.283599
2025-06-04 09:00:00+00:00,212.86867,13.929953
2025-06-04 10:00:00+00:00,214.0194,8.6867485
2025-06-04 11:00:00+00:00,227.72638,10.703569
2025-06-04 12:00:00+00:00,226.77144,12.351987
2025-06-04 13:00:00+00:00,224.9999,5.0911684
2025-06-04 14:00:00+00:00,166.75948,3.143565
2025-06-04 15:00:00+00:00,160.11475,8.996398
2025-06-04 16:00:00+00:00,160.55988,9.734987
2025-06-04 17:00:00+00:00,187.27492,8.528657
2025-06-04 18:00:00+00:00,210.96368,15.743569
2025-06-04 19:00:00+00:00,212.15227,14.88242
2025-06-04 20:00:00+00:00,218.65984,5.7628117
2025-06-04 21:00:00+00:00,164.74483,2.0523157
2025-06-04 22:00:00+00:00,164.74483,2.0523157
2025-06-04 23:00:00+00:00,199.9832,4.2136917
2025-06-05 00:00:00+00:00,231.58191,6.6624317
2025-06-05 01:00:00+00:00,158.06146,13.971756
2025-06-05 02:00:00+00:00,144.46223,9.290511
2025-06-05 03:00:00+00:00,115.55992,4.5891175
2025-06-05 04:00:00+00:00,74.309944,16.640022
2025-06-05 05:00:00+00:00,132.03899,14.784126
2025-06-05 06:00:00+00:00,155.09526,11.113451
2025-06-05 07:00:00+00:00,209.7448,7.256032
2025-06-05 08:00:00+00:00,242.928,9.096681
2025-06-05 09:00:00+00:00,251.56496,8.538149
2025-06-05 10:00:00+00:00,250.76923,8.197414
2025-06-05 11:00:00+00:00,249.67677,10.365251
2025-06-05 12:00:00+00:00,247.86446,11.465024
2025-06-05 13:00:00+00:00,251.56496,5.12289
2025-06-05 14:00:00+00:00,315.0001,2.5455842
2025-06-05 15:00:00+00:00,39.55964,5.369916
2025-06-05 16:00:00+00:00,73.300674,3.7585104
2025-06-05 17:00:00+00:00,143.97253,2.4482648
2025-06-05 18:00:00+00:00,360.0,2.34
2025-06-05 19:00:00+00:00,192.26476,4.2366967
2025-06-05 20:00:00+00:00,213.6901,12.979984
2025-06-05 21:00:00+00:00,236.6336,8.836514
2025-06-05 22:00:00+00:00,246.50142,9.028754
2025-06-05 23:00:00+00:00,265.42615,9.028754
2025-06-06 00:00:00+00:00,250.82089,8.766573
2025-06-06 01:00:00+00:00,226.63654,8.913181
2025-06-06 02:00:00+00:00,247.75093,8.557102
2025-06-06 03:00:00+00:00,253.61038,9.568824
2025-06-06 04:00:00+00:00,260.53775,13.138765
2025-06-06 05:00:00+00:00,266.82022,12.979984
2025-06-06 06:00:00+00:00,276.3401,13.039754
2025-06-06 07:00:00+00:00,287.2659,13.948548
2025-06-06 08:00:00+00:00,294.8293,13.288341
2025-06-06 09:00:00+00:00,298.5399,11.679212
2025-06-06 10:00:00+00:00,299.87592,9.7565975
2025-06-06 11:00:00+00:00,290.80685,9.627896
2025-06-06 12:00:00+00:00,287.2816,8.482947
2025-06-06 13:00:00+00:00,248.19853,10.662626
2025-06-06 14:00:00+00:00,270.89514,11.521406
2025-06-06 15:00:00+00:00,293.6294,9.430695
2025-06-06 16:00:00+00:00,274.08554,5.0528407
2025-06-06 17:00:00+00:00,183.57626,2.8856194
2025-06-06 18:00:00+00:00,146.3099,1.9469976
2025-06-06 19:00:00+00:00,190.6196,2.9301877
2025-06-06 20:00:00+00:00,203.49858,9.028754
2025-06-06 21:00:00+00:00,214.24908,10.234705
2025-06-06 22:00:00+00:00,221.71066,11.091564
2025-06-06 23:00:00+00:00,230.57222,10.486448
2025-06-07 00:00:00+00:00,231.84273,9.614426
2025-06-07 01:00:00+00:00,243.43501,10.464797
2025-06-07 02:00:00+00:00,241.99092,9.582358
2025-06-07 03:00:00+00:00,246.66594,9.997699
2025-06-07 04:00:00+00:00,254.57777,10.829959
2025-06-07 05:00:00+00:00,252.75845,10.931203
2025-06-07 06:00:00+00:00,256.86597,11.090103
2025-06-07 07:00:00+00:00,262.01077,10.360559
2025-06-07 08:00:00+00:00,268.93912,9.721666
2025-06-07 09:00:00+00:00,280.73883,10.6261
2025-06-07 10:00:00+00:00,296.99576,10.706596
2025-06-07 11:00:00+00:00,311.98712,9.686609
2025-06-07 12:00:00+00:00,332.52567,10.144082
2025-06-07 13:00:00+00:00,354.40076,9.224011
2025-06-07 14:00:00+00:00,316.73566,4.2021427
2025-06-07 15:00:00+00:00,209.7448,1.4512063
2025-06-07 16:00:00+00:00,171.86998,1.2727921
2025-06-07 17:00:00+00:00,176.09958,7.9383874
2025-06-07 18:00:00+00:00,169.91946,8.227004
2025-06-07 19:00:00+00:00,174.14407,7.0568266
2025-06-07 20:00:00+00:00,199.65392,8.027677
2025-06-07 21:00:00+00:00,231.009,9.726664
2025-06-07 22:00:00+00:00,252.52513,10.1902895
2025-06-07 23:00:00+00:00,252.69939,11.500296
2025-06-08 00:00:00+00:00,253.93994,12.362475
2025-06-08 01:00:00+00:00,256.65128,10.914888
2025-06-08 02:00:00+00:00,253.77974,10.310403
2025-06-08 03:00:00+00:00,257.125,12.9249525
2025-06-08 04:00:00+00:00,254.26793,13.277364
2025-06-08 05:00:00+00:00,252.78384,13.379461
2025-06-08 06:00:00+00:00,256.32867,13.708391
2025-06-08 07:00:00+00:00,263.41815,14.133153
2025-06-08 08:00:00+00:00,270.74405,13.861168
2025-06-08 09:00:00+00:00,276.84268,13.596852
2025-06-08 10:00:00+00:00,282.5288,13.276144
2025-06-08 11:00:00+00:00,287.928,12.864649
2025-06-08 12:00:00+00:00,291.29742,11.39842
2025-06-08 13:00:00+00:00,281.76825,8.825508
2025-06-08 14:00:00+00:00,255.2564,10.609316
2025-06-08 15:00:00+00:00,245.34412,12.081473
2025-06-08 16:00:00+00:00,245.9245,9.266067
2025-06-08 17:00:00+00:00,240.25522,10.158444
2025-06-08 18:00:00+00:00,232.96953,12.85205
2025-06-08 19:00:00+00:00,261.2539,14.205182
2025-06-08 20:00:00+00:00,263.91156,13.576582
2025-06-08 21:00:00+00:00,245.83337,15.388685
2025-06-08 22:00:00+00:00,249.20581,15.210799
2025-06-08 23:00:00+00:00,254.3577,14.019216
2025-06-09 00:00:00+00:00,260.53775,13.138765
2025-06-09 01:00:00+00:00,263.24652,13.775586
2025-06-09 02:00:00+00:00,260.9422,12.576836
2025-06-09 03:00:00+00:00,261.09836,15.122143
2025-06-09 04:00:00+00:00,259.1145,14.297258
2025-06-09 05:00:00+00:00,260.07382,14.618837
2025-06-09 06:00:00+00:00,264.92047,16.263872
2025-06-09 07:00:00+00:00,265.74124,16.966848
2025-06-09 08:00:00+00:00,265.33322,17.698677
2025-06-09 09:00:00+00:00,262.32114,16.16496
2025-06-09 10:00:00+00:00,261.2539,14.205182
2025-06-09 11:00:00+00:00,264.5227,13.200273
2025-06-09 12:00:00+00:00,267.67853,13.330941
2025-06-09 13:00:00+00:00,264.7262,11.749741
2025-06-09 14:00:00+00:00,257.692,10.132897
2025-06-09 15:00:00+00:00,251.86182,10.9859
2025-06-09 16:00:00+00:00,238.64297,13.4903965
2025-06-09 17:00:00+00:00,244.7989,16.909464
2025-06-09 18:00:00+00:00,247.87361,17.682194
2025-06-09 19:00:00+00:00,241.34297,17.640919
2025-06-09 20:00:00+00:00,238.73633,17.688606
2025-06-09 21:00:00+00:00,242.40279,17.873556
2025-06-09 22:00:00+00:00,251.56496,17.076298
2025-06-09 23:00:00+00:00,251.56496,15.937878
2025-06-10 00:00:00+00:00,250.0168,16.854767
2025-06-10 01:00:00+00:00,252.1597,16.451052
2025-06-10 02:00:00+00:00,246.71391,15.481046
2025-06-10 03:00:00+00:00,242.00294,16.10472
2025-06-10 04:00:00+00:00,237.18863,16.276815
2025-06-10 05:00:00+00:00,237.99466,16.981165
2025-06-10 06:00:00+00:00,241.06009,17.483181
2025-06-10 07:00:00+00:00,243.17809,17.951334
2025-06-10 08:00:00+00:00,243.69905,17.468348
2025-06-10 09:00:00+00:00,242.8504,15.778518
2025-06-10 10:00:00+00:00,241.8439,14.49531
2025-06-10 11:00:00+00:00,236.74562,13.130133
2025-06-10 12:00:00+00:00,226.80872,12.097553
2025-06-10 13:00:00+00:00,214.75598,10.735306
2025-06-10 14:00:00+00:00,204.44394,13.049689
2025-06-10 15:00:00+00:00,209.98155,16.208998
2025-06-10 16:00:00+00:00,212.57405,15.379206
2025-06-10 17:00:00+00:00,215.89276,16.886454
2025-06-10 18:00:00+00:00,223.7812,17.95043
2025-06-10 19:00:00+00:00,229.59062,17.49337
2025-06-10 20:00:00+00:00,233.67308,15.192682
2025-06-10 21:00:00+00:00,236.94417,13.529966
2025-06-10 22:00:00+00:00,243.08353,13.121493
2025-06-10 23:00:00+00:00,243.08353,13.121493
2025-06-11 00:00:00+00:00,247.3801,14.039999
2025-06-11 01:00:00+00:00,251.31255,12.921192
2025-06-11 02:00:00+00:00,255.41104,13.577776
2025-06-11 03:00:00+00:00,251.82188,12.69351
2025-06-11 04:00:00+00:00,240.4613,12.413477
2025-06-11 05:00:00+00:00,232.4808,12.708815
2025-06-11 06:00:00+00:00,227.95085,12.362475
2025-06-11 07:00:00+00:00,224.37048,11.583108
2025-06-11 08:00:00+00:00,215.53777,10.83893
2025-06-11 09:00:00+00:00,203.9625,10.636766
2025-06-11 10:00:00+00:00,201.25058,10.429132
2025-06-11 11:00:00+00:00,208.52303,9.4238205
2025-06-11 12:00:00+00:00,226.73567,8.404285
2025-06-11 13:00:00+00:00,249.27435,7.120815
2025-06-11 14:00:00+00:00,263.15732,9.0645685
2025-06-11 15:00:00+00:00,235.0079,8.78872
2025-06-11 16:00:00+00:00,194.79681,9.867218
2025-06-11 17:00:00+00:00,197.03786,11.672275
2025-06-11 18:00:00+00:00,210.96368,12.594856
2025-06-11 19:00:00+00:00,216.20955,12.492829
2025-06-11 20:00:00+00:00,221.63345,13.004922
2025-06-11 21:00:00+00:00,229.31612,13.529966
2025-06-11 22:00:00+00:00,232.3737,10.908951
2025-06-11 23:00:00+00:00,223.31535,8.65873
2025-06-12 00:00:00+00:00,214.62422,9.187056
2025-06-12 01:00:00+00:00,229.70793,10.855358
2025-06-12 02:00:00+00:00,233.8067,9.144637
2025-06-12 03:00:00+00:00,240.70874,8.461914
2025-06-12 04:00:00+00:00,259.50858,9.885262
2025-06-12 05:00:00+00:00,260.53775,8.759178
2025-06-12 06:00:00+00:00,236.76828,6.2405767
2025-06-12 07:00:00+00:00,181.63654,6.302571
2025-06-12 08:00:00+00:00,169.91946,8.227004
2025-06-12 09:00:00+00:00,173.79665,8.32877
2025-06-12 10:00:00+00:00,188.47105,8.553314
2025-06-12 11:00:00+00:00,198.06056,8.709098
2025-06-12 12:00:00+00:00,197.74477,9.449572
2025-06-12 13:00:00+00:00,194.7436,10.609316
2025-06-12 14:00:00+00:00,184.57384,13.543131
2025-06-12 15:00:00+00:00,195.32156,13.6242285
2025-06-12 16:00:00+00:00,202.8737,12.5032
2025-06-12 17:00:00+00:00,208.84256,14.178927
2025-06-12 18:00:00+00:00,209.63829,12.011544
2025-06-12 19:00:00+00:00,214.21576,10.883676
2025-06-12 20:00:00+00:00,231.78893,10.766949
2025-06-12 21:00:00+00:00,232.73352,10.404249
2025-06-12 22:00:00+00:00,227.81563,7.7734165
2025-06-12 23:00:00+00:00,216.86998,4.5
2025-06-13 00:00:00+00:00,221.63345,2.1674871
2025-06-13 01:00:00+00:00,232.76509,5.6521144
2025-06-13 02:00:00+00:00,257.90524,5.1544156
2025-06-13 03:00:00+00:00,124.992096,4.39436
2025-06-13 04:00:00+00:00,144.24602,5.5450516
2025-06-13 05:00:00+00:00,213.6901,5.1919937
2025-06-13 06:00:00+00:00,219.55963,5.369916
2025-06-13 07:00:00+00:00,184.39862,4.6938252
2025-06-13 08:00:00+00:00,173.15732,4.5322843
2025-06-13 09:00:00+00:00,159.86362,5.7515564
2025-06-13 10:00:00+00:00,155.32315,7.329338
2025-06-13 11:00:00+00:00,161.56496,5.12289
2025-06-13 12:00:00+00:00,141.009,4.863332
2025-06-13 13:00:00+00:00,108.43504,0.56920993
2025-06-13 14:00:00+00:00,259.8754,5.1197267
2025-06-13 15:00:00+00:00,244.2901,5.3939967
2025-06-13 16:00:00+00:00,158.19853,0.9693296
2025-06-13 17:00:00+00:00,123.690094,0.6489992
2025-06-13 18:00:00+00:00,90.0,3.4199998
2025-06-13 19:00:00+00:00,134.40942,12.346741
2025-06-13 20:00:00+00:00,163.73972,18.0
2025-06-13 21:00:00+00:00,165.96373,17.811815
2025-06-13 22:00:00+00:00,170.10614,15.713702
2025-06-13 23:00:00+00:00,178.45187,13.324863
2025-06-14 00:00:00+00:00,183.094,13.339445
2025-06-14 01:00:00+00:00,185.29,9.761578
2025-06-14 02:00:00+00:00,178.56793,7.2022495
2025-06-14 03:00:00+00:00,200.77234,5.5829024
2025-06-14 04:00:00+00:00,238.78166,6.945761
2025-06-14 05:00:00+00:00,262.69434,7.0774574
2025-06-14 06:00:00+00:00,275.31445,7.7734165
2025-06-14 07:00:00+00:00,283.78162,9.82279
2025-06-14 08:00:00+00:00,271.21884,8.461914
2025-06-14 09:00:00+00:00,292.1095,6.21717
2025-06-14 10:00:00+00:00,308.8845,7.1684303
2025-06-14 11:00:00+00:00,303.23172,6.2405767
2025-06-14 12:00:00+00:00,297.8972,6.9247384
2025-06-14 13:00:00+00:00,90.0,0.71999997
2025-06-14 14:00:00+00:00,122.00535,1.6981165
2025-06-14 15:00:00+00:00,90.0,1.6199999
2025-06-14 16:00:00+00:00,48.814175,5.7402787
2025-06-14 17:00:00+00:00,311.18582,1.9134263
2025-06-14 18:00:00+00:00,217.23491,5.6521144
2025-06-14 19:00:00+00:00,178.97699,10.081606
2025-06-14 20:00:00+00:00,180.0,7.7400002
2025-06-14 21:00:00+00:00,191.76826,8.825508
2025-06-14 22:00:00+00:00,192.43954,12.534257
2025-06-14 23:00:00+00:00,205.14474,9.743304
2025-06-15 00:00:00+00:00,181.21884,8.461914
2025-06-15 01:00:00+00:00,298.7797,14.581111
2025-06-15 02:00:00+00:00,305.21768,7.491114
2025-06-15 03:00:00+00:00,299.74478,5.8048253
2025-06-15 04:00:00+00:00,267.66275,8.827344
2025-06-15 05:00:00+00:00,245.63756,10.472536
2025-06-15 06:00:00+00:00,261.6342,6.1858225
2025-06-15 07:00:00+00:00,261.02747,6.924738
2025-06-15 08:00:00+00:00,256.21838,9.82279
2025-06-15 09:00:00+00:00,305.6399,11.738705
2025-06-15 10:00:00+00:00,311.56625,12.750811
2025-06-15 11:00:00+00:00,309.44003,14.450535
2025-06-15 12:00:00+00:00,318.30194,13.259049
2025-06-15 13:00:00+00:00,310.2798,13.920647
2025-06-15 14:00:00+00:00,323.61554,8.4963045
2025-06-15 15:00:00+00:00,122.106224,21.67487
2025-06-15 16:00:00+00:00,125.46345,16.13286
2025-06-15 17:00:00+00:00,144.63745,6.8423676
2025-06-15 18:00:00+00:00,139.93929,10.348043
2025-06-15 19:00:00+00:00,161.56496,7.3997297
2025-06-15 20:00:00+00:00,243.43501,0.40249225
2025-06-15 21:00:00+00:00,290.55612,3.0758414
2025-06-15 22:00:00+00:00,318.50363,6.248359
2025-06-15 23:00:00+00:00,258.6901,2.7534704
2025-06-16 00:00:00+00:00,303.6901,1.9469976
2025-06-16 01:00:00+00:00,145.30478,2.8460495
2025-06-16 02:00:00+00:00,132.87889,3.4388947
2025-06-16 03:00:00+00:00,142.12495,4.1046314
2025-06-16 04:00:00+00:00,47.12111,3.4388947
2025-06-16 05:00:00+00:00,59.03632,4.198285
2025-06-16 06:00:00+00:00,22.833694,3.710795
2025-06-16 07:00:00+00:00,36.38445,4.2481523
2025-06-16 08:00:00+00:00,44.999897,3.8183763
2025-06-16 09:00:00+00:00,91.87784,10.9859
2025-06-16 10:00:00+00:00,67.28555,8.39078
2025-06-16 11:00:00+00:00,73.14152,12.413476
2025-06-16 12:00:00+00:00,72.64589,12.0694
2025-06-16 13:00:00+00:00,76.328674,6.8541956
2025-06-16 14:00:00+00:00,78.6901,6.424764
2025-06-16 15:00:00+00:00,83.047134,7.4346757
2025-06-16 16:00:00+00:00,84.507774,9.403169
2025-06-16 17:00:00+00:00,84.55976,7.5942073
2025-06-16 18:00:00+00:00,86.906006,6.6697226
2025-06-16 19:00:00+00:00,97.907074,6.542201
2025-06-16 20:00:00+00:00,66.801384,5.4833565
2025-06-16 21:00:00+00:00,65.85446,5.7204895
2025-06-16 22:00:00+00:00,90.0,6.12
2025-06-16 23:00:00+00:00,71.93944,8.709098
2025-06-17 00:00:00+00:00,96.88163,10.51576
2025-06-17 01:00:00+00:00,77.4712,8.297589
2025-06-17 02:00:00+00:00,70.1447,6.889557
2025-06-17 03:00:00+00:00,9.16228,5.6521144
2025-06-17 04:00:00+00:00,48.2398,6.7565966
2025-06-17 05:00:00+00:00,71.564964,5.12289
2025-06-17 06:00:00+00:00,4.969664,4.1556225
2025-06-17 07:00:00+00:00,10.124612,5.1197267
2025-06-17 08:00:00+00:00,15.945477,6.5520988
2025-06-17 09:00:00+00:00,346.4641,9.9977
2025-06-17 10:00:00+00:00,347.4712,8.297589
2025-06-17 11:00:00+00:00,331.11353,5.9617786
2025-06-17 12:00:00+00:00,56.309914,1.2979984
2025-06-17 13:00:00+00:00,68.62931,4.445672
2025-06-17 14:00:00+00:00,87.5105,8.287822
2025-06-17 15:00:00+00:00,94.28908,7.2202215
2025-06-17 16:00:00+00:00,72.40749,7.7420926
2025-06-17 17:00:00+00:00,82.64771,5.6262593
2025-06-17 18:00:00+00:00,101.88863,6.9899354
2025-06-17 19:00:00+00:00,111.541046,7.353611
2025-06-17 20:00:00+00:00,121.701385,7.193247
2025-06-17 21:00:00+00:00,127.875046,6.156947
2025-06-17 22:00:00+00:00,111.801476,4.846648
2025-06-17 23:00:00+00:00,29.744795,2.9024127
2025-06-18 00:00:00+00:00,13.5704565,5.3699164
2025-06-18 01:00:00+00:00,52.594578,3.8521678
2025-06-18 02:00:00+00:00,64.79892,3.381893
2025-06-18 03:00:00+00:00,73.61038,3.189608
2025-06-18 04:00:00+00:00,31.429514,3.7971041
2025-06-18 05:00:00+00:00,16.189287,5.8104043
2025-06-18 06:00:00+00:00,14.4208145,6.5049515
2025-06-18 07:00:00+00:00,14.036275,5.937272
2025-06-18 08:00:00+00:00,12.339083,5.896202
2025-06-18 09:00:00+00:00,355.36462,6.6818557
2025-06-18 10:00:00+00:00,349.21573,7.69592
2025-06-18 11:00:00+00:00,360.0,6.8399997
2025-06-18 12:00:00+00:00,8.615564,6.0077944
2025-06-18 13:00:00+00:00,22.249071,4.278551
2025-06-18 14:00:00+00:00,35.837746,3.9966483
2025-06-18 15:00:00+00:00,27.645891,4.2671766
2025-06-18 16:00:00+00:00,55.491425,3.494968
2025-06-18 17:00:00+00:00,80.75397,7.841888
2025-06-18 18:00:00+00:00,122.73522,14.978984
2025-06-18 19:00:00+00:00,152.6502,11.753877
2025-06-18 20:00:00+00:00,168.23174,8.825508
2025-06-18 21:00:00+00:00,180.0,7.7400002
2025-06-18 22:00:00+00:00,184.63538,6.6818557
2025-06-18 23:00:00+00:00,195.6423,4.6730714
2025-06-19 00:00:00+00:00,203.49858,4.514377
2025-06-19 01:00:00+00:00,221.63345,6.502461
2025-06-19 02:00:00+00:00,218.65984,4.6102495
2025-06-19 03:00:00+00:00,221.18582,3.8268526
2025-06-19 04:00:00+00:00,243.43501,2.4149535
2025-06-19 05:00:00+00:00,18.435053,2.8460498
2025-06-19 06:00:00+00:00,33.6901,3.8939953
2025-06-19 07:00:00+00:00,47.12111,3.4388947
2025-06-19 08:00:00+00:00,44.999897,3.3092594
2025-06-19 09:00:00+00:00,27.897186,3.4623692
2025-06-19 10:00:00+00:00,19.179106,4.3832865
2025-06-19 11:00:00+00:00,13.134034,5.5450516
2025-06-19 12:00:00+00:00,29.357658,3.3043609
2025-06-19 13:00:00+00:00,52.124958,2.0523157
2025-06-19 14:00:00+00:00,333.43503,0.40249225
2025-06-19 15:00:00+00:00,101.3099,1.835647
2025-06-19 16:00:00+00:00,90.0,7.3799996
2025-06-19 17:00:00+00:00,147.65259,12.783802
2025-06-19 18:00:00+00:00,174.2895,10.853866
2025-06-19 19:00:00+00:00,173.99109,10.316686
2025-06-19 20:00:00+00:00,177.87895,9.726665
2025-06-19 21:00:00+00:00,189.61966,10.7714615
2025-06-19 22:00:00+00:00,202.9638,11.534054
2025-06-19 23:00:00+00:00,210.65059,11.298495
2025-06-20 00:00:00+00:00,214.50858,10.484903
2025-06-20 01:00:00+00:00,216.68982,11.448055
2025-06-20 02:00:00+00:00,215.21768,11.236671
2025-06-20 03:00:00+00:00,223.29869,12.86087
2025-06-20 04:00:00+00:00,231.04408,10.8792095
2025-06-20 05:00:00+00:00,231.34018,10.373061
2025-06-20 06:00:00+00:00,239.98172,9.354806
2025-06-20 07:00:00+00:00,254.05453,6.5520988
2025-06-20 08:00:00+00:00,277.1249,4.353619
2025-06-20 09:00:00+00:00,294.77512,2.5772076
2025-06-20 10:00:00+00:00,326.3099,1.9469976
2025-06-20 11:00:00+00:00,96.340096,9.779817
2025-06-20 12:00:00+00:00,132.04915,12.362475
2025-06-20 13:00:00+00:00,155.9245,18.532133
2025-06-20 14:00:00+00:00,164.53873,8.777653
2025-06-20 15:00:00+00:00,159.3255,10.196647
2025-06-20 16:00:00+00:00,160.6651,10.873251
2025-06-20 17:00:00+00:00,166.65126,10.914888
2025-06-20 18:00:00+00:00,176.05489,10.464798
2025-06-20 19:00:00+00:00,185.59924,9.224011
2025-06-20 20:00:00+00:00,184.28908,7.2202215
2025-06-20 21:00:00+00:00,160.34608,5.3517847
2025-06-20 22:00:00+00:00,152.8504,7.889259
2025-06-20 23:00:00+00:00,163.61038,9.568824
2025-06-21 00:00:00+00:00,150.42226,7.6579366
2025-06-21 01:00:00+00:00,102.99462,4.802999
2025-06-21 02:00:00+00:00,115.14475,9.743304
2025-06-21 03:00:00+00:00,156.94867,9.194106
2025-06-21 04:00:00+00:00,185.19434,9.9408245
2025-06-21 05:00:00+00:00,218.65984,9.220499
2025-06-21 06:00:00+00:00,226.08084,6.7469993
2025-06-21 07:00:00+00:00,233.47105,6.048107
2025-06-21 08:00:00+00:00,194.79681,19.734436
2025-06-21 09:00:00+00:00,153.43501,9.257321
2025-06-21 10:00:00+00:00,206.56499,8.049845
2025-06-21 11:00:00+00:00,214.0194,8.6867485
2025-06-21 12:00:00+00:00,201.80147,11.631956
2025-06-21 13:00:00+00:00,185.82625,8.865799
2025-06-21 14:00:00+00:00,186.3401,11.409785
2025-06-21 15:00:00+00:00,194.25006,11.700001
2025-06-21 16:00:00+00:00,183.97241,12.991212
2025-06-21 17:00:00+00:00,191.80241,12.32047
2025-06-21 18:00:00+00:00,194.99513,10.435344
2025-06-21 19:00:00+00:00,196.50444,10.137692
2025-06-21 20:00:00+00:00,203.86018,10.234705
2025-06-21 21:00:00+00:00,197.81898,10.587917
2025-06-21 22:00:00+00:00,201.99118,10.094454
2025-06-21 23:00:00+00:00,198.08354,9.278297
2025-06-22 00:00:00+00:00,191.0409,7.519175
2025-06-22 01:00:00+00:00,198.43504,9.107359
2025-06-22 02:00:00+00:00,191.5138,9.919618
2025-06-22 03:00:00+00:00,197.24155,10.931203
2025-06-22 04:00:00+00:00,204.77512,10.30883
2025-06-22 05:00:00+00:00,212.00534,8.490582
2025-06-22 06:00:00+00:00,209.0545,5.5596404
2025-06-22 07:00:00+00:00,200.55612,4.613762
2025-06-22 08:00:00+00:00,164.05453,3.9312592
2025-06-22 09:00:00+00:00,160.70985,3.8141315
2025-06-22 10:00:00+00:00,164.05453,2.6208394
2025-06-22 11:00:00+00:00,143.13002,1.8
2025-06-22 12:00:00+00:00,150.9455,1.8532133
2025-06-22 13:00:00+00:00,54.46224,4.6452556
2025-06-22 14:00:00+00:00,90.0,3.6
2025-06-22 15:00:00+00:00,163.14153,6.206738
2025-06-22 16:00:00+00:00,176.6982,9.375563
2025-06-22 17:00:00+00:00,166.84245,14.2336645
2025-06-22 18:00:00+00:00,189.3446,14.411245
2025-06-22 19:00:00+00:00,201.1399,14.474059
2025-06-22 20:00:00+00:00,212.64462,13.681184
2025-06-22 21:00:00+00:00,211.90807,11.238113
2025-06-22 22:00:00+00:00,215.65541,10.1902895
2025-06-22 23:00:00+00:00,225.80684,9.037721
2025-06-23 00:00:00+00:00,229.84407,7.5363917
2025-06-23 01:00:00+00:00,246.90315,13.306615
2025-06-23 02:00:00+00:00,232.90707,9.252069
2025-06-23 03:00:00+00:00,223.31535,8.65873
2025-06-23 04:00:00+00:00,224.9999,9.673221
2025-06-23 05:00:00+00:00,231.34018,10.373061
2025-06-23 06:00:00+00:00,245.82089,9.668195
2025-06-23 07:00:00+00:00,252.25523,9.449572
2025-06-23 08:00:00+00:00,253.61038,9.568824
2025-06-23 09:00:00+00:00,274.8644,8.490582
2025-06-23 10:00:00+00:00,330.75128,10.315115
2025-06-23 11:00:00+00:00,343.53992,8.2584505
2025-06-23 12:00:00+00:00,143.3438,9.648067
2025-06-23 13:00:00+00:00,226.30188,11.203464
2025-06-23 14:00:00+00:00,201.25058,6.9527545
2025-06-23 15:00:00+00:00,202.4428,8.958504
2025-06-23 16:00:00+00:00,214.69522,8.53815
2025-06-23 17:00:00+00:00,198.43504,10.24578
2025-06-23 18:00:00+00:00,200.659,11.734564
2025-06-23 19:00:00+00:00,197.57135,11.328566
2025-06-23 20:00:00+00:00,193.82867,12.049249
2025-06-23 21:00:00+00:00,196.78273,11.844492
2025-06-23 22:00:00+00:00,204.14554,11.440979
2025-06-23 23:00:00+00:00,215.6399,11.738705
2025-06-24 00:00:00+00:00,216.50153,11.196232
2025-06-24 01:00:00+00:00,204.70241,9.906544
2025-06-24 02:00:00+00:00,209.35765,9.913082
2025-06-24 03:00:00+00:00,220.60121,11.616626
2025-06-24 04:00:00+00:00,230.19447,11.246759
2025-06-24 05:00:00+00:00,242.19862,11.19189
2025-06-24 06:00:00+00:00,248.68202,7.9220443
2025-06-24 07:00:00+00:00,250.9743,5.5216303
2025-06-24 08:00:00+00:00,231.34016,4.6102495
2025-06-24 09:00:00+00:00,216.02747,4.8965297
2025-06-24 10:00:00+00:00,209.7448,4.3536186
2025-06-24 11:00:00+00:00,227.4896,2.9301877
2025-06-24 12:00:00+00:00,265.23645,2.1674871
2025-06-24 13:00:00+00:00,329.03632,4.198285
2025-06-24 14:00:00+00:00,207.97939,6.5223618
2025-06-24 15:00:00+00:00,228.50363,6.248359
2025-06-24 16:00:00+00:00,189.46225,6.5693827
2025-06-24 17:00:00+00:00,196.9276,8.654986
2025-06-24 18:00:00+00:00,204.27443,10.070353
2025-06-24 19:00:00+00:00,206.21132,13.040997
2025-06-24 20:00:00+00:00,187.59456,10.8955765
2025-06-24 21:00:00+00:00,186.88162,10.51576
2025-06-24 22:00:00+00:00,184.0141,10.285232
2025-06-24 23:00:00+00:00,194.7436,7.072878
2025-06-25 00:00:00+00:00,193.79951,10.564941
2025-06-25 01:00:00+00:00,213.11136,9.885262
2025-06-25 02:00:00+00:00,204.94388,8.536252
2025-06-25 03:00:00+00:00,218.81139,10.626099
2025-06-25 04:00:00+00:00,233.13002,9.0
2025-06-25 05:00:00+00:00,231.84273,6.4096174
2025-06-25 06:00:00+00:00,242.24155,3.8647635
2025-06-25 07:00:00+00:00,296.56497,1.2074767
2025-06-25 08:00:00+00:00,46.97493,3.693291
2025-06-25 09:00:00+00:00,52.431335,5.904439
2025-06-25 10:00:00+00:00,40.601215,6.638072
2025-06-25 11:00:00+00:00,143.13002,10.799999
2025-06-25 12:00:00+00:00,101.3099,8.260411
2025-06-25 13:00:00+00:00,357.93002,14.949756
2025-06-25 14:00:00+00:00,201.12479,8.490582
2025-06-25 15:00:00+00:00,126.86998,2.6999998
2025-06-25 16:00:00+00:00,219.28938,2.5582807
2025-06-25 17:00:00+00:00,120.37905,6.050785
2025-06-25 18:00:00+00:00,156.3706,6.28713
2025-06-25 19:00:00+00:00,99.46225,5.4744864
2025-06-25 20:00:00+00:00,136.00499,7.256032
2025-06-25 21:00:00+00:00,143.88057,8.244708
2025-06-25 22:00:00+00:00,128.48022,8.967541
2025-06-25 23:00:00+00:00,141.51978,8.967541
2025-06-26 00:00:00+00:00,128.45374,7.8149853
2025-06-26 01:00:00+00:00,127.23492,5.6521144
2025-06-26 02:00:00+00:00,154.1337,6.601363
2025-06-26 03:00:00+00:00,175.91446,5.0528407
2025-06-26 04:00:00+00:00,169.50858,4.942631
2025-06-26 05:00:00+00:00,124.50858,3.494968
2025-06-26 06:00:00+00:00,94.635376,6.6818557
2025-06-26 07:00:00+00:00,90.0,7.02
2025-06-26 08:00:00+00:00,71.564964,6.2613096
2025-06-26 09:00:00+00:00,86.09958,7.9383874
2025-06-26 10:00:00+00:00,96.952866,7.4346757
2025-06-26 11:00:00+00:00,86.63361,6.130579
2025-06-26 12:00:00+00:00,66.037506,7.0911775
2025-06-26 13:00:00+00:00,28.368961,10.228373
2025-06-26 14:00:00+00:00,59.589005,9.600937
2025-06-26 15:00:00+00:00,82.875084,11.609651
2025-06-26 16:00:00+00:00,100.491425,9.885262
2025-06-26 17:00:00+00:00,118.00909,9.582358
2025-06-26 18:00:00+00:00,124.07724,7.388775
2025-06-26 19:00:00+00:00,173.99109,6.87779
2025-06-26 20:00:00+00:00,207.824,7.327127
2025-06-26 21:00:00+00:00,258.6901,0.9178235
2025-06-26 22:00:00+00:00,336.8014,1.3708391
2025-06-26 23:00:00+00:00,320.1945,4.2175345
2025-06-27 00:00:00+00:00,19.653913,2.6758924
2025-06-27 01:00:00+00:00,36.158287,5.796447
2025-06-27 02:00:00+00:00,45.88132,8.274128
2025-06-27 03:00:00+00:00,70.559875,9.734987
2025-06-27 04:00:00+00:00,69.3255,10.196647
2025-06-27 05:00:00+00:00,71.24126,10.075177
2025-06-27 06:00:00+00:00,77.24247,9.781473
2025-06-27 07:00:00+00:00,85.07298,10.478722
2025-06-27 08:00:00+00:00,88.89832,9.36173
2025-06-27 09:00:00+00:00,92.33726,8.827344
2025-06-27 10:00:00+00:00,93.06642,10.094454
2025-06-27 11:00:00+00:00,108.886185,7.229191
2025-06-27 12:00:00+00:00,121.372955,8.643749
2025-06-27 13:00:00+00:00,111.801476,7.754637
2025-06-27 14:00:00+00:00,136.08084,6.7469993
2025-06-27 15:00:00+00:00,149.62096,6.050785
2025-06-27 16:00:00+00:00,189.46225,8.759178
2025-06-27 17:00:00+00:00,218.15727,6.4096174
2025-06-27 18:00:00+00:00,216.38445,4.2481523
2025-06-27 19:00:00+00:00,270.0,2.6999998
2025-06-27 20:00:00+00:00,296.56497,2.8174455
2025-06-27 21:00:00+00:00,126.86999,0.9
2025-06-27 22:00:00+00:00,171.02745,3.462369
2025-06-27 23:00:00+00:00,186.3401,4.8899083
2025-06-28 00:00:00+00:00,207.89717,3.4623692
2025-06-28 01:00:00+00:00,174.80566,3.9763298
2025-06-28 02:00:00+00:00,205.1148,6.361415
2025-06-28 03:00:00+00:00,220.15593,7.5363917
2025-06-28 04:00:00+00:00,213.6901,5.1919937
2025-06-28 05:00:00+00:00,206.56499,2.4149535
2025-06-28 06:00:00+00:00,162.89719,2.4482646
2025-06-28 07:00:00+00:00,144.46223,3.096837
2025-06-28 08:00:00+00:00,153.43501,2.4149535
2025-06-28 09:00:00+00:00,195.25517,2.0523157
2025-06-28 10:00:00+00:00,208.30066,2.657668
2025-06-28 11:00:00+00:00,187.59456,2.7238941
2025-06-28 12:00:00+00:00,162.89719,2.4482646
2025-06-28 13:00:00+00:00,98.97255,3.462369
2025-06-28 14:00:00+00:00,32.471172,2.3469129
2025-06-28 15:00:00+00:00,270.0,1.8
2025-06-28 16:00:00+00:00,232.43134,5.904439
2025-06-28 17:00:00+00:00,219.47243,7.928177
2025-06-28 18:00:00+00:00,217.77574,9.109138
2025-06-28 19:00:00+00:00,223.02507,7.386582
2025-06-28 20:00:00+00:00,221.76021,6.7565966
2025-06-28 21:00:00+00:00,219.47243,7.928177
2025-06-28 22:00:00+00:00,226.04153,7.001514
2025-06-28 23:00:00+00:00,210.11365,10.404249
2025-06-29 00:00:00+00:00,219.47243,11.892265
2025-06-29 01:00:00+00:00,229.39879,9.957108
2025-06-29 02:00:00+00:00,227.93575,9.9408245
2025-06-29 03:00:00+00:00,230.52757,11.892265
2025-06-29 04:00:00+00:00,245.94266,11.038858
2025-06-29 05:00:00+00:00,250.9422,10.474082
2025-06-29 06:00:00+00:00,237.61934,8.738811
2025-06-29 07:00:00+00:00,232.59457,7.7043357
2025-06-29 08:00:00+00:00,233.61555,8.4963045
2025-06-29 09:00:00+00:00,229.23648,6.8919086
2025-06-29 10:00:00+00:00,208.8107,12.325728
2025-06-29 11:00:00+00:00,213.6901,9.085988
2025-06-29 12:00:00+00:00,209.24873,10.315115
2025-06-29 13:00:00+00:00,219.5226,9.3340025
2025-06-29 14:00:00+00:00,214.46088,11.13384
2025-06-29 15:00:00+00:00,215.41714,9.939196
2025-06-29 16:00:00+00:00,214.89078,16.67795
2025-06-29 17:00:00+00:00,215.042,16.928614
2025-06-29 18:00:00+00:00,217.98355,16.671148
2025-06-29 19:00:00+00:00,219.62897,14.957339
2025-06-29 20:00:00+00:00,218.76553,15.236338
2025-06-29 21:00:00+00:00,218.65982,14.98331
2025-06-29 22:00:00+00:00,220.0062,13.15971
2025-06-29 23:00:00+00:00,220.95541,12.632101
2025-06-30 00:00:00+00:00,224.39697,12.0921955
2025-06-30 01:00:00+00:00,227.29063,9.5535755
2025-06-30 02:00:00+00:00,222.27362,10.703569
2025-06-30 03:00:00+00:00,224.9999,13.491598
2025-06-30 04:00:00+00:00,229.9938,13.15971
2025-06-30 05:00:00+00:00,227.66306,10.957846
2025-06-30 06:00:00+00:00,205.2011,10.1456785
2025-06-30 07:00:00+00:00,189.75235,11.688918
2025-06-30 08:00:00+00:00,186.70975,12.324414
2025-06-30 09:00:00+00:00,196.60706,10.706595
2025-06-30 10:00:00+00:00,216.1933,9.144637
2025-06-30 11:00:00+00:00,241.1893,8.217153
2025-06-30 12:00:00+00:00,257.0926,8.863972
2025-06-30 13:00:00+00:00,194.03627,8.163749
2025-06-30 14:00:00+00:00,198.85326,7.7983837
2025-06-30 15:00:00+00:00,199.24962,12.011544
2025-06-30 16:00:00+00:00,193.84071,12.791403
2025-06-30 17:00:00+00:00,206.20006,12.638513
2025-06-30 18:00:00+00:00,203.40471,13.141232
2025-06-30 19:00:00+00:00,202.1664,15.743571
2025-06-30 20:00:00+00:00,205.43617,16.344357
2025-06-30 21:00:00+00:00,213.6901,14.277983
2025-06-30 22:00:00+00:00,219.40063,13.044722
2025-06-30 23:00:00+00:00,221.18582,11.480557
2025-07-01 00:00:00+00:00,221.82008,9.178235
2025-07-01 01:00:00+00:00,223.56796,10.185519
2025-07-01 02:00:00+00:00,222.97864,10.825469
2025-07-01 03:00:00+00:00,231.34016,12.678185
2025-07-01 04:00:00+00:00,230.31459,10.993271
2025-07-01 05:00:00+00:00,232.3057,10.009036
2025-07-01 06:00:00+00:00,225.85501,8.528657
2025-07-01 07:00:00+00:00,220.60121,6.638072
2025-07-01 08:00:00+00:00,214.21576,5.441838
2025-07-01 09:00:00+00:00,222.5104,2.9301877
2025-07-01 10:00:00+00:00,285.94547,2.6208394
2025-07-01 11:00:00+00:00,307.87503,4.1046314
2025-07-01 12:00:00+00:00,303.6901,4.542994
2025-07-01 13:00:00+00:00,29.219156,12.16832
2025-07-01 14:00:00+00:00,72.03077,7.0015144
2025-07-01 15:00:00+00:00,90.0,9.72
2025-07-01 16:00:00+00:00,85.68405,9.567131
2025-07-01 17:00:00+00:00,97.76508,7.9932976
2025-07-01 18:00:00+00:00,126.86999,9.0
2025-07-01 19:00:00+00:00,138.01286,9.686609
2025-07-01 20:00:00+00:00,163.68607,7.689603
2025-07-01 21:00:00+00:00,216.38445,8.4963045
2025-07-01 22:00:00+00:00,174.2895,1.8089776
2025-07-01 23:00:00+00:00,171.86998,5.0911684
2025-07-02 00:00:00+00:00,172.72508,8.528657
2025-07-02 01:00:00+00:00,183.27042,6.310277
2025-07-02 02:00:00+00:00,168.69011,4.5891175
2025-07-02 03:00:00+00:00,231.34016,4.6102495
2025-07-02 04:00:00+00:00,287.5925,7.7420926
2025-07-02 05:00:00+00:00,297.97937,6.5223618
2025-07-02 06:00:00+00:00,307.18478,6.552099
2025-07-02 07:00:00+00:00,343.53992,8.2584505
2025-07-02 08:00:00+00:00,284.03625,7.42159
2025-07-02 09:00:00+00:00,338.8752,8.490582
2025-07-02 10:00:00+00:00,97.12492,1.4512063
2025-07-02 11:00:00+00:00,325.0079,2.19718
2025-07-02 12:00:00+00:00,141.63248,5.509882
2025-07-02 13:00:00+00:00,47.12111,3.4388947
2025-07-02 14:00:00+00:00,243.43501,0.40249225
2025-07-02 15:00:00+00:00,207.75845,11.594292
2025-07-02 16:00:00+00:00,195.94547,10.483357
2025-07-02 17:00:00+00:00,213.6901,11.032987
2025-07-02 18:00:00+00:00,213.6901,9.085988
2025-07-02 19:00:00+00:00,213.6901,4.542994
2025-07-02 20:00:00+00:00,152.44728,4.669604
2025-07-02 21:00:00+00:00,182.12105,4.8633323
2025-07-02 22:00:00+00:00,182.12105,4.8633323
2025-07-02 23:00:00+00:00,212.73521,2.995797
2025-07-03 00:00:00+00:00,235.30478,2.8460495
2025-07-03 01:00:00+00:00,229.39879,8.297589
2025-07-03 02:00:00+00:00,156.0375,3.5455887
2025-07-03 03:00:00+00:00,169.99208,6.2145634
2025-07-03 04:00:00+00:00,201.25058,3.4763772
2025-07-03 05:00:00+00:00,75.96373,2.226477
2025-07-03 06:00:00+00:00,67.8905,6.21717
2025-07-03 07:00:00+00:00,78.6901,6.424764
2025-07-03 08:00:00+00:00,76.75947,6.28713
2025-07-03 09:00:00+00:00,68.19853,5.815978
2025-07-03 10:00:00+00:00,59.743652,5.00128
2025-07-03 11:00:00+00:00,279.46225,1.0948973
2025-07-03 12:00:00+00:00,323.13,0.9
2025-07-03 13:00:00+00:00,104.03627,1.484318
2025-07-03 14:00:00+00:00,199.44012,6.489992
2025-07-03 15:00:00+00:00,203.70265,8.0599
2025-07-03 16:00:00+00:00,176.906,6.6697226
2025-07-03 17:00:00+00:00,188.53069,7.2805495
2025-07-03 18:00:00+00:00,186.91113,5.9834766
2025-07-03 19:00:00+00:00,200.32323,5.1826253
2025-07-03 20:00:00+00:00,215.36255,6.8423676
2025-07-03 21:00:00+00:00,231.84273,6.4096174
2025-07-03 22:00:00+00:00,231.34016,4.6102495
2025-07-03 23:00:00+00:00,222.13753,5.0975285
2025-07-04 00:00:00+00:00,224.9999,5.3457265
2025-07-04 01:00:00+00:00,250.9064,4.952453
2025-07-04 02:00:00+00:00,239.03632,3.148714
2025-07-04 03:00:00+00:00,224.9999,1.781909
2025-07-04 04:00:00+00:00,277.1249,1.4512063
2025-07-04 05:00:00+00:00,110.55613,1.5379207
2025-07-04 06:00:00+00:00,126.027466,2.4482648
2025-07-04 07:00:00+00:00,135.0001,0.76367533
2025-07-04 08:00:00+00:00,146.3099,1.2979984
2025-07-04 09:00:00+00:00,33.6901,0.6489992
2025-07-04 10:00:00+00:00,360.0,2.34
2025-07-04 11:00:00+00:00,349.69522,4.0249224
2025-07-04 12:00:00+00:00,221.82008,9.178235
2025-07-04 13:00:00+00:00,140.19447,9.840914
2025-07-04 14:00:00+00:00,148.81508,7.995323
2025-07-04 15:00:00+00:00,154.05775,7.406295
2025-07-04 16:00:00+00:00,142.27495,12.061343
2025-07-04 17:00:00+00:00,174.48862,20.615303
2025-07-04 18:00:00+00:00,179.11862,11.701385
2025-07-04 19:00:00+00:00,182.72626,3.7842832
2025-07-04 20:00:00+00:00,166.50426,4.6277857
2025-07-04 21:00:00+00:00,185.7105,3.6179552
2025-07-04 22:00:00+00:00,170.07382,7.3094187
2025-07-04 23:00:00+00:00,201.80147,7.754637
2025-07-05 00:00:00+00:00,209.57774,7.6579366
2025-07-05 01:00:00+00:00,231.34016,9.220499
2025-07-05 02:00:00+00:00,235.71307,9.585739
2025-07-05 03:00:00+00:00,237.60017,11.08572
2025-07-05 04:00:00+00:00,239.0363,10.495713
2025-07-05 05:00:00+00:00,250.09616,11.103243
2025-07-05 06:00:00+00:00,251.25856,10.644379
2025-07-05 07:00:00+00:00,244.91644,9.340941
2025-07-05 08:00:00+00:00,243.97047,8.61371
2025-07-05 09:00:00+00:00,249.27435,7.120815
2025-07-05 10:00:00+00:00,244.09354,7.0038276
2025-07-05 11:00:00+00:00,232.35231,7.9567327
2025-07-05 12:00:00+00:00,238.62704,8.643749
2025-07-05 13:00:00+00:00,209.35765,3.3043609
2025-07-05 14:00:00+00:00,185.35573,17.355772
2025-07-05 15:00:00+00:00,194.28113,10.215693
2025-07-05 16:00:00+00:00,221.76021,6.7565966
2025-07-05 17:00:00+00:00,161.56496,7.3997297
2025-07-05 18:00:00+00:00,188.39284,11.098865
2025-07-05 19:00:00+00:00,195.17297,11.003581
2025-07-05 20:00:00+00:00,202.55728,12.669238
2025-07-05 21:00:00+00:00,201.80147,12.601285
2025-07-05 22:00:00+00:00,209.62366,10.560341
2025-07-05 23:00:00+00:00,214.50858,10.484903
2025-07-06 00:00:00+00:00,212.90524,10.934166
2025-07-06 01:00:00+00:00,203.49858,9.028754
2025-07-06 02:00:00+00:00,206.17523,11.833546
2025-07-06 03:00:00+00:00,219.80553,11.246759
2025-07-06 04:00:00+00:00,221.72942,8.92408
2025-07-06 05:00:00+00:00,211.15924,9.044888
2025-07-06 06:00:00+00:00,198.43504,10.24578
2025-07-06 07:00:00+00:00,200.17073,9.3962755
2025-07-06 08:00:00+00:00,201.80147,7.754637
2025-07-06 09:00:00+00:00,196.38962,6.379216
2025-07-06 10:00:00+00:00,212.19571,5.7431
2025-07-06 11:00:00+00:00,218.92755,6.015878
2025-07-06 12:00:00+00:00,230.19447,9.840914
2025-07-06 13:00:00+00:00,288.43503,7.3997297
2025-07-06 14:00:00+00:00,316.63654,8.913181
2025-07-06 15:00:00+00:00,29.123957,14.423605
2025-07-06 16:00:00+00:00,126.027466,9.793059
2025-07-06 17:00:00+00:00,130.91429,10.718693
2025-07-06 18:00:00+00:00,138.36655,6.502461
2025-07-06 19:00:00+00:00,141.84273,9.614426
2025-07-06 20:00:00+00:00,152.70052,12.55879
2025-07-06 21:00:00+00:00,165.00487,10.435344
2025-07-06 22:00:00+00:00,180.0,8.28
2025-07-06 23:00:00+00:00,195.01842,7.6409945
2025-07-07 00:00:00+00:00,217.87505,8.209263
2025-07-07 01:00:00+00:00,216.86998,9.0
2025-07-07 02:00:00+00:00,200.40997,8.2584505
2025-07-07 03:00:00+00:00,212.47118,9.387651
2025-07-07 04:00:00+00:00,224.9999,9.418662
2025-07-07 05:00:00+00:00,229.63554,9.449572
2025-07-07 06:00:00+00:00,228.94528,7.3997297
2025-07-07 07:00:00+00:00,213.6901,6.489992
2025-07-07 08:00:00+00:00,211.82741,6.1437774
2025-07-07 09:00:00+00:00,213.11136,4.942631
2025-07-07 10:00:00+00:00,230.52757,3.9640884
2025-07-07 11:00:00+00:00,258.23172,4.412754
2025-07-07 12:00:00+00:00,270.0,5.3999996
2025-07-07 13:00:00+00:00,347.4712,3.319036
2025-07-07 14:00:00+00:00,270.0,4.5
2025-07-07 15:00:00+00:00,211.86594,7.841887
2025-07-07 16:00:00+00:00,212.57405,7.689603
2025-07-07 17:00:00+00:00,197.47487,10.1902895
2025-07-07 18:00:00+00:00,190.3048,12.074766
2025-07-07 19:00:00+00:00,189.95056,10.4166975
2025-07-07 20:00:00+00:00,196.69933,11.27553
2025-07-07 21:00:00+00:00,210.5475,12.74954
2025-07-07 22:00:00+00:00,213.6901,11.681987
2025-07-07 23:00:00+00:00,221.92245,11.854062
2025-07-08 00:00:00+00:00,222.33694,10.957846
2025-07-08 01:00:00+00:00,219.95749,8.688613
2025-07-08 02:00:00+00:00,212.9694,7.9383874
2025-07-08 03:00:00+00:00,221.98714,9.686609
2025-07-08 04:00:00+00:00,233.56905,9.396275
2025-07-08 05:00:00+00:00,236.97612,8.587338
2025-07-08 06:00:00+00:00,233.39284,7.8480825
2025-07-08 07:00:00+00:00,234.63745,6.8423676
2025-07-08 08:00:00+00:00,229.84407,7.5363917
2025-07-08 09:00:00+00:00,234.46223,9.290511
2025-07-08 10:00:00+00:00,242.52565,10.144082
2025-07-08 11:00:00+00:00,246.92957,10.564942
2025-07-08 12:00:00+00:00,253.55954,11.448055
2025-07-08 13:00:00+00:00,139.08571,3.572898
2025-07-08 14:00:00+00:00,155.37645,9.504273
2025-07-08 15:00:00+00:00,180.0,9.54
2025-07-08 16:00:00+00:00,184.15956,9.926147
2025-07-08 17:00:00+00:00,198.08354,9.278297
2025-07-08 18:00:00+00:00,196.62083,12.585848
2025-07-08 19:00:00+00:00,212.00534,13.584932
2025-07-08 20:00:00+00:00,217.47626,13.608762
2025-07-08 21:00:00+00:00,224.42136,12.601285
2025-07-08 22:00:00+00:00,227.38597,12.229406
2025-07-08 23:00:00+00:00,227.43669,11.975074
2025-07-09 00:00:00+00:00,231.04408,10.8792095
2025-07-09 01:00:00+00:00,231.51978,8.967541
2025-07-09 02:00:00+00:00,218.2902,8.714677
2025-07-09 03:00:00+00:00,215.3113,10.587918
2025-07-09 04:00:00+00:00,220.60121,9.957108
2025-07-09 05:00:00+00:00,215.09589,8.139901
2025-07-09 06:00:00+00:00,198.8248,8.36758
2025-07-09 07:00:00+00:00,187.8152,9.266067
2025-07-09 08:00:00+00:00,188.74608,9.47012
2025-07-09 09:00:00+00:00,202.78244,9.761578
2025-07-09 10:00:00+00:00,227.86247,10.195057
2025-07-09 11:00:00+00:00,217.34943,8.604301
2025-07-09 12:00:00+00:00,236.92932,9.236298
2025-07-09 13:00:00+00:00,152.8504,7.889259
2025-07-09 14:00:00+00:00,158.36905,11.230904
2025-07-09 15:00:00+00:00,164.74483,8.209263
2025-07-09 16:00:00+00:00,149.589,9.600937
2025-07-09 17:00:00+00:00,146.56012,11.43248
2025-07-09 18:00:00+00:00,154.2901,10.787993
2025-07-09 19:00:00+00:00,162.09546,12.295462
2025-07-09 20:00:00+00:00,161.27412,11.213581
2025-07-09 21:00:00+00:00,166.50426,9.255571
2025-07-09 22:00:00+00:00,181.24533,8.281956
2025-07-09 23:00:00+00:00,203.80595,6.689125
2025-07-10 00:00:00+00:00,214.11452,6.7397914
2025-07-10 01:00:00+00:00,224.21526,9.292254
2025-07-10 02:00:00+00:00,214.3804,8.287822
2025-07-10 03:00:00+00:00,214.56259,9.835975
2025-07-10 04:00:00+00:00,210.80138,10.897063
2025-07-10 05:00:00+00:00,206.13094,10.6261
2025-07-10 06:00:00+00:00,214.8754,7.2403865
2025-07-10 07:00:00+00:00,222.39738,5.6060677
2025-07-10 08:00:00+00:00,220.60121,4.978554
2025-07-10 09:00:00+00:00,231.34016,4.6102495
2025-07-10 10:00:00+00:00,212.34741,6.391901
2025-07-10 11:00:00+00:00,220.60121,6.638072
2025-07-10 12:00:00+00:00,206.56499,9.659814
2025-07-10 13:00:00+00:00,158.19853,1.9386592
2025-07-10 14:00:00+00:00,155.77226,3.9477081
2025-07-10 15:00:00+00:00,120.96369,5.2478566
2025-07-10 16:00:00+00:00,146.3099,8.43699
2025-07-10 17:00:00+00:00,175.23645,10.837435
2025-07-10 18:00:00+00:00,181.10168,9.36173
2025-07-10 19:00:00+00:00,187.52373,9.6228485
2025-07-10 20:00:00+00:00,199.59238,11.272657
2025-07-10 21:00:00+00:00,199.38461,10.304115
2025-07-10 22:00:00+00:00,209.60435,9.109138
2025-07-10 23:00:00+00:00,217.6943,10.009036
2025-07-11 00:00:00+00:00,357.10147,14.238215
2025-07-11 01:00:00+00:00,181.59111,6.482499
2025-07-11 02:00:00+00:00,169.21574,7.69592
2025-07-11 03:00:00+00:00,160.46326,5.920878
2025-07-11 04:00:00+00:00,176.82024,6.489992
2025-07-11 05:00:00+00:00,155.77226,7.8954163
2025-07-11 06:00:00+00:00,176.30869,5.5916004
2025-07-11 07:00:00+00:00,254.74483,6.1569467
2025-07-11 08:00:00+00:00,257.90524,10.308831
2025-07-11 09:00:00+00:00,272.54474,8.107996
2025-07-11 10:00:00+00:00,280.92276,10.449306
2025-07-11 11:00:00+00:00,273.9451,10.464798
2025-07-11 12:00:00+00:00,277.38596,9.801326
2025-07-11 13:00:00+00:00,229.26797,8.55142
2025-07-11 14:00:00+00:00,235.0079,8.78872
2025-07-11 15:00:00+00:00,213.6901,12.330985
2025-07-11 16:00:00+00:00,225.62952,11.583108
2025-07-11 17:00:00+00:00,224.37048,11.583108
2025-07-11 18:00:00+00:00,217.50421,9.7565975
2025-07-11 19:00:00+00:00,222.5104,8.790563
2025-07-11 20:00:00+00:00,231.76613,7.562142
2025-07-11 21:00:00+00:00,221.49637,6.248359
2025-07-11 22:00:00+00:00,231.07245,6.015878
2025-07-11 23:00:00+00:00,227.72638,5.3517847
2025-07-12 00:00:00+00:00,239.34941,5.6492476
2025-07-12 01:00:00+00:00,260.13425,4.2021422
2025-07-12 02:00:00+00:00,246.0375,5.318383
2025-07-12 03:00:00+00:00,266.82022,6.489992
2025-07-12 04:00:00+00:00,289.9832,6.320538
2025-07-12 05:00:00+00:00,284.03625,5.195113
2025-07-12 06:00:00+00:00,297.2995,6.279395
2025-07-12 07:00:00+00:00,307.18478,6.552099
2025-07-12 08:00:00+00:00,317.38596,6.114703
2025-07-12 09:00:00+00:00,331.11353,5.9617786
2025-07-12 10:00:00+00:00,334.98312,5.95906
2025-07-12 11:00:00+00:00,316.33215,5.4744864
2025-07-12 12:00:00+00:00,357.87894,9.726665
2025-07-12 13:00:00+00:00,18.435053,2.2768397
2025-07-12 14:00:00+00:00,56.309914,1.2979984
2025-07-12 15:00:00+00:00,63.435013,4.4274144
2025-07-12 16:00:00+00:00,77.79955,6.8138976
2025-07-12 17:00:00+00:00,126.027466,4.8965297
2025-07-12 18:00:00+00:00,169.21574,3.84796
2025-07-12 19:00:00+00:00,136.63654,4.4565907
2025-07-12 20:00:00+00:00,126.46933,5.1481256
2025-07-12 21:00:00+00:00,169.6952,4.0249224
2025-07-12 22:00:00+00:00,196.69933,3.7585104
2025-07-12 23:00:00+00:00,239.9315,3.9518096
2025-07-13 00:00:00+00:00,252.03076,7.0015144
2025-07-13 01:00:00+00:00,223.60289,10.44
2025-07-13 02:00:00+00:00,228.01286,12.108261
2025-07-13 03:00:00+00:00,240.2552,8.707237
2025-07-13 04:00:00+00:00,271.68463,6.122647
2025-07-13 05:00:00+00:00,282.33908,5.896202
2025-07-13 06:00:00+00:00,306.86996,3.6
2025-07-13 07:00:00+00:00,341.56494,2.2768397
2025-07-13 08:00:00+00:00,354.2895,3.6179552
2025-07-13 09:00:00+00:00,15.945477,3.9312592
2025-07-13 10:00:00+00:00,13.392516,3.8856654
2025-07-13 11:00:00+00:00,345.4655,5.020677
2025-07-13 12:00:00+00:00,346.50424,4.6277857
2025-07-13 13:00:00+00:00,128.65984,3.4576871
2025-07-13 14:00:00+00:00,38.65983,2.3051248
2025-07-13 15:00:00+00:00,74.054535,3.9312592
2025-07-13 16:00:00+00:00,178.45187,6.6624317
2025-07-13 17:00:00+00:00,204.90474,5.5567255
2025-07-13 18:00:00+00:00,217.40543,3.8521678
2025-07-13 19:00:00+00:00,209.0545,1.8532133
2025-07-13 20:00:00+00:00,21.801476,0.9693296
2025-07-13 21:00:00+00:00,330.25522,1.4512063
2025-07-13 22:00:00+00:00,50.194473,1.4058449
2025-07-13 23:00:00+00:00,338.9624,2.5071096
2025-07-14 00:00:00+00:00,296.56497,1.609969
2025-07-14 01:00:00+00:00,85.23644,4.3349743
2025-07-14 02:00:00+00:00,119.74479,2.9024127
2025-07-14 03:00:00+00:00,99.68872,7.486788
2025-07-14 04:00:00+00:00,84.95764,6.1437774
2025-07-14 05:00:00+00:00,58.736336,5.896202
2025-07-14 06:00:00+00:00,48.270576,8.92408
2025-07-14 07:00:00+00:00,35.311302,10.587918
2025-07-14 08:00:00+00:00,20.18589,13.040997
2025-07-14 09:00:00+00:00,34.641014,12.033103
2025-07-14 10:00:00+00:00,28.523024,9.4238205
2025-07-14 11:00:00+00:00,33.996506,9.335737
2025-07-14 12:00:00+00:00,18.060568,8.709098
2025-07-14 13:00:00+00:00,66.037506,14.182355
2025-07-14 14:00:00+00:00,47.72637,8.027678
2025-07-14 15:00:00+00:00,360.0,3.2399998
2025-07-14 16:00:00+00:00,20.556128,6.151683
2025-07-14 17:00:00+00:00,32.15227,7.44121
2025-07-14 18:00:00+00:00,7.3056703,7.0774574
2025-07-14 19:00:00+00:00,24.443953,4.3498964
2025-07-14 20:00:00+00:00,352.40543,5.4477882
2025-07-14 21:00:00+00:00,353.4803,6.341009
2025-07-14 22:00:00+00:00,329.8587,6.452441
2025-07-14 23:00:00+00:00,310.426,6.384293
2025-07-15 00:00:00+00:00,304.62424,9.187056
2025-07-15 01:00:00+00:00,329.18436,11.9466305
2025-07-15 02:00:00+00:00,320.57224,10.486448
2025-07-15 03:00:00+00:00,325.35898,12.033103
2025-07-15 04:00:00+00:00,317.72638,10.703569
2025-07-15 05:00:00+00:00,300.61853,10.248941
2025-07-15 06:00:00+00:00,287.78397,10.018743
2025-07-15 07:00:00+00:00,278.91486,9.292254
2025-07-15 08:00:00+00:00,276.48297,7.970972
2025-07-15 09:00:00+00:00,288.43503,9.676569
2025-07-15 10:00:00+00:00,279.46225,7.6642804
2025-07-15 11:00:00+00:00,282.99463,7.2044983
2025-07-15 12:00:00+00:00,305.39487,8.39078
2025-07-15 13:00:00+00:00,293.38525,7.256032
2025-07-15 14:00:00+00:00,306.86996,5.3999996
2025-07-15 15:00:00+00:00,289.1791,4.3832865
2025-07-15 16:00:00+00:00,264.55975,3.7971036
2025-07-15 17:00:00+00:00,273.17978,6.489992
2025-07-15 18:00:00+00:00,276.3401,6.519877
2025-07-15 19:00:00+00:00,254.05453,7.8625183
2025-07-15 20:00:00+00:00,251.56496,7.3997297
2025-07-15 21:00:00+00:00,250.70985,7.628263
2025-07-15 22:00:00+00:00,241.47697,9.4238205
2025-07-15 23:00:00+00:00,246.80139,9.595874
2025-07-16 00:00:00+00:00,251.20001,8.936777
2025-07-16 01:00:00+00:00,249.56708,9.796366
2025-07-16 02:00:00+00:00,251.87805,10.4166975
2025-07-16 03:00:00+00:00,257.4712,11.616627
2025-07-16 04:00:00+00:00,262.46063,12.346741
2025-07-16 05:00:00+00:00,260.24765,11.688918
2025-07-16 06:00:00+00:00,264.47256,11.212135
2025-07-16 07:00:00+00:00,264.7262,11.749741
2025-07-16 08:00:00+00:00,268.26434,11.885453
2025-07-16 09:00:00+00:00,269.13196,11.881363
2025-07-16 10:00:00+00:00,269.09064,11.341428
2025-07-16 11:00:00+00:00,268.02512,10.446206
2025-07-16 12:00:00+00:00,269.029,10.621525
2025-07-16 13:00:00+00:00,150.2552,1.4512063
2025-07-16 14:00:00+00:00,177.70944,4.503598
2025-07-16 15:00:00+00:00,199.79897,4.7827187
2025-07-16 16:00:00+00:00,201.25058,6.9527545
2025-07-16 17:00:00+00:00,191.30989,6.424764
2025-07-16 18:00:00+00:00,191.9761,6.0721655
2025-07-16 19:00:00+00:00,203.55228,7.6579366
2025-07-16 20:00:00+00:00,203.19861,8.225035
2025-07-16 21:00:00+00:00,211.75943,8.891343
2025-07-16 22:00:00+00:00,228.62158,10.075177
2025-07-16 23:00:00+00:00,236.3099,7.1389914
2025-07-17 00:00:00+00:00,211.60745,5.495161
2025-07-17 01:00:00+00:00,204.62355,4.7521367
2025-07-17 02:00:00+00:00,208.1785,5.7176566
2025-07-17 03:00:00+00:00,223.91916,6.7469993
2025-07-17 04:00:00+00:00,227.56381,8.536252
2025-07-17 05:00:00+00:00,236.68936,7.538541
2025-07-17 06:00:00+00:00,257.00537,7.2044983
2025-07-17 07:00:00+00:00,301.60745,10.990322
2025-07-17 08:00:00+00:00,295.51382,8.775807
2025-07-17 09:00:00+00:00,279.46225,12.043869
2025-07-17 10:00:00+00:00,276.3401,8.149847
2025-07-17 11:00:00+00:00,292.6199,4.6800003
2025-07-17 12:00:00+00:00,267.3975,3.964089
2025-07-17 13:00:00+00:00,191.0409,7.519175
2025-07-17 14:00:00+00:00,208.21725,8.37532
2025-07-17 15:00:00+00:00,217.34943,8.604301
2025-07-17 16:00:00+00:00,224.9999,7.891311
2025-07-17 17:00:00+00:00,218.92755,6.015878
2025-07-17 18:00:00+00:00,211.32863,4.846648
2025-07-17 19:00:00+00:00,209.7448,5.8048253
2025-07-17 20:00:00+00:00,214.59235,6.341009
2025-07-17 21:00:00+00:00,246.50142,4.514377
2025-07-17 22:00:00+00:00,178.4926,6.8423676
2025-07-17 23:00:00+00:00,214.59235,6.341009
2025-07-18 00:00:00+00:00,108.43504,1.7076298
2025-07-18 01:00:00+00:00,77.00539,4.802999
2025-07-18 02:00:00+00:00,95.7105,5.426933
2025-07-18 03:00:00+00:00,90.0,5.2200003
2025-07-18 04:00:00+00:00,93.945114,5.232399
2025-07-18 05:00:00+00:00,164.74483,2.0523157
2025-07-18 06:00:00+00:00,272.4895,4.143911
2025-07-18 07:00:00+00:00,339.77505,3.644722
2025-07-18 08:00:00+00:00,301.75943,4.4456716
2025-07-18 09:00:00+00:00,302.27563,4.0449967
2025-07-18 10:00:00+00:00,329.03632,5.2478566
2025-07-18 11:00:00+00:00,323.47104,6.048107
2025-07-18 12:00:00+00:00,342.12122,5.8631387
2025-07-18 13:00:00+00:00,60.832493,8.863972
2025-07-18 14:00:00+00:00,51.952908,5.257109
2025-07-18 15:00:00+00:00,4.484529,9.208192
2025-07-18 16:00:00+00:00,22.988754,12.904882
2025-07-18 17:00:00+00:00,30.963696,9.446141
2025-07-18 18:00:00+00:00,35.942207,8.893166
2025-07-18 19:00:00+00:00,46.73567,8.404285
2025-07-18 20:00:00+00:00,27.095472,8.694204
2025-07-18 21:00:00+00:00,23.532368,12.172312
2025-07-18 22:00:00+00:00,1.101687,9.36173
2025-07-18 23:00:00+00:00,357.6141,8.647496
2025-07-19 00:00:00+00:00,2.3372545,8.827344
2025-07-19 01:00:00+00:00,46.930573,11.334285
2025-07-19 02:00:00+00:00,19.798973,14.348156
2025-07-19 03:00:00+00:00,15.321567,13.6242285
2025-07-19 04:00:00+00:00,21.656061,13.169556
2025-07-19 05:00:00+00:00,34.451996,18.772715
2025-07-19 06:00:00+00:00,37.21653,17.856325
2025-07-19 07:00:00+00:00,58.29862,14.386494
2025-07-19 08:00:00+00:00,65.22488,12.886039
2025-07-19 09:00:00+00:00,73.300674,13.154786
2025-07-19 10:00:00+00:00,98.017006,12.906138
2025-07-19 11:00:00+00:00,96.14653,11.767651
2025-07-19 12:00:00+00:00,106.58742,8.827343
2025-07-19 13:00:00+00:00,106.99091,13.5515
2025-07-19 14:00:00+00:00,135.0001,9.92778
2025-07-19 15:00:00+00:00,167.09259,8.863972
2025-07-19 16:00:00+00:00,170.36253,9.67657
2025-07-19 17:00:00+00:00,165.74994,11.700001
2025-07-19 18:00:00+00:00,164.38895,12.708816
2025-07-19 19:00:00+00:00,163.95093,13.672893
2025-07-19 20:00:00+00:00,169.8754,15.359179
2025-07-19 21:00:00+00:00,180.0,15.299999
2025-07-19 22:00:00+00:00,179.25595,13.861168
2025-07-19 23:00:00+00:00,180.0,13.14
2025-07-20 00:00:00+00:00,176.24835,11.003581
2025-07-20 01:00:00+00:00,175.15608,10.658068
2025-07-20 02:00:00+00:00,168.85715,12.108261
2025-07-20 03:00:00+00:00,177.27374,15.137133
2025-07-20 04:00:00+00:00,182.66295,15.496736
2025-07-20 05:00:00+00:00,184.87918,14.813682
2025-07-20 06:00:00+00:00,181.48784,13.864674
2025-07-20 07:00:00+00:00,174.55975,15.188415
2025-07-20 08:00:00+00:00,177.64676,13.151091
2025-07-20 09:00:00+00:00,177.76888,13.870515
2025-07-20 10:00:00+00:00,173.99109,13.75558
2025-07-20 11:00:00+00:00,172.23492,11.989945
2025-07-20 12:00:00+00:00,177.27374,7.5685663
2025-07-20 13:00:00+00:00,180.0,7.2
2025-07-20 14:00:00+00:00,162.75845,5.4656014
2025-07-20 15:00:00+00:00,158.68202,7.9220443
2025-07-20 16:00:00+00:00,173.79665,8.32877
2025-07-20 17:00:00+00:00,170.75397,7.841888
2025-07-20 18:00:00+00:00,159.59003,8.2584505
2025-07-20 19:00:00+00:00,169.15974,8.613709
2025-07-20 20:00:00+00:00,182.29056,9.007196
2025-07-20 21:00:00+00:00,191.09369,9.354806
2025-07-20 22:00:00+00:00,198.43504,9.107359
2025-07-20 23:00:00+00:00,207.09547,8.694204
2025-07-21 00:00:00+00:00,211.60745,8.242743
2025-07-21 01:00:00+00:00,200.92458,6.5520988
2025-07-21 02:00:00+00:00,178.69807,7.922045
2025-07-21 03:00:00+00:00,184.6858,11.016824
2025-07-21 04:00:00+00:00,182.96088,10.453957
2025-07-21 05:00:00+00:00,186.88162,10.51576
2025-07-21 06:00:00+00:00,193.13403,11.090103
2025-07-21 07:00:00+00:00,194.5002,10.783487
2025-07-21 08:00:00+00:00,198.74144,10.644379
2025-07-21 09:00:00+00:00,204.84236,10.711135
2025-07-21 10:00:00+00:00,206.56499,10.8672905
2025-07-21 11:00:00+00:00,210.52963,8.149847
2025-07-21 12:00:00+00:00,198.74144,10.644379
2025-07-21 13:00:00+00:00,182.3859,4.323748
2025-07-21 14:00:00+00:00,168.31065,5.3305535
2025-07-21 15:00:00+00:00,190.20392,9.144637
2025-07-21 16:00:00+00:00,206.56499,8.452336
2025-07-21 17:00:00+00:00,211.18492,7.995323
2025-07-21 18:00:00+00:00,207.12122,8.29173
2025-07-21 19:00:00+00:00,211.53474,9.292255
2025-07-21 20:00:00+00:00,217.50421,9.7565975
2025-07-21 21:00:00+00:00,220.36446,9.449572
2025-07-21 22:00:00+00:00,204.22774,7.8954163
2025-07-21 23:00:00+00:00,208.49554,7.1684303
2025-07-22 00:00:00+00:00,221.2846,9.82114
2025-07-22 01:00:00+00:00,212.73521,8.9873905
2025-07-22 02:00:00+00:00,207.51192,9.741642
2025-07-22 03:00:00+00:00,219.5226,9.3340025
2025-07-22 04:00:00+00:00,215.83774,7.9932966
2025-07-22 05:00:00+00:00,211.18492,7.995323
2025-07-22 06:00:00+00:00,214.3804,8.287822
2025-07-22 07:00:00+00:00,219.80553,9.840914
2025-07-22 08:00:00+00:00,222.20723,10.4493065
2025-07-22 09:00:00+00:00,222.97864,10.825469
2025-07-22 10:00:00+00:00,219.3693,9.080639
2025-07-22 11:00:00+00:00,226.8476,7.8954163
2025-07-22 12:00:00+00:00,246.97447,7.823272
2025-07-22 13:00:00+00:00,207.40749,5.4744864
2025-07-22 14:00:00+00:00,191.30989,4.5891175
2025-07-22 15:00:00+00:00,183.46815,5.950899
2025-07-22 16:00:00+00:00,192.20045,6.8138976
2025-07-22 17:00:00+00:00,181.39716,7.3821945
2025-07-22 18:00:00+00:00,182.91078,10.63372
2025-07-22 19:00:00+00:00,195.61105,12.708816
2025-07-22 20:00:00+00:00,206.9276,12.71901
2025-07-22 21:00:00+00:00,226.73567,12.606426
2025-07-22 22:00:00+00:00,234.6598,12.136325
2025-07-22 23:00:00+00:00,235.84026,12.181624
2025-07-23 00:00:00+00:00,235.14546,12.283599
2025-07-23 01:00:00+00:00,239.9315,11.855429
2025-07-23 02:00:00+00:00,232.79199,12.204212
2025-07-23 03:00:00+00:00,225.53539,13.619472
2025-07-23 04:00:00+00:00,231.88167,14.87153
2025-07-23 05:00:00+00:00,233.67308,15.192682
2025-07-23 06:00:00+00:00,239.30035,13.397612
2025-07-23 07:00:00+00:00,231.09586,13.184308
2025-07-23 08:00:00+00:00,230.30096,12.399113
2025-07-23 09:00:00+00:00,224.9999,11.45513
2025-07-23 10:00:00+00:00,236.0234,9.984729
2025-07-23 11:00:00+00:00,243.43501,11.672275
2025-07-23 12:00:00+00:00,244.39786,9.580668
2025-07-23 13:00:00+00:00,275.44025,3.7971036
2025-07-23 14:00:00+00:00,229.18501,5.2323985
2025-07-23 15:00:00+00:00,212.47118,11.734564
2025-07-23 16:00:00+00:00,202.78244,9.761578
2025-07-23 17:00:00+00:00,197.6502,12.466867
2025-07-23 18:00:00+00:00,201.6445,12.20023
2025-07-23 19:00:00+00:00,204.77512,12.886039
2025-07-23 20:00:00+00:00,213.6901,13.6289835
2025-07-23 21:00:00+00:00,218.15727,12.819235
2025-07-23 22:00:00+00:00,226.46873,9.931042
2025-07-23 23:00:00+00:00,229.02835,9.059205
2025-07-24 00:00:00+00:00,225.78473,9.292254
2025-07-24 01:00:00+00:00,210.96368,8.39657
2025-07-24 02:00:00+00:00,234.3235,8.641874
2025-07-24 03:00:00+00:00,252.55272,13.207634
2025-07-24 04:00:00+00:00,247.44272,12.669238
2025-07-24 05:00:00+00:00,229.39879,9.957108
2025-07-24 06:00:00+00:00,227.23119,9.807935
2025-07-24 07:00:00+00:00,218.15727,9.614426
2025-07-24 08:00:00+00:00,213.02386,8.587338
2025-07-24 09:00:00+00:00,228.81418,9.567131
2025-07-24 10:00:00+00:00,238.24055,8.891343
2025-07-24 11:00:00+00:00,252.64589,9.05205
2025-07-24 12:00:00+00:00,260.13425,8.4042845
2025-07-24 13:00:00+00:00,239.03632,6.297428
2025-07-24 14:00:00+00:00,253.30067,5.637765
2025-07-24 15:00:00+00:00,271.84756,5.5829024
2025-07-24 16:00:00+00:00,221.18582,5.7402787
2025-07-24 17:00:00+00:00,212.27562,8.0899935
2025-07-24 18:00:00+00:00,207.5972,8.936778
2025-07-24 19:00:00+00:00,212.19571,11.4862
2025-07-24 20:00:00+00:00,212.47118,11.734564
2025-07-24 21:00:00+00:00,222.04915,12.362475
2025-07-24 22:00:00+00:00,232.12495,12.313894
2025-07-24 23:00:00+00:00,238.20113,10.589448
2025-07-25 00:00:00+00:00,232.22426,9.109138
2025-07-25 01:00:00+00:00,233.3658,8.748075
2025-07-25 02:00:00+00:00,216.32692,7.596341
2025-07-25 03:00:00+00:00,229.53786,8.043805
2025-07-25 04:00:00+00:00,242.04912,9.984729
2025-07-25 05:00:00+00:00,237.87503,9.139322
2025-07-25 06:00:00+00:00,242.30061,8.131936
2025-07-25 07:00:00+00:00,238.13406,7.841887
2025-07-25 08:00:00+00:00,243.43501,7.6473517
2025-07-25 09:00:00+00:00,259.46088,7.8728137
2025-07-25 10:00:00+00:00,263.92764,8.507737
2025-07-25 11:00:00+00:00,262.0305,9.087772
2025-07-25 12:00:00+00:00,238.84076,9.044888
2025-07-25 13:00:00+00:00,241.1893,4.1085763
2025-07-25 14:00:00+00:00,224.9999,5.3457265
2025-07-25 15:00:00+00:00,230.38934,6.7757506
2025-07-25 16:00:00+00:00,213.31064,7.538541
2025-07-25 17:00:00+00:00,166.67546,7.029225
2025-07-25 18:00:00+00:00,158.19853,5.815978
2025-07-25 19:00:00+00:00,189.81923,9.499157
2025-07-25 20:00:00+00:00,183.46815,11.901798
2025-07-25 21:00:00+00:00,196.69933,9.3962755
2025-07-25 22:00:00+00:00,201.37068,8.891344
2025-07-25 23:00:00+00:00,176.47862,11.722133
2025-07-26 00:00:00+00:00,238.52321,10.34178
2025-07-26 01:00:00+00:00,220.76352,6.8919086
2025-07-26 02:00:00+00:00,211.75943,4.4456716
2025-07-26 03:00:00+00:00,226.46873,4.965521
2025-07-26 04:00:00+00:00,250.42677,8.596766
2025-07-26 05:00:00+00:00,264.05322,8.6867485
2025-07-26 06:00:00+00:00,294.44394,6.5248446
2025-07-26 07:00:00+00:00,325.30478,5.692099
2025-07-26 08:00:00+00:00,328.24057,4.4456716
2025-07-26 09:00:00+00:00,329.03632,4.198285
2025-07-26 10:00:00+00:00,328.17258,6.1437774
2025-07-26 11:00:00+00:00,329.03632,6.297428
2025-07-26 12:00:00+00:00,327.99466,6.792466
2025-07-26 13:00:00+00:00,310.60123,1.659518
2025-07-26 14:00:00+00:00,249.27435,7.120815
2025-07-26 15:00:00+00:00,210.96368,8.39657
2025-07-26 16:00:00+00:00,203.19861,8.225035
2025-07-26 17:00:00+00:00,191.53459,9.0018
2025-07-26 18:00:00+00:00,209.0545,9.2660675
2025-07-26 19:00:00+00:00,206.0033,8.211235
2025-07-26 20:00:00+00:00,213.6901,7.7879906
2025-07-26 21:00:00+00:00,213.2749,6.889557
2025-07-26 22:00:00+00:00,245.32315,7.329338
2025-07-26 23:00:00+00:00,262.40546,8.171683
2025-07-27 00:00:00+00:00,261.11942,5.8298883
2025-07-27 01:00:00+00:00,260.2725,6.391901
2025-07-27 02:00:00+00:00,257.73523,4.2366967
2025-07-27 03:00:00+00:00,264.68555,7.7734165
2025-07-27 04:00:00+00:00,286.8585,6.206738
2025-07-27 05:00:00+00:00,304.21576,5.441838
2025-07-27 06:00:00+00:00,321.34018,3.4576871
2025-07-27 07:00:00+00:00,156.3706,3.143565
2025-07-27 08:00:00+00:00,190.3048,4.0249224
2025-07-27 09:00:00+00:00,203.19861,4.1125174
2025-07-27 10:00:00+00:00,245.55606,4.3498964
2025-07-27 11:00:00+00:00,272.20255,4.6834598
2025-07-27 12:00:00+00:00,290.37653,6.7205353
2025-07-27 13:00:00+00:00,250.61539,10.304115
2025-07-27 14:00:00+00:00,244.7989,6.763786
2025-07-27 15:00:00+00:00,246.64441,8.626865
2025-07-27 16:00:00+00:00,246.16125,8.461915
2025-07-27 17:00:00+00:00,223.99501,7.256032
2025-07-27 18:00:00+00:00,227.04541,7.1321807
2025-07-27 19:00:00+00:00,234.3235,8.641874
2025-07-27 20:00:00+00:00,235.66972,8.936778
2025-07-27 21:00:00+00:00,244.85524,9.743304
2025-07-27 22:00:00+00:00,255.2564,10.609316
2025-07-27 23:00:00+00:00,251.56496,10.814989
2025-07-28 00:00:00+00:00,261.60715,11.098865
2025-07-28 01:00:00+00:00,249.44386,10.765445
2025-07-28 02:00:00+00:00,238.8611,10.094454
2025-07-28 03:00:00+00:00,227.66306,10.957846
2025-07-28 04:00:00+00:00,222.5104,11.720751
2025-07-28 05:00:00+00:00,233.65245,11.844492
2025-07-28 06:00:00+00:00,236.5601,11.43248
2025-07-28 07:00:00+00:00,232.94339,11.052058
2025-07-28 08:00:00+00:00,232.76509,11.304229
2025-07-28 09:00:00+00:00,239.67648,11.052058
2025-07-28 10:00:00+00:00,241.03244,11.521406
2025-07-28 11:00:00+00:00,243.8385,11.431062
2025-07-28 12:00:00+00:00,238.09193,11.238113
2025-07-28 13:00:00+00:00,246.61476,7.256032
2025-07-28 14:00:00+00:00,236.6336,8.836514
2025-07-28 15:00:00+00:00,223.87679,12.984975
2025-07-28 16:00:00+00:00,219.23735,13.943901
2025-07-28 17:00:00+00:00,220.19197,13.666967
2025-07-28 18:00:00+00:00,222.87889,13.755579
2025-07-28 19:00:00+00:00,219.23735,13.943901
2025-07-28 20:00:00+00:00,216.86998,14.4
2025-07-28 21:00:00+00:00,234.46223,12.387348
2025-07-28 22:00:00+00:00,232.76509,11.304229
2025-07-28 23:00:00+00:00,223.72705,11.457958
2025-07-29 00:00:00+00:00,224.38402,11.837651
2025-07-29 01:00:00+00:00,226.8476,11.843124
2025-07-29 02:00:00+00:00,226.88817,11.5887
2025-07-29 03:00:00+00:00,221.87778,14.021525
2025-07-29 04:00:00+00:00,216.57312,13.896187
2025-07-29 05:00:00+00:00,216.25392,13.392774
2025-07-29 06:00:00+00:00,218.78438,12.931218
2025-07-29 07:00:00+00:00,217.208,12.204212
2025-07-29 08:00:00+00:00,216.52895,12.096214
2025-07-29 09:00:00+00:00,219.40063,13.044722
2025-07-29 10:00:00+00:00,223.85432,12.730467
2025-07-29 11:00:00+00:00,228.36655,13.004922
2025-07-29 12:00:00+00:00,227.16109,13.5012
2025-07-29 13:00:00+00:00,219.22566,11.385622
2025-07-29 14:00:00+00:00,212.73521,11.983188
2025-07-29 15:00:00+00:00,201.5015,12.768586
2025-07-29 16:00:00+00:00,192.69958,13.100489
2025-07-29 17:00:00+00:00,196.14441,14.241629
2025-07-29 18:00:00+00:00,198.667,14.059602
2025-07-29 19:00:00+00:00,198.88618,14.458382
2025-07-29 20:00:00+00:00,205.2405,13.929953
2025-07-29 21:00:00+00:00,216.38445,12.744457
2025-07-29 22:00:00+00:00,217.05661,11.052058
2025-07-29 23:00:00+00:00,222.13753,10.195057
2025-07-30 00:00:00+00:00,218.991,9.726664
2025-07-30 01:00:00+00:00,210.25635,10.00256
2025-07-30 02:00:00+00:00,205.25313,10.548061
2025-07-30 03:00:00+00:00,210.25635,10.00256
2025-07-30 04:00:00+00:00,202.52061,7.989242
2025-07-30 05:00:00+00:00,202.89058,8.792405
2025-07-30 06:00:00+00:00,206.56499,6.8423676
2025-07-30 07:00:00+00:00,173.04713,7.4346757
2025-07-30 08:00:00+00:00,180.0,6.66
2025-07-30 09:00:00+00:00,196.38962,6.379216
2025-07-30 10:00:00+00:00,205.94225,7.406295
2025-07-30 11:00:00+00:00,217.74687,7.056826
2025-07-30 12:00:00+00:00,242.94948,9.499158
2025-07-30 13:00:00+00:00,165.2564,14.145756
2025-07-30 14:00:00+00:00,207.51192,9.741642
2025-07-30 15:00:00+00:00,213.46541,12.730468
2025-07-30 16:00:00+00:00,222.22076,13.125196
2025-07-30 17:00:00+00:00,215.13428,11.885453
2025-07-30 18:00:00+00:00,210.11365,10.404249
2025-07-30 19:00:00+00:00,205.60214,9.580668
2025-07-30 20:00:00+00:00,220.23628,9.1958685
2025-07-30 21:00:00+00:00,208.30066,7.973005
2025-07-30 22:00:00+00:00,230.19447,7.029225
2025-07-30 23:00:00+00:00,244.02565,7.8087645
2025-07-31 00:00:00+00:00,237.84773,7.44121
2025-07-31 01:00:00+00:00,241.14444,10.070353
2025-07-31 02:00:00+00:00,235.24402,10.735306
2025-07-31 03:00:00+00:00,232.94339,11.052058
2025-07-31 04:00:00+00:00,313.53125,4.965521
2025-07-31 05:00:00+00:00,229.89915,4.471107
2025-07-31 06:00:00+00:00,223.02507,7.386582
2025-07-31 07:00:00+00:00,226.12321,6.4924874
2025-07-31 08:00:00+00:00,236.7251,6.889557
2025-07-31 09:00:00+00:00,249.90468,7.8583965
2025-07-31 10:00:00+00:00,253.8865,8.431228
2025-07-31 11:00:00+00:00,256.65128,10.914888
2025-07-31 12:00:00+00:00,265.10098,12.6462
2025-07-31 13:00:00+00:00,196.07364,11.052058
2025-07-31 14:00:00+00:00,191.73854,14.156058
2025-07-31 15:00:00+00:00,210.37904,12.10157
2025-07-31 16:00:00+00:00,220.87231,12.37819
2025-07-31 17:00:00+00:00,219.80553,9.840914
2025-07-31 18:00:00+00:00,213.42484,10.783486
2025-07-31 19:00:00+00:00,221.42357,12.242646
2025-07-31 20:00:00+00:00,224.9999,11.45513
2025-07-31 21:00:00+00:00,224.9999,9.673221
2025-07-31 22:00:00+00:00,218.82983,9.473541
2025-07-31 23:00:00+00:00,219.28938,10.233123
2025-08-01 00:00:00+00:00,226.39711,10.44
2025-08-01 01:00:00+00:00,218.41809,13.324863
2025-08-01 02:00:00+00:00,260.67648,12.221456
2025-08-01 03:00:00+00:00,253.70587,12.189602
2025-08-01 04:00:00+00:00,250.39581,13.948548
2025-08-01 05:00:00+00:00,233.13002,13.5
2025-08-01 06:00:00+00:00,244.26935,16.584438
2025-08-01 07:00:00+00:00,259.9921,12.429127
2025-08-01 08:00:00+00:00,261.31372,13.110376
2025-08-01 09:00:00+00:00,251.09532,13.88919
2025-08-01 10:00:00+00:00,255.774,13.184308
2025-08-01 11:00:00+00:00,255.37909,12.835653
2025-08-01 12:00:00+00:00,258.5305,12.673074
2025-08-01 13:00:00+00:00,258.15796,11.402683
2025-08-01 14:00:00+00:00,260.31128,7.486788
2025-08-01 15:00:00+00:00,191.30989,6.424764
2025-08-01 16:00:00+00:00,200.85454,8.089993
2025-08-01 17:00:00+00:00,194.82652,6.330782
2025-08-01 18:00:00+00:00,187.12492,5.8048253
2025-08-01 19:00:00+00:00,178.63611,7.562142
2025-08-01 20:00:00+00:00,186.07236,8.507737
2025-08-01 21:00:00+00:00,188.13002,7.6367526
2025-08-01 22:00:00+00:00,202.98874,6.452441
2025-08-01 23:00:00+00:00,221.2846,9.82114
2025-08-02 00:00:00+00:00,225.56718,12.855831
2025-08-02 01:00:00+00:00,127.99879,14.618837
2025-08-02 02:00:00+00:00,168.69011,11.013882
2025-08-02 03:00:00+00:00,170.13426,8.4042845
2025-08-02 04:00:00+00:00,224.4328,12.855831
2025-08-02 05:00:00+00:00,231.89238,11.666721
2025-08-02 06:00:00+00:00,239.03632,11.545284
2025-08-02 07:00:00+00:00,241.38963,11.276968
2025-08-02 08:00:00+00:00,233.13002,11.7
2025-08-02 09:00:00+00:00,235.30478,11.384198
2025-08-02 10:00:00+00:00,248.19853,10.662626
2025-08-02 11:00:00+00:00,249.3255,10.196647
2025-08-02 12:00:00+00:00,247.21756,9.761578
2025-08-02 13:00:00+00:00,224.9999,6.1094027
2025-08-02 14:00:00+00:00,213.6901,5.8409934
2025-08-02 15:00:00+00:00,209.8988,8.305396
2025-08-02 16:00:00+00:00,220.73201,8.55142
2025-08-02 17:00:00+00:00,210.57915,9.19939
2025-08-02 18:00:00+00:00,211.72356,11.638917
2025-08-02 19:00:00+00:00,214.50858,10.484903
2025-08-02 20:00:00+00:00,214.56259,9.835975
2025-08-02 21:00:00+00:00,218.2902,8.714677
2025-08-02 22:00:00+00:00,221.63345,8.669949
2025-08-02 23:00:00+00:00,215.16652,9.688281
2025-08-03 00:00:00+00:00,217.6943,10.009036
2025-08-03 01:00:00+00:00,227.35333,9.299225
2025-08-03 02:00:00+00:00,228.27058,8.92408
2025-08-03 03:00:00+00:00,229.39879,11.616626
2025-08-03 04:00:00+00:00,232.12495,12.313894
2025-08-03 05:00:00+00:00,232.3343,12.961249
2025-08-03 06:00:00+00:00,226.70131,12.86087
2025-08-03 07:00:00+00:00,223.75471,11.712454
2025-08-03 08:00:00+00:00,232.94339,11.052058
2025-08-03 09:00:00+00:00,228.99101,10.97262
2025-08-03 10:00:00+00:00,220.23628,12.261157
2025-08-03 11:00:00+00:00,226.77144,12.351987
2025-08-03 12:00:00+00:00,226.93057,11.334285
2025-08-03 13:00:00+00:00,233.42688,6.9480934
2025-08-03 14:00:00+00:00,219.6678,9.587428
2025-08-03 15:00:00+00:00,206.93945,12.3165245
2025-08-03 16:00:00+00:00,202.8337,11.132385
2025-08-03 17:00:00+00:00,196.55714,13.896187
2025-08-03 18:00:00+00:00,200.98497,14.0734215
2025-08-03 19:00:00+00:00,210.60632,14.848635
2025-08-03 20:00:00+00:00,211.93065,14.634343
2025-08-03 21:00:00+00:00,213.6901,12.979984
2025-08-03 22:00:00+00:00,220.33307,12.514855
2025-08-03 23:00:00+00:00,218.79657,11.778658
2025-08-04 00:00:00+00:00,216.86998,12.599998
2025-08-04 01:00:00+00:00,217.51918,12.708815
2025-08-04 02:00:00+00:00,217.56866,11.808878
2025-08-04 03:00:00+00:00,218.54121,13.577776
2025-08-04 04:00:00+00:00,226.49428,14.64209
2025-08-04 05:00:00+00:00,228.42397,14.918297
2025-08-04 06:00:00+00:00,224.04526,15.275627
2025-08-04 07:00:00+00:00,219.80553,15.4642935
2025-08-04 08:00:00+00:00,220.07283,14.81915
2025-08-04 09:00:00+00:00,221.82008,13.767352
2025-08-04 10:00:00+00:00,228.06656,14.275713
2025-08-04 11:00:00+00:00,234.46223,13.935767
2025-08-04 12:00:00+00:00,240.06857,13.70839
2025-08-04 13:00:00+00:00,229.76372,9.1958685
2025-08-04 14:00:00+00:00,211.18492,7.995323
2025-08-04 15:00:00+00:00,210.73541,15.496736
2025-08-04 16:00:00+00:00,207.58194,13.6063795
2025-08-04 17:00:00+00:00,203.29459,14.1102085
2025-08-04 18:00:00+00:00,204.32556,14.420235
2025-08-04 19:00:00+00:00,204.92845,14.092977
2025-08-04 20:00:00+00:00,207.19804,14.571108
2025-08-04 21:00:00+00:00,211.60745,13.737904
2025-08-04 22:00:00+00:00,212.34741,12.783802
2025-08-04 23:00:00+00:00,213.23172,12.4811535
2025-08-05 00:00:00+00:00,211.75943,13.337016
2025-08-05 01:00:00+00:00,214.50858,13.979872
2025-08-05 02:00:00+00:00,211.10875,12.193589
2025-08-05 03:00:00+00:00,212.21652,15.531193
2025-08-05 04:00:00+00:00,212.81136,16.276815
2025-08-05 05:00:00+00:00,209.7448,15.96327
2025-08-05 06:00:00+00:00,202.77042,15.812363
2025-08-05 07:00:00+00:00,207.13506,16.180988
2025-08-05 08:00:00+00:00,214.77791,15.778516
2025-08-05 09:00:00+00:00,218.04709,15.771329
2025-08-05 10:00:00+00:00,218.55843,15.882896
2025-08-05 11:00:00+00:00,217.5285,15.661035
2025-08-05 12:00:00+00:00,216.02747,14.689588
2025-08-05 13:00:00+00:00,208.35487,12.886039
2025-08-05 14:00:00+00:00,201.33693,12.367716
2025-08-05 15:00:00+00:00,190.36627,15.004919
2025-08-05 16:00:00+00:00,191.05637,15.956163
2025-08-05 17:00:00+00:00,192.45824,15.85329
2025-08-05 18:00:00+00:00,195.09163,16.59225
2025-08-05 19:00:00+00:00,203.12088,17.419127
2025-08-05 20:00:00+00:00,206.56499,16.50218
2025-08-05 21:00:00+00:00,216.13547,14.041154
2025-08-05 22:00:00+00:00,219.17365,12.538134
2025-08-05 23:00:00+00:00,221.85495,11.599879
2025-08-06 00:00:00+00:00,221.78442,11.345712
2025-08-06 01:00:00+00:00,228.14505,11.599879
2025-08-06 02:00:00+00:00,218.21107,10.766949
2025-08-06 03:00:00+00:00,217.61403,13.861168
2025-08-06 04:00:00+00:00,209.27516,13.619471
2025-08-06 05:00:00+00:00,202.6199,14.039999
2025-08-06 06:00:00+00:00,197.04912,14.120539
2025-08-06 07:00:00+00:00,201.0924,13.504799
2025-08-06 08:00:00+00:00,213.2749,13.779114
2025-08-06 09:00:00+00:00,218.07283,13.719023
2025-08-06 10:00:00+00:00,220.87231,12.37819
2025-08-06 11:00:00+00:00,215.4458,13.036026
2025-08-06 12:00:00+00:00,209.39595,14.668619
2025-08-06 13:00:00+00:00,206.25018,14.650938
2025-08-06 14:00:00+00:00,203.8865,13.78029
2025-08-06 15:00:00+00:00,204.32556,14.420235
2025-08-06 16:00:00+00:00,206.2882,16.663372
2025-08-06 17:00:00+00:00,208.3456,15.543706
2025-08-06 18:00:00+00:00,204.44394,15.224637
2025-08-06 19:00:00+00:00,208.1561,14.49531
2025-08-06 20:00:00+00:00,217.87505,14.366211
2025-08-06 21:00:00+00:00,222.70937,12.738099
2025-08-06 22:00:00+00:00,224.39697,12.0921955
2025-08-06 23:00:00+00:00,229.49724,11.362834
2025-08-07 00:00:00+00:00,229.60017,11.1090765
2025-08-07 01:00:00+00:00,225.60301,12.0921955
2025-08-07 02:00:00+00:00,218.10762,11.666721
2025-08-07 03:00:00+00:00,223.89838,13.239486
2025-08-07 04:00:00+00:00,227.67548,13.633737
2025-08-07 05:00:00+00:00,226.66829,13.115319
2025-08-07 06:00:00+00:00,220.78572,12.124306
2025-08-07 07:00:00+00:00,219.17365,12.538134
2025-08-07 08:00:00+00:00,219.0194,13.437455
2025-08-07 09:00:00+00:00,222.87889,13.755579
2025-08-07 10:00:00+00:00,229.39879,13.276144
2025-08-07 11:00:00+00:00,234.19656,13.538345
2025-08-07 12:00:00+00:00,239.68887,13.552696
2025-08-07 13:00:00+00:00,241.5259,12.081473
2025-08-07 14:00:00+00:00,237.45,10.036512
2025-08-07 15:00:00+00:00,227.66306,10.957846
2025-08-07 16:00:00+00:00,223.66785,10.948973
2025-08-07 17:00:00+00:00,216.86998,10.799999
2025-08-07 18:00:00+00:00,194.4208,13.009903
2025-08-07 19:00:00+00:00,201.91492,16.87974
2025-08-07 20:00:00+00:00,212.84505,16.925743
2025-08-07 21:00:00+00:00,225.5161,14.128566
2025-08-07 22:00:00+00:00,221.85495,11.599879
2025-08-07 23:00:00+00:00,210.96368,11.545284
2025-08-08 00:00:00+00:00,210.19153,11.453715
2025-08-08 01:00:00+00:00,214.7961,12.932471
2025-08-08 02:00:00+00:00,220.95541,12.632101
2025-08-08 03:00:00+00:00,226.5481,14.133152
2025-08-08 04:00:00+00:00,225.5456,13.3649235
2025-08-08 05:00:00+00:00,230.19447,14.05845
2025-08-08 06:00:00+00:00,223.4235,13.878688
2025-08-08 07:00:00+00:00,213.05583,13.529966
2025-08-08 08:00:00+00:00,206.90602,13.523978
2025-08-08 09:00:00+00:00,213.4763,13.379461
2025-08-08 10:00:00+00:00,218.65984,12.678185
2025-08-08 11:00:00+00:00,218.019,12.566526
2025-08-08 12:00:00+00:00,222.66266,12.483748
2025-08-08 13:00:00+00:00,216.7143,13.248049
2025-08-08 14:00:00+00:00,206.56499,11.672275
2025-08-08 15:00:00+00:00,201.16133,11.966953
2025-08-08 16:00:00+00:00,190.3048,14.087228
2025-08-08 17:00:00+00:00,197.24155,16.396805
2025-08-08 18:00:00+00:00,206.85434,15.938896
2025-08-08 19:00:00+00:00,206.56499,13.684735
2025-08-08 20:00:00+00:00,210.4257,13.151091
2025-08-08 21:00:00+00:00,216.25392,13.392774
2025-08-08 22:00:00+00:00,217.56866,11.808878
2025-08-08 23:00:00+00:00,219.35173,11.638917
2025-08-09 00:00:00+00:00,222.45515,11.466438
2025-08-09 01:00:00+00:00,223.75471,11.712454
2025-08-09 02:00:00+00:00,224.3098,10.564941
2025-08-09 03:00:00+00:00,230.19447,12.652604
2025-08-09 04:00:00+00:00,233.13002,12.599998
2025-08-09 05:00:00+00:00,236.82147,11.183201
2025-08-09 06:00:00+00:00,236.0234,9.984729
2025-08-09 07:00:00+00:00,216.38445,8.4963045
2025-08-09 08:00:00+00:00,203.02553,7.823272
2025-08-09 09:00:00+00:00,205.27768,7.16617
2025-08-09 10:00:00+00:00,203.80595,6.689125
2025-08-09 11:00:00+00:00,208.07239,6.12
2025-08-09 12:00:00+00:00,215.90982,6.444905
2025-08-09 13:00:00+00:00,235.1246,7.2403865
2025-08-09 14:00:00+00:00,210.96368,5.2478566
2025-08-09 15:00:00+00:00,181.16911,8.821836
2025-08-09 16:00:00+00:00,200.55612,13.841286
2025-08-09 17:00:00+00:00,198.6768,13.4903965
2025-08-09 18:00:00+00:00,199.53674,11.841756
2025-08-09 19:00:00+00:00,204.22774,11.843124
2025-08-09 20:00:00+00:00,208.7397,12.7279215
2025-08-09 21:00:00+00:00,209.35765,13.217443
2025-08-09 22:00:00+00:00,214.54843,13.33094
2025-08-09 23:00:00+00:00,217.36674,12.456468
2025-08-10 00:00:00+00:00,225.61598,11.837651
2025-08-10 01:00:00+00:00,220.39983,11.1090765
2025-08-10 02:00:00+00:00,216.86998,9.9
2025-08-10 03:00:00+00:00,222.5104,11.720751
2025-08-10 04:00:00+00:00,234.74356,12.785069
2025-08-10 05:00:00+00:00,241.76265,11.032987
2025-08-10 06:00:00+00:00,233.3658,8.748075
2025-08-10 07:00:00+00:00,221.53168,8.415842
2025-08-10 08:00:00+00:00,216.86998,7.2
2025-08-10 09:00:00+00:00,216.57312,6.9480934
2025-08-10 10:00:00+00:00,217.64769,7.9567327
2025-08-10 11:00:00+00:00,223.1524,7.8954163
2025-08-10 12:00:00+00:00,239.0363,8.39657
2025-08-10 13:00:00+00:00,254.87593,6.8989563
2025-08-10 14:00:00+00:00,231.1155,7.1684303
2025-08-10 15:00:00+00:00,196.4601,8.2584505
2025-08-10 16:00:00+00:00,196.88687,10.534229
2025-08-10 17:00:00+00:00,189.60513,11.866355
2025-08-10 18:00:00+00:00,195.14104,15.8502245
2025-08-10 19:00:00+00:00,200.09532,15.716793
2025-08-10 20:00:00+00:00,208.30066,15.94601
2025-08-10 21:00:00+00:00,217.56866,14.761098
2025-08-10 22:00:00+00:00,226.08084,13.493999
2025-08-10 23:00:00+00:00,229.9938,13.15971
2025-08-11 00:00:00+00:00,228.96475,12.886039
2025-08-11 01:00:00+00:00,224.9999,12.98248
2025-08-11 02:00:00+00:00,226.77144,12.351987
2025-08-11 03:00:00+00:00,234.13008,14.438198
2025-08-11 04:00:00+00:00,237.09476,14.57889
2025-08-11 05:00:00+00:00,235.68486,13.729647
2025-08-11 06:00:00+00:00,229.9938,13.15971
2025-08-11 07:00:00+00:00,222.87889,13.755579
2025-08-11 08:00:00+00:00,220.19197,13.666967
2025-08-11 09:00:00+00:00,222.16582,12.870944
2025-08-11 10:00:00+00:00,222.37354,13.888023
2025-08-11 11:00:00+00:00,228.36655,13.004922
2025-08-11 12:00:00+00:00,228.21558,11.345712
2025-08-11 13:00:00+00:00,221.112,13.14
2025-08-11 14:00:00+00:00,222.22076,13.125196
2025-08-11 15:00:00+00:00,231.34016,13.830749
2025-08-11 16:00:00+00:00,218.43733,14.477417
2025-08-11 17:00:00+00:00,198.20857,14.401124
2025-08-11 18:00:00+00:00,194.03627,17.069656
2025-08-11 19:00:00+00:00,202.71445,16.78156
2025-08-11 20:00:00+00:00,207.1496,15.778518
2025-08-11 21:00:00+00:00,216.02747,14.689588
2025-08-11 22:00:00+00:00,217.47626,13.608762
2025-08-11 23:00:00+00:00,213.6901,12.330985
2025-08-12 00:00:00+00:00,211.50421,13.089354
2025-08-12 01:00:00+00:00,216.86998,11.7
2025-08-12 02:00:00+00:00,212.47118,11.734564
2025-08-12 03:00:00+00:00,210.96368,15.743569
2025-08-12 04:00:00+00:00,209.57774,15.315873
2025-08-12 05:00:00+00:00,205.3777,15.539537
2025-08-12 06:00:00+00:00,198.90466,13.88919
2025-08-12 07:00:00+00:00,200.35332,11.903159
2025-08-12 08:00:00+00:00,202.9638,11.534054
2025-08-12 09:00:00+00:00,209.0545,12.972494
2025-08-12 10:00:00+00:00,215.7275,12.638512
2025-08-12 11:00:00+00:00,222.45515,11.466438
2025-08-12 12:00:00+00:00,228.90059,11.226575
2025-08-12 13:00:00+00:00,201.03758,7.5213294
2025-08-12 14:00:00+00:00,177.66275,8.827344
2025-08-12 15:00:00+00:00,177.31628,11.53265
2025-08-12 16:00:00+00:00,180.0,11.879999
2025-08-12 17:00:00+00:00,197.00803,15.999762
2025-08-12 18:00:00+00:00,200.72563,14.24163
2025-08-12 19:00:00+00:00,201.0924,13.504799
2025-08-12 20:00:00+00:00,205.2011,13.527572
2025-08-12 21:00:00+00:00,211.92084,12.936228
2025-08-12 22:00:00+00:00,216.34755,11.844492
2025-08-12 23:00:00+00:00,218.25447,11.919479
2025-08-13 00:00:00+00:00,214.41843,11.782784
2025-08-13 01:00:00+00:00,213.42484,10.783486
2025-08-13 02:00:00+00:00,210.01828,9.354806
2025-08-13 03:00:00+00:00,218.04709,10.514218
2025-08-13 04:00:00+00:00,229.28925,10.210936
2025-08-13 05:00:00+00:00,220.36446,9.449572
2025-08-13 06:00:00+00:00,199.79897,9.565437
2025-08-13 07:00:00+00:00,193.17256,8.688613
2025-08-13 08:00:00+00:00,186.78888,7.613382
2025-08-13 09:00:00+00:00,181.63654,6.302571
2025-08-13 10:00:00+00:00,173.04713,7.4346757
2025-08-13 11:00:00+00:00,180.0,11.5199995
2025-08-13 12:00:00+00:00,187.7335,14.713831
2025-08-13 13:00:00+00:00,170.07382,7.3094187
2025-08-13 14:00:00+00:00,163.44286,6.9480934
2025-08-13 15:00:00+00:00,163.21727,11.844492
2025-08-13 16:00:00+00:00,183.094,13.339445
2025-08-13 17:00:00+00:00,201.5015,12.768586
2025-08-13 18:00:00+00:00,208.8107,12.325728
2025-08-13 19:00:00+00:00,207.84749,10.7894945
2025-08-13 20:00:00+00:00,207.03078,9.901636
2025-08-13 21:00:00+00:00,207.09547,8.694204
2025-08-13 22:00:00+00:00,208.39293,7.570707
2025-08-13 23:00:00+00:00,213.6901,7.7879906
2025-08-14 00:00:00+00:00,204.22774,7.8954163
2025-08-14 01:00:00+00:00,193.70699,7.596341
2025-08-14 02:00:00+00:00,180.0,6.12
2025-08-14 03:00:00+00:00,197.10281,7.3447943
2025-08-14 04:00:00+00:00,207.69939,8.131936
2025-08-14 05:00:00+00:00,196.9276,8.654986
2025-08-14 06:00:00+00:00,183.3664,9.195868
2025-08-14 07:00:00+00:00,181.24533,8.281956
2025-08-14 08:00:00+00:00,174.2895,5.426933
2025-08-14 09:00:00+00:00,158.96242,5.0142193
2025-08-14 10:00:00+00:00,168.69011,4.5891175
2025-08-14 11:00:00+00:00,157.1663,3.710795
2025-08-14 12:00:00+00:00,124.3804,4.143911
2025-08-14 13:00:00+00:00,106.4601,8.2584505
2025-08-14 14:00:00+00:00,96.22574,9.9587345
2025-08-14 15:00:00+00:00,119.858925,11.207801
2025-08-14 16:00:00+00:00,124.135994,12.830604
2025-08-14 17:00:00+00:00,135.62952,11.583108
2025-08-14 18:00:00+00:00,146.88864,9.885262
2025-08-14 19:00:00+00:00,156.97447,7.823272
2025-08-14 20:00:00+00:00,154.98314,5.95906
2025-08-14 21:00:00+00:00,145.78424,5.441838
2025-08-14 22:00:00+00:00,117.40749,5.4744864
2025-08-14 23:00:00+00:00,102.5288,4.9785542
2025-08-15 00:00:00+00:00,135.0001,4.3274937
2025-08-15 01:00:00+00:00,145.30478,5.692099
2025-08-15 02:00:00+00:00,156.2505,4.91634
2025-08-15 03:00:00+00:00,153.43501,2.8174455
2025-08-15 04:00:00+00:00,320.1945,1.4058449
2025-08-15 05:00:00+00:00,318.57642,4.080882
2025-08-15 06:00:00+00:00,336.5014,4.514377
2025-08-15 07:00:00+00:00,333.43503,2.0124612
2025-08-15 08:00:00+00:00,194.03627,0.742159
2025-08-15 09:00:00+00:00,246.80138,1.3708391
2025-08-15 10:00:00+00:00,296.56497,3.219938
2025-08-15 11:00:00+00:00,307.30402,4.752136
2025-08-15 12:00:00+00:00,307.56866,5.904439
2025-08-15 13:00:00+00:00,93.270424,6.310277
2025-08-15 14:00:00+00:00,121.15924,9.044888
2025-08-15 15:00:00+00:00,105.67959,10.656547
2025-08-15 16:00:00+00:00,107.241554,10.931203
2025-08-15 17:00:00+00:00,136.39711,10.44
2025-08-15 18:00:00+00:00,161.87805,10.4166975
2025-08-15 19:00:00+00:00,158.42863,8.322932
2025-08-15 20:00:00+00:00,172.40544,5.4477882
2025-08-15 21:00:00+00:00,187.76508,3.9966488
2025-08-15 22:00:00+00:00,168.11136,3.4949677
2025-08-15 23:00:00+00:00,163.0724,4.327493
2025-08-16 00:00:00+00:00,177.95464,5.0432134
2025-08-16 01:00:00+00:00,135.0001,3.563818
2025-08-16 02:00:00+00:00,167.27565,5.720489
2025-08-16 03:00:00+00:00,182.54475,8.107996
2025-08-16 04:00:00+00:00,202.8337,7.42159
2025-08-16 05:00:00+00:00,230.90614,3.710795
2025-08-16 06:00:00+00:00,52.124958,2.0523157
2025-08-16 07:00:00+00:00,43.451904,4.7110505
2025-08-16 08:00:00+00:00,53.530666,5.1481256
2025-08-16 09:00:00+00:00,78.95911,7.519175
2025-08-16 10:00:00+00:00,128.04709,10.514218
2025-08-16 11:00:00+00:00,113.70266,8.0599
2025-08-16 12:00:00+00:00,88.667816,7.7420926
2025-08-16 13:00:00+00:00,130.17917,10.601679
2025-08-16 14:00:00+00:00,150.80261,7.0107627
2025-08-16 15:00:00+00:00,162.38733,11.897714
2025-08-16 16:00:00+00:00,162.838,12.810386
2025-08-16 17:00:00+00:00,164.2913,11.966954
2025-08-16 18:00:00+00:00,161.86183,10.9859
2025-08-16 19:00:00+00:00,161.56496,10.24578
2025-08-16 20:00:00+00:00,160.86626,9.335737
2025-08-16 21:00:00+00:00,157.5572,8.958504
2025-08-16 22:00:00+00:00,151.1893,8.217153
2025-08-16 23:00:00+00:00,141.51978,8.967541
2025-08-17 00:00:00+00:00,128.65984,9.220499
2025-08-17 01:00:00+00:00,146.88864,9.885262
2025-08-17 02:00:00+00:00,145.22209,7.889258
2025-08-17 03:00:00+00:00,147.14429,10.285232
2025-08-17 04:00:00+00:00,145.84026,12.181624
2025-08-17 05:00:00+00:00,143.32556,10.548061
2025-08-17 06:00:00+00:00,127.77575,9.109138
2025-08-17 07:00:00+00:00,124.286934,9.585739
2025-08-17 08:00:00+00:00,114.44395,10.874741
2025-08-17 09:00:00+00:00,123.02388,12.881008
2025-08-17 10:00:00+00:00,131.71066,11.091564
2025-08-17 11:00:00+00:00,118.68605,10.874742
2025-08-17 12:00:00+00:00,119.14798,10.717182
2025-08-17 13:00:00+00:00,105.12406,13.797913
2025-08-17 14:00:00+00:00,114.84236,10.711135
2025-08-17 15:00:00+00:00,119.24873,10.315115
2025-08-17 16:00:00+00:00,107.78398,10.018743
2025-08-17 17:00:00+00:00,105.945465,9.172938
2025-08-17 18:00:00+00:00,115.01686,8.93859
2025-08-17 19:00:00+00:00,115.14475,9.743304
2025-08-17 20:00:00+00:00,111.63095,11.230904
2025-08-17 21:00:00+00:00,115.60214,9.580668
2025-08-17 22:00:00+00:00,117.89718,10.387107
2025-08-17 23:00:00+00:00,115.301346,10.950452
2025-08-18 00:00:00+00:00,107.10281,9.793058
2025-08-18 01:00:00+00:00,122.68055,11.334285
2025-08-18 02:00:00+00:00,126.656204,9.648067
2025-08-18 03:00:00+00:00,136.73567,8.404285
2025-08-18 04:00:00+00:00,130.60121,9.957108
2025-08-18 05:00:00+00:00,134.19316,9.037721
2025-08-18 06:00:00+00:00,117.69938,8.131936
2025-08-18 07:00:00+00:00,95.7105,7.2359104
2025-08-18 08:00:00+00:00,94.0141,10.285232
2025-08-18 09:00:00+00:00,96.88163,10.51576
2025-08-18 10:00:00+00:00,101.88863,10.484902
2025-08-18 11:00:00+00:00,99.46225,10.948973
2025-08-18 12:00:00+00:00,83.85348,11.767651
2025-08-18 13:00:00+00:00,77.619255,7.555712
2025-08-18 14:00:00+00:00,93.093994,6.6697226
2025-08-18 15:00:00+00:00,93.012726,6.849467
2025-08-18 16:00:00+00:00,101.59215,7.1661706
2025-08-18 17:00:00+00:00,100.12462,10.239453
2025-08-18 18:00:00+00:00,107.35411,12.0694
2025-08-18 19:00:00+00:00,117.75845,11.594292
2025-08-18 20:00:00+00:00,126.46933,10.296251
2025-08-18 21:00:00+00:00,119.89881,8.305396
2025-08-18 22:00:00+00:00,108.03438,8.139901
2025-08-18 23:00:00+00:00,108.43504,7.968939
2025-08-19 00:00:00+00:00,106.821495,8.085988
2025-08-19 01:00:00+00:00,70.20104,9.565437
2025-08-19 02:00:00+00:00,85.03035,8.311245
2025-08-19 03:00:00+00:00,47.290634,6.3690495
2025-08-19 04:00:00+00:00,52.124958,2.0523157
2025-08-19 05:00:00+00:00,88.09089,5.4029994
2025-08-19 06:00:00+00:00,85.4861,6.8612823
2025-08-19 07:00:00+00:00,83.659904,9.779817
2025-08-19 08:00:00+00:00,78.50347,10.837435
2025-08-19 09:00:00+00:00,66.801384,10.966713
2025-08-19 10:00:00+00:00,58.861095,10.094454
2025-08-19 11:00:00+00:00,41.82009,9.178235
2025-08-19 12:00:00+00:00,37.694313,10.009036
2025-08-19 13:00:00+00:00,82.03049,9.087772
2025-08-19 14:00:00+00:00,93.46816,5.950899
2025-08-19 15:00:00+00:00,105.3502,9.5196
2025-08-19 16:00:00+00:00,111.209305,12.936227
2025-08-19 17:00:00+00:00,117.80137,11.19189
2025-08-19 18:00:00+00:00,112.61991,9.360001
2025-08-19 19:00:00+00:00,99.81924,9.499157
2025-08-19 20:00:00+00:00,104.03627,9.6480665
2025-08-19 21:00:00+00:00,97.59455,8.171683
2025-08-19 22:00:00+00:00,97.59455,8.171683
2025-08-19 23:00:00+00:00,95.59925,9.224011
2025-08-20 00:00:00+00:00,92.12105,9.726665
2025-08-20 01:00:00+00:00,77.125,6.4624763
2025-08-20 02:00:00+00:00,91.50741,6.8423676
2025-08-20 03:00:00+00:00,103.44863,8.513448
2025-08-20 04:00:00+00:00,96.581856,9.422101
2025-08-20 05:00:00+00:00,82.09293,13.084402
2025-08-20 06:00:00+00:00,79.11452,14.297258
2025-08-20 07:00:00+00:00,72.89719,12.241323
2025-08-20 08:00:00+00:00,80.53775,12.043869
2025-08-20 09:00:00+00:00,76.865974,11.090103
2025-08-20 10:00:00+00:00,70.66511,10.873251
2025-08-20 11:00:00+00:00,64.17907,12.397806
2025-08-20 12:00:00+00:00,63.78868,13.040997
2025-08-20 13:00:00+00:00,87.02634,13.878688
2025-08-20 14:00:00+00:00,95.80663,10.674773
2025-08-20 15:00:00+00:00,109.70808,12.810386
2025-08-20 16:00:00+00:00,105.25517,10.261579
2025-08-20 17:00:00+00:00,109.50254,9.165871
2025-08-20 18:00:00+00:00,106.4601,8.2584505
2025-08-20 19:00:00+00:00,80.31129,7.486788
2025-08-20 20:00:00+00:00,76.50425,9.255571
2025-08-20 21:00:00+00:00,81.57312,9.826088
2025-08-20 22:00:00+00:00,86.87794,9.914717
2025-08-20 23:00:00+00:00,94.48453,9.208192
2025-08-21 00:00:00+00:00,91.273,8.101999
2025-08-21 01:00:00+00:00,60.255207,7.256032
2025-08-21 02:00:00+00:00,64.17907,6.198903
2025-08-21 03:00:00+00:00,86.00917,7.7588143
2025-08-21 04:00:00+00:00,102.99462,9.605998
2025-08-21 05:00:00+00:00,93.57626,8.656858
2025-08-21 06:00:00+00:00,90.0,8.459999
2025-08-21 07:00:00+00:00,75.650635,7.989243
2025-08-21 08:00:00+00:00,77.00539,7.2044983
2025-08-21 09:00:00+00:00,65.32315,7.329338
2025-08-21 10:00:00+00:00,62.24156,7.729527
2025-08-21 11:00:00+00:00,58.495792,6.544677
2025-08-21 12:00:00+00:00,83.659904,8.149847
2025-08-21 13:00:00+00:00,153.43501,4.4274144
2025-08-21 14:00:00+00:00,176.98727,3.4247334
2025-08-21 15:00:00+00:00,232.43134,11.808878
2025-08-21 16:00:00+00:00,222.06425,9.9408245
2025-08-21 17:00:00+00:00,206.09537,9.82114
2025-08-21 18:00:00+00:00,203.33406,9.997699
2025-08-21 19:00:00+00:00,210.57915,9.19939
2025-08-21 20:00:00+00:00,229.39879,8.297589
2025-08-21 21:00:00+00:00,239.47037,8.149847
2025-08-21 22:00:00+00:00,235.95401,8.037761
2025-08-21 23:00:00+00:00,233.67308,7.596341
2025-08-22 00:00:00+00:00,236.3099,7.7879906
2025-08-22 01:00:00+00:00,222.75424,12.992459
2025-08-22 02:00:00+00:00,132.13753,5.0975285
2025-08-22 03:00:00+00:00,223.45189,9.422101
2025-08-22 04:00:00+00:00,230.52757,11.892265
2025-08-22 05:00:00+00:00,236.3099,11.032987
2025-08-22 06:00:00+00:00,243.43501,9.659814
2025-08-22 07:00:00+00:00,248.6293,8.891344
2025-08-22 08:00:00+00:00,250.82089,8.766573
2025-08-22 09:00:00+00:00,256.82745,8.688613
2025-08-22 10:00:00+00:00,265.03033,8.311245
2025-08-22 11:00:00+00:00,300.96368,2.0991426
2025-08-22 12:00:00+00:00,117.47435,5.072041
2025-08-22 13:00:00+00:00,210.73541,7.748368
2025-08-22 14:00:00+00:00,192.17145,9.391102
2025-08-22 15:00:00+00:00,198.43504,9.107359
2025-08-22 16:00:00+00:00,200.89784,10.597094
2025-08-22 17:00:00+00:00,203.87529,12.007498
2025-08-22 18:00:00+00:00,204.30453,12.245293
2025-08-22 19:00:00+00:00,212.53505,12.383424
2025-08-22 20:00:00+00:00,226.88817,11.5887
2025-08-22 21:00:00+00:00,186.3401,6.519877
2025-08-22 22:00:00+00:00,165.71887,10.215693
2025-08-22 23:00:00+00:00,157.96371,8.155807
2025-08-23 00:00:00+00:00,196.14441,14.241629
2025-08-23 01:00:00+00:00,84.55976,3.7971036
2025-08-23 02:00:00+00:00,161.56496,4.5536795
2025-08-23 03:00:00+00:00,135.0001,6.618519
2025-08-23 04:00:00+00:00,144.6887,5.293959
2025-08-23 05:00:00+00:00,178.40889,6.482499
2025-08-23 06:00:00+00:00,218.48022,8.967541
2025-08-23 07:00:00+00:00,221.53168,8.415842
2025-08-23 08:00:00+00:00,198.43504,7.968939
2025-08-23 09:00:00+00:00,202.71445,8.39078
2025-08-23 10:00:00+00:00,221.42357,8.161764
2025-08-23 11:00:00+00:00,210.65059,5.6492476
2025-08-23 12:00:00+00:00,171.86998,5.0911684
2025-08-23 13:00:00+00:00,191.6336,6.2483597
2025-08-23 14:00:00+00:00,202.47948,5.6492476
2025-08-23 15:00:00+00:00,221.18582,5.7402787
2025-08-23 16:00:00+00:00,206.56499,8.049845
2025-08-23 17:00:00+00:00,187.69595,6.7205353
2025-08-23 18:00:00+00:00,199.74693,7.458606
2025-08-23 19:00:00+00:00,186.1154,10.1376915
2025-08-23 20:00:00+00:00,186.61336,12.503199
2025-08-23 21:00:00+00:00,198.10385,9.847496
2025-08-23 22:00:00+00:00,121.75944,8.891343
2025-08-23 23:00:00+00:00,170.21767,5.297018
2025-08-24 00:00:00+00:00,117.34979,5.8769383
2025-08-24 01:00:00+00:00,63.435013,2.4149535
2025-08-24 02:00:00+00:00,264.80566,5.9644947
2025-08-24 03:00:00+00:00,354.2895,10.853866
2025-08-24 04:00:00+00:00,38.480236,8.967541
2025-08-24 05:00:00+00:00,60.832493,8.863972
2025-08-24 06:00:00+00:00,111.03758,5.0142193
2025-08-24 07:00:00+00:00,108.43504,5.6920996
2025-08-24 08:00:00+00:00,105.945465,3.9312592
2025-08-24 09:00:00+00:00,35.537766,3.096837
2025-08-24 10:00:00+00:00,9.782338,5.297018
2025-08-24 11:00:00+00:00,338.6293,4.445672
2025-08-24 12:00:00+00:00,317.4896,5.8603754
2025-08-24 13:00:00+00:00,17.354122,3.01735
2025-08-24 14:00:00+00:00,37.694313,5.004518
2025-08-24 15:00:00+00:00,77.38069,12.358542
2025-08-24 16:00:00+00:00,58.134064,7.841887
2025-08-24 17:00:00+00:00,49.844074,7.5363917
2025-08-24 18:00:00+00:00,34.8754,7.2403865
2025-08-24 19:00:00+00:00,34.43906,7.6388745
2025-08-24 20:00:00+00:00,35.311302,5.293959
2025-08-24 21:00:00+00:00,10.304792,4.0249224
2025-08-24 22:00:00+00:00,311.87778,7.0107627
2025-08-24 23:00:00+00:00,300.57913,9.19939
2025-08-25 00:00:00+00:00,319.7637,15.3264475
2025-08-25 01:00:00+00:00,349.04596,11.367109
2025-08-25 02:00:00+00:00,352.87506,11.609651
2025-08-25 03:00:00+00:00,7.3995037,13.976394
2025-08-25 04:00:00+00:00,16.631037,14.465102
2025-08-25 05:00:00+00:00,15.843147,13.845967
2025-08-25 06:00:00+00:00,14.826528,12.661564
2025-08-25 07:00:00+00:00,12.7243595,11.440978
2025-08-25 08:00:00+00:00,10.738852,10.6261
2025-08-25 09:00:00+00:00,349.31512,9.708326
2025-08-25 10:00:00+00:00,348.6901,11.013882
2025-08-25 11:00:00+00:00,358.40887,12.964998
2025-08-25 12:00:00+00:00,347.4712,11.616627
2025-08-25 13:00:00+00:00,19.746927,7.458606
2025-08-25 14:00:00+00:00,22.61991,4.6800003
2025-08-25 15:00:00+00:00,356.186,2.7059932
2025-08-25 16:00:00+00:00,310.10083,4.471107
2025-08-25 17:00:00+00:00,270.0,1.8
2025-08-25 18:00:00+00:00,227.72638,2.6758924
2025-08-25 19:00:00+00:00,228.17992,4.5891175
2025-08-25 20:00:00+00:00,246.25049,4.91634
2025-08-25 21:00:00+00:00,279.78235,5.297018
2025-08-25 22:00:00+00:00,300.65057,5.6492476
2025-08-25 23:00:00+00:00,292.6199,4.6800003
2025-08-26 00:00:00+00:00,293.7495,4.91634
2025-08-26 01:00:00+00:00,300.96368,5.2478566
2025-08-26 02:00:00+00:00,315.0001,4.072935
2025-08-26 03:00:00+00:00,302.00534,6.792466
2025-08-26 04:00:00+00:00,297.18103,7.4867883
2025-08-26 05:00:00+00:00,291.19412,9.459852
2025-08-26 06:00:00+00:00,292.4428,8.958504
2025-08-26 07:00:00+00:00,300.46545,10.650465
2025-08-26 08:00:00+00:00,306.68982,11.448055
2025-08-26 09:00:00+00:00,313.06943,11.334285
2025-08-26 10:00:00+00:00,315.0001,11.200571
2025-08-26 11:00:00+00:00,316.36386,10.694485
2025-08-26 12:00:00+00:00,320.96448,8.574123
2025-08-26 13:00:00+00:00,333.43503,5.634891
2025-08-26 14:00:00+00:00,346.42953,5.3699164
2025-08-26 15:00:00+00:00,32.905247,3.6447225
2025-08-26 16:00:00+00:00,86.186005,5.4119864
2025-08-26 17:00:00+00:00,125.537766,4.6452556
2025-08-26 18:00:00+00:00,108.43504,1.1384199
2025-08-26 19:00:00+00:00,127.875046,2.0523157
2025-08-26 20:00:00+00:00,191.30989,2.7534704
2025-08-26 21:00:00+00:00,240.5242,4.755544
2025-08-26 22:00:00+00:00,255.2564,7.072878
2025-08-26 23:00:00+00:00,252.3498,8.311245
2025-08-27 00:00:00+00:00,265.91446,7.579261
2025-08-27 01:00:00+00:00,228.62158,10.075177
2025-08-27 02:00:00+00:00,237.84773,7.44121
2025-08-27 03:00:00+00:00,262.47626,9.6228485
2025-08-27 04:00:00+00:00,283.32455,7.029225
2025-08-27 05:00:00+00:00,318.991,5.48631
2025-08-27 06:00:00+00:00,336.19403,6.689125
2025-08-27 07:00:00+00:00,333.43503,8.049845
2025-08-27 08:00:00+00:00,339.59003,8.2584505
2025-08-27 09:00:00+00:00,332.3541,8.534353
2025-08-27 10:00:00+00:00,328.67136,9.693296
2025-08-27 11:00:00+00:00,338.58694,9.860649
2025-08-27 12:00:00+00:00,342.03076,7.0015144
2025-08-27 13:00:00+00:00,15.255177,4.1046314
2025-08-27 14:00:00+00:00,29.054508,3.7064266
2025-08-27 15:00:00+00:00,61.189304,4.1085763
2025-08-27 16:00:00+00:00,83.659904,1.6299692
2025-08-27 17:00:00+00:00,237.80429,5.7431
2025-08-27 18:00:00+00:00,246.44772,7.6579366
2025-08-27 19:00:00+00:00,241.11351,5.9617786
2025-08-27 20:00:00+00:00,254.87593,6.8989563
2025-08-27 21:00:00+00:00,271.78986,5.7628117
2025-08-27 22:00:00+00:00,258.6901,6.424764
2025-08-27 23:00:00+00:00,260.78903,6.7469993
2025-08-28 00:00:00+00:00,272.79263,7.388775
2025-08-28 01:00:00+00:00,183.94511,5.232399
2025-08-28 02:00:00+00:00,189.0902,4.5572357
2025-08-28 03:00:00+00:00,245.55606,6.5248446
2025-08-28 04:00:00+00:00,278.53067,7.2805495
2025-08-28 05:00:00+00:00,299.42737,8.0599
2025-08-28 06:00:00+00:00,299.1675,8.863972
2025-08-28 07:00:00+00:00,297.5119,9.741642
2025-08-28 08:00:00+00:00,297.5972,8.936778
2025-08-28 09:00:00+00:00,304.3804,8.287822
2025-08-28 10:00:00+00:00,310.73203,8.55142
2025-08-28 11:00:00+00:00,313.26434,8.404285
2025-08-28 12:00:00+00:00,325.8855,6.7397914
2025-08-28 13:00:00+00:00,315.0001,4.072935
2025-08-28 14:00:00+00:00,280.1246,5.1197267
2025-08-28 15:00:00+00:00,243.43501,2.0124612
2025-08-28 16:00:00+00:00,165.2564,3.536439
2025-08-28 17:00:00+00:00,191.68935,5.3305535
2025-08-28 18:00:00+00:00,204.44394,8.699793
2025-08-28 19:00:00+00:00,239.23735,8.797931
2025-08-28 20:00:00+00:00,238.10924,9.54
2025-08-28 21:00:00+00:00,240.2552,8.707237
2025-08-28 22:00:00+00:00,243.43501,8.854829
2025-08-28 23:00:00+00:00,246.3706,9.430695
2025-08-29 00:00:00+00:00,249.77505,10.934166
2025-08-29 01:00:00+00:00,265.81516,7.3997297
2025-08-29 02:00:00+00:00,241.92761,3.06
2025-08-29 03:00:00+00:00,218.65984,2.3051248
2025-08-29 04:00:00+00:00,258.11136,3.4949677
2025-08-29 05:00:00+00:00,302.90524,3.6447225
2025-08-29 06:00:00+00:00,339.44388,3.0758414
2025-08-29 07:00:00+00:00,44.999897,1.2727921
2025-08-29 08:00:00+00:00,128.65984,1.1525624
2025-08-29 09:00:00+00:00,180.0,1.6199999
2025-08-29 10:00:00+00:00,152.10283,3.4623692
2025-08-29 11:00:00+00:00,187.43132,4.175069
2025-08-29 12:00:00+00:00,199.9832,4.2136917
2025-08-29 13:00:00+00:00,177.31628,11.53265
2025-08-29 14:00:00+00:00,171.99536,11.633348
2025-08-29 15:00:00+00:00,181.16911,8.821836
2025-08-29 16:00:00+00:00,164.21918,8.604301
2025-08-29 17:00:00+00:00,178.69807,7.922045
2025-08-29 18:00:00+00:00,190.43742,6.9550843
2025-08-29 19:00:00+00:00,141.84273,6.4096174
2025-08-29 20:00:00+00:00,132.43619,8.536252
2025-08-29 21:00:00+00:00,147.87503,9.139322
2025-08-29 22:00:00+00:00,153.94656,9.016185
2025-08-29 23:00:00+00:00,208.92633,15.629971
2025-08-30 00:00:00+00:00,185.59924,9.224011
2025-08-30 01:00:00+00:00,205.97433,7.8087645
2025-08-30 02:00:00+00:00,198.43504,7.3997297
2025-08-30 03:00:00+00:00,213.11136,4.942631
2025-08-30 04:00:00+00:00,160.82089,4.3832865
2025-08-30 05:00:00+00:00,117.40749,5.4744864
2025-08-30 06:00:00+00:00,106.38962,3.189608
2025-08-30 07:00:00+00:00,128.991,4.863332
2025-08-30 08:00:00+00:00,131.49637,6.248359
2025-08-30 09:00:00+00:00,145.0079,6.59154
2025-08-30 10:00:00+00:00,170.78905,6.7469993
2025-08-30 11:00:00+00:00,206.56499,8.049845
2025-08-30 12:00:00+00:00,297.25525,6.6818557
2025-08-30 13:00:00+00:00,221.18582,1.9134263
2025-08-30 14:00:00+00:00,230.19447,2.8116899
2025-08-30 15:00:00+00:00,229.76372,3.0652893
2025-08-30 16:00:00+00:00,11.888645,3.4949677
2025-08-30 17:00:00+00:00,219.2894,7.674842
2025-08-30 18:00:00+00:00,48.99101,5.48631
2025-08-30 19:00:00+00:00,160.34608,8.027677
2025-08-30 20:00:00+00:00,243.43501,2.4149535
2025-08-30 21:00:00+00:00,162.89719,4.896529
2025-08-30 22:00:00+00:00,153.43501,5.634891
2025-08-30 23:00:00+00:00,124.992096,4.39436
2025-08-31 00:00:00+00:00,159.3255,10.196647
2025-08-31 01:00:00+00:00,197.74477,4.724786
2025-08-31 02:00:00+00:00,95.19434,1.9881649
2025-08-31 03:00:00+00:00,136.97493,3.693291
2025-08-31 04:00:00+00:00,211.75943,4.4456716
2025-08-31 05:00:00+00:00,220.60121,3.319036
2025-08-31 06:00:00+00:00,242.28159,11.996699
2025-08-31 07:00:00+00:00,242.52565,5.072041
2025-08-31 08:00:00+00:00,280.0079,6.2145634
2025-08-31 09:00:00+00:00,251.75404,17.247156
2025-08-31 10:00:00+00:00,268.05856,10.6261
2025-08-31 11:00:00+00:00,283.13403,11.090103
2025-08-31 12:00:00+00:00,298.61035,9.021574
2025-08-31 13:00:00+00:00,341.56494,2.2768397
2025-08-31 14:00:00+00:00,187.12492,5.8048253
2025-08-31 15:00:00+00:00,281.3099,1.835647
2025-08-31 16:00:00+00:00,260.53775,2.1897945
2025-08-31 17:00:00+00:00,200.55612,1.5379207
2025-08-31 18:00:00+00:00,224.9999,4.8366103
2025-08-31 19:00:00+00:00,239.03632,7.3469996
2025-08-31 20:00:00+00:00,248.45895,7.353611
2025-08-31 21:00:00+00:00,260.78903,6.7469993
2025-08-31 22:00:00+00:00,265.71094,7.2202215
2025-08-31 23:00:00+00:00,271.3639,7.562142
2025-09-01 00:00:00+00:00,289.23077,8.197414
2025-09-01 01:00:00+00:00,324.9041,8.139901
2025-09-01 02:00:00+00:00,343.1415,12.413476
2025-09-01 03:00:00+00:00,5.3144655,7.7734165
2025-09-01 04:00:00+00:00,5.492242,9.403169
2025-09-01 05:00:00+00:00,345.2032,9.867218
2025-09-01 06:00:00+00:00,345.2032,9.867218
2025-09-01 07:00:00+00:00,348.92984,8.43699
2025-09-01 08:00:00+00:00,330.5242,9.511088
2025-09-01 09:00:00+00:00,322.92685,10.152064
2025-09-01 10:00:00+00:00,324.78232,11.236671
2025-09-01 11:00:00+00:00,332.6502,11.753877
2025-09-01 12:00:00+00:00,347.73523,8.473393
2025-09-01 13:00:00+00:00,50.52757,7.928177
2025-09-01 14:00:00+00:00,81.67444,7.458606
2025-09-01 15:00:00+00:00,83.29026,3.0811036
2025-09-01 16:00:00+00:00,74.054535,3.9312592
2025-09-01 17:00:00+00:00,83.29026,3.0811036
2025-09-01 18:00:00+00:00,78.6901,2.7534704
2025-09-01 19:00:00+00:00,180.0,0.35999998
2025-09-01 20:00:00+00:00,227.72638,2.6758924
2025-09-01 21:00:00+00:00,330.9455,1.8532133
2025-09-01 22:00:00+00:00,325.4914,3.494968
2025-09-01 23:00:00+00:00,300.96368,3.148714
2025-09-02 00:00:00+00:00,279.46225,3.2846913
2025-09-02 01:00:00+00:00,200.55612,1.5379207
2025-09-02 02:00:00+00:00,205.34613,3.7842832
2025-09-02 03:00:00+00:00,267.70944,4.503598
2025-09-02 04:00:00+00:00,271.24533,8.281956
2025-09-02 05:00:00+00:00,280.1246,10.239453
2025-09-02 06:00:00+00:00,288.06055,8.709098
2025-09-02 07:00:00+00:00,293.49857,9.028754
2025-09-02 08:00:00+00:00,294.53772,9.102021
2025-09-02 09:00:00+00:00,299.74478,10.158444
2025-09-02 10:00:00+00:00,309.8055,9.840914
2025-09-02 11:00:00+00:00,311.63345,10.837435
2025-09-02 12:00:00+00:00,312.70938,6.3690495
2025-09-02 13:00:00+00:00,277.76508,3.9966488
2025-09-02 14:00:00+00:00,258.6901,1.835647
2025-09-02 15:00:00+00:00,351.02744,3.462369
2025-09-02 16:00:00+00:00,7.12493,2.9024127
2025-09-02 17:00:00+00:00,285.94547,1.3104197
2025-09-02 18:00:00+00:00,233.13002,1.8
2025-09-02 19:00:00+00:00,216.25392,3.3481934
2025-09-02 20:00:00+00:00,239.34941,5.6492476
2025-09-02 21:00:00+00:00,247.3801,7.0199995
2025-09-02 22:00:00+00:00,237.0306,7.9383874
2025-09-02 23:00:00+00:00,246.97447,7.823272
2025-09-03 00:00:00+00:00,243.43501,7.24486
2025-09-03 01:00:00+00:00,248.19853,7.754637
2025-09-03 02:00:00+00:00,249.86362,5.7515564
2025-09-03 03:00:00+00:00,289.0257,5.5216303
2025-09-03 04:00:00+00:00,327.09476,3.6447225
2025-09-03 05:00:00+00:00,323.13,4.5
2025-09-03 06:00:00+00:00,343.8107,5.8104043
2025-09-03 07:00:00+00:00,337.6198,6.6185193
2025-09-03 08:00:00+00:00,340.55988,6.489992
2025-09-03 09:00:00+00:00,342.8972,7.3447943
2025-09-03 10:00:00+00:00,352.0305,9.087772
2025-09-03 11:00:00+00:00,27.149609,7.889259
2025-09-03 12:00:00+00:00,358.75467,8.281956
2025-09-03 13:00:00+00:00,80.53775,7.6642804
2025-09-03 14:00:00+00:00,129.93633,10.094454
2025-09-03 15:00:00+00:00,151.8215,5.7176566
2025-09-03 16:00:00+00:00,160.20103,4.7827187
2025-09-03 17:00:00+00:00,174.09395,5.2478566
2025-09-03 18:00:00+00:00,151.1893,4.1085763
2025-09-03 19:00:00+00:00,159.44388,3.0758414
2025-09-03 20:00:00+00:00,142.43134,2.9522195
2025-09-03 21:00:00+00:00,90.0,1.8
2025-09-03 22:00:00+00:00,60.255207,1.4512063
2025-09-03 23:00:00+00:00,12.528798,1.659518
2025-09-04 00:00:00+00:00,20.556128,3.0758414
2025-09-04 01:00:00+00:00,75.52967,5.7628117
2025-09-04 02:00:00+00:00,72.25524,4.724786
2025-09-04 03:00:00+00:00,46.54811,4.7110505
2025-09-04 04:00:00+00:00,41.054726,7.3997297
2025-09-04 05:00:00+00:00,54.46224,10.83893
2025-09-04 06:00:00+00:00,60.141087,11.207801
2025-09-04 07:00:00+00:00,63.435013,10.464797
2025-09-04 08:00:00+00:00,61.99092,9.582358
2025-09-04 09:00:00+00:00,63.86906,10.6261
2025-09-04 10:00:00+00:00,57.200474,9.636307
2025-09-04 11:00:00+00:00,46.5911,9.167638
2025-09-04 12:00:00+00:00,45.85501,8.528657
2025-09-04 13:00:00+00:00,101.768265,8.825508
2025-09-04 14:00:00+00:00,106.38962,6.379216
2025-09-04 15:00:00+00:00,97.43131,4.175069
2025-09-04 16:00:00+00:00,83.88459,5.0688457
2025-09-04 17:00:00+00:00,91.39715,7.3821945
2025-09-04 18:00:00+00:00,88.667816,7.7420926
2025-09-04 19:00:00+00:00,88.4089,6.482499
2025-09-04 20:00:00+00:00,79.46087,7.8728137
2025-09-04 21:00:00+00:00,70.253075,7.458606
2025-09-04 22:00:00+00:00,59.300358,6.698806
2025-09-04 23:00:00+00:00,57.264786,5.991594
2025-09-05 00:00:00+00:00,44.999897,5.854844
2025-09-05 01:00:00+00:00,59.03632,6.297428
2025-09-05 02:00:00+00:00,46.27295,5.728979
2025-09-05 03:00:00+00:00,68.96242,10.028439
2025-09-05 04:00:00+00:00,53.74608,6.696387
2025-09-05 05:00:00+00:00,35.706783,7.0934615
2025-09-05 06:00:00+00:00,21.801476,9.693296
2025-09-05 07:00:00+00:00,20.74617,12.703715
2025-09-05 08:00:00+00:00,30.101221,14.356058
2025-09-05 09:00:00+00:00,358.93912,9.721666
2025-09-05 10:00:00+00:00,16.189287,11.620809
2025-09-05 11:00:00+00:00,26.906017,13.523978
2025-09-05 12:00:00+00:00,26.564985,12.074766
2025-09-05 13:00:00+00:00,54.92617,10.337078
2025-09-05 14:00:00+00:00,68.36906,11.230904
2025-09-05 15:00:00+00:00,68.19853,10.662626
2025-09-05 16:00:00+00:00,64.397865,9.580668
2025-09-05 17:00:00+00:00,63.996716,8.211235
2025-09-05 18:00:00+00:00,54.46224,7.7420926
2025-09-05 19:00:00+00:00,57.99466,10.1887
2025-09-05 20:00:00+00:00,63.8385,11.431062
2025-09-05 21:00:00+00:00,64.2901,10.787993
2025-09-05 22:00:00+00:00,60.376347,10.560341
2025-09-05 23:00:00+00:00,51.49933,10.120099
2025-09-06 00:00:00+00:00,51.952908,10.514218
2025-09-06 01:00:00+00:00,56.3099,12.330985
2025-09-06 02:00:00+00:00,66.991104,14.275713
2025-09-06 03:00:00+00:00,65.432846,13.854155
2025-09-06 04:00:00+00:00,68.45896,14.707222
2025-09-06 05:00:00+00:00,67.69375,15.175612
2025-09-06 06:00:00+00:00,70.953285,15.99571
2025-09-06 07:00:00+00:00,73.88651,16.862455
2025-09-06 08:00:00+00:00,85.135574,16.981165
2025-09-06 09:00:00+00:00,83.94591,11.9466305
2025-09-06 10:00:00+00:00,77.06194,13.666967
2025-09-06 11:00:00+00:00,62.59251,5.4744864
2025-09-06 12:00:00+00:00,75.96373,10.390226
2025-09-06 13:00:00+00:00,18.083544,9.278297
2025-09-06 14:00:00+00:00,71.564964,11.384199
2025-09-06 15:00:00+00:00,66.50142,13.543131
2025-09-06 16:00:00+00:00,83.74606,13.218668
2025-09-06 17:00:00+00:00,80.53775,12.043869
2025-09-06 18:00:00+00:00,84.55976,11.391313
2025-09-06 19:00:00+00:00,88.29023,12.0653715
2025-09-06 20:00:00+00:00,76.944756,12.74954
2025-09-06 21:00:00+00:00,78.5305,12.673074
2025-09-06 22:00:00+00:00,84.1227,12.304682
2025-09-06 23:00:00+00:00,86.82024,12.979984
2025-09-07 00:00:00+00:00,95.80663,10.674773
2025-09-07 01:00:00+00:00,99.81924,9.499157
2025-09-07 02:00:00+00:00,109.3349,10.873251
2025-09-07 03:00:00+00:00,111.61484,10.261579
2025-09-07 04:00:00+00:00,99.293236,10.03167
2025-09-07 05:00:00+00:00,97.35229,11.252519
2025-09-07 06:00:00+00:00,108.18914,13.262714
2025-09-07 07:00:00+00:00,113.824265,15.151039
2025-09-07 08:00:00+00:00,120.718834,14.447172
2025-09-07 09:00:00+00:00,119.74478,13.060857
2025-09-07 10:00:00+00:00,123.6901,12.979984
2025-09-07 11:00:00+00:00,122.98853,12.232057
2025-09-07 12:00:00+00:00,95.07952,8.131936
2025-09-07 13:00:00+00:00,110.13639,11.503113
2025-09-07 14:00:00+00:00,115.79598,11.995349
2025-09-07 15:00:00+00:00,118.30067,10.630672
2025-09-07 16:00:00+00:00,113.198616,8.225035
2025-09-07 17:00:00+00:00,114.05735,11.038858
2025-09-07 18:00:00+00:00,114.22774,11.843124
2025-09-07 19:00:00+00:00,121.82741,12.287555
2025-09-07 20:00:00+00:00,129.09386,11.132385
2025-09-07 21:00:00+00:00,134.37048,11.583108
2025-09-07 22:00:00+00:00,138.90059,11.226575
2025-09-07 23:00:00+00:00,137.17476,10.062305
2025-09-08 00:00:00+00:00,135.67395,10.819482
2025-09-08 01:00:00+00:00,126.86998,10.799999
2025-09-08 02:00:00+00:00,127.45065,10.656547
2025-09-08 03:00:00+00:00,136.16905,12.475961
2025-09-08 04:00:00+00:00,144.09018,12.88981
2025-09-08 05:00:00+00:00,153.75871,14.248452
2025-09-08 06:00:00+00:00,161.81087,13.262714
2025-09-08 07:00:00+00:00,158.70258,11.39842
2025-09-08 08:00:00+00:00,157.06787,10.163227
2025-09-08 09:00:00+00:00,159.10216,10.597094
2025-09-08 10:00:00+00:00,155.48038,11.276967
2025-09-08 11:00:00+00:00,154.98314,11.91812
2025-09-08 12:00:00+00:00,159.82927,9.3962755
2025-09-08 13:00:00+00:00,157.52052,5.6492476
2025-09-08 14:00:00+00:00,147.52882,9.387651
2025-09-08 15:00:00+00:00,153.94656,9.016185
2025-09-08 16:00:00+00:00,163.30067,7.5170207
2025-09-08 17:00:00+00:00,196.1135,8.431228
2025-09-08 18:00:00+00:00,195.59286,8.035746
2025-09-08 19:00:00+00:00,195.52417,6.725354
2025-09-08 20:00:00+00:00,192.99461,7.2044983
2025-09-08 21:00:00+00:00,200.22495,7.289444
2025-09-08 22:00:00+00:00,207.3498,5.8769383
2025-09-08 23:00:00+00:00,207.47435,5.072041
2025-09-09 00:00:00+00:00,199.0257,5.5216303
2025-09-09 01:00:00+00:00,192.5288,6.638072
2025-09-09 02:00:00+00:00,192.99461,7.2044983
2025-09-09 03:00:00+00:00,202.1095,6.21717
2025-09-09 04:00:00+00:00,214.8754,7.2403865
2025-09-09 05:00:00+00:00,210.69965,6.698806
2025-09-09 06:00:00+00:00,202.93213,5.0816135
2025-09-09 07:00:00+00:00,190.3048,4.0249224
2025-09-09 08:00:00+00:00,191.76826,4.412754
2025-09-09 09:00:00+00:00,199.0257,5.5216303
2025-09-09 10:00:00+00:00,200.55612,6.151683
2025-09-09 11:00:00+00:00,207.89717,6.9247384
2025-09-09 12:00:00+00:00,216.52895,6.048107
2025-09-09 13:00:00+00:00,244.35904,4.991553
2025-09-09 14:00:00+00:00,263.51703,7.970972
2025-09-09 15:00:00+00:00,242.78397,7.0843205
2025-09-09 16:00:00+00:00,220.85529,8.805294
2025-09-09 17:00:00+00:00,227.54485,11.466438
2025-09-09 18:00:00+00:00,232.27495,12.061343
2025-09-09 19:00:00+00:00,238.44865,12.039833
2025-09-09 20:00:00+00:00,245.03723,11.51578
2025-09-09 21:00:00+00:00,248.74942,10.429132
2025-09-09 22:00:00+00:00,252.97939,9.224011
2025-09-09 23:00:00+00:00,266.09958,7.9383874
2025-09-10 00:00:00+00:00,266.98727,6.849467
2025-09-10 01:00:00+00:00,241.92761,6.12
2025-09-10 02:00:00+00:00,225.97093,7.5105524
2025-09-10 03:00:00+00:00,230.9645,8.574123
2025-09-10 04:00:00+00:00,241.8215,11.435313
2025-09-10 05:00:00+00:00,247.249,12.10157
2025-09-10 06:00:00+00:00,245.28258,12.483749
2025-09-10 07:00:00+00:00,241.2603,12.7279215
2025-09-10 08:00:00+00:00,240.8658,12.570394
2025-09-10 09:00:00+00:00,245.28258,12.483749
2025-09-10 10:00:00+00:00,248.3555,12.20023
2025-09-10 11:00:00+00:00,255.06853,11.177405
2025-09-10 12:00:00+00:00,265.23645,8.669949
2025-09-10 13:00:00+00:00,257.66092,5.896202
2025-09-10 14:00:00+00:00,245.82089,9.668195
2025-09-10 15:00:00+00:00,241.8215,11.435313
2025-09-10 16:00:00+00:00,237.52882,11.734564
2025-09-10 17:00:00+00:00,235.359,12.033103
2025-09-10 18:00:00+00:00,228.90059,11.226575
2025-09-10 19:00:00+00:00,224.9999,11.45513
2025-09-10 20:00:00+00:00,225.57864,12.601285
2025-09-10 21:00:00+00:00,236.54666,12.081473
2025-09-10 22:00:00+00:00,239.48984,11.7
2025-09-10 23:00:00+00:00,237.31944,11.334285
2025-09-11 00:00:00+00:00,235.49142,10.484903
2025-09-11 01:00:00+00:00,235.24402,10.735306
2025-09-11 02:00:00+00:00,229.02835,9.059205
2025-09-11 03:00:00+00:00,233.65245,11.844492
2025-09-11 04:00:00+00:00,247.22958,15.812363
2025-09-11 05:00:00+00:00,247.69374,15.175612
2025-09-11 06:00:00+00:00,242.47487,14.411245
2025-09-11 07:00:00+00:00,240.2552,14.512064
2025-09-11 08:00:00+00:00,238.06935,14.634343
2025-09-11 09:00:00+00:00,240.67961,15.070633
2025-09-11 10:00:00+00:00,245.55606,15.224637
2025-09-11 11:00:00+00:00,252.95088,14.120539
2025-09-11 12:00:00+00:00,257.00537,12.007498
2025-09-11 13:00:00+00:00,225.90929,8.019601
2025-09-11 14:00:00+00:00,220.60121,8.297589
2025-09-11 15:00:00+00:00,224.16977,8.783189
2025-09-11 16:00:00+00:00,218.08882,8.461915
2025-09-11 17:00:00+00:00,206.14677,11.028581
2025-09-11 18:00:00+00:00,203.31773,11.368535
2025-09-11 19:00:00+00:00,209.63829,12.011544
2025-09-11 20:00:00+00:00,217.208,12.204212
2025-09-11 21:00:00+00:00,223.69812,11.203464
2025-09-11 22:00:00+00:00,227.23119,9.807935
2025-09-11 23:00:00+00:00,223.26433,8.404285
2025-09-12 00:00:00+00:00,223.26433,8.404285
2025-09-12 01:00:00+00:00,220.97165,9.059205
2025-09-12 02:00:00+00:00,211.70139,7.193247
2025-09-12 03:00:00+00:00,212.54999,10.036512
2025-09-12 04:00:00+00:00,215.4334,11.48761
2025-09-12 05:00:00+00:00,217.794,11.161451
2025-09-12 06:00:00+00:00,221.09941,11.226575
2025-09-12 07:00:00+00:00,223.69812,11.203464
2025-09-12 08:00:00+00:00,224.9999,11.200571
2025-09-12 09:00:00+00:00,231.34016,11.525623
2025-09-12 10:00:00+00:00,238.44865,12.039833
2025-09-12 11:00:00+00:00,248.83867,11.966953
2025-09-12 12:00:00+00:00,257.074,11.265469
2025-09-12 13:00:00+00:00,226.68465,8.65873
2025-09-12 14:00:00+00:00,212.47118,9.387651
2025-09-12 15:00:00+00:00,198.13817,10.9859
2025-09-12 16:00:00+00:00,209.95352,12.257194
2025-09-12 17:00:00+00:00,204.77512,12.886039
2025-09-12 18:00:00+00:00,198.99675,11.612441
2025-09-12 19:00:00+00:00,206.56499,11.672275
2025-09-12 20:00:00+00:00,216.86998,10.799999
2025-09-12 21:00:00+00:00,224.3098,10.564941
2025-09-12 22:00:00+00:00,234.34457,10.1902895
2025-09-12 23:00:00+00:00,239.65683,8.55142
2025-09-13 00:00:00+00:00,241.60707,7.570707
2025-09-13 01:00:00+00:00,233.88057,8.244708
2025-09-13 02:00:00+00:00,239.03632,7.3469996
2025-09-13 03:00:00+00:00,238.81508,7.995323
2025-09-13 04:00:00+00:00,241.99092,9.582358
2025-09-13 05:00:00+00:00,239.42085,9.19939
2025-09-13 06:00:00+00:00,231.14662,8.320986
2025-09-13 07:00:00+00:00,227.4896,8.790563
2025-09-13 08:00:00+00:00,228.09415,9.432412
2025-09-13 09:00:00+00:00,235.71307,9.585739
2025-09-13 10:00:00+00:00,243.88614,10.223619
2025-09-13 11:00:00+00:00,253.11313,10.534229
2025-09-13 12:00:00+00:00,266.93356,10.094454
2025-09-13 13:00:00+00:00,268.727,8.101999
2025-09-13 14:00:00+00:00,232.65057,8.604301
2025-09-13 15:00:00+00:00,211.13892,10.094454
2025-09-13 16:00:00+00:00,204.96275,11.51578
2025-09-13 17:00:00+00:00,209.95352,12.257194
2025-09-13 18:00:00+00:00,215.53777,12.387348
2025-09-13 19:00:00+00:00,224.9999,11.45513
2025-09-13 20:00:00+00:00,231.46979,12.425216
2025-09-13 21:00:00+00:00,232.43134,11.808878
2025-09-13 22:00:00+00:00,238.8776,11.144021
2025-09-13 23:00:00+00:00,246.66594,9.997699
2025-09-14 00:00:00+00:00,247.98866,9.12513
2025-09-14 01:00:00+00:00,238.39255,8.242743
2025-09-14 02:00:00+00:00,230.38934,6.7757506
2025-09-14 03:00:00+00:00,235.56094,7.6388745
2025-09-14 04:00:00+00:00,241.92761,9.179999
2025-09-14 05:00:00+00:00,242.10283,10.387107
2025-09-14 06:00:00+00:00,232.90707,9.252069
2025-09-14 07:00:00+00:00,223.4089,9.167638
2025-09-14 08:00:00+00:00,212.22873,9.7880945
2025-09-14 09:00:00+00:00,208.76755,10.472535
2025-09-14 10:00:00+00:00,215.88223,10.441551
2025-09-14 11:00:00+00:00,227.1211,10.316686
2025-09-14 12:00:00+00:00,238.20113,10.589448
2025-09-14 13:00:00+00:00,196.50444,10.137692
2025-09-14 14:00:00+00:00,188.3658,12.371645
2025-09-14 15:00:00+00:00,200.82097,13.672893
2025-09-14 16:00:00+00:00,213.29358,14.428097
2025-09-14 17:00:00+00:00,200.18588,13.040997
2025-09-14 18:00:00+00:00,205.92485,14.410121
2025-09-14 19:00:00+00:00,221.05472,14.799459
2025-09-14 20:00:00+00:00,229.72021,13.920647
2025-09-14 21:00:00+00:00,235.40765,12.682018
2025-09-14 22:00:00+00:00,244.61214,11.755254
2025-09-14 23:00:00+00:00,248.5522,10.829958
2025-09-15 00:00:00+00:00,243.88614,10.223619
2025-09-15 01:00:00+00:00,232.43134,8.856658
2025-09-15 02:00:00+00:00,227.9109,7.519175
2025-09-15 03:00:00+00:00,235.09743,9.437563
2025-09-15 04:00:00+00:00,232.54935,10.656547
2025-09-15 05:00:00+00:00,230.71062,10.233123
2025-09-15 06:00:00+00:00,211.79887,10.589448
2025-09-15 07:00:00+00:00,202.4259,12.267763
2025-09-15 08:00:00+00:00,202.751,12.10157
2025-09-15 09:00:00+00:00,206.98015,11.1090765
2025-09-15 10:00:00+00:00,211.13892,10.094454
2025-09-15 11:00:00+00:00,218.15727,9.614426
2025-09-15 12:00:00+00:00,224.23619,9.54679
2025-09-15 13:00:00+00:00,185.7105,9.044888
2025-09-15 14:00:00+00:00,180.0,12.42
2025-09-15 15:00:00+00:00,190.36627,15.004919
2025-09-15 16:00:00+00:00,196.12766,15.552041
2025-09-15 17:00:00+00:00,198.8691,15.027575
2025-09-15 18:00:00+00:00,200.98497,14.0734215
2025-09-15 19:00:00+00:00,206.24129,14.248452
2025-09-15 20:00:00+00:00,215.62799,13.287122
2025-09-15 21:00:00+00:00,222.5104,11.720751
2025-09-15 22:00:00+00:00,229.51407,9.703319
2025-09-15 23:00:00+00:00,214.62422,9.187056
2025-09-16 00:00:00+00:00,204.34108,8.297589
2025-09-16 01:00:00+00:00,189.65982,8.581677
2025-09-16 02:00:00+00:00,194.93147,8.383054
2025-09-16 03:00:00+00:00,202.4428,8.958504
2025-09-16 04:00:00+00:00,206.09537,9.82114
2025-09-16 05:00:00+00:00,197.47487,10.1902895
2025-09-16 06:00:00+00:00,189.16228,11.304229
2025-09-16 07:00:00+00:00,186.4415,11.230904
2025-09-16 08:00:00+00:00,190.3048,10.062305
2025-09-16 09:00:00+00:00,191.09369,9.354806
2025-09-16 10:00:00+00:00,196.58742,8.827343
2025-09-16 11:00:00+00:00,209.29126,8.461914
2025-09-16 12:00:00+00:00,222.08908,7.519175
2025-09-16 13:00:00+00:00,188.53069,10.920824
2025-09-16 14:00:00+00:00,173.85347,11.767651
2025-09-16 15:00:00+00:00,185.19434,13.917154
2025-09-16 16:00:00+00:00,194.38142,14.494192
2025-09-16 17:00:00+00:00,195.85199,15.156386
2025-09-16 18:00:00+00:00,196.34825,14.068816
2025-09-16 19:00:00+00:00,197.21616,13.379461
2025-09-16 20:00:00+00:00,203.9625,12.409561
2025-09-16 21:00:00+00:00,219.22566,11.385622
2025-09-16 22:00:00+00:00,226.36386,10.694485
2025-09-16 23:00:00+00:00,232.3057,10.009036
2025-09-17 00:00:00+00:00,236.0035,9.335737
2025-09-17 01:00:00+00:00,231.14662,8.320986
2025-09-17 02:00:00+00:00,220.91429,7.145796
2025-09-17 03:00:00+00:00,235.9806,8.6867485
2025-09-17 04:00:00+00:00,249.71735,8.827344
2025-09-17 05:00:00+00:00,250.64091,7.0591216
2025-09-17 06:00:00+00:00,227.72638,5.3517847
2025-09-17 07:00:00+00:00,203.49858,4.514377
2025-09-17 08:00:00+00:00,185.7105,3.6179552
2025-09-17 09:00:00+00:00,186.00891,3.438895
2025-09-17 10:00:00+00:00,195.52417,3.362677
2025-09-17 11:00:00+00:00,188.13002,3.8183763
2025-09-17 12:00:00+00:00,185.44025,3.7971036
2025-09-17 13:00:00+00:00,194.03627,5.937272
2025-09-17 14:00:00+00:00,163.30067,7.5170207
2025-09-17 15:00:00+00:00,174.09395,10.495713
2025-09-17 16:00:00+00:00,189.46225,13.138765
2025-09-17 17:00:00+00:00,193.1092,13.491597
2025-09-17 18:00:00+00:00,199.17911,13.149859
2025-09-17 19:00:00+00:00,208.35487,12.886039
2025-09-17 20:00:00+00:00,220.60121,11.616626
2025-09-17 21:00:00+00:00,234.6887,10.587918
2025-09-17 22:00:00+00:00,230.71062,10.233123
2025-09-17 23:00:00+00:00,223.45189,9.422101
2025-09-18 00:00:00+00:00,214.90257,9.437563
2025-09-18 01:00:00+00:00,216.38445,8.4963045
2025-09-18 02:00:00+00:00,218.8845,7.1684303
2025-09-18 03:00:00+00:00,235.66972,8.936778
2025-09-18 04:00:00+00:00,251.56496,9.107359
2025-09-18 05:00:00+00:00,254.05453,7.8625183
2025-09-18 06:00:00+00:00,228.12221,7.0107627
2025-09-18 07:00:00+00:00,207.824,7.327127
2025-09-18 08:00:00+00:00,206.56499,7.24486
2025-09-18 09:00:00+00:00,204.67685,7.329338
2025-09-18 10:00:00+00:00,202.98874,6.452441
2025-09-18 11:00:00+00:00,201.5015,6.384293
2025-09-18 12:00:00+00:00,199.44012,6.489992
2025-09-18 13:00:00+00:00,185.5721,7.415038
2025-09-18 14:00:00+00:00,173.36758,7.79215
2025-09-18 15:00:00+00:00,162.12122,11.726277
2025-09-18 16:00:00+00:00,182.56372,12.0720825
2025-09-18 17:00:00+00:00,192.308,10.132897
2025-09-18 18:00:00+00:00,192.75752,9.781473
2025-09-18 19:00:00+00:00,204.0755,9.266067
2025-09-18 20:00:00+00:00,203.6294,9.430695
2025-09-18 21:00:00+00:00,210.96368,9.446141
2025-09-18 22:00:00+00:00,224.9999,9.1641035
2025-09-18 23:00:00+00:00,225.76381,9.54679
2025-09-19 00:00:00+00:00,231.17017,9.473541
2025-09-19 01:00:00+00:00,225.83023,8.783189
2025-09-19 02:00:00+00:00,224.14499,8.528657
2025-09-19 03:00:00+00:00,237.52882,7.0407386
2025-09-19 04:00:00+00:00,252.3498,8.311245
2025-09-19 05:00:00+00:00,261.46933,7.2805495
2025-09-19 06:00:00+00:00,249.44388,4.613762
2025-09-19 07:00:00+00:00,240.64233,3.3043609
2025-09-19 08:00:00+00:00,235.6196,4.143911
2025-09-19 09:00:00+00:00,230.44037,5.369916
2025-09-19 10:00:00+00:00,222.70937,6.3690495
2025-09-19 11:00:00+00:00,221.63345,6.502461
2025-09-19 12:00:00+00:00,208.7397,6.3639607
2025-09-19 13:00:00+00:00,176.6336,3.0652895
2025-09-19 14:00:00+00:00,156.3179,11.203464
2025-09-19 15:00:00+00:00,175.46231,11.375658
2025-09-19 16:00:00+00:00,190.6196,11.720751
2025-09-19 17:00:00+00:00,186.4415,11.230904
2025-09-19 18:00:00+00:00,194.03627,9.6480665
2025-09-19 19:00:00+00:00,195.6423,9.346143
2025-09-19 20:00:00+00:00,198.77812,9.505977
2025-09-19 21:00:00+00:00,199.44012,9.734987
2025-09-19 22:00:00+00:00,202.6199,9.360001
2025-09-19 23:00:00+00:00,212.12497,9.139322
2025-09-20 00:00:00+00:00,224.9999,8.654987
2025-09-20 01:00:00+00:00,232.92683,10.152064
2025-09-20 02:00:00+00:00,249.92838,9.965239
2025-09-20 03:00:00+00:00,265.68405,9.567131
2025-09-20 04:00:00+00:00,280.0079,9.321845
2025-09-20 05:00:00+00:00,286.5874,8.827343
2025-09-20 06:00:00+00:00,270.0,6.2999997
2025-09-20 07:00:00+00:00,237.80429,5.7431
2025-09-20 08:00:00+00:00,228.23979,6.7565966
2025-09-20 09:00:00+00:00,223.87679,6.4924874
2025-09-20 10:00:00+00:00,229.9698,5.876938
2025-09-20 11:00:00+00:00,245.55606,6.5248446
2025-09-20 12:00:00+00:00,252.89719,7.3447943
2025-09-20 13:00:00+00:00,210.25635,5.00128
2025-09-20 14:00:00+00:00,192.99461,7.2044983
2025-09-20 15:00:00+00:00,190.84026,8.613709
2025-09-20 16:00:00+00:00,188.53069,10.920824
2025-09-20 17:00:00+00:00,203.19861,12.337553
2025-09-20 18:00:00+00:00,208.96756,11.521406
2025-09-20 19:00:00+00:00,209.98155,10.805998
2025-09-20 20:00:00+00:00,224.9999,10.436895
2025-09-20 21:00:00+00:00,223.75471,11.712454
2025-09-20 22:00:00+00:00,219.69904,12.399113
2025-09-20 23:00:00+00:00,220.426,12.768586
2025-09-21 00:00:00+00:00,230.94687,12.284918
2025-09-21 01:00:00+00:00,239.48984,11.7
2025-09-21 02:00:00+00:00,248.96242,10.028439
2025-09-21 03:00:00+00:00,250.0168,8.427383
2025-09-21 04:00:00+00:00,253.8865,8.431228
2025-09-21 05:00:00+00:00,261.70294,8.731392
2025-09-21 06:00:00+00:00,267.45526,8.107996
2025-09-21 07:00:00+00:00,257.125,6.4624763
2025-09-21 08:00:00+00:00,239.85869,6.452441
2025-09-21 09:00:00+00:00,237.52882,7.0407386
2025-09-21 10:00:00+00:00,245.43285,6.9270773
2025-09-21 11:00:00+00:00,254.05453,6.5520988
2025-09-21 12:00:00+00:00,250.55988,6.489992
2025-09-21 13:00:00+00:00,242.7005,6.279395
2025-09-21 14:00:00+00:00,212.73521,8.9873905
2025-09-21 15:00:00+00:00,224.3098,10.564941
2025-09-21 16:00:00+00:00,222.61401,12.229406
2025-09-21 17:00:00+00:00,218.41809,13.324863
2025-09-21 18:00:00+00:00,211.4641,14.138882
2025-09-21 19:00:00+00:00,211.56177,14.787414
2025-09-21 20:00:00+00:00,219.2894,15.349684
2025-09-21 21:00:00+00:00,219.88953,15.717823
2025-09-21 22:00:00+00:00,218.34561,15.3771
2025-09-21 23:00:00+00:00,222.95459,14.264361
2025-09-22 00:00:00+00:00,234.2725,12.638512
2025-09-22 01:00:00+00:00,228.62158,10.075177
2025-09-22 02:00:00+00:00,236.92932,9.236298
2025-09-22 03:00:00+00:00,257.0926,8.863972
2025-09-22 04:00:00+00:00,255.96373,8.905908
2025-09-22 05:00:00+00:00,259.3804,8.790563
2025-09-22 06:00:00+00:00,254.21918,8.604301
2025-09-22 07:00:00+00:00,241.1893,8.217153
2025-09-22 08:00:00+00:00,232.88306,8.3520775
2025-09-22 09:00:00+00:00,232.88306,8.3520775
2025-09-22 10:00:00+00:00,233.61555,8.4963045
2025-09-22 11:00:00+00:00,237.3391,8.338489
2025-09-22 12:00:00+00:00,232.59457,7.7043357
2025-09-22 13:00:00+00:00,226.90913,7.6409945
2025-09-22 14:00:00+00:00,210.25635,10.00256
2025-09-22 15:00:00+00:00,210.81564,11.9466305
2025-09-22 16:00:00+00:00,216.70294,12.348051
2025-09-22 17:00:00+00:00,216.15828,11.592894
2025-09-22 18:00:00+00:00,212.68054,11.334285
2025-09-22 19:00:00+00:00,209.84584,12.659004
2025-09-22 20:00:00+00:00,211.08743,14.292725
2025-09-22 21:00:00+00:00,214.69522,14.230248
2025-09-22 22:00:00+00:00,216.86998,13.5
2025-09-22 23:00:00+00:00,223.22856,12.351987
2025-09-23 00:00:00+00:00,235.81383,11.53265
2025-09-23 01:00:00+00:00,224.9999,10.436895
2025-09-23 02:00:00+00:00,229.39879,9.957108
2025-09-23 03:00:00+00:00,235.1246,7.2403865
2025-09-23 04:00:00+00:00,242.176,7.327127
2025-09-23 05:00:00+00:00,247.96371,8.155807
2025-09-23 06:00:00+00:00,241.69934,7.973005
2025-09-23 07:00:00+00:00,231.34016,8.067936
2025-09-23 08:00:00+00:00,227.4896,8.790563
2025-09-23 09:00:00+00:00,220.85529,8.805294
2025-09-23 10:00:00+00:00,219.3693,9.080639
2025-09-23 11:00:00+00:00,221.08165,9.313152
2025-09-23 12:00:00+00:00,226.5911,9.167638
2025-09-23 13:00:00+00:00,241.38963,9.021574
2025-09-23 14:00:00+00:00,242.5925,10.948973
2025-09-23 15:00:00+00:00,245.69547,12.245293
2025-09-23 16:00:00+00:00,236.76828,12.4811535
2025-09-23 17:00:00+00:00,222.10866,12.616702
2025-09-23 18:00:00+00:00,213.25438,13.130133
2025-09-23 19:00:00+00:00,215.70677,14.186923
2025-09-23 20:00:00+00:00,222.5529,14.905261
2025-09-23 21:00:00+00:00,226.06082,13.748513
2025-09-23 22:00:00+00:00,227.95085,12.362475
2025-09-23 23:00:00+00:00,226.97493,11.079873
2025-09-24 00:00:00+00:00,230.44037,10.739832
2025-09-24 01:00:00+00:00,227.23119,9.807935
2025-09-24 02:00:00+00:00,222.64667,9.299225
2025-09-24 03:00:00+00:00,226.63654,8.913181
2025-09-24 04:00:00+00:00,230.3322,9.587428
2025-09-24 05:00:00+00:00,228.7154,9.82114
2025-09-24 06:00:00+00:00,227.02136,10.825469
2025-09-24 07:00:00+00:00,226.36386,10.694485
2025-09-24 08:00:00+00:00,227.1211,10.316686
2025-09-24 09:00:00+00:00,225.76381,9.54679
2025-09-24 10:00:00+00:00,219.3693,9.080639
2025-09-24 11:00:00+00:00,218.48022,8.967541
2025-09-24 12:00:00+00:00,222.58046,9.044888
2025-09-24 13:00:00+00:00,214.33028,8.936778
2025-09-24 14:00:00+00:00,216.02747,9.793059
2025-09-24 15:00:00+00:00,214.46088,11.13384
2025-09-24 16:00:00+00:00,206.9521,11.9140415
2025-09-24 17:00:00+00:00,202.50357,13.638489
2025-09-24 18:00:00+00:00,205.61543,14.572221
2025-09-24 19:00:00+00:00,208.90909,13.776762
2025-09-24 20:00:00+00:00,210.1413,12.904882
2025-09-24 21:00:00+00:00,216.08516,13.1412325
2025-09-24 22:00:00+00:00,224.38402,11.837651
2025-09-24 23:00:00+00:00,231.48305,11.272657
2025-09-25 00:00:00+00:00,232.73352,10.404249
2025-09-25 01:00:00+00:00,226.54811,9.422101
2025-09-25 02:00:00+00:00,223.31535,8.65873
2025-09-25 03:00:00+00:00,223.02507,7.386582
2025-09-25 04:00:00+00:00,235.9806,8.6867485
2025-09-25 05:00:00+00:00,246.97447,7.823272
2025-09-25 06:00:00+00:00,229.39879,6.638072
2025-09-25 07:00:00+00:00,213.6901,7.1389914
2025-09-25 08:00:00+00:00,208.49554,7.1684303
2025-09-25 09:00:00+00:00,202.6199,7.0199995
2025-09-25 10:00:00+00:00,204.56715,6.9270773
2025-09-25 11:00:00+00:00,204.44394,6.5248446
2025-09-25 12:00:00+00:00,214.69522,5.692099
2025-09-25 13:00:00+00:00,197.24155,5.4656014
2025-09-25 14:00:00+00:00,186.5197,6.341009
2025-09-25 15:00:00+00:00,177.87895,9.726665
2025-09-25 16:00:00+00:00,183.814,10.823973
2025-09-25 17:00:00+00:00,192.42593,10.874741
2025-09-25 18:00:00+00:00,189.75235,11.688918
2025-09-25 19:00:00+00:00,204.70241,9.906544
2025-09-25 20:00:00+00:00,244.44008,9.178235
2025-09-25 21:00:00+00:00,245.46228,9.102021
2025-09-25 22:00:00+00:00,244.7989,10.1456785
2025-09-25 23:00:00+00:00,252.1496,11.157097
2025-09-26 00:00:00+00:00,255.00487,10.435344
2025-09-26 01:00:00+00:00,246.0375,8.863972
2025-09-26 02:00:00+00:00,250.82089,8.766573
2025-09-26 03:00:00+00:00,259.82455,7.1321807
2025-09-26 04:00:00+00:00,277.2749,8.528657
2025-09-26 05:00:00+00:00,294.44394,8.699793
2025-09-26 06:00:00+00:00,308.23386,7.562142
2025-09-26 07:00:00+00:00,305.75397,5.5450516
2025-09-26 08:00:00+00:00,303.6901,5.1919937
2025-09-26 09:00:00+00:00,308.0471,5.257109
2025-09-26 10:00:00+00:00,316.27295,5.728979
2025-09-26 11:00:00+00:00,324.46225,6.193674
2025-09-26 12:00:00+00:00,318.81415,3.8268526
2025-09-26 13:00:00+00:00,202.93213,5.0816135
2025-09-26 14:00:00+00:00,217.14677,7.4520864
2025-09-26 15:00:00+00:00,221.18582,7.653705
2025-09-26 16:00:00+00:00,230.71062,5.1165614
2025-09-26 17:00:00+00:00,218.8845,7.1684303
2025-09-26 18:00:00+00:00,218.991,9.726664
2025-09-26 19:00:00+00:00,230.52757,7.928177
2025-09-26 20:00:00+00:00,266.09958,7.9383874
2025-09-26 21:00:00+00:00,267.45526,8.107996
2025-09-26 22:00:00+00:00,305.2725,9.039514
2025-09-26 23:00:00+00:00,311.82007,9.178235
2025-09-27 00:00:00+00:00,315.0001,8.909545
2025-09-27 01:00:00+00:00,293.55228,7.6579366
2025-09-27 02:00:00+00:00,285.25516,8.209263
2025-09-27 03:00:00+00:00,325.71307,4.7928696
2025-09-27 04:00:00+00:00,3.8140097,5.4119864
2025-09-27 05:00:00+00:00,29.357658,6.6087217
2025-09-27 06:00:00+00:00,43.26433,8.404285
2025-09-27 07:00:00+00:00,43.36347,8.913181
2025-09-27 08:00:00+00:00,39.805527,8.435069
2025-09-27 09:00:00+00:00,35.09589,8.139901
2025-09-27 10:00:00+00:00,24.537718,9.102021
2025-09-27 11:00:00+00:00,24.702408,9.906544
2025-09-27 12:00:00+00:00,32.471172,9.387651
2025-09-27 13:00:00+00:00,57.200474,9.636307
2025-09-27 14:00:00+00:00,67.83361,10.495713
2025-09-27 15:00:00+00:00,41.71067,11.091564
2025-09-27 16:00:00+00:00,39.09386,11.132385
2025-09-27 17:00:00+00:00,68.35551,12.20023
2025-09-27 18:00:00+00:00,74.66666,11.571914
2025-09-27 19:00:00+00:00,71.24126,10.075177
2025-09-27 20:00:00+00:00,64.98315,8.93859
2025-09-27 21:00:00+00:00,90.0,9.72
2025-09-27 22:00:00+00:00,87.79745,9.3669195
2025-09-27 23:00:00+00:00,75.068535,8.383054
2025-09-28 00:00:00+00:00,83.659904,8.149847
2025-09-28 01:00:00+00:00,82.234924,7.9932976
2025-09-28 02:00:00+00:00,67.01126,6.452441
2025-09-28 03:00:00+00:00,63.435013,4.4274144
2025-09-28 04:00:00+00:00,56.82148,5.5916004
2025-09-28 05:00:00+00:00,69.30447,8.65873
2025-09-28 06:00:00+00:00,71.20003,8.936777
2025-09-28 07:00:00+00:00,80.21766,10.594036
2025-09-28 08:00:00+00:00,67.3801,9.360001
2025-09-28 09:00:00+00:00,56.003494,9.335737
2025-09-28 10:00:00+00:00,42.82525,10.062305
2025-09-28 11:00:00+00:00,39.35174,11.638917
2025-09-28 12:00:00+00:00,45.615982,11.837651
2025-09-28 13:00:00+00:00,52.495785,9.7565975
2025-09-28 14:00:00+00:00,45.690197,10.564941
2025-09-28 15:00:00+00:00,62.152523,10.7894945
2025-09-28 16:00:00+00:00,76.21838,9.82279
2025-09-28 17:00:00+00:00,78.231735,8.825508
2025-09-28 18:00:00+00:00,58.627052,8.643749
2025-09-28 19:00:00+00:00,42.878906,10.316686
2025-09-28 20:00:00+00:00,61.144444,10.070353
2025-09-28 21:00:00+00:00,81.57312,9.826088
2025-09-28 22:00:00+00:00,90.0,9.0
2025-09-28 23:00:00+00:00,87.66274,8.827344
2025-09-29 00:00:00+00:00,90.0,9.36
2025-09-29 01:00:00+00:00,94.31595,9.567131
2025-09-29 02:00:00+00:00,95.44024,7.5942073
2025-09-29 03:00:00+00:00,111.124794,8.490582
2025-09-29 04:00:00+00:00,111.10492,10.99769
2025-09-29 05:00:00+00:00,100.30479,12.074766
2025-09-29 06:00:00+00:00,93.22446,12.800265
2025-09-29 07:00:00+00:00,93.1363,13.159711
2025-09-29 08:00:00+00:00,95.96439,12.125642
2025-09-29 09:00:00+00:00,97.12492,13.060857
2025-09-29 10:00:00+00:00,95.7105,12.662843
2025-09-29 11:00:00+00:00,94.28908,14.440443
2025-09-29 12:00:00+00:00,112.52061,7.989242
2025-09-29 13:00:00+00:00,134.25603,9.801326
2025-09-29 14:00:00+00:00,113.02553,7.823272
2025-09-29 15:00:00+00:00,119.16752,8.863972
2025-09-29 16:00:00+00:00,133.53127,9.931042
2025-09-29 17:00:00+00:00,132.76881,9.807935
2025-09-29 18:00:00+00:00,138.5324,10.32924
2025-09-29 19:00:00+00:00,140.4774,9.3340025
2025-09-29 20:00:00+00:00,108.92474,6.66
2025-09-29 21:00:00+00:00,71.564964,5.6920996
2025-09-29 22:00:00+00:00,60.018444,5.402999
2025-09-29 23:00:00+00:00,69.67678,5.1826253
2025-09-30 00:00:00+00:00,88.264336,5.9427266
2025-09-30 01:00:00+00:00,107.10281,14.689589
2025-09-30 02:00:00+00:00,101.19507,17.615187
2025-09-30 03:00:00+00:00,209.7448,5.8048253
2025-09-30 04:00:00+00:00,141.14662,8.320986
2025-09-30 05:00:00+00:00,144.78232,7.491114
2025-09-30 06:00:00+00:00,149.53453,7.10031
2025-09-30 07:00:00+00:00,136.04153,7.001514
2025-09-30 08:00:00+00:00,138.50363,6.248359
2025-09-30 09:00:00+00:00,125.311295,5.293959
2025-09-30 10:00:00+00:00,84.644264,5.7852573
2025-09-30 11:00:00+00:00,94.18484,7.3997297
2025-09-30 12:00:00+00:00,144.86572,5.9427266
2025-09-30 13:00:00+00:00,194.5345,5.020677
2025-09-30 14:00:00+00:00,189.46225,5.4744864
2025-09-30 15:00:00+00:00,177.5634,8.467655
2025-09-30 16:00:00+00:00,177.66275,8.827344
2025-09-30 17:00:00+00:00,172.87508,7.256032
2025-09-30 18:00:00+00:00,177.79745,9.3669195
2025-09-30 19:00:00+00:00,188.91484,9.292254
2025-09-30 20:00:00+00:00,195.46127,8.777653
2025-09-30 21:00:00+00:00,206.56499,8.049845
2025-09-30 22:00:00+00:00,214.8754,7.2403865
2025-09-30 23:00:00+00:00,218.65984,6.9153743
2025-10-01 00:00:00+00:00,171.46931,3.6402748
2025-10-01 01:00:00+00:00,199.9832,4.2136917
2025-10-01 02:00:00+00:00,215.53777,4.6452556
2025-10-01 03:00:00+00:00,243.43501,5.634891
2025-10-01 04:00:00+00:00,270.0,4.14
2025-10-01 05:00:00+00:00,345.06854,2.7943513
2025-10-01 06:00:00+00:00,33.6901,3.8939953
2025-10-01 07:00:00+00:00,71.564964,4.5536795
2025-10-01 08:00:00+00:00,82.875084,5.8048253
2025-10-01 09:00:00+00:00,100.43742,6.9550843
2025-10-01 10:00:00+00:00,90.0,8.28
2025-10-01 11:00:00+00:00,79.99209,9.321845
2025-10-01 12:00:00+00:00,130.68388,13.529966
2025-10-01 13:00:00+00:00,152.94948,9.499158
2025-10-01 14:00:00+00:00,149.589,9.600937
2025-10-01 15:00:00+00:00,155.4623,9.102021
2025-10-01 16:00:00+00:00,155.4623,9.102021
2025-10-01 17:00:00+00:00,157.79648,9.526405
2025-10-01 18:00:00+00:00,168.4862,9.919618
2025-10-01 19:00:00+00:00,161.56496,6.830519
2025-10-01 20:00:00+00:00,156.3706,6.28713
2025-10-01 21:00:00+00:00,177.13765,7.208994
2025-10-01 22:00:00+00:00,182.93561,7.029225
2025-10-01 23:00:00+00:00,192.09474,7.731622
2025-10-02 00:00:00+00:00,193.0919,7.9465466
2025-10-02 01:00:00+00:00,215.90982,6.444905
2025-10-02 02:00:00+00:00,209.4758,4.755544
2025-10-02 03:00:00+00:00,236.3099,5.1919937
2025-10-02 04:00:00+00:00,250.82089,4.3832865
2025-10-02 05:00:00+00:00,324.16226,3.9966483
2025-10-02 06:00:00+00:00,87.70944,4.503598
2025-10-02 07:00:00+00:00,77.4712,4.9785542
2025-10-02 08:00:00+00:00,90.0,6.66
2025-10-02 09:00:00+00:00,144.86572,5.9427266
2025-10-02 10:00:00+00:00,133.53127,4.965521
2025-10-02 11:00:00+00:00,73.07241,4.327493
2025-10-02 12:00:00+00:00,158.45895,14.707222
2025-10-02 13:00:00+00:00,187.59456,5.4477882
2025-10-02 14:00:00+00:00,171.52895,8.553314
2025-10-02 15:00:00+00:00,160.34608,8.027677
2025-10-02 16:00:00+00:00,157.96371,8.155807
2025-10-02 17:00:00+00:00,161.56496,7.3997297
2025-10-02 18:00:00+00:00,157.96371,8.155807
2025-10-02 19:00:00+00:00,142.52374,6.804381
2025-10-02 20:00:00+00:00,133.60289,5.22
2025-10-02 21:00:00+00:00,99.78234,5.297018
2025-10-02 22:00:00+00:00,95.04236,6.1437774
2025-10-02 23:00:00+00:00,112.1664,5.2478566
2025-10-03 00:00:00+00:00,80.83774,5.6521144
2025-10-03 01:00:00+00:00,81.25392,7.102591
2025-10-03 02:00:00+00:00,87.27374,7.5685663
2025-10-03 03:00:00+00:00,114.376465,12.647482
2025-10-03 04:00:00+00:00,192.26476,12.710091
2025-10-03 05:00:00+00:00,165.96373,6.6794305
2025-10-03 06:00:00+00:00,69.44387,1.5379207
2025-10-03 07:00:00+00:00,76.50425,4.6277857
2025-10-03 08:00:00+00:00,50.194473,5.6233797
2025-10-03 09:00:00+00:00,53.471054,6.048107
2025-10-03 10:00:00+00:00,44.999897,7.891311
2025-10-03 11:00:00+00:00,61.60708,7.570707
2025-10-03 12:00:00+00:00,146.3099,12.330985
2025-10-03 13:00:00+00:00,165.71887,10.215693
2025-10-03 14:00:00+00:00,176.49654,8.836514
2025-10-03 15:00:00+00:00,171.15826,8.197414
2025-10-03 16:00:00+00:00,164.24876,7.293888
2025-10-03 17:00:00+00:00,173.99109,6.87779
2025-10-03 18:00:00+00:00,198.43504,7.968939
2025-10-03 19:00:00+00:00,208.49554,7.1684303
2025-10-03 20:00:00+00:00,227.38597,6.114703
2025-10-03 21:00:00+00:00,218.04709,5.257109
2025-10-03 22:00:00+00:00,204.77512,5.154415
2025-10-03 23:00:00+00:00,220.36446,4.724786
2025-10-04 00:00:00+00:00,149.03632,1.0495713
2025-10-04 01:00:00+00:00,90.0,0.17999999
2025-10-04 02:00:00+00:00,116.56499,1.609969
2025-10-04 03:00:00+00:00,158.19853,1.9386592
2025-10-04 04:00:00+00:00,199.9832,2.1068459
2025-10-04 05:00:00+00:00,243.43501,1.2074767
2025-10-04 06:00:00+00:00,326.3099,1.2979984
2025-10-04 07:00:00+00:00,355.91446,2.5264204
2025-10-04 08:00:00+00:00,2.7262611,3.7842832
2025-10-04 09:00:00+00:00,10.784258,3.84796
2025-10-04 10:00:00+00:00,26.564985,4.0249224
2025-10-04 11:00:00+00:00,46.54811,4.7110505
2025-10-04 12:00:00+00:00,93.366394,3.0652895
2025-10-04 13:00:00+00:00,138.81418,1.9134263
2025-10-04 14:00:00+00:00,147.26479,5.991594
2025-10-04 15:00:00+00:00,140.01317,7.282774
2025-10-04 16:00:00+00:00,173.29025,9.243311
2025-10-04 17:00:00+00:00,191.9293,13.062098
2025-10-04 18:00:00+00:00,210.60632,14.848635
2025-10-04 19:00:00+00:00,215.53777,15.484185
2025-10-04 20:00:00+00:00,217.30403,14.25641
2025-10-04 21:00:00+00:00,220.95541,12.632101
2025-10-04 22:00:00+00:00,230.31459,10.993271
2025-10-04 23:00:00+00:00,236.3099,9.734988
2025-10-05 00:00:00+00:00,247.5741,12.267763
2025-10-05 01:00:00+00:00,242.04912,9.984729
2025-10-05 02:00:00+00:00,222.5104,8.790563
2025-10-05 03:00:00+00:00,217.56866,8.856658
2025-10-05 04:00:00+00:00,230.64827,11.638917
2025-10-05 05:00:00+00:00,241.03244,11.521406
2025-10-05 06:00:00+00:00,240.25522,10.158444
2025-10-05 07:00:00+00:00,233.97253,9.793059
2025-10-05 08:00:00+00:00,228.62158,10.075177
2025-10-05 09:00:00+00:00,223.66785,10.948973
2025-10-05 10:00:00+00:00,223.97707,14.2575445
2025-10-05 11:00:00+00:00,215.6765,8.641874
2025-10-05 12:00:00+00:00,221.55252,10.583326
2025-10-05 13:00:00+00:00,210.17343,8.953078
2025-10-05 14:00:00+00:00,197.10281,9.793058
2025-10-05 15:00:00+00:00,183.01273,10.2742
2025-10-05 16:00:00+00:00,167.79955,13.627795
2025-10-05 17:00:00+00:00,180.0,16.019999
2025-10-05 18:00:00+00:00,198.69908,12.351988
2025-10-05 19:00:00+00:00,58.671368,4.846648
2025-10-05 20:00:00+00:00,116.56499,7.6473517
2025-10-05 21:00:00+00:00,138.28934,11.091564
2025-10-05 22:00:00+00:00,154.7989,10.1456785
2025-10-05 23:00:00+00:00,326.3099,2.5959969
2025-10-06 00:00:00+00:00,298.96756,11.521406
2025-10-06 01:00:00+00:00,169.54015,11.897714
2025-10-06 02:00:00+00:00,182.72626,7.5685663
2025-10-06 03:00:00+00:00,170.72748,8.936778
2025-10-06 04:00:00+00:00,183.97241,12.991212
2025-10-06 05:00:00+00:00,174.2895,16.280798
2025-10-06 06:00:00+00:00,213.9766,9.984729
2025-10-06 07:00:00+00:00,199.29015,7.628263
2025-10-06 08:00:00+00:00,203.35558,8.626865
2025-10-06 09:00:00+00:00,199.53674,5.920878
2025-10-06 10:00:00+00:00,169.2712,17.40424
2025-10-06 11:00:00+00:00,159.19313,9.627896
2025-10-06 12:00:00+00:00,197.59251,7.7420926
2025-10-06 13:00:00+00:00,183.27042,6.310277
2025-10-06 14:00:00+00:00,319.18503,10.464797
2025-10-06 15:00:00+00:00,158.19853,0.9693296
2025-10-06 16:00:00+00:00,66.037506,1.7727944
2025-10-06 17:00:00+00:00,117.40749,5.4744864
2025-10-06 18:00:00+00:00,57.264786,11.983188
2025-10-06 19:00:00+00:00,77.735245,4.2366967
2025-10-06 20:00:00+00:00,85.76369,9.746631
2025-10-06 21:00:00+00:00,127.971664,9.361731
2025-10-06 22:00:00+00:00,138.99101,5.48631
2025-10-06 23:00:00+00:00,323.13,7.2
2025-10-07 00:00:00+00:00,327.09476,7.289445
2025-10-07 01:00:00+00:00,326.76828,6.2405767
2025-10-07 02:00:00+00:00,332.1028,6.9247384
2025-10-07 03:00:00+00:00,344.3577,9.346143
2025-10-07 04:00:00+00:00,347.15228,10.5234585
2025-10-07 05:00:00+00:00,355.42615,9.028754
2025-10-07 06:00:00+00:00,331.26028,6.3639607
2025-10-07 07:00:00+00:00,339.44388,6.151683
2025-10-07 08:00:00+00:00,337.93204,7.186487
2025-10-07 09:00:00+00:00,336.16125,8.461915
2025-10-07 10:00:00+00:00,336.2505,9.83268
2025-10-07 11:00:00+00:00,342.824,10.3621235
2025-10-07 12:00:00+00:00,358.56793,7.2022495
2025-10-07 13:00:00+00:00,356.72958,6.310277
2025-10-07 14:00:00+00:00,12.680387,7.3799996
2025-10-07 15:00:00+00:00,24.904745,5.5567255
2025-10-07 16:00:00+00:00,26.564985,4.829907
2025-10-07 17:00:00+00:00,24.443953,4.3498964
2025-10-07 18:00:00+00:00,34.3804,4.143911
2025-10-07 19:00:00+00:00,52.594578,3.8521678
2025-10-07 20:00:00+00:00,49.085716,3.572898
2025-10-07 21:00:00+00:00,28.610369,4.510787
2025-10-07 22:00:00+00:00,40.364468,4.724786
2025-10-07 23:00:00+00:00,49.185013,5.2323985
2025-10-08 00:00:00+00:00,353.6599,3.2599385
2025-10-08 01:00:00+00:00,348.6901,2.7534704
2025-10-08 02:00:00+00:00,2.8623457,3.604497
2025-10-08 03:00:00+00:00,15.255177,2.0523157
2025-10-08 04:00:00+00:00,2.8623457,3.604497
2025-10-08 05:00:00+00:00,360.0,5.04
2025-10-08 06:00:00+00:00,352.14676,5.2694216
2025-10-08 07:00:00+00:00,343.1415,6.206738
2025-10-08 08:00:00+00:00,342.072,6.4323244
2025-10-08 09:00:00+00:00,334.8852,6.361415
2025-10-08 10:00:00+00:00,322.81522,6.552099
2025-10-08 11:00:00+00:00,321.34018,6.9153743
2025-10-08 12:00:00+00:00,341.56494,4.5536795
2025-10-08 13:00:00+00:00,14.036275,4.452954
2025-10-08 14:00:00+00:00,30.6506,5.6492476
2025-10-08 15:00:00+00:00,59.93151,3.9518096
2025-10-08 16:00:00+00:00,100.30479,4.0249224
2025-10-08 17:00:00+00:00,124.82456,5.0432134
2025-10-08 18:00:00+00:00,135.0001,5.6002855
2025-10-08 19:00:00+00:00,150.80261,7.0107627
2025-10-08 20:00:00+00:00,160.0168,6.320538
2025-10-08 21:00:00+00:00,174.80566,3.9763298
2025-10-08 22:00:00+00:00,175.60138,2.3469126
2025-10-08 23:00:00+00:00,111.801476,0.9693296
2025-10-09 00:00:00+00:00,120.57915,4.599695
2025-10-09 01:00:00+00:00,136.33215,5.4744864
2025-10-09 02:00:00+00:00,152.70052,6.279395
2025-10-09 03:00:00+00:00,159.44388,4.613762
2025-10-09 04:00:00+00:00,156.50142,4.514377
2025-10-09 05:00:00+00:00,144.78232,3.745557
2025-10-09 06:00:00+00:00,320.1945,1.4058449
2025-10-09 07:00:00+00:00,343.61038,3.189608
2025-10-09 08:00:00+00:00,344.3577,4.6730714
2025-10-09 09:00:00+00:00,337.5205,5.6492476
2025-10-09 10:00:00+00:00,331.38962,6.76618
2025-10-09 11:00:00+00:00,328.78165,6.945761
2025-10-09 12:00:00+00:00,330.01843,5.402999
2025-10-09 13:00:00+00:00,356.186,2.7059932
2025-10-09 14:00:00+00:00,6.0089183,3.438895
2025-10-09 15:00:00+00:00,19.290138,3.8141315
2025-10-09 16:00:00+00:00,67.06787,5.0816135
2025-10-09 17:00:00+00:00,96.519714,6.341009
2025-10-09 18:00:00+00:00,129.61066,6.7757506
2025-10-09 19:00:00+00:00,159.62349,6.7205353
2025-10-09 20:00:00+00:00,143.53067,5.1481256
2025-10-09 21:00:00+00:00,119.98155,5.402999
2025-10-09 22:00:00+00:00,122.828545,6.6405115
2025-10-09 23:00:00+00:00,128.65984,6.9153743
2025-10-10 00:00:00+00:00,139.68597,7.7900705
2025-10-10 01:00:00+00:00,148.29861,7.193247
2025-10-10 02:00:00+00:00,159.62349,6.7205353
2025-10-10 03:00:00+00:00,164.74483,4.1046314
2025-10-10 04:00:00+00:00,168.69011,3.671294
2025-10-10 05:00:00+00:00,192.80426,4.060985
2025-10-10 06:00:00+00:00,281.3099,7.342588
2025-10-10 07:00:00+00:00,296.56497,7.6473517
2025-10-10 08:00:00+00:00,302.96942,7.9383874
2025-10-10 09:00:00+00:00,310.60123,8.297589
2025-10-10 10:00:00+00:00,322.69595,9.504272
2025-10-10 11:00:00+00:00,330.85202,10.717182
2025-10-10 12:00:00+00:00,348.4654,9.0018
2025-10-10 13:00:00+00:00,336.9745,7.823272
2025-10-10 14:00:00+00:00,348.92984,8.43699
2025-10-10 15:00:00+00:00,10.407656,8.967541
2025-10-10 16:00:00+00:00,30.343174,8.55142
2025-10-10 17:00:00+00:00,60.42226,7.6579366
2025-10-10 18:00:00+00:00,131.76021,6.7565966
2025-10-10 19:00:00+00:00,150.1012,8.305396
2025-10-10 20:00:00+00:00,112.52061,7.989242
2025-10-10 21:00:00+00:00,117.552734,9.339208
2025-10-10 22:00:00+00:00,147.52882,9.387651
2025-10-10 23:00:00+00:00,164.98158,7.6409945
2025-10-11 00:00:00+00:00,182.3859,8.647496
2025-10-11 01:00:00+00:00,163.68607,7.689603
2025-10-11 02:00:00+00:00,145.0079,6.59154
2025-10-11 03:00:00+00:00,110.55612,4.613762
2025-10-11 04:00:00+00:00,119.357666,3.3043609
2025-10-11 05:00:00+00:00,145.0079,2.19718
2025-10-11 06:00:00+00:00,299.35767,3.3043609
2025-10-11 07:00:00+00:00,331.38962,6.76618
2025-10-11 08:00:00+00:00,336.5014,9.028754
2025-10-11 09:00:00+00:00,335.9245,9.266067
2025-10-11 10:00:00+00:00,332.8504,7.889259
2025-10-11 11:00:00+00:00,323.8417,5.796447
2025-10-11 12:00:00+00:00,333.43503,1.2074767
2025-10-11 13:00:00+00:00,56.309914,2.5959969
2025-10-11 14:00:00+00:00,39.805527,8.435069
2025-10-11 15:00:00+00:00,81.15827,8.197414
2025-10-11 16:00:00+00:00,103.0919,7.9465466
2025-10-11 17:00:00+00:00,127.40543,3.8521678
2025-10-11 18:00:00+00:00,182.79265,7.388775
2025-10-11 19:00:00+00:00,170.75397,7.841888
2025-10-11 20:00:00+00:00,128.65984,6.9153743
2025-10-11 21:00:00+00:00,133.87679,6.4924874
2025-10-11 22:00:00+00:00,167.90526,5.1544156
2025-10-11 23:00:00+00:00,140.19447,2.8116899
2025-10-12 00:00:00+00:00,169.3804,2.9301877
2025-10-12 01:00:00+00:00,163.30067,5.637765
2025-10-12 02:00:00+00:00,149.9315,7.9036193
2025-10-12 03:00:00+00:00,153.43501,5.634891
2025-10-12 04:00:00+00:00,184.39862,4.6938252
2025-10-12 05:00:00+00:00,193.62701,6.1120534
2025-10-12 06:00:00+00:00,205.64096,4.991553
2025-10-12 07:00:00+00:00,290.85452,4.0449963
2025-10-12 08:00:00+00:00,322.52374,6.804381
2025-10-12 09:00:00+00:00,329.82657,8.953078
2025-10-12 10:00:00+00:00,333.43503,8.854829
2025-10-12 11:00:00+00:00,345.25638,7.072878
2025-10-12 12:00:00+00:00,16.699326,5.637765
2025-10-12 13:00:00+00:00,78.6901,4.5891175
2025-10-12 14:00:00+00:00,78.11137,6.9899354
2025-10-12 15:00:00+00:00,90.0,8.64
2025-10-12 16:00:00+00:00,109.98319,6.320538
2025-10-12 17:00:00+00:00,109.17911,4.3832865
2025-10-12 18:00:00+00:00,145.40765,6.341009
2025-10-12 19:00:00+00:00,152.24155,7.729527
2025-10-12 20:00:00+00:00,176.98727,6.849467
2025-10-12 21:00:00+00:00,181.63654,6.302571
2025-10-12 22:00:00+00:00,155.22488,7.731623
2025-10-12 23:00:00+00:00,169.82455,7.1321807
2025-10-13 00:00:00+00:00,181.46877,7.0223074
2025-10-13 01:00:00+00:00,180.0,7.7400002
2025-10-13 02:00:00+00:00,166.2392,9.080639
2025-10-13 03:00:00+00:00,169.6952,6.037383
2025-10-13 04:00:00+00:00,182.4895,4.143911
2025-10-13 05:00:00+00:00,183.57626,5.771239
2025-10-13 06:00:00+00:00,203.9625,3.5455887
2025-10-13 07:00:00+00:00,302.27563,4.0449967
2025-10-13 08:00:00+00:00,323.47104,6.048107
2025-10-13 09:00:00+00:00,328.2986,7.193247
2025-10-13 10:00:00+00:00,332.30063,8.131936
2025-10-13 11:00:00+00:00,336.16125,8.461915
2025-10-13 12:00:00+00:00,351.15826,8.197414
2025-10-13 13:00:00+00:00,36.86998,5.3999996
2025-10-13 14:00:00+00:00,80.75397,7.841888
2025-10-13 15:00:00+00:00,85.42616,9.028754
2025-10-13 16:00:00+00:00,87.91749,9.906544
2025-10-13 17:00:00+00:00,98.27581,10.004178
2025-10-13 18:00:00+00:00,130.23628,9.1958685
2025-10-13 19:00:00+00:00,172.03047,9.087772
2025-10-13 20:00:00+00:00,191.30989,6.424764
2025-10-13 21:00:00+00:00,169.56258,6.9550843
2025-10-13 22:00:00+00:00,163.5399,8.2584505
2025-10-13 23:00:00+00:00,171.70294,8.731392
2025-10-14 00:00:00+00:00,152.44728,9.339208
2025-10-14 01:00:00+00:00,160.20103,9.565437
2025-10-14 02:00:00+00:00,158.58696,9.860649
2025-10-14 03:00:00+00:00,156.44772,7.6579366
2025-10-14 04:00:00+00:00,169.8754,5.1197267
2025-10-14 05:00:00+00:00,186.5197,6.341009
2025-10-14 06:00:00+00:00,191.30989,6.424764
2025-10-14 07:00:00+00:00,199.65392,2.6758924
2025-10-14 08:00:00+00:00,224.9999,0.5091169
2025-10-14 09:00:00+00:00,44.999897,1.0182338
2025-10-14 10:00:00+00:00,39.289394,2.5582807
2025-10-14 11:00:00+00:00,30.465475,3.550155
2025-10-14 12:00:00+00:00,55.491425,3.494968
2025-10-14 13:00:00+00:00,68.19853,2.907989
2025-10-14 14:00:00+00:00,118.442825,4.913044
2025-10-14 15:00:00+00:00,155.77226,7.8954163
2025-10-14 16:00:00+00:00,136.27295,11.457958
2025-10-14 17:00:00+00:00,134.37048,11.583108
2025-10-14 18:00:00+00:00,143.49847,11.196232
2025-10-14 19:00:00+00:00,151.76265,11.032987
2025-10-14 20:00:00+00:00,159.10216,10.597094
2025-10-14 21:00:00+00:00,163.66388,10.8792095
2025-10-14 22:00:00+00:00,164.66666,11.571914
2025-10-14 23:00:00+00:00,167.19574,12.182955
2025-10-15 00:00:00+00:00,169.93938,11.334284
2025-10-15 01:00:00+00:00,173.99109,10.316686
2025-10-15 02:00:00+00:00,176.98727,10.2742
2025-10-15 03:00:00+00:00,164.05453,9.172938
2025-10-15 04:00:00+00:00,168.69011,7.342588
2025-10-15 05:00:00+00:00,181.19347,8.641874
2025-10-15 06:00:00+00:00,200.72563,7.120815
2025-10-15 07:00:00+00:00,196.69933,1.8792552
2025-10-15 08:00:00+00:00,71.564964,1.1384199
2025-10-15 09:00:00+00:00,55.491425,3.494968
2025-10-15 10:00:00+00:00,51.072456,6.015878
2025-10-15 11:00:00+00:00,49.398785,8.297589
2025-10-15 12:00:00+00:00,57.42595,7.689603
2025-10-15 13:00:00+00:00,78.11137,3.4949677
2025-10-15 14:00:00+00:00,44.999897,2.2910259
2025-10-15 15:00:00+00:00,56.309914,1.2979984
2025-10-15 16:00:00+00:00,100.619606,5.8603754
2025-10-15 17:00:00+00:00,124.56259,9.835975
2025-10-15 18:00:00+00:00,159.04414,9.059205
2025-10-15 19:00:00+00:00,163.30067,7.5170207
2025-10-15 20:00:00+00:00,168.4399,8.083983
2025-10-15 21:00:00+00:00,176.26868,8.297589
2025-10-15 22:00:00+00:00,173.79665,8.32877
2025-10-15 23:00:00+00:00,138.99101,5.48631
2025-10-16 00:00:00+00:00,126.11943,8.244708
2025-10-16 01:00:00+00:00,142.59457,7.7043357
2025-10-16 02:00:00+00:00,142.85323,7.4520864
2025-10-16 03:00:00+00:00,147.72438,4.0449967
2025-10-16 04:00:00+00:00,157.3801,2.3400002
2025-10-16 05:00:00+00:00,165.96373,2.226477
2025-10-16 06:00:00+00:00,220.23628,3.0652893
2025-10-16 07:00:00+00:00,321.34018,1.1525624
2025-10-16 08:00:00+00:00,6.70975,3.0811036
2025-10-16 09:00:00+00:00,20.854538,4.0449963
2025-10-16 10:00:00+00:00,22.61991,4.6800003
2025-10-16 11:00:00+00:00,13.5704565,5.3699164
2025-10-16 12:00:00+00:00,12.7243595,5.720489
2025-10-16 13:00:00+00:00,2.93562,7.029225
2025-10-16 14:00:00+00:00,36.86999,8.099999
2025-10-16 15:00:00+00:00,122.471176,7.0407386
2025-10-16 16:00:00+00:00,160.11475,8.996398
2025-10-16 17:00:00+00:00,133.36346,4.4565907
2025-10-16 18:00:00+00:00,139.76372,9.1958685
2025-10-16 19:00:00+00:00,149.74365,5.00128
2025-10-16 20:00:00+00:00,121.60746,2.7475805
2025-10-16 21:00:00+00:00,148.17259,6.1437774
2025-10-16 22:00:00+00:00,170.9606,8.019601
2025-10-16 23:00:00+00:00,177.39749,7.928178
2025-10-17 00:00:00+00:00,168.69011,6.424764
2025-10-17 01:00:00+00:00,158.74942,3.4763772
2025-10-17 02:00:00+00:00,156.50142,4.514377
2025-10-17 03:00:00+00:00,163.61038,3.189608
2025-10-17 04:00:00+00:00,165.96373,2.226477
2025-10-17 05:00:00+00:00,202.6199,2.3400002
2025-10-17 06:00:00+00:00,261.87,3.8183763
2025-10-17 07:00:00+00:00,316.46872,4.965521
2025-10-17 08:00:00+00:00,339.07544,6.5520988
2025-10-17 09:00:00+00:00,345.65063,7.989243
2025-10-17 10:00:00+00:00,344.7448,8.209263
2025-10-17 11:00:00+00:00,350.31128,7.486788
2025-10-17 12:00:00+00:00,19.536749,5.920878
2025-10-17 13:00:00+00:00,43.451904,4.7110505
2025-10-17 14:00:00+00:00,56.309914,5.1919937
2025-10-17 15:00:00+00:00,44.999897,5.6002855
2025-10-17 16:00:00+00:00,63.435013,6.037383
2025-10-17 17:00:00+00:00,92.72626,7.5685663
2025-10-17 18:00:00+00:00,107.592514,7.7420926
2025-10-17 19:00:00+00:00,141.54626,7.8149853
2025-10-17 20:00:00+00:00,163.30067,7.5170207
2025-10-17 21:00:00+00:00,148.17259,6.1437774
2025-10-17 22:00:00+00:00,140.01317,7.282774
2025-10-17 23:00:00+00:00,136.97493,7.386582
2025-10-18 00:00:00+00:00,131.18582,7.653705
2025-10-18 01:00:00+00:00,136.08084,6.7469993
2025-10-18 02:00:00+00:00,136.97493,7.386582
2025-10-18 03:00:00+00:00,127.694305,5.004518
2025-10-18 04:00:00+00:00,124.50858,3.494968
2025-10-18 05:00:00+00:00,121.75944,4.4456716
2025-10-18 06:00:00+00:00,84.95764,6.1437774
2025-10-18 07:00:00+00:00,67.61982,6.6185193
2025-10-18 08:00:00+00:00,56.3099,7.1389914
2025-10-18 09:00:00+00:00,48.94529,7.3997297
2025-10-18 10:00:00+00:00,41.185837,7.653705
2025-10-18 11:00:00+00:00,30.256361,7.5019197
2025-10-18 12:00:00+00:00,16.927603,8.654986
2025-10-18 13:00:00+00:00,25.709915,10.787993
2025-10-18 14:00:00+00:00,69.10216,10.597094
2025-10-18 15:00:00+00:00,102.8477,10.5234585
2025-10-18 16:00:00+00:00,113.749504,9.83268
2025-10-18 17:00:00+00:00,127.50422,9.7565975
2025-10-18 18:00:00+00:00,145.22209,7.889258
2025-10-18 19:00:00+00:00,166.29301,7.596341
2025-10-18 20:00:00+00:00,100.00792,3.1072817
2025-10-18 21:00:00+00:00,56.929314,9.236298
2025-10-18 22:00:00+00:00,127.40543,7.7043357
2025-10-18 23:00:00+00:00,119.197395,7.0107627
2025-10-19 00:00:00+00:00,130.91429,7.145796
2025-10-19 01:00:00+00:00,131.98714,7.2649574
2025-10-19 02:00:00+00:00,147.72438,8.0899935
2025-10-19 03:00:00+00:00,162.64589,6.0347
2025-10-19 04:00:00+00:00,185.52745,5.6060677
2025-10-19 05:00:00+00:00,175.23645,4.3349743
2025-10-19 06:00:00+00:00,80.83774,5.6521144
2025-10-19 07:00:00+00:00,66.37061,6.28713
2025-10-19 08:00:00+00:00,55.0079,6.59154
2025-10-19 09:00:00+00:00,51.842735,6.4096174
2025-10-19 10:00:00+00:00,56.88865,4.942631
2025-10-19 11:00:00+00:00,56.3099,4.542994
2025-10-19 12:00:00+00:00,108.43504,4.5536795
2025-10-19 13:00:00+00:00,43.83095,6.2379804
2025-10-19 14:00:00+00:00,44.999897,10.182337
2025-10-19 15:00:00+00:00,74.74483,8.209263
2025-10-19 16:00:00+00:00,92.4366,8.467655
2025-10-19 17:00:00+00:00,105.25517,6.1569467
2025-10-19 18:00:00+00:00,117.979385,6.5223618
2025-10-19 19:00:00+00:00,112.109505,6.21717
2025-10-19 20:00:00+00:00,140.71062,5.1165614
2025-10-19 21:00:00+00:00,165.17348,6.330782
2025-10-19 22:00:00+00:00,158.74942,6.9527545
2025-10-19 23:00:00+00:00,155.32315,7.329338
2025-10-20 00:00:00+00:00,138.94528,7.3997297
2025-10-20 01:00:00+00:00,147.3391,8.338489
2025-10-20 02:00:00+00:00,140.19447,8.435069
2025-10-20 03:00:00+00:00,130.23628,6.1305785
2025-10-20 04:00:00+00:00,133.36346,4.4565907
2025-10-20 05:00:00+00:00,128.41809,6.6624317
2025-10-20 06:00:00+00:00,120.529625,8.149847
2025-10-20 07:00:00+00:00,118.70586,8.6193495
2025-10-20 08:00:00+00:00,118.92633,7.8149853
2025-10-20 09:00:00+00:00,108.43504,4.5536795
2025-10-20 10:00:00+00:00,76.75947,3.143565
2025-10-20 11:00:00+00:00,57.99466,3.396233
2025-10-20 12:00:00+00:00,54.865723,5.9427266
2025-10-20 13:00:00+00:00,77.735245,4.2366967
2025-10-20 14:00:00+00:00,83.08887,5.9834766
2025-10-20 15:00:00+00:00,85.135574,8.490582
2025-10-20 16:00:00+00:00,92.08252,9.906544
2025-10-20 17:00:00+00:00,93.012726,10.2742
2025-10-20 18:00:00+00:00,107.592514,7.7420926
2025-10-20 19:00:00+00:00,121.75944,8.891343
2025-10-20 20:00:00+00:00,136.54811,9.422101
2025-10-20 21:00:00+00:00,219.3693,9.080639
2025-10-20 22:00:00+00:00,34.69522,5.692099
2025-10-20 23:00:00+00:00,95.906044,5.2478566
2025-10-21 00:00:00+00:00,164.74483,4.1046314
2025-10-21 01:00:00+00:00,155.69547,6.1226463
2025-10-21 02:00:00+00:00,115.8663,6.601363
2025-10-21 03:00:00+00:00,113.962494,5.318383
2025-10-21 04:00:00+00:00,104.03627,4.452954
2025-10-21 05:00:00+00:00,111.801476,4.846648
2025-10-21 06:00:00+00:00,96.70974,3.0811036
2025-10-21 07:00:00+00:00,39.289394,2.5582807
2025-10-21 08:00:00+00:00,16.389616,6.379216
2025-10-21 09:00:00+00:00,12.8477125,10.5234585
2025-10-21 10:00:00+00:00,7.4313188,12.525207
2025-10-21 11:00:00+00:00,350.53775,9.854075
2025-10-21 12:00:00+00:00,334.9164,9.340941
2025-10-21 13:00:00+00:00,19.722366,10.134496
2025-10-21 14:00:00+00:00,48.44749,10.583326
2025-10-21 15:00:00+00:00,31.920837,12.936228
2025-10-21 16:00:00+00:00,47.602623,11.212135
2025-10-21 17:00:00+00:00,51.044094,10.8792095
2025-10-21 18:00:00+00:00,67.16631,11.132385
2025-10-21 19:00:00+00:00,73.39294,10.706595
2025-10-21 20:00:00+00:00,75.96373,8.905908
2025-10-21 21:00:00+00:00,93.17977,6.489992
2025-10-21 22:00:00+00:00,67.61982,6.6185193
2025-10-21 23:00:00+00:00,65.65892,8.297589
2025-10-22 00:00:00+00:00,67.557205,8.958504
2025-10-22 01:00:00+00:00,86.347855,8.477216
2025-10-22 02:00:00+00:00,114.94388,8.536252
2025-10-22 03:00:00+00:00,114.90474,5.5567255
2025-10-22 04:00:00+00:00,87.614105,4.323748
2025-10-22 05:00:00+00:00,75.96373,6.6794305
2025-10-22 06:00:00+00:00,62.878777,8.29173
2025-10-22 07:00:00+00:00,37.405437,7.7043357
2025-10-22 08:00:00+00:00,27.181028,7.4867883
2025-10-22 09:00:00+00:00,18.03438,8.139901
2025-10-22 10:00:00+00:00,12.99463,9.605998
2025-10-22 11:00:00+00:00,14.281137,10.215693
2025-10-22 12:00:00+00:00,20.282646,8.827344
2025-10-22 13:00:00+00:00,30.068504,7.9036193
2025-10-22 14:00:00+00:00,61.60708,7.570707
2025-10-22 15:00:00+00:00,83.88459,10.1376915
2025-10-22 16:00:00+00:00,57.652576,6.391901
2025-10-22 17:00:00+00:00,34.592358,6.341009
2025-10-22 18:00:00+00:00,62.48809,9.741642
2025-10-22 19:00:00+00:00,90.0,11.159999
2025-10-22 20:00:00+00:00,98.914856,9.292254
2025-10-22 21:00:00+00:00,108.79998,8.936777
2025-10-22 22:00:00+00:00,113.35559,8.626865
2025-10-22 23:00:00+00:00,129.95749,8.688613
2025-10-23 00:00:00+00:00,135.85501,8.528657
2025-10-23 01:00:00+00:00,147.72438,8.0899935
2025-10-23 02:00:00+00:00,154.98314,8.93859
2025-10-23 03:00:00+00:00,157.3801,7.0199995
2025-10-23 04:00:00+00:00,162.18102,5.2939587
2025-10-23 05:00:00+00:00,162.12122,5.8631387
2025-10-23 06:00:00+00:00,176.186,2.7059932
2025-10-23 07:00:00+00:00,38.65983,2.3051248
2025-10-23 08:00:00+00:00,24.443953,4.3498964
2025-10-23 09:00:00+00:00,16.858482,6.206738
2025-10-23 10:00:00+00:00,6.0723705,8.507737
2025-10-23 11:00:00+00:00,355.03033,8.311245
2025-10-23 12:00:00+00:00,341.14676,7.7983837
2025-10-23 13:00:00+00:00,20.854538,4.0449963
2025-10-23 14:00:00+00:00,84.92049,8.131936
2025-10-23 15:00:00+00:00,88.85426,9.0018
2025-10-23 16:00:00+00:00,84.093956,10.495713
2025-10-23 17:00:00+00:00,96.340096,9.779817
2025-10-23 18:00:00+00:00,100.68486,9.708326
2025-10-23 19:00:00+00:00,99.90412,11.5115595
2025-10-23 20:00:00+00:00,119.858925,11.207801
2025-10-23 21:00:00+00:00,138.90059,11.226575
2025-10-23 22:00:00+00:00,145.49142,10.484903
2025-10-23 23:00:00+00:00,146.04091,10.63372
2025-10-24 00:00:00+00:00,152.15251,10.7894945
2025-10-24 01:00:00+00:00,154.32323,10.385547
2025-10-24 02:00:00+00:00,155.22488,10.30883
2025-10-24 03:00:00+00:00,150.42226,7.6579366
2025-10-24 04:00:00+00:00,149.42085,4.599695
2025-10-24 05:00:00+00:00,158.19853,3.8773184
2025-10-24 06:00:00+00:00,140.19447,1.4058449
2025-10-24 07:00:00+00:00,16.26028,4.5
2025-10-24 08:00:00+00:00,12.99463,7.2044983
2025-10-24 09:00:00+00:00,7.12493,8.707238
2025-10-24 10:00:00+00:00,1.1934711,8.641874
2025-10-24 11:00:00+00:00,5.0795207,8.131936
2025-10-24 12:00:00+00:00,12.680387,7.3799996
2025-10-24 13:00:00+00:00,53.74608,6.696387
2025-10-24 14:00:00+00:00,82.7469,9.979859
2025-10-24 15:00:00+00:00,79.59235,8.967541
2025-10-24 16:00:00+00:00,71.075264,6.66
2025-10-24 17:00:00+00:00,101.3099,8.260411
2025-10-24 18:00:00+00:00,100.15421,12.2519045
2025-10-24 19:00:00+00:00,113.19862,10.966713
2025-10-24 20:00:00+00:00,115.60214,9.580668
2025-10-24 21:00:00+00:00,131.2846,9.82114
2025-10-24 22:00:00+00:00,144.92616,10.337078
2025-10-24 23:00:00+00:00,154.91644,9.340941
2025-10-25 00:00:00+00:00,159.19313,9.627896
2025-10-25 01:00:00+00:00,152.92801,9.096681
2025-10-25 02:00:00+00:00,142.43134,8.856658
2025-10-25 03:00:00+00:00,133.83095,6.2379804
2025-10-25 04:00:00+00:00,119.05451,3.7064266
2025-10-25 05:00:00+00:00,108.43504,4.5536795
2025-10-25 06:00:00+00:00,81.86999,5.0911684
2025-10-25 07:00:00+00:00,41.760216,6.7565966
2025-10-25 08:00:00+00:00,29.744795,8.707237
2025-10-25 09:00:00+00:00,26.053446,9.016185
2025-10-25 10:00:00+00:00,30.256361,10.00256
2025-10-25 11:00:00+00:00,34.50859,10.484903
2025-10-25 12:00:00+00:00,25.253126,10.548061
2025-10-25 13:00:00+00:00,27.03079,9.901636
2025-10-25 14:00:00+00:00,34.159744,12.181624
2025-10-25 15:00:00+00:00,33.42483,10.783486
2025-10-25 16:00:00+00:00,64.91644,9.340941
2025-10-25 17:00:00+00:00,102.65255,9.039514
2025-10-25 18:00:00+00:00,83.659904,4.8899083
2025-10-25 19:00:00+00:00,88.69808,7.922045
2025-10-25 20:00:00+00:00,106.88687,10.534229
2025-10-25 21:00:00+00:00,110.95586,9.059205
2025-10-25 22:00:00+00:00,120.34317,8.55142
2025-10-25 23:00:00+00:00,122.38066,8.738811
2025-10-26 00:00:00+00:00,129.14398,9.97986
2025-10-26 01:00:00+00:00,135.74397,9.801326
2025-10-26 02:00:00+00:00,135.0001,9.673221
2025-10-26 03:00:00+00:00,120.256355,7.5019197
2025-10-26 04:00:00+00:00,104.5345,5.020677
2025-10-26 05:00:00+00:00,99.46225,7.6642804
2025-10-26 06:00:00+00:00,100.15421,12.2519045
2025-10-26 07:00:00+00:00,91.76235,11.705537
2025-10-26 08:00:00+00:00,80.09588,11.5115595
2025-10-26 09:00:00+00:00,75.96373,10.390226
2025-10-26 10:00:00+00:00,71.20003,8.936777
2025-10-26 11:00:00+00:00,55.491425,10.484903
2025-10-26 12:00:00+00:00,50.194473,8.435069
2025-10-26 13:00:00+00:00,40.06073,10.348043
2025-10-26 14:00:00+00:00,42.336945,10.957846
2025-10-26 15:00:00+00:00,60.39565,9.109138
2025-10-26 16:00:00+00:00,71.89614,9.847496
2025-10-26 17:00:00+00:00,85.91447,10.105681
2025-10-26 18:00:00+00:00,88.9584,9.901636
2025-10-26 19:00:00+00:00,71.564964,10.24578
2025-10-26 20:00:00+00:00,79.07724,10.449306
2025-10-26 21:00:00+00:00,110.77233,11.165805
2025-10-26 22:00:00+00:00,114.51963,11.276967
2025-10-26 23:00:00+00:00,112.93214,10.163227
2025-10-27 00:00:00+00:00,108.43504,8.538149
2025-10-27 01:00:00+00:00,107.650215,8.311245
2025-10-27 02:00:00+00:00,109.885254,8.996398
2025-10-27 03:00:00+00:00,98.61557,6.0077944
2025-10-27 04:00:00+00:00,75.96373,3.710795
2025-10-27 05:00:00+00:00,61.69934,5.315336
2025-10-27 06:00:00+00:00,77.34745,9.039514
2025-10-27 07:00:00+00:00,57.45001,10.036512
2025-10-27 08:00:00+00:00,48.53239,10.32924
2025-10-27 09:00:00+00:00,47.070034,10.571074
2025-10-27 10:00:00+00:00,38.530205,12.425216
2025-10-27 11:00:00+00:00,37.568665,11.808878
2025-10-27 12:00:00+00:00,26.939459,12.3165245
2025-10-27 13:00:00+00:00,35.960606,11.341428
2025-10-27 14:00:00+00:00,62.198643,11.19189
2025-10-27 15:00:00+00:00,140.19447,11.246759
2025-10-27 16:00:00+00:00,148.39255,10.990322
2025-10-27 17:00:00+00:00,148.67137,9.693296
2025-10-27 18:00:00+00:00,148.52321,10.34178
2025-10-27 19:00:00+00:00,142.27495,12.061343
2025-10-27 20:00:00+00:00,136.80872,12.097553
2025-10-27 21:00:00+00:00,128.04709,10.514218
2025-10-27 22:00:00+00:00,108.8248,8.36758
2025-10-27 23:00:00+00:00,108.79998,8.936777
2025-10-28 00:00:00+00:00,123.690094,10.383987
2025-10-28 01:00:00+00:00,121.534744,9.292255
2025-10-28 02:00:00+00:00,116.05344,9.016185
2025-10-28 03:00:00+00:00,86.308685,5.5916004
2025-10-28 04:00:00+00:00,82.50424,6.898956
2025-10-28 05:00:00+00:00,80.909805,9.114471
2025-10-28 06:00:00+00:00,63.86906,10.6261
2025-10-28 07:00:00+00:00,62.387074,13.203954
2025-10-28 08:00:00+00:00,62.44729,14.008811
2025-10-28 09:00:00+00:00,61.504463,14.336861
2025-10-28 10:00:00+00:00,63.435013,14.48972
2025-10-28 11:00:00+00:00,71.782814,14.970331
2025-10-28 12:00:00+00:00,82.96216,14.690691
2025-10-28 13:00:00+00:00,92.069984,14.949756
2025-10-28 14:00:00+00:00,97.73351,14.713831
2025-10-28 15:00:00+00:00,99.75236,11.688918
2025-10-28 16:00:00+00:00,92.8155,10.993271
2025-10-28 17:00:00+00:00,94.39862,11.734564
2025-10-28 18:00:00+00:00,106.18928,11.620809
2025-10-28 19:00:00+00:00,83.99109,10.316686
2025-10-28 20:00:00+00:00,90.93917,10.981475
2025-10-28 21:00:00+00:00,84.093956,10.495713
2025-10-28 22:00:00+00:00,82.7469,9.979859
2025-10-28 23:00:00+00:00,82.47627,9.6228485
2025-10-29 00:00:00+00:00,85.42616,9.028754
2025-10-29 01:00:00+00:00,84.92049,8.131936
2025-10-29 02:00:00+00:00,78.486206,9.919618
2025-10-29 03:00:00+00:00,84.4279,7.415038
2025-10-29 04:00:00+00:00,87.27374,7.5685663
2025-10-29 05:00:00+00:00,85.33323,8.849339
2025-10-29 06:00:00+00:00,80.81124,12.399113
2025-10-29 07:00:00+00:00,77.84508,11.968308
2025-10-29 08:00:00+00:00,70.46326,11.841756
2025-10-29 09:00:00+00:00,59.93151,11.855429
2025-10-29 10:00:00+00:00,54.743572,12.785069
2025-10-29 11:00:00+00:00,47.950855,12.362475
2025-10-29 12:00:00+00:00,42.207226,10.4493065
2025-10-29 13:00:00+00:00,33.070686,9.236298
2025-10-29 14:00:00+00:00,51.842735,9.614426
2025-10-29 15:00:00+00:00,69.44387,7.689603
2025-10-29 16:00:00+00:00,60.461315,6.2067385
2025-10-29 17:00:00+00:00,49.844074,7.5363917
2025-10-29 18:00:00+00:00,41.28462,9.82114
2025-10-29 19:00:00+00:00,49.635548,9.449572
2025-10-29 20:00:00+00:00,48.53239,10.32924
2025-10-29 21:00:00+00:00,58.70702,10.742848
2025-10-29 22:00:00+00:00,61.049107,9.668195
2025-10-29 23:00:00+00:00,67.21756,9.761578
2025-10-30 00:00:00+00:00,66.80139,9.595874
2025-10-30 01:00:00+00:00,58.46526,9.292255
2025-10-30 02:00:00+00:00,59.420856,9.19939
2025-10-30 03:00:00+00:00,49.68598,7.7900705
2025-10-30 04:00:00+00:00,46.12322,6.4924874
2025-10-30 05:00:00+00:00,49.53785,8.043805
2025-10-30 06:00:00+00:00,55.813835,11.53265
2025-10-30 07:00:00+00:00,52.124958,10.261579
2025-10-30 08:00:00+00:00,41.71067,11.091564
2025-10-30 09:00:00+00:00,41.71067,11.091564
2025-10-30 10:00:00+00:00,31.908066,11.238113
2025-10-30 11:00:00+00:00,29.981556,10.805998
2025-10-30 12:00:00+00:00,25.513834,8.775807
2025-10-30 13:00:00+00:00,18.778133,9.505977
2025-10-30 14:00:00+00:00,27.474344,10.144082
2025-10-30 15:00:00+00:00,20.17074,9.3962755
2025-10-30 16:00:00+00:00,358.99493,10.261578
2025-10-30 17:00:00+00:00,29.427368,8.0599
2025-10-30 18:00:00+00:00,70.76923,8.197414
2025-10-30 19:00:00+00:00,91.43207,7.2022495
2025-10-30 20:00:00+00:00,77.660934,5.896202
2025-10-30 21:00:00+00:00,69.86362,5.7515564
2025-10-30 22:00:00+00:00,64.23073,5.7964473
2025-10-30 23:00:00+00:00,63.435013,6.439876
2025-10-31 00:00:00+00:00,131.18582,1.9134263
2025-10-31 01:00:00+00:00,224.9999,0.25455844
2025-10-31 02:00:00+00:00,175.23645,2.1674871
2025-10-31 03:00:00+00:00,192.5288,1.659518
2025-10-31 04:00:00+00:00,180.0,0.17999999
2025-10-31 05:00:00+00:00,29.054508,1.8532133
2025-10-31 06:00:00+00:00,24.227736,3.9477081
2025-10-31 07:00:00+00:00,2.0453732,5.0432134
2025-10-31 08:00:00+00:00,358.0251,5.223103
2025-10-31 09:00:00+00:00,354.95764,6.1437774
2025-10-31 10:00:00+00:00,353.04715,7.4346757
2025-10-31 11:00:00+00:00,357.20734,7.388775
2025-10-31 12:00:00+00:00,255.96373,0.742159
2025-10-31 13:00:00+00:00,219.80553,1.4058449
2025-10-31 14:00:00+00:00,189.46225,2.1897945
2025-10-31 15:00:00+00:00,360.0,0.9
2025-10-31 16:00:00+00:00,353.6599,3.2599385
2025-10-31 17:00:00+00:00,216.86998,0.9
2025-10-31 18:00:00+00:00,211.60745,2.7475805
2025-10-31 19:00:00+00:00,203.49858,4.514377
2025-10-31 20:00:00+00:00,195.25517,6.1569467
2025-10-31 21:00:00+00:00,156.80138,2.7416782
2025-10-31 22:00:00+00:00,143.13002,3.6
2025-10-31 23:00:00+00:00,164.05453,5.2416787
2025-11-01 00:00:00+00:00,175.23645,2.1674871
2025-11-01 01:00:00+00:00,168.23174,4.412754
2025-11-01 02:00:00+00:00,163.0091,6.77575
2025-11-01 03:00:00+00:00,161.0295,6.0908127
2025-11-01 04:00:00+00:00,159.77505,3.644722
2025-11-01 05:00:00+00:00,162.64589,3.01735
2025-11-01 06:00:00+00:00,23.198618,1.3708391
2025-11-01 07:00:00+00:00,12.094739,2.5772078
2025-11-01 08:00:00+00:00,9.865748,4.2021422
2025-11-01 09:00:00+00:00,3.9451082,5.232399
2025-11-01 10:00:00+00:00,360.0,5.5799994
2025-11-01 11:00:00+00:00,345.4655,5.020677
2025-11-01 12:00:00+00:00,315.0001,2.5455842
2025-11-01 13:00:00+00:00,75.96373,0.742159
2025-11-01 14:00:00+00:00,113.962494,5.318383
2025-11-01 15:00:00+00:00,110.55612,9.227524
2025-11-01 16:00:00+00:00,109.23077,8.197414
2025-11-01 17:00:00+00:00,120.963684,6.297428
2025-11-01 18:00:00+00:00,137.38599,6.114703
2025-11-01 19:00:00+00:00,165.52966,5.7628117
2025-11-01 20:00:00+00:00,164.74483,6.1569467
2025-11-01 21:00:00+00:00,158.19853,6.7853074
2025-11-01 22:00:00+00:00,146.68936,7.538541
2025-11-01 23:00:00+00:00,141.76614,7.562142
2025-11-02 00:00:00+00:00,153.94656,9.016185
2025-11-02 01:00:00+00:00,163.73972,9.0
2025-11-02 02:00:00+00:00,170.53775,9.854075
2025-11-02 03:00:00+00:00,171.15826,8.197414
2025-11-02 04:00:00+00:00,176.186,5.4119864
2025-11-02 05:00:00+00:00,182.04536,5.0432134
2025-11-02 06:00:00+00:00,222.70937,3.1845248
2025-11-02 07:00:00+00:00,283.39252,3.8856654
2025-11-02 08:00:00+00:00,302.00534,5.09435
2025-11-02 09:00:00+00:00,308.65982,5.7628117
2025-11-02 10:00:00+00:00,317.38596,6.114703
2025-11-02 11:00:00+00:00,330.01843,5.402999
2025-11-02 12:00:00+00:00,353.29025,3.0811036
2025-11-02 13:00:00+00:00,50.194473,1.4058449
2025-11-02 14:00:00+00:00,71.564964,0.56920993
2025-11-02 15:00:00+00:00,201.03758,2.5071096
2025-11-02 16:00:00+00:00,193.13403,11.090103
2025-11-02 17:00:00+00:00,196.09088,9.741642
2025-11-02 18:00:00+00:00,182.4895,8.287822
2025-11-02 19:00:00+00:00,182.2457,9.187056
2025-11-02 20:00:00+00:00,180.0,8.099999
2025-11-02 21:00:00+00:00,180.0,8.64
2025-11-02 22:00:00+00:00,182.20255,9.3669195
2025-11-02 23:00:00+00:00,182.12105,9.726665
2025-11-03 00:00:00+00:00,181.87784,10.9859
2025-11-03 01:00:00+00:00,181.76236,11.705537
2025-11-03 02:00:00+00:00,190.78426,11.543881
2025-11-03 03:00:00+00:00,202.01134,9.12513
2025-11-03 04:00:00+00:00,221.00899,5.48631
2025-11-03 05:00:00+00:00,219.40063,6.522361
2025-11-03 06:00:00+00:00,233.74606,10.04458
2025-11-03 07:00:00+00:00,250.70985,11.442394
2025-11-03 08:00:00+00:00,258.15796,11.402683
2025-11-03 09:00:00+00:00,269.09064,11.341428
2025-11-03 10:00:00+00:00,280.92276,10.449306
2025-11-03 11:00:00+00:00,289.44012,9.734987
2025-11-03 12:00:00+00:00,257.90524,5.1544156
2025-11-03 13:00:00+00:00,207.64589,4.2671766
2025-11-03 14:00:00+00:00,182.4895,8.287822
2025-11-03 15:00:00+00:00,183.01273,3.4247334
2025-11-03 16:00:00+00:00,153.43501,4.0249224
2025-11-03 17:00:00+00:00,161.89615,9.847496
2025-11-03 18:00:00+00:00,185.79271,12.483749
2025-11-03 19:00:00+00:00,189.46225,10.948973
2025-11-03 20:00:00+00:00,196.85847,12.413476
2025-11-03 21:00:00+00:00,196.06006,12.362475
2025-11-03 22:00:00+00:00,191.30989,11.013882
2025-11-03 23:00:00+00:00,196.1135,8.431228
2025-11-04 00:00:00+00:00,192.33908,11.792404
2025-11-04 01:00:00+00:00,186.1154,10.1376915
2025-11-04 02:00:00+00:00,183.12207,9.914717
2025-11-04 03:00:00+00:00,178.53123,7.0223074
2025-11-04 04:00:00+00:00,191.59215,7.1661706
2025-11-04 05:00:00+00:00,210.25635,7.5019197
2025-11-04 06:00:00+00:00,229.86458,12.007498
2025-11-04 07:00:00+00:00,230.46387,14.7039175
2025-11-04 08:00:00+00:00,233.92389,15.589497
2025-11-04 09:00:00+00:00,241.69934,15.94601
2025-11-04 10:00:00+00:00,247.94888,15.342294
2025-11-04 11:00:00+00:00,258.1976,12.32047
2025-11-04 12:00:00+00:00,241.92761,9.179999
2025-11-04 13:00:00+00:00,242.96922,9.901636
2025-11-04 14:00:00+00:00,248.19853,8.723967
2025-11-04 15:00:00+00:00,267.5105,8.287822
2025-11-04 16:00:00+00:00,273.23962,9.555271
2025-11-04 17:00:00+00:00,276.63242,7.79215
2025-11-04 18:00:00+00:00,263.6599,8.149847
2025-11-04 19:00:00+00:00,259.15973,8.613709
2025-11-04 20:00:00+00:00,240.85202,10.717182
2025-11-04 21:00:00+00:00,251.56496,9.107359
2025-11-04 22:00:00+00:00,273.814,5.4119864
2025-11-04 23:00:00+00:00,248.19853,5.815978
2025-11-05 00:00:00+00:00,23.198618,1.3708391
2025-11-05 01:00:00+00:00,11.3098955,3.671294
2025-11-05 02:00:00+00:00,25.201094,3.381893
2025-11-05 03:00:00+00:00,48.57643,4.080882
2025-11-05 04:00:00+00:00,324.46225,1.5484185
2025-11-05 05:00:00+00:00,337.75092,4.278551
2025-11-05 06:00:00+00:00,346.67545,7.029225
2025-11-05 07:00:00+00:00,355.9859,10.285232
2025-11-05 08:00:00+00:00,344.2913,11.966954
2025-11-05 09:00:00+00:00,338.9624,12.535549
2025-11-05 10:00:00+00:00,336.59528,13.141232
2025-11-05 11:00:00+00:00,337.71436,11.866355
2025-11-05 12:00:00+00:00,325.17545,10.086427
2025-11-05 13:00:00+00:00,342.8972,12.241323
2025-11-05 14:00:00+00:00,358.43066,13.14493
2025-11-05 15:00:00+00:00,6.808965,12.145665
2025-11-05 16:00:00+00:00,19.983198,10.534229
2025-11-05 17:00:00+00:00,43.602894,10.44
2025-11-05 18:00:00+00:00,53.325558,10.548061
2025-11-05 19:00:00+00:00,55.750916,10.234705
2025-11-05 20:00:00+00:00,69.56709,9.796366
2025-11-05 21:00:00+00:00,80.18076,9.499157
2025-11-05 22:00:00+00:00,78.6901,9.178235
2025-11-05 23:00:00+00:00,85.23644,8.669949
2025-11-06 00:00:00+00:00,90.0,7.2
2025-11-06 01:00:00+00:00,98.3658,6.1858225
2025-11-06 02:00:00+00:00,124.592354,6.341009
2025-11-06 03:00:00+00:00,135.0001,5.3457265
2025-11-06 04:00:00+00:00,129.80553,2.8116899
2025-11-06 05:00:00+00:00,81.86999,2.5455842
2025-11-06 06:00:00+00:00,12.528798,4.9785542
2025-11-06 07:00:00+00:00,7.3056703,7.0774574
2025-11-06 08:00:00+00:00,358.60284,7.3821945
2025-11-06 09:00:00+00:00,351.4693,7.2805495
2025-11-06 10:00:00+00:00,348.3664,6.2483597
2025-11-06 11:00:00+00:00,360.0,3.96
2025-11-06 12:00:00+00:00,360.0,0.71999997
2025-11-06 13:00:00+00:00,25.201094,3.381893
2025-11-06 14:00:00+00:00,35.537766,6.193674
2025-11-06 15:00:00+00:00,81.11942,5.8298883
2025-11-06 16:00:00+00:00,124.50858,6.989936
2025-11-06 17:00:00+00:00,121.372955,8.643749
2025-11-06 18:00:00+00:00,135.85501,8.528657
2025-11-06 19:00:00+00:00,147.72438,8.0899935
2025-11-06 20:00:00+00:00,146.65927,8.187527
2025-11-06 21:00:00+00:00,137.4896,8.790563
2025-11-06 22:00:00+00:00,140.6307,9.080639
2025-11-06 23:00:00+00:00,159.30447,8.65873
2025-11-07 00:00:00+00:00,160.20103,9.565437
2025-11-07 01:00:00+00:00,168.27492,9.743305
2025-11-07 02:00:00+00:00,168.887,10.272623
2025-11-07 03:00:00+00:00,169.15974,8.613709
2025-11-07 04:00:00+00:00,169.56258,6.9550843
2025-11-07 05:00:00+00:00,178.15244,5.5829024
2025-11-07 06:00:00+00:00,202.93213,5.0816135
2025-11-07 07:00:00+00:00,282.99463,4.802999
2025-11-07 08:00:00+00:00,305.7068,7.0934615
2025-11-07 09:00:00+00:00,317.72638,8.027678
2025-11-07 10:00:00+00:00,320.52756,7.928177
2025-11-07 11:00:00+00:00,334.1337,6.601363
2025-11-07 12:00:00+00:00,12.99463,2.4014995
2025-11-07 13:00:00+00:00,61.389645,2.2553935
2025-11-07 14:00:00+00:00,113.19862,1.3708391
2025-11-07 15:00:00+00:00,129.80553,1.4058449
2025-11-07 16:00:00+00:00,135.0001,1.2727921
2025-11-07 17:00:00+00:00,104.03627,2.968636
2025-11-07 18:00:00+00:00,155.22488,2.5772076
2025-11-07 19:00:00+00:00,153.43501,3.219938
2025-11-07 20:00:00+00:00,150.9455,5.5596404
2025-11-07 21:00:00+00:00,161.14674,7.7983837
2025-11-07 22:00:00+00:00,176.05489,10.464798
2025-11-07 23:00:00+00:00,179.04518,10.801499
2025-11-08 00:00:00+00:00,170.36253,9.67657
2025-11-08 01:00:00+00:00,166.46413,9.9977
2025-11-08 02:00:00+00:00,165.2564,10.609316
2025-11-08 03:00:00+00:00,166.2392,9.080639
2025-11-08 04:00:00+00:00,168.31065,5.3305535
2025-11-08 05:00:00+00:00,181.9091,5.4029994
2025-11-08 06:00:00+00:00,220.60121,6.638072
2025-11-08 07:00:00+00:00,273.3664,6.130579
2025-11-08 08:00:00+00:00,293.1986,6.8541956
2025-11-08 09:00:00+00:00,299.0545,7.4128532
2025-11-08 10:00:00+00:00,300.46545,7.10031
2025-11-08 11:00:00+00:00,312.39737,5.6060677
2025-11-08 12:00:00+00:00,354.80566,3.9763298
2025-11-08 13:00:00+00:00,17.241547,5.4656014
2025-11-08 14:00:00+00:00,43.152412,3.9477081
2025-11-08 15:00:00+00:00,135.0001,0.5091169
2025-11-08 16:00:00+00:00,194.03627,1.484318
2025-11-08 17:00:00+00:00,192.5288,1.659518
2025-11-08 18:00:00+00:00,146.3099,1.2979984
2025-11-08 19:00:00+00:00,158.96242,2.5071096
2025-11-08 20:00:00+00:00,172.64772,5.6262593
2025-11-08 21:00:00+00:00,157.249,6.050785
2025-11-08 22:00:00+00:00,164.05453,7.8625183
2025-11-08 23:00:00+00:00,174.68555,7.7734165
2025-11-09 00:00:00+00:00,175.60138,7.040739
2025-11-09 01:00:00+00:00,174.14407,7.0568266
2025-11-09 02:00:00+00:00,186.63242,7.79215
2025-11-09 03:00:00+00:00,178.53123,7.0223074
2025-11-09 04:00:00+00:00,162.89719,4.896529
2025-11-09 05:00:00+00:00,187.59456,2.7238941
2025-11-09 06:00:00+00:00,240.94548,3.7064266
2025-11-09 07:00:00+00:00,268.26434,5.9427266
2025-11-09 08:00:00+00:00,289.74692,7.458606
2025-11-09 09:00:00+00:00,297.12122,8.29173
2025-11-09 10:00:00+00:00,298.92633,7.8149853
2025-11-09 11:00:00+00:00,309.8055,7.029225
2025-11-09 12:00:00+00:00,326.88864,4.942631
2025-11-09 13:00:00+00:00,344.7448,4.1046314
2025-11-09 14:00:00+00:00,336.8014,1.3708391
2025-11-09 15:00:00+00:00,287.3541,3.01735
2025-11-09 16:00:00+00:00,273.57626,2.8856194
2025-11-09 17:00:00+00:00,180.0,0.54
2025-11-09 18:00:00+00:00,123.690094,2.5959969
2025-11-09 19:00:00+00:00,126.25393,3.3481934
2025-11-09 20:00:00+00:00,147.26479,5.991594
2025-11-09 21:00:00+00:00,156.19405,6.689125
2025-11-09 22:00:00+00:00,165.61858,7.247096
2025-11-09 23:00:00+00:00,165.61858,7.247096
2025-11-10 00:00:00+00:00,171.15826,8.197414
2025-11-10 01:00:00+00:00,172.72508,8.528657
2025-11-10 02:00:00+00:00,171.52895,8.553314
2025-11-10 03:00:00+00:00,171.25392,7.102591
2025-11-10 04:00:00+00:00,171.86998,5.0911684
2025-11-10 05:00:00+00:00,176.186,2.7059932
2025-11-10 06:00:00+00:00,224.9999,2.8001428
2025-11-10 07:00:00+00:00,283.49576,4.6277857
2025-11-10 08:00:00+00:00,311.009,5.48631
2025-11-10 09:00:00+00:00,325.0079,6.59154
2025-11-10 10:00:00+00:00,330.9455,7.4128532
2025-11-10 11:00:00+00:00,343.44284,6.9480934
2025-11-10 12:00:00+00:00,35.837746,3.9966483
2025-11-10 13:00:00+00:00,78.231735,4.412754
2025-11-10 14:00:00+00:00,95.44024,3.7971036
2025-11-10 15:00:00+00:00,191.30989,0.9178235
2025-11-10 16:00:00+00:00,165.96373,0.742159
2025-11-10 17:00:00+00:00,133.53127,4.965521
2025-11-10 18:00:00+00:00,140.9645,8.574123
2025-11-10 19:00:00+00:00,148.20113,10.589448
2025-11-10 20:00:00+00:00,137.4896,8.790563
2025-11-10 21:00:00+00:00,138.81418,7.653705
2025-11-10 22:00:00+00:00,140.90616,7.42159
2025-11-10 23:00:00+00:00,143.13002,7.2
2025-11-11 00:00:00+00:00,155.13632,8.133928
2025-11-11 01:00:00+00:00,174.68555,7.7734165
2025-11-11 02:00:00+00:00,184.96965,8.311245
2025-11-11 03:00:00+00:00,170.53775,7.6642804
2025-11-11 04:00:00+00:00,151.8215,5.7176566
2025-11-11 05:00:00+00:00,160.70985,3.8141315
2025-11-11 06:00:00+00:00,195.94547,3.9312592
2025-11-11 07:00:00+00:00,265.42615,4.514377
2025-11-11 08:00:00+00:00,293.7495,4.91634
2025-11-11 09:00:00+00:00,312.614,6.114703
2025-11-11 10:00:00+00:00,323.67307,7.596341
2025-11-11 11:00:00+00:00,329.65683,8.55142
2025-11-11 12:00:00+00:00,344.24875,7.293888
2025-11-11 13:00:00+00:00,2.7262611,3.7842832
2025-11-11 14:00:00+00:00,12.528798,3.319036
2025-11-11 15:00:00+00:00,108.43504,0.56920993
2025-11-11 16:00:00+00:00,190.88548,4.7657523
2025-11-11 17:00:00+00:00,201.5015,6.384293
2025-11-11 18:00:00+00:00,194.03627,1.484318
2025-11-11 19:00:00+00:00,75.96373,0.742159
2025-11-11 20:00:00+00:00,135.0001,0.25455844
2025-11-11 21:00:00+00:00,180.0,0.35999998
2025-11-11 22:00:00+00:00,156.3706,3.143565
2025-11-11 23:00:00+00:00,150.80261,7.0107627
2025-11-12 00:00:00+00:00,175.4861,6.8612823
2025-11-12 01:00:00+00:00,224.9999,6.618519
2025-11-12 02:00:00+00:00,204.67685,7.329338
2025-11-12 03:00:00+00:00,194.03627,5.195113
2025-11-12 04:00:00+00:00,192.09474,2.5772078
2025-11-12 05:00:00+00:00,230.19447,1.4058449
2025-11-12 06:00:00+00:00,286.1444,7.1208143
2025-11-12 07:00:00+00:00,286.88687,10.534229
2025-11-12 08:00:00+00:00,291.41302,9.860649
2025-11-12 09:00:00+00:00,295.08356,9.340941
2025-11-12 10:00:00+00:00,301.75943,8.891343
2025-11-12 11:00:00+00:00,306.3269,7.596341
2025-11-12 12:00:00+00:00,307.40543,3.8521678
2025-11-12 13:00:00+00:00,297.8972,3.4623692
2025-11-12 14:00:00+00:00,315.0001,4.3274937
2025-11-12 15:00:00+00:00,346.50424,4.6277857
2025-11-12 16:00:00+00:00,35.837746,3.9966483
2025-11-12 17:00:00+00:00,92.60251,3.964089
2025-11-12 18:00:00+00:00,138.57643,4.080882
2025-11-12 19:00:00+00:00,148.67137,4.846648
2025-11-12 20:00:00+00:00,149.34941,5.6492476
2025-11-12 21:00:00+00:00,155.69547,6.1226463
2025-11-12 22:00:00+00:00,159.07542,6.5520988
2025-11-12 23:00:00+00:00,171.02745,6.924738
2025-11-13 00:00:00+00:00,161.56496,5.6920996
2025-11-13 01:00:00+00:00,169.3804,5.8603754
2025-11-13 02:00:00+00:00,159.77505,7.289444
2025-11-13 03:00:00+00:00,168.3664,6.2483597
2025-11-13 04:00:00+00:00,165.2564,3.536439
2025-11-13 05:00:00+00:00,169.3804,2.9301877
2025-11-13 06:00:00+00:00,230.19447,2.8116899
2025-11-13 07:00:00+00:00,288.43503,4.5536795
2025-11-13 08:00:00+00:00,302.82855,6.6405115
2025-11-13 09:00:00+00:00,312.7974,6.623413
2025-11-13 10:00:00+00:00,318.50363,6.248359
2025-11-13 11:00:00+00:00,318.01288,4.8433046
2025-11-13 12:00:00+00:00,180.0,0.17999999
2025-11-13 13:00:00+00:00,156.80138,2.7416782
2025-11-13 14:00:00+00:00,143.13002,2.6999998
2025-11-13 15:00:00+00:00,155.55606,2.1749482
2025-11-13 16:00:00+00:00,71.564964,0.56920993
2025-11-13 17:00:00+00:00,44.999897,4.072935
2025-11-13 18:00:00+00:00,94.57384,4.514377
2025-11-13 19:00:00+00:00,104.03627,5.937272
2025-11-13 20:00:00+00:00,122.471176,7.0407386
2025-11-13 21:00:00+00:00,145.1246,7.2403865
2025-11-13 22:00:00+00:00,163.68607,7.689603
2025-11-13 23:00:00+00:00,167.34744,9.039514
2025-11-14 00:00:00+00:00,165.20319,9.867218
2025-11-14 01:00:00+00:00,168.4862,9.919618
2025-11-14 02:00:00+00:00,167.4712,9.9571085
2025-11-14 03:00:00+00:00,168.92984,8.43699
2025-11-14 04:00:00+00:00,166.37299,6.1120534
2025-11-14 05:00:00+00:00,182.86235,3.604497
2025-11-14 06:00:00+00:00,213.11136,4.942631
2025-11-14 07:00:00+00:00,274.96964,4.1556225
2025-11-14 08:00:00+00:00,309.8055,4.2175345
2025-11-14 09:00:00+00:00,331.55716,4.913044
2025-11-14 10:00:00+00:00,343.8107,5.8104043
2025-11-14 11:00:00+00:00,347.00537,7.2044983
2025-11-14 12:00:00+00:00,9.462248,8.759178
2025-11-14 13:00:00+00:00,25.016869,5.95906
2025-11-14 14:00:00+00:00,59.743652,2.50064
2025-11-14 15:00:00+00:00,95.19434,1.9881649
2025-11-14 16:00:00+00:00,130.23628,3.0652893
2025-11-14 17:00:00+00:00,160.86626,9.335737
2025-11-14 18:00:00+00:00,166.70142,10.172787
2025-11-14 19:00:00+00:00,156.80139,6.8541956
2025-11-14 20:00:00+00:00,135.0001,5.0911684
2025-11-14 21:00:00+00:00,136.12321,6.4924874
2025-11-14 22:00:00+00:00,154.65387,7.5685663
2025-11-14 23:00:00+00:00,169.21574,7.69592
2025-11-15 00:00:00+00:00,165.67725,8.731391
2025-11-15 01:00:00+00:00,165.14134,9.12513
2025-11-15 02:00:00+00:00,164.3577,9.346143
2025-11-15 03:00:00+00:00,167.73524,8.473393
2025-11-15 04:00:00+00:00,165.96373,5.937272
2025-11-15 05:00:00+00:00,177.13765,3.604497
2025-11-15 06:00:00+00:00,196.26028,4.5
2025-11-15 07:00:00+00:00,261.87,1.2727921
2025-11-15 08:00:00+00:00,327.52884,2.3469129
2025-11-15 09:00:00+00:00,337.1663,3.710795
2025-11-15 10:00:00+00:00,341.56494,5.12289
2025-11-15 11:00:00+00:00,347.4712,6.638072
2025-11-15 12:00:00+00:00,360.0,6.2999997
2025-11-15 13:00:00+00:00,6.842679,4.5322843
2025-11-15 14:00:00+00:00,26.564985,1.2074767
2025-11-15 15:00:00+00:00,74.054535,1.3104197
2025-11-15 16:00:00+00:00,90.0,4.5
2025-11-15 17:00:00+00:00,144.29323,7.0934615
2025-11-15 18:00:00+00:00,172.56868,8.350138
2025-11-15 19:00:00+00:00,193.32454,7.029225
2025-11-15 20:00:00+00:00,155.09526,5.5567255
2025-11-15 21:00:00+00:00,141.34016,6.9153743
2025-11-15 22:00:00+00:00,140.90616,7.42159
2025-11-15 23:00:00+00:00,144.78232,7.491114
2025-11-16 00:00:00+00:00,144.0578,8.893166
2025-11-16 01:00:00+00:00,155.37645,9.504273
2025-11-16 02:00:00+00:00,164.05453,10.483357
2025-11-16 03:00:00+00:00,167.34744,9.039514
2025-11-16 04:00:00+00:00,169.99208,6.2145634
2025-11-16 05:00:00+00:00,180.0,3.06
2025-11-16 06:00:00+00:00,188.53069,3.6402748
2025-11-16 07:00:00+00:00,291.03757,2.5071096
2025-11-16 08:00:00+00:00,326.3099,3.8939953
2025-11-16 09:00:00+00:00,326.3099,4.542994
2025-11-16 10:00:00+00:00,329.03632,5.2478566
2025-11-16 11:00:00+00:00,330.25522,5.8048253
2025-11-16 12:00:00+00:00,296.56497,2.8174455
2025-11-16 13:00:00+00:00,254.05453,1.3104197
2025-11-16 14:00:00+00:00,135.0001,0.25455844
2025-11-16 15:00:00+00:00,135.0001,0.5091169
2025-11-16 16:00:00+00:00,153.43501,0.40249225
2025-11-16 17:00:00+00:00,51.34017,1.1525624
2025-11-16 18:00:00+00:00,51.34017,1.1525624
2025-11-16 19:00:00+00:00,168.69011,0.9178235
2025-11-16 20:00:00+00:00,180.0,2.34
2025-11-16 21:00:00+00:00,188.3658,6.1858225
2025-11-16 22:00:00+00:00,178.66782,7.7420926
2025-11-16 23:00:00+00:00,168.17854,7.9077177
2025-11-17 00:00:00+00:00,169.91946,8.227004
2025-11-17 01:00:00+00:00,171.70294,8.731392
2025-11-17 02:00:00+00:00,171.86998,8.909545
2025-11-17 03:00:00+00:00,173.04713,7.4346757
2025-11-17 04:00:00+00:00,170.53775,4.379589
2025-11-17 05:00:00+00:00,180.0,2.6999998
2025-11-17 06:00:00+00:00,209.7448,2.9024127
2025-11-17 07:00:00+00:00,281.3099,2.7534704
2025-11-17 08:00:00+00:00,310.91428,3.572898
2025-11-17 09:00:00+00:00,325.4914,3.494968
2025-11-17 10:00:00+00:00,335.77228,3.9477081
2025-11-17 11:00:00+00:00,348.31067,5.3305535
2025-11-17 12:00:00+00:00,17.744766,4.724786
2025-11-17 13:00:00+00:00,36.528946,6.048107
2025-11-17 14:00:00+00:00,58.671368,4.846648
2025-11-17 15:00:00+00:00,103.39252,3.8856654
2025-11-17 16:00:00+00:00,145.49142,6.989936
2025-11-17 17:00:00+00:00,156.16125,8.461915
2025-11-17 18:00:00+00:00,150.2552,8.707237
2025-11-17 19:00:00+00:00,145.6196,8.287822
2025-11-17 20:00:00+00:00,138.46832,8.415842
2025-11-17 21:00:00+00:00,142.85323,7.4520864
2025-11-17 22:00:00+00:00,152.176,7.327127
2025-11-17 23:00:00+00:00,155.32315,7.329338
2025-11-18 00:00:00+00:00,156.44772,7.6579366
2025-11-18 01:00:00+00:00,161.56496,7.3997297
2025-11-18 02:00:00+00:00,161.56496,7.968939
2025-11-18 03:00:00+00:00,164.05453,6.5520988
2025-11-18 04:00:00+00:00,163.30067,3.7585104
2025-11-18 05:00:00+00:00,169.6952,2.0124612
2025-11-18 06:00:00+00:00,213.6901,1.2979984
2025-11-18 07:00:00+00:00,345.9637,2.226477
2025-11-18 08:00:00+00:00,347.00537,4.802999
2025-11-18 09:00:00+00:00,342.75845,5.4656014
2025-11-18 10:00:00+00:00,340.46326,5.920878
2025-11-18 11:00:00+00:00,337.249,6.050785
2025-11-18 12:00:00+00:00,315.0001,2.8001428
2025-11-18 13:00:00+00:00,270.0,1.08
2025-11-18 14:00:00+00:00,180.0,0.35999998
2025-11-18 15:00:00+00:00,148.57048,3.7971041
2025-11-18 16:00:00+00:00,155.43285,6.9270773
2025-11-18 17:00:00+00:00,165.96373,3.710795
2025-11-18 18:00:00+00:00,168.69011,3.671294
2025-11-18 19:00:00+00:00,164.74483,2.0523157
2025-11-18 20:00:00+00:00,170.53775,1.0948973
2025-11-18 21:00:00+00:00,157.61983,3.3092597
2025-11-18 22:00:00+00:00,154.72232,7.16617
2025-11-18 23:00:00+00:00,155.32315,7.329338
2025-11-19 00:00:00+00:00,155.89777,7.4932766
2025-11-19 01:00:00+00:00,154.59233,7.970972
2025-11-19 02:00:00+00:00,151.29414,8.6193495
2025-11-19 03:00:00+00:00,150.1012,8.305396
2025-11-19 04:00:00+00:00,153.43501,5.634891
2025-11-19 05:00:00+00:00,155.55606,4.3498964
2025-11-19 06:00:00+00:00,150.9455,5.5596404
2025-11-19 07:00:00+00:00,144.78232,3.745557
2025-11-19 08:00:00+00:00,104.03627,1.484318
2025-11-19 09:00:00+00:00,41.185837,1.9134263
2025-11-19 10:00:00+00:00,25.201094,3.381893
2025-11-19 11:00:00+00:00,19.025702,5.5216303
2025-11-19 12:00:00+00:00,23.962492,5.318383
2025-11-19 13:00:00+00:00,24.227736,3.9477081
2025-11-19 14:00:00+00:00,44.999897,4.072935
2025-11-19 15:00:00+00:00,78.11137,6.9899354
2025-11-19 16:00:00+00:00,105.945465,7.8625183
2025-11-19 17:00:00+00:00,97.59455,8.171683
2025-11-19 18:00:00+00:00,114.34108,8.297589
2025-11-19 19:00:00+00:00,143.74608,6.696387
2025-11-19 20:00:00+00:00,147.80429,5.7431
2025-11-19 21:00:00+00:00,145.30478,5.692099
2025-11-19 22:00:00+00:00,144.46223,6.193674
2025-11-19 23:00:00+00:00,141.58191,6.6624317
2025-11-20 00:00:00+00:00,137.04541,7.1321807
2025-11-20 01:00:00+00:00,149.26459,7.748368
2025-11-20 02:00:00+00:00,154.98314,8.93859
2025-11-20 03:00:00+00:00,159.14546,8.089993
2025-11-20 04:00:00+00:00,165.52966,5.7628117
2025-11-20 05:00:00+00:00,169.21574,3.84796
2025-11-20 06:00:00+00:00,175.03035,4.1556225
2025-11-20 07:00:00+00:00,161.56496,2.2768397
2025-11-20 08:00:00+00:00,44.999897,0.76367533
2025-11-20 09:00:00+00:00,5.19435,1.9881649
2025-11-20 10:00:00+00:00,7.12493,2.9024127
2025-11-20 11:00:00+00:00,4.763556,4.3349743
2025-11-20 12:00:00+00:00,23.629398,6.28713
2025-11-20 13:00:00+00:00,28.442837,4.913044
2025-11-20 14:00:00+00:00,33.6901,3.244996
2025-11-20 15:00:00+00:00,86.423744,2.8856194
2025-11-20 16:00:00+00:00,119.197395,7.0107627
2025-11-20 17:00:00+00:00,138.50363,6.248359
2025-11-20 18:00:00+00:00,142.52374,6.804381
2025-11-20 19:00:00+00:00,124.3804,8.287822
2025-11-20 20:00:00+00:00,127.14677,7.4520864
2025-11-20 21:00:00+00:00,144.16226,3.9966483
2025-11-20 22:00:00+00:00,168.69011,1.835647
2025-11-20 23:00:00+00:00,169.04597,5.6835546
2025-11-21 00:00:00+00:00,154.65387,7.5685663
2025-11-21 01:00:00+00:00,156.44772,7.6579366
2025-11-21 02:00:00+00:00,153.97047,8.61371
2025-11-21 03:00:00+00:00,159.44388,7.689603
2025-11-21 04:00:00+00:00,160.90642,4.952453
2025-11-21 05:00:00+00:00,188.13002,2.5455842
2025-11-21 06:00:00+00:00,249.44386,3.0758414
2025-11-21 07:00:00+00:00,276.70975,3.0811036
2025-11-21 08:00:00+00:00,291.80148,3.8773184
2025-11-21 09:00:00+00:00,316.5481,4.7110505
2025-11-21 10:00:00+00:00,330.01843,5.402999
2025-11-21 11:00:00+00:00,338.19852,6.7853074
2025-11-21 12:00:00+00:00,343.73972,9.0
2025-11-21 13:00:00+00:00,348.95908,7.519175
2025-11-21 14:00:00+00:00,347.4712,6.638072
2025-11-21 15:00:00+00:00,348.31067,5.3305535
2025-11-21 16:00:00+00:00,351.34753,8.37532
2025-11-21 17:00:00+00:00,2.8623457,7.208994
2025-11-21 18:00:00+00:00,43.72705,5.728979
2025-11-21 19:00:00+00:00,64.23073,5.7964473
2025-11-21 20:00:00+00:00,61.189304,4.1085763
2025-11-21 21:00:00+00:00,78.231735,4.412754
2025-11-21 22:00:00+00:00,75.46551,5.020677
2025-11-21 23:00:00+00:00,72.25524,4.724786
2025-11-22 00:00:00+00:00,75.96373,5.195113
2025-11-22 01:00:00+00:00,107.87879,5.8631387
2025-11-22 02:00:00+00:00,118.1785,5.7176566
2025-11-22 03:00:00+00:00,104.03627,5.195113
2025-11-22 04:00:00+00:00,81.25392,2.36753
2025-11-22 05:00:00+00:00,44.999897,1.5273507
2025-11-22 06:00:00+00:00,31.607454,2.7475805
2025-11-22 07:00:00+00:00,29.357658,3.3043609
2025-11-22 08:00:00+00:00,26.564985,4.4274144
2025-11-22 09:00:00+00:00,20.136398,5.7515564
2025-11-22 10:00:00+00:00,16.389616,6.379216
2025-11-22 11:00:00+00:00,7.907082,6.542201
2025-11-22 12:00:00+00:00,345.4655,5.020677
2025-11-22 13:00:00+00:00,333.43503,5.634891
2025-11-22 14:00:00+00:00,9.727519,6.391901
2025-11-22 15:00:00+00:00,32.57405,7.689603
2025-11-22 16:00:00+00:00,16.607063,10.706595
2025-11-22 17:00:00+00:00,33.407852,10.134495
2025-11-22 18:00:00+00:00,65.77226,7.8954163
2025-11-22 19:00:00+00:00,85.60138,7.040739
2025-11-22 20:00:00+00:00,91.21885,8.461914
2025-11-22 21:00:00+00:00,91.24534,8.281956
2025-11-22 22:00:00+00:00,91.24534,8.281956
2025-11-22 23:00:00+00:00,111.80147,8.723967
2025-11-23 00:00:00+00:00,113.55228,7.6579366
2025-11-23 01:00:00+00:00,104.38144,7.247096
2025-11-23 02:00:00+00:00,102.09474,7.731622
2025-11-23 03:00:00+00:00,109.74693,7.458606
2025-11-23 04:00:00+00:00,106.26028,4.5
2025-11-23 05:00:00+00:00,96.00892,3.438895
2025-11-23 06:00:00+00:00,67.83361,5.2478566
2025-11-23 07:00:00+00:00,58.495792,6.544677
2025-11-23 08:00:00+00:00,55.78425,5.441838
2025-11-23 09:00:00+00:00,46.2188,5.983477
2025-11-23 10:00:00+00:00,36.86999,7.2
2025-11-23 11:00:00+00:00,29.16752,8.863972
2025-11-23 12:00:00+00:00,27.012596,10.304114
2025-11-23 13:00:00+00:00,36.674442,10.548061
2025-11-23 14:00:00+00:00,52.373703,10.908951
2025-11-23 15:00:00+00:00,69.775055,10.934166
2025-11-23 16:00:00+00:00,66.3179,11.203464
2025-11-23 17:00:00+00:00,84.55976,11.391313
2025-11-23 18:00:00+00:00,83.75819,11.588701
2025-11-23 19:00:00+00:00,87.089226,10.63372
2025-11-23 20:00:00+00:00,88.025116,10.446206
2025-11-23 21:00:00+00:00,107.78398,10.018743
2025-11-23 22:00:00+00:00,111.41304,9.860649
2025-11-23 23:00:00+00:00,126.86998,10.799999
2025-11-24 00:00:00+00:00,132.8789,10.316686
2025-11-24 01:00:00+00:00,126.25393,10.04458
2025-11-24 02:00:00+00:00,127.875046,10.261579
2025-11-24 03:00:00+00:00,131.18582,9.567131
2025-11-24 04:00:00+00:00,120.37905,6.050785
2025-11-24 05:00:00+00:00,104.03627,5.195113
2025-11-24 06:00:00+00:00,98.13002,5.0911684
2025-11-24 07:00:00+00:00,101.97612,6.0721655
2025-11-24 08:00:00+00:00,73.61038,6.379216
2025-11-24 09:00:00+00:00,57.84773,7.44121
2025-11-24 10:00:00+00:00,50.04252,8.688613
2025-11-24 11:00:00+00:00,42.64668,9.299225
2025-11-24 12:00:00+00:00,44.34155,11.074023
2025-11-24 13:00:00+00:00,47.20262,13.246826
2025-11-24 14:00:00+00:00,52.969524,12.85205
2025-11-24 15:00:00+00:00,61.189304,12.325728
2025-11-24 16:00:00+00:00,65.344124,12.081473
2025-11-24 17:00:00+00:00,69.64669,11.903159
2025-11-24 18:00:00+00:00,70.09616,11.103243
2025-11-24 19:00:00+00:00,92.33726,8.827344
2025-11-24 20:00:00+00:00,114.34108,8.297589
2025-11-24 21:00:00+00:00,99.65983,8.581677
2025-11-24 22:00:00+00:00,107.35411,9.05205
2025-11-24 23:00:00+00:00,112.89059,8.792405
2025-11-25 00:00:00+00:00,102.17145,9.391102
2025-11-25 01:00:00+00:00,101.09368,9.354806
2025-11-25 02:00:00+00:00,109.50254,9.165871
2025-11-25 03:00:00+00:00,111.57137,8.322932
2025-11-25 04:00:00+00:00,107.74477,4.724786
2025-11-25 05:00:00+00:00,90.0,3.7799997
2025-11-25 06:00:00+00:00,81.86999,5.0911684
2025-11-25 07:00:00+00:00,61.55718,4.913044
2025-11-25 08:00:00+00:00,39.173653,6.269067
2025-11-25 09:00:00+00:00,33.6901,7.7879906
2025-11-25 10:00:00+00:00,37.116943,8.3520775
2025-11-25 11:00:00+00:00,39.47243,7.928177
2025-11-25 12:00:00+00:00,51.34017,6.9153743
2025-11-25 13:00:00+00:00,69.44388,9.227524
2025-11-25 14:00:00+00:00,71.87805,10.4166975
2025-11-25 15:00:00+00:00,69.10216,10.597094
2025-11-25 16:00:00+00:00,70.94221,10.474082
2025-11-25 17:00:00+00:00,82.875084,10.158444
2025-11-25 18:00:00+00:00,86.98728,10.2742
2025-11-25 19:00:00+00:00,87.95464,10.086427
2025-11-25 20:00:00+00:00,92.12105,9.726665
2025-11-25 21:00:00+00:00,93.301796,9.375563
2025-11-25 22:00:00+00:00,97.38595,9.801326
2025-11-25 23:00:00+00:00,111.19412,9.459852
2025-11-26 00:00:00+00:00,118.68605,10.874742
2025-11-26 01:00:00+00:00,129.42778,10.486448
2025-11-26 02:00:00+00:00,129.93633,10.094454
2025-11-26 03:00:00+00:00,124.902565,9.437563
2025-11-26 04:00:00+00:00,110.55613,6.151683
2025-11-26 05:00:00+00:00,101.63361,6.2483597
2025-11-26 06:00:00+00:00,93.99084,7.7588143
2025-11-26 07:00:00+00:00,88.69808,7.922045
2025-11-26 08:00:00+00:00,77.19574,8.12197
2025-11-26 09:00:00+00:00,71.564964,8.538149
2025-11-26 10:00:00+00:00,68.19853,9.693296
2025-11-26 11:00:00+00:00,61.144444,10.070353
2025-11-26 12:00:00+00:00,48.621593,10.075177
2025-11-26 13:00:00+00:00,47.337337,12.483748
2025-11-26 14:00:00+00:00,58.240574,13.337016
2025-11-26 15:00:00+00:00,68.19853,13.570615
2025-11-26 16:00:00+00:00,68.343956,13.169556
2025-11-26 17:00:00+00:00,79.624214,12.992458
2025-11-26 18:00:00+00:00,82.9717,13.239487
2025-11-26 19:00:00+00:00,82.67369,12.703715
2025-11-26 20:00:00+00:00,79.47927,12.815443
2025-11-26 21:00:00+00:00,79.17704,12.461669
2025-11-26 22:00:00+00:00,77.660934,11.792404
2025-11-26 23:00:00+00:00,77.4712,11.616627
2025-11-27 00:00:00+00:00,77.27565,11.440978
2025-11-27 01:00:00+00:00,79.6112,10.98
2025-11-27 02:00:00+00:00,80.21766,10.594036
2025-11-27 03:00:00+00:00,78.486206,9.919618
2025-11-27 04:00:00+00:00,77.90526,7.731622
2025-11-27 05:00:00+00:00,71.11382,7.229191
2025-11-27 06:00:00+00:00,62.783974,7.0843205
2025-11-27 07:00:00+00:00,59.93151,7.9036193
2025-11-27 08:00:00+00:00,52.650585,8.604301
2025-11-27 09:00:00+00:00,48.715385,9.82114
2025-11-27 10:00:00+00:00,41.00899,10.97262
2025-11-27 11:00:00+00:00,30.547491,12.74954
2025-11-27 12:00:00+00:00,28.842567,14.178927
2025-11-27 13:00:00+00:00,31.607454,13.737904
2025-11-27 14:00:00+00:00,40.10085,13.413321
2025-11-27 15:00:00+00:00,42.16582,12.870944
2025-11-27 16:00:00+00:00,59.48984,11.7
2025-11-27 17:00:00+00:00,57.99466,11.886816
2025-11-27 18:00:00+00:00,54.865723,11.885453
2025-11-27 19:00:00+00:00,55.539124,11.13384
2025-11-27 20:00:00+00:00,58.52322,10.34178
2025-11-27 21:00:00+00:00,63.904633,9.82114
2025-11-27 22:00:00+00:00,60.64234,9.913082
2025-11-27 23:00:00+00:00,62.04913,9.984729
2025-11-28 00:00:00+00:00,59.656826,8.55142
2025-11-28 01:00:00+00:00,46.684647,8.65873
2025-11-28 02:00:00+00:00,59.470375,8.149847
2025-11-28 03:00:00+00:00,68.74943,6.9527545
2025-11-28 04:00:00+00:00,85.101,6.3231
2025-11-28 05:00:00+00:00,66.2505,4.91634
2025-11-28 06:00:00+00:00,49.635548,4.724786
2025-11-28 07:00:00+00:00,48.65233,5.994297
2025-11-28 08:00:00+00:00,58.495792,6.544677
2025-11-28 09:00:00+00:00,54.293217,7.0934615
2025-11-28 10:00:00+00:00,42.184383,7.7734165
2025-11-28 11:00:00+00:00,30.963696,8.39657
2025-11-28 12:00:00+00:00,30.963696,9.446141
2025-11-28 13:00:00+00:00,32.005356,10.1887
2025-11-28 14:00:00+00:00,27.718414,11.996699
2025-11-28 15:00:00+00:00,38.367523,11.019764
2025-11-28 16:00:00+00:00,39.289394,10.233123
2025-11-28 17:00:00+00:00,40.71076,10.210936
2025-11-28 18:00:00+00:00,53.13002,9.9
2025-11-28 19:00:00+00:00,52.907085,9.252069
2025-11-28 20:00:00+00:00,55.0079,8.78872
2025-11-28 21:00:00+00:00,54.727493,9.039514
2025-11-28 22:00:00+00:00,55.375774,9.187056
2025-11-28 23:00:00+00:00,57.875034,9.139322
2025-11-29 00:00:00+00:00,55.0079,8.78872
2025-11-29 01:00:00+00:00,53.880566,8.244708
2025-11-29 02:00:00+00:00,58.392544,8.242743
2025-11-29 03:00:00+00:00,59.743652,7.5019197
2025-11-29 04:00:00+00:00,68.96242,5.0142193
2025-11-29 05:00:00+00:00,59.03632,5.2478566
2025-11-29 06:00:00+00:00,46.2188,5.983477
2025-11-29 07:00:00+00:00,36.253937,6.696387
2025-11-29 08:00:00+00:00,25.90646,7.0038276
2025-11-29 09:00:00+00:00,23.629398,6.28713
2025-11-29 10:00:00+00:00,17.354122,6.0347
2025-11-29 11:00:00+00:00,9.727519,6.391901
2025-11-29 12:00:00+00:00,12.99463,7.2044983
2025-11-29 13:00:00+00:00,28.30066,7.973005
2025-11-29 14:00:00+00:00,34.286938,9.585739
2025-11-29 15:00:00+00:00,33.366394,8.836514
2025-11-29 16:00:00+00:00,19.983198,8.427383
2025-11-29 17:00:00+00:00,29.744795,8.707237
2025-11-29 18:00:00+00:00,48.57643,8.161764
2025-11-29 19:00:00+00:00,54.46224,7.7420926
2025-11-29 20:00:00+00:00,63.435013,7.24486
2025-11-29 21:00:00+00:00,71.075264,6.66
2025-11-29 22:00:00+00:00,75.96373,7.42159
2025-11-29 23:00:00+00:00,90.0,8.28
2025-11-30 00:00:00+00:00,97.12492,7.256032
2025-11-30 01:00:00+00:00,91.54813,6.6624317
2025-11-30 02:00:00+00:00,94.76356,6.5024605
2025-11-30 03:00:00+00:00,98.97255,6.924738
2025-11-30 04:00:00+00:00,81.02746,3.462369
2025-11-30 05:00:00+00:00,55.304783,2.8460495
2025-11-30 06:00:00+00:00,42.510403,2.9301877
2025-11-30 07:00:00+00:00,10.304792,2.0124612
2025-11-30 08:00:00+00:00,313.0251,3.693291
2025-11-30 09:00:00+00:00,302.3474,6.391901
2025-11-30 10:00:00+00:00,307.99878,7.3094187
2025-11-30 11:00:00+00:00,320.38934,6.7757506
2025-11-30 12:00:00+00:00,342.64587,6.0347
2025-11-30 13:00:00+00:00,350.21765,5.297018
2025-11-30 14:00:00+00:00,347.4712,4.9785542
2025-11-30 15:00:00+00:00,352.50424,6.898956
2025-11-30 16:00:00+00:00,15.461285,8.777653
2025-11-30 17:00:00+00:00,38.853382,8.320986
2025-11-30 18:00:00+00:00,53.61555,8.4963045
2025-11-30 19:00:00+00:00,79.21575,7.69592
2025-11-30 20:00:00+00:00,92.60251,7.928178
2025-11-30 21:00:00+00:00,101.560104,8.083983
2025-11-30 22:00:00+00:00,110.72565,7.120815
2025-11-30 23:00:00+00:00,110.924576,6.5520988
2025-12-01 00:00:00+00:00,108.886185,7.229191
2025-12-01 01:00:00+00:00,123.310646,7.538541
2025-12-01 02:00:00+00:00,123.6901,7.7879906
2025-12-01 03:00:00+00:00,132.95459,7.1321807
2025-12-01 04:00:00+00:00,106.26028,4.5
2025-12-01 05:00:00+00:00,94.08554,2.5264204
2025-12-01 06:00:00+00:00,99.46225,3.2846913
2025-12-01 07:00:00+00:00,83.99109,3.438895
2025-12-01 08:00:00+00:00,36.027473,2.4482648
2025-12-01 09:00:00+00:00,360.0,4.32
2025-12-01 10:00:00+00:00,352.69434,7.0774574
2025-12-01 11:00:00+00:00,346.75946,9.430694
2025-12-01 12:00:00+00:00,343.03375,11.103243
2025-12-01 13:00:00+00:00,354.09393,10.495713
2025-12-01 14:00:00+00:00,7.9433913,7.814986
2025-12-01 15:00:00+00:00,11.888645,6.9899354
2025-12-01 16:00:00+00:00,23.198618,5.4833565
2025-12-01 17:00:00+00:00,58.392544,5.495161
2025-12-01 18:00:00+00:00,79.04598,5.6835546
2025-12-01 19:00:00+00:00,75.96373,4.452954
2025-12-01 20:00:00+00:00,62.525658,5.072041
2025-12-01 21:00:00+00:00,67.83361,5.2478566
2025-12-01 22:00:00+00:00,73.61038,6.379216
2025-12-01 23:00:00+00:00,85.23644,6.5024605
2025-12-02 00:00:00+00:00,103.671326,6.8541956
2025-12-02 01:00:00+00:00,120.963684,7.3469996
2025-12-02 02:00:00+00:00,127.40543,7.7043357
2025-12-02 03:00:00+00:00,126.384445,8.4963045
2025-12-02 04:00:00+00:00,123.690094,5.8409934
2025-12-02 05:00:00+00:00,111.801476,3.8773184
2025-12-02 06:00:00+00:00,94.39862,4.6938252
2025-12-02 07:00:00+00:00,56.3099,3.8939953
2025-12-02 08:00:00+00:00,34.3804,4.143911
2025-12-02 09:00:00+00:00,22.61991,4.6800003
2025-12-02 10:00:00+00:00,17.102825,4.896529
2025-12-02 11:00:00+00:00,9.782338,5.297018
2025-12-02 12:00:00+00:00,19.798973,4.7827187
2025-12-02 13:00:00+00:00,42.357407,8.281956
2025-12-02 14:00:00+00:00,52.73353,10.404249
2025-12-02 15:00:00+00:00,54.688713,10.587918
2025-12-02 16:00:00+00:00,65.157646,10.711135
2025-12-02 17:00:00+00:00,70.40763,11.272657
2025-12-02 18:00:00+00:00,80.83774,11.304229
2025-12-02 19:00:00+00:00,80.04944,10.4166975
2025-12-02 20:00:00+00:00,81.86999,10.182337
2025-12-02 21:00:00+00:00,78.31066,10.661107
2025-12-02 22:00:00+00:00,84.89793,10.120098
2025-12-02 23:00:00+00:00,107.35411,9.05205
2025-12-03 00:00:00+00:00,104.03627,8.905908
2025-12-03 01:00:00+00:00,111.3707,8.891344
2025-12-03 02:00:00+00:00,115.01686,8.93859
2025-12-03 03:00:00+00:00,129.3693,9.080639
2025-12-03 04:00:00+00:00,120.65059,5.6492476
2025-12-03 05:00:00+00:00,112.24908,4.278551
2025-12-03 06:00:00+00:00,96.340096,4.8899083
2025-12-03 07:00:00+00:00,76.50425,4.6277857
2025-12-03 08:00:00+00:00,43.451904,4.7110505
2025-12-03 09:00:00+00:00,33.6901,5.1919937
2025-12-03 10:00:00+00:00,32.005356,5.09435
2025-12-03 11:00:00+00:00,26.564985,5.634891
2025-12-03 12:00:00+00:00,24.567156,6.9270773
2025-12-03 13:00:00+00:00,37.875053,10.261579
2025-12-03 14:00:00+00:00,47.174767,10.062305
2025-12-03 15:00:00+00:00,50.063675,10.094454
2025-12-03 16:00:00+00:00,62.447273,9.339208
2025-12-03 17:00:00+00:00,80.34018,8.581677
2025-12-03 18:00:00+00:00,88.75467,8.281956
2025-12-03 19:00:00+00:00,85.60138,7.040739
2025-12-03 20:00:00+00:00,79.99209,6.2145634
2025-12-03 21:00:00+00:00,68.68202,7.9220443
2025-12-03 22:00:00+00:00,66.80139,8.225035
2025-12-03 23:00:00+00:00,98.97255,6.924738
2025-12-04 00:00:00+00:00,125.94221,8.893166
2025-12-04 01:00:00+00:00,130.23628,9.1958685
2025-12-04 02:00:00+00:00,137.64261,8.281956
2025-12-04 03:00:00+00:00,150.42226,7.6579366
2025-12-04 04:00:00+00:00,146.82147,5.5916004
2025-12-04 05:00:00+00:00,150.9455,3.7064266
2025-12-04 06:00:00+00:00,140.19447,4.2175345
2025-12-04 07:00:00+00:00,126.027466,2.4482648
2025-12-04 08:00:00+00:00,105.945465,1.3104197
2025-12-04 09:00:00+00:00,333.43503,1.2074767
2025-12-04 10:00:00+00:00,323.13004,2.6999998
2025-12-04 11:00:00+00:00,329.03632,5.2478566
2025-12-04 12:00:00+00:00,349.82455,7.1321807
2025-12-04 13:00:00+00:00,1.3019345,7.922045
2025-12-04 14:00:00+00:00,12.094739,5.1544156
2025-12-04 15:00:00+00:00,24.623547,4.7521367
2025-12-04 16:00:00+00:00,75.25639,3.536439
2025-12-04 17:00:00+00:00,101.88863,3.4949677
2025-12-04 18:00:00+00:00,107.650215,4.1556225
2025-12-04 19:00:00+00:00,131.63345,4.3349743
2025-12-04 20:00:00+00:00,143.84172,5.796447
2025-12-04 21:00:00+00:00,133.83095,6.2379804
2025-12-04 22:00:00+00:00,124.77791,7.889258
2025-12-04 23:00:00+00:00,125.39488,8.39078
2025-12-05 00:00:00+00:00,127.09292,9.252069
2025-12-05 01:00:00+00:00,135.78474,9.292254
2025-12-05 02:00:00+00:00,144.21094,9.5416975
2025-12-05 03:00:00+00:00,145.0079,8.78872
2025-12-05 04:00:00+00:00,145.88548,6.7397914
2025-12-05 05:00:00+00:00,138.81418,3.8268526
2025-12-05 06:00:00+00:00,128.65984,4.6102495
2025-12-05 07:00:00+00:00,122.90524,3.6447225
2025-12-05 08:00:00+00:00,38.65983,1.1525624
2025-12-05 09:00:00+00:00,10.304792,4.0249224
2025-12-05 10:00:00+00:00,12.7243595,5.720489
2025-12-05 11:00:00+00:00,16.389616,6.379216
2025-12-05 12:00:00+00:00,29.054508,3.7064266
2025-12-05 13:00:00+00:00,52.431335,5.904439
2025-12-05 14:00:00+00:00,68.19853,9.693296
2025-12-05 15:00:00+00:00,72.64589,9.05205
2025-12-05 16:00:00+00:00,82.03049,9.087772
2025-12-05 17:00:00+00:00,90.0,9.179999
2025-12-05 18:00:00+00:00,94.23632,9.746631
2025-12-05 19:00:00+00:00,95.59925,9.224011
2025-12-05 20:00:00+00:00,103.44863,8.513448
2025-12-05 21:00:00+00:00,107.10281,7.3447943
2025-12-05 22:00:00+00:00,101.59215,7.1661706
2025-12-05 23:00:00+00:00,95.85592,7.0568266
2025-12-06 00:00:00+00:00,86.09958,7.9383874
2025-12-06 01:00:00+00:00,100.17545,7.1321807
2025-12-06 02:00:00+00:00,117.216034,7.0843205
2025-12-06 03:00:00+00:00,126.86999,7.2
2025-12-06 04:00:00+00:00,120.96369,4.198285
2025-12-06 05:00:00+00:00,114.775116,2.5772076
2025-12-06 06:00:00+00:00,131.18582,1.9134263
2025-12-06 07:00:00+00:00,36.86999,0.9
2025-12-06 08:00:00+00:00,343.3007,1.8792552
2025-12-06 09:00:00+00:00,3.179772,3.244996
2025-12-06 10:00:00+00:00,4.763556,4.3349743
2025-12-06 11:00:00+00:00,358.09088,5.4029994
2025-12-06 12:00:00+00:00,3.0127327,3.4247334
2025-12-06 13:00:00+00:00,14.743609,3.536439
2025-12-06 14:00:00+00:00,360.0,1.4399999
2025-12-06 15:00:00+00:00,355.60138,2.3469126
2025-12-06 16:00:00+00:00,21.801476,0.9693296
2025-12-06 17:00:00+00:00,123.690094,0.6489992
2025-12-06 18:00:00+00:00,180.0,0.17999999
2025-12-06 19:00:00+00:00,350.53775,1.0948973
2025-12-06 20:00:00+00:00,135.0001,0.5091169
2025-12-06 21:00:00+00:00,146.3099,2.5959969
2025-12-06 22:00:00+00:00,156.50142,4.514377
2025-12-06 23:00:00+00:00,158.19853,5.815978
2025-12-07 00:00:00+00:00,152.70052,6.279395
2025-12-07 01:00:00+00:00,152.176,7.327127
2025-12-07 02:00:00+00:00,149.74365,7.5019197
2025-12-07 03:00:00+00:00,152.24155,7.729527
2025-12-07 04:00:00+00:00,149.42085,4.599695
2025-12-07 05:00:00+00:00,150.64235,3.3043609
2025-12-07 06:00:00+00:00,146.97614,4.293669
2025-12-07 07:00:00+00:00,161.56496,2.8460498
2025-12-07 08:00:00+00:00,239.0363,1.0495713
2025-12-07 09:00:00+00:00,315.0001,1.781909
2025-12-07 10:00:00+00:00,332.1028,3.4623692
2025-12-07 11:00:00+00:00,332.52567,5.072041
2025-12-07 12:00:00+00:00,349.46088,7.8728137
2025-12-07 13:00:00+00:00,354.4279,7.415038
2025-12-07 14:00:00+00:00,3.8140097,5.4119864
2025-12-07 15:00:00+00:00,21.370695,4.445672
2025-12-07 16:00:00+00:00,70.70986,3.8141315
2025-12-07 17:00:00+00:00,92.4895,4.143911
2025-12-07 18:00:00+00:00,104.743614,3.536439
2025-12-07 19:00:00+00:00,124.69522,2.8460495
2025-12-07 20:00:00+00:00,132.5104,2.9301877
2025-12-07 21:00:00+00:00,116.56499,3.219938
2025-12-07 22:00:00+00:00,115.46331,4.186693
2025-12-07 23:00:00+00:00,126.528946,6.048107
2025-12-08 00:00:00+00:00,142.85323,7.4520864
2025-12-08 01:00:00+00:00,156.0375,7.0911775
2025-12-08 02:00:00+00:00,150.64235,3.3043609
2025-12-08 03:00:00+00:00,142.3057,5.004518
2025-12-08 04:00:00+00:00,133.26433,4.2021427
2025-12-08 05:00:00+00:00,135.0001,2.2910259
2025-12-08 06:00:00+00:00,127.875046,2.0523157
2025-12-08 07:00:00+00:00,113.19862,1.3708391
2025-12-08 08:00:00+00:00,360.0,1.8
2025-12-08 09:00:00+00:00,356.98727,3.4247334
2025-12-08 10:00:00+00:00,360.0,4.32
2025-12-08 11:00:00+00:00,356.98727,3.4247334
2025-12-08 12:00:00+00:00,342.47433,3.5864744
2025-12-08 13:00:00+00:00,349.21573,3.84796
2025-12-08 14:00:00+00:00,15.255177,4.1046314
2025-12-08 15:00:00+00:00,57.724377,4.0449967
2025-12-08 16:00:00+00:00,59.53454,3.550155
2025-12-08 17:00:00+00:00,60.255207,1.4512063
2025-12-08 18:00:00+00:00,153.43501,1.609969
2025-12-08 19:00:00+00:00,162.64589,3.01735
2025-12-08 20:00:00+00:00,159.67677,5.1826253
2025-12-08 21:00:00+00:00,149.42085,4.599695
2025-12-08 22:00:00+00:00,146.82147,5.5916004
2025-12-08 23:00:00+00:00,158.5522,5.414979
2025-12-09 00:00:00+00:00,159.44388,6.151683
2025-12-09 01:00:00+00:00,160.55988,6.489992
2025-12-09 02:00:00+00:00,163.68607,7.689603
2025-12-09 03:00:00+00:00,166.55138,8.513448
2025-12-09 04:00:00+00:00,165.06853,5.5887027
2025-12-09 05:00:00+00:00,168.23174,4.412754
2025-12-09 06:00:00+00:00,186.00891,3.438895
2025-12-09 07:00:00+00:00,212.73521,2.995797
2025-12-09 08:00:00+00:00,264.2895,3.6179552
2025-12-09 09:00:00+00:00,292.6199,4.6800003
2025-12-09 10:00:00+00:00,307.6943,5.004518
2025-12-09 11:00:00+00:00,331.69934,5.315336
2025-12-09 12:00:00+00:00,344.7448,4.1046314
2025-12-09 13:00:00+00:00,8.530692,3.6402748
2025-12-09 14:00:00+00:00,35.537766,1.5484185
2025-12-09 15:00:00+00:00,135.0001,0.25455844
2025-12-09 16:00:00+00:00,202.38017,3.3092597
2025-12-09 17:00:00+00:00,198.00426,7.570707
2025-12-09 18:00:00+00:00,188.88058,5.8298883
2025-12-09 19:00:00+00:00,188.42688,4.913044
2025-12-09 20:00:00+00:00,198.43504,3.4152596
2025-12-09 21:00:00+00:00,206.56499,2.4149535
2025-12-09 22:00:00+00:00,188.13002,2.5455842
2025-12-09 23:00:00+00:00,174.2895,1.8089776
2025-12-10 00:00:00+00:00,175.91446,5.0528407
2025-12-10 01:00:00+00:00,175.71092,7.2202215
2025-12-10 02:00:00+00:00,178.66782,7.7420926
2025-12-10 03:00:00+00:00,177.6141,8.647496
2025-12-10 04:00:00+00:00,186.3401,6.519877
2025-12-10 05:00:00+00:00,191.76826,4.412754
2025-12-10 06:00:00+00:00,220.10085,4.471107
2025-12-10 07:00:00+00:00,250.46326,5.920878
2025-12-10 08:00:00+00:00,268.56793,7.2022495
2025-12-10 09:00:00+00:00,275.31445,7.7734165
2025-12-10 10:00:00+00:00,282.38074,7.555712
2025-12-10 11:00:00+00:00,279.16226,5.6521144
2025-12-10 12:00:00+00:00,265.91446,2.5264204
2025-12-10 13:00:00+00:00,288.43503,1.1384199
2025-12-10 14:00:00+00:00,333.43503,1.2074767
2025-12-10 15:00:00+00:00,185.19434,1.9881649
2025-12-10 16:00:00+00:00,182.72626,7.5685663
2025-12-10 17:00:00+00:00,177.33705,7.748368
2025-12-10 18:00:00+00:00,178.63611,7.562142
2025-12-10 19:00:00+00:00,185.5721,7.415038
2025-12-10 20:00:00+00:00,185.19434,7.9526596
2025-12-10 21:00:00+00:00,182.4366,8.467655
2025-12-10 22:00:00+00:00,182.66295,7.748368
2025-12-10 23:00:00+00:00,185.5721,7.415038
2025-12-11 00:00:00+00:00,189.86574,8.4042845
2025-12-11 01:00:00+00:00,191.82146,7.9077177
2025-12-11 02:00:00+00:00,188.97255,6.924738
2025-12-11 03:00:00+00:00,185.7105,7.2359104
2025-12-11 04:00:00+00:00,191.30989,4.5891175
2025-12-11 05:00:00+00:00,206.56499,2.8174455
2025-12-11 06:00:00+00:00,247.61981,3.3092597
2025-12-11 07:00:00+00:00,267.27374,3.7842832
2025-12-11 08:00:00+00:00,279.16226,5.6521144
2025-12-11 09:00:00+00:00,287.44727,6.603817
2025-12-11 10:00:00+00:00,295.27768,7.16617
2025-12-11 11:00:00+00:00,299.5387,6.2067385
2025-12-11 12:00:00+00:00,315.0001,4.072935
2025-12-11 13:00:00+00:00,313.4519,4.7110505
2025-12-11 14:00:00+00:00,304.82455,5.0432134
2025-12-11 15:00:00+00:00,270.0,3.2399998
2025-12-11 16:00:00+00:00,210.25635,2.50064
2025-12-11 17:00:00+00:00,190.3048,2.0124612
2025-12-11 18:00:00+00:00,201.03758,2.5071096
2025-12-11 19:00:00+00:00,210.96368,2.0991426
2025-12-11 20:00:00+00:00,203.19862,1.3708391
2025-12-11 21:00:00+00:00,180.0,0.17999999
2025-12-11 22:00:00+00:00,165.96373,0.742159
2025-12-11 23:00:00+00:00,168.69011,1.835647
2025-12-12 00:00:00+00:00,170.83772,5.6521144
2025-12-12 01:00:00+00:00,172.09293,6.542201
2025-12-12 02:00:00+00:00,169.28693,6.778141
2025-12-12 03:00:00+00:00,165.96373,8.163749
2025-12-12 04:00:00+00:00,167.66092,5.896202
2025-12-12 05:00:00+00:00,164.05453,3.9312592
2025-12-12 06:00:00+00:00,188.97255,3.462369
2025-12-12 07:00:00+00:00,209.0545,3.7064266
2025-12-12 08:00:00+00:00,242.24155,3.8647635
2025-12-12 09:00:00+00:00,266.98727,3.4247334
2025-12-12 10:00:00+00:00,275.7105,1.8089776
2025-12-12 11:00:00+00:00,353.6599,1.6299692
2025-12-12 12:00:00+00:00,69.44387,1.5379207
2025-12-12 13:00:00+00:00,107.52566,3.5864744
2025-12-12 14:00:00+00:00,135.0001,4.8366103
2025-12-12 15:00:00+00:00,148.39255,8.242743
2025-12-12 16:00:00+00:00,156.94867,9.194106
2025-12-12 17:00:00+00:00,154.09355,7.0038276
2025-12-12 18:00:00+00:00,159.19313,9.627896
2025-12-12 19:00:00+00:00,183.50346,8.836514
2025-12-12 20:00:00+00:00,178.69807,7.922045
2025-12-12 21:00:00+00:00,188.13002,7.6367526
2025-12-12 22:00:00+00:00,187.90707,6.542201
2025-12-12 23:00:00+00:00,173.8846,5.0688457
2025-12-13 00:00:00+00:00,174.95764,6.1437774
2025-12-13 01:00:00+00:00,177.20735,7.388775
2025-12-13 02:00:00+00:00,180.0,7.92
2025-12-13 03:00:00+00:00,182.4895,8.287822
2025-12-13 04:00:00+00:00,181.97488,5.223103
2025-12-13 05:00:00+00:00,166.75948,3.143565
2025-12-13 06:00:00+00:00,182.86235,3.604497
2025-12-13 07:00:00+00:00,210.96368,3.148714
2025-12-13 08:00:00+00:00,214.69522,2.8460495
2025-12-13 09:00:00+00:00,210.96368,2.0991426
2025-12-13 10:00:00+00:00,187.12492,1.4512063
2025-12-13 11:00:00+00:00,56.309914,0.6489992
2025-12-13 12:00:00+00:00,75.96373,0.742159
2025-12-13 13:00:00+00:00,60.255207,1.4512063
2025-12-13 14:00:00+00:00,90.0,2.34
2025-12-13 15:00:00+00:00,131.98714,4.8433046
2025-12-13 16:00:00+00:00,143.42688,6.9480934
2025-12-13 17:00:00+00:00,147.38077,5.3426957
2025-12-13 18:00:00+00:00,154.23073,5.7964473
2025-12-13 19:00:00+00:00,173.36758,7.79215
2025-12-13 20:00:00+00:00,177.5634,8.467655
2025-12-13 21:00:00+00:00,169.15974,8.613709
2025-12-13 22:00:00+00:00,152.92801,9.096681
2025-12-13 23:00:00+00:00,148.81508,7.995323
2025-12-14 00:00:00+00:00,155.4623,9.102021
2025-12-14 01:00:00+00:00,159.59003,8.2584505
2025-12-14 02:00:00+00:00,163.17851,8.085988
2025-12-14 03:00:00+00:00,163.30067,7.5170207
2025-12-14 04:00:00+00:00,155.85446,5.7204895
2025-12-14 05:00:00+00:00,152.10283,3.4623692
2025-12-14 06:00:00+00:00,175.23645,2.1674871
2025-12-14 07:00:00+00:00,228.81418,1.9134263
2025-12-14 08:00:00+00:00,255.96373,1.484318
2025-12-14 09:00:00+00:00,288.43503,0.56920993
2025-12-14 10:00:00+00:00,319.39877,1.659518
2025-12-14 11:00:00+00:00,331.69934,5.315336
2025-12-14 12:00:00+00:00,342.03076,7.0015144
2025-12-14 13:00:00+00:00,351.38443,6.0077944
2025-12-14 14:00:00+00:00,360.0,4.14
2025-12-14 15:00:00+00:00,36.86998,2.6999998
2025-12-14 16:00:00+00:00,96.00892,3.438895
2025-12-14 17:00:00+00:00,147.26479,2.995797
2025-12-14 18:00:00+00:00,161.56496,2.8460498
2025-12-14 19:00:00+00:00,135.0001,1.0182338
2025-12-14 20:00:00+00:00,153.43501,0.40249225
2025-12-14 21:00:00+00:00,180.0,0.35999998
2025-12-14 22:00:00+00:00,153.43501,0.40249225
2025-12-14 23:00:00+00:00,153.43501,0.40249225
2025-12-15 00:00:00+00:00,201.80147,0.9693296
2025-12-15 01:00:00+00:00,210.96368,1.0495713
2025-12-15 02:00:00+00:00,206.56499,1.2074767
2025-12-15 03:00:00+00:00,198.43504,1.1384199
2025-12-15 04:00:00+00:00,175.91446,2.5264204
2025-12-15 05:00:00+00:00,180.0,1.98
2025-12-15 06:00:00+00:00,270.0,0.71999997
2025-12-15 07:00:00+00:00,324.46225,1.5484185
2025-12-15 08:00:00+00:00,331.38962,2.2553935
2025-12-15 09:00:00+00:00,330.25522,2.9024127
2025-12-15 10:00:00+00:00,333.43503,4.0249224
2025-12-15 11:00:00+00:00,338.19852,3.8773184
2025-12-15 12:00:00+00:00,331.11353,5.9617786
2025-12-15 13:00:00+00:00,327.17145,6.6405115
2025-12-15 14:00:00+00:00,326.88864,4.942631
2025-12-15 15:00:00+00:00,323.67307,7.596341
2025-12-15 16:00:00+00:00,326.6336,8.836514
2025-12-15 17:00:00+00:00,352.09293,6.542201
2025-12-15 18:00:00+00:00,16.927603,4.327493
2025-12-15 19:00:00+00:00,48.57643,4.080882
2025-12-15 20:00:00+00:00,52.695976,4.752136
2025-12-15 21:00:00+00:00,43.83095,6.2379804
2025-12-15 22:00:00+00:00,50.52757,7.928177
2025-12-15 23:00:00+00:00,57.030594,7.9383874
2025-12-16 00:00:00+00:00,65.55606,6.5248446
2025-12-16 01:00:00+00:00,87.13766,7.208994
2025-12-16 02:00:00+00:00,100.17545,7.1321807
2025-12-16 03:00:00+00:00,124.07724,7.388775
2025-12-16 04:00:00+00:00,123.02387,4.293669
2025-12-16 05:00:00+00:00,80.53775,2.1897945
2025-12-16 06:00:00+00:00,47.489597,2.9301877
2025-12-16 07:00:00+00:00,27.897186,3.4623692
2025-12-16 08:00:00+00:00,356.6336,3.0652895
2025-12-16 09:00:00+00:00,341.56494,3.9844694
2025-12-16 10:00:00+00:00,341.56494,4.5536795
2025-12-16 11:00:00+00:00,350.53775,5.4744864
2025-12-16 12:00:00+00:00,337.75092,4.278551
2025-12-16 13:00:00+00:00,336.5014,4.514377
2025-12-16 14:00:00+00:00,345.25638,3.536439
2025-12-16 15:00:00+00:00,23.629398,3.143565
2025-12-16 16:00:00+00:00,50.194473,2.8116899
2025-12-16 17:00:00+00:00,90.0,2.6999998
2025-12-16 18:00:00+00:00,120.963684,3.148714
2025-12-16 19:00:00+00:00,135.0001,2.8001428
2025-12-16 20:00:00+00:00,153.43501,2.4149535
2025-12-16 21:00:00+00:00,165.96373,2.226477
2025-12-16 22:00:00+00:00,170.53775,2.1897945
2025-12-16 23:00:00+00:00,174.80566,3.9763298
2025-12-17 00:00:00+00:00,172.40544,2.7238941
2025-12-17 01:00:00+00:00,156.0375,1.7727944
2025-12-17 02:00:00+00:00,146.3099,3.8939953
2025-12-17 03:00:00+00:00,149.34941,5.6492476
2025-12-17 04:00:00+00:00,151.38963,4.510787
2025-12-17 05:00:00+00:00,151.38963,2.2553935
2025-12-17 06:00:00+00:00,90.0,1.08
2025-12-17 07:00:00+00:00,18.435053,0.56920993
2025-12-17 08:00:00+00:00,355.23645,2.1674871
2025-12-17 09:00:00+00:00,356.6336,3.0652895
2025-12-17 10:00:00+00:00,356.98727,3.4247334
2025-12-17 11:00:00+00:00,354.80566,3.9763298
2025-12-17 12:00:00+00:00,353.9911,3.438895
2025-12-17 13:00:00+00:00,25.016869,2.97953
2025-12-17 14:00:00+00:00,57.99466,1.6981165
2025-12-17 15:00:00+00:00,56.309914,1.2979984
2025-12-17 16:00:00+00:00,108.43504,1.7076298
2025-12-17 17:00:00+00:00,132.27362,5.3517847
2025-12-17 18:00:00+00:00,154.17906,6.198903
2025-12-17 19:00:00+00:00,161.99574,7.570707
2025-12-17 20:00:00+00:00,160.34608,8.027677
2025-12-17 21:00:00+00:00,155.65892,8.297589
2025-12-17 22:00:00+00:00,148.81508,7.995323
2025-12-17 23:00:00+00:00,141.14662,8.320986
2025-12-18 00:00:00+00:00,140.7106,7.674842
2025-12-18 01:00:00+00:00,147.61934,8.738811
2025-12-18 02:00:00+00:00,155.55606,8.699793
2025-12-18 03:00:00+00:00,160.0168,8.427383
2025-12-18 04:00:00+00:00,163.30067,5.637765
2025-12-18 05:00:00+00:00,155.77226,3.9477081
2025-12-18 06:00:00+00:00,164.05453,2.6208394
2025-12-18 07:00:00+00:00,183.57626,2.8856194
2025-12-18 08:00:00+00:00,237.99466,1.6981165
2025-12-18 09:00:00+00:00,308.65982,2.3051248
2025-12-18 10:00:00+00:00,348.6901,2.7534704
2025-12-18 11:00:00+00:00,2.385899,4.323748
2025-12-18 12:00:00+00:00,19.653913,5.3517847
2025-12-18 13:00:00+00:00,29.981556,5.402999
2025-12-18 14:00:00+00:00,58.671368,4.846648
2025-12-18 15:00:00+00:00,88.60285,7.3821945
2025-12-18 16:00:00+00:00,108.8248,8.36758
2025-12-18 17:00:00+00:00,119.93143,6.854195
2025-12-18 18:00:00+00:00,117.216034,7.0843205
2025-12-18 19:00:00+00:00,125.537766,4.6452556
2025-12-18 20:00:00+00:00,119.357666,3.3043609
2025-12-18 21:00:00+00:00,131.00899,5.48631
2025-12-18 22:00:00+00:00,142.52374,6.804381
2025-12-18 23:00:00+00:00,145.1246,7.2403865
2025-12-19 00:00:00+00:00,145.22209,7.889258
2025-12-19 01:00:00+00:00,153.43501,7.24486
2025-12-19 02:00:00+00:00,163.85559,7.1208143
2025-12-19 03:00:00+00:00,159.90468,7.8583965
2025-12-19 04:00:00+00:00,158.96242,5.0142193
2025-12-19 05:00:00+00:00,149.03632,2.0991426
2025-12-19 06:00:00+00:00,270.0,0.0
2025-12-19 07:00:00+00:00,349.69522,2.0124612
2025-12-19 08:00:00+00:00,353.9911,3.438895
2025-12-19 09:00:00+00:00,355.03033,4.1556225
2025-12-19 10:00:00+00:00,350.13425,4.2021422
2025-12-19 11:00:00+00:00,360.0,4.14
2025-12-19 12:00:00+00:00,2.4894993,4.143911
2025-12-19 13:00:00+00:00,12.26477,4.2366967
2025-12-19 14:00:00+00:00,15.945477,2.6208394
2025-12-19 15:00:00+00:00,48.366554,2.1674871
2025-12-19 16:00:00+00:00,98.13002,1.2727921
2025-12-19 17:00:00+00:00,150.2552,1.4512063
2025-12-19 18:00:00+00:00,162.47433,3.5864744
2025-12-19 19:00:00+00:00,170.83772,5.6521144
2025-12-19 20:00:00+00:00,170.83772,5.6521144
2025-12-19 21:00:00+00:00,166.86597,5.5450516
2025-12-19 22:00:00+00:00,160.9743,5.5216303
2025-12-19 23:00:00+00:00,166.42955,5.3699164
2025-12-20 00:00:00+00:00,173.6599,6.519877
2025-12-20 01:00:00+00:00,172.69434,7.0774574
2025-12-20 02:00:00+00:00,170.31128,7.486788
2025-12-20 03:00:00+00:00,167.79955,6.8138976
2025-12-20 04:00:00+00:00,158.19853,4.846648
2025-12-20 05:00:00+00:00,162.3498,4.1556225
2025-12-20 06:00:00+00:00,146.97614,4.293669
2025-12-20 07:00:00+00:00,158.19853,3.8773184
2025-12-20 08:00:00+00:00,180.0,1.6199999
2025-12-20 09:00:00+00:00,90.0,0.54
2025-12-20 10:00:00+00:00,54.46224,1.5484185
2025-12-20 11:00:00+00:00,60.64234,3.3043609
2025-12-20 12:00:00+00:00,44.999897,4.072935
2025-12-20 13:00:00+00:00,48.122223,7.0107627
2025-12-20 14:00:00+00:00,72.40749,7.7420926
2025-12-20 15:00:00+00:00,98.42689,9.826088
2025-12-20 16:00:00+00:00,113.07044,10.564942
2025-12-20 17:00:00+00:00,122.61923,10.685391
2025-12-20 18:00:00+00:00,132.82524,10.062305
2025-12-20 19:00:00+00:00,140.4774,9.3340025
2025-12-20 20:00:00+00:00,152.94948,9.499158
2025-12-20 21:00:00+00:00,159.10216,10.597094
2025-12-20 22:00:00+00:00,157.30617,10.730778
2025-12-20 23:00:00+00:00,158.19853,10.662626
2025-12-21 00:00:00+00:00,162.89719,9.793058
2025-12-21 01:00:00+00:00,164.19742,9.914717
2025-12-21 02:00:00+00:00,163.39294,10.706595
2025-12-21 03:00:00+00:00,165.2564,10.609316
2025-12-21 04:00:00+00:00,162.64589,9.05205
2025-12-21 05:00:00+00:00,165.96373,5.937272
2025-12-21 06:00:00+00:00,178.02512,5.223103
2025-12-21 07:00:00+00:00,201.16133,5.9834766
2025-12-21 08:00:00+00:00,216.25392,6.696387
2025-12-21 09:00:00+00:00,219.17365,6.269067
2025-12-21 10:00:00+00:00,227.72638,5.3517847
2025-12-21 11:00:00+00:00,243.43501,3.219938
2025-12-21 12:00:00+00:00,21.801476,0.9693296
2025-12-21 13:00:00+00:00,29.054508,3.7064266
2025-12-21 14:00:00+00:00,62.904526,8.694204
2025-12-21 15:00:00+00:00,67.83361,10.495713
2025-12-21 16:00:00+00:00,82.14678,10.538843
2025-12-21 17:00:00+00:00,94.76356,10.837435
2025-12-21 18:00:00+00:00,112.963806,11.534054
2025-12-21 19:00:00+00:00,126.09837,10.692969
2025-12-21 20:00:00+00:00,131.71066,11.091564
2025-12-21 21:00:00+00:00,138.36655,10.837435
2025-12-21 22:00:00+00:00,142.206,11.161451
2025-12-21 23:00:00+00:00,141.981,12.566526
2025-12-22 00:00:00+00:00,149.3228,12.348052
2025-12-22 01:00:00+00:00,156.13982,10.234705
2025-12-22 02:00:00+00:00,164.40714,8.035746
2025-12-22 03:00:00+00:00,163.5399,8.2584505
2025-12-22 04:00:00+00:00,163.81073,5.8104043
2025-12-22 05:00:00+00:00,166.50426,4.6277857
2025-12-22 06:00:00+00:00,194.03627,3.710795
2025-12-22 07:00:00+00:00,233.13002,3.6
2025-12-22 08:00:00+00:00,272.3859,4.323748
2025-12-22 09:00:00+00:00,294.14554,5.7204895
2025-12-22 10:00:00+00:00,307.47626,6.804381
2025-12-22 11:00:00+00:00,318.69147,7.9077177
2025-12-22 12:00:00+00:00,328.39255,8.242743
2025-12-22 13:00:00+00:00,315.83023,8.783189
2025-12-22 14:00:00+00:00,316.30188,11.203464
2025-12-22 15:00:00+00:00,325.53912,11.13384
2025-12-22 16:00:00+00:00,328.67136,9.693296
2025-12-22 17:00:00+00:00,326.3099,8.43699
2025-12-22 18:00:00+00:00,321.91116,8.461915
2025-12-22 19:00:00+00:00,325.66974,8.936778
2025-12-22 20:00:00+00:00,334.48618,8.775807
2025-12-22 21:00:00+00:00,335.77228,7.8954163
2025-12-22 22:00:00+00:00,338.74942,6.9527545
2025-12-22 23:00:00+00:00,337.8905,6.21717
2025-12-23 00:00:00+00:00,331.69934,7.973005
2025-12-23 01:00:00+00:00,332.8504,7.889259
2025-12-23 02:00:00+00:00,335.22488,7.731623
2025-12-23 03:00:00+00:00,341.1138,7.229191
2025-12-23 04:00:00+00:00,340.8209,4.3832865
2025-12-23 05:00:00+00:00,349.11453,4.7657523
2025-12-23 06:00:00+00:00,360.0,6.2999997
2025-12-23 07:00:00+00:00,3.0127327,6.849467
2025-12-23 08:00:00+00:00,355.71094,7.2202215
2025-12-23 09:00:00+00:00,344.40714,8.035746
2025-12-23 10:00:00+00:00,339.14545,8.089993
2025-12-23 11:00:00+00:00,340.70987,7.628263
2025-12-23 12:00:00+00:00,316.04153,7.001514
2025-12-23 13:00:00+00:00,321.34018,8.067936
2025-12-23 14:00:00+00:00,332.90454,8.694204
2025-12-23 15:00:00+00:00,337.6198,9.927779
2025-12-23 16:00:00+00:00,345.9637,10.390226
2025-12-23 17:00:00+00:00,345.9637,9.6480665
2025-12-23 18:00:00+00:00,336.9745,7.823272
2025-12-23 19:00:00+00:00,340.46326,5.920878
2025-12-23 20:00:00+00:00,317.38596,6.114703
2025-12-23 21:00:00+00:00,310.10083,4.471107
2025-12-23 22:00:00+00:00,318.57642,4.080882
2025-12-23 23:00:00+00:00,339.44388,1.5379207
2025-12-24 00:00:00+00:00,293.1986,1.3708391
2025-12-24 01:00:00+00:00,255.96373,0.742159
2025-12-24 02:00:00+00:00,180.0,0.35999998
2025-12-24 03:00:00+00:00,185.7105,1.8089776
2025-12-24 04:00:00+00:00,192.5288,3.319036
2025-12-24 05:00:00+00:00,201.03758,2.5071096
2025-12-24 06:00:00+00:00,266.186,2.7059932
2025-12-24 07:00:00+00:00,305.53775,4.6452556
2025-12-24 08:00:00+00:00,313.72705,5.728979
2025-12-24 09:00:00+00:00,318.50363,6.248359
2025-12-24 10:00:00+00:00,325.40765,6.341009
2025-12-24 11:00:00+00:00,327.99466,5.09435
2025-12-24 12:00:00+00:00,250.0168,2.1068459
2025-12-24 13:00:00+00:00,229.76372,3.0652893
2025-12-24 14:00:00+00:00,234.16226,3.9966483
2025-12-24 15:00:00+00:00,229.39879,3.319036
2025-12-24 16:00:00+00:00,239.0363,1.0495713
2025-12-24 17:00:00+00:00,206.56499,0.40249225
2025-12-24 18:00:00+00:00,153.43501,0.40249225
2025-12-24 19:00:00+00:00,135.0001,0.25455844
2025-12-24 20:00:00+00:00,153.43501,0.8049845
2025-12-24 21:00:00+00:00,154.7989,3.381893
2025-12-24 22:00:00+00:00,156.57129,5.8852015
2025-12-24 23:00:00+00:00,160.55988,6.489992
2025-12-25 00:00:00+00:00,169.3804,5.8603754
2025-12-25 01:00:00+00:00,162.55272,6.603817
2025-12-25 02:00:00+00:00,153.97047,8.61371
2025-12-25 03:00:00+00:00,167.19574,8.12197
2025-12-25 04:00:00+00:00,175.23645,6.5024605
2025-12-25 05:00:00+00:00,167.73524,4.2366967
2025-12-25 06:00:00+00:00,173.8846,5.0688457
2025-12-25 07:00:00+00:00,170.13426,4.2021422
2025-12-25 08:00:00+00:00,171.86998,2.5455842
2025-12-25 09:00:00+00:00,180.0,0.35999998
2025-12-25 10:00:00+00:00,8.130019,1.2727921
2025-12-25 11:00:00+00:00,18.435053,2.8460498
2025-12-25 12:00:00+00:00,34.69522,5.692099
2025-12-25 13:00:00+00:00,46.468742,4.965521
2025-12-25 14:00:00+00:00,59.420856,4.599695
2025-12-25 15:00:00+00:00,77.319626,7.3799996
2025-12-25 16:00:00+00:00,94.31595,9.567131
2025-12-25 17:00:00+00:00,109.798965,9.565437
2025-12-25 18:00:00+00:00,116.09537,9.82114
2025-12-25 19:00:00+00:00,122.73522,8.9873905
2025-12-25 20:00:00+00:00,119.89881,8.305396
2025-12-25 21:00:00+00:00,128.2902,8.714677
2025-12-25 22:00:00+00:00,129.6678,9.587428
2025-12-25 23:00:00+00:00,137.29063,9.5535755
2025-12-26 00:00:00+00:00,134.34154,11.074023
2025-12-26 01:00:00+00:00,144.46223,9.290511
2025-12-26 02:00:00+00:00,147.61934,8.738811
2025-12-26 03:00:00+00:00,145.0079,8.78872
2025-12-26 04:00:00+00:00,144.46223,6.193674
2025-12-26 05:00:00+00:00,138.36655,4.3349743
2025-12-26 06:00:00+00:00,144.6887,5.293959
2025-12-26 07:00:00+00:00,147.80429,5.7431
2025-12-26 08:00:00+00:00,143.61555,4.2481523
2025-12-26 09:00:00+00:00,118.072395,3.06
2025-12-26 10:00:00+00:00,78.6901,2.7534704
2025-12-26 11:00:00+00:00,58.240574,4.4456716
2025-12-26 12:00:00+00:00,57.99466,6.792466
2025-12-26 13:00:00+00:00,60.708733,8.461914
2025-12-26 14:00:00+00:00,74.64981,9.5196
2025-12-26 15:00:00+00:00,86.633606,9.195868
2025-12-26 16:00:00+00:00,92.33726,8.827344
2025-12-26 17:00:00+00:00,101.07016,8.43699
2025-12-26 18:00:00+00:00,101.53459,9.0018
2025-12-26 19:00:00+00:00,104.03627,8.163749
2025-12-26 20:00:00+00:00,121.42952,7.5942082
2025-12-26 21:00:00+00:00,130.60121,8.297589
2025-12-26 22:00:00+00:00,133.09087,7.6409945
2025-12-26 23:00:00+00:00,129.61066,6.7757506
2025-12-27 00:00:00+00:00,130.31403,7.7900705
2025-12-27 01:00:00+00:00,129.09386,7.42159
2025-12-27 02:00:00+00:00,135.0001,7.382195
2025-12-27 03:00:00+00:00,144.46223,7.7420926
2025-12-27 04:00:00+00:00,137.29063,6.3690495
2025-12-27 05:00:00+00:00,142.59457,3.8521678
2025-12-27 06:00:00+00:00,145.6196,4.143911
2025-12-27 07:00:00+00:00,148.24057,4.4456716
2025-12-27 08:00:00+00:00,126.25393,3.3481934
2025-12-27 09:00:00+00:00,107.35411,3.01735
2025-12-27 10:00:00+00:00,79.380394,2.9301877
2025-12-27 11:00:00+00:00,58.570484,3.7971041
2025-12-27 12:00:00+00:00,60.524208,4.755544
2025-12-27 13:00:00+00:00,62.744755,6.6818557
2025-12-27 14:00:00+00:00,66.2505,4.91634
2025-12-27 15:00:00+00:00,97.30567,7.0774574
2025-12-27 16:00:00+00:00,113.962494,8.863972
2025-12-27 17:00:00+00:00,109.653915,8.027677
2025-12-27 18:00:00+00:00,104.62092,8.557102
2025-12-27 19:00:00+00:00,105.945465,9.172938
2025-12-27 20:00:00+00:00,113.198616,9.595874
2025-12-27 21:00:00+00:00,119.357666,9.913082
2025-12-27 22:00:00+00:00,132.70937,9.5535755
2025-12-27 23:00:00+00:00,134.19316,9.037721
2025-12-28 00:00:00+00:00,134.19316,9.037721
2025-12-28 01:00:00+00:00,142.88306,8.3520775
2025-12-28 02:00:00+00:00,144.0578,8.893166
2025-12-28 03:00:00+00:00,146.0035,9.335737
2025-12-28 04:00:00+00:00,146.68936,7.538541
2025-12-28 05:00:00+00:00,139.89915,4.471107
2025-12-28 06:00:00+00:00,137.86247,5.0975285
2025-12-28 07:00:00+00:00,145.84026,6.090812
2025-12-28 08:00:00+00:00,143.53067,5.1481256
2025-12-28 09:00:00+00:00,135.0001,3.563818
2025-12-28 10:00:00+00:00,103.24053,3.143565
2025-12-28 11:00:00+00:00,66.50142,4.514377
2025-12-28 12:00:00+00:00,60.255207,7.256032
2025-12-28 13:00:00+00:00,56.976128,8.587338
2025-12-28 14:00:00+00:00,66.54096,10.399576
2025-12-28 15:00:00+00:00,79.6112,10.98
2025-12-28 16:00:00+00:00,84.193375,10.674773
2025-12-28 17:00:00+00:00,86.05489,10.464798
2025-12-28 18:00:00+00:00,84.382515,11.032987
2025-12-28 19:00:00+00:00,83.34567,10.873252
2025-12-28 20:00:00+00:00,91.94145,10.6261
2025-12-28 21:00:00+00:00,95.28999,9.761578
2025-12-28 22:00:00+00:00,97.38595,9.801326
2025-12-28 23:00:00+00:00,106.38962,9.568824
2025-12-29 00:00:00+00:00,105.59287,8.035746
2025-12-29 01:00:00+00:00,112.30626,7.587806
2025-12-29 02:00:00+00:00,125.6765,8.641874
2025-12-29 03:00:00+00:00,131.42357,8.161764
2025-12-29 04:00:00+00:00,111.16133,5.9834766
2025-12-29 05:00:00+00:00,107.52566,3.5864744
2025-12-29 06:00:00+00:00,93.814,2.7059932
2025-12-29 07:00:00+00:00,90.0,3.4199998
2025-12-29 08:00:00+00:00,75.96373,3.710795
2025-12-29 09:00:00+00:00,58.240574,4.4456716
2025-12-29 10:00:00+00:00,48.814175,5.7402787
2025-12-29 11:00:00+00:00,48.366554,6.502461
2025-12-29 12:00:00+00:00,44.999897,5.6002855
2025-12-29 13:00:00+00:00,57.77127,9.7880945
2025-12-29 14:00:00+00:00,63.047905,11.9140415
2025-12-29 15:00:00+00:00,72.12121,11.726277
2025-12-29 16:00:00+00:00,88.18174,11.345713
2025-12-29 17:00:00+00:00,97.236824,11.431063
2025-12-29 18:00:00+00:00,90.881386,11.701385
2025-12-29 19:00:00+00:00,99.90412,11.5115595
2025-12-29 20:00:00+00:00,102.425934,10.874741
2025-12-29 21:00:00+00:00,97.38595,9.801326
2025-12-29 22:00:00+00:00,93.57626,8.656858
2025-12-29 23:00:00+00:00,97.12492,8.707238
2025-12-30 00:00:00+00:00,111.19412,9.459852
2025-12-30 01:00:00+00:00,117.597206,8.936778
2025-12-30 02:00:00+00:00,128.991,9.726664
2025-12-30 03:00:00+00:00,138.7154,9.82114
2025-12-30 04:00:00+00:00,138.23979,6.7565966
2025-12-30 05:00:00+00:00,139.39879,4.978554
2025-12-30 06:00:00+00:00,147.38077,5.3426957
2025-12-30 07:00:00+00:00,162.18102,5.2939587
2025-12-30 08:00:00+00:00,170.21767,5.297018
2025-12-30 09:00:00+00:00,195.25517,4.1046314
2025-12-30 10:00:00+00:00,224.9999,2.5455842
2025-12-30 11:00:00+00:00,270.0,1.98
2025-12-30 12:00:00+00:00,348.11136,3.4949677
2025-12-30 13:00:00+00:00,14.931467,5.5887027
2025-12-30 14:00:00+00:00,49.899166,4.471107
2025-12-30 15:00:00+00:00,102.80426,8.12197
2025-12-30 16:00:00+00:00,88.025116,10.446206
2025-12-30 17:00:00+00:00,91.97489,10.446206
2025-12-30 18:00:00+00:00,114.1791,9.668195
2025-12-30 19:00:00+00:00,123.6901,7.1389914
2025-12-30 20:00:00+00:00,112.751015,6.050785
2025-12-30 21:00:00+00:00,98.3658,6.1858225
2025-12-30 22:00:00+00:00,106.99091,6.77575
2025-12-30 23:00:00+00:00,154.23073,5.7964473
2025-12-31 00:00:00+00:00,166.9081,7.9465466
2025-12-31 01:00:00+00:00,167.73524,8.473393
2025-12-31 02:00:00+00:00,158.62932,8.891344
2025-12-31 03:00:00+00:00,159.82927,9.3962755
2025-12-31 04:00:00+00:00,156.80139,8.225035
2025-12-31 05:00:00+00:00,160.55988,6.489992
2025-12-31 06:00:00+00:00,169.6952,10.062305
2025-12-31 07:00:00+00:00,190.00792,12.429127
2025-12-31 08:00:00+00:00,225.55618,13.110376
2025-12-31 09:00:00+00:00,232.69597,14.25641
2025-12-31 10:00:00+00:00,222.20723,10.4493065
2025-12-31 11:00:00+00:00,227.24576,12.992459
2025-12-31 12:00:00+00:00,222.61401,6.114703
2025-12-31 13:00:00+00:00,90.0,3.7799997
2025-12-31 14:00:00+00:00,85.23644,4.3349743
2025-12-31 15:00:00+00:00,255.61856,7.247096
2025-12-31 16:00:00+00:00,106.38962,6.379216
2025-12-31 17:00:00+00:00,119.98155,5.402999
2025-12-31 18:00:00+00:00,156.80138,5.4833565
2025-12-31 19:00:00+00:00,143.53067,5.1481256
2025-12-31 20:00:00+00:00,155.85446,5.7204895
2025-12-31 21:00:00+00:00,184.39862,4.6938252
2025-12-31 22:00:00+00:00,217.87505,4.1046314
2025-12-31 23:00:00+00:00,258.6901,5.506941
