date,wind_speed_10m,wind_direction_10m
2025-01-01 00:00:00+00:00,4.5322843,276.84268
2025-01-01 01:00:00+00:00,6.5024605,274.76355
2025-01-01 02:00:00+00:00,8.731392,278.29706
2025-01-01 03:00:00+00:00,9.743305,281.72507
2025-01-01 04:00:00+00:00,11.841756,289.53674
2025-01-01 05:00:00+00:00,11.465024,292.13553
2025-01-01 06:00:00+00:00,10.495713,292.16638
2025-01-01 07:00:00+00:00,10.30883,294.77512
2025-01-01 08:00:00+00:00,10.070353,298.85556
2025-01-01 09:00:00+00:00,9.847496,300.7841
2025-01-01 10:00:00+00:00,9.499158,297.0505
2025-01-01 11:00:00+00:00,8.53815,304.69522
2025-01-01 12:00:00+00:00,8.574123,309.0355
2025-01-01 13:00:00+00:00,8.9873905,302.7352
2025-01-01 14:00:00+00:00,7.10031,300.46545
2025-01-01 15:00:00+00:00,6.889557,303.2749
2025-01-01 16:00:00+00:00,6.9480934,306.57312
2025-01-01 17:00:00+00:00,7.1321807,312.9546
2025-01-01 18:00:00+00:00,7.8954163,316.8476
2025-01-01 19:00:00+00:00,8.415842,318.46832
2025-01-01 20:00:00+00:00,8.019601,314.0907
2025-01-01 21:00:00+00:00,8.187527,303.34073
2025-01-01 22:00:00+00:00,8.654986,286.92758
2025-01-01 23:00:00+00:00,9.901636,271.0416
2025-01-02 00:00:00+00:00,10.299397,264.98697
2025-01-02 01:00:00+00:00,10.446206,268.02512
2025-01-02 02:00:00+00:00,11.897714,280.45984
2025-01-02 03:00:00+00:00,12.535548,285.83246
2025-01-02 04:00:00+00:00,12.879752,296.56497
2025-01-02 05:00:00+00:00,11.448055,306.68982
2025-01-02 06:00:00+00:00,11.304229,307.23492
2025-01-02 07:00:00+00:00,11.53265,304.18616
2025-01-02 08:00:00+00:00,11.832176,303.20657
2025-01-02 09:00:00+00:00,11.304229,307.23492
2025-01-02 10:00:00+00:00,10.210936,310.71075
2025-01-02 11:00:00+00:00,7.7650757,315.9391
2025-01-02 12:00:00+00:00,8.139901,324.9041
2025-01-02 13:00:00+00:00,8.133928,335.13632
2025-01-02 14:00:00+00:00,8.2584505,339.59003
2025-01-02 15:00:00+00:00,7.8583965,339.90466
2025-01-02 16:00:00+00:00,6.4924874,313.87677
2025-01-02 17:00:00+00:00,6.601363,281.00348
2025-01-02 18:00:00+00:00,8.490582,274.8644
2025-01-02 19:00:00+00:00,8.613709,280.84027
2025-01-02 20:00:00+00:00,7.995323,301.1849
2025-01-02 21:00:00+00:00,7.519175,317.91092
2025-01-02 22:00:00+00:00,6.854195,330.06857
2025-01-02 23:00:00+00:00,8.149847,300.52963
2025-01-03 00:00:00+00:00,5.950899,273.46817
2025-01-03 01:00:00+00:00,7.0223074,268.53122
2025-01-03 02:00:00+00:00,5.8631387,287.87878
2025-01-03 03:00:00+00:00,5.22,313.6029
2025-01-03 04:00:00+00:00,5.369916,320.44037
2025-01-03 05:00:00+00:00,4.942631,326.88864
2025-01-03 06:00:00+00:00,5.1919937,326.3099
2025-01-03 07:00:00+00:00,5.876938,319.9698
2025-01-03 08:00:00+00:00,6.618519,315.0001
2025-01-03 09:00:00+00:00,6.7469993,316.08084
2025-01-03 10:00:00+00:00,6.7565966,311.7602
2025-01-03 11:00:00+00:00,4.8433046,318.01288
2025-01-03 12:00:00+00:00,8.790563,317.4896
2025-01-03 13:00:00+00:00,9.957108,319.39877
2025-01-03 14:00:00+00:00,10.075177,311.37842
2025-01-03 15:00:00+00:00,10.228373,298.36896
2025-01-03 16:00:00+00:00,10.4166975,279.95056
2025-01-03 17:00:00+00:00,9.555271,266.76038
2025-01-03 18:00:00+00:00,8.885877,263.01904
2025-01-03 19:00:00+00:00,9.195868,266.6336
2025-01-03 20:00:00+00:00,9.779817,276.3401
2025-01-03 21:00:00+00:00,9.526405,292.20352
2025-01-03 22:00:00+00:00,6.7853074,338.19852
2025-01-03 23:00:00+00:00,6.5024605,4.763556
2025-01-04 00:00:00+00:00,6.341009,34.592358
2025-01-04 01:00:00+00:00,4.379589,80.53775
2025-01-04 02:00:00+00:00,3.4576871,141.34016
2025-01-04 03:00:00+00:00,3.462369,171.02745
2025-01-04 04:00:00+00:00,3.0652895,176.6336
2025-01-04 05:00:00+00:00,2.8856194,176.42374
2025-01-04 06:00:00+00:00,3.3481934,143.74608
2025-01-04 07:00:00+00:00,4.669604,117.552734
2025-01-04 08:00:00+00:00,5.6920996,108.43504
2025-01-04 09:00:00+00:00,6.4323244,107.92801
2025-01-04 10:00:00+00:00,5.154415,114.775116
2025-01-04 11:00:00+00:00,4.599695,120.57915
2025-01-04 12:00:00+00:00,9.19939,120.57915
2025-01-04 13:00:00+00:00,8.139901,125.095894
2025-01-04 14:00:00+00:00,8.027678,137.72638
2025-01-04 15:00:00+00:00,7.7420926,144.46223
2025-01-04 16:00:00+00:00,8.099999,143.13002
2025-01-04 17:00:00+00:00,7.9567327,142.35231
2025-01-04 18:00:00+00:00,7.562142,141.76614
2025-01-04 19:00:00+00:00,6.8777895,137.12111
2025-01-04 20:00:00+00:00,6.804381,127.47626
2025-01-04 21:00:00+00:00,6.037383,116.56499
2025-01-04 22:00:00+00:00,4.5572357,99.090195
2025-01-04 23:00:00+00:00,7.172949,107.52566
2025-01-05 00:00:00+00:00,8.155807,112.036285
2025-01-05 01:00:00+00:00,9.504273,114.62355
2025-01-05 02:00:00+00:00,10.685391,122.61923
2025-01-05 03:00:00+00:00,11.720751,132.5104
2025-01-05 04:00:00+00:00,11.712454,136.24529
2025-01-05 05:00:00+00:00,11.345712,138.21558
2025-01-05 06:00:00+00:00,10.703569,137.72638
2025-01-05 07:00:00+00:00,9.54679,135.76381
2025-01-05 08:00:00+00:00,9.673221,135.0001
2025-01-05 09:00:00+00:00,9.807935,132.76881
2025-01-05 10:00:00+00:00,10.514218,128.04709
2025-01-05 11:00:00+00:00,11.13384,124.46088
2025-01-05 12:00:00+00:00,9.693296,121.328636
2025-01-05 13:00:00+00:00,11.583109,122.94922
2025-01-05 14:00:00+00:00,11.448055,126.68982
2025-01-05 15:00:00+00:00,9.587428,129.6678
2025-01-05 16:00:00+00:00,7.256032,136.00499
2025-01-05 17:00:00+00:00,8.297589,139.39879
2025-01-05 18:00:00+00:00,8.748075,126.63421
2025-01-05 19:00:00+00:00,6.8138976,102.200455
2025-01-05 20:00:00+00:00,6.130579,86.63361
2025-01-05 21:00:00+00:00,6.542201,82.09293
2025-01-05 22:00:00+00:00,7.040739,94.39862
2025-01-05 23:00:00+00:00,6.5049515,104.420815
2025-01-06 00:00:00+00:00,6.2067385,119.53869
2025-01-06 01:00:00+00:00,6.3690495,132.70937
2025-01-06 02:00:00+00:00,7.145796,130.91429
2025-01-06 03:00:00+00:00,6.6624317,128.41809
2025-01-06 04:00:00+00:00,5.3517847,137.72638
2025-01-06 05:00:00+00:00,4.978554,130.60121
2025-01-06 06:00:00+00:00,4.7827187,109.798965
2025-01-06 07:00:00+00:00,4.5572357,80.909805
2025-01-06 08:00:00+00:00,4.2481523,53.61555
2025-01-06 09:00:00+00:00,4.73506,8.746089
2025-01-06 10:00:00+00:00,4.1556225,342.34976
2025-01-06 11:00:00+00:00,6.59154,325.0079
2025-01-06 12:00:00+00:00,6.299999,306.86996
2025-01-06 13:00:00+00:00,7.2403865,304.8754
2025-01-06 14:00:00+00:00,7.256032,299.74478
2025-01-06 15:00:00+00:00,7.256032,293.38525
2025-01-06 16:00:00+00:00,8.0599,293.70264
2025-01-06 17:00:00+00:00,9.257321,296.56497
2025-01-06 18:00:00+00:00,10.404249,300.11365
2025-01-06 19:00:00+00:00,11.13384,304.46088
2025-01-06 20:00:00+00:00,12.061343,307.72504
2025-01-06 21:00:00+00:00,12.261157,310.2363
2025-01-06 22:00:00+00:00,8.536252,294.94388
2025-01-06 23:00:00+00:00,9.430695,293.6294
2025-01-07 00:00:00+00:00,10.564942,293.07043
2025-01-07 01:00:00+00:00,11.631956,291.80148
2025-01-07 02:00:00+00:00,12.81165,294.04422
2025-01-07 03:00:00+00:00,14.045767,300.83777
2025-01-07 04:00:00+00:00,13.479583,304.1145
2025-01-07 05:00:00+00:00,13.451914,294.5074
2025-01-07 06:00:00+00:00,15.315873,293.55228
2025-01-07 07:00:00+00:00,16.666288,297.672
2025-01-07 08:00:00+00:00,15.7908325,294.22772
2025-01-07 09:00:00+00:00,15.215058,295.9587
2025-01-07 10:00:00+00:00,13.523978,296.906
2025-01-07 11:00:00+00:00,11.681987,303.6901
2025-01-07 12:00:00+00:00,7.5019197,300.25635
2025-01-07 13:00:00+00:00,8.0599,293.70264
2025-01-07 14:00:00+00:00,8.557102,284.6209
2025-01-07 15:00:00+00:00,9.178235,281.3099
2025-01-07 16:00:00+00:00,9.6480665,278.58353
2025-01-07 17:00:00+00:00,9.67657,279.63748
2025-01-07 18:00:00+00:00,10.390226,284.03625
2025-01-07 19:00:00+00:00,10.759423,287.52567
2025-01-07 20:00:00+00:00,11.043261,289.0257
2025-01-07 21:00:00+00:00,11.442394,289.29013
2025-01-07 22:00:00+00:00,12.410866,289.4862
2025-01-07 23:00:00+00:00,10.99769,291.10492
2025-01-08 00:00:00+00:00,11.213581,288.7259
2025-01-08 01:00:00+00:00,10.8955765,277.59454
2025-01-08 02:00:00+00:00,11.521406,270.89514
2025-01-08 03:00:00+00:00,13.5,270.0
2025-01-08 04:00:00+00:00,13.519186,273.05283
2025-01-08 05:00:00+00:00,14.205182,278.74606
2025-01-08 06:00:00+00:00,15.062033,284.5345
2025-01-08 07:00:00+00:00,15.14783,290.15768
2025-01-08 08:00:00+00:00,14.677451,293.10635
2025-01-08 09:00:00+00:00,14.092977,294.92844
2025-01-08 10:00:00+00:00,15.224637,294.44394
2025-01-08 11:00:00+00:00,10.472536,294.36243
2025-01-08 12:00:00+00:00,8.827343,286.5874
2025-01-08 13:00:00+00:00,9.867218,284.7968
2025-01-08 14:00:00+00:00,9.854075,279.46225
2025-01-08 15:00:00+00:00,9.54679,272.16104
2025-01-08 16:00:00+00:00,9.36,270.0
2025-01-08 17:00:00+00:00,9.36,270.0
2025-01-08 18:00:00+00:00,9.044888,275.7105
2025-01-08 19:00:00+00:00,9.0,286.26028
2025-01-08 20:00:00+00:00,8.626865,293.3556
2025-01-08 21:00:00+00:00,8.36758,288.8248
2025-01-08 22:00:00+00:00,6.4624763,282.875
2025-01-08 23:00:00+00:00,6.130579,273.3664
2025-01-09 00:00:00+00:00,6.924738,278.97253
2025-01-09 01:00:00+00:00,7.256032,293.38525
2025-01-09 02:00:00+00:00,4.8433046,311.98712
2025-01-09 03:00:00+00:00,2.5772076,335.22488
2025-01-09 04:00:00+00:00,1.7076298,71.564964
2025-01-09 05:00:00+00:00,3.2846913,80.53775
2025-01-09 06:00:00+00:00,3.6179552,84.2895
2025-01-09 07:00:00+00:00,2.907989,68.19853
2025-01-09 08:00:00+00:00,2.6758924,47.72637
2025-01-09 09:00:00+00:00,3.148714,30.963696
2025-01-09 10:00:00+00:00,2.7416782,66.801384
2025-01-09 11:00:00+00:00,2.7238941,82.40546
2025-01-09 12:00:00+00:00,3.3092597,67.61982
2025-01-09 13:00:00+00:00,3.9640884,50.52757
2025-01-09 14:00:00+00:00,5.0911684,44.999897
2025-01-09 15:00:00+00:00,6.552099,52.81522
2025-01-09 16:00:00+00:00,7.256032,66.61476
2025-01-09 17:00:00+00:00,7.596341,76.29302
2025-01-09 18:00:00+00:00,7.4346757,83.047134
2025-01-09 19:00:00+00:00,7.5685663,87.27374
2025-01-09 20:00:00+00:00,7.7420926,91.33219
2025-01-09 21:00:00+00:00,7.3997297,94.18484
2025-01-09 22:00:00+00:00,7.327127,117.824005
2025-01-09 23:00:00+00:00,7.382195,135.0001
2025-01-10 00:00:00+00:00,6.279395,152.70052
2025-01-10 01:00:00+00:00,5.4656014,162.75845
2025-01-10 02:00:00+00:00,5.6492476,157.52052
2025-01-10 03:00:00+00:00,5.1165614,140.71062
2025-01-10 04:00:00+00:00,4.3573384,128.2902
2025-01-10 05:00:00+00:00,4.846648,111.801476
2025-01-10 06:00:00+00:00,5.7628117,104.47034
2025-01-10 07:00:00+00:00,5.6262593,97.35229
2025-01-10 08:00:00+00:00,5.9427266,91.73567
2025-01-10 09:00:00+00:00,5.9399996,90.0
2025-01-10 10:00:00+00:00,6.638072,102.5288
2025-01-10 11:00:00+00:00,6.330782,104.82652
2025-01-10 12:00:00+00:00,7.8149853,75.32356
2025-01-10 13:00:00+00:00,8.557102,75.37909
2025-01-10 14:00:00+00:00,8.707238,82.875084
2025-01-10 15:00:00+00:00,8.64,90.0
2025-01-10 16:00:00+00:00,8.827343,106.58742
2025-01-10 17:00:00+00:00,7.256032,119.74479
2025-01-10 18:00:00+00:00,7.491114,125.21768
2025-01-10 19:00:00+00:00,7.562142,128.23387
2025-01-10 20:00:00+00:00,7.491114,125.21768
2025-01-10 21:00:00+00:00,7.5942082,121.42952
2025-01-10 22:00:00+00:00,7.0407386,122.471176
2025-01-10 23:00:00+00:00,7.823272,113.02553
2025-01-11 00:00:00+00:00,10.215693,104.28113
2025-01-11 01:00:00+00:00,11.968308,102.15492
2025-01-11 02:00:00+00:00,13.842457,102.77125
2025-01-11 03:00:00+00:00,14.637663,106.42938
2025-01-11 04:00:00+00:00,13.737904,111.522675
2025-01-11 05:00:00+00:00,14.48972,116.56499
2025-01-11 06:00:00+00:00,14.277983,123.6901
2025-01-11 07:00:00+00:00,12.616702,137.89134
2025-01-11 08:00:00+00:00,11.414043,142.04572
2025-01-11 09:00:00+00:00,9.587428,140.3322
2025-01-11 10:00:00+00:00,5.8048253,240.2552
2025-01-11 11:00:00+00:00,1.6981165,327.99466
2025-01-11 12:00:00+00:00,4.198285,149.03632
2025-01-11 13:00:00+00:00,3.8141315,109.290146
2025-01-11 14:00:00+00:00,5.48631,48.99101
2025-01-11 15:00:00+00:00,9.54,58.10924
2025-01-11 16:00:00+00:00,11.103243,73.033775
2025-01-11 17:00:00+00:00,11.755254,78.51804
2025-01-11 18:00:00+00:00,10.105681,85.91447
2025-01-11 19:00:00+00:00,9.555271,86.76037
2025-01-11 20:00:00+00:00,8.477216,86.347855
2025-01-11 21:00:00+00:00,7.748368,87.33706
2025-01-11 22:00:00+00:00,6.341009,96.519714
2025-01-11 23:00:00+00:00,6.015878,128.92755
2025-01-12 00:00:00+00:00,5.00128,149.74365
2025-01-12 01:00:00+00:00,4.669604,152.44728
2025-01-12 02:00:00+00:00,4.6277857,166.50426
2025-01-12 03:00:00+00:00,4.5891175,168.69011
2025-01-12 04:00:00+00:00,3.362677,164.47583
2025-01-12 05:00:00+00:00,3.143565,166.75948
2025-01-12 06:00:00+00:00,2.9301877,169.3804
2025-01-12 07:00:00+00:00,2.9301877,169.3804
2025-01-12 08:00:00+00:00,1.1384199,161.56496
2025-01-12 09:00:00+00:00,1.2727921,8.130019
2025-01-12 10:00:00+00:00,2.3051248,321.34018
2025-01-12 11:00:00+00:00,1.609969,26.564985
2025-01-12 12:00:00+00:00,4.68,360.0
2025-01-12 13:00:00+00:00,5.414979,338.5522
2025-01-12 14:00:00+00:00,5.8852015,336.5713
2025-01-12 15:00:00+00:00,6.6405115,327.17145
2025-01-12 16:00:00+00:00,7.145796,319.0857
2025-01-12 17:00:00+00:00,7.42159,320.90613
2025-01-12 18:00:00+00:00,8.181589,320.35587
2025-01-12 19:00:00+00:00,8.39078,324.6051
2025-01-12 20:00:00+00:00,8.043805,319.53784
2025-01-12 21:00:00+00:00,7.8954163,313.1524
2025-01-12 22:00:00+00:00,9.418661,296.0753
2025-01-12 23:00:00+00:00,10.630672,298.30066
2025-01-13 00:00:00+00:00,11.885453,305.13428
2025-01-13 01:00:00+00:00,12.744457,306.38446
2025-01-13 02:00:00+00:00,12.033103,304.641
2025-01-13 03:00:00+00:00,11.028581,296.1468
2025-01-13 04:00:00+00:00,10.429132,291.25058
2025-01-13 05:00:00+00:00,9.83268,293.7495
2025-01-13 06:00:00+00:00,9.511088,299.4758
2025-01-13 07:00:00+00:00,9.504272,307.30402
2025-01-13 08:00:00+00:00,9.703319,310.48593
2025-01-13 09:00:00+00:00,9.587428,309.66782
2025-01-13 10:00:00+00:00,11.457958,313.72705
2025-01-13 11:00:00+00:00,10.718693,310.91428
2025-01-13 12:00:00+00:00,7.570707,298.3929
2025-01-13 13:00:00+00:00,9.028754,293.49857
2025-01-13 14:00:00+00:00,10.028439,291.03757
2025-01-13 15:00:00+00:00,10.429132,291.25058
2025-01-13 16:00:00+00:00,11.038858,294.05734
2025-01-13 17:00:00+00:00,11.269782,296.56497
2025-01-13 18:00:00+00:00,11.351422,297.37762
2025-01-13 19:00:00+00:00,11.276968,298.61035
2025-01-13 20:00:00+00:00,10.948973,297.4075
2025-01-13 21:00:00+00:00,10.546525,297.43964
2025-01-13 22:00:00+00:00,10.223619,296.11386
2025-01-13 23:00:00+00:00,9.504273,294.62354
2025-01-14 00:00:00+00:00,8.557102,292.24908
2025-01-14 01:00:00+00:00,7.458606,289.74692
2025-01-14 02:00:00+00:00,6.9550843,280.4374
2025-01-14 03:00:00+00:00,8.477216,273.65216
2025-01-14 04:00:00+00:00,7.519175,281.0409
2025-01-14 05:00:00+00:00,6.9270773,294.56717
2025-01-14 06:00:00+00:00,6.090812,304.15976
2025-01-14 07:00:00+00:00,4.863332,308.991
2025-01-14 08:00:00+00:00,4.1046314,307.87503
2025-01-14 09:00:00+00:00,3.8268526,311.18582
2025-01-14 10:00:00+00:00,4.752136,322.69595
2025-01-14 11:00:00+00:00,5.5887027,345.06854
2025-01-14 12:00:00+00:00,7.748368,357.33707
2025-01-14 13:00:00+00:00,9.114471,9.090207
2025-01-14 14:00:00+00:00,8.775807,25.513834
2025-01-14 15:00:00+00:00,7.653705,48.814175
2025-01-14 16:00:00+00:00,6.8989563,74.875946
2025-01-14 17:00:00+00:00,6.310277,93.270424
2025-01-14 18:00:00+00:00,6.050785,112.751015
2025-01-14 19:00:00+00:00,7.1321807,137.04541
2025-01-14 20:00:00+00:00,7.8149853,151.07367
2025-01-14 21:00:00+00:00,7.3447943,162.89719
2025-01-14 22:00:00+00:00,2.0523157,195.25517
2025-01-14 23:00:00+00:00,0.9,53.13002
2025-01-15 00:00:00+00:00,2.0991426,59.03632
2025-01-15 01:00:00+00:00,3.3092597,67.61982
2025-01-15 02:00:00+00:00,4.060985,77.19574
2025-01-15 03:00:00+00:00,4.8899083,96.340096
2025-01-15 04:00:00+00:00,6.0347,107.35411
2025-01-15 05:00:00+00:00,7.16617,115.277695
2025-01-15 06:00:00+00:00,8.643749,121.372955
2025-01-15 07:00:00+00:00,10.185519,133.56796
2025-01-15 08:00:00+00:00,11.556504,127.40543
2025-01-15 09:00:00+00:00,10.062305,116.56499
2025-01-15 10:00:00+00:00,8.783189,135.83023
2025-01-15 11:00:00+00:00,8.893166,144.0578
2025-01-15 12:00:00+00:00,6.889557,160.1447
2025-01-15 13:00:00+00:00,8.049845,153.43501
2025-01-15 14:00:00+00:00,7.1684303,151.50446
2025-01-15 15:00:00+00:00,7.10031,149.53453
2025-01-15 16:00:00+00:00,6.198903,154.17906
2025-01-15 17:00:00+00:00,6.3639607,135.0001
2025-01-15 18:00:00+00:00,6.114703,132.61403
2025-01-15 19:00:00+00:00,5.6521144,127.23492
2025-01-15 20:00:00+00:00,4.846648,121.328636
2025-01-15 21:00:00+00:00,3.671294,101.3099
2025-01-15 22:00:00+00:00,5.12289,198.43504
2025-01-15 23:00:00+00:00,5.1575575,209.24873
2025-01-16 00:00:00+00:00,2.3469126,94.39862
2025-01-16 01:00:00+00:00,3.9844694,71.564964
2025-01-16 02:00:00+00:00,4.86,90.0
2025-01-16 03:00:00+00:00,3.7585104,106.699326
2025-01-16 04:00:00+00:00,3.096837,125.537766
2025-01-16 05:00:00+00:00,2.9024127,150.2552
2025-01-16 06:00:00+00:00,3.2599385,186.3401
2025-01-16 07:00:00+00:00,3.8183763,188.13002
2025-01-16 08:00:00+00:00,3.0811036,186.70975
2025-01-16 09:00:00+00:00,1.659518,229.39879
2025-01-16 10:00:00+00:00,2.657668,241.69934
2025-01-16 11:00:00+00:00,3.572898,310.91428
2025-01-16 12:00:00+00:00,4.7110505,316.5481
2025-01-16 13:00:00+00:00,4.6452556,324.46225
2025-01-16 14:00:00+00:00,5.2478566,337.8336
2025-01-16 15:00:00+00:00,6.28713,346.75946
2025-01-16 16:00:00+00:00,7.1321807,349.82455
2025-01-16 17:00:00+00:00,7.102591,351.2539
2025-01-16 18:00:00+00:00,6.5520988,344.05453
2025-01-16 19:00:00+00:00,6.76618,331.38962
2025-01-16 20:00:00+00:00,7.928177,320.52756
2025-01-16 21:00:00+00:00,9.037721,314.19315
2025-01-16 22:00:00+00:00,9.313152,318.91833
2025-01-16 23:00:00+00:00,9.867218,321.66663
2025-01-17 00:00:00+00:00,10.484903,325.4914
2025-01-17 01:00:00+00:00,10.548061,323.32556
2025-01-17 02:00:00+00:00,9.97986,320.85602
2025-01-17 03:00:00+00:00,10.694485,316.36386
2025-01-17 04:00:00+00:00,9.957108,319.39877
2025-01-17 05:00:00+00:00,9.5535755,312.70938
2025-01-17 06:00:00+00:00,10.436895,302.31958
2025-01-17 07:00:00+00:00,11.511559,296.96564
2025-01-17 08:00:00+00:00,11.843124,294.22772
2025-01-17 09:00:00+00:00,12.57426,293.6294
2025-01-17 10:00:00+00:00,13.1041975,285.94547
2025-01-17 11:00:00+00:00,13.091829,288.43503
2025-01-17 12:00:00+00:00,8.766573,289.1791
2025-01-17 13:00:00+00:00,8.958504,292.4428
2025-01-17 14:00:00+00:00,9.335737,303.9965
2025-01-17 15:00:00+00:00,10.210936,310.71075
2025-01-17 16:00:00+00:00,9.807935,312.7688
2025-01-17 17:00:00+00:00,9.044888,312.58044
2025-01-17 18:00:00+00:00,8.4963045,306.38446
2025-01-17 19:00:00+00:00,7.841887,301.86594
2025-01-17 20:00:00+00:00,6.361415,295.1148
2025-01-17 21:00:00+00:00,6.725354,285.52417
2025-01-17 22:00:00+00:00,5.2939587,252.18102
2025-01-17 23:00:00+00:00,6.725354,254.47583
2025-01-18 00:00:00+00:00,8.019601,260.9606
2025-01-18 01:00:00+00:00,7.7588143,266.00916
2025-01-18 02:00:00+00:00,7.208994,267.13766
2025-01-18 03:00:00+00:00,5.9399996,270.0
2025-01-18 04:00:00+00:00,4.412754,281.76825
2025-01-18 05:00:00+00:00,4.4456716,301.75943
2025-01-18 06:00:00+00:00,4.6102495,321.34018
2025-01-18 07:00:00+00:00,4.6730714,344.3577
2025-01-18 08:00:00+00:00,5.315336,331.69934
2025-01-18 09:00:00+00:00,6.341009,325.40765
2025-01-18 10:00:00+00:00,4.143911,357.5105
2025-01-18 11:00:00+00:00,3.9763298,5.19435
2025-01-18 12:00:00+00:00,3.9477081,24.227736
2025-01-18 13:00:00+00:00,2.19718,34.9921
2025-01-18 14:00:00+00:00,0.742159,255.96373
2025-01-18 15:00:00+00:00,2.97953,244.98314
2025-01-18 16:00:00+00:00,5.2939587,252.18102
2025-01-18 17:00:00+00:00,8.049845,259.69522
2025-01-18 18:00:00+00:00,8.28,270.0
2025-01-18 19:00:00+00:00,8.43699,281.07016
2025-01-18 20:00:00+00:00,8.089993,290.85452
2025-01-18 21:00:00+00:00,5.8852015,293.4287
2025-01-18 22:00:00+00:00,1.8792552,163.30067
2025-01-18 23:00:00+00:00,5.2694216,187.85323
2025-01-19 00:00:00+00:00,6.424764,191.30989
2025-01-19 01:00:00+00:00,4.942631,213.11136
2025-01-19 02:00:00+00:00,4.186693,244.5367
2025-01-19 03:00:00+00:00,2.5959969,303.6901
2025-01-19 04:00:00+00:00,2.16,360.0
2025-01-19 05:00:00+00:00,3.148714,30.963696
2025-01-19 06:00:00+00:00,4.186693,25.463305
2025-01-19 07:00:00+00:00,4.7827187,19.798973
2025-01-19 08:00:00+00:00,5.4149795,15.42223
2025-01-19 09:00:00+00:00,6.037383,10.304792
2025-01-19 10:00:00+00:00,7.342588,348.6901
2025-01-19 11:00:00+00:00,7.1321807,349.82455
2025-01-19 12:00:00+00:00,8.383054,345.06854
2025-01-19 13:00:00+00:00,9.257321,333.43503
2025-01-19 14:00:00+00:00,8.92408,318.27057
2025-01-19 15:00:00+00:00,8.604301,307.34943
2025-01-19 16:00:00+00:00,8.643749,301.37296
2025-01-19 17:00:00+00:00,8.55142,300.34317
2025-01-19 18:00:00+00:00,7.7879906,303.6901
2025-01-19 19:00:00+00:00,8.244708,306.11945
2025-01-19 20:00:00+00:00,8.574123,309.0355
2025-01-19 21:00:00+00:00,8.827344,309.20718
2025-01-19 22:00:00+00:00,9.636307,302.79953
2025-01-19 23:00:00+00:00,10.070353,298.85556
2025-01-20 00:00:00+00:00,10.223619,296.11386
2025-01-20 01:00:00+00:00,10.234705,293.86017
2025-01-20 02:00:00+00:00,10.24578,288.43503
2025-01-20 03:00:00+00:00,12.535548,285.83246
2025-01-20 04:00:00+00:00,11.672275,287.03784
2025-01-20 05:00:00+00:00,11.844492,286.7827
2025-01-20 06:00:00+00:00,13.040997,290.18588
2025-01-20 07:00:00+00:00,14.206323,292.3407
2025-01-20 08:00:00+00:00,14.913952,293.471
2025-01-20 09:00:00+00:00,15.553083,293.89517
2025-01-20 10:00:00+00:00,15.629971,298.92633
2025-01-20 11:00:00+00:00,12.96125,297.27667
2025-01-20 12:00:00+00:00,9.107359,288.43503
2025-01-20 13:00:00+00:00,9.9571085,282.5288
2025-01-20 14:00:00+00:00,10.837435,281.49652
2025-01-20 15:00:00+00:00,11.177405,284.93146
2025-01-20 16:00:00+00:00,11.503113,290.13638
2025-01-20 17:00:00+00:00,11.298495,292.47946
2025-01-20 18:00:00+00:00,11.368535,293.31772
2025-01-20 19:00:00+00:00,11.440979,294.14554
2025-01-20 20:00:00+00:00,11.431062,296.1615
2025-01-20 21:00:00+00:00,11.364259,299.4071
2025-01-20 22:00:00+00:00,11.521406,298.96756
2025-01-20 23:00:00+00:00,11.35285,295.34613
2025-01-21 00:00:00+00:00,10.874741,294.44394
2025-01-21 01:00:00+00:00,10.597094,290.89783
2025-01-21 02:00:00+00:00,10.914888,283.34872
2025-01-21 03:00:00+00:00,12.961249,279.59305
2025-01-21 04:00:00+00:00,12.399113,279.18875
2025-01-21 05:00:00+00:00,13.026081,281.15463
2025-01-21 06:00:00+00:00,13.661038,288.43503
2025-01-21 07:00:00+00:00,14.092977,294.92844
2025-01-21 08:00:00+00:00,14.941085,301.20044
2025-01-21 09:00:00+00:00,14.879153,304.6514
2025-01-21 10:00:00+00:00,14.113652,307.74686
2025-01-21 11:00:00+00:00,11.334285,302.68054
2025-01-21 12:00:00+00:00,8.461915,293.83875
2025-01-21 13:00:00+00:00,9.335737,289.13373
2025-01-21 14:00:00+00:00,9.914717,285.80258
2025-01-21 15:00:00+00:00,9.568824,286.38962
2025-01-21 16:00:00+00:00,9.565437,289.79895
2025-01-21 17:00:00+00:00,9.743304,295.14474
2025-01-21 18:00:00+00:00,9.7565975,299.87592
2025-01-21 19:00:00+00:00,9.984729,303.9766
2025-01-21 20:00:00+00:00,10.152064,307.07315
2025-01-21 21:00:00+00:00,10.120099,308.50067
2025-01-21 22:00:00+00:00,9.387651,302.47116
2025-01-21 23:00:00+00:00,9.179999,298.0724
2025-01-22 00:00:00+00:00,8.461915,293.83875
2025-01-22 01:00:00+00:00,8.139901,288.03436
2025-01-22 02:00:00+00:00,8.083983,281.5601
2025-01-22 03:00:00+00:00,9.854075,279.46225
2025-01-22 04:00:00+00:00,8.649369,282.01144
2025-01-22 05:00:00+00:00,8.311245,287.6502
2025-01-22 06:00:00+00:00,7.823272,293.0255
2025-01-22 07:00:00+00:00,7.10031,300.46545
2025-01-22 08:00:00+00:00,6.502461,311.63345
2025-01-22 09:00:00+00:00,5.9617786,331.11353
2025-01-22 10:00:00+00:00,4.942631,326.88864
2025-01-22 11:00:00+00:00,4.278551,337.75092
2025-01-22 12:00:00+00:00,5.7431,302.1957
2025-01-22 13:00:00+00:00,8.305396,299.8988
2025-01-22 14:00:00+00:00,8.305396,299.8988
2025-01-22 15:00:00+00:00,7.841887,301.86594
2025-01-22 16:00:00+00:00,8.067936,308.65982
2025-01-22 17:00:00+00:00,7.1321807,312.9546
2025-01-22 18:00:00+00:00,7.282774,309.98682
2025-01-22 19:00:00+00:00,7.653705,311.18582
2025-01-22 20:00:00+00:00,7.386582,313.0251
2025-01-22 21:00:00+00:00,6.4096174,308.15726
2025-01-22 22:00:00+00:00,5.7431,327.8043
2025-01-22 23:00:00+00:00,6.050785,329.62094
2025-01-23 00:00:00+00:00,5.983477,316.2188
2025-01-23 01:00:00+00:00,6.439876,296.56497
2025-01-23 02:00:00+00:00,7.289444,290.22495
2025-01-23 03:00:00+00:00,9.224011,287.0206
2025-01-23 04:00:00+00:00,7.9220443,291.318
2025-01-23 05:00:00+00:00,8.217153,298.8107
2025-01-23 06:00:00+00:00,9.9,306.86996
2025-01-23 07:00:00+00:00,12.221457,316.1934
2025-01-23 08:00:00+00:00,14.730336,321.4495
2025-01-23 09:00:00+00:00,16.248924,320.84457
2025-01-23 10:00:00+00:00,15.156384,322.72174
2025-01-23 11:00:00+00:00,11.500296,320.07965
2025-01-23 12:00:00+00:00,8.14587,315.0001
2025-01-23 13:00:00+00:00,8.942214,310.10083
2025-01-23 14:00:00+00:00,9.290511,305.53775
2025-01-23 15:00:00+00:00,9.885262,303.11136
2025-01-23 16:00:00+00:00,10.436895,302.31958
2025-01-23 17:00:00+00:00,11.032987,303.6901
2025-01-23 18:00:00+00:00,11.090103,305.75397
2025-01-23 19:00:00+00:00,11.161451,307.794
2025-01-23 20:00:00+00:00,11.132385,309.09384
2025-01-23 21:00:00+00:00,11.161451,307.794
2025-01-23 22:00:00+00:00,11.298495,300.65057
2025-01-23 23:00:00+00:00,11.028581,296.1468
2025-01-24 00:00:00+00:00,11.230904,291.63095
2025-01-24 01:00:00+00:00,10.9859,288.13818
2025-01-24 02:00:00+00:00,11.351422,284.69736
2025-01-24 03:00:00+00:00,13.491597,283.10922
2025-01-24 04:00:00+00:00,13.327294,286.47696
2025-01-24 05:00:00+00:00,13.841286,290.55612
2025-01-24 06:00:00+00:00,14.33234,295.27768
2025-01-24 07:00:00+00:00,15.216123,297.47433
2025-01-24 08:00:00+00:00,16.85669,300.12424
2025-01-24 09:00:00+00:00,17.935986,301.45676
2025-01-24 10:00:00+00:00,17.483181,298.9399
2025-01-24 11:00:00+00:00,14.654254,297.824
2025-01-24 12:00:00+00:00,11.51578,294.96277
2025-01-24 13:00:00+00:00,11.230904,291.63095
2025-01-24 14:00:00+00:00,11.230904,291.63095
2025-01-24 15:00:00+00:00,11.799271,291.47684
2025-01-24 16:00:00+00:00,11.903159,290.3533
2025-01-24 17:00:00+00:00,12.410866,289.4862
2025-01-24 18:00:00+00:00,12.835653,292.24908
2025-01-24 19:00:00+00:00,12.56008,295.46332
2025-01-24 20:00:00+00:00,12.409561,293.9625
2025-01-24 21:00:00+00:00,11.953409,288.43503
2025-01-24 22:00:00+00:00,12.2519045,280.1542
2025-01-24 23:00:00+00:00,12.261158,273.3664
2025-01-25 00:00:00+00:00,12.78,270.0
2025-01-25 01:00:00+00:00,12.78,270.0
2025-01-25 02:00:00+00:00,12.785069,271.6135
2025-01-25 03:00:00+00:00,14.787414,273.48926
2025-01-25 04:00:00+00:00,14.383114,278.63705
2025-01-25 05:00:00+00:00,14.332341,281.59213
2025-01-25 06:00:00+00:00,14.494192,284.38144
2025-01-25 07:00:00+00:00,14.465102,286.63104
2025-01-25 08:00:00+00:00,14.799459,288.43503
2025-01-25 09:00:00+00:00,14.857362,289.0936
2025-01-25 10:00:00+00:00,13.926464,284.21588
2025-01-25 11:00:00+00:00,11.402683,281.84204
2025-01-25 12:00:00+00:00,8.260411,281.3099
2025-01-25 13:00:00+00:00,9.144637,280.20392
2025-01-25 14:00:00+00:00,9.499157,279.81924
2025-01-25 15:00:00+00:00,9.885262,280.49142
2025-01-25 16:00:00+00:00,9.708326,280.68484
2025-01-25 17:00:00+00:00,9.743305,281.72507
2025-01-25 18:00:00+00:00,9.867218,284.7968
2025-01-25 19:00:00+00:00,9.965239,290.07162
2025-01-25 20:00:00+00:00,10.1456785,295.20108
2025-01-25 21:00:00+00:00,10.404249,300.11365
2025-01-25 22:00:00+00:00,9.580668,295.60214
2025-01-25 23:00:00+00:00,9.340941,295.08356
2025-01-26 00:00:00+00:00,8.36758,288.8248
2025-01-26 01:00:00+00:00,7.69592,280.78424
2025-01-26 02:00:00+00:00,8.477216,273.65216
2025-01-26 03:00:00+00:00,10.478722,274.927
2025-01-26 04:00:00+00:00,10.062305,280.30478
2025-01-26 05:00:00+00:00,10.483357,285.94547
2025-01-26 06:00:00+00:00,11.230904,291.63095
2025-01-26 07:00:00+00:00,11.679213,294.5901
2025-01-26 08:00:00+00:00,11.91812,295.01685
2025-01-26 09:00:00+00:00,11.7,292.6199
2025-01-26 10:00:00+00:00,11.503113,290.13638
2025-01-26 11:00:00+00:00,9.224011,287.0206
2025-01-26 12:00:00+00:00,8.431228,286.1135
2025-01-26 13:00:00+00:00,10.587917,287.81897
2025-01-26 14:00:00+00:00,10.587917,287.81897
2025-01-26 15:00:00+00:00,10.3621235,287.176
2025-01-26 16:00:00+00:00,9.9977,283.53586
2025-01-26 17:00:00+00:00,9.354806,281.0937
2025-01-26 18:00:00+00:00,8.581677,279.65982
2025-01-26 19:00:00+00:00,7.9465466,283.0919
2025-01-26 20:00:00+00:00,7.570707,288.00424
2025-01-26 21:00:00+00:00,7.731623,294.77512
2025-01-26 22:00:00+00:00,7.3094187,307.99878
2025-01-26 23:00:00+00:00,7.2,306.86996
2025-01-27 00:00:00+00:00,6.945761,301.21835
2025-01-27 01:00:00+00:00,6.689125,293.80594
2025-01-27 02:00:00+00:00,6.6794305,284.03625
2025-01-27 03:00:00+00:00,8.197414,278.84174
2025-01-27 04:00:00+00:00,7.1661706,281.59213
2025-01-27 05:00:00+00:00,8.197414,289.23077
2025-01-27 06:00:00+00:00,9.847496,300.7841
2025-01-27 07:00:00+00:00,10.587918,305.31128
2025-01-27 08:00:00+00:00,10.83893,305.53775
2025-01-27 09:00:00+00:00,11.341428,305.9606
2025-01-27 10:00:00+00:00,12.599998,306.86996
2025-01-27 11:00:00+00:00,11.384198,304.69522
2025-01-27 12:00:00+00:00,6.9247384,297.8972
2025-01-27 13:00:00+00:00,9.568824,286.38962
2025-01-27 14:00:00+00:00,8.581677,279.65982
2025-01-27 15:00:00+00:00,8.287822,272.4895
2025-01-27 16:00:00+00:00,8.281956,271.24533
2025-01-27 17:00:00+00:00,8.669949,274.76355
2025-01-27 18:00:00+00:00,8.967541,280.40765
2025-01-27 19:00:00+00:00,8.777653,285.46127
2025-01-27 20:00:00+00:00,8.2584505,286.46008
2025-01-27 21:00:00+00:00,7.8625183,285.94547
2025-01-27 22:00:00+00:00,8.163749,284.03625
2025-01-27 23:00:00+00:00,7.9138603,287.19864
2025-01-28 00:00:00+00:00,7.6579366,293.55228
2025-01-28 01:00:00+00:00,7.256032,299.74478
2025-01-28 02:00:00+00:00,6.4323244,287.928
2025-01-28 03:00:00+00:00,7.3997297,274.18484
2025-01-28 04:00:00+00:00,5.7852573,264.64426
2025-01-28 05:00:00+00:00,5.771239,266.42374
2025-01-28 06:00:00+00:00,6.424764,281.3099
2025-01-28 07:00:00+00:00,6.7853074,291.80148
2025-01-28 08:00:00+00:00,7.329338,294.67685
2025-01-28 09:00:00+00:00,7.406295,295.94223
2025-01-28 10:00:00+00:00,7.42159,292.83368
2025-01-28 11:00:00+00:00,6.77575,286.9909
2025-01-28 12:00:00+00:00,7.3447943,287.1028
2025-01-28 13:00:00+00:00,6.9480934,286.55716
2025-01-28 14:00:00+00:00,4.913044,278.42688
2025-01-28 15:00:00+00:00,2.3469126,265.60138
2025-01-28 16:00:00+00:00,1.0182338,135.0001
2025-01-28 17:00:00+00:00,4.7521367,114.62355
2025-01-28 18:00:00+00:00,7.16617,115.277695
2025-01-28 19:00:00+00:00,8.827344,110.28265
2025-01-28 20:00:00+00:00,8.473393,102.26476
2025-01-28 21:00:00+00:00,7.613382,96.78888
2025-01-28 22:00:00+00:00,7.5685663,92.72626
2025-01-28 23:00:00+00:00,7.02,90.0
2025-01-29 00:00:00+00:00,7.256032,97.12492
2025-01-29 01:00:00+00:00,7.689603,106.31393
2025-01-29 02:00:00+00:00,7.8954163,114.22774
2025-01-29 03:00:00+00:00,10.234705,124.24909
2025-01-29 04:00:00+00:00,9.82114,131.2846
2025-01-29 05:00:00+00:00,11.975074,132.56331
2025-01-29 06:00:00+00:00,13.493999,133.91916
2025-01-29 07:00:00+00:00,13.513193,131.76021
2025-01-29 08:00:00+00:00,12.906138,129.90784
2025-01-29 09:00:00+00:00,12.566526,128.019
2025-01-29 10:00:00+00:00,12.124306,130.78574
2025-01-29 11:00:00+00:00,10.296251,126.46933
2025-01-29 12:00:00+00:00,6.9270773,114.56716
2025-01-29 13:00:00+00:00,8.65873,110.69553
2025-01-29 14:00:00+00:00,8.297589,114.34108
2025-01-29 15:00:00+00:00,8.242743,121.60746
2025-01-29 16:00:00+00:00,8.43699,123.690094
2025-01-29 17:00:00+00:00,8.490582,122.00535
2025-01-29 18:00:00+00:00,8.452336,116.56499
2025-01-29 19:00:00+00:00,8.482947,107.281586
2025-01-29 20:00:00+00:00,8.473393,102.26476
2025-01-29 21:00:00+00:00,8.37532,98.65246
2025-01-29 22:00:00+00:00,8.777653,105.46127
2025-01-29 23:00:00+00:00,8.085988,106.821495
2025-01-30 00:00:00+00:00,7.42159,112.833694
2025-01-30 01:00:00+00:00,7.570707,118.39293
2025-01-30 02:00:00+00:00,7.538541,123.310646
2025-01-30 03:00:00+00:00,9.290511,125.537766
2025-01-30 04:00:00+00:00,8.461915,128.08882
2025-01-30 05:00:00+00:00,8.967541,128.48022
2025-01-30 06:00:00+00:00,9.313152,131.08165
2025-01-30 07:00:00+00:00,8.92408,131.72942
2025-01-30 08:00:00+00:00,8.274128,134.1187
2025-01-30 09:00:00+00:00,7.7650757,134.0609
2025-01-30 10:00:00+00:00,7.491114,144.78232
2025-01-30 11:00:00+00:00,7.0407386,147.52882
2025-01-30 12:00:00+00:00,7.7734165,137.81563
2025-01-30 13:00:00+00:00,9.3340025,140.4774
2025-01-30 14:00:00+00:00,8.131936,152.30061
2025-01-30 15:00:00+00:00,7.9220443,158.68202
2025-01-30 16:00:00+00:00,7.754637,158.19853
2025-01-30 17:00:00+00:00,8.133928,155.13632
2025-01-30 18:00:00+00:00,8.242743,148.39255
2025-01-30 19:00:00+00:00,8.415842,138.46832
2025-01-30 20:00:00+00:00,7.8149853,128.45374
2025-01-30 21:00:00+00:00,7.186487,112.067955
2025-01-30 22:00:00+00:00,6.1858225,98.3658
2025-01-30 23:00:00+00:00,6.519877,96.340096
2025-01-31 00:00:00+00:00,6.66,108.92474
2025-01-31 01:00:00+00:00,6.4096174,128.15727
2025-01-31 02:00:00+00:00,6.989936,145.49142
2025-01-31 03:00:00+00:00,7.186487,157.93205
2025-01-31 04:00:00+00:00,6.0347,162.64589
2025-01-31 05:00:00+00:00,6.330782,165.17348
2025-01-31 06:00:00+00:00,7.247096,165.61858
2025-01-31 07:00:00+00:00,6.778141,169.28693
2025-01-31 08:00:00+00:00,6.482499,181.59111
2025-01-31 09:00:00+00:00,6.5024605,184.76355
2025-01-31 10:00:00+00:00,7.42159,194.03627
2025-01-31 11:00:00+00:00,6.5049515,194.4208
2025-01-31 12:00:00+00:00,6.9153743,218.65984
2025-01-31 13:00:00+00:00,6.21717,247.8905
2025-01-31 14:00:00+00:00,5.720489,282.72437
2025-01-31 15:00:00+00:00,5.8048253,330.25522
2025-01-31 16:00:00+00:00,7.79215,6.6324186
2025-01-31 17:00:00+00:00,7.406295,25.942251
2025-01-31 18:00:00+00:00,6.6624317,38.418083
2025-01-31 19:00:00+00:00,7.5105524,45.970932
2025-01-31 20:00:00+00:00,7.8149853,51.546265
2025-01-31 21:00:00+00:00,7.4520864,52.853233
2025-01-31 22:00:00+00:00,6.4096174,38.157276
2025-01-31 23:00:00+00:00,5.6521144,37.234917
2025-02-01 00:00:00+00:00,5.728979,43.72705
2025-02-01 01:00:00+00:00,5.369916,50.440376
2025-02-01 02:00:00+00:00,5.09435,57.99466
2025-02-01 03:00:00+00:00,5.8104043,73.81073
2025-02-01 04:00:00+00:00,5.232399,86.05489
2025-02-01 05:00:00+00:00,5.9427266,91.73567
2025-02-01 06:00:00+00:00,6.2483597,101.63361
2025-02-01 07:00:00+00:00,6.66,108.92474
2025-02-01 08:00:00+00:00,6.9270773,114.56716
2025-02-01 09:00:00+00:00,6.198903,115.820946
2025-02-01 10:00:00+00:00,5.2478566,120.96369
2025-02-01 11:00:00+00:00,3.710795,104.03627
2025-02-01 12:00:00+00:00,4.32,360.0
2025-02-01 13:00:00+00:00,6.898956,352.50424
2025-02-01 14:00:00+00:00,8.083983,348.4399
2025-02-01 15:00:00+00:00,8.083983,348.4399
2025-02-01 16:00:00+00:00,8.790563,349.3804
2025-02-01 17:00:00+00:00,9.743305,348.2749
2025-02-01 18:00:00+00:00,9.96524,343.20154
2025-02-01 19:00:00+00:00,9.504273,335.37646
2025-02-01 20:00:00+00:00,8.936778,325.66974
2025-02-01 21:00:00+00:00,9.5535755,317.29062
2025-02-01 22:00:00+00:00,7.4128532,330.9455
2025-02-01 23:00:00+00:00,6.2405767,326.76828
2025-02-02 00:00:00+00:00,5.983477,313.7812
2025-02-02 01:00:00+00:00,6.696387,306.25394
2025-02-02 02:00:00+00:00,8.187527,303.34073
2025-02-02 03:00:00+00:00,9.361731,307.97165
2025-02-02 04:00:00+00:00,10.062305,317.17474
2025-02-02 05:00:00+00:00,11.778658,321.20343
2025-02-02 06:00:00+00:00,12.961249,322.3343
2025-02-02 07:00:00+00:00,12.906138,320.09216
2025-02-02 08:00:00+00:00,13.259049,318.30194
2025-02-02 09:00:00+00:00,14.009968,317.08255
2025-02-02 10:00:00+00:00,14.133152,316.5481
2025-02-02 11:00:00+00:00,13.874019,315.52557
2025-02-02 12:00:00+00:00,9.7565975,307.5042
2025-02-02 13:00:00+00:00,9.847496,300.7841
2025-02-02 14:00:00+00:00,10.248941,300.61853
2025-02-02 15:00:00+00:00,10.742848,301.29297
2025-02-02 16:00:00+00:00,10.742848,301.29297
2025-02-02 17:00:00+00:00,10.742848,301.29297
2025-02-02 18:00:00+00:00,10.534229,303.147
2025-02-02 19:00:00+00:00,10.548061,306.67444
2025-02-02 20:00:00+00:00,10.373061,308.65982
2025-02-02 21:00:00+00:00,10.464797,310.81497
2025-02-02 22:00:00+00:00,8.790563,317.4896
2025-02-02 23:00:00+00:00,8.92408,318.27057
2025-02-03 00:00:00+00:00,8.65873,316.68463
2025-02-03 01:00:00+00:00,8.65873,316.68463
2025-02-03 02:00:00+00:00,8.909545,315.0001
2025-02-03 03:00:00+00:00,9.703319,310.48593
2025-02-03 04:00:00+00:00,8.688613,309.9575
2025-02-03 05:00:00+00:00,8.967541,308.48022
2025-02-03 06:00:00+00:00,9.039514,305.2725
2025-02-03 07:00:00+00:00,8.738811,302.38065
2025-02-03 08:00:00+00:00,8.6867485,304.01938
2025-02-03 09:00:00+00:00,7.9567327,307.64767
2025-02-03 10:00:00+00:00,7.388775,304.07724
2025-02-03 11:00:00+00:00,6.552099,307.18478
2025-02-03 12:00:00+00:00,6.804381,322.52374
2025-02-03 13:00:00+00:00,6.638072,347.4712
2025-02-03 14:00:00+00:00,6.391901,9.727519
2025-02-03 15:00:00+00:00,7.4346757,6.9528637
2025-02-03 16:00:00+00:00,8.107996,357.45523
2025-02-03 17:00:00+00:00,7.458606,8.325568
2025-02-03 18:00:00+00:00,6.050785,30.379045
2025-02-03 19:00:00+00:00,5.994297,41.347687
2025-02-03 20:00:00+00:00,6.198903,25.820946
2025-02-03 21:00:00+00:00,5.1544156,12.094739
2025-02-03 22:00:00+00:00,5.6060677,5.527458
2025-02-03 23:00:00+00:00,6.8541956,23.198618
2025-02-04 00:00:00+00:00,7.388775,34.07725
2025-02-04 01:00:00+00:00,6.502461,48.366554
2025-02-04 02:00:00+00:00,6.4624763,77.125
2025-02-04 03:00:00+00:00,7.353611,68.45896
2025-02-04 04:00:00+00:00,4.175069,97.43131
2025-02-04 05:00:00+00:00,1.8532133,119.05451
2025-02-04 06:00:00+00:00,1.9881649,84.805664
2025-02-04 07:00:00+00:00,2.9024127,7.12493
2025-02-04 08:00:00+00:00,2.5772078,12.094739
2025-02-04 09:00:00+00:00,4.2175345,39.805527
2025-02-04 10:00:00+00:00,5.920878,250.46326
2025-02-04 11:00:00+00:00,5.00128,239.74365
2025-02-04 12:00:00+00:00,2.8856194,266.42374
2025-02-04 13:00:00+00:00,3.4388947,317.1211
2025-02-04 14:00:00+00:00,4.3498964,335.55606
2025-02-04 15:00:00+00:00,7.388775,325.92276
2025-02-04 16:00:00+00:00,6.5520988,339.07544
2025-02-04 17:00:00+00:00,6.830519,341.56494
2025-02-04 18:00:00+00:00,8.39078,337.28555
2025-02-04 19:00:00+00:00,10.036512,327.45
2025-02-04 20:00:00+00:00,10.692969,323.9016
2025-02-04 21:00:00+00:00,9.7565975,322.4958
2025-02-04 22:00:00+00:00,11.345712,311.78442
2025-02-04 23:00:00+00:00,10.036512,302.55
2025-02-05 00:00:00+00:00,10.070353,294.2744
2025-02-05 01:00:00+00:00,10.730778,292.69382
2025-02-05 02:00:00+00:00,11.368535,293.31772
2025-02-05 03:00:00+00:00,12.337553,293.1986
2025-02-05 04:00:00+00:00,12.47726,296.56497
2025-02-05 05:00:00+00:00,13.479583,304.1145
2025-02-05 06:00:00+00:00,14.618837,307.99878
2025-02-05 07:00:00+00:00,15.443328,310.74606
2025-02-05 08:00:00+00:00,16.22498,310.04965
2025-02-05 09:00:00+00:00,16.458931,311.009
2025-02-05 10:00:00+00:00,15.881875,305.31128
2025-02-05 11:00:00+00:00,14.628807,304.47226
2025-02-05 12:00:00+00:00,9.257321,296.56497
2025-02-05 13:00:00+00:00,8.766573,289.1791
2025-02-05 14:00:00+00:00,8.731391,284.32275
2025-02-05 15:00:00+00:00,8.557102,284.6209
2025-02-05 16:00:00+00:00,9.0,286.26028
2025-02-05 17:00:00+00:00,9.526405,292.20352
2025-02-05 18:00:00+00:00,10.094454,301.13892
2025-02-05 19:00:00+00:00,11.091564,311.71066
2025-02-05 20:00:00+00:00,12.284918,320.94687
2025-02-05 21:00:00+00:00,13.432632,327.5877
2025-02-05 22:00:00+00:00,14.571108,332.80194
2025-02-05 23:00:00+00:00,14.658676,335.32315
2025-02-06 00:00:00+00:00,14.206323,337.6593
2025-02-06 01:00:00+00:00,12.886039,335.22488
2025-02-06 02:00:00+00:00,12.4811535,326.76828
2025-02-06 03:00:00+00:00,14.133152,316.5481
2025-02-06 04:00:00+00:00,14.133152,313.4519
2025-02-06 05:00:00+00:00,16.554129,313.23764
2025-02-06 06:00:00+00:00,18.466455,313.0251
2025-02-06 07:00:00+00:00,20.91256,311.51056
2025-02-06 08:00:00+00:00,22.101917,310.0445
2025-02-06 09:00:00+00:00,22.589102,310.7993
2025-02-06 10:00:00+00:00,23.000591,309.92032
2025-02-06 11:00:00+00:00,20.64436,312.1728
2025-02-06 12:00:00+00:00,15.934829,311.7947
2025-02-06 13:00:00+00:00,13.248049,306.7143
2025-02-06 14:00:00+00:00,12.815443,299.44534
2025-02-06 15:00:00+00:00,13.3649235,295.52966
2025-02-06 16:00:00+00:00,14.1102085,293.2946
2025-02-06 17:00:00+00:00,14.328949,296.88684
2025-02-06 18:00:00+00:00,15.035119,301.7872
2025-02-06 19:00:00+00:00,16.383955,305.61093
2025-02-06 20:00:00+00:00,16.165964,307.76312
2025-02-06 21:00:00+00:00,16.165964,307.76312
2025-02-06 22:00:00+00:00,16.391863,301.0716
2025-02-06 23:00:00+00:00,16.663372,296.2882
2025-02-07 00:00:00+00:00,16.42247,296.0033
2025-02-07 01:00:00+00:00,15.617529,295.97433
2025-02-07 02:00:00+00:00,15.410776,292.6714
2025-02-07 03:00:00+00:00,17.71789,290.82864
2025-02-07 04:00:00+00:00,18.720001,292.6199
2025-02-07 05:00:00+00:00,19.56377,295.62195
2025-02-07 06:00:00+00:00,19.652176,298.4428
2025-02-07 07:00:00+00:00,20.542881,298.8107
2025-02-07 08:00:00+00:00,21.495497,297.42328
2025-02-07 09:00:00+00:00,22.057161,296.1468
2025-02-07 10:00:00+00:00,22.06377,295.10156
2025-02-07 11:00:00+00:00,18.69662,293.85046
2025-02-07 12:00:00+00:00,13.54911,289.39792
2025-02-07 13:00:00+00:00,11.27553,286.6993
2025-02-07 14:00:00+00:00,11.39842,285.5726
2025-02-07 15:00:00+00:00,12.140329,285.4787
2025-02-07 16:00:00+00:00,12.638512,287.4028
2025-02-07 17:00:00+00:00,12.43434,292.1095
2025-02-07 18:00:00+00:00,12.72283,295.1148
2025-02-07 19:00:00+00:00,12.638513,296.20004
2025-02-07 20:00:00+00:00,12.7279215,298.7397
2025-02-07 21:00:00+00:00,12.74954,300.5475
2025-02-07 22:00:00+00:00,13.130133,298.67307
2025-02-07 23:00:00+00:00,13.443481,296.2219
2025-02-08 00:00:00+00:00,12.976239,293.7204
2025-02-08 01:00:00+00:00,12.69351,288.1781
2025-02-08 02:00:00+00:00,12.886039,282.09473
2025-02-08 03:00:00+00:00,14.869351,276.95285
2025-02-08 04:00:00+00:00,15.501959,282.7453
2025-02-08 05:00:00+00:00,15.655861,289.47665
2025-02-08 06:00:00+00:00,16.431347,294.59976
2025-02-08 07:00:00+00:00,16.63905,301.2826
2025-02-08 08:00:00+00:00,16.45204,306.99536
2025-02-08 09:00:00+00:00,16.323528,311.42358
2025-02-08 10:00:00+00:00,14.545515,310.98572
2025-02-08 11:00:00+00:00,11.480557,311.18582
2025-02-08 12:00:00+00:00,7.0407386,302.47116
2025-02-08 13:00:00+00:00,9.504273,294.62354
2025-02-08 14:00:00+00:00,7.9465466,283.0919
2025-02-08 15:00:00+00:00,8.149847,276.3401
2025-02-08 16:00:00+00:00,8.461914,271.21884
2025-02-08 17:00:00+00:00,8.827344,272.33725
2025-02-08 18:00:00+00:00,9.243311,276.70975
2025-02-08 19:00:00+00:00,9.5196,285.3502
2025-02-08 20:00:00+00:00,9.526405,292.20352
2025-02-08 21:00:00+00:00,9.54,301.89075
2025-02-08 22:00:00+00:00,8.400428,315.0001
2025-02-08 23:00:00+00:00,8.738811,327.61935
2025-02-09 00:00:00+00:00,8.149847,329.47037
2025-02-09 01:00:00+00:00,7.44121,327.84772
2025-02-09 02:00:00+00:00,6.618519,315.0001
2025-02-09 03:00:00+00:00,6.989936,304.50858
2025-02-09 04:00:00+00:00,5.5596404,299.0545
2025-02-09 05:00:00+00:00,5.6492476,292.47946
2025-02-09 06:00:00+00:00,6.206738,286.8585
2025-02-09 07:00:00+00:00,6.830519,288.43503
2025-02-09 08:00:00+00:00,8.085988,286.8215
2025-02-09 09:00:00+00:00,8.827343,286.5874
2025-02-09 10:00:00+00:00,9.059205,290.95584
2025-02-09 11:00:00+00:00,8.089993,290.85452
2025-02-09 12:00:00+00:00,7.4932766,294.10223
2025-02-09 13:00:00+00:00,10.7894945,297.84747
2025-02-09 14:00:00+00:00,10.036512,302.55
2025-02-09 15:00:00+00:00,9.939196,305.4171
2025-02-09 16:00:00+00:00,10.1887,302.00534
2025-02-09 17:00:00+00:00,10.34178,301.47678
2025-02-09 18:00:00+00:00,10.495713,300.96368
2025-02-09 19:00:00+00:00,10.120099,308.50067
2025-02-09 20:00:00+00:00,9.422101,316.5481
2025-02-09 21:00:00+00:00,8.748075,323.36578
2025-02-09 22:00:00+00:00,8.099999,323.13
2025-02-09 23:00:00+00:00,7.7650757,315.9391
2025-02-10 00:00:00+00:00,7.4128532,299.0545
2025-02-10 01:00:00+00:00,6.2483597,281.6336
2025-02-10 02:00:00+00:00,6.8423676,268.49258
2025-02-10 03:00:00+00:00,7.555712,257.61926
2025-02-10 04:00:00+00:00,6.2145634,259.9921
2025-02-10 05:00:00+00:00,7.3997297,265.81516
2025-02-10 06:00:00+00:00,7.928178,267.3975
2025-02-10 07:00:00+00:00,8.528657,277.2749
2025-02-10 08:00:00+00:00,8.43699,281.07016
2025-02-10 09:00:00+00:00,8.513448,283.44864
2025-02-10 10:00:00+00:00,8.996398,289.88525
2025-02-10 11:00:00+00:00,7.0038276,295.90643
2025-02-10 12:00:00+00:00,7.6388745,325.56094
2025-02-10 13:00:00+00:00,10.662626,338.19852
2025-02-10 14:00:00+00:00,10.837435,348.50345
2025-02-10 15:00:00+00:00,10.182337,351.87
2025-02-10 16:00:00+00:00,10.182337,351.87
2025-02-10 17:00:00+00:00,10.453957,357.03912
2025-02-10 18:00:00+00:00,10.813492,2.8623457
2025-02-10 19:00:00+00:00,10.316686,6.0089183
2025-02-10 20:00:00+00:00,10.086427,2.0453732
2025-02-10 21:00:00+00:00,9.9587345,353.77426
2025-02-10 22:00:00+00:00,6.830519,341.56494
2025-02-10 23:00:00+00:00,5.6835546,280.954
2025-02-11 00:00:00+00:00,6.037383,259.69522
2025-02-11 01:00:00+00:00,6.778141,259.28693
2025-02-11 02:00:00+00:00,6.489992,266.82022
2025-02-11 03:00:00+00:00,7.040739,274.39862
2025-02-11 04:00:00+00:00,4.412754,281.76825
2025-02-11 05:00:00+00:00,4.802999,282.99463
2025-02-11 06:00:00+00:00,5.8048253,277.1249
2025-02-11 07:00:00+00:00,6.6794305,284.03625
2025-02-11 08:00:00+00:00,7.0843205,297.21603
2025-02-11 09:00:00+00:00,7.001514,313.95847
2025-02-11 10:00:00+00:00,7.3469996,300.96368
2025-02-11 11:00:00+00:00,6.193674,305.53775
2025-02-11 12:00:00+00:00,7.44121,327.84772
2025-02-11 13:00:00+00:00,9.6480665,345.9637
2025-02-11 14:00:00+00:00,9.914717,356.87793
2025-02-11 15:00:00+00:00,9.36,360.0
2025-02-11 16:00:00+00:00,8.656858,3.5762644
2025-02-11 17:00:00+00:00,8.669949,4.763556
2025-02-11 18:00:00+00:00,8.836514,3.5034683
2025-02-11 19:00:00+00:00,9.582359,354.61078
2025-02-11 20:00:00+00:00,7.968939,341.56494
2025-02-11 21:00:00+00:00,8.133928,335.13632
2025-02-11 22:00:00+00:00,8.654987,315.0001
2025-02-11 23:00:00+00:00,9.9,306.86996
2025-02-12 00:00:00+00:00,10.837435,302.10623
2025-02-12 01:00:00+00:00,11.19189,297.80136
2025-02-12 02:00:00+00:00,12.570394,299.13422
2025-02-12 03:00:00+00:00,14.082628,305.1121
2025-02-12 04:00:00+00:00,14.650938,312.5104
2025-02-12 05:00:00+00:00,15.146761,314.5186
2025-02-12 06:00:00+00:00,16.554129,313.23764
2025-02-12 07:00:00+00:00,19.219584,314.6206
2025-02-12 08:00:00+00:00,20.366266,314.2839
2025-02-12 09:00:00+00:00,20.150354,311.37842
2025-02-12 10:00:00+00:00,21.618742,309.25583
2025-02-12 11:00:00+00:00,19.296135,306.6562
2025-02-12 12:00:00+00:00,14.913952,299.659
2025-02-12 13:00:00+00:00,13.8049555,292.21765
2025-02-12 14:00:00+00:00,14.474059,291.1399
2025-02-12 15:00:00+00:00,14.731437,296.87805
2025-02-12 16:00:00+00:00,15.159591,299.91354
2025-02-12 17:00:00+00:00,15.283048,302.00534
2025-02-12 18:00:00+00:00,15.589497,306.0761
2025-02-12 19:00:00+00:00,15.815435,311.30853
2025-02-12 20:00:00+00:00,15.782622,315.0001
2025-02-12 21:00:00+00:00,16.045261,316.81827
2025-02-12 22:00:00+00:00,15.6806755,311.74268
2025-02-12 23:00:00+00:00,15.825675,303.87085
2025-02-13 00:00:00+00:00,16.263872,297.69937
2025-02-13 01:00:00+00:00,16.34832,290.62997
2025-02-13 02:00:00+00:00,16.940096,284.7746
2025-02-13 03:00:00+00:00,18.568813,281.7456
2025-02-13 04:00:00+00:00,19.340576,284.55362
2025-02-13 05:00:00+00:00,20.778112,289.21985
2025-02-13 06:00:00+00:00,22.380884,295.74066
2025-02-13 07:00:00+00:00,23.71769,302.60458
2025-02-13 08:00:00+00:00,24.552025,306.95398
2025-02-13 09:00:00+00:00,25.308409,307.19598
2025-02-13 10:00:00+00:00,25.133053,308.01898
2025-02-13 11:00:00+00:00,20.276182,305.24213
2025-02-13 12:00:00+00:00,16.521803,299.35767
2025-02-13 13:00:00+00:00,14.64209,290.88586
2025-02-13 14:00:00+00:00,14.517644,287.31174
2025-02-13 15:00:00+00:00,15.156386,285.852
2025-02-13 16:00:00+00:00,15.655861,287.3934
2025-02-13 17:00:00+00:00,15.552041,286.12766
2025-02-13 18:00:00+00:00,14.917212,289.74692
2025-02-13 19:00:00+00:00,14.913952,293.471
2025-02-13 20:00:00+00:00,14.897651,298.11313
2025-02-13 21:00:00+00:00,14.602204,300.35803
2025-02-13 22:00:00+00:00,14.926983,303.6901
2025-02-13 23:00:00+00:00,15.035119,301.7872
2025-02-14 00:00:00+00:00,14.49531,294.97388
2025-02-14 01:00:00+00:00,14.275713,293.00888
2025-02-14 02:00:00+00:00,14.0734215,290.98495
2025-02-14 03:00:00+00:00,16.62444,289.61218
2025-02-14 04:00:00+00:00,16.685717,290.19443
2025-02-14 05:00:00+00:00,18.65151,292.1095
2025-02-14 06:00:00+00:00,19.500736,293.9625
2025-02-14 07:00:00+00:00,19.59356,293.26773
2025-02-14 08:00:00+00:00,20.929594,296.56497
2025-02-14 09:00:00+00:00,20.688257,296.34204
2025-02-14 10:00:00+00:00,20.423456,292.27032
2025-02-14 11:00:00+00:00,17.992796,289.88525
2025-02-14 12:00:00+00:00,13.229694,284.9817
2025-02-14 13:00:00+00:00,12.429127,280.0079
2025-02-14 14:00:00+00:00,12.849528,281.3099
2025-02-14 15:00:00+00:00,13.207634,287.44727
2025-02-14 16:00:00+00:00,12.835653,292.24908
2025-02-14 17:00:00+00:00,11.521406,298.96756
2025-02-14 18:00:00+00:00,10.094454,309.9363
2025-02-14 19:00:00+00:00,9.252069,322.90707
2025-02-14 20:00:00+00:00,9.19939,329.42084
2025-02-14 21:00:00+00:00,7.995323,328.8151
2025-02-14 22:00:00+00:00,8.019601,315.90927
2025-02-14 23:00:00+00:00,6.9527545,291.25058
2025-02-15 00:00:00+00:00,6.8399997,270.0
2025-02-15 01:00:00+00:00,6.2999997,270.0
2025-02-15 02:00:00+00:00,5.3999996,270.0
2025-02-15 03:00:00+00:00,4.5572357,279.09018
2025-02-15 04:00:00+00:00,2.4216523,311.98712
2025-02-15 05:00:00+00:00,3.143565,336.3706
2025-02-15 06:00:00+00:00,6.8989563,344.87595
2025-02-15 07:00:00+00:00,11.159999,360.0
2025-02-15 08:00:00+00:00,12.535549,21.037588
2025-02-15 09:00:00+00:00,11.345712,41.784435
2025-02-15 10:00:00+00:00,10.564941,44.309803
2025-02-15 11:00:00+00:00,9.793059,53.972538
2025-02-15 12:00:00+00:00,6.4924874,43.876797
2025-02-15 13:00:00+00:00,8.574123,50.964497
2025-02-15 14:00:00+00:00,8.035746,74.407135
2025-02-15 15:00:00+00:00,7.02,90.0
2025-02-15 16:00:00+00:00,7.293888,105.75124
2025-02-15 17:00:00+00:00,7.3997297,108.43504
2025-02-15 18:00:00+00:00,6.87779,96.00892
2025-02-15 19:00:00+00:00,4.293669,56.976128
2025-02-15 20:00:00+00:00,5.8631387,17.87879
2025-02-15 21:00:00+00:00,6.4624763,12.875007
2025-02-15 22:00:00+00:00,6.151683,20.556128
2025-02-15 23:00:00+00:00,7.5019197,30.256361
2025-02-16 00:00:00+00:00,8.53815,34.69522
2025-02-16 01:00:00+00:00,7.7420926,35.537766
2025-02-16 02:00:00+00:00,5.48631,41.00899
2025-02-16 03:00:00+00:00,3.6402748,81.46932
2025-02-16 04:00:00+00:00,1.2074767,153.43501
2025-02-16 05:00:00+00:00,0.9,143.13002
2025-02-16 06:00:00+00:00,1.1525624,128.65984
2025-02-16 07:00:00+00:00,1.4058449,219.80553
2025-02-16 08:00:00+00:00,2.7534704,258.6901
2025-02-16 09:00:00+00:00,4.278551,284.6209
2025-02-16 10:00:00+00:00,2.8799999,270.0
2025-02-16 11:00:00+00:00,3.9477081,313.1524
2025-02-16 12:00:00+00:00,6.090812,325.84024
2025-02-16 13:00:00+00:00,8.297589,335.6589
2025-02-16 14:00:00+00:00,8.538149,341.56494
2025-02-16 15:00:00+00:00,8.553314,351.52893
2025-02-16 16:00:00+00:00,8.490582,4.864438
2025-02-16 17:00:00+00:00,7.5213294,21.037588
2025-02-16 18:00:00+00:00,7.256032,29.744795
2025-02-16 19:00:00+00:00,8.0599,29.427368
2025-02-16 20:00:00+00:00,7.353611,21.54104
2025-02-16 21:00:00+00:00,8.490582,4.864438
2025-02-16 22:00:00+00:00,8.581677,350.34018
2025-02-16 23:00:00+00:00,8.171683,352.40543
2025-02-17 00:00:00+00:00,8.647496,357.6141
2025-02-17 01:00:00+00:00,7.072878,345.25638
2025-02-17 02:00:00+00:00,3.4576871,308.65982
2025-02-17 03:00:00+00:00,4.143911,304.3804
2025-02-17 04:00:00+00:00,2.50064,300.25635
2025-02-17 05:00:00+00:00,1.6981165,302.00534
2025-02-17 06:00:00+00:00,1.8,270.0
2025-02-17 07:00:00+00:00,2.9301877,280.6196
2025-02-17 08:00:00+00:00,4.143911,304.3804
2025-02-17 09:00:00+00:00,5.6060677,317.6026
2025-02-17 10:00:00+00:00,8.133928,335.13632
2025-02-17 11:00:00+00:00,8.155807,337.9637
2025-02-17 12:00:00+00:00,6.0347,342.64587
2025-02-17 13:00:00+00:00,9.580668,334.39786
2025-02-17 14:00:00+00:00,9.82114,333.90463
2025-02-17 15:00:00+00:00,10.1887,327.99466
2025-02-17 16:00:00+00:00,9.67657,316.5074
2025-02-17 17:00:00+00:00,8.274128,315.88132
2025-02-17 18:00:00+00:00,7.5105524,315.97092
2025-02-17 19:00:00+00:00,7.193247,328.2986
2025-02-17 20:00:00+00:00,7.256032,336.61475
2025-02-17 21:00:00+00:00,7.458606,340.25308
2025-02-17 22:00:00+00:00,6.6624317,358.45187
2025-02-17 23:00:00+00:00,7.79215,353.36758
2025-02-18 00:00:00+00:00,8.089993,339.14545
2025-02-18 01:00:00+00:00,7.001514,313.95847
2025-02-18 02:00:00+00:00,5.634891,296.56497
2025-02-18 03:00:00+00:00,6.5693827,279.46225
2025-02-18 04:00:00+00:00,6.6624317,268.45187
2025-02-18 05:00:00+00:00,8.107996,267.45526
2025-02-18 06:00:00+00:00,10.158444,277.1249
2025-02-18 07:00:00+00:00,11.612441,288.99673
2025-02-18 08:00:00+00:00,11.679213,294.5901
2025-02-18 09:00:00+00:00,11.9466305,300.81564
2025-02-18 10:00:00+00:00,12.785069,305.25644
2025-02-18 11:00:00+00:00,12.031756,308.92755
2025-02-18 12:00:00+00:00,6.7757506,309.61066
2025-02-18 13:00:00+00:00,9.504272,307.30402
2025-02-18 14:00:00+00:00,9.648067,306.6562
2025-02-18 15:00:00+00:00,9.585739,304.28693
2025-02-18 16:00:00+00:00,8.6867485,304.01938
2025-02-18 17:00:00+00:00,8.641874,305.67648
2025-02-18 18:00:00+00:00,8.604301,307.34943
2025-02-18 19:00:00+00:00,8.281956,312.3574
2025-02-18 20:00:00+00:00,8.019601,315.90927
2025-02-18 21:00:00+00:00,7.8954163,316.8476
2025-02-18 22:00:00+00:00,7.256032,316.00497
2025-02-18 23:00:00+00:00,7.562142,308.23386
2025-02-19 00:00:00+00:00,7.0843205,297.21603
2025-02-19 01:00:00+00:00,6.7853074,291.80148
2025-02-19 02:00:00+00:00,8.431228,286.1135
2025-02-19 03:00:00+00:00,9.346143,285.6423
2025-02-19 04:00:00+00:00,8.936777,288.8
2025-02-19 05:00:00+00:00,8.827344,290.28265
2025-02-19 06:00:00+00:00,9.05205,287.3541
2025-02-19 07:00:00+00:00,8.12197,282.80426
2025-02-19 08:00:00+00:00,7.922045,268.6981
2025-02-19 09:00:00+00:00,8.083983,258.4399
2025-02-19 10:00:00+00:00,9.743305,258.2749
2025-02-19 11:00:00+00:00,8.101999,271.273
2025-02-19 12:00:00+00:00,6.156947,307.87503
2025-02-19 13:00:00+00:00,8.027677,340.3461
2025-02-19 14:00:00+00:00,7.613382,6.7888846
2025-02-19 15:00:00+00:00,7.570707,18.00426
2025-02-19 16:00:00+00:00,8.958504,22.442802
2025-02-19 17:00:00+00:00,2.6999998,306.86996
2025-02-19 18:00:00+00:00,3.9477081,226.8476
2025-02-19 19:00:00+00:00,5.6060677,222.39738
2025-02-19 20:00:00+00:00,5.9427266,178.26433
2025-02-19 21:00:00+00:00,5.8603754,137.4896
2025-02-19 22:00:00+00:00,4.755544,150.5242
2025-02-19 23:00:00+00:00,5.1481256,143.53067
2025-02-20 00:00:00+00:00,7.823272,113.02553
2025-02-20 01:00:00+00:00,11.500296,107.30062
2025-02-20 02:00:00+00:00,11.700001,104.25006
2025-02-20 03:00:00+00:00,13.138765,99.46225
2025-02-20 04:00:00+00:00,13.737904,95.26231
2025-02-20 05:00:00+00:00,15.273505,98.13002
2025-02-20 06:00:00+00:00,18.855375,110.684166
2025-02-20 07:00:00+00:00,22.460365,117.18103
2025-02-20 08:00:00+00:00,23.646545,120.66449
2025-02-20 09:00:00+00:00,23.520151,125.02802
2025-02-20 10:00:00+00:00,21.817902,127.6263
2025-02-20 11:00:00+00:00,19.820442,129.47244
2025-02-20 12:00:00+00:00,13.466357,127.94221
2025-02-20 13:00:00+00:00,12.011544,119.63829
2025-02-20 14:00:00+00:00,14.275713,113.0089
2025-02-20 15:00:00+00:00,14.917212,109.74693
2025-02-20 16:00:00+00:00,13.905509,111.25058
2025-02-20 17:00:00+00:00,10.621525,90.971
2025-02-20 18:00:00+00:00,13.036026,54.55421
2025-02-20 19:00:00+00:00,13.684735,54.63746
2025-02-20 20:00:00+00:00,11.440979,65.85446
2025-02-20 21:00:00+00:00,10.3621235,72.82401
2025-02-20 22:00:00+00:00,6.8423676,35.362556
2025-02-20 23:00:00+00:00,6.1094027,44.999897
2025-02-21 00:00:00+00:00,7.7420926,54.46224
2025-02-21 01:00:00+00:00,8.6193495,61.294147
2025-02-21 02:00:00+00:00,3.9966483,54.16227
2025-02-21 03:00:00+00:00,3.244996,56.3099
2025-02-21 04:00:00+00:00,1.609969,63.435013
2025-02-21 05:00:00+00:00,0.742159,104.03627
2025-02-21 06:00:00+00:00,1.1525624,218.65984
2025-02-21 07:00:00+00:00,2.8174455,243.43501
2025-02-21 08:00:00+00:00,3.438895,263.9911
2025-02-21 09:00:00+00:00,5.2478566,275.90604
2025-02-21 10:00:00+00:00,9.585739,304.28693
2025-02-21 11:00:00+00:00,11.500296,309.92032
2025-02-21 12:00:00+00:00,9.686609,311.98712
2025-02-21 13:00:00+00:00,9.292254,315.78473
2025-02-21 14:00:00+00:00,9.5535755,317.29062
2025-02-21 15:00:00+00:00,9.432412,311.90585
2025-02-21 16:00:00+00:00,9.361731,307.97165
2025-02-21 17:00:00+00:00,9.636307,302.79953
2025-02-21 18:00:00+00:00,9.847496,300.7841
2025-02-21 19:00:00+00:00,10.63372,303.9591
2025-02-21 20:00:00+00:00,11.052058,307.0566
2025-02-21 21:00:00+00:00,11.448055,306.68982
2025-02-21 22:00:00+00:00,10.441551,305.88223
2025-02-21 23:00:00+00:00,10.152064,307.07315
2025-02-22 00:00:00+00:00,10.472535,298.76755
2025-02-22 01:00:00+00:00,11.465024,292.13553
2025-02-22 02:00:00+00:00,11.534054,292.9638
2025-02-22 03:00:00+00:00,11.35285,295.34613
2025-02-22 04:00:00+00:00,12.413477,299.5387
2025-02-22 05:00:00+00:00,13.089354,301.5042
2025-02-22 06:00:00+00:00,13.479583,304.1145
2025-02-22 07:00:00+00:00,13.33094,304.54843
2025-02-22 08:00:00+00:00,14.428097,303.29358
2025-02-22 09:00:00+00:00,15.277749,304.43906
2025-02-22 10:00:00+00:00,14.428097,303.29358
2025-02-22 11:00:00+00:00,12.783802,302.3474
2025-02-22 12:00:00+00:00,8.587338,303.02386
2025-02-22 13:00:00+00:00,7.2,306.86996
2025-02-22 14:00:00+00:00,7.382195,315.0001
2025-02-22 15:00:00+00:00,7.674842,320.7106
2025-02-22 16:00:00+00:00,8.161764,318.57642
2025-02-22 17:00:00+00:00,8.55142,310.73203
2025-02-22 18:00:00+00:00,8.3520775,307.11694
2025-02-22 19:00:00+00:00,7.7879906,303.6901
2025-02-22 20:00:00+00:00,7.491114,305.21768
2025-02-22 21:00:00+00:00,7.5363917,310.1559
2025-02-22 22:00:00+00:00,6.7565966,311.7602
2025-02-22 23:00:00+00:00,6.4924874,313.87677
2025-02-23 00:00:00+00:00,6.299999,306.86996
2025-02-23 01:00:00+00:00,5.8769383,297.3498
2025-02-23 02:00:00+00:00,7.5213294,291.03757
2025-02-23 03:00:00+00:00,6.5248446,294.44394
2025-02-23 04:00:00+00:00,6.12,298.0724
2025-02-23 05:00:00+00:00,7.5019197,300.25635
2025-02-23 06:00:00+00:00,8.78872,304.9921
2025-02-23 07:00:00+00:00,9.085988,303.6901
2025-02-23 08:00:00+00:00,8.641874,305.67648
2025-02-23 09:00:00+00:00,8.893166,305.9422
2025-02-23 10:00:00+00:00,10.717182,299.14798
2025-02-23 11:00:00+00:00,10.304114,297.01257
2025-02-23 12:00:00+00:00,5.7176566,298.1785
2025-02-23 13:00:00+00:00,10.152064,307.07315
2025-02-23 14:00:00+00:00,10.094454,320.0637
2025-02-23 15:00:00+00:00,10.00256,329.74365
2025-02-23 16:00:00+00:00,9.984729,332.04913
2025-02-23 17:00:00+00:00,9.636307,327.20047
2025-02-23 18:00:00+00:00,9.688281,324.8335
2025-02-23 19:00:00+00:00,9.847496,329.2159
2025-02-23 20:00:00+00:00,10.223619,333.88614
2025-02-23 21:00:00+00:00,10.662626,338.19852
2025-02-23 22:00:00+00:00,8.181589,320.35587
2025-02-23 23:00:00+00:00,7.001514,313.95847
2025-02-24 00:00:00+00:00,6.7469993,316.08084
2025-02-24 01:00:00+00:00,6.7565966,311.7602
2025-02-24 02:00:00+00:00,7.689603,302.57404
2025-02-24 03:00:00+00:00,6.12,298.0724
2025-02-24 04:00:00+00:00,4.829907,296.56497
2025-02-24 05:00:00+00:00,5.09435,302.00534
2025-02-24 06:00:00+00:00,5.293959,305.31128
2025-02-24 07:00:00+00:00,5.072041,297.47433
2025-02-24 08:00:00+00:00,6.76618,298.61035
2025-02-24 09:00:00+00:00,7.193247,301.7014
2025-02-24 10:00:00+00:00,10.548061,306.67444
2025-02-24 11:00:00+00:00,10.946013,315.0001
2025-02-24 12:00:00+00:00,6.623413,317.2026
2025-02-24 13:00:00+00:00,8.805294,319.1447
2025-02-24 14:00:00+00:00,9.793059,323.97253
2025-02-24 15:00:00+00:00,9.9408245,328.3246
2025-02-24 16:00:00+00:00,9.449572,319.63553
2025-02-24 17:00:00+00:00,9.693296,301.32864
2025-02-24 18:00:00+00:00,9.83268,293.7495
2025-02-24 19:00:00+00:00,10.34178,301.47678
2025-02-24 20:00:00+00:00,10.464797,310.81497
2025-02-24 21:00:00+00:00,9.614426,321.8427
2025-02-24 22:00:00+00:00,8.490582,327.99466
2025-02-24 23:00:00+00:00,8.6867485,325.9806
2025-02-25 00:00:00+00:00,7.7043357,322.59457
2025-02-25 01:00:00+00:00,8.297589,335.6589
2025-02-25 02:00:00+00:00,4.080882,311.42358
2025-02-25 03:00:00+00:00,6.519877,276.3401
2025-02-25 04:00:00+00:00,6.122647,271.68463
2025-02-25 05:00:00+00:00,4.8633323,267.87894
2025-02-25 06:00:00+00:00,6.830519,288.43503
2025-02-25 07:00:00+00:00,7.42159,309.09384
2025-02-25 08:00:00+00:00,7.3094187,322.00122
2025-02-25 09:00:00+00:00,6.76618,331.38962
2025-02-25 10:00:00+00:00,6.9480934,306.57312
2025-02-25 11:00:00+00:00,7.029225,309.8055
2025-02-25 12:00:00+00:00,4.3349743,311.63345
2025-02-25 13:00:00+00:00,7.282774,309.98682
2025-02-25 14:00:00+00:00,7.889258,304.7779
2025-02-25 15:00:00+00:00,8.161764,311.42358
2025-02-25 16:00:00+00:00,6.4323244,342.072
2025-02-25 17:00:00+00:00,4.6938257,32.471172
2025-02-25 18:00:00+00:00,5.232399,86.05489
2025-02-25 19:00:00+00:00,5.5216303,109.025696
2025-02-25 20:00:00+00:00,5.983477,133.7812
2025-02-25 21:00:00+00:00,6.248359,138.50363
2025-02-25 22:00:00+00:00,6.050785,149.62096
2025-02-25 23:00:00+00:00,4.755544,150.5242
2025-02-26 00:00:00+00:00,5.6233797,129.80553
2025-02-26 01:00:00+00:00,5.8048253,150.2552
2025-02-26 02:00:00+00:00,5.4029994,181.9091
2025-02-26 03:00:00+00:00,7.256032,156.61476
2025-02-26 04:00:00+00:00,7.1321807,132.95459
2025-02-26 05:00:00+00:00,7.7734165,132.18437
2025-02-26 06:00:00+00:00,7.0107627,138.12222
2025-02-26 07:00:00+00:00,6.7565966,138.23979
2025-02-26 08:00:00+00:00,6.7565966,131.76021
2025-02-26 09:00:00+00:00,6.193674,144.46223
2025-02-26 10:00:00+00:00,5.004518,232.3057
2025-02-26 11:00:00+00:00,4.896529,252.89719
2025-02-26 12:00:00+00:00,4.542994,303.6901
2025-02-26 13:00:00+00:00,6.689125,336.19403
2025-02-26 14:00:00+00:00,6.0908127,341.02948
2025-02-26 15:00:00+00:00,5.2323985,26.564985
2025-02-26 16:00:00+00:00,5.232399,86.05489
2025-02-26 17:00:00+00:00,6.114703,132.61403
2025-02-26 18:00:00+00:00,7.186487,202.06795
2025-02-26 19:00:00+00:00,7.7879906,213.6901
2025-02-26 20:00:00+00:00,8.863972,209.16751
2025-02-26 21:00:00+00:00,6.9527545,201.25058
2025-02-26 22:00:00+00:00,7.4672885,195.37631
2025-02-26 23:00:00+00:00,8.482947,197.28159
2025-02-27 00:00:00+00:00,12.616702,227.89134
2025-02-27 01:00:00+00:00,14.401124,251.79141
2025-02-27 02:00:00+00:00,11.032987,275.6175
2025-02-27 03:00:00+00:00,8.913181,313.36346
2025-02-27 04:00:00+00:00,9.387651,32.471172
2025-02-27 05:00:00+00:00,11.7,53.13002
2025-02-27 06:00:00+00:00,15.426535,55.939045
2025-02-27 07:00:00+00:00,18.152353,59.620956
2025-02-27 08:00:00+00:00,17.174677,56.976128
2025-02-27 09:00:00+00:00,16.299694,46.789886
2025-02-27 10:00:00+00:00,18.047638,51.072456
2025-02-27 11:00:00+00:00,18.414625,50.553005
2025-02-27 12:00:00+00:00,15.496736,59.264584
2025-02-27 13:00:00+00:00,12.708816,74.38895
2025-02-27 14:00:00+00:00,10.8029995,79.43904
2025-02-27 15:00:00+00:00,8.656858,93.57626
2025-02-27 16:00:00+00:00,9.255571,103.49575
2025-02-27 17:00:00+00:00,8.027677,109.653915
2025-02-27 18:00:00+00:00,10.644379,108.74143
2025-02-27 19:00:00+00:00,13.472372,112.796555
2025-02-27 20:00:00+00:00,15.035119,121.78722
2025-02-27 21:00:00+00:00,14.003028,133.95847
2025-02-27 22:00:00+00:00,15.94804,126.740654
2025-02-27 23:00:00+00:00,15.027575,124.261154
2025-02-28 00:00:00+00:00,13.379461,123.4763
2025-02-28 01:00:00+00:00,6.8399997,90.0
2025-02-28 02:00:00+00:00,9.67657,9.637469
2025-02-28 03:00:00+00:00,11.13384,34.460888
2025-02-28 04:00:00+00:00,10.706596,63.00425
2025-02-28 05:00:00+00:00,14.761098,90.698685
2025-02-28 06:00:00+00:00,18.501513,107.553635
2025-02-28 07:00:00+00:00,21.733088,121.452
2025-02-28 08:00:00+00:00,20.523945,131.80037
2025-02-28 09:00:00+00:00,16.575644,145.6196
2025-02-28 10:00:00+00:00,15.743571,157.8336
2025-02-28 11:00:00+00:00,11.903159,159.64668
2025-02-28 12:00:00+00:00,6.7853074,158.19853
2025-02-28 13:00:00+00:00,9.354806,149.98172
2025-02-28 14:00:00+00:00,7.282774,140.01317
2025-02-28 15:00:00+00:00,7.289444,110.22495
2025-02-28 16:00:00+00:00,12.534257,77.560455
2025-02-28 17:00:00+00:00,16.740967,73.12365
2025-02-28 18:00:00+00:00,17.076298,71.564964
2025-02-28 19:00:00+00:00,15.455911,75.1545
2025-02-28 20:00:00+00:00,14.587776,74.248764
2025-02-28 21:00:00+00:00,14.319901,75.43969
2025-02-28 22:00:00+00:00,7.970972,83.51703
2025-02-28 23:00:00+00:00,5.983477,46.2188
2025-03-01 00:00:00+00:00,8.92408,41.729427
2025-03-01 01:00:00+00:00,9.621163,72.58194
2025-03-01 02:00:00+00:00,12.245294,91.68465
2025-03-01 03:00:00+00:00,12.961249,90.79571
2025-03-01 04:00:00+00:00,14.224556,91.45019
2025-03-01 05:00:00+00:00,15.405519,96.70974
2025-03-01 06:00:00+00:00,15.215058,100.91109
2025-03-01 07:00:00+00:00,12.466867,107.650215
2025-03-01 08:00:00+00:00,9.172938,105.945465
2025-03-01 09:00:00+00:00,6.8423676,91.50741
2025-03-01 10:00:00+00:00,4.1556225,94.96966
2025-03-01 11:00:00+00:00,3.244996,56.3099
2025-03-01 12:00:00+00:00,3.8856654,13.392516
2025-03-01 13:00:00+00:00,6.379216,16.389616
2025-03-01 14:00:00+00:00,8.027677,19.653913
2025-03-01 15:00:00+00:00,8.699793,24.443953
2025-03-01 16:00:00+00:00,9.178235,25.559923
2025-03-01 17:00:00+00:00,8.2584505,20.409975
2025-03-01 18:00:00+00:00,7.841888,9.246045
2025-03-01 19:00:00+00:00,9.0018,358.85425
2025-03-01 20:00:00+00:00,10.337079,352.9988
2025-03-01 21:00:00+00:00,11.190442,348.87085
2025-03-01 22:00:00+00:00,11.052058,353.4538
2025-03-01 23:00:00+00:00,10.609316,345.25638
2025-03-02 00:00:00+00:00,9.360001,337.3801
2025-03-02 01:00:00+00:00,7.9932966,324.16226
2025-03-02 02:00:00+00:00,9.726664,308.991
2025-03-02 03:00:00+00:00,9.252069,307.09293
2025-03-02 04:00:00+00:00,9.5416975,305.78906
2025-03-02 05:00:00+00:00,10.036512,302.55
2025-03-02 06:00:00+00:00,11.334285,302.68054
2025-03-02 07:00:00+00:00,13.287122,305.628
2025-03-02 08:00:00+00:00,15.602999,309.3824
2025-03-02 09:00:00+00:00,16.697365,311.94122
2025-03-02 10:00:00+00:00,16.323528,311.42358
2025-03-02 11:00:00+00:00,14.275713,311.93344
2025-03-02 12:00:00+00:00,8.688613,309.9575
2025-03-02 13:00:00+00:00,7.9036193,300.06848
2025-03-02 14:00:00+00:00,8.0599,293.70264
2025-03-02 15:00:00+00:00,8.699793,294.44394
2025-03-02 16:00:00+00:00,9.021574,298.61035
2025-03-02 17:00:00+00:00,8.688613,309.9575
2025-03-02 18:00:00+00:00,8.244708,323.88055
2025-03-02 19:00:00+00:00,8.089993,339.14545
2025-03-02 20:00:00+00:00,8.688613,346.82742
2025-03-02 21:00:00+00:00,8.553314,351.52893
2025-03-02 22:00:00+00:00,7.970972,353.517
2025-03-02 23:00:00+00:00,7.8728137,349.46088
2025-03-03 00:00:00+00:00,9.781473,347.24246
2025-03-03 01:00:00+00:00,8.880405,342.29947
2025-03-03 02:00:00+00:00,3.8183763,315.0001
2025-03-03 03:00:00+00:00,3.0811036,276.70975
2025-03-03 04:00:00+00:00,2.8799999,270.0
2025-03-03 05:00:00+00:00,3.0652895,266.6336
2025-03-03 06:00:00+00:00,2.1749482,245.55606
2025-03-03 07:00:00+00:00,2.907989,248.19853
2025-03-03 08:00:00+00:00,3.6,270.0
2025-03-03 09:00:00+00:00,3.244996,289.44012
2025-03-03 10:00:00+00:00,3.4763772,248.74942
2025-03-03 11:00:00+00:00,4.829907,206.56499
2025-03-03 12:00:00+00:00,4.8899083,173.6599
2025-03-03 13:00:00+00:00,8.707237,150.2552
2025-03-03 14:00:00+00:00,8.043805,139.53786
2025-03-03 15:00:00+00:00,8.65873,136.68465
2025-03-03 16:00:00+00:00,9.313152,138.91835
2025-03-03 17:00:00+00:00,10.04458,143.74608
2025-03-03 18:00:00+00:00,10.630672,151.69934
2025-03-03 19:00:00+00:00,10.041354,165.4655
2025-03-03 20:00:00+00:00,9.181765,178.87672
2025-03-03 21:00:00+00:00,8.792405,202.89058
2025-03-03 22:00:00+00:00,4.278551,202.24907
2025-03-03 23:00:00+00:00,4.9785542,257.4712
2025-03-04 00:00:00+00:00,7.02,270.0
2025-03-04 01:00:00+00:00,6.6794305,255.96373
2025-03-04 02:00:00+00:00,9.354806,258.9063
2025-03-04 03:00:00+00:00,12.251905,267.47394
2025-03-04 04:00:00+00:00,15.726067,275.25372
2025-03-04 05:00:00+00:00,16.419512,282.66507
2025-03-04 06:00:00+00:00,16.311613,292.0363
2025-03-04 07:00:00+00:00,16.904673,296.56497
2025-03-04 08:00:00+00:00,20.128635,297.71072
2025-03-04 09:00:00+00:00,22.259676,300.0896
2025-03-04 10:00:00+00:00,22.877,301.81418
2025-03-04 11:00:00+00:00,22.917328,302.8163
2025-03-04 12:00:00+00:00,19.90852,307.2844
2025-03-04 13:00:00+00:00,18.161278,309.3693
2025-03-04 14:00:00+00:00,18.11841,310.97165
2025-03-04 15:00:00+00:00,19.239801,312.34573
2025-03-04 16:00:00+00:00,18.975277,313.07806
2025-03-04 17:00:00+00:00,17.630814,310.0302
2025-03-04 18:00:00+00:00,18.037762,306.0695
2025-03-04 19:00:00+00:00,19.376562,305.1665
2025-03-04 20:00:00+00:00,20.674156,305.07382
2025-03-04 21:00:00+00:00,20.767975,303.6901
2025-03-04 22:00:00+00:00,21.470612,304.75598
2025-03-04 23:00:00+00:00,20.073025,302.55
2025-03-05 00:00:00+00:00,19.88328,296.333
2025-03-05 01:00:00+00:00,20.268991,289.72235
2025-03-05 02:00:00+00:00,21.862406,287.24155
2025-03-05 03:00:00+00:00,22.828798,287.43497
2025-03-05 04:00:00+00:00,26.406067,292.01904
2025-03-05 05:00:00+00:00,27.852928,296.89615
2025-03-05 06:00:00+00:00,27.844782,300.7096
2025-03-05 07:00:00+00:00,28.739748,300.90213
2025-03-05 08:00:00+00:00,29.606031,300.30652
2025-03-05 09:00:00+00:00,30.35656,297.9325
2025-03-05 10:00:00+00:00,30.437035,295.20108
2025-03-05 11:00:00+00:00,27.56058,293.8865
2025-03-05 12:00:00+00:00,23.304264,293.1986
2025-03-05 13:00:00+00:00,21.183483,294.6051
2025-03-05 14:00:00+00:00,19.976757,294.48666
2025-03-05 15:00:00+00:00,20.850496,297.2286
2025-03-05 16:00:00+00:00,22.517273,302.92786
2025-03-05 17:00:00+00:00,21.492483,306.4861
2025-03-05 18:00:00+00:00,21.096123,306.67444
2025-03-05 19:00:00+00:00,19.48079,301.78088
2025-03-05 20:00:00+00:00,18.116623,295.29196
2025-03-05 21:00:00+00:00,18.102308,289.1557
2025-03-05 22:00:00+00:00,18.329973,287.72333
2025-03-05 23:00:00+00:00,18.38557,288.25766
2025-03-06 00:00:00+00:00,18.501513,289.31644
2025-03-06 01:00:00+00:00,17.363237,289.37424
2025-03-06 02:00:00+00:00,17.762634,289.53674
2025-03-06 03:00:00+00:00,20.326454,292.93213
2025-03-06 04:00:00+00:00,20.70704,294.1142
2025-03-06 05:00:00+00:00,20.232191,293.6002
2025-03-06 06:00:00+00:00,21.816414,295.93076
2025-03-06 07:00:00+00:00,21.675615,294.0108
2025-03-06 08:00:00+00:00,21.392754,292.24908
2025-03-06 09:00:00+00:00,20.161606,290.37653
2025-03-06 10:00:00+00:00,18.841623,288.9543
2025-03-06 11:00:00+00:00,14.861722,286.89874
2025-03-06 12:00:00+00:00,8.12197,282.80426
2025-03-06 13:00:00+00:00,11.633348,278.00464
2025-03-06 14:00:00+00:00,11.609651,277.1249
2025-03-06 15:00:00+00:00,11.874544,284.03625
2025-03-06 16:00:00+00:00,10.404249,307.26648
2025-03-06 17:00:00+00:00,10.105681,355.91446
2025-03-06 18:00:00+00:00,8.297589,12.528798
2025-03-06 19:00:00+00:00,8.350138,7.4313188
2025-03-06 20:00:00+00:00,9.144637,10.203924
2025-03-06 21:00:00+00:00,10.478722,4.92703
2025-03-06 22:00:00+00:00,9.299225,345.42575
2025-03-06 23:00:00+00:00,8.714677,321.70978
2025-03-07 00:00:00+00:00,7.9567327,307.64767
2025-03-07 01:00:00+00:00,7.256032,293.38525
2025-03-07 02:00:00+00:00,8.613709,280.84027
2025-03-07 03:00:00+00:00,7.689603,290.55612
2025-03-07 04:00:00+00:00,7.344794,306.02747
2025-03-07 05:00:00+00:00,7.8954163,313.1524
2025-03-07 06:00:00+00:00,8.297589,310.60123
2025-03-07 07:00:00+00:00,8.9873905,302.7352
2025-03-07 08:00:00+00:00,10.950452,295.30136
2025-03-07 09:00:00+00:00,13.37825,293.80594
2025-03-07 10:00:00+00:00,15.589497,306.0761
2025-03-07 11:00:00+00:00,14.84318,309.09384
2025-03-07 12:00:00+00:00,7.689603,302.57404
2025-03-07 13:00:00+00:00,10.261579,285.25516
2025-03-07 14:00:00+00:00,10.2742,273.01273
2025-03-07 15:00:00+00:00,9.6480665,284.03625
2025-03-07 16:00:00+00:00,9.085988,303.6901
2025-03-07 17:00:00+00:00,9.648067,306.6562
2025-03-07 18:00:00+00:00,9.3340025,320.4774
2025-03-07 19:00:00+00:00,10.158444,330.25522
2025-03-07 20:00:00+00:00,9.693296,328.67136
2025-03-07 21:00:00+00:00,8.909545,315.0001
2025-03-07 22:00:00+00:00,8.209263,285.25516
2025-03-07 23:00:00+00:00,9.087772,277.9695
2025-03-08 00:00:00+00:00,10.004178,278.27582
2025-03-08 01:00:00+00:00,10.182337,278.13
2025-03-08 02:00:00+00:00,11.633348,278.00464
2025-03-08 03:00:00+00:00,11.050591,282.2251
2025-03-08 04:00:00+00:00,11.700001,284.25006
2025-03-08 05:00:00+00:00,13.055896,285.18588
2025-03-08 06:00:00+00:00,14.410121,290.47235
2025-03-08 07:00:00+00:00,15.216123,297.47433
2025-03-08 08:00:00+00:00,15.627897,302.77487
2025-03-08 09:00:00+00:00,15.379206,302.57404
2025-03-08 10:00:00+00:00,15.086748,305.77615
2025-03-08 11:00:00+00:00,12.348051,306.70294
2025-03-08 12:00:00+00:00,6.090812,304.15976
2025-03-08 13:00:00+00:00,8.557102,292.24908
2025-03-08 14:00:00+00:00,6.519877,263.6599
2025-03-08 15:00:00+00:00,5.0142193,248.96242
2025-03-08 16:00:00+00:00,4.1556225,274.96964
2025-03-08 17:00:00+00:00,2.19718,325.0079
2025-03-08 18:00:00+00:00,5.896202,12.339083
2025-03-08 19:00:00+00:00,8.827344,20.282646
2025-03-08 20:00:00+00:00,8.320986,38.853382
2025-03-08 21:00:00+00:00,9.167638,46.5911
2025-03-08 22:00:00+00:00,9.5535755,42.709366
2025-03-08 23:00:00+00:00,5.7515564,69.86362
2025-03-09 00:00:00+00:00,5.7204895,114.14554
2025-03-09 01:00:00+00:00,7.8954163,133.1524
2025-03-09 02:00:00+00:00,7.6388745,145.56096
2025-03-09 03:00:00+00:00,5.5450516,144.24602
2025-03-09 04:00:00+00:00,5.3457265,135.0001
2025-03-09 05:00:00+00:00,7.256032,133.99501
2025-03-09 06:00:00+00:00,8.528657,134.14499
2025-03-09 07:00:00+00:00,8.669949,138.36655
2025-03-09 08:00:00+00:00,7.7900705,139.68597
2025-03-09 09:00:00+00:00,5.994297,131.34769
2025-03-09 10:00:00+00:00,4.3349743,138.36655
2025-03-09 11:00:00+00:00,4.669604,117.552734
2025-03-09 12:00:00+00:00,4.2366967,77.735245
2025-03-09 13:00:00+00:00,8.4042845,80.13426
2025-03-09 14:00:00+00:00,9.721666,91.06089
2025-03-09 15:00:00+00:00,9.54679,92.16103
2025-03-09 16:00:00+00:00,10.285232,94.0141
2025-03-09 17:00:00+00:00,11.003581,93.751656
2025-03-09 18:00:00+00:00,10.6261,91.94145
2025-03-09 19:00:00+00:00,10.086427,92.045364
2025-03-09 20:00:00+00:00,10.299397,95.01302
2025-03-09 21:00:00+00:00,9.67657,99.637474
2025-03-09 22:00:00+00:00,10.3480425,103.06932
2025-03-09 23:00:00+00:00,10.261579,105.25517
2025-03-10 00:00:00+00:00,11.103243,109.90384
2025-03-10 01:00:00+00:00,11.440979,114.14554
2025-03-10 02:00:00+00:00,13.288341,114.82932
2025-03-10 03:00:00+00:00,13.049689,114.44395
2025-03-10 04:00:00+00:00,14.169785,115.58847
2025-03-10 05:00:00+00:00,15.070633,119.32038
2025-03-10 06:00:00+00:00,16.276815,122.81136
2025-03-10 07:00:00+00:00,16.813387,127.60606
2025-03-10 08:00:00+00:00,15.661035,127.52851
2025-03-10 09:00:00+00:00,13.83192,124.931015
2025-03-10 10:00:00+00:00,7.674842,140.7106
2025-03-10 11:00:00+00:00,5.7402787,131.18582
2025-03-10 12:00:00+00:00,4.32,90.0
2025-03-10 13:00:00+00:00,8.473393,77.735245
2025-03-10 14:00:00+00:00,7.519175,78.95911
2025-03-10 15:00:00+00:00,7.9932976,82.234924
2025-03-10 16:00:00+00:00,7.92,90.0
2025-03-10 17:00:00+00:00,8.4042845,99.865746
2025-03-10 18:00:00+00:00,8.891344,111.3707
2025-03-10 19:00:00+00:00,9.913082,119.357666
2025-03-10 20:00:00+00:00,9.430695,113.62939
2025-03-10 21:00:00+00:00,7.5685663,87.27374
2025-03-10 22:00:00+00:00,6.130579,93.366394
2025-03-10 23:00:00+00:00,5.0911684,81.86999
2025-03-11 00:00:00+00:00,4.7657523,100.88548
2025-03-11 01:00:00+00:00,5.495161,121.60746
2025-03-11 02:00:00+00:00,4.724786,107.74477
2025-03-11 03:00:00+00:00,3.462369,81.02746
2025-03-11 04:00:00+00:00,3.6179552,84.2895
2025-03-11 05:00:00+00:00,2.7238941,97.59455
2025-03-11 06:00:00+00:00,1.3708391,66.801384
2025-03-11 07:00:00+00:00,1.835647,348.6901
2025-03-11 08:00:00+00:00,3.381893,334.79892
2025-03-11 09:00:00+00:00,5.495161,328.39255
2025-03-11 10:00:00+00:00,10.486448,309.42776
2025-03-11 11:00:00+00:00,10.564941,314.3098
2025-03-11 12:00:00+00:00,7.0038276,334.09354
2025-03-11 13:00:00+00:00,8.297589,347.4712
2025-03-11 14:00:00+00:00,9.144637,349.79608
2025-03-11 15:00:00+00:00,9.459852,338.80588
2025-03-11 16:00:00+00:00,8.452336,333.43503
2025-03-11 17:00:00+00:00,7.748368,329.2646
2025-03-11 18:00:00+00:00,8.320986,321.1466
2025-03-11 19:00:00+00:00,8.669949,311.63345
2025-03-11 20:00:00+00:00,8.893166,305.9422
2025-03-11 21:00:00+00:00,9.236298,303.07068
2025-03-11 22:00:00+00:00,9.9,306.86996
2025-03-11 23:00:00+00:00,9.396275,306.43094
2025-03-12 00:00:00+00:00,9.080639,309.3693
2025-03-12 01:00:00+00:00,8.714677,308.2902
2025-03-12 02:00:00+00:00,11.276968,298.61035
2025-03-12 03:00:00+00:00,10.464797,296.56497
2025-03-12 04:00:00+00:00,11.431062,296.1615
2025-03-12 05:00:00+00:00,12.47726,296.56497
2025-03-12 06:00:00+00:00,13.125196,295.15927
2025-03-12 07:00:00+00:00,13.570615,291.80148
2025-03-12 08:00:00+00:00,14.799459,288.43503
2025-03-12 09:00:00+00:00,15.825675,289.25937
2025-03-12 10:00:00+00:00,16.712881,292.14523
2025-03-12 11:00:00+00:00,15.056652,297.79034
2025-03-12 12:00:00+00:00,9.906544,294.7024
2025-03-12 13:00:00+00:00,7.9036193,300.06848
2025-03-12 14:00:00+00:00,8.274128,315.88132
2025-03-12 15:00:00+00:00,8.435069,320.1945
2025-03-12 16:00:00+00:00,8.913181,316.63654
2025-03-12 17:00:00+00:00,7.928177,309.47244
2025-03-12 18:00:00+00:00,7.5363917,310.1559
2025-03-12 19:00:00+00:00,7.2649574,318.01285
2025-03-12 20:00:00+00:00,7.6388745,325.56094
2025-03-12 21:00:00+00:00,8.0599,330.57263
2025-03-12 22:00:00+00:00,7.382195,315.0001
2025-03-12 23:00:00+00:00,6.7205353,290.37653
2025-03-13 00:00:00+00:00,6.302571,271.63654
2025-03-13 01:00:00+00:00,6.7469993,260.78903
2025-03-13 02:00:00+00:00,9.114471,279.09018
2025-03-13 03:00:00+00:00,6.889557,303.2749
2025-03-13 04:00:00+00:00,5.994297,311.3477
2025-03-13 05:00:00+00:00,6.502461,318.36655
2025-03-13 06:00:00+00:00,7.256032,316.00497
2025-03-13 07:00:00+00:00,7.3094187,307.99878
2025-03-13 08:00:00+00:00,6.048107,306.52896
2025-03-13 09:00:00+00:00,5.9399996,270.0
2025-03-13 10:00:00+00:00,11.534054,292.9638
2025-03-13 11:00:00+00:00,3.9312592,285.94547
2025-03-13 12:00:00+00:00,8.131936,275.0795
2025-03-13 13:00:00+00:00,13.976394,277.3995
2025-03-13 14:00:00+00:00,3.189608,196.38962
2025-03-13 15:00:00+00:00,6.12,151.92761
2025-03-13 16:00:00+00:00,5.991594,147.26479
2025-03-13 17:00:00+00:00,6.7397914,145.88548
2025-03-13 18:00:00+00:00,1.6299692,186.3401
2025-03-13 19:00:00+00:00,2.7475805,328.39255
2025-03-13 20:00:00+00:00,5.00128,329.74365
2025-03-13 21:00:00+00:00,5.5916004,326.82147
2025-03-13 22:00:00+00:00,3.745557,305.21768
2025-03-13 23:00:00+00:00,4.896529,287.1028
2025-03-14 00:00:00+00:00,5.2416787,254.05453
2025-03-14 01:00:00+00:00,5.896202,238.73633
2025-03-14 02:00:00+00:00,8.55142,229.26797
2025-03-14 03:00:00+00:00,5.4744864,223.66785
2025-03-14 04:00:00+00:00,4.613762,200.55612
2025-03-14 05:00:00+00:00,5.0432134,182.04536
2025-03-14 06:00:00+00:00,5.0528407,175.91446
2025-03-14 07:00:00+00:00,3.964089,177.39749
2025-03-14 08:00:00+00:00,2.8460498,161.56496
2025-03-14 09:00:00+00:00,1.8,143.13002
2025-03-14 10:00:00+00:00,8.2584505,20.409975
2025-03-14 11:00:00+00:00,4.73506,8.746089
2025-03-14 12:00:00+00:00,6.489992,250.55988
2025-03-14 13:00:00+00:00,6.341009,263.4803
2025-03-14 14:00:00+00:00,8.209263,307.87503
2025-03-14 15:00:00+00:00,7.342588,348.6901
2025-03-14 16:00:00+00:00,10.172787,13.298588
2025-03-14 17:00:00+00:00,13.479583,34.114517
2025-03-14 18:00:00+00:00,12.346741,45.590588
2025-03-14 19:00:00+00:00,9.801326,44.256035
2025-03-14 20:00:00+00:00,8.797931,30.762655
2025-03-14 21:00:00+00:00,9.485504,33.388535
2025-03-14 22:00:00+00:00,13.822546,8.235533
2025-03-14 23:00:00+00:00,16.38,22.61991
2025-03-15 00:00:00+00:00,19.022177,29.475794
2025-03-15 01:00:00+00:00,18.645428,30.773968
2025-03-15 02:00:00+00:00,17.441433,31.065111
2025-03-15 03:00:00+00:00,17.49615,36.634212
2025-03-15 04:00:00+00:00,18.508516,49.338352
2025-03-15 05:00:00+00:00,19.161337,64.397865
2025-03-15 06:00:00+00:00,19.523985,77.75769
2025-03-15 07:00:00+00:00,18.903427,91.091194
2025-03-15 08:00:00+00:00,17.069656,104.03627
2025-03-15 09:00:00+00:00,13.8049555,112.21764
2025-03-15 10:00:00+00:00,10.609316,165.2564
2025-03-15 11:00:00+00:00,8.089993,200.85454
2025-03-15 12:00:00+00:00,3.7585104,253.30067
2025-03-15 13:00:00+00:00,8.149847,300.52963
2025-03-15 14:00:00+00:00,9.906544,335.2976
2025-03-15 15:00:00+00:00,13.596852,353.15732
2025-03-15 16:00:00+00:00,13.864674,358.51218
2025-03-15 17:00:00+00:00,13.558673,354.66794
2025-03-15 18:00:00+00:00,13.767352,348.6901
2025-03-15 19:00:00+00:00,13.229694,345.0183
2025-03-15 20:00:00+00:00,12.882267,344.6044
2025-03-15 21:00:00+00:00,11.966954,344.2913
2025-03-15 22:00:00+00:00,10.548061,323.32556
2025-03-15 23:00:00+00:00,9.847496,329.2159
2025-03-16 00:00:00+00:00,9.840914,320.1945
2025-03-16 01:00:00+00:00,10.564941,314.3098
2025-03-16 02:00:00+00:00,12.0921955,314.39697
2025-03-16 03:00:00+00:00,10.495713,329.03632
2025-03-16 04:00:00+00:00,9.087772,352.0305
2025-03-16 05:00:00+00:00,7.2022495,1.4320632
2025-03-16 06:00:00+00:00,5.6835546,349.04596
2025-03-16 07:00:00+00:00,6.3639607,331.26028
2025-03-16 08:00:00+00:00,7.056826,307.74686
2025-03-16 09:00:00+00:00,9.82114,296.09537
2025-03-16 10:00:00+00:00,12.383424,302.53503
2025-03-16 11:00:00+00:00,15.4642935,309.8055
2025-03-16 12:00:00+00:00,13.259049,311.69803
2025-03-16 13:00:00+00:00,8.856658,307.56866
2025-03-16 14:00:00+00:00,8.415842,318.46832
2025-03-16 15:00:00+00:00,8.242743,328.39255
2025-03-16 16:00:00+00:00,7.6473517,333.43503
2025-03-16 17:00:00+00:00,7.4128532,330.9455
2025-03-16 18:00:00+00:00,7.289445,327.09476
2025-03-16 19:00:00+00:00,7.9036193,329.9315
2025-03-16 20:00:00+00:00,8.225035,336.8014
2025-03-16 21:00:00+00:00,8.65873,339.30447
2025-03-16 22:00:00+00:00,7.172949,342.47433
2025-03-16 23:00:00+00:00,6.689125,336.19403
2025-03-17 00:00:00+00:00,5.876938,310.0302
2025-03-17 01:00:00+00:00,6.603817,287.44727
2025-03-17 02:00:00+00:00,9.12513,284.85864
2025-03-17 03:00:00+00:00,9.340941,295.08356
2025-03-17 04:00:00+00:00,10.34178,301.47678
2025-03-17 05:00:00+00:00,11.48761,305.4334
2025-03-17 06:00:00+00:00,13.432632,302.4123
2025-03-17 07:00:00+00:00,15.095336,300.84653
2025-03-17 08:00:00+00:00,16.075521,304.046
2025-03-17 09:00:00+00:00,16.237955,305.98077
2025-03-17 10:00:00+00:00,15.426535,304.06094
2025-03-17 11:00:00+00:00,15.086748,305.77615
2025-03-17 12:00:00+00:00,11.272657,308.51697
2025-03-17 13:00:00+00:00,7.538541,303.31064
2025-03-17 14:00:00+00:00,7.689603,290.55612
2025-03-17 15:00:00+00:00,7.69592,280.78424
2025-03-17 16:00:00+00:00,8.107996,272.54474
2025-03-17 17:00:00+00:00,8.281956,268.75467
2025-03-17 18:00:00+00:00,8.461914,268.78116
2025-03-17 19:00:00+00:00,9.0018,281.53458
2025-03-17 20:00:00+00:00,9.659814,296.56497
2025-03-17 21:00:00+00:00,10.739832,309.55963
2025-03-17 22:00:00+00:00,10.735306,325.24402
2025-03-17 23:00:00+00:00,10.315115,330.75128
2025-03-18 00:00:00+00:00,9.826088,331.55716
2025-03-18 01:00:00+00:00,8.0899935,327.72437
2025-03-18 02:00:00+00:00,9.567131,311.18582
2025-03-18 03:00:00+00:00,7.9567327,307.64767
2025-03-18 04:00:00+00:00,9.313152,311.08167
2025-03-18 05:00:00+00:00,12.097553,313.19128
2025-03-18 06:00:00+00:00,13.619472,314.4646
2025-03-18 07:00:00+00:00,13.110376,314.44382
2025-03-18 08:00:00+00:00,12.606426,313.26434
2025-03-18 09:00:00+00:00,12.652604,309.8055
2025-03-18 10:00:00+00:00,12.984975,313.87677
2025-03-18 11:00:00+00:00,12.108261,311.98712
2025-03-18 12:00:00+00:00,7.6388745,304.43906
2025-03-18 13:00:00+00:00,9.278297,288.08353
2025-03-18 14:00:00+00:00,8.528657,277.2749
2025-03-18 15:00:00+00:00,8.350138,277.4313
2025-03-18 16:00:00+00:00,8.553314,278.47107
2025-03-18 17:00:00+00:00,8.227004,280.08054
2025-03-18 18:00:00+00:00,7.8625183,285.94547
2025-03-18 19:00:00+00:00,7.6473517,296.56497
2025-03-18 20:00:00+00:00,7.562142,308.23386
2025-03-18 21:00:00+00:00,7.6367526,315.0001
2025-03-18 22:00:00+00:00,8.281956,317.64258
2025-03-18 23:00:00+00:00,8.39657,300.96368
2025-03-19 00:00:00+00:00,6.489992,266.82022
2025-03-19 01:00:00+00:00,6.206738,253.14151
2025-03-19 02:00:00+00:00,9.5196,254.64981
2025-03-19 03:00:00+00:00,7.029225,267.0644
2025-03-19 04:00:00+00:00,7.8728137,280.53912
2025-03-19 05:00:00+00:00,9.582358,298.00906
2025-03-19 06:00:00+00:00,10.075177,311.37842
2025-03-19 07:00:00+00:00,10.564941,315.6902
2025-03-19 08:00:00+00:00,11.616626,319.39877
2025-03-19 09:00:00+00:00,13.324863,321.5819
2025-03-19 10:00:00+00:00,12.145665,320.4119
2025-03-19 11:00:00+00:00,14.529915,318.01285
2025-03-19 12:00:00+00:00,10.094454,328.86108
2025-03-19 13:00:00+00:00,9.511088,330.5242
2025-03-19 14:00:00+00:00,10.436895,327.6804
2025-03-19 15:00:00+00:00,9.582358,331.9909
2025-03-19 16:00:00+00:00,9.605998,347.00537
2025-03-19 17:00:00+00:00,8.967541,10.407656
2025-03-19 18:00:00+00:00,9.19939,30.579157
2025-03-19 19:00:00+00:00,10.04458,36.253937
2025-03-19 20:00:00+00:00,9.688281,35.166515
2025-03-19 21:00:00+00:00,9.446141,30.963696
2025-03-19 22:00:00+00:00,8.260411,11.3098955
2025-03-19 23:00:00+00:00,8.11798,3.8140097
2025-03-20 00:00:00+00:00,8.467655,357.5634
2025-03-20 01:00:00+00:00,8.311245,355.03033
2025-03-20 02:00:00+00:00,5.2416787,344.05453
2025-03-20 03:00:00+00:00,1.9134263,318.81415
2025-03-20 04:00:00+00:00,1.659518,310.60123
2025-03-20 05:00:00+00:00,2.5959969,326.3099
2025-03-20 06:00:00+00:00,5.815978,338.19852
2025-03-20 07:00:00+00:00,9.676569,341.56494
2025-03-20 08:00:00+00:00,12.641076,340.0168
2025-03-20 09:00:00+00:00,14.206323,337.6593
2025-03-20 10:00:00+00:00,16.825909,332.61267
2025-03-20 11:00:00+00:00,15.342294,328.92102
2025-03-20 12:00:00+00:00,7.689603,327.42596
2025-03-20 13:00:00+00:00,10.120099,321.49933
2025-03-20 14:00:00+00:00,10.182337,315.0001
2025-03-20 15:00:00+00:00,10.120099,308.50067
2025-03-20 16:00:00+00:00,8.641874,305.67648
2025-03-20 17:00:00+00:00,8.55142,310.73203
2025-03-20 18:00:00+00:00,9.1958685,319.7637
2025-03-20 19:00:00+00:00,9.187056,325.37576
2025-03-20 20:00:00+00:00,8.891343,328.24057
2025-03-20 21:00:00+00:00,8.738811,327.61935
2025-03-20 22:00:00+00:00,8.669949,318.36655
2025-03-20 23:00:00+00:00,8.404285,313.26434
2025-03-21 00:00:00+00:00,8.714677,308.2902
2025-03-21 01:00:00+00:00,8.39078,305.39487
2025-03-21 02:00:00+00:00,11.183201,303.17853
2025-03-21 03:00:00+00:00,9.726664,308.991
2025-03-21 04:00:00+00:00,10.819482,315.67395
2025-03-21 05:00:00+00:00,12.931218,321.2156
2025-03-21 06:00:00+00:00,15.3802595,325.0079
2025-03-21 07:00:00+00:00,16.489416,323.88055
2025-03-21 08:00:00+00:00,16.870138,320.1945
2025-03-21 09:00:00+00:00,17.703253,317.06012
2025-03-21 10:00:00+00:00,19.857191,315.73444
2025-03-21 11:00:00+00:00,18.589739,316.5693
2025-03-21 12:00:00+00:00,12.473363,315.0001
2025-03-21 13:00:00+00:00,8.574123,309.0355
2025-03-21 14:00:00+00:00,8.893166,305.9422
2025-03-21 15:00:00+00:00,9.354806,300.01828
2025-03-21 16:00:00+00:00,8.694204,297.09546
2025-03-21 17:00:00+00:00,8.534353,297.64587
2025-03-21 18:00:00+00:00,8.587338,303.02386
2025-03-21 19:00:00+00:00,8.043805,310.46216
2025-03-21 20:00:00+00:00,8.274128,315.88132
2025-03-21 21:00:00+00:00,9.1958685,310.23627
2025-03-21 22:00:00+00:00,6.7205353,277.69595
2025-03-21 23:00:00+00:00,7.3997297,251.56496
2025-03-22 00:00:00+00:00,7.1661706,258.40784
2025-03-22 01:00:00+00:00,8.281956,268.75467
2025-03-22 02:00:00+00:00,11.230904,276.4415
2025-03-22 03:00:00+00:00,9.0018,281.53458
2025-03-22 04:00:00+00:00,8.197414,278.84174
2025-03-22 05:00:00+00:00,7.519175,281.0409
2025-03-22 06:00:00+00:00,6.544677,301.5042
2025-03-22 07:00:00+00:00,7.256032,316.00497
2025-03-22 08:00:00+00:00,10.185519,316.43204
2025-03-22 09:00:00+00:00,13.789691,324.0275
2025-03-22 10:00:00+00:00,14.892213,315.48962
2025-03-22 11:00:00+00:00,11.457958,316.27295
2025-03-22 12:00:00+00:00,5.318383,336.0375
2025-03-22 13:00:00+00:00,7.120815,20.72564
2025-03-22 14:00:00+00:00,5.904439,52.431335
2025-03-22 15:00:00+00:00,4.445672,68.62931
2025-03-22 16:00:00+00:00,3.710795,75.96373
2025-03-22 17:00:00+00:00,2.36753,81.25392
2025-03-22 18:00:00+00:00,0.25455844,135.0001
2025-03-22 19:00:00+00:00,1.4512063,262.8751
2025-03-22 20:00:00+00:00,1.1384199,251.56496
2025-03-22 21:00:00+00:00,1.8532133,209.0545
2025-03-22 22:00:00+00:00,5.00128,239.74365
2025-03-22 23:00:00+00:00,6.114703,222.61401
2025-03-23 00:00:00+00:00,5.0688457,173.8846
2025-03-23 01:00:00+00:00,5.5916004,146.82147
2025-03-23 02:00:00+00:00,4.965521,136.46873
2025-03-23 03:00:00+00:00,2.2553935,118.61037
2025-03-23 04:00:00+00:00,1.9134263,131.18582
2025-03-23 05:00:00+00:00,2.9024127,172.87508
2025-03-23 06:00:00+00:00,3.9966488,187.76508
2025-03-23 07:00:00+00:00,4.1125174,203.19861
2025-03-23 08:00:00+00:00,3.6,233.13002
2025-03-23 09:00:00+00:00,3.7799997,270.0
2025-03-23 10:00:00+00:00,3.9477081,294.22772
2025-03-23 11:00:00+00:00,4.8965297,306.02747
2025-03-23 12:00:00+00:00,4.4274144,333.43503
2025-03-23 13:00:00+00:00,8.490582,355.13556
2025-03-23 14:00:00+00:00,8.32877,6.20336
2025-03-23 15:00:00+00:00,7.968939,18.435053
2025-03-23 16:00:00+00:00,9.021574,28.610369
2025-03-23 17:00:00+00:00,9.734988,33.6901
2025-03-23 18:00:00+00:00,10.908951,37.6263
2025-03-23 19:00:00+00:00,9.044888,42.580452
2025-03-23 20:00:00+00:00,5.8409934,56.309914
2025-03-23 21:00:00+00:00,1.26,90.0
2025-03-23 22:00:00+00:00,6.299999,143.13002
2025-03-23 23:00:00+00:00,7.1684303,151.50446
2025-03-24 00:00:00+00:00,8.225035,156.80139
2025-03-24 01:00:00+00:00,8.209263,164.74483
2025-03-24 02:00:00+00:00,9.255571,166.50426
2025-03-24 03:00:00+00:00,7.102591,171.25392
2025-03-24 04:00:00+00:00,7.9932976,172.23492
2025-03-24 05:00:00+00:00,9.181765,178.87672
2025-03-24 06:00:00+00:00,8.37532,188.65247
2025-03-24 07:00:00+00:00,5.7628117,194.47034
2025-03-24 08:00:00+00:00,3.62243,206.56499
2025-03-24 09:00:00+00:00,2.5264204,265.91446
2025-03-24 10:00:00+00:00,5.2323985,319.18503
2025-03-24 11:00:00+00:00,6.8423676,333.43503
2025-03-24 12:00:00+00:00,5.7852573,354.64426
2025-03-24 13:00:00+00:00,8.553314,8.471065
2025-03-24 14:00:00+00:00,8.951267,15.154131
2025-03-24 15:00:00+00:00,9.194106,23.051332
2025-03-24 16:00:00+00:00,8.707237,29.744795
2025-03-24 17:00:00+00:00,8.827344,39.207188
2025-03-24 18:00:00+00:00,10.009036,52.3057
2025-03-24 19:00:00+00:00,10.196647,69.3255
2025-03-24 20:00:00+00:00,10.182337,81.86999
2025-03-24 21:00:00+00:00,10.266314,87.99049
2025-03-24 22:00:00+00:00,9.47012,98.74608
2025-03-24 23:00:00+00:00,9.292255,111.595375
2025-03-25 00:00:00+00:00,8.641874,125.6765
2025-03-25 01:00:00+00:00,7.9077177,138.69148
2025-03-25 02:00:00+00:00,10.094454,140.06367
2025-03-25 03:00:00+00:00,7.029225,140.19447
2025-03-25 04:00:00+00:00,7.0107627,138.12222
2025-03-25 05:00:00+00:00,6.7397914,145.88548
2025-03-25 06:00:00+00:00,5.0816135,157.06787
2025-03-25 07:00:00+00:00,2.1674871,175.23645
2025-03-25 08:00:00+00:00,1.4058449,320.1945
2025-03-25 09:00:00+00:00,4.5536795,341.56494
2025-03-25 10:00:00+00:00,8.880405,342.29947
2025-03-25 11:00:00+00:00,10.4166975,350.04944
2025-03-25 12:00:00+00:00,8.287822,2.4894993
2025-03-25 13:00:00+00:00,8.297589,12.528798
2025-03-25 14:00:00+00:00,8.39078,22.714453
2025-03-25 15:00:00+00:00,8.9873905,32.73523
2025-03-25 16:00:00+00:00,9.703319,40.485935
2025-03-25 17:00:00+00:00,10.692969,53.901627
2025-03-25 18:00:00+00:00,8.766573,70.8209
2025-03-25 19:00:00+00:00,5.0911684,98.13002
2025-03-25 20:00:00+00:00,2.16,180.0
2025-03-25 21:00:00+00:00,4.0449967,237.72438
2025-03-25 22:00:00+00:00,6.384293,248.4985
2025-03-25 23:00:00+00:00,7.2044983,257.00537
2025-03-26 00:00:00+00:00,8.43699,258.92984
2025-03-26 01:00:00+00:00,8.891344,248.6293
2025-03-26 02:00:00+00:00,8.027678,227.72636
2025-03-26 03:00:00+00:00,6.3639607,208.7397
2025-03-26 04:00:00+00:00,8.133928,204.86368
2025-03-26 05:00:00+00:00,9.826088,208.44283
2025-03-26 06:00:00+00:00,9.139322,212.12497
2025-03-26 07:00:00+00:00,6.9153743,218.65984
2025-03-26 08:00:00+00:00,4.1085763,241.1893
2025-03-26 09:00:00+00:00,3.62243,296.56497
2025-03-26 10:00:00+00:00,8.4042845,279.86575
2025-03-26 11:00:00+00:00,7.970972,295.40768
2025-03-26 12:00:00+00:00,5.2939587,342.18103
2025-03-26 13:00:00+00:00,8.383054,14.931467
2025-03-26 14:00:00+00:00,9.236298,33.070686
2025-03-26 15:00:00+00:00,8.913181,46.636536
2025-03-26 16:00:00+00:00,8.626865,66.64442
2025-03-26 17:00:00+00:00,8.669949,85.23644
2025-03-26 18:00:00+00:00,8.581677,99.65983
2025-03-26 19:00:00+00:00,8.36758,108.8248
2025-03-26 20:00:00+00:00,8.322932,111.57137
2025-03-26 21:00:00+00:00,9.5416975,125.78906
2025-03-26 22:00:00+00:00,4.2021422,260.13425
2025-03-26 23:00:00+00:00,6.66,270.0
2025-03-27 00:00:00+00:00,7.02,270.0
2025-03-27 01:00:00+00:00,7.486788,260.31128
2025-03-27 02:00:00+00:00,10.088033,254.47583
2025-03-27 03:00:00+00:00,10.096059,258.6901
2025-03-27 04:00:00+00:00,13.14493,268.4307
2025-03-27 05:00:00+00:00,15.779544,281.1817
2025-03-27 06:00:00+00:00,16.048288,293.11423
2025-03-27 07:00:00+00:00,14.941085,301.20044
2025-03-27 08:00:00+00:00,14.378608,304.28693
2025-03-27 09:00:00+00:00,14.634343,301.93063
2025-03-27 10:00:00+00:00,11.870451,310.69543
2025-03-27 11:00:00+00:00,11.132385,309.09384
2025-03-27 12:00:00+00:00,6.804381,322.52374
2025-03-27 13:00:00+00:00,9.914717,344.19742
2025-03-27 14:00:00+00:00,9.114471,9.090207
2025-03-27 15:00:00+00:00,9.257321,26.564985
2025-03-27 16:00:00+00:00,9.686609,48.01287
2025-03-27 17:00:00+00:00,9.227524,69.44388
2025-03-27 18:00:00+00:00,0.742159,165.96373
2025-03-27 19:00:00+00:00,6.361415,244.8852
2025-03-27 20:00:00+00:00,10.474082,250.9422
2025-03-27 21:00:00+00:00,12.81165,265.9718
2025-03-27 22:00:00+00:00,15.865546,294.82053
2025-03-27 23:00:00+00:00,17.82091,314.18164
2025-03-28 00:00:00+00:00,17.54146,321.24835
2025-03-28 01:00:00+00:00,15.30741,318.81415
2025-03-28 02:00:00+00:00,15.659999,313.60287
2025-03-28 03:00:00+00:00,14.892213,314.51038
2025-03-28 04:00:00+00:00,17.063011,316.70978
2025-03-28 05:00:00+00:00,19.660416,310.5443
2025-03-28 06:00:00+00:00,19.370708,303.24707
2025-03-28 07:00:00+00:00,19.513195,299.87592
2025-03-28 08:00:00+00:00,20.054457,298.40515
2025-03-28 09:00:00+00:00,20.385345,299.0545
2025-03-28 10:00:00+00:00,17.430283,305.33142
2025-03-28 11:00:00+00:00,17.49615,306.6342
2025-03-28 12:00:00+00:00,15.804164,307.131
2025-03-28 13:00:00+00:00,13.413321,310.10083
2025-03-28 14:00:00+00:00,14.918297,311.57602
2025-03-28 15:00:00+00:00,16.951565,311.98712
2025-03-28 16:00:00+00:00,18.35647,311.82007
2025-03-28 17:00:00+00:00,18.880276,311.13443
2025-03-28 18:00:00+00:00,18.275984,309.8055
2025-03-28 19:00:00+00:00,17.54146,308.75165
2025-03-28 20:00:00+00:00,16.671148,307.98355
2025-03-28 21:00:00+00:00,16.724508,304.03217
2025-03-28 22:00:00+00:00,17.238699,298.70584
2025-03-28 23:00:00+00:00,16.985933,297.10803
2025-03-29 00:00:00+00:00,16.431347,294.59976
2025-03-29 01:00:00+00:00,16.055353,289.6539
2025-03-29 02:00:00+00:00,17.878994,286.9756
2025-03-29 03:00:00+00:00,19.219584,292.00076
2025-03-29 04:00:00+00:00,21.347271,298.72604
2025-03-29 05:00:00+00:00,22.714973,303.6901
2025-03-29 06:00:00+00:00,23.080746,308.0318
2025-03-29 07:00:00+00:00,23.051247,308.65982
2025-03-29 08:00:00+00:00,22.885498,309.57474
2025-03-29 09:00:00+00:00,22.199188,311.05472
2025-03-29 10:00:00+00:00,20.327251,309.61066
2025-03-29 11:00:00+00:00,19.174856,309.66782
2025-03-29 12:00:00+00:00,14.480773,304.8754
2025-03-29 13:00:00+00:00,11.431062,296.1615
2025-03-29 14:00:00+00:00,11.953409,288.43503
2025-03-29 15:00:00+00:00,12.98248,286.92758
2025-03-29 16:00:00+00:00,13.948548,289.6042
2025-03-29 17:00:00+00:00,14.74902,293.7495
2025-03-29 18:00:00+00:00,14.897651,298.11313
2025-03-29 19:00:00+00:00,14.848635,300.60632
2025-03-29 20:00:00+00:00,14.20062,300.46545
2025-03-29 21:00:00+00:00,13.934605,298.5513
2025-03-29 22:00:00+00:00,14.328949,296.88684
2025-03-29 23:00:00+00:00,14.021525,299.1974
2025-03-30 00:00:00+00:00,13.4903965,301.35703
2025-03-30 01:00:00+00:00,12.594856,300.96368
2025-03-30 02:00:00+00:00,14.49531,298.1561
2025-03-30 03:00:00+00:00,14.411245,297.52515
2025-03-30 04:00:00+00:00,15.472672,299.24872
2025-03-30 05:00:00+00:00,16.974487,304.19565
2025-03-30 06:00:00+00:00,19.660416,310.5443
2025-03-30 07:00:00+00:00,19.174856,309.66782
2025-03-30 08:00:00+00:00,18.329092,308.22046
2025-03-30 09:00:00+00:00,17.460928,307.46063
2025-03-30 10:00:00+00:00,16.199999,306.86996
2025-03-30 11:00:00+00:00,15.266079,307.8158
2025-03-30 12:00:00+00:00,11.345712,311.78442
2025-03-30 13:00:00+00:00,8.149847,313.2101
2025-03-30 14:00:00+00:00,8.536252,312.4362
2025-03-30 15:00:00+00:00,8.688613,309.9575
2025-03-30 16:00:00+00:00,8.714677,308.2902
2025-03-30 17:00:00+00:00,9.361731,307.97165
2025-03-30 18:00:00+00:00,10.261579,307.87503
2025-03-30 19:00:00+00:00,10.486448,309.42776
2025-03-30 20:00:00+00:00,10.464797,310.81497
2025-03-30 21:00:00+00:00,10.062305,312.82523
2025-03-30 22:00:00+00:00,9.292254,315.78473
2025-03-30 23:00:00+00:00,8.913181,313.36346
2025-03-31 00:00:00+00:00,8.415842,311.53168
2025-03-31 01:00:00+00:00,8.320986,308.8534
2025-03-31 02:00:00+00:00,10.685391,302.61923
2025-03-31 03:00:00+00:00,9.109138,299.60434
2025-03-31 04:00:00+00:00,10.404249,300.11365
2025-03-31 05:00:00+00:00,12.387348,305.53775
2025-03-31 06:00:00+00:00,13.752047,307.01996
2025-03-31 07:00:00+00:00,14.761098,307.56866
2025-03-31 08:00:00+00:00,16.109749,309.55963
2025-03-31 09:00:00+00:00,17.085785,311.5833
2025-03-31 10:00:00+00:00,16.188995,318.15494
2025-03-31 11:00:00+00:00,15.951087,319.1183
2025-03-31 12:00:00+00:00,11.843124,316.8476
2025-03-31 13:00:00+00:00,9.178235,311.82007
2025-03-31 14:00:00+00:00,9.840914,309.8055
2025-03-31 15:00:00+00:00,10.233123,309.28937
2025-03-31 16:00:00+00:00,11.079873,313.0251
2025-03-31 17:00:00+00:00,11.975074,317.43668
2025-03-31 18:00:00+00:00,12.819235,321.8427
2025-03-31 19:00:00+00:00,12.638512,324.27252
2025-03-31 20:00:00+00:00,11.885453,324.86572
2025-03-31 21:00:00+00:00,11.196232,323.49847
2025-03-31 22:00:00+00:00,11.08572,327.6002
2025-03-31 23:00:00+00:00,10.086427,325.17545
2025-04-01 00:00:00+00:00,9.449572,319.63553
2025-04-01 01:00:00+00:00,8.92408,311.72943
2025-04-01 02:00:00+00:00,11.453715,300.19153
2025-04-01 03:00:00+00:00,10.636766,293.9625
2025-04-01 04:00:00+00:00,12.10157,292.751
2025-04-01 05:00:00+00:00,13.615902,294.1932
2025-04-01 06:00:00+00:00,17.1,306.86996
2025-04-01 07:00:00+00:00,18.047638,308.92755
2025-04-01 08:00:00+00:00,17.630814,310.0302
2025-04-01 09:00:00+00:00,17.49337,310.40936
2025-04-01 10:00:00+00:00,18.75631,307.1999
2025-04-01 11:00:00+00:00,17.86449,310.91428
2025-04-01 12:00:00+00:00,12.496718,311.49637
2025-04-01 13:00:00+00:00,8.53815,304.69522
2025-04-01 14:00:00+00:00,8.707237,299.74478
2025-04-01 15:00:00+00:00,9.109138,299.60434
2025-04-01 16:00:00+00:00,9.109138,299.60434
2025-04-01 17:00:00+00:00,9.139322,302.12497
2025-04-01 18:00:00+00:00,8.6867485,304.01938
2025-04-01 19:00:00+00:00,8.3520775,307.11694
2025-04-01 20:00:00+00:00,8.669949,311.63345
2025-04-01 21:00:00+00:00,8.654987,315.0001
2025-04-01 22:00:00+00:00,9.885262,326.88864
2025-04-01 23:00:00+00:00,9.807935,317.2312
2025-04-02 00:00:00+00:00,8.6193495,298.70584
2025-04-02 01:00:00+00:00,8.155807,292.0363
2025-04-02 02:00:00+00:00,7.172949,287.52567
2025-04-02 03:00:00+00:00,6.037383,296.56497
2025-04-02 04:00:00+00:00,8.139901,305.0959
2025-04-02 05:00:00+00:00,11.638917,320.64825
2025-04-02 06:00:00+00:00,12.936228,328.07916
2025-04-02 07:00:00+00:00,12.74954,329.4525
2025-04-02 08:00:00+00:00,12.287555,328.17258
2025-04-02 09:00:00+00:00,12.431733,325.6196
2025-04-02 10:00:00+00:00,12.241323,323.97253
2025-04-02 11:00:00+00:00,12.181624,325.84024
2025-04-02 12:00:00+00:00,8.373386,334.53668
2025-04-02 13:00:00+00:00,9.459852,338.80588
2025-04-02 14:00:00+00:00,10.094454,338.00882
2025-04-02 15:00:00+00:00,11.190442,334.25934
2025-04-02 16:00:00+00:00,11.753877,332.6502
2025-04-02 17:00:00+00:00,11.594292,332.24155
2025-04-02 18:00:00+00:00,11.132385,337.1663
2025-04-02 19:00:00+00:00,11.307095,346.18494
2025-04-02 20:00:00+00:00,10.799999,360.0
2025-04-02 21:00:00+00:00,10.449306,10.922761
2025-04-02 22:00:00+00:00,9.781473,12.757541
2025-04-02 23:00:00+00:00,8.905908,14.036275
2025-04-03 00:00:00+00:00,4.802999,12.99463
2025-04-03 01:00:00+00:00,1.609969,333.43503
2025-04-03 02:00:00+00:00,0.6489992,213.6901
2025-04-03 03:00:00+00:00,1.659518,192.5288
2025-04-03 04:00:00+00:00,4.5,180.0
2025-04-03 05:00:00+00:00,7.040739,175.60138
2025-04-03 06:00:00+00:00,7.0223074,181.46877
2025-04-03 07:00:00+00:00,5.297018,189.78233
2025-04-03 08:00:00+00:00,3.096837,215.53777
2025-04-03 09:00:00+00:00,2.3400002,292.6199
2025-04-03 10:00:00+00:00,2.5071096,338.9624
2025-04-03 11:00:00+00:00,4.278551,14.620926
2025-04-03 12:00:00+00:00,5.5216303,19.025702
2025-04-03 13:00:00+00:00,7.989242,22.520613
2025-04-03 14:00:00+00:00,8.93859,25.016869
2025-04-03 15:00:00+00:00,8.891344,21.370695
2025-04-03 16:00:00+00:00,9.3962755,20.17074
2025-04-03 17:00:00+00:00,9.114471,9.090207
2025-04-03 18:00:00+00:00,8.297589,356.26868
2025-04-03 19:00:00+00:00,8.707238,7.12493
2025-04-03 20:00:00+00:00,8.39078,35.39489
2025-04-03 21:00:00+00:00,8.797931,59.23736
2025-04-03 22:00:00+00:00,7.922045,358.69806
2025-04-03 23:00:00+00:00,6.4323244,342.072
2025-04-04 00:00:00+00:00,4.5891175,311.82007
2025-04-04 01:00:00+00:00,9.044888,301.15924
2025-04-04 02:00:00+00:00,11.808878,307.56866
2025-04-04 03:00:00+00:00,7.519175,317.91092
2025-04-04 04:00:00+00:00,5.072041,332.52567
2025-04-04 05:00:00+00:00,4.8733153,355.76367
2025-04-04 06:00:00+00:00,4.6938252,4.398633
2025-04-04 07:00:00+00:00,4.7928696,325.71307
2025-04-04 08:00:00+00:00,8.244708,306.11945
2025-04-04 09:00:00+00:00,12.204212,307.208
2025-04-04 10:00:00+00:00,15.782622,315.0001
2025-04-04 11:00:00+00:00,16.80857,316.73566
2025-04-04 12:00:00+00:00,13.044722,320.59937
2025-04-04 13:00:00+00:00,8.435069,320.1945
2025-04-04 14:00:00+00:00,8.55142,319.26797
2025-04-04 15:00:00+00:00,8.65873,316.68463
2025-04-04 16:00:00+00:00,10.210936,319.28925
2025-04-04 17:00:00+00:00,12.136325,324.65982
2025-04-04 18:00:00+00:00,12.659004,330.15417
2025-04-04 19:00:00+00:00,12.3165245,333.06055
2025-04-04 20:00:00+00:00,12.011544,330.3617
2025-04-04 21:00:00+00:00,11.341428,324.0394
2025-04-04 22:00:00+00:00,10.182337,315.0001
2025-04-04 23:00:00+00:00,9.396275,306.43094
2025-04-05 00:00:00+00:00,9.4238205,298.523
2025-04-05 01:00:00+00:00,9.734987,289.44012
2025-04-05 02:00:00+00:00,11.226575,282.03058
2025-04-05 03:00:00+00:00,11.328566,287.57135
2025-04-05 04:00:00+00:00,12.647482,294.37646
2025-04-05 05:00:00+00:00,13.619471,299.27515
2025-04-05 06:00:00+00:00,14.138882,301.46408
2025-04-05 07:00:00+00:00,13.954354,300.20316
2025-04-05 08:00:00+00:00,14.356058,300.10123
2025-04-05 09:00:00+00:00,14.926983,303.6901
2025-04-05 10:00:00+00:00,17.356705,310.79456
2025-04-05 11:00:00+00:00,16.932442,316.29208
2025-04-05 12:00:00+00:00,12.475961,316.16904
2025-04-05 13:00:00+00:00,8.297589,310.60123
2025-04-05 14:00:00+00:00,9.252069,307.09293
2025-04-05 15:00:00+00:00,9.039514,305.2725
2025-04-05 16:00:00+00:00,8.893166,305.9422
2025-04-05 17:00:00+00:00,8.967541,308.48022
2025-04-05 18:00:00+00:00,9.1958685,310.23627
2025-04-05 19:00:00+00:00,9.422101,316.5481
2025-04-05 20:00:00+00:00,8.461915,321.91116
2025-04-05 21:00:00+00:00,7.653705,318.81415
2025-04-05 22:00:00+00:00,6.9480934,306.57312
2025-04-05 23:00:00+00:00,6.66,288.92474
2025-04-06 00:00:00+00:00,6.8399997,270.0
2025-04-06 01:00:00+00:00,8.163749,255.96373
2025-04-06 02:00:00+00:00,9.215226,257.5926
2025-04-06 03:00:00+00:00,7.040739,265.60138
2025-04-06 04:00:00+00:00,7.2022495,271.43207
2025-04-06 05:00:00+00:00,7.9138603,287.19864
2025-04-06 06:00:00+00:00,8.707237,299.74478
2025-04-06 07:00:00+00:00,9.044888,301.15924
2025-04-06 08:00:00+00:00,9.585739,304.28693
2025-04-06 09:00:00+00:00,10.373061,308.65982
2025-04-06 10:00:00+00:00,12.145665,320.4119
2025-04-06 11:00:00+00:00,11.391313,328.5705
2025-04-06 12:00:00+00:00,7.186487,337.93204
2025-04-06 13:00:00+00:00,9.178235,348.6901
2025-04-06 14:00:00+00:00,8.553314,351.52893
2025-04-06 15:00:00+00:00,7.02,360.0
2025-04-06 16:00:00+00:00,3.4623692,27.897186
2025-04-06 17:00:00+00:00,1.9134263,138.81418
2025-04-06 18:00:00+00:00,4.1556225,175.03035
2025-04-06 19:00:00+00:00,4.327493,163.0724
2025-04-06 20:00:00+00:00,3.5864744,107.52566
2025-04-06 21:00:00+00:00,6.6624317,91.54813
2025-04-06 22:00:00+00:00,6.8612823,94.5139
2025-04-06 23:00:00+00:00,7.327127,117.824005
2025-04-07 00:00:00+00:00,7.519175,137.91092
2025-04-07 01:00:00+00:00,8.209263,142.12495
2025-04-07 02:00:00+00:00,9.82114,131.2846
2025-04-07 03:00:00+00:00,9.109138,119.604355
2025-04-07 04:00:00+00:00,9.668195,114.1791
2025-04-07 05:00:00+00:00,10.385547,115.67677
2025-04-07 06:00:00+00:00,10.385547,115.67677
2025-04-07 07:00:00+00:00,9.3962755,110.17074
2025-04-07 08:00:00+00:00,7.989243,104.349365
2025-04-07 09:00:00+00:00,5.8298883,98.88058
2025-04-07 10:00:00+00:00,3.8647635,27.758451
2025-04-07 11:00:00+00:00,5.5216303,19.025702
2025-04-07 12:00:00+00:00,6.2067385,29.5387
2025-04-07 13:00:00+00:00,7.9932966,35.837746
2025-04-07 14:00:00+00:00,8.55142,40.732014
2025-04-07 15:00:00+00:00,8.528657,44.145004
2025-04-07 16:00:00+00:00,8.274128,45.88132
2025-04-07 17:00:00+00:00,8.149847,46.789886
2025-04-07 18:00:00+00:00,8.187527,56.659275
2025-04-07 19:00:00+00:00,7.771331,76.60749
2025-04-07 20:00:00+00:00,8.281956,88.75467
2025-04-07 21:00:00+00:00,8.849339,94.66678
2025-04-07 22:00:00+00:00,9.568824,106.38962
2025-04-07 23:00:00+00:00,10.32924,112.5431
2025-04-08 00:00:00+00:00,10.304114,117.01259
2025-04-08 01:00:00+00:00,11.207801,119.858925
2025-04-08 02:00:00+00:00,13.141232,113.40471
2025-04-08 03:00:00+00:00,13.905509,111.25058
2025-04-08 04:00:00+00:00,15.443328,111.18142
2025-04-08 05:00:00+00:00,16.1198,113.70266
2025-04-08 06:00:00+00:00,15.697197,116.56499
2025-04-08 07:00:00+00:00,14.539945,121.328636
2025-04-08 08:00:00+00:00,12.904882,120.141304
2025-04-08 09:00:00+00:00,11.368535,113.317726
2025-04-08 10:00:00+00:00,8.322932,111.57137
2025-04-08 11:00:00+00:00,7.293888,105.75124
2025-04-08 12:00:00+00:00,8.37532,81.34755
2025-04-08 13:00:00+00:00,8.654986,73.07241
2025-04-08 14:00:00+00:00,8.790563,79.380394
2025-04-08 15:00:00+00:00,9.422101,83.41815
2025-04-08 16:00:00+00:00,10.478722,85.07298
2025-04-08 17:00:00+00:00,11.881363,90.868034
2025-04-08 18:00:00+00:00,13.41453,101.61146
2025-04-08 19:00:00+00:00,13.472372,112.796555
2025-04-08 20:00:00+00:00,12.193589,121.10875
2025-04-08 21:00:00+00:00,10.855358,130.29207
2025-04-08 22:00:00+00:00,12.351987,136.77144
2025-04-08 23:00:00+00:00,11.345712,138.21558
2025-04-09 00:00:00+00:00,9.82114,138.7154
2025-04-09 01:00:00+00:00,9.3340025,140.4774
2025-04-09 02:00:00+00:00,10.656547,142.54935
2025-04-09 03:00:00+00:00,11.989946,144.16226
2025-04-09 04:00:00+00:00,12.682018,145.40765
2025-04-09 05:00:00+00:00,11.885453,144.86572
2025-04-09 06:00:00+00:00,10.587918,144.6887
2025-04-09 07:00:00+00:00,8.574123,140.9645
2025-04-09 08:00:00+00:00,5.991594,122.73522
2025-04-09 09:00:00+00:00,6.7205353,82.30404
2025-04-09 10:00:00+00:00,8.37532,81.34755
2025-04-09 11:00:00+00:00,1.8,306.86996
2025-04-09 12:00:00+00:00,4.846648,158.19853
2025-04-09 13:00:00+00:00,4.3536186,29.744795
2025-04-09 14:00:00+00:00,6.778141,10.713074
2025-04-09 15:00:00+00:00,8.242743,31.607454
2025-04-09 16:00:00+00:00,7.6473517,63.435013
2025-04-09 17:00:00+00:00,8.507737,83.92764
2025-04-09 18:00:00+00:00,7.458606,98.32557
2025-04-09 19:00:00+00:00,9.292255,111.595375
2025-04-09 20:00:00+00:00,7.689603,122.57404
2025-04-09 21:00:00+00:00,8.217153,118.8107
2025-04-09 22:00:00+00:00,5.1481256,126.46933
2025-04-09 23:00:00+00:00,6.015878,128.92755
2025-04-10 00:00:00+00:00,5.7628117,128.65984
2025-04-10 01:00:00+00:00,6.310277,86.729576
2025-04-10 02:00:00+00:00,10.6261,88.058556
2025-04-10 03:00:00+00:00,10.644379,108.74143
2025-04-10 04:00:00+00:00,10.316686,132.8789
2025-04-10 05:00:00+00:00,10.441551,144.11777
2025-04-10 06:00:00+00:00,8.557102,157.75093
2025-04-10 07:00:00+00:00,4.5572357,189.0902
2025-04-10 08:00:00+00:00,3.9763298,264.80566
2025-04-10 09:00:00+00:00,7.486788,279.68872
2025-04-10 10:00:00+00:00,2.5455842,278.13
2025-04-10 11:00:00+00:00,2.50064,300.25635
2025-04-10 12:00:00+00:00,6.193674,35.537766
2025-04-10 13:00:00+00:00,6.5248446,245.55606
2025-04-10 14:00:00+00:00,13.403656,284.78278
2025-04-10 15:00:00+00:00,10.088033,15.524177
2025-04-10 16:00:00+00:00,19.408306,61.771317
2025-04-10 17:00:00+00:00,21.053844,97.36796
2025-04-10 18:00:00+00:00,20.821728,124.78921
2025-04-10 19:00:00+00:00,18.610641,138.13644
2025-04-10 20:00:00+00:00,16.554129,133.23764
2025-04-10 21:00:00+00:00,16.454992,120.21124
2025-04-10 22:00:00+00:00,18.880276,131.13445
2025-04-10 23:00:00+00:00,19.270092,139.1666
2025-04-11 00:00:00+00:00,17.682194,141.61343
2025-04-11 01:00:00+00:00,15.659999,133.60289
2025-04-11 02:00:00+00:00,17.388409,117.095474
2025-04-11 03:00:00+00:00,20.366266,116.791435
2025-04-11 04:00:00+00:00,21.176598,117.871864
2025-04-11 05:00:00+00:00,20.688257,116.34205
2025-04-11 06:00:00+00:00,19.694992,108.10386
2025-04-11 07:00:00+00:00,18.820976,102.70711
2025-04-11 08:00:00+00:00,18.254698,102.5288
2025-04-11 09:00:00+00:00,18.076338,105.004974
2025-04-11 10:00:00+00:00,14.731435,125.04945
2025-04-11 11:00:00+00:00,14.113652,127.74687
2025-04-11 12:00:00+00:00,10.650465,120.46546
2025-04-11 13:00:00+00:00,4.755544,29.475794
2025-04-11 14:00:00+00:00,17.377226,309.9575
2025-04-11 15:00:00+00:00,2.9522195,37.568665
2025-04-11 16:00:00+00:00,16.63126,99.97199
2025-04-11 17:00:00+00:00,15.882896,113.36913
2025-04-11 18:00:00+00:00,11.457958,133.72705
2025-04-11 19:00:00+00:00,6.623413,137.20262
2025-04-11 20:00:00+00:00,5.4119864,93.814
2025-04-11 21:00:00+00:00,6.050785,67.24899
2025-04-11 22:00:00+00:00,14.428097,49.55386
2025-04-11 23:00:00+00:00,12.442153,75.76269
2025-04-12 00:00:00+00:00,10.931203,107.241554
2025-04-12 01:00:00+00:00,11.384198,124.69522
2025-04-12 02:00:00+00:00,10.692969,143.90163
2025-04-12 03:00:00+00:00,11.543881,169.21574
2025-04-12 04:00:00+00:00,12.452566,175.85545
2025-04-12 05:00:00+00:00,9.444426,172.33328
2025-04-12 06:00:00+00:00,4.2671766,152.35411
2025-04-12 07:00:00+00:00,2.3469126,85.60138
2025-04-12 08:00:00+00:00,1.2727921,8.130019
2025-04-12 09:00:00+00:00,3.494968,304.50858
2025-04-12 10:00:00+00:00,4.1085763,331.1893
2025-04-12 11:00:00+00:00,2.226477,345.9637
2025-04-12 12:00:00+00:00,7.10031,30.465475
2025-04-12 13:00:00+00:00,6.6818557,27.255245
2025-04-12 14:00:00+00:00,7.8149853,28.926332
2025-04-12 15:00:00+00:00,10.692969,36.098385
2025-04-12 16:00:00+00:00,11.734564,41.268513
2025-04-12 17:00:00+00:00,10.957846,47.66307
2025-04-12 18:00:00+00:00,8.893166,54.057793
2025-04-12 19:00:00+00:00,7.0107627,60.802605
2025-04-12 20:00:00+00:00,7.7983837,71.14675
2025-04-12 21:00:00+00:00,8.297589,77.4712
2025-04-12 22:00:00+00:00,8.085988,106.821495
2025-04-12 23:00:00+00:00,4.6834598,87.79745
2025-04-13 00:00:00+00:00,1.9469976,33.6901
2025-04-13 01:00:00+00:00,2.19718,34.9921
2025-04-13 02:00:00+00:00,2.5264204,85.91447
2025-04-13 03:00:00+00:00,3.8268526,131.18582
2025-04-13 04:00:00+00:00,4.599695,149.42085
2025-04-13 05:00:00+00:00,4.8433046,138.01286
2025-04-13 06:00:00+00:00,3.9312592,105.945465
2025-04-13 07:00:00+00:00,4.060985,77.19574
2025-04-13 08:00:00+00:00,3.8939953,56.3099
2025-04-13 09:00:00+00:00,4.080882,41.42357
2025-04-13 10:00:00+00:00,4.5,16.26028
2025-04-13 11:00:00+00:00,4.91634,336.2505
2025-04-13 12:00:00+00:00,6.050785,329.62094
2025-04-13 13:00:00+00:00,6.489992,340.55988
2025-04-13 14:00:00+00:00,6.8423676,1.5074003
2025-04-13 15:00:00+00:00,6.4096174,38.157276
2025-04-13 16:00:00+00:00,6.5024605,85.23644
2025-04-13 17:00:00+00:00,7.570707,118.39293
2025-04-13 18:00:00+00:00,7.5105524,135.97093
2025-04-13 19:00:00+00:00,7.841887,148.13406
2025-04-13 20:00:00+00:00,7.9220443,158.68202
2025-04-13 21:00:00+00:00,7.4672885,164.62369
2025-04-13 22:00:00+00:00,7.570707,151.60707
2025-04-13 23:00:00+00:00,6.618519,135.0001
2025-04-14 00:00:00+00:00,6.28713,113.62939
2025-04-14 01:00:00+00:00,7.9138603,107.19863
2025-04-14 02:00:00+00:00,8.863972,113.962494
2025-04-14 03:00:00+00:00,10.742848,121.292984
2025-04-14 04:00:00+00:00,11.7,126.86999
2025-04-14 05:00:00+00:00,11.753876,130.0302
2025-04-14 06:00:00+00:00,11.599879,131.85495
2025-04-14 07:00:00+00:00,11.666721,128.10762
2025-04-14 08:00:00+00:00,10.337078,125.07384
2025-04-14 09:00:00+00:00,9.292255,121.534744
2025-04-14 10:00:00+00:00,13.121493,116.91648
2025-04-14 11:00:00+00:00,11.855429,120.0685
2025-04-14 12:00:00+00:00,11.465024,112.135544
2025-04-14 13:00:00+00:00,9.3876505,94.39862
2025-04-14 14:00:00+00:00,11.016824,94.68582
2025-04-14 15:00:00+00:00,11.543881,100.78425
2025-04-14 16:00:00+00:00,11.157097,107.85041
2025-04-14 17:00:00+00:00,10.966713,113.19862
2025-04-14 18:00:00+00:00,11.1090765,116.980156
2025-04-14 19:00:00+00:00,10.962281,119.511406
2025-04-14 20:00:00+00:00,11.052058,120.32352
2025-04-14 21:00:00+00:00,10.589448,121.79887
2025-04-14 22:00:00+00:00,5.223103,88.025116
2025-04-14 23:00:00+00:00,4.91634,66.2505
2025-04-15 00:00:00+00:00,5.4029994,88.09089
2025-04-15 01:00:00+00:00,8.557102,104.62092
2025-04-15 02:00:00+00:00,9.526405,112.20353
2025-04-15 03:00:00+00:00,11.351422,117.37762
2025-04-15 04:00:00+00:00,12.033103,124.641014
2025-04-15 05:00:00+00:00,12.601285,135.57864
2025-04-15 06:00:00+00:00,11.246759,129.80553
2025-04-15 07:00:00+00:00,9.4238205,118.52302
2025-04-15 08:00:00+00:00,8.538149,108.43504
2025-04-15 09:00:00+00:00,7.613382,96.78888
2025-04-15 10:00:00+00:00,8.827344,92.33726
2025-04-15 11:00:00+00:00,7.6409945,105.01841
2025-04-15 12:00:00+00:00,6.59154,124.992096
2025-04-15 13:00:00+00:00,6.1858225,98.3658
2025-04-15 14:00:00+00:00,6.638072,77.4712
2025-04-15 15:00:00+00:00,7.072878,75.25639
2025-04-15 16:00:00+00:00,7.9383874,86.09958
2025-04-15 17:00:00+00:00,9.0645685,96.84268
2025-04-15 18:00:00+00:00,9.793058,107.10281
2025-04-15 19:00:00+00:00,9.266067,114.07549
2025-04-15 20:00:00+00:00,8.797931,120.76265
2025-04-15 21:00:00+00:00,8.748075,126.63421
2025-04-15 22:00:00+00:00,7.5363917,130.15593
2025-04-15 23:00:00+00:00,8.274128,135.88132
2025-04-16 00:00:00+00:00,8.654987,135.0001
2025-04-16 01:00:00+00:00,10.32924,131.4676
2025-04-16 02:00:00+00:00,11.457958,136.27295
2025-04-16 03:00:00+00:00,12.033103,145.359
2025-04-16 04:00:00+00:00,12.20023,158.3555
2025-04-16 05:00:00+00:00,11.755254,168.51804
2025-04-16 06:00:00+00:00,7.7983837,161.14674
2025-04-16 07:00:00+00:00,5.692099,145.30478
2025-04-16 08:00:00+00:00,4.6102495,128.65984
2025-04-16 09:00:00+00:00,4.3536186,119.74479
2025-04-16 10:00:00+00:00,8.131936,84.92049
2025-04-16 11:00:00+00:00,9.56713,101.94416
2025-04-16 12:00:00+00:00,9.906544,114.70241
2025-04-16 13:00:00+00:00,7.293888,105.75124
2025-04-16 14:00:00+00:00,10.484902,101.88863
2025-04-16 15:00:00+00:00,9.743305,101.72509
2025-04-16 16:00:00+00:00,8.996398,109.885254
2025-04-16 17:00:00+00:00,7.989242,112.52061
2025-04-16 18:00:00+00:00,7.754637,111.801476
2025-04-16 19:00:00+00:00,7.968939,108.43504
2025-04-16 20:00:00+00:00,7.9465466,103.0919
2025-04-16 21:00:00+00:00,8.604301,105.78082
2025-04-16 22:00:00+00:00,10.464797,40.814987
2025-04-16 23:00:00+00:00,11.870451,49.304558
2025-04-17 00:00:00+00:00,11.442394,70.70986
2025-04-17 01:00:00+00:00,12.287555,95.04236
2025-04-17 02:00:00+00:00,13.248049,126.714294
2025-04-17 03:00:00+00:00,14.4,143.13002
2025-04-17 04:00:00+00:00,13.552696,149.68887
2025-04-17 05:00:00+00:00,11.837652,151.87636
2025-04-17 06:00:00+00:00,9.761578,157.21756
2025-04-17 07:00:00+00:00,6.5520988,164.05453
2025-04-17 08:00:00+00:00,3.572898,220.91429
2025-04-17 09:00:00+00:00,4.9785542,282.5288
2025-04-17 10:00:00+00:00,3.319036,12.528798
2025-04-17 11:00:00+00:00,5.8104043,16.189287
2025-04-17 12:00:00+00:00,7.731623,24.775122
2025-04-17 13:00:00+00:00,7.4867883,27.181028
2025-04-17 14:00:00+00:00,7.9036193,30.068504
2025-04-17 15:00:00+00:00,7.6409945,43.09086
2025-04-17 16:00:00+00:00,7.9220443,68.68202
2025-04-17 17:00:00+00:00,9.114471,99.090195
2025-04-17 18:00:00+00:00,10.248941,120.61853
2025-04-17 19:00:00+00:00,10.4493065,132.20723
2025-04-17 20:00:00+00:00,10.075177,138.62158
2025-04-17 21:00:00+00:00,9.9408245,137.93575
2025-04-17 22:00:00+00:00,8.748075,143.3658
2025-04-17 23:00:00+00:00,6.698806,120.699646
2025-04-18 00:00:00+00:00,7.2044983,102.99462
2025-04-18 01:00:00+00:00,10.594036,99.78234
2025-04-18 02:00:00+00:00,12.093535,104.65679
2025-04-18 03:00:00+00:00,14.118243,109.359085
2025-04-18 04:00:00+00:00,14.539945,111.801476
2025-04-18 05:00:00+00:00,13.3649235,115.529655
2025-04-18 06:00:00+00:00,11.144021,121.122406
2025-04-18 07:00:00+00:00,8.4963045,126.384445
2025-04-18 08:00:00+00:00,6.015878,128.92755
2025-04-18 09:00:00+00:00,4.072935,135.0001
2025-04-18 10:00:00+00:00,5.9834766,96.91113
2025-04-18 11:00:00+00:00,8.244708,126.11943
2025-04-18 12:00:00+00:00,8.461915,128.08882
2025-04-18 13:00:00+00:00,9.708326,79.31514
2025-04-18 14:00:00+00:00,14.30632,68.60013
2025-04-18 15:00:00+00:00,17.727943,66.03751
2025-04-18 16:00:00+00:00,22.186779,86.27876
2025-04-18 17:00:00+00:00,18.11215,100.30479
2025-04-18 18:00:00+00:00,14.120539,107.04912
2025-04-18 19:00:00+00:00,13.8049555,112.21764
2025-04-18 20:00:00+00:00,15.543706,118.3456
2025-04-18 21:00:00+00:00,16.828796,122.33016
2025-04-18 22:00:00+00:00,13.633737,132.32452
2025-04-18 23:00:00+00:00,14.879153,145.34862
2025-04-19 00:00:00+00:00,15.531193,147.78348
2025-04-19 01:00:00+00:00,15.876775,147.0306
2025-04-19 02:00:00+00:00,16.78156,144.60512
2025-04-19 03:00:00+00:00,18.212051,137.00253
2025-04-19 04:00:00+00:00,19.935354,129.87177
2025-04-19 05:00:00+00:00,21.319935,130.54874
2025-04-19 06:00:00+00:00,20.378988,132.8524
2025-04-19 07:00:00+00:00,17.82091,135.81837
2025-04-19 08:00:00+00:00,15.659999,136.39711
2025-04-19 09:00:00+00:00,13.920647,139.72021
2025-04-19 10:00:00+00:00,17.71423,117.86691
2025-04-19 11:00:00+00:00,19.581154,119.15683
2025-04-19 12:00:00+00:00,20.150354,108.75875
2025-04-19 13:00:00+00:00,20.192118,101.3099
2025-04-19 14:00:00+00:00,19.778715,103.150955
2025-04-19 15:00:00+00:00,20.05203,106.15742
2025-04-19 16:00:00+00:00,20.224985,106.01551
2025-04-19 17:00:00+00:00,19.011953,108.77813
2025-04-19 18:00:00+00:00,16.10472,117.997055
2025-04-19 19:00:00+00:00,13.413321,130.10085
2025-04-19 20:00:00+00:00,12.870944,137.83418
2025-04-19 21:00:00+00:00,13.746156,135.0001
2025-04-19 22:00:00+00:00,15.349684,140.7106
2025-04-19 23:00:00+00:00,14.957339,140.37103
2025-04-20 00:00:00+00:00,14.336861,141.1155
2025-04-20 01:00:00+00:00,13.896187,143.42688
2025-04-20 02:00:00+00:00,14.230248,145.30478
2025-04-20 03:00:00+00:00,14.664202,138.48337
2025-04-20 04:00:00+00:00,15.489414,128.86778
2025-04-20 05:00:00+00:00,16.276817,119.11605
2025-04-20 06:00:00+00:00,16.62444,109.61218
2025-04-20 07:00:00+00:00,9.044888,95.7105
2025-04-20 08:00:00+00:00,9.375563,93.301796
2025-04-20 09:00:00+00:00,11.39842,111.297424
2025-04-20 10:00:00+00:00,10.296251,126.46933
2025-04-20 11:00:00+00:00,9.957108,139.39879
2025-04-20 12:00:00+00:00,6.193674,125.537766
2025-04-20 13:00:00+00:00,7.415038,95.572105
2025-04-20 14:00:00+00:00,12.461669,79.17704
2025-04-20 15:00:00+00:00,15.956163,78.94363
2025-04-20 16:00:00+00:00,16.595179,86.26868
2025-04-20 17:00:00+00:00,15.697197,93.945114
2025-04-20 18:00:00+00:00,13.41453,101.61146
2025-04-20 19:00:00+00:00,10.261579,105.25517
2025-04-20 20:00:00+00:00,8.027677,109.653915
2025-04-20 21:00:00+00:00,7.329338,114.67685
2025-04-20 22:00:00+00:00,6.114703,132.61403
2025-04-20 23:00:00+00:00,5.195113,104.03627
2025-04-21 00:00:00+00:00,5.0911684,98.13002
2025-04-21 01:00:00+00:00,7.172949,107.52566
2025-04-21 02:00:00+00:00,7.1684303,128.8845
2025-04-21 03:00:00+00:00,7.748368,149.26459
2025-04-21 04:00:00+00:00,8.209263,164.74483
2025-04-21 05:00:00+00:00,7.922045,181.30193
2025-04-21 06:00:00+00:00,8.0599,203.70265
2025-04-21 07:00:00+00:00,8.783189,224.16977
2025-04-21 08:00:00+00:00,10.234705,235.75092
2025-04-21 09:00:00+00:00,11.511559,243.03436
2025-04-21 10:00:00+00:00,12.011544,250.75038
2025-04-21 11:00:00+00:00,13.184308,255.774
2025-04-21 12:00:00+00:00,10.453957,267.03912
2025-04-21 13:00:00+00:00,8.731392,278.29706
2025-04-21 14:00:00+00:00,9.178235,281.3099
2025-04-21 15:00:00+00:00,9.6228485,277.5237
2025-04-21 16:00:00+00:00,10.266314,272.00952
2025-04-21 17:00:00+00:00,11.345713,268.18173
2025-04-21 18:00:00+00:00,12.059999,270.0
2025-04-21 19:00:00+00:00,12.346741,277.53934
2025-04-21 20:00:00+00:00,12.093535,284.6568
2025-04-21 21:00:00+00:00,10.706595,286.60706
2025-04-21 22:00:00+00:00,7.9036193,300.06848
2025-04-21 23:00:00+00:00,7.353611,291.54105
2025-04-22 00:00:00+00:00,7.256032,277.1249
2025-04-22 01:00:00+00:00,9.54679,272.16104
2025-04-22 02:00:00+00:00,10.086427,272.04535
2025-04-22 03:00:00+00:00,9.726665,272.12103
2025-04-22 04:00:00+00:00,10.453957,272.96088
2025-04-22 05:00:00+00:00,13.110376,278.68628
2025-04-22 06:00:00+00:00,15.94804,286.38962
2025-04-22 07:00:00+00:00,15.655861,289.47665
2025-04-22 08:00:00+00:00,15.743571,292.16638
2025-04-22 09:00:00+00:00,15.955151,293.9625
2025-04-22 10:00:00+00:00,14.8257065,299.0545
2025-04-22 11:00:00+00:00,15.315873,299.57773
2025-04-22 12:00:00+00:00,11.53265,304.18616
2025-04-22 13:00:00+00:00,9.437563,304.90256
2025-04-22 14:00:00+00:00,10.874742,298.68604
2025-04-22 15:00:00+00:00,10.662626,291.80148
2025-04-22 16:00:00+00:00,9.165871,289.50253
2025-04-22 17:00:00+00:00,9.906544,294.7024
2025-04-22 18:00:00+00:00,11.989946,305.83774
2025-04-22 19:00:00+00:00,12.984975,316.1232
2025-04-22 20:00:00+00:00,13.104198,322.81522
2025-04-22 21:00:00+00:00,12.13499,327.72437
2025-04-22 22:00:00+00:00,9.668195,335.8209
2025-04-22 23:00:00+00:00,8.536252,335.05612
2025-04-23 00:00:00+00:00,8.604301,322.65057
2025-04-23 01:00:00+00:00,7.570707,298.3929
2025-04-23 02:00:00+00:00,9.708326,280.68484
2025-04-23 03:00:00+00:00,10.7714615,279.61966
2025-04-23 04:00:00+00:00,12.835653,284.6209
2025-04-23 05:00:00+00:00,14.512064,293.38525
2025-04-23 06:00:00+00:00,17.311846,297.8972
2025-04-23 07:00:00+00:00,19.233065,301.60745
2025-04-23 08:00:00+00:00,19.070658,303.8401
2025-04-23 09:00:00+00:00,18.686218,305.98688
2025-04-23 10:00:00+00:00,20.018072,307.6943
2025-04-23 11:00:00+00:00,18.921415,309.59616
2025-04-23 12:00:00+00:00,13.783817,310.76352
2025-04-23 13:00:00+00:00,9.044888,301.15924
2025-04-23 14:00:00+00:00,11.177405,284.93146
2025-04-23 15:00:00+00:00,9.901636,268.9584
2025-04-23 16:00:00+00:00,8.707238,262.8751
2025-04-23 17:00:00+00:00,8.490582,265.13556
2025-04-23 18:00:00+00:00,8.669949,274.76355
2025-04-23 19:00:00+00:00,8.461915,293.83875
2025-04-23 20:00:00+00:00,8.181589,309.64413
2025-04-23 21:00:00+00:00,9.793059,306.02747
2025-04-23 22:00:00+00:00,6.8541956,256.32867
2025-04-23 23:00:00+00:00,6.689125,246.19405
2025-04-24 00:00:00+00:00,7.120815,249.27435
2025-04-24 01:00:00+00:00,8.613709,259.15973
2025-04-24 02:00:00+00:00,9.007196,267.70944
2025-04-24 03:00:00+00:00,7.79215,276.63242
2025-04-24 04:00:00+00:00,7.989243,284.34937
2025-04-24 05:00:00+00:00,7.8954163,294.22772
2025-04-24 06:00:00+00:00,8.161764,311.42358
2025-04-24 07:00:00+00:00,9.67657,313.4926
2025-04-24 08:00:00+00:00,10.97262,311.009
2025-04-24 09:00:00+00:00,12.348051,306.70294
2025-04-24 10:00:00+00:00,13.379461,312.27362
2025-04-24 11:00:00+00:00,13.369771,313.36346
2025-04-24 12:00:00+00:00,8.320986,321.1466
2025-04-24 13:00:00+00:00,9.906544,357.91748
2025-04-24 14:00:00+00:00,9.252069,37.092915
2025-04-24 15:00:00+00:00,10.03167,80.70677
2025-04-24 16:00:00+00:00,10.304115,109.38461
2025-04-24 17:00:00+00:00,10.44,133.60289
2025-04-24 18:00:00+00:00,10.070353,155.72557
2025-04-24 19:00:00+00:00,9.0018,178.85426
2025-04-24 20:00:00+00:00,4.942631,236.88864
2025-04-24 21:00:00+00:00,1.6981165,302.00534
2025-04-24 22:00:00+00:00,2.4216523,41.98713
2025-04-24 23:00:00+00:00,6.037383,100.30479
2025-04-25 00:00:00+00:00,8.067936,128.65984
2025-04-25 01:00:00+00:00,5.771239,176.42374
2025-04-25 02:00:00+00:00,6.1226463,245.69547
2025-04-25 03:00:00+00:00,5.4744864,279.46225
2025-04-25 04:00:00+00:00,5.6521144,322.76508
2025-04-25 05:00:00+00:00,6.5049515,345.5792
2025-04-25 06:00:00+00:00,7.841888,350.75397
2025-04-25 07:00:00+00:00,8.936778,350.72748
2025-04-25 08:00:00+00:00,9.885262,349.50858
2025-04-25 09:00:00+00:00,10.534229,343.11313
2025-04-25 10:00:00+00:00,13.527572,334.79892
2025-04-25 11:00:00+00:00,13.443481,333.7781
2025-04-25 12:00:00+00:00,9.449572,342.25522
2025-04-25 13:00:00+00:00,10.316686,353.9911
2025-04-25 14:00:00+00:00,11.196231,4.610574
2025-04-25 15:00:00+00:00,10.365251,20.323217
2025-04-25 16:00:00+00:00,10.387107,27.897186
2025-04-25 17:00:00+00:00,9.12513,22.01134
2025-04-25 18:00:00+00:00,8.383054,14.931467
2025-04-25 19:00:00+00:00,9.080639,13.760814
2025-04-25 20:00:00+00:00,8.777653,15.461285
2025-04-25 21:00:00+00:00,9.3962755,16.699326
2025-04-25 22:00:00+00:00,8.836514,356.49652
2025-04-25 23:00:00+00:00,5.2323985,310.81497
2025-04-26 00:00:00+00:00,6.0908127,251.0295
2025-04-26 01:00:00+00:00,5.7964473,244.23071
2025-04-26 02:00:00+00:00,6.361415,244.8852
2025-04-26 03:00:00+00:00,4.514377,246.50142
2025-04-26 04:00:00+00:00,3.671294,258.6901
2025-04-26 05:00:00+00:00,2.5959969,303.6901
2025-04-26 06:00:00+00:00,4.5572357,350.9098
2025-04-26 07:00:00+00:00,5.8298883,351.11942
2025-04-26 08:00:00+00:00,6.7205353,339.62347
2025-04-26 09:00:00+00:00,7.4932766,335.89777
2025-04-26 10:00:00+00:00,7.841887,301.86594
2025-04-26 11:00:00+00:00,6.130579,273.3664
2025-04-26 12:00:00+00:00,9.021574,241.38963
2025-04-26 13:00:00+00:00,13.854155,245.43285
2025-04-26 14:00:00+00:00,17.799076,241.62085
2025-04-26 15:00:00+00:00,12.483749,245.28258
2025-04-26 16:00:00+00:00,8.825508,258.23172
2025-04-26 17:00:00+00:00,7.3094187,260.07382
2025-04-26 18:00:00+00:00,6.1858225,261.6342
2025-04-26 19:00:00+00:00,7.7420926,287.5925
2025-04-26 20:00:00+00:00,8.536252,294.94388
2025-04-26 21:00:00+00:00,8.12197,282.80426
2025-04-26 22:00:00+00:00,7.4867883,297.18103
2025-04-26 23:00:00+00:00,6.519877,276.3401
2025-04-27 00:00:00+00:00,5.495161,211.60745
2025-04-27 01:00:00+00:00,4.829907,153.43501
2025-04-27 02:00:00+00:00,4.3832865,160.82089
2025-04-27 03:00:00+00:00,4.755544,209.4758
2025-04-27 04:00:00+00:00,5.994297,221.34767
2025-04-27 05:00:00+00:00,6.299999,233.13002
2025-04-27 06:00:00+00:00,6.037383,243.43501
2025-04-27 07:00:00+00:00,5.4119864,266.186
2025-04-27 08:00:00+00:00,4.599695,300.57913
2025-04-27 09:00:00+00:00,5.9834766,338.83865
2025-04-27 10:00:00+00:00,7.344794,36.027473
2025-04-27 11:00:00+00:00,9.781473,12.757541
2025-04-27 12:00:00+00:00,10.495713,5.9060555
2025-04-27 13:00:00+00:00,9.82279,13.781618
2025-04-27 14:00:00+00:00,10.464797,40.814987
2025-04-27 15:00:00+00:00,10.1376915,83.88459
2025-04-27 16:00:00+00:00,11.885453,125.13428
2025-04-27 17:00:00+00:00,13.282243,153.43501
2025-04-27 18:00:00+00:00,12.304682,174.1227
2025-04-27 19:00:00+00:00,11.525623,194.47034
2025-04-27 20:00:00+00:00,11.500296,219.92033
2025-04-27 21:00:00+00:00,10.385547,244.32323
2025-04-27 22:00:00+00:00,2.657668,61.69934
2025-04-27 23:00:00+00:00,12.466867,72.34979
2025-04-28 00:00:00+00:00,14.041154,89.265495
2025-04-28 01:00:00+00:00,13.971757,104.93147
2025-04-28 02:00:00+00:00,13.337016,111.3707
2025-04-28 03:00:00+00:00,15.137133,115.34614
2025-04-28 04:00:00+00:00,16.886456,121.48742
2025-04-28 05:00:00+00:00,17.065859,127.71605
2025-04-28 06:00:00+00:00,16.16897,133.64688
2025-04-28 07:00:00+00:00,14.336861,141.1155
2025-04-28 08:00:00+00:00,11.282711,146.05637
2025-04-28 09:00:00+00:00,7.7420926,144.46223
2025-04-28 10:00:00+00:00,10.062305,100.30479
2025-04-28 11:00:00+00:00,12.125642,84.03561
2025-04-28 12:00:00+00:00,13.917154,84.805664
2025-04-28 13:00:00+00:00,13.379461,70.346085
2025-04-28 14:00:00+00:00,16.833609,65.35326
2025-04-28 15:00:00+00:00,16.459913,76.723595
2025-04-28 16:00:00+00:00,15.338071,94.037636
2025-04-28 17:00:00+00:00,13.845967,105.843155
2025-04-28 18:00:00+00:00,14.138882,111.66602
2025-04-28 19:00:00+00:00,15.009236,112.56705
2025-04-28 20:00:00+00:00,15.743571,112.1664
2025-04-28 21:00:00+00:00,16.87974,111.91493
2025-04-28 22:00:00+00:00,20.562586,119.93143
2025-04-28 23:00:00+00:00,18.374992,119.327095
2025-04-29 00:00:00+00:00,17.072504,114.94388
2025-04-29 01:00:00+00:00,17.512806,102.46493
2025-04-29 02:00:00+00:00,22.40765,95.069336
2025-04-29 03:00:00+00:00,23.157824,101.65926
2025-04-29 04:00:00+00:00,21.881662,105.75124
2025-04-29 05:00:00+00:00,19.866161,107.94254
2025-04-29 06:00:00+00:00,17.5931,109.73278
2025-04-29 07:00:00+00:00,15.210799,110.79419
2025-04-29 08:00:00+00:00,12.601285,111.80147
2025-04-29 09:00:00+00:00,9.860649,111.41304
2025-04-29 10:00:00+00:00,7.538541,123.310646
2025-04-29 11:00:00+00:00,6.854195,119.93143
2025-04-29 12:00:00+00:00,6.5693827,99.46225
2025-04-29 13:00:00+00:00,7.342588,78.6901
2025-04-29 14:00:00+00:00,10.5234585,77.1523
2025-04-29 15:00:00+00:00,11.032987,84.382515
2025-04-29 16:00:00+00:00,9.224011,95.59925
2025-04-29 17:00:00+00:00,8.482947,107.281586
2025-04-29 18:00:00+00:00,9.595874,113.198616
2025-04-29 19:00:00+00:00,10.399576,113.459045
2025-04-29 20:00:00+00:00,10.897063,112.328705
2025-04-29 21:00:00+00:00,10.934166,110.22495
2025-04-29 22:00:00+00:00,13.638489,112.50357
2025-04-29 23:00:00+00:00,13.83192,108.19926
2025-04-30 00:00:00+00:00,14.414617,105.945465
2025-04-30 01:00:00+00:00,15.655861,107.39341
2025-04-30 02:00:00+00:00,18.442753,108.78872
2025-04-30 03:00:00+00:00,20.393293,110.67451
2025-04-30 04:00:00+00:00,20.052032,114.95472
2025-04-30 05:00:00+00:00,17.935986,121.45677
2025-04-30 06:00:00+00:00,15.156384,127.27825
2025-04-30 07:00:00+00:00,13.298089,129.50764
2025-04-30 08:00:00+00:00,11.090103,125.753975
2025-04-30 09:00:00+00:00,8.53815,124.69522
2025-04-30 10:00:00+00:00,12.810386,107.162
2025-04-30 11:00:00+00:00,12.241323,107.10281
2025-04-30 12:00:00+00:00,11.226575,102.03058
2025-04-30 13:00:00+00:00,10.086427,92.045364
2025-04-30 14:00:00+00:00,13.504799,91.52749
2025-04-30 15:00:00+00:00,16.954432,93.65215
2025-04-30 16:00:00+00:00,16.700275,97.43131
2025-04-30 17:00:00+00:00,15.546833,95.31445
2025-04-30 18:00:00+00:00,15.726067,95.253716
2025-04-30 19:00:00+00:00,16.276815,100.191444
2025-04-30 20:00:00+00:00,17.076298,108.43504
2025-04-30 21:00:00+00:00,16.986889,115.75043
2025-04-30 22:00:00+00:00,13.945064,113.58704
2025-04-30 23:00:00+00:00,13.1041975,110.924576
2025-05-01 00:00:00+00:00,12.768586,111.501495
2025-05-01 01:00:00+00:00,14.30632,111.39988
2025-05-01 02:00:00+00:00,17.750774,112.6646
2025-05-01 03:00:00+00:00,20.447239,116.11385
2025-05-01 04:00:00+00:00,21.30093,120.46546
2025-05-01 05:00:00+00:00,20.518421,123.55069
2025-05-01 06:00:00+00:00,18.431332,121.82741
2025-05-01 07:00:00+00:00,16.42346,117.407486
2025-05-01 08:00:00+00:00,14.7742605,112.19034
2025-05-01 09:00:00+00:00,13.5515,106.99091
2025-05-01 10:00:00+00:00,14.974658,115.64096
2025-05-01 11:00:00+00:00,12.346741,134.40942
2025-05-01 12:00:00+00:00,11.032987,146.3099
2025-05-01 13:00:00+00:00,8.865799,84.17376
2025-05-01 14:00:00+00:00,16.09969,79.69521
2025-05-01 15:00:00+00:00,21.457026,86.63361
2025-05-01 16:00:00+00:00,19.281015,92.67538
2025-05-01 17:00:00+00:00,17.46,90.0
2025-05-01 18:00:00+00:00,19.820442,87.3975
2025-05-01 19:00:00+00:00,20.34,90.0
2025-05-01 20:00:00+00:00,18.568813,101.745605
2025-05-01 21:00:00+00:00,17.325876,113.902054
2025-05-01 22:00:00+00:00,9.499158,117.05052
2025-05-01 23:00:00+00:00,5.6060677,137.60262
2025-05-02 00:00:00+00:00,3.381893,64.79892
2025-05-02 01:00:00+00:00,8.037761,34.045982
2025-05-02 02:00:00+00:00,10.514218,38.047092
2025-05-02 03:00:00+00:00,14.039999,67.3801
2025-05-02 04:00:00+00:00,18.057508,85.42616
2025-05-02 05:00:00+00:00,24.591583,95.46012
2025-05-02 06:00:00+00:00,26.582165,100.92944
2025-05-02 07:00:00+00:00,22.883373,107.86495
2025-05-02 08:00:00+00:00,19.561287,116.80076
2025-05-02 09:00:00+00:00,16.67795,124.89078
2025-05-02 10:00:00+00:00,4.802999,77.00539
2025-05-02 11:00:00+00:00,4.5891175,78.6901
2025-05-02 12:00:00+00:00,2.5959969,56.309914
2025-05-02 13:00:00+00:00,4.2175345,39.805527
2025-05-02 14:00:00+00:00,8.404285,43.26433
2025-05-02 15:00:00+00:00,9.867218,51.666626
2025-05-02 16:00:00+00:00,7.388775,55.922764
2025-05-02 17:00:00+00:00,5.0975285,42.13753
2025-05-02 18:00:00+00:00,5.983477,46.2188
2025-05-02 19:00:00+00:00,6.248359,41.49638
2025-05-02 20:00:00+00:00,5.441838,55.78425
2025-05-02 21:00:00+00:00,8.155807,67.963715
2025-05-02 22:00:00+00:00,8.790563,79.380394
2025-05-02 23:00:00+00:00,5.6920996,71.564964
2025-05-03 00:00:00+00:00,4.8633323,92.12105
2025-05-03 01:00:00+00:00,5.8048253,82.875084
2025-05-03 02:00:00+00:00,5.4744864,80.53775
2025-05-03 03:00:00+00:00,9.109138,119.604355
2025-05-03 04:00:00+00:00,13.246826,137.20262
2025-05-03 05:00:00+00:00,13.044722,140.59937
2025-05-03 06:00:00+00:00,12.348051,143.29706
2025-05-03 07:00:00+00:00,9.734988,146.3099
2025-05-03 08:00:00+00:00,6.1226463,155.69547
2025-05-03 09:00:00+00:00,3.671294,168.69011
2025-05-03 10:00:00+00:00,7.256032,156.61476
2025-05-03 11:00:00+00:00,2.968636,255.96373
2025-05-03 12:00:00+00:00,5.6060677,354.47253
2025-05-03 13:00:00+00:00,3.0758414,69.44387
2025-05-03 14:00:00+00:00,6.444905,234.09018
2025-05-03 15:00:00+00:00,4.6938252,274.39862
2025-05-03 16:00:00+00:00,2.52,90.0
2025-05-03 17:00:00+00:00,3.8183763,135.0001
2025-05-03 18:00:00+00:00,5.2694216,97.853226
2025-05-03 19:00:00+00:00,5.426933,84.2895
2025-05-03 20:00:00+00:00,5.9834766,96.91113
2025-05-03 21:00:00+00:00,6.1858225,98.3658
2025-05-03 22:00:00+00:00,3.096837,324.46225
2025-05-03 23:00:00+00:00,3.8141315,340.70987
2025-05-04 00:00:00+00:00,7.1321807,79.824554
2025-05-04 01:00:00+00:00,10.30883,114.775116
2025-05-04 02:00:00+00:00,12.136325,144.6598
2025-05-04 03:00:00+00:00,11.700001,165.74994
2025-05-04 04:00:00+00:00,9.0,180.0
2025-05-04 05:00:00+00:00,4.323748,182.3859
2025-05-04 06:00:00+00:00,4.278551,104.62092
2025-05-04 07:00:00+00:00,9.255571,103.49575
2025-05-04 08:00:00+00:00,11.35285,115.34614
2025-05-04 09:00:00+00:00,10.636766,113.962494
2025-05-04 10:00:00+00:00,13.684735,116.56499
2025-05-04 11:00:00+00:00,11.578912,101.65926
2025-05-04 12:00:00+00:00,13.543131,113.49858
2025-05-04 13:00:00+00:00,12.157663,115.426834
2025-05-04 14:00:00+00:00,13.207634,107.44727
2025-05-04 15:00:00+00:00,2.9522195,127.568665
2025-05-04 16:00:00+00:00,7.1208143,286.1444
2025-05-04 17:00:00+00:00,5.6233797,50.194473
2025-05-04 18:00:00+00:00,10.4493065,47.792774
2025-05-04 19:00:00+00:00,8.748075,53.3658
2025-05-04 20:00:00+00:00,6.050785,22.751022
2025-05-04 21:00:00+00:00,8.942214,40.10085
2025-05-04 22:00:00+00:00,11.545284,59.03632
2025-05-04 23:00:00+00:00,14.517644,72.68827
2025-05-05 00:00:00+00:00,13.861168,90.74404
2025-05-05 01:00:00+00:00,17.864489,102.215706
2025-05-05 02:00:00+00:00,20.671806,106.699326
2025-05-05 03:00:00+00:00,22.029236,112.58389
2025-05-05 04:00:00+00:00,19.424158,119.415504
2025-05-05 05:00:00+00:00,15.349684,129.2894
2025-05-05 06:00:00+00:00,11.996699,152.28159
2025-05-05 07:00:00+00:00,9.708326,169.31514
2025-05-05 08:00:00+00:00,6.156947,142.12495
2025-05-05 09:00:00+00:00,7.172949,107.52566
2025-05-05 10:00:00+00:00,10.32924,138.5324
2025-05-05 11:00:00+00:00,10.373061,141.34018
2025-05-05 12:00:00+00:00,10.158444,82.875084
2025-05-05 13:00:00+00:00,9.600937,59.589005
2025-05-05 14:00:00+00:00,8.452336,63.435013
2025-05-05 15:00:00+00:00,10.874741,65.55606
2025-05-05 16:00:00+00:00,12.442153,75.76269
2025-05-05 17:00:00+00:00,9.901636,91.0416
2025-05-05 18:00:00+00:00,7.289444,110.22495
2025-05-05 19:00:00+00:00,5.7628117,128.65984
2025-05-05 20:00:00+00:00,5.7402787,131.18582
2025-05-05 21:00:00+00:00,6.048107,143.47105
2025-05-05 22:00:00+00:00,7.587806,157.69374
2025-05-05 23:00:00+00:00,5.994297,138.65233
2025-05-06 00:00:00+00:00,6.28713,113.62939
2025-05-06 01:00:00+00:00,8.951267,105.15412
2025-05-06 02:00:00+00:00,9.172938,105.945465
2025-05-06 03:00:00+00:00,9.734987,109.440125
2025-05-06 04:00:00+00:00,10.759423,107.52566
2025-05-06 05:00:00+00:00,11.874544,104.03627
2025-05-06 06:00:00+00:00,12.496719,101.63361
2025-05-06 07:00:00+00:00,12.708816,105.61105
2025-05-06 08:00:00+00:00,13.0447235,117.979385
2025-05-06 09:00:00+00:00,12.204212,127.208
2025-05-06 10:00:00+00:00,12.337553,156.80139
2025-05-06 11:00:00+00:00,9.109138,142.22426
2025-05-06 12:00:00+00:00,13.403656,104.78277
2025-05-06 13:00:00+00:00,9.179999,118.072395
2025-05-06 14:00:00+00:00,8.953078,120.17343
2025-05-06 15:00:00+00:00,9.292255,111.595375
2025-05-06 16:00:00+00:00,9.05205,107.35411
2025-05-06 17:00:00+00:00,10.018743,107.78398
2025-05-06 18:00:00+00:00,10.474082,109.0578
2025-05-06 19:00:00+00:00,9.847496,108.10386
2025-05-06 20:00:00+00:00,9.531505,100.88548
2025-05-06 21:00:00+00:00,9.422101,96.581856
2025-05-06 22:00:00+00:00,11.230904,96.441505
2025-05-06 23:00:00+00:00,12.605142,91.63654
2025-05-07 00:00:00+00:00,13.350371,93.86539
2025-05-07 01:00:00+00:00,14.248452,93.621414
2025-05-07 02:00:00+00:00,17.163355,99.65983
2025-05-07 03:00:00+00:00,18.102308,109.15571
2025-05-07 04:00:00+00:00,18.59671,115.82094
2025-05-07 05:00:00+00:00,17.640919,118.65702
2025-05-07 06:00:00+00:00,16.42346,117.407486
2025-05-07 07:00:00+00:00,15.215058,115.95872
2025-05-07 08:00:00+00:00,13.708391,113.198616
2025-05-07 09:00:00+00:00,11.770403,113.42871
2025-05-07 10:00:00+00:00,11.583109,122.94922
2025-05-07 11:00:00+00:00,11.43248,146.56012
2025-05-07 12:00:00+00:00,8.790563,132.5104
2025-05-07 13:00:00+00:00,6.6087217,60.64234
2025-05-07 14:00:00+00:00,8.953078,59.826572
2025-05-07 15:00:00+00:00,9.965239,69.92838
2025-05-07 16:00:00+00:00,9.605998,77.00539
2025-05-07 17:00:00+00:00,7.6642804,80.53775
2025-05-07 18:00:00+00:00,6.482499,91.59111
2025-05-07 19:00:00+00:00,6.1437774,95.04236
2025-05-07 20:00:00+00:00,5.0432134,87.95464
2025-05-07 21:00:00+00:00,5.1544156,77.90526
2025-05-07 22:00:00+00:00,5.4656014,72.75845
2025-05-07 23:00:00+00:00,6.2379804,43.83095
2025-05-08 00:00:00+00:00,9.7565975,37.504215
2025-05-08 01:00:00+00:00,12.0921955,45.60303
2025-05-08 02:00:00+00:00,11.364259,60.592903
2025-05-08 03:00:00+00:00,11.9317045,78.6901
2025-05-08 04:00:00+00:00,13.558673,95.33207
2025-05-08 05:00:00+00:00,15.027575,108.869095
2025-05-08 06:00:00+00:00,17.01738,113.03947
2025-05-08 07:00:00+00:00,17.801807,114.49189
2025-05-08 08:00:00+00:00,16.546299,112.38018
2025-05-08 09:00:00+00:00,14.810401,110.63763
2025-05-08 10:00:00+00:00,15.651722,120.39865
2025-05-08 11:00:00+00:00,11.08572,122.399826
2025-05-08 12:00:00+00:00,3.8521678,127.40543
2025-05-08 13:00:00+00:00,4.73506,81.25392
2025-05-08 14:00:00+00:00,6.9899354,78.11137
2025-05-08 15:00:00+00:00,6.3690495,47.290634
2025-05-08 16:00:00+00:00,5.509882,38.367523
2025-05-08 17:00:00+00:00,7.562142,51.766144
2025-05-08 18:00:00+00:00,9.227524,69.44388
2025-05-08 19:00:00+00:00,9.801326,82.61405
2025-05-08 20:00:00+00:00,9.726665,92.12105
2025-05-08 21:00:00+00:00,9.321845,100.00792
2025-05-08 22:00:00+00:00,8.101999,88.727
2025-05-08 23:00:00+00:00,7.92,90.0
2025-05-09 00:00:00+00:00,7.4346757,96.952866
2025-05-09 01:00:00+00:00,8.731391,104.32276
2025-05-09 02:00:00+00:00,8.856658,127.568665
2025-05-09 03:00:00+00:00,9.54,148.10925
2025-05-09 04:00:00+00:00,8.936778,152.4028
2025-05-09 05:00:00+00:00,9.080639,129.3693
2025-05-09 06:00:00+00:00,11.1090765,116.980156
2025-05-09 07:00:00+00:00,13.040997,116.21132
2025-05-09 08:00:00+00:00,13.584932,122.00535
2025-05-09 09:00:00+00:00,13.393983,131.18584
2025-05-09 10:00:00+00:00,9.05205,162.64589
2025-05-09 11:00:00+00:00,10.441552,180.98773
2025-05-09 12:00:00+00:00,5.5916004,146.82147
2025-05-09 13:00:00+00:00,2.4149535,153.43501
2025-05-09 14:00:00+00:00,3.9640884,50.52757
2025-05-09 15:00:00+00:00,4.1046314,52.124958
2025-05-09 16:00:00+00:00,4.829907,63.435013
2025-05-09 17:00:00+00:00,5.5916004,86.308685
2025-05-09 18:00:00+00:00,5.1544156,102.09474
2025-05-09 19:00:00+00:00,4.3832865,109.17911
2025-05-09 20:00:00+00:00,4.7521367,114.62355
2025-05-09 21:00:00+00:00,5.3939967,115.70991
2025-05-09 22:00:00+00:00,5.004518,52.3057
2025-05-09 23:00:00+00:00,5.2323985,49.185013
2025-05-10 00:00:00+00:00,4.2175345,50.194473
2025-05-10 01:00:00+00:00,5.315336,61.69934
2025-05-10 02:00:00+00:00,4.3349743,85.23644
2025-05-10 03:00:00+00:00,5.12289,108.43504
2025-05-10 04:00:00+00:00,6.015878,128.92755
2025-05-10 05:00:00+00:00,6.638072,139.39879
2025-05-10 06:00:00+00:00,5.402999,150.01845
2025-05-10 07:00:00+00:00,3.4623692,152.10283
2025-05-10 08:00:00+00:00,1.7076298,161.56496
2025-05-10 09:00:00+00:00,0.742159,255.96373
2025-05-10 10:00:00+00:00,4.952453,289.0936
2025-05-10 11:00:00+00:00,3.4763772,291.25058
2025-05-10 12:00:00+00:00,8.181589,50.355858
2025-05-10 13:00:00+00:00,9.039514,54.727493
2025-05-10 14:00:00+00:00,4.5891175,48.179924
2025-05-10 15:00:00+00:00,4.3536186,60.255207
2025-05-10 16:00:00+00:00,4.327493,73.07241
2025-05-10 17:00:00+00:00,3.494968,124.50858
2025-05-10 18:00:00+00:00,3.671294,168.69011
2025-05-10 19:00:00+00:00,3.8939953,213.6901
2025-05-10 20:00:00+00:00,3.244996,266.82022
2025-05-10 21:00:00+00:00,3.7064266,299.0545
2025-05-10 22:00:00+00:00,3.4388947,312.8789
2025-05-10 23:00:00+00:00,3.62243,333.43503
2025-05-11 00:00:00+00:00,3.8141315,340.70987
2025-05-11 01:00:00+00:00,4.4274144,333.43503
2025-05-11 02:00:00+00:00,4.186693,334.53668
2025-05-11 03:00:00+00:00,4.829907,333.43503
2025-05-11 04:00:00+00:00,6.489992,340.55988
2025-05-11 05:00:00+00:00,8.297589,347.4712
2025-05-11 06:00:00+00:00,9.743305,348.2749
2025-05-11 07:00:00+00:00,10.699028,347.36664
2025-05-11 08:00:00+00:00,11.442394,340.70987
2025-05-11 09:00:00+00:00,12.886039,331.64514
2025-05-11 10:00:00+00:00,13.8049555,337.78235
2025-05-11 11:00:00+00:00,11.566313,339.02643
2025-05-11 12:00:00+00:00,8.694204,332.90454
2025-05-11 13:00:00+00:00,6.391901,327.6526
2025-05-11 14:00:00+00:00,7.6579366,330.42227
2025-05-11 15:00:00+00:00,8.738811,327.61935
2025-05-11 16:00:00+00:00,7.928177,309.47244
2025-05-11 17:00:00+00:00,8.587338,303.02386
2025-05-11 18:00:00+00:00,8.55142,310.73203
2025-05-11 19:00:00+00:00,9.3340025,320.4774
2025-05-11 20:00:00+00:00,9.7565975,307.5042
2025-05-11 21:00:00+00:00,12.245294,271.68463
2025-05-11 22:00:00+00:00,5.7628117,284.47034
2025-05-11 23:00:00+00:00,1.659518,192.5288
2025-05-12 00:00:00+00:00,2.9301877,190.6196
2025-05-12 01:00:00+00:00,6.489992,236.3099
2025-05-12 02:00:00+00:00,8.647496,267.6141
2025-05-12 03:00:00+00:00,10.538843,277.8532
2025-05-12 04:00:00+00:00,10.717182,277.72174
2025-05-12 05:00:00+00:00,10.564941,283.7995
2025-05-12 06:00:00+00:00,11.19189,297.80136
2025-05-12 07:00:00+00:00,13.248049,306.7143
2025-05-12 08:00:00+00:00,15.4642935,309.8055
2025-05-12 09:00:00+00:00,16.478603,310.12604
2025-05-12 10:00:00+00:00,16.474672,326.13626
2025-05-12 11:00:00+00:00,13.929953,327.13132
2025-05-12 12:00:00+00:00,10.883676,325.78424
2025-05-12 13:00:00+00:00,10.009036,322.3057
2025-05-12 14:00:00+00:00,10.9859,325.0079
2025-05-12 15:00:00+00:00,8.55142,319.26797
2025-05-12 16:00:00+00:00,8.0599,293.70264
2025-05-12 17:00:00+00:00,10.285232,274.0141
2025-05-12 18:00:00+00:00,11.16145,269.076
2025-05-12 19:00:00+00:00,11.173057,267.22986
2025-05-12 20:00:00+00:00,10.98,259.6112
2025-05-12 21:00:00+00:00,9.6480665,255.96373
2025-05-12 22:00:00+00:00,11.230904,263.5585
2025-05-12 23:00:00+00:00,11.705537,271.76236
2025-05-13 00:00:00+00:00,9.278297,288.08353
2025-05-13 01:00:00+00:00,9.044888,317.41956
2025-05-13 02:00:00+00:00,8.694204,332.90454
2025-05-13 03:00:00+00:00,10.534229,326.853
2025-05-13 04:00:00+00:00,12.362475,317.95087
2025-05-13 05:00:00+00:00,13.746156,315.0001
2025-05-13 06:00:00+00:00,14.387619,313.47928
2025-05-13 07:00:00+00:00,14.51876,312.99045
2025-05-13 08:00:00+00:00,14.892213,314.51038
2025-05-13 09:00:00+00:00,15.018949,315.0001
2025-05-13 10:00:00+00:00,13.830749,321.34018
2025-05-13 11:00:00+00:00,11.503113,290.13638
2025-05-13 12:00:00+00:00,13.324863,268.45187
2025-05-13 13:00:00+00:00,11.966953,263.08887
2025-05-13 14:00:00+00:00,9.391102,257.82855
2025-05-13 15:00:00+00:00,8.490582,248.87521
2025-05-13 16:00:00+00:00,8.131936,242.30061
2025-05-13 17:00:00+00:00,8.55142,239.65683
2025-05-13 18:00:00+00:00,9.028754,246.50142
2025-05-13 19:00:00+00:00,9.0,253.73972
2025-05-13 20:00:00+00:00,8.905908,255.96373
2025-05-13 21:00:00+00:00,8.731391,255.67725
2025-05-13 22:00:00+00:00,6.5024605,274.76355
2025-05-13 23:00:00+00:00,6.603817,287.44727
2025-05-14 00:00:00+00:00,6.299999,306.86996
2025-05-14 01:00:00+00:00,8.287822,325.6196
2025-05-14 02:00:00+00:00,7.0407386,327.52884
2025-05-14 03:00:00+00:00,7.3094187,322.00122
2025-05-14 04:00:00+00:00,7.6409945,313.09085
2025-05-14 05:00:00+00:00,9.085988,303.6901
2025-05-14 06:00:00+00:00,9.19939,300.57913
2025-05-14 07:00:00+00:00,9.939196,305.4171
2025-05-14 08:00:00+00:00,11.638917,309.3517
2025-05-14 09:00:00+00:00,13.393983,311.18582
2025-05-14 10:00:00+00:00,13.538345,324.19656
2025-05-14 11:00:00+00:00,12.193589,328.89127
2025-05-14 12:00:00+00:00,8.863972,336.0375
2025-05-14 13:00:00+00:00,7.3094187,322.00122
2025-05-14 14:00:00+00:00,5.7204895,294.14554
2025-05-14 15:00:00+00:00,5.3517847,250.34608
2025-05-14 16:00:00+00:00,7.056826,232.25313
2025-05-14 17:00:00+00:00,8.613709,259.15973
2025-05-14 18:00:00+00:00,9.627896,290.80685
2025-05-14 19:00:00+00:00,8.39078,305.39487
2025-05-14 20:00:00+00:00,8.3520775,307.11694
2025-05-14 21:00:00+00:00,8.55142,300.34317
2025-05-14 22:00:00+00:00,6.945761,301.21835
2025-05-14 23:00:00+00:00,6.544677,301.5042
2025-05-15 00:00:00+00:00,6.361415,295.1148
2025-05-15 01:00:00+00:00,8.035746,285.59286
2025-05-15 02:00:00+00:00,5.020677,284.5345
2025-05-15 03:00:00+00:00,5.3517847,289.6539
2025-05-15 04:00:00+00:00,7.458606,289.74692
2025-05-15 05:00:00+00:00,9.796366,290.43292
2025-05-15 06:00:00+00:00,11.032987,298.23734
2025-05-15 07:00:00+00:00,11.545284,300.96368
2025-05-15 08:00:00+00:00,12.039833,301.55133
2025-05-15 09:00:00+00:00,12.688404,301.6607
2025-05-15 10:00:00+00:00,12.879752,296.56497
2025-05-15 11:00:00+00:00,14.168641,297.21603
2025-05-15 12:00:00+00:00,11.886816,302.00534
2025-05-15 13:00:00+00:00,7.491114,305.21768
2025-05-15 14:00:00+00:00,9.1958685,310.23627
2025-05-15 15:00:00+00:00,7.754637,291.80148
2025-05-15 16:00:00+00:00,7.256032,246.61476
2025-05-15 17:00:00+00:00,7.344794,216.02747
2025-05-15 18:00:00+00:00,7.8149853,218.45374
2025-05-15 19:00:00+00:00,7.7879906,236.3099
2025-05-15 20:00:00+00:00,7.2805495,261.46933
2025-05-15 21:00:00+00:00,7.415038,275.5721
2025-05-15 22:00:00+00:00,6.6624317,321.5819
2025-05-15 23:00:00+00:00,4.143911,267.5105
2025-05-16 00:00:00+00:00,6.206738,253.14151
2025-05-16 01:00:00+00:00,5.2478566,239.0363
2025-05-16 02:00:00+00:00,3.189608,253.61038
2025-05-16 03:00:00+00:00,3.8183763,278.13
2025-05-16 04:00:00+00:00,6.391901,302.3474
2025-05-16 05:00:00+00:00,8.738811,302.38065
2025-05-16 06:00:00+00:00,11.734564,302.47116
2025-05-16 07:00:00+00:00,14.84318,309.09384
2025-05-16 08:00:00+00:00,17.183167,314.57562
2025-05-16 09:00:00+00:00,18.089775,317.41956
2025-05-16 10:00:00+00:00,10.228373,331.63104
2025-05-16 11:00:00+00:00,10.4493065,317.7928
2025-05-16 12:00:00+00:00,16.1017,354.22577
2025-05-16 13:00:00+00:00,13.752047,52.98003
2025-05-16 14:00:00+00:00,10.478722,85.07298
2025-05-16 15:00:00+00:00,9.459852,111.19412
2025-05-16 16:00:00+00:00,9.037721,134.19316
2025-05-16 17:00:00+00:00,8.996398,160.11475
2025-05-16 18:00:00+00:00,9.016185,176.56644
2025-05-16 19:00:00+00:00,9.47012,188.74608
2025-05-16 20:00:00+00:00,12.074766,206.56499
2025-05-16 21:00:00+00:00,12.287555,211.82741
2025-05-16 22:00:00+00:00,13.833091,212.24243
2025-05-16 23:00:00+00:00,10.387107,207.89719
2025-05-17 00:00:00+00:00,8.187527,213.34073
2025-05-17 01:00:00+00:00,5.3517847,227.72638
2025-05-17 02:00:00+00:00,4.1046314,322.12494
2025-05-17 03:00:00+00:00,6.601363,348.9965
2025-05-17 04:00:00+00:00,8.311245,342.34976
2025-05-17 05:00:00+00:00,9.339208,332.44727
2025-05-17 06:00:00+00:00,10.086427,325.17545
2025-05-17 07:00:00+00:00,10.564941,315.6902
2025-05-17 08:00:00+00:00,12.86087,313.29868
2025-05-17 09:00:00+00:00,15.053425,311.12137
2025-05-17 10:00:00+00:00,11.534054,337.0362
2025-05-17 11:00:00+00:00,3.604497,267.13766
2025-05-17 12:00:00+00:00,5.0688457,173.8846
2025-05-17 13:00:00+00:00,5.509882,141.63248
2025-05-17 14:00:00+00:00,6.379216,106.38962
2025-05-17 15:00:00+00:00,7.841887,121.865944
2025-05-17 16:00:00+00:00,9.741642,152.48808
2025-05-17 17:00:00+00:00,12.015589,171.38443
2025-05-17 18:00:00+00:00,13.32,180.0
2025-05-17 19:00:00+00:00,13.060857,187.12492
2025-05-17 20:00:00+00:00,11.841756,199.53674
2025-05-17 21:00:00+00:00,9.7880945,212.22873
2025-05-17 22:00:00+00:00,5.8603754,222.5104
2025-05-17 23:00:00+00:00,3.3043609,29.357658
2025-05-18 00:00:00+00:00,4.8433046,48.01287
2025-05-18 01:00:00+00:00,8.65873,69.30447
2025-05-18 02:00:00+00:00,9.979859,82.7469
2025-05-18 03:00:00+00:00,10.299397,95.01302
2025-05-18 04:00:00+00:00,6.1858225,98.3658
2025-05-18 05:00:00+00:00,1.4058449,39.805527
2025-05-18 06:00:00+00:00,5.509882,321.63248
2025-05-18 07:00:00+00:00,8.43699,326.3099
2025-05-18 08:00:00+00:00,9.179999,331.9276
2025-05-18 09:00:00+00:00,9.741642,332.48807
2025-05-18 10:00:00+00:00,9.181765,1.1232841
2025-05-18 11:00:00+00:00,9.0018,11.5345955
2025-05-18 12:00:00+00:00,10.735306,34.75598
2025-05-18 13:00:00+00:00,8.161764,48.57643
2025-05-18 14:00:00+00:00,8.9873905,57.264786
2025-05-18 15:00:00+00:00,11.351422,75.302635
2025-05-18 16:00:00+00:00,14.068817,93.66772
2025-05-18 17:00:00+00:00,16.279802,108.03438
2025-05-18 18:00:00+00:00,16.18199,115.70991
2025-05-18 19:00:00+00:00,15.053425,116.2586
2025-05-18 20:00:00+00:00,14.584443,114.03429
2025-05-18 21:00:00+00:00,14.347028,113.67055
2025-05-18 22:00:00+00:00,12.841963,95.63059
2025-05-18 23:00:00+00:00,13.14,90.0
2025-05-19 00:00:00+00:00,14.133153,83.41815
2025-05-19 01:00:00+00:00,15.137133,92.72626
2025-05-19 02:00:00+00:00,16.62249,107.650215
2025-05-19 03:00:00+00:00,14.650938,116.25018
2025-05-19 04:00:00+00:00,10.32924,112.5431
2025-05-19 05:00:00+00:00,5.983477,105.7087
2025-05-19 06:00:00+00:00,2.5455842,44.999897
2025-05-19 07:00:00+00:00,5.232399,356.0549
2025-05-19 08:00:00+00:00,7.0774574,352.69434
2025-05-19 09:00:00+00:00,7.689603,339.44388
2025-05-19 10:00:00+00:00,8.596766,340.4268
2025-05-19 11:00:00+00:00,9.676569,341.56494
2025-05-19 12:00:00+00:00,13.060857,7.12493
2025-05-19 13:00:00+00:00,16.489416,53.880566
2025-05-19 14:00:00+00:00,17.035456,51.434715
2025-05-19 15:00:00+00:00,12.566526,51.981007
2025-05-19 16:00:00+00:00,6.6794305,104.03627
2025-05-19 17:00:00+00:00,8.211235,153.9967
2025-05-19 18:00:00+00:00,10.706596,153.00424
2025-05-19 19:00:00+00:00,10.404249,142.73352
2025-05-19 20:00:00+00:00,9.703319,130.48593
2025-05-19 21:00:00+00:00,10.7894945,117.84749
2025-05-19 22:00:00+00:00,14.687382,109.32328
2025-05-19 23:00:00+00:00,14.707222,111.541046
2025-05-20 00:00:00+00:00,13.169556,111.65605
2025-05-20 01:00:00+00:00,14.01806,114.26129
2025-05-20 02:00:00+00:00,15.787753,118.61037
2025-05-20 03:00:00+00:00,15.130711,122.36662
2025-05-20 04:00:00+00:00,12.136325,125.340195
2025-05-20 05:00:00+00:00,8.320986,128.85338
2025-05-20 06:00:00+00:00,4.471107,130.10085
2025-05-20 07:00:00+00:00,1.0182338,135.0001
2025-05-20 08:00:00+00:00,3.1845248,312.70938
2025-05-20 09:00:00+00:00,8.181589,320.35587
2025-05-20 10:00:00+00:00,9.847496,341.89615
2025-05-20 11:00:00+00:00,9.854075,350.53775
2025-05-20 12:00:00+00:00,9.114471,9.090207
2025-05-20 13:00:00+00:00,10.662626,21.801476
2025-05-20 14:00:00+00:00,7.8087645,25.974339
2025-05-20 15:00:00+00:00,6.206738,73.14152
2025-05-20 16:00:00+00:00,6.87779,96.00892
2025-05-20 17:00:00+00:00,10.404249,127.26648
2025-05-20 18:00:00+00:00,12.5807,146.08253
2025-05-20 19:00:00+00:00,12.3165245,153.06055
2025-05-20 20:00:00+00:00,11.038858,155.94266
2025-05-20 21:00:00+00:00,10.399576,156.54095
2025-05-20 22:00:00+00:00,10.98,169.61119
2025-05-20 23:00:00+00:00,14.764389,181.39716
2025-05-21 00:00:00+00:00,12.525207,187.43132
2025-05-21 01:00:00+00:00,21.090746,63.6537
2025-05-21 02:00:00+00:00,27.645092,81.764465
2025-05-21 03:00:00+00:00,19.239801,116.08554
2025-05-21 04:00:00+00:00,14.827893,123.11135
2025-05-21 05:00:00+00:00,12.074766,100.30479
2025-05-21 06:00:00+00:00,10.441552,89.01226
2025-05-21 07:00:00+00:00,6.519877,96.340096
2025-05-21 08:00:00+00:00,4.6834598,92.20255
2025-05-21 09:00:00+00:00,4.0249224,63.435013
2025-05-21 10:00:00+00:00,8.0899935,57.724377
2025-05-21 11:00:00+00:00,8.827343,73.41259
2025-05-21 12:00:00+00:00,12.522619,71.564964
2025-05-21 13:00:00+00:00,21.210232,59.953655
2025-05-21 14:00:00+00:00,27.514105,57.557583
2025-05-21 15:00:00+00:00,17.811815,75.96373
2025-05-21 16:00:00+00:00,14.892213,97.64032
2025-05-21 17:00:00+00:00,14.49531,118.1561
2025-05-21 18:00:00+00:00,15.03835,132.0891
2025-05-21 19:00:00+00:00,15.561413,138.75183
2025-05-21 20:00:00+00:00,14.98331,141.34018
2025-05-21 21:00:00+00:00,13.529966,139.31612
2025-05-21 22:00:00+00:00,7.889258,124.77791
2025-05-21 23:00:00+00:00,10.088033,105.52418
2025-05-22 00:00:00+00:00,14.471821,95.7105
2025-05-22 01:00:00+00:00,18.35647,101.3099
2025-05-22 02:00:00+00:00,22.862123,116.16151
2025-05-22 03:00:00+00:00,24.458813,132.61403
2025-05-22 04:00:00+00:00,23.804276,134.081
2025-05-22 05:00:00+00:00,22.970285,127.67816
2025-05-22 06:00:00+00:00,20.413143,127.47626
2025-05-22 07:00:00+00:00,18.079027,125.27251
2025-05-22 08:00:00+00:00,16.12583,123.157936
2025-05-22 09:00:00+00:00,15.743569,120.96369
2025-05-22 10:00:00+00:00,11.032987,118.23736
2025-05-22 11:00:00+00:00,10.548061,115.25313
2025-05-22 12:00:00+00:00,12.410866,109.48622
2025-05-22 13:00:00+00:00,13.8037815,102.042564
2025-05-22 14:00:00+00:00,13.556282,100.71308
2025-05-22 15:00:00+00:00,14.068816,106.34825
2025-05-22 16:00:00+00:00,13.767352,115.55992
2025-05-22 17:00:00+00:00,13.397612,120.699646
2025-05-22 18:00:00+00:00,13.130133,123.25438
2025-05-22 19:00:00+00:00,12.4811535,123.23173
2025-05-22 20:00:00+00:00,12.399113,117.68098
2025-05-22 21:00:00+00:00,13.210087,109.9165
2025-05-22 22:00:00+00:00,17.388409,117.095474
2025-05-22 23:00:00+00:00,18.417263,111.801476
2025-05-23 00:00:00+00:00,18.644558,105.10963
2025-05-23 01:00:00+00:00,18.820976,102.70711
2025-05-23 02:00:00+00:00,20.890083,108.59117
2025-05-23 03:00:00+00:00,21.366234,113.32538
2025-05-23 04:00:00+00:00,21.332088,116.56499
2025-05-23 05:00:00+00:00,20.456745,118.36895
2025-05-23 06:00:00+00:00,18.620214,119.53869
2025-05-23 07:00:00+00:00,16.053335,120.3026
2025-05-23 08:00:00+00:00,13.776762,118.90909
2025-05-23 09:00:00+00:00,12.9625,115.497505
2025-05-23 10:00:00+00:00,11.837652,118.12364
2025-05-23 11:00:00+00:00,11.7662735,119.30991
2025-05-23 12:00:00+00:00,12.074766,116.56499
2025-05-23 13:00:00+00:00,10.261579,105.25517
2025-05-23 14:00:00+00:00,9.36,90.0
2025-05-23 15:00:00+00:00,11.345713,91.81827
2025-05-23 16:00:00+00:00,12.193588,98.48886
2025-05-23 17:00:00+00:00,12.442153,104.23732
2025-05-23 18:00:00+00:00,12.585848,106.620834
2025-05-23 19:00:00+00:00,12.966248,103.650444
2025-05-23 20:00:00+00:00,13.31635,99.33492
2025-05-23 21:00:00+00:00,14.440443,94.28908
2025-05-23 22:00:00+00:00,17.548845,100.04196
2025-05-23 23:00:00+00:00,18.606289,102.288315
2025-05-24 00:00:00+00:00,18.644558,105.10963
2025-05-24 01:00:00+00:00,17.986494,103.8972
2025-05-24 02:00:00+00:00,22.154629,106.52097
2025-05-24 03:00:00+00:00,23.030151,111.552
2025-05-24 04:00:00+00:00,23.18579,115.76928
2025-05-24 05:00:00+00:00,23.304264,113.198616
2025-05-24 06:00:00+00:00,22.427162,108.72588
2025-05-24 07:00:00+00:00,21.637466,106.9276
2025-05-24 08:00:00+00:00,20.893959,112.809746
2025-05-24 09:00:00+00:00,20.228188,119.30212
2025-05-24 10:00:00+00:00,20.196127,126.665726
2025-05-24 11:00:00+00:00,17.884428,130.10085
2025-05-24 12:00:00+00:00,16.357237,114.02651
2025-05-24 13:00:00+00:00,13.979871,101.88863
2025-05-24 14:00:00+00:00,15.564537,95.974236
2025-05-24 15:00:00+00:00,16.840345,100.469124
2025-05-24 16:00:00+00:00,17.035456,105.945465
2025-05-24 17:00:00+00:00,18.275984,107.1858
2025-05-24 18:00:00+00:00,19.078302,103.64294
2025-05-24 19:00:00+00:00,19.980808,100.904976
2025-05-24 20:00:00+00:00,18.861387,103.24053
2025-05-24 21:00:00+00:00,18.172869,106.10137
2025-05-24 22:00:00+00:00,11.966954,74.2913
2025-05-24 23:00:00+00:00,14.993038,94.82068
2025-05-25 00:00:00+00:00,18.790829,99.37202
2025-05-25 01:00:00+00:00,22.14,102.68038
2025-05-25 02:00:00+00:00,26.64547,116.91117
2025-05-25 03:00:00+00:00,24.58895,126.36668
2025-05-25 04:00:00+00:00,19.406637,130.48593
2025-05-25 05:00:00+00:00,14.926983,123.690094
2025-05-25 06:00:00+00:00,13.217443,119.357666
2025-05-25 07:00:00+00:00,11.770403,113.42871
2025-05-25 08:00:00+00:00,10.088033,105.52418
2025-05-25 09:00:00+00:00,8.821836,88.830894
2025-05-25 10:00:00+00:00,10.9859,71.86183
2025-05-25 11:00:00+00:00,11.734564,85.60138
2025-05-25 12:00:00+00:00,11.700001,75.74994
2025-05-25 13:00:00+00:00,10.196647,69.3255
2025-05-25 14:00:00+00:00,9.227524,69.44388
2025-05-25 15:00:00+00:00,9.12513,75.14134
2025-05-25 16:00:00+00:00,9.215226,77.5926
2025-05-25 17:00:00+00:00,8.909545,81.86999
2025-05-25 18:00:00+00:00,8.149847,83.659904
2025-05-25 19:00:00+00:00,7.731622,77.90526
2025-05-25 20:00:00+00:00,8.197414,70.76923
2025-05-25 21:00:00+00:00,8.827343,73.41259
2025-05-25 22:00:00+00:00,11.9140415,85.66777
2025-05-25 23:00:00+00:00,15.489416,88.00217
2025-05-26 00:00:00+00:00,13.737904,95.26231
2025-05-26 01:00:00+00:00,12.525207,97.43131
2025-05-26 02:00:00+00:00,14.087228,100.30479
2025-05-26 03:00:00+00:00,14.810401,106.23242
2025-05-26 04:00:00+00:00,14.178928,110.045334
2025-05-26 05:00:00+00:00,13.403656,112.08723
2025-05-26 06:00:00+00:00,12.815443,119.445335
2025-05-26 07:00:00+00:00,14.277983,123.6901
2025-05-26 08:00:00+00:00,12.931218,128.78438
2025-05-26 09:00:00+00:00,9.840914,129.80553
2025-05-26 10:00:00+00:00,8.490582,111.124794
2025-05-26 11:00:00+00:00,6.689125,113.80595
2025-05-26 12:00:00+00:00,3.7799997,90.0
2025-05-26 13:00:00+00:00,4.991553,64.35905
2025-05-26 14:00:00+00:00,6.1437774,58.1726
2025-05-26 15:00:00+00:00,6.6405115,57.17146
2025-05-26 16:00:00+00:00,6.28713,66.37061
2025-05-26 17:00:00+00:00,6.6624317,88.45188
2025-05-26 18:00:00+00:00,7.342588,101.3099
2025-05-26 19:00:00+00:00,7.519175,101.0409
2025-05-26 20:00:00+00:00,7.69592,100.784256
2025-05-26 21:00:00+00:00,7.841888,99.24603
2025-05-26 22:00:00+00:00,7.0223074,91.46877
2025-05-26 23:00:00+00:00,6.7205353,82.30404
2025-05-27 00:00:00+00:00,7.814986,82.056625
2025-05-27 01:00:00+00:00,10.644379,93.87845
2025-05-27 02:00:00+00:00,13.327294,106.47696
2025-05-27 03:00:00+00:00,14.734735,115.31284
2025-05-27 04:00:00+00:00,14.527683,123.887
2025-05-27 05:00:00+00:00,12.387348,125.537766
2025-05-27 06:00:00+00:00,10.070353,118.85556
2025-05-27 07:00:00+00:00,8.431228,106.11349
2025-05-27 08:00:00+00:00,8.101999,88.727
2025-05-27 09:00:00+00:00,8.669949,85.23644
2025-05-27 10:00:00+00:00,4.1046314,105.25517
2025-05-27 11:00:00+00:00,3.7842832,92.72626
2025-05-27 12:00:00+00:00,3.604497,87.13766
2025-05-27 13:00:00+00:00,3.604497,87.13766
2025-05-27 14:00:00+00:00,5.2939587,72.18102
2025-05-27 15:00:00+00:00,6.601363,78.996506
2025-05-27 16:00:00+00:00,6.5049515,75.57919
2025-05-27 17:00:00+00:00,6.4624763,77.125
2025-05-27 18:00:00+00:00,6.1437774,84.95764
2025-05-27 19:00:00+00:00,6.5693827,99.46225
2025-05-27 20:00:00+00:00,7.889259,117.1496
2025-05-27 21:00:00+00:00,9.361731,127.971664
2025-05-27 22:00:00+00:00,8.536252,137.56381
2025-05-27 23:00:00+00:00,8.274128,135.88132
2025-05-28 00:00:00+00:00,5.983477,136.2188
2025-05-28 01:00:00+00:00,5.692099,124.69522
2025-05-28 02:00:00+00:00,6.320538,109.98319
2025-05-28 03:00:00+00:00,7.689603,110.55613
2025-05-28 04:00:00+00:00,7.5019197,120.256355
2025-05-28 05:00:00+00:00,5.315336,118.30067
2025-05-28 06:00:00+00:00,3.604497,92.86235
2025-05-28 07:00:00+00:00,3.096837,35.537766
2025-05-28 08:00:00+00:00,5.6920996,18.435053
2025-05-28 09:00:00+00:00,6.379216,16.389616
2025-05-28 10:00:00+00:00,3.6447225,32.905247
2025-05-28 11:00:00+00:00,3.0547013,44.999897
2025-05-28 12:00:00+00:00,2.907989,68.19853
2025-05-28 13:00:00+00:00,3.8183763,81.86999
2025-05-28 14:00:00+00:00,13.527572,25.201094
2025-05-28 15:00:00+00:00,9.926147,355.84042
2025-05-28 16:00:00+00:00,4.278551,292.24908
2025-05-28 17:00:00+00:00,2.8460495,214.69522
2025-05-28 18:00:00+00:00,4.379589,170.53775
2025-05-28 19:00:00+00:00,5.072041,152.52565
2025-05-28 20:00:00+00:00,6.6624317,141.58191
2025-05-28 21:00:00+00:00,7.0407386,122.471176
2025-05-28 22:00:00+00:00,8.161764,131.42357
2025-05-28 23:00:00+00:00,7.029225,140.19447
2025-05-29 00:00:00+00:00,5.991594,147.26479
2025-05-29 01:00:00+00:00,7.0038276,154.09355
2025-05-29 02:00:00+00:00,7.1684303,151.50446
2025-05-29 03:00:00+00:00,6.2379804,133.83095
2025-05-29 04:00:00+00:00,4.0449967,122.27562
2025-05-29 05:00:00+00:00,0.9178235,78.6901
2025-05-29 06:00:00+00:00,0.9178235,11.3098955
2025-05-29 07:00:00+00:00,1.2727921,351.87
2025-05-29 08:00:00+00:00,1.0182338,315.0001
2025-05-29 09:00:00+00:00,2.4014995,282.99463
2025-05-29 10:00:00+00:00,2.8856194,266.42374
2025-05-29 11:00:00+00:00,5.1481256,143.53067
2025-05-29 12:00:00+00:00,8.39078,157.28555
2025-05-29 13:00:00+00:00,10.436895,212.3196
2025-05-29 14:00:00+00:00,4.445672,201.37068
2025-05-29 15:00:00+00:00,6.015878,141.07245
2025-05-29 16:00:00+00:00,7.353611,158.45895
2025-05-29 17:00:00+00:00,8.281956,181.24533
2025-05-29 18:00:00+00:00,9.059205,200.95586
2025-05-29 19:00:00+00:00,9.5416975,215.78906
2025-05-29 20:00:00+00:00,7.562142,218.23386
2025-05-29 21:00:00+00:00,4.913044,188.42688
2025-05-29 22:00:00+00:00,7.029225,39.805527
2025-05-29 23:00:00+00:00,9.485504,56.611465
2025-05-30 00:00:00+00:00,9.085988,56.3099
2025-05-30 01:00:00+00:00,7.9036193,59.93151
2025-05-30 02:00:00+00:00,3.6179552,84.2895
2025-05-30 03:00:00+00:00,0.25455844,315.0001
2025-05-30 04:00:00+00:00,8.027678,317.72638
2025-05-30 05:00:00+00:00,14.174356,342.25522
2025-05-30 06:00:00+00:00,15.137133,2.7262611
2025-05-30 07:00:00+00:00,14.241629,16.144413
2025-05-30 08:00:00+00:00,13.543131,23.498587
2025-05-30 09:00:00+00:00,11.165805,20.772345
2025-05-30 10:00:00+00:00,8.019601,9.039405
2025-05-30 11:00:00+00:00,8.297589,347.4712
2025-05-30 12:00:00+00:00,7.6473517,333.43503
2025-05-30 13:00:00+00:00,4.8965297,306.02747
2025-05-30 14:00:00+00:00,5.6262593,277.3523
2025-05-30 15:00:00+00:00,6.8612823,265.48608
2025-05-30 16:00:00+00:00,6.6818557,274.63538
2025-05-30 17:00:00+00:00,6.9527545,291.25058
2025-05-30 18:00:00+00:00,6.544677,301.5042
2025-05-30 19:00:00+00:00,5.991594,302.7352
2025-05-30 20:00:00+00:00,7.16617,295.27768
2025-05-30 21:00:00+00:00,6.603817,287.44727
2025-05-30 22:00:00+00:00,4.8466477,164.93146
2025-05-30 23:00:00+00:00,4.080882,138.57643
2025-05-31 00:00:00+00:00,3.06,90.0
2025-05-31 01:00:00+00:00,4.913044,61.55718
2025-05-31 02:00:00+00:00,3.710795,67.16631
2025-05-31 03:00:00+00:00,3.2399998,90.0
2025-05-31 04:00:00+00:00,3.6,126.86999
2025-05-31 05:00:00+00:00,4.7521367,155.37645
2025-05-31 06:00:00+00:00,4.412754,168.23174
2025-05-31 07:00:00+00:00,3.0652895,183.3664
2025-05-31 08:00:00+00:00,1.6981165,212.00534
2025-05-31 09:00:00+00:00,1.4399999,270.0
2025-05-31 10:00:00+00:00,8.865799,275.82623
2025-05-31 11:00:00+00:00,11.265469,282.926
2025-05-31 12:00:00+00:00,10.829959,285.4222
2025-05-31 13:00:00+00:00,7.02,270.0
2025-05-31 14:00:00+00:00,4.965521,223.53127
2025-05-31 15:00:00+00:00,2.0523157,142.12495
2025-05-31 16:00:00+00:00,4.846648,68.19853
2025-05-31 17:00:00+00:00,6.320538,70.01681
2025-05-31 18:00:00+00:00,7.8728137,100.53913
2025-05-31 19:00:00+00:00,6.552099,142.81522
2025-05-31 20:00:00+00:00,7.519175,191.0409
2025-05-31 21:00:00+00:00,8.536252,204.94388
2025-05-31 22:00:00+00:00,9.224011,185.59924
2025-05-31 23:00:00+00:00,9.178235,191.30989
2025-06-01 00:00:00+00:00,10.636766,203.9625
2025-06-01 01:00:00+00:00,14.25641,217.30403
2025-06-01 02:00:00+00:00,15.655861,225.46576
2025-06-01 03:00:00+00:00,18.455048,249.44388
2025-06-01 04:00:00+00:00,19.274294,281.3099
2025-06-01 05:00:00+00:00,16.595179,294.34106
2025-06-01 06:00:00+00:00,13.661038,288.43503
2025-06-01 07:00:00+00:00,12.992458,280.3758
2025-06-01 08:00:00+00:00,13.202726,281.00348
2025-06-01 09:00:00+00:00,13.238261,281.76825
2025-06-01 10:00:00+00:00,18.64369,259.9921
2025-06-01 11:00:00+00:00,21.65468,256.5413
2025-06-01 12:00:00+00:00,17.337091,257.40668
2025-06-01 13:00:00+00:00,12.810386,250.29193
2025-06-01 14:00:00+00:00,8.427383,250.0168
2025-06-01 15:00:00+00:00,8.035746,254.40712
2025-06-01 16:00:00+00:00,9.266067,262.18478
2025-06-01 17:00:00+00:00,8.821836,271.1691
2025-06-01 18:00:00+00:00,7.6642804,260.53775
2025-06-01 19:00:00+00:00,9.449572,252.25523
2025-06-01 20:00:00+00:00,8.225035,246.80139
2025-06-01 21:00:00+00:00,6.889557,250.1447
2025-06-01 22:00:00+00:00,2.6999998,180.0
2025-06-01 23:00:00+00:00,3.5455887,66.037506
2025-06-02 00:00:00+00:00,8.12197,77.19574
2025-06-02 01:00:00+00:00,9.016185,86.56644
2025-06-02 02:00:00+00:00,7.69592,100.784256
2025-06-02 03:00:00+00:00,6.2067385,119.53869
2025-06-02 04:00:00+00:00,4.2021427,133.26433
2025-06-02 05:00:00+00:00,1.8,143.13002
2025-06-02 06:00:00+00:00,0.9,233.13002
2025-06-02 07:00:00+00:00,2.9301877,259.3804
2025-06-02 08:00:00+00:00,3.9763298,275.19434
2025-06-02 09:00:00+00:00,3.710795,292.83368
2025-06-02 10:00:00+00:00,7.344794,323.97253
2025-06-02 11:00:00+00:00,8.461915,293.83875
2025-06-02 12:00:00+00:00,9.676569,288.43503
2025-06-02 13:00:00+00:00,9.56713,281.94415
2025-06-02 14:00:00+00:00,7.2044983,282.99463
2025-06-02 15:00:00+00:00,5.4149795,285.4222
2025-06-02 16:00:00+00:00,7.4346757,263.04712
2025-06-02 17:00:00+00:00,12.0720825,267.43628
2025-06-02 18:00:00+00:00,12.0720825,267.43628
2025-06-02 19:00:00+00:00,10.182337,261.87
2025-06-02 20:00:00+00:00,9.215226,257.5926
2025-06-02 21:00:00+00:00,6.015878,231.07245
2025-06-02 22:00:00+00:00,5.072041,332.52567
2025-06-02 23:00:00+00:00,6.849467,356.98727
2025-06-03 00:00:00+00:00,5.257109,38.047092
2025-06-03 01:00:00+00:00,2.968636,75.96373
2025-06-03 02:00:00+00:00,2.8001428,135.0001
2025-06-03 03:00:00+00:00,3.9640884,140.52757
2025-06-03 04:00:00+00:00,6.122647,178.31535
2025-06-03 05:00:00+00:00,11.074023,225.65846
2025-06-03 06:00:00+00:00,14.480773,235.1246
2025-06-03 07:00:00+00:00,12.245293,245.69547
2025-06-03 08:00:00+00:00,12.284916,259.01938
2025-06-03 09:00:00+00:00,11.34,270.0
2025-06-03 10:00:00+00:00,6.9550843,280.4374
2025-06-03 11:00:00+00:00,4.942631,303.11136
2025-06-03 12:00:00+00:00,6.341009,34.592358
2025-06-03 13:00:00+00:00,8.55142,59.656826
2025-06-03 14:00:00+00:00,5.0975285,42.13753
2025-06-03 15:00:00+00:00,4.952453,70.90642
2025-06-03 16:00:00+00:00,9.144637,79.79609
2025-06-03 17:00:00+00:00,5.0528407,94.08554
2025-06-03 18:00:00+00:00,3.9477081,133.1524
2025-06-03 19:00:00+00:00,6.384293,130.426
2025-06-03 20:00:00+00:00,4.6938257,122.471176
2025-06-03 21:00:00+00:00,4.445672,111.3707
2025-06-03 22:00:00+00:00,8.320986,128.85338
2025-06-03 23:00:00+00:00,4.7657523,100.88548
2025-06-04 00:00:00+00:00,6.5520988,74.054535
2025-06-04 01:00:00+00:00,8.473393,77.735245
2025-06-04 02:00:00+00:00,5.95906,115.01687
2025-06-04 03:00:00+00:00,9.1958685,220.23628
2025-06-04 04:00:00+00:00,14.926983,236.3099
2025-06-04 05:00:00+00:00,11.364259,240.5929
2025-06-04 06:00:00+00:00,9.914717,254.19742
2025-06-04 07:00:00+00:00,9.979859,262.7469
2025-06-04 08:00:00+00:00,8.528657,277.2749
2025-06-04 09:00:00+00:00,8.854829,296.56497
2025-06-04 10:00:00+00:00,11.679212,298.5399
2025-06-04 11:00:00+00:00,12.492829,306.20953
2025-06-04 12:00:00+00:00,12.362475,317.95087
2025-06-04 13:00:00+00:00,8.297589,335.6589
2025-06-04 14:00:00+00:00,5.8603754,349.3804
2025-06-04 15:00:00+00:00,6.6624317,1.5481218
2025-06-04 16:00:00+00:00,6.1569467,15.255177
2025-06-04 17:00:00+00:00,5.904439,37.568665
2025-06-04 18:00:00+00:00,5.3999996,53.13002
2025-06-04 19:00:00+00:00,5.0911684,81.86999
2025-06-04 20:00:00+00:00,6.9899354,101.88863
2025-06-04 21:00:00+00:00,8.085988,106.821495
2025-06-04 22:00:00+00:00,3.0758414,339.44388
2025-06-04 23:00:00+00:00,2.9301877,312.5104
2025-06-05 00:00:00+00:00,3.0652895,273.3664
2025-06-05 01:00:00+00:00,3.2846913,260.53775
2025-06-05 02:00:00+00:00,1.98,270.0
2025-06-05 03:00:00+00:00,1.0948973,350.53775
2025-06-05 04:00:00+00:00,1.0495713,30.963696
2025-06-05 05:00:00+00:00,0.76367533,135.0001
2025-06-05 06:00:00+00:00,2.0523157,127.875046
2025-06-05 07:00:00+00:00,3.0547013,135.0001
2025-06-05 08:00:00+00:00,2.0523157,142.12495
2025-06-05 09:00:00+00:00,1.4058449,230.19447
2025-06-05 10:00:00+00:00,4.1046314,285.25516
2025-06-05 11:00:00+00:00,8.604301,285.78082
2025-06-05 12:00:00+00:00,10.435344,284.99512
2025-06-05 13:00:00+00:00,8.536252,294.94388
2025-06-05 14:00:00+00:00,7.289445,302.90524
2025-06-05 15:00:00+00:00,6.889557,303.2749
2025-06-05 16:00:00+00:00,6.696387,306.25394
2025-06-05 17:00:00+00:00,7.562142,321.7661
2025-06-05 18:00:00+00:00,6.1858225,351.63422
2025-06-05 19:00:00+00:00,4.5,36.86999
2025-06-05 20:00:00+00:00,3.7842832,92.72626
2025-06-05 21:00:00+00:00,3.8647635,152.24155
2025-06-05 22:00:00+00:00,1.781909,224.9999
2025-06-05 23:00:00+00:00,4.327493,253.0724
2025-06-06 00:00:00+00:00,5.068846,286.50443
2025-06-06 01:00:00+00:00,3.7971036,354.55975
2025-06-06 02:00:00+00:00,3.8183763,44.999897
2025-06-06 03:00:00+00:00,4.2671766,62.354122
2025-06-06 04:00:00+00:00,3.0652895,86.63361
2025-06-06 05:00:00+00:00,1.1525624,128.65984
2025-06-06 06:00:00+00:00,1.4512063,240.2552
2025-06-06 07:00:00+00:00,2.5264204,265.91446
2025-06-06 08:00:00+00:00,3.1072817,280.0079
2025-06-06 09:00:00+00:00,3.362677,285.52417
2025-06-06 10:00:00+00:00,2.16,270.0
2025-06-06 11:00:00+00:00,3.8141315,289.29013
2025-06-06 12:00:00+00:00,4.752136,307.30402
2025-06-06 13:00:00+00:00,4.327493,343.0724
2025-06-06 14:00:00+00:00,6.2613096,18.435053
2025-06-06 15:00:00+00:00,7.4520864,37.146767
2025-06-06 16:00:00+00:00,7.0407386,57.528828
2025-06-06 17:00:00+00:00,8.101999,88.727
2025-06-06 18:00:00+00:00,7.0407386,122.471176
2025-06-06 19:00:00+00:00,6.989936,145.49142
2025-06-06 20:00:00+00:00,7.0199995,157.3801
2025-06-06 21:00:00+00:00,6.8138976,167.79955
2025-06-06 22:00:00+00:00,6.9550843,169.56258
2025-06-06 23:00:00+00:00,6.7469993,170.78905
2025-06-07 00:00:00+00:00,6.849467,176.98727
2025-06-07 01:00:00+00:00,8.647496,182.3859
2025-06-07 02:00:00+00:00,6.638072,192.5288
2025-06-07 03:00:00+00:00,7.4932766,204.10223
2025-06-07 04:00:00+00:00,7.6473517,206.56499
2025-06-07 05:00:00+00:00,3.9477081,204.22774
2025-06-07 06:00:00+00:00,1.26,180.0
2025-06-07 07:00:00+00:00,1.0948973,9.462248
2025-06-07 08:00:00+00:00,3.462369,8.97255
2025-06-07 09:00:00+00:00,5.232399,3.9451082
2025-06-07 10:00:00+00:00,4.863332,38.990997
2025-06-07 11:00:00+00:00,4.755544,29.475794
2025-06-07 12:00:00+00:00,6.048107,36.528946
2025-06-07 13:00:00+00:00,6.696387,53.74608
2025-06-07 14:00:00+00:00,8.139901,71.96563
2025-06-07 15:00:00+00:00,8.865799,95.82625
2025-06-07 16:00:00+00:00,9.044888,121.15924
2025-06-07 17:00:00+00:00,8.688613,140.04251
2025-06-07 18:00:00+00:00,8.958504,157.5572
2025-06-07 19:00:00+00:00,9.144637,169.79608
2025-06-07 20:00:00+00:00,9.36173,178.89832
2025-06-07 21:00:00+00:00,9.028754,184.57384
2025-06-07 22:00:00+00:00,7.9526596,174.80566
2025-06-07 23:00:00+00:00,7.102591,171.25392
2025-06-08 00:00:00+00:00,6.2613096,161.56496
2025-06-08 01:00:00+00:00,8.133928,155.13632
2025-06-08 02:00:00+00:00,7.327127,152.176
2025-06-08 03:00:00+00:00,7.5685663,154.65387
2025-06-08 04:00:00+00:00,6.5520988,159.07542
2025-06-08 05:00:00+00:00,3.96,180.0
2025-06-08 06:00:00+00:00,2.9024127,299.74478
2025-06-08 07:00:00+00:00,7.841887,328.13406
2025-06-08 08:00:00+00:00,11.19189,332.19864
2025-06-08 09:00:00+00:00,12.886039,331.64514
2025-06-08 10:00:00+00:00,14.028457,326.5138
2025-06-08 11:00:00+00:00,15.22783,327.0613
2025-06-08 12:00:00+00:00,12.383424,327.46497
2025-06-08 13:00:00+00:00,6.5223618,332.02063
2025-06-08 14:00:00+00:00,7.145796,310.91428
2025-06-08 15:00:00+00:00,6.8612823,274.5139
2025-06-08 16:00:00+00:00,6.601363,258.9965
2025-06-08 17:00:00+00:00,6.5693827,260.53775
2025-06-08 18:00:00+00:00,6.302571,268.36346
2025-06-08 19:00:00+00:00,6.489992,273.17978
2025-06-08 20:00:00+00:00,6.898956,262.50424
2025-06-08 21:00:00+00:00,6.889557,250.1447
2025-06-08 22:00:00+00:00,5.4833565,246.80138
2025-06-08 23:00:00+00:00,3.9966488,277.76508
2025-06-09 00:00:00+00:00,2.8460495,325.30478
2025-06-09 01:00:00+00:00,1.8089776,264.2895
2025-06-09 02:00:00+00:00,2.9301877,259.3804
2025-06-09 03:00:00+00:00,4.503598,267.70944
2025-06-09 04:00:00+00:00,5.2478566,275.90604
2025-06-09 05:00:00+00:00,5.8104043,286.18927
2025-06-09 06:00:00+00:00,6.792466,302.00534
2025-06-09 07:00:00+00:00,9.686609,311.98712
2025-06-09 08:00:00+00:00,12.98248,315.0001
2025-06-09 09:00:00+00:00,15.275627,314.04523
2025-06-09 10:00:00+00:00,14.766584,315.98767
2025-06-09 11:00:00+00:00,16.16496,315.45108
2025-06-09 12:00:00+00:00,14.396625,317.5336
2025-06-09 13:00:00+00:00,8.281956,317.64258
2025-06-09 14:00:00+00:00,7.653705,311.18582
2025-06-09 15:00:00+00:00,7.995323,301.1849
2025-06-09 16:00:00+00:00,8.322932,291.57138
2025-06-09 17:00:00+00:00,9.0018,281.53458
2025-06-09 18:00:00+00:00,9.854075,279.46225
2025-06-09 19:00:00+00:00,9.600937,276.4587
2025-06-09 20:00:00+00:00,8.821836,271.1691
2025-06-09 21:00:00+00:00,9.266067,262.18478
2025-06-09 22:00:00+00:00,8.383054,255.06853
2025-06-09 23:00:00+00:00,7.0223074,268.53122
2025-06-10 00:00:00+00:00,7.256032,293.38525
2025-06-10 01:00:00+00:00,10.548061,306.67444
2025-06-10 02:00:00+00:00,10.514218,308.0471
2025-06-10 03:00:00+00:00,11.885453,305.13428
2025-06-10 04:00:00+00:00,13.684735,305.36255
2025-06-10 05:00:00+00:00,15.995712,309.0626
2025-06-10 06:00:00+00:00,17.448862,312.90982
2025-06-10 07:00:00+00:00,17.566378,314.16977
2025-06-10 08:00:00+00:00,17.309975,315.0001
2025-06-10 09:00:00+00:00,16.674063,315.43732
2025-06-10 10:00:00+00:00,17.063011,313.29022
2025-06-10 11:00:00+00:00,16.309628,312.31616
2025-06-10 12:00:00+00:00,13.110376,315.55618
2025-06-10 13:00:00+00:00,7.2,323.13
2025-06-10 14:00:00+00:00,9.4238205,331.477
2025-06-10 15:00:00+00:00,4.91634,336.2505
2025-06-10 16:00:00+00:00,1.9386592,158.19853
2025-06-10 17:00:00+00:00,5.7628117,178.21013
2025-06-10 18:00:00+00:00,7.0774574,187.30566
2025-06-10 19:00:00+00:00,6.8989563,195.12405
2025-06-10 20:00:00+00:00,8.155807,202.03629
2025-06-10 21:00:00+00:00,5.154415,204.77512
2025-06-10 22:00:00+00:00,2.2910259,224.9999
2025-06-10 23:00:00+00:00,3.6402748,261.46933
2025-06-11 00:00:00+00:00,5.7515564,249.86362
2025-06-11 01:00:00+00:00,6.341009,263.4803
2025-06-11 02:00:00+00:00,6.8989563,285.12405
2025-06-11 03:00:00+00:00,8.404285,313.26434
2025-06-11 04:00:00+00:00,9.114471,350.9098
2025-06-11 05:00:00+00:00,7.6579366,23.552286
2025-06-11 06:00:00+00:00,5.6521144,37.234917
2025-06-11 07:00:00+00:00,4.991553,25.640957
2025-06-11 08:00:00+00:00,5.8603754,10.61961
2025-06-11 09:00:00+00:00,6.87779,6.0089183
2025-06-11 10:00:00+00:00,9.109138,330.39563
2025-06-11 11:00:00+00:00,10.934166,339.77505
2025-06-11 12:00:00+00:00,10.981475,359.06082
2025-06-11 13:00:00+00:00,7.0199995,22.61991
2025-06-11 14:00:00+00:00,7.9932966,54.16227
2025-06-11 15:00:00+00:00,12.144331,78.02389
2025-06-11 16:00:00+00:00,15.124284,91.3639
2025-06-11 17:00:00+00:00,15.3264475,102.893745
2025-06-11 18:00:00+00:00,14.206323,112.3407
2025-06-11 19:00:00+00:00,12.972494,119.05451
2025-06-11 20:00:00+00:00,12.193589,121.10875
2025-06-11 21:00:00+00:00,10.650465,120.46546
2025-06-11 22:00:00+00:00,8.39078,125.39488
2025-06-11 23:00:00+00:00,6.444905,125.90981
2025-06-12 00:00:00+00:00,6.452441,120.141304
2025-06-12 01:00:00+00:00,9.292255,111.595375
2025-06-12 02:00:00+00:00,11.799271,111.47685
2025-06-12 03:00:00+00:00,12.9625,115.497505
2025-06-12 04:00:00+00:00,13.397612,120.699646
2025-06-12 05:00:00+00:00,13.1412325,126.08517
2025-06-12 06:00:00+00:00,12.348051,126.70295
2025-06-12 07:00:00+00:00,10.337078,125.07384
2025-06-12 08:00:00+00:00,7.7879906,123.6901
2025-06-12 09:00:00+00:00,5.1575575,119.24873
2025-06-12 10:00:00+00:00,4.8733153,85.76369
2025-06-12 11:00:00+00:00,3.964089,87.3975
2025-06-12 12:00:00+00:00,4.8899083,83.659904
2025-06-12 13:00:00+00:00,8.089993,69.14546
2025-06-12 14:00:00+00:00,12.936228,58.079163
2025-06-12 15:00:00+00:00,12.641076,70.01681
2025-06-12 16:00:00+00:00,10.98,79.6112
2025-06-12 17:00:00+00:00,9.726665,87.87895
2025-06-12 18:00:00+00:00,10.266314,92.009514
2025-06-12 19:00:00+00:00,11.966953,96.91113
2025-06-12 20:00:00+00:00,13.926464,104.21589
2025-06-12 21:00:00+00:00,14.84318,112.833694
2025-06-12 22:00:00+00:00,12.55879,117.29949
2025-06-12 23:00:00+00:00,9.292255,121.534744
2025-06-13 00:00:00+00:00,9.565437,109.798965
2025-06-13 01:00:00+00:00,12.966248,103.650444
2025-06-13 02:00:00+00:00,18.254698,102.5288
2025-06-13 03:00:00+00:00,20.082708,104.5345
2025-06-13 04:00:00+00:00,18.727785,107.912605
2025-06-13 05:00:00+00:00,18.675812,100.551765
2025-06-13 06:00:00+00:00,20.256998,95.609184
2025-06-13 07:00:00+00:00,18.584509,98.914856
2025-06-13 08:00:00+00:00,16.516901,106.4601
2025-06-13 09:00:00+00:00,15.156386,105.852
2025-06-13 10:00:00+00:00,16.120808,106.2091
2025-06-13 11:00:00+00:00,14.494192,104.38144
2025-06-13 12:00:00+00:00,13.644427,98.34381
2025-06-13 13:00:00+00:00,14.081478,85.60138
2025-06-13 14:00:00+00:00,12.783802,80.2725
2025-06-13 15:00:00+00:00,12.534257,77.560455
2025-06-13 16:00:00+00:00,12.324414,83.29026
2025-06-13 17:00:00+00:00,12.605142,91.63654
2025-06-13 18:00:00+00:00,11.749741,95.27381
2025-06-13 19:00:00+00:00,11.555103,94.46708
2025-06-13 20:00:00+00:00,11.431063,97.236824
2025-06-13 21:00:00+00:00,10.920824,98.530685
2025-06-13 22:00:00+00:00,9.96524,106.798454
2025-06-13 23:00:00+00:00,9.741642,106.09089
2025-06-14 00:00:00+00:00,9.854075,99.46225
2025-06-14 01:00:00+00:00,10.644379,93.87845
2025-06-14 02:00:00+00:00,12.043869,99.46225
2025-06-14 03:00:00+00:00,11.897714,107.61267
2025-06-14 04:00:00+00:00,10.158444,119.74478
2025-06-14 05:00:00+00:00,7.282774,129.98683
2025-06-14 06:00:00+00:00,5.3457265,135.0001
2025-06-14 07:00:00+00:00,3.6,143.13002
2025-06-14 08:00:00+00:00,1.659518,130.60121
2025-06-14 09:00:00+00:00,1.6299692,6.3401003
2025-06-14 10:00:00+00:00,3.572898,49.085716
2025-06-14 11:00:00+00:00,5.2323985,40.814987
2025-06-14 12:00:00+00:00,7.7734165,42.184383
2025-06-14 13:00:00+00:00,7.4520864,52.853233
2025-06-14 14:00:00+00:00,6.8989563,74.875946
2025-06-14 15:00:00+00:00,8.099999,90.0
2025-06-14 16:00:00+00:00,9.3962755,110.17074
2025-06-14 17:00:00+00:00,10.837435,122.106224
2025-06-14 18:00:00+00:00,11.48761,125.4334
2025-06-14 19:00:00+00:00,12.204212,127.208
2025-06-14 20:00:00+00:00,12.931218,128.78438
2025-06-14 21:00:00+00:00,13.248049,126.714294
2025-06-14 22:00:00+00:00,10.981475,90.93917
2025-06-14 23:00:00+00:00,8.913181,43.36347
2025-06-15 00:00:00+00:00,5.7852573,354.64426
2025-06-15 01:00:00+00:00,12.074766,333.43503
2025-06-15 02:00:00+00:00,14.068816,16.348253
2025-06-15 03:00:00+00:00,13.608762,52.523746
2025-06-15 04:00:00+00:00,11.521406,61.03244
2025-06-15 05:00:00+00:00,10.070353,65.72557
2025-06-15 06:00:00+00:00,8.596766,70.42679
2025-06-15 07:00:00+00:00,12.093535,75.34321
2025-06-15 08:00:00+00:00,14.650939,84.35954
2025-06-15 09:00:00+00:00,14.260953,94.34316
2025-06-15 10:00:00+00:00,15.922626,95.83939
2025-06-15 11:00:00+00:00,15.236338,104.364624
2025-06-15 12:00:00+00:00,13.948548,109.60418
2025-06-15 13:00:00+00:00,12.181625,108.970505
2025-06-15 14:00:00+00:00,8.107996,92.544754
2025-06-15 15:00:00+00:00,7.6367526,81.86999
2025-06-15 16:00:00+00:00,7.970972,96.48298
2025-06-15 17:00:00+00:00,8.297589,102.5288
2025-06-15 18:00:00+00:00,7.7400002,90.0
2025-06-15 19:00:00+00:00,8.281956,88.75467
2025-06-15 20:00:00+00:00,9.187056,92.2457
2025-06-15 21:00:00+00:00,7.2022495,88.56794
2025-06-15 22:00:00+00:00,5.195113,75.96373
2025-06-15 23:00:00+00:00,6.050785,67.24899
2025-06-16 00:00:00+00:00,9.914717,93.12207
2025-06-16 01:00:00+00:00,17.363237,109.37424
2025-06-16 02:00:00+00:00,18.620214,119.53869
2025-06-16 03:00:00+00:00,15.236338,128.76553
2025-06-16 04:00:00+00:00,17.504478,120.25636
2025-06-16 05:00:00+00:00,16.521803,119.357666
2025-06-16 06:00:00+00:00,14.602204,120.35804
2025-06-16 07:00:00+00:00,13.799087,120.579155
2025-06-16 08:00:00+00:00,12.283599,124.85453
2025-06-16 09:00:00+00:00,11.466438,132.45515
2025-06-16 10:00:00+00:00,11.203464,133.69812
2025-06-16 11:00:00+00:00,10.404249,127.26648
2025-06-16 12:00:00+00:00,8.534353,117.64589
2025-06-16 13:00:00+00:00,6.7205353,97.69597
2025-06-16 14:00:00+00:00,4.952453,70.90642
2025-06-16 15:00:00+00:00,6.8541956,66.80139
2025-06-16 16:00:00+00:00,9.0645685,83.15732
2025-06-16 17:00:00+00:00,10.464798,86.05489
2025-06-16 18:00:00+00:00,10.62,90.0
2025-06-16 19:00:00+00:00,11.9317045,101.3099
2025-06-16 20:00:00+00:00,12.2519045,100.15421
2025-06-16 21:00:00+00:00,11.157096,100.222115
2025-06-16 22:00:00+00:00,7.968939,108.43504
2025-06-16 23:00:00+00:00,5.068846,106.50443
2025-06-17 00:00:00+00:00,5.7628117,104.47034
2025-06-17 01:00:00+00:00,7.415038,95.572105
2025-06-17 02:00:00+00:00,6.3231,85.101
2025-06-17 03:00:00+00:00,7.029225,92.935616
2025-06-17 04:00:00+00:00,8.383054,104.93147
2025-06-17 05:00:00+00:00,7.7588143,93.99084
2025-06-17 06:00:00+00:00,7.928178,92.60251
2025-06-17 07:00:00+00:00,7.613382,96.78888
2025-06-17 08:00:00+00:00,7.5685663,92.72626
2025-06-17 09:00:00+00:00,8.865799,84.17376
2025-06-17 10:00:00+00:00,9.0,53.13002
2025-06-17 11:00:00+00:00,4.7110505,43.451904
2025-06-17 12:00:00+00:00,2.5959969,33.6901
2025-06-17 13:00:00+00:00,2.6208394,254.05453
2025-06-17 14:00:00+00:00,3.550155,210.46547
2025-06-17 15:00:00+00:00,4.8633323,177.87895
2025-06-17 16:00:00+00:00,6.489992,176.82024
2025-06-17 17:00:00+00:00,7.1321807,190.17545
2025-06-17 18:00:00+00:00,6.320538,199.9832
2025-06-17 19:00:00+00:00,3.2399998,180.0
2025-06-17 20:00:00+00:00,5.6492476,120.65059
2025-06-17 21:00:00+00:00,6.379216,106.38962
2025-06-17 22:00:00+00:00,8.477216,86.347855
2025-06-17 23:00:00+00:00,8.669949,94.76356
2025-06-18 00:00:00+00:00,9.255571,103.49575
2025-06-18 01:00:00+00:00,9.172938,105.945465
2025-06-18 02:00:00+00:00,9.997699,113.33407
2025-06-18 03:00:00+00:00,9.741642,117.51192
2025-06-18 04:00:00+00:00,9.473541,128.82983
2025-06-18 05:00:00+00:00,9.252069,142.90709
2025-06-18 06:00:00+00:00,8.461914,150.70874
2025-06-18 07:00:00+00:00,7.1684303,151.50446
2025-06-18 08:00:00+00:00,7.344794,143.97253
2025-06-18 09:00:00+00:00,7.562142,141.76614
2025-06-18 10:00:00+00:00,7.3469996,149.03632
2025-06-18 11:00:00+00:00,5.4744864,136.33215
2025-06-18 12:00:00+00:00,5.1481256,126.46933
2025-06-18 13:00:00+00:00,5.7628117,104.47034
2025-06-18 14:00:00+00:00,5.6060677,84.47256
2025-06-18 15:00:00+00:00,4.5891175,115.55992
2025-06-18 16:00:00+00:00,3.9518096,120.0685
2025-06-18 17:00:00+00:00,4.0449963,110.854546
2025-06-18 18:00:00+00:00,5.195113,104.03627
2025-06-18 19:00:00+00:00,6.1569467,105.25517
2025-06-18 20:00:00+00:00,7.0038276,115.906456
2025-06-18 21:00:00+00:00,7.729527,117.75845
2025-06-18 22:00:00+00:00,8.836514,93.50346
2025-06-18 23:00:00+00:00,10.694485,96.76608
2025-06-19 00:00:00+00:00,10.429132,111.25058
2025-06-19 01:00:00+00:00,10.694485,133.63614
2025-06-19 02:00:00+00:00,12.791403,140.71062
2025-06-19 03:00:00+00:00,12.606426,136.73567
2025-06-19 04:00:00+00:00,12.855831,135.5672
2025-06-19 05:00:00+00:00,12.221457,133.8066
2025-06-19 06:00:00+00:00,12.483748,132.66266
2025-06-19 07:00:00+00:00,11.161451,127.79401
2025-06-19 08:00:00+00:00,16.309628,132.31616
2025-06-19 09:00:00+00:00,10.685391,147.38077
2025-06-19 10:00:00+00:00,7.486788,80.31129
2025-06-19 11:00:00+00:00,8.626865,113.35559
2025-06-19 12:00:00+00:00,7.973005,118.30067
2025-06-19 13:00:00+00:00,7.0843205,117.216034
2025-06-19 14:00:00+00:00,6.341009,124.592354
2025-06-19 15:00:00+00:00,6.4924874,133.87679
2025-06-19 16:00:00+00:00,5.0975285,132.13753
2025-06-19 17:00:00+00:00,4.724786,139.63554
2025-06-19 18:00:00+00:00,5.3426957,147.38077
2025-06-19 19:00:00+00:00,4.5891175,154.44008
2025-06-19 20:00:00+00:00,3.4763772,158.74942
2025-06-19 21:00:00+00:00,4.1046314,142.12495
2025-06-19 22:00:00+00:00,5.004518,142.3057
2025-06-19 23:00:00+00:00,5.6521144,142.76509
2025-06-20 00:00:00+00:00,7.4867883,117.18103
2025-06-20 01:00:00+00:00,10.564942,113.07044
2025-06-20 02:00:00+00:00,10.873251,109.3349
2025-06-20 03:00:00+00:00,13.403656,104.78277
2025-06-20 04:00:00+00:00,16.848999,108.04791
2025-06-20 05:00:00+00:00,18.11841,110.95586
2025-06-20 06:00:00+00:00,17.823637,110.08207
2025-06-20 07:00:00+00:00,17.47484,108.62168
2025-06-20 08:00:00+00:00,18.1041,107.35411
2025-06-20 09:00:00+00:00,17.762634,109.53674
2025-06-20 10:00:00+00:00,14.0734215,110.98497
2025-06-20 11:00:00+00:00,13.203954,117.61294
2025-06-20 12:00:00+00:00,12.72283,115.11481
2025-06-20 13:00:00+00:00,11.7,112.61991
2025-06-20 14:00:00+00:00,10.315115,119.24873
2025-06-20 15:00:00+00:00,9.7880945,122.22874
2025-06-20 16:00:00+00:00,9.585739,124.286934
2025-06-20 17:00:00+00:00,9.7880945,122.22874
2025-06-20 18:00:00+00:00,9.292255,121.534744
2025-06-20 19:00:00+00:00,8.297589,114.34108
2025-06-20 20:00:00+00:00,7.24486,116.56499
2025-06-20 21:00:00+00:00,6.854195,119.93143
2025-06-20 22:00:00+00:00,5.6492476,120.65059
2025-06-20 23:00:00+00:00,3.7064266,150.9455
2025-06-21 00:00:00+00:00,3.604497,92.86235
2025-06-21 01:00:00+00:00,6.8423676,63.435013
2025-06-21 02:00:00+00:00,8.490582,85.135574
2025-06-21 03:00:00+00:00,8.936777,108.79998
2025-06-21 04:00:00+00:00,10.195057,132.13753
2025-06-21 05:00:00+00:00,10.094454,140.06367
2025-06-21 06:00:00+00:00,9.82114,138.7154
2025-06-21 07:00:00+00:00,10.009036,142.3057
2025-06-21 08:00:00+00:00,8.0899935,147.72438
2025-06-21 09:00:00+00:00,3.8268526,138.81418
2025-06-21 10:00:00+00:00,3.381893,115.20109
2025-06-21 11:00:00+00:00,5.1575575,119.24873
2025-06-21 12:00:00+00:00,6.4096174,141.84273
2025-06-21 13:00:00+00:00,5.315336,151.69934
2025-06-21 14:00:00+00:00,4.6277857,166.50426
2025-06-21 15:00:00+00:00,4.514377,156.50142
2025-06-21 16:00:00+00:00,4.7928696,145.71307
2025-06-21 17:00:00+00:00,5.692099,145.30478
2025-06-21 18:00:00+00:00,6.090812,145.84026
2025-06-21 19:00:00+00:00,5.95906,154.98314
2025-06-21 20:00:00+00:00,5.068846,163.49556
2025-06-21 21:00:00+00:00,4.2136917,160.0168
2025-06-21 22:00:00+00:00,5.5829024,178.15244
2025-06-21 23:00:00+00:00,5.9834766,186.91113
2025-06-22 00:00:00+00:00,5.720489,192.72435
2025-06-22 01:00:00+00:00,5.4833565,203.19862
2025-06-22 02:00:00+00:00,3.5864744,197.52567
2025-06-22 03:00:00+00:00,2.5455842,188.13002
2025-06-22 04:00:00+00:00,5.257109,141.95291
2025-06-22 05:00:00+00:00,6.1437774,121.82741
2025-06-22 06:00:00+00:00,8.217153,118.8107
2025-06-22 07:00:00+00:00,8.709098,108.06056
2025-06-22 08:00:00+00:00,6.76618,118.61037
2025-06-22 09:00:00+00:00,3.8647635,117.75845
2025-06-22 10:00:00+00:00,8.694204,62.904526
2025-06-22 11:00:00+00:00,9.3962755,73.300674
2025-06-22 12:00:00+00:00,8.473393,77.735245
2025-06-22 13:00:00+00:00,6.9247384,62.10283
2025-06-22 14:00:00+00:00,5.5887027,75.068535
2025-06-22 15:00:00+00:00,4.991553,115.64096
2025-06-22 16:00:00+00:00,5.0975285,137.86247
2025-06-22 17:00:00+00:00,5.4744864,133.66785
2025-06-22 18:00:00+00:00,5.8409934,123.690094
2025-06-22 19:00:00+00:00,6.1305785,130.23628
2025-06-22 20:00:00+00:00,6.048107,143.47105
2025-06-22 21:00:00+00:00,5.22,133.60289
2025-06-22 22:00:00+00:00,3.62243,116.56499
2025-06-22 23:00:00+00:00,2.4482648,126.027466
2025-06-23 00:00:00+00:00,1.4058449,140.19447
2025-06-23 01:00:00+00:00,2.7059932,183.814
2025-06-23 02:00:00+00:00,3.8521678,142.59457
2025-06-23 03:00:00+00:00,4.6938257,122.471176
2025-06-23 04:00:00+00:00,3.8183763,98.13002
2025-06-23 05:00:00+00:00,4.278551,75.37909
2025-06-23 06:00:00+00:00,4.278551,75.37909
2025-06-23 07:00:00+00:00,4.514377,94.57384
2025-06-23 08:00:00+00:00,4.8733153,94.23632
2025-06-23 09:00:00+00:00,4.913044,81.57312
2025-06-23 10:00:00+00:00,9.914717,105.80258
2025-06-23 11:00:00+00:00,12.074766,100.30479
2025-06-23 12:00:00+00:00,10.805999,88.09089
2025-06-23 13:00:00+00:00,3.84796,100.784256
2025-06-23 14:00:00+00:00,3.4576871,141.34016
2025-06-23 15:00:00+00:00,5.3517847,137.72638
2025-06-23 16:00:00+00:00,6.889557,123.2749
2025-06-23 17:00:00+00:00,5.991594,122.73522
2025-06-23 18:00:00+00:00,5.154415,114.775116
2025-06-23 19:00:00+00:00,5.9644947,84.805664
2025-06-23 20:00:00+00:00,6.778141,100.71308
2025-06-23 21:00:00+00:00,8.322932,111.57137
2025-06-23 22:00:00+00:00,8.297589,130.60121
2025-06-23 23:00:00+00:00,9.037721,135.80684
2025-06-24 00:00:00+00:00,9.793059,143.97253
2025-06-24 01:00:00+00:00,8.958504,157.5572
2025-06-24 02:00:00+00:00,9.096681,152.92801
2025-06-24 03:00:00+00:00,8.242743,148.39255
2025-06-24 04:00:00+00:00,8.0899935,147.72438
2025-06-24 05:00:00+00:00,8.209263,142.12495
2025-06-24 06:00:00+00:00,8.783189,135.83023
2025-06-24 07:00:00+00:00,7.1321807,137.04541
2025-06-24 08:00:00+00:00,3.8183763,135.0001
2025-06-24 09:00:00+00:00,4.1046314,127.875046
2025-06-24 10:00:00+00:00,3.693291,46.97493
2025-06-24 11:00:00+00:00,3.644722,20.224945
2025-06-24 12:00:00+00:00,6.5520988,74.054535
2025-06-24 13:00:00+00:00,7.989243,104.349365
2025-06-24 14:00:00+00:00,11.183201,123.17853
2025-06-24 15:00:00+00:00,10.837435,131.63345
2025-06-24 16:00:00+00:00,8.953078,149.82657
2025-06-24 17:00:00+00:00,9.54679,135.76381
2025-06-24 18:00:00+00:00,9.587428,129.6678
2025-06-24 19:00:00+00:00,9.335737,123.996506
2025-06-24 20:00:00+00:00,8.641874,125.6765
2025-06-24 21:00:00+00:00,7.172949,107.52566
2025-06-24 22:00:00+00:00,7.9138603,107.19863
2025-06-24 23:00:00+00:00,7.653705,131.18582
2025-06-25 00:00:00+00:00,4.1085763,151.1893
2025-06-25 01:00:00+00:00,10.387107,98.97255
2025-06-25 02:00:00+00:00,13.151091,120.4257
2025-06-25 03:00:00+00:00,10.735306,124.75598
2025-06-25 04:00:00+00:00,13.110376,135.55618
2025-06-25 05:00:00+00:00,16.037182,135.0001
2025-06-25 06:00:00+00:00,15.580141,130.31403
2025-06-25 07:00:00+00:00,12.673074,101.4695
2025-06-25 08:00:00+00:00,13.339445,86.906006
2025-06-25 09:00:00+00:00,12.964998,91.59111
2025-06-25 10:00:00+00:00,12.964998,88.4089
2025-06-25 11:00:00+00:00,13.262714,97.8001
2025-06-25 12:00:00+00:00,11.9466305,83.94591
2025-06-25 13:00:00+00:00,10.564942,81.1797
2025-06-25 14:00:00+00:00,9.087772,82.03049
2025-06-25 15:00:00+00:00,10.299397,95.01302
2025-06-25 16:00:00+00:00,11.745604,105.10115
2025-06-25 17:00:00+00:00,12.267763,112.42591
2025-06-25 18:00:00+00:00,13.708391,113.198616
2025-06-25 19:00:00+00:00,13.207634,107.44727
2025-06-25 20:00:00+00:00,12.2519045,100.15421
2025-06-25 21:00:00+00:00,12.224107,103.627014
2025-06-25 22:00:00+00:00,9.007196,87.70944
2025-06-25 23:00:00+00:00,10.981475,90.93917
2025-06-26 00:00:00+00:00,12.601285,89.18157
2025-06-26 01:00:00+00:00,14.411245,99.344604
2025-06-26 02:00:00+00:00,15.99571,109.04672
2025-06-26 03:00:00+00:00,17.71423,117.86691
2025-06-26 04:00:00+00:00,18.772715,124.451996
2025-06-26 05:00:00+00:00,19.376562,125.16652
2025-06-26 06:00:00+00:00,18.58451,121.534744
2025-06-26 07:00:00+00:00,17.95765,118.10618
2025-06-26 08:00:00+00:00,14.607751,112.456985
2025-06-26 09:00:00+00:00,12.007498,102.99462
2025-06-26 10:00:00+00:00,13.31635,99.33492
2025-06-26 11:00:00+00:00,12.785069,91.6135
2025-06-26 12:00:00+00:00,11.712455,87.35751
2025-06-26 13:00:00+00:00,7.7420926,88.667816
2025-06-26 14:00:00+00:00,4.913044,61.55718
2025-06-26 15:00:00+00:00,5.2323985,40.814987
2025-06-26 16:00:00+00:00,8.027677,70.346085
2025-06-26 17:00:00+00:00,11.734564,94.39862
2025-06-26 18:00:00+00:00,12.9249525,102.87501
2025-06-26 19:00:00+00:00,12.931218,106.16457
2025-06-26 20:00:00+00:00,12.810386,107.162
2025-06-26 21:00:00+00:00,13.403656,104.78277
2025-06-26 22:00:00+00:00,11.892265,92.60251
2025-06-26 23:00:00+00:00,12.346741,97.53935
2025-06-27 00:00:00+00:00,12.007498,102.99462
2025-06-27 01:00:00+00:00,11.897714,100.459854
2025-06-27 02:00:00+00:00,12.7546215,98.93051
2025-06-27 03:00:00+00:00,16.336426,108.634674
2025-06-27 04:00:00+00:00,18.226276,124.94574
2025-06-27 05:00:00+00:00,17.057314,134.14499
2025-06-27 06:00:00+00:00,15.172409,131.63344
2025-06-27 07:00:00+00:00,14.438198,125.86991
2025-06-27 08:00:00+00:00,14.266632,119.4758
2025-06-27 09:00:00+00:00,14.512064,113.38525
2025-06-27 10:00:00+00:00,12.224107,103.627014
2025-06-27 11:00:00+00:00,11.633348,98.00464
2025-06-27 12:00:00+00:00,10.495713,112.1664
2025-06-27 13:00:00+00:00,6.050785,120.37905
2025-06-27 14:00:00+00:00,6.341009,124.592354
2025-06-27 15:00:00+00:00,6.8777895,137.12111
2025-06-27 16:00:00+00:00,5.9617786,151.11351
2025-06-27 17:00:00+00:00,5.8631387,162.12122
2025-06-27 18:00:00+00:00,4.9785542,167.4712
2025-06-27 19:00:00+00:00,5.3305535,168.31065
2025-06-27 20:00:00+00:00,4.3349743,175.23645
2025-06-27 21:00:00+00:00,3.563818,135.0001
2025-06-27 22:00:00+00:00,5.720489,102.72436
2025-06-27 23:00:00+00:00,5.3939967,115.70991
2025-06-28 00:00:00+00:00,6.9527545,111.25058
2025-06-28 01:00:00+00:00,7.2022495,91.43207
2025-06-28 02:00:00+00:00,6.542201,82.09293
2025-06-28 03:00:00+00:00,7.415038,95.572105
2025-06-28 04:00:00+00:00,9.340941,115.083565
2025-06-28 05:00:00+00:00,9.109138,127.77575
2025-06-28 06:00:00+00:00,7.24486,116.56499
2025-06-28 07:00:00+00:00,5.9617786,118.88649
2025-06-28 08:00:00+00:00,5.7176566,118.1785
2025-06-28 09:00:00+00:00,6.037383,100.30479
2025-06-28 10:00:00+00:00,5.9834766,173.08887
2025-06-28 11:00:00+00:00,7.689603,163.68607
2025-06-28 12:00:00+00:00,9.0,180.0
2025-06-28 13:00:00+00:00,9.568824,196.38962
2025-06-28 14:00:00+00:00,3.494968,145.49142
2025-06-28 15:00:00+00:00,4.6730714,105.64231
2025-06-28 16:00:00+00:00,6.725354,105.52418
2025-06-28 17:00:00+00:00,8.197414,109.23077
2025-06-28 18:00:00+00:00,8.338489,103.73629
2025-06-28 19:00:00+00:00,10.310403,106.22027
2025-06-28 20:00:00+00:00,10.483357,105.945465
2025-06-28 21:00:00+00:00,10.484902,101.88863
2025-06-28 22:00:00+00:00,9.668195,118.9509
2025-06-28 23:00:00+00:00,11.032987,123.6901
2025-06-29 00:00:00+00:00,9.3340025,129.5226
2025-06-29 01:00:00+00:00,8.297589,139.39879
2025-06-29 02:00:00+00:00,7.0911775,156.0375
2025-06-29 03:00:00+00:00,5.3305535,168.31065
2025-06-29 04:00:00+00:00,1.5273507,224.9999
2025-06-29 05:00:00+00:00,0.56920993,71.564964
2025-06-29 06:00:00+00:00,2.4149535,26.564985
2025-06-29 07:00:00+00:00,3.4388947,47.12111
2025-06-29 08:00:00+00:00,4.353619,97.12492
2025-06-29 09:00:00+00:00,6.2067385,150.46132
2025-06-29 10:00:00+00:00,12.348052,149.3228
2025-06-29 11:00:00+00:00,11.203464,156.3179
2025-06-29 12:00:00+00:00,11.792404,167.66092
2025-06-29 13:00:00+00:00,10.316686,173.99109
2025-06-29 14:00:00+00:00,10.484902,168.11136
2025-06-29 15:00:00+00:00,12.710091,167.73524
2025-06-29 16:00:00+00:00,13.062098,168.0707
2025-06-29 17:00:00+00:00,12.606426,170.13426
2025-06-29 18:00:00+00:00,11.9466305,173.9459
2025-06-29 19:00:00+00:00,11.734564,175.60138
2025-06-29 20:00:00+00:00,10.853866,174.2895
2025-06-29 21:00:00+00:00,10.63372,182.91078
2025-06-29 22:00:00+00:00,6.050785,120.37905
2025-06-29 23:00:00+00:00,6.6087217,150.64235
2025-06-30 00:00:00+00:00,8.538149,161.56496
2025-06-30 01:00:00+00:00,7.120815,159.27437
2025-06-30 02:00:00+00:00,4.3349743,175.23645
2025-06-30 03:00:00+00:00,4.0449963,200.85454
2025-06-30 04:00:00+00:00,4.6277857,256.50424
2025-06-30 05:00:00+00:00,6.330782,284.8265
2025-06-30 06:00:00+00:00,6.384293,310.426
2025-06-30 07:00:00+00:00,6.804381,322.52374
2025-06-30 08:00:00+00:00,6.601363,334.1337
2025-06-30 09:00:00+00:00,8.909545,351.87
2025-06-30 10:00:00+00:00,2.5582807,50.710617
2025-06-30 11:00:00+00:00,1.0495713,120.96369
2025-06-30 12:00:00+00:00,2.5959969,236.3099
2025-06-30 13:00:00+00:00,3.362677,254.47583
2025-06-30 14:00:00+00:00,0.9,53.13002
2025-06-30 15:00:00+00:00,4.143911,87.5105
2025-06-30 16:00:00+00:00,6.7205353,97.69597
2025-06-30 17:00:00+00:00,8.311245,107.650215
2025-06-30 18:00:00+00:00,8.131936,117.69938
2025-06-30 19:00:00+00:00,5.728979,136.27295
2025-06-30 20:00:00+00:00,4.846648,158.19853
2025-06-30 21:00:00+00:00,3.7064266,150.9455
2025-06-30 22:00:00+00:00,6.1858225,98.3658
2025-06-30 23:00:00+00:00,5.4119864,93.814
2025-07-01 00:00:00+00:00,5.5829024,91.84757
2025-07-01 01:00:00+00:00,8.507737,96.072365
2025-07-01 02:00:00+00:00,12.033103,111.960625
2025-07-01 03:00:00+00:00,11.19189,117.80137
2025-07-01 04:00:00+00:00,10.990322,121.60746
2025-07-01 05:00:00+00:00,10.436895,122.319595
2025-07-01 06:00:00+00:00,11.038858,114.05735
2025-07-01 07:00:00+00:00,10.062305,116.56499
2025-07-01 08:00:00+00:00,6.8989563,105.12406
2025-07-01 09:00:00+00:00,5.8048253,82.875084
2025-07-01 10:00:00+00:00,7.3799996,90.0
2025-07-01 11:00:00+00:00,3.572898,40.9143
2025-07-01 12:00:00+00:00,2.9024127,29.744795
2025-07-01 13:00:00+00:00,4.327493,73.07241
2025-07-01 14:00:00+00:00,4.471107,49.899166
2025-07-01 15:00:00+00:00,3.745557,35.217674
2025-07-01 16:00:00+00:00,4.198285,30.963696
2025-07-01 17:00:00+00:00,4.39436,55.0079
2025-07-01 18:00:00+00:00,4.91634,66.2505
2025-07-01 19:00:00+00:00,4.6730714,74.3577
2025-07-01 20:00:00+00:00,4.5322843,83.15732
2025-07-01 21:00:00+00:00,4.412754,78.231735
2025-07-01 22:00:00+00:00,6.130579,86.63361
2025-07-01 23:00:00+00:00,7.519175,101.0409
2025-07-02 00:00:00+00:00,7.9138603,107.19863
2025-07-02 01:00:00+00:00,9.107359,108.43504
2025-07-02 02:00:00+00:00,7.7983837,108.85326
2025-07-02 03:00:00+00:00,7.7420926,107.592514
2025-07-02 04:00:00+00:00,8.827344,110.28265
2025-07-02 05:00:00+00:00,12.007498,113.87529
2025-07-02 06:00:00+00:00,14.813683,117.499054
2025-07-02 07:00:00+00:00,15.455911,116.26658
2025-07-02 08:00:00+00:00,13.945064,113.58704
2025-07-02 09:00:00+00:00,13.1412325,103.46522
2025-07-02 10:00:00+00:00,13.8049555,112.21764
2025-07-02 11:00:00+00:00,12.647482,114.376465
2025-07-02 12:00:00+00:00,10.234705,113.86018
2025-07-02 13:00:00+00:00,8.217153,118.8107
2025-07-02 14:00:00+00:00,6.28713,113.62939
2025-07-02 15:00:00+00:00,7.0591216,109.359085
2025-07-02 16:00:00+00:00,6.8541956,103.671326
2025-07-02 17:00:00+00:00,7.989243,104.349365
2025-07-02 18:00:00+00:00,7.754637,111.801476
2025-07-02 19:00:00+00:00,7.689603,106.31393
2025-07-02 20:00:00+00:00,8.827344,110.28265
2025-07-02 21:00:00+00:00,11.7,120.51016
2025-07-02 22:00:00+00:00,8.149847,83.659904
2025-07-02 23:00:00+00:00,7.7420926,88.667816
2025-07-03 00:00:00+00:00,7.0568266,84.14409
2025-07-03 01:00:00+00:00,9.0645685,83.15732
2025-07-03 02:00:00+00:00,8.477216,93.65215
2025-07-03 03:00:00+00:00,9.847496,108.10386
2025-07-03 04:00:00+00:00,11.276967,114.51963
2025-07-03 05:00:00+00:00,11.837652,118.12364
2025-07-03 06:00:00+00:00,12.688404,121.660706
2025-07-03 07:00:00+00:00,12.535549,122.09256
2025-07-03 08:00:00+00:00,12.181624,124.159744
2025-07-03 09:00:00+00:00,11.238113,121.908066
2025-07-03 10:00:00+00:00,11.038858,114.05735
2025-07-03 11:00:00+00:00,11.555103,94.46708
2025-07-03 12:00:00+00:00,12.781267,90.806915
2025-07-03 13:00:00+00:00,7.9526596,95.19434
2025-07-03 14:00:00+00:00,7.928178,87.3975
2025-07-03 15:00:00+00:00,8.849339,94.66678
2025-07-03 16:00:00+00:00,8.149847,96.340096
2025-07-03 17:00:00+00:00,8.29173,117.12123
2025-07-03 18:00:00+00:00,5.994297,131.34769
2025-07-03 19:00:00+00:00,6.320538,109.98319
2025-07-03 20:00:00+00:00,7.0843205,117.216034
2025-07-03 21:00:00+00:00,6.379216,106.38962
2025-07-03 22:00:00+00:00,9.007196,92.29056
2025-07-03 23:00:00+00:00,10.981475,90.93917
2025-07-04 00:00:00+00:00,8.163749,104.03627
2025-07-04 01:00:00+00:00,9.854075,99.46225
2025-07-04 02:00:00+00:00,12.535548,105.83246
2025-07-04 03:00:00+00:00,11.638917,121.72356
2025-07-04 04:00:00+00:00,9.5535755,132.70937
2025-07-04 05:00:00+00:00,6.7565966,138.23979
2025-07-04 06:00:00+00:00,3.9518096,120.0685
2025-07-04 07:00:00+00:00,3.4247334,93.012726
2025-07-04 08:00:00+00:00,3.9844694,71.564964
2025-07-04 09:00:00+00:00,4.755544,60.524208
2025-07-04 10:00:00+00:00,3.8141315,109.290146
2025-07-04 11:00:00+00:00,2.8174455,116.56499
2025-07-04 12:00:00+00:00,3.143565,113.62939
2025-07-04 13:00:00+00:00,4.293669,123.02387
2025-07-04 14:00:00+00:00,5.983477,133.7812
2025-07-04 15:00:00+00:00,6.698806,120.699646
2025-07-04 16:00:00+00:00,8.227004,100.08054
2025-07-04 17:00:00+00:00,6.8541956,113.198616
2025-07-04 18:00:00+00:00,7.1661706,101.59215
2025-07-04 19:00:00+00:00,8.281956,88.75467
2025-07-04 20:00:00+00:00,7.970972,96.48298
2025-07-04 21:00:00+00:00,6.8423676,91.50741
2025-07-04 22:00:00+00:00,5.7402787,41.185825
2025-07-04 23:00:00+00:00,2.5772076,155.22488
2025-07-05 00:00:00+00:00,4.3498964,114.44395
2025-07-05 01:00:00+00:00,4.514377,175.42616
2025-07-05 02:00:00+00:00,2.995797,147.26479
2025-07-05 03:00:00+00:00,4.278551,157.75093
2025-07-05 04:00:00+00:00,6.5049515,194.4208
2025-07-05 05:00:00+00:00,5.6492476,210.65059
2025-07-05 06:00:00+00:00,3.396233,212.00534
2025-07-05 07:00:00+00:00,0.5091169,135.0001
2025-07-05 08:00:00+00:00,3.8939953,56.3099
2025-07-05 09:00:00+00:00,4.353619,97.12492
2025-07-05 10:00:00+00:00,4.293669,146.97614
2025-07-05 11:00:00+00:00,4.5,126.86999
2025-07-05 12:00:00+00:00,6.87779,96.00892
2025-07-05 13:00:00+00:00,9.6932955,105.06854
2025-07-05 14:00:00+00:00,10.094454,129.93633
2025-07-05 15:00:00+00:00,6.3690495,137.29063
2025-07-05 16:00:00+00:00,3.710795,112.833694
2025-07-05 17:00:00+00:00,5.0816135,112.93214
2025-07-05 18:00:00+00:00,4.0449967,122.27562
2025-07-05 19:00:00+00:00,3.381893,154.7989
2025-07-05 20:00:00+00:00,4.952453,160.90642
2025-07-05 21:00:00+00:00,5.7402787,131.18582
2025-07-05 22:00:00+00:00,2.6208394,195.94547
2025-07-05 23:00:00+00:00,4.5322843,186.84268
2025-07-06 00:00:00+00:00,4.514377,175.42616
2025-07-06 01:00:00+00:00,0.35999998,270.0
2025-07-06 02:00:00+00:00,4.6800003,22.61991
2025-07-06 03:00:00+00:00,7.186487,22.067963
2025-07-06 04:00:00+00:00,4.278551,67.75093
2025-07-06 05:00:00+00:00,2.36753,98.74608
2025-07-06 06:00:00+00:00,1.5484185,144.46223
2025-07-06 07:00:00+00:00,1.609969,333.43503
2025-07-06 08:00:00+00:00,4.080882,318.57642
2025-07-06 09:00:00+00:00,10.583326,318.44748
2025-07-06 10:00:00+00:00,4.175069,352.5687
2025-07-06 11:00:00+00:00,5.48631,318.991
2025-07-06 12:00:00+00:00,6.310277,86.729576
2025-07-06 13:00:00+00:00,3.9640884,129.47243
2025-07-06 14:00:00+00:00,3.2599385,96.340096
2025-07-06 15:00:00+00:00,3.362677,74.47583
2025-07-06 16:00:00+00:00,6.198903,115.820946
2025-07-06 17:00:00+00:00,8.893166,125.94221
2025-07-06 18:00:00+00:00,10.348043,130.06073
2025-07-06 19:00:00+00:00,9.361731,127.971664
2025-07-06 20:00:00+00:00,8.604301,127.34943
2025-07-06 21:00:00+00:00,9.044888,132.58046
2025-07-06 22:00:00+00:00,6.7397914,235.88548
2025-07-06 23:00:00+00:00,7.7734165,227.81563
2025-07-07 00:00:00+00:00,2.5582807,219.28938
2025-07-07 01:00:00+00:00,2.6758924,47.72637
2025-07-07 02:00:00+00:00,3.8183763,98.13002
2025-07-07 03:00:00+00:00,4.8899083,96.340096
2025-07-07 04:00:00+00:00,7.0223074,88.531235
2025-07-07 05:00:00+00:00,9.605998,102.99462
2025-07-07 06:00:00+00:00,10.00256,120.256355
2025-07-07 07:00:00+00:00,6.248359,131.49637
2025-07-07 08:00:00+00:00,5.1481256,143.53067
2025-07-07 09:00:00+00:00,4.143911,145.6196
2025-07-07 10:00:00+00:00,2.50064,30.256361
2025-07-07 11:00:00+00:00,0.54,90.0
2025-07-07 12:00:00+00:00,2.9301877,259.3804
2025-07-07 13:00:00+00:00,1.4058449,320.1945
2025-07-07 14:00:00+00:00,1.5273507,224.9999
2025-07-07 15:00:00+00:00,6.193674,234.46223
2025-07-07 16:00:00+00:00,6.854195,240.06857
2025-07-07 17:00:00+00:00,6.4323244,252.07199
2025-07-07 18:00:00+00:00,4.942631,236.88864
2025-07-07 19:00:00+00:00,3.9477081,226.8476
2025-07-07 20:00:00+00:00,1.8089776,5.7105074
2025-07-07 21:00:00+00:00,7.1684303,38.884502
2025-07-07 22:00:00+00:00,1.835647,101.3099
2025-07-07 23:00:00+00:00,4.863332,128.991
2025-07-08 00:00:00+00:00,3.3092597,112.38018
2025-07-08 01:00:00+00:00,5.072041,152.52565
2025-07-08 02:00:00+00:00,4.323748,177.6141
2025-07-08 03:00:00+00:00,3.3481934,216.25392
2025-07-08 04:00:00+00:00,3.2599385,276.3401
2025-07-08 05:00:00+00:00,5.4656014,287.24155
2025-07-08 06:00:00+00:00,6.2613096,288.43503
2025-07-08 07:00:00+00:00,7.729527,297.75842
2025-07-08 08:00:00+00:00,8.953078,300.17343
2025-07-08 09:00:00+00:00,9.340941,295.08356
2025-07-08 10:00:00+00:00,11.334285,302.68054
2025-07-08 11:00:00+00:00,10.00256,300.25635
2025-07-08 12:00:00+00:00,8.29173,297.12122
2025-07-08 13:00:00+00:00,5.4744864,297.4075
2025-07-08 14:00:00+00:00,5.495161,301.60745
2025-07-08 15:00:00+00:00,4.952453,289.0936
2025-07-08 16:00:00+00:00,3.644722,249.77505
2025-07-08 17:00:00+00:00,3.9477081,226.8476
2025-07-08 18:00:00+00:00,3.3092597,202.38017
2025-07-08 19:00:00+00:00,4.072935,224.9999
2025-07-08 20:00:00+00:00,4.2021427,223.26433
2025-07-08 21:00:00+00:00,3.8647635,242.24155
2025-07-08 22:00:00+00:00,3.9640884,309.47244
2025-07-08 23:00:00+00:00,4.2671766,332.3541
2025-07-09 00:00:00+00:00,3.143565,293.6294
2025-07-09 01:00:00+00:00,6.302571,268.36346
2025-07-09 02:00:00+00:00,9.224011,264.40076
2025-07-09 03:00:00+00:00,9.181765,271.1233
2025-07-09 04:00:00+00:00,8.513448,283.44864
2025-07-09 05:00:00+00:00,6.0347,287.3541
2025-07-09 06:00:00+00:00,3.06,270.0
2025-07-09 07:00:00+00:00,2.3469129,237.52882
2025-07-09 08:00:00+00:00,4.514377,203.49858
2025-07-09 09:00:00+00:00,4.5891175,205.55992
2025-07-09 10:00:00+00:00,2.7943513,255.06853
2025-07-09 11:00:00+00:00,3.62243,153.43501
2025-07-09 12:00:00+00:00,4.3349743,138.36655
2025-07-09 13:00:00+00:00,3.563818,224.9999
2025-07-09 14:00:00+00:00,3.9966488,277.76508
2025-07-09 15:00:00+00:00,2.5772078,347.90527
2025-07-09 16:00:00+00:00,2.9024127,119.74479
2025-07-09 17:00:00+00:00,6.544677,148.49579
2025-07-09 18:00:00+00:00,8.709098,161.93944
2025-07-09 19:00:00+00:00,9.867218,165.20319
2025-07-09 20:00:00+00:00,9.05205,162.64589
2025-07-09 21:00:00+00:00,7.4346757,173.04713
2025-07-09 22:00:00+00:00,11.923557,118.88649
2025-07-09 23:00:00+00:00,11.556504,127.40543
2025-07-10 00:00:00+00:00,9.449572,139.63554
2025-07-10 01:00:00+00:00,7.7900705,130.31403
2025-07-10 02:00:00+00:00,9.178235,131.82008
2025-07-10 03:00:00+00:00,10.310402,134.29277
2025-07-10 04:00:00+00:00,9.807935,132.76881
2025-07-10 05:00:00+00:00,9.473541,128.82983
2025-07-10 06:00:00+00:00,9.044888,121.15924
2025-07-10 07:00:00+00:00,8.9873905,122.73522
2025-07-10 08:00:00+00:00,9.335737,123.996506
2025-07-10 09:00:00+00:00,10.441551,144.11777
2025-07-10 10:00:00+00:00,6.114703,137.38599
2025-07-10 11:00:00+00:00,5.5829024,159.22766
2025-07-10 12:00:00+00:00,4.445672,158.62932
2025-07-10 13:00:00+00:00,2.5455842,188.13002
2025-07-10 14:00:00+00:00,3.1845248,222.70937
2025-07-10 15:00:00+00:00,2.4216523,228.01286
2025-07-10 16:00:00+00:00,1.8089776,275.7105
2025-07-10 17:00:00+00:00,1.6981165,122.00535
2025-07-10 18:00:00+00:00,1.2074767,153.43501
2025-07-10 19:00:00+00:00,3.143565,113.62939
2025-07-10 20:00:00+00:00,2.8799999,90.0
2025-07-10 21:00:00+00:00,3.362677,105.52418
2025-07-10 22:00:00+00:00,3.84796,100.784256
2025-07-10 23:00:00+00:00,3.9966488,82.234924
2025-07-11 00:00:00+00:00,2.1674871,48.366554
2025-07-11 01:00:00+00:00,2.5959969,56.309914
2025-07-11 02:00:00+00:00,1.8792552,106.699326
2025-07-11 03:00:00+00:00,3.06,151.92761
2025-07-11 04:00:00+00:00,4.7657523,169.11452
2025-07-11 05:00:00+00:00,4.503598,182.29056
2025-07-11 06:00:00+00:00,3.438895,186.00891
2025-07-11 07:00:00+00:00,3.2599385,186.3401
2025-07-11 08:00:00+00:00,2.3051248,218.65984
2025-07-11 09:00:00+00:00,1.8,180.0
2025-07-11 10:00:00+00:00,0.5091169,44.999897
2025-07-11 11:00:00+00:00,0.40249225,333.43503
2025-07-11 12:00:00+00:00,0.0,270.0
2025-07-11 13:00:00+00:00,2.6208394,164.05453
2025-07-11 14:00:00+00:00,4.6834598,182.20255
2025-07-11 15:00:00+00:00,6.8399997,180.0
2025-07-11 16:00:00+00:00,7.040739,184.39862
2025-07-11 17:00:00+00:00,4.8633323,182.12105
2025-07-11 18:00:00+00:00,4.2366967,192.26476
2025-07-11 19:00:00+00:00,2.4482646,287.1028
2025-07-11 20:00:00+00:00,2.0523157,344.7448
2025-07-11 21:00:00+00:00,2.5959969,33.6901
2025-07-11 22:00:00+00:00,3.143565,13.240531
2025-07-11 23:00:00+00:00,4.5322843,6.842679
2025-07-12 00:00:00+00:00,2.6999998,36.86998
2025-07-12 01:00:00+00:00,1.2074767,153.43501
2025-07-12 02:00:00+00:00,2.7059932,183.814
2025-07-12 03:00:00+00:00,4.143911,182.4895
2025-07-12 04:00:00+00:00,5.1544156,167.90526
2025-07-12 05:00:00+00:00,5.020677,165.4655
2025-07-12 06:00:00+00:00,5.426933,174.2895
2025-07-12 07:00:00+00:00,6.0721655,191.9761
2025-07-12 08:00:00+00:00,5.369916,230.44037
2025-07-12 09:00:00+00:00,4.8733153,265.76367
2025-07-12 10:00:00+00:00,6.4624763,282.875
2025-07-12 11:00:00+00:00,4.669604,332.44727
2025-07-12 12:00:00+00:00,2.7416782,66.801384
2025-07-12 13:00:00+00:00,8.996398,109.885254
2025-07-12 14:00:00+00:00,7.386582,136.97493
2025-07-12 15:00:00+00:00,3.244996,160.55988
2025-07-12 16:00:00+00:00,2.0523157,195.25517
2025-07-12 17:00:00+00:00,2.9301877,169.3804
2025-07-12 18:00:00+00:00,2.5772078,192.09474
2025-07-12 19:00:00+00:00,1.2979984,236.3099
2025-07-12 20:00:00+00:00,2.1749482,335.55606
2025-07-12 21:00:00+00:00,3.9763298,5.19435
2025-07-12 22:00:00+00:00,3.9966488,352.23492
2025-07-12 23:00:00+00:00,3.710795,22.833694
2025-07-13 00:00:00+00:00,4.7110505,43.451904
2025-07-13 01:00:00+00:00,6.552099,52.81522
2025-07-13 02:00:00+00:00,7.4128532,60.94549
2025-07-13 03:00:00+00:00,8.694204,62.904526
2025-07-13 04:00:00+00:00,10.51576,83.11838
2025-07-13 05:00:00+00:00,10.837435,94.76356
2025-07-13 06:00:00+00:00,10.801499,89.04518
2025-07-13 07:00:00+00:00,11.571914,74.66666
2025-07-13 08:00:00+00:00,12.324414,83.29026
2025-07-13 09:00:00+00:00,13.379461,95.4037
2025-07-13 10:00:00+00:00,3.710795,22.833694
2025-07-13 11:00:00+00:00,7.9383874,3.9004252
2025-07-13 12:00:00+00:00,9.734987,19.440128
2025-07-13 13:00:00+00:00,7.2403865,55.1246
2025-07-13 14:00:00+00:00,7.5942073,95.44024
2025-07-13 15:00:00+00:00,7.4867883,117.18103
2025-07-13 16:00:00+00:00,11.351422,117.37762
2025-07-13 17:00:00+00:00,14.978984,122.73522
2025-07-13 18:00:00+00:00,9.595874,113.198616
2025-07-13 19:00:00+00:00,8.019601,80.960594
2025-07-13 20:00:00+00:00,9.418661,63.924713
2025-07-13 21:00:00+00:00,13.184308,75.77401
2025-07-13 22:00:00+00:00,13.1412325,90.78481
2025-07-13 23:00:00+00:00,15.763107,96.556854
2025-07-14 00:00:00+00:00,17.519281,85.28533
2025-07-14 01:00:00+00:00,18.079027,77.34745
2025-07-14 02:00:00+00:00,18.35647,78.6901
2025-07-14 03:00:00+00:00,18.175545,82.03049
2025-07-14 04:00:00+00:00,18.72,90.0
2025-07-14 05:00:00+00:00,23.881054,103.51255
2025-07-14 06:00:00+00:00,27.219902,110.11268
2025-07-14 07:00:00+00:00,27.410282,111.17265
2025-07-14 08:00:00+00:00,27.208593,112.1534
2025-07-14 09:00:00+00:00,24.40046,111.64449
2025-07-14 10:00:00+00:00,21.226265,112.43304
2025-07-14 11:00:00+00:00,16.966848,94.258766
2025-07-14 12:00:00+00:00,17.288435,104.47034
2025-07-14 13:00:00+00:00,12.221456,99.32352
2025-07-14 14:00:00+00:00,15.7754345,106.57409
2025-07-14 15:00:00+00:00,18.961613,109.98319
2025-07-14 16:00:00+00:00,20.232191,113.600204
2025-07-14 17:00:00+00:00,19.888983,115.17349
2025-07-14 18:00:00+00:00,18.595839,117.06103
2025-07-14 19:00:00+00:00,17.63816,114.73428
2025-07-14 20:00:00+00:00,18.162169,109.692116
2025-07-14 21:00:00+00:00,18.78393,108.43504
2025-07-14 22:00:00+00:00,17.63816,114.73428
2025-07-14 23:00:00+00:00,18.484869,112.31949
2025-07-15 00:00:00+00:00,18.69662,113.85048
2025-07-15 01:00:00+00:00,18.758902,115.58148
2025-07-15 02:00:00+00:00,24.048027,120.59593
2025-07-15 03:00:00+00:00,25.133053,128.019
2025-07-15 04:00:00+00:00,26.065218,127.42393
2025-07-15 05:00:00+00:00,26.604097,127.02505
2025-07-15 06:00:00+00:00,26.228785,129.15108
2025-07-15 07:00:00+00:00,26.224463,133.8877
2025-07-15 08:00:00+00:00,24.627789,142.12495
2025-07-15 09:00:00+00:00,23.105297,152.63654
2025-07-15 10:00:00+00:00,14.6254835,166.47682
2025-07-15 11:00:00+00:00,14.64209,159.11412
2025-07-15 12:00:00+00:00,12.193589,148.89125
2025-07-15 13:00:00+00:00,10.601679,130.17917
2025-07-15 14:00:00+00:00,11.190442,115.74066
2025-07-15 15:00:00+00:00,12.57426,113.62939
2025-07-15 16:00:00+00:00,14.571108,117.198044
2025-07-15 17:00:00+00:00,15.086748,125.77617
2025-07-15 18:00:00+00:00,14.664202,131.51663
2025-07-15 19:00:00+00:00,12.730467,133.85432
2025-07-15 20:00:00+00:00,11.616626,130.60121
2025-07-15 21:00:00+00:00,10.134495,123.407845
2025-07-15 22:00:00+00:00,12.431733,124.3804
2025-07-15 23:00:00+00:00,12.007498,130.13542
2025-07-16 00:00:00+00:00,11.212135,137.60262
2025-07-16 01:00:00+00:00,10.819482,134.32605
2025-07-16 02:00:00+00:00,10.062305,132.82524
2025-07-16 03:00:00+00:00,10.837435,131.63345
2025-07-16 04:00:00+00:00,11.5887,133.11183
2025-07-16 05:00:00+00:00,11.345712,131.78442
2025-07-16 06:00:00+00:00,11.931705,123.92984
2025-07-16 07:00:00+00:00,11.855429,120.0685
2025-07-16 08:00:00+00:00,11.832176,123.20658
2025-07-16 09:00:00+00:00,12.88981,125.90981
2025-07-16 10:00:00+00:00,12.0921955,135.60303
2025-07-16 11:00:00+00:00,11.975074,137.43669
2025-07-16 12:00:00+00:00,10.182337,135.0001
2025-07-16 13:00:00+00:00,7.0934615,125.70678
2025-07-16 14:00:00+00:00,6.6818557,117.25525
2025-07-16 15:00:00+00:00,7.9383874,122.969406
2025-07-16 16:00:00+00:00,8.3520775,127.11694
2025-07-16 17:00:00+00:00,8.139901,125.095894
2025-07-16 18:00:00+00:00,6.7565966,131.76021
2025-07-16 19:00:00+00:00,7.001514,136.04153
2025-07-16 20:00:00+00:00,8.149847,133.21011
2025-07-16 21:00:00+00:00,9.9408245,132.06425
2025-07-16 22:00:00+00:00,12.74954,120.54749
2025-07-16 23:00:00+00:00,14.730336,128.55049
2025-07-17 00:00:00+00:00,15.281989,133.09087
2025-07-17 01:00:00+00:00,15.146761,134.5186
2025-07-17 02:00:00+00:00,13.746156,135.0001
2025-07-17 03:00:00+00:00,12.984975,136.12321
2025-07-17 04:00:00+00:00,10.694485,133.63614
2025-07-17 05:00:00+00:00,9.847496,120.78408
2025-07-17 06:00:00+00:00,9.904906,109.09359
2025-07-17 07:00:00+00:00,9.676569,108.43504
2025-07-17 08:00:00+00:00,8.083983,101.560104
2025-07-17 09:00:00+00:00,7.1661706,78.40785
2025-07-17 10:00:00+00:00,7.282774,50.013176
2025-07-17 11:00:00+00:00,7.1684303,51.115498
2025-07-17 12:00:00+00:00,6.7565966,41.760216
2025-07-17 13:00:00+00:00,4.7110505,6.581848
2025-07-17 14:00:00+00:00,4.6834598,2.2025495
2025-07-17 15:00:00+00:00,4.6834598,357.79745
2025-07-17 16:00:00+00:00,4.0449967,302.27563
2025-07-17 17:00:00+00:00,2.9024127,299.74478
2025-07-17 18:00:00+00:00,3.143565,66.37061
2025-07-17 19:00:00+00:00,6.2067385,60.461315
2025-07-17 20:00:00+00:00,7.9077177,48.69148
2025-07-17 21:00:00+00:00,9.0,36.86999
2025-07-17 22:00:00+00:00,11.988594,41.347687
2025-07-17 23:00:00+00:00,12.456468,52.633263
2025-07-18 00:00:00+00:00,13.37825,66.19405
2025-07-18 01:00:00+00:00,14.713829,75.113686
2025-07-18 02:00:00+00:00,16.344355,78.56635
2025-07-18 03:00:00+00:00,15.999762,72.991974
2025-07-18 04:00:00+00:00,19.639807,70.73465
2025-07-18 05:00:00+00:00,23.12212,78.77759
2025-07-18 06:00:00+00:00,23.853226,81.319664
2025-07-18 07:00:00+00:00,24.565218,81.57312
2025-07-18 08:00:00+00:00,24.64094,78.19759
2025-07-18 09:00:00+00:00,25.045238,71.564964
2025-07-18 10:00:00+00:00,22.877708,79.57425
2025-07-18 11:00:00+00:00,22.26477,75.96373
2025-07-18 12:00:00+00:00,19.689238,67.42039
2025-07-18 13:00:00+00:00,17.58481,67.10942
2025-07-18 14:00:00+00:00,18.709612,78.90632
2025-07-18 15:00:00+00:00,19.8,90.0
2025-07-18 16:00:00+00:00,18.03237,93.43356
2025-07-18 17:00:00+00:00,18.367939,91.68465
2025-07-18 18:00:00+00:00,18.000898,89.42708
2025-07-18 19:00:00+00:00,18.188019,91.70132
2025-07-18 20:00:00+00:00,18.448023,95.59925
2025-07-18 21:00:00+00:00,18.289274,100.20392
2025-07-18 22:00:00+00:00,19.553833,111.60559
2025-07-18 23:00:00+00:00,19.620827,112.094284
2025-07-19 00:00:00+00:00,19.172323,114.39942
2025-07-19 01:00:00+00:00,17.23588,114.691536
2025-07-19 02:00:00+00:00,19.42416,122.5119
2025-07-19 03:00:00+00:00,20.378988,132.8524
2025-07-19 04:00:00+00:00,20.834173,140.25786
2025-07-19 05:00:00+00:00,21.426807,148.04567
2025-07-19 06:00:00+00:00,19.175703,147.65259
2025-07-19 07:00:00+00:00,17.727943,150.83249
2025-07-19 08:00:00+00:00,16.50218,153.43501
2025-07-19 09:00:00+00:00,15.978484,157.47939
2025-07-19 10:00:00+00:00,13.797912,172.50424
2025-07-19 11:00:00+00:00,12.193588,171.51114
2025-07-19 12:00:00+00:00,9.867218,165.20319
2025-07-19 13:00:00+00:00,5.7431,147.80429
2025-07-19 14:00:00+00:00,6.489992,146.3099
2025-07-19 15:00:00+00:00,8.085988,163.17851
2025-07-19 16:00:00+00:00,10.086427,177.95464
2025-07-19 17:00:00+00:00,10.120098,185.10208
2025-07-19 18:00:00+00:00,8.759178,189.46225
2025-07-19 19:00:00+00:00,8.513448,193.44862
2025-07-19 20:00:00+00:00,8.035746,195.59286
2025-07-19 21:00:00+00:00,6.9480934,196.55714
2025-07-19 22:00:00+00:00,4.7827187,199.79897
2025-07-19 23:00:00+00:00,4.724786,197.74477
2025-07-20 00:00:00+00:00,4.7657523,190.88548
2025-07-20 01:00:00+00:00,7.5213294,201.03758
2025-07-20 02:00:00+00:00,7.8149853,218.45374
2025-07-20 03:00:00+00:00,8.55142,229.26797
2025-07-20 04:00:00+00:00,8.149847,226.78989
2025-07-20 05:00:00+00:00,7.7900705,220.31403
2025-07-20 06:00:00+00:00,8.4963045,216.38445
2025-07-20 07:00:00+00:00,8.242743,211.60745
2025-07-20 08:00:00+00:00,7.731623,204.77512
2025-07-20 09:00:00+00:00,7.42159,194.03627
2025-07-20 10:00:00+00:00,6.361415,205.1148
2025-07-20 11:00:00+00:00,7.16617,205.27768
2025-07-20 12:00:00+00:00,7.16617,205.27768
2025-07-20 13:00:00+00:00,4.802999,192.99461
2025-07-20 14:00:00+00:00,5.8603754,190.6196
2025-07-20 15:00:00+00:00,8.596766,199.57321
2025-07-20 16:00:00+00:00,8.36758,198.8248
2025-07-20 17:00:00+00:00,6.519877,186.3401
2025-07-20 18:00:00+00:00,7.4346757,186.95287
2025-07-20 19:00:00+00:00,8.43699,191.07016
2025-07-20 20:00:00+00:00,8.163749,194.03627
2025-07-20 21:00:00+00:00,8.12197,192.80426
2025-07-20 22:00:00+00:00,7.3997297,175.81517
2025-07-20 23:00:00+00:00,7.9932976,172.23492
2025-07-21 00:00:00+00:00,7.3997297,175.81517
2025-07-21 01:00:00+00:00,8.649369,167.98854
2025-07-21 02:00:00+00:00,7.555712,167.61925
2025-07-21 03:00:00+00:00,6.361415,154.8852
2025-07-21 04:00:00+00:00,6.444905,125.90981
2025-07-21 05:00:00+00:00,5.5887027,104.93147
2025-07-21 06:00:00+00:00,7.029225,87.064384
2025-07-21 07:00:00+00:00,8.528657,82.72509
2025-07-21 08:00:00+00:00,9.0018,88.85426
2025-07-21 09:00:00+00:00,9.016185,93.43356
2025-07-21 10:00:00+00:00,7.613382,83.21112
2025-07-21 11:00:00+00:00,6.76618,61.389645
2025-07-21 12:00:00+00:00,9.044888,58.840755
2025-07-21 13:00:00+00:00,8.55142,59.656826
2025-07-21 14:00:00+00:00,6.21717,67.8905
2025-07-21 15:00:00+00:00,4.9785542,102.5288
2025-07-21 16:00:00+00:00,4.4456716,148.24057
2025-07-21 17:00:00+00:00,4.6277857,166.50426
2025-07-21 18:00:00+00:00,3.8856654,166.60748
2025-07-21 19:00:00+00:00,3.7971036,174.55975
2025-07-21 20:00:00+00:00,5.020677,165.4655
2025-07-21 21:00:00+00:00,5.634891,153.43501
2025-07-21 22:00:00+00:00,4.3498964,155.55606
2025-07-21 23:00:00+00:00,4.1046314,164.74483
2025-07-22 00:00:00+00:00,4.913044,151.55717
2025-07-22 01:00:00+00:00,5.3939967,154.2901
2025-07-22 02:00:00+00:00,4.514377,175.42616
2025-07-22 03:00:00+00:00,5.414979,201.4478
2025-07-22 04:00:00+00:00,5.6060677,222.39738
2025-07-22 05:00:00+00:00,6.2483597,258.3664
2025-07-22 06:00:00+00:00,6.638072,282.5288
2025-07-22 07:00:00+00:00,7.6579366,299.57773
2025-07-22 08:00:00+00:00,9.432412,311.90585
2025-07-22 09:00:00+00:00,9.82114,318.7154
2025-07-22 10:00:00+00:00,8.209263,322.12494
2025-07-22 11:00:00+00:00,5.0975285,312.1375
2025-07-22 12:00:00+00:00,3.710795,284.03625
2025-07-22 13:00:00+00:00,4.278551,255.37909
2025-07-22 14:00:00+00:00,4.829907,243.43501
2025-07-22 15:00:00+00:00,5.991594,237.26477
2025-07-22 16:00:00+00:00,5.441838,235.78424
2025-07-22 17:00:00+00:00,4.8965297,233.97253
2025-07-22 18:00:00+00:00,5.509882,231.63248
2025-07-22 19:00:00+00:00,5.257109,231.95291
2025-07-22 20:00:00+00:00,5.1481256,233.53067
2025-07-22 21:00:00+00:00,4.3832865,250.82089
2025-07-22 22:00:00+00:00,3.244996,250.55988
2025-07-22 23:00:00+00:00,1.2074767,153.43501
2025-07-23 00:00:00+00:00,2.1897945,189.46225
2025-07-23 01:00:00+00:00,4.613762,200.55612
2025-07-23 02:00:00+00:00,6.502461,228.36655
2025-07-23 03:00:00+00:00,6.8423676,243.43501
2025-07-23 04:00:00+00:00,7.555712,257.61926
2025-07-23 05:00:00+00:00,7.4346757,276.95285
2025-07-23 06:00:00+00:00,7.970972,276.48297
2025-07-23 07:00:00+00:00,8.821836,271.1691
2025-07-23 08:00:00+00:00,9.0,270.0
2025-07-23 09:00:00+00:00,7.9077177,281.82147
2025-07-23 10:00:00+00:00,7.9465466,283.0919
2025-07-23 11:00:00+00:00,8.688613,283.17255
2025-07-23 12:00:00+00:00,8.149847,276.3401
2025-07-23 13:00:00+00:00,6.8541956,256.32867
2025-07-23 14:00:00+00:00,4.4565907,223.36346
2025-07-23 15:00:00+00:00,5.7176566,208.1785
2025-07-23 16:00:00+00:00,5.994297,221.34767
2025-07-23 17:00:00+00:00,6.945761,238.78166
2025-07-23 18:00:00+00:00,6.5049515,255.5792
2025-07-23 19:00:00+00:00,6.519877,276.3401
2025-07-23 20:00:00+00:00,5.4119864,273.814
2025-07-23 21:00:00+00:00,3.964089,267.3975
2025-07-23 22:00:00+00:00,2.3469126,4.398633
2025-07-23 23:00:00+00:00,2.7475805,238.39255
2025-07-24 00:00:00+00:00,6.2483597,258.3664
2025-07-24 01:00:00+00:00,8.171683,277.59454
2025-07-24 02:00:00+00:00,8.766573,289.1791
2025-07-24 03:00:00+00:00,9.83268,293.7495
2025-07-24 04:00:00+00:00,10.223619,296.11386
2025-07-24 05:00:00+00:00,11.1090765,296.98016
2025-07-24 06:00:00+00:00,11.052058,300.32352
2025-07-24 07:00:00+00:00,10.9859,304.9921
2025-07-24 08:00:00+00:00,11.161451,307.794
2025-07-24 09:00:00+00:00,11.556504,307.40543
2025-07-24 10:00:00+00:00,10.587918,324.6887
2025-07-24 11:00:00+00:00,9.835975,325.4374
2025-07-24 12:00:00+00:00,8.404285,313.26434
2025-07-24 13:00:00+00:00,5.1481256,306.46933
2025-07-24 14:00:00+00:00,6.792466,302.00534
2025-07-24 15:00:00+00:00,5.896202,301.26367
2025-07-24 16:00:00+00:00,5.5596404,299.0545
2025-07-24 17:00:00+00:00,5.5567255,294.90472
2025-07-24 18:00:00+00:00,6.452441,300.1413
2025-07-24 19:00:00+00:00,5.796447,306.15826
2025-07-24 20:00:00+00:00,6.015878,308.92755
2025-07-24 21:00:00+00:00,5.994297,311.3477
2025-07-24 22:00:00+00:00,4.3573384,308.2902
2025-07-24 23:00:00+00:00,4.724786,287.74475
2025-07-25 00:00:00+00:00,7.415038,275.5721
2025-07-25 01:00:00+00:00,9.5416975,271.0809
2025-07-25 02:00:00+00:00,10.6261,280.73883
2025-07-25 03:00:00+00:00,11.935778,293.08514
2025-07-25 04:00:00+00:00,13.032298,302.59256
2025-07-25 05:00:00+00:00,13.577776,308.5412
2025-07-25 06:00:00+00:00,13.690654,309.1304
2025-07-25 07:00:00+00:00,13.608762,307.47626
2025-07-25 08:00:00+00:00,13.684735,305.36255
2025-07-25 09:00:00+00:00,13.432632,302.4123
2025-07-25 10:00:00+00:00,11.7,306.86996
2025-07-25 11:00:00+00:00,11.448055,306.68982
2025-07-25 12:00:00+00:00,9.313152,311.08167
2025-07-25 13:00:00+00:00,4.445672,291.3707
2025-07-25 14:00:00+00:00,6.889557,303.2749
2025-07-25 15:00:00+00:00,2.0124612,243.43501
2025-07-25 16:00:00+00:00,2.50064,120.256355
2025-07-25 17:00:00+00:00,6.76618,118.61037
2025-07-25 18:00:00+00:00,9.648067,126.656204
2025-07-25 19:00:00+00:00,9.167638,136.5911
2025-07-25 20:00:00+00:00,8.027678,137.72638
2025-07-25 21:00:00+00:00,7.029225,129.80553
2025-07-25 22:00:00+00:00,3.8856654,76.60749
2025-07-25 23:00:00+00:00,4.0249224,79.69521
2025-07-26 00:00:00+00:00,3.8856654,103.39252
2025-07-26 01:00:00+00:00,3.572898,130.91429
2025-07-26 02:00:00+00:00,2.7534704,191.30989
2025-07-26 03:00:00+00:00,4.412754,258.23172
2025-07-26 04:00:00+00:00,1.781909,224.9999
2025-07-26 05:00:00+00:00,1.8792552,163.30067
2025-07-26 06:00:00+00:00,1.9134263,131.18582
2025-07-26 07:00:00+00:00,2.6758924,132.27362
2025-07-26 08:00:00+00:00,1.4058449,129.80553
2025-07-26 09:00:00+00:00,1.4058449,320.1945
2025-07-26 10:00:00+00:00,3.8773184,111.801476
2025-07-26 11:00:00+00:00,3.3092594,135.0001
2025-07-26 12:00:00+00:00,5.6233797,129.80553
2025-07-26 13:00:00+00:00,4.952453,160.90642
2025-07-26 14:00:00+00:00,5.2478566,185.90605
2025-07-26 15:00:00+00:00,5.2323985,206.56499
2025-07-26 16:00:00+00:00,5.4744864,207.40749
2025-07-26 17:00:00+00:00,5.2478566,210.96368
2025-07-26 18:00:00+00:00,5.318383,203.9625
2025-07-26 19:00:00+00:00,4.503598,182.29056
2025-07-26 20:00:00+00:00,3.9966488,172.23492
2025-07-26 21:00:00+00:00,2.8856194,176.42374
2025-07-26 22:00:00+00:00,3.244996,146.3099
2025-07-26 23:00:00+00:00,4.724786,139.63554
2025-07-27 00:00:00+00:00,5.293959,125.311295
2025-07-27 01:00:00+00:00,7.8954163,133.1524
2025-07-27 02:00:00+00:00,7.562142,128.23387
2025-07-27 03:00:00+00:00,7.889258,124.77791
2025-07-27 04:00:00+00:00,9.693296,111.801476
2025-07-27 05:00:00+00:00,10.360559,97.98924
2025-07-27 06:00:00+00:00,11.173057,92.77016
2025-07-27 07:00:00+00:00,12.81165,94.02819
2025-07-27 08:00:00+00:00,12.825552,94.83033
2025-07-27 09:00:00+00:00,12.431734,92.4895
2025-07-27 10:00:00+00:00,10.310403,73.77974
2025-07-27 11:00:00+00:00,10.484902,78.11137
2025-07-27 12:00:00+00:00,9.208192,85.51548
2025-07-27 13:00:00+00:00,3.9966488,97.76508
2025-07-27 14:00:00+00:00,5.8631387,107.87879
2025-07-27 15:00:00+00:00,4.669604,117.552734
2025-07-27 16:00:00+00:00,5.09435,122.00535
2025-07-27 17:00:00+00:00,5.0975285,137.86247
2025-07-27 18:00:00+00:00,5.634891,153.43501
2025-07-27 19:00:00+00:00,5.414979,158.5522
2025-07-27 20:00:00+00:00,5.1197267,169.8754
2025-07-27 21:00:00+00:00,4.5322843,186.84268
2025-07-27 22:00:00+00:00,3.3092597,112.38018
2025-07-27 23:00:00+00:00,2.907989,68.19853
2025-07-28 00:00:00+00:00,3.3092597,112.38018
2025-07-28 01:00:00+00:00,6.048107,126.528946
2025-07-28 02:00:00+00:00,4.5891175,131.82008
2025-07-28 03:00:00+00:00,5.1481256,143.53067
2025-07-28 04:00:00+00:00,4.913044,151.55717
2025-07-28 05:00:00+00:00,3.9844694,161.56496
2025-07-28 06:00:00+00:00,2.7943513,165.06853
2025-07-28 07:00:00+00:00,1.1525624,218.65984
2025-07-28 08:00:00+00:00,1.08,270.0
2025-07-28 09:00:00+00:00,0.8049845,296.56497
2025-07-28 10:00:00+00:00,2.97953,295.01685
2025-07-28 11:00:00+00:00,3.572898,310.91428
2025-07-28 12:00:00+00:00,6.297428,300.96368
2025-07-28 13:00:00+00:00,2.3400002,292.6199
2025-07-28 14:00:00+00:00,3.693291,133.02507
2025-07-28 15:00:00+00:00,7.4520864,127.14677
2025-07-28 16:00:00+00:00,8.643749,121.372955
2025-07-28 17:00:00+00:00,9.449572,130.36446
2025-07-28 18:00:00+00:00,8.320986,128.85338
2025-07-28 19:00:00+00:00,7.289445,122.90524
2025-07-28 20:00:00+00:00,7.193247,121.701385
2025-07-28 21:00:00+00:00,6.361415,115.11481
2025-07-28 22:00:00+00:00,3.693291,133.02507
2025-07-28 23:00:00+00:00,3.3092594,135.0001
2025-07-29 00:00:00+00:00,3.4763772,111.25058
2025-07-29 01:00:00+00:00,5.6262593,97.35229
2025-07-29 02:00:00+00:00,7.208994,92.86235
2025-07-29 03:00:00+00:00,8.12197,102.80426
2025-07-29 04:00:00+00:00,9.693296,111.801476
2025-07-29 05:00:00+00:00,10.304114,117.01259
2025-07-29 06:00:00+00:00,10.874741,114.44395
2025-07-29 07:00:00+00:00,10.7894945,117.84749
2025-07-29 08:00:00+00:00,9.860649,111.41304
2025-07-29 09:00:00+00:00,11.368535,113.317726
2025-07-29 10:00:00+00:00,8.65873,110.69553
2025-07-29 11:00:00+00:00,8.528657,82.72509
2025-07-29 12:00:00+00:00,6.519877,83.659904
2025-07-29 13:00:00+00:00,5.7628117,91.78987
2025-07-29 14:00:00+00:00,6.162207,83.29026
2025-07-29 15:00:00+00:00,7.1661706,101.59215
2025-07-29 16:00:00+00:00,6.330782,104.82652
2025-07-29 17:00:00+00:00,5.8852015,113.42871
2025-07-29 18:00:00+00:00,3.84796,100.784256
2025-07-29 19:00:00+00:00,4.327493,73.07241
2025-07-29 20:00:00+00:00,6.725354,74.47583
2025-07-29 21:00:00+00:00,6.5520988,69.075424
2025-07-29 22:00:00+00:00,6.3639607,61.26031
2025-07-29 23:00:00+00:00,9.087772,82.03049
2025-07-30 00:00:00+00:00,10.464798,93.945114
2025-07-30 01:00:00+00:00,11.043261,109.025696
2025-07-30 02:00:00+00:00,10.934166,110.22495
2025-07-30 03:00:00+00:00,15.629971,118.92633
2025-07-30 04:00:00+00:00,16.09969,116.56499
2025-07-30 05:00:00+00:00,14.84318,112.833694
2025-07-30 06:00:00+00:00,14.64209,110.88588
2025-07-30 07:00:00+00:00,14.1102085,113.294586
2025-07-30 08:00:00+00:00,10.172787,103.298584
2025-07-30 09:00:00+00:00,11.345713,91.81827
2025-07-30 10:00:00+00:00,10.957847,75.73545
2025-07-30 11:00:00+00:00,8.792405,67.10942
2025-07-30 12:00:00+00:00,9.3962755,110.17074
2025-07-30 13:00:00+00:00,6.269067,129.17365
2025-07-30 14:00:00+00:00,4.198285,120.96369
2025-07-30 15:00:00+00:00,4.514377,85.42616
2025-07-30 16:00:00+00:00,5.6262593,97.35229
2025-07-30 17:00:00+00:00,6.7205353,110.37652
2025-07-30 18:00:00+00:00,5.5916004,123.17853
2025-07-30 19:00:00+00:00,5.09435,122.00535
2025-07-30 20:00:00+00:00,6.452441,112.98875
2025-07-30 21:00:00+00:00,5.937272,104.03627
2025-07-30 22:00:00+00:00,6.5520988,110.924576
2025-07-30 23:00:00+00:00,7.823272,113.02553
2025-07-31 00:00:00+00:00,8.626865,113.35559
2025-07-31 01:00:00+00:00,10.30883,114.775116
2025-07-31 02:00:00+00:00,10.028439,111.03758
2025-07-31 03:00:00+00:00,12.081473,114.65588
2025-07-31 04:00:00+00:00,12.71901,116.9276
2025-07-31 05:00:00+00:00,12.181624,124.159744
2025-07-31 06:00:00+00:00,12.601285,135.57864
2025-07-31 07:00:00+00:00,13.15971,139.9938
2025-07-31 08:00:00+00:00,11.870451,130.69543
2025-07-31 09:00:00+00:00,15.070633,119.32038
2025-07-31 10:00:00+00:00,8.131936,117.69938
2025-07-31 11:00:00+00:00,6.7469993,133.91916
2025-07-31 12:00:00+00:00,6.623413,137.20262
2025-07-31 13:00:00+00:00,6.384293,139.574
2025-07-31 14:00:00+00:00,5.876938,130.0302
2025-07-31 15:00:00+00:00,5.00128,120.256355
2025-07-31 16:00:00+00:00,5.5829024,110.77233
2025-07-31 17:00:00+00:00,5.2478566,112.1664
2025-07-31 18:00:00+00:00,5.5450516,125.753975
2025-07-31 19:00:00+00:00,6.248359,138.50363
2025-07-31 20:00:00+00:00,5.3939967,154.2901
2025-07-31 21:00:00+00:00,4.6730714,164.3577
2025-07-31 22:00:00+00:00,4.6938252,175.60138
2025-07-31 23:00:00+00:00,2.9024127,150.2552
2025-08-01 00:00:00+00:00,5.0911684,171.86998
2025-08-01 01:00:00+00:00,6.2145634,190.00792
2025-08-01 02:00:00+00:00,6.122647,178.31535
2025-08-01 03:00:00+00:00,6.2999997,180.0
2025-08-01 04:00:00+00:00,7.79215,186.63242
2025-08-01 05:00:00+00:00,10.7894945,207.84749
2025-08-01 06:00:00+00:00,12.362475,222.04915
2025-08-01 07:00:00+00:00,13.287122,234.372
2025-08-01 08:00:00+00:00,11.592895,244.23071
2025-08-01 09:00:00+00:00,10.564942,246.92957
2025-08-01 10:00:00+00:00,11.196231,265.38943
2025-08-01 11:00:00+00:00,5.4119864,273.814
2025-08-01 12:00:00+00:00,7.6409945,254.98158
2025-08-01 13:00:00+00:00,5.8048253,277.1249
2025-08-01 14:00:00+00:00,5.1826253,249.67677
2025-08-01 15:00:00+00:00,5.09435,237.99466
2025-08-01 16:00:00+00:00,5.854844,224.9999
2025-08-01 17:00:00+00:00,6.090812,214.15974
2025-08-01 18:00:00+00:00,6.698806,210.69965
2025-08-01 19:00:00+00:00,6.8423676,215.36255
2025-08-01 20:00:00+00:00,8.181589,219.64413
2025-08-01 21:00:00+00:00,9.361731,232.02834
2025-08-01 22:00:00+00:00,7.4520864,232.85323
2025-08-01 23:00:00+00:00,9.016185,243.94656
2025-08-02 00:00:00+00:00,8.863972,246.0375
2025-08-02 01:00:00+00:00,8.792405,247.1094
2025-08-02 02:00:00+00:00,8.766573,250.82089
2025-08-02 03:00:00+00:00,12.324414,263.29025
2025-08-02 04:00:00+00:00,14.58,270.0
2025-08-02 05:00:00+00:00,15.876775,273.90042
2025-08-02 06:00:00+00:00,14.978984,274.13458
2025-08-02 07:00:00+00:00,14.764389,268.60284
2025-08-02 08:00:00+00:00,15.517629,266.00916
2025-08-02 09:00:00+00:00,16.036171,267.4267
2025-08-02 10:00:00+00:00,14.068817,273.66772
2025-08-02 11:00:00+00:00,13.627795,282.20044
2025-08-02 12:00:00+00:00,9.621163,287.41806
2025-08-02 13:00:00+00:00,6.542201,277.90707
2025-08-02 14:00:00+00:00,6.6697226,266.906
2025-08-02 15:00:00+00:00,7.293888,254.24875
2025-08-02 16:00:00+00:00,7.3469996,239.03632
2025-08-02 17:00:00+00:00,9.7880945,237.77127
2025-08-02 18:00:00+00:00,10.495713,247.8336
2025-08-02 19:00:00+00:00,8.863972,246.0375
2025-08-02 20:00:00+00:00,9.085988,236.3099
2025-08-02 21:00:00+00:00,8.643749,238.62704
2025-08-02 22:00:00+00:00,10.787993,244.2901
2025-08-02 23:00:00+00:00,11.734564,249.341
2025-08-03 00:00:00+00:00,9.761578,247.21756
2025-08-03 01:00:00+00:00,9.526405,247.79646
2025-08-03 02:00:00+00:00,10.03167,260.70676
2025-08-03 03:00:00+00:00,10.98,270.0
2025-08-03 04:00:00+00:00,14.411245,279.3446
2025-08-03 05:00:00+00:00,14.897651,281.85297
2025-08-03 06:00:00+00:00,15.8502245,285.14102
2025-08-03 07:00:00+00:00,16.454994,289.82254
2025-08-03 08:00:00+00:00,15.716793,290.0953
2025-08-03 09:00:00+00:00,14.118243,289.35907
2025-08-03 10:00:00+00:00,15.427586,277.37366
2025-08-03 11:00:00+00:00,9.926147,274.15958
2025-08-03 12:00:00+00:00,9.499157,260.18076
2025-08-03 13:00:00+00:00,6.489992,250.55988
2025-08-03 14:00:00+00:00,5.7402787,228.81418
2025-08-03 15:00:00+00:00,4.991553,205.64096
2025-08-03 16:00:00+00:00,4.143911,182.4895
2025-08-03 17:00:00+00:00,3.4949677,191.88864
2025-08-03 18:00:00+00:00,4.4565907,223.36346
2025-08-03 19:00:00+00:00,6.269067,230.82635
2025-08-03 20:00:00+00:00,7.289445,237.09476
2025-08-03 21:00:00+00:00,7.6473517,243.43501
2025-08-03 22:00:00+00:00,9.6480665,261.41647
2025-08-03 23:00:00+00:00,9.224011,275.59924
2025-08-04 00:00:00+00:00,8.649369,282.01144
2025-08-04 01:00:00+00:00,7.8625183,285.94547
2025-08-04 02:00:00+00:00,8.260411,281.3099
2025-08-04 03:00:00+00:00,6.9480934,286.55716
2025-08-04 04:00:00+00:00,6.439876,296.56497
2025-08-04 05:00:00+00:00,8.0899935,302.27563
2025-08-04 06:00:00+00:00,10.383987,303.6901
2025-08-04 07:00:00+00:00,8.891344,291.3707
2025-08-04 08:00:00+00:00,8.131936,275.0795
2025-08-04 09:00:00+00:00,9.0018,258.4654
2025-08-04 10:00:00+00:00,9.9,270.0
2025-08-04 11:00:00+00:00,8.133928,245.13632
2025-08-04 12:00:00+00:00,5.7964473,205.76927
2025-08-04 13:00:00+00:00,5.8048253,187.12492
2025-08-04 14:00:00+00:00,4.724786,220.36446
2025-08-04 15:00:00+00:00,4.471107,229.89915
2025-08-04 16:00:00+00:00,4.1046314,217.87505
2025-08-04 17:00:00+00:00,3.644722,200.22495
2025-08-04 18:00:00+00:00,3.8856654,193.39252
2025-08-04 19:00:00+00:00,3.9312592,164.05453
2025-08-04 20:00:00+00:00,3.1845248,137.29063
2025-08-04 21:00:00+00:00,4.0249224,153.43501
2025-08-04 22:00:00+00:00,7.120815,249.27435
2025-08-04 23:00:00+00:00,7.613382,263.21112
2025-08-05 00:00:00+00:00,7.7734165,264.68555
2025-08-05 01:00:00+00:00,8.297589,266.26868
2025-08-05 02:00:00+00:00,8.28,270.0
2025-08-05 03:00:00+00:00,9.734988,273.17978
2025-08-05 04:00:00+00:00,9.906544,272.08252
2025-08-05 05:00:00+00:00,10.2742,273.01273
2025-08-05 06:00:00+00:00,11.588701,276.24182
2025-08-05 07:00:00+00:00,10.801499,270.9548
2025-08-05 08:00:00+00:00,8.297589,257.4712
2025-08-05 09:00:00+00:00,9.224011,252.97939
2025-08-05 10:00:00+00:00,7.342588,258.6901
2025-08-05 11:00:00+00:00,6.8423676,268.49258
2025-08-05 12:00:00+00:00,5.1575575,240.75127
2025-08-05 13:00:00+00:00,5.297018,170.21767
2025-08-05 14:00:00+00:00,4.327493,196.9276
2025-08-05 15:00:00+00:00,3.693291,226.97493
2025-08-05 16:00:00+00:00,5.8298883,171.11942
2025-08-05 17:00:00+00:00,8.149847,173.6599
2025-08-05 18:00:00+00:00,7.415038,185.5721
2025-08-05 19:00:00+00:00,6.889557,199.8553
2025-08-05 20:00:00+00:00,6.279395,207.29948
2025-08-05 21:00:00+00:00,5.2478566,210.96368
2025-08-05 22:00:00+00:00,7.8954163,223.1524
2025-08-05 23:00:00+00:00,6.502461,228.36655
2025-08-06 00:00:00+00:00,6.544677,238.49579
2025-08-06 01:00:00+00:00,7.3447943,252.89719
2025-08-06 02:00:00+00:00,8.11798,273.814
2025-08-06 03:00:00+00:00,7.9932976,277.76508
2025-08-06 04:00:00+00:00,9.555271,273.23962
2025-08-06 05:00:00+00:00,11.159999,270.0
2025-08-06 06:00:00+00:00,9.979859,262.7469
2025-08-06 07:00:00+00:00,9.499157,260.18076
2025-08-06 08:00:00+00:00,9.243311,263.29025
2025-08-06 09:00:00+00:00,9.0645685,263.15732
2025-08-06 10:00:00+00:00,8.790563,280.6196
2025-08-06 11:00:00+00:00,6.439876,243.43501
2025-08-06 12:00:00+00:00,5.9644947,264.80566
2025-08-06 13:00:00+00:00,3.4949677,281.88864
2025-08-06 14:00:00+00:00,6.689125,293.80594
2025-08-06 15:00:00+00:00,5.7515564,290.13638
2025-08-06 16:00:00+00:00,5.2478566,275.90604
2025-08-06 17:00:00+00:00,5.3305535,258.31067
2025-08-06 18:00:00+00:00,4.599695,239.42085
2025-08-06 19:00:00+00:00,5.1165614,230.71062
2025-08-06 20:00:00+00:00,6.9247384,242.10283
2025-08-06 21:00:00+00:00,7.8625183,254.05453
2025-08-06 22:00:00+00:00,7.3821945,268.60284
2025-08-06 23:00:00+00:00,7.7588143,273.9908
2025-08-07 00:00:00+00:00,9.243311,276.70975
2025-08-07 01:00:00+00:00,11.5115595,279.9041
2025-08-07 02:00:00+00:00,12.661564,284.8265
2025-08-07 03:00:00+00:00,14.747921,289.9832
2025-08-07 04:00:00+00:00,15.547875,290.3232
2025-08-07 05:00:00+00:00,15.602999,286.76263
2025-08-07 06:00:00+00:00,15.677576,282.60016
2025-08-07 07:00:00+00:00,15.779544,281.1817
2025-08-07 08:00:00+00:00,16.572712,278.74606
2025-08-07 09:00:00+00:00,17.750774,276.40427
2025-08-07 10:00:00+00:00,17.462782,284.32275
2025-08-07 11:00:00+00:00,15.24909,277.46048
2025-08-07 12:00:00+00:00,13.154786,286.6993
2025-08-07 13:00:00+00:00,10.062305,280.30478
2025-08-07 14:00:00+00:00,10.120098,275.10208
2025-08-07 15:00:00+00:00,9.734988,266.82022
2025-08-07 16:00:00+00:00,9.47012,261.2539
2025-08-07 17:00:00+00:00,9.354806,258.9063
2025-08-07 18:00:00+00:00,8.863972,257.0926
2025-08-07 19:00:00+00:00,9.215226,257.5926
2025-08-07 20:00:00+00:00,10.742848,261.3269
2025-08-07 21:00:00+00:00,11.701385,269.11862
2025-08-07 22:00:00+00:00,16.299694,276.3401
2025-08-07 23:00:00+00:00,14.848635,276.2634
2025-08-08 00:00:00+00:00,14.799459,274.18484
2025-08-08 01:00:00+00:00,15.124284,271.3639
2025-08-08 02:00:00+00:00,14.94,270.0
2025-08-08 03:00:00+00:00,15.506141,273.32733
2025-08-08 04:00:00+00:00,14.713831,277.73352
2025-08-08 05:00:00+00:00,14.264361,280.17545
2025-08-08 06:00:00+00:00,13.358861,284.03625
2025-08-08 07:00:00+00:00,12.049249,283.82867
2025-08-08 08:00:00+00:00,10.694485,276.76608
2025-08-08 09:00:00+00:00,9.555271,273.23962
2025-08-08 10:00:00+00:00,7.0107627,299.1974
2025-08-08 11:00:00+00:00,4.978554,310.60123
2025-08-08 12:00:00+00:00,2.9024127,7.12493
2025-08-08 13:00:00+00:00,1.2727921,44.999897
2025-08-08 14:00:00+00:00,3.9477081,65.77226
2025-08-08 15:00:00+00:00,4.5322843,83.15732
2025-08-08 16:00:00+00:00,6.4624763,102.87501
2025-08-08 17:00:00+00:00,6.3639607,118.7397
2025-08-08 18:00:00+00:00,5.48631,131.00899
2025-08-08 19:00:00+00:00,4.3573384,141.7098
2025-08-08 20:00:00+00:00,3.8183763,135.0001
2025-08-08 21:00:00+00:00,2.9301877,137.4896
2025-08-08 22:00:00+00:00,3.1072817,190.00792
2025-08-08 23:00:00+00:00,1.8089776,174.2895
2025-08-09 00:00:00+00:00,2.6208394,74.054535
2025-08-09 01:00:00+00:00,3.0758414,69.44387
2025-08-09 02:00:00+00:00,4.1125174,66.80139
2025-08-09 03:00:00+00:00,3.710795,67.16631
2025-08-09 04:00:00+00:00,3.1072817,349.99207
2025-08-09 05:00:00+00:00,7.0591216,340.6409
2025-08-09 06:00:00+00:00,8.383054,345.06854
2025-08-09 07:00:00+00:00,11.364259,330.5929
2025-08-09 08:00:00+00:00,11.052058,322.9434
2025-08-09 09:00:00+00:00,12.652604,309.8055
2025-08-09 10:00:00+00:00,12.492829,323.79044
2025-08-09 11:00:00+00:00,12.984975,313.87677
2025-08-09 12:00:00+00:00,13.125196,312.22076
2025-08-09 13:00:00+00:00,9.67657,313.4926
2025-08-09 14:00:00+00:00,6.9480934,323.42688
2025-08-09 15:00:00+00:00,5.3939967,334.2901
2025-08-09 16:00:00+00:00,5.004518,307.6943
2025-08-09 17:00:00+00:00,5.12289,288.43503
2025-08-09 18:00:00+00:00,4.353619,277.1249
2025-08-09 19:00:00+00:00,3.462369,278.97253
2025-08-09 20:00:00+00:00,3.244996,273.17978
2025-08-09 21:00:00+00:00,1.8792552,286.6993
2025-08-09 22:00:00+00:00,5.7628117,268.2101
2025-08-09 23:00:00+00:00,4.6834598,267.79745
2025-08-10 00:00:00+00:00,2.7416782,293.1986
2025-08-10 01:00:00+00:00,3.494968,325.4914
2025-08-10 02:00:00+00:00,3.572898,310.91428
2025-08-10 03:00:00+00:00,2.7238941,277.59454
2025-08-10 04:00:00+00:00,3.9763298,275.19434
2025-08-10 05:00:00+00:00,6.66,288.92474
2025-08-10 06:00:00+00:00,7.973005,298.30066
2025-08-10 07:00:00+00:00,8.863972,282.9074
2025-08-10 08:00:00+00:00,10.98,280.3888
2025-08-10 09:00:00+00:00,12.9249525,282.875
2025-08-10 10:00:00+00:00,9.659814,296.56497
2025-08-10 11:00:00+00:00,10.1456785,295.20108
2025-08-10 12:00:00+00:00,8.39078,292.71445
2025-08-10 13:00:00+00:00,4.5322843,276.84268
2025-08-10 14:00:00+00:00,5.3305535,258.31067
2025-08-10 15:00:00+00:00,4.846648,238.67136
2025-08-10 16:00:00+00:00,6.7757506,230.38934
2025-08-10 17:00:00+00:00,7.596341,233.67308
2025-08-10 18:00:00+00:00,7.0934615,234.29321
2025-08-10 19:00:00+00:00,5.6233797,230.19447
2025-08-10 20:00:00+00:00,6.1094027,224.9999
2025-08-10 21:00:00+00:00,6.114703,222.61401
2025-08-10 22:00:00+00:00,9.9408245,238.32457
2025-08-10 23:00:00+00:00,9.109138,240.39565
2025-08-11 00:00:00+00:00,8.29173,242.87877
2025-08-11 01:00:00+00:00,9.526405,247.79646
2025-08-11 02:00:00+00:00,11.481968,256.39944
2025-08-11 03:00:00+00:00,11.788281,262.98358
2025-08-11 04:00:00+00:00,11.767651,276.1465
2025-08-11 05:00:00+00:00,12.0694,287.3541
2025-08-11 06:00:00+00:00,11.368535,293.31772
2025-08-11 07:00:00+00:00,9.659814,296.56497
2025-08-11 08:00:00+00:00,9.835975,304.5626
2025-08-11 09:00:00+00:00,9.085988,303.6901
2025-08-11 10:00:00+00:00,6.502461,318.36655
2025-08-11 11:00:00+00:00,3.9966483,305.83774
2025-08-11 12:00:00+00:00,2.7475805,301.60745
2025-08-11 13:00:00+00:00,4.514377,336.5014
2025-08-11 14:00:00+00:00,3.6179552,354.2895
2025-08-11 15:00:00+00:00,1.9134263,48.814175
2025-08-11 16:00:00+00:00,3.7971036,95.44024
2025-08-11 17:00:00+00:00,4.186693,115.46331
2025-08-11 18:00:00+00:00,4.2481523,126.384445
2025-08-11 19:00:00+00:00,3.8856654,103.39252
2025-08-11 20:00:00+00:00,3.4247334,86.98728
2025-08-11 21:00:00+00:00,3.9518096,59.93151
2025-08-11 22:00:00+00:00,5.5596404,29.054508
2025-08-11 23:00:00+00:00,4.7928696,34.286938
2025-08-12 00:00:00+00:00,4.4565907,46.636536
2025-08-12 01:00:00+00:00,2.4014995,77.00539
2025-08-12 02:00:00+00:00,2.3469129,212.47118
2025-08-12 03:00:00+00:00,3.644722,249.77505
2025-08-12 04:00:00+00:00,5.154415,294.77512
2025-08-12 05:00:00+00:00,8.29173,297.12122
2025-08-12 06:00:00+00:00,10.6261,296.13095
2025-08-12 07:00:00+00:00,11.755254,295.38788
2025-08-12 08:00:00+00:00,13.125196,295.15927
2025-08-12 09:00:00+00:00,13.451914,294.5074
2025-08-12 10:00:00+00:00,11.364259,299.4071
2025-08-12 11:00:00+00:00,11.679212,298.5399
2025-08-12 12:00:00+00:00,11.090103,305.75397
2025-08-12 13:00:00+00:00,7.256032,313.995
2025-08-12 14:00:00+00:00,5.0975285,312.1375
2025-08-12 15:00:00+00:00,4.379589,260.53775
2025-08-12 16:00:00+00:00,5.00128,239.74365
2025-08-12 17:00:00+00:00,5.7402787,228.81418
2025-08-12 18:00:00+00:00,5.509882,231.63248
2025-08-12 19:00:00+00:00,4.7928696,235.71307
2025-08-12 20:00:00+00:00,4.7521367,245.37645
2025-08-12 21:00:00+00:00,4.7827187,250.20103
2025-08-12 22:00:00+00:00,4.3498964,245.55606
2025-08-12 23:00:00+00:00,4.7657523,259.1145
2025-08-13 00:00:00+00:00,5.0688457,276.11542
2025-08-13 01:00:00+00:00,7.2202215,274.28906
2025-08-13 02:00:00+00:00,9.0,270.0
2025-08-13 03:00:00+00:00,9.746631,274.23633
2025-08-13 04:00:00+00:00,10.873252,276.65433
2025-08-13 05:00:00+00:00,11.052058,276.5462
2025-08-13 06:00:00+00:00,10.8955765,277.59454
2025-08-13 07:00:00+00:00,9.54679,272.16104
2025-08-13 08:00:00+00:00,8.099999,270.0
2025-08-13 09:00:00+00:00,8.641874,271.19345
2025-08-13 10:00:00+00:00,9.354806,281.0937
2025-08-13 11:00:00+00:00,9.430694,283.24054
2025-08-13 12:00:00+00:00,6.8399997,270.0
2025-08-13 13:00:00+00:00,3.964089,272.6025
2025-08-13 14:00:00+00:00,3.6,270.0
2025-08-13 15:00:00+00:00,3.0547013,224.9999
2025-08-13 16:00:00+00:00,3.319036,167.4712
2025-08-13 17:00:00+00:00,5.1826253,159.67677
2025-08-13 18:00:00+00:00,7.2044983,167.00539
2025-08-13 19:00:00+00:00,7.613382,173.21112
2025-08-13 20:00:00+00:00,7.029225,177.06439
2025-08-13 21:00:00+00:00,8.461914,181.21884
2025-08-13 22:00:00+00:00,5.6835546,100.95402
2025-08-13 23:00:00+00:00,10.261579,111.61484
2025-08-14 00:00:00+00:00,10.234705,113.86018
2025-08-14 01:00:00+00:00,10.742848,121.292984
2025-08-14 02:00:00+00:00,9.526405,112.20353
2025-08-14 03:00:00+00:00,9.499158,117.05052
2025-08-14 04:00:00+00:00,8.338489,122.660904
2025-08-14 05:00:00+00:00,7.256032,136.00499
2025-08-14 06:00:00+00:00,5.414979,158.5522
2025-08-14 07:00:00+00:00,4.6102495,141.34016
2025-08-14 08:00:00+00:00,7.2,126.86999
2025-08-14 09:00:00+00:00,8.461915,128.08882
2025-08-14 10:00:00+00:00,5.0816135,112.93214
2025-08-14 11:00:00+00:00,5.771239,86.423744
2025-08-14 12:00:00+00:00,8.0599,66.29735
2025-08-14 13:00:00+00:00,8.93859,64.98315
2025-08-14 14:00:00+00:00,7.1208143,73.85559
2025-08-14 15:00:00+00:00,4.503598,87.70944
2025-08-14 16:00:00+00:00,5.5799994,90.0
2025-08-14 17:00:00+00:00,4.323748,92.385895
2025-08-14 18:00:00+00:00,5.5829024,88.15243
2025-08-14 19:00:00+00:00,6.1437774,95.04236
2025-08-14 20:00:00+00:00,7.0223074,91.46877
2025-08-14 21:00:00+00:00,7.5685663,87.27374
2025-08-14 22:00:00+00:00,5.04,90.0
2025-08-14 23:00:00+00:00,4.412754,78.231735
2025-08-15 00:00:00+00:00,5.4833565,66.801384
2025-08-15 01:00:00+00:00,5.1197267,79.87539
2025-08-15 02:00:00+00:00,5.12289,71.564964
2025-08-15 03:00:00+00:00,6.2483597,78.366394
2025-08-15 04:00:00+00:00,6.391901,99.72751
2025-08-15 05:00:00+00:00,6.2405767,123.23173
2025-08-15 06:00:00+00:00,5.0432134,124.82456
2025-08-15 07:00:00+00:00,4.3536186,119.74479
2025-08-15 08:00:00+00:00,4.510787,118.61037
2025-08-15 09:00:00+00:00,4.599695,120.57915
2025-08-15 10:00:00+00:00,3.462369,188.97255
2025-08-15 11:00:00+00:00,1.1525624,231.34016
2025-08-15 12:00:00+00:00,1.9386592,21.801476
2025-08-15 13:00:00+00:00,2.1674871,48.366554
2025-08-15 14:00:00+00:00,4.1125174,66.80139
2025-08-15 15:00:00+00:00,4.5891175,101.3099
2025-08-15 16:00:00+00:00,6.050785,112.751015
2025-08-15 17:00:00+00:00,7.1321807,132.95459
2025-08-15 18:00:00+00:00,7.491114,144.78232
2025-08-15 19:00:00+00:00,5.8409934,146.3099
2025-08-15 20:00:00+00:00,5.22,136.39711
2025-08-15 21:00:00+00:00,5.48631,131.00899
2025-08-15 22:00:00+00:00,3.143565,103.24053
2025-08-15 23:00:00+00:00,5.8603754,100.619606
2025-08-16 00:00:00+00:00,6.6624317,91.54813
2025-08-16 01:00:00+00:00,7.5942073,95.44024
2025-08-16 02:00:00+00:00,6.778141,100.71308
2025-08-16 03:00:00+00:00,7.4520864,127.14677
2025-08-16 04:00:00+00:00,8.274128,135.88132
2025-08-16 05:00:00+00:00,7.6409945,136.90913
2025-08-16 06:00:00+00:00,7.256032,136.00499
2025-08-16 07:00:00+00:00,6.248359,131.49637
2025-08-16 08:00:00+00:00,5.95906,115.01687
2025-08-16 09:00:00+00:00,5.8852015,113.42871
2025-08-16 10:00:00+00:00,4.7657523,100.88548
2025-08-16 11:00:00+00:00,3.4576871,51.34017
2025-08-16 12:00:00+00:00,8.225035,66.80139
2025-08-16 13:00:00+00:00,8.936778,62.402794
2025-08-16 14:00:00+00:00,4.7110505,83.41815
2025-08-16 15:00:00+00:00,4.0449963,110.854546
2025-08-16 16:00:00+00:00,6.0077944,98.61557
2025-08-16 17:00:00+00:00,7.1208143,106.14441
2025-08-16 18:00:00+00:00,6.763786,115.20109
2025-08-16 19:00:00+00:00,6.5520988,110.924576
2025-08-16 20:00:00+00:00,6.5049515,104.420815
2025-08-16 21:00:00+00:00,7.072878,104.743614
2025-08-16 22:00:00+00:00,7.5942082,121.42952
2025-08-16 23:00:00+00:00,8.431228,106.11349
2025-08-17 00:00:00+00:00,9.56713,101.94416
2025-08-17 01:00:00+00:00,9.867218,104.79681
2025-08-17 02:00:00+00:00,10.429132,111.25058
2025-08-17 03:00:00+00:00,11.177405,104.93147
2025-08-17 04:00:00+00:00,11.745604,105.10115
2025-08-17 05:00:00+00:00,12.673074,101.4695
2025-08-17 06:00:00+00:00,12.638512,100.66973
2025-08-17 07:00:00+00:00,11.767651,96.14653
2025-08-17 08:00:00+00:00,9.444426,97.66672
2025-08-17 09:00:00+00:00,8.821836,88.830894
2025-08-17 10:00:00+00:00,7.040739,94.39862
2025-08-17 11:00:00+00:00,10.158444,82.875084
2025-08-17 12:00:00+00:00,10.094454,86.933586
2025-08-17 13:00:00+00:00,8.32877,96.203354
2025-08-17 14:00:00+00:00,7.029225,92.935616
2025-08-17 15:00:00+00:00,6.8989563,74.875946
2025-08-17 16:00:00+00:00,6.945761,58.781662
2025-08-17 17:00:00+00:00,7.289445,57.094753
2025-08-17 18:00:00+00:00,8.731391,75.677246
2025-08-17 19:00:00+00:00,10.086427,92.045364
2025-08-17 20:00:00+00:00,10.158444,97.12492
2025-08-17 21:00:00+00:00,9.885262,100.491425
2025-08-17 22:00:00+00:00,8.649369,102.01146
2025-08-17 23:00:00+00:00,9.178235,101.3099
2025-08-18 00:00:00+00:00,10.158444,97.12492
2025-08-18 01:00:00+00:00,10.920824,98.530685
2025-08-18 02:00:00+00:00,11.701385,89.11862
2025-08-18 03:00:00+00:00,14.230248,92.1747
2025-08-18 04:00:00+00:00,13.709573,93.76396
2025-08-18 05:00:00+00:00,13.5,90.0
2025-08-18 06:00:00+00:00,14.77755,87.20736
2025-08-18 07:00:00+00:00,16.029097,88.06946
2025-08-18 08:00:00+00:00,15.385525,83.956
2025-08-18 09:00:00+00:00,15.710607,85.399994
2025-08-18 10:00:00+00:00,14.761098,89.30132
2025-08-18 11:00:00+00:00,13.681183,89.24617
2025-08-18 12:00:00+00:00,11.304229,80.83774
2025-08-18 13:00:00+00:00,8.613709,79.159744
2025-08-18 14:00:00+00:00,7.754637,68.19853
2025-08-18 15:00:00+00:00,8.0599,66.29735
2025-08-18 16:00:00+00:00,8.2584505,73.53991
2025-08-18 17:00:00+00:00,7.731622,77.90526
2025-08-18 18:00:00+00:00,8.641874,91.19346
2025-08-18 19:00:00+00:00,8.936778,99.27253
2025-08-18 20:00:00+00:00,8.083983,101.560104
2025-08-18 21:00:00+00:00,7.342588,101.3099
2025-08-18 22:00:00+00:00,6.130579,86.63361
2025-08-18 23:00:00+00:00,7.8728137,79.46087
2025-08-19 00:00:00+00:00,8.513448,76.55138
2025-08-19 01:00:00+00:00,9.708326,79.31514
2025-08-19 02:00:00+00:00,8.669949,85.23644
2025-08-19 03:00:00+00:00,9.181765,91.12328
2025-08-19 04:00:00+00:00,11.103243,106.96623
2025-08-19 05:00:00+00:00,11.132385,112.833694
2025-08-19 06:00:00+00:00,10.897063,112.328705
2025-08-19 07:00:00+00:00,10.662626,111.801476
2025-08-19 08:00:00+00:00,10.534229,109.98319
2025-08-19 09:00:00+00:00,10.759423,107.52566
2025-08-19 10:00:00+00:00,9.354806,101.09368
2025-08-19 11:00:00+00:00,8.528657,97.27491
2025-08-19 12:00:00+00:00,7.653705,41.185837
2025-08-19 13:00:00+00:00,8.536252,42.436188
2025-08-19 14:00:00+00:00,8.3520775,52.883057
2025-08-19 15:00:00+00:00,8.643749,58.627052
2025-08-19 16:00:00+00:00,8.880405,72.299484
2025-08-19 17:00:00+00:00,10.08,90.0
2025-08-19 18:00:00+00:00,11.543881,100.78425
2025-08-19 19:00:00+00:00,11.525623,104.47034
2025-08-19 20:00:00+00:00,10.706595,106.60706
2025-08-19 21:00:00+00:00,9.56713,101.94416
2025-08-19 22:00:00+00:00,9.36173,88.89832
2025-08-19 23:00:00+00:00,10.837435,85.23644
2025-08-20 00:00:00+00:00,11.712455,87.35751
2025-08-20 01:00:00+00:00,13.004921,94.76356
2025-08-20 02:00:00+00:00,12.182955,102.80426
2025-08-20 03:00:00+00:00,12.979984,109.440125
2025-08-20 04:00:00+00:00,14.372974,112.067955
2025-08-20 05:00:00+00:00,14.348156,109.79897
2025-08-20 06:00:00+00:00,14.401124,108.20858
2025-08-20 07:00:00+00:00,14.915039,107.56036
2025-08-20 08:00:00+00:00,14.6254835,103.523186
2025-08-20 09:00:00+00:00,15.073858,101.71245
2025-08-20 10:00:00+00:00,12.6462,94.89901
2025-08-20 11:00:00+00:00,12.78,90.0
2025-08-20 12:00:00+00:00,8.792405,67.10942
2025-08-20 13:00:00+00:00,8.217153,61.189304
2025-08-20 14:00:00+00:00,7.9383874,86.09958
2025-08-20 15:00:00+00:00,7.7983837,108.85326
2025-08-20 16:00:00+00:00,8.29173,117.12123
2025-08-20 17:00:00+00:00,8.587338,123.02387
2025-08-20 18:00:00+00:00,8.37532,118.21727
2025-08-20 19:00:00+00:00,7.247096,104.38144
2025-08-20 20:00:00+00:00,6.698806,83.829926
2025-08-20 21:00:00+00:00,8.777653,74.53873
2025-08-20 22:00:00+00:00,7.628263,70.70986
2025-08-20 23:00:00+00:00,9.354806,59.981724
2025-08-21 00:00:00+00:00,11.043261,70.974304
2025-08-21 01:00:00+00:00,11.989945,82.234924
2025-08-21 02:00:00+00:00,12.620554,86.729576
2025-08-21 03:00:00+00:00,14.685176,101.3099
2025-08-21 04:00:00+00:00,13.948548,109.60418
2025-08-21 05:00:00+00:00,13.83192,108.19926
2025-08-21 06:00:00+00:00,14.917212,109.74693
2025-08-21 07:00:00+00:00,15.079229,113.198616
2025-08-21 08:00:00+00:00,14.584443,114.03429
2025-08-21 09:00:00+00:00,12.267763,112.42591
2025-08-21 10:00:00+00:00,6.4624763,102.87501
2025-08-21 11:00:00+00:00,7.247096,104.38144
2025-08-21 12:00:00+00:00,5.6521144,80.83774
2025-08-21 13:00:00+00:00,2.36753,81.25392
2025-08-21 14:00:00+00:00,3.6402748,98.530685
2025-08-21 15:00:00+00:00,3.9477081,136.8476
2025-08-21 16:00:00+00:00,3.62243,153.43501
2025-08-21 17:00:00+00:00,3.3481934,143.74608
2025-08-21 18:00:00+00:00,3.572898,130.91429
2025-08-21 19:00:00+00:00,2.907989,111.801476
2025-08-21 20:00:00+00:00,3.0652895,93.366394
2025-08-21 21:00:00+00:00,7.562142,128.23387
2025-08-21 22:00:00+00:00,1.2074767,116.56499
2025-08-21 23:00:00+00:00,2.5071096,338.9624
2025-08-22 00:00:00+00:00,3.143565,66.37061
2025-08-22 01:00:00+00:00,7.0407386,122.471176
2025-08-22 02:00:00+00:00,9.9408245,132.06425
2025-08-22 03:00:00+00:00,10.656547,127.45065
2025-08-22 04:00:00+00:00,10.261579,127.875046
2025-08-22 05:00:00+00:00,9.257321,116.56499
2025-08-22 06:00:00+00:00,9.459852,111.19412
2025-08-22 07:00:00+00:00,8.338489,122.660904
2025-08-22 08:00:00+00:00,8.181589,129.64413
2025-08-22 09:00:00+00:00,6.3690495,132.70937
2025-08-22 10:00:00+00:00,8.688613,140.04251
2025-08-22 11:00:00+00:00,7.001514,133.95847
2025-08-22 12:00:00+00:00,5.495161,121.60746
2025-08-22 13:00:00+00:00,3.8647635,117.75845
2025-08-22 14:00:00+00:00,4.186693,115.46331
2025-08-22 15:00:00+00:00,5.5450516,103.13403
2025-08-22 16:00:00+00:00,6.8541956,113.198616
2025-08-22 17:00:00+00:00,5.7628117,104.47034
2025-08-22 18:00:00+00:00,3.964089,87.3975
2025-08-22 19:00:00+00:00,3.9477081,65.77226
2025-08-22 20:00:00+00:00,3.572898,40.9143
2025-08-22 21:00:00+00:00,5.1165614,50.710617
2025-08-22 22:00:00+00:00,3.096837,35.537766
2025-08-22 23:00:00+00:00,3.3043609,60.64234
2025-08-23 00:00:00+00:00,4.327493,106.9276
2025-08-23 01:00:00+00:00,3.9966488,82.234924
2025-08-23 02:00:00+00:00,4.9785542,77.4712
2025-08-23 03:00:00+00:00,7.3821945,91.39715
2025-08-23 04:00:00+00:00,8.28,90.0
2025-08-23 05:00:00+00:00,8.707238,82.875084
2025-08-23 06:00:00+00:00,9.255571,76.50425
2025-08-23 07:00:00+00:00,10.484902,78.11137
2025-08-23 08:00:00+00:00,12.7546215,81.06949
2025-08-23 09:00:00+00:00,12.785069,88.3865
2025-08-23 10:00:00+00:00,6.330782,104.82652
2025-08-23 11:00:00+00:00,2.9024127,60.255207
2025-08-23 12:00:00+00:00,9.028754,85.42616
2025-08-23 13:00:00+00:00,7.486788,99.68872
2025-08-23 14:00:00+00:00,5.2939587,107.818985
2025-08-23 15:00:00+00:00,5.5916004,93.691315
2025-08-23 16:00:00+00:00,3.9477081,65.77226
2025-08-23 17:00:00+00:00,2.0124612,63.435013
2025-08-23 18:00:00+00:00,1.3708391,336.8014
2025-08-23 19:00:00+00:00,2.5772076,24.775122
2025-08-23 20:00:00+00:00,3.572898,49.085716
2025-08-23 21:00:00+00:00,4.5536795,71.564964
2025-08-23 22:00:00+00:00,8.281956,91.24534
2025-08-23 23:00:00+00:00,4.942631,123.11135
2025-08-24 00:00:00+00:00,5.3426957,122.61923
2025-08-24 01:00:00+00:00,8.305396,119.89881
2025-08-24 02:00:00+00:00,8.37532,118.21727
2025-08-24 03:00:00+00:00,7.995323,121.18491
2025-08-24 04:00:00+00:00,9.178235,115.55992
2025-08-24 05:00:00+00:00,12.801531,117.64589
2025-08-24 06:00:00+00:00,15.22783,118.98872
2025-08-24 07:00:00+00:00,17.727943,113.962494
2025-08-24 08:00:00+00:00,18.837322,116.0753
2025-08-24 09:00:00+00:00,10.837435,131.63345
2025-08-24 10:00:00+00:00,11.7,120.51016
2025-08-24 11:00:00+00:00,10.348043,130.06073
2025-08-24 12:00:00+00:00,6.156947,127.875046
2025-08-24 13:00:00+00:00,4.8466477,105.06854
2025-08-24 14:00:00+00:00,6.5024605,94.76356
2025-08-24 15:00:00+00:00,6.8423676,88.4926
2025-08-24 16:00:00+00:00,7.486788,80.31129
2025-08-24 17:00:00+00:00,7.6409945,74.98159
2025-08-24 18:00:00+00:00,8.613709,79.159744
2025-08-24 19:00:00+00:00,9.224011,84.40076
2025-08-24 20:00:00+00:00,10.449306,100.92277
2025-08-24 21:00:00+00:00,12.979984,109.440125
2025-08-24 22:00:00+00:00,9.5196,105.3502
2025-08-24 23:00:00+00:00,9.36,90.0
2025-08-25 00:00:00+00:00,11.609651,97.12492
2025-08-25 01:00:00+00:00,13.441071,110.37652
2025-08-25 02:00:00+00:00,16.685717,110.19443
2025-08-25 03:00:00+00:00,17.046865,111.68913
2025-08-25 04:00:00+00:00,18.083506,112.22508
2025-08-25 05:00:00+00:00,19.361507,106.75035
2025-08-25 06:00:00+00:00,20.634155,113.658005
2025-08-25 07:00:00+00:00,17.47484,108.62168
2025-08-25 08:00:00+00:00,16.87878,97.35229
2025-08-25 09:00:00+00:00,17.046865,111.68913
2025-08-25 10:00:00+00:00,14.378608,124.286934
2025-08-25 11:00:00+00:00,19.130875,109.798965
2025-08-25 12:00:00+00:00,18.123774,105.554634
2025-08-25 13:00:00+00:00,16.167967,101.560104
2025-08-25 14:00:00+00:00,15.426535,101.44101
2025-08-25 15:00:00+00:00,16.794106,109.40607
2025-08-25 16:00:00+00:00,17.965767,114.253914
2025-08-25 17:00:00+00:00,17.555307,118.14151
2025-08-25 18:00:00+00:00,15.743569,120.96369
2025-08-25 19:00:00+00:00,16.63905,121.2826
2025-08-25 20:00:00+00:00,17.483181,118.93992
2025-08-25 21:00:00+00:00,19.161337,115.60214
2025-08-25 22:00:00+00:00,21.981382,117.824005
2025-08-25 23:00:00+00:00,21.868332,122.90524
2025-08-26 00:00:00+00:00,20.340796,126.36296
2025-08-26 01:00:00+00:00,18.161278,129.3693
2025-08-26 02:00:00+00:00,16.560978,127.49273
2025-08-26 03:00:00+00:00,16.923828,119.29127
2025-08-26 04:00:00+00:00,22.268406,122.79088
2025-08-26 05:00:00+00:00,20.423456,124.95073
2025-08-26 06:00:00+00:00,18.431332,121.82741
2025-08-26 07:00:00+00:00,19.121557,123.09171
2025-08-26 08:00:00+00:00,16.67795,124.89078
2025-08-26 09:00:00+00:00,14.082628,125.11209
2025-08-26 10:00:00+00:00,12.456468,142.63326
2025-08-26 11:00:00+00:00,13.513193,131.76021
2025-08-26 12:00:00+00:00,10.120099,128.50069
2025-08-26 13:00:00+00:00,10.837435,122.106224
2025-08-26 14:00:00+00:00,9.1958685,130.23628
2025-08-26 15:00:00+00:00,8.287822,124.3804
2025-08-26 16:00:00+00:00,9.016185,116.05344
2025-08-26 17:00:00+00:00,10.062305,116.56499
2025-08-26 18:00:00+00:00,10.1456785,115.20109
2025-08-26 19:00:00+00:00,10.30883,114.775116
2025-08-26 20:00:00+00:00,9.459852,111.19412
2025-08-26 21:00:00+00:00,9.102021,114.53771
2025-08-26 22:00:00+00:00,7.0591216,109.359085
2025-08-26 23:00:00+00:00,7.3799996,102.680374
2025-08-27 00:00:00+00:00,6.5693827,99.46225
2025-08-27 01:00:00+00:00,7.4672885,105.376305
2025-08-27 02:00:00+00:00,9.847496,120.78408
2025-08-27 03:00:00+00:00,9.178235,131.82008
2025-08-27 04:00:00+00:00,8.536252,137.56381
2025-08-27 05:00:00+00:00,8.027678,137.72638
2025-08-27 06:00:00+00:00,7.6409945,133.09087
2025-08-27 07:00:00+00:00,8.654987,135.0001
2025-08-27 08:00:00+00:00,8.805294,130.85529
2025-08-27 09:00:00+00:00,8.65873,133.31535
2025-08-27 10:00:00+00:00,10.304114,117.01259
2025-08-27 11:00:00+00:00,10.158444,119.74478
2025-08-27 12:00:00+00:00,8.373386,115.46331
2025-08-27 13:00:00+00:00,4.278551,104.62092
2025-08-27 14:00:00+00:00,5.0432134,124.82456
2025-08-27 15:00:00+00:00,5.48631,131.00899
2025-08-27 16:00:00+00:00,4.8366103,135.0001
2025-08-27 17:00:00+00:00,5.3457265,135.0001
2025-08-27 18:00:00+00:00,5.0975285,137.86247
2025-08-27 19:00:00+00:00,5.0432134,145.17545
2025-08-27 20:00:00+00:00,5.004518,127.694305
2025-08-27 21:00:00+00:00,3.644722,110.22495
2025-08-27 22:00:00+00:00,6.1437774,121.82741
2025-08-27 23:00:00+00:00,6.7853074,111.801476
2025-08-28 00:00:00+00:00,8.865799,95.82625
2025-08-28 01:00:00+00:00,10.182337,98.13002
2025-08-28 02:00:00+00:00,9.6932955,105.06854
2025-08-28 03:00:00+00:00,9.418661,116.0753
2025-08-28 04:00:00+00:00,8.738811,122.38066
2025-08-28 05:00:00+00:00,8.242743,121.60746
2025-08-28 06:00:00+00:00,7.8480825,126.60716
2025-08-28 07:00:00+00:00,7.689603,122.57404
2025-08-28 08:00:00+00:00,7.9383874,122.969406
2025-08-28 09:00:00+00:00,7.9932966,125.837746
2025-08-28 10:00:00+00:00,8.942214,130.10085
2025-08-28 11:00:00+00:00,7.6388745,145.56096
2025-08-28 12:00:00+00:00,6.725354,164.47583
2025-08-28 13:00:00+00:00,4.412754,191.76826
2025-08-28 14:00:00+00:00,4.8433046,138.01286
2025-08-28 15:00:00+00:00,9.292255,121.534744
2025-08-28 16:00:00+00:00,10.7714615,99.61966
2025-08-28 17:00:00+00:00,10.134495,123.407845
2025-08-28 18:00:00+00:00,6.6624317,128.41809
2025-08-28 19:00:00+00:00,5.0142193,111.03758
2025-08-28 20:00:00+00:00,6.698806,83.829926
2025-08-28 21:00:00+00:00,8.2584505,73.53991
2025-08-28 22:00:00+00:00,9.403169,95.49223
2025-08-28 23:00:00+00:00,10.823973,93.814
2025-08-29 00:00:00+00:00,12.781267,90.806915
2025-08-29 01:00:00+00:00,14.410121,92.147545
2025-08-29 02:00:00+00:00,15.338071,94.037636
2025-08-29 03:00:00+00:00,16.85669,96.74549
2025-08-29 04:00:00+00:00,18.079027,102.65255
2025-08-29 05:00:00+00:00,15.881875,107.818985
2025-08-29 06:00:00+00:00,14.734735,115.31284
2025-08-29 07:00:00+00:00,15.496736,120.73541
2025-08-29 08:00:00+00:00,14.230248,124.69522
2025-08-29 09:00:00+00:00,13.1412325,126.08517
2025-08-29 10:00:00+00:00,15.388685,114.166626
2025-08-29 11:00:00+00:00,13.451914,114.50739
2025-08-29 12:00:00+00:00,12.81165,94.02819
2025-08-29 13:00:00+00:00,11.555103,85.53293
2025-08-29 14:00:00+00:00,13.321216,90.77421
2025-08-29 15:00:00+00:00,11.881363,89.131966
2025-08-29 16:00:00+00:00,11.767651,96.14653
2025-08-29 17:00:00+00:00,11.090103,103.13403
2025-08-29 18:00:00+00:00,10.9859,108.138176
2025-08-29 19:00:00+00:00,11.555102,108.1528
2025-08-29 20:00:00+00:00,11.672275,109.83222
2025-08-29 21:00:00+00:00,10.706595,106.60706
2025-08-29 22:00:00+00:00,10.172787,103.298584
2025-08-29 23:00:00+00:00,9.087772,97.96952
2025-08-30 00:00:00+00:00,9.224011,84.40076
2025-08-30 01:00:00+00:00,9.224011,72.97939
2025-08-30 02:00:00+00:00,8.477216,86.347855
2025-08-30 03:00:00+00:00,11.132385,112.833694
2025-08-30 04:00:00+00:00,14.33347,125.28683
2025-08-30 05:00:00+00:00,15.1884165,121.42952
2025-08-30 06:00:00+00:00,14.974658,115.64096
2025-08-30 07:00:00+00:00,13.169556,111.65605
2025-08-30 08:00:00+00:00,11.566313,110.97357
2025-08-30 09:00:00+00:00,9.965239,110.07162
2025-08-30 10:00:00+00:00,12.682018,96.519714
2025-08-30 11:00:00+00:00,11.570515,84.644264
2025-08-30 12:00:00+00:00,10.158444,82.875084
2025-08-30 13:00:00+00:00,6.8399997,90.0
2025-08-30 14:00:00+00:00,7.7734165,84.68555
2025-08-30 15:00:00+00:00,9.726665,92.12105
2025-08-30 16:00:00+00:00,8.65873,110.69553
2025-08-30 17:00:00+00:00,8.891343,121.75944
2025-08-30 18:00:00+00:00,8.777654,118.14151
2025-08-30 19:00:00+00:00,6.037383,116.56499
2025-08-30 20:00:00+00:00,7.771331,103.39252
2025-08-30 21:00:00+00:00,9.387651,122.471176
2025-08-30 22:00:00+00:00,9.9571085,102.5288
2025-08-30 23:00:00+00:00,12.710091,102.26476
2025-08-31 00:00:00+00:00,13.070776,112.6806
2025-08-31 01:00:00+00:00,12.156331,117.323814
2025-08-31 02:00:00+00:00,14.480773,124.875404
2025-08-31 03:00:00+00:00,11.919479,128.25447
2025-08-31 04:00:00+00:00,10.706596,116.99576
2025-08-31 05:00:00+00:00,11.038858,114.05735
2025-08-31 06:00:00+00:00,14.169785,115.58847
2025-08-31 07:00:00+00:00,13.262714,108.18914
2025-08-31 08:00:00+00:00,13.917154,95.19434
2025-08-31 09:00:00+00:00,10.51576,96.88163
2025-08-31 10:00:00+00:00,10.2742,93.012726
2025-08-31 11:00:00+00:00,10.239453,100.12462
2025-08-31 12:00:00+00:00,10.163227,112.93214
2025-08-31 13:00:00+00:00,8.431228,106.11349
2025-08-31 14:00:00+00:00,8.461914,119.29127
2025-08-31 15:00:00+00:00,9.659814,116.56499
2025-08-31 16:00:00+00:00,9.526405,112.20353
2025-08-31 17:00:00+00:00,7.731623,114.775116
2025-08-31 18:00:00+00:00,6.279395,117.29949
2025-08-31 19:00:00+00:00,7.3469996,120.963684
2025-08-31 20:00:00+00:00,9.0,126.86999
2025-08-31 21:00:00+00:00,9.957108,130.60121
2025-08-31 22:00:00+00:00,13.929953,122.868675
2025-08-31 23:00:00+00:00,12.007498,113.87529
2025-09-01 00:00:00+00:00,10.3621235,107.175995
2025-09-01 01:00:00+00:00,11.276968,98.25935
2025-09-01 02:00:00+00:00,13.021106,95.55288
2025-09-01 03:00:00+00:00,14.081478,94.39862
2025-09-01 04:00:00+00:00,14.33347,97.21417
2025-09-01 05:00:00+00:00,14.822429,114.38637
2025-09-01 06:00:00+00:00,17.571909,136.66025
2025-09-01 07:00:00+00:00,17.085785,138.41669
2025-09-01 08:00:00+00:00,15.717823,129.88953
2025-09-01 09:00:00+00:00,16.375053,123.34073
2025-09-01 10:00:00+00:00,22.528782,104.813515
2025-09-01 11:00:00+00:00,21.687572,108.886185
2025-09-01 12:00:00+00:00,21.1896,106.27975
2025-09-01 13:00:00+00:00,19.488274,111.11357
2025-09-01 14:00:00+00:00,19.42416,110.61827
2025-09-01 15:00:00+00:00,19.42833,113.47742
2025-09-01 16:00:00+00:00,20.160805,113.13145
2025-09-01 17:00:00+00:00,19.82453,110.73879
2025-09-01 18:00:00+00:00,20.49156,108.43504
2025-09-01 19:00:00+00:00,19.211996,102.99462
2025-09-01 20:00:00+00:00,18.307867,96.775566
2025-09-01 21:00:00+00:00,19.313757,94.275764
2025-09-01 22:00:00+00:00,19.689238,112.57961
2025-09-01 23:00:00+00:00,17.750774,112.6646
2025-09-02 00:00:00+00:00,19.41081,114.663795
2025-09-02 01:00:00+00:00,17.58481,112.89059
2025-09-02 02:00:00+00:00,18.789965,113.12655
2025-09-02 03:00:00+00:00,19.33639,114.1791
2025-09-02 04:00:00+00:00,18.845062,114.85156
2025-09-02 05:00:00+00:00,18.762356,118.04006
2025-09-02 06:00:00+00:00,15.244842,112.93214
2025-09-02 07:00:00+00:00,14.087229,116.56499
2025-09-02 08:00:00+00:00,11.534054,112.963806
2025-09-02 09:00:00+00:00,14.087229,116.56499
2025-09-02 10:00:00+00:00,16.701244,120.43416
2025-09-02 11:00:00+00:00,16.357237,114.02651
2025-09-02 12:00:00+00:00,18.501513,109.31645
2025-09-02 13:00:00+00:00,17.76081,107.700516
2025-09-02 14:00:00+00:00,18.442753,108.78872
2025-09-02 15:00:00+00:00,17.149193,115.48915
2025-09-02 16:00:00+00:00,15.385525,118.663864
2025-09-02 17:00:00+00:00,14.926983,123.690094
2025-09-02 18:00:00+00:00,13.437455,129.0194
2025-09-02 19:00:00+00:00,12.242646,131.42357
2025-09-02 20:00:00+00:00,11.500296,129.92033
2025-09-02 21:00:00+00:00,10.656547,127.45065
2025-09-02 22:00:00+00:00,8.297589,114.34108
2025-09-02 23:00:00+00:00,8.891344,111.3707
2025-09-03 00:00:00+00:00,9.793058,107.10281
2025-09-03 01:00:00+00:00,9.526405,112.20353
2025-09-03 02:00:00+00:00,8.65873,110.69553
2025-09-03 03:00:00+00:00,8.373386,115.46331
2025-09-03 04:00:00+00:00,7.596341,126.32692
2025-09-03 05:00:00+00:00,5.1919937,123.690094
2025-09-03 06:00:00+00:00,5.1919937,123.690094
2025-09-03 07:00:00+00:00,5.815978,111.801476
2025-09-03 08:00:00+00:00,6.2483597,101.63361
2025-09-03 09:00:00+00:00,5.5887027,75.068535
2025-09-03 10:00:00+00:00,8.821836,88.830894
2025-09-03 11:00:00+00:00,11.34,90.0
2025-09-03 12:00:00+00:00,10.158444,82.875084
2025-09-03 13:00:00+00:00,9.582359,84.61079
2025-09-03 14:00:00+00:00,10.658068,85.15609
2025-09-03 15:00:00+00:00,10.717182,82.27827
2025-09-03 16:00:00+00:00,9.761578,67.21756
2025-09-03 17:00:00+00:00,9.139322,57.875034
2025-09-03 18:00:00+00:00,8.297589,49.398785
2025-09-03 19:00:00+00:00,8.297589,49.398785
2025-09-03 20:00:00+00:00,7.6409945,46.90914
2025-09-03 21:00:00+00:00,8.274128,44.118694
2025-09-03 22:00:00+00:00,8.55142,59.656826
2025-09-03 23:00:00+00:00,7.16617,64.72231
2025-09-04 00:00:00+00:00,5.8409934,56.309914
2025-09-04 01:00:00+00:00,4.6938257,32.471172
2025-09-04 02:00:00+00:00,4.0449967,32.275623
2025-09-04 03:00:00+00:00,4.542994,33.6901
2025-09-04 04:00:00+00:00,4.863332,38.990997
2025-09-04 05:00:00+00:00,6.66,71.075264
2025-09-04 06:00:00+00:00,9.568824,106.38962
2025-09-04 07:00:00+00:00,9.360001,112.61991
2025-09-04 08:00:00+00:00,8.297589,114.34108
2025-09-04 09:00:00+00:00,4.5,73.73973
2025-09-04 10:00:00+00:00,6.9270773,65.432846
2025-09-04 11:00:00+00:00,6.698806,59.300358
2025-09-04 12:00:00+00:00,4.913044,8.426887
2025-09-04 13:00:00+00:00,6.0077944,351.38443
2025-09-04 14:00:00+00:00,6.122647,358.31534
2025-09-04 15:00:00+00:00,6.489992,19.440128
2025-09-04 16:00:00+00:00,6.5223618,27.979382
2025-09-04 17:00:00+00:00,6.544677,31.504223
2025-09-04 18:00:00+00:00,6.3639607,28.739704
2025-09-04 19:00:00+00:00,6.763786,25.201094
2025-09-04 20:00:00+00:00,8.482947,17.281584
2025-09-04 21:00:00+00:00,9.3962755,20.17074
2025-09-04 22:00:00+00:00,10.464797,49.185013
2025-09-04 23:00:00+00:00,11.666721,51.89238
2025-09-05 00:00:00+00:00,12.55879,62.70051
2025-09-05 01:00:00+00:00,13.288341,65.17068
2025-09-05 02:00:00+00:00,13.638489,67.49644
2025-09-05 03:00:00+00:00,19.474136,81.49551
2025-09-05 04:00:00+00:00,24.57511,95.04236
2025-09-05 05:00:00+00:00,25.182636,99.46225
2025-09-05 06:00:00+00:00,22.81957,96.340096
2025-09-05 07:00:00+00:00,21.468348,93.84596
2025-09-05 08:00:00+00:00,19.440834,89.46951
2025-09-05 09:00:00+00:00,18.790829,80.62798
2025-09-05 10:00:00+00:00,16.036171,92.57331
2025-09-05 11:00:00+00:00,11.34,90.0
2025-09-05 12:00:00+00:00,11.341428,89.090645
2025-09-05 13:00:00+00:00,10.63372,92.910774
2025-09-05 14:00:00+00:00,11.701385,89.11862
2025-09-05 15:00:00+00:00,13.619471,97.59455
2025-09-05 16:00:00+00:00,14.455019,95.00056
2025-09-05 17:00:00+00:00,15.009236,95.50539
2025-09-05 18:00:00+00:00,14.588885,99.22981
2025-09-05 19:00:00+00:00,13.41453,101.61146
2025-09-05 20:00:00+00:00,13.238261,101.768265
2025-09-05 21:00:00+00:00,12.7279215,98.13002
2025-09-05 22:00:00+00:00,12.620554,86.729576
2025-09-05 23:00:00+00:00,13.1412325,89.215195
2025-09-06 00:00:00+00:00,12.781267,89.19309
2025-09-06 01:00:00+00:00,12.979984,93.17977
2025-09-06 02:00:00+00:00,13.062098,101.929306
2025-09-06 03:00:00+00:00,15.175612,112.30626
2025-09-06 04:00:00+00:00,13.88919,108.90467
2025-09-06 05:00:00+00:00,13.6242285,105.32157
2025-09-06 06:00:00+00:00,13.277364,105.73207
2025-09-06 07:00:00+00:00,11.793777,105.945465
2025-09-06 08:00:00+00:00,12.710091,102.26476
2025-09-06 09:00:00+00:00,13.491597,103.109215
2025-09-06 10:00:00+00:00,13.1412325,103.46522
2025-09-06 11:00:00+00:00,10.062305,63.435013
2025-09-06 12:00:00+00:00,10.304115,70.615395
2025-09-06 13:00:00+00:00,9.595874,66.80139
2025-09-06 14:00:00+00:00,9.0018,78.46541
2025-09-06 15:00:00+00:00,10.8955765,82.40546
2025-09-06 16:00:00+00:00,11.901798,93.46816
2025-09-06 17:00:00+00:00,13.055896,105.1859
2025-09-06 18:00:00+00:00,13.32,108.92474
2025-09-06 19:00:00+00:00,13.472372,112.796555
2025-09-06 20:00:00+00:00,13.202726,115.8663
2025-09-06 21:00:00+00:00,12.156331,117.323814
2025-09-06 22:00:00+00:00,9.668195,114.1791
2025-09-06 23:00:00+00:00,10.272623,101.113
2025-09-07 00:00:00+00:00,10.742848,98.673096
2025-09-07 01:00:00+00:00,11.402683,101.84206
2025-09-07 02:00:00+00:00,15.042659,111.03758
2025-09-07 03:00:00+00:00,14.356058,120.10122
2025-09-07 04:00:00+00:00,12.879752,116.56499
2025-09-07 05:00:00+00:00,12.136325,125.340195
2025-09-07 06:00:00+00:00,12.599998,126.86999
2025-09-07 07:00:00+00:00,13.577776,128.54121
2025-09-07 08:00:00+00:00,13.888023,132.37354
2025-09-07 09:00:00+00:00,12.931218,128.78438
2025-09-07 10:00:00+00:00,11.5887,133.11183
2025-09-07 11:00:00+00:00,9.0645685,173.15732
2025-09-07 12:00:00+00:00,2.8460495,124.69522
2025-09-07 13:00:00+00:00,3.4388947,42.878906
2025-09-07 14:00:00+00:00,3.381893,64.79892
2025-09-07 15:00:00+00:00,4.510787,61.389645
2025-09-07 16:00:00+00:00,4.278551,75.37909
2025-09-07 17:00:00+00:00,4.379589,99.46225
2025-09-07 18:00:00+00:00,4.752136,127.30403
2025-09-07 19:00:00+00:00,6.015878,128.92755
2025-09-07 20:00:00+00:00,6.4924874,133.87679
2025-09-07 21:00:00+00:00,6.156947,142.12495
2025-09-07 22:00:00+00:00,5.2323985,153.43501
2025-09-07 23:00:00+00:00,5.6233797,129.80553
2025-09-08 00:00:00+00:00,7.555712,102.38075
2025-09-08 01:00:00+00:00,9.266067,97.81521
2025-09-08 02:00:00+00:00,9.346143,105.64231
2025-09-08 03:00:00+00:00,9.511088,119.4758
2025-09-08 04:00:00+00:00,7.229191,108.886185
2025-09-08 05:00:00+00:00,7.342588,101.3099
2025-09-08 06:00:00+00:00,7.596341,103.706985
2025-09-08 07:00:00+00:00,7.0591216,109.359085
2025-09-08 08:00:00+00:00,7.0934615,125.70678
2025-09-08 09:00:00+00:00,7.406295,154.05775
2025-09-08 10:00:00+00:00,6.6818557,184.63538
2025-09-08 11:00:00+00:00,6.1569467,195.25517
2025-09-08 12:00:00+00:00,3.4576871,231.34016
2025-09-08 13:00:00+00:00,2.5264204,175.91446
2025-09-08 14:00:00+00:00,3.644722,159.77505
2025-09-08 15:00:00+00:00,1.835647,168.69011
2025-09-08 16:00:00+00:00,0.6489992,213.6901
2025-09-08 17:00:00+00:00,0.9693296,201.80147
2025-09-08 18:00:00+00:00,0.9178235,168.69011
2025-09-08 19:00:00+00:00,2.6999998,180.0
2025-09-08 20:00:00+00:00,4.1085763,208.8107
2025-09-08 21:00:00+00:00,5.904439,232.43134
2025-09-08 22:00:00+00:00,7.729527,242.24155
2025-09-08 23:00:00+00:00,9.430694,256.75946
2025-09-09 00:00:00+00:00,10.086427,267.95465
2025-09-09 01:00:00+00:00,10.299397,275.01303
2025-09-09 02:00:00+00:00,10.874741,282.42593
2025-09-09 03:00:00+00:00,11.672275,289.8322
2025-09-09 04:00:00+00:00,11.9140415,296.9521
2025-09-09 05:00:00+00:00,10.9859,304.9921
2025-09-09 06:00:00+00:00,10.718693,310.91428
2025-09-09 07:00:00+00:00,10.233123,309.28937
2025-09-09 08:00:00+00:00,10.742848,301.29297
2025-09-09 09:00:00+00:00,12.20023,291.6445
2025-09-09 10:00:00+00:00,10.765445,290.55612
2025-09-09 11:00:00+00:00,10.957847,284.26456
2025-09-09 12:00:00+00:00,8.513448,283.44864
2025-09-09 13:00:00+00:00,7.415038,275.5721
2025-09-09 14:00:00+00:00,9.0018,271.14572
2025-09-09 15:00:00+00:00,10.441552,270.98773
2025-09-09 16:00:00+00:00,11.734564,274.39862
2025-09-09 17:00:00+00:00,12.549757,278.24622
2025-09-09 18:00:00+00:00,12.182955,282.80426
2025-09-09 19:00:00+00:00,11.672275,287.03784
2025-09-09 20:00:00+00:00,11.39842,285.5726
2025-09-09 21:00:00+00:00,12.049249,283.82867
2025-09-09 22:00:00+00:00,11.555102,288.1528
2025-09-09 23:00:00+00:00,12.011544,289.2496
2025-09-10 00:00:00+00:00,12.872201,290.46234
2025-09-10 01:00:00+00:00,14.059602,288.667
2025-09-10 02:00:00+00:00,15.108211,285.1953
2025-09-10 03:00:00+00:00,17.706913,287.14563
2025-09-10 04:00:00+00:00,19.530622,289.93808
2025-09-10 05:00:00+00:00,20.690605,291.43124
2025-09-10 06:00:00+00:00,22.098986,293.01477
2025-09-10 07:00:00+00:00,22.644257,293.91626
2025-09-10 08:00:00+00:00,23.284098,294.18735
2025-09-10 09:00:00+00:00,23.522217,294.40765
2025-09-10 10:00:00+00:00,22.300394,297.39227
2025-09-10 11:00:00+00:00,20.609016,295.8936
2025-09-10 12:00:00+00:00,17.82091,293.1986
2025-09-10 13:00:00+00:00,16.451052,287.8403
2025-09-10 14:00:00+00:00,16.720633,284.33545
2025-09-10 15:00:00+00:00,16.245934,279.56662
2025-09-10 16:00:00+00:00,15.986595,277.76508
2025-09-10 17:00:00+00:00,16.394829,278.84174
2025-09-10 18:00:00+00:00,15.451717,278.0356
2025-09-10 19:00:00+00:00,14.428097,273.57626
2025-09-10 20:00:00+00:00,14.260953,274.34317
2025-09-10 21:00:00+00:00,14.739132,278.42688
2025-09-10 22:00:00+00:00,16.21699,278.93948
2025-09-10 23:00:00+00:00,15.095336,278.22662
2025-09-11 00:00:00+00:00,14.713831,277.73352
2025-09-11 01:00:00+00:00,15.158522,274.08554
2025-09-11 02:00:00+00:00,15.922626,275.8394
2025-09-11 03:00:00+00:00,18.745079,281.6336
2025-09-11 04:00:00+00:00,20.327251,286.9909
2025-09-11 05:00:00+00:00,19.809813,289.0936
2025-09-11 06:00:00+00:00,19.620827,292.09427
2025-09-11 07:00:00+00:00,18.770126,294.353
2025-09-11 08:00:00+00:00,17.654688,290.28265
2025-09-11 09:00:00+00:00,17.33429,285.04645
2025-09-11 10:00:00+00:00,16.108742,288.23257
2025-09-11 11:00:00+00:00,13.776763,287.48807
2025-09-11 12:00:00+00:00,11.620809,286.18927
2025-09-11 13:00:00+00:00,9.743305,281.72507
2025-09-11 14:00:00+00:00,9.292254,278.91486
2025-09-11 15:00:00+00:00,9.044888,275.7105
2025-09-11 16:00:00+00:00,8.461914,271.21884
2025-09-11 17:00:00+00:00,7.7588143,266.00916
2025-09-11 18:00:00+00:00,7.102591,261.2539
2025-09-11 19:00:00+00:00,7.102591,261.2539
2025-09-11 20:00:00+00:00,7.970972,263.51703
2025-09-11 21:00:00+00:00,9.087772,262.0305
2025-09-11 22:00:00+00:00,11.032987,264.3825
2025-09-11 23:00:00+00:00,11.966953,263.08887
2025-09-12 00:00:00+00:00,13.324863,268.45187
2025-09-12 01:00:00+00:00,13.339445,273.094
2025-09-12 02:00:00+00:00,13.339445,273.094
2025-09-12 03:00:00+00:00,15.172407,274.76355
2025-09-12 04:00:00+00:00,15.24909,277.46048
2025-09-12 05:00:00+00:00,15.426535,281.441
2025-09-12 06:00:00+00:00,15.141414,288.00424
2025-09-12 07:00:00+00:00,14.372974,292.06796
2025-09-12 08:00:00+00:00,13.441071,290.37653
2025-09-12 09:00:00+00:00,12.979984,289.44012
2025-09-12 10:00:00+00:00,10.837435,302.10623
2025-09-12 11:00:00+00:00,9.582358,298.00906
2025-09-12 12:00:00+00:00,6.6087217,299.35767
2025-09-12 13:00:00+00:00,5.904439,307.56866
2025-09-12 14:00:00+00:00,5.6521144,307.23492
2025-09-12 15:00:00+00:00,6.9480934,286.55716
2025-09-12 16:00:00+00:00,5.5887027,255.06853
2025-09-12 17:00:00+00:00,4.510787,241.38963
2025-09-12 18:00:00+00:00,4.755544,240.5242
2025-09-12 19:00:00+00:00,4.510787,241.38963
2025-09-12 20:00:00+00:00,4.3498964,245.55606
2025-09-12 21:00:00+00:00,5.4656014,252.75845
2025-09-12 22:00:00+00:00,6.162207,263.29025
2025-09-12 23:00:00+00:00,7.208994,267.13766
2025-09-13 00:00:00+00:00,8.11798,273.814
2025-09-13 01:00:00+00:00,8.553314,278.47107
2025-09-13 02:00:00+00:00,9.743305,281.72507
2025-09-13 03:00:00+00:00,10.837435,281.49652
2025-09-13 04:00:00+00:00,10.5234585,282.8477
2025-09-13 05:00:00+00:00,9.6480665,284.03625
2025-09-13 06:00:00+00:00,9.565437,289.79895
2025-09-13 07:00:00+00:00,8.699793,294.44394
2025-09-13 08:00:00+00:00,8.322932,291.57138
2025-09-13 09:00:00+00:00,9.2660675,299.0545
2025-09-13 10:00:00+00:00,10.373061,308.65982
2025-09-13 11:00:00+00:00,9.931042,316.46872
2025-09-13 12:00:00+00:00,7.1684303,321.1155
2025-09-13 13:00:00+00:00,4.942631,326.88864
2025-09-13 14:00:00+00:00,6.2379804,313.83093
2025-09-13 15:00:00+00:00,4.9785542,282.5288
2025-09-13 16:00:00+00:00,5.2416787,254.05453
2025-09-13 17:00:00+00:00,4.2175345,219.80553
2025-09-13 18:00:00+00:00,4.080882,221.42357
2025-09-13 19:00:00+00:00,4.3573384,231.7098
2025-09-13 20:00:00+00:00,4.6452556,234.46223
2025-09-13 21:00:00+00:00,5.09435,237.99466
2025-09-13 22:00:00+00:00,3.9966483,234.16226
2025-09-13 23:00:00+00:00,4.39436,235.0079
2025-09-14 00:00:00+00:00,4.186693,244.5367
2025-09-14 01:00:00+00:00,5.414979,248.5522
2025-09-14 02:00:00+00:00,6.5520988,254.05453
2025-09-14 03:00:00+00:00,7.2359104,264.2895
2025-09-14 04:00:00+00:00,7.970972,276.48297
2025-09-14 05:00:00+00:00,8.936778,279.27252
2025-09-14 06:00:00+00:00,9.847496,288.10385
2025-09-14 07:00:00+00:00,11.038858,294.05734
2025-09-14 08:00:00+00:00,11.51578,294.96277
2025-09-14 09:00:00+00:00,12.3165245,296.93945
2025-09-14 10:00:00+00:00,11.43248,303.43988
2025-09-14 11:00:00+00:00,10.285232,302.8557
2025-09-14 12:00:00+00:00,6.8423676,305.36255
2025-09-14 13:00:00+00:00,6.830519,288.43503
2025-09-14 14:00:00+00:00,5.2939587,252.18102
2025-09-14 15:00:00+00:00,5.318383,246.0375
2025-09-14 16:00:00+00:00,5.315336,241.69934
2025-09-14 17:00:00+00:00,5.293959,234.6887
2025-09-14 18:00:00+00:00,5.0432134,235.17543
2025-09-14 19:00:00+00:00,5.072041,242.52565
2025-09-14 20:00:00+00:00,4.9785542,257.4712
2025-09-14 21:00:00+00:00,5.4119864,266.186
2025-09-14 22:00:00+00:00,6.302571,268.36346
2025-09-14 23:00:00+00:00,8.461914,268.78116
2025-09-15 00:00:00+00:00,9.721666,271.06088
2025-09-15 01:00:00+00:00,10.63372,272.91077
2025-09-15 02:00:00+00:00,11.928989,275.19434
2025-09-15 03:00:00+00:00,12.906138,278.017
2025-09-15 04:00:00+00:00,13.533558,283.85144
2025-09-15 05:00:00+00:00,13.055896,285.18588
2025-09-15 06:00:00+00:00,12.585848,286.62082
2025-09-15 07:00:00+00:00,12.661564,284.8265
2025-09-15 08:00:00+00:00,13.184308,284.22598
2025-09-15 09:00:00+00:00,13.672893,286.04907
2025-09-15 10:00:00+00:00,11.566313,290.97357
2025-09-15 11:00:00+00:00,9.676569,288.43503
2025-09-15 12:00:00+00:00,5.634891,296.56497
2025-09-15 13:00:00+00:00,7.9383874,266.09958
2025-09-15 14:00:00+00:00,6.698806,239.30035
2025-09-15 15:00:00+00:00,6.297428,239.03632
2025-09-15 16:00:00+00:00,6.8423676,234.63745
2025-09-15 17:00:00+00:00,6.269067,230.82635
2025-09-15 18:00:00+00:00,4.863332,231.009
2025-09-15 19:00:00+00:00,3.0547013,224.9999
2025-09-15 20:00:00+00:00,2.968636,194.03627
2025-09-15 21:00:00+00:00,3.5864744,162.47433
2025-09-15 22:00:00+00:00,0.40249225,26.564985
2025-09-15 23:00:00+00:00,1.8532133,60.94549
2025-09-16 00:00:00+00:00,2.5959969,123.690094
2025-09-16 01:00:00+00:00,2.6758924,137.72638
2025-09-16 02:00:00+00:00,4.2671766,152.35411
2025-09-16 03:00:00+00:00,4.0249224,190.3048
2025-09-16 04:00:00+00:00,3.7971041,238.57048
2025-09-16 05:00:00+00:00,3.9966488,262.23492
2025-09-16 06:00:00+00:00,4.353619,277.1249
2025-09-16 07:00:00+00:00,3.8773184,291.80148
2025-09-16 08:00:00+00:00,4.072935,315.0001
2025-09-16 09:00:00+00:00,5.0142193,338.9624
2025-09-16 10:00:00+00:00,8.287822,304.3804
2025-09-16 11:00:00+00:00,7.145796,310.91428
2025-09-16 12:00:00+00:00,5.5596404,29.054508
2025-09-16 13:00:00+00:00,6.9527545,68.74943
2025-09-16 14:00:00+00:00,8.467655,87.56341
2025-09-16 15:00:00+00:00,8.865799,95.82625
2025-09-16 16:00:00+00:00,10.075177,108.75875
2025-09-16 17:00:00+00:00,10.560341,119.62366
2025-09-16 18:00:00+00:00,9.252069,127.09292
2025-09-16 19:00:00+00:00,7.42159,129.09386
2025-09-16 20:00:00+00:00,5.3517847,132.27362
2025-09-16 21:00:00+00:00,3.9640884,140.52757
2025-09-16 22:00:00+00:00,2.1674871,175.23645
2025-09-16 23:00:00+00:00,2.6758924,222.27362
2025-09-17 00:00:00+00:00,3.6179552,185.7105
2025-09-17 01:00:00+00:00,3.4152596,161.56496
2025-09-17 02:00:00+00:00,4.379589,170.53775
2025-09-17 03:00:00+00:00,2.9522195,217.56866
2025-09-17 04:00:00+00:00,1.0495713,300.96368
2025-09-17 05:00:00+00:00,2.4149535,63.435013
2025-09-17 06:00:00+00:00,3.219938,63.435013
2025-09-17 07:00:00+00:00,3.4388947,47.12111
2025-09-17 08:00:00+00:00,3.5864744,17.52567
2025-09-17 09:00:00+00:00,3.7842832,357.27374
2025-09-17 10:00:00+00:00,6.193674,324.46225
2025-09-17 11:00:00+00:00,7.748368,300.7354
2025-09-17 12:00:00+00:00,7.0843205,332.78397
2025-09-17 13:00:00+00:00,4.755544,29.475794
2025-09-17 14:00:00+00:00,4.991553,64.35905
2025-09-17 15:00:00+00:00,6.037383,100.30479
2025-09-17 16:00:00+00:00,7.229191,108.886185
2025-09-17 17:00:00+00:00,6.9247384,117.89718
2025-09-17 18:00:00+00:00,6.4096174,128.15727
2025-09-17 19:00:00+00:00,5.8603754,132.5104
2025-09-17 20:00:00+00:00,4.6938252,94.39862
2025-09-17 21:00:00+00:00,5.983477,74.2913
2025-09-17 22:00:00+00:00,4.68,90.0
2025-09-17 23:00:00+00:00,5.4149795,105.42222
2025-09-18 00:00:00+00:00,5.8852015,113.42871
2025-09-18 01:00:00+00:00,6.3639607,118.7397
2025-09-18 02:00:00+00:00,6.1305785,130.23628
2025-09-18 03:00:00+00:00,4.7110505,133.45189
2025-09-18 04:00:00+00:00,3.745557,125.21768
2025-09-18 05:00:00+00:00,3.5864744,107.52566
2025-09-18 06:00:00+00:00,1.9881649,84.805664
2025-09-18 07:00:00+00:00,1.8,360.0
2025-09-18 08:00:00+00:00,2.5772076,335.22488
2025-09-18 09:00:00+00:00,4.072935,315.0001
2025-09-18 10:00:00+00:00,7.1321807,10.175456
2025-09-18 11:00:00+00:00,6.0721655,348.0239
2025-09-18 12:00:00+00:00,3.3092597,337.6198
2025-09-18 13:00:00+00:00,2.7416782,336.8014
2025-09-18 14:00:00+00:00,2.2910259,315.0001
2025-09-18 15:00:00+00:00,1.0495713,149.03632
2025-09-18 16:00:00+00:00,3.396233,147.99466
2025-09-18 17:00:00+00:00,4.6938257,147.52882
2025-09-18 18:00:00+00:00,4.514377,156.50142
2025-09-18 19:00:00+00:00,4.445672,158.62932
2025-09-18 20:00:00+00:00,4.91634,156.2505
2025-09-18 21:00:00+00:00,5.8409934,146.3099
2025-09-18 22:00:00+00:00,3.572898,139.08571
2025-09-18 23:00:00+00:00,3.8183763,98.13002
2025-09-19 00:00:00+00:00,2.7059932,86.186005
2025-09-19 01:00:00+00:00,1.6299692,83.659904
2025-09-19 02:00:00+00:00,2.0124612,79.69521
2025-09-19 03:00:00+00:00,2.8856194,86.423744
2025-09-19 04:00:00+00:00,3.244996,86.82024
2025-09-19 05:00:00+00:00,1.2074767,63.435013
2025-09-19 06:00:00+00:00,1.8532133,330.9455
2025-09-19 07:00:00+00:00,3.1845248,317.29062
2025-09-19 08:00:00+00:00,5.6060677,317.6026
2025-09-19 09:00:00+00:00,6.7469993,316.08084
2025-09-19 10:00:00+00:00,9.97986,320.85602
2025-09-19 11:00:00+00:00,10.185519,316.43204
2025-09-19 12:00:00+00:00,6.444905,324.09018
2025-09-19 13:00:00+00:00,6.5248446,335.55606
2025-09-19 14:00:00+00:00,6.6185193,337.6198
2025-09-19 15:00:00+00:00,5.8769383,332.6502
2025-09-19 16:00:00+00:00,6.59154,325.0079
2025-09-19 17:00:00+00:00,4.198285,300.96368
2025-09-19 18:00:00+00:00,2.1749482,245.55606
2025-09-19 19:00:00+00:00,2.8001428,224.9999
2025-09-19 20:00:00+00:00,3.9640884,230.52757
2025-09-19 21:00:00+00:00,4.3832865,250.82089
2025-09-19 22:00:00+00:00,4.503598,272.29056
2025-09-19 23:00:00+00:00,5.1197267,280.1246
2025-09-20 00:00:00+00:00,6.5693827,279.46225
2025-09-20 01:00:00+00:00,7.9465466,283.0919
2025-09-20 02:00:00+00:00,9.224011,287.0206
2025-09-20 03:00:00+00:00,9.860649,291.41302
2025-09-20 04:00:00+00:00,11.592895,295.76926
2025-09-20 05:00:00+00:00,13.779114,303.2749
2025-09-20 06:00:00+00:00,15.833861,310.38928
2025-09-20 07:00:00+00:00,16.419514,314.5559
2025-09-20 08:00:00+00:00,16.818203,317.6026
2025-09-20 09:00:00+00:00,16.188995,318.15494
2025-09-20 10:00:00+00:00,17.31746,316.68463
2025-09-20 11:00:00+00:00,15.053425,318.87863
2025-09-20 12:00:00+00:00,10.766949,321.78894
2025-09-20 13:00:00+00:00,8.528657,315.855
2025-09-20 14:00:00+00:00,7.841887,301.86594
2025-09-20 15:00:00+00:00,8.0599,293.70264
2025-09-20 16:00:00+00:00,8.155807,292.0363
2025-09-20 17:00:00+00:00,7.689603,286.31393
2025-09-20 18:00:00+00:00,6.8989563,285.12405
2025-09-20 19:00:00+00:00,6.330782,284.8265
2025-09-20 20:00:00+00:00,5.937272,284.03625
2025-09-20 21:00:00+00:00,5.6835546,280.954
2025-09-20 22:00:00+00:00,6.3231,274.89902
2025-09-20 23:00:00+00:00,5.5799994,270.0
2025-09-21 00:00:00+00:00,5.7628117,268.2101
2025-09-21 01:00:00+00:00,6.8423676,268.49258
2025-09-21 02:00:00+00:00,7.748368,272.66293
2025-09-21 03:00:00+00:00,8.4042845,279.86575
2025-09-21 04:00:00+00:00,9.621163,287.41806
2025-09-21 05:00:00+00:00,12.074766,296.56497
2025-09-21 06:00:00+00:00,14.57889,302.90524
2025-09-21 07:00:00+00:00,15.426535,304.06094
2025-09-21 08:00:00+00:00,15.696165,306.60718
2025-09-21 09:00:00+00:00,14.689588,306.02747
2025-09-21 10:00:00+00:00,14.918297,311.57602
2025-09-21 11:00:00+00:00,11.466438,312.45514
2025-09-21 12:00:00+00:00,8.067936,308.65982
2025-09-21 13:00:00+00:00,7.388775,304.07724
2025-09-21 14:00:00+00:00,8.53815,304.69522
2025-09-21 15:00:00+00:00,8.643749,301.37296
2025-09-21 16:00:00+00:00,8.049845,296.56497
2025-09-21 17:00:00+00:00,7.229191,288.88617
2025-09-21 18:00:00+00:00,6.601363,281.00348
2025-09-21 19:00:00+00:00,6.3231,274.89902
2025-09-21 20:00:00+00:00,6.6818557,265.36462
2025-09-21 21:00:00+00:00,5.983477,254.29129
2025-09-21 22:00:00+00:00,5.8603754,259.3804
2025-09-21 23:00:00+00:00,6.7205353,262.30405
2025-09-22 00:00:00+00:00,6.8399997,270.0
2025-09-22 01:00:00+00:00,8.131936,275.0795
2025-09-22 02:00:00+00:00,9.499157,279.81924
2025-09-22 03:00:00+00:00,10.310403,286.22028
2025-09-22 04:00:00+00:00,11.770403,293.4287
2025-09-22 05:00:00+00:00,13.864674,299.56024
2025-09-22 06:00:00+00:00,15.676542,304.23752
2025-09-22 07:00:00+00:00,16.489416,306.11945
2025-09-22 08:00:00+00:00,17.352036,306.98886
2025-09-22 09:00:00+00:00,17.035456,308.56528
2025-09-22 10:00:00+00:00,16.069473,311.36694
2025-09-22 11:00:00+00:00,11.843124,313.1524
2025-09-22 12:00:00+00:00,9.432412,311.90585
2025-09-22 13:00:00+00:00,8.856658,307.56866
2025-09-22 14:00:00+00:00,10.1887,302.00534
2025-09-22 15:00:00+00:00,10.7894945,297.84747
2025-09-22 16:00:00+00:00,10.8015,293.5747
2025-09-22 17:00:00+00:00,10.070353,294.2744
2025-09-22 18:00:00+00:00,9.693296,301.32864
2025-09-22 19:00:00+00:00,8.244708,306.11945
2025-09-22 20:00:00+00:00,6.989936,304.50858
2025-09-22 21:00:00+00:00,6.1226463,294.30453
2025-09-22 22:00:00+00:00,7.1321807,280.17545
2025-09-22 23:00:00+00:00,7.9383874,273.90042
2025-09-23 00:00:00+00:00,9.016185,273.43356
2025-09-23 01:00:00+00:00,10.337079,277.00116
2025-09-23 02:00:00+00:00,12.961249,279.59305
2025-09-23 03:00:00+00:00,13.627795,282.20044
2025-09-23 04:00:00+00:00,15.156386,285.852
2025-09-23 05:00:00+00:00,15.676544,291.55713
2025-09-23 06:00:00+00:00,16.09969,296.56497
2025-09-23 07:00:00+00:00,16.981165,302.00534
2025-09-23 08:00:00+00:00,17.82818,305.13428
2025-09-23 09:00:00+00:00,18.723461,307.97165
2025-09-23 10:00:00+00:00,17.654688,309.20718
2025-09-23 11:00:00+00:00,14.652045,307.01074
2025-09-23 12:00:00+00:00,11.53265,304.18616
2025-09-23 13:00:00+00:00,9.7880945,302.22873
2025-09-23 14:00:00+00:00,9.835975,304.5626
2025-09-23 15:00:00+00:00,9.144637,306.1933
2025-09-23 16:00:00+00:00,8.893166,305.9422
2025-09-23 17:00:00+00:00,8.641874,305.67648
2025-09-23 18:00:00+00:00,7.841887,301.86594
2025-09-23 19:00:00+00:00,6.9270773,294.56717
2025-09-23 20:00:00+00:00,6.603817,287.44727
2025-09-23 21:00:00+00:00,6.424764,281.3099
2025-09-23 22:00:00+00:00,9.215226,282.4074
2025-09-23 23:00:00+00:00,10.3480425,283.0693
2025-09-24 00:00:00+00:00,11.481968,283.60056
2025-09-24 01:00:00+00:00,12.224107,283.627
2025-09-24 02:00:00+00:00,14.319901,284.5603
2025-09-24 03:00:00+00:00,14.292725,286.83755
2025-09-24 04:00:00+00:00,15.779543,290.7091
2025-09-24 05:00:00+00:00,17.072504,294.94388
2025-09-24 06:00:00+00:00,18.463821,299.81406
2025-09-24 07:00:00+00:00,18.927406,302.17862
2025-09-24 08:00:00+00:00,19.121557,303.0917
2025-09-24 09:00:00+00:00,18.126455,302.42752
2025-09-24 10:00:00+00:00,17.179394,305.1888
2025-09-24 11:00:00+00:00,12.730468,303.4654
2025-09-24 12:00:00+00:00,8.9873905,302.7352
2025-09-24 13:00:00+00:00,7.7043357,307.40543
2025-09-24 14:00:00+00:00,7.519175,317.91092
2025-09-24 15:00:00+00:00,7.1389914,326.3099
2025-09-24 16:00:00+00:00,7.841887,328.13406
2025-09-24 17:00:00+00:00,7.9077177,318.69147
2025-09-24 18:00:00+00:00,7.1684303,308.8845
2025-09-24 19:00:00+00:00,6.7397914,304.1145
2025-09-24 20:00:00+00:00,7.256032,299.74478
2025-09-24 21:00:00+00:00,7.293888,285.75125
2025-09-24 22:00:00+00:00,7.0223074,268.53122
2025-09-24 23:00:00+00:00,9.181765,271.1233
2025-09-25 00:00:00+00:00,10.360559,277.98923
2025-09-25 01:00:00+00:00,10.874741,282.42593
2025-09-25 02:00:00+00:00,12.016938,286.5349
2025-09-25 03:00:00+00:00,11.39842,291.29742
2025-09-25 04:00:00+00:00,12.71901,296.92758
2025-09-25 05:00:00+00:00,14.028457,303.4862
2025-09-25 06:00:00+00:00,14.174356,310.36444
2025-09-25 07:00:00+00:00,13.624228,313.39404
2025-09-25 08:00:00+00:00,13.3649235,314.4544
2025-09-25 09:00:00+00:00,12.98248,315.0001
2025-09-25 10:00:00+00:00,13.15971,319.9938
2025-09-25 11:00:00+00:00,10.583326,318.44748
2025-09-25 12:00:00+00:00,6.114703,312.614
2025-09-25 13:00:00+00:00,7.5363917,310.1559
2025-09-25 14:00:00+00:00,7.127636,315.0001
2025-09-25 15:00:00+00:00,7.0107627,318.12222
2025-09-25 16:00:00+00:00,7.5363917,319.84406
2025-09-25 17:00:00+00:00,7.562142,321.7661
2025-09-25 18:00:00+00:00,7.1389914,326.3099
2025-09-25 19:00:00+00:00,7.1684303,331.50446
2025-09-25 20:00:00+00:00,7.16617,334.72232
2025-09-25 21:00:00+00:00,7.327127,332.176
2025-09-25 22:00:00+00:00,7.1321807,317.0454
2025-09-25 23:00:00+00:00,7.001514,316.04153
2025-09-26 00:00:00+00:00,6.7565966,311.7602
2025-09-26 01:00:00+00:00,7.0934615,305.7068
2025-09-26 02:00:00+00:00,9.473541,308.82983
2025-09-26 03:00:00+00:00,9.54679,314.23618
2025-09-26 04:00:00+00:00,11.091564,318.28934
2025-09-26 05:00:00+00:00,12.791403,320.7106
2025-09-26 06:00:00+00:00,14.941083,323.82028
2025-09-26 07:00:00+00:00,15.804164,322.869
2025-09-26 08:00:00+00:00,15.882896,321.44156
2025-09-26 09:00:00+00:00,15.518672,322.06668
2025-09-26 10:00:00+00:00,14.378608,325.71307
2025-09-26 11:00:00+00:00,11.448055,323.31018
2025-09-26 12:00:00+00:00,8.043805,319.53784
2025-09-26 13:00:00+00:00,7.7650757,314.06088
2025-09-26 14:00:00+00:00,7.145796,310.91428
2025-09-26 15:00:00+00:00,7.344794,306.02747
2025-09-26 16:00:00+00:00,6.989936,304.50858
2025-09-26 17:00:00+00:00,7.3094187,307.99878
2025-09-26 18:00:00+00:00,7.519175,317.91092
2025-09-26 19:00:00+00:00,8.322932,338.42862
2025-09-26 20:00:00+00:00,7.562142,358.6361
2025-09-26 21:00:00+00:00,6.3231,4.8990126
2025-09-26 22:00:00+00:00,5.9834766,6.9111314
2025-09-26 23:00:00+00:00,5.9834766,21.161337
2025-09-27 00:00:00+00:00,5.815978,21.801476
2025-09-27 01:00:00+00:00,5.020677,14.534496
2025-09-27 02:00:00+00:00,4.5891175,11.3098955
2025-09-27 03:00:00+00:00,3.06,28.072395
2025-09-27 04:00:00+00:00,3.4763772,68.74943
2025-09-27 05:00:00+00:00,4.175069,97.43131
2025-09-27 06:00:00+00:00,4.896529,107.10281
2025-09-27 07:00:00+00:00,5.318383,113.962494
2025-09-27 08:00:00+00:00,4.5536795,108.43504
2025-09-27 09:00:00+00:00,4.3349743,85.23644
2025-09-27 10:00:00+00:00,4.6834598,92.20255
2025-09-27 11:00:00+00:00,4.445672,68.62931
2025-09-27 12:00:00+00:00,3.0652893,49.76371
2025-09-27 13:00:00+00:00,6.1437774,58.1726
2025-09-27 14:00:00+00:00,6.5520988,74.054535
2025-09-27 15:00:00+00:00,6.6624317,88.45188
2025-09-27 16:00:00+00:00,6.28713,103.24053
2025-09-27 17:00:00+00:00,5.293959,125.311295
2025-09-27 18:00:00+00:00,5.876938,139.9698
2025-09-27 19:00:00+00:00,6.050785,149.62096
2025-09-27 20:00:00+00:00,5.5916004,146.82147
2025-09-27 21:00:00+00:00,5.369916,140.44037
2025-09-27 22:00:00+00:00,6.3639607,135.0001
2025-09-27 23:00:00+00:00,6.1437774,121.82741
2025-09-28 00:00:00+00:00,5.4833565,113.19862
2025-09-28 01:00:00+00:00,5.937272,104.03627
2025-09-28 02:00:00+00:00,7.613382,96.78888
2025-09-28 03:00:00+00:00,9.600937,96.458725
2025-09-28 04:00:00+00:00,13.943901,101.16484
2025-09-28 05:00:00+00:00,16.284779,103.42185
2025-09-28 06:00:00+00:00,16.697365,101.18876
2025-09-28 07:00:00+00:00,16.276815,100.191444
2025-09-28 08:00:00+00:00,15.359179,100.12462
2025-09-28 09:00:00+00:00,14.087228,100.30479
2025-09-28 10:00:00+00:00,10.662626,111.801476
2025-09-28 11:00:00+00:00,9.621163,107.41806
2025-09-28 12:00:00+00:00,5.2939587,107.818985
2025-09-28 13:00:00+00:00,7.072878,104.743614
2025-09-28 14:00:00+00:00,6.206738,106.85848
2025-09-28 15:00:00+00:00,5.937272,104.03627
2025-09-28 16:00:00+00:00,7.172949,107.52566
2025-09-28 17:00:00+00:00,8.373386,115.46331
2025-09-28 18:00:00+00:00,8.836514,123.36639
2025-09-28 19:00:00+00:00,9.059205,130.97165
2025-09-28 20:00:00+00:00,8.161764,131.42357
2025-09-28 21:00:00+00:00,6.696387,126.25393
2025-09-28 22:00:00+00:00,5.6233797,129.80553
2025-09-28 23:00:00+00:00,4.669604,117.552734
2025-09-29 00:00:00+00:00,4.327493,106.9276
2025-09-29 01:00:00+00:00,5.0816135,112.93214
2025-09-29 02:00:00+00:00,6.6405115,122.828545
2025-09-29 03:00:00+00:00,8.783189,134.16977
2025-09-29 04:00:00+00:00,12.031756,141.07245
2025-09-29 05:00:00+00:00,11.712454,133.75471
2025-09-29 06:00:00+00:00,10.589448,121.79887
2025-09-29 07:00:00+00:00,10.163227,112.93214
2025-09-29 08:00:00+00:00,8.709098,108.06056
2025-09-29 09:00:00+00:00,7.841888,99.24603
2025-09-29 10:00:00+00:00,7.3821945,91.39715
2025-09-29 11:00:00+00:00,6.601363,78.996506
2025-09-29 12:00:00+00:00,3.6,90.0
2025-09-29 13:00:00+00:00,5.3939967,115.70991
2025-09-29 14:00:00+00:00,5.0911684,135.0001
2025-09-29 15:00:00+00:00,6.1305785,139.76372
2025-09-29 16:00:00+00:00,4.8433046,131.98714
2025-09-29 17:00:00+00:00,5.3426957,122.61923
2025-09-29 18:00:00+00:00,5.1165614,129.28938
2025-09-29 19:00:00+00:00,4.6452556,144.46223
2025-09-29 20:00:00+00:00,4.724786,130.36446
2025-09-29 21:00:00+00:00,4.514377,66.50142
2025-09-29 22:00:00+00:00,1.484318,104.03627
2025-09-29 23:00:00+00:00,0.71999997,90.0
2025-09-30 00:00:00+00:00,3.693291,133.02507
2025-09-30 01:00:00+00:00,6.66,161.07526
2025-09-30 02:00:00+00:00,7.0199995,157.3801
2025-09-30 03:00:00+00:00,6.7853074,158.19853
2025-09-30 04:00:00+00:00,6.2405767,146.76828
2025-09-30 05:00:00+00:00,5.257109,128.04709
2025-09-30 06:00:00+00:00,4.829907,116.56499
2025-09-30 07:00:00+00:00,4.3498964,114.44395
2025-09-30 08:00:00+00:00,3.5455887,113.962494
2025-09-30 09:00:00+00:00,3.572898,130.91429
2025-09-30 10:00:00+00:00,6.638072,102.5288
2025-09-30 11:00:00+00:00,9.085988,146.3099
2025-09-30 12:00:00+00:00,9.499157,170.18077
2025-09-30 13:00:00+00:00,9.901636,178.95839
2025-09-30 14:00:00+00:00,9.801326,187.38596
2025-09-30 15:00:00+00:00,7.841888,189.24603
2025-09-30 16:00:00+00:00,6.482499,181.59111
2025-09-30 17:00:00+00:00,4.6938252,184.39862
2025-09-30 18:00:00+00:00,4.6834598,182.20255
2025-09-30 19:00:00+00:00,3.4247334,176.98727
2025-09-30 20:00:00+00:00,3.6402748,188.53069
2025-09-30 21:00:00+00:00,1.6981165,32.005356
2025-09-30 22:00:00+00:00,3.5455887,23.962492
2025-09-30 23:00:00+00:00,2.907989,68.19853
2025-10-01 00:00:00+00:00,3.536439,104.743614
2025-10-01 01:00:00+00:00,2.5959969,123.690094
2025-10-01 02:00:00+00:00,2.3400002,22.61991
2025-10-01 03:00:00+00:00,4.8733153,355.76367
2025-10-01 04:00:00+00:00,4.6730714,344.3577
2025-10-01 05:00:00+00:00,4.2671766,332.3541
2025-10-01 06:00:00+00:00,2.5772076,335.22488
2025-10-01 07:00:00+00:00,1.659518,319.39877
2025-10-01 08:00:00+00:00,1.2074767,296.56497
2025-10-01 09:00:00+00:00,1.835647,258.6901
2025-10-01 10:00:00+00:00,1.8532133,240.94548
2025-10-01 11:00:00+00:00,3.0652893,220.23628
2025-10-01 12:00:00+00:00,2.1674871,184.76355
2025-10-01 13:00:00+00:00,5.3999996,143.13002
2025-10-01 14:00:00+00:00,5.5596404,150.9455
2025-10-01 15:00:00+00:00,5.5567255,155.09526
2025-10-01 16:00:00+00:00,6.2613096,161.56496
2025-10-01 17:00:00+00:00,6.310277,176.72958
2025-10-01 18:00:00+00:00,5.4149795,195.42223
2025-10-01 19:00:00+00:00,4.91634,203.7495
2025-10-01 20:00:00+00:00,4.278551,202.24907
2025-10-01 21:00:00+00:00,4.669604,207.55272
2025-10-01 22:00:00+00:00,4.7521367,294.62354
2025-10-01 23:00:00+00:00,2.1749482,24.443953
2025-10-02 00:00:00+00:00,2.1897945,80.53775
2025-10-02 01:00:00+00:00,2.36753,98.74608
2025-10-02 02:00:00+00:00,4.5,90.0
2025-10-02 03:00:00+00:00,5.232399,86.05489
2025-10-02 04:00:00+00:00,5.0688457,83.88459
2025-10-02 05:00:00+00:00,5.2200003,90.0
2025-10-02 06:00:00+00:00,5.8603754,100.619606
2025-10-02 07:00:00+00:00,7.0015144,107.96923
2025-10-02 08:00:00+00:00,6.206738,106.85848
2025-10-02 09:00:00+00:00,5.2478566,112.1664
2025-10-02 10:00:00+00:00,11.638917,129.35173
2025-10-02 11:00:00+00:00,7.1661706,101.59215
2025-10-02 12:00:00+00:00,3.8773184,68.19853
2025-10-02 13:00:00+00:00,7.8480825,36.607166
2025-10-02 14:00:00+00:00,11.351422,75.302635
2025-10-02 15:00:00+00:00,9.885262,100.491425
2025-10-02 16:00:00+00:00,8.101999,91.273
2025-10-02 17:00:00+00:00,9.224011,84.40076
2025-10-02 18:00:00+00:00,8.790563,100.619606
2025-10-02 19:00:00+00:00,8.507737,96.072365
2025-10-02 20:00:00+00:00,9.0018,91.14574
2025-10-02 21:00:00+00:00,8.64,90.0
2025-10-02 22:00:00+00:00,6.87779,83.99109
2025-10-02 23:00:00+00:00,6.8399997,90.0
2025-10-03 00:00:00+00:00,7.2359104,95.7105
2025-10-03 01:00:00+00:00,5.9427266,91.73567
2025-10-03 02:00:00+00:00,6.6624317,88.45188
2025-10-03 03:00:00+00:00,7.4672885,105.376305
2025-10-03 04:00:00+00:00,7.4932766,114.102234
2025-10-03 05:00:00+00:00,6.519877,96.340096
2025-10-03 06:00:00+00:00,6.1437774,84.95764
2025-10-03 07:00:00+00:00,6.2999997,90.0
2025-10-03 08:00:00+00:00,6.130579,93.366394
2025-10-03 09:00:00+00:00,5.0432134,92.045364
2025-10-03 10:00:00+00:00,4.2175345,50.194473
2025-10-03 11:00:00+00:00,5.7204895,24.145542
2025-10-03 12:00:00+00:00,4.896529,17.102825
2025-10-03 13:00:00+00:00,5.3939967,25.709915
2025-10-03 14:00:00+00:00,5.692099,34.69522
2025-10-03 15:00:00+00:00,6.502461,41.63345
2025-10-03 16:00:00+00:00,5.2694216,82.14678
2025-10-03 17:00:00+00:00,4.3832865,109.17911
2025-10-03 18:00:00+00:00,3.572898,130.91429
2025-10-03 19:00:00+00:00,3.5864744,162.47433
2025-10-03 20:00:00+00:00,4.14,180.0
2025-10-03 21:00:00+00:00,3.9844694,198.43504
2025-10-03 22:00:00+00:00,2.7534704,281.3099
2025-10-03 23:00:00+00:00,3.710795,292.83368
2025-10-04 00:00:00+00:00,4.3498964,294.44394
2025-10-04 01:00:00+00:00,5.6920996,288.43503
2025-10-04 02:00:00+00:00,6.5520988,285.94547
2025-10-04 03:00:00+00:00,7.5170207,286.6993
2025-10-04 04:00:00+00:00,9.761578,292.78244
2025-10-04 05:00:00+00:00,12.156331,297.3238
2025-10-04 06:00:00+00:00,13.281023,302.82855
2025-10-04 07:00:00+00:00,13.752047,307.01996
2025-10-04 08:00:00+00:00,14.083778,308.77417
2025-10-04 09:00:00+00:00,14.336861,308.8845
2025-10-04 10:00:00+00:00,11.7,306.86996
2025-10-04 11:00:00+00:00,10.152064,307.07315
2025-10-04 12:00:00+00:00,5.8048253,299.74478
2025-10-04 13:00:00+00:00,7.029225,283.32455
2025-10-04 14:00:00+00:00,6.5049515,284.4208
2025-10-04 15:00:00+00:00,6.8989563,285.12405
2025-10-04 16:00:00+00:00,7.0015144,287.96924
2025-10-04 17:00:00+00:00,6.9527545,291.25058
2025-10-04 18:00:00+00:00,6.489992,289.44012
2025-10-04 19:00:00+00:00,6.28713,283.24054
2025-10-04 20:00:00+00:00,6.1437774,275.04236
2025-10-04 21:00:00+00:00,5.950899,273.46817
2025-10-04 22:00:00+00:00,6.1858225,261.6342
2025-10-04 23:00:00+00:00,7.4346757,263.04712
2025-10-05 00:00:00+00:00,9.007196,272.29056
2025-10-05 01:00:00+00:00,10.266314,272.00952
2025-10-05 02:00:00+00:00,12.0653715,271.70978
2025-10-05 03:00:00+00:00,12.32047,281.8024
2025-10-05 04:00:00+00:00,13.789691,305.97247
2025-10-05 05:00:00+00:00,13.282243,333.43503
2025-10-05 06:00:00+00:00,9.0018,348.4654
2025-10-05 07:00:00+00:00,4.514377,336.5014
2025-10-05 08:00:00+00:00,3.9312592,285.94547
2025-10-05 09:00:00+00:00,5.5829024,271.84756
2025-10-05 10:00:00+00:00,9.12513,292.01132
2025-10-05 11:00:00+00:00,8.836514,303.36636
2025-10-05 12:00:00+00:00,5.3999996,306.86996
2025-10-05 13:00:00+00:00,7.24486,296.56497
2025-10-05 14:00:00+00:00,6.162207,276.70975
2025-10-05 15:00:00+00:00,4.7110505,223.45189
2025-10-05 16:00:00+00:00,5.3426957,212.61923
2025-10-05 17:00:00+00:00,5.983477,223.7812
2025-10-05 18:00:00+00:00,6.696387,233.74606
2025-10-05 19:00:00+00:00,6.2379804,226.16905
2025-10-05 20:00:00+00:00,4.8965297,216.02747
2025-10-05 21:00:00+00:00,4.186693,244.5367
2025-10-05 22:00:00+00:00,7.2044983,347.00537
2025-10-05 23:00:00+00:00,7.841888,9.246045
2025-10-06 00:00:00+00:00,8.783189,45.83023
2025-10-06 01:00:00+00:00,8.936778,55.66973
2025-10-06 02:00:00+00:00,8.641874,91.19346
2025-10-06 03:00:00+00:00,9.835975,145.43741
2025-10-06 04:00:00+00:00,8.155807,157.96371
2025-10-06 05:00:00+00:00,6.130579,183.3664
2025-10-06 06:00:00+00:00,10.234705,214.24908
2025-10-06 07:00:00+00:00,14.003028,226.04153
2025-10-06 08:00:00+00:00,6.330782,255.17348
2025-10-06 09:00:00+00:00,4.2021422,350.13425
2025-10-06 10:00:00+00:00,4.942631,10.491434
2025-10-06 11:00:00+00:00,8.699793,65.55606
2025-10-06 12:00:00+00:00,10.783487,75.4998
2025-10-06 13:00:00+00:00,8.581677,80.34018
2025-10-06 14:00:00+00:00,6.6818557,94.635376
2025-10-06 15:00:00+00:00,6.0908127,108.970505
2025-10-06 16:00:00+00:00,4.3274937,135.0001
2025-10-06 17:00:00+00:00,4.503598,177.70944
2025-10-06 18:00:00+00:00,7.0015144,197.96924
2025-10-06 19:00:00+00:00,7.562142,181.36389
2025-10-06 20:00:00+00:00,7.3447943,162.89719
2025-10-06 21:00:00+00:00,6.5024605,184.76355
2025-10-06 22:00:00+00:00,4.7827187,160.20103
2025-10-06 23:00:00+00:00,2.19718,145.0079
2025-10-07 00:00:00+00:00,2.0991426,120.96369
2025-10-07 01:00:00+00:00,4.198285,120.96369
2025-10-07 02:00:00+00:00,5.318383,113.962494
2025-10-07 03:00:00+00:00,5.5829024,110.77233
2025-10-07 04:00:00+00:00,6.689125,113.80595
2025-10-07 05:00:00+00:00,9.039514,125.27251
2025-10-07 06:00:00+00:00,10.32924,131.4676
2025-10-07 07:00:00+00:00,8.92408,131.72942
2025-10-07 08:00:00+00:00,7.4520864,127.14677
2025-10-07 09:00:00+00:00,7.10031,120.46546
2025-10-07 10:00:00+00:00,5.991594,147.26479
2025-10-07 11:00:00+00:00,3.01735,197.35411
2025-10-07 12:00:00+00:00,5.991594,302.7352
2025-10-07 13:00:00+00:00,7.2022495,1.4320632
2025-10-07 14:00:00+00:00,12.242646,48.57643
2025-10-07 15:00:00+00:00,11.605464,66.21797
2025-10-07 16:00:00+00:00,6.66,90.0
2025-10-07 17:00:00+00:00,4.072935,135.0001
2025-10-07 18:00:00+00:00,4.514377,175.42616
2025-10-07 19:00:00+00:00,4.3536186,209.7448
2025-10-07 20:00:00+00:00,3.7842832,244.65387
2025-10-07 21:00:00+00:00,3.4576871,308.65982
2025-10-07 22:00:00+00:00,1.835647,11.3098955
2025-10-07 23:00:00+00:00,2.7943513,14.931467
2025-10-08 00:00:00+00:00,2.8460495,325.30478
2025-10-08 01:00:00+00:00,2.7416782,293.1986
2025-10-08 02:00:00+00:00,3.8141315,289.29013
2025-10-08 03:00:00+00:00,6.12,298.0724
2025-10-08 04:00:00+00:00,7.491114,305.21768
2025-10-08 05:00:00+00:00,6.638072,319.39877
2025-10-08 06:00:00+00:00,5.369916,320.44037
2025-10-08 07:00:00+00:00,5.4744864,316.33215
2025-10-08 08:00:00+00:00,5.7628117,308.65982
2025-10-08 09:00:00+00:00,6.6405115,302.82855
2025-10-08 10:00:00+00:00,7.7879906,303.6901
2025-10-08 11:00:00+00:00,9.12513,292.01132
2025-10-08 12:00:00+00:00,6.050785,292.751
2025-10-08 13:00:00+00:00,6.7205353,290.37653
2025-10-08 14:00:00+00:00,7.973005,298.30066
2025-10-08 15:00:00+00:00,7.9383874,302.96942
2025-10-08 16:00:00+00:00,6.198903,295.82092
2025-10-08 17:00:00+00:00,6.0347,287.3541
2025-10-08 18:00:00+00:00,6.830519,288.43503
2025-10-08 19:00:00+00:00,7.172949,287.52567
2025-10-08 20:00:00+00:00,7.3997297,288.43503
2025-10-08 21:00:00+00:00,7.1208143,286.1444
2025-10-08 22:00:00+00:00,5.720489,282.72437
2025-10-08 23:00:00+00:00,5.6920996,288.43503
2025-10-09 00:00:00+00:00,6.2613096,288.43503
2025-10-09 01:00:00+00:00,7.353611,291.54105
2025-10-09 02:00:00+00:00,8.587338,303.02386
2025-10-09 03:00:00+00:00,9.387651,327.52884
2025-10-09 04:00:00+00:00,9.215226,347.5926
2025-10-09 05:00:00+00:00,8.338489,346.2637
2025-10-09 06:00:00+00:00,8.217153,331.1893
2025-10-09 07:00:00+00:00,9.726664,321.009
2025-10-09 08:00:00+00:00,10.819482,315.67395
2025-10-09 09:00:00+00:00,11.583108,314.37048
2025-10-09 10:00:00+00:00,10.825469,317.02136
2025-10-09 11:00:00+00:00,9.931042,313.53125
2025-10-09 12:00:00+00:00,7.344794,306.02747
2025-10-09 13:00:00+00:00,8.242743,301.60745
2025-10-09 14:00:00+00:00,8.936778,304.33026
2025-10-09 15:00:00+00:00,9.585739,304.28693
2025-10-09 16:00:00+00:00,9.139322,302.12497
2025-10-09 17:00:00+00:00,8.373386,295.46332
2025-10-09 18:00:00+00:00,8.089993,290.85452
2025-10-09 19:00:00+00:00,8.36758,288.8248
2025-10-09 20:00:00+00:00,8.139901,288.03436
2025-10-09 21:00:00+00:00,8.431228,286.1135
2025-10-09 22:00:00+00:00,8.163749,284.03625
2025-10-09 23:00:00+00:00,7.342588,281.3099
2025-10-10 00:00:00+00:00,7.029225,283.32455
2025-10-10 01:00:00+00:00,7.072878,284.74362
2025-10-10 02:00:00+00:00,8.604301,285.78082
2025-10-10 03:00:00+00:00,7.8583965,290.0953
2025-10-10 04:00:00+00:00,8.29173,297.12122
2025-10-10 05:00:00+00:00,9.0,306.86996
2025-10-10 06:00:00+00:00,8.942214,310.10083
2025-10-10 07:00:00+00:00,7.7043357,307.40543
2025-10-10 08:00:00+00:00,6.489992,303.6901
2025-10-10 09:00:00+00:00,5.8769383,297.3498
2025-10-10 10:00:00+00:00,6.3639607,298.7397
2025-10-10 11:00:00+00:00,6.193674,305.53775
2025-10-10 12:00:00+00:00,6.3639607,315.0001
2025-10-10 13:00:00+00:00,6.4096174,321.8427
2025-10-10 14:00:00+00:00,5.8603754,317.4896
2025-10-10 15:00:00+00:00,6.391901,302.3474
2025-10-10 16:00:00+00:00,7.186487,292.06796
2025-10-10 17:00:00+00:00,7.040739,274.39862
2025-10-10 18:00:00+00:00,7.5685663,272.72626
2025-10-10 19:00:00+00:00,7.6367526,278.13
2025-10-10 20:00:00+00:00,7.519175,281.0409
2025-10-10 21:00:00+00:00,7.8728137,280.53912
2025-10-10 22:00:00+00:00,6.7205353,290.37653
2025-10-10 23:00:00+00:00,6.320538,289.9832
2025-10-11 00:00:00+00:00,5.1826253,290.3232
2025-10-11 01:00:00+00:00,5.4149795,285.4222
2025-10-11 02:00:00+00:00,7.42159,284.03625
2025-10-11 03:00:00+00:00,6.6185193,292.3802
2025-10-11 04:00:00+00:00,7.388775,304.07724
2025-10-11 05:00:00+00:00,8.149847,316.7899
2025-10-11 06:00:00+00:00,7.8149853,321.54626
2025-10-11 07:00:00+00:00,7.9567327,322.3523
2025-10-11 08:00:00+00:00,7.7900705,319.68597
2025-10-11 09:00:00+00:00,7.653705,318.81415
2025-10-11 10:00:00+00:00,9.19939,329.42084
2025-10-11 11:00:00+00:00,6.792466,327.99466
2025-10-11 12:00:00+00:00,6.7565966,311.7602
2025-10-11 13:00:00+00:00,8.461914,299.29126
2025-10-11 14:00:00+00:00,7.6579366,293.55228
2025-10-11 15:00:00+00:00,7.353611,291.54105
2025-10-11 16:00:00+00:00,7.729527,297.75842
2025-10-11 17:00:00+00:00,7.748368,300.7354
2025-10-11 18:00:00+00:00,8.0899935,302.27563
2025-10-11 19:00:00+00:00,8.0899935,302.27563
2025-10-11 20:00:00+00:00,8.242743,301.60745
2025-10-11 21:00:00+00:00,8.305396,299.8988
2025-10-11 22:00:00+00:00,7.674842,309.28937
2025-10-11 23:00:00+00:00,7.562142,308.23386
2025-10-12 00:00:00+00:00,7.7420926,305.53775
2025-10-12 01:00:00+00:00,7.289445,302.90524
2025-10-12 02:00:00+00:00,8.836514,303.36636
2025-10-12 03:00:00+00:00,7.2649574,311.98712
2025-10-12 04:00:00+00:00,7.1684303,321.1155
2025-10-12 05:00:00+00:00,7.6388745,325.56094
2025-10-12 06:00:00+00:00,8.037761,325.954
2025-10-12 07:00:00+00:00,8.856658,322.43134
2025-10-12 08:00:00+00:00,9.726664,321.009
2025-10-12 09:00:00+00:00,10.441551,324.11777
2025-10-12 10:00:00+00:00,10.837435,318.36655
2025-10-12 11:00:00+00:00,8.027678,317.72638
2025-10-12 12:00:00+00:00,6.1094027,315.0001
2025-10-12 13:00:00+00:00,7.6367526,315.0001
2025-10-12 14:00:00+00:00,7.1321807,317.0454
2025-10-12 15:00:00+00:00,7.256032,316.00497
2025-10-12 16:00:00+00:00,7.2649574,318.01285
2025-10-12 17:00:00+00:00,7.282774,320.01315
2025-10-12 18:00:00+00:00,7.4520864,322.85324
2025-10-12 19:00:00+00:00,7.388775,325.92276
2025-10-12 20:00:00+00:00,7.0407386,327.52884
2025-10-12 21:00:00+00:00,6.945761,328.78165
2025-10-12 22:00:00+00:00,6.0908127,341.02948
2025-10-12 23:00:00+00:00,7.1684303,331.50446
2025-10-13 00:00:00+00:00,6.8777895,317.1211
2025-10-13 01:00:00+00:00,6.59154,304.9921
2025-10-13 02:00:00+00:00,6.12,298.0724
2025-10-13 03:00:00+00:00,4.599695,300.57913
2025-10-13 04:00:00+00:00,4.965521,313.53125
2025-10-13 05:00:00+00:00,5.3999996,323.13004
2025-10-13 06:00:00+00:00,5.634891,333.43503
2025-10-13 07:00:00+00:00,6.361415,334.8852
2025-10-13 08:00:00+00:00,6.439876,333.43503
2025-10-13 09:00:00+00:00,6.361415,334.8852
2025-10-13 10:00:00+00:00,4.913044,331.55716
2025-10-13 11:00:00+00:00,4.3536186,330.25522
2025-10-13 12:00:00+00:00,5.09435,327.99466
2025-10-13 13:00:00+00:00,5.0816135,337.06787
2025-10-13 14:00:00+00:00,4.802999,347.00537
2025-10-13 15:00:00+00:00,3.9312592,344.05453
2025-10-13 16:00:00+00:00,4.198285,329.03632
2025-10-13 17:00:00+00:00,5.692099,325.30478
2025-10-13 18:00:00+00:00,7.1389914,326.3099
2025-10-13 19:00:00+00:00,7.4128532,330.9455
2025-10-13 20:00:00+00:00,7.329338,335.32315
2025-10-13 21:00:00+00:00,7.0199995,337.3801
2025-10-13 22:00:00+00:00,6.544677,328.4958
2025-10-13 23:00:00+00:00,6.269067,320.82635
2025-10-14 00:00:00+00:00,6.1305785,310.2363
2025-10-14 01:00:00+00:00,6.7397914,304.1145
2025-10-14 02:00:00+00:00,6.9247384,297.8972
2025-10-14 03:00:00+00:00,5.068846,286.50443
2025-10-14 04:00:00+00:00,4.942631,280.49142
2025-10-14 05:00:00+00:00,4.2021422,279.86575
2025-10-14 06:00:00+00:00,3.2846913,279.46225
2025-10-14 07:00:00+00:00,2.97953,295.01685
2025-10-14 08:00:00+00:00,2.8116899,309.8055
2025-10-14 09:00:00+00:00,2.19718,325.0079
2025-10-14 10:00:00+00:00,3.8647635,332.24155
2025-10-14 11:00:00+00:00,2.9024127,352.87506
2025-10-14 12:00:00+00:00,3.3043609,29.357658
2025-10-14 13:00:00+00:00,4.2175345,39.805527
2025-10-14 14:00:00+00:00,4.5,53.13002
2025-10-14 15:00:00+00:00,4.4456716,58.240574
2025-10-14 16:00:00+00:00,4.293669,56.976128
2025-10-14 17:00:00+00:00,4.080882,48.57643
2025-10-14 18:00:00+00:00,3.8647635,27.758451
2025-10-14 19:00:00+00:00,4.175069,352.5687
2025-10-14 20:00:00+00:00,4.186693,334.53668
2025-10-14 21:00:00+00:00,4.978554,319.39877
2025-10-14 22:00:00+00:00,7.0038276,334.09354
2025-10-14 23:00:00+00:00,7.289444,339.77505
2025-10-15 00:00:00+00:00,7.2805495,351.4693
2025-10-15 01:00:00+00:00,6.4799995,360.0
2025-10-15 02:00:00+00:00,2.52,360.0
2025-10-15 03:00:00+00:00,0.742159,194.03627
2025-10-15 04:00:00+00:00,1.4399999,180.0
2025-10-15 05:00:00+00:00,1.4512063,172.87508
2025-10-15 06:00:00+00:00,1.1525624,231.34016
2025-10-15 07:00:00+00:00,2.5772076,294.77512
2025-10-15 08:00:00+00:00,3.4388947,317.1211
2025-10-15 09:00:00+00:00,3.9518096,329.9315
2025-10-15 10:00:00+00:00,6.4323244,342.072
2025-10-15 11:00:00+00:00,4.353619,352.87506
2025-10-15 12:00:00+00:00,5.6521144,9.16228
2025-10-15 13:00:00+00:00,6.0721655,11.976112
2025-10-15 14:00:00+00:00,6.1569467,15.255177
2025-10-15 15:00:00+00:00,6.898956,7.495768
2025-10-15 16:00:00+00:00,8.821836,1.1691146
2025-10-15 17:00:00+00:00,8.849339,355.33322
2025-10-15 18:00:00+00:00,8.790563,349.3804
2025-10-15 19:00:00+00:00,9.059205,339.04413
2025-10-15 20:00:00+00:00,7.889258,325.2221
2025-10-15 21:00:00+00:00,7.7734165,312.18436
2025-10-15 22:00:00+00:00,8.099999,306.86996
2025-10-15 23:00:00+00:00,7.596341,306.3269
2025-10-16 00:00:00+00:00,7.7900705,310.31403
2025-10-16 01:00:00+00:00,7.2403865,304.8754
2025-10-16 02:00:00+00:00,6.3639607,298.7397
2025-10-16 03:00:00+00:00,4.3536186,299.74478
2025-10-16 04:00:00+00:00,4.143911,304.3804
2025-10-16 05:00:00+00:00,3.8268526,318.81415
2025-10-16 06:00:00+00:00,3.8521678,322.59457
2025-10-16 07:00:00+00:00,3.9477081,316.8476
2025-10-16 08:00:00+00:00,3.9640884,320.52756
2025-10-16 09:00:00+00:00,3.8521678,322.59457
2025-10-16 10:00:00+00:00,5.6060677,312.39737
2025-10-16 11:00:00+00:00,4.2021427,316.73566
2025-10-16 12:00:00+00:00,3.693291,313.0251
2025-10-16 13:00:00+00:00,2.5772076,294.77512
2025-10-16 14:00:00+00:00,2.1897945,279.46225
2025-10-16 15:00:00+00:00,2.1068459,250.0168
2025-10-16 16:00:00+00:00,3.5455887,246.0375
2025-10-16 17:00:00+00:00,5.5216303,250.9743
2025-10-16 18:00:00+00:00,6.8612823,265.48608
2025-10-16 19:00:00+00:00,7.293888,285.75125
2025-10-16 20:00:00+00:00,7.289445,302.90524
2025-10-16 21:00:00+00:00,7.3997297,311.05472
2025-10-16 22:00:00+00:00,6.4924874,316.1232
2025-10-16 23:00:00+00:00,7.029225,320.1945
2025-10-17 00:00:00+00:00,7.2649574,311.98712
2025-10-17 01:00:00+00:00,7.1684303,298.49554
2025-10-17 02:00:00+00:00,7.256032,293.38525
2025-10-17 03:00:00+00:00,5.2478566,300.96368
2025-10-17 04:00:00+00:00,5.3517847,312.27362
2025-10-17 05:00:00+00:00,6.048107,323.47104
2025-10-17 06:00:00+00:00,5.8409934,326.3099
2025-10-17 07:00:00+00:00,5.1575575,330.75128
2025-10-17 08:00:00+00:00,4.5891175,334.44006
2025-10-17 09:00:00+00:00,4.445672,338.6293
2025-10-17 10:00:00+00:00,5.00128,329.74365
2025-10-17 11:00:00+00:00,4.293669,326.97614
2025-10-17 12:00:00+00:00,4.3536186,299.74478
2025-10-17 13:00:00+00:00,4.613762,290.55612
2025-10-17 14:00:00+00:00,5.020677,284.5345
2025-10-17 15:00:00+00:00,5.8603754,280.6196
2025-10-17 16:00:00+00:00,6.778141,280.71307
2025-10-17 17:00:00+00:00,7.247096,284.38144
2025-10-17 18:00:00+00:00,7.24486,296.56497
2025-10-17 19:00:00+00:00,7.0934615,305.7068
2025-10-17 20:00:00+00:00,6.638072,310.60123
2025-10-17 21:00:00+00:00,6.502461,311.63345
2025-10-17 22:00:00+00:00,5.004518,307.6943
2025-10-17 23:00:00+00:00,6.4096174,308.15726
2025-10-18 00:00:00+00:00,6.502461,318.36655
2025-10-18 01:00:00+00:00,6.6624317,321.5819
2025-10-18 02:00:00+00:00,5.22,316.3971
2025-10-18 03:00:00+00:00,3.2048087,308.15726
2025-10-18 04:00:00+00:00,2.6999998,306.86996
2025-10-18 05:00:00+00:00,2.8001428,315.0001
2025-10-18 06:00:00+00:00,2.19718,304.9921
2025-10-18 07:00:00+00:00,1.659518,310.60123
2025-10-18 08:00:00+00:00,0.8049845,296.56497
2025-10-18 09:00:00+00:00,0.8049845,243.43501
2025-10-18 10:00:00+00:00,1.835647,348.6901
2025-10-18 11:00:00+00:00,3.1072817,349.99207
2025-10-18 12:00:00+00:00,3.7971036,5.4402504
2025-10-18 13:00:00+00:00,3.8856654,13.392516
2025-10-18 14:00:00+00:00,3.0652893,40.236294
2025-10-18 15:00:00+00:00,1.5484185,125.537766
2025-10-18 16:00:00+00:00,2.1674871,184.76355
2025-10-18 17:00:00+00:00,3.572898,220.91429
2025-10-18 18:00:00+00:00,4.510787,241.38963
2025-10-18 19:00:00+00:00,5.6262593,262.6477
2025-10-18 20:00:00+00:00,6.8138976,282.20044
2025-10-18 21:00:00+00:00,6.5223618,297.97937
2025-10-18 22:00:00+00:00,5.7402787,318.81418
2025-10-18 23:00:00+00:00,6.2067385,330.4613
2025-10-19 00:00:00+00:00,6.439876,333.43503
2025-10-19 01:00:00+00:00,5.318383,336.0375
2025-10-19 02:00:00+00:00,3.01735,342.64587
2025-10-19 03:00:00+00:00,1.1525624,321.34018
2025-10-19 04:00:00+00:00,1.5273507,315.0001
2025-10-19 05:00:00+00:00,1.4058449,320.1945
2025-10-19 06:00:00+00:00,1.2727921,8.130019
2025-10-19 07:00:00+00:00,1.8532133,29.054508
2025-10-19 08:00:00+00:00,2.3469129,32.471172
2025-10-19 09:00:00+00:00,2.5582807,39.289394
2025-10-19 10:00:00+00:00,3.2846913,350.53775
2025-10-19 11:00:00+00:00,2.2768397,341.56494
2025-10-19 12:00:00+00:00,2.0991426,239.0363
2025-10-19 13:00:00+00:00,4.2021427,223.26433
2025-10-19 14:00:00+00:00,5.3517847,222.27362
2025-10-19 15:00:00+00:00,6.8777895,222.87889
2025-10-19 16:00:00+00:00,7.001514,226.04153
2025-10-19 17:00:00+00:00,6.804381,232.52374
2025-10-19 18:00:00+00:00,7.0038276,244.09354
2025-10-19 19:00:00+00:00,6.162207,263.29025
2025-10-19 20:00:00+00:00,6.037383,280.30478
2025-10-19 21:00:00+00:00,6.050785,292.751
2025-10-19 22:00:00+00:00,5.1919937,326.3099
2025-10-19 23:00:00+00:00,5.7515564,339.8636
2025-10-20 00:00:00+00:00,5.4744864,350.53775
2025-10-20 01:00:00+00:00,5.5829024,1.8475709
2025-10-20 02:00:00+00:00,4.278551,14.620926
2025-10-20 03:00:00+00:00,2.0523157,52.124958
2025-10-20 04:00:00+00:00,2.3469126,94.39862
2025-10-20 05:00:00+00:00,4.2136917,109.98319
2025-10-20 06:00:00+00:00,5.8104043,106.18928
2025-10-20 07:00:00+00:00,6.8138976,102.200455
2025-10-20 08:00:00+00:00,6.9550843,100.43742
2025-10-20 09:00:00+00:00,6.7469993,99.21095
2025-10-20 10:00:00+00:00,5.1197267,79.87539
2025-10-20 11:00:00+00:00,3.710795,67.16631
2025-10-20 12:00:00+00:00,3.710795,75.96373
2025-10-20 13:00:00+00:00,3.396233,122.00535
2025-10-20 14:00:00+00:00,3.7971041,148.57048
2025-10-20 15:00:00+00:00,4.6938252,175.60138
2025-10-20 16:00:00+00:00,5.2694216,187.85323
2025-10-20 17:00:00+00:00,5.8631387,197.87878
2025-10-20 18:00:00+00:00,5.4744864,207.40749
2025-10-20 19:00:00+00:00,4.471107,220.10085
2025-10-20 20:00:00+00:00,3.9640884,230.52757
2025-10-20 21:00:00+00:00,3.0811036,263.29025
2025-10-20 22:00:00+00:00,3.8183763,81.86999
2025-10-20 23:00:00+00:00,6.8989563,105.12406
2025-10-21 00:00:00+00:00,5.7204895,114.14554
2025-10-21 01:00:00+00:00,5.692099,124.69522
2025-10-21 02:00:00+00:00,6.804381,127.47626
2025-10-21 03:00:00+00:00,4.542994,123.6901
2025-10-21 04:00:00+00:00,4.471107,130.10085
2025-10-21 05:00:00+00:00,4.0249224,153.43501
2025-10-21 06:00:00+00:00,3.4949677,168.11136
2025-10-21 07:00:00+00:00,2.36753,171.25392
2025-10-21 08:00:00+00:00,1.26,180.0
2025-10-21 09:00:00+00:00,0.54,90.0
2025-10-21 10:00:00+00:00,2.7416782,156.80138
2025-10-21 11:00:00+00:00,4.7110505,83.41815
2025-10-21 12:00:00+00:00,7.382195,44.999897
2025-10-21 13:00:00+00:00,7.6388745,34.43906
2025-10-21 14:00:00+00:00,4.978554,40.601215
2025-10-21 15:00:00+00:00,4.829907,63.435013
2025-10-21 16:00:00+00:00,3.494968,124.50858
2025-10-21 17:00:00+00:00,3.5864744,162.47433
2025-10-21 18:00:00+00:00,3.6179552,185.7105
2025-10-21 19:00:00+00:00,4.3536186,209.7448
2025-10-21 20:00:00+00:00,5.2323985,229.18501
2025-10-21 21:00:00+00:00,5.5829024,268.15244
2025-10-21 22:00:00+00:00,0.8049845,296.56497
2025-10-21 23:00:00+00:00,1.8,36.86999
2025-10-22 00:00:00+00:00,1.5273507,44.999897
2025-10-22 01:00:00+00:00,1.1384199,108.43504
2025-10-22 02:00:00+00:00,1.0948973,189.46225
2025-10-22 03:00:00+00:00,0.9693296,291.80148
2025-10-22 04:00:00+00:00,2.7475805,328.39255
2025-10-22 05:00:00+00:00,3.9518096,329.9315
2025-10-22 06:00:00+00:00,4.6452556,324.46225
2025-10-22 07:00:00+00:00,6.384293,319.574
2025-10-22 08:00:00+00:00,7.2649574,318.01285
2025-10-22 09:00:00+00:00,7.145796,310.91428
2025-10-22 10:00:00+00:00,7.289445,302.90524
2025-10-22 11:00:00+00:00,4.8965297,306.02747
2025-10-22 12:00:00+00:00,7.519175,312.08908
2025-10-22 13:00:00+00:00,8.461915,321.91116
2025-10-22 14:00:00+00:00,9.179999,331.9276
2025-10-22 15:00:00+00:00,9.102021,335.46228
2025-10-22 16:00:00+00:00,8.297589,335.6589
2025-10-22 17:00:00+00:00,7.406295,334.05774
2025-10-22 18:00:00+00:00,8.242743,328.39255
2025-10-22 19:00:00+00:00,8.942214,319.89914
2025-10-22 20:00:00+00:00,9.3340025,309.52258
2025-10-22 21:00:00+00:00,8.9873905,302.7352
2025-10-22 22:00:00+00:00,6.4096174,308.15726
2025-10-22 23:00:00+00:00,6.502461,311.63345
2025-10-23 00:00:00+00:00,6.7469993,313.91916
2025-10-23 01:00:00+00:00,6.7757506,320.38934
2025-10-23 02:00:00+00:00,8.893166,324.0578
2025-10-23 03:00:00+00:00,6.601363,334.1337
2025-10-23 04:00:00+00:00,6.489992,340.55988
2025-10-23 05:00:00+00:00,6.452441,337.01126
2025-10-23 06:00:00+00:00,6.9247384,332.1028
2025-10-23 07:00:00+00:00,7.562142,321.7661
2025-10-23 08:00:00+00:00,7.386582,316.9749
2025-10-23 09:00:00+00:00,7.145796,310.91428
2025-10-23 10:00:00+00:00,7.6367526,315.0001
2025-10-23 11:00:00+00:00,5.004518,307.6943
2025-10-23 12:00:00+00:00,7.0107627,311.87778
2025-10-23 13:00:00+00:00,7.289445,327.09476
2025-10-23 14:00:00+00:00,8.225035,336.8014
2025-10-23 15:00:00+00:00,9.059205,339.04413
2025-10-23 16:00:00+00:00,9.418661,333.92468
2025-10-23 17:00:00+00:00,8.641874,324.3235
2025-10-23 18:00:00+00:00,8.161764,318.57642
2025-10-23 19:00:00+00:00,8.6867485,325.9806
2025-10-23 20:00:00+00:00,8.93859,334.98312
2025-10-23 21:00:00+00:00,8.557102,337.75092
2025-10-23 22:00:00+00:00,7.7734165,317.8156
2025-10-23 23:00:00+00:00,7.8149853,308.45374
2025-10-24 00:00:00+00:00,6.6818557,297.25525
2025-10-24 01:00:00+00:00,6.1569467,285.25516
2025-10-24 02:00:00+00:00,7.029225,283.32455
2025-10-24 03:00:00+00:00,4.3832865,289.1791
2025-10-24 04:00:00+00:00,4.4274144,296.56497
2025-10-24 05:00:00+00:00,4.186693,295.46332
2025-10-24 06:00:00+00:00,4.1085763,298.8107
2025-10-24 07:00:00+00:00,3.710795,309.09384
2025-10-24 08:00:00+00:00,3.8268526,318.81415
2025-10-24 09:00:00+00:00,3.396233,327.99466
2025-10-24 10:00:00+00:00,3.7971041,328.5705
2025-10-24 11:00:00+00:00,2.5959969,326.3099
2025-10-24 12:00:00+00:00,1.9134263,318.81415
2025-10-24 13:00:00+00:00,0.9178235,348.6901
2025-10-24 14:00:00+00:00,1.484318,14.036275
2025-10-24 15:00:00+00:00,0.8049845,333.43503
2025-10-24 16:00:00+00:00,0.8049845,243.43501
2025-10-24 17:00:00+00:00,3.0652893,220.23628
2025-10-24 18:00:00+00:00,4.7110505,223.45189
2025-10-24 19:00:00+00:00,6.1305785,229.76372
2025-10-24 20:00:00+00:00,7.344794,233.97253
2025-10-24 21:00:00+00:00,7.44121,237.84773
2025-10-24 22:00:00+00:00,6.2613096,251.56496
2025-10-24 23:00:00+00:00,5.1197267,259.8754
2025-10-25 00:00:00+00:00,3.710795,284.03625
2025-10-25 01:00:00+00:00,2.9024127,330.25522
2025-10-25 02:00:00+00:00,3.244996,356.82022
2025-10-25 03:00:00+00:00,2.0124612,333.43503
2025-10-25 04:00:00+00:00,2.19718,325.0079
2025-10-25 05:00:00+00:00,1.8,323.13
2025-10-25 06:00:00+00:00,1.7076298,18.435053
2025-10-25 07:00:00+00:00,3.4576871,38.65983
2025-10-25 08:00:00+00:00,3.563818,44.999897
2025-10-25 09:00:00+00:00,3.4388947,47.12111
2025-10-25 10:00:00+00:00,1.8089776,354.2895
2025-10-25 11:00:00+00:00,2.7534704,348.6901
2025-10-25 12:00:00+00:00,4.6834598,357.79745
2025-10-25 13:00:00+00:00,4.73506,8.746089
2025-10-25 14:00:00+00:00,3.148714,30.963696
2025-10-25 15:00:00+00:00,1.2074767,63.435013
2025-10-25 16:00:00+00:00,0.9,126.86999
2025-10-25 17:00:00+00:00,2.968636,165.96373
2025-10-25 18:00:00+00:00,5.6262593,172.64772
2025-10-25 19:00:00+00:00,6.482499,178.40889
2025-10-25 20:00:00+00:00,6.3639607,188.13002
2025-10-25 21:00:00+00:00,5.3517847,199.65392
2025-10-25 22:00:00+00:00,1.2727921,224.9999
2025-10-25 23:00:00+00:00,1.1525624,51.34017
2025-10-26 00:00:00+00:00,2.4216523,48.01287
2025-10-26 01:00:00+00:00,2.9522195,52.431335
2025-10-26 02:00:00+00:00,3.572898,40.9143
2025-10-26 03:00:00+00:00,2.6758924,19.653913
2025-10-26 04:00:00+00:00,2.2768397,18.435053
2025-10-26 05:00:00+00:00,1.0495713,30.963696
2025-10-26 06:00:00+00:00,0.6489992,56.309914
2025-10-26 07:00:00+00:00,1.4058449,39.805527
2025-10-26 08:00:00+00:00,1.781909,44.999897
2025-10-26 09:00:00+00:00,1.609969,63.435013
2025-10-26 10:00:00+00:00,0.17999999,360.0
2025-10-26 11:00:00+00:00,1.7076298,341.56494
2025-10-26 12:00:00+00:00,3.4623692,332.1028
2025-10-26 13:00:00+00:00,4.991553,334.35904
2025-10-26 14:00:00+00:00,4.724786,342.25522
2025-10-26 15:00:00+00:00,2.8856194,3.5762644
2025-10-26 16:00:00+00:00,1.1525624,141.34016
2025-10-26 17:00:00+00:00,3.84796,169.21574
2025-10-26 18:00:00+00:00,6.130579,183.3664
2025-10-26 19:00:00+00:00,5.6920996,198.43504
2025-10-26 20:00:00+00:00,3.0758414,249.44386
2025-10-26 21:00:00+00:00,4.5,323.13
2025-10-26 22:00:00+00:00,4.724786,342.25522
2025-10-26 23:00:00+00:00,4.7657523,349.11453
2025-10-27 00:00:00+00:00,5.8603754,349.3804
2025-10-27 01:00:00+00:00,5.4744864,350.53775
2025-10-27 02:00:00+00:00,7.928178,2.6025116
2025-10-27 03:00:00+00:00,6.424764,11.3098955
2025-10-27 04:00:00+00:00,5.8852015,23.428713
2025-10-27 05:00:00+00:00,5.896202,31.263678
2025-10-27 06:00:00+00:00,6.050785,30.379045
2025-10-27 07:00:00+00:00,5.728979,43.72705
2025-10-27 08:00:00+00:00,5.195113,75.96373
2025-10-27 09:00:00+00:00,5.5887027,104.93147
2025-10-27 10:00:00+00:00,10.04458,143.74608
2025-10-27 11:00:00+00:00,9.459852,158.80588
2025-10-27 12:00:00+00:00,11.755254,168.51804
2025-10-27 13:00:00+00:00,12.108261,174.88278
2025-10-27 14:00:00+00:00,11.230904,173.5585
2025-10-27 15:00:00+00:00,11.720751,169.3804
2025-10-27 16:00:00+00:00,12.007498,167.00539
2025-10-27 17:00:00+00:00,10.609316,165.2564
2025-10-27 18:00:00+00:00,7.229191,161.11382
2025-10-27 19:00:00+00:00,5.154415,155.22488
2025-10-27 20:00:00+00:00,4.2021427,133.26433
2025-10-27 21:00:00+00:00,3.710795,112.833694
2025-10-27 22:00:00+00:00,3.244996,86.82024
2025-10-27 23:00:00+00:00,2.97953,64.98315
2025-10-28 00:00:00+00:00,3.219938,63.435013
2025-10-28 01:00:00+00:00,4.293669,56.976128
2025-10-28 02:00:00+00:00,4.8965297,53.972538
2025-10-28 03:00:00+00:00,3.7585104,73.300674
2025-10-28 04:00:00+00:00,4.2671766,117.64589
2025-10-28 05:00:00+00:00,7.256032,133.99501
2025-10-28 06:00:00+00:00,8.805294,130.85529
2025-10-28 07:00:00+00:00,8.707237,119.74479
2025-10-28 08:00:00+00:00,9.504273,114.62355
2025-10-28 09:00:00+00:00,9.600937,120.411
2025-10-28 10:00:00+00:00,8.242743,121.60746
2025-10-28 11:00:00+00:00,8.287822,124.3804
2025-10-28 12:00:00+00:00,4.6938257,147.52882
2025-10-28 13:00:00+00:00,5.318383,156.0375
2025-10-28 14:00:00+00:00,5.7515564,159.86362
2025-10-28 15:00:00+00:00,6.0721655,168.0239
2025-10-28 16:00:00+00:00,5.4119864,176.186
2025-10-28 17:00:00+00:00,4.73506,188.74608
2025-10-28 18:00:00+00:00,4.5891175,191.30989
2025-10-28 19:00:00+00:00,4.3832865,199.17911
2025-10-28 20:00:00+00:00,3.319036,229.39879
2025-10-28 21:00:00+00:00,2.8460495,304.69522
2025-10-28 22:00:00+00:00,3.3481934,323.74606
2025-10-28 23:00:00+00:00,3.9844694,341.56494
2025-10-29 00:00:00+00:00,3.8856654,346.60748
2025-10-29 01:00:00+00:00,4.186693,334.53668
2025-10-29 02:00:00+00:00,4.7928696,325.71307
2025-10-29 03:00:00+00:00,4.863332,321.009
2025-10-29 04:00:00+00:00,7.0107627,330.8026
2025-10-29 05:00:00+00:00,9.215226,347.5926
2025-10-29 06:00:00+00:00,9.181765,358.8767
2025-10-29 07:00:00+00:00,8.107996,2.5447557
2025-10-29 08:00:00+00:00,6.698806,6.170083
2025-10-29 09:00:00+00:00,5.4744864,9.462261
2025-10-29 10:00:00+00:00,5.0432134,2.0453732
2025-10-29 11:00:00+00:00,4.514377,4.5738406
2025-10-29 12:00:00+00:00,2.6758924,19.653913
2025-10-29 13:00:00+00:00,0.5091169,44.999897
2025-10-29 14:00:00+00:00,0.56920993,71.564964
2025-10-29 15:00:00+00:00,2.0124612,333.43503
2025-10-29 16:00:00+00:00,4.353619,352.87506
2025-10-29 17:00:00+00:00,5.6060677,5.527458
2025-10-29 18:00:00+00:00,6.3231,4.8990126
2025-10-29 19:00:00+00:00,5.232399,3.9451082
2025-10-29 20:00:00+00:00,4.514377,23.498587
2025-10-29 21:00:00+00:00,4.510787,28.610369
2025-10-29 22:00:00+00:00,4.724786,40.364468
2025-10-29 23:00:00+00:00,3.5864744,72.47434
2025-10-30 00:00:00+00:00,3.710795,75.96373
2025-10-30 01:00:00+00:00,3.319036,49.398785
2025-10-30 02:00:00+00:00,3.319036,77.4712
2025-10-30 03:00:00+00:00,2.7238941,97.59455
2025-10-30 04:00:00+00:00,4.198285,149.03632
2025-10-30 05:00:00+00:00,5.3426957,147.38077
2025-10-30 06:00:00+00:00,7.193247,148.29861
2025-10-30 07:00:00+00:00,7.4867883,152.81897
2025-10-30 08:00:00+00:00,6.391901,147.65259
2025-10-30 09:00:00+00:00,6.4096174,141.84273
2025-10-30 10:00:00+00:00,8.43699,146.3099
2025-10-30 11:00:00+00:00,7.674842,129.2894
2025-10-30 12:00:00+00:00,3.8521678,127.40543
2025-10-30 13:00:00+00:00,4.6452556,125.537766
2025-10-30 14:00:00+00:00,4.724786,139.63554
2025-10-30 15:00:00+00:00,6.7853074,158.19853
2025-10-30 16:00:00+00:00,7.3094187,170.07382
2025-10-30 17:00:00+00:00,8.197414,171.15826
2025-10-30 18:00:00+00:00,8.477216,176.34785
2025-10-30 19:00:00+00:00,7.3821945,181.39716
2025-10-30 20:00:00+00:00,5.9427266,178.26433
2025-10-30 21:00:00+00:00,4.32,180.0
2025-10-30 22:00:00+00:00,3.62243,206.56499
2025-10-30 23:00:00+00:00,2.6758924,317.72638
2025-10-31 00:00:00+00:00,3.4623692,332.1028
2025-10-31 01:00:00+00:00,3.550155,329.53452
2025-10-31 02:00:00+00:00,4.3349743,311.63345
2025-10-31 03:00:00+00:00,5.7515564,290.13638
2025-10-31 04:00:00+00:00,7.289444,290.22495
2025-10-31 05:00:00+00:00,9.085988,303.6901
2025-10-31 06:00:00+00:00,7.2649574,311.98712
2025-10-31 07:00:00+00:00,6.7565966,318.23978
2025-10-31 08:00:00+00:00,6.384293,319.574
2025-10-31 09:00:00+00:00,5.983477,316.2188
2025-10-31 10:00:00+00:00,5.8409934,303.6901
2025-10-31 11:00:00+00:00,4.5,286.26028
2025-10-31 12:00:00+00:00,5.7628117,231.34016
2025-10-31 13:00:00+00:00,6.114703,222.61401
2025-10-31 14:00:00+00:00,6.384293,220.426
2025-10-31 15:00:00+00:00,6.7469993,223.91916
2025-10-31 16:00:00+00:00,6.623413,227.20262
2025-10-31 17:00:00+00:00,6.696387,233.74606
2025-10-31 18:00:00+00:00,6.5223618,242.02061
2025-10-31 19:00:00+00:00,6.2613096,251.56496
2025-10-31 20:00:00+00:00,6.542201,262.09293
2025-10-31 21:00:00+00:00,7.0223074,271.46878
2025-10-31 22:00:00+00:00,6.2999997,270.0
2025-10-31 23:00:00+00:00,6.5693827,279.46225
2025-11-01 00:00:00+00:00,6.2483597,281.6336
2025-11-01 01:00:00+00:00,5.8104043,286.18927
2025-11-01 02:00:00+00:00,6.279395,297.2995
2025-11-01 03:00:00+00:00,5.0911684,315.0001
2025-11-01 04:00:00+00:00,6.489992,326.3099
2025-11-01 05:00:00+00:00,8.43699,326.3099
2025-11-01 06:00:00+00:00,11.212135,317.6026
2025-11-01 07:00:00+00:00,12.496718,311.49637
2025-11-01 08:00:00+00:00,12.538134,309.17365
2025-11-01 09:00:00+00:00,11.919479,308.25446
2025-11-01 10:00:00+00:00,10.97262,318.991
2025-11-01 11:00:00+00:00,5.983477,316.2188
2025-11-01 12:00:00+00:00,8.574123,309.0355
2025-11-01 13:00:00+00:00,8.0899935,302.27563
2025-11-01 14:00:00+00:00,7.9383874,302.96942
2025-11-01 15:00:00+00:00,8.39657,300.96368
2025-11-01 16:00:00+00:00,8.373386,295.46332
2025-11-01 17:00:00+00:00,7.0199995,292.6199
2025-11-01 18:00:00+00:00,6.6185193,292.3802
2025-11-01 19:00:00+00:00,6.4323244,287.928
2025-11-01 20:00:00+00:00,6.638072,282.5288
2025-11-01 21:00:00+00:00,7.1321807,280.17545
2025-11-01 22:00:00+00:00,8.538149,288.43503
2025-11-01 23:00:00+00:00,8.766573,289.1791
2025-11-02 00:00:00+00:00,8.996398,289.88525
2025-11-02 01:00:00+00:00,8.36758,288.8248
2025-11-02 02:00:00+00:00,10.137692,286.50443
2025-11-02 03:00:00+00:00,8.513448,283.44864
2025-11-02 04:00:00+00:00,9.56713,281.94415
2025-11-02 05:00:00+00:00,11.966954,285.7087
2025-11-02 06:00:00+00:00,14.7742605,292.19034
2025-11-02 07:00:00+00:00,16.85669,300.12424
2025-11-02 08:00:00+00:00,17.373497,304.01938
2025-11-02 09:00:00+00:00,17.137852,306.02747
2025-11-02 10:00:00+00:00,15.408671,307.40543
2025-11-02 11:00:00+00:00,9.5416975,305.78906
2025-11-02 12:00:00+00:00,9.085988,303.6901
2025-11-02 13:00:00+00:00,9.085988,303.6901
2025-11-02 14:00:00+00:00,8.604301,307.34943
2025-11-02 15:00:00+00:00,8.320986,308.8534
2025-11-02 16:00:00+00:00,8.181589,309.64413
2025-11-02 17:00:00+00:00,8.037761,304.046
2025-11-02 18:00:00+00:00,8.225035,293.1986
2025-11-02 19:00:00+00:00,8.863972,282.9074
2025-11-02 20:00:00+00:00,9.582359,275.38922
2025-11-02 21:00:00+00:00,10.086427,272.04535
2025-11-02 22:00:00+00:00,9.36173,271.10168
2025-11-02 23:00:00+00:00,9.3669195,272.20255
2025-11-03 00:00:00+00:00,9.54679,272.16104
2025-11-03 01:00:00+00:00,9.721666,268.93912
2025-11-03 02:00:00+00:00,11.901798,266.53183
2025-11-03 03:00:00+00:00,11.165805,268.15244
2025-11-03 04:00:00+00:00,11.183201,273.6913
2025-11-03 05:00:00+00:00,11.866355,279.60513
2025-11-03 06:00:00+00:00,13.009903,284.4208
2025-11-03 07:00:00+00:00,14.458382,288.88617
2025-11-03 08:00:00+00:00,15.342294,292.05112
2025-11-03 09:00:00+00:00,15.858398,296.27414
2025-11-03 10:00:00+00:00,13.552696,300.31113
2025-11-03 11:00:00+00:00,7.344794,306.02747
2025-11-03 12:00:00+00:00,11.161451,307.794
2025-11-03 13:00:00+00:00,10.766949,308.21106
2025-11-03 14:00:00+00:00,8.297589,310.60123
2025-11-03 15:00:00+00:00,5.22,313.6029
2025-11-03 16:00:00+00:00,0.9178235,258.6901
2025-11-03 17:00:00+00:00,1.8089776,185.7105
2025-11-03 18:00:00+00:00,2.7059932,183.814
2025-11-03 19:00:00+00:00,3.0811036,173.29025
2025-11-03 20:00:00+00:00,4.080882,138.57643
2025-11-03 21:00:00+00:00,6.4624763,102.87501
2025-11-03 22:00:00+00:00,7.748368,87.33706
2025-11-03 23:00:00+00:00,7.342588,101.3099
2025-11-04 00:00:00+00:00,6.77575,106.99091
2025-11-04 01:00:00+00:00,5.402999,119.98155
2025-11-04 02:00:00+00:00,7.388775,145.92276
2025-11-04 03:00:00+00:00,6.489992,146.3099
2025-11-04 04:00:00+00:00,5.876938,139.9698
2025-11-04 05:00:00+00:00,6.489992,146.3099
2025-11-04 06:00:00+00:00,7.5019197,149.74365
2025-11-04 07:00:00+00:00,7.754637,158.19853
2025-11-04 08:00:00+00:00,7.968939,161.56496
2025-11-04 09:00:00+00:00,8.626865,156.64442
2025-11-04 10:00:00+00:00,8.227004,169.91946
2025-11-04 11:00:00+00:00,6.889557,160.1447
2025-11-04 12:00:00+00:00,7.989242,157.47939
2025-11-04 13:00:00+00:00,7.229191,161.11382
2025-11-04 14:00:00+00:00,7.029225,166.67546
2025-11-04 15:00:00+00:00,7.579261,175.91446
2025-11-04 16:00:00+00:00,8.019601,189.0394
2025-11-04 17:00:00+00:00,7.247096,194.38142
2025-11-04 18:00:00+00:00,7.040739,184.39862
2025-11-04 19:00:00+00:00,6.889557,160.1447
2025-11-04 20:00:00+00:00,6.248359,138.50363
2025-11-04 21:00:00+00:00,6.299999,126.86999
2025-11-04 22:00:00+00:00,5.441838,124.21575
2025-11-04 23:00:00+00:00,6.698806,120.699646
2025-11-05 00:00:00+00:00,5.3699164,103.57046
2025-11-05 01:00:00+00:00,4.7110505,96.581856
2025-11-05 02:00:00+00:00,5.315336,118.30067
2025-11-05 03:00:00+00:00,3.710795,129.09386
2025-11-05 04:00:00+00:00,2.7475805,148.39255
2025-11-05 05:00:00+00:00,0.9178235,191.30989
2025-11-05 06:00:00+00:00,2.0364676,315.0001
2025-11-05 07:00:00+00:00,4.7928696,325.71307
2025-11-05 08:00:00+00:00,7.4520864,322.85324
2025-11-05 09:00:00+00:00,9.313152,318.91833
2025-11-05 10:00:00+00:00,11.720751,312.5104
2025-11-05 11:00:00+00:00,8.415842,311.53168
2025-11-05 12:00:00+00:00,7.1684303,308.8845
2025-11-05 13:00:00+00:00,7.5105524,314.02905
2025-11-05 14:00:00+00:00,8.856658,322.43134
2025-11-05 15:00:00+00:00,11.207801,330.14108
2025-11-05 16:00:00+00:00,13.282243,333.43503
2025-11-05 17:00:00+00:00,13.130133,331.32693
2025-11-05 18:00:00+00:00,12.534257,324.9405
2025-11-05 19:00:00+00:00,11.854062,318.07755
2025-11-05 20:00:00+00:00,11.345712,311.78442
2025-11-05 21:00:00+00:00,11.341428,305.9606
2025-11-05 22:00:00+00:00,12.348052,300.6772
2025-11-05 23:00:00+00:00,12.081473,298.4741
2025-11-06 00:00:00+00:00,10.948973,297.4075
2025-11-06 01:00:00+00:00,10.30883,294.77512
2025-11-06 02:00:00+00:00,12.033103,291.96063
2025-11-06 03:00:00+00:00,11.935778,293.08514
2025-11-06 04:00:00+00:00,12.879752,296.56497
2025-11-06 05:00:00+00:00,13.0447235,297.97937
2025-11-06 06:00:00+00:00,14.178927,303.08487
2025-11-06 07:00:00+00:00,13.789691,305.97247
2025-11-06 08:00:00+00:00,13.18308,304.9921
2025-11-06 09:00:00+00:00,12.979984,303.6901
2025-11-06 10:00:00+00:00,12.534257,305.0595
2025-11-06 11:00:00+00:00,7.538541,303.31064
2025-11-06 12:00:00+00:00,9.659814,296.56497
2025-11-06 13:00:00+00:00,9.12513,292.01132
2025-11-06 14:00:00+00:00,8.322932,291.57138
2025-11-06 15:00:00+00:00,8.699793,294.44394
2025-11-06 16:00:00+00:00,9.257321,296.56497
2025-11-06 17:00:00+00:00,9.4238205,298.523
2025-11-06 18:00:00+00:00,9.826088,298.4428
2025-11-06 19:00:00+00:00,10.070353,298.85556
2025-11-06 20:00:00+00:00,10.630672,298.30066
2025-11-06 21:00:00+00:00,10.630672,298.30066
2025-11-06 22:00:00+00:00,11.052058,300.32352
2025-11-06 23:00:00+00:00,10.387107,297.8972
2025-11-07 00:00:00+00:00,9.83268,293.7495
2025-11-07 01:00:00+00:00,9.3962755,286.6993
2025-11-07 02:00:00+00:00,11.755254,281.48196
2025-11-07 03:00:00+00:00,11.225132,285.81924
2025-11-07 04:00:00+00:00,11.770403,293.4287
2025-11-07 05:00:00+00:00,12.257194,299.95352
2025-11-07 06:00:00+00:00,12.431733,304.3804
2025-11-07 07:00:00+00:00,12.744457,306.38446
2025-11-07 08:00:00+00:00,12.566526,308.01898
2025-11-07 09:00:00+00:00,12.284918,309.05313
2025-11-07 10:00:00+00:00,10.383987,303.6901
2025-11-07 11:00:00+00:00,6.452441,292.98874
2025-11-07 12:00:00+00:00,9.796366,290.43292
2025-11-07 13:00:00+00:00,8.863972,293.9625
2025-11-07 14:00:00+00:00,8.6193495,298.70584
2025-11-07 15:00:00+00:00,8.836514,303.36636
2025-11-07 16:00:00+00:00,8.856658,307.56866
2025-11-07 17:00:00+00:00,8.536252,312.4362
2025-11-07 18:00:00+00:00,8.281956,312.3574
2025-11-07 19:00:00+00:00,8.461915,308.08884
2025-11-07 20:00:00+00:00,8.490582,302.00534
2025-11-07 21:00:00+00:00,8.777654,298.1415
2025-11-07 22:00:00+00:00,8.322932,291.57138
2025-11-07 23:00:00+00:00,8.792405,292.8906
2025-11-08 00:00:00+00:00,8.699793,294.44394
2025-11-08 01:00:00+00:00,7.587806,292.30624
2025-11-08 02:00:00+00:00,9.568824,286.38962
2025-11-08 03:00:00+00:00,7.3094187,279.92618
2025-11-08 04:00:00+00:00,7.2805495,278.53067
2025-11-08 05:00:00+00:00,8.083983,281.5601
2025-11-08 06:00:00+00:00,9.965239,290.07162
2025-11-08 07:00:00+00:00,11.276968,298.61035
2025-11-08 08:00:00+00:00,11.734564,302.47116
2025-11-08 09:00:00+00:00,11.989946,305.83774
2025-11-08 10:00:00+00:00,10.83893,305.53775
2025-11-08 11:00:00+00:00,5.9427266,305.13428
2025-11-08 12:00:00+00:00,10.9859,304.9921
2025-11-08 13:00:00+00:00,11.666721,308.10764
2025-11-08 14:00:00+00:00,11.457958,313.72705
2025-11-08 15:00:00+00:00,10.062305,317.17474
2025-11-08 16:00:00+00:00,9.313152,318.91833
2025-11-08 17:00:00+00:00,8.536252,317.5638
2025-11-08 18:00:00+00:00,8.149847,313.2101
2025-11-08 19:00:00+00:00,8.415842,311.53168
2025-11-08 20:00:00+00:00,8.604301,307.34943
2025-11-08 21:00:00+00:00,9.085988,303.6901
2025-11-08 22:00:00+00:00,8.244708,306.11945
2025-11-08 23:00:00+00:00,8.3520775,307.11694
2025-11-09 00:00:00+00:00,8.4963045,306.38446
2025-11-09 01:00:00+00:00,8.43699,303.6901
2025-11-09 02:00:00+00:00,10.404249,300.11365
2025-11-09 03:00:00+00:00,9.826088,298.4428
2025-11-09 04:00:00+00:00,10.00256,300.25635
2025-11-09 05:00:00+00:00,11.08572,302.3998
2025-11-09 06:00:00+00:00,12.85205,307.0305
2025-11-09 07:00:00+00:00,13.413321,310.10083
2025-11-09 08:00:00+00:00,13.379461,312.27362
2025-11-09 09:00:00+00:00,13.246826,312.7974
2025-11-09 10:00:00+00:00,11.525623,308.65982
2025-11-09 11:00:00+00:00,6.391901,302.3474
2025-11-09 12:00:00+00:00,11.032987,298.23734
2025-11-09 13:00:00+00:00,10.717182,299.14798
2025-11-09 14:00:00+00:00,10.285232,302.8557
2025-11-09 15:00:00+00:00,9.144637,306.1933
2025-11-09 16:00:00+00:00,8.536252,312.4362
2025-11-09 17:00:00+00:00,8.149847,316.7899
2025-11-09 18:00:00+00:00,7.928177,320.52756
2025-11-09 19:00:00+00:00,8.181589,320.35587
2025-11-09 20:00:00+00:00,8.149847,316.7899
2025-11-09 21:00:00+00:00,7.7900705,310.31403
2025-11-09 22:00:00+00:00,7.6388745,304.43906
2025-11-09 23:00:00+00:00,7.24486,296.56497
2025-11-10 00:00:00+00:00,7.0911775,293.9625
2025-11-10 01:00:00+00:00,7.186487,292.06796
2025-11-10 02:00:00+00:00,8.085988,286.8215
2025-11-10 03:00:00+00:00,6.9480934,286.55716
2025-11-10 04:00:00+00:00,6.7205353,290.37653
2025-11-10 05:00:00+00:00,7.973005,298.30066
2025-11-10 06:00:00+00:00,10.534229,303.147
2025-11-10 07:00:00+00:00,12.431733,304.3804
2025-11-10 08:00:00+00:00,12.283599,304.85452
2025-11-10 09:00:00+00:00,11.7,306.86996
2025-11-10 10:00:00+00:00,9.396275,306.43094
2025-11-10 11:00:00+00:00,5.004518,307.6943
2025-11-10 12:00:00+00:00,6.698806,300.69965
2025-11-10 13:00:00+00:00,5.5567255,294.90472
2025-11-10 14:00:00+00:00,4.952453,289.0936
2025-11-10 15:00:00+00:00,4.8633323,272.12103
2025-11-10 16:00:00+00:00,5.3999996,270.0
2025-11-10 17:00:00+00:00,6.8138976,282.20044
2025-11-10 18:00:00+00:00,8.854829,296.56497
2025-11-10 19:00:00+00:00,9.313152,311.08167
2025-11-10 20:00:00+00:00,9.109138,322.22424
2025-11-10 21:00:00+00:00,8.953078,329.82657
2025-11-10 22:00:00+00:00,7.4128532,330.9455
2025-11-10 23:00:00+00:00,7.3094187,322.00122
2025-11-11 00:00:00+00:00,7.6409945,316.90915
2025-11-11 01:00:00+00:00,7.5105524,314.02905
2025-11-11 02:00:00+00:00,9.313152,311.08167
2025-11-11 03:00:00+00:00,8.39078,305.39487
2025-11-11 04:00:00+00:00,8.43699,303.6901
2025-11-11 05:00:00+00:00,10.036512,302.55
2025-11-11 06:00:00+00:00,12.682018,304.59235
2025-11-11 07:00:00+00:00,13.608762,307.47626
2025-11-11 08:00:00+00:00,13.551501,309.61066
2025-11-11 09:00:00+00:00,13.529966,310.6839
2025-11-11 10:00:00+00:00,12.348051,306.70294
2025-11-11 11:00:00+00:00,6.889557,303.2749
2025-11-11 12:00:00+00:00,10.546525,297.43964
2025-11-11 13:00:00+00:00,10.062305,296.56497
2025-11-11 14:00:00+00:00,9.109138,299.60434
2025-11-11 15:00:00+00:00,8.641874,305.67648
2025-11-11 16:00:00+00:00,8.913181,313.36346
2025-11-11 17:00:00+00:00,9.299225,317.35333
2025-11-11 18:00:00+00:00,9.587428,320.33218
2025-11-11 19:00:00+00:00,9.97986,320.85602
2025-11-11 20:00:00+00:00,9.840914,320.1945
2025-11-11 21:00:00+00:00,9.9408245,317.93573
2025-11-11 22:00:00+00:00,8.027678,312.27362
2025-11-11 23:00:00+00:00,7.995323,301.1849
2025-11-12 00:00:00+00:00,8.089993,290.85452
2025-11-12 01:00:00+00:00,8.383054,284.93146
2025-11-12 02:00:00+00:00,10.449306,280.92276
2025-11-12 03:00:00+00:00,10.390226,284.03625
2025-11-12 04:00:00+00:00,10.99769,291.10492
2025-11-12 05:00:00+00:00,12.55879,297.2995
2025-11-12 06:00:00+00:00,14.677452,303.4952
2025-11-12 07:00:00+00:00,15.696165,306.60718
2025-11-12 08:00:00+00:00,16.276815,308.26404
2025-11-12 09:00:00+00:00,15.629971,308.45374
2025-11-12 10:00:00+00:00,13.0806875,304.34616
2025-11-12 11:00:00+00:00,6.889557,303.2749
2025-11-12 12:00:00+00:00,11.144021,301.1224
2025-11-12 13:00:00+00:00,10.742848,301.29297
2025-11-12 14:00:00+00:00,10.383987,303.6901
2025-11-12 15:00:00+00:00,9.585739,304.28693
2025-11-12 16:00:00+00:00,9.5416975,305.78906
2025-11-12 17:00:00+00:00,9.039514,305.2725
2025-11-12 18:00:00+00:00,9.0,306.86996
2025-11-12 19:00:00+00:00,8.297589,310.60123
2025-11-12 20:00:00+00:00,7.8954163,316.8476
2025-11-12 21:00:00+00:00,7.928177,320.52756
2025-11-12 22:00:00+00:00,7.256032,316.00497
2025-11-12 23:00:00+00:00,7.382195,315.0001
2025-11-13 00:00:00+00:00,7.891311,315.0001
2025-11-13 01:00:00+00:00,7.519175,312.08908
2025-11-13 02:00:00+00:00,9.688281,305.1665
2025-11-13 03:00:00+00:00,8.936778,297.5972
2025-11-13 04:00:00+00:00,9.499158,297.0505
2025-11-13 05:00:00+00:00,10.962281,299.51138
2025-11-13 06:00:00+00:00,13.379461,303.47632
2025-11-13 07:00:00+00:00,13.479583,304.1145
2025-11-13 08:00:00+00:00,13.33094,304.54843
2025-11-13 09:00:00+00:00,12.638512,305.72748
2025-11-13 10:00:00+00:00,11.341428,305.9606
2025-11-13 11:00:00+00:00,6.2067385,299.5387
2025-11-13 12:00:00+00:00,11.063778,291.97455
2025-11-13 13:00:00+00:00,10.399576,293.45905
2025-11-13 14:00:00+00:00,10.158444,299.74478
2025-11-13 15:00:00+00:00,9.437563,304.90256
2025-11-13 16:00:00+00:00,9.396275,306.43094
2025-11-13 17:00:00+00:00,9.5416975,305.78906
2025-11-13 18:00:00+00:00,9.139322,302.12497
2025-11-13 19:00:00+00:00,8.305396,299.8988
2025-11-13 20:00:00+00:00,7.8087645,295.97433
2025-11-13 21:00:00+00:00,7.970972,295.40768
2025-11-13 22:00:00+00:00,6.6087217,299.35767
2025-11-13 23:00:00+00:00,6.8423676,296.56497
2025-11-14 00:00:00+00:00,6.9270773,294.56717
2025-11-14 01:00:00+00:00,6.66,288.92474
2025-11-14 02:00:00+00:00,9.144637,280.20392
2025-11-14 03:00:00+00:00,6.7205353,277.69595
2025-11-14 04:00:00+00:00,6.778141,280.71307
2025-11-14 05:00:00+00:00,7.9138603,287.19864
2025-11-14 06:00:00+00:00,9.906544,294.7024
2025-11-14 07:00:00+00:00,11.052058,300.32352
2025-11-14 08:00:00+00:00,11.681987,303.6901
2025-11-14 09:00:00+00:00,11.808878,307.56866
2025-11-14 10:00:00+00:00,10.799999,306.86996
2025-11-14 11:00:00+00:00,5.5916004,303.17853
2025-11-14 12:00:00+00:00,10.223619,296.11386
2025-11-14 13:00:00+00:00,10.711135,294.84235
2025-11-14 14:00:00+00:00,10.8672905,296.56497
2025-11-14 15:00:00+00:00,10.495713,300.96368
2025-11-14 16:00:00+00:00,9.835975,304.5626
2025-11-14 17:00:00+00:00,9.1958685,310.23627
2025-11-14 18:00:00+00:00,9.292254,315.78473
2025-11-14 19:00:00+00:00,9.1958685,319.7637
2025-11-14 20:00:00+00:00,8.913181,316.63654
2025-11-14 21:00:00+00:00,8.161764,311.42358
2025-11-14 22:00:00+00:00,7.289445,302.90524
2025-11-14 23:00:00+00:00,6.763786,295.20108
2025-11-15 00:00:00+00:00,6.6185193,292.3802
2025-11-15 01:00:00+00:00,6.66,288.92474
2025-11-15 02:00:00+00:00,9.5196,285.3502
2025-11-15 03:00:00+00:00,7.968939,288.43503
2025-11-15 04:00:00+00:00,8.211235,296.0033
2025-11-15 05:00:00+00:00,9.885262,303.11136
2025-11-15 06:00:00+00:00,11.870451,310.69543
2025-11-15 07:00:00+00:00,12.98248,315.0001
2025-11-15 08:00:00+00:00,13.5012,317.1611
2025-11-15 09:00:00+00:00,13.647988,318.74307
2025-11-15 10:00:00+00:00,11.709688,315.0001
2025-11-15 11:00:00+00:00,6.1094027,315.0001
2025-11-15 12:00:00+00:00,10.957846,312.33694
2025-11-15 13:00:00+00:00,10.993271,309.6854
2025-11-15 14:00:00+00:00,10.404249,307.26648
2025-11-15 15:00:00+00:00,9.5416975,305.78906
2025-11-15 16:00:00+00:00,8.574123,309.0355
2025-11-15 17:00:00+00:00,8.149847,313.2101
2025-11-15 18:00:00+00:00,8.274128,315.88132
2025-11-15 19:00:00+00:00,8.019601,315.90927
2025-11-15 20:00:00+00:00,8.027678,312.27362
2025-11-15 21:00:00+00:00,8.099999,306.86996
2025-11-15 22:00:00+00:00,7.3997297,311.05472
2025-11-15 23:00:00+00:00,6.6624317,308.4181
2025-11-16 00:00:00+00:00,7.001514,313.95847
2025-11-16 01:00:00+00:00,6.7469993,313.91916
2025-11-16 02:00:00+00:00,7.9383874,302.96942
2025-11-16 03:00:00+00:00,6.9247384,297.8972
2025-11-16 04:00:00+00:00,7.9383874,302.96942
2025-11-16 05:00:00+00:00,9.7565975,307.5042
2025-11-16 06:00:00+00:00,11.734564,311.2685
2025-11-16 07:00:00+00:00,13.755579,317.1211
2025-11-16 08:00:00+00:00,14.681866,319.47498
2025-11-16 09:00:00+00:00,14.81915,319.92715
2025-11-16 10:00:00+00:00,13.437455,320.9806
2025-11-16 11:00:00+00:00,7.9077177,318.69147
2025-11-16 12:00:00+00:00,10.055864,314.27487
2025-11-16 13:00:00+00:00,9.299225,312.64667
2025-11-16 14:00:00+00:00,9.54679,315.7638
2025-11-16 15:00:00+00:00,9.807935,317.2312
2025-11-16 16:00:00+00:00,9.313152,318.91833
2025-11-16 17:00:00+00:00,8.461915,321.91116
2025-11-16 18:00:00+00:00,8.55142,319.26797
2025-11-16 19:00:00+00:00,8.400428,315.0001
2025-11-16 20:00:00+00:00,8.244708,306.11945
2025-11-16 21:00:00+00:00,7.729527,297.75842
2025-11-16 22:00:00+00:00,8.694204,297.09546
2025-11-16 23:00:00+00:00,8.36758,288.8248
2025-11-17 00:00:00+00:00,7.989243,284.34937
2025-11-17 01:00:00+00:00,6.7469993,279.21094
2025-11-17 02:00:00+00:00,8.131936,275.0795
2025-11-17 03:00:00+00:00,6.1858225,278.36578
2025-11-17 04:00:00+00:00,6.21717,292.1095
2025-11-17 05:00:00+00:00,7.282774,309.98682
2025-11-17 06:00:00+00:00,8.435069,320.1945
2025-11-17 07:00:00+00:00,9.109138,322.22424
2025-11-17 08:00:00+00:00,8.893166,324.0578
2025-11-17 09:00:00+00:00,7.9932966,324.16226
2025-11-17 10:00:00+00:00,5.896202,328.73633
2025-11-17 11:00:00+00:00,3.4623692,332.1028
2025-11-17 12:00:00+00:00,4.86,360.0
2025-11-17 13:00:00+00:00,4.445672,21.370695
2025-11-17 14:00:00+00:00,2.7475805,58.392544
2025-11-17 15:00:00+00:00,1.659518,77.4712
2025-11-17 16:00:00+00:00,1.3104197,105.945465
2025-11-17 17:00:00+00:00,1.4512063,82.875084
2025-11-17 18:00:00+00:00,2.226477,14.036275
2025-11-17 19:00:00+00:00,3.01735,342.64587
2025-11-17 20:00:00+00:00,4.599695,329.42084
2025-11-17 21:00:00+00:00,6.696387,323.74606
2025-11-17 22:00:00+00:00,6.297428,329.03632
2025-11-17 23:00:00+00:00,7.0107627,330.8026
2025-11-18 00:00:00+00:00,7.6473517,333.43503
2025-11-18 01:00:00+00:00,7.388775,325.92276
2025-11-18 02:00:00+00:00,5.994297,311.3477
2025-11-18 03:00:00+00:00,4.6938257,302.47116
2025-11-18 04:00:00+00:00,4.6452556,305.53775
2025-11-18 05:00:00+00:00,6.4096174,308.15726
2025-11-18 06:00:00+00:00,8.400428,315.0001
2025-11-18 07:00:00+00:00,9.080639,320.63068
2025-11-18 08:00:00+00:00,9.144637,323.8067
2025-11-18 09:00:00+00:00,9.085988,326.3099
2025-11-18 10:00:00+00:00,8.149847,329.47037
2025-11-18 11:00:00+00:00,4.3536186,330.25522
2025-11-18 12:00:00+00:00,7.3094187,322.00122
2025-11-18 13:00:00+00:00,6.7757506,309.61066
2025-11-18 14:00:00+00:00,6.12,298.0724
2025-11-18 15:00:00+00:00,6.6185193,292.3802
2025-11-18 16:00:00+00:00,7.4932766,294.10223
2025-11-18 17:00:00+00:00,8.452336,296.56497
2025-11-18 18:00:00+00:00,8.187527,303.34073
2025-11-18 19:00:00+00:00,8.019601,314.0907
2025-11-18 20:00:00+00:00,7.562142,321.7661
2025-11-18 21:00:00+00:00,8.139901,324.9041
2025-11-18 22:00:00+00:00,9.0018,348.4654
2025-11-18 23:00:00+00:00,7.9465466,346.90808
2025-11-19 00:00:00+00:00,7.256032,336.61475
2025-11-19 01:00:00+00:00,6.4096174,321.8427
2025-11-19 02:00:00+00:00,3.710795,309.09384
2025-11-19 03:00:00+00:00,2.8116899,309.8055
2025-11-19 04:00:00+00:00,1.835647,348.6901
2025-11-19 05:00:00+00:00,2.19718,55.0079
2025-11-19 06:00:00+00:00,2.7238941,82.40546
2025-11-19 07:00:00+00:00,3.2399998,90.0
2025-11-19 08:00:00+00:00,3.6179552,84.2895
2025-11-19 09:00:00+00:00,3.671294,78.6901
2025-11-19 10:00:00+00:00,4.412754,101.768265
2025-11-19 11:00:00+00:00,2.3469126,94.39862
2025-11-19 12:00:00+00:00,3.096837,54.46224
2025-11-19 13:00:00+00:00,2.7475805,31.607454
2025-11-19 14:00:00+00:00,2.5772076,24.775122
2025-11-19 15:00:00+00:00,2.2768397,18.435053
2025-11-19 16:00:00+00:00,1.659518,12.528798
2025-11-19 17:00:00+00:00,1.0948973,350.53775
2025-11-19 18:00:00+00:00,1.4058449,309.8055
2025-11-19 19:00:00+00:00,2.7475805,301.60745
2025-11-19 20:00:00+00:00,4.198285,300.96368
2025-11-19 21:00:00+00:00,5.7431,302.1957
2025-11-19 22:00:00+00:00,4.278551,292.24908
2025-11-19 23:00:00+00:00,5.815978,291.80148
2025-11-20 00:00:00+00:00,7.0107627,299.1974
2025-11-20 01:00:00+00:00,7.538541,303.31064
2025-11-20 02:00:00+00:00,4.3498964,294.44394
2025-11-20 03:00:00+00:00,1.9881649,264.80566
2025-11-20 04:00:00+00:00,1.2727921,224.9999
2025-11-20 05:00:00+00:00,2.1068459,199.9832
2025-11-20 06:00:00+00:00,2.7534704,191.30989
2025-11-20 07:00:00+00:00,2.0124612,190.3048
2025-11-20 08:00:00+00:00,1.26,180.0
2025-11-20 09:00:00+00:00,0.9693296,158.19853
2025-11-20 10:00:00+00:00,2.9301877,132.5104
2025-11-20 11:00:00+00:00,1.8532133,119.05451
2025-11-20 12:00:00+00:00,3.0652895,93.366394
2025-11-20 13:00:00+00:00,3.2399998,90.0
2025-11-20 14:00:00+00:00,4.6730714,105.64231
2025-11-20 15:00:00+00:00,5.7204895,114.14554
2025-11-20 16:00:00+00:00,6.341009,124.592354
2025-11-20 17:00:00+00:00,5.994297,138.65233
2025-11-20 18:00:00+00:00,5.315336,151.69934
2025-11-20 19:00:00+00:00,4.060985,167.19574
2025-11-20 20:00:00+00:00,3.4247334,176.98727
2025-11-20 21:00:00+00:00,3.1072817,190.00792
2025-11-20 22:00:00+00:00,5.1197267,169.8754
2025-11-20 23:00:00+00:00,4.942631,190.49142
2025-11-21 00:00:00+00:00,3.9966488,187.76508
2025-11-21 01:00:00+00:00,5.2694216,172.14677
2025-11-21 02:00:00+00:00,4.175069,172.56868
2025-11-21 03:00:00+00:00,5.5829024,178.15244
2025-11-21 04:00:00+00:00,5.2200003,180.0
2025-11-21 05:00:00+00:00,6.6818557,184.63538
2025-11-21 06:00:00+00:00,6.8399997,180.0
2025-11-21 07:00:00+00:00,3.6179552,174.2895
2025-11-21 08:00:00+00:00,1.2979984,146.3099
2025-11-21 09:00:00+00:00,0.9178235,78.6901
2025-11-21 10:00:00+00:00,0.54,180.0
2025-11-21 11:00:00+00:00,0.76367533,44.999897
2025-11-21 12:00:00+00:00,4.755544,60.524208
2025-11-21 13:00:00+00:00,7.0591216,70.640915
2025-11-21 14:00:00+00:00,7.5942073,84.55976
2025-11-21 15:00:00+00:00,8.131936,95.07952
2025-11-21 16:00:00+00:00,8.905908,104.03627
2025-11-21 17:00:00+00:00,8.461914,119.29127
2025-11-21 18:00:00+00:00,6.59154,145.0079
2025-11-21 19:00:00+00:00,5.297018,189.78233
2025-11-21 20:00:00+00:00,5.876938,220.0302
2025-11-21 21:00:00+00:00,7.0843205,242.78397
2025-11-21 22:00:00+00:00,6.206738,286.8585
2025-11-21 23:00:00+00:00,6.3639607,315.0001
2025-11-22 00:00:00+00:00,6.341009,325.40765
2025-11-22 01:00:00+00:00,5.509882,321.63248
2025-11-22 02:00:00+00:00,2.9522195,307.56866
2025-11-22 03:00:00+00:00,1.98,270.0
2025-11-22 04:00:00+00:00,2.0124612,259.69522
2025-11-22 05:00:00+00:00,3.3043609,240.64233
2025-11-22 06:00:00+00:00,4.3832865,250.82089
2025-11-22 07:00:00+00:00,5.637765,286.6993
2025-11-22 08:00:00+00:00,6.59154,304.9921
2025-11-22 09:00:00+00:00,6.7469993,313.91916
2025-11-22 10:00:00+00:00,5.983477,313.7812
2025-11-22 11:00:00+00:00,2.995797,327.26477
2025-11-22 12:00:00+00:00,4.503598,357.70944
2025-11-22 13:00:00+00:00,4.143911,34.3804
2025-11-22 14:00:00+00:00,4.599695,59.420856
2025-11-22 15:00:00+00:00,4.5536795,71.564964
2025-11-22 16:00:00+00:00,4.327493,73.07241
2025-11-22 17:00:00+00:00,3.8268526,48.814175
2025-11-22 18:00:00+00:00,5.1544156,12.094739
2025-11-22 19:00:00+00:00,7.208994,357.13766
2025-11-22 20:00:00+00:00,8.107996,357.45523
2025-11-22 21:00:00+00:00,8.467655,2.4366064
2025-11-22 22:00:00+00:00,6.77575,16.990906
2025-11-22 23:00:00+00:00,6.206738,16.858482
2025-11-23 00:00:00+00:00,5.896202,12.339083
2025-11-23 01:00:00+00:00,5.6060677,5.527458
2025-11-23 02:00:00+00:00,3.0652895,356.6336
2025-11-23 03:00:00+00:00,2.6208394,344.05453
2025-11-23 04:00:00+00:00,2.0124612,349.69522
2025-11-23 05:00:00+00:00,3.319036,347.4712
2025-11-23 06:00:00+00:00,4.913044,331.55716
2025-11-23 07:00:00+00:00,6.638072,319.39877
2025-11-23 08:00:00+00:00,7.653705,318.81415
2025-11-23 09:00:00+00:00,7.7043357,322.59457
2025-11-23 10:00:00+00:00,8.528657,314.145
2025-11-23 11:00:00+00:00,4.8433046,318.01288
2025-11-23 12:00:00+00:00,9.080639,320.63068
2025-11-23 13:00:00+00:00,8.967541,321.51978
2025-11-23 14:00:00+00:00,9.290511,324.46225
2025-11-23 15:00:00+00:00,9.7565975,330.12408
2025-11-23 16:00:00+00:00,10.070353,335.72556
2025-11-23 17:00:00+00:00,9.927779,337.6198
2025-11-23 18:00:00+00:00,9.927779,337.6198
2025-11-23 19:00:00+00:00,9.927779,337.6198
2025-11-23 20:00:00+00:00,9.796366,339.56708
2025-11-23 21:00:00+00:00,9.676569,341.56494
2025-11-23 22:00:00+00:00,8.821836,358.83087
2025-11-23 23:00:00+00:00,6.4624763,347.125
2025-11-24 00:00:00+00:00,5.369916,309.55963
2025-11-24 01:00:00+00:00,6.0721655,281.9761
2025-11-24 02:00:00+00:00,4.7110505,276.58185
2025-11-24 03:00:00+00:00,4.73506,278.74606
2025-11-24 04:00:00+00:00,4.2136917,289.9832
2025-11-24 05:00:00+00:00,4.6452556,305.53775
2025-11-24 06:00:00+00:00,6.3690495,312.70938
2025-11-24 07:00:00+00:00,7.1321807,317.0454
2025-11-24 08:00:00+00:00,7.3997297,318.94528
2025-11-24 09:00:00+00:00,7.653705,318.81415
2025-11-24 10:00:00+00:00,8.019601,315.90927
2025-11-24 11:00:00+00:00,4.5891175,318.1799
2025-11-24 12:00:00+00:00,8.856658,322.43134
2025-11-24 13:00:00+00:00,8.3520775,322.88306
2025-11-24 14:00:00+00:00,7.841887,328.13406
2025-11-24 15:00:00+00:00,7.970972,334.59232
2025-11-24 16:00:00+00:00,8.699793,335.55606
2025-11-24 17:00:00+00:00,9.016185,333.94656
2025-11-24 18:00:00+00:00,8.452336,333.43503
2025-11-24 19:00:00+00:00,8.297589,335.6589
2025-11-24 20:00:00+00:00,8.2584505,339.59003
2025-11-24 21:00:00+00:00,8.197414,340.76923
2025-11-24 22:00:00+00:00,7.1321807,349.82455
2025-11-24 23:00:00+00:00,6.9480934,343.44284
2025-11-25 00:00:00+00:00,7.16617,334.72232
2025-11-25 01:00:00+00:00,6.989936,325.4914
2025-11-25 02:00:00+00:00,7.145796,310.91428
2025-11-25 03:00:00+00:00,5.991594,302.7352
2025-11-25 04:00:00+00:00,5.8409934,303.6901
2025-11-25 05:00:00+00:00,7.2,306.86996
2025-11-25 06:00:00+00:00,9.793059,306.02747
2025-11-25 07:00:00+00:00,10.766949,308.21106
2025-11-25 08:00:00+00:00,11.226575,311.0994
2025-11-25 09:00:00+00:00,11.203464,313.69812
2025-11-25 10:00:00+00:00,9.807935,312.7688
2025-11-25 11:00:00+00:00,5.004518,307.6943
2025-11-25 12:00:00+00:00,9.354806,300.01828
2025-11-25 13:00:00+00:00,9.059205,290.95584
2025-11-25 14:00:00+00:00,9.3962755,290.17075
2025-11-25 15:00:00+00:00,9.292255,291.59537
2025-11-25 16:00:00+00:00,8.305396,299.8988
2025-11-25 17:00:00+00:00,7.491114,305.21768
2025-11-25 18:00:00+00:00,7.519175,312.08908
2025-11-25 19:00:00+00:00,7.5105524,315.97092
2025-11-25 20:00:00+00:00,7.2649574,318.01285
2025-11-25 21:00:00+00:00,7.382195,315.0001
2025-11-25 22:00:00+00:00,8.805294,310.8553
2025-11-25 23:00:00+00:00,8.2584505,290.40997
2025-11-26 00:00:00+00:00,7.1661706,281.59213
2025-11-26 01:00:00+00:00,6.9899354,281.88864
2025-11-26 02:00:00+00:00,5.8603754,280.6196
2025-11-26 03:00:00+00:00,5.4744864,279.46225
2025-11-26 04:00:00+00:00,4.724786,287.74475
2025-11-26 05:00:00+00:00,5.00128,300.25635
2025-11-26 06:00:00+00:00,5.5916004,303.17853
2025-11-26 07:00:00+00:00,5.994297,311.3477
2025-11-26 08:00:00+00:00,6.248359,318.50363
2025-11-26 09:00:00+00:00,6.59154,325.0079
2025-11-26 10:00:00+00:00,6.320538,340.0168
2025-11-26 11:00:00+00:00,4.060985,347.19574
2025-11-26 12:00:00+00:00,8.019601,350.9606
2025-11-26 13:00:00+00:00,7.7588143,356.00916
2025-11-26 14:00:00+00:00,6.898956,7.495768
2025-11-26 15:00:00+00:00,5.5450516,13.134034
2025-11-26 16:00:00+00:00,3.9763298,5.19435
2025-11-26 17:00:00+00:00,2.4482648,323.97253
2025-11-26 18:00:00+00:00,2.2553935,298.61035
2025-11-26 19:00:00+00:00,3.319036,310.60123
2025-11-26 20:00:00+00:00,4.724786,319.63553
2025-11-26 21:00:00+00:00,6.439876,333.43503
2025-11-26 22:00:00+00:00,6.698806,6.170083
2025-11-26 23:00:00+00:00,7.072878,14.743609
2025-11-27 00:00:00+00:00,6.9480934,16.557161
2025-11-27 01:00:00+00:00,8.461915,23.838743
2025-11-27 02:00:00+00:00,4.829907,26.564985
2025-11-27 03:00:00+00:00,3.8939953,33.6901
2025-11-27 04:00:00+00:00,2.8460495,34.69522
2025-11-27 05:00:00+00:00,3.8183763,44.999897
2025-11-27 06:00:00+00:00,3.693291,46.97493
2025-11-27 07:00:00+00:00,3.4388947,42.878906
2025-11-27 08:00:00+00:00,2.7475805,31.607454
2025-11-27 09:00:00+00:00,2.97953,25.016869
2025-11-27 10:00:00+00:00,2.0991426,30.963696
2025-11-27 11:00:00+00:00,2.7475805,31.607454
2025-11-27 12:00:00+00:00,5.402999,29.981556
2025-11-27 13:00:00+00:00,6.3639607,28.739704
2025-11-27 14:00:00+00:00,5.896202,12.339083
2025-11-27 15:00:00+00:00,6.1437774,354.95764
2025-11-27 16:00:00+00:00,6.1226463,335.69547
2025-11-27 17:00:00+00:00,7.1389914,326.3099
2025-11-27 18:00:00+00:00,8.461914,330.70874
2025-11-27 19:00:00+00:00,9.102021,335.46228
2025-11-27 20:00:00+00:00,8.863972,336.0375
2025-11-27 21:00:00+00:00,7.406295,334.05774
2025-11-27 22:00:00+00:00,7.0911775,336.0375
2025-11-27 23:00:00+00:00,6.452441,337.01126
2025-11-28 00:00:00+00:00,6.361415,334.8852
2025-11-28 01:00:00+00:00,6.698806,329.30035
2025-11-28 02:00:00+00:00,6.2379804,313.83093
2025-11-28 03:00:00+00:00,6.2067385,299.5387
2025-11-28 04:00:00+00:00,6.050785,300.37906
2025-11-28 05:00:00+00:00,7.8480825,306.60718
2025-11-28 06:00:00+00:00,9.82114,311.2846
2025-11-28 07:00:00+00:00,10.583326,318.44748
2025-11-28 08:00:00+00:00,11.052058,322.9434
2025-11-28 09:00:00+00:00,11.48761,324.5666
2025-11-28 10:00:00+00:00,9.4238205,331.477
2025-11-28 11:00:00+00:00,5.004518,322.3057
2025-11-28 12:00:00+00:00,10.4493065,312.2072
2025-11-28 13:00:00+00:00,9.236298,303.07068
2025-11-28 14:00:00+00:00,8.6867485,304.01938
2025-11-28 15:00:00+00:00,8.067936,308.65982
2025-11-28 16:00:00+00:00,8.019601,315.90927
2025-11-28 17:00:00+00:00,8.415842,318.46832
2025-11-28 18:00:00+00:00,8.641874,324.3235
2025-11-28 19:00:00+00:00,8.836514,326.6336
2025-11-28 20:00:00+00:00,8.6867485,325.9806
2025-11-28 21:00:00+00:00,8.714677,321.70978
2025-11-28 22:00:00+00:00,7.5105524,315.97092
2025-11-28 23:00:00+00:00,7.928177,309.47244
2025-11-29 00:00:00+00:00,8.604301,307.34943
2025-11-29 01:00:00+00:00,8.604301,307.34943
2025-11-29 02:00:00+00:00,10.1902895,305.65543
2025-11-29 03:00:00+00:00,10.04458,306.25394
2025-11-29 04:00:00+00:00,10.120099,308.50067
2025-11-29 05:00:00+00:00,10.703569,312.27362
2025-11-29 06:00:00+00:00,11.328566,315.64368
2025-11-29 07:00:00+00:00,12.496718,318.50363
2025-11-29 08:00:00+00:00,13.861168,322.38596
2025-11-29 09:00:00+00:00,14.4,323.13
2025-11-29 10:00:00+00:00,11.778658,321.20343
2025-11-29 11:00:00+00:00,7.1684303,308.8845
2025-11-29 12:00:00+00:00,8.953078,300.17343
2025-11-29 13:00:00+00:00,8.461915,293.83875
2025-11-29 14:00:00+00:00,8.37532,298.21725
2025-11-29 15:00:00+00:00,8.893166,305.9422
2025-11-29 16:00:00+00:00,8.92408,311.72943
2025-11-29 17:00:00+00:00,8.536252,312.4362
2025-11-29 18:00:00+00:00,8.528657,314.145
2025-11-29 19:00:00+00:00,9.178235,318.1799
2025-11-29 20:00:00+00:00,9.840914,320.1945
2025-11-29 21:00:00+00:00,9.726664,321.009
2025-11-29 22:00:00+00:00,7.8149853,321.54626
2025-11-29 23:00:00+00:00,8.027678,317.72638
2025-11-30 00:00:00+00:00,8.404285,313.26434
2025-11-30 01:00:00+00:00,8.244708,306.11945
2025-11-30 02:00:00+00:00,9.418661,296.0753
2025-11-30 03:00:00+00:00,10.304115,289.3846
2025-11-30 04:00:00+00:00,10.644379,288.74142
2025-11-30 05:00:00+00:00,12.351988,288.69907
2025-11-30 06:00:00+00:00,14.003029,287.96924
2025-11-30 07:00:00+00:00,15.379206,286.31393
2025-11-30 08:00:00+00:00,16.053335,287.62238
2025-11-30 09:00:00+00:00,15.91041,291.92184
2025-11-30 10:00:00+00:00,15.342294,292.05112
2025-11-30 11:00:00+00:00,9.257321,296.56497
2025-11-30 12:00:00+00:00,9.847496,300.7841
2025-11-30 13:00:00+00:00,10.34178,301.47678
2025-11-30 14:00:00+00:00,9.913082,299.35767
2025-11-30 15:00:00+00:00,9.860649,291.41302
2025-11-30 16:00:00+00:00,9.346143,285.6423
2025-11-30 17:00:00+00:00,8.557102,284.6209
2025-11-30 18:00:00+00:00,8.197414,289.23077
2025-11-30 19:00:00+00:00,7.970972,295.40768
2025-11-30 20:00:00+00:00,7.7420926,305.53775
2025-11-30 21:00:00+00:00,8.019601,314.0907
2025-11-30 22:00:00+00:00,9.178235,334.44006
2025-11-30 23:00:00+00:00,9.114471,350.9098
2025-12-01 00:00:00+00:00,7.69592,10.784258
2025-12-01 01:00:00+00:00,5.4833565,23.198618
2025-12-01 02:00:00+00:00,1.4058449,50.194473
2025-12-01 03:00:00+00:00,0.8049845,243.43501
2025-12-01 04:00:00+00:00,1.9386592,248.19853
2025-12-01 05:00:00+00:00,2.52,270.0
2025-12-01 06:00:00+00:00,4.379589,279.46225
2025-12-01 07:00:00+00:00,6.151683,290.55612
2025-12-01 08:00:00+00:00,6.76618,298.61035
2025-12-01 09:00:00+00:00,7.2,306.86996
2025-12-01 10:00:00+00:00,5.257109,321.9529
2025-12-01 11:00:00+00:00,4.91634,336.2505
2025-12-01 12:00:00+00:00,7.415038,354.4279
2025-12-01 13:00:00+00:00,7.0568266,5.8559217
2025-12-01 14:00:00+00:00,6.66,18.924751
2025-12-01 15:00:00+00:00,6.439876,26.564985
2025-12-01 16:00:00+00:00,6.391901,32.347424
2025-12-01 17:00:00+00:00,6.8919086,49.236485
2025-12-01 18:00:00+00:00,7.329338,65.32315
2025-12-01 19:00:00+00:00,7.9220443,68.68202
2025-12-01 20:00:00+00:00,7.729527,62.24156
2025-12-01 21:00:00+00:00,7.7900705,49.68598
2025-12-01 22:00:00+00:00,8.909545,81.86999
2025-12-01 23:00:00+00:00,7.970972,64.59232
2025-12-02 00:00:00+00:00,6.9153743,51.34017
2025-12-02 01:00:00+00:00,7.386582,46.97493
2025-12-02 02:00:00+00:00,4.5891175,41.82009
2025-12-02 03:00:00+00:00,4.542994,56.3099
2025-12-02 04:00:00+00:00,3.0758414,69.44387
2025-12-02 05:00:00+00:00,3.189608,73.61038
2025-12-02 06:00:00+00:00,2.2768397,71.564964
2025-12-02 07:00:00+00:00,1.5379207,20.556128
2025-12-02 08:00:00+00:00,2.9024127,352.87506
2025-12-02 09:00:00+00:00,4.8466477,344.93146
2025-12-02 10:00:00+00:00,6.854195,330.06857
2025-12-02 11:00:00+00:00,4.755544,330.5242
2025-12-02 12:00:00+00:00,9.600937,329.589
2025-12-02 13:00:00+00:00,8.133928,335.13632
2025-12-02 14:00:00+00:00,8.139901,341.9656
2025-12-02 15:00:00+00:00,8.43699,348.92984
2025-12-02 16:00:00+00:00,8.865799,354.17374
2025-12-02 17:00:00+00:00,8.836514,356.49652
2025-12-02 18:00:00+00:00,8.297589,356.26868
2025-12-02 19:00:00+00:00,7.79215,353.36758
2025-12-02 20:00:00+00:00,7.555712,347.61926
2025-12-02 21:00:00+00:00,7.3997297,341.56494
2025-12-02 22:00:00+00:00,6.689125,336.19403
2025-12-02 23:00:00+00:00,6.59154,325.0079
2025-12-03 00:00:00+00:00,7.056826,322.25314
2025-12-03 01:00:00+00:00,7.056826,322.25314
2025-12-03 02:00:00+00:00,7.6367526,315.0001
2025-12-03 03:00:00+00:00,7.42159,309.09384
2025-12-03 04:00:00+00:00,7.1684303,308.8845
2025-12-03 05:00:00+00:00,8.669949,311.63345
2025-12-03 06:00:00+00:00,10.4493065,312.2072
2025-12-03 07:00:00+00:00,11.203464,313.69812
2025-12-03 08:00:00+00:00,11.457958,316.27295
2025-12-03 09:00:00+00:00,11.457958,313.72705
2025-12-03 10:00:00+00:00,11.1090765,310.3998
2025-12-03 11:00:00+00:00,6.489992,303.6901
2025-12-03 12:00:00+00:00,10.315115,299.24872
2025-12-03 13:00:00+00:00,9.085988,303.6901
2025-12-03 14:00:00+00:00,8.297589,310.60123
2025-12-03 15:00:00+00:00,9.044888,317.41956
2025-12-03 16:00:00+00:00,9.396275,323.56903
2025-12-03 17:00:00+00:00,8.6867485,325.9806
2025-12-03 18:00:00+00:00,8.037761,325.954
2025-12-03 19:00:00+00:00,7.7900705,319.68597
2025-12-03 20:00:00+00:00,7.8954163,313.1524
2025-12-03 21:00:00+00:00,8.099999,306.86996
2025-12-03 22:00:00+00:00,8.211235,296.0033
2025-12-03 23:00:00+00:00,8.723967,291.80145
2025-12-04 00:00:00+00:00,9.504273,294.62354
2025-12-04 01:00:00+00:00,9.984729,297.95087
2025-12-04 02:00:00+00:00,11.032987,298.23734
2025-12-04 03:00:00+00:00,11.995349,295.79596
2025-12-04 04:00:00+00:00,12.074766,296.56497
2025-12-04 05:00:00+00:00,12.972494,299.0545
2025-12-04 06:00:00+00:00,13.4903965,301.35703
2025-12-04 07:00:00+00:00,13.776762,298.9091
2025-12-04 08:00:00+00:00,14.178927,298.84256
2025-12-04 09:00:00+00:00,13.799087,300.57913
2025-12-04 10:00:00+00:00,13.337016,301.75943
2025-12-04 11:00:00+00:00,7.5942082,301.4295
2025-12-04 12:00:00+00:00,11.391313,301.4295
2025-12-04 13:00:00+00:00,11.364259,299.4071
2025-12-04 14:00:00+00:00,10.897063,292.3287
2025-12-04 15:00:00+00:00,10.449306,280.92276
2025-12-04 16:00:00+00:00,9.708326,280.68484
2025-12-04 17:00:00+00:00,9.12513,284.85864
2025-12-04 18:00:00+00:00,8.626865,293.3556
2025-12-04 19:00:00+00:00,7.973005,298.30066
2025-12-04 20:00:00+00:00,8.338489,302.6609
2025-12-04 21:00:00+00:00,9.085988,303.6901
2025-12-04 22:00:00+00:00,7.256032,293.38525
2025-12-04 23:00:00+00:00,6.854195,299.93143
2025-12-05 00:00:00+00:00,7.538541,303.31064
2025-12-05 01:00:00+00:00,7.4867883,297.18103
2025-12-05 02:00:00+00:00,5.3305535,281.68933
2025-12-05 03:00:00+00:00,6.12,270.0
2025-12-05 04:00:00+00:00,5.232399,273.9451
2025-12-05 05:00:00+00:00,6.1569467,285.25516
2025-12-05 06:00:00+00:00,8.242743,301.60745
2025-12-05 07:00:00+00:00,8.55142,310.73203
2025-12-05 08:00:00+00:00,8.400428,315.0001
2025-12-05 09:00:00+00:00,8.574123,320.96448
2025-12-05 10:00:00+00:00,8.55142,319.26797
2025-12-05 11:00:00+00:00,5.6521144,307.23492
2025-12-05 12:00:00+00:00,9.983106,295.64096
2025-12-05 13:00:00+00:00,9.102021,294.53772
2025-12-05 14:00:00+00:00,8.6193495,298.70584
2025-12-05 15:00:00+00:00,8.39078,305.39487
2025-12-05 16:00:00+00:00,8.783189,314.16977
2025-12-05 17:00:00+00:00,8.805294,319.1447
2025-12-05 18:00:00+00:00,8.536252,317.5638
2025-12-05 19:00:00+00:00,8.161764,311.42358
2025-12-05 20:00:00+00:00,8.39078,305.39487
2025-12-05 21:00:00+00:00,9.19939,300.57913
2025-12-05 22:00:00+00:00,10.472535,298.76755
2025-12-05 23:00:00+00:00,11.594292,297.75842
2025-12-06 00:00:00+00:00,12.181624,304.15976
2025-12-06 01:00:00+00:00,11.952054,307.04254
2025-12-06 02:00:00+00:00,12.399113,297.68097
2025-12-06 03:00:00+00:00,13.210087,289.9165
2025-12-06 04:00:00+00:00,13.306615,293.09686
2025-12-06 05:00:00+00:00,13.543131,293.49857
2025-12-06 06:00:00+00:00,14.092977,294.92844
2025-12-06 07:00:00+00:00,14.607751,292.45697
2025-12-06 08:00:00+00:00,15.141414,288.00424
2025-12-06 09:00:00+00:00,15.484185,287.5925
2025-12-06 10:00:00+00:00,14.2336645,283.15753
2025-12-06 11:00:00+00:00,10.1376915,276.11542
2025-12-06 12:00:00+00:00,9.761578,275.28998
2025-12-06 13:00:00+00:00,11.230904,276.4415
2025-12-06 14:00:00+00:00,11.431063,277.23682
2025-12-06 15:00:00+00:00,11.157096,280.2221
2025-12-06 16:00:00+00:00,10.261579,285.25516
2025-12-06 17:00:00+00:00,10.472536,294.36243
2025-12-06 18:00:00+00:00,10.158444,299.74478
2025-12-06 19:00:00+00:00,10.070353,298.85556
2025-12-06 20:00:00+00:00,10.062305,296.56497
2025-12-06 21:00:00+00:00,10.548061,295.2531
2025-12-06 22:00:00+00:00,11.038858,294.05734
2025-12-06 23:00:00+00:00,11.113451,294.90472
2025-12-07 00:00:00+00:00,10.950452,295.30136
2025-12-07 01:00:00+00:00,10.365251,290.3232
2025-12-07 02:00:00+00:00,11.090103,283.13403
2025-12-07 03:00:00+00:00,12.496719,281.6336
2025-12-07 04:00:00+00:00,13.433838,287.9495
2025-12-07 05:00:00+00:00,14.410121,295.92484
2025-12-07 06:00:00+00:00,15.095336,300.84653
2025-12-07 07:00:00+00:00,15.277749,304.43906
2025-12-07 08:00:00+00:00,14.879153,304.6514
2025-12-07 09:00:00+00:00,14.230248,304.69522
2025-12-07 10:00:00+00:00,14.087229,296.56497
2025-12-07 11:00:00+00:00,9.059205,290.95584
2025-12-07 12:00:00+00:00,9.0,286.26028
2025-12-07 13:00:00+00:00,9.965239,290.07162
2025-12-07 14:00:00+00:00,10.30883,294.77512
2025-12-07 15:00:00+00:00,10.070353,298.85556
2025-12-07 16:00:00+00:00,9.600937,300.411
2025-12-07 17:00:00+00:00,9.257321,296.56497
2025-12-07 18:00:00+00:00,9.459852,291.19412
2025-12-07 19:00:00+00:00,9.627896,290.80685
2025-12-07 20:00:00+00:00,10.062305,296.56497
2025-12-07 21:00:00+00:00,10.34178,301.47678
2025-12-07 22:00:00+00:00,10.144082,297.47433
2025-12-07 23:00:00+00:00,11.269782,296.56497
2025-12-08 00:00:00+00:00,11.7662735,299.3099
2025-12-08 01:00:00+00:00,11.144021,301.1224
2025-12-08 02:00:00+00:00,11.298495,300.65057
2025-12-08 03:00:00+00:00,12.56008,295.46332
2025-12-08 04:00:00+00:00,12.9625,295.4975
2025-12-08 05:00:00+00:00,14.169785,295.58847
2025-12-08 06:00:00+00:00,15.133923,296.86972
2025-12-08 07:00:00+00:00,15.536408,296.86185
2025-12-08 08:00:00+00:00,15.858398,296.27414
2025-12-08 09:00:00+00:00,16.260885,296.28134
2025-12-08 10:00:00+00:00,15.22783,298.9887
2025-12-08 11:00:00+00:00,10.560341,299.62366
2025-12-08 12:00:00+00:00,9.659814,296.56497
2025-12-08 13:00:00+00:00,10.399576,293.45905
2025-12-08 14:00:00+00:00,10.3621235,287.176
2025-12-08 15:00:00+00:00,11.103243,286.96622
2025-12-08 16:00:00+00:00,11.631956,291.80148
2025-12-08 17:00:00+00:00,11.833546,296.17523
2025-12-08 18:00:00+00:00,11.996699,297.7184
2025-12-08 19:00:00+00:00,11.996699,297.7184
2025-12-08 20:00:00+00:00,12.081473,294.65588
2025-12-08 21:00:00+00:00,12.367716,291.3369
2025-12-08 22:00:00+00:00,11.656998,283.39252
2025-12-08 23:00:00+00:00,12.399112,283.43103
2025-12-09 00:00:00+00:00,12.487641,285.03787
2025-12-09 01:00:00+00:00,11.792404,282.33908
2025-12-09 02:00:00+00:00,12.093534,274.2678
2025-12-09 03:00:00+00:00,14.275713,275.06354
2025-12-09 04:00:00+00:00,14.887859,284.70834
2025-12-09 05:00:00+00:00,15.151039,293.82425
2025-12-09 06:00:00+00:00,15.561414,299.827
2025-12-09 07:00:00+00:00,15.990646,301.1849
2025-12-09 08:00:00+00:00,16.63905,301.2826
2025-12-09 09:00:00+00:00,16.580532,302.1372
2025-12-09 10:00:00+00:00,14.378608,304.28693
2025-12-09 11:00:00+00:00,9.109138,299.60434
2025-12-09 12:00:00+00:00,8.93859,295.01685
2025-12-09 13:00:00+00:00,8.65873,290.69553
2025-12-09 14:00:00+00:00,8.936777,288.8
2025-12-09 15:00:00+00:00,9.05205,287.3541
2025-12-09 16:00:00+00:00,9.05205,287.3541
2025-12-09 17:00:00+00:00,9.505977,288.77814
2025-12-09 18:00:00+00:00,10.472536,294.36243
2025-12-09 19:00:00+00:00,11.052058,300.32352
2025-12-09 20:00:00+00:00,10.383987,303.6901
2025-12-09 21:00:00+00:00,10.134495,303.40784
2025-12-09 22:00:00+00:00,9.984729,297.95087
2025-12-09 23:00:00+00:00,9.997699,293.33405
2025-12-10 00:00:00+00:00,9.621163,287.41806
2025-12-10 01:00:00+00:00,9.243311,276.70975
2025-12-10 02:00:00+00:00,9.9,270.0
2025-12-10 03:00:00+00:00,11.016824,274.68582
2025-12-10 04:00:00+00:00,9.82279,283.78162
2025-12-10 05:00:00+00:00,9.847496,288.10385
2025-12-10 06:00:00+00:00,10.8015,293.5747
2025-12-10 07:00:00+00:00,12.011544,299.63828
2025-12-10 08:00:00+00:00,11.931705,303.92984
2025-12-10 09:00:00+00:00,11.43248,303.43988
2025-12-10 10:00:00+00:00,12.503199,300.25635
2025-12-10 11:00:00+00:00,6.198903,295.82092
2025-12-10 12:00:00+00:00,10.699028,282.63336
2025-12-10 13:00:00+00:00,11.126562,279.30988
2025-12-10 14:00:00+00:00,10.914888,283.34872
2025-12-10 15:00:00+00:00,10.703569,289.6539
2025-12-10 16:00:00+00:00,10.248941,300.61853
2025-12-10 17:00:00+00:00,9.9408245,312.06424
2025-12-10 18:00:00+00:00,9.703319,319.51407
2025-12-10 19:00:00+00:00,9.252069,322.90707
2025-12-10 20:00:00+00:00,8.836514,326.6336
2025-12-10 21:00:00+00:00,8.856658,322.43134
2025-12-10 22:00:00+00:00,6.804381,307.47626
2025-12-10 23:00:00+00:00,5.4656014,287.24155
2025-12-11 00:00:00+00:00,6.1858225,278.36578
2025-12-11 01:00:00+00:00,6.130579,273.3664
2025-12-11 02:00:00+00:00,6.0721655,281.9761
2025-12-11 03:00:00+00:00,6.1226463,294.30453
2025-12-11 04:00:00+00:00,5.5216303,289.0257
2025-12-11 05:00:00+00:00,6.037383,280.30478
2025-12-11 06:00:00+00:00,7.689603,286.31393
2025-12-11 07:00:00+00:00,9.459852,291.19412
2025-12-11 08:00:00+00:00,11.132385,292.83368
2025-12-11 09:00:00+00:00,12.245293,294.30453
2025-12-11 10:00:00+00:00,11.592895,295.76926
2025-12-11 11:00:00+00:00,5.5829024,290.77234
2025-12-11 12:00:00+00:00,9.708326,280.68484
2025-12-11 13:00:00+00:00,9.926147,274.15958
2025-12-11 14:00:00+00:00,9.6932955,285.06854
2025-12-11 15:00:00+00:00,9.290511,305.53775
2025-12-11 16:00:00+00:00,8.748075,323.36578
2025-12-11 17:00:00+00:00,8.688613,320.0425
2025-12-11 18:00:00+00:00,8.55142,310.73203
2025-12-11 19:00:00+00:00,8.4963045,306.38446
2025-12-11 20:00:00+00:00,8.067936,308.65982
2025-12-11 21:00:00+00:00,7.7650757,315.9391
2025-12-11 22:00:00+00:00,6.544677,328.4958
2025-12-11 23:00:00+00:00,7.282774,320.01315
2025-12-12 00:00:00+00:00,6.269067,309.17365
2025-12-12 01:00:00+00:00,6.297428,300.96368
2025-12-12 02:00:00+00:00,4.724786,287.74475
2025-12-12 03:00:00+00:00,4.68,270.0
2025-12-12 04:00:00+00:00,3.8856654,256.60748
2025-12-12 05:00:00+00:00,3.644722,249.77505
2025-12-12 06:00:00+00:00,2.7534704,258.6901
2025-12-12 07:00:00+00:00,2.4482646,287.1028
2025-12-12 08:00:00+00:00,2.8460495,304.69522
2025-12-12 09:00:00+00:00,2.8116899,309.8055
2025-12-12 10:00:00+00:00,2.5772076,335.22488
2025-12-12 11:00:00+00:00,3.244996,356.82022
2025-12-12 12:00:00+00:00,3.9477081,24.227736
2025-12-12 13:00:00+00:00,5.4744864,43.667847
2025-12-12 14:00:00+00:00,6.623413,47.20262
2025-12-12 15:00:00+00:00,9.335737,56.003494
2025-12-12 16:00:00+00:00,8.707237,60.255207
2025-12-12 17:00:00+00:00,9.194106,66.94868
2025-12-12 18:00:00+00:00,9.346143,74.3577
2025-12-12 19:00:00+00:00,9.215226,77.5926
2025-12-12 20:00:00+00:00,9.444426,82.33328
2025-12-12 21:00:00+00:00,8.688613,76.827446
2025-12-12 22:00:00+00:00,7.596341,76.29302
2025-12-12 23:00:00+00:00,6.2613096,71.564964
2025-12-13 00:00:00+00:00,6.330782,75.17348
2025-12-13 01:00:00+00:00,6.482499,91.59111
2025-12-13 02:00:00+00:00,5.815978,111.801476
2025-12-13 03:00:00+00:00,5.257109,141.95291
2025-12-13 04:00:00+00:00,3.8183763,135.0001
2025-12-13 05:00:00+00:00,4.7110505,136.54811
2025-12-13 06:00:00+00:00,4.471107,130.10085
2025-12-13 07:00:00+00:00,3.710795,112.833694
2025-12-13 08:00:00+00:00,3.4247334,86.98728
2025-12-13 09:00:00+00:00,4.3498964,65.55606
2025-12-13 10:00:00+00:00,5.020677,75.46551
2025-12-13 11:00:00+00:00,3.9763298,84.805664
2025-12-13 12:00:00+00:00,7.748368,87.33706
2025-12-13 13:00:00+00:00,8.669949,85.23644
2025-12-13 14:00:00+00:00,9.187056,92.2457
2025-12-13 15:00:00+00:00,9.391102,102.17145
2025-12-13 16:00:00+00:00,9.505977,108.77813
2025-12-13 17:00:00+00:00,9.059205,110.95586
2025-12-13 18:00:00+00:00,8.709098,108.06056
2025-12-13 19:00:00+00:00,8.338489,103.73629
2025-12-13 20:00:00+00:00,8.049845,100.30479
2025-12-13 21:00:00+00:00,7.6367526,98.13002
2025-12-13 22:00:00+00:00,7.458606,109.74693
2025-12-13 23:00:00+00:00,6.725354,105.52418
2025-12-14 00:00:00+00:00,7.1661706,101.59215
2025-12-14 01:00:00+00:00,6.8423676,116.56499
2025-12-14 02:00:00+00:00,5.2323985,139.18501
2025-12-14 03:00:00+00:00,3.9844694,198.43504
2025-12-14 04:00:00+00:00,2.0523157,217.87505
2025-12-14 05:00:00+00:00,2.0991426,210.96368
2025-12-14 06:00:00+00:00,1.5273507,224.9999
2025-12-14 07:00:00+00:00,1.1525624,321.34018
2025-12-14 08:00:00+00:00,1.835647,348.6901
2025-12-14 09:00:00+00:00,2.7238941,352.40543
2025-12-14 10:00:00+00:00,1.0182338,315.0001
2025-12-14 11:00:00+00:00,0.9,306.86996
2025-12-14 12:00:00+00:00,2.36753,8.746089
2025-12-14 13:00:00+00:00,4.613762,20.556128
2025-12-14 14:00:00+00:00,5.3939967,25.709915
2025-12-14 15:00:00+00:00,5.634891,26.564985
2025-12-14 16:00:00+00:00,4.724786,17.744766
2025-12-14 17:00:00+00:00,3.4199998,360.0
2025-12-14 18:00:00+00:00,3.2048087,308.15726
2025-12-14 19:00:00+00:00,4.952453,289.0936
2025-12-14 20:00:00+00:00,7.1208143,286.1444
2025-12-14 21:00:00+00:00,7.458606,289.74692
2025-12-14 22:00:00+00:00,5.9834766,291.16132
2025-12-14 23:00:00+00:00,6.6818557,297.25525
2025-12-15 00:00:00+00:00,7.0107627,299.1974
2025-12-15 01:00:00+00:00,6.21717,292.1095
2025-12-15 02:00:00+00:00,6.5693827,279.46225
2025-12-15 03:00:00+00:00,7.562142,268.6361
2025-12-15 04:00:00+00:00,6.5024605,265.23645
2025-12-15 05:00:00+00:00,7.7420926,271.33218
2025-12-15 06:00:00+00:00,10.172787,283.29858
2025-12-15 07:00:00+00:00,11.734564,290.659
2025-12-15 08:00:00+00:00,12.245293,294.30453
2025-12-15 09:00:00+00:00,11.679212,298.5399
2025-12-15 10:00:00+00:00,12.570394,299.13422
2025-12-15 11:00:00+00:00,6.945761,301.21835
2025-12-15 12:00:00+00:00,11.032987,303.6901
2025-12-15 13:00:00+00:00,11.032987,303.6901
2025-12-15 14:00:00+00:00,10.404249,300.11365
2025-12-15 15:00:00+00:00,8.707237,299.74478
2025-12-15 16:00:00+00:00,8.0599,299.42737
2025-12-15 17:00:00+00:00,7.6473517,296.56497
2025-12-15 18:00:00+00:00,7.8087645,295.97433
2025-12-15 19:00:00+00:00,8.29173,297.12122
2025-12-15 20:00:00+00:00,8.738811,302.38065
2025-12-15 21:00:00+00:00,9.3340025,309.52258
2025-12-15 22:00:00+00:00,10.185519,313.56796
2025-12-15 23:00:00+00:00,10.404249,307.26648
2025-12-16 00:00:00+00:00,10.63372,303.9591
2025-12-16 01:00:00+00:00,9.901636,297.0308
2025-12-16 02:00:00+00:00,10.706595,286.60706
2025-12-16 03:00:00+00:00,13.627795,282.20044
2025-12-16 04:00:00+00:00,14.292725,286.83755
2025-12-16 05:00:00+00:00,15.410776,292.6714
2025-12-16 06:00:00+00:00,15.463246,294.77512
2025-12-16 07:00:00+00:00,14.913952,293.471
2025-12-16 08:00:00+00:00,14.64209,290.88586
2025-12-16 09:00:00+00:00,14.799459,288.43503
2025-12-16 10:00:00+00:00,15.430736,286.95538
2025-12-16 11:00:00+00:00,10.3621235,287.176
2025-12-16 12:00:00+00:00,8.139901,288.03436
2025-12-16 13:00:00+00:00,8.311245,287.6502
2025-12-16 14:00:00+00:00,8.513448,283.44864
2025-12-16 15:00:00+00:00,8.967541,280.40765
2025-12-16 16:00:00+00:00,9.144637,280.20392
2025-12-16 17:00:00+00:00,9.0018,281.53458
2025-12-16 18:00:00+00:00,9.5196,285.3502
2025-12-16 19:00:00+00:00,10.075177,288.75873
2025-12-16 20:00:00+00:00,10.644379,288.74142
2025-12-16 21:00:00+00:00,11.272657,289.59238
2025-12-16 22:00:00+00:00,11.672275,287.03784
2025-12-16 23:00:00+00:00,11.334285,290.44962
2025-12-17 00:00:00+00:00,11.063778,291.97455
2025-12-17 01:00:00+00:00,10.483357,285.94547
2025-12-17 02:00:00+00:00,10.239453,280.1246
2025-12-17 03:00:00+00:00,11.409785,276.3401
2025-12-17 04:00:00+00:00,11.897714,280.45984
2025-12-17 05:00:00+00:00,12.313893,285.25516
2025-12-17 06:00:00+00:00,12.904882,292.98874
2025-12-17 07:00:00+00:00,13.462749,299.64978
2025-12-17 08:00:00+00:00,13.681184,302.64462
2025-12-17 09:00:00+00:00,12.979984,303.6901
2025-12-17 10:00:00+00:00,13.121493,296.91647
2025-12-17 11:00:00+00:00,7.8087645,295.97433
2025-12-17 12:00:00+00:00,10.897063,292.3287
2025-12-17 13:00:00+00:00,10.873251,289.3349
2025-12-17 14:00:00+00:00,10.075177,288.75873
2025-12-17 15:00:00+00:00,9.565437,289.79895
2025-12-17 16:00:00+00:00,8.958504,292.4428
2025-12-17 17:00:00+00:00,7.889259,297.1496
2025-12-17 18:00:00+00:00,7.889258,304.7779
2025-12-17 19:00:00+00:00,7.42159,309.09384
2025-12-17 20:00:00+00:00,6.7757506,309.61066
2025-12-17 21:00:00+00:00,6.696387,306.25394
2025-12-17 22:00:00+00:00,6.4096174,308.15726
2025-12-17 23:00:00+00:00,5.8603754,312.5104
2025-12-18 00:00:00+00:00,6.341009,325.40765
2025-12-18 01:00:00+00:00,5.3999996,323.13004
2025-12-18 02:00:00+00:00,4.293669,303.02386
2025-12-18 03:00:00+00:00,4.1125174,293.1986
2025-12-18 04:00:00+00:00,3.745557,305.21768
2025-12-18 05:00:00+00:00,4.39436,325.0079
2025-12-18 06:00:00+00:00,5.4656014,342.75845
2025-12-18 07:00:00+00:00,6.8541956,346.32867
2025-12-18 08:00:00+00:00,7.6409945,344.9816
2025-12-18 09:00:00+00:00,8.2584505,339.59003
2025-12-18 10:00:00+00:00,7.587806,337.69376
2025-12-18 11:00:00+00:00,5.4744864,332.5925
2025-12-18 12:00:00+00:00,8.694204,332.90454
2025-12-18 13:00:00+00:00,8.596766,340.4268
2025-12-18 14:00:00+00:00,8.4042845,350.13425
2025-12-18 15:00:00+00:00,8.82,360.0
2025-12-18 16:00:00+00:00,8.669949,355.23645
2025-12-18 17:00:00+00:00,8.197414,340.76923
2025-12-18 18:00:00+00:00,8.461914,330.70874
2025-12-18 19:00:00+00:00,7.9567327,322.3523
2025-12-18 20:00:00+00:00,6.618519,315.0001
2025-12-18 21:00:00+00:00,6.696387,306.25394
2025-12-18 22:00:00+00:00,6.763786,295.20108
2025-12-18 23:00:00+00:00,7.0038276,295.90643
2025-12-19 00:00:00+00:00,7.256032,299.74478
2025-12-19 01:00:00+00:00,6.9247384,297.8972
2025-12-19 02:00:00+00:00,7.0911775,293.9625
2025-12-19 03:00:00+00:00,8.027677,289.6539
2025-12-19 04:00:00+00:00,7.3997297,288.43503
2025-12-19 05:00:00+00:00,8.311245,287.6502
2025-12-19 06:00:00+00:00,9.761578,292.78244
2025-12-19 07:00:00+00:00,10.315115,299.24872
2025-12-19 08:00:00+00:00,10.134495,303.40784
2025-12-19 09:00:00+00:00,10.337078,305.07382
2025-12-19 10:00:00+00:00,11.019764,308.36752
2025-12-19 11:00:00+00:00,5.7402787,311.18582
2025-12-19 12:00:00+00:00,9.109138,307.77576
2025-12-19 13:00:00+00:00,9.0,286.26028
2025-12-19 14:00:00+00:00,9.779817,276.3401
2025-12-19 15:00:00+00:00,10.1376915,276.11542
2025-12-19 16:00:00+00:00,9.793058,287.1028
2025-12-19 17:00:00+00:00,9.693296,301.32864
2025-12-19 18:00:00+00:00,9.807935,312.7688
2025-12-19 19:00:00+00:00,9.686609,318.01288
2025-12-19 20:00:00+00:00,9.178235,311.82007
2025-12-19 21:00:00+00:00,8.534353,297.64587
2025-12-19 22:00:00+00:00,4.8633323,267.87894
2025-12-19 23:00:00+00:00,5.9834766,263.08887
2025-12-20 00:00:00+00:00,4.412754,258.23172
2025-12-20 01:00:00+00:00,3.644722,249.77505
2025-12-20 02:00:00+00:00,3.8141315,250.70985
2025-12-20 03:00:00+00:00,0.56920993,288.43503
2025-12-20 04:00:00+00:00,1.9881649,84.805664
2025-12-20 05:00:00+00:00,3.0811036,96.70974
2025-12-20 06:00:00+00:00,3.4949677,101.88863
2025-12-20 07:00:00+00:00,3.438895,96.00892
2025-12-20 08:00:00+00:00,2.5455842,81.86999
2025-12-20 09:00:00+00:00,2.2553935,61.389645
2025-12-20 10:00:00+00:00,1.9386592,111.801476
2025-12-20 11:00:00+00:00,2.5772078,102.09474
2025-12-20 12:00:00+00:00,7.9465466,76.908104
2025-12-20 13:00:00+00:00,7.1321807,79.824554
2025-12-20 14:00:00+00:00,7.208994,87.13766
2025-12-20 15:00:00+00:00,7.256032,97.12492
2025-12-20 16:00:00+00:00,7.4672885,105.376305
2025-12-20 17:00:00+00:00,6.9527545,111.25058
2025-12-20 18:00:00+00:00,6.689125,113.80595
2025-12-20 19:00:00+00:00,6.21717,112.109505
2025-12-20 20:00:00+00:00,5.920878,109.53674
2025-12-20 21:00:00+00:00,5.5829024,110.77233
2025-12-20 22:00:00+00:00,5.2478566,120.96369
2025-12-20 23:00:00+00:00,5.8603754,132.5104
2025-12-21 00:00:00+00:00,5.3457265,135.0001
2025-12-21 01:00:00+00:00,5.48631,138.99101
2025-12-21 02:00:00+00:00,5.3517847,137.72638
2025-12-21 03:00:00+00:00,5.8603754,132.5104
2025-12-21 04:00:00+00:00,6.444905,125.90981
2025-12-21 05:00:00+00:00,6.76618,118.61037
2025-12-21 06:00:00+00:00,7.0199995,112.61991
2025-12-21 07:00:00+00:00,7.353611,111.541046
2025-12-21 08:00:00+00:00,7.4867883,117.18103
2025-12-21 09:00:00+00:00,6.854195,119.93143
2025-12-21 10:00:00+00:00,4.846648,121.328636
2025-12-21 11:00:00+00:00,4.4565907,136.63654
2025-12-21 12:00:00+00:00,5.7431,147.80429
2025-12-21 13:00:00+00:00,4.599695,120.57915
2025-12-21 14:00:00+00:00,5.7628117,88.21013
2025-12-21 15:00:00+00:00,7.1321807,79.824554
2025-12-21 16:00:00+00:00,7.2022495,91.43207
2025-12-21 17:00:00+00:00,7.5685663,115.34614
2025-12-21 18:00:00+00:00,7.519175,137.91092
2025-12-21 19:00:00+00:00,6.5248446,155.55606
2025-12-21 20:00:00+00:00,6.638072,167.4712
2025-12-21 21:00:00+00:00,7.2202215,175.71092
2025-12-21 22:00:00+00:00,5.068846,163.49556
2025-12-21 23:00:00+00:00,4.186693,154.5367
2025-12-22 00:00:00+00:00,4.2671766,152.35411
2025-12-22 01:00:00+00:00,3.096837,144.46223
2025-12-22 02:00:00+00:00,2.6758924,132.27362
2025-12-22 03:00:00+00:00,3.7064266,150.9455
2025-12-22 04:00:00+00:00,4.278551,157.75093
2025-12-22 05:00:00+00:00,2.9301877,169.3804
2025-12-22 06:00:00+00:00,0.40249225,206.56499
2025-12-22 07:00:00+00:00,1.8,360.0
2025-12-22 08:00:00+00:00,3.2399998,360.0
2025-12-22 09:00:00+00:00,4.379589,350.53775
2025-12-22 10:00:00+00:00,2.0523157,344.7448
2025-12-22 11:00:00+00:00,2.4216523,311.98712
2025-12-22 12:00:00+00:00,3.244996,303.6901
2025-12-22 13:00:00+00:00,4.072935,315.0001
2025-12-22 14:00:00+00:00,3.244996,326.3099
2025-12-22 15:00:00+00:00,2.5959969,326.3099
2025-12-22 16:00:00+00:00,1.3104197,254.05453
2025-12-22 17:00:00+00:00,2.4149535,243.43501
2025-12-22 18:00:00+00:00,4.6800003,247.3801
2025-12-22 19:00:00+00:00,7.3799996,257.3196
2025-12-22 20:00:00+00:00,6.6624317,268.45187
2025-12-22 21:00:00+00:00,6.7205353,277.69595
2025-12-22 22:00:00+00:00,7.1661706,281.59213
2025-12-22 23:00:00+00:00,8.209263,285.25516
2025-12-23 00:00:00+00:00,8.36758,288.8248
2025-12-23 01:00:00+00:00,8.996398,289.88525
2025-12-23 02:00:00+00:00,9.734987,289.44012
2025-12-23 03:00:00+00:00,12.124307,288.16605
2025-12-23 04:00:00+00:00,11.770403,293.4287
2025-12-23 05:00:00+00:00,12.886039,298.35486
2025-12-23 06:00:00+00:00,14.045767,300.83777
2025-12-23 07:00:00+00:00,14.926983,303.6901
2025-12-23 08:00:00+00:00,15.631007,305.15424
2025-12-23 09:00:00+00:00,15.841022,306.21893
2025-12-23 10:00:00+00:00,16.053335,300.3026
2025-12-23 11:00:00+00:00,12.236029,296.18805
2025-12-23 12:00:00+00:00,10.261579,291.61484
2025-12-23 13:00:00+00:00,11.230904,291.63095
2025-12-23 14:00:00+00:00,11.51578,294.96277
2025-12-23 15:00:00+00:00,11.440979,294.14554
2025-12-23 16:00:00+00:00,11.503113,290.13638
2025-12-23 17:00:00+00:00,11.448055,286.44046
2025-12-23 18:00:00+00:00,12.016938,286.5349
2025-12-23 19:00:00+00:00,12.585848,286.62082
2025-12-23 20:00:00+00:00,12.810386,287.162
2025-12-23 21:00:00+00:00,13.154786,286.6993
2025-12-23 22:00:00+00:00,13.605189,287.71588
2025-12-23 23:00:00+00:00,13.277364,285.73206
2025-12-24 00:00:00+00:00,13.184308,284.22598
2025-12-24 01:00:00+00:00,13.451914,282.3625
2025-12-24 02:00:00+00:00,13.466357,278.45493
2025-12-24 03:00:00+00:00,14.650939,275.64044
2025-12-24 04:00:00+00:00,14.796175,279.80603
2025-12-24 05:00:00+00:00,14.408997,282.99463
2025-12-24 06:00:00+00:00,14.192631,285.44638
2025-12-24 07:00:00+00:00,14.572219,287.98743
2025-12-24 08:00:00+00:00,15.042659,291.03757
2025-12-24 09:00:00+00:00,14.74902,293.7495
2025-12-24 10:00:00+00:00,14.607751,292.45697
2025-12-24 11:00:00+00:00,9.860649,291.41302
2025-12-24 12:00:00+00:00,9.05205,287.3541
2025-12-24 13:00:00+00:00,8.431228,286.1135
2025-12-24 14:00:00+00:00,8.709098,288.06055
2025-12-24 15:00:00+00:00,9.299225,284.57425
2025-12-24 16:00:00+00:00,8.131936,275.0795
2025-12-24 17:00:00+00:00,7.5685663,267.27374
2025-12-24 18:00:00+00:00,7.9383874,266.09958
2025-12-24 19:00:00+00:00,8.461914,268.78116
2025-12-24 20:00:00+00:00,7.7588143,273.9908
2025-12-24 21:00:00+00:00,7.4346757,276.95285
2025-12-24 22:00:00+00:00,6.8612823,274.5139
2025-12-24 23:00:00+00:00,7.388775,272.79263
2025-12-25 00:00:00+00:00,7.928178,272.6025
2025-12-25 01:00:00+00:00,7.5599995,270.0
2025-12-25 02:00:00+00:00,6.6624317,271.54813
2025-12-25 03:00:00+00:00,7.1661706,281.59213
2025-12-25 04:00:00+00:00,5.7204895,294.14554
2025-12-25 05:00:00+00:00,4.752136,307.30402
2025-12-25 06:00:00+00:00,5.854844,315.0001
2025-12-25 07:00:00+00:00,7.42159,309.09384
2025-12-25 08:00:00+00:00,8.3520775,307.11694
2025-12-25 09:00:00+00:00,8.181589,309.64413
2025-12-25 10:00:00+00:00,7.519175,317.91092
2025-12-25 11:00:00+00:00,3.6447225,327.09476
2025-12-25 12:00:00+00:00,5.1197267,349.8754
2025-12-25 13:00:00+00:00,4.724786,17.744766
2025-12-25 14:00:00+00:00,3.0652893,40.236294
2025-12-25 15:00:00+00:00,0.742159,194.03627
2025-12-25 16:00:00+00:00,1.2074767,206.56499
2025-12-25 17:00:00+00:00,1.3708391,156.80138
2025-12-25 18:00:00+00:00,1.8532133,150.9455
2025-12-25 19:00:00+00:00,1.9881649,95.19434
2025-12-25 20:00:00+00:00,2.34,90.0
2025-12-25 21:00:00+00:00,1.3708391,113.19862
2025-12-25 22:00:00+00:00,3.644722,290.22495
2025-12-25 23:00:00+00:00,5.6835546,280.954
2025-12-26 00:00:00+00:00,5.2200003,270.0
2025-12-26 01:00:00+00:00,3.362677,254.47583
2025-12-26 02:00:00+00:00,3.0652893,220.23628
2025-12-26 03:00:00+00:00,1.0182338,224.9999
2025-12-26 04:00:00+00:00,0.54,270.0
2025-12-26 05:00:00+00:00,1.7076298,251.56496
2025-12-26 06:00:00+00:00,3.964089,272.6025
2025-12-26 07:00:00+00:00,6.5520988,290.92456
2025-12-26 08:00:00+00:00,7.9383874,302.96942
2025-12-26 09:00:00+00:00,8.274128,314.11868
2025-12-26 10:00:00+00:00,9.220499,321.34018
2025-12-26 11:00:00+00:00,4.965521,316.46872
2025-12-26 12:00:00+00:00,7.4867883,297.18103
2025-12-26 13:00:00+00:00,6.66,288.92474
2025-12-26 14:00:00+00:00,6.2405767,303.23172
2025-12-26 15:00:00+00:00,7.1684303,321.1155
2025-12-26 16:00:00+00:00,8.55142,329.65683
2025-12-26 17:00:00+00:00,9.600937,329.589
2025-12-26 18:00:00+00:00,9.418661,333.92468
2025-12-26 19:00:00+00:00,9.627896,339.1931
2025-12-26 20:00:00+00:00,9.459852,338.80588
2025-12-26 21:00:00+00:00,8.39657,329.03632
2025-12-26 22:00:00+00:00,6.384293,319.574
2025-12-26 23:00:00+00:00,5.994297,311.3477
2025-12-27 00:00:00+00:00,6.444905,305.9098
2025-12-27 01:00:00+00:00,6.854195,299.93143
2025-12-27 02:00:00+00:00,7.256032,293.38525
2025-12-27 03:00:00+00:00,8.2584505,290.40997
2025-12-27 04:00:00+00:00,7.293888,285.75125
2025-12-27 05:00:00+00:00,8.604301,285.78082
2025-12-27 06:00:00+00:00,10.028439,291.03757
2025-12-27 07:00:00+00:00,10.966713,293.1986
2025-12-27 08:00:00+00:00,11.679213,294.5901
2025-12-27 09:00:00+00:00,11.837652,298.12363
2025-12-27 10:00:00+00:00,10.1902895,305.65543
2025-12-27 11:00:00+00:00,6.015878,308.92755
2025-12-27 12:00:00+00:00,8.587338,303.02386
2025-12-27 13:00:00+00:00,7.9567327,307.64767
2025-12-27 14:00:00+00:00,7.5105524,314.02905
2025-12-27 15:00:00+00:00,7.5105524,315.97092
2025-12-27 16:00:00+00:00,7.0934615,305.7068
2025-12-27 17:00:00+00:00,7.491114,305.21768
2025-12-27 18:00:00+00:00,7.5019197,300.25635
2025-12-27 19:00:00+00:00,7.989242,292.5206
2025-12-27 20:00:00+00:00,8.089993,290.85452
2025-12-27 21:00:00+00:00,7.6473517,296.56497
2025-12-27 22:00:00+00:00,6.6405115,302.82855
2025-12-27 23:00:00+00:00,6.889557,303.2749
2025-12-28 00:00:00+00:00,5.495161,301.60745
2025-12-28 01:00:00+00:00,5.1919937,303.6901
2025-12-28 02:00:00+00:00,5.7964473,295.76926
2025-12-28 03:00:00+00:00,4.1556225,274.96964
2025-12-28 04:00:00+00:00,3.8856654,256.60748
2025-12-28 05:00:00+00:00,4.5,253.73972
2025-12-28 06:00:00+00:00,5.5916004,266.3087
2025-12-28 07:00:00+00:00,7.072878,284.74362
2025-12-28 08:00:00+00:00,7.570707,298.3929
2025-12-28 09:00:00+00:00,7.4520864,307.14676
2025-12-28 10:00:00+00:00,7.7734165,312.18436
2025-12-28 11:00:00+00:00,5.441838,325.78424
2025-12-28 12:00:00+00:00,7.7734165,354.68555
2025-12-28 13:00:00+00:00,8.596766,19.573223
2025-12-28 14:00:00+00:00,8.400428,44.999897
2025-12-28 15:00:00+00:00,8.197414,70.76923
2025-12-28 16:00:00+00:00,7.92,90.0
2025-12-28 17:00:00+00:00,7.2044983,102.99462
2025-12-28 18:00:00+00:00,5.3426957,122.61923
2025-12-28 19:00:00+00:00,2.4014995,167.00539
2025-12-28 20:00:00+00:00,1.781909,224.9999
2025-12-28 21:00:00+00:00,3.0811036,276.70975
2025-12-28 22:00:00+00:00,5.223103,268.02512
2025-12-28 23:00:00+00:00,5.6835546,259.046
2025-12-29 00:00:00+00:00,4.6938252,265.60138
2025-12-29 01:00:00+00:00,3.8856654,256.60748
2025-12-29 02:00:00+00:00,4.0249224,243.43501
2025-12-29 03:00:00+00:00,4.1085763,241.1893
2025-12-29 04:00:00+00:00,4.198285,239.0363
2025-12-29 05:00:00+00:00,3.8647635,242.24155
2025-12-29 06:00:00+00:00,4.1556225,265.03033
2025-12-29 07:00:00+00:00,5.0142193,291.03757
2025-12-29 08:00:00+00:00,6.048107,306.52896
2025-12-29 09:00:00+00:00,6.8919086,310.76352
2025-12-29 10:00:00+00:00,7.9567327,307.64767
2025-12-29 11:00:00+00:00,6.623413,312.7974
2025-12-29 12:00:00+00:00,6.384293,338.4985
2025-12-29 13:00:00+00:00,6.2483597,11.633606
2025-12-29 14:00:00+00:00,5.004518,37.694313
2025-12-29 15:00:00+00:00,3.3092597,67.61982
2025-12-29 16:00:00+00:00,3.438895,96.00892
2025-12-29 17:00:00+00:00,3.3092597,112.38018
2025-12-29 18:00:00+00:00,2.5959969,123.690094
2025-12-29 19:00:00+00:00,1.3708391,156.80138
2025-12-29 20:00:00+00:00,1.3708391,203.19862
2025-12-29 21:00:00+00:00,2.5455842,224.9999
2025-12-29 22:00:00+00:00,4.2366967,282.26477
2025-12-29 23:00:00+00:00,4.6800003,292.6199
2025-12-30 00:00:00+00:00,4.5,306.86996
2025-12-30 01:00:00+00:00,3.644722,290.22495
2025-12-30 02:00:00+00:00,3.7799997,270.0
2025-12-30 03:00:00+00:00,4.353619,262.8751
2025-12-30 04:00:00+00:00,5.1544156,257.90524
2025-12-30 05:00:00+00:00,5.1544156,257.90524
2025-12-30 06:00:00+00:00,5.297018,260.21765
2025-12-30 07:00:00+00:00,6.6697226,266.906
2025-12-30 08:00:00+00:00,7.562142,268.6361
2025-12-30 09:00:00+00:00,8.107996,267.45526
2025-12-30 10:00:00+00:00,10.182337,278.13
2025-12-30 11:00:00+00:00,7.229191,288.88617
2025-12-30 12:00:00+00:00,9.109138,299.60434
2025-12-30 13:00:00+00:00,7.44121,327.84772
2025-12-30 14:00:00+00:00,5.7852573,354.64426
2025-12-30 15:00:00+00:00,4.755544,29.475794
2025-12-30 16:00:00+00:00,4.8433046,41.98713
2025-12-30 17:00:00+00:00,3.7842832,64.65388
2025-12-30 18:00:00+00:00,3.604497,92.86235
2025-12-30 19:00:00+00:00,5.5829024,110.77233
2025-12-30 20:00:00+00:00,8.0599,113.70266
2025-12-30 21:00:00+00:00,8.891344,111.3707
2025-12-30 22:00:00+00:00,7.0199995,112.61991
2025-12-30 23:00:00+00:00,6.0347,107.35411
2025-12-31 00:00:00+00:00,6.037383,100.30479
2025-12-31 01:00:00+00:00,6.66,108.92474
2025-12-31 02:00:00+00:00,7.7043357,127.40543
2025-12-31 03:00:00+00:00,9.614426,141.84273
2025-12-31 04:00:00+00:00,11.032987,146.3099
2025-12-31 05:00:00+00:00,11.738705,144.3601
2025-12-31 06:00:00+00:00,12.136325,144.6598
2025-12-31 07:00:00+00:00,11.808878,142.43134
2025-12-31 08:00:00+00:00,11.334285,136.93057
2025-12-31 09:00:00+00:00,10.944532,126.30459
2025-12-31 10:00:00+00:00,9.7565975,127.50422
2025-12-31 11:00:00+00:00,8.694204,117.095474
2025-12-31 12:00:00+00:00,6.7469993,99.21095
2025-12-31 13:00:00+00:00,9.144637,100.20392
2025-12-31 14:00:00+00:00,10.759423,107.52566
2025-12-31 15:00:00+00:00,12.134992,110.85454
2025-12-31 16:00:00+00:00,13.049689,114.44395
2025-12-31 17:00:00+00:00,13.202726,115.8663
2025-12-31 18:00:00+00:00,12.594856,120.963684
2025-12-31 19:00:00+00:00,11.832176,123.20658
2025-12-31 20:00:00+00:00,10.837435,122.106224
2025-12-31 21:00:00+00:00,9.499158,117.05052
2025-12-31 22:00:00+00:00,4.9785542,102.5288
2025-12-31 23:00:00+00:00,7.029225,92.935616
