date,wind_speed_10m,wind_direction_10m
2025-01-01 00:00:00+00:00,2.97953,205.01686
2025-01-01 01:00:00+00:00,6.489992,176.82024
2025-01-01 02:00:00+00:00,3.8141315,160.70985
2025-01-01 03:00:00+00:00,1.7076298,71.564964
2025-01-01 04:00:00+00:00,4.198285,59.03632
2025-01-01 05:00:00+00:00,5.004518,52.3057
2025-01-01 06:00:00+00:00,5.1575575,60.75127
2025-01-01 07:00:00+00:00,3.8268526,48.814175
2025-01-01 08:00:00+00:00,2.8460495,34.69522
2025-01-01 09:00:00+00:00,2.34,360.0
2025-01-01 10:00:00+00:00,3.9763298,354.80566
2025-01-01 11:00:00+00:00,6.8612823,355.48608
2025-01-01 12:00:00+00:00,6.2613096,341.56494
2025-01-01 13:00:00+00:00,4.6277857,283.49576
2025-01-01 14:00:00+00:00,4.942631,236.88864
2025-01-01 15:00:00+00:00,7.344794,233.97253
2025-01-01 16:00:00+00:00,6.015878,231.07245
2025-01-01 17:00:00+00:00,6.3639607,224.9999
2025-01-01 18:00:00+00:00,7.0934615,215.70677
2025-01-01 19:00:00+00:00,7.10031,210.46547
2025-01-01 20:00:00+00:00,6.8423676,206.56499
2025-01-01 21:00:00+00:00,5.983477,195.7087
2025-01-01 22:00:00+00:00,5.2694216,187.85323
2025-01-01 23:00:00+00:00,3.219938,63.435013
2025-01-02 00:00:00+00:00,4.0449963,110.854546
2025-01-02 01:00:00+00:00,3.8521678,127.40543
2025-01-02 02:00:00+00:00,2.8856194,3.5762644
2025-01-02 03:00:00+00:00,4.913044,351.57312
2025-01-02 04:00:00+00:00,4.327493,16.927603
2025-01-02 05:00:00+00:00,3.563818,44.999897
2025-01-02 06:00:00+00:00,1.8,36.86999
2025-01-02 07:00:00+00:00,1.781909,44.999897
2025-01-02 08:00:00+00:00,2.5455842,8.130019
2025-01-02 09:00:00+00:00,3.01735,342.64587
2025-01-02 10:00:00+00:00,3.7971041,301.4295
2025-01-02 11:00:00+00:00,6.444905,324.09018
2025-01-02 12:00:00+00:00,7.0843205,332.78397
2025-01-02 13:00:00+00:00,4.6452556,305.53775
2025-01-02 14:00:00+00:00,4.942631,259.50858
2025-01-02 15:00:00+00:00,4.6277857,256.50424
2025-01-02 16:00:00+00:00,3.644722,249.77505
2025-01-02 17:00:00+00:00,3.8268526,228.81418
2025-01-02 18:00:00+00:00,4.846648,211.32863
2025-01-02 19:00:00+00:00,5.3517847,199.65392
2025-01-02 20:00:00+00:00,4.942631,190.49142
2025-01-02 21:00:00+00:00,4.278551,194.62091
2025-01-02 22:00:00+00:00,4.965521,136.46873
2025-01-02 23:00:00+00:00,3.745557,144.78232
2025-01-03 00:00:00+00:00,3.710795,140.90616
2025-01-03 01:00:00+00:00,2.6758924,109.653915
2025-01-03 02:00:00+00:00,3.319036,12.528798
2025-01-03 03:00:00+00:00,3.7799997,360.0
2025-01-03 04:00:00+00:00,3.3092597,22.380184
2025-01-03 05:00:00+00:00,4.6102495,38.65983
2025-01-03 06:00:00+00:00,6.2379804,46.169064
2025-01-03 07:00:00+00:00,6.9480934,53.426876
2025-01-03 08:00:00+00:00,7.748368,59.264584
2025-01-03 09:00:00+00:00,8.490582,57.99466
2025-01-03 10:00:00+00:00,9.567131,48.814175
2025-01-03 11:00:00+00:00,6.269067,50.82635
2025-01-03 12:00:00+00:00,7.329338,24.67685
2025-01-03 13:00:00+00:00,7.6473517,26.564985
2025-01-03 14:00:00+00:00,7.256032,29.744795
2025-01-03 15:00:00+00:00,7.145796,49.085716
2025-01-03 16:00:00+00:00,8.311245,72.34979
2025-01-03 17:00:00+00:00,8.338489,76.26372
2025-01-03 18:00:00+00:00,8.581677,80.34018
2025-01-03 19:00:00+00:00,8.107996,92.544754
2025-01-03 20:00:00+00:00,5.020677,104.5345
2025-01-03 21:00:00+00:00,1.8532133,150.9455
2025-01-03 22:00:00+00:00,2.0523157,127.875046
2025-01-03 23:00:00+00:00,1.2727921,351.87
2025-01-04 00:00:00+00:00,5.154415,155.22488
2025-01-04 01:00:00+00:00,4.965521,136.46873
2025-01-04 02:00:00+00:00,4.060985,102.80426
2025-01-04 03:00:00+00:00,4.0449967,57.724377
2025-01-04 04:00:00+00:00,6.156947,52.124958
2025-01-04 05:00:00+00:00,7.282774,50.013176
2025-01-04 06:00:00+00:00,7.5105524,45.970932
2025-01-04 07:00:00+00:00,7.386582,43.02507
2025-01-04 08:00:00+00:00,7.1321807,42.954597
2025-01-04 09:00:00+00:00,7.1321807,42.954597
2025-01-04 10:00:00+00:00,8.461915,38.088825
2025-01-04 11:00:00+00:00,6.8423676,54.63746
2025-01-04 12:00:00+00:00,8.049845,79.69521
2025-01-04 13:00:00+00:00,6.638072,130.60121
2025-01-04 14:00:00+00:00,3.9966488,82.234924
2025-01-04 15:00:00+00:00,5.796447,36.158287
2025-01-04 16:00:00+00:00,6.297428,59.03632
2025-01-04 17:00:00+00:00,6.849467,86.98728
2025-01-04 18:00:00+00:00,6.725354,105.52418
2025-01-04 19:00:00+00:00,6.048107,126.528946
2025-01-04 20:00:00+00:00,5.8409934,146.3099
2025-01-04 21:00:00+00:00,5.5596404,150.9455
2025-01-04 22:00:00+00:00,6.945761,121.218346
2025-01-04 23:00:00+00:00,4.5536795,108.43504
2025-01-05 00:00:00+00:00,3.8647635,62.24156
2025-01-05 01:00:00+00:00,7.247096,104.38144
2025-01-05 02:00:00+00:00,8.473393,102.26476
2025-01-05 03:00:00+00:00,6.763786,64.79892
2025-01-05 04:00:00+00:00,9.109138,52.22426
2025-01-05 05:00:00+00:00,10.404249,52.73353
2025-01-05 06:00:00+00:00,9.913082,60.64234
2025-01-05 07:00:00+00:00,8.089993,69.14546
2025-01-05 08:00:00+00:00,6.4624763,77.125
2025-01-05 09:00:00+00:00,5.5829024,69.22767
2025-01-05 10:00:00+00:00,5.7628117,51.34017
2025-01-05 11:00:00+00:00,7.2403865,55.1246
2025-01-05 12:00:00+00:00,8.699793,65.55606
2025-01-05 13:00:00+00:00,9.039514,77.34745
2025-01-05 14:00:00+00:00,8.477216,93.65215
2025-01-05 15:00:00+00:00,8.338489,103.73629
2025-01-05 16:00:00+00:00,7.841888,99.24603
2025-01-05 17:00:00+00:00,7.388775,87.20736
2025-01-05 18:00:00+00:00,7.0774574,82.694336
2025-01-05 19:00:00+00:00,6.310277,93.270424
2025-01-05 20:00:00+00:00,5.815978,111.801476
2025-01-05 21:00:00+00:00,4.471107,130.10085
2025-01-05 22:00:00+00:00,5.509882,128.36752
2025-01-05 23:00:00+00:00,2.6758924,137.72638
2025-01-06 00:00:00+00:00,3.6447225,147.09476
2025-01-06 01:00:00+00:00,4.1085763,151.1893
2025-01-06 02:00:00+00:00,2.657668,151.69934
2025-01-06 03:00:00+00:00,0.8049845,116.56499
2025-01-06 04:00:00+00:00,1.4512063,82.875084
2025-01-06 05:00:00+00:00,1.8792552,73.300674
2025-01-06 06:00:00+00:00,0.8049845,26.564985
2025-01-06 07:00:00+00:00,1.609969,296.56497
2025-01-06 08:00:00+00:00,3.4763772,291.25058
2025-01-06 09:00:00+00:00,4.3536186,299.74478
2025-01-06 10:00:00+00:00,4.0249224,296.56497
2025-01-06 11:00:00+00:00,4.4456716,301.75943
2025-01-06 12:00:00+00:00,1.609969,206.56499
2025-01-06 13:00:00+00:00,5.2694216,172.14677
2025-01-06 14:00:00+00:00,6.130579,176.6336
2025-01-06 15:00:00+00:00,6.302571,181.63654
2025-01-06 16:00:00+00:00,5.7852573,185.35573
2025-01-06 17:00:00+00:00,5.5887027,194.93147
2025-01-06 18:00:00+00:00,5.637765,196.69933
2025-01-06 19:00:00+00:00,6.1569467,195.25517
2025-01-06 20:00:00+00:00,4.6938252,184.39862
2025-01-06 21:00:00+00:00,4.0249224,169.6952
2025-01-06 22:00:00+00:00,2.1897945,170.53775
2025-01-06 23:00:00+00:00,2.995797,147.26479
2025-01-07 00:00:00+00:00,4.5536795,161.56496
2025-01-07 01:00:00+00:00,5.223103,178.02512
2025-01-07 02:00:00+00:00,3.96,180.0
2025-01-07 03:00:00+00:00,1.9469976,213.6901
2025-01-07 04:00:00+00:00,3.143565,283.24054
2025-01-07 05:00:00+00:00,5.5887027,284.93146
2025-01-07 06:00:00+00:00,8.905908,284.03625
2025-01-07 07:00:00+00:00,10.920824,278.53067
2025-01-07 08:00:00+00:00,11.901798,273.46817
2025-01-07 09:00:00+00:00,12.093534,274.2678
2025-01-07 10:00:00+00:00,5.8048253,277.1249
2025-01-07 11:00:00+00:00,7.0223074,268.53122
2025-01-07 12:00:00+00:00,6.6697226,266.906
2025-01-07 13:00:00+00:00,7.1321807,227.04541
2025-01-07 14:00:00+00:00,8.415842,228.46832
2025-01-07 15:00:00+00:00,7.748368,239.26459
2025-01-07 16:00:00+00:00,8.297589,245.65892
2025-01-07 17:00:00+00:00,10.062305,243.43501
2025-01-07 18:00:00+00:00,11.364259,240.5929
2025-01-07 19:00:00+00:00,11.988594,228.65231
2025-01-07 20:00:00+00:00,12.606426,223.26433
2025-01-07 21:00:00+00:00,11.203464,223.69812
2025-01-07 22:00:00+00:00,8.775807,244.48618
2025-01-07 23:00:00+00:00,8.244708,233.88057
2025-01-08 00:00:00+00:00,8.297589,245.65892
2025-01-08 01:00:00+00:00,7.029225,256.67545
2025-01-08 02:00:00+00:00,7.247096,255.61856
2025-01-08 03:00:00+00:00,11.052058,263.4538
2025-01-08 04:00:00+00:00,12.261158,273.3664
2025-01-08 05:00:00+00:00,12.108261,281.14285
2025-01-08 06:00:00+00:00,13.441071,277.69595
2025-01-08 07:00:00+00:00,14.769874,272.0952
2025-01-08 08:00:00+00:00,14.764389,271.39716
2025-01-08 09:00:00+00:00,14.830076,275.5721
2025-01-08 10:00:00+00:00,14.118243,289.35907
2025-01-08 11:00:00+00:00,9.801326,277.38596
2025-01-08 12:00:00+00:00,7.029225,267.0644
2025-01-08 13:00:00+00:00,5.2478566,247.8336
2025-01-08 14:00:00+00:00,4.755544,209.4758
2025-01-08 15:00:00+00:00,5.2694216,187.85323
2025-01-08 16:00:00+00:00,5.8603754,169.3804
2025-01-08 17:00:00+00:00,4.510787,151.38963
2025-01-08 18:00:00+00:00,4.143911,124.3804
2025-01-08 19:00:00+00:00,4.32,90.0
2025-01-08 20:00:00+00:00,4.471107,40.10085
2025-01-08 21:00:00+00:00,3.0652895,3.3664
2025-01-08 22:00:00+00:00,5.1197267,10.124612
2025-01-08 23:00:00+00:00,5.3517847,47.72637
2025-01-09 00:00:00+00:00,4.542994,123.6901
2025-01-09 01:00:00+00:00,3.693291,136.97493
2025-01-09 02:00:00+00:00,2.5772076,114.775116
2025-01-09 03:00:00+00:00,5.1544156,77.90526
2025-01-09 04:00:00+00:00,7.9138603,72.80138
2025-01-09 05:00:00+00:00,10.041354,75.46551
2025-01-09 06:00:00+00:00,10.829959,74.57778
2025-01-09 07:00:00+00:00,10.706595,73.39294
2025-01-09 08:00:00+00:00,10.196647,69.3255
2025-01-09 09:00:00+00:00,9.7565975,52.495785
2025-01-09 10:00:00+00:00,8.019601,45.909298
2025-01-09 11:00:00+00:00,7.0015144,17.969234
2025-01-09 12:00:00+00:00,7.570707,18.00426
2025-01-09 13:00:00+00:00,5.7628117,14.470333
2025-01-09 14:00:00+00:00,7.0911775,23.962492
2025-01-09 15:00:00+00:00,5.232399,86.05489
2025-01-09 16:00:00+00:00,5.728979,136.27295
2025-01-09 17:00:00+00:00,4.991553,154.35904
2025-01-09 18:00:00+00:00,6.198903,154.17906
2025-01-09 19:00:00+00:00,4.293669,146.97614
2025-01-09 20:00:00+00:00,2.995797,122.73522
2025-01-09 21:00:00+00:00,3.84796,100.784256
2025-01-09 22:00:00+00:00,4.175069,82.56869
2025-01-09 23:00:00+00:00,4.072935,44.999897
2025-01-10 00:00:00+00:00,5.020677,75.46551
2025-01-10 01:00:00+00:00,6.2613096,108.43504
2025-01-10 02:00:00+00:00,6.384293,111.501495
2025-01-10 03:00:00+00:00,4.6730714,105.64231
2025-01-10 04:00:00+00:00,5.6060677,84.47256
2025-01-10 05:00:00+00:00,8.197414,70.76923
2025-01-10 06:00:00+00:00,10.196647,69.3255
2025-01-10 07:00:00+00:00,11.272657,70.40763
2025-01-10 08:00:00+00:00,11.672275,70.167786
2025-01-10 09:00:00+00:00,12.245293,65.695465
2025-01-10 10:00:00+00:00,10.296251,53.530666
2025-01-10 11:00:00+00:00,8.643749,31.372961
2025-01-10 12:00:00+00:00,8.536252,42.436188
2025-01-10 13:00:00+00:00,7.1684303,51.115498
2025-01-10 14:00:00+00:00,8.217153,61.189304
2025-01-10 15:00:00+00:00,8.790563,79.380394
2025-01-10 16:00:00+00:00,8.865799,95.82625
2025-01-10 17:00:00+00:00,8.490582,94.864426
2025-01-10 18:00:00+00:00,8.101999,91.273
2025-01-10 19:00:00+00:00,7.3799996,90.0
2025-01-10 20:00:00+00:00,7.3821945,91.39715
2025-01-10 21:00:00+00:00,7.69592,100.784256
2025-01-10 22:00:00+00:00,7.289444,110.22495
2025-01-10 23:00:00+00:00,7.2359104,95.7105
2025-01-11 00:00:00+00:00,6.8541956,103.671326
2025-01-11 01:00:00+00:00,6.1569467,105.25517
2025-01-11 02:00:00+00:00,7.029225,87.064384
2025-01-11 03:00:00+00:00,7.7420926,72.40749
2025-01-11 04:00:00+00:00,10.474082,70.94221
2025-01-11 05:00:00+00:00,12.758432,73.61038
2025-01-11 06:00:00+00:00,14.292725,73.162445
2025-01-11 07:00:00+00:00,14.747921,70.01681
2025-01-11 08:00:00+00:00,14.810401,69.36237
2025-01-11 09:00:00+00:00,14.182355,66.037506
2025-01-11 10:00:00+00:00,11.666721,51.89238
2025-01-11 11:00:00+00:00,7.519175,42.08909
2025-01-11 12:00:00+00:00,7.2649574,41.98714
2025-01-11 13:00:00+00:00,7.001514,46.041542
2025-01-11 14:00:00+00:00,6.854195,60.068577
2025-01-11 15:00:00+00:00,7.8728137,79.46087
2025-01-11 16:00:00+00:00,6.8399997,90.0
2025-01-11 17:00:00+00:00,6.8399997,90.0
2025-01-11 18:00:00+00:00,6.6697226,93.093994
2025-01-11 19:00:00+00:00,6.519877,96.340096
2025-01-11 20:00:00+00:00,6.7469993,99.21095
2025-01-11 21:00:00+00:00,7.040739,94.39862
2025-01-11 22:00:00+00:00,5.8603754,79.380394
2025-01-11 23:00:00+00:00,5.7176566,61.821507
2025-01-12 00:00:00+00:00,7.42159,75.96373
2025-01-12 01:00:00+00:00,5.5567255,114.90474
2025-01-12 02:00:00+00:00,6.050785,120.37905
2025-01-12 03:00:00+00:00,5.223103,91.97489
2025-01-12 04:00:00+00:00,7.689603,69.44387
2025-01-12 05:00:00+00:00,9.83268,66.2505
2025-01-12 06:00:00+00:00,10.495713,67.83361
2025-01-12 07:00:00+00:00,9.965239,69.92838
2025-01-12 08:00:00+00:00,9.335737,70.866264
2025-01-12 09:00:00+00:00,8.694204,62.904526
2025-01-12 10:00:00+00:00,7.562142,38.23387
2025-01-12 11:00:00+00:00,6.297428,30.963696
2025-01-12 12:00:00+00:00,6.9480934,36.573124
2025-01-12 13:00:00+00:00,8.669949,48.366554
2025-01-12 14:00:00+00:00,6.830519,71.564964
2025-01-12 15:00:00+00:00,6.0347,107.35411
2025-01-12 16:00:00+00:00,5.0816135,112.93214
2025-01-12 17:00:00+00:00,3.6402748,98.530685
2025-01-12 18:00:00+00:00,1.659518,12.528798
2025-01-12 19:00:00+00:00,1.5484185,324.46225
2025-01-12 20:00:00+00:00,0.9,270.0
2025-01-12 21:00:00+00:00,1.484318,194.03627
2025-01-12 22:00:00+00:00,5.6060677,174.47255
2025-01-12 23:00:00+00:00,7.0015144,162.03076
2025-01-13 00:00:00+00:00,5.8852015,156.57129
2025-01-13 01:00:00+00:00,3.536439,104.743614
2025-01-13 02:00:00+00:00,4.278551,67.75093
2025-01-13 03:00:00+00:00,4.198285,59.03632
2025-01-13 04:00:00+00:00,6.248359,48.503635
2025-01-13 05:00:00+00:00,5.7431,32.195713
2025-01-13 06:00:00+00:00,3.462369,8.97255
2025-01-13 07:00:00+00:00,1.8532133,299.0545
2025-01-13 08:00:00+00:00,5.2416787,254.05453
2025-01-13 09:00:00+00:00,8.163749,255.96373
2025-01-13 10:00:00+00:00,7.42159,255.96373
2025-01-13 11:00:00+00:00,6.28713,256.75946
2025-01-13 12:00:00+00:00,8.37532,241.78273
2025-01-13 13:00:00+00:00,7.1321807,227.04541
2025-01-13 14:00:00+00:00,6.7397914,214.11452
2025-01-13 15:00:00+00:00,6.5223618,207.97939
2025-01-13 16:00:00+00:00,6.5248446,204.44394
2025-01-13 17:00:00+00:00,7.293888,195.75124
2025-01-13 18:00:00+00:00,6.6624317,178.45187
2025-01-13 19:00:00+00:00,3.9640884,140.52757
2025-01-13 20:00:00+00:00,4.9785542,102.5288
2025-01-13 21:00:00+00:00,5.0528407,94.08554
2025-01-13 22:00:00+00:00,5.920878,109.53674
2025-01-13 23:00:00+00:00,4.278551,112.24908
2025-01-14 00:00:00+00:00,3.143565,66.37061
2025-01-14 01:00:00+00:00,3.4623692,62.10283
2025-01-14 02:00:00+00:00,3.0652895,86.63361
2025-01-14 03:00:00+00:00,3.536439,75.25639
2025-01-14 04:00:00+00:00,5.937272,75.96373
2025-01-14 05:00:00+00:00,7.388775,87.20736
2025-01-14 06:00:00+00:00,6.12,90.0
2025-01-14 07:00:00+00:00,4.8733153,94.23632
2025-01-14 08:00:00+00:00,4.2021422,80.13426
2025-01-14 09:00:00+00:00,4.913044,61.55718
2025-01-14 10:00:00+00:00,5.796447,36.158287
2025-01-14 11:00:00+00:00,5.9644947,5.19435
2025-01-14 12:00:00+00:00,7.406295,25.942251
2025-01-14 13:00:00+00:00,8.0599,60.572647
2025-01-14 14:00:00+00:00,7.1321807,100.17545
2025-01-14 15:00:00+00:00,6.522361,129.40063
2025-01-14 16:00:00+00:00,5.728979,133.72705
2025-01-14 17:00:00+00:00,3.550155,120.46546
2025-01-14 18:00:00+00:00,3.7842832,92.72626
2025-01-14 19:00:00+00:00,4.175069,97.43131
2025-01-14 20:00:00+00:00,3.9844694,108.43504
2025-01-14 21:00:00+00:00,3.693291,133.02507
2025-01-14 22:00:00+00:00,4.8366103,135.0001
2025-01-14 23:00:00+00:00,4.91634,113.749504
2025-01-15 00:00:00+00:00,4.1085763,118.8107
2025-01-15 01:00:00+00:00,6.452441,120.141304
2025-01-15 02:00:00+00:00,5.983477,105.7087
2025-01-15 03:00:00+00:00,5.4119864,86.186005
2025-01-15 04:00:00+00:00,8.163749,75.96373
2025-01-15 05:00:00+00:00,10.534229,73.11313
2025-01-15 06:00:00+00:00,11.966954,74.2913
2025-01-15 07:00:00+00:00,12.189602,73.70589
2025-01-15 08:00:00+00:00,11.897714,72.38734
2025-01-15 09:00:00+00:00,11.39842,68.702576
2025-01-15 10:00:00+00:00,8.766573,70.8209
2025-01-15 11:00:00+00:00,7.344794,36.027473
2025-01-15 12:00:00+00:00,7.44121,32.15227
2025-01-15 13:00:00+00:00,8.435069,39.805527
2025-01-15 14:00:00+00:00,8.856658,52.431335
2025-01-15 15:00:00+00:00,7.9077177,78.178535
2025-01-15 16:00:00+00:00,7.6642804,99.46225
2025-01-15 17:00:00+00:00,8.035746,105.59287
2025-01-15 18:00:00+00:00,8.083983,101.560104
2025-01-15 19:00:00+00:00,7.8149853,104.67644
2025-01-15 20:00:00+00:00,7.172949,107.52566
2025-01-15 21:00:00+00:00,6.5520988,110.924576
2025-01-15 22:00:00+00:00,6.424764,101.3099
2025-01-15 23:00:00+00:00,8.019601,45.909298
2025-01-16 00:00:00+00:00,6.6624317,91.54813
2025-01-16 01:00:00+00:00,6.6087217,119.357666
2025-01-16 02:00:00+00:00,7.289445,122.90524
2025-01-16 03:00:00+00:00,5.6060677,95.52745
2025-01-16 04:00:00+00:00,7.7983837,71.14675
2025-01-16 05:00:00+00:00,9.983106,64.35905
2025-01-16 06:00:00+00:00,10.464797,63.435013
2025-01-16 07:00:00+00:00,10.32924,67.4569
2025-01-16 08:00:00+00:00,9.360001,67.3801
2025-01-16 09:00:00+00:00,8.694204,62.904526
2025-01-16 10:00:00+00:00,8.805294,49.144714
2025-01-16 11:00:00+00:00,6.156947,37.875042
2025-01-16 12:00:00+00:00,8.669949,48.366554
2025-01-16 13:00:00+00:00,7.989243,75.650635
2025-01-16 14:00:00+00:00,7.2359104,95.7105
2025-01-16 15:00:00+00:00,7.102591,98.74608
2025-01-16 16:00:00+00:00,7.5599995,90.0
2025-01-16 17:00:00+00:00,7.613382,83.21112
2025-01-16 18:00:00+00:00,7.0568266,84.14409
2025-01-16 19:00:00+00:00,5.8104043,106.18928
2025-01-16 20:00:00+00:00,4.5820518,135.0001
2025-01-16 21:00:00+00:00,3.8647635,152.24155
2025-01-16 22:00:00+00:00,4.3498964,155.55606
2025-01-16 23:00:00+00:00,1.5379207,159.44388
2025-01-17 00:00:00+00:00,1.4512063,150.2552
2025-01-17 01:00:00+00:00,2.995797,147.26479
2025-01-17 02:00:00+00:00,2.3051248,141.34016
2025-01-17 03:00:00+00:00,2.5772078,77.90526
2025-01-17 04:00:00+00:00,4.7827187,70.20104
2025-01-17 05:00:00+00:00,5.815978,68.19853
2025-01-17 06:00:00+00:00,6.5248446,65.55606
2025-01-17 07:00:00+00:00,5.983477,74.2913
2025-01-17 08:00:00+00:00,4.724786,72.25524
2025-01-17 09:00:00+00:00,3.9477081,43.152412
2025-01-17 10:00:00+00:00,6.8989563,15.124064
2025-01-17 11:00:00+00:00,6.849467,3.0127327
2025-01-17 12:00:00+00:00,7.3094187,9.926182
2025-01-17 13:00:00+00:00,1.2074767,153.43501
2025-01-17 14:00:00+00:00,1.835647,168.69011
2025-01-17 15:00:00+00:00,2.4482646,162.89719
2025-01-17 16:00:00+00:00,2.226477,165.96373
2025-01-17 17:00:00+00:00,1.1384199,161.56496
2025-01-17 18:00:00+00:00,0.742159,165.96373
2025-01-17 19:00:00+00:00,1.9881649,174.80566
2025-01-17 20:00:00+00:00,3.2399998,180.0
2025-01-17 21:00:00+00:00,4.175069,187.43132
2025-01-17 22:00:00+00:00,5.0528407,175.91446
2025-01-17 23:00:00+00:00,5.6492476,202.47948
2025-01-18 00:00:00+00:00,5.6521144,217.23491
2025-01-18 01:00:00+00:00,4.2021427,223.26433
2025-01-18 02:00:00+00:00,2.19718,235.0079
2025-01-18 03:00:00+00:00,0.6489992,236.3099
2025-01-18 04:00:00+00:00,1.0495713,59.03632
2025-01-18 05:00:00+00:00,2.5582807,50.710617
2025-01-18 06:00:00+00:00,3.3481934,53.74608
2025-01-18 07:00:00+00:00,2.5582807,50.710617
2025-01-18 08:00:00+00:00,1.9134263,48.814175
2025-01-18 09:00:00+00:00,0.742159,14.036275
2025-01-18 10:00:00+00:00,1.4058449,309.8055
2025-01-18 11:00:00+00:00,5.072041,332.52567
2025-01-18 12:00:00+00:00,3.4152596,288.43503
2025-01-18 13:00:00+00:00,4.752136,217.30403
2025-01-18 14:00:00+00:00,6.037383,206.56499
2025-01-18 15:00:00+00:00,5.5596404,209.0545
2025-01-18 16:00:00+00:00,4.471107,220.10085
2025-01-18 17:00:00+00:00,4.471107,229.89915
2025-01-18 18:00:00+00:00,4.978554,229.39879
2025-01-18 19:00:00+00:00,5.7402787,221.18582
2025-01-18 20:00:00+00:00,6.299999,216.86998
2025-01-18 21:00:00+00:00,6.6405115,212.82854
2025-01-18 22:00:00+00:00,4.412754,191.76826
2025-01-18 23:00:00+00:00,4.613762,200.55612
2025-01-19 00:00:00+00:00,4.7827187,199.79897
2025-01-19 01:00:00+00:00,4.724786,197.74477
2025-01-19 02:00:00+00:00,4.724786,197.74477
2025-01-19 03:00:00+00:00,3.4576871,218.65984
2025-01-19 04:00:00+00:00,2.6208394,254.05453
2025-01-19 05:00:00+00:00,1.7076298,288.43503
2025-01-19 06:00:00+00:00,1.609969,333.43503
2025-01-19 07:00:00+00:00,1.6981165,327.99466
2025-01-19 08:00:00+00:00,1.659518,310.60123
2025-01-19 09:00:00+00:00,1.8532133,299.0545
2025-01-19 10:00:00+00:00,4.39436,304.9921
2025-01-19 11:00:00+00:00,5.3426957,302.61923
2025-01-19 12:00:00+00:00,5.9427266,271.73566
2025-01-19 13:00:00+00:00,5.896202,238.73633
2025-01-19 14:00:00+00:00,5.3426957,237.38077
2025-01-19 15:00:00+00:00,5.509882,218.36752
2025-01-19 16:00:00+00:00,6.341009,214.59235
2025-01-19 17:00:00+00:00,6.8919086,220.76352
2025-01-19 18:00:00+00:00,6.618519,224.9999
2025-01-19 19:00:00+00:00,6.4924874,223.87679
2025-01-19 20:00:00+00:00,5.7628117,218.65984
2025-01-19 21:00:00+00:00,5.692099,214.69522
2025-01-19 22:00:00+00:00,4.3832865,199.17911
2025-01-19 23:00:00+00:00,2.0991426,210.96368
2025-01-20 00:00:00+00:00,3.7842832,205.34613
2025-01-20 01:00:00+00:00,5.195113,194.03627
2025-01-20 02:00:00+00:00,3.06,208.07239
2025-01-20 03:00:00+00:00,2.0523157,232.12495
2025-01-20 04:00:00+00:00,1.8792552,253.30067
2025-01-20 05:00:00+00:00,1.08,270.0
2025-01-20 06:00:00+00:00,0.56920993,251.56496
2025-01-20 07:00:00+00:00,0.6489992,213.6901
2025-01-20 08:00:00+00:00,2.3400002,292.6199
2025-01-20 09:00:00+00:00,3.7971041,301.4295
2025-01-20 10:00:00+00:00,6.59154,304.9921
2025-01-20 11:00:00+00:00,4.978554,319.39877
2025-01-20 12:00:00+00:00,5.937272,284.03625
2025-01-20 13:00:00+00:00,6.489992,250.55988
2025-01-20 14:00:00+00:00,6.1094027,224.9999
2025-01-20 15:00:00+00:00,5.796447,216.15828
2025-01-20 16:00:00+00:00,4.991553,205.64096
2025-01-20 17:00:00+00:00,4.7521367,204.62355
2025-01-20 18:00:00+00:00,4.91634,203.7495
2025-01-20 19:00:00+00:00,4.755544,209.4758
2025-01-20 20:00:00+00:00,5.0432134,214.82455
2025-01-20 21:00:00+00:00,5.1481256,216.46933
2025-01-20 22:00:00+00:00,4.6938257,212.47118
2025-01-20 23:00:00+00:00,3.7064266,209.0545
2025-01-21 00:00:00+00:00,3.8939953,213.6901
2025-01-21 01:00:00+00:00,3.0652893,220.23628
2025-01-21 02:00:00+00:00,2.5772078,282.09473
2025-01-21 03:00:00+00:00,3.0652893,310.2363
2025-01-21 04:00:00+00:00,2.8460498,18.435053
2025-01-21 05:00:00+00:00,4.4274144,63.435013
2025-01-21 06:00:00+00:00,4.7827187,70.20104
2025-01-21 07:00:00+00:00,3.9640884,50.52757
2025-01-21 08:00:00+00:00,3.6402748,8.530692
2025-01-21 09:00:00+00:00,5.072041,332.52567
2025-01-21 10:00:00+00:00,5.0975285,317.86246
2025-01-21 11:00:00+00:00,2.9301877,312.5104
2025-01-21 12:00:00+00:00,5.637765,286.6993
2025-01-21 13:00:00+00:00,5.8603754,259.3804
2025-01-21 14:00:00+00:00,4.3349743,228.36655
2025-01-21 15:00:00+00:00,4.542994,213.6901
2025-01-21 16:00:00+00:00,5.634891,206.56499
2025-01-21 17:00:00+00:00,5.8769383,207.3498
2025-01-21 18:00:00+00:00,5.8769383,207.3498
2025-01-21 19:00:00+00:00,6.391901,212.34741
2025-01-21 20:00:00+00:00,6.638072,220.60121
2025-01-21 21:00:00+00:00,7.5363917,220.15593
2025-01-21 22:00:00+00:00,6.489992,199.44012
2025-01-21 23:00:00+00:00,4.293669,213.02386
2025-01-22 00:00:00+00:00,4.942631,213.11136
2025-01-22 01:00:00+00:00,4.978554,220.60121
2025-01-22 02:00:00+00:00,5.1544156,282.09473
2025-01-22 03:00:00+00:00,4.965521,313.53125
2025-01-22 04:00:00+00:00,3.143565,336.3706
2025-01-22 05:00:00+00:00,1.4512063,7.12493
2025-01-22 06:00:00+00:00,0.5091169,44.999897
2025-01-22 07:00:00+00:00,0.54,270.0
2025-01-22 08:00:00+00:00,2.5071096,291.03757
2025-01-22 09:00:00+00:00,4.5891175,295.5599
2025-01-22 10:00:00+00:00,4.471107,319.89914
2025-01-22 11:00:00+00:00,3.3043609,330.64233
2025-01-22 12:00:00+00:00,6.1437774,301.8274
2025-01-22 13:00:00+00:00,6.489992,250.55988
2025-01-22 14:00:00+00:00,5.3457265,224.9999
2025-01-22 15:00:00+00:00,5.5450516,215.75398
2025-01-22 16:00:00+00:00,5.3999996,216.86998
2025-01-22 17:00:00+00:00,5.369916,219.55963
2025-01-22 18:00:00+00:00,5.22,226.39711
2025-01-22 19:00:00+00:00,5.3999996,233.13002
2025-01-22 20:00:00+00:00,5.5916004,236.82147
2025-01-22 21:00:00+00:00,5.6492476,239.34941
2025-01-22 22:00:00+00:00,5.2478566,247.8336
2025-01-22 23:00:00+00:00,5.297018,279.78235
2025-01-23 00:00:00+00:00,4.9785542,257.4712
2025-01-23 01:00:00+00:00,5.072041,242.52565
2025-01-23 02:00:00+00:00,5.7515564,249.86362
2025-01-23 03:00:00+00:00,5.2694216,262.1468
2025-01-23 04:00:00+00:00,3.9763298,264.80566
2025-01-23 05:00:00+00:00,3.7799997,270.0
2025-01-23 06:00:00+00:00,4.1046314,285.25516
2025-01-23 07:00:00+00:00,5.720489,282.72437
2025-01-23 08:00:00+00:00,7.8149853,284.67642
2025-01-23 09:00:00+00:00,8.723967,291.80145
2025-01-23 10:00:00+00:00,8.43699,303.6901
2025-01-23 11:00:00+00:00,6.7469993,316.08084
2025-01-23 12:00:00+00:00,5.0432134,272.04535
2025-01-23 13:00:00+00:00,7.42159,247.1663
2025-01-23 14:00:00+00:00,7.4867883,242.81897
2025-01-23 15:00:00+00:00,7.327127,242.176
2025-01-23 16:00:00+00:00,7.186487,247.93205
2025-01-23 17:00:00+00:00,7.3447943,252.89719
2025-01-23 18:00:00+00:00,7.689603,253.68607
2025-01-23 19:00:00+00:00,7.5213294,248.96242
2025-01-23 20:00:00+00:00,7.4128532,240.94548
2025-01-23 21:00:00+00:00,7.0934615,234.29321
2025-01-23 22:00:00+00:00,7.1684303,218.8845
2025-01-23 23:00:00+00:00,7.587806,247.69374
2025-01-24 00:00:00+00:00,8.155807,247.96371
2025-01-24 01:00:00+00:00,8.723967,248.19853
2025-01-24 02:00:00+00:00,9.885262,259.50858
2025-01-24 03:00:00+00:00,10.08,270.0
2025-01-24 04:00:00+00:00,9.0645685,276.84268
2025-01-24 05:00:00+00:00,8.656858,266.42374
2025-01-24 06:00:00+00:00,9.885262,259.50858
2025-01-24 07:00:00+00:00,11.5115595,260.0959
2025-01-24 08:00:00+00:00,13.466357,261.54504
2025-01-24 09:00:00+00:00,14.581113,269.2927
2025-01-24 10:00:00+00:00,10.730778,292.69382
2025-01-24 11:00:00+00:00,5.2939587,287.81897
2025-01-24 12:00:00+00:00,6.151683,290.55612
2025-01-24 13:00:00+00:00,6.830519,288.43503
2025-01-24 14:00:00+00:00,5.8048253,277.1249
2025-01-24 15:00:00+00:00,4.802999,257.00537
2025-01-24 16:00:00+00:00,4.2021427,223.26433
2025-01-24 17:00:00+00:00,4.913044,208.44283
2025-01-24 18:00:00+00:00,4.991553,205.64096
2025-01-24 19:00:00+00:00,5.12289,198.43504
2025-01-24 20:00:00+00:00,4.452954,194.03627
2025-01-24 21:00:00+00:00,4.175069,187.43132
2025-01-24 22:00:00+00:00,4.613762,200.55612
2025-01-24 23:00:00+00:00,3.6402748,188.53069
2025-01-25 00:00:00+00:00,3.4949677,168.11136
2025-01-25 01:00:00+00:00,3.964089,182.60251
2025-01-25 02:00:00+00:00,2.657668,208.30066
2025-01-25 03:00:00+00:00,1.8792552,253.30067
2025-01-25 04:00:00+00:00,3.604497,267.13766
2025-01-25 05:00:00+00:00,5.937272,255.96373
2025-01-25 06:00:00+00:00,6.698806,263.82993
2025-01-25 07:00:00+00:00,7.2022495,271.43207
2025-01-25 08:00:00+00:00,7.3094187,279.92618
2025-01-25 09:00:00+00:00,7.4672885,285.3763
2025-01-25 10:00:00+00:00,7.596341,306.3269
2025-01-25 11:00:00+00:00,4.4565907,313.36346
2025-01-25 12:00:00+00:00,7.3094187,307.99878
2025-01-25 13:00:00+00:00,5.6262593,277.3523
2025-01-25 14:00:00+00:00,5.3999996,216.86998
2025-01-25 15:00:00+00:00,5.318383,203.9625
2025-01-25 16:00:00+00:00,5.154415,204.77512
2025-01-25 17:00:00+00:00,5.9617786,208.88649
2025-01-25 18:00:00+00:00,6.297428,210.96368
2025-01-25 19:00:00+00:00,6.037383,206.56499
2025-01-25 20:00:00+00:00,5.402999,209.98155
2025-01-25 21:00:00+00:00,5.8409934,213.6901
2025-01-25 22:00:00+00:00,4.1046314,195.25517
2025-01-25 23:00:00+00:00,2.0124612,169.6952
2025-01-26 00:00:00+00:00,3.362677,164.47583
2025-01-26 01:00:00+00:00,3.8141315,160.70985
2025-01-26 02:00:00+00:00,2.3469129,147.52882
2025-01-26 03:00:00+00:00,1.1384199,71.564964
2025-01-26 04:00:00+00:00,3.494968,55.491425
2025-01-26 05:00:00+00:00,5.5567255,65.09527
2025-01-26 06:00:00+00:00,6.21717,67.8905
2025-01-26 07:00:00+00:00,7.247096,75.61857
2025-01-26 08:00:00+00:00,7.570707,71.99575
2025-01-26 09:00:00+00:00,7.889259,62.850407
2025-01-26 10:00:00+00:00,6.7565966,48.2398
2025-01-26 11:00:00+00:00,7.02,360.0
2025-01-26 12:00:00+00:00,7.3094187,350.07382
2025-01-26 13:00:00+00:00,6.310277,3.2704222
2025-01-26 14:00:00+00:00,1.781909,135.0001
2025-01-26 15:00:00+00:00,4.7657523,169.11452
2025-01-26 16:00:00+00:00,6.7469993,170.78905
2025-01-26 17:00:00+00:00,5.426933,174.2895
2025-01-26 18:00:00+00:00,2.968636,165.96373
2025-01-26 19:00:00+00:00,1.2727921,171.86998
2025-01-26 20:00:00+00:00,0.742159,165.96373
2025-01-26 21:00:00+00:00,1.98,180.0
2025-01-26 22:00:00+00:00,5.1544156,167.90526
2025-01-26 23:00:00+00:00,4.412754,168.23174
2025-01-27 00:00:00+00:00,3.462369,171.02745
2025-01-27 01:00:00+00:00,3.143565,166.75948
2025-01-27 02:00:00+00:00,3.2846913,170.53775
2025-01-27 03:00:00+00:00,2.226477,194.03627
2025-01-27 04:00:00+00:00,1.5379207,200.55612
2025-01-27 05:00:00+00:00,0.9,90.0
2025-01-27 06:00:00+00:00,1.781909,44.999897
2025-01-27 07:00:00+00:00,2.0991426,30.963696
2025-01-27 08:00:00+00:00,3.4949677,11.888645
2025-01-27 09:00:00+00:00,3.9966488,7.7650824
2025-01-27 10:00:00+00:00,5.0142193,338.9624
2025-01-27 11:00:00+00:00,3.319036,319.39877
2025-01-27 12:00:00+00:00,3.438895,263.9911
2025-01-27 13:00:00+00:00,4.829907,243.43501
2025-01-27 14:00:00+00:00,6.792466,212.00534
2025-01-27 15:00:00+00:00,6.5520988,200.92458
2025-01-27 16:00:00+00:00,6.638072,192.5288
2025-01-27 17:00:00+00:00,6.302571,181.63654
2025-01-27 18:00:00+00:00,4.6730714,164.3577
2025-01-27 19:00:00+00:00,3.9477081,155.77226
2025-01-27 20:00:00+00:00,5.1826253,159.67677
2025-01-27 21:00:00+00:00,4.5536795,161.56496
2025-01-27 22:00:00+00:00,5.1544156,167.90526
2025-01-27 23:00:00+00:00,5.0911684,171.86998
2025-01-28 00:00:00+00:00,2.7534704,168.69011
2025-01-28 01:00:00+00:00,3.01735,162.64589
2025-01-28 02:00:00+00:00,3.381893,154.7989
2025-01-28 03:00:00+00:00,3.148714,149.03632
2025-01-28 04:00:00+00:00,2.5959969,146.3099
2025-01-28 05:00:00+00:00,2.3469129,122.471176
2025-01-28 06:00:00+00:00,2.5772078,102.09474
2025-01-28 07:00:00+00:00,2.5455842,98.13002
2025-01-28 08:00:00+00:00,1.659518,102.5288
2025-01-28 09:00:00+00:00,1.609969,26.564985
2025-01-28 10:00:00+00:00,6.193674,324.46225
2025-01-28 11:00:00+00:00,4.3573384,308.2902
2025-01-28 12:00:00+00:00,3.3043609,240.64233
2025-01-28 13:00:00+00:00,4.445672,201.37068
2025-01-28 14:00:00+00:00,5.8298883,188.88058
2025-01-28 15:00:00+00:00,7.2359104,185.7105
2025-01-28 16:00:00+00:00,6.8612823,184.5139
2025-01-28 17:00:00+00:00,6.8612823,175.4861
2025-01-28 18:00:00+00:00,5.0528407,175.91446
2025-01-28 19:00:00+00:00,4.353619,172.87508
2025-01-28 20:00:00+00:00,3.7971036,174.55975
2025-01-28 21:00:00+00:00,4.1556225,175.03035
2025-01-28 22:00:00+00:00,3.462369,171.02745
2025-01-28 23:00:00+00:00,4.2021422,189.86574
2025-01-29 00:00:00+00:00,3.710795,165.96373
2025-01-29 01:00:00+00:00,4.278551,165.37909
2025-01-29 02:00:00+00:00,4.9785542,167.4712
2025-01-29 03:00:00+00:00,3.6179552,174.2895
2025-01-29 04:00:00+00:00,3.189608,196.38962
2025-01-29 05:00:00+00:00,1.0948973,189.46225
2025-01-29 06:00:00+00:00,0.17999999,180.0
2025-01-29 07:00:00+00:00,0.9693296,291.80148
2025-01-29 08:00:00+00:00,2.5071096,248.96242
2025-01-29 09:00:00+00:00,3.06,241.92761
2025-01-29 10:00:00+00:00,2.0991426,239.0363
2025-01-29 11:00:00+00:00,2.0124612,259.69522
2025-01-29 12:00:00+00:00,3.2599385,186.3401
2025-01-29 13:00:00+00:00,3.7842832,154.65387
2025-01-29 14:00:00+00:00,5.2478566,149.03632
2025-01-29 15:00:00+00:00,6.601363,154.1337
2025-01-29 16:00:00+00:00,6.603817,162.55272
2025-01-29 17:00:00+00:00,6.2613096,161.56496
2025-01-29 18:00:00+00:00,6.330782,165.17348
2025-01-29 19:00:00+00:00,6.341009,173.4803
2025-01-29 20:00:00+00:00,5.3999996,180.0
2025-01-29 21:00:00+00:00,4.514377,175.42616
2025-01-29 22:00:00+00:00,5.195113,165.96373
2025-01-29 23:00:00+00:00,4.8899083,173.6599
2025-01-30 00:00:00+00:00,3.6447225,212.90524
2025-01-30 01:00:00+00:00,2.4014995,192.99461
2025-01-30 02:00:00+00:00,2.9024127,172.87508
2025-01-30 03:00:00+00:00,2.7943513,194.93147
2025-01-30 04:00:00+00:00,3.710795,247.1663
2025-01-30 05:00:00+00:00,6.4799995,270.0
2025-01-30 06:00:00+00:00,10.259999,270.0
2025-01-30 07:00:00+00:00,13.681183,269.24615
2025-01-30 08:00:00+00:00,16.38099,270.62958
2025-01-30 09:00:00+00:00,15.206537,276.11542
2025-01-30 10:00:00+00:00,14.264361,280.17545
2025-01-30 11:00:00+00:00,9.039514,282.65256
2025-01-30 12:00:00+00:00,6.0721655,281.9761
2025-01-30 13:00:00+00:00,4.5536795,288.43503
2025-01-30 14:00:00+00:00,5.950899,273.46817
2025-01-30 15:00:00+00:00,4.0449963,249.14546
2025-01-30 16:00:00+00:00,3.693291,223.02507
2025-01-30 17:00:00+00:00,4.293669,236.97612
2025-01-30 18:00:00+00:00,3.4388947,227.12111
2025-01-30 19:00:00+00:00,3.396233,212.00534
2025-01-30 20:00:00+00:00,3.8856654,193.39252
2025-01-30 21:00:00+00:00,4.3349743,184.76355
2025-01-30 22:00:00+00:00,3.671294,168.69011
2025-01-30 23:00:00+00:00,3.5864744,162.47433
2025-01-31 00:00:00+00:00,5.004518,142.3057
2025-01-31 01:00:00+00:00,4.2671766,117.64589
2025-01-31 02:00:00+00:00,5.6920996,108.43504
2025-01-31 03:00:00+00:00,7.613382,96.78888
2025-01-31 04:00:00+00:00,6.8399997,90.0
2025-01-31 05:00:00+00:00,4.7827187,70.20104
2025-01-31 06:00:00+00:00,3.9966488,7.7650824
2025-01-31 07:00:00+00:00,4.91634,336.2505
2025-01-31 08:00:00+00:00,5.6002855,315.0001
2025-01-31 09:00:00+00:00,5.728979,316.27295
2025-01-31 10:00:00+00:00,7.172949,17.52567
2025-01-31 11:00:00+00:00,4.8366103,44.999897
2025-01-31 12:00:00+00:00,5.0142193,111.03758
2025-01-31 13:00:00+00:00,5.7431,122.1957
2025-01-31 14:00:00+00:00,5.937272,104.03627
2025-01-31 15:00:00+00:00,7.7420926,88.667816
2025-01-31 16:00:00+00:00,9.0645685,83.15732
2025-01-31 17:00:00+00:00,9.746631,85.76369
2025-01-31 18:00:00+00:00,9.54,90.0
2025-01-31 19:00:00+00:00,8.865799,95.82625
2025-01-31 20:00:00+00:00,8.553314,98.47106
2025-01-31 21:00:00+00:00,8.131936,95.07952
2025-01-31 22:00:00+00:00,9.109138,119.604355
2025-01-31 23:00:00+00:00,7.2202215,85.71093
2025-02-01 00:00:00+00:00,5.8048253,60.255207
2025-02-01 01:00:00+00:00,7.689603,69.44387
2025-02-01 02:00:00+00:00,8.32877,83.796646
2025-02-01 03:00:00+00:00,7.415038,84.4279
2025-02-01 04:00:00+00:00,7.2359104,84.2895
2025-02-01 05:00:00+00:00,6.0347,72.64589
2025-02-01 06:00:00+00:00,4.510787,61.389645
2025-02-01 07:00:00+00:00,2.8460495,34.69522
2025-02-01 08:00:00+00:00,3.536439,345.25638
2025-02-01 09:00:00+00:00,5.771239,356.42374
2025-02-01 10:00:00+00:00,7.029225,13.324542
2025-02-01 11:00:00+00:00,8.738811,32.38066
2025-02-01 12:00:00+00:00,8.14587,44.999897
2025-02-01 13:00:00+00:00,5.3939967,64.2901
2025-02-01 14:00:00+00:00,4.86,90.0
2025-02-01 15:00:00+00:00,5.1197267,100.12462
2025-02-01 16:00:00+00:00,5.720489,102.72436
2025-02-01 17:00:00+00:00,6.037383,100.30479
2025-02-01 18:00:00+00:00,5.4029994,91.90912
2025-02-01 19:00:00+00:00,5.2200003,90.0
2025-02-01 20:00:00+00:00,5.4029994,91.90912
2025-02-01 21:00:00+00:00,5.223103,91.97489
2025-02-01 22:00:00+00:00,5.7628117,104.47034
2025-02-01 23:00:00+00:00,4.0249224,79.69521
2025-02-02 00:00:00+00:00,3.84796,79.21575
2025-02-02 01:00:00+00:00,3.4152596,71.564964
2025-02-02 02:00:00+00:00,4.3573384,51.709793
2025-02-02 03:00:00+00:00,4.752136,52.695976
2025-02-02 04:00:00+00:00,4.471107,49.899166
2025-02-02 05:00:00+00:00,3.2048087,38.157276
2025-02-02 06:00:00+00:00,2.8116899,320.1945
2025-02-02 07:00:00+00:00,5.815978,291.80148
2025-02-02 08:00:00+00:00,8.827343,286.5874
2025-02-02 09:00:00+00:00,8.61371,296.02954
2025-02-02 10:00:00+00:00,8.163749,345.9637
2025-02-02 11:00:00+00:00,6.7205353,20.37652
2025-02-02 12:00:00+00:00,5.896202,58.736336
2025-02-02 13:00:00+00:00,5.983477,74.2913
2025-02-02 14:00:00+00:00,5.0911684,81.86999
2025-02-02 15:00:00+00:00,5.4029994,91.90912
2025-02-02 16:00:00+00:00,5.426933,95.7105
2025-02-02 17:00:00+00:00,6.424764,101.3099
2025-02-02 18:00:00+00:00,5.2416787,105.945465
2025-02-02 19:00:00+00:00,5.12289,108.43504
2025-02-02 20:00:00+00:00,4.8899083,96.340096
2025-02-02 21:00:00+00:00,5.0911684,81.86999
2025-02-02 22:00:00+00:00,4.7827187,70.20104
2025-02-02 23:00:00+00:00,3.7585104,16.699326
2025-02-03 00:00:00+00:00,3.5455887,336.0375
2025-02-03 01:00:00+00:00,2.19718,325.0079
2025-02-03 02:00:00+00:00,1.5273507,315.0001
2025-02-03 03:00:00+00:00,1.781909,44.999897
2025-02-03 04:00:00+00:00,3.3043609,60.64234
2025-02-03 05:00:00+00:00,3.8647635,62.24156
2025-02-03 06:00:00+00:00,4.471107,49.899166
2025-02-03 07:00:00+00:00,4.6102495,38.65983
2025-02-03 08:00:00+00:00,5.09435,32.005356
2025-02-03 09:00:00+00:00,6.050785,30.379045
2025-02-03 10:00:00+00:00,7.1684303,28.495539
2025-02-03 11:00:00+00:00,4.3573384,38.290207
2025-02-03 12:00:00+00:00,5.5596404,60.94549
2025-02-03 13:00:00+00:00,4.445672,68.62931
2025-02-03 14:00:00+00:00,4.613762,69.44388
2025-02-03 15:00:00+00:00,4.5891175,101.3099
2025-02-03 16:00:00+00:00,3.8939953,123.6901
2025-02-03 17:00:00+00:00,2.995797,147.26479
2025-02-03 18:00:00+00:00,2.5959969,146.3099
2025-02-03 19:00:00+00:00,1.3708391,156.80138
2025-02-03 20:00:00+00:00,0.9,233.13002
2025-02-03 21:00:00+00:00,0.742159,194.03627
2025-02-03 22:00:00+00:00,1.781909,135.0001
2025-02-03 23:00:00+00:00,1.5379207,110.55613
2025-02-04 00:00:00+00:00,2.50064,149.74365
2025-02-04 01:00:00+00:00,3.693291,136.97493
2025-02-04 02:00:00+00:00,2.5772076,114.775116
2025-02-04 03:00:00+00:00,2.16,90.0
2025-02-04 04:00:00+00:00,3.381893,64.79892
2025-02-04 05:00:00+00:00,5.2478566,67.83361
2025-02-04 06:00:00+00:00,5.5450516,76.865974
2025-02-04 07:00:00+00:00,4.8466477,74.931465
2025-02-04 08:00:00+00:00,3.8647635,62.24156
2025-02-04 09:00:00+00:00,3.8773184,21.801476
2025-02-04 10:00:00+00:00,4.6938252,355.60138
2025-02-04 11:00:00+00:00,7.102591,351.2539
2025-02-04 12:00:00+00:00,5.9427266,1.7356651
2025-02-04 13:00:00+00:00,5.072041,27.474344
2025-02-04 14:00:00+00:00,1.4512063,150.2552
2025-02-04 15:00:00+00:00,3.7971036,185.44025
2025-02-04 16:00:00+00:00,4.802999,192.99461
2025-02-04 17:00:00+00:00,4.5,196.26028
2025-02-04 18:00:00+00:00,5.720489,192.72435
2025-02-04 19:00:00+00:00,4.68,180.0
2025-02-04 20:00:00+00:00,3.7971036,174.55975
2025-02-04 21:00:00+00:00,3.604497,177.13765
2025-02-04 22:00:00+00:00,2.7238941,187.59456
2025-02-04 23:00:00+00:00,1.6299692,263.6599
2025-02-05 00:00:00+00:00,0.71999997,180.0
2025-02-05 01:00:00+00:00,0.56920993,198.43504
2025-02-05 02:00:00+00:00,1.3708391,246.80138
2025-02-05 03:00:00+00:00,1.4399999,270.0
2025-02-05 04:00:00+00:00,1.2727921,261.87
2025-02-05 05:00:00+00:00,0.71999997,270.0
2025-02-05 06:00:00+00:00,0.9178235,281.3099
2025-02-05 07:00:00+00:00,1.6981165,302.00534
2025-02-05 08:00:00+00:00,3.219938,333.43503
2025-02-05 09:00:00+00:00,4.913044,331.55716
2025-02-05 10:00:00+00:00,4.7521367,335.37646
2025-02-05 11:00:00+00:00,3.4199998,360.0
2025-02-05 12:00:00+00:00,4.6938252,355.60138
2025-02-05 13:00:00+00:00,1.0495713,149.03632
2025-02-05 14:00:00+00:00,3.8773184,158.19853
2025-02-05 15:00:00+00:00,4.278551,165.37909
2025-02-05 16:00:00+00:00,3.671294,168.69011
2025-02-05 17:00:00+00:00,3.7585104,163.30067
2025-02-05 18:00:00+00:00,1.9386592,158.19853
2025-02-05 19:00:00+00:00,2.0523157,142.12495
2025-02-05 20:00:00+00:00,3.8647635,117.75845
2025-02-05 21:00:00+00:00,3.143565,103.24053
2025-02-05 22:00:00+00:00,4.6277857,76.50425
2025-02-05 23:00:00+00:00,4.0449963,69.14546
2025-02-06 00:00:00+00:00,3.745557,54.782326
2025-02-06 01:00:00+00:00,4.39436,55.0079
2025-02-06 02:00:00+00:00,3.7842832,64.65388
2025-02-06 03:00:00+00:00,4.6277857,76.50425
2025-02-06 04:00:00+00:00,3.536439,75.25639
2025-02-06 05:00:00+00:00,2.1897945,9.462248
2025-02-06 06:00:00+00:00,5.3517847,312.27362
2025-02-06 07:00:00+00:00,7.029225,320.1945
2025-02-06 08:00:00+00:00,7.9383874,302.96942
2025-02-06 09:00:00+00:00,8.792405,292.8906
2025-02-06 10:00:00+00:00,7.16617,334.72232
2025-02-06 11:00:00+00:00,7.293888,15.75124
2025-02-06 12:00:00+00:00,5.3517847,47.72637
2025-02-06 13:00:00+00:00,5.3939967,64.2901
2025-02-06 14:00:00+00:00,5.4029994,88.09089
2025-02-06 15:00:00+00:00,5.2478566,112.1664
2025-02-06 16:00:00+00:00,5.728979,133.72705
2025-02-06 17:00:00+00:00,5.495161,148.39255
2025-02-06 18:00:00+00:00,4.965521,133.53127
2025-02-06 19:00:00+00:00,4.4456716,121.75944
2025-02-06 20:00:00+00:00,3.7971041,121.42952
2025-02-06 21:00:00+00:00,3.3092594,135.0001
2025-02-06 22:00:00+00:00,3.0652893,139.76372
2025-02-06 23:00:00+00:00,2.16,180.0
2025-02-07 00:00:00+00:00,4.1085763,208.8107
2025-02-07 01:00:00+00:00,5.5596404,209.0545
2025-02-07 02:00:00+00:00,7.029225,219.80553
2025-02-07 03:00:00+00:00,6.114703,222.61401
2025-02-07 04:00:00+00:00,7.229191,251.11382
2025-02-07 05:00:00+00:00,7.9526596,264.80566
2025-02-07 06:00:00+00:00,9.3669195,267.79745
2025-02-07 07:00:00+00:00,10.441552,270.98773
2025-02-07 08:00:00+00:00,11.016824,274.68582
2025-02-07 09:00:00+00:00,12.221456,279.32352
2025-02-07 10:00:00+00:00,12.016938,286.5349
2025-02-07 11:00:00+00:00,8.4963045,306.38446
2025-02-07 12:00:00+00:00,7.001514,316.04153
2025-02-07 13:00:00+00:00,7.9567327,322.3523
2025-02-07 14:00:00+00:00,2.5772076,294.77512
2025-02-07 15:00:00+00:00,2.9301877,169.3804
2025-02-07 16:00:00+00:00,4.5891175,168.69011
2025-02-07 17:00:00+00:00,4.802999,167.00539
2025-02-07 18:00:00+00:00,4.6730714,164.3577
2025-02-07 19:00:00+00:00,5.495161,148.39255
2025-02-07 20:00:00+00:00,6.638072,130.60121
2025-02-07 21:00:00+00:00,7.344794,126.027466
2025-02-07 22:00:00+00:00,6.5248446,114.44395
2025-02-07 23:00:00+00:00,7.072878,75.25639
2025-02-08 00:00:00+00:00,5.318383,66.03751
2025-02-08 01:00:00+00:00,5.2323985,63.435013
2025-02-08 02:00:00+00:00,4.4456716,58.240574
2025-02-08 03:00:00+00:00,5.5450516,54.246033
2025-02-08 04:00:00+00:00,7.823272,66.97448
2025-02-08 05:00:00+00:00,10.699028,77.366646
2025-02-08 06:00:00+00:00,11.190442,78.87085
2025-02-08 07:00:00+00:00,9.621163,72.58194
2025-02-08 08:00:00+00:00,8.049845,63.435013
2025-02-08 09:00:00+00:00,7.0934615,54.293217
2025-02-08 10:00:00+00:00,8.297589,40.601215
2025-02-08 11:00:00+00:00,8.936777,18.79999
2025-02-08 12:00:00+00:00,7.729527,27.758451
2025-02-08 13:00:00+00:00,7.7900705,40.314034
2025-02-08 14:00:00+00:00,5.771239,86.423744
2025-02-08 15:00:00+00:00,3.4576871,128.65984
2025-02-08 16:00:00+00:00,1.659518,139.39879
2025-02-08 17:00:00+00:00,1.5273507,135.0001
2025-02-08 18:00:00+00:00,1.1525624,128.65984
2025-02-08 19:00:00+00:00,0.9,126.86999
2025-02-08 20:00:00+00:00,1.3104197,164.05453
2025-02-08 21:00:00+00:00,2.0124612,169.6952
2025-02-08 22:00:00+00:00,4.143911,177.5105
2025-02-08 23:00:00+00:00,4.5891175,191.30989
2025-02-09 00:00:00+00:00,2.1897945,189.46225
2025-02-09 01:00:00+00:00,1.6299692,186.3401
2025-02-09 02:00:00+00:00,2.5264204,175.91446
2025-02-09 03:00:00+00:00,1.835647,191.30989
2025-02-09 04:00:00+00:00,1.484318,75.96373
2025-02-09 05:00:00+00:00,4.186693,64.5367
2025-02-09 06:00:00+00:00,5.402999,60.018444
2025-02-09 07:00:00+00:00,4.913044,61.55718
2025-02-09 08:00:00+00:00,3.9966483,54.16227
2025-02-09 09:00:00+00:00,3.9518096,30.068504
2025-02-09 10:00:00+00:00,6.6697226,356.906
2025-02-09 11:00:00+00:00,6.7853074,338.19852
2025-02-09 12:00:00+00:00,6.8423676,324.63745
2025-02-09 13:00:00+00:00,3.964089,267.3975
2025-02-09 14:00:00+00:00,5.414979,201.4478
2025-02-09 15:00:00+00:00,5.6262593,187.35228
2025-02-09 16:00:00+00:00,6.9550843,190.43742
2025-02-09 17:00:00+00:00,7.3447943,197.10281
2025-02-09 18:00:00+00:00,6.320538,199.9832
2025-02-09 19:00:00+00:00,5.5887027,194.93147
2025-02-09 20:00:00+00:00,5.1544156,192.09474
2025-02-09 21:00:00+00:00,6.162207,186.70975
2025-02-09 22:00:00+00:00,5.796447,233.84172
2025-02-09 23:00:00+00:00,4.6452556,215.53777
2025-02-10 00:00:00+00:00,4.293669,213.02386
2025-02-10 01:00:00+00:00,4.072935,224.9999
2025-02-10 02:00:00+00:00,5.09435,237.99466
2025-02-10 03:00:00+00:00,6.28713,246.3706
2025-02-10 04:00:00+00:00,7.4672885,254.62369
2025-02-10 05:00:00+00:00,7.2805495,261.46933
2025-02-10 06:00:00+00:00,7.4346757,263.04712
2025-02-10 07:00:00+00:00,9.292254,261.08514
2025-02-10 08:00:00+00:00,10.823973,266.186
2025-02-10 09:00:00+00:00,11.334284,280.06064
2025-02-10 10:00:00+00:00,9.9408245,301.6754
2025-02-10 11:00:00+00:00,5.441838,325.78424
2025-02-10 12:00:00+00:00,6.122647,358.31534
2025-02-10 13:00:00+00:00,3.0758414,20.556128
2025-02-10 14:00:00+00:00,0.9693296,201.80147
2025-02-10 15:00:00+00:00,4.7827187,199.79897
2025-02-10 16:00:00+00:00,6.439876,206.56499
2025-02-10 17:00:00+00:00,6.5223618,207.97939
2025-02-10 18:00:00+00:00,5.6492476,202.47948
2025-02-10 19:00:00+00:00,6.361415,205.1148
2025-02-10 20:00:00+00:00,5.7431,212.19571
2025-02-10 21:00:00+00:00,6.804381,217.47626
2025-02-10 22:00:00+00:00,5.950899,273.46817
2025-02-10 23:00:00+00:00,1.659518,167.4712
2025-02-11 00:00:00+00:00,2.9301877,137.4896
2025-02-11 01:00:00+00:00,5.896202,121.26367
2025-02-11 02:00:00+00:00,5.2200003,90.0
2025-02-11 03:00:00+00:00,6.66,71.075264
2025-02-11 04:00:00+00:00,5.0911684,44.999897
2025-02-11 05:00:00+00:00,4.1046314,15.255177
2025-02-11 06:00:00+00:00,3.4152596,341.56494
2025-02-11 07:00:00+00:00,4.8466477,344.93146
2025-02-11 08:00:00+00:00,5.9617786,331.11353
2025-02-11 09:00:00+00:00,6.151683,339.44388
2025-02-11 10:00:00+00:00,8.827344,50.792812
2025-02-11 11:00:00+00:00,9.102021,65.46229
2025-02-11 12:00:00+00:00,9.6480665,75.96373
2025-02-11 13:00:00+00:00,9.847496,71.89614
2025-02-11 14:00:00+00:00,10.062305,79.69521
2025-02-11 15:00:00+00:00,10.621525,89.029
2025-02-11 16:00:00+00:00,9.9408245,84.805664
2025-02-11 17:00:00+00:00,10.5234585,77.1523
2025-02-11 18:00:00+00:00,11.003581,74.827034
2025-02-11 19:00:00+00:00,11.003581,74.827034
2025-02-11 20:00:00+00:00,10.920824,81.46932
2025-02-11 21:00:00+00:00,10.801499,89.04518
2025-02-11 22:00:00+00:00,8.281956,88.75467
2025-02-11 23:00:00+00:00,8.297589,93.73133
2025-02-12 00:00:00+00:00,9.567131,94.31595
2025-02-12 01:00:00+00:00,10.2742,93.012726
2025-02-12 02:00:00+00:00,10.621525,90.971
2025-02-12 03:00:00+00:00,11.555103,85.53293
2025-02-12 04:00:00+00:00,11.543881,79.21576
2025-02-12 05:00:00+00:00,9.796366,69.56709
2025-02-12 06:00:00+00:00,4.863332,51.009003
2025-02-12 07:00:00+00:00,3.4623692,332.1028
2025-02-12 08:00:00+00:00,8.085988,286.8215
2025-02-12 09:00:00+00:00,9.178235,295.5599
2025-02-12 10:00:00+00:00,5.2478566,329.03632
2025-02-12 11:00:00+00:00,4.6938257,57.528828
2025-02-12 12:00:00+00:00,7.628263,70.70986
2025-02-12 13:00:00+00:00,8.513448,76.55138
2025-02-12 14:00:00+00:00,7.388775,87.20736
2025-02-12 15:00:00+00:00,6.310277,93.270424
2025-02-12 16:00:00+00:00,6.4799995,90.0
2025-02-12 17:00:00+00:00,6.037383,79.69521
2025-02-12 18:00:00+00:00,5.6835546,79.04598
2025-02-12 19:00:00+00:00,6.8423676,88.4926
2025-02-12 20:00:00+00:00,7.0223074,88.531235
2025-02-12 21:00:00+00:00,7.3821945,91.39715
2025-02-12 22:00:00+00:00,5.2416787,74.054535
2025-02-12 23:00:00+00:00,5.796447,126.15828
2025-02-13 00:00:00+00:00,5.369916,129.55963
2025-02-13 01:00:00+00:00,5.634891,116.56499
2025-02-13 02:00:00+00:00,6.924738,98.97255
2025-02-13 03:00:00+00:00,8.350138,82.56869
2025-02-13 04:00:00+00:00,9.860649,68.58697
2025-02-13 05:00:00+00:00,8.836514,56.63362
2025-02-13 06:00:00+00:00,7.519175,47.91091
2025-02-13 07:00:00+00:00,4.6452556,35.537766
2025-02-13 08:00:00+00:00,2.5071096,21.037588
2025-02-13 09:00:00+00:00,3.1845248,312.70938
2025-02-13 10:00:00+00:00,4.613762,290.55612
2025-02-13 11:00:00+00:00,5.12289,288.43503
2025-02-13 12:00:00+00:00,4.379589,279.46225
2025-02-13 13:00:00+00:00,4.752136,307.30402
2025-02-13 14:00:00+00:00,1.659518,257.4712
2025-02-13 15:00:00+00:00,2.8856194,176.42374
2025-02-13 16:00:00+00:00,3.5864744,162.47433
2025-02-13 17:00:00+00:00,5.854844,135.0001
2025-02-13 18:00:00+00:00,8.037761,124.04598
2025-02-13 19:00:00+00:00,8.557102,112.24908
2025-02-13 20:00:00+00:00,8.019601,99.039406
2025-02-13 21:00:00+00:00,7.928178,87.3975
2025-02-13 22:00:00+00:00,7.9526596,84.805664
2025-02-13 23:00:00+00:00,6.122647,91.68465
2025-02-14 00:00:00+00:00,4.802999,102.99462
2025-02-14 01:00:00+00:00,6.9527545,111.25058
2025-02-14 02:00:00+00:00,6.601363,101.003494
2025-02-14 03:00:00+00:00,7.42159,75.96373
2025-02-14 04:00:00+00:00,6.9480934,73.442856
2025-02-14 05:00:00+00:00,3.4623692,62.10283
2025-02-14 06:00:00+00:00,1.8532133,330.9455
2025-02-14 07:00:00+00:00,5.1826253,290.3232
2025-02-14 08:00:00+00:00,7.989243,284.34937
2025-02-14 09:00:00+00:00,10.088033,285.52417
2025-02-14 10:00:00+00:00,8.574123,309.0355
2025-02-14 11:00:00+00:00,6.151683,339.44388
2025-02-14 12:00:00+00:00,6.854195,29.931421
2025-02-14 13:00:00+00:00,5.95906,64.98315
2025-02-14 14:00:00+00:00,6.66,90.0
2025-02-14 15:00:00+00:00,7.4346757,96.952866
2025-02-14 16:00:00+00:00,8.6867485,95.94677
2025-02-14 17:00:00+00:00,8.827344,92.33726
2025-02-14 18:00:00+00:00,8.821836,91.16911
2025-02-14 19:00:00+00:00,8.6867485,84.05324
2025-02-14 20:00:00+00:00,8.649369,77.98855
2025-02-14 21:00:00+00:00,8.163749,75.96373
2025-02-14 22:00:00+00:00,8.297589,93.73133
2025-02-14 23:00:00+00:00,7.7588143,93.99084
2025-02-15 00:00:00+00:00,6.9899354,78.11137
2025-02-15 01:00:00+00:00,8.649369,77.98855
2025-02-15 02:00:00+00:00,9.54679,87.838974
2025-02-15 03:00:00+00:00,10.266314,87.99049
2025-02-15 04:00:00+00:00,10.873252,83.34567
2025-02-15 05:00:00+00:00,11.052058,73.92636
2025-02-15 06:00:00+00:00,10.966713,66.801384
2025-02-15 07:00:00+00:00,9.984729,56.02341
2025-02-15 08:00:00+00:00,9.931042,46.468742
2025-02-15 09:00:00+00:00,10.316686,42.878906
2025-02-15 10:00:00+00:00,11.052058,37.05662
2025-02-15 11:00:00+00:00,8.669949,41.63345
2025-02-15 12:00:00+00:00,6.638072,49.398785
2025-02-15 13:00:00+00:00,6.6624317,51.581917
2025-02-15 14:00:00+00:00,5.0816135,67.06787
2025-02-15 15:00:00+00:00,5.4477882,82.40546
2025-02-15 16:00:00+00:00,5.4029994,88.09089
2025-02-15 17:00:00+00:00,5.9427266,91.73567
2025-02-15 18:00:00+00:00,7.029225,87.064384
2025-02-15 19:00:00+00:00,7.458606,81.67444
2025-02-15 20:00:00+00:00,7.771331,76.60749
2025-02-15 21:00:00+00:00,7.69592,79.21575
2025-02-15 22:00:00+00:00,4.991553,115.64096
2025-02-15 23:00:00+00:00,5.0911684,98.13002
2025-02-16 00:00:00+00:00,4.8965297,53.972538
2025-02-16 01:00:00+00:00,5.1919937,56.309914
2025-02-16 02:00:00+00:00,6.854195,29.931421
2025-02-16 03:00:00+00:00,9.693296,31.328646
2025-02-16 04:00:00+00:00,10.694485,46.363857
2025-02-16 05:00:00+00:00,10.589448,58.201138
2025-02-16 06:00:00+00:00,9.102021,65.46229
2025-02-16 07:00:00+00:00,4.2175345,50.194473
2025-02-16 08:00:00+00:00,5.95906,25.016869
2025-02-16 09:00:00+00:00,8.0599,29.427368
2025-02-16 10:00:00+00:00,14.197196,39.3405
2025-02-16 11:00:00+00:00,11.440979,65.85446
2025-02-16 12:00:00+00:00,8.431228,73.88651
2025-02-16 13:00:00+00:00,7.989243,75.650635
2025-02-16 14:00:00+00:00,8.089993,69.14546
2025-02-16 15:00:00+00:00,9.339208,62.447273
2025-02-16 16:00:00+00:00,10.070353,61.144444
2025-02-16 17:00:00+00:00,9.913082,60.64234
2025-02-16 18:00:00+00:00,9.096681,62.927998
2025-02-16 19:00:00+00:00,7.989242,67.47939
2025-02-16 20:00:00+00:00,7.0015144,72.03077
2025-02-16 21:00:00+00:00,6.6794305,75.96373
2025-02-16 22:00:00+00:00,8.197414,70.76923
2025-02-16 23:00:00+00:00,8.149847,83.659904
2025-02-17 00:00:00+00:00,7.9465466,76.908104
2025-02-17 01:00:00+00:00,9.172938,74.054535
2025-02-17 02:00:00+00:00,9.449572,72.25524
2025-02-17 03:00:00+00:00,11.165805,69.22767
2025-02-17 04:00:00+00:00,14.039999,67.3801
2025-02-17 05:00:00+00:00,15.646544,66.97448
2025-02-17 06:00:00+00:00,15.577022,67.58381
2025-02-17 07:00:00+00:00,14.347028,66.32946
2025-02-17 08:00:00+00:00,13.121493,63.083534
2025-02-17 09:00:00+00:00,12.16832,60.780857
2025-02-17 10:00:00+00:00,9.957108,49.398785
2025-02-17 11:00:00+00:00,8.338489,32.660904
2025-02-17 12:00:00+00:00,8.435069,50.194473
2025-02-17 13:00:00+00:00,9.743304,64.855255
2025-02-17 14:00:00+00:00,11.132385,67.16631
2025-02-17 15:00:00+00:00,12.5032,67.126305
2025-02-17 16:00:00+00:00,13.3649235,64.470345
2025-02-17 17:00:00+00:00,13.543131,66.50142
2025-02-17 18:00:00+00:00,13.272482,69.352936
2025-02-17 19:00:00+00:00,12.585848,73.379166
2025-02-17 20:00:00+00:00,11.578912,78.340744
2025-02-17 21:00:00+00:00,11.052058,83.453804
2025-02-17 22:00:00+00:00,10.63372,87.089226
2025-02-17 23:00:00+00:00,9.914717,74.197426
2025-02-18 00:00:00+00:00,9.743304,64.855255
2025-02-18 01:00:00+00:00,10.699028,77.366646
2025-02-18 02:00:00+00:00,11.196231,85.38944
2025-02-18 03:00:00+00:00,12.549757,81.75377
2025-02-18 04:00:00+00:00,14.408997,77.00539
2025-02-18 05:00:00+00:00,15.141414,71.99575
2025-02-18 06:00:00+00:00,14.584443,65.96571
2025-02-18 07:00:00+00:00,12.56008,64.5367
2025-02-18 08:00:00+00:00,10.228373,61.631054
2025-02-18 09:00:00+00:00,8.893166,54.057793
2025-02-18 10:00:00+00:00,9.82114,48.715385
2025-02-18 11:00:00+00:00,9.220499,38.65983
2025-02-18 12:00:00+00:00,9.931042,46.468742
2025-02-18 13:00:00+00:00,10.514218,51.952908
2025-02-18 14:00:00+00:00,9.885262,56.88865
2025-02-18 15:00:00+00:00,9.360001,67.3801
2025-02-18 16:00:00+00:00,9.039514,77.34745
2025-02-18 17:00:00+00:00,8.2584505,73.53991
2025-02-18 18:00:00+00:00,7.7420926,72.40749
2025-02-18 19:00:00+00:00,8.297589,77.4712
2025-02-18 20:00:00+00:00,8.197414,81.15827
2025-02-18 21:00:00+00:00,8.11798,86.186005
2025-02-18 22:00:00+00:00,6.391901,80.2725
2025-02-18 23:00:00+00:00,5.7852573,84.644264
2025-02-19 00:00:00+00:00,6.122647,88.31535
2025-02-19 01:00:00+00:00,7.922045,88.69808
2025-02-19 02:00:00+00:00,8.731392,81.70294
2025-02-19 03:00:00+00:00,10.483357,74.054535
2025-02-19 04:00:00+00:00,11.213581,71.27412
2025-02-19 05:00:00+00:00,9.83268,66.2505
2025-02-19 06:00:00+00:00,6.7757506,50.389355
2025-02-19 07:00:00+00:00,3.7842832,2.7262611
2025-02-19 08:00:00+00:00,4.8433046,311.98712
2025-02-19 09:00:00+00:00,6.9153743,308.65982
2025-02-19 10:00:00+00:00,6.5520988,344.05453
2025-02-19 11:00:00+00:00,4.952453,19.093594
2025-02-19 12:00:00+00:00,6.804381,52.523746
2025-02-19 13:00:00+00:00,8.596766,70.42679
2025-02-19 14:00:00+00:00,9.9977,76.464134
2025-02-19 15:00:00+00:00,11.126562,80.69013
2025-02-19 16:00:00+00:00,11.555103,85.53293
2025-02-19 17:00:00+00:00,10.853866,84.2895
2025-02-19 18:00:00+00:00,9.56713,78.05585
2025-02-19 19:00:00+00:00,9.12513,67.98867
2025-02-19 20:00:00+00:00,9.178235,64.440094
2025-02-19 21:00:00+00:00,9.292255,68.40463
2025-02-19 22:00:00+00:00,8.297589,93.73133
2025-02-19 23:00:00+00:00,6.5693827,80.53775
2025-02-20 00:00:00+00:00,6.77575,73.009094
2025-02-20 01:00:00+00:00,7.8149853,75.32356
2025-02-20 02:00:00+00:00,8.951267,74.84589
2025-02-20 03:00:00+00:00,10.765445,69.44387
2025-02-20 04:00:00+00:00,13.638489,67.49644
2025-02-20 05:00:00+00:00,15.426537,70.93072
2025-02-20 06:00:00+00:00,15.602999,73.237366
2025-02-20 07:00:00+00:00,13.948548,72.73411
2025-02-20 08:00:00+00:00,12.072083,69.943825
2025-02-20 09:00:00+00:00,11.35285,64.65388
2025-02-20 10:00:00+00:00,6.7757506,50.389355
2025-02-20 11:00:00+00:00,6.452441,22.988754
2025-02-20 12:00:00+00:00,7.6579366,29.577742
2025-02-20 13:00:00+00:00,6.7469993,46.080845
2025-02-20 14:00:00+00:00,6.198903,64.17907
2025-02-20 15:00:00+00:00,6.778141,79.28693
2025-02-20 16:00:00+00:00,6.122647,91.68465
2025-02-20 17:00:00+00:00,6.162207,96.70974
2025-02-20 18:00:00+00:00,6.302571,91.63654
2025-02-20 19:00:00+00:00,5.7628117,75.52967
2025-02-20 20:00:00+00:00,6.1437774,58.1726
2025-02-20 21:00:00+00:00,6.1437774,58.1726
2025-02-20 22:00:00+00:00,6.330782,75.17348
2025-02-20 23:00:00+00:00,6.2483597,78.366394
2025-02-21 00:00:00+00:00,5.637765,73.300674
2025-02-21 01:00:00+00:00,4.5891175,78.6901
2025-02-21 02:00:00+00:00,5.297018,80.21766
2025-02-21 03:00:00+00:00,7.2044983,77.00539
2025-02-21 04:00:00+00:00,9.215226,77.5926
2025-02-21 05:00:00+00:00,9.354806,78.90632
2025-02-21 06:00:00+00:00,6.830519,71.564964
2025-02-21 07:00:00+00:00,3.5864744,72.47434
2025-02-21 08:00:00+00:00,0.9693296,21.801476
2025-02-21 09:00:00+00:00,3.0652893,319.7637
2025-02-21 10:00:00+00:00,3.671294,281.3099
2025-02-21 11:00:00+00:00,4.913044,298.4428
2025-02-21 12:00:00+00:00,6.725354,344.47583
2025-02-21 13:00:00+00:00,6.603817,17.447285
2025-02-21 14:00:00+00:00,5.7628117,75.52967
2025-02-21 15:00:00+00:00,4.7928696,124.286934
2025-02-21 16:00:00+00:00,6.638072,139.39879
2025-02-21 17:00:00+00:00,7.3997297,138.94528
2025-02-21 18:00:00+00:00,3.7971041,121.42952
2025-02-21 19:00:00+00:00,3.438895,96.00892
2025-02-21 20:00:00+00:00,5.4744864,62.59251
2025-02-21 21:00:00+00:00,5.9834766,68.83867
2025-02-21 22:00:00+00:00,5.0975285,137.86247
2025-02-21 23:00:00+00:00,7.0015144,162.03076
2025-02-22 00:00:00+00:00,4.724786,107.74477
2025-02-22 01:00:00+00:00,7.102591,81.25392
2025-02-22 02:00:00+00:00,11.272657,70.40763
2025-02-22 03:00:00+00:00,15.577022,67.58381
2025-02-22 04:00:00+00:00,17.114204,67.75093
2025-02-22 05:00:00+00:00,16.284779,66.551926
2025-02-22 06:00:00+00:00,14.974658,64.35905
2025-02-22 07:00:00+00:00,8.836514,56.63362
2025-02-22 08:00:00+00:00,10.83893,54.46224
2025-02-22 09:00:00+00:00,9.1958685,49.76372
2025-02-22 10:00:00+00:00,6.3690495,42.709366
2025-02-22 11:00:00+00:00,5.9427266,54.865723
2025-02-22 12:00:00+00:00,8.187527,56.659275
2025-02-22 13:00:00+00:00,11.298495,59.349415
2025-02-22 14:00:00+00:00,12.800266,64.15567
2025-02-22 15:00:00+00:00,13.708391,66.80139
2025-02-22 16:00:00+00:00,13.441071,69.62349
2025-02-22 17:00:00+00:00,13.609951,69.88733
2025-02-22 18:00:00+00:00,13.841286,69.44387
2025-02-22 19:00:00+00:00,13.091829,71.564964
2025-02-22 20:00:00+00:00,12.313893,74.74483
2025-02-22 21:00:00+00:00,11.578912,78.340744
2025-02-22 22:00:00+00:00,6.5520988,69.075424
2025-02-22 23:00:00+00:00,7.7900705,49.68598
2025-02-23 00:00:00+00:00,9.187056,55.375774
2025-02-23 01:00:00+00:00,10.304115,70.615395
2025-02-23 02:00:00+00:00,11.334284,79.93938
2025-02-23 03:00:00+00:00,12.849528,78.6901
2025-02-23 04:00:00+00:00,12.758432,73.61038
2025-02-23 05:00:00+00:00,11.966953,68.83867
2025-02-23 06:00:00+00:00,9.139322,57.875034
2025-02-23 07:00:00+00:00,6.12,61.92762
2025-02-23 08:00:00+00:00,5.5916004,93.691315
2025-02-23 09:00:00+00:00,4.175069,97.43131
2025-02-23 10:00:00+00:00,3.745557,215.21768
2025-02-23 11:00:00+00:00,4.514377,246.50142
2025-02-23 12:00:00+00:00,4.1046314,254.74483
2025-02-23 13:00:00+00:00,3.2599385,173.6599
2025-02-23 14:00:00+00:00,3.5864744,162.47433
2025-02-23 15:00:00+00:00,2.36753,171.25392
2025-02-23 16:00:00+00:00,1.6981165,147.99466
2025-02-23 17:00:00+00:00,2.6999998,126.86998
2025-02-23 18:00:00+00:00,3.3092597,112.38018
2025-02-23 19:00:00+00:00,3.710795,104.03627
2025-02-23 20:00:00+00:00,4.6730714,105.64231
2025-02-23 21:00:00+00:00,5.1919937,123.690094
2025-02-23 22:00:00+00:00,5.983477,136.2188
2025-02-23 23:00:00+00:00,5.1197267,79.87539
2025-02-24 00:00:00+00:00,5.9644947,95.19434
2025-02-24 01:00:00+00:00,4.4274144,116.56499
2025-02-24 02:00:00+00:00,4.846648,111.801476
2025-02-24 03:00:00+00:00,6.302571,91.63654
2025-02-24 04:00:00+00:00,7.029225,87.064384
2025-02-24 05:00:00+00:00,5.0528407,85.91447
2025-02-24 06:00:00+00:00,1.1525624,51.34017
2025-02-24 07:00:00+00:00,2.1749482,294.44394
2025-02-24 08:00:00+00:00,4.942631,259.50858
2025-02-24 09:00:00+00:00,6.6624317,268.45187
2025-02-24 10:00:00+00:00,7.0774574,277.30566
2025-02-24 11:00:00+00:00,5.315336,298.30066
2025-02-24 12:00:00+00:00,5.7402787,318.81418
2025-02-24 13:00:00+00:00,6.8423676,324.63745
2025-02-24 14:00:00+00:00,2.5582807,320.7106
2025-02-24 15:00:00+00:00,3.6,180.0
2025-02-24 16:00:00+00:00,6.66,180.0
2025-02-24 17:00:00+00:00,6.1858225,188.3658
2025-02-24 18:00:00+00:00,5.950899,183.46815
2025-02-24 19:00:00+00:00,5.7515564,159.86362
2025-02-24 20:00:00+00:00,6.299999,143.13002
2025-02-24 21:00:00+00:00,5.8409934,123.690094
2025-02-24 22:00:00+00:00,4.5,106.26028
2025-02-24 23:00:00+00:00,3.4152596,71.564964
2025-02-25 00:00:00+00:00,4.198285,59.03632
2025-02-25 01:00:00+00:00,7.653705,48.814175
2025-02-25 02:00:00+00:00,9.039514,54.727493
2025-02-25 03:00:00+00:00,10.094454,58.861095
2025-02-25 04:00:00+00:00,9.526405,67.79647
2025-02-25 05:00:00+00:00,7.689603,73.68607
2025-02-25 06:00:00+00:00,6.5223618,62.02062
2025-02-25 07:00:00+00:00,6.114703,47.385983
2025-02-25 08:00:00+00:00,5.6521144,52.765083
2025-02-25 09:00:00+00:00,5.6060677,42.397392
2025-02-25 10:00:00+00:00,8.65873,20.695532
2025-02-25 11:00:00+00:00,8.43699,78.92985
2025-02-25 12:00:00+00:00,5.2478566,95.906044
2025-02-25 13:00:00+00:00,6.1120534,103.627014
2025-02-25 14:00:00+00:00,6.1858225,81.6342
2025-02-25 15:00:00+00:00,6.361415,64.8852
2025-02-25 16:00:00+00:00,6.6185193,67.61982
2025-02-25 17:00:00+00:00,6.8541956,66.80139
2025-02-25 18:00:00+00:00,5.634891,63.435013
2025-02-25 19:00:00+00:00,6.320538,70.01681
2025-02-25 20:00:00+00:00,5.7628117,75.52967
2025-02-25 21:00:00+00:00,6.1569467,74.74483
2025-02-25 22:00:00+00:00,8.777654,61.858498
2025-02-25 23:00:00+00:00,10.1902895,54.344578
2025-02-26 00:00:00+00:00,10.699028,77.366646
2025-02-26 01:00:00+00:00,12.0720825,87.43629
2025-02-26 02:00:00+00:00,12.413476,73.14152
2025-02-26 03:00:00+00:00,14.584443,65.96571
2025-02-26 04:00:00+00:00,15.646544,66.97448
2025-02-26 05:00:00+00:00,15.042659,68.96242
2025-02-26 06:00:00+00:00,13.54911,70.6021
2025-02-26 07:00:00+00:00,10.474082,70.94221
2025-02-26 08:00:00+00:00,8.536252,65.05612
2025-02-26 09:00:00+00:00,8.435069,50.194473
2025-02-26 10:00:00+00:00,8.891344,21.370695
2025-02-26 11:00:00+00:00,7.689603,16.313938
2025-02-26 12:00:00+00:00,8.534353,27.645891
2025-02-26 13:00:00+00:00,7.172949,72.47434
2025-02-26 14:00:00+00:00,7.579261,94.08554
2025-02-26 15:00:00+00:00,7.4672885,105.376305
2025-02-26 16:00:00+00:00,7.841888,99.24603
2025-02-26 17:00:00+00:00,7.579261,94.08554
2025-02-26 18:00:00+00:00,6.8423676,88.4926
2025-02-26 19:00:00+00:00,6.898956,82.50424
2025-02-26 20:00:00+00:00,6.698806,83.829926
2025-02-26 21:00:00+00:00,6.1437774,84.95764
2025-02-26 22:00:00+00:00,6.2483597,78.366394
2025-02-26 23:00:00+00:00,5.8048253,60.255207
2025-02-27 00:00:00+00:00,5.2694216,82.14678
2025-02-27 01:00:00+00:00,6.489992,93.17977
2025-02-27 02:00:00+00:00,6.5693827,80.53775
2025-02-27 03:00:00+00:00,9.360001,67.3801
2025-02-27 04:00:00+00:00,12.10157,67.24899
2025-02-27 05:00:00+00:00,12.72283,64.8852
2025-02-27 06:00:00+00:00,12.236029,63.81196
2025-02-27 07:00:00+00:00,10.223619,63.886147
2025-02-27 08:00:00+00:00,7.562142,51.766144
2025-02-27 09:00:00+00:00,7.256032,23.385246
2025-02-27 10:00:00+00:00,7.9465466,13.091906
2025-02-27 11:00:00+00:00,7.415038,5.572114
2025-02-27 12:00:00+00:00,7.415038,5.572114
2025-02-27 13:00:00+00:00,6.6405115,32.82854
2025-02-27 14:00:00+00:00,2.8174455,116.56499
2025-02-27 15:00:00+00:00,2.7059932,176.186
2025-02-27 16:00:00+00:00,4.323748,177.6141
2025-02-27 17:00:00+00:00,4.2021422,170.13426
2025-02-27 18:00:00+00:00,4.143911,177.5105
2025-02-27 19:00:00+00:00,3.7585104,163.30067
2025-02-27 20:00:00+00:00,3.2846913,170.53775
2025-02-27 21:00:00+00:00,3.1072817,169.99208
2025-02-27 22:00:00+00:00,3.244996,176.82024
2025-02-27 23:00:00+00:00,4.379589,189.46225
2025-02-28 00:00:00+00:00,1.8532133,240.94548
2025-02-28 01:00:00+00:00,3.244996,33.6901
2025-02-28 02:00:00+00:00,2.8001428,44.999897
2025-02-28 03:00:00+00:00,3.3092594,44.999897
2025-02-28 04:00:00+00:00,5.1919937,56.309914
2025-02-28 05:00:00+00:00,5.3426957,57.380775
2025-02-28 06:00:00+00:00,5.257109,38.047092
2025-02-28 07:00:00+00:00,4.1046314,15.255177
2025-02-28 08:00:00+00:00,3.01735,342.64587
2025-02-28 09:00:00+00:00,3.143565,336.3706
2025-02-28 10:00:00+00:00,4.755544,299.4758
2025-02-28 11:00:00+00:00,3.143565,293.6294
2025-02-28 12:00:00+00:00,3.572898,310.91428
2025-02-28 13:00:00+00:00,1.6299692,83.659904
2025-02-28 14:00:00+00:00,2.907989,158.19853
2025-02-28 15:00:00+00:00,4.6277857,166.50426
2025-02-28 16:00:00+00:00,4.186693,154.5367
2025-02-28 17:00:00+00:00,6.198903,154.17906
2025-02-28 18:00:00+00:00,6.156947,142.12495
2025-02-28 19:00:00+00:00,3.9640884,129.47243
2025-02-28 20:00:00+00:00,1.2979984,123.690094
2025-02-28 21:00:00+00:00,1.8089776,84.2895
2025-02-28 22:00:00+00:00,1.4512063,209.7448
2025-02-28 23:00:00+00:00,2.16,180.0
2025-03-01 00:00:00+00:00,3.438895,186.00891
2025-03-01 01:00:00+00:00,5.0911684,188.13002
2025-03-01 02:00:00+00:00,4.5322843,186.84268
2025-03-01 03:00:00+00:00,3.143565,156.3706
2025-03-01 04:00:00+00:00,1.2074767,153.43501
2025-03-01 05:00:00+00:00,4.6834598,272.20255
2025-03-01 06:00:00+00:00,9.734988,273.17978
2025-03-01 07:00:00+00:00,12.662843,275.7105
2025-03-01 08:00:00+00:00,14.33347,277.21417
2025-03-01 09:00:00+00:00,15.048042,276.8699
2025-03-01 10:00:00+00:00,8.297589,294.34106
2025-03-01 11:00:00+00:00,2.1674871,48.366554
2025-03-01 12:00:00+00:00,6.519877,83.659904
2025-03-01 13:00:00+00:00,8.766573,70.8209
2025-03-01 14:00:00+00:00,10.196647,69.3255
2025-03-01 15:00:00+00:00,9.299225,75.42574
2025-03-01 16:00:00+00:00,6.1569467,74.74483
2025-03-01 17:00:00+00:00,4.5,90.0
2025-03-01 18:00:00+00:00,5.1544156,102.09474
2025-03-01 19:00:00+00:00,4.846648,121.328636
2025-03-01 20:00:00+00:00,5.983477,133.7812
2025-03-01 21:00:00+00:00,3.9312592,164.05453
2025-03-01 22:00:00+00:00,1.2979984,236.3099
2025-03-01 23:00:00+00:00,2.0124612,153.43501
2025-03-02 00:00:00+00:00,1.3708391,156.80138
2025-03-02 01:00:00+00:00,2.1674871,184.76355
2025-03-02 02:00:00+00:00,3.9477081,245.77226
2025-03-02 03:00:00+00:00,7.0223074,271.46878
2025-03-02 04:00:00+00:00,11.45513,278.13
2025-03-02 05:00:00+00:00,16.740969,270.61606
2025-03-02 06:00:00+00:00,22.263315,263.96683
2025-03-02 07:00:00+00:00,24.896023,262.1043
2025-03-02 08:00:00+00:00,26.300335,262.9237
2025-03-02 09:00:00+00:00,25.966208,262.4317
2025-03-02 10:00:00+00:00,20.34,270.0
2025-03-02 11:00:00+00:00,15.095336,278.22662
2025-03-02 12:00:00+00:00,9.504273,294.62354
2025-03-02 13:00:00+00:00,9.580668,295.60214
2025-03-02 14:00:00+00:00,5.8048253,262.8751
2025-03-02 15:00:00+00:00,3.536439,194.7436
2025-03-02 16:00:00+00:00,6.0077944,171.38443
2025-03-02 17:00:00+00:00,5.7628117,165.52966
2025-03-02 18:00:00+00:00,6.444905,144.09018
2025-03-02 19:00:00+00:00,4.724786,107.74477
2025-03-02 20:00:00+00:00,7.102591,81.25392
2025-03-02 21:00:00+00:00,8.654986,73.07241
2025-03-02 22:00:00+00:00,9.403169,84.507774
2025-03-02 23:00:00+00:00,8.197414,109.23077
2025-03-03 00:00:00+00:00,6.12,90.0
2025-03-03 01:00:00+00:00,8.958504,67.557205
2025-03-03 02:00:00+00:00,9.906544,65.29759
2025-03-03 03:00:00+00:00,10.234705,66.139824
2025-03-03 04:00:00+00:00,8.461915,66.161255
2025-03-03 05:00:00+00:00,2.2553935,28.610369
2025-03-03 06:00:00+00:00,5.1197267,280.1246
2025-03-03 07:00:00+00:00,10.337079,277.00116
2025-03-03 08:00:00+00:00,12.7546215,278.9305
2025-03-03 09:00:00+00:00,13.346729,280.09744
2025-03-03 10:00:00+00:00,12.267762,284.44406
2025-03-03 11:00:00+00:00,8.149847,316.7899
2025-03-03 12:00:00+00:00,6.3231,355.10098
2025-03-03 13:00:00+00:00,5.6521144,52.765083
2025-03-03 14:00:00+00:00,6.5024605,94.76356
2025-03-03 15:00:00+00:00,8.557102,104.62092
2025-03-03 16:00:00+00:00,8.12197,102.80426
2025-03-03 17:00:00+00:00,7.7420926,91.33219
2025-03-03 18:00:00+00:00,8.209263,74.74483
2025-03-03 19:00:00+00:00,8.766573,70.8209
2025-03-03 20:00:00+00:00,8.880405,72.299484
2025-03-03 21:00:00+00:00,8.350138,82.56869
2025-03-03 22:00:00+00:00,6.725354,105.52418
2025-03-03 23:00:00+00:00,5.950899,93.46816
2025-03-04 00:00:00+00:00,6.5693827,80.53775
2025-03-04 01:00:00+00:00,7.9526596,84.805664
2025-03-04 02:00:00+00:00,7.2022495,88.56794
2025-03-04 03:00:00+00:00,7.2,90.0
2025-03-04 04:00:00+00:00,3.9763298,84.805664
2025-03-04 05:00:00+00:00,0.9693296,338.19852
2025-03-04 06:00:00+00:00,4.5536795,288.43503
2025-03-04 07:00:00+00:00,7.596341,283.70697
2025-03-04 08:00:00+00:00,9.531505,280.88547
2025-03-04 09:00:00+00:00,10.739833,283.57043
2025-03-04 10:00:00+00:00,11.91948,284.87573
2025-03-04 11:00:00+00:00,7.8954163,313.1524
2025-03-04 12:00:00+00:00,6.7853074,338.19852
2025-03-04 13:00:00+00:00,7.814986,352.0566
2025-03-04 14:00:00+00:00,2.0523157,52.124958
2025-03-04 15:00:00+00:00,5.257109,141.95291
2025-03-04 16:00:00+00:00,5.5450516,144.24602
2025-03-04 17:00:00+00:00,5.6233797,140.19447
2025-03-04 18:00:00+00:00,5.904439,127.568665
2025-03-04 19:00:00+00:00,5.6920996,108.43504
2025-03-04 20:00:00+00:00,6.6697226,86.906006
2025-03-04 21:00:00+00:00,8.197414,70.76923
2025-03-04 22:00:00+00:00,7.327127,62.17599
2025-03-04 23:00:00+00:00,6.2067385,60.461315
2025-03-05 00:00:00+00:00,5.2939587,72.18102
2025-03-05 01:00:00+00:00,6.763786,64.79892
2025-03-05 02:00:00+00:00,8.217153,61.189304
2025-03-05 03:00:00+00:00,8.827344,69.717354
2025-03-05 04:00:00+00:00,6.2483597,78.366394
2025-03-05 05:00:00+00:00,2.36753,278.74606
2025-03-05 06:00:00+00:00,10.981475,270.93918
2025-03-05 07:00:00+00:00,15.669307,271.97488
2025-03-05 08:00:00+00:00,16.954432,273.65216
2025-03-05 09:00:00+00:00,17.313717,273.57626
2025-03-05 10:00:00+00:00,15.463244,282.09473
2025-03-05 11:00:00+00:00,12.47726,296.56497
2025-03-05 12:00:00+00:00,7.3094187,322.00122
2025-03-05 13:00:00+00:00,8.731392,351.70294
2025-03-05 14:00:00+00:00,4.2671766,27.645891
2025-03-05 15:00:00+00:00,6.7757506,129.61066
2025-03-05 16:00:00+00:00,7.653705,138.81418
2025-03-05 17:00:00+00:00,6.59154,124.992096
2025-03-05 18:00:00+00:00,5.896202,102.33907
2025-03-05 19:00:00+00:00,7.458606,81.67444
2025-03-05 20:00:00+00:00,8.827343,73.41259
2025-03-05 21:00:00+00:00,9.568824,73.61038
2025-03-05 22:00:00+00:00,8.260411,78.6901
2025-03-05 23:00:00+00:00,7.92,90.0
2025-03-06 00:00:00+00:00,8.490582,85.135574
2025-03-06 01:00:00+00:00,11.375658,85.46231
2025-03-06 02:00:00+00:00,13.346729,79.90256
2025-03-06 03:00:00+00:00,15.542662,76.60749
2025-03-06 04:00:00+00:00,16.068466,77.05349
2025-03-06 05:00:00+00:00,14.857362,70.90642
2025-03-06 06:00:00+00:00,13.766176,62.764946
2025-03-06 07:00:00+00:00,12.096214,53.471054
2025-03-06 08:00:00+00:00,9.5535755,42.709366
2025-03-06 09:00:00+00:00,11.19189,27.801373
2025-03-06 10:00:00+00:00,15.388685,24.166634
2025-03-06 11:00:00+00:00,17.23588,24.691547
2025-03-06 12:00:00+00:00,12.88981,35.909817
2025-03-06 13:00:00+00:00,7.729527,62.24156
2025-03-06 14:00:00+00:00,5.6262593,97.35229
2025-03-06 15:00:00+00:00,6.889557,109.85531
2025-03-06 16:00:00+00:00,7.3094187,99.926186
2025-03-06 17:00:00+00:00,6.3639607,81.86999
2025-03-06 18:00:00+00:00,6.9527545,68.74943
2025-03-06 19:00:00+00:00,7.731623,65.22488
2025-03-06 20:00:00+00:00,7.8583965,69.904686
2025-03-06 21:00:00+00:00,7.814986,82.056625
2025-03-06 22:00:00+00:00,9.555271,93.23964
2025-03-06 23:00:00+00:00,8.669949,94.76356
2025-03-07 00:00:00+00:00,7.5213294,68.96242
2025-03-07 01:00:00+00:00,10.094454,58.861095
2025-03-07 02:00:00+00:00,11.679212,61.460106
2025-03-07 03:00:00+00:00,14.169785,64.41154
2025-03-07 04:00:00+00:00,14.039999,67.3801
2025-03-07 05:00:00+00:00,11.334285,69.55037
2025-03-07 06:00:00+00:00,8.305396,60.1012
2025-03-07 07:00:00+00:00,5.369916,39.55964
2025-03-07 08:00:00+00:00,4.8633323,2.1210518
2025-03-07 09:00:00+00:00,5.315336,331.69934
2025-03-07 10:00:00+00:00,8.792405,337.1094
2025-03-07 11:00:00+00:00,10.478722,355.07297
2025-03-07 12:00:00+00:00,7.3447943,17.102825
2025-03-07 13:00:00+00:00,6.248359,41.49638
2025-03-07 14:00:00+00:00,7.3997297,71.564964
2025-03-07 15:00:00+00:00,7.2044983,102.99462
2025-03-07 16:00:00+00:00,7.995323,121.18491
2025-03-07 17:00:00+00:00,6.3690495,137.29063
2025-03-07 18:00:00+00:00,3.494968,145.49142
2025-03-07 19:00:00+00:00,0.6489992,123.690094
2025-03-07 20:00:00+00:00,1.08,180.0
2025-03-07 21:00:00+00:00,2.0124612,190.3048
2025-03-07 22:00:00+00:00,3.244996,199.44012
2025-03-07 23:00:00+00:00,1.835647,258.6901
2025-03-08 00:00:00+00:00,1.609969,116.56499
2025-03-08 01:00:00+00:00,4.6938257,122.471176
2025-03-08 02:00:00+00:00,4.2021427,133.26433
2025-03-08 03:00:00+00:00,3.7842832,115.34614
2025-03-08 04:00:00+00:00,2.8856194,93.57626
2025-03-08 05:00:00+00:00,0.9178235,101.3099
2025-03-08 06:00:00+00:00,3.6179552,275.7105
2025-03-08 07:00:00+00:00,7.8149853,321.54626
2025-03-08 08:00:00+00:00,9.292255,328.46524
2025-03-08 09:00:00+00:00,8.714677,321.70978
2025-03-08 10:00:00+00:00,9.080639,309.3693
2025-03-08 11:00:00+00:00,4.3349743,318.36655
2025-03-08 12:00:00+00:00,5.4833565,23.198618
2025-03-08 13:00:00+00:00,7.386582,43.02507
2025-03-08 14:00:00+00:00,6.3639607,61.26031
2025-03-08 15:00:00+00:00,6.122647,88.31535
2025-03-08 16:00:00+00:00,6.4323244,107.92801
2025-03-08 17:00:00+00:00,7.9138603,107.19863
2025-03-08 18:00:00+00:00,9.208192,94.48453
2025-03-08 19:00:00+00:00,10.285232,85.98591
2025-03-08 20:00:00+00:00,10.6261,79.261154
2025-03-08 21:00:00+00:00,10.699028,77.366646
2025-03-08 22:00:00+00:00,11.440978,77.27565
2025-03-08 23:00:00+00:00,12.124307,71.833954
2025-03-09 00:00:00+00:00,12.410866,70.51378
2025-03-09 01:00:00+00:00,13.184308,75.77401
2025-03-09 02:00:00+00:00,13.83192,71.80074
2025-03-09 03:00:00+00:00,15.430736,73.0446
2025-03-09 04:00:00+00:00,16.071491,74.407135
2025-03-09 05:00:00+00:00,14.230248,71.564964
2025-03-09 06:00:00+00:00,12.074766,63.435013
2025-03-09 07:00:00+00:00,10.472535,61.23244
2025-03-09 08:00:00+00:00,8.6867485,55.980614
2025-03-09 09:00:00+00:00,7.388775,55.922764
2025-03-09 10:00:00+00:00,5.950899,3.46817
2025-03-09 11:00:00+00:00,5.637765,16.699326
2025-03-09 12:00:00+00:00,6.090812,34.159744
2025-03-09 13:00:00+00:00,7.3094187,52.001225
2025-03-09 14:00:00+00:00,7.342588,78.6901
2025-03-09 15:00:00+00:00,7.0591216,109.359085
2025-03-09 16:00:00+00:00,7.4520864,127.14677
2025-03-09 17:00:00+00:00,7.1684303,118.495544
2025-03-09 18:00:00+00:00,6.1437774,84.95764
2025-03-09 19:00:00+00:00,7.0591216,70.640915
2025-03-09 20:00:00+00:00,7.6579366,66.44773
2025-03-09 21:00:00+00:00,7.0911775,66.037506
2025-03-09 22:00:00+00:00,5.297018,80.21766
2025-03-09 23:00:00+00:00,5.414979,68.5522
2025-03-10 00:00:00+00:00,6.0347,72.64589
2025-03-10 01:00:00+00:00,7.458606,98.32557
2025-03-10 02:00:00+00:00,5.6521144,80.83774
2025-03-10 03:00:00+00:00,7.628263,70.70986
2025-03-10 04:00:00+00:00,10.360559,82.010765
2025-03-10 05:00:00+00:00,10.495713,84.093956
2025-03-10 06:00:00+00:00,8.967541,79.59235
2025-03-10 07:00:00+00:00,7.186487,67.93205
2025-03-10 08:00:00+00:00,6.193674,54.46224
2025-03-10 09:00:00+00:00,6.269067,39.173653
2025-03-10 10:00:00+00:00,4.412754,11.76827
2025-03-10 11:00:00+00:00,4.175069,7.4313188
2025-03-10 12:00:00+00:00,6.601363,11.003508
2025-03-10 13:00:00+00:00,7.748368,30.735416
2025-03-10 14:00:00+00:00,6.489992,56.3099
2025-03-10 15:00:00+00:00,4.952453,109.09359
2025-03-10 16:00:00+00:00,5.876938,139.9698
2025-03-10 17:00:00+00:00,7.0934615,144.29323
2025-03-10 18:00:00+00:00,7.1684303,141.1155
2025-03-10 19:00:00+00:00,6.623413,132.79738
2025-03-10 20:00:00+00:00,4.942631,123.11135
2025-03-10 21:00:00+00:00,4.599695,120.57915
2025-03-10 22:00:00+00:00,5.9834766,83.08887
2025-03-10 23:00:00+00:00,7.289445,57.094753
2025-03-11 00:00:00+00:00,6.8989563,74.875946
2025-03-11 01:00:00+00:00,5.5596404,119.05451
2025-03-11 02:00:00+00:00,4.278551,112.24908
2025-03-11 03:00:00+00:00,6.0077944,98.61557
2025-03-11 04:00:00+00:00,4.9785542,102.5288
2025-03-11 05:00:00+00:00,2.5959969,213.6901
2025-03-11 06:00:00+00:00,5.5596404,240.94548
2025-03-11 07:00:00+00:00,8.61371,243.97047
2025-03-11 08:00:00+00:00,10.717182,240.85202
2025-03-11 09:00:00+00:00,11.269782,243.43501
2025-03-11 10:00:00+00:00,7.748368,272.66293
2025-03-11 11:00:00+00:00,5.796447,306.15826
2025-03-11 12:00:00+00:00,6.3639607,315.0001
2025-03-11 13:00:00+00:00,6.9247384,332.1028
2025-03-11 14:00:00+00:00,5.072041,27.474344
2025-03-11 15:00:00+00:00,5.3517847,70.346085
2025-03-11 16:00:00+00:00,10.134496,70.27763
2025-03-11 17:00:00+00:00,11.844492,73.21728
2025-03-11 18:00:00+00:00,11.767651,83.85348
2025-03-11 19:00:00+00:00,10.993271,87.1845
2025-03-11 20:00:00+00:00,9.54679,87.838974
2025-03-11 21:00:00+00:00,7.3997297,94.18484
2025-03-11 22:00:00+00:00,7.754637,68.19853
2025-03-11 23:00:00+00:00,9.779817,83.659904
2025-03-12 00:00:00+00:00,9.901636,88.9584
2025-03-12 01:00:00+00:00,10.261579,74.74483
2025-03-12 02:00:00+00:00,12.872201,69.53765
2025-03-12 03:00:00+00:00,15.027575,71.13091
2025-03-12 04:00:00+00:00,14.915039,72.439644
2025-03-12 05:00:00+00:00,13.719023,70.851776
2025-03-12 06:00:00+00:00,13.737904,58.392544
2025-03-12 07:00:00+00:00,13.8049555,50.290127
2025-03-12 08:00:00+00:00,11.870451,49.304558
2025-03-12 09:00:00+00:00,11.844492,53.65245
2025-03-12 10:00:00+00:00,7.329338,65.32315
2025-03-12 11:00:00+00:00,5.983477,46.2188
2025-03-12 12:00:00+00:00,9.227524,20.556128
2025-03-12 13:00:00+00:00,14.650938,47.489597
2025-03-12 14:00:00+00:00,16.189997,61.440475
2025-03-12 15:00:00+00:00,15.486278,70.30129
2025-03-12 16:00:00+00:00,14.230248,71.564964
2025-03-12 17:00:00+00:00,14.474059,68.86011
2025-03-12 18:00:00+00:00,14.628807,71.342026
2025-03-12 19:00:00+00:00,14.401124,71.79142
2025-03-12 20:00:00+00:00,14.414617,74.054535
2025-03-12 21:00:00+00:00,14.6254835,76.47682
2025-03-12 22:00:00+00:00,14.512064,66.61476
2025-03-12 23:00:00+00:00,15.236338,75.63538
2025-03-13 00:00:00+00:00,15.760025,76.122444
2025-03-13 01:00:00+00:00,15.034041,73.300674
2025-03-13 02:00:00+00:00,15.617529,64.025665
2025-03-13 03:00:00+00:00,19.486609,64.855255
2025-03-13 04:00:00+00:00,20.634155,66.341995
2025-03-13 05:00:00+00:00,20.160805,66.86856
2025-03-13 06:00:00+00:00,18.514643,63.435013
2025-03-13 07:00:00+00:00,15.858398,63.725857
2025-03-13 08:00:00+00:00,14.336861,61.504463
2025-03-13 09:00:00+00:00,12.007498,66.12472
2025-03-13 10:00:00+00:00,11.837652,61.876366
2025-03-13 11:00:00+00:00,15.3771,51.65439
2025-03-13 12:00:00+00:00,17.437717,45.418163
2025-03-13 13:00:00+00:00,16.165964,52.236866
2025-03-13 14:00:00+00:00,15.385525,61.33614
2025-03-13 15:00:00+00:00,15.151039,66.175735
2025-03-13 16:00:00+00:00,14.941083,68.070366
2025-03-13 17:00:00+00:00,14.24163,69.27436
2025-03-13 18:00:00+00:00,13.327294,73.52305
2025-03-13 19:00:00+00:00,11.500296,72.69939
2025-03-13 20:00:00+00:00,10.196647,69.3255
2025-03-13 21:00:00+00:00,9.847496,71.89614
2025-03-13 22:00:00+00:00,8.281956,91.24534
2025-03-13 23:00:00+00:00,9.600937,83.54128
2025-03-14 00:00:00+00:00,11.745604,74.89885
2025-03-14 01:00:00+00:00,12.74954,76.944756
2025-03-14 02:00:00+00:00,14.383114,81.36295
2025-03-14 03:00:00+00:00,15.2501545,78.42485
2025-03-14 04:00:00+00:00,15.151039,76.95436
2025-03-14 05:00:00+00:00,14.138882,68.333984
2025-03-14 06:00:00+00:00,12.979984,56.3099
2025-03-14 07:00:00+00:00,11.079873,46.97493
2025-03-14 08:00:00+00:00,10.703569,42.27363
2025-03-14 09:00:00+00:00,6.9247384,62.10283
2025-03-14 10:00:00+00:00,5.9617786,61.113514
2025-03-14 11:00:00+00:00,3.8773184,68.19853
2025-03-14 12:00:00+00:00,6.048107,36.528946
2025-03-14 13:00:00+00:00,8.461915,38.088825
2025-03-14 14:00:00+00:00,8.099999,36.86999
2025-03-14 15:00:00+00:00,6.193674,54.46224
2025-03-14 16:00:00+00:00,5.5916004,86.308685
2025-03-14 17:00:00+00:00,8.82,90.0
2025-03-14 18:00:00+00:00,9.826088,81.57312
2025-03-14 19:00:00+00:00,10.564942,81.1797
2025-03-14 20:00:00+00:00,11.165805,88.15243
2025-03-14 21:00:00+00:00,11.173057,92.77016
2025-03-14 22:00:00+00:00,11.345713,91.81827
2025-03-14 23:00:00+00:00,10.478722,85.07298
2025-03-15 00:00:00+00:00,11.465024,67.86446
2025-03-15 01:00:00+00:00,14.539945,68.19853
2025-03-15 02:00:00+00:00,15.779543,69.290886
2025-03-15 03:00:00+00:00,15.710607,71.98014
2025-03-15 04:00:00+00:00,15.827721,72.80138
2025-03-15 05:00:00+00:00,13.672893,69.17903
2025-03-15 06:00:00+00:00,10.7894945,62.152523
2025-03-15 07:00:00+00:00,9.387651,57.528828
2025-03-15 08:00:00+00:00,4.8965297,36.027473
2025-03-15 09:00:00+00:00,8.714677,38.290207
2025-03-15 10:00:00+00:00,7.538541,33.310646
2025-03-15 11:00:00+00:00,10.486448,39.427776
2025-03-15 12:00:00+00:00,11.334285,46.930573
2025-03-15 13:00:00+00:00,8.913181,46.636536
2025-03-15 14:00:00+00:00,10.182337,44.999897
2025-03-15 15:00:00+00:00,10.957846,47.66307
2025-03-15 16:00:00+00:00,11.345712,48.215576
2025-03-15 17:00:00+00:00,9.703319,49.51408
2025-03-15 18:00:00+00:00,8.161764,48.57643
2025-03-15 19:00:00+00:00,9.56713,78.05585
2025-03-15 20:00:00+00:00,9.567131,94.31595
2025-03-15 21:00:00+00:00,9.54679,87.838974
2025-03-15 22:00:00+00:00,8.281956,88.75467
2025-03-15 23:00:00+00:00,7.5363917,40.15594
2025-03-16 00:00:00+00:00,8.149847,59.470375
2025-03-16 01:00:00+00:00,7.1661706,78.40785
2025-03-16 02:00:00+00:00,6.849467,86.98728
2025-03-16 03:00:00+00:00,6.519877,83.659904
2025-03-16 04:00:00+00:00,5.5216303,70.974304
2025-03-16 05:00:00+00:00,1.98,360.0
2025-03-16 06:00:00+00:00,6.519877,276.3401
2025-03-16 07:00:00+00:00,11.767651,276.1465
2025-03-16 08:00:00+00:00,15.815435,281.82147
2025-03-16 09:00:00+00:00,14.827893,303.11133
2025-03-16 10:00:00+00:00,13.861168,322.38596
2025-03-16 11:00:00+00:00,8.305396,330.1012
2025-03-16 12:00:00+00:00,6.162207,6.70975
2025-03-16 13:00:00+00:00,6.1305785,40.236294
2025-03-16 14:00:00+00:00,6.502461,41.63345
2025-03-16 15:00:00+00:00,6.28713,103.24053
2025-03-16 16:00:00+00:00,5.495161,148.39255
2025-03-16 17:00:00+00:00,6.66,161.07526
2025-03-16 18:00:00+00:00,5.5450516,166.86597
2025-03-16 19:00:00+00:00,5.720489,192.72435
2025-03-16 20:00:00+00:00,6.9153743,231.34016
2025-03-16 21:00:00+00:00,6.854195,240.06857
2025-03-16 22:00:00+00:00,8.211235,243.9967
2025-03-16 23:00:00+00:00,6.5520988,254.05453
2025-03-17 00:00:00+00:00,5.5799994,270.0
2025-03-17 01:00:00+00:00,7.6642804,279.46225
2025-03-17 02:00:00+00:00,7.4346757,276.95285
2025-03-17 03:00:00+00:00,11.391313,275.44025
2025-03-17 04:00:00+00:00,14.799459,274.18484
2025-03-17 05:00:00+00:00,20.199335,266.42374
2025-03-17 06:00:00+00:00,24.948025,261.28534
2025-03-17 07:00:00+00:00,27.853508,259.19843
2025-03-17 08:00:00+00:00,30.805777,260.923
2025-03-17 09:00:00+00:00,32.830143,258.93655
2025-03-17 10:00:00+00:00,26.935722,259.21576
2025-03-17 11:00:00+00:00,19.787722,248.10175
2025-03-17 12:00:00+00:00,15.275627,248.57463
2025-03-17 13:00:00+00:00,10.703569,250.34608
2025-03-17 14:00:00+00:00,9.621163,252.58194
2025-03-17 15:00:00+00:00,10.028439,248.96242
2025-03-17 16:00:00+00:00,12.16832,240.78085
2025-03-17 17:00:00+00:00,15.22783,241.01128
2025-03-17 18:00:00+00:00,16.663372,243.7118
2025-03-17 19:00:00+00:00,17.82091,246.80139
2025-03-17 20:00:00+00:00,18.392618,249.9689
2025-03-17 21:00:00+00:00,19.130875,250.20103
2025-03-17 22:00:00+00:00,18.484869,247.68051
2025-03-17 23:00:00+00:00,17.534994,252.68097
2025-03-18 00:00:00+00:00,17.298738,257.98856
2025-03-18 01:00:00+00:00,17.864489,257.7843
2025-03-18 02:00:00+00:00,17.651016,258.23172
2025-03-18 03:00:00+00:00,21.829777,256.65128
2025-03-18 04:00:00+00:00,23.181597,256.07162
2025-03-18 05:00:00+00:00,24.288662,258.0239
2025-03-18 06:00:00+00:00,26.017939,259.23428
2025-03-18 07:00:00+00:00,27.67672,259.1286
2025-03-18 08:00:00+00:00,28.561073,259.46912
2025-03-18 09:00:00+00:00,27.727594,260.66003
2025-03-18 10:00:00+00:00,26.161995,259.69522
2025-03-18 11:00:00+00:00,21.077686,262.1468
2025-03-18 12:00:00+00:00,18.022486,267.13766
2025-03-18 13:00:00+00:00,16.215992,267.45526
2025-03-18 14:00:00+00:00,13.979871,258.11136
2025-03-18 15:00:00+00:00,12.7279215,241.2603
2025-03-18 16:00:00+00:00,12.145665,230.4119
2025-03-18 17:00:00+00:00,11.200571,224.9999
2025-03-18 18:00:00+00:00,10.055864,225.72514
2025-03-18 19:00:00+00:00,9.037721,225.80684
2025-03-18 20:00:00+00:00,8.274128,224.11868
2025-03-18 21:00:00+00:00,7.3469996,210.96368
2025-03-18 22:00:00+00:00,7.6473517,206.56499
2025-03-18 23:00:00+00:00,7.102591,188.74608
2025-03-19 00:00:00+00:00,5.154415,155.22488
2025-03-19 01:00:00+00:00,2.6999998,90.0
2025-03-19 02:00:00+00:00,4.39436,55.0079
2025-03-19 03:00:00+00:00,5.6060677,47.602623
2025-03-19 04:00:00+00:00,3.9518096,30.068504
2025-03-19 05:00:00+00:00,2.226477,345.9637
2025-03-19 06:00:00+00:00,4.514377,293.49857
2025-03-19 07:00:00+00:00,7.7983837,288.85324
2025-03-19 08:00:00+00:00,10.472536,294.36243
2025-03-19 09:00:00+00:00,11.9466305,300.81564
2025-03-19 10:00:00+00:00,10.948973,332.5925
2025-03-19 11:00:00+00:00,10.266314,357.99048
2025-03-19 12:00:00+00:00,9.292255,21.59538
2025-03-19 13:00:00+00:00,8.435069,50.194473
2025-03-19 14:00:00+00:00,6.849467,86.98728
2025-03-19 15:00:00+00:00,6.522361,129.40063
2025-03-19 16:00:00+00:00,6.6818557,152.74475
2025-03-19 17:00:00+00:00,8.211235,153.9967
2025-03-19 18:00:00+00:00,6.7757506,140.38934
2025-03-19 19:00:00+00:00,5.7515564,110.13639
2025-03-19 20:00:00+00:00,6.6818557,85.364624
2025-03-19 21:00:00+00:00,5.6835546,79.04598
2025-03-19 22:00:00+00:00,6.3639607,81.86999
2025-03-19 23:00:00+00:00,6.778141,79.28693
2025-03-20 00:00:00+00:00,6.725354,74.47583
2025-03-20 01:00:00+00:00,8.260411,78.6901
2025-03-20 02:00:00+00:00,8.083983,78.4399
2025-03-20 03:00:00+00:00,9.693296,68.19853
2025-03-20 04:00:00+00:00,9.582358,61.99092
2025-03-20 05:00:00+00:00,7.3094187,52.001225
2025-03-20 06:00:00+00:00,4.896529,17.102825
2025-03-20 07:00:00+00:00,5.2323985,333.43503
2025-03-20 08:00:00+00:00,6.638072,319.39877
2025-03-20 09:00:00+00:00,8.461915,321.91116
2025-03-20 10:00:00+00:00,9.600937,329.589
2025-03-20 11:00:00+00:00,11.892265,2.6025116
2025-03-20 12:00:00+00:00,12.033103,34.641014
2025-03-20 13:00:00+00:00,11.511559,63.03437
2025-03-20 14:00:00+00:00,10.449306,79.07724
2025-03-20 15:00:00+00:00,9.54679,87.838974
2025-03-20 16:00:00+00:00,8.528657,97.27491
2025-03-20 17:00:00+00:00,8.967541,100.40766
2025-03-20 18:00:00+00:00,8.825508,101.768265
2025-03-20 19:00:00+00:00,8.350138,97.43131
2025-03-20 20:00:00+00:00,7.970972,83.51703
2025-03-20 21:00:00+00:00,8.197414,81.15827
2025-03-20 22:00:00+00:00,7.329338,114.67685
2025-03-20 23:00:00+00:00,5.5596404,119.05451
2025-03-21 00:00:00+00:00,4.724786,40.364468
2025-03-21 01:00:00+00:00,5.22,46.39711
2025-03-21 02:00:00+00:00,4.724786,40.364468
2025-03-21 03:00:00+00:00,4.7928696,34.286938
2025-03-21 04:00:00+00:00,4.198285,30.963696
2025-03-21 05:00:00+00:00,1.8089776,5.7105074
2025-03-21 06:00:00+00:00,4.1125174,293.1986
2025-03-21 07:00:00+00:00,8.11798,273.814
2025-03-21 08:00:00+00:00,12.673074,258.5305
2025-03-21 09:00:00+00:00,15.287288,257.7639
2025-03-21 10:00:00+00:00,12.145665,263.19104
2025-03-21 11:00:00+00:00,9.102021,294.53772
2025-03-21 12:00:00+00:00,6.4924874,316.1232
2025-03-21 13:00:00+00:00,5.8603754,317.4896
2025-03-21 14:00:00+00:00,5.983477,313.7812
2025-03-21 15:00:00+00:00,3.8647635,297.75842
2025-03-21 16:00:00+00:00,3.9966488,277.76508
2025-03-21 17:00:00+00:00,5.0432134,267.95465
2025-03-21 18:00:00+00:00,6.162207,263.29025
2025-03-21 19:00:00+00:00,7.748368,267.33704
2025-03-21 20:00:00+00:00,7.3799996,270.0
2025-03-21 21:00:00+00:00,6.3231,274.89902
2025-03-21 22:00:00+00:00,4.198285,329.03632
2025-03-21 23:00:00+00:00,2.1068459,160.0168
2025-03-22 00:00:00+00:00,5.072041,152.52565
2025-03-22 01:00:00+00:00,6.9527545,158.74942
2025-03-22 02:00:00+00:00,4.978554,139.39879
2025-03-22 03:00:00+00:00,4.293669,123.02387
2025-03-22 04:00:00+00:00,0.9693296,68.19853
2025-03-22 05:00:00+00:00,3.244996,303.6901
2025-03-22 06:00:00+00:00,7.029225,283.32455
2025-03-22 07:00:00+00:00,9.854075,260.53775
2025-03-22 08:00:00+00:00,10.062305,259.69522
2025-03-22 09:00:00+00:00,10.261579,254.74483
2025-03-22 10:00:00+00:00,6.1569467,285.25516
2025-03-22 11:00:00+00:00,2.995797,327.26477
2025-03-22 12:00:00+00:00,3.096837,324.46225
2025-03-22 13:00:00+00:00,5.2323985,319.18503
2025-03-22 14:00:00+00:00,5.293959,305.31128
2025-03-22 15:00:00+00:00,4.7657523,259.1145
2025-03-22 16:00:00+00:00,6.3639607,241.2603
2025-03-22 17:00:00+00:00,4.7657523,259.1145
2025-03-22 18:00:00+00:00,3.6179552,275.7105
2025-03-22 19:00:00+00:00,2.8460498,251.56496
2025-03-22 20:00:00+00:00,3.219938,206.56499
2025-03-22 21:00:00+00:00,4.14,180.0
2025-03-22 22:00:00+00:00,4.293669,146.97614
2025-03-22 23:00:00+00:00,3.964089,87.3975
2025-03-23 00:00:00+00:00,7.970972,64.59232
2025-03-23 01:00:00+00:00,11.132385,67.16631
2025-03-23 02:00:00+00:00,11.555102,71.847206
2025-03-23 03:00:00+00:00,11.190442,78.87085
2025-03-23 04:00:00+00:00,9.567131,85.68405
2025-03-23 05:00:00+00:00,6.6697226,86.906006
2025-03-23 06:00:00+00:00,4.4274144,63.435013
2025-03-23 07:00:00+00:00,5.4029994,1.9091109
2025-03-23 08:00:00+00:00,6.12,331.9276
2025-03-23 09:00:00+00:00,6.4624763,347.125
2025-03-23 10:00:00+00:00,6.804381,322.52374
2025-03-23 11:00:00+00:00,5.854844,315.0001
2025-03-23 12:00:00+00:00,4.5322843,353.15732
2025-03-23 13:00:00+00:00,6.037383,63.435013
2025-03-23 14:00:00+00:00,6.3639607,98.13002
2025-03-23 15:00:00+00:00,6.482499,88.4089
2025-03-23 16:00:00+00:00,6.489992,70.559875
2025-03-23 17:00:00+00:00,5.983477,46.2188
2025-03-23 18:00:00+00:00,5.983477,43.7812
2025-03-23 19:00:00+00:00,6.3639607,44.999897
2025-03-23 20:00:00+00:00,6.297428,59.03632
2025-03-23 21:00:00+00:00,4.669604,117.552734
2025-03-23 22:00:00+00:00,4.7657523,169.11452
2025-03-23 23:00:00+00:00,2.4014995,77.00539
2025-03-24 00:00:00+00:00,4.913044,61.55718
2025-03-24 01:00:00+00:00,4.913044,81.57312
2025-03-24 02:00:00+00:00,5.8631387,72.12121
2025-03-24 03:00:00+00:00,8.65873,69.30447
2025-03-24 04:00:00+00:00,10.32924,67.4569
2025-03-24 05:00:00+00:00,10.6261,63.86906
2025-03-24 06:00:00+00:00,9.913082,60.64234
2025-03-24 07:00:00+00:00,8.836514,56.63362
2025-03-24 08:00:00+00:00,8.027678,42.27363
2025-03-24 09:00:00+00:00,7.748368,30.735416
2025-03-24 10:00:00+00:00,6.3639607,8.130019
2025-03-24 11:00:00+00:00,9.3876505,4.398633
2025-03-24 12:00:00+00:00,8.473393,12.26477
2025-03-24 13:00:00+00:00,6.489992,19.440128
2025-03-24 14:00:00+00:00,7.1321807,42.954597
2025-03-24 15:00:00+00:00,2.995797,147.26479
2025-03-24 16:00:00+00:00,6.310277,176.72958
2025-03-24 17:00:00+00:00,6.320538,160.0168
2025-03-24 18:00:00+00:00,5.634891,153.43501
2025-03-24 19:00:00+00:00,4.278551,165.37909
2025-03-24 20:00:00+00:00,2.4482646,162.89719
2025-03-24 21:00:00+00:00,1.9469976,146.3099
2025-03-24 22:00:00+00:00,2.5455842,135.0001
2025-03-24 23:00:00+00:00,4.379589,80.53775
2025-03-25 00:00:00+00:00,6.4096174,128.15727
2025-03-25 01:00:00+00:00,4.896529,107.10281
2025-03-25 02:00:00+00:00,4.724786,72.25524
2025-03-25 03:00:00+00:00,6.6818557,62.744755
2025-03-25 04:00:00+00:00,6.2405767,56.768288
2025-03-25 05:00:00+00:00,4.8366103,44.999897
2025-03-25 06:00:00+00:00,3.8647635,27.758451
2025-03-25 07:00:00+00:00,4.323748,2.385899
2025-03-25 08:00:00+00:00,4.7521367,335.37646
2025-03-25 09:00:00+00:00,6.048107,323.47104
2025-03-25 10:00:00+00:00,8.748075,306.6342
2025-03-25 11:00:00+00:00,8.65873,316.68463
2025-03-25 12:00:00+00:00,7.731623,335.22488
2025-03-25 13:00:00+00:00,6.5520988,344.05453
2025-03-25 14:00:00+00:00,0.17999999,270.0
2025-03-25 15:00:00+00:00,5.4119864,176.186
2025-03-25 16:00:00+00:00,7.579261,184.08554
2025-03-25 17:00:00+00:00,8.083983,191.5601
2025-03-25 18:00:00+00:00,7.3094187,189.92618
2025-03-25 19:00:00+00:00,6.9550843,190.43742
2025-03-25 20:00:00+00:00,7.2202215,184.28908
2025-03-25 21:00:00+00:00,7.2202215,175.71092
2025-03-25 22:00:00+00:00,7.6409945,164.98158
2025-03-25 23:00:00+00:00,4.0449967,122.27562
2025-03-26 00:00:00+00:00,3.536439,104.743614
2025-03-26 01:00:00+00:00,3.096837,125.537766
2025-03-26 02:00:00+00:00,1.8,90.0
2025-03-26 03:00:00+00:00,2.0523157,37.875053
2025-03-26 04:00:00+00:00,2.5264204,355.91446
2025-03-26 05:00:00+00:00,3.693291,313.0251
2025-03-26 06:00:00+00:00,5.068846,286.50443
2025-03-26 07:00:00+00:00,7.3821945,271.39716
2025-03-26 08:00:00+00:00,9.016185,266.56644
2025-03-26 09:00:00+00:00,9.926147,265.84042
2025-03-26 10:00:00+00:00,11.892265,272.6025
2025-03-26 11:00:00+00:00,11.620809,286.18927
2025-03-26 12:00:00+00:00,7.5019197,300.25635
2025-03-26 13:00:00+00:00,7.729527,297.75842
2025-03-26 14:00:00+00:00,7.92,270.0
2025-03-26 15:00:00+00:00,6.037383,243.43501
2025-03-26 16:00:00+00:00,5.854844,224.9999
2025-03-26 17:00:00+00:00,5.991594,212.73521
2025-03-26 18:00:00+00:00,5.7204895,204.14554
2025-03-26 19:00:00+00:00,5.5887027,194.93147
2025-03-26 20:00:00+00:00,5.8298883,188.88058
2025-03-26 21:00:00+00:00,6.6697226,176.906
2025-03-26 22:00:00+00:00,1.2727921,98.13002
2025-03-26 23:00:00+00:00,3.604497,87.13766
2025-03-27 00:00:00+00:00,5.920878,109.53674
2025-03-27 01:00:00+00:00,6.391901,99.72751
2025-03-27 02:00:00+00:00,5.8048253,82.875084
2025-03-27 03:00:00+00:00,5.2478566,95.906044
2025-03-27 04:00:00+00:00,3.0811036,96.70974
2025-03-27 05:00:00+00:00,2.0991426,300.96368
2025-03-27 06:00:00+00:00,4.445672,291.3707
2025-03-27 07:00:00+00:00,5.896202,282.33908
2025-03-27 08:00:00+00:00,7.029225,283.32455
2025-03-27 09:00:00+00:00,7.0591216,289.35907
2025-03-27 10:00:00+00:00,6.6818557,297.25525
2025-03-27 11:00:00+00:00,6.7757506,320.38934
2025-03-27 12:00:00+00:00,4.060985,347.19574
2025-03-27 13:00:00+00:00,4.323748,2.385899
2025-03-27 14:00:00+00:00,4.755544,29.475794
2025-03-27 15:00:00+00:00,3.4152596,71.564964
2025-03-27 16:00:00+00:00,4.5891175,101.3099
2025-03-27 17:00:00+00:00,5.6521144,127.23492
2025-03-27 18:00:00+00:00,5.6060677,137.60262
2025-03-27 19:00:00+00:00,5.728979,133.72705
2025-03-27 20:00:00+00:00,5.9617786,118.88649
2025-03-27 21:00:00+00:00,4.278551,112.24908
2025-03-27 22:00:00+00:00,3.396233,57.99466
2025-03-27 23:00:00+00:00,4.669604,62.447273
2025-03-28 00:00:00+00:00,6.482499,88.4089
2025-03-28 01:00:00+00:00,7.6642804,99.46225
2025-03-28 02:00:00+00:00,7.748368,92.66295
2025-03-28 03:00:00+00:00,8.131936,84.92049
2025-03-28 04:00:00+00:00,6.424764,78.6901
2025-03-28 05:00:00+00:00,5.6492476,67.52052
2025-03-28 06:00:00+00:00,1.1525624,51.34017
2025-03-28 07:00:00+00:00,2.1068459,250.0168
2025-03-28 08:00:00+00:00,3.362677,254.47583
2025-03-28 09:00:00+00:00,3.189608,286.38962
2025-03-28 10:00:00+00:00,3.143565,66.37061
2025-03-28 11:00:00+00:00,5.7515564,69.86362
2025-03-28 12:00:00+00:00,6.6624317,38.418083
2025-03-28 13:00:00+00:00,9.97986,39.143982
2025-03-28 14:00:00+00:00,11.226575,48.900593
2025-03-28 15:00:00+00:00,10.484903,55.491425
2025-03-28 16:00:00+00:00,9.335737,56.003494
2025-03-28 17:00:00+00:00,9.580668,64.397865
2025-03-28 18:00:00+00:00,9.346143,74.3577
2025-03-28 19:00:00+00:00,8.82,90.0
2025-03-28 20:00:00+00:00,7.5942073,95.44024
2025-03-28 21:00:00+00:00,6.130579,86.63361
2025-03-28 22:00:00+00:00,3.0652893,49.76371
2025-03-28 23:00:00+00:00,2.0991426,30.963696
2025-03-29 00:00:00+00:00,3.4388947,47.12111
2025-03-29 01:00:00+00:00,5.5450516,54.246033
2025-03-29 02:00:00+00:00,8.338489,57.3391
2025-03-29 03:00:00+00:00,9.19939,59.420856
2025-03-29 04:00:00+00:00,8.936778,55.66973
2025-03-29 05:00:00+00:00,4.143911,34.3804
2025-03-29 06:00:00+00:00,7.342588,281.3099
2025-03-29 07:00:00+00:00,11.7827835,288.71182
2025-03-29 08:00:00+00:00,14.039999,292.6199
2025-03-29 09:00:00+00:00,14.251863,297.85956
2025-03-29 10:00:00+00:00,13.125196,312.22076
2025-03-29 11:00:00+00:00,10.630672,331.69934
2025-03-29 12:00:00+00:00,9.181765,1.1232841
2025-03-29 13:00:00+00:00,6.452441,30.1413
2025-03-29 14:00:00+00:00,5.6835546,79.04598
2025-03-29 15:00:00+00:00,7.8087645,115.97434
2025-03-29 16:00:00+00:00,7.6388745,124.43905
2025-03-29 17:00:00+00:00,7.1684303,118.495544
2025-03-29 18:00:00+00:00,6.9899354,101.88863
2025-03-29 19:00:00+00:00,7.6367526,81.86999
2025-03-29 20:00:00+00:00,9.05205,72.64589
2025-03-29 21:00:00+00:00,9.215226,77.5926
2025-03-29 22:00:00+00:00,8.11798,86.186005
2025-03-29 23:00:00+00:00,9.375563,86.698204
2025-03-30 00:00:00+00:00,9.605998,77.00539
2025-03-30 01:00:00+00:00,11.688918,80.24765
2025-03-30 02:00:00+00:00,12.193588,81.51115
2025-03-30 03:00:00+00:00,11.126562,80.69013
2025-03-30 04:00:00+00:00,7.7983837,71.14675
2025-03-30 05:00:00+00:00,3.219938,26.564985
2025-03-30 06:00:00+00:00,5.5567255,294.90472
2025-03-30 07:00:00+00:00,10.337079,277.00116
2025-03-30 08:00:00+00:00,13.684735,271.5074
2025-03-30 09:00:00+00:00,15.841023,269.34894
2025-03-30 10:00:00+00:00,14.311981,276.49924
2025-03-30 11:00:00+00:00,13.671707,279.0902
2025-03-30 12:00:00+00:00,8.43699,303.6901
2025-03-30 13:00:00+00:00,6.6624317,321.5819
2025-03-30 14:00:00+00:00,8.0599,330.57263
2025-03-30 15:00:00+00:00,2.1897945,279.46225
2025-03-30 16:00:00+00:00,4.323748,177.6141
2025-03-30 17:00:00+00:00,6.8612823,175.4861
2025-03-30 18:00:00+00:00,6.778141,169.28693
2025-03-30 19:00:00+00:00,5.7515564,159.86362
2025-03-30 20:00:00+00:00,4.2136917,109.98319
2025-03-30 21:00:00+00:00,5.720489,77.27565
2025-03-30 22:00:00+00:00,5.5916004,93.691315
2025-03-30 23:00:00+00:00,5.9644947,84.805664
2025-03-31 00:00:00+00:00,6.6818557,62.744755
2025-03-31 01:00:00+00:00,7.989242,67.47939
2025-03-31 02:00:00+00:00,8.613709,79.159744
2025-03-31 03:00:00+00:00,6.489992,93.17977
2025-03-31 04:00:00+00:00,1.8,143.13002
2025-03-31 05:00:00+00:00,5.937272,255.96373
2025-03-31 06:00:00+00:00,11.052058,263.4538
2025-03-31 07:00:00+00:00,14.589996,267.87894
2025-03-31 08:00:00+00:00,16.395817,272.5168
2025-03-31 09:00:00+00:00,17.893484,275.19434
2025-03-31 10:00:00+00:00,17.828178,271.73566
2025-03-31 11:00:00+00:00,15.379206,286.31393
2025-03-31 12:00:00+00:00,10.883676,304.21576
2025-03-31 13:00:00+00:00,6.3690495,317.29062
2025-03-31 14:00:00+00:00,6.198903,334.17905
2025-03-31 15:00:00+00:00,1.8089776,264.2895
2025-03-31 16:00:00+00:00,3.710795,194.03627
2025-03-31 17:00:00+00:00,5.4119864,183.814
2025-03-31 18:00:00+00:00,5.5916004,176.30869
2025-03-31 19:00:00+00:00,6.0721655,168.0239
2025-03-31 20:00:00+00:00,5.4744864,152.59251
2025-03-31 21:00:00+00:00,4.3498964,114.44395
2025-03-31 22:00:00+00:00,2.9024127,82.875084
2025-03-31 23:00:00+00:00,5.5596404,119.05451
2025-04-01 00:00:00+00:00,4.452954,104.03627
2025-04-01 01:00:00+00:00,5.95906,64.98315
2025-04-01 02:00:00+00:00,8.435069,50.194473
2025-04-01 03:00:00+00:00,8.790563,47.489597
2025-04-01 04:00:00+00:00,5.796447,36.158287
2025-04-01 05:00:00+00:00,4.39436,325.0079
2025-04-01 06:00:00+00:00,9.605998,282.99463
2025-04-01 07:00:00+00:00,12.825552,274.83032
2025-04-01 08:00:00+00:00,14.650939,275.64044
2025-04-01 09:00:00+00:00,14.000713,278.13
2025-04-01 10:00:00+00:00,11.203464,293.6821
2025-04-01 11:00:00+00:00,12.10157,292.751
2025-04-01 12:00:00+00:00,8.669949,311.63345
2025-04-01 13:00:00+00:00,5.414979,338.5522
2025-04-01 14:00:00+00:00,5.495161,328.39255
2025-04-01 15:00:00+00:00,5.771239,273.57626
2025-04-01 16:00:00+00:00,4.6834598,267.79745
2025-04-01 17:00:00+00:00,3.8521678,217.40543
2025-04-01 18:00:00+00:00,3.8183763,188.13002
2025-04-01 19:00:00+00:00,3.8183763,171.86998
2025-04-01 20:00:00+00:00,3.9477081,155.77226
2025-04-01 21:00:00+00:00,4.072935,135.0001
2025-04-01 22:00:00+00:00,8.581677,80.34018
2025-04-01 23:00:00+00:00,8.281956,88.75467
2025-04-02 00:00:00+00:00,7.970972,96.48298
2025-04-02 01:00:00+00:00,8.759178,99.46225
2025-04-02 02:00:00+00:00,8.507737,83.92764
2025-04-02 03:00:00+00:00,8.61371,63.970474
2025-04-02 04:00:00+00:00,6.2379804,43.83095
2025-04-02 05:00:00+00:00,5.020677,345.4655
2025-04-02 06:00:00+00:00,6.3690495,312.70938
2025-04-02 07:00:00+00:00,8.654986,286.92758
2025-04-02 08:00:00+00:00,10.3480425,283.0693
2025-04-02 09:00:00+00:00,11.276968,278.25934
2025-04-02 10:00:00+00:00,9.12513,292.01132
2025-04-02 11:00:00+00:00,8.242743,301.60745
2025-04-02 12:00:00+00:00,6.156947,307.87503
2025-04-02 13:00:00+00:00,6.889557,289.85532
2025-04-02 14:00:00+00:00,5.5916004,273.6913
2025-04-02 15:00:00+00:00,3.2048087,231.84273
2025-04-02 16:00:00+00:00,4.2136917,199.9832
2025-04-02 17:00:00+00:00,4.503598,177.70944
2025-04-02 18:00:00+00:00,4.7521367,155.37645
2025-04-02 19:00:00+00:00,5.2478566,120.96369
2025-04-02 20:00:00+00:00,4.1556225,85.03035
2025-04-02 21:00:00+00:00,5.1544156,77.90526
2025-04-02 22:00:00+00:00,3.9763298,95.19434
2025-04-02 23:00:00+00:00,4.452954,104.03627
2025-04-03 00:00:00+00:00,3.84796,79.21575
2025-04-03 01:00:00+00:00,5.7628117,75.52967
2025-04-03 02:00:00+00:00,4.8466477,74.931465
2025-04-03 03:00:00+00:00,2.2553935,28.610369
2025-04-03 04:00:00+00:00,6.7469993,279.21094
2025-04-03 05:00:00+00:00,9.208192,274.48453
2025-04-03 06:00:00+00:00,12.061341,270.85507
2025-04-03 07:00:00+00:00,14.944336,268.6197
2025-04-03 08:00:00+00:00,17.103788,268.79398
2025-04-03 09:00:00+00:00,18.72346,268.89832
2025-04-03 10:00:00+00:00,18.543495,268.88763
2025-04-03 11:00:00+00:00,16.919998,270.0
2025-04-03 12:00:00+00:00,11.050591,282.2251
2025-04-03 13:00:00+00:00,8.626865,293.3556
2025-04-03 14:00:00+00:00,6.452441,292.98874
2025-04-03 15:00:00+00:00,6.122647,271.68463
2025-04-03 16:00:00+00:00,5.9834766,248.83867
2025-04-03 17:00:00+00:00,6.4096174,231.84273
2025-04-03 18:00:00+00:00,5.634891,206.56499
2025-04-03 19:00:00+00:00,5.506941,191.30989
2025-04-03 20:00:00+00:00,5.6060677,185.52745
2025-04-03 21:00:00+00:00,5.506941,168.69011
2025-04-03 22:00:00+00:00,6.489992,176.82024
2025-04-03 23:00:00+00:00,1.5379207,110.55613
2025-04-04 00:00:00+00:00,3.710795,75.96373
2025-04-04 01:00:00+00:00,5.9644947,95.19434
2025-04-04 02:00:00+00:00,4.327493,106.9276
2025-04-04 03:00:00+00:00,0.35999998,270.0
2025-04-04 04:00:00+00:00,5.020677,284.5345
2025-04-04 05:00:00+00:00,10.621525,269.029
2025-04-04 06:00:00+00:00,15.009236,264.4946
2025-04-04 07:00:00+00:00,18.307867,263.22443
2025-04-04 08:00:00+00:00,20.1865,261.79773
2025-04-04 09:00:00+00:00,20.568888,261.44452
2025-04-04 10:00:00+00:00,16.024044,268.7127
2025-04-04 11:00:00+00:00,12.549757,278.24622
2025-04-04 12:00:00+00:00,6.6087217,299.35767
2025-04-04 13:00:00+00:00,6.7757506,309.61066
2025-04-04 14:00:00+00:00,6.279395,297.2995
2025-04-04 15:00:00+00:00,4.846648,301.32864
2025-04-04 16:00:00+00:00,3.381893,244.7989
2025-04-04 17:00:00+00:00,5.1481256,216.46933
2025-04-04 18:00:00+00:00,4.2481523,216.38445
2025-04-04 19:00:00+00:00,2.1749482,245.55606
2025-04-04 20:00:00+00:00,0.40249225,296.56497
2025-04-04 21:00:00+00:00,0.742159,75.96373
2025-04-04 22:00:00+00:00,2.5455842,171.86998
2025-04-04 23:00:00+00:00,4.2021422,189.86574
2025-04-05 00:00:00+00:00,6.12,180.0
2025-04-05 01:00:00+00:00,7.208994,177.13765
2025-04-05 02:00:00+00:00,6.1437774,185.04236
2025-04-05 03:00:00+00:00,5.8048253,209.7448
2025-04-05 04:00:00+00:00,7.3469996,239.03632
2025-04-05 05:00:00+00:00,9.107359,251.56496
2025-04-05 06:00:00+00:00,12.496719,258.3664
2025-04-05 07:00:00+00:00,15.2501545,258.42484
2025-04-05 08:00:00+00:00,17.108522,271.8087
2025-04-05 09:00:00+00:00,20.240997,260.78903
2025-04-05 10:00:00+00:00,17.489666,261.11942
2025-04-05 11:00:00+00:00,13.0806875,235.65384
2025-04-05 12:00:00+00:00,7.1684303,208.49554
2025-04-05 13:00:00+00:00,8.131936,207.69939
2025-04-05 14:00:00+00:00,7.0038276,205.90645
2025-04-05 15:00:00+00:00,5.8603754,169.3804
2025-04-05 16:00:00+00:00,6.050785,149.62096
2025-04-05 17:00:00+00:00,5.4744864,99.46225
2025-04-05 18:00:00+00:00,10.484903,55.491425
2025-04-05 19:00:00+00:00,13.151091,59.574306
2025-04-05 20:00:00+00:00,12.483749,65.28258
2025-04-05 21:00:00+00:00,11.745604,74.89885
2025-04-05 22:00:00+00:00,12.98248,73.07241
2025-04-05 23:00:00+00:00,13.021106,84.44713
2025-04-06 00:00:00+00:00,13.262714,82.199905
2025-04-06 01:00:00+00:00,16.213993,67.13546
2025-04-06 02:00:00+00:00,18.645428,59.226032
2025-04-06 03:00:00+00:00,18.892282,59.03632
2025-04-06 04:00:00+00:00,18.396141,73.51547
2025-04-06 05:00:00+00:00,15.156386,74.14801
2025-04-06 06:00:00+00:00,13.169556,68.343956
2025-04-06 07:00:00+00:00,10.429132,68.74943
2025-04-06 08:00:00+00:00,12.708815,37.519188
2025-04-06 09:00:00+00:00,14.477417,38.43733
2025-04-06 10:00:00+00:00,10.32924,41.46761
2025-04-06 11:00:00+00:00,13.044722,39.400646
2025-04-06 12:00:00+00:00,16.813387,52.393948
2025-04-06 13:00:00+00:00,16.325514,55.78425
2025-04-06 14:00:00+00:00,12.74954,59.45251
2025-04-06 15:00:00+00:00,8.171683,82.40546
2025-04-06 16:00:00+00:00,6.889557,56.725105
2025-04-06 17:00:00+00:00,10.735306,34.75598
2025-04-06 18:00:00+00:00,11.7,30.510159
2025-04-06 19:00:00+00:00,8.528657,45.85501
2025-04-06 20:00:00+00:00,5.983477,105.7087
2025-04-06 21:00:00+00:00,6.048107,126.528946
2025-04-06 22:00:00+00:00,5.020677,165.4655
2025-04-06 23:00:00+00:00,5.6492476,22.47948
2025-04-07 00:00:00+00:00,7.7879906,33.6901
2025-04-07 01:00:00+00:00,7.5019197,59.743652
2025-04-07 02:00:00+00:00,8.39078,67.28555
2025-04-07 03:00:00+00:00,8.626865,66.64442
2025-04-07 04:00:00+00:00,8.792405,67.10942
2025-04-07 05:00:00+00:00,8.958504,67.557205
2025-04-07 06:00:00+00:00,7.4932766,65.897766
2025-04-07 07:00:00+00:00,7.406295,64.05776
2025-04-07 08:00:00+00:00,6.050785,59.620956
2025-04-07 09:00:00+00:00,5.1919937,56.309914
2025-04-07 10:00:00+00:00,4.613762,20.556128
2025-04-07 11:00:00+00:00,6.0347,17.354122
2025-04-07 12:00:00+00:00,6.8423676,26.564985
2025-04-07 13:00:00+00:00,6.522361,39.400646
2025-04-07 14:00:00+00:00,6.090812,55.840256
2025-04-07 15:00:00+00:00,6.7469993,80.78905
2025-04-07 16:00:00+00:00,7.208994,87.13766
2025-04-07 17:00:00+00:00,6.1569467,74.74483
2025-04-07 18:00:00+00:00,6.7469993,43.91917
2025-04-07 19:00:00+00:00,6.9153743,38.65983
2025-04-07 20:00:00+00:00,6.7469993,43.91917
2025-04-07 21:00:00+00:00,6.889557,56.725105
2025-04-07 22:00:00+00:00,2.7059932,176.186
2025-04-07 23:00:00+00:00,4.8466477,164.93146
2025-04-08 00:00:00+00:00,3.494968,145.49142
2025-04-08 01:00:00+00:00,3.189608,106.38962
2025-04-08 02:00:00+00:00,6.601363,78.996506
2025-04-08 03:00:00+00:00,8.473393,77.735245
2025-04-08 04:00:00+00:00,5.5450516,76.865974
2025-04-08 05:00:00+00:00,2.7059932,93.814
2025-04-08 06:00:00+00:00,1.659518,310.60123
2025-04-08 07:00:00+00:00,6.28713,293.6294
2025-04-08 08:00:00+00:00,7.1321807,280.17545
2025-04-08 09:00:00+00:00,8.936778,279.27252
2025-04-08 10:00:00+00:00,9.67657,260.36252
2025-04-08 11:00:00+00:00,9.243311,263.29025
2025-04-08 12:00:00+00:00,6.5024605,265.23645
2025-04-08 13:00:00+00:00,6.302571,268.36346
2025-04-08 14:00:00+00:00,6.489992,250.55988
2025-04-08 15:00:00+00:00,7.928177,230.52757
2025-04-08 16:00:00+00:00,9.867218,218.33337
2025-04-08 17:00:00+00:00,8.037761,214.04597
2025-04-08 18:00:00+00:00,1.7076298,161.56496
2025-04-08 19:00:00+00:00,3.4576871,308.65982
2025-04-08 20:00:00+00:00,3.710795,247.1663
2025-04-08 21:00:00+00:00,3.5864744,197.52567
2025-04-08 22:00:00+00:00,5.0142193,158.96242
2025-04-08 23:00:00+00:00,4.3536186,150.2552
2025-04-09 00:00:00+00:00,2.1674871,311.63345
2025-04-09 01:00:00+00:00,6.502461,318.36655
2025-04-09 02:00:00+00:00,9.847496,300.7841
2025-04-09 03:00:00+00:00,8.723967,291.80145
2025-04-09 04:00:00+00:00,4.7521367,294.62354
2025-04-09 05:00:00+00:00,4.0249224,280.30478
2025-04-09 06:00:00+00:00,4.514377,265.42615
2025-04-09 07:00:00+00:00,6.6697226,266.906
2025-04-09 08:00:00+00:00,10.993271,267.1845
2025-04-09 09:00:00+00:00,13.41453,258.38855
2025-04-09 10:00:00+00:00,13.493999,260.78903
2025-04-09 11:00:00+00:00,11.616627,257.4712
2025-04-09 12:00:00+00:00,8.287822,272.4895
2025-04-09 13:00:00+00:00,5.1197267,280.1246
2025-04-09 14:00:00+00:00,6.0077944,261.38443
2025-04-09 15:00:00+00:00,5.7964473,205.76927
2025-04-09 16:00:00+00:00,6.0347,197.35411
2025-04-09 17:00:00+00:00,5.09435,212.00534
2025-04-09 18:00:00+00:00,3.381893,205.2011
2025-04-09 19:00:00+00:00,2.7416782,203.19862
2025-04-09 20:00:00+00:00,2.34,180.0
2025-04-09 21:00:00+00:00,3.4949677,168.11136
2025-04-09 22:00:00+00:00,3.8268526,131.18582
2025-04-09 23:00:00+00:00,4.3536186,119.74479
2025-04-10 00:00:00+00:00,6.76618,118.61037
2025-04-10 01:00:00+00:00,5.5887027,75.068535
2025-04-10 02:00:00+00:00,9.292255,21.59538
2025-04-10 03:00:00+00:00,10.088033,15.524177
2025-04-10 04:00:00+00:00,6.424764,11.3098955
2025-04-10 05:00:00+00:00,2.6999998,323.13004
2025-04-10 06:00:00+00:00,7.4867883,297.18103
2025-04-10 07:00:00+00:00,10.163227,292.93213
2025-04-10 08:00:00+00:00,12.570394,299.13422
2025-04-10 09:00:00+00:00,13.590894,281.4587
2025-04-10 10:00:00+00:00,10.966713,246.80138
2025-04-10 11:00:00+00:00,10.855358,220.29207
2025-04-10 12:00:00+00:00,10.036512,212.54999
2025-04-10 13:00:00+00:00,7.8087645,205.97433
2025-04-10 14:00:00+00:00,8.383054,194.93147
2025-04-10 15:00:00+00:00,8.227004,190.08054
2025-04-10 16:00:00+00:00,7.102591,188.74608
2025-04-10 17:00:00+00:00,4.6938252,184.39862
2025-04-10 18:00:00+00:00,5.0142193,201.03758
2025-04-10 19:00:00+00:00,3.4199998,270.0
2025-04-10 20:00:00+00:00,3.7842832,267.27374
2025-04-10 21:00:00+00:00,6.198903,244.17906
2025-04-10 22:00:00+00:00,7.538541,236.68936
2025-04-10 23:00:00+00:00,4.143911,267.5105
2025-04-11 00:00:00+00:00,4.6277857,283.49576
2025-04-11 01:00:00+00:00,3.96,270.0
2025-04-11 02:00:00+00:00,2.8001428,224.9999
2025-04-11 03:00:00+00:00,1.6299692,173.6599
2025-04-11 04:00:00+00:00,2.9301877,100.619606
2025-04-11 05:00:00+00:00,4.175069,97.43131
2025-04-11 06:00:00+00:00,4.599695,120.57915
2025-04-11 07:00:00+00:00,4.143911,124.3804
2025-04-11 08:00:00+00:00,2.5455842,98.13002
2025-04-11 09:00:00+00:00,2.6999998,90.0
2025-04-11 10:00:00+00:00,5.8409934,56.309914
2025-04-11 11:00:00+00:00,5.4744864,46.332153
2025-04-11 12:00:00+00:00,5.3517847,70.346085
2025-04-11 13:00:00+00:00,5.3999996,53.13002
2025-04-11 14:00:00+00:00,6.522361,50.59937
2025-04-11 15:00:00+00:00,6.889557,56.725105
2025-04-11 16:00:00+00:00,7.538541,56.689358
2025-04-11 17:00:00+00:00,8.3520775,52.883057
2025-04-11 18:00:00+00:00,8.019601,45.909298
2025-04-11 19:00:00+00:00,5.5567255,24.904745
2025-04-11 20:00:00+00:00,3.5455887,23.962492
2025-04-11 21:00:00+00:00,2.6208394,15.945477
2025-04-11 22:00:00+00:00,5.692099,34.69522
2025-04-11 23:00:00+00:00,7.889258,55.222095
2025-04-12 00:00:00+00:00,8.131936,84.92049
2025-04-12 01:00:00+00:00,8.4042845,99.865746
2025-04-12 02:00:00+00:00,7.5599995,90.0
2025-04-12 03:00:00+00:00,6.2483597,78.366394
2025-04-12 04:00:00+00:00,5.0528407,85.91447
2025-04-12 05:00:00+00:00,3.604497,87.13766
2025-04-12 06:00:00+00:00,2.1674871,85.23644
2025-04-12 07:00:00+00:00,0.5091169,315.0001
2025-04-12 08:00:00+00:00,4.73506,261.2539
2025-04-12 09:00:00+00:00,7.415038,264.4279
2025-04-12 10:00:00+00:00,7.3094187,350.07382
2025-04-12 11:00:00+00:00,4.5322843,353.15732
2025-04-12 12:00:00+00:00,4.143911,325.6196
2025-04-12 13:00:00+00:00,4.5891175,11.3098955
2025-04-12 14:00:00+00:00,5.692099,55.304783
2025-04-12 15:00:00+00:00,6.482499,88.4089
2025-04-12 16:00:00+00:00,5.815978,68.19853
2025-04-12 17:00:00+00:00,6.7469993,43.91917
2025-04-12 18:00:00+00:00,9.167638,46.5911
2025-04-12 19:00:00+00:00,9.67657,46.507374
2025-04-12 20:00:00+00:00,8.783189,45.83023
2025-04-12 21:00:00+00:00,6.384293,49.574005
2025-04-12 22:00:00+00:00,7.9036193,59.93151
2025-04-12 23:00:00+00:00,6.299999,53.13002
2025-04-13 00:00:00+00:00,6.698806,83.829926
2025-04-13 01:00:00+00:00,6.206738,106.85848
2025-04-13 02:00:00+00:00,4.32,90.0
2025-04-13 03:00:00+00:00,4.2481523,53.61555
2025-04-13 04:00:00+00:00,6.502461,48.366554
2025-04-13 05:00:00+00:00,7.889258,55.222095
2025-04-13 06:00:00+00:00,7.329338,65.32315
2025-04-13 07:00:00+00:00,5.5216303,70.974304
2025-04-13 08:00:00+00:00,3.7799997,90.0
2025-04-13 09:00:00+00:00,4.3573384,38.290207
2025-04-13 10:00:00+00:00,6.5223618,27.979382
2025-04-13 11:00:00+00:00,6.8919086,40.763515
2025-04-13 12:00:00+00:00,4.965521,46.468742
2025-04-13 13:00:00+00:00,3.9640884,39.47243
2025-04-13 14:00:00+00:00,4.4565907,43.36347
2025-04-13 15:00:00+00:00,4.4565907,46.636536
2025-04-13 16:00:00+00:00,5.904439,52.431335
2025-04-13 17:00:00+00:00,6.489992,56.3099
2025-04-13 18:00:00+00:00,5.2323985,63.435013
2025-04-13 19:00:00+00:00,4.991553,64.35905
2025-04-13 20:00:00+00:00,3.8647635,62.24156
2025-04-13 21:00:00+00:00,2.9522195,37.568665
2025-04-13 22:00:00+00:00,3.5455887,66.037506
2025-04-13 23:00:00+00:00,5.1481256,53.530666
2025-04-14 00:00:00+00:00,7.9567327,52.35232
2025-04-14 01:00:00+00:00,8.217153,61.189304
2025-04-14 02:00:00+00:00,10.028439,68.96242
2025-04-14 03:00:00+00:00,11.126562,80.69013
2025-04-14 04:00:00+00:00,10.8955765,82.40546
2025-04-14 05:00:00+00:00,10.209348,80.8699
2025-04-14 06:00:00+00:00,8.297589,77.4712
2025-04-14 07:00:00+00:00,6.5024605,85.23644
2025-04-14 08:00:00+00:00,1.9386592,21.801476
2025-04-14 09:00:00+00:00,1.484318,284.03625
2025-04-14 10:00:00+00:00,4.755544,299.4758
2025-04-14 11:00:00+00:00,2.8116899,309.8055
2025-04-14 12:00:00+00:00,1.659518,257.4712
2025-04-14 13:00:00+00:00,0.35999998,90.0
2025-04-14 14:00:00+00:00,2.995797,122.73522
2025-04-14 15:00:00+00:00,4.952453,109.09359
2025-04-14 16:00:00+00:00,6.2145634,79.99209
2025-04-14 17:00:00+00:00,6.037383,63.435013
2025-04-14 18:00:00+00:00,5.991594,57.264786
2025-04-14 19:00:00+00:00,5.896202,58.736336
2025-04-14 20:00:00+00:00,5.5450516,54.246033
2025-04-14 21:00:00+00:00,3.7971036,84.55976
2025-04-14 22:00:00+00:00,2.5582807,129.28938
2025-04-14 23:00:00+00:00,2.9301877,47.489597
2025-04-15 00:00:00+00:00,2.657668,151.69934
2025-04-15 01:00:00+00:00,3.319036,130.60121
2025-04-15 02:00:00+00:00,7.0107627,60.802605
2025-04-15 03:00:00+00:00,11.384198,55.304783
2025-04-15 04:00:00+00:00,11.269782,63.435013
2025-04-15 05:00:00+00:00,10.534229,70.01681
2025-04-15 06:00:00+00:00,8.2584505,73.53991
2025-04-15 07:00:00+00:00,5.0432134,55.175446
2025-04-15 08:00:00+00:00,5.896202,12.339083
2025-04-15 09:00:00+00:00,7.229191,341.1138
2025-04-15 10:00:00+00:00,3.0758414,20.556128
2025-04-15 11:00:00+00:00,7.6579366,150.42226
2025-04-15 12:00:00+00:00,10.132897,167.692
2025-04-15 13:00:00+00:00,6.6697226,176.906
2025-04-15 14:00:00+00:00,4.9785542,192.5288
2025-04-15 15:00:00+00:00,2.5959969,56.309914
2025-04-15 16:00:00+00:00,4.2175345,39.805527
2025-04-15 17:00:00+00:00,3.7971041,31.429514
2025-04-15 18:00:00+00:00,4.080882,48.57643
2025-04-15 19:00:00+00:00,2.5071096,111.03758
2025-04-15 20:00:00+00:00,3.3092597,157.61983
2025-04-15 21:00:00+00:00,3.710795,165.96373
2025-04-15 22:00:00+00:00,1.835647,348.6901
2025-04-15 23:00:00+00:00,2.5455842,8.130019
2025-04-16 00:00:00+00:00,2.5071096,68.96242
2025-04-16 01:00:00+00:00,2.4482646,107.10281
2025-04-16 02:00:00+00:00,0.56920993,161.56496
2025-04-16 03:00:00+00:00,2.3400002,247.3801
2025-04-16 04:00:00+00:00,5.5596404,240.94548
2025-04-16 05:00:00+00:00,7.9077177,258.17853
2025-04-16 06:00:00+00:00,10.478722,274.927
2025-04-16 07:00:00+00:00,15.539537,244.6223
2025-04-16 08:00:00+00:00,15.035119,238.21278
2025-04-16 09:00:00+00:00,11.402683,258.15796
2025-04-16 10:00:00+00:00,3.1845248,317.29062
2025-04-16 11:00:00+00:00,5.369916,219.55963
2025-04-16 12:00:00+00:00,4.991553,205.64096
2025-04-16 13:00:00+00:00,4.5322843,173.15732
2025-04-16 14:00:00+00:00,3.9477081,133.1524
2025-04-16 15:00:00+00:00,3.4247334,86.98728
2025-04-16 16:00:00+00:00,4.0449963,69.14546
2025-04-16 17:00:00+00:00,6.552099,52.81522
2025-04-16 18:00:00+00:00,7.653705,48.814175
2025-04-16 19:00:00+00:00,6.623413,42.797382
2025-04-16 20:00:00+00:00,6.7397914,34.114517
2025-04-16 21:00:00+00:00,3.9477081,43.152412
2025-04-16 22:00:00+00:00,7.8583965,69.904686
2025-04-16 23:00:00+00:00,8.821836,91.16911
2025-04-17 00:00:00+00:00,8.2584505,106.4601
2025-04-17 01:00:00+00:00,5.3699164,103.57046
2025-04-17 02:00:00+00:00,3.644722,69.775055
2025-04-17 03:00:00+00:00,0.9,126.86999
2025-04-17 04:00:00+00:00,1.8792552,286.6993
2025-04-17 05:00:00+00:00,5.072041,332.52567
2025-04-17 06:00:00+00:00,6.3639607,298.7397
2025-04-17 07:00:00+00:00,8.790563,280.6196
2025-04-17 08:00:00+00:00,8.863972,293.9625
2025-04-17 09:00:00+00:00,7.989242,292.5206
2025-04-17 10:00:00+00:00,2.8116899,320.1945
2025-04-17 11:00:00+00:00,1.3104197,15.945477
2025-04-17 12:00:00+00:00,1.7076298,161.56496
2025-04-17 13:00:00+00:00,2.0124612,100.30479
2025-04-17 14:00:00+00:00,3.096837,35.537766
2025-04-17 15:00:00+00:00,3.8647635,27.758451
2025-04-17 16:00:00+00:00,3.3481934,36.253937
2025-04-17 17:00:00+00:00,3.3092594,44.999897
2025-04-17 18:00:00+00:00,2.8116899,50.194473
2025-04-17 19:00:00+00:00,2.2768397,341.56494
2025-04-17 20:00:00+00:00,1.8089776,275.7105
2025-04-17 21:00:00+00:00,2.5772076,245.22488
2025-04-17 22:00:00+00:00,2.1674871,85.23644
2025-04-17 23:00:00+00:00,2.7416782,113.19862
2025-04-18 00:00:00+00:00,4.2021422,170.13426
2025-04-18 01:00:00+00:00,5.4029994,178.0909
2025-04-18 02:00:00+00:00,2.5582807,140.71062
2025-04-18 03:00:00+00:00,3.0652895,86.63361
2025-04-18 04:00:00+00:00,1.98,90.0
2025-04-18 05:00:00+00:00,0.54,90.0
2025-04-18 06:00:00+00:00,2.226477,284.03625
2025-04-18 07:00:00+00:00,6.7205353,290.37653
2025-04-18 08:00:00+00:00,8.027677,289.6539
2025-04-18 09:00:00+00:00,6.361415,334.8852
2025-04-18 10:00:00+00:00,5.983477,316.2188
2025-04-18 11:00:00+00:00,8.43699,236.3099
2025-04-18 12:00:00+00:00,5.8409934,213.6901
2025-04-18 13:00:00+00:00,5.8104043,196.18927
2025-04-18 14:00:00+00:00,4.353619,187.12492
2025-04-18 15:00:00+00:00,5.5450516,166.86597
2025-04-18 16:00:00+00:00,4.6730714,164.3577
2025-04-18 17:00:00+00:00,1.484318,194.03627
2025-04-18 18:00:00+00:00,3.536439,345.25638
2025-04-18 19:00:00+00:00,4.3349743,318.36655
2025-04-18 20:00:00+00:00,3.6179552,275.7105
2025-04-18 21:00:00+00:00,3.4949677,258.11136
2025-04-18 22:00:00+00:00,6.444905,215.90982
2025-04-18 23:00:00+00:00,6.015878,218.92755
2025-04-19 00:00:00+00:00,4.6938257,212.47118
2025-04-19 01:00:00+00:00,4.452954,194.03627
2025-04-19 02:00:00+00:00,1.659518,192.5288
2025-04-19 03:00:00+00:00,1.2727921,8.130019
2025-04-19 04:00:00+00:00,2.0124612,26.564985
2025-04-19 05:00:00+00:00,2.5455842,44.999897
2025-04-19 06:00:00+00:00,3.8521678,37.405437
2025-04-19 07:00:00+00:00,1.4058449,50.194473
2025-04-19 08:00:00+00:00,1.7076298,341.56494
2025-04-19 09:00:00+00:00,2.1068459,340.0168
2025-04-19 10:00:00+00:00,2.3469129,32.471172
2025-04-19 11:00:00+00:00,2.6758924,70.346085
2025-04-19 12:00:00+00:00,2.5772076,65.22488
2025-04-19 13:00:00+00:00,3.06,28.072395
2025-04-19 14:00:00+00:00,3.4247334,356.98727
2025-04-19 15:00:00+00:00,3.7842832,2.7262611
2025-04-19 16:00:00+00:00,2.5071096,21.037588
2025-04-19 17:00:00+00:00,1.3708391,246.80138
2025-04-19 18:00:00+00:00,4.542994,236.3099
2025-04-19 19:00:00+00:00,5.1575575,240.75127
2025-04-19 20:00:00+00:00,6.320538,250.0168
2025-04-19 21:00:00+00:00,4.8633323,267.87894
2025-04-19 22:00:00+00:00,5.950899,266.53183
2025-04-19 23:00:00+00:00,5.5450516,256.86597
2025-04-20 00:00:00+00:00,3.644722,200.22495
2025-04-20 01:00:00+00:00,3.494968,145.49142
2025-04-20 02:00:00+00:00,4.5,126.86999
2025-04-20 03:00:00+00:00,5.293959,125.311295
2025-04-20 04:00:00+00:00,5.8104043,106.18928
2025-04-20 05:00:00+00:00,4.802999,102.99462
2025-04-20 06:00:00+00:00,4.5572357,99.090195
2025-04-20 07:00:00+00:00,5.5887027,75.068535
2025-04-20 08:00:00+00:00,4.613762,69.44388
2025-04-20 09:00:00+00:00,2.907989,68.19853
2025-04-20 10:00:00+00:00,4.724786,17.744766
2025-04-20 11:00:00+00:00,1.5379207,20.556128
2025-04-20 12:00:00+00:00,2.226477,165.96373
2025-04-20 13:00:00+00:00,4.445672,111.3707
2025-04-20 14:00:00+00:00,6.6624317,91.54813
2025-04-20 15:00:00+00:00,7.922045,91.301926
2025-04-20 16:00:00+00:00,7.79215,83.367584
2025-04-20 17:00:00+00:00,8.641874,54.323517
2025-04-20 18:00:00+00:00,9.292254,45.78474
2025-04-20 19:00:00+00:00,9.220499,51.34017
2025-04-20 20:00:00+00:00,8.9873905,57.264786
2025-04-20 21:00:00+00:00,8.217153,61.189304
2025-04-20 22:00:00+00:00,9.437563,55.09743
2025-04-20 23:00:00+00:00,11.269782,63.435013
2025-04-21 00:00:00+00:00,10.261579,74.74483
2025-04-21 01:00:00+00:00,10.261579,68.38517
2025-04-21 02:00:00+00:00,13.207634,72.55273
2025-04-21 03:00:00+00:00,12.921192,71.31256
2025-04-21 04:00:00+00:00,12.872201,69.53765
2025-04-21 05:00:00+00:00,12.351988,71.30093
2025-04-21 06:00:00+00:00,11.995349,64.204025
2025-04-21 07:00:00+00:00,11.53265,55.813835
2025-04-21 08:00:00+00:00,11.1090765,49.60018
2025-04-21 09:00:00+00:00,10.185519,43.567978
2025-04-21 10:00:00+00:00,6.9270773,65.432846
2025-04-21 11:00:00+00:00,6.4924874,46.12322
2025-04-21 12:00:00+00:00,4.5891175,11.3098955
2025-04-21 13:00:00+00:00,2.0523157,254.74483
2025-04-21 14:00:00+00:00,3.9518096,239.9315
2025-04-21 15:00:00+00:00,4.5891175,258.6901
2025-04-21 16:00:00+00:00,6.6818557,265.36462
2025-04-21 17:00:00+00:00,6.7469993,260.78903
2025-04-21 18:00:00+00:00,5.2939587,252.18102
2025-04-21 19:00:00+00:00,4.5,253.73972
2025-04-21 20:00:00+00:00,5.3939967,244.2901
2025-04-21 21:00:00+00:00,4.5891175,221.82008
2025-04-21 22:00:00+00:00,1.0182338,135.0001
2025-04-21 23:00:00+00:00,2.8460498,71.564964
2025-04-22 00:00:00+00:00,3.671294,101.3099
2025-04-22 01:00:00+00:00,3.710795,104.03627
2025-04-22 02:00:00+00:00,5.1165614,39.289394
2025-04-22 03:00:00+00:00,5.9427266,54.865723
2025-04-22 04:00:00+00:00,5.637765,73.300674
2025-04-22 05:00:00+00:00,5.04,90.0
2025-04-22 06:00:00+00:00,3.9312592,74.054535
2025-04-22 07:00:00+00:00,3.0652895,86.63361
2025-04-22 08:00:00+00:00,2.0991426,59.03632
2025-04-22 09:00:00+00:00,3.710795,14.036275
2025-04-22 10:00:00+00:00,5.3457265,44.999897
2025-04-22 11:00:00+00:00,1.2074767,296.56497
2025-04-22 12:00:00+00:00,2.7475805,328.39255
2025-04-22 13:00:00+00:00,5.0688457,353.88458
2025-04-22 14:00:00+00:00,5.5799994,360.0
2025-04-22 15:00:00+00:00,6.725354,15.524177
2025-04-22 16:00:00+00:00,6.330782,14.826528
2025-04-22 17:00:00+00:00,4.73506,8.746089
2025-04-22 18:00:00+00:00,3.9312592,344.05453
2025-04-22 19:00:00+00:00,4.143911,325.6196
2025-04-22 20:00:00+00:00,3.4388947,312.8789
2025-04-22 21:00:00+00:00,5.4656014,287.24155
2025-04-22 22:00:00+00:00,7.92,270.0
2025-04-22 23:00:00+00:00,9.726665,272.12103
2025-04-23 00:00:00+00:00,11.881363,270.86804
2025-04-23 01:00:00+00:00,12.313893,285.25516
2025-04-23 02:00:00+00:00,10.597094,290.89783
2025-04-23 03:00:00+00:00,11.276968,298.61035
2025-04-23 04:00:00+00:00,12.57426,293.6294
2025-04-23 05:00:00+00:00,12.708816,285.61105
2025-04-23 06:00:00+00:00,14.292725,286.83755
2025-04-23 07:00:00+00:00,12.535548,285.83246
2025-04-23 08:00:00+00:00,11.543881,280.78424
2025-04-23 09:00:00+00:00,12.20023,291.6445
2025-04-23 10:00:00+00:00,13.040997,296.2113
2025-04-23 11:00:00+00:00,11.583109,302.94922
2025-04-23 12:00:00+00:00,6.0077944,278.61557
2025-04-23 13:00:00+00:00,4.2021422,279.86575
2025-04-23 14:00:00+00:00,4.32,270.0
2025-04-23 15:00:00+00:00,6.522361,219.40063
2025-04-23 16:00:00+00:00,8.0599,209.42737
2025-04-23 17:00:00+00:00,7.6473517,206.56499
2025-04-23 18:00:00+00:00,6.623413,227.20262
2025-04-23 19:00:00+00:00,4.6730714,254.3577
2025-04-23 20:00:00+00:00,4.278551,284.6209
2025-04-23 21:00:00+00:00,5.8852015,293.4287
2025-04-23 22:00:00+00:00,6.21717,337.8905
2025-04-23 23:00:00+00:00,6.502461,318.36655
2025-04-24 00:00:00+00:00,2.1674871,265.23645
2025-04-24 01:00:00+00:00,1.0495713,210.96368
2025-04-24 02:00:00+00:00,2.4014995,282.99463
2025-04-24 03:00:00+00:00,6.379216,286.38962
2025-04-24 04:00:00+00:00,7.02,270.0
2025-04-24 05:00:00+00:00,8.467655,272.43658
2025-04-24 06:00:00+00:00,11.9466305,276.0541
2025-04-24 07:00:00+00:00,15.784676,277.20596
2025-04-24 08:00:00+00:00,17.750774,276.40427
2025-04-24 09:00:00+00:00,18.584509,278.91486
2025-04-24 10:00:00+00:00,12.881008,303.02386
2025-04-24 11:00:00+00:00,9.703319,319.51407
2025-04-24 12:00:00+00:00,7.754637,338.19852
2025-04-24 13:00:00+00:00,6.5024605,355.23645
2025-04-24 14:00:00+00:00,4.91634,23.749514
2025-04-24 15:00:00+00:00,2.6999998,53.13002
2025-04-24 16:00:00+00:00,5.7964473,64.23073
2025-04-24 17:00:00+00:00,5.0142193,68.96242
2025-04-24 18:00:00+00:00,6.9527545,68.74943
2025-04-24 19:00:00+00:00,6.439876,63.435013
2025-04-24 20:00:00+00:00,4.3349743,48.366554
2025-04-24 21:00:00+00:00,3.8856654,13.392516
2025-04-24 22:00:00+00:00,1.4512063,299.74478
2025-04-24 23:00:00+00:00,5.937272,14.036275
2025-04-25 00:00:00+00:00,2.0364676,44.999897
2025-04-25 01:00:00+00:00,3.381893,154.7989
2025-04-25 02:00:00+00:00,1.5379207,159.44388
2025-04-25 03:00:00+00:00,3.9966483,324.16226
2025-04-25 04:00:00+00:00,7.344794,306.02747
2025-04-25 05:00:00+00:00,6.603817,287.44727
2025-04-25 06:00:00+00:00,8.467655,267.56342
2025-04-25 07:00:00+00:00,9.867218,284.7968
2025-04-25 08:00:00+00:00,11.384199,288.43503
2025-04-25 09:00:00+00:00,14.471821,275.7105
2025-04-25 10:00:00+00:00,9.914717,285.80258
2025-04-25 11:00:00+00:00,9.039514,305.2725
2025-04-25 12:00:00+00:00,5.6521144,322.76508
2025-04-25 13:00:00+00:00,5.3999996,323.13004
2025-04-25 14:00:00+00:00,10.348043,310.0607
2025-04-25 15:00:00+00:00,10.564941,283.7995
2025-04-25 16:00:00+00:00,9.9408245,275.19434
2025-04-25 17:00:00+00:00,12.033103,291.96063
2025-04-25 18:00:00+00:00,14.068816,286.34824
2025-04-25 19:00:00+00:00,11.91948,284.87573
2025-04-25 20:00:00+00:00,9.72,270.0
2025-04-25 21:00:00+00:00,10.299397,275.01303
2025-04-25 22:00:00+00:00,8.553314,261.52893
2025-04-25 23:00:00+00:00,8.490582,248.87521
2025-04-26 00:00:00+00:00,8.942214,229.89915
2025-04-26 01:00:00+00:00,8.297589,229.39879
2025-04-26 02:00:00+00:00,7.922045,271.3019
2025-04-26 03:00:00+00:00,11.328566,287.57135
2025-04-26 04:00:00+00:00,11.700001,284.25006
2025-04-26 05:00:00+00:00,12.964998,271.5911
2025-04-26 06:00:00+00:00,15.841023,269.34894
2025-04-26 07:00:00+00:00,17.505404,274.1275
2025-04-26 08:00:00+00:00,19.45083,281.2059
2025-04-26 09:00:00+00:00,19.875946,282.02225
2025-04-26 10:00:00+00:00,17.48596,290.4871
2025-04-26 11:00:00+00:00,15.2501545,300.49976
2025-04-26 12:00:00+00:00,12.601285,315.57864
2025-04-26 13:00:00+00:00,13.110376,315.55618
2025-04-26 14:00:00+00:00,11.119281,299.0545
2025-04-26 15:00:00+00:00,9.721666,268.93912
2025-04-26 16:00:00+00:00,10.1456785,244.7989
2025-04-26 17:00:00+00:00,8.287822,235.6196
2025-04-26 18:00:00+00:00,7.0199995,247.3801
2025-04-26 19:00:00+00:00,3.4152596,251.56496
2025-04-26 20:00:00+00:00,2.6758924,222.27362
2025-04-26 21:00:00+00:00,2.34,360.0
2025-04-26 22:00:00+00:00,4.752136,307.30402
2025-04-26 23:00:00+00:00,8.427383,199.9832
2025-04-27 00:00:00+00:00,5.7852573,185.35573
2025-04-27 01:00:00+00:00,4.0449967,32.275623
2025-04-27 02:00:00+00:00,6.444905,35.909817
2025-04-27 03:00:00+00:00,8.958504,67.557205
2025-04-27 04:00:00+00:00,11.183201,86.308685
2025-04-27 05:00:00+00:00,11.966953,83.08887
2025-04-27 06:00:00+00:00,12.849528,78.6901
2025-04-27 07:00:00+00:00,13.833091,57.757572
2025-04-27 08:00:00+00:00,13.479583,55.885483
2025-04-27 09:00:00+00:00,12.642357,61.975594
2025-04-27 10:00:00+00:00,12.638512,35.727493
2025-04-27 11:00:00+00:00,9.220499,51.34017
2025-04-27 12:00:00+00:00,6.5520988,15.945477
2025-04-27 13:00:00+00:00,4.8633323,2.1210518
2025-04-27 14:00:00+00:00,4.4274144,63.435013
2025-04-27 15:00:00+00:00,3.6447225,57.094753
2025-04-27 16:00:00+00:00,6.4624763,77.125
2025-04-27 17:00:00+00:00,9.761578,84.710014
2025-04-27 18:00:00+00:00,10.484902,78.11137
2025-04-27 19:00:00+00:00,11.431063,82.763176
2025-04-27 20:00:00+00:00,11.521406,89.10485
2025-04-27 21:00:00+00:00,10.285232,94.0141
2025-04-27 22:00:00+00:00,14.935662,77.4712
2025-04-27 23:00:00+00:00,14.205182,81.25392
2025-04-28 00:00:00+00:00,10.30883,65.22488
2025-04-28 01:00:00+00:00,7.5213294,21.037588
2025-04-28 02:00:00+00:00,5.5450516,346.86597
2025-04-28 03:00:00+00:00,5.950899,3.46817
2025-04-28 04:00:00+00:00,6.12,28.072395
2025-04-28 05:00:00+00:00,8.049845,63.435013
2025-04-28 06:00:00+00:00,9.904906,70.90642
2025-04-28 07:00:00+00:00,13.529966,86.186005
2025-04-28 08:00:00+00:00,15.5843,96.63242
2025-04-28 09:00:00+00:00,16.276815,100.191444
2025-04-28 10:00:00+00:00,12.182955,102.80426
2025-04-28 11:00:00+00:00,11.173057,87.22985
2025-04-28 12:00:00+00:00,11.634741,55.080532
2025-04-28 13:00:00+00:00,13.513193,48.2398
2025-04-28 14:00:00+00:00,14.98331,61.279778
2025-04-28 15:00:00+00:00,15.137133,64.65388
2025-04-28 16:00:00+00:00,15.602999,73.237366
2025-04-28 17:00:00+00:00,14.411245,80.6554
2025-04-28 18:00:00+00:00,13.363711,85.364624
2025-04-28 19:00:00+00:00,11.375658,85.46231
2025-04-28 20:00:00+00:00,9.9587345,83.77426
2025-04-28 21:00:00+00:00,10.03167,80.70677
2025-04-28 22:00:00+00:00,11.935778,66.91485
2025-04-28 23:00:00+00:00,13.779114,56.725105
2025-04-29 00:00:00+00:00,15.376045,62.835106
2025-04-29 01:00:00+00:00,15.779543,64.311905
2025-04-29 02:00:00+00:00,15.577022,67.58381
2025-04-29 03:00:00+00:00,14.707222,68.45896
2025-04-29 04:00:00+00:00,13.878689,56.10379
2025-04-29 05:00:00+00:00,16.237955,54.01923
2025-04-29 06:00:00+00:00,17.254667,69.86362
2025-04-29 07:00:00+00:00,17.363237,70.62577
2025-04-29 08:00:00+00:00,16.22498,70.559875
2025-04-29 09:00:00+00:00,15.629971,61.07368
2025-04-29 10:00:00+00:00,13.766176,62.764946
2025-04-29 11:00:00+00:00,14.369594,77.70475
2025-04-29 12:00:00+00:00,11.132385,67.16631
2025-04-29 13:00:00+00:00,11.583109,57.05078
2025-04-29 14:00:00+00:00,13.491598,44.999897
2025-04-29 15:00:00+00:00,13.644427,59.03632
2025-04-29 16:00:00+00:00,12.921192,71.31256
2025-04-29 17:00:00+00:00,12.841963,84.369415
2025-04-29 18:00:00+00:00,12.81165,85.97182
2025-04-29 19:00:00+00:00,11.659777,81.11942
2025-04-29 20:00:00+00:00,9.321845,79.99209
2025-04-29 21:00:00+00:00,8.149847,83.659904
2025-04-29 22:00:00+00:00,9.826088,61.55718
2025-04-29 23:00:00+00:00,11.892265,50.52757
2025-04-30 00:00:00+00:00,11.028581,63.853214
2025-04-30 01:00:00+00:00,11.555102,71.847206
2025-04-30 02:00:00+00:00,13.883356,76.50425
2025-04-30 03:00:00+00:00,16.245934,80.43339
2025-04-30 04:00:00+00:00,18.129137,83.15732
2025-04-30 05:00:00+00:00,18.610641,85.00635
2025-04-30 06:00:00+00:00,17.714231,84.75295
2025-04-30 07:00:00+00:00,16.67795,83.181885
2025-04-30 08:00:00+00:00,14.800554,76.63977
2025-04-30 09:00:00+00:00,13.149859,70.8209
2025-04-30 10:00:00+00:00,10.316686,42.878906
2025-04-30 11:00:00+00:00,6.1305785,40.236294
2025-04-30 12:00:00+00:00,5.9427266,35.134277
2025-04-30 13:00:00+00:00,4.0249224,63.435013
2025-04-30 14:00:00+00:00,5.4477882,82.40546
2025-04-30 15:00:00+00:00,5.04,90.0
2025-04-30 16:00:00+00:00,5.297018,80.21766
2025-04-30 17:00:00+00:00,6.21717,67.8905
2025-04-30 18:00:00+00:00,5.1481256,53.530666
2025-04-30 19:00:00+00:00,6.5223618,62.02062
2025-04-30 20:00:00+00:00,7.9932966,54.16227
2025-04-30 21:00:00+00:00,10.094454,39.936325
2025-04-30 22:00:00+00:00,8.654987,44.999897
2025-04-30 23:00:00+00:00,8.149847,46.789886
2025-05-01 00:00:00+00:00,5.8104043,73.81073
2025-05-01 01:00:00+00:00,1.8792552,106.699326
2025-05-01 02:00:00+00:00,3.604497,92.86235
2025-05-01 03:00:00+00:00,5.7515564,110.13639
2025-05-01 04:00:00+00:00,6.341009,83.48029
2025-05-01 05:00:00+00:00,9.734988,56.3099
2025-05-01 06:00:00+00:00,15.124284,51.766144
2025-05-01 07:00:00+00:00,16.78156,54.605125
2025-05-01 08:00:00+00:00,14.584443,65.96571
2025-05-01 09:00:00+00:00,11.897714,79.540146
2025-05-01 10:00:00+00:00,9.5416975,91.0809
2025-05-01 11:00:00+00:00,11.34,90.0
2025-05-01 12:00:00+00:00,12.620554,86.729576
2025-05-01 13:00:00+00:00,11.35285,87.27374
2025-05-01 14:00:00+00:00,11.767651,83.85348
2025-05-01 15:00:00+00:00,10.094454,86.933586
2025-05-01 16:00:00+00:00,9.67657,80.36253
2025-05-01 17:00:00+00:00,9.449572,72.25524
2025-05-01 18:00:00+00:00,8.688613,76.827446
2025-05-01 19:00:00+00:00,8.557102,75.37909
2025-05-01 20:00:00+00:00,8.557102,67.75093
2025-05-01 21:00:00+00:00,8.953078,59.826572
2025-05-01 22:00:00+00:00,8.027678,47.72637
2025-05-01 23:00:00+00:00,7.9077177,41.30852
2025-05-02 00:00:00+00:00,8.6867485,55.980614
2025-05-02 01:00:00+00:00,8.863972,77.09259
2025-05-02 02:00:00+00:00,11.090103,76.865974
2025-05-02 03:00:00+00:00,13.672893,73.95093
2025-05-02 04:00:00+00:00,14.84318,75.96373
2025-05-02 05:00:00+00:00,14.650938,79.380394
2025-05-02 06:00:00+00:00,14.292725,73.162445
2025-05-02 07:00:00+00:00,14.348156,70.201035
2025-05-02 08:00:00+00:00,12.5807,56.082535
2025-05-02 09:00:00+00:00,12.538134,39.173653
2025-05-02 10:00:00+00:00,6.698806,83.829926
2025-05-02 11:00:00+00:00,6.384293,49.574005
2025-05-02 12:00:00+00:00,4.186693,25.463305
2025-05-02 13:00:00+00:00,5.7628117,38.65983
2025-05-02 14:00:00+00:00,5.1197267,79.87539
2025-05-02 15:00:00+00:00,5.4477882,97.59455
2025-05-02 16:00:00+00:00,5.4119864,86.186005
2025-05-02 17:00:00+00:00,5.3305535,78.31066
2025-05-02 18:00:00+00:00,5.7628117,75.52967
2025-05-02 19:00:00+00:00,6.7853074,68.19853
2025-05-02 20:00:00+00:00,6.6087217,60.64234
2025-05-02 21:00:00+00:00,5.692099,55.304783
2025-05-02 22:00:00+00:00,4.613762,20.556128
2025-05-02 23:00:00+00:00,4.3349743,4.763556
2025-05-03 00:00:00+00:00,1.3708391,293.1986
2025-05-03 01:00:00+00:00,2.7475805,211.60745
2025-05-03 02:00:00+00:00,2.0523157,195.25517
2025-05-03 03:00:00+00:00,2.19718,145.0079
2025-05-03 04:00:00+00:00,3.1072817,100.00792
2025-05-03 05:00:00+00:00,1.835647,78.6901
2025-05-03 06:00:00+00:00,2.1674871,355.23645
2025-05-03 07:00:00+00:00,2.5455842,315.0001
2025-05-03 08:00:00+00:00,3.9966483,305.83774
2025-05-03 09:00:00+00:00,6.2379804,313.83093
2025-05-03 10:00:00+00:00,9.299225,312.64667
2025-05-03 11:00:00+00:00,3.8521678,307.40543
2025-05-03 12:00:00+00:00,0.35999998,90.0
2025-05-03 13:00:00+00:00,4.060985,77.19574
2025-05-03 14:00:00+00:00,6.778141,79.28693
2025-05-03 15:00:00+00:00,6.778141,79.28693
2025-05-03 16:00:00+00:00,5.3305535,78.31066
2025-05-03 17:00:00+00:00,5.068846,73.49557
2025-05-03 18:00:00+00:00,5.068846,73.49557
2025-05-03 19:00:00+00:00,5.4149795,74.57778
2025-05-03 20:00:00+00:00,4.412754,78.231735
2025-05-03 21:00:00+00:00,5.6521144,80.83774
2025-05-03 22:00:00+00:00,3.710795,50.906155
2025-05-03 23:00:00+00:00,4.072935,44.999897
2025-05-04 00:00:00+00:00,5.8769383,27.349789
2025-05-04 01:00:00+00:00,6.3639607,28.739704
2025-05-04 02:00:00+00:00,7.4520864,37.146767
2025-05-04 03:00:00+00:00,7.127636,44.999897
2025-05-04 04:00:00+00:00,5.09435,57.99466
2025-05-04 05:00:00+00:00,2.4216523,48.01287
2025-05-04 06:00:00+00:00,2.2553935,28.610369
2025-05-04 07:00:00+00:00,3.710795,22.833694
2025-05-04 08:00:00+00:00,3.462369,8.97255
2025-05-04 09:00:00+00:00,3.3092597,337.6198
2025-05-04 10:00:00+00:00,9.021574,331.38962
2025-05-04 11:00:00+00:00,1.4058449,320.1945
2025-05-04 12:00:00+00:00,3.9966483,215.83774
2025-05-04 13:00:00+00:00,4.1046314,254.74483
2025-05-04 14:00:00+00:00,5.441838,304.21576
2025-05-04 15:00:00+00:00,5.318383,293.9625
2025-05-04 16:00:00+00:00,4.6730714,254.3577
2025-05-04 17:00:00+00:00,5.509882,231.63248
2025-05-04 18:00:00+00:00,5.509882,231.63248
2025-05-04 19:00:00+00:00,5.3939967,244.2901
2025-05-04 20:00:00+00:00,4.1125174,246.80139
2025-05-04 21:00:00+00:00,4.752136,232.69597
2025-05-04 22:00:00+00:00,4.6938257,237.52882
2025-05-04 23:00:00+00:00,3.244996,266.82022
2025-05-05 00:00:00+00:00,2.97953,334.98312
2025-05-05 01:00:00+00:00,1.9134263,311.18582
2025-05-05 02:00:00+00:00,2.5772076,204.77512
2025-05-05 03:00:00+00:00,6.603817,197.44728
2025-05-05 04:00:00+00:00,6.1437774,211.82741
2025-05-05 05:00:00+00:00,5.0975285,227.86247
2025-05-05 06:00:00+00:00,3.4247334,266.98727
2025-05-05 07:00:00+00:00,5.004518,307.6943
2025-05-05 08:00:00+00:00,6.489992,303.6901
2025-05-05 09:00:00+00:00,7.9220443,291.318
2025-05-05 10:00:00+00:00,6.2483597,281.6336
2025-05-05 11:00:00+00:00,7.754637,248.19853
2025-05-05 12:00:00+00:00,5.7176566,241.8215
2025-05-05 13:00:00+00:00,5.6262593,262.6477
2025-05-05 14:00:00+00:00,6.924738,278.97253
2025-05-05 15:00:00+00:00,4.1556225,274.96964
2025-05-05 16:00:00+00:00,4.942631,236.88864
2025-05-05 17:00:00+00:00,4.514377,175.42616
2025-05-05 18:00:00+00:00,4.9785542,167.4712
2025-05-05 19:00:00+00:00,4.060985,192.80426
2025-05-05 20:00:00+00:00,0.9178235,348.6901
2025-05-05 21:00:00+00:00,2.4149535,26.564985
2025-05-05 22:00:00+00:00,7.653705,48.814175
2025-05-05 23:00:00+00:00,7.596341,76.29302
2025-05-06 00:00:00+00:00,9.172938,105.945465
2025-05-06 01:00:00+00:00,7.486788,99.68872
2025-05-06 02:00:00+00:00,6.9480934,73.442856
2025-05-06 03:00:00+00:00,7.0107627,48.122223
2025-05-06 04:00:00+00:00,5.6233797,39.805527
2025-05-06 05:00:00+00:00,3.671294,348.6901
2025-05-06 06:00:00+00:00,5.4833565,293.1986
2025-05-06 07:00:00+00:00,8.149847,276.3401
2025-05-06 08:00:00+00:00,11.345713,271.81827
2025-05-06 09:00:00+00:00,8.311245,287.6502
2025-05-06 10:00:00+00:00,8.694204,332.90454
2025-05-06 11:00:00+00:00,7.989242,247.47939
2025-05-06 12:00:00+00:00,6.792466,212.00534
2025-05-06 13:00:00+00:00,5.068846,196.50444
2025-05-06 14:00:00+00:00,4.9785542,192.5288
2025-05-06 15:00:00+00:00,3.710795,165.96373
2025-05-06 16:00:00+00:00,3.396233,122.00535
2025-05-06 17:00:00+00:00,3.9312592,105.945465
2025-05-06 18:00:00+00:00,4.2021422,80.13426
2025-05-06 19:00:00+00:00,3.362677,74.47583
2025-05-06 20:00:00+00:00,2.4216523,48.01287
2025-05-06 21:00:00+00:00,2.0523157,344.7448
2025-05-06 22:00:00+00:00,5.1481256,306.46933
2025-05-06 23:00:00+00:00,5.506941,281.3099
2025-05-07 00:00:00+00:00,4.5572357,260.9098
2025-05-07 01:00:00+00:00,5.6233797,230.19447
2025-05-07 02:00:00+00:00,7.4520864,232.85323
2025-05-07 03:00:00+00:00,8.694204,242.90453
2025-05-07 04:00:00+00:00,8.863972,246.0375
2025-05-07 05:00:00+00:00,9.847496,251.89613
2025-05-07 06:00:00+00:00,12.324414,263.29025
2025-05-07 07:00:00+00:00,14.297258,259.1145
2025-05-07 08:00:00+00:00,15.639297,258.04343
2025-05-07 09:00:00+00:00,17.194475,263.9911
2025-05-07 10:00:00+00:00,14.050382,267.79745
2025-05-07 11:00:00+00:00,11.521406,270.89514
2025-05-07 12:00:00+00:00,9.080639,283.7608
2025-05-07 13:00:00+00:00,6.439876,296.56497
2025-05-07 14:00:00+00:00,6.5520988,290.92456
2025-05-07 15:00:00+00:00,4.724786,252.25523
2025-05-07 16:00:00+00:00,9.430695,246.3706
2025-05-07 17:00:00+00:00,12.10157,239.62096
2025-05-07 18:00:00+00:00,9.504273,245.37645
2025-05-07 19:00:00+00:00,6.8423676,271.5074
2025-05-07 20:00:00+00:00,7.0843205,297.21603
2025-05-07 21:00:00+00:00,7.8954163,313.1524
2025-05-07 22:00:00+00:00,5.068846,343.49554
2025-05-07 23:00:00+00:00,1.2074767,116.56499
2025-05-08 00:00:00+00:00,4.7928696,145.71307
2025-05-08 01:00:00+00:00,3.4623692,152.10283
2025-05-08 02:00:00+00:00,2.19718,124.992096
2025-05-08 03:00:00+00:00,3.563818,135.0001
2025-05-08 04:00:00+00:00,1.9469976,146.3099
2025-05-08 05:00:00+00:00,1.8532133,299.0545
2025-05-08 06:00:00+00:00,5.2694216,7.853233
2025-05-08 07:00:00+00:00,6.2405767,33.231728
2025-05-08 08:00:00+00:00,5.7176566,28.178495
2025-05-08 09:00:00+00:00,8.0599,29.427368
2025-05-08 10:00:00+00:00,8.435069,39.805527
2025-05-08 11:00:00+00:00,9.085988,56.3099
2025-05-08 12:00:00+00:00,9.354806,59.981724
2025-05-08 13:00:00+00:00,9.2660675,60.94549
2025-05-08 14:00:00+00:00,8.297589,65.65892
2025-05-08 15:00:00+00:00,7.0038276,64.09355
2025-05-08 16:00:00+00:00,7.388775,55.922764
2025-05-08 17:00:00+00:00,7.344794,53.972538
2025-05-08 18:00:00+00:00,7.7043357,52.594578
2025-05-08 19:00:00+00:00,7.1684303,61.504463
2025-05-08 20:00:00+00:00,4.8733153,94.23632
2025-05-08 21:00:00+00:00,4.0449967,122.27562
2025-05-08 22:00:00+00:00,6.8541956,76.328674
2025-05-08 23:00:00+00:00,5.8409934,56.309914
2025-05-09 00:00:00+00:00,6.6818557,62.744755
2025-05-09 01:00:00+00:00,2.3469129,122.471176
2025-05-09 02:00:00+00:00,1.8089776,185.7105
2025-05-09 03:00:00+00:00,2.1749482,155.55606
2025-05-09 04:00:00+00:00,2.7059932,86.186005
2025-05-09 05:00:00+00:00,2.6999998,53.13002
2025-05-09 06:00:00+00:00,4.613762,20.556128
2025-05-09 07:00:00+00:00,4.1046314,15.255177
2025-05-09 08:00:00+00:00,5.0688457,6.1154146
2025-05-09 09:00:00+00:00,4.68,360.0
2025-05-09 10:00:00+00:00,8.131936,27.699385
2025-05-09 11:00:00+00:00,9.840914,39.805527
2025-05-09 12:00:00+00:00,6.552099,37.184795
2025-05-09 13:00:00+00:00,4.6452556,35.537766
2025-05-09 14:00:00+00:00,4.8366103,44.999897
2025-05-09 15:00:00+00:00,4.6102495,51.34017
2025-05-09 16:00:00+00:00,5.6233797,50.194473
2025-05-09 17:00:00+00:00,2.5582807,50.710617
2025-05-09 18:00:00+00:00,2.0124612,100.30479
2025-05-09 19:00:00+00:00,3.381893,64.79892
2025-05-09 20:00:00+00:00,4.724786,72.25524
2025-05-09 21:00:00+00:00,5.8048253,82.875084
2025-05-09 22:00:00+00:00,8.827344,69.717354
2025-05-09 23:00:00+00:00,8.836514,86.49654
2025-05-10 00:00:00+00:00,7.2403865,145.1246
2025-05-10 01:00:00+00:00,5.991594,147.26479
2025-05-10 02:00:00+00:00,5.09435,122.00535
2025-05-10 03:00:00+00:00,4.060985,77.19574
2025-05-10 04:00:00+00:00,4.4456716,31.75944
2025-05-10 05:00:00+00:00,5.9834766,21.161337
2025-05-10 06:00:00+00:00,3.710795,14.036275
2025-05-10 07:00:00+00:00,6.379216,343.61038
2025-05-10 08:00:00+00:00,8.39078,337.28555
2025-05-10 09:00:00+00:00,10.272623,348.887
2025-05-10 10:00:00+00:00,4.6452556,305.53775
2025-05-10 11:00:00+00:00,5.4149795,254.57777
2025-05-10 12:00:00+00:00,3.7799997,270.0
2025-05-10 13:00:00+00:00,2.1068459,19.983198
2025-05-10 14:00:00+00:00,4.599695,59.420856
2025-05-10 15:00:00+00:00,5.426933,84.2895
2025-05-10 16:00:00+00:00,4.913044,81.57312
2025-05-10 17:00:00+00:00,4.5572357,80.909805
2025-05-10 18:00:00+00:00,5.8852015,66.5713
2025-05-10 19:00:00+00:00,8.2584505,73.53991
2025-05-10 20:00:00+00:00,4.4274144,63.435013
2025-05-10 21:00:00+00:00,9.361731,37.97166
2025-05-10 22:00:00+00:00,12.351987,43.228558
2025-05-10 23:00:00+00:00,13.581354,55.256752
2025-05-11 00:00:00+00:00,11.351422,62.622387
2025-05-11 01:00:00+00:00,9.83268,66.2505
2025-05-11 02:00:00+00:00,13.31635,76.715126
2025-05-11 03:00:00+00:00,16.62249,72.34979
2025-05-11 04:00:00+00:00,17.47484,71.37833
2025-05-11 05:00:00+00:00,16.904673,63.435013
2025-05-11 06:00:00+00:00,15.053425,63.7414
2025-05-11 07:00:00+00:00,12.641076,70.01681
2025-05-11 08:00:00+00:00,12.864649,72.07199
2025-05-11 09:00:00+00:00,12.442153,75.76269
2025-05-11 10:00:00+00:00,11.103243,70.09616
2025-05-11 11:00:00+00:00,12.007498,66.12472
2025-05-11 12:00:00+00:00,9.339208,62.447273
2025-05-11 13:00:00+00:00,9.688281,54.833485
2025-05-11 14:00:00+00:00,11.681987,56.309914
2025-05-11 15:00:00+00:00,10.742848,58.70702
2025-05-11 16:00:00+00:00,9.360001,67.3801
2025-05-11 17:00:00+00:00,8.36758,71.1752
2025-05-11 18:00:00+00:00,8.65873,69.30447
2025-05-11 19:00:00+00:00,8.538149,71.564964
2025-05-11 20:00:00+00:00,7.029225,76.67546
2025-05-11 21:00:00+00:00,6.8541956,76.328674
2025-05-11 22:00:00+00:00,3.362677,105.52418
2025-05-11 23:00:00+00:00,2.226477,104.03627
2025-05-12 00:00:00+00:00,1.6199999,360.0
2025-05-12 01:00:00+00:00,1.5273507,44.999897
2025-05-12 02:00:00+00:00,3.8268526,48.814175
2025-05-12 03:00:00+00:00,3.9763298,95.19434
2025-05-12 04:00:00+00:00,1.2979984,236.3099
2025-05-12 05:00:00+00:00,1.0495713,210.96368
2025-05-12 06:00:00+00:00,2.1068459,199.9832
2025-05-12 07:00:00+00:00,1.609969,243.43501
2025-05-12 08:00:00+00:00,0.9178235,348.6901
2025-05-12 09:00:00+00:00,2.8856194,273.57626
2025-05-12 10:00:00+00:00,4.32,270.0
2025-05-12 11:00:00+00:00,4.6938252,265.60138
2025-05-12 12:00:00+00:00,3.6,270.0
2025-05-12 13:00:00+00:00,3.5864744,252.47433
2025-05-12 14:00:00+00:00,4.2136917,250.0168
2025-05-12 15:00:00+00:00,2.995797,237.26477
2025-05-12 16:00:00+00:00,1.8,233.13002
2025-05-12 17:00:00+00:00,3.0758414,200.55612
2025-05-12 18:00:00+00:00,2.5264204,184.08554
2025-05-12 19:00:00+00:00,2.968636,104.03627
2025-05-12 20:00:00+00:00,3.9966488,172.23492
2025-05-12 21:00:00+00:00,6.424764,191.30989
2025-05-12 22:00:00+00:00,3.8268526,138.81418
2025-05-12 23:00:00+00:00,3.396233,122.00535
2025-05-13 00:00:00+00:00,4.0449967,122.27562
2025-05-13 01:00:00+00:00,4.3349743,138.36655
2025-05-13 02:00:00+00:00,3.319036,130.60121
2025-05-13 03:00:00+00:00,3.244996,123.6901
2025-05-13 04:00:00+00:00,3.0547013,135.0001
2025-05-13 05:00:00+00:00,2.1068459,199.9832
2025-05-13 06:00:00+00:00,3.8773184,248.19853
2025-05-13 07:00:00+00:00,4.4274144,296.56497
2025-05-13 08:00:00+00:00,3.4763772,248.74942
2025-05-13 09:00:00+00:00,4.1556225,274.96964
2025-05-13 10:00:00+00:00,6.5049515,284.4208
2025-05-13 11:00:00+00:00,3.9477081,245.77226
2025-05-13 12:00:00+00:00,1.7727944,23.962492
2025-05-13 13:00:00+00:00,3.6402748,8.530692
2025-05-13 14:00:00+00:00,4.91634,23.749514
2025-05-13 15:00:00+00:00,6.279395,27.29949
2025-05-13 16:00:00+00:00,5.1481256,36.469334
2025-05-13 17:00:00+00:00,3.494968,34.50859
2025-05-13 18:00:00+00:00,0.17999999,270.0
2025-05-13 19:00:00+00:00,2.0991426,329.03632
2025-05-13 20:00:00+00:00,3.4576871,321.34018
2025-05-13 21:00:00+00:00,3.143565,293.6294
2025-05-13 22:00:00+00:00,3.745557,324.78232
2025-05-13 23:00:00+00:00,4.1046314,307.87503
2025-05-14 00:00:00+00:00,4.198285,300.96368
2025-05-14 01:00:00+00:00,1.9134263,311.18582
2025-05-14 02:00:00+00:00,0.6489992,33.6901
2025-05-14 03:00:00+00:00,1.9469976,33.6901
2025-05-14 04:00:00+00:00,5.257109,38.047092
2025-05-14 05:00:00+00:00,6.618519,44.999897
2025-05-14 06:00:00+00:00,7.386582,43.02507
2025-05-14 07:00:00+00:00,9.511088,29.475794
2025-05-14 08:00:00+00:00,9.299225,14.574262
2025-05-14 09:00:00+00:00,9.3876505,4.398633
2025-05-14 10:00:00+00:00,6.8423676,358.4926
2025-05-14 11:00:00+00:00,2.0523157,307.87503
2025-05-14 12:00:00+00:00,1.8532133,299.0545
2025-05-14 13:00:00+00:00,4.7657523,10.885482
2025-05-14 14:00:00+00:00,6.439876,26.564985
2025-05-14 15:00:00+00:00,6.050785,30.379045
2025-05-14 16:00:00+00:00,5.509882,51.632477
2025-05-14 17:00:00+00:00,5.2323985,63.435013
2025-05-14 18:00:00+00:00,4.3573384,38.290207
2025-05-14 19:00:00+00:00,3.8856654,13.392516
2025-05-14 20:00:00+00:00,3.244996,340.55988
2025-05-14 21:00:00+00:00,5.1165614,320.7106
2025-05-14 22:00:00+00:00,7.9036193,329.9315
2025-05-14 23:00:00+00:00,8.669949,311.63345
2025-05-15 00:00:00+00:00,3.396233,302.00534
2025-05-15 01:00:00+00:00,4.942631,123.11135
2025-05-15 02:00:00+00:00,8.534353,117.64589
2025-05-15 03:00:00+00:00,10.837435,101.49654
2025-05-15 04:00:00+00:00,12.015589,81.38444
2025-05-15 05:00:00+00:00,12.43434,67.8905
2025-05-15 06:00:00+00:00,13.239486,46.10162
2025-05-15 07:00:00+00:00,14.082628,35.112095
2025-05-15 08:00:00+00:00,12.37819,49.12768
2025-05-15 09:00:00+00:00,11.4862,57.804302
2025-05-15 10:00:00+00:00,12.061343,52.274952
2025-05-15 11:00:00+00:00,10.874742,61.313953
2025-05-15 12:00:00+00:00,9.96524,73.201546
2025-05-15 13:00:00+00:00,10.484902,78.11137
2025-05-15 14:00:00+00:00,11.612441,71.00326
2025-05-15 15:00:00+00:00,11.225132,74.18075
2025-05-15 16:00:00+00:00,10.814989,71.564964
2025-05-15 17:00:00+00:00,10.636766,66.03751
2025-05-15 18:00:00+00:00,10.472535,61.23244
2025-05-15 19:00:00+00:00,10.717182,60.852028
2025-05-15 20:00:00+00:00,10.385547,64.32324
2025-05-15 21:00:00+00:00,9.473541,75.69969
2025-05-15 22:00:00+00:00,7.2,126.86999
2025-05-15 23:00:00+00:00,7.120815,110.72565
2025-05-16 00:00:00+00:00,7.3469996,59.03632
2025-05-16 01:00:00+00:00,9.3962755,69.82927
2025-05-16 02:00:00+00:00,11.074022,82.528534
2025-05-16 03:00:00+00:00,11.901798,86.531845
2025-05-16 04:00:00+00:00,11.032987,84.382515
2025-05-16 05:00:00+00:00,9.568824,73.61038
2025-05-16 06:00:00+00:00,6.279395,62.70051
2025-05-16 07:00:00+00:00,6.4924874,46.12322
2025-05-16 08:00:00+00:00,6.3690495,42.709366
2025-05-16 09:00:00+00:00,5.315336,28.30066
2025-05-16 10:00:00+00:00,8.461915,38.088825
2025-05-16 11:00:00+00:00,6.9527545,68.74943
2025-05-16 12:00:00+00:00,6.7853074,68.19853
2025-05-16 13:00:00+00:00,10.897063,59.19863
2025-05-16 14:00:00+00:00,14.01806,65.738716
2025-05-16 15:00:00+00:00,14.474059,68.86011
2025-05-16 16:00:00+00:00,14.182355,66.037506
2025-05-16 17:00:00+00:00,11.298495,59.349415
2025-05-16 18:00:00+00:00,9.3340025,50.47741
2025-05-16 19:00:00+00:00,7.7650757,45.939102
2025-05-16 20:00:00+00:00,8.967541,51.51978
2025-05-16 21:00:00+00:00,8.435069,50.194473
2025-05-16 22:00:00+00:00,5.8603754,10.61961
2025-05-16 23:00:00+00:00,4.3536186,60.255207
2025-05-17 00:00:00+00:00,8.32877,96.203354
2025-05-17 01:00:00+00:00,10.08,90.0
2025-05-17 02:00:00+00:00,13.084402,82.09293
2025-05-17 03:00:00+00:00,12.904882,67.01126
2025-05-17 04:00:00+00:00,12.425216,38.530205
2025-05-17 05:00:00+00:00,13.062098,11.929298
2025-05-17 06:00:00+00:00,12.136325,35.340195
2025-05-17 07:00:00+00:00,16.833609,65.35326
2025-05-17 08:00:00+00:00,15.655861,72.60659
2025-05-17 09:00:00+00:00,13.184308,57.828808
2025-05-17 10:00:00+00:00,9.688281,35.166515
2025-05-17 11:00:00+00:00,7.4672885,74.623695
2025-05-17 12:00:00+00:00,8.863972,66.03751
2025-05-17 13:00:00+00:00,11.525623,51.34017
2025-05-17 14:00:00+00:00,13.935767,54.46224
2025-05-17 15:00:00+00:00,13.849477,62.10283
2025-05-17 16:00:00+00:00,13.3649235,64.470345
2025-05-17 17:00:00+00:00,12.134992,69.14547
2025-05-17 18:00:00+00:00,11.226575,77.96942
2025-05-17 19:00:00+00:00,8.197414,81.15827
2025-05-17 20:00:00+00:00,6.7205353,82.30404
2025-05-17 21:00:00+00:00,8.863972,66.03751
2025-05-17 22:00:00+00:00,7.256032,60.255207
2025-05-17 23:00:00+00:00,7.538541,33.310646
2025-05-18 00:00:00+00:00,7.823272,23.025528
2025-05-18 01:00:00+00:00,6.4924874,43.876797
2025-05-18 02:00:00+00:00,9.54,58.10924
2025-05-18 03:00:00+00:00,13.337016,68.62931
2025-05-18 04:00:00+00:00,14.003029,72.03077
2025-05-18 05:00:00+00:00,14.009968,69.70235
2025-05-18 06:00:00+00:00,15.618566,62.549084
2025-05-18 07:00:00+00:00,14.401124,71.79142
2025-05-18 08:00:00+00:00,12.961249,80.406944
2025-05-18 09:00:00+00:00,11.989946,54.16227
2025-05-18 10:00:00+00:00,11.734564,41.268513
2025-05-18 11:00:00+00:00,12.652604,39.805527
2025-05-18 12:00:00+00:00,12.242646,48.57643
2025-05-18 13:00:00+00:00,10.829958,68.5522
2025-05-18 14:00:00+00:00,9.965239,69.92838
2025-05-18 15:00:00+00:00,10.711135,65.157646
2025-05-18 16:00:00+00:00,11.032987,61.762657
2025-05-18 17:00:00+00:00,10.787993,64.2901
2025-05-18 18:00:00+00:00,10.703569,70.346085
2025-05-18 19:00:00+00:00,9.430694,76.75947
2025-05-18 20:00:00+00:00,8.209263,74.74483
2025-05-18 21:00:00+00:00,8.197414,70.76923
2025-05-18 22:00:00+00:00,8.854829,63.435013
2025-05-18 23:00:00+00:00,10.094454,58.861095
2025-05-19 00:00:00+00:00,9.927779,67.61982
2025-05-19 01:00:00+00:00,9.0645685,83.15732
2025-05-19 02:00:00+00:00,10.308831,77.90526
2025-05-19 03:00:00+00:00,10.706595,73.39294
2025-05-19 04:00:00+00:00,9.676569,71.564964
2025-05-19 05:00:00+00:00,8.836514,56.63362
2025-05-19 06:00:00+00:00,6.050785,59.620956
2025-05-19 07:00:00+00:00,5.1165614,50.710617
2025-05-19 08:00:00+00:00,3.319036,49.398785
2025-05-19 09:00:00+00:00,2.2910259,44.999897
2025-05-19 10:00:00+00:00,3.396233,57.99466
2025-05-19 11:00:00+00:00,2.3469126,175.60138
2025-05-19 12:00:00+00:00,2.0124612,206.56499
2025-05-19 13:00:00+00:00,1.9134263,41.185837
2025-05-19 14:00:00+00:00,3.9966483,54.16227
2025-05-19 15:00:00+00:00,5.072041,62.525658
2025-05-19 16:00:00+00:00,6.0908127,71.0295
2025-05-19 17:00:00+00:00,6.162207,83.29026
2025-05-19 18:00:00+00:00,6.302571,91.63654
2025-05-19 19:00:00+00:00,5.232399,86.05489
2025-05-19 20:00:00+00:00,4.186693,64.5367
2025-05-19 21:00:00+00:00,3.710795,39.09386
2025-05-19 22:00:00+00:00,5.5887027,14.931467
2025-05-19 23:00:00+00:00,6.248359,48.503635
2025-05-20 00:00:00+00:00,6.341009,83.48029
2025-05-20 01:00:00+00:00,8.297589,77.4712
2025-05-20 02:00:00+00:00,11.712455,87.35751
2025-05-20 03:00:00+00:00,9.165871,70.49747
2025-05-20 04:00:00+00:00,10.650465,59.53454
2025-05-20 05:00:00+00:00,11.7,53.13002
2025-05-20 06:00:00+00:00,12.348052,59.322803
2025-05-20 07:00:00+00:00,14.347028,66.32946
2025-05-20 08:00:00+00:00,15.236338,75.63538
2025-05-20 09:00:00+00:00,9.83268,66.2505
2025-05-20 10:00:00+00:00,9.375563,86.698204
2025-05-20 11:00:00+00:00,9.0,90.0
2025-05-20 12:00:00+00:00,8.53815,55.304783
2025-05-20 13:00:00+00:00,10.472535,28.767557
2025-05-20 14:00:00+00:00,9.292254,44.215275
2025-05-20 15:00:00+00:00,6.889557,70.1447
2025-05-20 16:00:00+00:00,6.519877,83.659904
2025-05-20 17:00:00+00:00,6.698806,96.17008
2025-05-20 18:00:00+00:00,4.5572357,99.090195
2025-05-20 19:00:00+00:00,4.379589,99.46225
2025-05-20 20:00:00+00:00,6.482499,91.59111
2025-05-20 21:00:00+00:00,5.6835546,79.04598
2025-05-20 22:00:00+00:00,4.991553,64.35905
2025-05-20 23:00:00+00:00,7.029225,13.324542
2025-05-21 00:00:00+00:00,7.5213294,21.037588
2025-05-21 01:00:00+00:00,6.5223618,62.02062
2025-05-21 02:00:00+00:00,7.2202215,94.28908
2025-05-21 03:00:00+00:00,8.131936,95.07952
2025-05-21 04:00:00+00:00,9.178235,78.6901
2025-05-21 05:00:00+00:00,7.587806,67.69375
2025-05-21 06:00:00+00:00,7.344794,53.972538
2025-05-21 07:00:00+00:00,7.2,53.13002
2025-05-21 08:00:00+00:00,6.361415,64.8852
2025-05-21 09:00:00+00:00,5.5450516,76.865974
2025-05-21 10:00:00+00:00,3.550155,120.46546
2025-05-21 11:00:00+00:00,3.9966488,97.76508
2025-05-21 12:00:00+00:00,4.1085763,61.189304
2025-05-21 13:00:00+00:00,7.1321807,47.045418
2025-05-21 14:00:00+00:00,7.6388745,55.560955
2025-05-21 15:00:00+00:00,8.131936,62.30063
2025-05-21 16:00:00+00:00,7.406295,64.05776
2025-05-21 17:00:00+00:00,6.341009,55.407658
2025-05-21 18:00:00+00:00,6.299999,53.13002
2025-05-21 19:00:00+00:00,4.6102495,38.65983
2025-05-21 20:00:00+00:00,3.8183763,8.130019
2025-05-21 21:00:00+00:00,4.3349743,4.763556
2025-05-21 22:00:00+00:00,5.506941,11.3098955
2025-05-21 23:00:00+00:00,3.2399998,90.0
2025-05-22 00:00:00+00:00,5.2323985,139.18501
2025-05-22 01:00:00+00:00,3.096837,125.537766
2025-05-22 02:00:00+00:00,3.710795,104.03627
2025-05-22 03:00:00+00:00,3.536439,104.743614
2025-05-22 04:00:00+00:00,4.471107,49.899166
2025-05-22 05:00:00+00:00,7.029225,50.194473
2025-05-22 06:00:00+00:00,7.748368,59.264584
2025-05-22 07:00:00+00:00,7.120815,69.27436
2025-05-22 08:00:00+00:00,5.6492476,67.52052
2025-05-22 09:00:00+00:00,5.8048253,29.744795
2025-05-22 10:00:00+00:00,2.226477,345.9637
2025-05-22 11:00:00+00:00,4.4274144,333.43503
2025-05-22 12:00:00+00:00,2.7943513,14.931467
2025-05-22 13:00:00+00:00,2.3469129,57.528828
2025-05-22 14:00:00+00:00,2.2768397,71.564964
2025-05-22 15:00:00+00:00,3.604497,92.86235
2025-05-22 16:00:00+00:00,4.412754,101.768265
2025-05-22 17:00:00+00:00,2.7534704,101.3099
2025-05-22 18:00:00+00:00,2.8856194,93.57626
2025-05-22 19:00:00+00:00,3.62243,63.435013
2025-05-22 20:00:00+00:00,4.278551,67.75093
2025-05-22 21:00:00+00:00,4.2671766,62.354122
2025-05-22 22:00:00+00:00,3.710795,39.09386
2025-05-22 23:00:00+00:00,3.319036,40.601215
2025-05-23 00:00:00+00:00,3.96,90.0
2025-05-23 01:00:00+00:00,3.3092597,112.38018
2025-05-23 02:00:00+00:00,2.8460498,108.43504
2025-05-23 03:00:00+00:00,1.8,90.0
2025-05-23 04:00:00+00:00,1.781909,44.999897
2025-05-23 05:00:00+00:00,3.462369,8.97255
2025-05-23 06:00:00+00:00,4.514377,355.42615
2025-05-23 07:00:00+00:00,7.5942073,354.55975
2025-05-23 08:00:00+00:00,7.0107627,330.8026
2025-05-23 09:00:00+00:00,5.728979,316.27295
2025-05-23 10:00:00+00:00,2.0364676,224.9999
2025-05-23 11:00:00+00:00,5.441838,235.78424
2025-05-23 12:00:00+00:00,4.7110505,223.45189
2025-05-23 13:00:00+00:00,4.2481523,216.38445
2025-05-23 14:00:00+00:00,3.745557,215.21768
2025-05-23 15:00:00+00:00,3.84796,190.78426
2025-05-23 16:00:00+00:00,4.503598,182.29056
2025-05-23 17:00:00+00:00,1.781909,135.0001
2025-05-23 18:00:00+00:00,2.3051248,51.34017
2025-05-23 19:00:00+00:00,4.755544,29.475794
2025-05-23 20:00:00+00:00,2.8799999,360.0
2025-05-23 21:00:00+00:00,3.6179552,5.7105074
2025-05-23 22:00:00+00:00,3.01735,17.354122
2025-05-23 23:00:00+00:00,3.01735,17.354122
2025-05-24 00:00:00+00:00,3.189608,16.389616
2025-05-24 01:00:00+00:00,2.9522195,52.431335
2025-05-24 02:00:00+00:00,3.438895,83.99109
2025-05-24 03:00:00+00:00,5.506941,101.3099
2025-05-24 04:00:00+00:00,7.3997297,94.18484
2025-05-24 05:00:00+00:00,8.647496,92.385895
2025-05-24 06:00:00+00:00,9.6932955,74.931465
2025-05-24 07:00:00+00:00,8.61371,63.970474
2025-05-24 08:00:00+00:00,9.957108,49.398785
2025-05-24 09:00:00+00:00,11.1090765,40.399834
2025-05-24 10:00:00+00:00,8.574123,39.03552
2025-05-24 11:00:00+00:00,1.8792552,16.699326
2025-05-24 12:00:00+00:00,2.1674871,228.36655
2025-05-24 13:00:00+00:00,2.3469129,212.47118
2025-05-24 14:00:00+00:00,2.9522195,232.43134
2025-05-24 15:00:00+00:00,3.7971041,211.42952
2025-05-24 16:00:00+00:00,4.0449963,200.85454
2025-05-24 17:00:00+00:00,3.7064266,209.0545
2025-05-24 18:00:00+00:00,3.8268526,228.81418
2025-05-24 19:00:00+00:00,4.1046314,254.74483
2025-05-24 20:00:00+00:00,4.353619,262.8751
2025-05-24 21:00:00+00:00,3.189608,253.61038
2025-05-24 22:00:00+00:00,3.2599385,276.3401
2025-05-24 23:00:00+00:00,3.319036,310.60123
2025-05-25 00:00:00+00:00,2.7943513,284.93146
2025-05-25 01:00:00+00:00,2.9301877,169.3804
2025-05-25 02:00:00+00:00,2.6758924,137.72638
2025-05-25 03:00:00+00:00,4.6938252,85.60138
2025-05-25 04:00:00+00:00,8.731392,81.70294
2025-05-25 05:00:00+00:00,11.032987,84.382515
2025-05-25 06:00:00+00:00,10.739833,76.42955
2025-05-25 07:00:00+00:00,10.897063,67.6713
2025-05-25 08:00:00+00:00,10.630672,61.69934
2025-05-25 09:00:00+00:00,9.485504,56.611465
2025-05-25 10:00:00+00:00,7.748368,59.264584
2025-05-25 11:00:00+00:00,7.1684303,61.504463
2025-05-25 12:00:00+00:00,4.2671766,62.354122
2025-05-25 13:00:00+00:00,5.7628117,51.34017
2025-05-25 14:00:00+00:00,8.155807,67.963715
2025-05-25 15:00:00+00:00,8.149847,59.470375
2025-05-25 16:00:00+00:00,5.2323985,63.435013
2025-05-25 17:00:00+00:00,5.402999,60.018444
2025-05-25 18:00:00+00:00,5.257109,38.047092
2025-05-25 19:00:00+00:00,4.6938252,4.398633
2025-05-25 20:00:00+00:00,6.330782,14.826528
2025-05-25 21:00:00+00:00,6.4924874,46.12322
2025-05-25 22:00:00+00:00,2.34,360.0
2025-05-25 23:00:00+00:00,6.156947,37.875042
2025-05-26 00:00:00+00:00,8.863972,60.832493
2025-05-26 01:00:00+00:00,11.351422,75.302635
2025-05-26 02:00:00+00:00,12.522619,71.564964
2025-05-26 03:00:00+00:00,14.256409,65.37646
2025-05-26 04:00:00+00:00,15.787753,61.389645
2025-05-26 05:00:00+00:00,17.878086,57.750057
2025-05-26 06:00:00+00:00,17.782686,58.240574
2025-05-26 07:00:00+00:00,14.897651,64.98315
2025-05-26 08:00:00+00:00,12.535549,57.90745
2025-05-26 09:00:00+00:00,11.132385,50.906155
2025-05-26 10:00:00+00:00,8.297589,49.398785
2025-05-26 11:00:00+00:00,9.335737,56.003494
2025-05-26 12:00:00+00:00,8.211235,63.996716
2025-05-26 13:00:00+00:00,8.61371,63.970474
2025-05-26 14:00:00+00:00,8.766573,70.8209
2025-05-26 15:00:00+00:00,9.430695,66.37061
2025-05-26 16:00:00+00:00,11.183201,56.82148
2025-05-26 17:00:00+00:00,12.503199,59.743652
2025-05-26 18:00:00+00:00,11.755254,64.61213
2025-05-26 19:00:00+00:00,10.315115,60.75127
2025-05-26 20:00:00+00:00,9.178235,64.440094
2025-05-26 21:00:00+00:00,8.792405,67.10942
2025-05-26 22:00:00+00:00,9.178235,48.179924
2025-05-26 23:00:00+00:00,7.10031,59.53454
2025-05-27 00:00:00+00:00,7.1389914,56.3099
2025-05-27 01:00:00+00:00,6.489992,56.3099
2025-05-27 02:00:00+00:00,5.7852573,84.644264
2025-05-27 03:00:00+00:00,7.1321807,100.17545
2025-05-27 04:00:00+00:00,10.441552,89.01226
2025-05-27 05:00:00+00:00,12.815443,79.47927
2025-05-27 06:00:00+00:00,14.690691,82.96216
2025-05-27 07:00:00+00:00,13.523978,80.03627
2025-05-27 08:00:00+00:00,14.759999,77.319626
2025-05-27 09:00:00+00:00,14.248452,63.75871
2025-05-27 10:00:00+00:00,12.37819,49.12768
2025-05-27 11:00:00+00:00,9.252069,37.092915
2025-05-27 12:00:00+00:00,6.59154,34.9921
2025-05-27 13:00:00+00:00,4.8965297,36.027473
2025-05-27 14:00:00+00:00,7.674842,50.710617
2025-05-27 15:00:00+00:00,10.094454,58.861095
2025-05-27 16:00:00+00:00,11.39842,68.702576
2025-05-27 17:00:00+00:00,10.783487,75.4998
2025-05-27 18:00:00+00:00,10.137692,73.49557
2025-05-27 19:00:00+00:00,9.565437,70.20104
2025-05-27 20:00:00+00:00,9.3962755,69.82927
2025-05-27 21:00:00+00:00,9.459852,68.80588
2025-05-27 22:00:00+00:00,9.178235,64.440094
2025-05-27 23:00:00+00:00,9.734987,70.559875
2025-05-28 00:00:00+00:00,10.435344,75.004875
2025-05-28 01:00:00+00:00,11.672275,72.96215
2025-05-28 02:00:00+00:00,15.086748,70.48404
2025-05-28 03:00:00+00:00,16.73516,71.1752
2025-05-28 04:00:00+00:00,17.298738,77.98855
2025-05-28 05:00:00+00:00,16.368128,81.78088
2025-05-28 06:00:00+00:00,15.536408,79.99209
2025-05-28 07:00:00+00:00,16.053335,72.37762
2025-05-28 08:00:00+00:00,16.213993,67.13546
2025-05-28 09:00:00+00:00,15.3771,64.334854
2025-05-28 10:00:00+00:00,11.843124,43.152412
2025-05-28 11:00:00+00:00,13.830749,51.34017
2025-05-28 12:00:00+00:00,12.43434,67.8905
2025-05-28 13:00:00+00:00,12.835653,67.75093
2025-05-28 14:00:00+00:00,12.313893,74.74483
2025-05-28 15:00:00+00:00,10.920824,81.46932
2025-05-28 16:00:00+00:00,10.805999,88.09089
2025-05-28 17:00:00+00:00,11.701385,89.11862
2025-05-28 18:00:00+00:00,11.165805,88.15243
2025-05-28 19:00:00+00:00,11.542478,86.423744
2025-05-28 20:00:00+00:00,11.588701,83.75819
2025-05-28 21:00:00+00:00,11.334284,79.93938
2025-05-28 22:00:00+00:00,9.016185,63.946568
2025-05-28 23:00:00+00:00,10.464797,49.185013
2025-05-29 00:00:00+00:00,10.04458,53.74608
2025-05-29 01:00:00+00:00,11.679212,61.460106
2025-05-29 02:00:00+00:00,13.776762,61.09092
2025-05-29 03:00:00+00:00,14.292725,58.912556
2025-05-29 04:00:00+00:00,16.09969,63.435013
2025-05-29 05:00:00+00:00,16.144905,67.72406
2025-05-29 06:00:00+00:00,18.88628,79.0114
2025-05-29 07:00:00+00:00,19.023027,83.48029
2025-05-29 08:00:00+00:00,20.418695,80.8699
2025-05-29 09:00:00+00:00,20.334425,79.28693
2025-05-29 10:00:00+00:00,17.64551,71.564964
2025-05-29 11:00:00+00:00,19.087639,69.001205
2025-05-29 12:00:00+00:00,20.224985,73.9845
2025-05-29 13:00:00+00:00,19.281015,87.32463
2025-05-29 14:00:00+00:00,20.031824,85.877785
2025-05-29 15:00:00+00:00,20.746902,81.51848
2025-05-29 16:00:00+00:00,20.696869,82.50424
2025-05-29 17:00:00+00:00,20.518421,82.43867
2025-05-29 18:00:00+00:00,20.37899,86.45531
2025-05-29 19:00:00+00:00,20.583847,85.4861
2025-05-29 20:00:00+00:00,22.491358,79.85927
2025-05-29 21:00:00+00:00,25.005102,80.46994
2025-05-29 22:00:00+00:00,24.80737,83.751724
2025-05-29 23:00:00+00:00,24.69217,87.07508
2025-05-30 00:00:00+00:00,25.061403,86.7061
2025-05-30 01:00:00+00:00,26.85863,82.68457
2025-05-30 02:00:00+00:00,29.512316,79.101326
2025-05-30 03:00:00+00:00,32.018757,74.01029
2025-05-30 04:00:00+00:00,34.403076,69.47896
2025-05-30 05:00:00+00:00,29.793669,73.86434
2025-05-30 06:00:00+00:00,25.745035,80.34018
2025-05-30 07:00:00+00:00,24.827604,83.3388
2025-05-30 08:00:00+00:00,23.815163,86.09958
2025-05-30 09:00:00+00:00,22.546032,93.661865
2025-05-30 10:00:00+00:00,21.060768,90.489685
2025-05-30 11:00:00+00:00,22.3229,89.07598
2025-05-30 12:00:00+00:00,20.674158,82.99883
2025-05-30 13:00:00+00:00,16.770939,77.60461
2025-05-30 14:00:00+00:00,14.2336645,76.84245
2025-05-30 15:00:00+00:00,10.215693,75.71888
2025-05-30 16:00:00+00:00,3.62243,26.564985
2025-05-30 17:00:00+00:00,2.2553935,331.38962
2025-05-30 18:00:00+00:00,2.52,90.0
2025-05-30 19:00:00+00:00,1.2727921,135.0001
2025-05-30 20:00:00+00:00,1.9386592,338.19852
2025-05-30 21:00:00+00:00,4.0249224,296.56497
2025-05-30 22:00:00+00:00,2.907989,248.19853
2025-05-30 23:00:00+00:00,6.7205353,262.30405
2025-05-31 00:00:00+00:00,8.6867485,275.94678
2025-05-31 01:00:00+00:00,7.42159,255.96373
2025-05-31 02:00:00+00:00,6.6794305,255.96373
2025-05-31 03:00:00+00:00,9.6228485,277.5237
2025-05-31 04:00:00+00:00,8.6867485,275.94678
2025-05-31 05:00:00+00:00,10.914888,283.34872
2025-05-31 06:00:00+00:00,10.920824,278.53067
2025-05-31 07:00:00+00:00,10.674773,264.19336
2025-05-31 08:00:00+00:00,13.88919,266.2848
2025-05-31 09:00:00+00:00,10.472536,294.36243
2025-05-31 10:00:00+00:00,10.766949,308.21106
2025-05-31 11:00:00+00:00,4.1125174,246.80139
2025-05-31 12:00:00+00:00,3.9477081,155.77226
2025-05-31 13:00:00+00:00,5.6492476,120.65059
2025-05-31 14:00:00+00:00,4.0449963,110.854546
2025-05-31 15:00:00+00:00,3.143565,13.240531
2025-05-31 16:00:00+00:00,4.6938252,355.60138
2025-05-31 17:00:00+00:00,4.198285,30.963696
2025-05-31 18:00:00+00:00,1.7076298,161.56496
2025-05-31 19:00:00+00:00,3.0758414,200.55612
2025-05-31 20:00:00+00:00,4.8899083,276.3401
2025-05-31 21:00:00+00:00,7.9383874,302.96942
2025-05-31 22:00:00+00:00,9.437563,325.09744
2025-05-31 23:00:00+00:00,5.1481256,323.53067
2025-06-01 00:00:00+00:00,5.2478566,300.96368
2025-06-01 01:00:00+00:00,6.689125,293.80594
2025-06-01 02:00:00+00:00,6.424764,281.3099
2025-06-01 03:00:00+00:00,5.950899,273.46817
2025-06-01 04:00:00+00:00,4.913044,261.57312
2025-06-01 05:00:00+00:00,6.9247384,242.10283
2025-06-01 06:00:00+00:00,8.65873,249.30446
2025-06-01 07:00:00+00:00,10.088033,254.47583
2025-06-01 08:00:00+00:00,10.441552,269.01227
2025-06-01 09:00:00+00:00,12.015589,278.61557
2025-06-01 10:00:00+00:00,11.35285,272.72626
2025-06-01 11:00:00+00:00,9.901636,242.96922
2025-06-01 12:00:00+00:00,4.829907,243.43501
2025-06-01 13:00:00+00:00,5.2478566,300.96368
2025-06-01 14:00:00+00:00,6.7205353,339.62347
2025-06-01 15:00:00+00:00,3.536439,345.25638
2025-06-01 16:00:00+00:00,2.3469126,274.39862
2025-06-01 17:00:00+00:00,5.2200003,270.0
2025-06-01 18:00:00+00:00,7.4672885,285.3763
2025-06-01 19:00:00+00:00,9.743304,295.14474
2025-06-01 20:00:00+00:00,10.387107,297.8972
2025-06-01 21:00:00+00:00,8.431228,286.1135
2025-06-01 22:00:00+00:00,8.880405,287.7005
2025-06-01 23:00:00+00:00,7.579261,265.91446
2025-06-02 00:00:00+00:00,9.504273,245.37645
2025-06-02 01:00:00+00:00,9.039514,234.7275
2025-06-02 02:00:00+00:00,8.14587,224.9999
2025-06-02 03:00:00+00:00,6.763786,244.7989
2025-06-02 04:00:00+00:00,5.692099,235.30478
2025-06-02 05:00:00+00:00,3.7585104,253.30067
2025-06-02 06:00:00+00:00,5.2478566,247.8336
2025-06-02 07:00:00+00:00,7.6642804,260.53775
2025-06-02 08:00:00+00:00,9.979859,262.7469
2025-06-02 09:00:00+00:00,11.5115595,260.0959
2025-06-02 10:00:00+00:00,11.745604,254.89885
2025-06-02 11:00:00+00:00,11.9466305,263.9459
2025-06-02 12:00:00+00:00,7.79215,276.63242
2025-06-02 13:00:00+00:00,6.0721655,281.9761
2025-06-02 14:00:00+00:00,4.9785542,282.5288
2025-06-02 15:00:00+00:00,2.8174455,243.43501
2025-06-02 16:00:00+00:00,3.6,233.13002
2025-06-02 17:00:00+00:00,8.311245,252.3498
2025-06-02 18:00:00+00:00,13.722565,274.5139
2025-06-02 19:00:00+00:00,13.491597,283.10922
2025-06-02 20:00:00+00:00,12.601285,291.80145
2025-06-02 21:00:00+00:00,9.3962755,286.6993
2025-06-02 22:00:00+00:00,11.788281,262.98358
2025-06-02 23:00:00+00:00,7.9932966,234.16226
2025-06-03 00:00:00+00:00,5.1544156,282.09473
2025-06-03 01:00:00+00:00,7.327127,297.824
2025-06-03 02:00:00+00:00,5.3699164,283.57043
2025-06-03 03:00:00+00:00,2.7238941,277.59454
2025-06-03 04:00:00+00:00,2.2553935,241.38963
2025-06-03 05:00:00+00:00,5.6233797,230.19447
2025-06-03 06:00:00+00:00,5.12289,251.56496
2025-06-03 07:00:00+00:00,4.445672,291.3707
2025-06-03 08:00:00+00:00,5.7628117,308.65982
2025-06-03 09:00:00+00:00,5.5450516,305.75397
2025-06-03 10:00:00+00:00,5.0911684,278.13
2025-06-03 11:00:00+00:00,7.208994,267.13766
2025-06-03 12:00:00+00:00,6.87779,263.9911
2025-06-03 13:00:00+00:00,6.8399997,270.0
2025-06-03 14:00:00+00:00,5.7628117,284.47034
2025-06-03 15:00:00+00:00,3.096837,234.46223
2025-06-03 16:00:00+00:00,5.5887027,194.93147
2025-06-03 17:00:00+00:00,3.319036,229.39879
2025-06-03 18:00:00+00:00,7.0015144,287.96924
2025-06-03 19:00:00+00:00,7.5213294,291.03757
2025-06-03 20:00:00+00:00,4.514377,293.49857
2025-06-03 21:00:00+00:00,2.19718,214.9921
2025-06-03 22:00:00+00:00,3.096837,215.53777
2025-06-03 23:00:00+00:00,3.1845248,312.70938
2025-06-04 00:00:00+00:00,5.634891,333.43503
2025-06-04 01:00:00+00:00,5.5567255,335.09525
2025-06-04 02:00:00+00:00,5.7628117,358.21014
2025-06-04 03:00:00+00:00,4.198285,30.963696
2025-06-04 04:00:00+00:00,3.0811036,96.70974
2025-06-04 05:00:00+00:00,5.2323985,139.18501
2025-06-04 06:00:00+00:00,5.318383,156.0375
2025-06-04 07:00:00+00:00,2.3469126,175.60138
2025-06-04 08:00:00+00:00,1.4058449,219.80553
2025-06-04 09:00:00+00:00,2.995797,237.26477
2025-06-04 10:00:00+00:00,4.4565907,226.63654
2025-06-04 11:00:00+00:00,2.907989,201.80147
2025-06-04 12:00:00+00:00,1.0182338,135.0001
2025-06-04 13:00:00+00:00,2.34,360.0
2025-06-04 14:00:00+00:00,3.0652895,356.6336
2025-06-04 15:00:00+00:00,0.40249225,243.43501
2025-06-04 16:00:00+00:00,1.6981165,147.99466
2025-06-04 17:00:00+00:00,3.3481934,143.74608
2025-06-04 18:00:00+00:00,3.1845248,137.29063
2025-06-04 19:00:00+00:00,2.7059932,176.186
2025-06-04 20:00:00+00:00,1.659518,220.60121
2025-06-04 21:00:00+00:00,1.609969,296.56497
2025-06-04 22:00:00+00:00,3.8773184,21.801476
2025-06-04 23:00:00+00:00,5.876938,40.030197
2025-06-05 00:00:00+00:00,6.279395,62.70051
2025-06-05 01:00:00+00:00,6.9550843,79.56258
2025-06-05 02:00:00+00:00,6.5693827,80.53775
2025-06-05 03:00:00+00:00,5.7964473,64.23073
2025-06-05 04:00:00+00:00,6.6624317,51.581917
2025-06-05 05:00:00+00:00,8.274128,45.88132
2025-06-05 06:00:00+00:00,8.65873,43.315353
2025-06-05 07:00:00+00:00,8.913181,43.36347
2025-06-05 08:00:00+00:00,10.883676,34.215755
2025-06-05 09:00:00+00:00,8.55142,40.732014
2025-06-05 10:00:00+00:00,7.342588,11.3098955
2025-06-05 11:00:00+00:00,2.0124612,63.435013
2025-06-05 12:00:00+00:00,3.5864744,162.47433
2025-06-05 13:00:00+00:00,4.278551,157.75093
2025-06-05 14:00:00+00:00,3.4949677,191.88864
2025-06-05 15:00:00+00:00,2.2768397,198.43504
2025-06-05 16:00:00+00:00,1.2074767,333.43503
2025-06-05 17:00:00+00:00,3.381893,334.79892
2025-06-05 18:00:00+00:00,3.7842832,357.27374
2025-06-05 19:00:00+00:00,3.5455887,23.962492
2025-06-05 20:00:00+00:00,3.2048087,51.842735
2025-06-05 21:00:00+00:00,1.26,90.0
2025-06-05 22:00:00+00:00,2.97953,25.016869
2025-06-05 23:00:00+00:00,1.8,360.0
2025-06-06 00:00:00+00:00,0.9178235,281.3099
2025-06-06 01:00:00+00:00,1.4399999,270.0
2025-06-06 02:00:00+00:00,1.6981165,212.00534
2025-06-06 03:00:00+00:00,4.6938252,184.39862
2025-06-06 04:00:00+00:00,5.5916004,183.69131
2025-06-06 05:00:00+00:00,4.39436,214.9921
2025-06-06 06:00:00+00:00,4.6277857,256.50424
2025-06-06 07:00:00+00:00,5.223103,268.02512
2025-06-06 08:00:00+00:00,6.0908127,288.9705
2025-06-06 09:00:00+00:00,6.778141,280.71307
2025-06-06 10:00:00+00:00,5.3699164,283.57043
2025-06-06 11:00:00+00:00,4.7110505,226.54811
2025-06-06 12:00:00+00:00,8.305396,209.8988
2025-06-06 13:00:00+00:00,6.5223618,207.97939
2025-06-06 14:00:00+00:00,5.0816135,202.93213
2025-06-06 15:00:00+00:00,4.846648,201.80147
2025-06-06 16:00:00+00:00,5.414979,201.4478
2025-06-06 17:00:00+00:00,6.330782,194.82652
2025-06-06 18:00:00+00:00,6.1569467,195.25517
2025-06-06 19:00:00+00:00,5.5887027,194.93147
2025-06-06 20:00:00+00:00,5.3699164,193.57045
2025-06-06 21:00:00+00:00,5.3699164,193.57045
2025-06-06 22:00:00+00:00,2.9024127,209.7448
2025-06-06 23:00:00+00:00,2.657668,208.30066
2025-06-07 00:00:00+00:00,5.426933,185.7105
2025-06-07 01:00:00+00:00,5.896202,192.33908
2025-06-07 02:00:00+00:00,7.3997297,221.05472
2025-06-07 03:00:00+00:00,10.304114,242.98741
2025-06-07 04:00:00+00:00,10.094454,248.00882
2025-06-07 05:00:00+00:00,8.951267,254.84587
2025-06-07 06:00:00+00:00,9.087772,262.0305
2025-06-07 07:00:00+00:00,9.746631,265.76367
2025-06-07 08:00:00+00:00,11.098865,261.60715
2025-06-07 09:00:00+00:00,11.968308,257.84506
2025-06-07 10:00:00+00:00,8.197414,261.15826
2025-06-07 11:00:00+00:00,8.574123,230.9645
2025-06-07 12:00:00+00:00,11.511559,206.96564
2025-06-07 13:00:00+00:00,10.261579,201.61484
2025-06-07 14:00:00+00:00,7.628263,199.29015
2025-06-07 15:00:00+00:00,4.8466477,195.06854
2025-06-07 16:00:00+00:00,5.8603754,190.6196
2025-06-07 17:00:00+00:00,4.86,180.0
2025-06-07 18:00:00+00:00,3.8141315,160.70985
2025-06-07 19:00:00+00:00,3.8141315,160.70985
2025-06-07 20:00:00+00:00,4.278551,194.62091
2025-06-07 21:00:00+00:00,4.4274144,206.56499
2025-06-07 22:00:00+00:00,0.25455844,44.999897
2025-06-07 23:00:00+00:00,2.226477,165.96373
2025-06-08 00:00:00+00:00,3.671294,168.69011
2025-06-08 01:00:00+00:00,4.1556225,184.96965
2025-06-08 02:00:00+00:00,4.599695,210.57915
2025-06-08 03:00:00+00:00,5.1919937,236.3099
2025-06-08 04:00:00+00:00,4.5891175,244.44008
2025-06-08 05:00:00+00:00,4.1125174,246.80139
2025-06-08 06:00:00+00:00,4.514377,274.57382
2025-06-08 07:00:00+00:00,7.172949,287.52567
2025-06-08 08:00:00+00:00,8.37532,278.65247
2025-06-08 09:00:00+00:00,10.4166975,279.95056
2025-06-08 10:00:00+00:00,8.885877,263.01904
2025-06-08 11:00:00+00:00,7.5019197,239.74365
2025-06-08 12:00:00+00:00,6.623413,222.79738
2025-06-08 13:00:00+00:00,5.8603754,222.5104
2025-06-08 14:00:00+00:00,5.9427266,215.13428
2025-06-08 15:00:00+00:00,6.151683,200.55612
2025-06-08 16:00:00+00:00,5.297018,189.78233
2025-06-08 17:00:00+00:00,6.4799995,180.0
2025-06-08 18:00:00+00:00,4.5891175,168.69011
2025-06-08 19:00:00+00:00,3.4623692,152.10283
2025-06-08 20:00:00+00:00,3.096837,144.46223
2025-06-08 21:00:00+00:00,3.644722,159.77505
2025-06-08 22:00:00+00:00,1.08,90.0
2025-06-08 23:00:00+00:00,1.609969,116.56499
2025-06-09 00:00:00+00:00,1.9469976,146.3099
2025-06-09 01:00:00+00:00,1.2979984,236.3099
2025-06-09 02:00:00+00:00,3.8773184,248.19853
2025-06-09 03:00:00+00:00,7.029225,256.67545
2025-06-09 04:00:00+00:00,7.8583965,249.90468
2025-06-09 05:00:00+00:00,7.7983837,251.14674
2025-06-09 06:00:00+00:00,8.11798,266.186
2025-06-09 07:00:00+00:00,8.821836,271.1691
2025-06-09 08:00:00+00:00,10.453957,267.03912
2025-06-09 09:00:00+00:00,11.555103,265.53293
2025-06-09 10:00:00+00:00,10.609316,255.2564
2025-06-09 11:00:00+00:00,9.997699,246.66594
2025-06-09 12:00:00+00:00,8.187527,236.65927
2025-06-09 13:00:00+00:00,7.9932966,215.83774
2025-06-09 14:00:00+00:00,8.187527,213.34073
2025-06-09 15:00:00+00:00,7.1684303,208.49554
2025-06-09 16:00:00+00:00,5.7964473,205.76927
2025-06-09 17:00:00+00:00,5.402999,209.98155
2025-06-09 18:00:00+00:00,5.318383,203.9625
2025-06-09 19:00:00+00:00,4.9785542,192.5288
2025-06-09 20:00:00+00:00,5.6262593,187.35228
2025-06-09 21:00:00+00:00,5.6262593,172.64772
2025-06-09 22:00:00+00:00,3.8939953,146.3099
2025-06-09 23:00:00+00:00,3.8647635,62.24156
2025-06-10 00:00:00+00:00,4.6730714,74.3577
2025-06-10 01:00:00+00:00,3.5864744,72.47434
2025-06-10 02:00:00+00:00,4.8899083,83.659904
2025-06-10 03:00:00+00:00,3.4949677,101.88863
2025-06-10 04:00:00+00:00,2.8116899,129.80553
2025-06-10 05:00:00+00:00,1.2979984,146.3099
2025-06-10 06:00:00+00:00,1.659518,347.4712
2025-06-10 07:00:00+00:00,1.3104197,285.94547
2025-06-10 08:00:00+00:00,4.752136,322.69595
2025-06-10 09:00:00+00:00,7.145796,310.91428
2025-06-10 10:00:00+00:00,5.8104043,286.18927
2025-06-10 11:00:00+00:00,5.9834766,276.91113
2025-06-10 12:00:00+00:00,4.8965297,233.97253
2025-06-10 13:00:00+00:00,6.297428,210.96368
2025-06-10 14:00:00+00:00,6.1226463,204.30453
2025-06-10 15:00:00+00:00,5.4744864,189.46225
2025-06-10 16:00:00+00:00,5.2478566,174.09395
2025-06-10 17:00:00+00:00,5.2200003,180.0
2025-06-10 18:00:00+00:00,1.4058449,129.80553
2025-06-10 19:00:00+00:00,3.7971041,121.42952
2025-06-10 20:00:00+00:00,6.544677,148.49579
2025-06-10 21:00:00+00:00,7.4932766,155.89777
2025-06-10 22:00:00+00:00,5.3939967,154.2901
2025-06-10 23:00:00+00:00,3.710795,112.833694
2025-06-11 00:00:00+00:00,7.7420926,72.40749
2025-06-11 01:00:00+00:00,6.6087217,60.64234
2025-06-11 02:00:00+00:00,7.7420926,54.46224
2025-06-11 03:00:00+00:00,9.339208,62.447273
2025-06-11 04:00:00+00:00,9.997699,66.66594
2025-06-11 05:00:00+00:00,9.292254,81.08515
2025-06-11 06:00:00+00:00,7.486788,80.31129
2025-06-11 07:00:00+00:00,6.522361,50.59937
2025-06-11 08:00:00+00:00,6.696387,36.253937
2025-06-11 09:00:00+00:00,7.6367526,8.130019
2025-06-11 10:00:00+00:00,10.44,313.6029
2025-06-11 11:00:00+00:00,8.29173,297.12122
2025-06-11 12:00:00+00:00,6.28713,256.75946
2025-06-11 13:00:00+00:00,9.801326,225.74397
2025-06-11 14:00:00+00:00,10.8792095,218.95592
2025-06-11 15:00:00+00:00,9.396275,216.43095
2025-06-11 16:00:00+00:00,7.42159,219.09384
2025-06-11 17:00:00+00:00,5.4744864,226.33215
2025-06-11 18:00:00+00:00,5.0911684,224.9999
2025-06-11 19:00:00+00:00,4.724786,197.74477
2025-06-11 20:00:00+00:00,5.4119864,176.186
2025-06-11 21:00:00+00:00,4.198285,149.03632
2025-06-11 22:00:00+00:00,2.7059932,93.814
2025-06-11 23:00:00+00:00,4.1125174,113.198616
2025-06-12 00:00:00+00:00,5.315336,151.69934
2025-06-12 01:00:00+00:00,3.710795,165.96373
2025-06-12 02:00:00+00:00,3.0652895,183.3664
2025-06-12 03:00:00+00:00,1.0948973,170.53775
2025-06-12 04:00:00+00:00,2.1674871,41.63345
2025-06-12 05:00:00+00:00,4.072935,44.999897
2025-06-12 06:00:00+00:00,5.7431,32.195713
2025-06-12 07:00:00+00:00,6.989936,34.50859
2025-06-12 08:00:00+00:00,7.16617,25.277687
2025-06-12 09:00:00+00:00,6.1437774,5.0423646
2025-06-12 10:00:00+00:00,7.970972,334.59232
2025-06-12 11:00:00+00:00,5.5916004,303.17853
2025-06-12 12:00:00+00:00,6.618519,224.9999
2025-06-12 13:00:00+00:00,9.044888,227.41954
2025-06-12 14:00:00+00:00,10.316686,227.1211
2025-06-12 15:00:00+00:00,9.67657,226.50737
2025-06-12 16:00:00+00:00,8.019601,225.90929
2025-06-12 17:00:00+00:00,6.873078,224.9999
2025-06-12 18:00:00+00:00,5.509882,218.36752
2025-06-12 19:00:00+00:00,4.6938257,212.47118
2025-06-12 20:00:00+00:00,5.2323985,220.81499
2025-06-12 21:00:00+00:00,5.8631387,252.1212
2025-06-12 22:00:00+00:00,2.5772076,245.22488
2025-06-12 23:00:00+00:00,2.16,180.0
2025-06-13 00:00:00+00:00,3.319036,192.5288
2025-06-13 01:00:00+00:00,3.3481934,216.25392
2025-06-13 02:00:00+00:00,4.8433046,221.98714
2025-06-13 03:00:00+00:00,5.854844,224.9999
2025-06-13 04:00:00+00:00,5.495161,238.39255
2025-06-13 05:00:00+00:00,5.3517847,250.34608
2025-06-13 06:00:00+00:00,6.3231,274.89902
2025-06-13 07:00:00+00:00,9.037721,314.19315
2025-06-13 08:00:00+00:00,8.0599,299.42737
2025-06-13 09:00:00+00:00,9.059205,229.02835
2025-06-13 10:00:00+00:00,11.414043,217.95428
2025-06-13 11:00:00+00:00,8.461914,209.29126
2025-06-13 12:00:00+00:00,6.5223618,207.97939
2025-06-13 13:00:00+00:00,10.185519,226.43204
2025-06-13 14:00:00+00:00,11.734564,237.52882
2025-06-13 15:00:00+00:00,9.7565975,232.49579
2025-06-13 16:00:00+00:00,8.967541,218.48022
2025-06-13 17:00:00+00:00,7.689603,212.57405
2025-06-13 18:00:00+00:00,5.8409934,213.6901
2025-06-13 19:00:00+00:00,4.542994,236.3099
2025-06-13 20:00:00+00:00,4.4274144,243.43501
2025-06-13 21:00:00+00:00,4.846648,248.19853
2025-06-13 22:00:00+00:00,4.5572357,260.9098
2025-06-13 23:00:00+00:00,4.293669,213.02386
2025-06-14 00:00:00+00:00,5.4119864,183.814
2025-06-14 01:00:00+00:00,3.964089,182.60251
2025-06-14 02:00:00+00:00,2.7534704,191.30989
2025-06-14 03:00:00+00:00,3.4623692,242.10283
2025-06-14 04:00:00+00:00,3.5455887,293.9625
2025-06-14 05:00:00+00:00,4.8965297,323.97253
2025-06-14 06:00:00+00:00,6.59154,325.0079
2025-06-14 07:00:00+00:00,4.863332,308.991
2025-06-14 08:00:00+00:00,3.964089,267.3975
2025-06-14 09:00:00+00:00,4.1125174,203.19861
2025-06-14 10:00:00+00:00,3.7799997,90.0
2025-06-14 11:00:00+00:00,4.1556225,162.3498
2025-06-14 12:00:00+00:00,2.8856194,183.57626
2025-06-14 13:00:00+00:00,3.244996,176.82024
2025-06-14 14:00:00+00:00,3.396233,147.99466
2025-06-14 15:00:00+00:00,3.9640884,140.52757
2025-06-14 16:00:00+00:00,4.0449967,122.27562
2025-06-14 17:00:00+00:00,5.6492476,120.65059
2025-06-14 18:00:00+00:00,5.5596404,119.05451
2025-06-14 19:00:00+00:00,2.8856194,93.57626
2025-06-14 20:00:00+00:00,2.7534704,11.3098955
2025-06-14 21:00:00+00:00,2.0523157,344.7448
2025-06-14 22:00:00+00:00,4.0249224,79.69521
2025-06-14 23:00:00+00:00,4.863332,128.991
2025-06-15 00:00:00+00:00,3.5864744,17.52567
2025-06-15 01:00:00+00:00,7.0843205,332.78397
2025-06-15 02:00:00+00:00,6.193674,324.46225
2025-06-15 03:00:00+00:00,2.8116899,320.1945
2025-06-15 04:00:00+00:00,1.9881649,275.19434
2025-06-15 05:00:00+00:00,1.6199999,270.0
2025-06-15 06:00:00+00:00,2.1674871,274.76355
2025-06-15 07:00:00+00:00,3.8183763,315.0001
2025-06-15 08:00:00+00:00,4.445672,338.6293
2025-06-15 09:00:00+00:00,3.572898,319.0857
2025-06-15 10:00:00+00:00,5.2694216,7.853233
2025-06-15 11:00:00+00:00,5.7964473,205.76927
2025-06-15 12:00:00+00:00,4.186693,205.4633
2025-06-15 13:00:00+00:00,3.396233,237.99466
2025-06-15 14:00:00+00:00,3.8183763,224.9999
2025-06-15 15:00:00+00:00,3.244996,250.55988
2025-06-15 16:00:00+00:00,3.7842832,244.65387
2025-06-15 17:00:00+00:00,4.6102495,231.34016
2025-06-15 18:00:00+00:00,5.6521144,217.23491
2025-06-15 19:00:00+00:00,7.0843205,207.21602
2025-06-15 20:00:00+00:00,7.42159,219.09384
2025-06-15 21:00:00+00:00,7.5105524,224.02907
2025-06-15 22:00:00+00:00,7.7734165,264.68555
2025-06-15 23:00:00+00:00,5.9644947,264.80566
2025-06-16 00:00:00+00:00,5.414979,248.5522
2025-06-16 01:00:00+00:00,5.637765,253.30067
2025-06-16 02:00:00+00:00,3.9518096,239.9315
2025-06-16 03:00:00+00:00,0.54,180.0
2025-06-16 04:00:00+00:00,5.5216303,70.974304
2025-06-16 05:00:00+00:00,9.059205,69.04415
2025-06-16 06:00:00+00:00,10.315115,60.75127
2025-06-16 07:00:00+00:00,11.634741,55.080532
2025-06-16 08:00:00+00:00,9.835975,55.43741
2025-06-16 09:00:00+00:00,8.891343,58.240574
2025-06-16 10:00:00+00:00,10.589448,58.201138
2025-06-16 11:00:00+00:00,11.364259,60.592903
2025-06-16 12:00:00+00:00,8.766573,70.8209
2025-06-16 13:00:00+00:00,7.754637,68.19853
2025-06-16 14:00:00+00:00,8.39657,59.03632
2025-06-16 15:00:00+00:00,9.236298,56.929314
2025-06-16 16:00:00+00:00,9.885262,56.88865
2025-06-16 17:00:00+00:00,9.7565975,60.124096
2025-06-16 18:00:00+00:00,9.499158,62.949482
2025-06-16 19:00:00+00:00,9.016185,63.946568
2025-06-16 20:00:00+00:00,9.194106,66.94868
2025-06-16 21:00:00+00:00,9.05205,72.64589
2025-06-16 22:00:00+00:00,10.304115,70.615395
2025-06-16 23:00:00+00:00,8.6867485,55.980614
2025-06-17 00:00:00+00:00,9.867218,51.666626
2025-06-17 01:00:00+00:00,11.183201,56.82148
2025-06-17 02:00:00+00:00,11.51578,65.03724
2025-06-17 03:00:00+00:00,12.580699,70.78723
2025-06-17 04:00:00+00:00,13.776763,72.51192
2025-06-17 05:00:00+00:00,15.410776,67.32862
2025-06-17 06:00:00+00:00,17.682194,67.87362
2025-06-17 07:00:00+00:00,17.325876,66.097946
2025-06-17 08:00:00+00:00,17.790886,62.916534
2025-06-17 09:00:00+00:00,17.490591,66.336845
2025-06-17 10:00:00+00:00,13.288341,65.17068
2025-06-17 11:00:00+00:00,12.10157,59.620956
2025-06-17 12:00:00+00:00,11.236671,54.782326
2025-06-17 13:00:00+00:00,11.634741,55.080532
2025-06-17 14:00:00+00:00,10.474082,70.94221
2025-06-17 15:00:00+00:00,10.075177,71.24126
2025-06-17 16:00:00+00:00,11.190442,64.25934
2025-06-17 17:00:00+00:00,11.19189,62.198643
2025-06-17 18:00:00+00:00,12.4811535,56.768288
2025-06-17 19:00:00+00:00,12.594856,59.03632
2025-06-17 20:00:00+00:00,11.966953,68.83867
2025-06-17 21:00:00+00:00,11.953409,71.564964
2025-06-17 22:00:00+00:00,12.708816,74.38895
2025-06-17 23:00:00+00:00,11.659777,81.11942
2025-06-18 00:00:00+00:00,12.601285,68.19854
2025-06-18 01:00:00+00:00,11.7,53.13002
2025-06-18 02:00:00+00:00,12.819235,51.842735
2025-06-18 03:00:00+00:00,12.936228,58.079163
2025-06-18 04:00:00+00:00,13.615902,65.8068
2025-06-18 05:00:00+00:00,12.57426,66.37061
2025-06-18 06:00:00+00:00,12.886039,61.645138
2025-06-18 07:00:00+00:00,14.045767,59.16224
2025-06-18 08:00:00+00:00,13.690654,50.869614
2025-06-18 09:00:00+00:00,17.533146,70.8209
2025-06-18 10:00:00+00:00,15.405519,59.840027
2025-06-18 11:00:00+00:00,15.035119,58.212788
2025-06-18 12:00:00+00:00,16.09969,63.435013
2025-06-18 13:00:00+00:00,15.676544,68.44286
2025-06-18 14:00:00+00:00,17.193533,70.42679
2025-06-18 15:00:00+00:00,17.418196,71.93944
2025-06-18 16:00:00+00:00,16.59225,74.90838
2025-06-18 17:00:00+00:00,15.585337,75.96373
2025-06-18 18:00:00+00:00,14.761098,74.43844
2025-06-18 19:00:00+00:00,13.874019,67.0942
2025-06-18 20:00:00+00:00,12.399113,62.31903
2025-06-18 21:00:00+00:00,11.521406,61.03244
2025-06-18 22:00:00+00:00,10.387107,62.10283
2025-06-18 23:00:00+00:00,12.4811535,56.768288
2025-06-19 00:00:00+00:00,13.6289835,56.309914
2025-06-19 01:00:00+00:00,13.581354,55.256752
2025-06-19 02:00:00+00:00,13.184308,57.828808
2025-06-19 03:00:00+00:00,13.288341,61.69934
2025-06-19 04:00:00+00:00,14.7742605,67.80967
2025-06-19 05:00:00+00:00,13.54911,70.6021
2025-06-19 06:00:00+00:00,13.306615,66.90315
2025-06-19 07:00:00+00:00,13.4903965,58.642982
2025-06-19 08:00:00+00:00,13.493999,46.080845
2025-06-19 09:00:00+00:00,12.456468,52.633263
2025-06-19 10:00:00+00:00,8.78872,55.0079
2025-06-19 11:00:00+00:00,7.928178,92.60251
2025-06-19 12:00:00+00:00,6.898956,82.50424
2025-06-19 13:00:00+00:00,5.637765,73.300674
2025-06-19 14:00:00+00:00,5.9834766,68.83867
2025-06-19 15:00:00+00:00,5.815978,68.19853
2025-06-19 16:00:00+00:00,5.414979,68.5522
2025-06-19 17:00:00+00:00,6.269067,50.82635
2025-06-19 18:00:00+00:00,6.6405115,32.82854
2025-06-19 19:00:00+00:00,5.9834766,21.161337
2025-06-19 20:00:00+00:00,4.8466477,15.068549
2025-06-19 21:00:00+00:00,4.445672,21.370695
2025-06-19 22:00:00+00:00,1.484318,165.96373
2025-06-19 23:00:00+00:00,1.8,180.0
2025-06-20 00:00:00+00:00,1.1384199,71.564964
2025-06-20 01:00:00+00:00,2.5264204,4.085537
2025-06-20 02:00:00+00:00,3.244996,340.55988
2025-06-20 03:00:00+00:00,3.148714,329.03632
2025-06-20 04:00:00+00:00,3.6447225,327.09476
2025-06-20 05:00:00+00:00,3.8141315,340.70987
2025-06-20 06:00:00+00:00,1.5379207,339.44388
2025-06-20 07:00:00+00:00,1.0948973,80.53775
2025-06-20 08:00:00+00:00,0.9,90.0
2025-06-20 09:00:00+00:00,1.3104197,344.05453
2025-06-20 10:00:00+00:00,2.5071096,21.037588
2025-06-20 11:00:00+00:00,1.3104197,74.054535
2025-06-20 12:00:00+00:00,3.2599385,186.3401
2025-06-20 13:00:00+00:00,3.0652895,183.3664
2025-06-20 14:00:00+00:00,2.968636,194.03627
2025-06-20 15:00:00+00:00,2.5455842,188.13002
2025-06-20 16:00:00+00:00,1.4512063,150.2552
2025-06-20 17:00:00+00:00,2.52,180.0
2025-06-20 18:00:00+00:00,3.693291,223.02507
2025-06-20 19:00:00+00:00,3.9477081,245.77226
2025-06-20 20:00:00+00:00,3.0758414,249.44386
2025-06-20 21:00:00+00:00,3.4623692,242.10283
2025-06-20 22:00:00+00:00,7.9932966,215.83774
2025-06-20 23:00:00+00:00,5.293959,234.6887
2025-06-21 00:00:00+00:00,3.494968,235.49141
2025-06-21 01:00:00+00:00,2.8174455,243.43501
2025-06-21 02:00:00+00:00,3.06,241.92761
2025-06-21 03:00:00+00:00,1.26,270.0
2025-06-21 04:00:00+00:00,1.0182338,44.999897
2025-06-21 05:00:00+00:00,3.3043609,29.357658
2025-06-21 06:00:00+00:00,4.379589,9.462248
2025-06-21 07:00:00+00:00,3.9966483,35.837746
2025-06-21 08:00:00+00:00,4.353619,7.12493
2025-06-21 09:00:00+00:00,3.9477081,65.77226
2025-06-21 10:00:00+00:00,3.4576871,51.34017
2025-06-21 11:00:00+00:00,1.0495713,239.0363
2025-06-21 12:00:00+00:00,4.7928696,235.71307
2025-06-21 13:00:00+00:00,5.3999996,233.13002
2025-06-21 14:00:00+00:00,4.278551,247.75093
2025-06-21 15:00:00+00:00,3.9312592,285.94547
2025-06-21 16:00:00+00:00,4.3832865,289.1791
2025-06-21 17:00:00+00:00,3.5455887,246.0375
2025-06-21 18:00:00+00:00,4.198285,210.96368
2025-06-21 19:00:00+00:00,5.7402787,228.81418
2025-06-21 20:00:00+00:00,6.66,251.07526
2025-06-21 21:00:00+00:00,5.4744864,242.5925
2025-06-21 22:00:00+00:00,6.6185193,202.38017
2025-06-21 23:00:00+00:00,3.536439,194.7436
2025-06-22 00:00:00+00:00,1.08,180.0
2025-06-22 01:00:00+00:00,1.8532133,330.9455
2025-06-22 02:00:00+00:00,4.846648,301.32864
2025-06-22 03:00:00+00:00,5.402999,299.98157
2025-06-22 04:00:00+00:00,5.634891,296.56497
2025-06-22 05:00:00+00:00,5.0142193,291.03757
2025-06-22 06:00:00+00:00,4.143911,272.4895
2025-06-22 07:00:00+00:00,4.5572357,279.09018
2025-06-22 08:00:00+00:00,7.406295,295.94223
2025-06-22 09:00:00+00:00,6.792466,302.00534
2025-06-22 10:00:00+00:00,10.304115,289.3846
2025-06-22 11:00:00+00:00,8.461914,268.78116
2025-06-22 12:00:00+00:00,6.279395,242.7005
2025-06-22 13:00:00+00:00,6.698806,210.69965
2025-06-22 14:00:00+00:00,7.3447943,197.10281
2025-06-22 15:00:00+00:00,6.698806,186.17007
2025-06-22 16:00:00+00:00,7.8149853,194.67644
2025-06-22 17:00:00+00:00,6.391901,189.72751
2025-06-22 18:00:00+00:00,5.4833565,203.19862
2025-06-22 19:00:00+00:00,5.5567255,204.90474
2025-06-22 20:00:00+00:00,4.3832865,199.17911
2025-06-22 21:00:00+00:00,4.896529,197.10281
2025-06-22 22:00:00+00:00,5.6060677,222.39738
2025-06-22 23:00:00+00:00,4.829907,206.56499
2025-06-23 00:00:00+00:00,3.9763298,185.19434
2025-06-23 01:00:00+00:00,3.7842832,177.27374
2025-06-23 02:00:00+00:00,3.7842832,177.27374
2025-06-23 03:00:00+00:00,3.4763772,158.74942
2025-06-23 04:00:00+00:00,3.7064266,119.05451
2025-06-23 05:00:00+00:00,2.7475805,121.60746
2025-06-23 06:00:00+00:00,2.6208394,105.945465
2025-06-23 07:00:00+00:00,5.0688457,83.88459
2025-06-23 08:00:00+00:00,5.5829024,69.22767
2025-06-23 09:00:00+00:00,4.5891175,78.6901
2025-06-23 10:00:00+00:00,2.0124612,116.56499
2025-06-23 11:00:00+00:00,1.9386592,291.80148
2025-06-23 12:00:00+00:00,1.26,270.0
2025-06-23 13:00:00+00:00,2.19718,145.0079
2025-06-23 14:00:00+00:00,1.2727921,171.86998
2025-06-23 15:00:00+00:00,1.9134263,131.18582
2025-06-23 16:00:00+00:00,2.4216523,138.01286
2025-06-23 17:00:00+00:00,3.396233,147.99466
2025-06-23 18:00:00+00:00,2.4482648,143.97253
2025-06-23 19:00:00+00:00,1.9386592,158.19853
2025-06-23 20:00:00+00:00,3.2048087,218.15727
2025-06-23 21:00:00+00:00,4.1556225,252.3498
2025-06-23 22:00:00+00:00,2.7238941,277.59454
2025-06-23 23:00:00+00:00,3.6,270.0
2025-06-24 00:00:00+00:00,0.9,270.0
2025-06-24 01:00:00+00:00,2.4149535,153.43501
2025-06-24 02:00:00+00:00,1.7727944,66.037506
2025-06-24 03:00:00+00:00,3.2599385,353.6599
2025-06-24 04:00:00+00:00,6.090812,325.84024
2025-06-24 05:00:00+00:00,8.536252,312.4362
2025-06-24 06:00:00+00:00,8.139901,305.0959
2025-06-24 07:00:00+00:00,7.596341,306.3269
2025-06-24 08:00:00+00:00,3.7585104,286.6993
2025-06-24 09:00:00+00:00,5.0688457,276.11542
2025-06-24 10:00:00+00:00,1.7076298,251.56496
2025-06-24 11:00:00+00:00,1.6199999,180.0
2025-06-24 12:00:00+00:00,4.8965297,126.027466
2025-06-24 13:00:00+00:00,5.6835546,100.95402
2025-06-24 14:00:00+00:00,7.415038,84.4279
2025-06-24 15:00:00+00:00,7.8087645,64.025665
2025-06-24 16:00:00+00:00,9.726664,51.009003
2025-06-24 17:00:00+00:00,12.145665,50.411907
2025-06-24 18:00:00+00:00,12.996201,53.447433
2025-06-24 19:00:00+00:00,13.864674,60.439743
2025-06-24 20:00:00+00:00,13.203954,62.387074
2025-06-24 21:00:00+00:00,14.266632,60.524208
2025-06-24 22:00:00+00:00,13.049689,65.55606
2025-06-24 23:00:00+00:00,13.397612,59.300358
2025-06-25 00:00:00+00:00,14.092978,61.798473
2025-06-25 01:00:00+00:00,15.676542,74.687126
2025-06-25 02:00:00+00:00,15.725037,74.054535
2025-06-25 03:00:00+00:00,15.999762,72.991974
2025-06-25 04:00:00+00:00,15.8502245,74.85897
2025-06-25 05:00:00+00:00,15.891054,80.21766
2025-06-25 06:00:00+00:00,15.743569,84.093956
2025-06-25 07:00:00+00:00,15.070633,82.45067
2025-06-25 08:00:00+00:00,13.577776,75.41104
2025-06-25 09:00:00+00:00,12.413476,73.14152
2025-06-25 10:00:00+00:00,11.236671,54.782326
2025-06-25 11:00:00+00:00,10.185519,46.432037
2025-06-25 12:00:00+00:00,7.029225,39.805527
2025-06-25 13:00:00+00:00,7.491114,35.217674
2025-06-25 14:00:00+00:00,6.9270773,24.567156
2025-06-25 15:00:00+00:00,6.9247384,27.897186
2025-06-25 16:00:00+00:00,6.59154,34.9921
2025-06-25 17:00:00+00:00,6.502461,41.63345
2025-06-25 18:00:00+00:00,5.994297,48.65233
2025-06-25 19:00:00+00:00,6.7565966,48.2398
2025-06-25 20:00:00+00:00,6.1437774,58.1726
2025-06-25 21:00:00+00:00,4.991553,64.35905
2025-06-25 22:00:00+00:00,3.1845248,42.709366
2025-06-25 23:00:00+00:00,4.080882,41.42357
2025-06-26 00:00:00+00:00,5.004518,37.694313
2025-06-26 01:00:00+00:00,4.510787,61.389645
2025-06-26 02:00:00+00:00,4.39436,55.0079
2025-06-26 03:00:00+00:00,3.7064266,29.054508
2025-06-26 04:00:00+00:00,5.0911684,8.130019
2025-06-26 05:00:00+00:00,6.1858225,351.63422
2025-06-26 06:00:00+00:00,4.965521,313.53125
2025-06-26 07:00:00+00:00,3.362677,285.52417
2025-06-26 08:00:00+00:00,5.0911684,278.13
2025-06-26 09:00:00+00:00,4.7657523,280.88547
2025-06-26 10:00:00+00:00,5.7431,237.80429
2025-06-26 11:00:00+00:00,4.942631,259.50858
2025-06-26 12:00:00+00:00,4.942631,236.88864
2025-06-26 13:00:00+00:00,3.5455887,203.9625
2025-06-26 14:00:00+00:00,6.0077944,188.61557
2025-06-26 15:00:00+00:00,8.32877,186.20335
2025-06-26 16:00:00+00:00,10.837435,184.76355
2025-06-26 17:00:00+00:00,11.892265,182.60251
2025-06-26 18:00:00+00:00,8.28,180.0
2025-06-26 19:00:00+00:00,7.562142,181.36389
2025-06-26 20:00:00+00:00,8.163749,194.03627
2025-06-26 21:00:00+00:00,8.139901,198.03438
2025-06-26 22:00:00+00:00,3.5455887,203.9625
2025-06-26 23:00:00+00:00,4.942631,169.50858
2025-06-27 00:00:00+00:00,7.970972,173.51703
2025-06-27 01:00:00+00:00,7.4346757,186.95287
2025-06-27 02:00:00+00:00,6.1094027,224.9999
2025-06-27 03:00:00+00:00,6.87779,276.0089
2025-06-27 04:00:00+00:00,7.989242,292.5206
2025-06-27 05:00:00+00:00,7.970972,295.40768
2025-06-27 06:00:00+00:00,8.320986,308.8534
2025-06-27 07:00:00+00:00,8.404285,313.26434
2025-06-27 08:00:00+00:00,5.3517847,317.72638
2025-06-27 09:00:00+00:00,5.0528407,265.91446
2025-06-27 10:00:00+00:00,4.2481523,306.38446
2025-06-27 11:00:00+00:00,3.8647635,242.24155
2025-06-27 12:00:00+00:00,5.983477,226.2188
2025-06-27 13:00:00+00:00,7.653705,221.18582
2025-06-27 14:00:00+00:00,8.209263,217.87505
2025-06-27 15:00:00+00:00,7.519175,222.08908
2025-06-27 16:00:00+00:00,7.24486,243.43501
2025-06-27 17:00:00+00:00,7.5213294,248.96242
2025-06-27 18:00:00+00:00,7.24486,243.43501
2025-06-27 19:00:00+00:00,7.1389914,236.3099
2025-06-27 20:00:00+00:00,6.4924874,223.87679
2025-06-27 21:00:00+00:00,6.391901,212.34741
2025-06-27 22:00:00+00:00,3.381893,244.7989
2025-06-27 23:00:00+00:00,4.2481523,216.38445
2025-06-28 00:00:00+00:00,6.489992,199.44012
2025-06-28 01:00:00+00:00,5.2416787,195.94547
2025-06-28 02:00:00+00:00,3.4388947,227.12111
2025-06-28 03:00:00+00:00,2.6208394,285.94547
2025-06-28 04:00:00+00:00,2.19718,325.0079
2025-06-28 05:00:00+00:00,2.3469126,4.398633
2025-06-28 06:00:00+00:00,3.0758414,20.556128
2025-06-28 07:00:00+00:00,3.964089,357.3975
2025-06-28 08:00:00+00:00,6.5049515,345.5792
2025-06-28 09:00:00+00:00,5.2939587,342.18103
2025-06-28 10:00:00+00:00,4.7827187,289.79895
2025-06-28 11:00:00+00:00,5.004518,232.3057
2025-06-28 12:00:00+00:00,5.6492476,202.47948
2025-06-28 13:00:00+00:00,4.1556225,197.6502
2025-06-28 14:00:00+00:00,3.644722,200.22495
2025-06-28 15:00:00+00:00,4.503598,177.70944
2025-06-28 16:00:00+00:00,4.3349743,184.76355
2025-06-28 17:00:00+00:00,4.175069,172.56868
2025-06-28 18:00:00+00:00,2.9024127,187.12492
2025-06-28 19:00:00+00:00,2.8460498,198.43504
2025-06-28 20:00:00+00:00,3.84796,190.78426
2025-06-28 21:00:00+00:00,3.3092594,224.9999
2025-06-28 22:00:00+00:00,2.6208394,254.05453
2025-06-28 23:00:00+00:00,1.2074767,243.43501
2025-06-29 00:00:00+00:00,3.2846913,9.462261
2025-06-29 01:00:00+00:00,5.1826253,20.323217
2025-06-29 02:00:00+00:00,6.1094027,44.999897
2025-06-29 03:00:00+00:00,5.983477,74.2913
2025-06-29 04:00:00+00:00,6.763786,64.79892
2025-06-29 05:00:00+00:00,6.8919086,40.763515
2025-06-29 06:00:00+00:00,7.44121,32.15227
2025-06-29 07:00:00+00:00,9.565437,19.798973
2025-06-29 08:00:00+00:00,7.491114,54.782326
2025-06-29 09:00:00+00:00,7.689603,73.68607
2025-06-29 10:00:00+00:00,9.016185,63.946568
2025-06-29 11:00:00+00:00,9.059205,69.04415
2025-06-29 12:00:00+00:00,6.037383,63.435013
2025-06-29 13:00:00+00:00,5.8603754,42.510403
2025-06-29 14:00:00+00:00,6.015878,38.92756
2025-06-29 15:00:00+00:00,5.6521144,37.234917
2025-06-29 16:00:00+00:00,5.6492476,30.6506
2025-06-29 17:00:00+00:00,6.12,28.072395
2025-06-29 18:00:00+00:00,5.9617786,28.886486
2025-06-29 19:00:00+00:00,4.6938257,32.471172
2025-06-29 20:00:00+00:00,4.6102495,38.65983
2025-06-29 21:00:00+00:00,4.2481523,36.38445
2025-06-29 22:00:00+00:00,2.6999998,53.13002
2025-06-29 23:00:00+00:00,3.319036,102.5288
2025-06-30 00:00:00+00:00,2.7943513,165.06853
2025-06-30 01:00:00+00:00,2.9301877,47.489597
2025-06-30 02:00:00+00:00,6.248359,48.503635
2025-06-30 03:00:00+00:00,6.2067385,60.461315
2025-06-30 04:00:00+00:00,6.9270773,65.432846
2025-06-30 05:00:00+00:00,7.256032,66.61476
2025-06-30 06:00:00+00:00,5.1919937,56.309914
2025-06-30 07:00:00+00:00,7.16617,25.277687
2025-06-30 08:00:00+00:00,4.6938252,355.60138
2025-06-30 09:00:00+00:00,2.5772078,282.09473
2025-06-30 10:00:00+00:00,4.353619,187.12492
2025-06-30 11:00:00+00:00,5.2478566,239.0363
2025-06-30 12:00:00+00:00,5.896202,238.73633
2025-06-30 13:00:00+00:00,4.14,270.0
2025-06-30 14:00:00+00:00,4.599695,239.42085
2025-06-30 15:00:00+00:00,5.6002855,224.9999
2025-06-30 16:00:00+00:00,5.796447,216.15828
2025-06-30 17:00:00+00:00,3.9477081,223.1524
2025-06-30 18:00:00+00:00,3.710795,255.96373
2025-06-30 19:00:00+00:00,4.8733153,274.23633
2025-06-30 20:00:00+00:00,4.613762,249.44388
2025-06-30 21:00:00+00:00,7.0199995,202.6199
2025-06-30 22:00:00+00:00,6.1305785,229.76372
2025-06-30 23:00:00+00:00,6.206738,196.85847
2025-07-01 00:00:00+00:00,4.5891175,115.55992
2025-07-01 01:00:00+00:00,6.0721655,101.97612
2025-07-01 02:00:00+00:00,7.040739,94.39862
2025-07-01 03:00:00+00:00,8.0599,113.70266
2025-07-01 04:00:00+00:00,6.8541956,113.198616
2025-07-01 05:00:00+00:00,7.1208143,106.14441
2025-07-01 06:00:00+00:00,5.720489,102.72436
2025-07-01 07:00:00+00:00,5.5916004,93.691315
2025-07-01 08:00:00+00:00,5.441838,34.215755
2025-07-01 09:00:00+00:00,5.5829024,20.772345
2025-07-01 10:00:00+00:00,4.991553,25.640957
2025-07-01 11:00:00+00:00,1.26,90.0
2025-07-01 12:00:00+00:00,0.56920993,251.56496
2025-07-01 13:00:00+00:00,2.4482648,53.972538
2025-07-01 14:00:00+00:00,2.36753,351.2539
2025-07-01 15:00:00+00:00,3.710795,39.09386
2025-07-01 16:00:00+00:00,3.572898,40.9143
2025-07-01 17:00:00+00:00,3.0547013,44.999897
2025-07-01 18:00:00+00:00,2.5582807,50.710617
2025-07-01 19:00:00+00:00,2.6758924,19.653913
2025-07-01 20:00:00+00:00,2.36753,351.2539
2025-07-01 21:00:00+00:00,2.19718,325.0079
2025-07-01 22:00:00+00:00,1.659518,49.398785
2025-07-01 23:00:00+00:00,1.2727921,135.0001
2025-07-02 00:00:00+00:00,2.1749482,335.55606
2025-07-02 01:00:00+00:00,4.613762,69.44388
2025-07-02 02:00:00+00:00,6.8989563,74.875946
2025-07-02 03:00:00+00:00,8.171683,82.40546
2025-07-02 04:00:00+00:00,9.568824,73.61038
2025-07-02 05:00:00+00:00,10.99769,68.89509
2025-07-02 06:00:00+00:00,11.51578,65.03724
2025-07-02 07:00:00+00:00,12.886039,65.22488
2025-07-02 08:00:00+00:00,12.5807,56.082535
2025-07-02 09:00:00+00:00,12.37819,49.12768
2025-07-02 10:00:00+00:00,10.495713,59.03632
2025-07-02 11:00:00+00:00,8.400428,44.999897
2025-07-02 12:00:00+00:00,7.056826,52.253136
2025-07-02 13:00:00+00:00,5.7431,32.195713
2025-07-02 14:00:00+00:00,4.913044,28.442837
2025-07-02 15:00:00+00:00,3.2599385,96.340096
2025-07-02 16:00:00+00:00,2.5455842,98.13002
2025-07-02 17:00:00+00:00,3.148714,120.963684
2025-07-02 18:00:00+00:00,2.4482648,143.97253
2025-07-02 19:00:00+00:00,3.01735,162.64589
2025-07-02 20:00:00+00:00,4.5891175,168.69011
2025-07-02 21:00:00+00:00,3.7842832,177.27374
2025-07-02 22:00:00+00:00,3.01735,162.64589
2025-07-02 23:00:00+00:00,2.9301877,137.4896
2025-07-03 00:00:00+00:00,3.9966483,125.837746
2025-07-03 01:00:00+00:00,3.4152596,71.564964
2025-07-03 02:00:00+00:00,3.244996,70.559875
2025-07-03 03:00:00+00:00,4.0249224,79.69521
2025-07-03 04:00:00+00:00,2.226477,104.03627
2025-07-03 05:00:00+00:00,0.8049845,243.43501
2025-07-03 06:00:00+00:00,2.995797,302.7352
2025-07-03 07:00:00+00:00,5.369916,309.55963
2025-07-03 08:00:00+00:00,6.522361,320.59937
2025-07-03 09:00:00+00:00,4.412754,11.76827
2025-07-03 10:00:00+00:00,3.096837,125.537766
2025-07-03 11:00:00+00:00,4.8366103,315.0001
2025-07-03 12:00:00+00:00,5.6492476,300.65057
2025-07-03 13:00:00+00:00,3.9312592,285.94547
2025-07-03 14:00:00+00:00,4.3832865,199.17911
2025-07-03 15:00:00+00:00,7.3997297,184.18483
2025-07-03 16:00:00+00:00,5.297018,189.78233
2025-07-03 17:00:00+00:00,2.5264204,184.08554
2025-07-03 18:00:00+00:00,1.659518,229.39879
2025-07-03 19:00:00+00:00,1.659518,282.5288
2025-07-03 20:00:00+00:00,1.4058449,140.19447
2025-07-03 21:00:00+00:00,2.5772078,102.09474
2025-07-03 22:00:00+00:00,5.0911684,44.999897
2025-07-03 23:00:00+00:00,6.361415,64.8852
2025-07-04 00:00:00+00:00,5.7628117,75.52967
2025-07-04 01:00:00+00:00,7.3799996,90.0
2025-07-04 02:00:00+00:00,9.761578,84.710014
2025-07-04 03:00:00+00:00,11.190442,78.87085
2025-07-04 04:00:00+00:00,11.679213,65.409904
2025-07-04 05:00:00+00:00,10.83893,54.46224
2025-07-04 06:00:00+00:00,8.805294,40.855286
2025-07-04 07:00:00+00:00,8.748075,36.634212
2025-07-04 08:00:00+00:00,11.919479,38.25447
2025-07-04 09:00:00+00:00,12.750811,41.56628
2025-07-04 10:00:00+00:00,12.242646,48.57643
2025-07-04 11:00:00+00:00,8.027677,70.346085
2025-07-04 12:00:00+00:00,6.206738,106.85848
2025-07-04 13:00:00+00:00,5.7204895,114.14554
2025-07-04 14:00:00+00:00,5.8104043,73.81073
2025-07-04 15:00:00+00:00,7.256032,43.995014
2025-07-04 16:00:00+00:00,8.805294,40.855286
2025-07-04 17:00:00+00:00,8.55142,49.267986
2025-07-04 18:00:00+00:00,7.42159,39.09386
2025-07-04 19:00:00+00:00,7.7043357,37.405437
2025-07-04 20:00:00+00:00,7.653705,48.814175
2025-07-04 21:00:00+00:00,7.386582,43.02507
2025-07-04 22:00:00+00:00,7.1321807,42.954597
2025-07-04 23:00:00+00:00,8.461915,51.911175
2025-07-05 00:00:00+00:00,9.361731,52.02834
2025-07-05 01:00:00+00:00,9.9408245,58.324585
2025-07-05 02:00:00+00:00,10.8015,66.425285
2025-07-05 03:00:00+00:00,14.587776,74.248764
2025-07-05 04:00:00+00:00,14.743526,72.22859
2025-07-05 05:00:00+00:00,14.934577,74.623695
2025-07-05 06:00:00+00:00,13.091829,71.564964
2025-07-05 07:00:00+00:00,11.799271,68.52315
2025-07-05 08:00:00+00:00,10.711135,65.157646
2025-07-05 09:00:00+00:00,9.867218,51.666626
2025-07-05 10:00:00+00:00,12.061343,37.725063
2025-07-05 11:00:00+00:00,6.544677,58.495792
2025-07-05 12:00:00+00:00,6.122647,91.68465
2025-07-05 13:00:00+00:00,6.519877,83.659904
2025-07-05 14:00:00+00:00,7.3094187,52.001225
2025-07-05 15:00:00+00:00,9.957108,40.601215
2025-07-05 16:00:00+00:00,10.694485,46.363857
2025-07-05 17:00:00+00:00,10.233123,50.710617
2025-07-05 18:00:00+00:00,10.316686,47.12111
2025-07-05 19:00:00+00:00,8.942214,49.899166
2025-07-05 20:00:00+00:00,9.847496,59.215923
2025-07-05 21:00:00+00:00,10.4166975,80.04944
2025-07-05 22:00:00+00:00,12.0720825,87.43629
2025-07-05 23:00:00+00:00,10.51576,83.11838
2025-07-06 00:00:00+00:00,12.841963,58.76084
2025-07-06 01:00:00+00:00,14.892213,63.435013
2025-07-06 02:00:00+00:00,18.331741,70.49747
2025-07-06 03:00:00+00:00,20.128637,74.96952
2025-07-06 04:00:00+00:00,19.533937,73.40182
2025-07-06 05:00:00+00:00,20.275385,73.49557
2025-07-06 06:00:00+00:00,19.829433,74.197426
2025-07-06 07:00:00+00:00,19.60761,74.5603
2025-07-06 08:00:00+00:00,18.865683,74.5051
2025-07-06 09:00:00+00:00,19.070658,70.70986
2025-07-06 10:00:00+00:00,17.046865,68.310875
2025-07-06 11:00:00+00:00,14.319901,75.43969
2025-07-06 12:00:00+00:00,12.399112,76.56896
2025-07-06 13:00:00+00:00,12.810386,70.29193
2025-07-06 14:00:00+00:00,13.854155,65.432846
2025-07-06 15:00:00+00:00,13.854155,65.432846
2025-07-06 16:00:00+00:00,13.237039,67.61982
2025-07-06 17:00:00+00:00,12.472065,69.73422
2025-07-06 18:00:00+00:00,11.9466305,59.18437
2025-07-06 19:00:00+00:00,11.196232,53.49847
2025-07-06 20:00:00+00:00,9.7880945,57.77127
2025-07-06 21:00:00+00:00,9.102021,65.46229
2025-07-06 22:00:00+00:00,9.526405,67.79647
2025-07-06 23:00:00+00:00,9.847496,71.89614
2025-07-07 00:00:00+00:00,10.3480425,76.93068
2025-07-07 01:00:00+00:00,9.172938,74.054535
2025-07-07 02:00:00+00:00,10.609316,75.25639
2025-07-07 03:00:00+00:00,12.534257,77.560455
2025-07-07 04:00:00+00:00,13.556282,79.28693
2025-07-07 05:00:00+00:00,13.533558,76.14857
2025-07-07 06:00:00+00:00,12.69351,71.821884
2025-07-07 07:00:00+00:00,12.638512,72.597206
2025-07-07 08:00:00+00:00,13.288341,65.17068
2025-07-07 09:00:00+00:00,13.040997,69.81411
2025-07-07 10:00:00+00:00,8.587338,33.023872
2025-07-07 11:00:00+00:00,7.6579366,29.577742
2025-07-07 12:00:00+00:00,5.991594,32.73523
2025-07-07 13:00:00+00:00,6.7853074,21.801476
2025-07-07 14:00:00+00:00,5.195113,14.036275
2025-07-07 15:00:00+00:00,3.6,360.0
2025-07-07 16:00:00+00:00,3.7585104,343.3007
2025-07-07 17:00:00+00:00,3.462369,8.97255
2025-07-07 18:00:00+00:00,4.4565907,43.36347
2025-07-07 19:00:00+00:00,6.6624317,51.581917
2025-07-07 20:00:00+00:00,8.217153,61.189304
2025-07-07 21:00:00+00:00,10.1456785,64.79892
2025-07-07 22:00:00+00:00,8.707237,60.255207
2025-07-07 23:00:00+00:00,8.93859,64.98315
2025-07-08 00:00:00+00:00,10.706596,63.00425
2025-07-08 01:00:00+00:00,11.465024,67.86446
2025-07-08 02:00:00+00:00,12.442153,75.76269
2025-07-08 03:00:00+00:00,13.723745,73.2287
2025-07-08 04:00:00+00:00,15.710607,71.98014
2025-07-08 05:00:00+00:00,17.728857,74.69381
2025-07-08 06:00:00+00:00,18.59845,75.42574
2025-07-08 07:00:00+00:00,19.255793,69.19314
2025-07-08 08:00:00+00:00,19.56046,75.068535
2025-07-08 09:00:00+00:00,19.189215,73.09476
2025-07-08 10:00:00+00:00,15.506141,80.647095
2025-07-08 11:00:00+00:00,14.275713,76.138954
2025-07-08 12:00:00+00:00,12.841963,84.369415
2025-07-08 13:00:00+00:00,11.503113,69.86362
2025-07-08 14:00:00+00:00,10.662626,68.19853
2025-07-08 15:00:00+00:00,10.144082,62.525658
2025-07-08 16:00:00+00:00,10.1887,57.99466
2025-07-08 17:00:00+00:00,9.885262,56.88865
2025-07-08 18:00:00+00:00,10.223619,63.886147
2025-07-08 19:00:00+00:00,10.365251,69.67678
2025-07-08 20:00:00+00:00,10.814989,71.564964
2025-07-08 21:00:00+00:00,12.093535,75.34321
2025-07-08 22:00:00+00:00,12.57426,76.75947
2025-07-08 23:00:00+00:00,12.093534,85.73219
2025-07-09 00:00:00+00:00,13.184308,94.6986
2025-07-09 01:00:00+00:00,14.264361,100.17545
2025-07-09 02:00:00+00:00,13.004921,94.76356
2025-07-09 03:00:00+00:00,13.504799,91.52749
2025-07-09 04:00:00+00:00,12.425216,88.33975
2025-07-09 05:00:00+00:00,12.781267,89.19309
2025-07-09 06:00:00+00:00,10.564942,81.1797
2025-07-09 07:00:00+00:00,12.007498,77.00539
2025-07-09 08:00:00+00:00,10.272623,78.88701
2025-07-09 09:00:00+00:00,8.035746,74.407135
2025-07-09 10:00:00+00:00,8.714677,38.290207
2025-07-09 11:00:00+00:00,4.913044,61.55718
2025-07-09 12:00:00+00:00,3.4388947,132.87889
2025-07-09 13:00:00+00:00,3.494968,124.50858
2025-07-09 14:00:00+00:00,3.9477081,46.8476
2025-07-09 15:00:00+00:00,4.8466477,15.068549
2025-07-09 16:00:00+00:00,4.2671766,27.645891
2025-07-09 17:00:00+00:00,3.8521678,37.405437
2025-07-09 18:00:00+00:00,4.2021427,46.73567
2025-07-09 19:00:00+00:00,3.8141315,19.290138
2025-07-09 20:00:00+00:00,3.244996,19.440128
2025-07-09 21:00:00+00:00,2.995797,32.73523
2025-07-09 22:00:00+00:00,2.907989,111.801476
2025-07-09 23:00:00+00:00,2.6999998,36.86998
2025-07-10 00:00:00+00:00,3.9640884,39.47243
2025-07-10 01:00:00+00:00,3.4576871,38.65983
2025-07-10 02:00:00+00:00,2.4482648,53.972538
2025-07-10 03:00:00+00:00,2.3400002,112.61991
2025-07-10 04:00:00+00:00,2.3469129,122.471176
2025-07-10 05:00:00+00:00,3.096837,125.537766
2025-07-10 06:00:00+00:00,2.6758924,137.72638
2025-07-10 07:00:00+00:00,1.4512063,119.74479
2025-07-10 08:00:00+00:00,1.7076298,71.564964
2025-07-10 09:00:00+00:00,0.8049845,296.56497
2025-07-10 10:00:00+00:00,4.724786,252.25523
2025-07-10 11:00:00+00:00,6.6405115,237.17146
2025-07-10 12:00:00+00:00,7.2044983,257.00537
2025-07-10 13:00:00+00:00,7.6642804,260.53775
2025-07-10 14:00:00+00:00,6.9550843,259.56256
2025-07-10 15:00:00+00:00,6.6087217,240.64233
2025-07-10 16:00:00+00:00,5.876938,229.9698
2025-07-10 17:00:00+00:00,5.318383,246.0375
2025-07-10 18:00:00+00:00,4.942631,259.50858
2025-07-10 19:00:00+00:00,4.913044,261.57312
2025-07-10 20:00:00+00:00,5.920878,250.46326
2025-07-10 21:00:00+00:00,6.6087217,240.64233
2025-07-10 22:00:00+00:00,3.9477081,245.77226
2025-07-10 23:00:00+00:00,3.219938,206.56499
2025-07-11 00:00:00+00:00,4.8733153,175.76369
2025-07-11 01:00:00+00:00,4.802999,192.99461
2025-07-11 02:00:00+00:00,3.671294,258.6901
2025-07-11 03:00:00+00:00,2.7416782,293.1986
2025-07-11 04:00:00+00:00,2.1674871,274.76355
2025-07-11 05:00:00+00:00,2.52,270.0
2025-07-11 06:00:00+00:00,3.4152596,288.43503
2025-07-11 07:00:00+00:00,4.3498964,294.44394
2025-07-11 08:00:00+00:00,5.2478566,275.90604
2025-07-11 09:00:00+00:00,7.5942073,275.44025
2025-07-11 10:00:00+00:00,7.596341,283.70697
2025-07-11 11:00:00+00:00,7.8728137,259.46088
2025-07-11 12:00:00+00:00,7.0199995,247.3801
2025-07-11 13:00:00+00:00,6.2067385,240.4613
2025-07-11 14:00:00+00:00,6.522361,230.59937
2025-07-11 15:00:00+00:00,6.156947,217.87505
2025-07-11 16:00:00+00:00,6.297428,210.96368
2025-07-11 17:00:00+00:00,6.198903,205.82094
2025-07-11 18:00:00+00:00,4.8466477,195.06854
2025-07-11 19:00:00+00:00,5.318383,203.9625
2025-07-11 20:00:00+00:00,5.369916,230.44037
2025-07-11 21:00:00+00:00,4.1556225,252.3498
2025-07-11 22:00:00+00:00,4.3498964,294.44394
2025-07-11 23:00:00+00:00,5.6262593,277.3523
2025-07-12 00:00:00+00:00,4.2366967,192.26476
2025-07-12 01:00:00+00:00,6.037383,190.3048
2025-07-12 02:00:00+00:00,5.0528407,184.08554
2025-07-12 03:00:00+00:00,3.0652893,139.76372
2025-07-12 04:00:00+00:00,4.32,90.0
2025-07-12 05:00:00+00:00,5.4744864,62.59251
2025-07-12 06:00:00+00:00,6.391901,57.652576
2025-07-12 07:00:00+00:00,6.7469993,43.91917
2025-07-12 08:00:00+00:00,5.692099,34.69522
2025-07-12 09:00:00+00:00,5.920878,19.536749
2025-07-12 10:00:00+00:00,5.1919937,33.6901
2025-07-12 11:00:00+00:00,3.143565,76.75947
2025-07-12 12:00:00+00:00,2.0991426,59.03632
2025-07-12 13:00:00+00:00,3.9477081,65.77226
2025-07-12 14:00:00+00:00,5.3999996,53.13002
2025-07-12 15:00:00+00:00,7.0407386,57.528828
2025-07-12 16:00:00+00:00,6.601363,64.133705
2025-07-12 17:00:00+00:00,6.452441,67.01126
2025-07-12 18:00:00+00:00,5.5596404,60.94549
2025-07-12 19:00:00+00:00,5.00128,30.256361
2025-07-12 20:00:00+00:00,2.6999998,360.0
2025-07-12 21:00:00+00:00,2.6999998,270.0
2025-07-12 22:00:00+00:00,2.5455842,351.87
2025-07-12 23:00:00+00:00,1.6981165,147.99466
2025-07-13 00:00:00+00:00,6.12,151.92761
2025-07-13 01:00:00+00:00,4.7110505,136.54811
2025-07-13 02:00:00+00:00,7.040739,94.39862
2025-07-13 03:00:00+00:00,11.126562,80.69013
2025-07-13 04:00:00+00:00,13.842457,77.22876
2025-07-13 05:00:00+00:00,15.501959,77.254715
2025-07-13 06:00:00+00:00,15.779543,69.290886
2025-07-13 07:00:00+00:00,14.689589,72.89719
2025-07-13 08:00:00+00:00,13.926464,75.78412
2025-07-13 09:00:00+00:00,11.063778,68.025444
2025-07-13 10:00:00+00:00,9.299225,42.64668
2025-07-13 11:00:00+00:00,6.6405115,57.17146
2025-07-13 12:00:00+00:00,1.8,143.13002
2025-07-13 13:00:00+00:00,3.06,208.07239
2025-07-13 14:00:00+00:00,3.06,208.07239
2025-07-13 15:00:00+00:00,1.3708391,246.80138
2025-07-13 16:00:00+00:00,3.550155,329.53452
2025-07-13 17:00:00+00:00,2.34,270.0
2025-07-13 18:00:00+00:00,3.644722,249.77505
2025-07-13 19:00:00+00:00,5.2694216,262.1468
2025-07-13 20:00:00+00:00,5.195113,255.96373
2025-07-13 21:00:00+00:00,3.219938,243.43501
2025-07-13 22:00:00+00:00,4.8899083,276.3401
2025-07-13 23:00:00+00:00,7.0199995,292.6199
2025-07-14 00:00:00+00:00,7.1208143,286.1444
2025-07-14 01:00:00+00:00,10.261579,248.38516
2025-07-14 02:00:00+00:00,11.7,239.48984
2025-07-14 03:00:00+00:00,9.3962755,253.30067
2025-07-14 04:00:00+00:00,8.32877,263.79663
2025-07-14 05:00:00+00:00,7.3997297,274.18484
2025-07-14 06:00:00+00:00,7.458606,278.32556
2025-07-14 07:00:00+00:00,7.968939,288.43503
2025-07-14 08:00:00+00:00,7.748368,272.66293
2025-07-14 09:00:00+00:00,9.227524,249.44388
2025-07-14 10:00:00+00:00,3.5455887,23.962492
2025-07-14 11:00:00+00:00,4.7657523,79.11452
2025-07-14 12:00:00+00:00,2.4482646,107.10281
2025-07-14 13:00:00+00:00,3.244996,356.82022
2025-07-14 14:00:00+00:00,5.5799994,360.0
2025-07-14 15:00:00+00:00,3.381893,295.20108
2025-07-14 16:00:00+00:00,3.8141315,289.29013
2025-07-14 17:00:00+00:00,4.452954,284.03625
2025-07-14 18:00:00+00:00,4.5572357,260.9098
2025-07-14 19:00:00+00:00,3.0652893,220.23628
2025-07-14 20:00:00+00:00,3.1845248,227.29063
2025-07-14 21:00:00+00:00,5.2416787,254.05453
2025-07-14 22:00:00+00:00,2.0124612,243.43501
2025-07-14 23:00:00+00:00,1.484318,284.03625
2025-07-15 00:00:00+00:00,2.97953,295.01685
2025-07-15 01:00:00+00:00,4.5891175,318.1799
2025-07-15 02:00:00+00:00,3.8183763,351.87
2025-07-15 03:00:00+00:00,4.752136,37.30404
2025-07-15 04:00:00+00:00,5.0911684,44.999897
2025-07-15 05:00:00+00:00,4.5891175,25.559923
2025-07-15 06:00:00+00:00,4.3349743,4.763556
2025-07-15 07:00:00+00:00,4.327493,343.0724
2025-07-15 08:00:00+00:00,6.804381,322.52374
2025-07-15 09:00:00+00:00,7.570707,298.3929
2025-07-15 10:00:00+00:00,8.0599,209.42737
2025-07-15 11:00:00+00:00,10.30883,204.77512
2025-07-15 12:00:00+00:00,7.7879906,213.6901
2025-07-15 13:00:00+00:00,5.6262593,262.6477
2025-07-15 14:00:00+00:00,6.302571,268.36346
2025-07-15 15:00:00+00:00,6.849467,273.01273
2025-07-15 16:00:00+00:00,6.8423676,268.49258
2025-07-15 17:00:00+00:00,6.9899354,258.11136
2025-07-15 18:00:00+00:00,7.8583965,249.90468
2025-07-15 19:00:00+00:00,6.28713,246.3706
2025-07-15 20:00:00+00:00,8.027677,250.34608
2025-07-15 21:00:00+00:00,9.266067,245.9245
2025-07-15 22:00:00+00:00,8.490582,265.13556
2025-07-15 23:00:00+00:00,6.1120534,283.627
2025-07-16 00:00:00+00:00,3.362677,285.52417
2025-07-16 01:00:00+00:00,1.7076298,251.56496
2025-07-16 02:00:00+00:00,2.8856194,176.42374
2025-07-16 03:00:00+00:00,2.5772078,167.90526
2025-07-16 04:00:00+00:00,2.6758924,199.65392
2025-07-16 05:00:00+00:00,3.8268526,221.18582
2025-07-16 06:00:00+00:00,6.151683,249.44386
2025-07-16 07:00:00+00:00,4.0449967,237.72438
2025-07-16 08:00:00+00:00,2.8174455,243.43501
2025-07-16 09:00:00+00:00,3.710795,219.09384
2025-07-16 10:00:00+00:00,7.841887,238.13406
2025-07-16 11:00:00+00:00,10.365251,249.67677
2025-07-16 12:00:00+00:00,9.05205,252.64589
2025-07-16 13:00:00+00:00,9.335737,250.86626
2025-07-16 14:00:00+00:00,12.134992,249.14546
2025-07-16 15:00:00+00:00,13.055896,254.8141
2025-07-16 16:00:00+00:00,11.837651,261.2539
2025-07-16 17:00:00+00:00,11.183201,266.3087
2025-07-16 18:00:00+00:00,10.594036,260.21765
2025-07-16 19:00:00+00:00,9.82279,256.21838
2025-07-16 20:00:00+00:00,7.928177,230.52757
2025-07-16 21:00:00+00:00,8.43699,236.3099
2025-07-16 22:00:00+00:00,6.6818557,265.36462
2025-07-16 23:00:00+00:00,4.6834598,272.20255
2025-07-17 00:00:00+00:00,6.1437774,238.17259
2025-07-17 01:00:00+00:00,7.120815,249.27435
2025-07-17 02:00:00+00:00,9.568824,253.61038
2025-07-17 03:00:00+00:00,10.534229,250.0168
2025-07-17 04:00:00+00:00,10.163227,247.06787
2025-07-17 05:00:00+00:00,10.662626,248.19853
2025-07-17 06:00:00+00:00,12.535548,254.16754
2025-07-17 07:00:00+00:00,13.1412325,256.5348
2025-07-17 08:00:00+00:00,14.650938,259.3804
2025-07-17 09:00:00+00:00,16.813387,254.47583
2025-07-17 10:00:00+00:00,13.441071,249.62347
2025-07-17 11:00:00+00:00,13.026081,258.84537
2025-07-17 12:00:00+00:00,10.658068,265.1561
2025-07-17 13:00:00+00:00,10.644379,266.12155
2025-07-17 14:00:00+00:00,11.157097,252.1496
2025-07-17 15:00:00+00:00,12.440851,238.60979
2025-07-17 16:00:00+00:00,11.9140415,243.0479
2025-07-17 17:00:00+00:00,11.177405,255.06853
2025-07-17 18:00:00+00:00,10.853866,264.2895
2025-07-17 19:00:00+00:00,9.926147,265.84042
2025-07-17 20:00:00+00:00,10.801499,270.9548
2025-07-17 21:00:00+00:00,9.914717,273.12207
2025-07-17 22:00:00+00:00,8.085988,286.8215
2025-07-17 23:00:00+00:00,7.256032,277.1249
2025-07-18 00:00:00+00:00,7.69592,259.21576
2025-07-18 01:00:00+00:00,8.777653,254.53873
2025-07-18 02:00:00+00:00,11.074022,262.52853
2025-07-18 03:00:00+00:00,11.9140415,265.66776
2025-07-18 04:00:00+00:00,13.239487,262.9717
2025-07-18 05:00:00+00:00,13.878688,267.02634
2025-07-18 06:00:00+00:00,14.4415655,259.9507
2025-07-18 07:00:00+00:00,13.060857,262.8751
2025-07-18 08:00:00+00:00,14.581113,269.2927
2025-07-18 09:00:00+00:00,15.192682,256.29303
2025-07-18 10:00:00+00:00,12.324414,263.29025
2025-07-18 11:00:00+00:00,11.91812,244.98314
2025-07-18 12:00:00+00:00,10.934166,237.09476
2025-07-18 13:00:00+00:00,9.167638,223.4089
2025-07-18 14:00:00+00:00,6.8919086,220.76352
2025-07-18 15:00:00+00:00,6.299999,233.13002
2025-07-18 16:00:00+00:00,6.544677,238.49579
2025-07-18 17:00:00+00:00,6.3639607,241.2603
2025-07-18 18:00:00+00:00,6.330782,255.17348
2025-07-18 19:00:00+00:00,7.4346757,263.04712
2025-07-18 20:00:00+00:00,9.3876505,265.60138
2025-07-18 21:00:00+00:00,10.837435,265.23645
2025-07-18 22:00:00+00:00,8.613709,259.15973
2025-07-18 23:00:00+00:00,6.698806,263.82993
2025-07-19 00:00:00+00:00,5.506941,281.3099
2025-07-19 01:00:00+00:00,6.889557,289.85532
2025-07-19 02:00:00+00:00,8.707238,277.1249
2025-07-19 03:00:00+00:00,10.453957,267.03912
2025-07-19 04:00:00+00:00,12.273043,265.7947
2025-07-19 05:00:00+00:00,12.971244,267.6141
2025-07-19 06:00:00+00:00,12.440851,266.68228
2025-07-19 07:00:00+00:00,11.659777,261.11942
2025-07-19 08:00:00+00:00,12.145665,263.19104
2025-07-19 09:00:00+00:00,8.12197,257.19574
2025-07-19 10:00:00+00:00,11.362834,310.50278
2025-07-19 11:00:00+00:00,2.4482648,323.97253
2025-07-19 12:00:00+00:00,6.439876,153.43501
2025-07-19 13:00:00+00:00,8.0599,150.57263
2025-07-19 14:00:00+00:00,7.9932966,144.16226
2025-07-19 15:00:00+00:00,6.384293,130.426
2025-07-19 16:00:00+00:00,5.5887027,104.93147
2025-07-19 17:00:00+00:00,5.1544156,77.90526
2025-07-19 18:00:00+00:00,5.22,46.39711
2025-07-19 19:00:00+00:00,5.7176566,28.178495
2025-07-19 20:00:00+00:00,3.438895,6.0089183
2025-07-19 21:00:00+00:00,1.835647,348.6901
2025-07-19 22:00:00+00:00,5.6835546,10.954029
2025-07-19 23:00:00+00:00,6.76618,28.610369
2025-07-20 00:00:00+00:00,6.269067,39.173653
2025-07-20 01:00:00+00:00,5.00128,30.256361
2025-07-20 02:00:00+00:00,4.514377,23.498587
2025-07-20 03:00:00+00:00,2.0124612,10.304792
2025-07-20 04:00:00+00:00,2.1749482,294.44394
2025-07-20 05:00:00+00:00,4.6277857,283.49576
2025-07-20 06:00:00+00:00,6.6087217,299.35767
2025-07-20 07:00:00+00:00,6.1305785,319.7637
2025-07-20 08:00:00+00:00,5.6521144,307.23492
2025-07-20 09:00:00+00:00,6.1437774,275.04236
2025-07-20 10:00:00+00:00,5.1197267,259.8754
2025-07-20 11:00:00+00:00,5.8104043,196.18927
2025-07-20 12:00:00+00:00,4.5,216.86998
2025-07-20 13:00:00+00:00,2.7475805,301.60745
2025-07-20 14:00:00+00:00,3.06,270.0
2025-07-20 15:00:00+00:00,3.362677,254.47583
2025-07-20 16:00:00+00:00,5.6521144,260.83774
2025-07-20 17:00:00+00:00,6.698806,263.82993
2025-07-20 18:00:00+00:00,7.293888,254.24875
2025-07-20 19:00:00+00:00,7.562142,231.76613
2025-07-20 20:00:00+00:00,8.037761,214.04597
2025-07-20 21:00:00+00:00,8.39657,210.96368
2025-07-20 22:00:00+00:00,8.699793,204.44394
2025-07-20 23:00:00+00:00,8.707237,209.7448
2025-07-21 00:00:00+00:00,8.55142,220.73201
2025-07-21 01:00:00+00:00,7.689603,237.42595
2025-07-21 02:00:00+00:00,9.96524,253.20154
2025-07-21 03:00:00+00:00,9.039514,257.34744
2025-07-21 04:00:00+00:00,6.8423676,271.5074
2025-07-21 05:00:00+00:00,5.5887027,284.93146
2025-07-21 06:00:00+00:00,5.634891,296.56497
2025-07-21 07:00:00+00:00,5.402999,299.98157
2025-07-21 08:00:00+00:00,5.896202,301.26367
2025-07-21 09:00:00+00:00,5.2478566,292.16638
2025-07-21 10:00:00+00:00,3.9640884,309.47244
2025-07-21 11:00:00+00:00,2.7943513,284.93146
2025-07-21 12:00:00+00:00,2.0523157,232.12495
2025-07-21 13:00:00+00:00,4.3274937,224.9999
2025-07-21 14:00:00+00:00,4.7521367,204.62355
2025-07-21 15:00:00+00:00,4.060985,167.19574
2025-07-21 16:00:00+00:00,4.1046314,142.12495
2025-07-21 17:00:00+00:00,3.550155,120.46546
2025-07-21 18:00:00+00:00,3.2599385,96.340096
2025-07-21 19:00:00+00:00,2.2553935,61.389645
2025-07-21 20:00:00+00:00,0.40249225,206.56499
2025-07-21 21:00:00+00:00,3.9477081,226.8476
2025-07-21 22:00:00+00:00,4.514377,246.50142
2025-07-21 23:00:00+00:00,4.6800003,247.3801
2025-07-22 00:00:00+00:00,5.6835546,259.046
2025-07-22 01:00:00+00:00,5.637765,286.6993
2025-07-22 02:00:00+00:00,4.846648,301.32864
2025-07-22 03:00:00+00:00,3.8141315,250.70985
2025-07-22 04:00:00+00:00,5.5216303,250.9743
2025-07-22 05:00:00+00:00,6.5693827,260.53775
2025-07-22 06:00:00+00:00,8.951267,254.84587
2025-07-22 07:00:00+00:00,10.310403,253.77974
2025-07-22 08:00:00+00:00,12.145665,263.19104
2025-07-22 09:00:00+00:00,11.7,270.0
2025-07-22 10:00:00+00:00,10.2742,266.98727
2025-07-22 11:00:00+00:00,8.669949,274.76355
2025-07-22 12:00:00+00:00,7.186487,247.93205
2025-07-22 13:00:00+00:00,6.1569467,254.74483
2025-07-22 14:00:00+00:00,7.0911775,246.0375
2025-07-22 15:00:00+00:00,7.0407386,237.52882
2025-07-22 16:00:00+00:00,7.1389914,236.3099
2025-07-22 17:00:00+00:00,7.570707,241.60707
2025-07-22 18:00:00+00:00,7.731623,245.22488
2025-07-22 19:00:00+00:00,8.36758,251.1752
2025-07-22 20:00:00+00:00,7.8954163,245.77226
2025-07-22 21:00:00+00:00,7.2403865,235.1246
2025-07-22 22:00:00+00:00,6.193674,215.53777
2025-07-22 23:00:00+00:00,5.6233797,219.80553
2025-07-23 00:00:00+00:00,4.278551,247.75093
2025-07-23 01:00:00+00:00,5.2416787,254.05453
2025-07-23 02:00:00+00:00,9.321845,259.9921
2025-07-23 03:00:00+00:00,9.0,253.73972
2025-07-23 04:00:00+00:00,7.6473517,243.43501
2025-07-23 05:00:00+00:00,6.452441,239.85869
2025-07-23 06:00:00+00:00,4.2671766,242.35411
2025-07-23 07:00:00+00:00,3.438895,263.9911
2025-07-23 08:00:00+00:00,3.710795,284.03625
2025-07-23 09:00:00+00:00,4.846648,301.32864
2025-07-23 10:00:00+00:00,9.741642,343.90912
2025-07-23 11:00:00+00:00,5.7964473,334.2307
2025-07-23 12:00:00+00:00,2.1897945,350.53775
2025-07-23 13:00:00+00:00,5.4656014,252.75845
2025-07-23 14:00:00+00:00,5.48631,228.99101
2025-07-23 15:00:00+00:00,4.5891175,205.55992
2025-07-23 16:00:00+00:00,2.50064,149.74365
2025-07-23 17:00:00+00:00,1.1384199,161.56496
2025-07-23 18:00:00+00:00,1.5484185,234.46223
2025-07-23 19:00:00+00:00,1.5484185,234.46223
2025-07-23 20:00:00+00:00,2.995797,212.73521
2025-07-23 21:00:00+00:00,3.4576871,218.65984
2025-07-23 22:00:00+00:00,1.4512063,352.87506
2025-07-23 23:00:00+00:00,2.5071096,68.96242
2025-07-24 00:00:00+00:00,2.7534704,168.69011
2025-07-24 01:00:00+00:00,3.2048087,231.84273
2025-07-24 02:00:00+00:00,2.0124612,280.30478
2025-07-24 03:00:00+00:00,4.278551,14.620926
2025-07-24 04:00:00+00:00,5.1826253,69.67678
2025-07-24 05:00:00+00:00,8.019601,99.039406
2025-07-24 06:00:00+00:00,9.847496,108.10386
2025-07-24 07:00:00+00:00,10.564942,98.820305
2025-07-24 08:00:00+00:00,11.700001,75.74994
2025-07-24 09:00:00+00:00,9.96524,73.201546
2025-07-24 10:00:00+00:00,11.571914,74.66666
2025-07-24 11:00:00+00:00,10.00256,59.743652
2025-07-24 12:00:00+00:00,8.019601,44.090717
2025-07-24 13:00:00+00:00,6.623413,47.20262
2025-07-24 14:00:00+00:00,7.0934615,35.706783
2025-07-24 15:00:00+00:00,7.344794,36.027473
2025-07-24 16:00:00+00:00,6.7565966,48.2398
2025-07-24 17:00:00+00:00,5.9617786,61.113514
2025-07-24 18:00:00+00:00,5.7515564,69.86362
2025-07-24 19:00:00+00:00,7.0199995,67.3801
2025-07-24 20:00:00+00:00,8.836514,56.63362
2025-07-24 21:00:00+00:00,9.927779,67.61982
2025-07-24 22:00:00+00:00,10.360559,82.010765
2025-07-24 23:00:00+00:00,12.825552,94.83033
2025-07-25 00:00:00+00:00,13.397612,96.17008
2025-07-25 01:00:00+00:00,12.841963,95.63059
2025-07-25 02:00:00+00:00,10.805999,91.90912
2025-07-25 03:00:00+00:00,8.649369,77.98855
2025-07-25 04:00:00+00:00,8.39078,67.28555
2025-07-25 05:00:00+00:00,9.600937,59.589005
2025-07-25 06:00:00+00:00,12.074766,63.435013
2025-07-25 07:00:00+00:00,12.785069,54.743572
2025-07-25 08:00:00+00:00,13.379461,56.523697
2025-07-25 09:00:00+00:00,14.761098,52.431335
2025-07-25 10:00:00+00:00,12.979984,56.3099
2025-07-25 11:00:00+00:00,11.043261,70.974304
2025-07-25 12:00:00+00:00,7.16617,64.72231
2025-07-25 13:00:00+00:00,8.297589,49.398785
2025-07-25 14:00:00+00:00,10.6261,63.86906
2025-07-25 15:00:00+00:00,12.016938,73.46509
2025-07-25 16:00:00+00:00,10.564941,76.20049
2025-07-25 17:00:00+00:00,9.335737,70.866264
2025-07-25 18:00:00+00:00,5.4656014,72.75845
2025-07-25 19:00:00+00:00,1.9881649,84.805664
2025-07-25 20:00:00+00:00,2.3469126,274.39862
2025-07-25 21:00:00+00:00,3.9966488,262.23492
2025-07-25 22:00:00+00:00,4.863332,231.009
2025-07-25 23:00:00+00:00,4.080882,221.42357
2025-07-26 00:00:00+00:00,2.995797,237.26477
2025-07-26 01:00:00+00:00,2.0991426,329.03632
2025-07-26 02:00:00+00:00,1.9134263,48.814175
2025-07-26 03:00:00+00:00,3.5864744,72.47434
2025-07-26 04:00:00+00:00,4.863332,51.009003
2025-07-26 05:00:00+00:00,6.4096174,51.842735
2025-07-26 06:00:00+00:00,6.444905,35.909817
2025-07-26 07:00:00+00:00,7.1208143,16.144413
2025-07-26 08:00:00+00:00,5.7852573,354.64426
2025-07-26 09:00:00+00:00,4.724786,310.36444
2025-07-26 10:00:00+00:00,3.319036,12.528798
2025-07-26 11:00:00+00:00,2.0124612,169.6952
2025-07-26 12:00:00+00:00,5.5829024,200.77234
2025-07-26 13:00:00+00:00,2.4482648,216.02747
2025-07-26 14:00:00+00:00,2.0124612,259.69522
2025-07-26 15:00:00+00:00,2.3400002,292.6199
2025-07-26 16:00:00+00:00,2.5582807,320.7106
2025-07-26 17:00:00+00:00,3.148714,329.03632
2025-07-26 18:00:00+00:00,1.9134263,221.18582
2025-07-26 19:00:00+00:00,1.0495713,300.96368
2025-07-26 20:00:00+00:00,2.5959969,236.3099
2025-07-26 21:00:00+00:00,5.0528407,274.08554
2025-07-26 22:00:00+00:00,5.1544156,257.90524
2025-07-26 23:00:00+00:00,3.2846913,279.46225
2025-07-27 00:00:00+00:00,2.1068459,19.983198
2025-07-27 01:00:00+00:00,4.6102495,38.65983
2025-07-27 02:00:00+00:00,6.2379804,46.169064
2025-07-27 03:00:00+00:00,6.698806,59.300358
2025-07-27 04:00:00+00:00,8.049845,63.435013
2025-07-27 05:00:00+00:00,9.039514,54.727493
2025-07-27 06:00:00+00:00,8.863972,60.832493
2025-07-27 07:00:00+00:00,8.731391,75.677246
2025-07-27 08:00:00+00:00,6.4323244,72.07199
2025-07-27 09:00:00+00:00,7.1684303,61.504463
2025-07-27 10:00:00+00:00,8.0599,66.29735
2025-07-27 11:00:00+00:00,8.139901,54.90411
2025-07-27 12:00:00+00:00,6.050785,59.620956
2025-07-27 13:00:00+00:00,6.1305785,40.236294
2025-07-27 14:00:00+00:00,6.341009,34.592358
2025-07-27 15:00:00+00:00,6.8919086,49.236485
2025-07-27 16:00:00+00:00,7.1684303,51.115498
2025-07-27 17:00:00+00:00,7.2,53.13002
2025-07-27 18:00:00+00:00,7.928177,50.52757
2025-07-27 19:00:00+00:00,8.415842,48.468323
2025-07-27 20:00:00+00:00,10.152064,52.92685
2025-07-27 21:00:00+00:00,11.885453,54.865723
2025-07-27 22:00:00+00:00,10.534229,56.852993
2025-07-27 23:00:00+00:00,10.070353,65.72557
2025-07-28 00:00:00+00:00,10.435344,75.004875
2025-07-28 01:00:00+00:00,10.587917,72.18102
2025-07-28 02:00:00+00:00,11.431062,63.8385
2025-07-28 03:00:00+00:00,11.7,59.48984
2025-07-28 04:00:00+00:00,15.844089,68.68202
2025-07-28 05:00:00+00:00,14.81259,64.05776
2025-07-28 06:00:00+00:00,17.594023,76.39025
2025-07-28 07:00:00+00:00,14.260953,85.656845
2025-07-28 08:00:00+00:00,11.612441,71.00326
2025-07-28 09:00:00+00:00,11.843124,65.77226
2025-07-28 10:00:00+00:00,13.184308,51.095856
2025-07-28 11:00:00+00:00,9.19939,59.420856
2025-07-28 12:00:00+00:00,1.659518,12.528798
2025-07-28 13:00:00+00:00,2.7059932,266.186
2025-07-28 14:00:00+00:00,3.06,298.0724
2025-07-28 15:00:00+00:00,3.06,270.0
2025-07-28 16:00:00+00:00,3.9966483,305.83774
2025-07-28 17:00:00+00:00,4.3498964,294.44394
2025-07-28 18:00:00+00:00,2.5772076,245.22488
2025-07-28 19:00:00+00:00,3.4388947,227.12111
2025-07-28 20:00:00+00:00,3.9477081,226.8476
2025-07-28 21:00:00+00:00,3.494968,235.49141
2025-07-28 22:00:00+00:00,1.5379207,249.44386
2025-07-28 23:00:00+00:00,2.50064,30.256361
2025-07-29 00:00:00+00:00,2.1749482,65.55606
2025-07-29 01:00:00+00:00,1.4512063,60.255207
2025-07-29 02:00:00+00:00,2.8174455,26.564985
2025-07-29 03:00:00+00:00,4.412754,11.76827
2025-07-29 04:00:00+00:00,4.514377,23.498587
2025-07-29 05:00:00+00:00,5.3517847,42.27363
2025-07-29 06:00:00+00:00,6.623413,47.20262
2025-07-29 07:00:00+00:00,7.2,36.86999
2025-07-29 08:00:00+00:00,7.3447943,17.102825
2025-07-29 09:00:00+00:00,6.130579,356.6336
2025-07-29 10:00:00+00:00,2.9522195,307.56866
2025-07-29 11:00:00+00:00,3.8939953,303.6901
2025-07-29 12:00:00+00:00,5.232399,266.0549
2025-07-29 13:00:00+00:00,4.452954,255.96373
2025-07-29 14:00:00+00:00,5.257109,231.95291
2025-07-29 15:00:00+00:00,4.278551,202.24907
2025-07-29 16:00:00+00:00,3.7585104,196.69933
2025-07-29 17:00:00+00:00,3.8141315,199.29015
2025-07-29 18:00:00+00:00,2.968636,194.03627
2025-07-29 19:00:00+00:00,3.319036,192.5288
2025-07-29 20:00:00+00:00,2.0523157,217.87505
2025-07-29 21:00:00+00:00,0.25455844,315.0001
2025-07-29 22:00:00+00:00,0.6489992,33.6901
2025-07-29 23:00:00+00:00,1.5484185,144.46223
2025-07-30 00:00:00+00:00,2.6758924,160.34608
2025-07-30 01:00:00+00:00,1.0182338,224.9999
2025-07-30 02:00:00+00:00,1.4058449,320.1945
2025-07-30 03:00:00+00:00,2.4482646,342.8972
2025-07-30 04:00:00+00:00,3.9477081,335.77228
2025-07-30 05:00:00+00:00,6.193674,324.46225
2025-07-30 06:00:00+00:00,8.913181,316.63654
2025-07-30 07:00:00+00:00,8.709098,288.06055
2025-07-30 08:00:00+00:00,12.6462,274.89902
2025-07-30 09:00:00+00:00,11.928989,264.80566
2025-07-30 10:00:00+00:00,7.3447943,252.89719
2025-07-30 11:00:00+00:00,5.2478566,247.8336
2025-07-30 12:00:00+00:00,4.3536186,240.2552
2025-07-30 13:00:00+00:00,3.6402748,261.46933
2025-07-30 14:00:00+00:00,3.9312592,254.05453
2025-07-30 15:00:00+00:00,5.0142193,248.96242
2025-07-30 16:00:00+00:00,7.0107627,240.80261
2025-07-30 17:00:00+00:00,8.574123,230.9645
2025-07-30 18:00:00+00:00,9.703319,220.48593
2025-07-30 19:00:00+00:00,8.688613,219.95749
2025-07-30 20:00:00+00:00,6.8777895,222.87889
2025-07-30 21:00:00+00:00,5.3517847,227.72638
2025-07-30 22:00:00+00:00,2.9522195,232.43134
2025-07-30 23:00:00+00:00,1.2979984,213.6901
2025-07-31 00:00:00+00:00,2.0523157,195.25517
2025-07-31 01:00:00+00:00,2.2768397,198.43504
2025-07-31 02:00:00+00:00,4.1085763,208.8107
2025-07-31 03:00:00+00:00,4.293669,213.02386
2025-07-31 04:00:00+00:00,2.8116899,219.80553
2025-07-31 05:00:00+00:00,1.9386592,248.19853
2025-07-31 06:00:00+00:00,1.9881649,264.80566
2025-07-31 07:00:00+00:00,2.7475805,301.60745
2025-07-31 08:00:00+00:00,5.634891,333.43503
2025-07-31 09:00:00+00:00,6.299999,323.13
2025-07-31 10:00:00+00:00,1.659518,102.5288
2025-07-31 11:00:00+00:00,2.7534704,191.30989
2025-07-31 12:00:00+00:00,5.4149795,195.42223
2025-07-31 13:00:00+00:00,6.502461,228.36655
2025-07-31 14:00:00+00:00,6.7853074,248.19853
2025-07-31 15:00:00+00:00,5.7515564,249.86362
2025-07-31 16:00:00+00:00,6.763786,244.7989
2025-07-31 17:00:00+00:00,5.692099,235.30478
2025-07-31 18:00:00+00:00,3.2599385,276.3401
2025-07-31 19:00:00+00:00,3.6402748,278.53067
2025-07-31 20:00:00+00:00,4.353619,277.1249
2025-07-31 21:00:00+00:00,3.964089,267.3975
2025-07-31 22:00:00+00:00,2.4216523,221.98714
2025-07-31 23:00:00+00:00,2.19718,214.9921
2025-08-01 00:00:00+00:00,1.5484185,215.53777
2025-08-01 01:00:00+00:00,2.0523157,254.74483
2025-08-01 02:00:00+00:00,2.8799999,270.0
2025-08-01 03:00:00+00:00,5.0432134,267.95465
2025-08-01 04:00:00+00:00,5.4119864,273.814
2025-08-01 05:00:00+00:00,5.2323985,296.56497
2025-08-01 06:00:00+00:00,5.1919937,303.6901
2025-08-01 07:00:00+00:00,4.2021422,279.86575
2025-08-01 08:00:00+00:00,3.9844694,288.43503
2025-08-01 09:00:00+00:00,4.0249224,296.56497
2025-08-01 10:00:00+00:00,2.6758924,199.65392
2025-08-01 11:00:00+00:00,2.9301877,190.6196
2025-08-01 12:00:00+00:00,5.3426957,212.61923
2025-08-01 13:00:00+00:00,4.5536795,288.43503
2025-08-01 14:00:00+00:00,7.1684303,308.8845
2025-08-01 15:00:00+00:00,5.983477,313.7812
2025-08-01 16:00:00+00:00,5.6060677,264.47256
2025-08-01 17:00:00+00:00,4.471107,229.89915
2025-08-01 18:00:00+00:00,4.8433046,221.98714
2025-08-01 19:00:00+00:00,4.4274144,243.43501
2025-08-01 20:00:00+00:00,6.849467,266.98727
2025-08-01 21:00:00+00:00,7.458606,278.32556
2025-08-01 22:00:00+00:00,6.2483597,258.3664
2025-08-01 23:00:00+00:00,3.550155,210.46547
2025-08-02 00:00:00+00:00,3.604497,177.13765
2025-08-02 01:00:00+00:00,4.1046314,164.74483
2025-08-02 02:00:00+00:00,2.52,180.0
2025-08-02 03:00:00+00:00,0.6489992,236.3099
2025-08-02 04:00:00+00:00,1.1384199,251.56496
2025-08-02 05:00:00+00:00,0.9,233.13002
2025-08-02 06:00:00+00:00,1.4512063,150.2552
2025-08-02 07:00:00+00:00,1.659518,139.39879
2025-08-02 08:00:00+00:00,1.3708391,66.801384
2025-08-02 09:00:00+00:00,1.2074767,333.43503
2025-08-02 10:00:00+00:00,3.710795,112.833694
2025-08-02 11:00:00+00:00,4.471107,130.10085
2025-08-02 12:00:00+00:00,3.7585104,163.30067
2025-08-02 13:00:00+00:00,1.2074767,153.43501
2025-08-02 14:00:00+00:00,2.5455842,81.86999
2025-08-02 15:00:00+00:00,4.6938252,94.39862
2025-08-02 16:00:00+00:00,4.7657523,100.88548
2025-08-02 17:00:00+00:00,3.9312592,105.945465
2025-08-02 18:00:00+00:00,3.964089,92.60251
2025-08-02 19:00:00+00:00,3.9966483,54.16227
2025-08-02 20:00:00+00:00,4.7928696,55.713078
2025-08-02 21:00:00+00:00,4.978554,49.398785
2025-08-02 22:00:00+00:00,3.219938,63.435013
2025-08-02 23:00:00+00:00,1.6981165,147.99466
2025-08-03 00:00:00+00:00,2.34,180.0
2025-08-03 01:00:00+00:00,2.7238941,277.59454
2025-08-03 02:00:00+00:00,4.278551,292.24908
2025-08-03 03:00:00+00:00,5.2478566,300.96368
2025-08-03 04:00:00+00:00,5.441838,304.21576
2025-08-03 05:00:00+00:00,4.6452556,305.53775
2025-08-03 06:00:00+00:00,3.7064266,299.0545
2025-08-03 07:00:00+00:00,4.5322843,263.15732
2025-08-03 08:00:00+00:00,4.3498964,245.55606
2025-08-03 09:00:00+00:00,7.1321807,259.82455
2025-08-03 10:00:00+00:00,8.37532,278.65247
2025-08-03 11:00:00+00:00,9.826088,278.42688
2025-08-03 12:00:00+00:00,9.926147,274.15958
2025-08-03 13:00:00+00:00,8.836514,266.49652
2025-08-03 14:00:00+00:00,8.6867485,264.05322
2025-08-03 15:00:00+00:00,8.553314,261.52893
2025-08-03 16:00:00+00:00,7.293888,254.24875
2025-08-03 17:00:00+00:00,8.211235,243.9967
2025-08-03 18:00:00+00:00,7.587806,247.69374
2025-08-03 19:00:00+00:00,8.131936,264.92047
2025-08-03 20:00:00+00:00,9.5416975,268.9191
2025-08-03 21:00:00+00:00,9.979859,277.2531
2025-08-03 22:00:00+00:00,11.431063,277.23682
2025-08-03 23:00:00+00:00,11.362834,266.36713
2025-08-04 00:00:00+00:00,10.1376915,263.88458
2025-08-04 01:00:00+00:00,8.28,270.0
2025-08-04 02:00:00+00:00,8.171683,277.59454
2025-08-04 03:00:00+00:00,9.726665,272.12103
2025-08-04 04:00:00+00:00,10.823973,273.814
2025-08-04 05:00:00+00:00,11.525623,271.78986
2025-08-04 06:00:00+00:00,16.036171,267.4267
2025-08-04 07:00:00+00:00,19.201874,263.5413
2025-08-04 08:00:00+00:00,18.145212,259.136
2025-08-04 09:00:00+00:00,17.811815,255.96373
2025-08-04 10:00:00+00:00,11.792404,257.66092
2025-08-04 11:00:00+00:00,9.743305,258.2749
2025-08-04 12:00:00+00:00,9.007196,272.29056
2025-08-04 13:00:00+00:00,9.181765,268.8767
2025-08-04 14:00:00+00:00,10.285232,265.9859
2025-08-04 15:00:00+00:00,10.644379,266.12155
2025-08-04 16:00:00+00:00,10.674773,264.19336
2025-08-04 17:00:00+00:00,9.582359,264.61078
2025-08-04 18:00:00+00:00,7.5599995,270.0
2025-08-04 19:00:00+00:00,6.9550843,280.4374
2025-08-04 20:00:00+00:00,7.9383874,273.90042
2025-08-04 21:00:00+00:00,9.187056,267.7543
2025-08-04 22:00:00+00:00,6.122647,271.68463
2025-08-04 23:00:00+00:00,2.5264204,274.08554
2025-08-05 00:00:00+00:00,2.5772076,335.22488
2025-08-05 01:00:00+00:00,2.0991426,300.96368
2025-08-05 02:00:00+00:00,5.1544156,282.09473
2025-08-05 03:00:00+00:00,7.3997297,265.81516
2025-08-05 04:00:00+00:00,7.814986,262.0566
2025-08-05 05:00:00+00:00,8.553314,261.52893
2025-08-05 06:00:00+00:00,11.050591,257.7749
2025-08-05 07:00:00+00:00,13.491597,256.89078
2025-08-05 08:00:00+00:00,13.954354,263.33344
2025-08-05 09:00:00+00:00,14.404499,268.56793
2025-08-05 10:00:00+00:00,11.966954,285.7087
2025-08-05 11:00:00+00:00,9.555271,273.23962
2025-08-05 12:00:00+00:00,8.461914,271.21884
2025-08-05 13:00:00+00:00,10.120098,275.10208
2025-08-05 14:00:00+00:00,8.538149,288.43503
2025-08-05 15:00:00+00:00,7.1208143,286.1444
2025-08-05 16:00:00+00:00,7.3447943,287.1028
2025-08-05 17:00:00+00:00,6.0908127,288.9705
2025-08-05 18:00:00+00:00,4.755544,299.4758
2025-08-05 19:00:00+00:00,3.9518096,300.06848
2025-08-05 20:00:00+00:00,4.3832865,289.1791
2025-08-05 21:00:00+00:00,4.913044,298.4428
2025-08-05 22:00:00+00:00,2.8174455,333.43503
2025-08-05 23:00:00+00:00,0.9178235,281.3099
2025-08-06 00:00:00+00:00,0.56920993,108.43504
2025-08-06 01:00:00+00:00,1.1525624,321.34018
2025-08-06 02:00:00+00:00,4.293669,303.02386
2025-08-06 03:00:00+00:00,5.5829024,290.77234
2025-08-06 04:00:00+00:00,7.3799996,282.68036
2025-08-06 05:00:00+00:00,9.007196,272.29056
2025-08-06 06:00:00+00:00,12.324414,276.70975
2025-08-06 07:00:00+00:00,12.991212,273.9724
2025-08-06 08:00:00+00:00,15.151039,260.42584
2025-08-06 09:00:00+00:00,13.060857,262.8751
2025-08-06 10:00:00+00:00,14.747921,289.9832
2025-08-06 11:00:00+00:00,11.755254,258.51804
2025-08-06 12:00:00+00:00,10.062305,227.17476
2025-08-06 13:00:00+00:00,9.840914,219.80553
2025-08-06 14:00:00+00:00,9.913082,240.64233
2025-08-06 15:00:00+00:00,10.699028,257.36664
2025-08-06 16:00:00+00:00,10.440001,270.0
2025-08-06 17:00:00+00:00,10.658068,274.8439
2025-08-06 18:00:00+00:00,10.446206,271.97488
2025-08-06 19:00:00+00:00,11.341428,269.09064
2025-08-06 20:00:00+00:00,11.45513,261.87
2025-08-06 21:00:00+00:00,10.435344,255.00487
2025-08-06 22:00:00+00:00,9.605998,257.00537
2025-08-06 23:00:00+00:00,7.989242,247.47939
2025-08-07 00:00:00+00:00,4.7657523,259.1145
2025-08-07 01:00:00+00:00,4.186693,244.5367
2025-08-07 02:00:00+00:00,4.6938252,265.60138
2025-08-07 03:00:00+00:00,7.9383874,266.09958
2025-08-07 04:00:00+00:00,10.081606,268.977
2025-08-07 05:00:00+00:00,8.131936,264.92047
2025-08-07 06:00:00+00:00,7.247096,255.61856
2025-08-07 07:00:00+00:00,7.613382,263.21112
2025-08-07 08:00:00+00:00,8.649369,282.01144
2025-08-07 09:00:00+00:00,8.350138,277.4313
2025-08-07 10:00:00+00:00,1.2727921,315.0001
2025-08-07 11:00:00+00:00,5.6492476,210.65059
2025-08-07 12:00:00+00:00,5.1165614,219.28938
2025-08-07 13:00:00+00:00,2.7059932,266.186
2025-08-07 14:00:00+00:00,3.148714,300.96368
2025-08-07 15:00:00+00:00,2.5772078,282.09473
2025-08-07 16:00:00+00:00,1.26,270.0
2025-08-07 17:00:00+00:00,3.0652893,229.76372
2025-08-07 18:00:00+00:00,3.396233,212.00534
2025-08-07 19:00:00+00:00,3.8521678,217.40543
2025-08-07 20:00:00+00:00,1.9134263,221.18582
2025-08-07 21:00:00+00:00,0.9,143.13002
2025-08-07 22:00:00+00:00,3.2846913,170.53775
2025-08-07 23:00:00+00:00,2.3400002,157.3801
2025-08-08 00:00:00+00:00,1.1384199,108.43504
2025-08-08 01:00:00+00:00,1.484318,104.03627
2025-08-08 02:00:00+00:00,1.659518,40.601215
2025-08-08 03:00:00+00:00,2.7416782,23.198618
2025-08-08 04:00:00+00:00,0.8049845,26.564985
2025-08-08 05:00:00+00:00,2.7943513,345.06854
2025-08-08 06:00:00+00:00,2.8001428,315.0001
2025-08-08 07:00:00+00:00,2.52,360.0
2025-08-08 08:00:00+00:00,1.7727944,23.962492
2025-08-08 09:00:00+00:00,1.3104197,195.94547
2025-08-08 10:00:00+00:00,1.609969,116.56499
2025-08-08 11:00:00+00:00,3.096837,234.46223
2025-08-08 12:00:00+00:00,3.0652893,229.76372
2025-08-08 13:00:00+00:00,4.8433046,228.01286
2025-08-08 14:00:00+00:00,5.48631,221.00899
2025-08-08 15:00:00+00:00,6.269067,219.17365
2025-08-08 16:00:00+00:00,7.029225,219.80553
2025-08-08 17:00:00+00:00,7.519175,227.9109
2025-08-08 18:00:00+00:00,8.55142,239.65683
2025-08-08 19:00:00+00:00,8.699793,245.55606
2025-08-08 20:00:00+00:00,10.484902,258.11136
2025-08-08 21:00:00+00:00,11.431063,262.76318
2025-08-08 22:00:00+00:00,11.45513,278.13
2025-08-08 23:00:00+00:00,11.226575,282.03058
2025-08-09 00:00:00+00:00,11.052058,276.5462
2025-08-09 01:00:00+00:00,11.897714,280.45984
2025-08-09 02:00:00+00:00,11.157096,280.2221
2025-08-09 03:00:00+00:00,10.8029995,280.56094
2025-08-09 04:00:00+00:00,10.075177,288.75873
2025-08-09 05:00:00+00:00,10.829959,285.4222
2025-08-09 06:00:00+00:00,10.24578,288.43503
2025-08-09 07:00:00+00:00,13.441071,290.37653
2025-08-09 08:00:00+00:00,16.396805,287.24155
2025-08-09 09:00:00+00:00,15.405519,276.70975
2025-08-09 10:00:00+00:00,13.170786,266.08182
2025-08-09 11:00:00+00:00,13.327294,253.52304
2025-08-09 12:00:00+00:00,8.482947,252.71841
2025-08-09 13:00:00+00:00,8.905908,255.96373
2025-08-09 14:00:00+00:00,7.596341,256.29303
2025-08-09 15:00:00+00:00,6.330782,255.17348
2025-08-09 16:00:00+00:00,4.7657523,259.1145
2025-08-09 17:00:00+00:00,4.7657523,259.1145
2025-08-09 18:00:00+00:00,6.489992,273.17978
2025-08-09 19:00:00+00:00,7.208994,272.86234
2025-08-09 20:00:00+00:00,8.019601,279.0394
2025-08-09 21:00:00+00:00,8.613709,280.84027
2025-08-09 22:00:00+00:00,9.6932955,285.06854
2025-08-09 23:00:00+00:00,10.03167,260.70676
2025-08-10 00:00:00+00:00,10.3621235,252.824
2025-08-10 01:00:00+00:00,10.534229,253.11313
2025-08-10 02:00:00+00:00,9.919618,258.4862
2025-08-10 03:00:00+00:00,10.1376915,263.88458
2025-08-10 04:00:00+00:00,10.1376915,263.88458
2025-08-10 05:00:00+00:00,9.403169,264.50778
2025-08-10 06:00:00+00:00,7.9077177,258.17853
2025-08-10 07:00:00+00:00,8.311245,274.96964
2025-08-10 08:00:00+00:00,6.7469993,279.21094
2025-08-10 09:00:00+00:00,6.122647,268.31534
2025-08-10 10:00:00+00:00,1.7727944,293.9625
2025-08-10 11:00:00+00:00,2.3051248,231.34016
2025-08-10 12:00:00+00:00,0.742159,194.03627
2025-08-10 13:00:00+00:00,1.1384199,71.564964
2025-08-10 14:00:00+00:00,1.659518,139.39879
2025-08-10 15:00:00+00:00,3.4763772,158.74942
2025-08-10 16:00:00+00:00,2.6758924,160.34608
2025-08-10 17:00:00+00:00,2.0124612,206.56499
2025-08-10 18:00:00+00:00,3.396233,237.99466
2025-08-10 19:00:00+00:00,5.2478566,264.09396
2025-08-10 20:00:00+00:00,6.341009,263.4803
2025-08-10 21:00:00+00:00,6.1120534,256.373
2025-08-10 22:00:00+00:00,5.5216303,340.9743
2025-08-10 23:00:00+00:00,8.322932,338.42862
2025-08-11 00:00:00+00:00,8.067936,308.65982
2025-08-11 01:00:00+00:00,9.346143,285.6423
2025-08-11 02:00:00+00:00,13.021106,275.5529
2025-08-11 03:00:00+00:00,15.876775,273.90042
2025-08-11 04:00:00+00:00,13.861168,270.74405
2025-08-11 05:00:00+00:00,12.620554,266.72958
2025-08-11 06:00:00+00:00,15.048042,263.1301
2025-08-11 07:00:00+00:00,14.238215,267.10147
2025-08-11 08:00:00+00:00,14.154915,262.69434
2025-08-11 09:00:00+00:00,14.133153,263.41815
2025-08-11 10:00:00+00:00,11.226575,282.03058
2025-08-11 11:00:00+00:00,9.826088,298.4428
2025-08-11 12:00:00+00:00,6.9247384,297.8972
2025-08-11 13:00:00+00:00,6.12,270.0
2025-08-11 14:00:00+00:00,5.154415,245.22488
2025-08-11 15:00:00+00:00,7.9932966,234.16226
2025-08-11 16:00:00+00:00,8.790563,227.4896
2025-08-11 17:00:00+00:00,6.361415,205.1148
2025-08-11 18:00:00+00:00,4.510787,208.61037
2025-08-11 19:00:00+00:00,3.9477081,223.1524
2025-08-11 20:00:00+00:00,4.186693,244.5367
2025-08-11 21:00:00+00:00,4.7827187,250.20103
2025-08-11 22:00:00+00:00,5.4744864,279.46225
2025-08-11 23:00:00+00:00,5.6521144,279.16226
2025-08-12 00:00:00+00:00,4.3832865,289.1791
2025-08-12 01:00:00+00:00,3.7064266,299.0545
2025-08-12 02:00:00+00:00,4.2021427,313.26434
2025-08-12 03:00:00+00:00,3.6447225,302.90524
2025-08-12 04:00:00+00:00,2.8460498,288.43503
2025-08-12 05:00:00+00:00,2.5455842,278.13
2025-08-12 06:00:00+00:00,3.8647635,297.75842
2025-08-12 07:00:00+00:00,4.952453,289.0936
2025-08-12 08:00:00+00:00,5.6492476,292.47946
2025-08-12 09:00:00+00:00,5.09435,302.00534
2025-08-12 10:00:00+00:00,5.5216303,289.0257
2025-08-12 11:00:00+00:00,3.8647635,332.24155
2025-08-12 12:00:00+00:00,2.9301877,132.5104
2025-08-12 13:00:00+00:00,5.1481256,143.53067
2025-08-12 14:00:00+00:00,4.1046314,105.25517
2025-08-12 15:00:00+00:00,5.937272,104.03627
2025-08-12 16:00:00+00:00,6.638072,102.5288
2025-08-12 17:00:00+00:00,6.2145634,100.00792
2025-08-12 18:00:00+00:00,6.5520988,69.075424
2025-08-12 19:00:00+00:00,7.491114,54.782326
2025-08-12 20:00:00+00:00,5.6233797,39.805527
2025-08-12 21:00:00+00:00,5.3426957,32.61924
2025-08-12 22:00:00+00:00,5.637765,16.699326
2025-08-12 23:00:00+00:00,6.6818557,62.744755
2025-08-13 00:00:00+00:00,9.403169,84.507774
2025-08-13 01:00:00+00:00,12.221456,80.67649
2025-08-13 02:00:00+00:00,14.003029,72.03077
2025-08-13 03:00:00+00:00,14.734735,64.68715
2025-08-13 04:00:00+00:00,16.189997,61.440475
2025-08-13 05:00:00+00:00,17.399586,65.55606
2025-08-13 06:00:00+00:00,16.615667,67.04589
2025-08-13 07:00:00+00:00,16.87974,68.085075
2025-08-13 08:00:00+00:00,16.712881,67.854774
2025-08-13 09:00:00+00:00,16.748707,69.22767
2025-08-13 10:00:00+00:00,11.983188,57.264786
2025-08-13 11:00:00+00:00,10.583326,48.44749
2025-08-13 12:00:00+00:00,9.220499,38.65983
2025-08-13 13:00:00+00:00,7.8954163,65.77226
2025-08-13 14:00:00+00:00,7.2022495,91.43207
2025-08-13 15:00:00+00:00,8.297589,86.26868
2025-08-13 16:00:00+00:00,8.790563,79.380394
2025-08-13 17:00:00+00:00,8.891344,68.62931
2025-08-13 18:00:00+00:00,9.044888,58.840755
2025-08-13 19:00:00+00:00,7.8149853,61.07368
2025-08-13 20:00:00+00:00,6.698806,59.300358
2025-08-13 21:00:00+00:00,6.601363,64.133705
2025-08-13 22:00:00+00:00,7.2403865,55.1246
2025-08-13 23:00:00+00:00,9.109138,52.22426
2025-08-14 00:00:00+00:00,8.738811,57.619343
2025-08-14 01:00:00+00:00,8.863972,60.832493
2025-08-14 02:00:00+00:00,7.0591216,70.640915
2025-08-14 03:00:00+00:00,6.28713,66.37061
2025-08-14 04:00:00+00:00,6.9527545,68.74943
2025-08-14 05:00:00+00:00,6.9480934,73.442856
2025-08-14 06:00:00+00:00,6.2613096,71.564964
2025-08-14 07:00:00+00:00,5.2323985,63.435013
2025-08-14 08:00:00+00:00,2.907989,68.19853
2025-08-14 09:00:00+00:00,3.244996,86.82024
2025-08-14 10:00:00+00:00,4.3573384,51.709793
2025-08-14 11:00:00+00:00,3.9966483,35.837746
2025-08-14 12:00:00+00:00,2.4014995,77.00539
2025-08-14 13:00:00+00:00,2.3469126,175.60138
2025-08-14 14:00:00+00:00,4.896529,197.10281
2025-08-14 15:00:00+00:00,5.5450516,193.13403
2025-08-14 16:00:00+00:00,2.4482648,216.02747
2025-08-14 17:00:00+00:00,1.659518,310.60123
2025-08-14 18:00:00+00:00,1.4512063,172.87508
2025-08-14 19:00:00+00:00,3.9763298,174.80566
2025-08-14 20:00:00+00:00,4.514377,175.42616
2025-08-14 21:00:00+00:00,4.8633323,177.87895
2025-08-14 22:00:00+00:00,3.244996,160.55988
2025-08-14 23:00:00+00:00,2.6999998,36.86998
2025-08-15 00:00:00+00:00,4.2021427,43.26433
2025-08-15 01:00:00+00:00,1.5273507,44.999897
2025-08-15 02:00:00+00:00,1.659518,130.60121
2025-08-15 03:00:00+00:00,3.710795,202.8337
2025-08-15 04:00:00+00:00,5.3999996,233.13002
2025-08-15 05:00:00+00:00,6.6087217,240.64233
2025-08-15 06:00:00+00:00,5.6521144,260.83774
2025-08-15 07:00:00+00:00,4.514377,265.42615
2025-08-15 08:00:00+00:00,5.0432134,267.95465
2025-08-15 09:00:00+00:00,6.6697226,273.094
2025-08-15 10:00:00+00:00,6.6405115,327.17145
2025-08-15 11:00:00+00:00,6.1437774,301.8274
2025-08-15 12:00:00+00:00,4.6834598,272.20255
2025-08-15 13:00:00+00:00,4.5536795,251.56496
2025-08-15 14:00:00+00:00,4.829907,243.43501
2025-08-15 15:00:00+00:00,5.815978,248.19853
2025-08-15 16:00:00+00:00,5.5567255,245.09526
2025-08-15 17:00:00+00:00,5.2478566,247.8336
2025-08-15 18:00:00+00:00,5.414979,248.5522
2025-08-15 19:00:00+00:00,4.9785542,257.4712
2025-08-15 20:00:00+00:00,3.96,270.0
2025-08-15 21:00:00+00:00,3.9763298,264.80566
2025-08-15 22:00:00+00:00,4.0249224,259.69522
2025-08-15 23:00:00+00:00,3.710795,255.96373
2025-08-16 00:00:00+00:00,3.438895,263.9911
2025-08-16 01:00:00+00:00,2.5772078,257.90524
2025-08-16 02:00:00+00:00,2.7475805,238.39255
2025-08-16 03:00:00+00:00,1.4512063,209.7448
2025-08-16 04:00:00+00:00,1.7727944,66.037506
2025-08-16 05:00:00+00:00,3.4388947,42.878906
2025-08-16 06:00:00+00:00,4.6452556,54.46224
2025-08-16 07:00:00+00:00,3.9966483,54.16227
2025-08-16 08:00:00+00:00,2.8174455,26.564985
2025-08-16 09:00:00+00:00,4.6277857,346.50424
2025-08-16 10:00:00+00:00,7.596341,346.293
2025-08-16 11:00:00+00:00,5.8104043,343.8107
2025-08-16 12:00:00+00:00,3.362677,285.52417
2025-08-16 13:00:00+00:00,5.293959,234.6887
2025-08-16 14:00:00+00:00,4.991553,205.64096
2025-08-16 15:00:00+00:00,4.5891175,191.30989
2025-08-16 16:00:00+00:00,4.503598,182.29056
2025-08-16 17:00:00+00:00,4.6834598,177.79745
2025-08-16 18:00:00+00:00,4.3349743,175.23645
2025-08-16 19:00:00+00:00,3.438895,186.00891
2025-08-16 20:00:00+00:00,2.0523157,195.25517
2025-08-16 21:00:00+00:00,1.7076298,341.56494
2025-08-16 22:00:00+00:00,1.7727944,203.9625
2025-08-16 23:00:00+00:00,2.0991426,210.96368
2025-08-17 00:00:00+00:00,1.1384199,198.43504
2025-08-17 01:00:00+00:00,3.4247334,86.98728
2025-08-17 02:00:00+00:00,7.7420926,88.667816
2025-08-17 03:00:00+00:00,10.823973,93.814
2025-08-17 04:00:00+00:00,10.182337,98.13002
2025-08-17 05:00:00+00:00,13.504799,91.52749
2025-08-17 06:00:00+00:00,13.698934,86.98728
2025-08-17 07:00:00+00:00,14.2336645,80.53775
2025-08-17 08:00:00+00:00,13.288341,81.43095
2025-08-17 09:00:00+00:00,12.2519045,79.845795
2025-08-17 10:00:00+00:00,14.474059,68.86011
2025-08-17 11:00:00+00:00,12.830604,55.86401
2025-08-17 12:00:00+00:00,11.712454,43.754726
2025-08-17 13:00:00+00:00,11.500296,39.92034
2025-08-17 14:00:00+00:00,10.601679,49.820835
2025-08-17 15:00:00+00:00,9.179999,61.92762
2025-08-17 16:00:00+00:00,5.7628117,75.52967
2025-08-17 17:00:00+00:00,4.965521,46.468742
2025-08-17 18:00:00+00:00,6.2379804,46.169064
2025-08-17 19:00:00+00:00,6.8777895,47.12111
2025-08-17 20:00:00+00:00,6.384293,49.574005
2025-08-17 21:00:00+00:00,5.6233797,50.194473
2025-08-17 22:00:00+00:00,2.0124612,333.43503
2025-08-17 23:00:00+00:00,2.50064,239.74365
2025-08-18 00:00:00+00:00,3.189608,343.61038
2025-08-18 01:00:00+00:00,3.9966488,352.23492
2025-08-18 02:00:00+00:00,5.4656014,17.241547
2025-08-18 03:00:00+00:00,7.6409945,46.90914
2025-08-18 04:00:00+00:00,9.430695,66.37061
2025-08-18 05:00:00+00:00,10.6261,79.261154
2025-08-18 06:00:00+00:00,10.661107,78.31066
2025-08-18 07:00:00+00:00,9.292255,68.40463
2025-08-18 08:00:00+00:00,9.726664,38.990997
2025-08-18 09:00:00+00:00,6.3639607,28.739704
2025-08-18 10:00:00+00:00,3.8268526,131.18582
2025-08-18 11:00:00+00:00,5.9427266,234.86572
2025-08-18 12:00:00+00:00,7.256032,277.1249
2025-08-18 13:00:00+00:00,6.8541956,283.67133
2025-08-18 14:00:00+00:00,7.0911775,246.0375
2025-08-18 15:00:00+00:00,10.086427,235.17543
2025-08-18 16:00:00+00:00,12.456468,232.63326
2025-08-18 17:00:00+00:00,11.272657,231.48305
2025-08-18 18:00:00+00:00,8.854829,206.56499
2025-08-18 19:00:00+00:00,6.6185193,202.38017
2025-08-18 20:00:00+00:00,4.5891175,191.30989
2025-08-18 21:00:00+00:00,3.438895,186.00891
2025-08-18 22:00:00+00:00,3.244996,273.17978
2025-08-18 23:00:00+00:00,1.8792552,253.30067
2025-08-19 00:00:00+00:00,1.835647,168.69011
2025-08-19 01:00:00+00:00,1.659518,49.398785
2025-08-19 02:00:00+00:00,1.0182338,44.999897
2025-08-19 03:00:00+00:00,0.17999999,360.0
2025-08-19 04:00:00+00:00,2.3469126,94.39862
2025-08-19 05:00:00+00:00,3.362677,105.52418
2025-08-19 06:00:00+00:00,4.724786,107.74477
2025-08-19 07:00:00+00:00,3.8939953,56.3099
2025-08-19 08:00:00+00:00,5.3939967,25.709915
2025-08-19 09:00:00+00:00,4.143911,357.5105
2025-08-19 10:00:00+00:00,7.4867883,27.181028
2025-08-19 11:00:00+00:00,4.2021427,46.73567
2025-08-19 12:00:00+00:00,2.0523157,15.255177
2025-08-19 13:00:00+00:00,4.0449963,339.14545
2025-08-19 14:00:00+00:00,3.7064266,330.9455
2025-08-19 15:00:00+00:00,2.9024127,262.8751
2025-08-19 16:00:00+00:00,4.379589,260.53775
2025-08-19 17:00:00+00:00,5.7964473,244.23071
2025-08-19 18:00:00+00:00,5.904439,232.43134
2025-08-19 19:00:00+00:00,4.39436,235.0079
2025-08-19 20:00:00+00:00,3.710795,255.96373
2025-08-19 21:00:00+00:00,3.5455887,293.9625
2025-08-19 22:00:00+00:00,3.4388947,227.12111
2025-08-19 23:00:00+00:00,3.9844694,198.43504
2025-08-20 00:00:00+00:00,7.7983837,198.85326
2025-08-20 01:00:00+00:00,6.76618,208.61037
2025-08-20 02:00:00+00:00,5.369916,230.44037
2025-08-20 03:00:00+00:00,6.0077944,261.38443
2025-08-20 04:00:00+00:00,6.8541956,283.67133
2025-08-20 05:00:00+00:00,7.8625183,285.94547
2025-08-20 06:00:00+00:00,8.699793,294.44394
2025-08-20 07:00:00+00:00,8.996398,289.88525
2025-08-20 08:00:00+00:00,10.837435,281.49652
2025-08-20 09:00:00+00:00,10.717182,277.72174
2025-08-20 10:00:00+00:00,7.555712,257.61926
2025-08-20 11:00:00+00:00,6.341009,235.40765
2025-08-20 12:00:00+00:00,5.796447,216.15828
2025-08-20 13:00:00+00:00,5.09435,237.99466
2025-08-20 14:00:00+00:00,5.1197267,259.8754
2025-08-20 15:00:00+00:00,6.0908127,251.0295
2025-08-20 16:00:00+00:00,5.7204895,245.85446
2025-08-20 17:00:00+00:00,5.9834766,248.83867
2025-08-20 18:00:00+00:00,5.8048253,277.1249
2025-08-20 19:00:00+00:00,6.8138976,282.20044
2025-08-20 20:00:00+00:00,8.538149,288.43503
2025-08-20 21:00:00+00:00,9.568824,286.38962
2025-08-20 22:00:00+00:00,8.373386,295.46332
2025-08-20 23:00:00+00:00,5.3999996,306.86996
2025-08-21 00:00:00+00:00,2.2910259,315.0001
2025-08-21 01:00:00+00:00,2.4149535,26.564985
2025-08-21 02:00:00+00:00,3.4623692,27.897186
2025-08-21 03:00:00+00:00,4.724786,40.364468
2025-08-21 04:00:00+00:00,5.293959,54.688713
2025-08-21 05:00:00+00:00,5.1481256,53.530666
2025-08-21 06:00:00+00:00,6.122647,1.6846573
2025-08-21 07:00:00+00:00,6.3231,355.10098
2025-08-21 08:00:00+00:00,5.3305535,348.31067
2025-08-21 09:00:00+00:00,5.22,313.6029
2025-08-21 10:00:00+00:00,3.9312592,285.94547
2025-08-21 11:00:00+00:00,5.6002855,224.9999
2025-08-21 12:00:00+00:00,4.755544,240.5242
2025-08-21 13:00:00+00:00,4.8899083,276.3401
2025-08-21 14:00:00+00:00,5.8603754,280.6196
2025-08-21 15:00:00+00:00,5.5916004,273.6913
2025-08-21 16:00:00+00:00,5.815978,248.19853
2025-08-21 17:00:00+00:00,5.3939967,244.2901
2025-08-21 18:00:00+00:00,4.6938257,237.52882
2025-08-21 19:00:00+00:00,4.2175345,219.80553
2025-08-21 20:00:00+00:00,4.0249224,206.56499
2025-08-21 21:00:00+00:00,3.9844694,198.43504
2025-08-21 22:00:00+00:00,4.175069,172.56868
2025-08-21 23:00:00+00:00,6.297428,149.03632
2025-08-22 00:00:00+00:00,7.4128532,150.9455
2025-08-22 01:00:00+00:00,5.9617786,151.11351
2025-08-22 02:00:00+00:00,4.327493,73.07241
2025-08-22 03:00:00+00:00,5.1575575,60.75127
2025-08-22 04:00:00+00:00,5.796447,36.158287
2025-08-22 05:00:00+00:00,6.8777895,42.878906
2025-08-22 06:00:00+00:00,6.945761,58.781662
2025-08-22 07:00:00+00:00,7.5363917,49.844074
2025-08-22 08:00:00+00:00,10.310402,45.707233
2025-08-22 09:00:00+00:00,10.799999,36.86998
2025-08-22 10:00:00+00:00,10.310402,45.707233
2025-08-22 11:00:00+00:00,8.149847,46.789886
2025-08-22 12:00:00+00:00,2.2910259,44.999897
2025-08-22 13:00:00+00:00,3.710795,337.1663
2025-08-22 14:00:00+00:00,4.4456716,328.24057
2025-08-22 15:00:00+00:00,4.8965297,323.97253
2025-08-22 16:00:00+00:00,2.226477,255.96373
2025-08-22 17:00:00+00:00,2.226477,255.96373
2025-08-22 18:00:00+00:00,2.34,270.0
2025-08-22 19:00:00+00:00,1.8089776,275.7105
2025-08-22 20:00:00+00:00,0.56920993,288.43503
2025-08-22 21:00:00+00:00,0.9,143.13002
2025-08-22 22:00:00+00:00,2.0523157,164.74483
2025-08-22 23:00:00+00:00,3.6402748,81.46932
2025-08-23 00:00:00+00:00,6.0908127,71.0295
2025-08-23 01:00:00+00:00,8.39078,67.28555
2025-08-23 02:00:00+00:00,10.966713,66.801384
2025-08-23 03:00:00+00:00,12.140329,74.52131
2025-08-23 04:00:00+00:00,12.496719,78.366394
2025-08-23 05:00:00+00:00,12.57426,76.75947
2025-08-23 06:00:00+00:00,12.703715,69.253845
2025-08-23 07:00:00+00:00,14.410121,64.07516
2025-08-23 08:00:00+00:00,14.654254,62.17599
2025-08-23 09:00:00+00:00,14.926983,56.309914
2025-08-23 10:00:00+00:00,15.435983,58.348778
2025-08-23 11:00:00+00:00,12.659004,60.15416
2025-08-23 12:00:00+00:00,9.54,58.10924
2025-08-23 13:00:00+00:00,7.8480825,53.392834
2025-08-23 14:00:00+00:00,8.133928,65.13633
2025-08-23 15:00:00+00:00,7.771331,76.60749
2025-08-23 16:00:00+00:00,5.983477,46.2188
2025-08-23 17:00:00+00:00,6.7205353,20.37652
2025-08-23 18:00:00+00:00,7.256032,23.385246
2025-08-23 19:00:00+00:00,7.9036193,30.068504
2025-08-23 20:00:00+00:00,8.714677,38.290207
2025-08-23 21:00:00+00:00,10.486448,50.572224
2025-08-23 22:00:00+00:00,7.289445,32.905247
2025-08-23 23:00:00+00:00,8.149847,46.789886
2025-08-24 00:00:00+00:00,8.827344,69.717354
2025-08-24 01:00:00+00:00,9.9408245,84.805664
2025-08-24 02:00:00+00:00,11.705537,88.23765
2025-08-24 03:00:00+00:00,11.5199995,90.0
2025-08-24 04:00:00+00:00,12.144331,78.02389
2025-08-24 05:00:00+00:00,12.124307,71.833954
2025-08-24 06:00:00+00:00,12.483748,61.587433
2025-08-24 07:00:00+00:00,12.431733,55.6196
2025-08-24 08:00:00+00:00,10.97262,48.99101
2025-08-24 09:00:00+00:00,7.570707,71.99575
2025-08-24 10:00:00+00:00,4.542994,123.6901
2025-08-24 11:00:00+00:00,3.9763298,275.19434
2025-08-24 12:00:00+00:00,6.1437774,301.8274
2025-08-24 13:00:00+00:00,7.8625183,285.94547
2025-08-24 14:00:00+00:00,7.5685663,267.27374
2025-08-24 15:00:00+00:00,7.388775,267.20737
2025-08-24 16:00:00+00:00,5.937272,255.96373
2025-08-24 17:00:00+00:00,3.8939953,236.3099
2025-08-24 18:00:00+00:00,3.0652895,266.6336
2025-08-24 19:00:00+00:00,4.991553,295.64096
2025-08-24 20:00:00+00:00,5.1544156,282.09473
2025-08-24 21:00:00+00:00,4.5322843,263.15732
2025-08-24 22:00:00+00:00,3.4152596,251.56496
2025-08-24 23:00:00+00:00,2.6758924,250.34608
2025-08-25 00:00:00+00:00,1.4512063,240.2552
2025-08-25 01:00:00+00:00,2.0523157,195.25517
2025-08-25 02:00:00+00:00,2.0523157,232.12495
2025-08-25 03:00:00+00:00,0.9178235,348.6901
2025-08-25 04:00:00+00:00,3.3481934,53.74608
2025-08-25 05:00:00+00:00,5.5450516,76.865974
2025-08-25 06:00:00+00:00,6.0721655,78.02389
2025-08-25 07:00:00+00:00,6.12,61.92762
2025-08-25 08:00:00+00:00,7.388775,34.07725
2025-08-25 09:00:00+00:00,7.5685663,25.346138
2025-08-25 10:00:00+00:00,6.6794305,14.036275
2025-08-25 11:00:00+00:00,0.56920993,198.43504
2025-08-25 12:00:00+00:00,3.7971041,211.42952
2025-08-25 13:00:00+00:00,4.5891175,205.55992
2025-08-25 14:00:00+00:00,4.0249224,169.6952
2025-08-25 15:00:00+00:00,4.3349743,138.36655
2025-08-25 16:00:00+00:00,3.4152596,108.43504
2025-08-25 17:00:00+00:00,3.62243,63.435013
2025-08-25 18:00:00+00:00,3.189608,16.389616
2025-08-25 19:00:00+00:00,3.4247334,3.0127327
2025-08-25 20:00:00+00:00,2.4482646,17.102825
2025-08-25 21:00:00+00:00,0.9,53.13002
2025-08-25 22:00:00+00:00,3.536439,104.743614
2025-08-25 23:00:00+00:00,6.050785,67.24899
2025-08-26 00:00:00+00:00,7.256032,66.61476
2025-08-26 01:00:00+00:00,8.37532,61.782738
2025-08-26 02:00:00+00:00,8.766573,70.8209
2025-08-26 03:00:00+00:00,8.936778,80.72748
2025-08-26 04:00:00+00:00,8.6867485,84.05324
2025-08-26 05:00:00+00:00,8.557102,75.37909
2025-08-26 06:00:00+00:00,8.29173,62.878777
2025-08-26 07:00:00+00:00,7.5942082,58.570484
2025-08-26 08:00:00+00:00,9.313152,41.081665
2025-08-26 09:00:00+00:00,5.5450516,13.134034
2025-08-26 10:00:00+00:00,1.0948973,99.46225
2025-08-26 11:00:00+00:00,6.2067385,209.53868
2025-08-26 12:00:00+00:00,7.42159,219.09384
2025-08-26 13:00:00+00:00,7.995323,211.18492
2025-08-26 14:00:00+00:00,7.256032,209.7448
2025-08-26 15:00:00+00:00,5.728979,223.72705
2025-08-26 16:00:00+00:00,5.8409934,236.3099
2025-08-26 17:00:00+00:00,5.7628117,218.65984
2025-08-26 18:00:00+00:00,5.2939587,197.81898
2025-08-26 19:00:00+00:00,4.060985,192.80426
2025-08-26 20:00:00+00:00,3.3043609,209.35765
2025-08-26 21:00:00+00:00,3.4388947,227.12111
2025-08-26 22:00:00+00:00,2.4014995,167.00539
2025-08-26 23:00:00+00:00,3.3092597,202.38017
2025-08-27 00:00:00+00:00,3.644722,200.22495
2025-08-27 01:00:00+00:00,3.4623692,207.89717
2025-08-27 02:00:00+00:00,3.06,241.92761
2025-08-27 03:00:00+00:00,3.9763298,264.80566
2025-08-27 04:00:00+00:00,4.14,270.0
2025-08-27 05:00:00+00:00,6.489992,273.17978
2025-08-27 06:00:00+00:00,7.922045,268.6981
2025-08-27 07:00:00+00:00,9.181765,271.1233
2025-08-27 08:00:00+00:00,8.723967,291.80145
2025-08-27 09:00:00+00:00,8.641874,271.19345
2025-08-27 10:00:00+00:00,7.7734165,264.68555
2025-08-27 11:00:00+00:00,6.452441,239.85869
2025-08-27 12:00:00+00:00,7.44121,212.15227
2025-08-27 13:00:00+00:00,6.1305785,220.23628
2025-08-27 14:00:00+00:00,6.945761,238.78166
2025-08-27 15:00:00+00:00,7.731623,245.22488
2025-08-27 16:00:00+00:00,7.570707,241.60707
2025-08-27 17:00:00+00:00,7.0107627,240.80261
2025-08-27 18:00:00+00:00,6.9247384,242.10283
2025-08-27 19:00:00+00:00,6.66,251.07526
2025-08-27 20:00:00+00:00,6.6818557,265.36462
2025-08-27 21:00:00+00:00,6.0077944,278.61557
2025-08-27 22:00:00+00:00,2.9301877,317.4896
2025-08-27 23:00:00+00:00,3.5455887,336.0375
2025-08-28 00:00:00+00:00,1.2727921,224.9999
2025-08-28 01:00:00+00:00,4.6800003,157.3801
2025-08-28 02:00:00+00:00,5.7599998,180.0
2025-08-28 03:00:00+00:00,4.6834598,182.20255
2025-08-28 04:00:00+00:00,3.4949677,191.88864
2025-08-28 05:00:00+00:00,2.0124612,206.56499
2025-08-28 06:00:00+00:00,2.0523157,217.87505
2025-08-28 07:00:00+00:00,1.8,270.0
2025-08-28 08:00:00+00:00,2.9024127,330.25522
2025-08-28 09:00:00+00:00,2.8174455,296.56497
2025-08-28 10:00:00+00:00,6.778141,259.28693
2025-08-28 11:00:00+00:00,5.4744864,207.40749
2025-08-28 12:00:00+00:00,5.8048253,172.87508
2025-08-28 13:00:00+00:00,6.542201,172.09293
2025-08-28 14:00:00+00:00,3.9312592,164.05453
2025-08-28 15:00:00+00:00,2.4014995,192.99461
2025-08-28 16:00:00+00:00,3.3043609,209.35765
2025-08-28 17:00:00+00:00,5.6492476,202.47948
2025-08-28 18:00:00+00:00,7.0199995,202.6199
2025-08-28 19:00:00+00:00,6.8423676,206.56499
2025-08-28 20:00:00+00:00,5.796447,216.15828
2025-08-28 21:00:00+00:00,5.1165614,230.71062
2025-08-28 22:00:00+00:00,2.968636,255.96373
2025-08-28 23:00:00+00:00,3.8268526,221.18582
2025-08-29 00:00:00+00:00,4.5891175,228.17992
2025-08-29 01:00:00+00:00,5.3305535,258.31067
2025-08-29 02:00:00+00:00,6.489992,266.82022
2025-08-29 03:00:00+00:00,7.2022495,268.56793
2025-08-29 04:00:00+00:00,8.82,270.0
2025-08-29 05:00:00+00:00,9.761578,275.28998
2025-08-29 06:00:00+00:00,11.362834,273.63287
2025-08-29 07:00:00+00:00,13.31635,283.28488
2025-08-29 08:00:00+00:00,13.379461,275.4037
2025-08-29 09:00:00+00:00,13.218668,276.25394
2025-08-29 10:00:00+00:00,5.3999996,270.0
2025-08-29 11:00:00+00:00,2.16,180.0
2025-08-29 12:00:00+00:00,4.080882,138.57643
2025-08-29 13:00:00+00:00,5.293959,144.6887
2025-08-29 14:00:00+00:00,3.7842832,182.72626
2025-08-29 15:00:00+00:00,3.671294,168.69011
2025-08-29 16:00:00+00:00,5.0688457,173.8846
2025-08-29 17:00:00+00:00,6.7205353,187.69595
2025-08-29 18:00:00+00:00,5.8603754,190.6196
2025-08-29 19:00:00+00:00,5.3699164,193.57045
2025-08-29 20:00:00+00:00,5.0142193,201.03758
2025-08-29 21:00:00+00:00,4.080882,221.42357
2025-08-29 22:00:00+00:00,4.7657523,190.88548
2025-08-29 23:00:00+00:00,3.0811036,186.70975
2025-08-30 00:00:00+00:00,4.86,180.0
2025-08-30 01:00:00+00:00,5.9427266,181.73567
2025-08-30 02:00:00+00:00,5.7204895,204.14554
2025-08-30 03:00:00+00:00,6.037383,190.3048
2025-08-30 04:00:00+00:00,4.802999,192.99461
2025-08-30 05:00:00+00:00,4.5536795,198.43504
2025-08-30 06:00:00+00:00,3.494968,235.49141
2025-08-30 07:00:00+00:00,3.381893,244.7989
2025-08-30 08:00:00+00:00,3.7064266,330.9455
2025-08-30 09:00:00+00:00,3.2599385,353.6599
2025-08-30 10:00:00+00:00,5.072041,27.474344
2025-08-30 11:00:00+00:00,4.379589,80.53775
2025-08-30 12:00:00+00:00,6.792466,122.00535
2025-08-30 13:00:00+00:00,5.1481256,143.53067
2025-08-30 14:00:00+00:00,3.0652893,40.236294
2025-08-30 15:00:00+00:00,6.0908127,18.970512
2025-08-30 16:00:00+00:00,7.0015144,17.969234
2025-08-30 17:00:00+00:00,6.489992,19.440128
2025-08-30 18:00:00+00:00,5.414979,21.44781
2025-08-30 19:00:00+00:00,4.3832865,19.179106
2025-08-30 20:00:00+00:00,4.542994,33.6901
2025-08-30 21:00:00+00:00,4.829907,26.564985
2025-08-30 22:00:00+00:00,3.710795,14.036275
2025-08-30 23:00:00+00:00,4.0449963,20.854538
2025-08-31 00:00:00+00:00,5.09435,57.99466
2025-08-31 01:00:00+00:00,5.297018,80.21766
2025-08-31 02:00:00+00:00,5.7628117,88.21013
2025-08-31 03:00:00+00:00,7.2805495,81.46932
2025-08-31 04:00:00+00:00,8.707238,82.875084
2025-08-31 05:00:00+00:00,10.449306,79.07724
2025-08-31 06:00:00+00:00,11.793777,74.054535
2025-08-31 07:00:00+00:00,10.315115,60.75127
2025-08-31 08:00:00+00:00,8.92408,48.270576
2025-08-31 09:00:00+00:00,5.983477,46.2188
2025-08-31 10:00:00+00:00,7.0223074,358.53122
2025-08-31 11:00:00+00:00,5.3517847,317.72638
2025-08-31 12:00:00+00:00,3.8183763,278.13
2025-08-31 13:00:00+00:00,4.2175345,230.19447
2025-08-31 14:00:00+00:00,4.669604,242.44727
2025-08-31 15:00:00+00:00,3.319036,229.39879
2025-08-31 16:00:00+00:00,1.2074767,206.56499
2025-08-31 17:00:00+00:00,1.2727921,8.130019
2025-08-31 18:00:00+00:00,2.5264204,4.085537
2025-08-31 19:00:00+00:00,3.536439,14.743609
2025-08-31 20:00:00+00:00,3.8268526,41.185837
2025-08-31 21:00:00+00:00,4.39436,34.9921
2025-08-31 22:00:00+00:00,4.829907,26.564985
2025-08-31 23:00:00+00:00,4.3498964,24.443953
2025-09-01 00:00:00+00:00,4.2136917,70.01681
2025-09-01 01:00:00+00:00,4.5,126.86999
2025-09-01 02:00:00+00:00,4.1556225,107.650215
2025-09-01 03:00:00+00:00,7.388775,87.20736
2025-09-01 04:00:00+00:00,10.914888,76.65127
2025-09-01 05:00:00+00:00,13.169556,68.343956
2025-09-01 06:00:00+00:00,14.1102085,66.70542
2025-09-01 07:00:00+00:00,14.677451,66.89365
2025-09-01 08:00:00+00:00,14.658676,65.32315
2025-09-01 09:00:00+00:00,12.72283,64.8852
2025-09-01 10:00:00+00:00,11.755254,64.61213
2025-09-01 11:00:00+00:00,8.14587,44.999897
2025-09-01 12:00:00+00:00,6.6405115,32.82854
2025-09-01 13:00:00+00:00,8.244708,36.11944
2025-09-01 14:00:00+00:00,6.4924874,46.12322
2025-09-01 15:00:00+00:00,7.327127,62.17599
2025-09-01 16:00:00+00:00,9.172938,74.054535
2025-09-01 17:00:00+00:00,8.951267,74.84589
2025-09-01 18:00:00+00:00,7.8149853,75.32356
2025-09-01 19:00:00+00:00,7.0591216,70.640915
2025-09-01 20:00:00+00:00,6.269067,50.82635
2025-09-01 21:00:00+00:00,7.2805495,8.530692
2025-09-01 22:00:00+00:00,10.739832,39.55964
2025-09-01 23:00:00+00:00,11.079873,46.97493
2025-09-02 00:00:00+00:00,10.036512,57.45001
2025-09-02 01:00:00+00:00,3.3092597,67.61982
2025-09-02 02:00:00+00:00,5.7852573,264.64426
2025-09-02 03:00:00+00:00,9.721666,271.06088
2025-09-02 04:00:00+00:00,10.564942,278.8203
2025-09-02 05:00:00+00:00,11.165805,268.15244
2025-09-02 06:00:00+00:00,9.224011,264.40076
2025-09-02 07:00:00+00:00,7.968939,251.56496
2025-09-02 08:00:00+00:00,6.544677,238.49579
2025-09-02 09:00:00+00:00,7.538541,213.31064
2025-09-02 10:00:00+00:00,2.6208394,254.05453
2025-09-02 11:00:00+00:00,2.8001428,224.9999
2025-09-02 12:00:00+00:00,3.9477081,245.77226
2025-09-02 13:00:00+00:00,4.7110505,263.41815
2025-09-02 14:00:00+00:00,3.9640884,230.52757
2025-09-02 15:00:00+00:00,6.391901,189.72751
2025-09-02 16:00:00+00:00,6.1858225,188.3658
2025-09-02 17:00:00+00:00,3.7799997,180.0
2025-09-02 18:00:00+00:00,3.4247334,176.98727
2025-09-02 19:00:00+00:00,3.6,180.0
2025-09-02 20:00:00+00:00,3.7842832,182.72626
2025-09-02 21:00:00+00:00,4.379589,189.46225
2025-09-02 22:00:00+00:00,3.9477081,226.8476
2025-09-02 23:00:00+00:00,3.8141315,199.29015
2025-09-03 00:00:00+00:00,4.5891175,154.44008
2025-09-03 01:00:00+00:00,1.26,90.0
2025-09-03 02:00:00+00:00,2.8116899,50.194473
2025-09-03 03:00:00+00:00,6.5248446,65.55606
2025-09-03 04:00:00+00:00,9.194106,66.94868
2025-09-03 05:00:00+00:00,10.134496,70.27763
2025-09-03 06:00:00+00:00,10.134496,70.27763
2025-09-03 07:00:00+00:00,10.534229,70.01681
2025-09-03 08:00:00+00:00,12.181624,55.840256
2025-09-03 09:00:00+00:00,9.636307,57.200474
2025-09-03 10:00:00+00:00,3.244996,33.6901
2025-09-03 11:00:00+00:00,4.7827187,250.20103
2025-09-03 12:00:00+00:00,10.028439,248.96242
2025-09-03 13:00:00+00:00,9.779817,263.6599
2025-09-03 14:00:00+00:00,9.114471,260.9098
2025-09-03 15:00:00+00:00,8.836514,236.6336
2025-09-03 16:00:00+00:00,9.582358,208.00908
2025-09-03 17:00:00+00:00,10.534229,196.88687
2025-09-03 18:00:00+00:00,7.968939,198.43504
2025-09-03 19:00:00+00:00,5.8048253,209.7448
2025-09-03 20:00:00+00:00,4.3274937,224.9999
2025-09-03 21:00:00+00:00,5.7402787,221.18582
2025-09-03 22:00:00+00:00,5.7964473,205.76927
2025-09-03 23:00:00+00:00,9.734988,213.6901
2025-09-04 00:00:00+00:00,5.8769383,207.3498
2025-09-04 01:00:00+00:00,3.9518096,239.9315
2025-09-04 02:00:00+00:00,2.4482646,287.1028
2025-09-04 03:00:00+00:00,3.4623692,297.8972
2025-09-04 04:00:00+00:00,1.659518,282.5288
2025-09-04 05:00:00+00:00,4.0449967,237.72438
2025-09-04 06:00:00+00:00,6.696387,216.25392
2025-09-04 07:00:00+00:00,7.382195,224.9999
2025-09-04 08:00:00+00:00,7.353611,248.45895
2025-09-04 09:00:00+00:00,8.827344,267.66275
2025-09-04 10:00:00+00:00,10.195057,317.86246
2025-09-04 11:00:00+00:00,9.984729,326.0234
2025-09-04 12:00:00+00:00,5.2200003,270.0
2025-09-04 13:00:00+00:00,8.043805,229.53786
2025-09-04 14:00:00+00:00,8.738811,237.61934
2025-09-04 15:00:00+00:00,8.452336,243.43501
2025-09-04 16:00:00+00:00,9.396275,233.56905
2025-09-04 17:00:00+00:00,10.062305,227.17476
2025-09-04 18:00:00+00:00,9.178235,221.82008
2025-09-04 19:00:00+00:00,8.149847,223.21011
2025-09-04 20:00:00+00:00,7.6409945,226.90913
2025-09-04 21:00:00+00:00,7.519175,222.08908
2025-09-04 22:00:00+00:00,7.056826,232.25313
2025-09-04 23:00:00+00:00,5.8769383,242.6502
2025-09-05 00:00:00+00:00,3.381893,244.7989
2025-09-05 01:00:00+00:00,3.0811036,276.70975
2025-09-05 02:00:00+00:00,5.7628117,271.78986
2025-09-05 03:00:00+00:00,10.674773,275.80664
2025-09-05 04:00:00+00:00,10.62,270.0
2025-09-05 05:00:00+00:00,9.734988,266.82022
2025-09-05 06:00:00+00:00,9.0645685,263.15732
2025-09-05 07:00:00+00:00,8.863972,282.9074
2025-09-05 08:00:00+00:00,9.926147,265.84042
2025-09-05 09:00:00+00:00,7.8087645,244.02565
2025-09-05 10:00:00+00:00,6.489992,213.6901
2025-09-05 11:00:00+00:00,5.920878,250.46326
2025-09-05 12:00:00+00:00,6.0347,252.64589
2025-09-05 13:00:00+00:00,7.5685663,244.65387
2025-09-05 14:00:00+00:00,7.674842,230.7106
2025-09-05 15:00:00+00:00,6.638072,220.60121
2025-09-05 16:00:00+00:00,6.384293,220.426
2025-09-05 17:00:00+00:00,5.257109,231.95291
2025-09-05 18:00:00+00:00,5.6521144,232.76509
2025-09-05 19:00:00+00:00,5.3457265,224.9999
2025-09-05 20:00:00+00:00,6.3690495,227.29063
2025-09-05 21:00:00+00:00,6.696387,216.25392
2025-09-05 22:00:00+00:00,2.9301877,190.6196
2025-09-05 23:00:00+00:00,3.8856654,193.39252
2025-09-06 00:00:00+00:00,5.2694216,187.85323
2025-09-06 01:00:00+00:00,6.28713,193.24052
2025-09-06 02:00:00+00:00,6.279395,207.29948
2025-09-06 03:00:00+00:00,7.0843205,242.78397
2025-09-06 04:00:00+00:00,7.388775,267.20737
2025-09-06 05:00:00+00:00,5.8603754,280.6196
2025-09-06 06:00:00+00:00,6.050785,292.751
2025-09-06 07:00:00+00:00,6.8612823,274.5139
2025-09-06 08:00:00+00:00,7.562142,271.3639
2025-09-06 09:00:00+00:00,11.705537,271.76236
2025-09-06 10:00:00+00:00,9.67657,260.36252
2025-09-06 11:00:00+00:00,8.14587,224.9999
2025-09-06 12:00:00+00:00,7.029225,193.32454
2025-09-06 13:00:00+00:00,6.424764,191.30989
2025-09-06 14:00:00+00:00,5.414979,201.4478
2025-09-06 15:00:00+00:00,3.8773184,248.19853
2025-09-06 16:00:00+00:00,3.9518096,300.06848
2025-09-06 17:00:00+00:00,3.96,270.0
2025-09-06 18:00:00+00:00,5.318383,246.0375
2025-09-06 19:00:00+00:00,7.256032,226.00499
2025-09-06 20:00:00+00:00,6.384293,220.426
2025-09-06 21:00:00+00:00,3.381893,244.7989
2025-09-06 22:00:00+00:00,3.4199998,270.0
2025-09-06 23:00:00+00:00,2.995797,237.26477
2025-09-07 00:00:00+00:00,5.3305535,191.68935
2025-09-07 01:00:00+00:00,6.391901,189.72751
2025-09-07 02:00:00+00:00,5.5829024,200.77234
2025-09-07 03:00:00+00:00,6.248359,228.50363
2025-09-07 04:00:00+00:00,7.0843205,242.78397
2025-09-07 05:00:00+00:00,7.1208143,253.85559
2025-09-07 06:00:00+00:00,9.708326,280.68484
2025-09-07 07:00:00+00:00,7.562142,268.6361
2025-09-07 08:00:00+00:00,9.56713,258.05585
2025-09-07 09:00:00+00:00,10.564942,278.8203
2025-09-07 10:00:00+00:00,11.542478,273.57626
2025-09-07 11:00:00+00:00,11.132385,255.96373
2025-09-07 12:00:00+00:00,10.009036,232.3057
2025-09-07 13:00:00+00:00,8.783189,224.16977
2025-09-07 14:00:00+00:00,4.942631,236.88864
2025-09-07 15:00:00+00:00,4.32,270.0
2025-09-07 16:00:00+00:00,5.2694216,262.1468
2025-09-07 17:00:00+00:00,5.7599998,270.0
2025-09-07 18:00:00+00:00,5.5799994,270.0
2025-09-07 19:00:00+00:00,4.613762,249.44388
2025-09-07 20:00:00+00:00,6.4924874,223.87679
2025-09-07 21:00:00+00:00,5.994297,228.65231
2025-09-07 22:00:00+00:00,5.8603754,227.4896
2025-09-07 23:00:00+00:00,6.3639607,224.9999
2025-09-08 00:00:00+00:00,6.341009,214.59235
2025-09-08 01:00:00+00:00,5.369916,230.44037
2025-09-08 02:00:00+00:00,6.5520988,254.05453
2025-09-08 03:00:00+00:00,6.2483597,258.3664
2025-09-08 04:00:00+00:00,5.937272,255.96373
2025-09-08 05:00:00+00:00,6.898956,262.50424
2025-09-08 06:00:00+00:00,7.92,270.0
2025-09-08 07:00:00+00:00,8.613709,280.84027
2025-09-08 08:00:00+00:00,8.731392,278.29706
2025-09-08 09:00:00+00:00,8.707238,277.1249
2025-09-08 10:00:00+00:00,6.037383,243.43501
2025-09-08 11:00:00+00:00,3.604497,177.13765
2025-09-08 12:00:00+00:00,6.924738,171.02745
2025-09-08 13:00:00+00:00,5.232399,183.94511
2025-09-08 14:00:00+00:00,4.829907,206.56499
2025-09-08 15:00:00+00:00,4.198285,210.96368
2025-09-08 16:00:00+00:00,3.7585104,196.69933
2025-09-08 17:00:00+00:00,5.072041,207.47435
2025-09-08 18:00:00+00:00,5.257109,218.04709
2025-09-08 19:00:00+00:00,4.1046314,217.87505
2025-09-08 20:00:00+00:00,3.143565,203.6294
2025-09-08 21:00:00+00:00,3.671294,191.30989
2025-09-08 22:00:00+00:00,3.4152596,198.43504
2025-09-08 23:00:00+00:00,2.8856194,183.57626
2025-09-09 00:00:00+00:00,1.6981165,147.99466
2025-09-09 01:00:00+00:00,1.4512063,172.87508
2025-09-09 02:00:00+00:00,1.1525624,218.65984
2025-09-09 03:00:00+00:00,2.16,270.0
2025-09-09 04:00:00+00:00,3.0652895,266.6336
2025-09-09 05:00:00+00:00,5.1826253,249.67677
2025-09-09 06:00:00+00:00,6.9270773,245.43285
2025-09-09 07:00:00+00:00,8.0599,240.57263
2025-09-09 08:00:00+00:00,8.936778,235.66972
2025-09-09 09:00:00+00:00,11.063778,248.02544
2025-09-09 10:00:00+00:00,6.830519,251.56496
2025-09-09 11:00:00+00:00,6.601363,244.1337
2025-09-09 12:00:00+00:00,4.5,286.26028
2025-09-09 13:00:00+00:00,4.143911,267.5105
2025-09-09 14:00:00+00:00,5.4656014,252.75845
2025-09-09 15:00:00+00:00,6.6087217,240.64233
2025-09-09 16:00:00+00:00,6.452441,247.01126
2025-09-09 17:00:00+00:00,6.5520988,249.07542
2025-09-09 18:00:00+00:00,5.8048253,262.8751
2025-09-09 19:00:00+00:00,6.4096174,231.84273
2025-09-09 20:00:00+00:00,6.7469993,223.91916
2025-09-09 21:00:00+00:00,8.019601,224.09071
2025-09-09 22:00:00+00:00,7.973005,241.69934
2025-09-09 23:00:00+00:00,7.415038,264.4279
2025-09-10 00:00:00+00:00,4.5572357,260.9098
2025-09-10 01:00:00+00:00,5.6492476,239.34941
2025-09-10 02:00:00+00:00,6.77575,253.0091
2025-09-10 03:00:00+00:00,8.827343,253.41258
2025-09-10 04:00:00+00:00,7.0568266,264.14407
2025-09-10 05:00:00+00:00,5.7628117,271.78986
2025-09-10 06:00:00+00:00,5.0911684,261.87
2025-09-10 07:00:00+00:00,6.3639607,241.2603
2025-09-10 08:00:00+00:00,8.891344,248.6293
2025-09-10 09:00:00+00:00,10.564941,256.2005
2025-09-10 10:00:00+00:00,3.381893,244.7989
2025-09-10 11:00:00+00:00,1.1525624,218.65984
2025-09-10 12:00:00+00:00,1.8,270.0
2025-09-10 13:00:00+00:00,4.175069,262.5687
2025-09-10 14:00:00+00:00,3.9477081,245.77226
2025-09-10 15:00:00+00:00,2.226477,194.03627
2025-09-10 16:00:00+00:00,0.25455844,135.0001
2025-09-10 17:00:00+00:00,0.6489992,146.3099
2025-09-10 18:00:00+00:00,1.1384199,251.56496
2025-09-10 19:00:00+00:00,1.8089776,264.2895
2025-09-10 20:00:00+00:00,4.6800003,247.3801
2025-09-10 21:00:00+00:00,4.8899083,263.6599
2025-09-10 22:00:00+00:00,2.9024127,240.2552
2025-09-10 23:00:00+00:00,3.9312592,195.94547
2025-09-11 00:00:00+00:00,5.5916004,183.69131
2025-09-11 01:00:00+00:00,6.603817,197.44728
2025-09-11 02:00:00+00:00,4.5891175,221.82008
2025-09-11 03:00:00+00:00,5.0142193,248.96242
2025-09-11 04:00:00+00:00,4.3832865,250.82089
2025-09-11 05:00:00+00:00,3.84796,259.21576
2025-09-11 06:00:00+00:00,4.896529,287.1028
2025-09-11 07:00:00+00:00,6.544677,301.5042
2025-09-11 08:00:00+00:00,9.746631,265.76367
2025-09-11 09:00:00+00:00,11.307095,256.18494
2025-09-11 10:00:00+00:00,7.7734165,275.31445
2025-09-11 11:00:00+00:00,5.6262593,262.6477
2025-09-11 12:00:00+00:00,3.710795,219.09384
2025-09-11 13:00:00+00:00,3.8141315,199.29015
2025-09-11 14:00:00+00:00,3.0652893,220.23628
2025-09-11 15:00:00+00:00,1.4512063,262.8751
2025-09-11 16:00:00+00:00,2.4149535,243.43501
2025-09-11 17:00:00+00:00,3.0547013,224.9999
2025-09-11 18:00:00+00:00,2.8460498,198.43504
2025-09-11 19:00:00+00:00,2.8174455,206.56499
2025-09-11 20:00:00+00:00,3.0652893,220.23628
2025-09-11 21:00:00+00:00,6.151683,249.44386
2025-09-11 22:00:00+00:00,6.5520988,249.07542
2025-09-11 23:00:00+00:00,3.7971036,264.55975
2025-09-12 00:00:00+00:00,3.96,270.0
2025-09-12 01:00:00+00:00,5.4029994,271.90912
2025-09-12 02:00:00+00:00,7.072878,255.2564
2025-09-12 03:00:00+00:00,6.341009,235.40765
2025-09-12 04:00:00+00:00,3.4388947,222.87889
2025-09-12 05:00:00+00:00,1.1384199,161.56496
2025-09-12 06:00:00+00:00,2.0991426,300.96368
2025-09-12 07:00:00+00:00,2.907989,291.80148
2025-09-12 08:00:00+00:00,3.244996,303.6901
2025-09-12 09:00:00+00:00,4.1556225,252.3498
2025-09-12 10:00:00+00:00,3.644722,200.22495
2025-09-12 11:00:00+00:00,5.8603754,190.6196
2025-09-12 12:00:00+00:00,5.3517847,199.65392
2025-09-12 13:00:00+00:00,5.634891,206.56499
2025-09-12 14:00:00+00:00,3.550155,300.46545
2025-09-12 15:00:00+00:00,5.072041,332.52567
2025-09-12 16:00:00+00:00,4.91634,293.7495
2025-09-12 17:00:00+00:00,4.1085763,241.1893
2025-09-12 18:00:00+00:00,5.8603754,227.4896
2025-09-12 19:00:00+00:00,6.873078,224.9999
2025-09-12 20:00:00+00:00,8.099999,233.13002
2025-09-12 21:00:00+00:00,8.461914,240.70874
2025-09-12 22:00:00+00:00,7.79215,276.63242
2025-09-12 23:00:00+00:00,9.47012,278.74606
2025-09-13 00:00:00+00:00,8.64,270.0
2025-09-13 01:00:00+00:00,8.553314,261.52893
2025-09-13 02:00:00+00:00,8.322932,248.42863
2025-09-13 03:00:00+00:00,7.6367526,261.87
2025-09-13 04:00:00+00:00,8.297589,273.73132
2025-09-13 05:00:00+00:00,8.281956,268.75467
2025-09-13 06:00:00+00:00,8.083983,258.4399
2025-09-13 07:00:00+00:00,9.505977,251.22186
2025-09-13 08:00:00+00:00,9.107359,251.56496
2025-09-13 09:00:00+00:00,8.65873,249.30446
2025-09-13 10:00:00+00:00,8.149847,263.6599
2025-09-13 11:00:00+00:00,7.029225,267.0644
2025-09-13 12:00:00+00:00,5.5916004,273.6913
2025-09-13 13:00:00+00:00,4.503598,267.70944
2025-09-13 14:00:00+00:00,3.7585104,343.3007
2025-09-13 15:00:00+00:00,2.5455842,44.999897
2025-09-13 16:00:00+00:00,2.7059932,93.814
2025-09-13 17:00:00+00:00,3.1845248,137.29063
2025-09-13 18:00:00+00:00,2.9301877,132.5104
2025-09-13 19:00:00+00:00,2.5772076,114.775116
2025-09-13 20:00:00+00:00,2.6758924,42.27363
2025-09-13 21:00:00+00:00,5.8631387,17.87879
2025-09-13 22:00:00+00:00,5.297018,350.21765
2025-09-13 23:00:00+00:00,5.8769383,332.6502
2025-09-14 00:00:00+00:00,3.9518096,300.06848
2025-09-14 01:00:00+00:00,5.1165614,230.71062
2025-09-14 02:00:00+00:00,4.863332,231.009
2025-09-14 03:00:00+00:00,4.829907,243.43501
2025-09-14 04:00:00+00:00,4.6938252,274.39862
2025-09-14 05:00:00+00:00,5.4656014,287.24155
2025-09-14 06:00:00+00:00,6.482499,271.5911
2025-09-14 07:00:00+00:00,8.297589,266.26868
2025-09-14 08:00:00+00:00,9.5416975,271.0809
2025-09-14 09:00:00+00:00,10.801499,269.04517
2025-09-14 10:00:00+00:00,9.044888,238.84076
2025-09-14 11:00:00+00:00,9.56713,258.05585
2025-09-14 12:00:00+00:00,6.037383,259.69522
2025-09-14 13:00:00+00:00,5.637765,196.69933
2025-09-14 14:00:00+00:00,7.7983837,198.85326
2025-09-14 15:00:00+00:00,8.427383,199.9832
2025-09-14 16:00:00+00:00,8.29173,207.12122
2025-09-14 17:00:00+00:00,7.256032,223.99501
2025-09-14 18:00:00+00:00,7.4128532,240.94548
2025-09-14 19:00:00+00:00,7.729527,242.24155
2025-09-14 20:00:00+00:00,9.299225,227.35333
2025-09-14 21:00:00+00:00,8.209263,217.87505
2025-09-14 22:00:00+00:00,6.924738,261.02747
2025-09-14 23:00:00+00:00,7.3821945,268.60284
2025-09-15 00:00:00+00:00,6.050785,239.62096
2025-09-15 01:00:00+00:00,6.206738,196.85847
2025-09-15 02:00:00+00:00,5.771239,183.57626
2025-09-15 03:00:00+00:00,4.379589,170.53775
2025-09-15 04:00:00+00:00,1.6981165,147.99466
2025-09-15 05:00:00+00:00,2.5264204,94.08554
2025-09-15 06:00:00+00:00,3.7585104,106.699326
2025-09-15 07:00:00+00:00,1.2979984,123.690094
2025-09-15 08:00:00+00:00,1.5484185,324.46225
2025-09-15 09:00:00+00:00,2.9301877,10.61961
2025-09-15 10:00:00+00:00,3.7585104,16.699326
2025-09-15 11:00:00+00:00,2.6758924,317.72638
2025-09-15 12:00:00+00:00,2.5772078,282.09473
2025-09-15 13:00:00+00:00,4.412754,11.76827
2025-09-15 14:00:00+00:00,3.3043609,60.64234
2025-09-15 15:00:00+00:00,3.536439,14.743609
2025-09-15 16:00:00+00:00,0.35999998,270.0
2025-09-15 17:00:00+00:00,2.52,270.0
2025-09-15 18:00:00+00:00,1.7727944,336.0375
2025-09-15 19:00:00+00:00,1.8792552,253.30067
2025-09-15 20:00:00+00:00,2.3469129,302.47116
2025-09-15 21:00:00+00:00,1.6299692,276.3401
2025-09-15 22:00:00+00:00,3.0811036,186.70975
2025-09-15 23:00:00+00:00,3.2399998,270.0
2025-09-16 00:00:00+00:00,4.8366103,315.0001
2025-09-16 01:00:00+00:00,3.2599385,353.6599
2025-09-16 02:00:00+00:00,3.8141315,340.70987
2025-09-16 03:00:00+00:00,1.484318,14.036275
2025-09-16 04:00:00+00:00,1.1384199,18.435053
2025-09-16 05:00:00+00:00,2.0124612,243.43501
2025-09-16 06:00:00+00:00,2.2553935,241.38963
2025-09-16 07:00:00+00:00,4.7827187,250.20103
2025-09-16 08:00:00+00:00,7.2,270.0
2025-09-16 09:00:00+00:00,6.320538,250.0168
2025-09-16 10:00:00+00:00,6.384293,220.426
2025-09-16 11:00:00+00:00,4.755544,209.4758
2025-09-16 12:00:00+00:00,3.7971041,211.42952
2025-09-16 13:00:00+00:00,2.907989,201.80147
2025-09-16 14:00:00+00:00,2.19718,214.9921
2025-09-16 15:00:00+00:00,2.7238941,262.40546
2025-09-16 16:00:00+00:00,2.4482648,233.97253
2025-09-16 17:00:00+00:00,2.3469126,184.39862
2025-09-16 18:00:00+00:00,2.1897945,260.53775
2025-09-16 19:00:00+00:00,1.9881649,264.80566
2025-09-16 20:00:00+00:00,2.6758924,250.34608
2025-09-16 21:00:00+00:00,3.244996,266.82022
2025-09-16 22:00:00+00:00,2.7416782,246.80138
2025-09-16 23:00:00+00:00,2.8460495,235.30478
2025-09-17 00:00:00+00:00,2.5582807,219.28938
2025-09-17 01:00:00+00:00,2.4149535,243.43501
2025-09-17 02:00:00+00:00,2.1674871,274.76355
2025-09-17 03:00:00+00:00,3.0758414,290.55612
2025-09-17 04:00:00+00:00,4.1556225,287.6502
2025-09-17 05:00:00+00:00,5.8298883,278.88058
2025-09-17 06:00:00+00:00,8.951267,285.1541
2025-09-17 07:00:00+00:00,10.564942,278.8203
2025-09-17 08:00:00+00:00,11.367109,280.954
2025-09-17 09:00:00+00:00,11.252519,277.3523
2025-09-17 10:00:00+00:00,7.814986,262.0566
2025-09-17 11:00:00+00:00,8.035746,254.40712
2025-09-17 12:00:00+00:00,5.1197267,259.8754
2025-09-17 13:00:00+00:00,5.950899,273.46817
2025-09-17 14:00:00+00:00,4.846648,248.19853
2025-09-17 15:00:00+00:00,6.618519,224.9999
2025-09-17 16:00:00+00:00,5.3999996,233.13002
2025-09-17 17:00:00+00:00,4.5536795,251.56496
2025-09-17 18:00:00+00:00,4.3349743,228.36655
2025-09-17 19:00:00+00:00,4.755544,209.4758
2025-09-17 20:00:00+00:00,4.278551,202.24907
2025-09-17 21:00:00+00:00,2.907989,201.80147
2025-09-17 22:00:00+00:00,3.1072817,259.9921
2025-09-17 23:00:00+00:00,3.7842832,244.65387
2025-09-18 00:00:00+00:00,5.876938,220.0302
2025-09-18 01:00:00+00:00,6.384293,229.574
2025-09-18 02:00:00+00:00,6.552099,232.81522
2025-09-18 03:00:00+00:00,7.120815,249.27435
2025-09-18 04:00:00+00:00,8.322932,248.42863
2025-09-18 05:00:00+00:00,8.827344,249.71735
2025-09-18 06:00:00+00:00,9.257321,243.43501
2025-09-18 07:00:00+00:00,8.557102,247.75093
2025-09-18 08:00:00+00:00,8.827344,249.71735
2025-09-18 09:00:00+00:00,7.628263,250.70985
2025-09-18 10:00:00+00:00,5.3426957,237.38077
2025-09-18 11:00:00+00:00,3.7842832,267.27374
2025-09-18 12:00:00+00:00,4.8466477,254.93146
2025-09-18 13:00:00+00:00,4.6938252,274.39862
2025-09-18 14:00:00+00:00,4.060985,257.19574
2025-09-18 15:00:00+00:00,3.6,180.0
2025-09-18 16:00:00+00:00,2.8460495,145.30478
2025-09-18 17:00:00+00:00,2.8001428,135.0001
2025-09-18 18:00:00+00:00,2.5264204,94.08554
2025-09-18 19:00:00+00:00,2.19718,124.992096
2025-09-18 20:00:00+00:00,1.484318,165.96373
2025-09-18 21:00:00+00:00,1.6299692,186.3401
2025-09-18 22:00:00+00:00,2.0124612,153.43501
2025-09-18 23:00:00+00:00,3.244996,176.82024
2025-09-19 00:00:00+00:00,3.362677,195.52417
2025-09-19 01:00:00+00:00,1.0182338,224.9999
2025-09-19 02:00:00+00:00,2.2910259,44.999897
2025-09-19 03:00:00+00:00,2.8460495,34.69522
2025-09-19 04:00:00+00:00,3.319036,40.601215
2025-09-19 05:00:00+00:00,4.8433046,41.98713
2025-09-19 06:00:00+00:00,4.5891175,11.3098955
2025-09-19 07:00:00+00:00,7.841888,350.75397
2025-09-19 08:00:00+00:00,7.4346757,353.04715
2025-09-19 09:00:00+00:00,5.00128,329.74365
2025-09-19 10:00:00+00:00,3.7842832,295.34613
2025-09-19 11:00:00+00:00,3.536439,194.7436
2025-09-19 12:00:00+00:00,5.4744864,189.46225
2025-09-19 13:00:00+00:00,4.2481523,216.38445
2025-09-19 14:00:00+00:00,4.0449963,249.14546
2025-09-19 15:00:00+00:00,3.644722,249.77505
2025-09-19 16:00:00+00:00,3.9640884,219.47243
2025-09-19 17:00:00+00:00,3.494968,214.50858
2025-09-19 18:00:00+00:00,3.189608,196.38962
2025-09-19 19:00:00+00:00,3.84796,190.78426
2025-09-19 20:00:00+00:00,2.1068459,160.0168
2025-09-19 21:00:00+00:00,1.4058449,129.80553
2025-09-19 22:00:00+00:00,2.3469129,237.52882
2025-09-19 23:00:00+00:00,3.362677,344.47583
2025-09-20 00:00:00+00:00,4.8633323,2.1210518
2025-09-20 01:00:00+00:00,1.26,270.0
2025-09-20 02:00:00+00:00,1.6981165,237.99466
2025-09-20 03:00:00+00:00,1.7727944,156.0375
2025-09-20 04:00:00+00:00,2.0124612,116.56499
2025-09-20 05:00:00+00:00,3.143565,66.37061
2025-09-20 06:00:00+00:00,3.572898,40.9143
2025-09-20 07:00:00+00:00,7.4672885,15.376317
2025-09-20 08:00:00+00:00,3.8183763,351.87
2025-09-20 09:00:00+00:00,3.319036,319.39877
2025-09-20 10:00:00+00:00,3.219938,26.564985
2025-09-20 11:00:00+00:00,1.0948973,279.46225
2025-09-20 12:00:00+00:00,4.2021422,189.86574
2025-09-20 13:00:00+00:00,3.4576871,231.34016
2025-09-20 14:00:00+00:00,3.6,233.13002
2025-09-20 15:00:00+00:00,3.1845248,222.70937
2025-09-20 16:00:00+00:00,3.0652893,220.23628
2025-09-20 17:00:00+00:00,3.4623692,152.10283
2025-09-20 18:00:00+00:00,3.096837,125.537766
2025-09-20 19:00:00+00:00,2.8174455,116.56499
2025-09-20 20:00:00+00:00,3.143565,76.75947
2025-09-20 21:00:00+00:00,2.6758924,47.72637
2025-09-20 22:00:00+00:00,4.1125174,23.198618
2025-09-20 23:00:00+00:00,3.362677,105.52418
2025-09-21 00:00:00+00:00,3.7842832,115.34614
2025-09-21 01:00:00+00:00,3.244996,123.6901
2025-09-21 02:00:00+00:00,3.964089,87.3975
2025-09-21 03:00:00+00:00,7.040739,85.60138
2025-09-21 04:00:00+00:00,8.281956,88.75467
2025-09-21 05:00:00+00:00,7.5942073,84.55976
2025-09-21 06:00:00+00:00,7.072878,75.25639
2025-09-21 07:00:00+00:00,8.019601,45.909298
2025-09-21 08:00:00+00:00,6.0908127,18.970512
2025-09-21 09:00:00+00:00,5.6262593,352.6477
2025-09-21 10:00:00+00:00,2.1068459,19.983198
2025-09-21 11:00:00+00:00,4.503598,182.29056
2025-09-21 12:00:00+00:00,4.1556225,184.96965
2025-09-21 13:00:00+00:00,2.1674871,221.63345
2025-09-21 14:00:00+00:00,2.5959969,213.6901
2025-09-21 15:00:00+00:00,3.319036,229.39879
2025-09-21 16:00:00+00:00,3.143565,193.24052
2025-09-21 17:00:00+00:00,3.1072817,190.00792
2025-09-21 18:00:00+00:00,1.6299692,186.3401
2025-09-21 19:00:00+00:00,1.4058449,219.80553
2025-09-21 20:00:00+00:00,3.0652893,229.76372
2025-09-21 21:00:00+00:00,2.7534704,258.6901
2025-09-21 22:00:00+00:00,3.244996,33.6901
2025-09-21 23:00:00+00:00,4.1046314,52.124958
2025-09-22 00:00:00+00:00,2.1674871,131.63345
2025-09-22 01:00:00+00:00,2.1674871,175.23645
2025-09-22 02:00:00+00:00,1.484318,104.03627
2025-09-22 03:00:00+00:00,3.8939953,56.3099
2025-09-22 04:00:00+00:00,7.056826,52.253136
2025-09-22 05:00:00+00:00,9.600937,59.589005
2025-09-22 06:00:00+00:00,9.741642,62.48809
2025-09-22 07:00:00+00:00,9.354806,59.981724
2025-09-22 08:00:00+00:00,10.210936,49.28924
2025-09-22 09:00:00+00:00,7.841887,58.134064
2025-09-22 10:00:00+00:00,8.131936,27.699385
2025-09-22 11:00:00+00:00,2.5772078,167.90526
2025-09-22 12:00:00+00:00,7.7734165,185.31445
2025-09-22 13:00:00+00:00,5.5596404,209.0545
2025-09-22 14:00:00+00:00,5.8852015,203.42871
2025-09-22 15:00:00+00:00,4.7928696,214.28693
2025-09-22 16:00:00+00:00,4.863332,218.991
2025-09-22 17:00:00+00:00,6.379216,196.38962
2025-09-22 18:00:00+00:00,8.083983,191.5601
2025-09-22 19:00:00+00:00,7.771331,193.39252
2025-09-22 20:00:00+00:00,6.6794305,194.03627
2025-09-22 21:00:00+00:00,6.4323244,197.92801
2025-09-22 22:00:00+00:00,4.965521,223.53127
2025-09-22 23:00:00+00:00,3.3481934,216.25392
2025-09-23 00:00:00+00:00,3.096837,215.53777
2025-09-23 01:00:00+00:00,4.5891175,221.82008
2025-09-23 02:00:00+00:00,4.5820518,224.9999
2025-09-23 03:00:00+00:00,4.5891175,228.17992
2025-09-23 04:00:00+00:00,3.7064266,240.94548
2025-09-23 05:00:00+00:00,1.1525624,218.65984
2025-09-23 06:00:00+00:00,1.2074767,26.564985
2025-09-23 07:00:00+00:00,3.06,28.072395
2025-09-23 08:00:00+00:00,3.9966488,7.7650824
2025-09-23 09:00:00+00:00,4.0449963,339.14545
2025-09-23 10:00:00+00:00,6.945761,328.78165
2025-09-23 11:00:00+00:00,4.510787,298.61035
2025-09-23 12:00:00+00:00,4.6730714,254.3577
2025-09-23 13:00:00+00:00,6.889557,236.7251
2025-09-23 14:00:00+00:00,6.12,241.92761
2025-09-23 15:00:00+00:00,5.9834766,248.83867
2025-09-23 16:00:00+00:00,6.452441,247.01126
2025-09-23 17:00:00+00:00,6.156947,232.12495
2025-09-23 18:00:00+00:00,7.42159,219.09384
2025-09-23 19:00:00+00:00,7.6388745,214.43904
2025-09-23 20:00:00+00:00,6.989936,214.50858
2025-09-23 21:00:00+00:00,4.4274144,206.56499
2025-09-23 22:00:00+00:00,4.7928696,235.71307
2025-09-23 23:00:00+00:00,2.7943513,255.06853
2025-09-24 00:00:00+00:00,1.4512063,172.87508
2025-09-24 01:00:00+00:00,3.0652893,130.23628
2025-09-24 02:00:00+00:00,3.84796,100.784256
2025-09-24 03:00:00+00:00,6.4624763,77.125
2025-09-24 04:00:00+00:00,8.649369,77.98855
2025-09-24 05:00:00+00:00,8.790563,79.380394
2025-09-24 06:00:00+00:00,8.613709,79.159744
2025-09-24 07:00:00+00:00,8.311245,72.34979
2025-09-24 08:00:00+00:00,4.6800003,67.3801
2025-09-24 09:00:00+00:00,6.198903,64.17907
2025-09-24 10:00:00+00:00,7.289444,69.775055
2025-09-24 11:00:00+00:00,6.193674,54.46224
2025-09-24 12:00:00+00:00,4.39436,34.9921
2025-09-24 13:00:00+00:00,3.462369,8.97255
2025-09-24 14:00:00+00:00,2.9301877,280.6196
2025-09-24 15:00:00+00:00,4.6938252,265.60138
2025-09-24 16:00:00+00:00,5.020677,255.4655
2025-09-24 17:00:00+00:00,4.198285,239.0363
2025-09-24 18:00:00+00:00,2.50064,210.25635
2025-09-24 19:00:00+00:00,1.9134263,221.18582
2025-09-24 20:00:00+00:00,2.2768397,18.435053
2025-09-24 21:00:00+00:00,3.494968,34.50859
2025-09-24 22:00:00+00:00,3.4152596,71.564964
2025-09-24 23:00:00+00:00,4.7110505,83.41815
2025-09-25 00:00:00+00:00,5.9399996,90.0
2025-09-25 01:00:00+00:00,6.2999997,90.0
2025-09-25 02:00:00+00:00,7.69592,79.21575
2025-09-25 03:00:00+00:00,9.473541,75.69969
2025-09-25 04:00:00+00:00,10.8792095,73.66389
2025-09-25 05:00:00+00:00,11.27553,73.300674
2025-09-25 06:00:00+00:00,10.914888,76.65127
2025-09-25 07:00:00+00:00,10.597094,69.10216
2025-09-25 08:00:00+00:00,10.717182,60.852028
2025-09-25 09:00:00+00:00,9.939196,54.58287
2025-09-25 10:00:00+00:00,3.4388947,47.12111
2025-09-25 11:00:00+00:00,5.506941,348.6901
2025-09-25 12:00:00+00:00,5.991594,327.26477
2025-09-25 13:00:00+00:00,3.244996,289.44012
2025-09-25 14:00:00+00:00,3.4949677,191.88864
2025-09-25 15:00:00+00:00,3.8647635,207.75845
2025-09-25 16:00:00+00:00,4.514377,203.49858
2025-09-25 17:00:00+00:00,4.913044,188.42688
2025-09-25 18:00:00+00:00,4.0249224,153.43501
2025-09-25 19:00:00+00:00,2.9522195,142.43134
2025-09-25 20:00:00+00:00,2.907989,111.801476
2025-09-25 21:00:00+00:00,4.7110505,83.41815
2025-09-25 22:00:00+00:00,7.072878,75.25639
2025-09-25 23:00:00+00:00,8.035746,74.407135
2025-09-26 00:00:00+00:00,8.507737,83.92764
2025-09-26 01:00:00+00:00,9.016185,86.56644
2025-09-26 02:00:00+00:00,9.3962755,73.300674
2025-09-26 03:00:00+00:00,11.043261,70.974304
2025-09-26 04:00:00+00:00,11.966954,74.2913
2025-09-26 05:00:00+00:00,12.399112,76.56896
2025-09-26 06:00:00+00:00,11.793777,74.054535
2025-09-26 07:00:00+00:00,11.19189,62.198643
2025-09-26 08:00:00+00:00,10.735306,55.24402
2025-09-26 09:00:00+00:00,10.373061,38.65983
2025-09-26 10:00:00+00:00,8.694204,27.095472
2025-09-26 11:00:00+00:00,6.87779,6.0089183
2025-09-26 12:00:00+00:00,5.3699164,346.42953
2025-09-26 13:00:00+00:00,5.7402787,311.18582
2025-09-26 14:00:00+00:00,5.5887027,255.06853
2025-09-26 15:00:00+00:00,9.340941,244.91644
2025-09-26 16:00:00+00:00,11.052058,232.94339
2025-09-26 17:00:00+00:00,10.195057,222.13753
2025-09-26 18:00:00+00:00,6.2379804,226.16905
2025-09-26 19:00:00+00:00,4.6452556,234.46223
2025-09-26 20:00:00+00:00,4.752136,217.30403
2025-09-26 21:00:00+00:00,4.2671766,207.64589
2025-09-26 22:00:00+00:00,3.7842832,267.27374
2025-09-26 23:00:00+00:00,3.2399998,270.0
2025-09-27 00:00:00+00:00,2.8116899,230.19447
2025-09-27 01:00:00+00:00,4.942631,123.11135
2025-09-27 02:00:00+00:00,6.28713,103.24053
2025-09-27 03:00:00+00:00,7.486788,99.68872
2025-09-27 04:00:00+00:00,7.7588143,86.00917
2025-09-27 05:00:00+00:00,6.6697226,86.906006
2025-09-27 06:00:00+00:00,6.778141,79.28693
2025-09-27 07:00:00+00:00,6.2405767,56.768288
2025-09-27 08:00:00+00:00,5.3457265,44.999897
2025-09-27 09:00:00+00:00,4.6800003,22.61991
2025-09-27 10:00:00+00:00,3.219938,333.43503
2025-09-27 11:00:00+00:00,4.293669,326.97614
2025-09-27 12:00:00+00:00,3.01735,287.3541
2025-09-27 13:00:00+00:00,3.3092597,247.61981
2025-09-27 14:00:00+00:00,3.0652893,220.23628
2025-09-27 15:00:00+00:00,4.0249224,190.3048
2025-09-27 16:00:00+00:00,4.353619,172.87508
2025-09-27 17:00:00+00:00,3.8773184,111.801476
2025-09-27 18:00:00+00:00,4.2021422,80.13426
2025-09-27 19:00:00+00:00,3.4623692,62.10283
2025-09-27 20:00:00+00:00,3.4388947,42.878906
2025-09-27 21:00:00+00:00,4.752136,52.695976
2025-09-27 22:00:00+00:00,5.1575575,60.75127
2025-09-27 23:00:00+00:00,3.148714,59.03632
2025-09-28 00:00:00+00:00,2.6208394,74.054535
2025-09-28 01:00:00+00:00,3.5455887,113.962494
2025-09-28 02:00:00+00:00,4.669604,117.552734
2025-09-28 03:00:00+00:00,4.6730714,105.64231
2025-09-28 04:00:00+00:00,4.6730714,74.3577
2025-09-28 05:00:00+00:00,5.6492476,59.349415
2025-09-28 06:00:00+00:00,8.654987,44.999897
2025-09-28 07:00:00+00:00,8.049845,26.564985
2025-09-28 08:00:00+00:00,4.863332,51.009003
2025-09-28 09:00:00+00:00,5.414979,21.44781
2025-09-28 10:00:00+00:00,5.7599998,360.0
2025-09-28 11:00:00+00:00,4.3832865,340.8209
2025-09-28 12:00:00+00:00,2.2553935,298.61035
2025-09-28 13:00:00+00:00,3.3092594,224.9999
2025-09-28 14:00:00+00:00,4.863332,218.991
2025-09-28 15:00:00+00:00,4.6277857,193.49574
2025-09-28 16:00:00+00:00,4.503598,177.70944
2025-09-28 17:00:00+00:00,4.0249224,169.6952
2025-09-28 18:00:00+00:00,2.7534704,168.69011
2025-09-28 19:00:00+00:00,3.2599385,186.3401
2025-09-28 20:00:00+00:00,2.968636,194.03627
2025-09-28 21:00:00+00:00,2.7943513,255.06853
2025-09-28 22:00:00+00:00,0.742159,14.036275
2025-09-28 23:00:00+00:00,2.907989,21.801476
2025-09-29 00:00:00+00:00,2.6999998,36.86998
2025-09-29 01:00:00+00:00,1.2074767,63.435013
2025-09-29 02:00:00+00:00,1.2074767,63.435013
2025-09-29 03:00:00+00:00,2.2553935,118.61037
2025-09-29 04:00:00+00:00,2.8460498,71.564964
2025-09-29 05:00:00+00:00,3.244996,56.3099
2025-09-29 06:00:00+00:00,3.4576871,38.65983
2025-09-29 07:00:00+00:00,1.1384199,341.56494
2025-09-29 08:00:00+00:00,3.7971041,328.5705
2025-09-29 09:00:00+00:00,3.01735,287.3541
2025-09-29 10:00:00+00:00,2.1068459,250.0168
2025-09-29 11:00:00+00:00,3.143565,246.3706
2025-09-29 12:00:00+00:00,4.4456716,238.24055
2025-09-29 13:00:00+00:00,4.9785542,257.4712
2025-09-29 14:00:00+00:00,5.4119864,266.186
2025-09-29 15:00:00+00:00,4.724786,229.63554
2025-09-29 16:00:00+00:00,5.0432134,235.17543
2025-09-29 17:00:00+00:00,5.1826253,249.67677
2025-09-29 18:00:00+00:00,4.2021427,226.73567
2025-09-29 19:00:00+00:00,4.3349743,221.63345
2025-09-29 20:00:00+00:00,4.3349743,221.63345
2025-09-29 21:00:00+00:00,7.256032,203.38524
2025-09-29 22:00:00+00:00,4.5891175,228.17992
2025-09-29 23:00:00+00:00,2.4482646,252.89719
2025-09-30 00:00:00+00:00,3.0758414,159.44388
2025-09-30 01:00:00+00:00,4.278551,165.37909
2025-09-30 02:00:00+00:00,2.5264204,184.08554
2025-09-30 03:00:00+00:00,0.40249225,26.564985
2025-09-30 04:00:00+00:00,2.7416782,23.198618
2025-09-30 05:00:00+00:00,2.8856194,3.5762644
2025-09-30 06:00:00+00:00,3.8856654,346.60748
2025-09-30 07:00:00+00:00,3.01735,342.64587
2025-09-30 08:00:00+00:00,3.604497,272.86234
2025-09-30 09:00:00+00:00,6.638072,220.60121
2025-09-30 10:00:00+00:00,7.2022495,268.56793
2025-09-30 11:00:00+00:00,6.5248446,245.55606
2025-09-30 12:00:00+00:00,5.7515564,249.86362
2025-09-30 13:00:00+00:00,4.724786,287.74475
2025-09-30 14:00:00+00:00,4.327493,253.0724
2025-09-30 15:00:00+00:00,2.8856194,176.42374
2025-09-30 16:00:00+00:00,6.8138976,192.20045
2025-09-30 17:00:00+00:00,6.0721655,191.9761
2025-09-30 18:00:00+00:00,6.544677,211.50421
2025-09-30 19:00:00+00:00,7.653705,228.81418
2025-09-30 20:00:00+00:00,6.114703,222.61401
2025-09-30 21:00:00+00:00,7.5213294,201.03758
2025-09-30 22:00:00+00:00,4.510787,208.61037
2025-09-30 23:00:00+00:00,4.6730714,164.3577
2025-10-01 00:00:00+00:00,5.3699164,103.57046
2025-10-01 01:00:00+00:00,8.723967,68.19854
2025-10-01 02:00:00+00:00,7.0911775,66.037506
2025-10-01 03:00:00+00:00,5.896202,77.660934
2025-10-01 04:00:00+00:00,4.514377,85.42616
2025-10-01 05:00:00+00:00,3.0811036,83.29026
2025-10-01 06:00:00+00:00,3.2048087,51.842735
2025-10-01 07:00:00+00:00,3.9966483,35.837746
2025-10-01 08:00:00+00:00,5.8852015,23.428713
2025-10-01 09:00:00+00:00,6.4624763,12.875007
2025-10-01 10:00:00+00:00,8.536252,47.563812
2025-10-01 11:00:00+00:00,9.290511,54.46224
2025-10-01 12:00:00+00:00,9.187056,55.375774
2025-10-01 13:00:00+00:00,9.039514,54.727493
2025-10-01 14:00:00+00:00,8.942214,49.899166
2025-10-01 15:00:00+00:00,9.167638,43.408916
2025-10-01 16:00:00+00:00,7.2649574,41.98714
2025-10-01 17:00:00+00:00,4.0449967,32.275623
2025-10-01 18:00:00+00:00,2.7059932,3.8140097
2025-10-01 19:00:00+00:00,3.6179552,5.7105074
2025-10-01 20:00:00+00:00,4.452954,14.036275
2025-10-01 21:00:00+00:00,3.9844694,18.435053
2025-10-01 22:00:00+00:00,3.7799997,90.0
2025-10-01 23:00:00+00:00,5.1544156,102.09474
2025-10-02 00:00:00+00:00,4.7657523,79.11452
2025-10-02 01:00:00+00:00,8.654986,73.07241
2025-10-02 02:00:00+00:00,5.9617786,61.113514
2025-10-02 03:00:00+00:00,8.534353,62.354122
2025-10-02 04:00:00+00:00,9.114471,80.909805
2025-10-02 05:00:00+00:00,7.579261,94.08554
2025-10-02 06:00:00+00:00,6.1437774,84.95764
2025-10-02 07:00:00+00:00,4.942631,79.50858
2025-10-02 08:00:00+00:00,1.9881649,95.19434
2025-10-02 09:00:00+00:00,0.40249225,63.435013
2025-10-02 10:00:00+00:00,4.3573384,231.7098
2025-10-02 11:00:00+00:00,2.4482648,233.97253
2025-10-02 12:00:00+00:00,4.3498964,294.44394
2025-10-02 13:00:00+00:00,4.5,286.26028
2025-10-02 14:00:00+00:00,4.896529,252.89719
2025-10-02 15:00:00+00:00,6.1569467,254.74483
2025-10-02 16:00:00+00:00,6.9899354,258.11136
2025-10-02 17:00:00+00:00,6.5049515,255.5792
2025-10-02 18:00:00+00:00,6.037383,259.69522
2025-10-02 19:00:00+00:00,5.4119864,266.186
2025-10-02 20:00:00+00:00,4.68,270.0
2025-10-02 21:00:00+00:00,5.12289,251.56496
2025-10-02 22:00:00+00:00,4.1046314,195.25517
2025-10-02 23:00:00+00:00,4.73506,171.25392
2025-10-03 00:00:00+00:00,6.482499,178.40889
2025-10-03 01:00:00+00:00,5.04,180.0
2025-10-03 02:00:00+00:00,2.9301877,222.5104
2025-10-03 03:00:00+00:00,3.2599385,263.6599
2025-10-03 04:00:00+00:00,4.6938252,274.39862
2025-10-03 05:00:00+00:00,6.5024605,274.76355
2025-10-03 06:00:00+00:00,8.827344,272.33725
2025-10-03 07:00:00+00:00,10.813492,272.86234
2025-10-03 08:00:00+00:00,12.241323,252.89719
2025-10-03 09:00:00+00:00,12.860871,263.57135
2025-10-03 10:00:00+00:00,10.441551,215.88223
2025-10-03 11:00:00+00:00,11.052058,239.67648
2025-10-03 12:00:00+00:00,10.34178,238.52321
2025-10-03 13:00:00+00:00,8.297589,245.65892
2025-10-03 14:00:00+00:00,9.97986,230.85602
2025-10-03 15:00:00+00:00,11.712454,223.75471
2025-10-03 16:00:00+00:00,11.074023,225.65846
2025-10-03 17:00:00+00:00,10.261579,232.12495
2025-10-03 18:00:00+00:00,9.339208,242.44727
2025-10-03 19:00:00+00:00,9.179999,241.92761
2025-10-03 20:00:00+00:00,10.8015,246.42528
2025-10-03 21:00:00+00:00,11.043261,250.9743
2025-10-03 22:00:00+00:00,11.39842,254.4274
2025-10-03 23:00:00+00:00,11.672275,252.96214
2025-10-04 00:00:00+00:00,10.597094,249.10216
2025-10-04 01:00:00+00:00,10.436895,237.6804
2025-10-04 02:00:00+00:00,13.883356,256.50424
2025-10-04 03:00:00+00:00,16.263872,264.92047
2025-10-04 04:00:00+00:00,16.724508,261.95718
2025-10-04 05:00:00+00:00,16.039202,260.9606
2025-10-04 06:00:00+00:00,16.748707,268.15244
2025-10-04 07:00:00+00:00,17.83454,272.31366
2025-10-04 08:00:00+00:00,18.861387,283.24054
2025-10-04 09:00:00+00:00,10.495713,275.90604
2025-10-04 10:00:00+00:00,10.706595,253.39293
2025-10-04 11:00:00+00:00,9.600937,263.5413
2025-10-04 12:00:00+00:00,8.849339,265.33322
2025-10-04 13:00:00+00:00,6.924738,261.02747
2025-10-04 14:00:00+00:00,7.8149853,241.07367
2025-10-04 15:00:00+00:00,9.600937,239.589
2025-10-04 16:00:00+00:00,9.627896,249.19313
2025-10-04 17:00:00+00:00,8.557102,255.37909
2025-10-04 18:00:00+00:00,8.37532,261.34753
2025-10-04 19:00:00+00:00,7.7420926,268.66782
2025-10-04 20:00:00+00:00,6.9899354,258.11136
2025-10-04 21:00:00+00:00,5.4833565,246.80138
2025-10-04 22:00:00+00:00,2.9522195,232.43134
2025-10-04 23:00:00+00:00,1.9134263,221.18582
2025-10-05 00:00:00+00:00,3.710795,202.8337
2025-10-05 01:00:00+00:00,4.1556225,175.03035
2025-10-05 02:00:00+00:00,4.2366967,167.73524
2025-10-05 03:00:00+00:00,2.8001428,135.0001
2025-10-05 04:00:00+00:00,0.9178235,348.6901
2025-10-05 05:00:00+00:00,5.1919937,326.3099
2025-10-05 06:00:00+00:00,7.5105524,314.02905
2025-10-05 07:00:00+00:00,8.404285,313.26434
2025-10-05 08:00:00+00:00,7.1684303,308.8845
2025-10-05 09:00:00+00:00,6.8541956,256.32867
2025-10-05 10:00:00+00:00,8.694204,242.90453
2025-10-05 11:00:00+00:00,6.090812,235.84026
2025-10-05 12:00:00+00:00,4.91634,246.25049
2025-10-05 13:00:00+00:00,6.384293,248.4985
2025-10-05 14:00:00+00:00,6.603817,252.55272
2025-10-05 15:00:00+00:00,6.552099,232.81522
2025-10-05 16:00:00+00:00,7.382195,224.9999
2025-10-05 17:00:00+00:00,6.623413,222.79738
2025-10-05 18:00:00+00:00,6.804381,217.47626
2025-10-05 19:00:00+00:00,7.256032,209.7448
2025-10-05 20:00:00+00:00,7.823272,203.02553
2025-10-05 21:00:00+00:00,7.570707,198.00426
2025-10-05 22:00:00+00:00,2.5582807,219.28938
2025-10-05 23:00:00+00:00,0.9178235,168.69011
2025-10-06 00:00:00+00:00,1.3708391,113.19862
2025-10-06 01:00:00+00:00,1.9386592,111.801476
2025-10-06 02:00:00+00:00,3.148714,30.963696
2025-10-06 03:00:00+00:00,4.0249224,26.564985
2025-10-06 04:00:00+00:00,5.2478566,22.166399
2025-10-06 05:00:00+00:00,3.7842832,25.346138
2025-10-06 06:00:00+00:00,3.8141315,340.70987
2025-10-06 07:00:00+00:00,4.7928696,325.71307
2025-10-06 08:00:00+00:00,5.5450516,305.75397
2025-10-06 09:00:00+00:00,4.0249224,259.69522
2025-10-06 10:00:00+00:00,7.127636,224.9999
2025-10-06 11:00:00+00:00,3.9477081,223.1524
2025-10-06 12:00:00+00:00,4.542994,236.3099
2025-10-06 13:00:00+00:00,4.991553,244.35904
2025-10-06 14:00:00+00:00,4.3349743,228.36655
2025-10-06 15:00:00+00:00,4.5,216.86998
2025-10-06 16:00:00+00:00,3.9966483,215.83774
2025-10-06 17:00:00+00:00,3.396233,212.00534
2025-10-06 18:00:00+00:00,2.8174455,206.56499
2025-10-06 19:00:00+00:00,3.7064266,209.0545
2025-10-06 20:00:00+00:00,4.6102495,218.65984
2025-10-06 21:00:00+00:00,4.3349743,221.63345
2025-10-06 22:00:00+00:00,3.4763772,248.74942
2025-10-06 23:00:00+00:00,3.710795,219.09384
2025-10-07 00:00:00+00:00,3.8773184,201.80147
2025-10-07 01:00:00+00:00,4.991553,205.64096
2025-10-07 02:00:00+00:00,4.39436,214.9921
2025-10-07 03:00:00+00:00,4.669604,242.44727
2025-10-07 04:00:00+00:00,5.020677,255.4655
2025-10-07 05:00:00+00:00,5.6835546,259.046
2025-10-07 06:00:00+00:00,6.3231,265.10098
2025-10-07 07:00:00+00:00,7.562142,271.3639
2025-10-07 08:00:00+00:00,9.187056,272.2457
2025-10-07 09:00:00+00:00,10.538843,277.8532
2025-10-07 10:00:00+00:00,8.581677,279.65982
2025-10-07 11:00:00+00:00,5.1544156,257.90524
2025-10-07 12:00:00+00:00,5.896202,238.73633
2025-10-07 13:00:00+00:00,5.8769383,242.6502
2025-10-07 14:00:00+00:00,6.2067385,240.4613
2025-10-07 15:00:00+00:00,6.1305785,220.23628
2025-10-07 16:00:00+00:00,6.193674,215.53777
2025-10-07 17:00:00+00:00,5.7628117,218.65984
2025-10-07 18:00:00+00:00,5.0975285,227.86247
2025-10-07 19:00:00+00:00,5.4744864,226.33215
2025-10-07 20:00:00+00:00,6.522361,230.59937
2025-10-07 21:00:00+00:00,6.804381,232.52374
2025-10-07 22:00:00+00:00,6.037383,243.43501
2025-10-07 23:00:00+00:00,5.994297,228.65231
2025-10-08 00:00:00+00:00,5.6002855,224.9999
2025-10-08 01:00:00+00:00,5.5916004,213.17853
2025-10-08 02:00:00+00:00,4.278551,202.24907
2025-10-08 03:00:00+00:00,2.7475805,211.60745
2025-10-08 04:00:00+00:00,1.659518,257.4712
2025-10-08 05:00:00+00:00,0.742159,284.03625
2025-10-08 06:00:00+00:00,0.76367533,224.9999
2025-10-08 07:00:00+00:00,1.609969,206.56499
2025-10-08 08:00:00+00:00,1.8532133,299.0545
2025-10-08 09:00:00+00:00,4.1125174,246.80139
2025-10-08 10:00:00+00:00,3.9640884,320.52756
2025-10-08 11:00:00+00:00,0.56920993,198.43504
2025-10-08 12:00:00+00:00,3.8521678,127.40543
2025-10-08 13:00:00+00:00,4.6800003,157.3801
2025-10-08 14:00:00+00:00,3.143565,166.75948
2025-10-08 15:00:00+00:00,1.6299692,96.340096
2025-10-08 16:00:00+00:00,1.609969,26.564985
2025-10-08 17:00:00+00:00,1.9881649,5.19435
2025-10-08 18:00:00+00:00,3.0652895,356.6336
2025-10-08 19:00:00+00:00,2.7416782,336.8014
2025-10-08 20:00:00+00:00,2.4482648,306.02747
2025-10-08 21:00:00+00:00,0.56920993,251.56496
2025-10-08 22:00:00+00:00,3.710795,219.09384
2025-10-08 23:00:00+00:00,2.907989,201.80147
2025-10-09 00:00:00+00:00,2.907989,201.80147
2025-10-09 01:00:00+00:00,2.2768397,198.43504
2025-10-09 02:00:00+00:00,1.8,233.13002
2025-10-09 03:00:00+00:00,2.226477,284.03625
2025-10-09 04:00:00+00:00,1.6981165,327.99466
2025-10-09 05:00:00+00:00,2.0124612,10.304792
2025-10-09 06:00:00+00:00,2.8174455,26.564985
2025-10-09 07:00:00+00:00,2.4149535,63.435013
2025-10-09 08:00:00+00:00,2.4216523,41.98713
2025-10-09 09:00:00+00:00,1.8,323.13
2025-10-09 10:00:00+00:00,1.1525624,128.65984
2025-10-09 11:00:00+00:00,0.9693296,291.80148
2025-10-09 12:00:00+00:00,2.968636,345.9637
2025-10-09 13:00:00+00:00,3.9518096,329.9315
2025-10-09 14:00:00+00:00,4.942631,326.88864
2025-10-09 15:00:00+00:00,4.353619,352.87506
2025-10-09 16:00:00+00:00,0.71999997,270.0
2025-10-09 17:00:00+00:00,2.968636,194.03627
2025-10-09 18:00:00+00:00,3.7971036,185.44025
2025-10-09 19:00:00+00:00,4.1046314,195.25517
2025-10-09 20:00:00+00:00,3.9312592,195.94547
2025-10-09 21:00:00+00:00,4.0449963,159.14546
2025-10-09 22:00:00+00:00,3.143565,13.240531
2025-10-09 23:00:00+00:00,3.4388947,42.878906
2025-10-10 00:00:00+00:00,3.9640884,50.52757
2025-10-10 01:00:00+00:00,4.542994,56.3099
2025-10-10 02:00:00+00:00,5.004518,52.3057
2025-10-10 03:00:00+00:00,4.6730714,74.3577
2025-10-10 04:00:00+00:00,4.32,90.0
2025-10-10 05:00:00+00:00,3.9966488,97.76508
2025-10-10 06:00:00+00:00,3.2846913,80.53775
2025-10-10 07:00:00+00:00,3.2599385,83.659904
2025-10-10 08:00:00+00:00,2.5582807,50.710617
2025-10-10 09:00:00+00:00,3.06,360.0
2025-10-10 10:00:00+00:00,3.462369,171.02745
2025-10-10 11:00:00+00:00,3.2599385,186.3401
2025-10-10 12:00:00+00:00,0.8049845,296.56497
2025-10-10 13:00:00+00:00,3.381893,334.79892
2025-10-10 14:00:00+00:00,3.6447225,57.094753
2025-10-10 15:00:00+00:00,2.5959969,33.6901
2025-10-10 16:00:00+00:00,2.968636,14.036275
2025-10-10 17:00:00+00:00,1.2727921,315.0001
2025-10-10 18:00:00+00:00,1.5273507,224.9999
2025-10-10 19:00:00+00:00,2.0991426,149.03632
2025-10-10 20:00:00+00:00,2.7059932,183.814
2025-10-10 21:00:00+00:00,2.7534704,191.30989
2025-10-10 22:00:00+00:00,5.4744864,117.40749
2025-10-10 23:00:00+00:00,3.8773184,111.801476
2025-10-11 00:00:00+00:00,2.1674871,48.366554
2025-10-11 01:00:00+00:00,2.907989,21.801476
2025-10-11 02:00:00+00:00,1.659518,40.601215
2025-10-11 03:00:00+00:00,1.781909,135.0001
2025-10-11 04:00:00+00:00,3.964089,177.39749
2025-10-11 05:00:00+00:00,4.724786,197.74477
2025-10-11 06:00:00+00:00,4.829907,206.56499
2025-10-11 07:00:00+00:00,5.4833565,203.19862
2025-10-11 08:00:00+00:00,5.0142193,201.03758
2025-10-11 09:00:00+00:00,5.0911684,188.13002
2025-10-11 10:00:00+00:00,6.0908127,198.9705
2025-10-11 11:00:00+00:00,2.3400002,157.3801
2025-10-11 12:00:00+00:00,4.5572357,80.909805
2025-10-11 13:00:00+00:00,5.09435,57.99466
2025-10-11 14:00:00+00:00,5.3699164,76.42955
2025-10-11 15:00:00+00:00,4.327493,106.9276
2025-10-11 16:00:00+00:00,4.613762,159.44388
2025-10-11 17:00:00+00:00,4.503598,182.29056
2025-10-11 18:00:00+00:00,3.964089,182.60251
2025-10-11 19:00:00+00:00,4.7110505,186.58185
2025-10-11 20:00:00+00:00,4.278551,194.62091
2025-10-11 21:00:00+00:00,2.97953,205.01686
2025-10-11 22:00:00+00:00,2.5455842,278.13
2025-10-11 23:00:00+00:00,3.2846913,279.46225
2025-10-12 00:00:00+00:00,3.710795,255.96373
2025-10-12 01:00:00+00:00,2.1674871,184.76355
2025-10-12 02:00:00+00:00,2.5772078,192.09474
2025-10-12 03:00:00+00:00,3.0811036,186.70975
2025-10-12 04:00:00+00:00,2.0124612,206.56499
2025-10-12 05:00:00+00:00,1.3708391,293.1986
2025-10-12 06:00:00+00:00,2.5959969,326.3099
2025-10-12 07:00:00+00:00,2.8174455,296.56497
2025-10-12 08:00:00+00:00,3.0811036,263.29025
2025-10-12 09:00:00+00:00,3.8141315,250.70985
2025-10-12 10:00:00+00:00,2.50064,329.74365
2025-10-12 11:00:00+00:00,2.7238941,352.40543
2025-10-12 12:00:00+00:00,3.62243,26.564985
2025-10-12 13:00:00+00:00,3.244996,93.17977
2025-10-12 14:00:00+00:00,4.471107,130.10085
2025-10-12 15:00:00+00:00,4.2175345,140.19447
2025-10-12 16:00:00+00:00,3.9477081,136.8476
2025-10-12 17:00:00+00:00,3.7971041,148.57048
2025-10-12 18:00:00+00:00,3.6,143.13002
2025-10-12 19:00:00+00:00,3.219938,116.56499
2025-10-12 20:00:00+00:00,2.9024127,60.255207
2025-10-12 21:00:00+00:00,3.710795,50.906155
2025-10-12 22:00:00+00:00,4.2366967,77.735245
2025-10-12 23:00:00+00:00,4.5536795,71.564964
2025-10-13 00:00:00+00:00,4.0449967,32.275623
2025-10-13 01:00:00+00:00,3.143565,23.629398
2025-10-13 02:00:00+00:00,3.189608,16.389616
2025-10-13 03:00:00+00:00,3.4152596,18.435053
2025-10-13 04:00:00+00:00,2.1749482,24.443953
2025-10-13 05:00:00+00:00,1.4512063,29.744795
2025-10-13 06:00:00+00:00,1.484318,345.9637
2025-10-13 07:00:00+00:00,2.1674871,311.63345
2025-10-13 08:00:00+00:00,3.4623692,297.8972
2025-10-13 09:00:00+00:00,4.510787,298.61035
2025-10-13 10:00:00+00:00,1.7076298,108.43504
2025-10-13 11:00:00+00:00,4.353619,187.12492
2025-10-13 12:00:00+00:00,5.297018,189.78233
2025-10-13 13:00:00+00:00,5.223103,181.97488
2025-10-13 14:00:00+00:00,4.323748,182.3859
2025-10-13 15:00:00+00:00,3.9966488,187.76508
2025-10-13 16:00:00+00:00,2.0523157,217.87505
2025-10-13 17:00:00+00:00,2.1749482,245.55606
2025-10-13 18:00:00+00:00,2.6208394,254.05453
2025-10-13 19:00:00+00:00,3.096837,215.53777
2025-10-13 20:00:00+00:00,4.2366967,192.26476
2025-10-13 21:00:00+00:00,3.84796,169.21574
2025-10-13 22:00:00+00:00,3.693291,136.97493
2025-10-13 23:00:00+00:00,3.494968,124.50858
2025-10-14 00:00:00+00:00,3.4763772,111.25058
2025-10-14 01:00:00+00:00,3.2846913,99.46225
2025-10-14 02:00:00+00:00,2.5455842,81.86999
2025-10-14 03:00:00+00:00,4.669604,62.447273
2025-10-14 04:00:00+00:00,6.76618,61.389645
2025-10-14 05:00:00+00:00,9.107359,71.564964
2025-10-14 06:00:00+00:00,8.766573,70.8209
2025-10-14 07:00:00+00:00,8.0599,66.29735
2025-10-14 08:00:00+00:00,7.0107627,48.122223
2025-10-14 09:00:00+00:00,7.24486,26.564985
2025-10-14 10:00:00+00:00,7.555712,12.380747
2025-10-14 11:00:00+00:00,4.2021422,350.13425
2025-10-14 12:00:00+00:00,4.4456716,328.24057
2025-10-14 13:00:00+00:00,3.0652895,266.6336
2025-10-14 14:00:00+00:00,4.39436,235.0079
2025-10-14 15:00:00+00:00,4.5891175,205.55992
2025-10-14 16:00:00+00:00,5.0688457,173.8846
2025-10-14 17:00:00+00:00,3.710795,165.96373
2025-10-14 18:00:00+00:00,1.1384199,161.56496
2025-10-14 19:00:00+00:00,1.4512063,330.25522
2025-10-14 20:00:00+00:00,1.4512063,277.1249
2025-10-14 21:00:00+00:00,1.9469976,213.6901
2025-10-14 22:00:00+00:00,0.9,180.0
2025-10-14 23:00:00+00:00,1.484318,75.96373
2025-10-15 00:00:00+00:00,1.26,90.0
2025-10-15 01:00:00+00:00,1.4512063,60.255207
2025-10-15 02:00:00+00:00,0.8049845,26.564985
2025-10-15 03:00:00+00:00,2.4482648,53.972538
2025-10-15 04:00:00+00:00,4.6800003,67.3801
2025-10-15 05:00:00+00:00,6.206738,73.14152
2025-10-15 06:00:00+00:00,5.9617786,61.113514
2025-10-15 07:00:00+00:00,5.7402787,41.185825
2025-10-15 08:00:00+00:00,5.8603754,10.61961
2025-10-15 09:00:00+00:00,3.9640884,320.52756
2025-10-15 10:00:00+00:00,3.319036,347.4712
2025-10-15 11:00:00+00:00,3.438895,353.9911
2025-10-15 12:00:00+00:00,1.0495713,329.03632
2025-10-15 13:00:00+00:00,1.659518,167.4712
2025-10-15 14:00:00+00:00,3.2048087,141.84273
2025-10-15 15:00:00+00:00,4.4456716,148.24057
2025-10-15 16:00:00+00:00,2.6999998,126.86998
2025-10-15 17:00:00+00:00,2.8116899,50.194473
2025-10-15 18:00:00+00:00,3.6,53.13002
2025-10-15 19:00:00+00:00,3.8647635,62.24156
2025-10-15 20:00:00+00:00,3.8141315,70.70986
2025-10-15 21:00:00+00:00,3.4247334,93.012726
2025-10-15 22:00:00+00:00,5.2939587,72.18102
2025-10-15 23:00:00+00:00,5.937272,75.96373
2025-10-16 00:00:00+00:00,5.3699164,76.42955
2025-10-16 01:00:00+00:00,3.710795,75.96373
2025-10-16 02:00:00+00:00,3.7064266,60.94549
2025-10-16 03:00:00+00:00,5.495161,58.392544
2025-10-16 04:00:00+00:00,6.792466,57.99466
2025-10-16 05:00:00+00:00,6.6818557,62.744755
2025-10-16 06:00:00+00:00,5.95906,64.98315
2025-10-16 07:00:00+00:00,5.369916,50.440376
2025-10-16 08:00:00+00:00,5.3426957,32.61924
2025-10-16 09:00:00+00:00,4.8466477,15.068549
2025-10-16 10:00:00+00:00,4.8733153,4.23632
2025-10-16 11:00:00+00:00,3.9312592,15.945477
2025-10-16 12:00:00+00:00,2.7943513,14.931467
2025-10-16 13:00:00+00:00,1.6981165,327.99466
2025-10-16 14:00:00+00:00,1.3708391,113.19862
2025-10-16 15:00:00+00:00,2.5959969,123.690094
2025-10-16 16:00:00+00:00,4.542994,123.6901
2025-10-16 17:00:00+00:00,4.599695,120.57915
2025-10-16 18:00:00+00:00,3.710795,112.833694
2025-10-16 19:00:00+00:00,3.2846913,99.46225
2025-10-16 20:00:00+00:00,3.362677,74.47583
2025-10-16 21:00:00+00:00,3.3481934,53.74608
2025-10-16 22:00:00+00:00,2.4216523,48.01287
2025-10-16 23:00:00+00:00,4.3349743,41.63345
2025-10-17 00:00:00+00:00,5.3426957,57.380775
2025-10-17 01:00:00+00:00,4.5322843,96.84268
2025-10-17 02:00:00+00:00,5.0528407,94.08554
2025-10-17 03:00:00+00:00,6.122647,91.68465
2025-10-17 04:00:00+00:00,5.9427266,88.264336
2025-10-17 05:00:00+00:00,5.3305535,78.31066
2025-10-17 06:00:00+00:00,4.278551,67.75093
2025-10-17 07:00:00+00:00,2.8460495,55.304783
2025-10-17 08:00:00+00:00,1.0948973,9.462248
2025-10-17 09:00:00+00:00,2.0364676,315.0001
2025-10-17 10:00:00+00:00,3.9640884,320.52756
2025-10-17 11:00:00+00:00,4.542994,326.3099
2025-10-17 12:00:00+00:00,0.71999997,360.0
2025-10-17 13:00:00+00:00,2.7238941,172.40544
2025-10-17 14:00:00+00:00,5.3517847,160.34608
2025-10-17 15:00:00+00:00,6.1437774,148.17259
2025-10-17 16:00:00+00:00,4.5,126.86999
2025-10-17 17:00:00+00:00,3.381893,64.79892
2025-10-17 18:00:00+00:00,4.2175345,50.194473
2025-10-17 19:00:00+00:00,3.7064266,60.94549
2025-10-17 20:00:00+00:00,3.671294,78.6901
2025-10-17 21:00:00+00:00,4.353619,97.12492
2025-10-17 22:00:00+00:00,5.0528407,85.91447
2025-10-17 23:00:00+00:00,4.8466477,74.931465
2025-10-18 00:00:00+00:00,4.6277857,76.50425
2025-10-18 01:00:00+00:00,6.0077944,81.38444
2025-10-18 02:00:00+00:00,5.983477,74.2913
2025-10-18 03:00:00+00:00,7.293888,74.248764
2025-10-18 04:00:00+00:00,8.12197,77.19574
2025-10-18 05:00:00+00:00,8.049845,79.69521
2025-10-18 06:00:00+00:00,7.2022495,88.56794
2025-10-18 07:00:00+00:00,6.122647,88.31535
2025-10-18 08:00:00+00:00,4.8466477,74.931465
2025-10-18 09:00:00+00:00,4.3349743,41.63345
2025-10-18 10:00:00+00:00,5.7402787,41.185825
2025-10-18 11:00:00+00:00,5.2323985,26.564985
2025-10-18 12:00:00+00:00,5.815978,21.801476
2025-10-18 13:00:00+00:00,6.8423676,35.362556
2025-10-18 14:00:00+00:00,5.9834766,83.08887
2025-10-18 15:00:00+00:00,6.279395,117.29949
2025-10-18 16:00:00+00:00,5.3426957,122.61923
2025-10-18 17:00:00+00:00,3.7971036,95.44024
2025-10-18 18:00:00+00:00,2.8460498,71.564964
2025-10-18 19:00:00+00:00,2.9024127,82.875084
2025-10-18 20:00:00+00:00,2.968636,104.03627
2025-10-18 21:00:00+00:00,3.7585104,106.699326
2025-10-18 22:00:00+00:00,5.2478566,84.093956
2025-10-18 23:00:00+00:00,6.050785,67.24899
2025-10-19 00:00:00+00:00,6.297428,59.03632
2025-10-19 01:00:00+00:00,4.724786,72.25524
2025-10-19 02:00:00+00:00,4.5891175,64.440094
2025-10-19 03:00:00+00:00,5.95906,64.98315
2025-10-19 04:00:00+00:00,7.256032,66.61476
2025-10-19 05:00:00+00:00,7.256032,66.61476
2025-10-19 06:00:00+00:00,6.151683,69.44387
2025-10-19 07:00:00+00:00,4.8466477,74.931465
2025-10-19 08:00:00+00:00,3.5864744,72.47434
2025-10-19 09:00:00+00:00,2.8460495,55.304783
2025-10-19 10:00:00+00:00,3.62243,26.564985
2025-10-19 11:00:00+00:00,4.3832865,19.179106
2025-10-19 12:00:00+00:00,4.471107,40.10085
2025-10-19 13:00:00+00:00,5.994297,48.65233
2025-10-19 14:00:00+00:00,6.1437774,58.1726
2025-10-19 15:00:00+00:00,5.8603754,79.380394
2025-10-19 16:00:00+00:00,5.7628117,91.78987
2025-10-19 17:00:00+00:00,5.1544156,102.09474
2025-10-19 18:00:00+00:00,4.2136917,109.98319
2025-10-19 19:00:00+00:00,3.2599385,96.340096
2025-10-19 20:00:00+00:00,3.0811036,83.29026
2025-10-19 21:00:00+00:00,3.2846913,80.53775
2025-10-19 22:00:00+00:00,2.8460498,108.43504
2025-10-19 23:00:00+00:00,6.1094027,44.999897
2025-10-20 00:00:00+00:00,6.4323244,72.07199
2025-10-20 01:00:00+00:00,6.9527545,111.25058
2025-10-20 02:00:00+00:00,6.2613096,108.43504
2025-10-20 03:00:00+00:00,7.040739,94.39862
2025-10-20 04:00:00+00:00,8.131936,84.92049
2025-10-20 05:00:00+00:00,8.37532,81.34755
2025-10-20 06:00:00+00:00,8.260411,78.6901
2025-10-20 07:00:00+00:00,8.035746,74.407135
2025-10-20 08:00:00+00:00,8.217153,61.189304
2025-10-20 09:00:00+00:00,8.043805,49.53785
2025-10-20 10:00:00+00:00,6.299999,36.86999
2025-10-20 11:00:00+00:00,5.634891,26.564985
2025-10-20 12:00:00+00:00,7.6388745,34.43906
2025-10-20 13:00:00+00:00,5.3939967,64.2901
2025-10-20 14:00:00+00:00,4.599695,120.57915
2025-10-20 15:00:00+00:00,6.015878,141.07245
2025-10-20 16:00:00+00:00,5.48631,138.99101
2025-10-20 17:00:00+00:00,3.189608,106.38962
2025-10-20 18:00:00+00:00,3.84796,79.21575
2025-10-20 19:00:00+00:00,4.802999,102.99462
2025-10-20 20:00:00+00:00,5.315336,118.30067
2025-10-20 21:00:00+00:00,5.0816135,112.93214
2025-10-20 22:00:00+00:00,5.4119864,93.814
2025-10-20 23:00:00+00:00,5.4119864,86.186005
2025-10-21 00:00:00+00:00,4.353619,97.12492
2025-10-21 01:00:00+00:00,6.4323244,107.92801
2025-10-21 02:00:00+00:00,5.771239,93.57626
2025-10-21 03:00:00+00:00,7.6642804,80.53775
2025-10-21 04:00:00+00:00,9.5196,74.64981
2025-10-21 05:00:00+00:00,10.075177,71.24126
2025-10-21 06:00:00+00:00,9.927779,67.61982
2025-10-21 07:00:00+00:00,9.102021,65.46229
2025-10-21 08:00:00+00:00,7.973005,61.69934
2025-10-21 09:00:00+00:00,7.1684303,51.115498
2025-10-21 10:00:00+00:00,7.001514,43.958473
2025-10-21 11:00:00+00:00,5.3457265,44.999897
2025-10-21 12:00:00+00:00,7.8480825,53.392834
2025-10-21 13:00:00+00:00,6.603817,72.55273
2025-10-21 14:00:00+00:00,5.7628117,75.52967
2025-10-21 15:00:00+00:00,4.6834598,87.79745
2025-10-21 16:00:00+00:00,4.3536186,119.74479
2025-10-21 17:00:00+00:00,4.143911,124.3804
2025-10-21 18:00:00+00:00,3.4949677,101.88863
2025-10-21 19:00:00+00:00,3.4152596,108.43504
2025-10-21 20:00:00+00:00,3.9966483,125.837746
2025-10-21 21:00:00+00:00,4.3274937,135.0001
2025-10-21 22:00:00+00:00,6.542201,97.907074
2025-10-21 23:00:00+00:00,5.5829024,88.15243
2025-10-22 00:00:00+00:00,6.6794305,75.96373
2025-10-22 01:00:00+00:00,8.260411,78.6901
2025-10-22 02:00:00+00:00,7.4672885,74.623695
2025-10-22 03:00:00+00:00,8.863972,77.09259
2025-10-22 04:00:00+00:00,10.096059,78.6901
2025-10-22 05:00:00+00:00,10.837435,78.50347
2025-10-22 06:00:00+00:00,10.829959,74.57778
2025-10-22 07:00:00+00:00,10.365251,69.67678
2025-10-22 08:00:00+00:00,9.580668,64.397865
2025-10-22 09:00:00+00:00,8.738811,57.619343
2025-10-22 10:00:00+00:00,7.5363917,40.15594
2025-10-22 11:00:00+00:00,7.327127,27.824009
2025-10-22 12:00:00+00:00,5.8409934,33.6901
2025-10-22 13:00:00+00:00,7.282774,50.013176
2025-10-22 14:00:00+00:00,4.072935,135.0001
2025-10-22 15:00:00+00:00,5.020677,194.5345
2025-10-22 16:00:00+00:00,3.6,180.0
2025-10-22 17:00:00+00:00,2.657668,118.30067
2025-10-22 18:00:00+00:00,4.1046314,74.74483
2025-10-22 19:00:00+00:00,4.445672,68.62931
2025-10-22 20:00:00+00:00,4.3832865,70.8209
2025-10-22 21:00:00+00:00,4.353619,97.12492
2025-10-22 22:00:00+00:00,4.913044,98.42689
2025-10-22 23:00:00+00:00,6.130579,86.63361
2025-10-23 00:00:00+00:00,5.4029994,88.09089
2025-10-23 01:00:00+00:00,7.3821945,88.60285
2025-10-23 02:00:00+00:00,7.256032,82.875084
2025-10-23 03:00:00+00:00,9.255571,76.50425
2025-10-23 04:00:00+00:00,11.043261,70.974304
2025-10-23 05:00:00+00:00,11.799271,68.52315
2025-10-23 06:00:00+00:00,11.368535,66.682274
2025-10-23 07:00:00+00:00,10.234705,66.139824
2025-10-23 08:00:00+00:00,8.643749,58.627052
2025-10-23 09:00:00+00:00,7.353611,68.45896
2025-10-23 10:00:00+00:00,6.2999997,90.0
2025-10-23 11:00:00+00:00,4.5572357,80.909805
2025-10-23 12:00:00+00:00,3.8939953,33.6901
2025-10-23 13:00:00+00:00,2.9301877,349.3804
2025-10-23 14:00:00+00:00,1.2979984,236.3099
2025-10-23 15:00:00+00:00,3.4199998,180.0
2025-10-23 16:00:00+00:00,3.362677,164.47583
2025-10-23 17:00:00+00:00,2.8174455,153.43501
2025-10-23 18:00:00+00:00,2.4216523,138.01286
2025-10-23 19:00:00+00:00,1.659518,130.60121
2025-10-23 20:00:00+00:00,1.5484185,125.537766
2025-10-23 21:00:00+00:00,1.659518,139.39879
2025-10-23 22:00:00+00:00,1.1384199,288.43503
2025-10-23 23:00:00+00:00,2.2768397,18.435053
2025-10-24 00:00:00+00:00,3.8183763,44.999897
2025-10-24 01:00:00+00:00,7.596341,76.29302
2025-10-24 02:00:00+00:00,9.5416975,88.919106
2025-10-24 03:00:00+00:00,11.052058,83.453804
2025-10-24 04:00:00+00:00,11.265469,77.074
2025-10-24 05:00:00+00:00,10.534229,70.01681
2025-10-24 06:00:00+00:00,9.430695,66.37061
2025-10-24 07:00:00+00:00,6.689125,66.19405
2025-10-24 08:00:00+00:00,6.4096174,51.842735
2025-10-24 09:00:00+00:00,6.1094027,44.999897
2025-10-24 10:00:00+00:00,2.8856194,93.57626
2025-10-24 11:00:00+00:00,2.4149535,26.564985
2025-10-24 12:00:00+00:00,4.5891175,41.82009
2025-10-24 13:00:00+00:00,5.020677,75.46551
2025-10-24 14:00:00+00:00,6.1569467,74.74483
2025-10-24 15:00:00+00:00,4.8466477,74.931465
2025-10-24 16:00:00+00:00,6.1858225,81.6342
2025-10-24 17:00:00+00:00,5.4477882,82.40546
2025-10-24 18:00:00+00:00,4.8466477,74.931465
2025-10-24 19:00:00+00:00,5.0142193,68.96242
2025-10-24 20:00:00+00:00,5.6492476,67.52052
2025-10-24 21:00:00+00:00,5.920878,70.46326
2025-10-24 22:00:00+00:00,3.8141315,70.70986
2025-10-24 23:00:00+00:00,3.536439,75.25639
2025-10-25 00:00:00+00:00,4.39436,55.0079
2025-10-25 01:00:00+00:00,4.0449967,32.275623
2025-10-25 02:00:00+00:00,5.1481256,36.469334
2025-10-25 03:00:00+00:00,6.248359,41.49638
2025-10-25 04:00:00+00:00,6.444905,54.090195
2025-10-25 05:00:00+00:00,5.6920996,71.564964
2025-10-25 06:00:00+00:00,5.1197267,79.87539
2025-10-25 07:00:00+00:00,4.724786,72.25524
2025-10-25 08:00:00+00:00,4.471107,49.899166
2025-10-25 09:00:00+00:00,4.3274937,44.999897
2025-10-25 10:00:00+00:00,5.994297,48.65233
2025-10-25 11:00:00+00:00,6.6818557,62.744755
2025-10-25 12:00:00+00:00,7.193247,58.29862
2025-10-25 13:00:00+00:00,6.804381,52.523746
2025-10-25 14:00:00+00:00,7.256032,60.255207
2025-10-25 15:00:00+00:00,7.1661706,78.40785
2025-10-25 16:00:00+00:00,7.0223074,88.531235
2025-10-25 17:00:00+00:00,5.896202,102.33907
2025-10-25 18:00:00+00:00,5.5216303,109.025696
2025-10-25 19:00:00+00:00,4.9785542,102.5288
2025-10-25 20:00:00+00:00,4.8633323,87.87895
2025-10-25 21:00:00+00:00,4.9785542,77.4712
2025-10-25 22:00:00+00:00,4.2021427,46.73567
2025-10-25 23:00:00+00:00,3.9518096,30.068504
2025-10-26 00:00:00+00:00,4.2481523,53.61555
2025-10-26 01:00:00+00:00,4.9785542,77.4712
2025-10-26 02:00:00+00:00,5.1197267,79.87539
2025-10-26 03:00:00+00:00,5.7628117,88.21013
2025-10-26 04:00:00+00:00,5.0911684,98.13002
2025-10-26 05:00:00+00:00,3.84796,100.784256
2025-10-26 06:00:00+00:00,2.5772078,102.09474
2025-10-26 07:00:00+00:00,1.26,90.0
2025-10-26 08:00:00+00:00,1.4512063,29.744795
2025-10-26 09:00:00+00:00,2.4149535,26.564985
2025-10-26 10:00:00+00:00,5.495161,31.607454
2025-10-26 11:00:00+00:00,6.4924874,43.876797
2025-10-26 12:00:00+00:00,7.7900705,49.68598
2025-10-26 13:00:00+00:00,8.738811,57.619343
2025-10-26 14:00:00+00:00,8.461915,66.161255
2025-10-26 15:00:00+00:00,7.519175,78.95911
2025-10-26 16:00:00+00:00,7.0223074,88.531235
2025-10-26 17:00:00+00:00,6.519877,96.340096
2025-10-26 18:00:00+00:00,6.3231,85.101
2025-10-26 19:00:00+00:00,6.0347,72.64589
2025-10-26 20:00:00+00:00,5.8769383,62.65021
2025-10-26 21:00:00+00:00,5.8048253,60.255207
2025-10-26 22:00:00+00:00,7.1684303,61.504463
2025-10-26 23:00:00+00:00,6.8423676,63.435013
2025-10-27 00:00:00+00:00,7.327127,62.17599
2025-10-27 01:00:00+00:00,9.761578,67.21756
2025-10-27 02:00:00+00:00,9.997699,66.66594
2025-10-27 03:00:00+00:00,11.672275,70.167786
2025-10-27 04:00:00+00:00,13.499999,73.73973
2025-10-27 05:00:00+00:00,13.971757,75.068535
2025-10-27 06:00:00+00:00,13.327294,73.52305
2025-10-27 07:00:00+00:00,12.580699,70.78723
2025-10-27 08:00:00+00:00,10.765445,69.44387
2025-10-27 09:00:00+00:00,10.094454,58.861095
2025-10-27 10:00:00+00:00,7.4128532,60.94549
2025-10-27 11:00:00+00:00,5.7431,32.195713
2025-10-27 12:00:00+00:00,6.763786,25.201094
2025-10-27 13:00:00+00:00,6.59154,34.9921
2025-10-27 14:00:00+00:00,7.562142,51.766144
2025-10-27 15:00:00+00:00,7.0568266,95.85592
2025-10-27 16:00:00+00:00,6.8989563,105.12406
2025-10-27 17:00:00+00:00,6.12,90.0
2025-10-27 18:00:00+00:00,5.6262593,82.64771
2025-10-27 19:00:00+00:00,5.5799994,90.0
2025-10-27 20:00:00+00:00,5.6262593,97.35229
2025-10-27 21:00:00+00:00,5.9644947,84.805664
2025-10-27 22:00:00+00:00,5.2478566,84.093956
2025-10-27 23:00:00+00:00,4.327493,73.07241
2025-10-28 00:00:00+00:00,4.5,73.73973
2025-10-28 01:00:00+00:00,6.0721655,78.02389
2025-10-28 02:00:00+00:00,6.151683,69.44387
2025-10-28 03:00:00+00:00,7.5685663,64.65388
2025-10-28 04:00:00+00:00,8.373386,64.5367
2025-10-28 05:00:00+00:00,8.936777,71.20003
2025-10-28 06:00:00+00:00,7.5170207,73.300674
2025-10-28 07:00:00+00:00,6.048107,53.471054
2025-10-28 08:00:00+00:00,2.6758924,42.27363
2025-10-28 09:00:00+00:00,1.8792552,73.300674
2025-10-28 10:00:00+00:00,5.0432134,145.17545
2025-10-28 11:00:00+00:00,4.752136,142.69597
2025-10-28 12:00:00+00:00,3.6,126.86999
2025-10-28 13:00:00+00:00,2.7475805,121.60746
2025-10-28 14:00:00+00:00,3.2599385,83.659904
2025-10-28 15:00:00+00:00,3.7971036,95.44024
2025-10-28 16:00:00+00:00,3.9844694,108.43504
2025-10-28 17:00:00+00:00,2.6758924,132.27362
2025-10-28 18:00:00+00:00,2.7943513,165.06853
2025-10-28 19:00:00+00:00,3.9763298,174.80566
2025-10-28 20:00:00+00:00,3.9763298,174.80566
2025-10-28 21:00:00+00:00,2.968636,165.96373
2025-10-28 22:00:00+00:00,2.6758924,132.27362
2025-10-28 23:00:00+00:00,2.995797,147.26479
2025-10-29 00:00:00+00:00,3.494968,145.49142
2025-10-29 01:00:00+00:00,2.4216523,138.01286
2025-10-29 02:00:00+00:00,2.50064,120.256355
2025-10-29 03:00:00+00:00,1.98,90.0
2025-10-29 04:00:00+00:00,2.8856194,86.423744
2025-10-29 05:00:00+00:00,3.189608,73.61038
2025-10-29 06:00:00+00:00,0.6489992,326.3099
2025-10-29 07:00:00+00:00,2.0124612,296.56497
2025-10-29 08:00:00+00:00,2.4216523,311.98712
2025-10-29 09:00:00+00:00,1.4512063,330.25522
2025-10-29 10:00:00+00:00,3.536439,14.743609
2025-10-29 11:00:00+00:00,3.8773184,68.19853
2025-10-29 12:00:00+00:00,5.0911684,81.86999
2025-10-29 13:00:00+00:00,5.8298883,81.11942
2025-10-29 14:00:00+00:00,6.2613096,71.564964
2025-10-29 15:00:00+00:00,4.510787,61.389645
2025-10-29 16:00:00+00:00,4.8965297,53.972538
2025-10-29 17:00:00+00:00,4.4456716,31.75944
2025-10-29 18:00:00+00:00,3.745557,35.217674
2025-10-29 19:00:00+00:00,3.9640884,39.47243
2025-10-29 20:00:00+00:00,4.514377,23.498587
2025-10-29 21:00:00+00:00,6.193674,35.537766
2025-10-29 22:00:00+00:00,4.6938252,85.60138
2025-10-29 23:00:00+00:00,4.5322843,83.15732
2025-10-30 00:00:00+00:00,7.193247,58.29862
2025-10-30 01:00:00+00:00,8.217153,61.189304
2025-10-30 02:00:00+00:00,8.854829,63.435013
2025-10-30 03:00:00+00:00,8.139901,71.96563
2025-10-30 04:00:00+00:00,7.9220443,68.68202
2025-10-30 05:00:00+00:00,7.4128532,60.94549
2025-10-30 06:00:00+00:00,6.522361,50.59937
2025-10-30 07:00:00+00:00,7.7900705,49.68598
2025-10-30 08:00:00+00:00,8.461915,51.911175
2025-10-30 09:00:00+00:00,7.653705,48.814175
2025-10-30 10:00:00+00:00,7.3997297,41.054726
2025-10-30 11:00:00+00:00,6.4096174,38.157276
2025-10-30 12:00:00+00:00,6.4924874,43.876797
2025-10-30 13:00:00+00:00,5.8048253,29.744795
2025-10-30 14:00:00+00:00,6.7565966,41.760216
2025-10-30 15:00:00+00:00,6.623413,47.20262
2025-10-30 16:00:00+00:00,5.0911684,44.999897
2025-10-30 17:00:00+00:00,5.1165614,50.710617
2025-10-30 18:00:00+00:00,3.9844694,71.564964
2025-10-30 19:00:00+00:00,4.913044,81.57312
2025-10-30 20:00:00+00:00,4.3573384,51.709793
2025-10-30 21:00:00+00:00,7.7043357,52.594578
2025-10-30 22:00:00+00:00,5.068846,73.49557
2025-10-30 23:00:00+00:00,4.913044,61.55718
2025-10-31 00:00:00+00:00,6.59154,34.9921
2025-10-31 01:00:00+00:00,8.536252,42.436188
2025-10-31 02:00:00+00:00,9.059205,40.971645
2025-10-31 03:00:00+00:00,10.44,46.39711
2025-10-31 04:00:00+00:00,10.32924,48.53239
2025-10-31 05:00:00+00:00,9.9408245,47.93576
2025-10-31 06:00:00+00:00,11.7,53.13002
2025-10-31 07:00:00+00:00,10.036512,57.45001
2025-10-31 08:00:00+00:00,7.970972,64.59232
2025-10-31 09:00:00+00:00,9.016185,86.56644
2025-10-31 10:00:00+00:00,8.936777,71.20003
2025-10-31 11:00:00+00:00,8.461914,60.708733
2025-10-31 12:00:00+00:00,9.292255,68.40463
2025-10-31 13:00:00+00:00,9.224011,84.40076
2025-10-31 14:00:00+00:00,8.528657,82.72509
2025-10-31 15:00:00+00:00,9.0018,78.46541
2025-10-31 16:00:00+00:00,9.335737,70.866264
2025-10-31 17:00:00+00:00,9.668195,61.049107
2025-10-31 18:00:00+00:00,10.00256,59.743652
2025-10-31 19:00:00+00:00,9.826088,61.55718
2025-10-31 20:00:00+00:00,9.252069,52.907085
2025-10-31 21:00:00+00:00,8.587338,56.976128
2025-10-31 22:00:00+00:00,7.989242,67.47939
2025-10-31 23:00:00+00:00,7.1321807,79.824554
2025-11-01 00:00:00+00:00,5.5799994,90.0
2025-11-01 01:00:00+00:00,7.172949,72.47434
2025-11-01 02:00:00+00:00,9.582358,61.99092
2025-11-01 03:00:00+00:00,8.244708,53.880566
2025-11-01 04:00:00+00:00,9.059205,49.02836
2025-11-01 05:00:00+00:00,9.432412,48.09414
2025-11-01 06:00:00+00:00,7.519175,42.08909
2025-11-01 07:00:00+00:00,5.3999996,53.13002
2025-11-01 08:00:00+00:00,4.669604,62.447273
2025-11-01 09:00:00+00:00,5.5829024,69.22767
2025-11-01 10:00:00+00:00,7.7043357,37.405437
2025-11-01 11:00:00+00:00,7.3094187,52.001225
2025-11-01 12:00:00+00:00,9.726664,38.990997
2025-11-01 13:00:00+00:00,11.161451,52.205994
2025-11-01 14:00:00+00:00,11.276968,61.389645
2025-11-01 15:00:00+00:00,11.4862,57.804302
2025-11-01 16:00:00+00:00,11.384198,55.304783
2025-11-01 17:00:00+00:00,11.236671,54.782326
2025-11-01 18:00:00+00:00,11.019764,51.632477
2025-11-01 19:00:00+00:00,10.717182,60.852028
2025-11-01 20:00:00+00:00,10.304115,70.615395
2025-11-01 21:00:00+00:00,10.215693,75.71888
2025-11-01 22:00:00+00:00,11.132385,67.16631
2025-11-01 23:00:00+00:00,12.81165,65.95578
2025-11-02 00:00:00+00:00,13.672893,73.95093
2025-11-02 01:00:00+00:00,13.009903,75.57919
2025-11-02 02:00:00+00:00,13.533558,76.14857
2025-11-02 03:00:00+00:00,13.672893,73.95093
2025-11-02 04:00:00+00:00,13.971757,75.068535
2025-11-02 05:00:00+00:00,14.30632,68.60013
2025-11-02 06:00:00+00:00,14.474059,68.86011
2025-11-02 07:00:00+00:00,13.472372,67.203445
2025-11-02 08:00:00+00:00,12.033103,68.03938
2025-11-02 09:00:00+00:00,10.4166975,71.87805
2025-11-02 10:00:00+00:00,7.889259,62.850407
2025-11-02 11:00:00+00:00,6.544677,58.495792
2025-11-02 12:00:00+00:00,8.043805,40.462154
2025-11-02 13:00:00+00:00,8.3520775,52.883057
2025-11-02 14:00:00+00:00,7.5213294,68.96242
2025-11-02 15:00:00+00:00,6.8989563,74.875946
2025-11-02 16:00:00+00:00,6.151683,69.44387
2025-11-02 17:00:00+00:00,6.544677,58.495792
2025-11-02 18:00:00+00:00,6.544677,58.495792
2025-11-02 19:00:00+00:00,5.315336,61.69934
2025-11-02 20:00:00+00:00,4.1556225,72.34979
2025-11-02 21:00:00+00:00,3.462369,81.02746
2025-11-02 22:00:00+00:00,5.0432134,92.045364
2025-11-02 23:00:00+00:00,5.1544156,77.90526
2025-11-03 00:00:00+00:00,4.5820518,44.999897
2025-11-03 01:00:00+00:00,5.6233797,50.194473
2025-11-03 02:00:00+00:00,5.1919937,56.309914
2025-11-03 03:00:00+00:00,8.139901,71.96563
2025-11-03 04:00:00+00:00,9.565437,70.20104
2025-11-03 05:00:00+00:00,10.062305,63.435013
2025-11-03 06:00:00+00:00,9.7880945,57.77127
2025-11-03 07:00:00+00:00,9.432412,48.09414
2025-11-03 08:00:00+00:00,8.067936,51.34017
2025-11-03 09:00:00+00:00,6.623413,42.797382
2025-11-03 10:00:00+00:00,4.1125174,23.198618
2025-11-03 11:00:00+00:00,2.9024127,352.87506
2025-11-03 12:00:00+00:00,3.143565,336.3706
2025-11-03 13:00:00+00:00,3.6,323.13
2025-11-03 14:00:00+00:00,3.0652893,310.2363
2025-11-03 15:00:00+00:00,2.5959969,303.6901
2025-11-03 16:00:00+00:00,2.5582807,309.28937
2025-11-03 17:00:00+00:00,0.9,216.86998
2025-11-03 18:00:00+00:00,1.5379207,159.44388
2025-11-03 19:00:00+00:00,2.9024127,150.2552
2025-11-03 20:00:00+00:00,3.319036,139.39879
2025-11-03 21:00:00+00:00,4.3349743,131.63345
2025-11-03 22:00:00+00:00,4.379589,99.46225
2025-11-03 23:00:00+00:00,6.122647,88.31535
2025-11-04 00:00:00+00:00,5.4029994,88.09089
2025-11-04 01:00:00+00:00,7.2202215,85.71093
2025-11-04 02:00:00+00:00,6.9527545,68.74943
2025-11-04 03:00:00+00:00,8.723967,68.19854
2025-11-04 04:00:00+00:00,10.429132,68.74943
2025-11-04 05:00:00+00:00,11.043261,70.974304
2025-11-04 06:00:00+00:00,10.304115,70.615395
2025-11-04 07:00:00+00:00,9.505977,71.22187
2025-11-04 08:00:00+00:00,8.427383,70.01681
2025-11-04 09:00:00+00:00,7.256032,66.61476
2025-11-04 10:00:00+00:00,3.6447225,57.094753
2025-11-04 11:00:00+00:00,6.444905,35.909817
2025-11-04 12:00:00+00:00,6.048107,36.528946
2025-11-04 13:00:00+00:00,5.728979,43.72705
2025-11-04 14:00:00+00:00,5.7628117,51.34017
2025-11-04 15:00:00+00:00,6.198903,64.17907
2025-11-04 16:00:00+00:00,6.8138976,77.79955
2025-11-04 17:00:00+00:00,7.342588,101.3099
2025-11-04 18:00:00+00:00,6.1437774,121.82741
2025-11-04 19:00:00+00:00,3.710795,140.90616
2025-11-04 20:00:00+00:00,1.659518,167.4712
2025-11-04 21:00:00+00:00,1.484318,165.96373
2025-11-04 22:00:00+00:00,1.9881649,185.19434
2025-11-04 23:00:00+00:00,1.6199999,360.0
2025-11-05 00:00:00+00:00,5.0432134,34.82457
2025-11-05 01:00:00+00:00,4.896529,72.89719
2025-11-05 02:00:00+00:00,5.318383,66.03751
2025-11-05 03:00:00+00:00,6.8989563,74.875946
2025-11-05 04:00:00+00:00,8.227004,79.919464
2025-11-05 05:00:00+00:00,8.528657,82.72509
2025-11-05 06:00:00+00:00,8.731391,75.677246
2025-11-05 07:00:00+00:00,10.387107,62.10283
2025-11-05 08:00:00+00:00,9.107359,71.564964
2025-11-05 09:00:00+00:00,7.754637,68.19853
2025-11-05 10:00:00+00:00,7.889258,55.222095
2025-11-05 11:00:00+00:00,5.3517847,47.72637
2025-11-05 12:00:00+00:00,5.22,46.39711
2025-11-05 13:00:00+00:00,5.154415,65.22488
2025-11-05 14:00:00+00:00,3.2048087,141.84273
2025-11-05 15:00:00+00:00,4.3832865,199.17911
2025-11-05 16:00:00+00:00,3.84796,190.78426
2025-11-05 17:00:00+00:00,3.1072817,190.00792
2025-11-05 18:00:00+00:00,3.710795,230.90614
2025-11-05 19:00:00+00:00,3.62243,243.43501
2025-11-05 20:00:00+00:00,4.3498964,245.55606
2025-11-05 21:00:00+00:00,4.3536186,240.2552
2025-11-05 22:00:00+00:00,2.3051248,218.65984
2025-11-05 23:00:00+00:00,2.2553935,208.61037
2025-11-06 00:00:00+00:00,2.8460498,161.56496
2025-11-06 01:00:00+00:00,2.6999998,126.86998
2025-11-06 02:00:00+00:00,1.8792552,163.30067
2025-11-06 03:00:00+00:00,0.742159,345.9637
2025-11-06 04:00:00+00:00,3.148714,30.963696
2025-11-06 05:00:00+00:00,5.09435,57.99466
2025-11-06 06:00:00+00:00,5.7964473,64.23073
2025-11-06 07:00:00+00:00,5.3699164,76.42955
2025-11-06 08:00:00+00:00,4.86,90.0
2025-11-06 09:00:00+00:00,3.7799997,90.0
2025-11-06 10:00:00+00:00,3.494968,34.50859
2025-11-06 11:00:00+00:00,4.942631,33.111355
2025-11-06 12:00:00+00:00,4.978554,40.601215
2025-11-06 13:00:00+00:00,4.846648,31.328646
2025-11-06 14:00:00+00:00,4.2021422,9.865748
2025-11-06 15:00:00+00:00,4.2021422,350.13425
2025-11-06 16:00:00+00:00,0.6489992,326.3099
2025-11-06 17:00:00+00:00,2.0991426,149.03632
2025-11-06 18:00:00+00:00,3.396233,122.00535
2025-11-06 19:00:00+00:00,2.6999998,126.86998
2025-11-06 20:00:00+00:00,2.0523157,105.25517
2025-11-06 21:00:00+00:00,1.2979984,123.690094
2025-11-06 22:00:00+00:00,0.9693296,158.19853
2025-11-06 23:00:00+00:00,3.143565,103.24053
2025-11-07 00:00:00+00:00,4.175069,97.43131
2025-11-07 01:00:00+00:00,3.5864744,107.52566
2025-11-07 02:00:00+00:00,2.7238941,97.59455
2025-11-07 03:00:00+00:00,3.189608,106.38962
2025-11-07 04:00:00+00:00,3.5864744,107.52566
2025-11-07 05:00:00+00:00,3.7585104,106.699326
2025-11-07 06:00:00+00:00,3.2846913,99.46225
2025-11-07 07:00:00+00:00,2.8856194,86.423744
2025-11-07 08:00:00+00:00,2.5582807,50.710617
2025-11-07 09:00:00+00:00,3.5864744,17.52567
2025-11-07 10:00:00+00:00,4.2021422,350.13425
2025-11-07 11:00:00+00:00,5.1197267,349.8754
2025-11-07 12:00:00+00:00,4.73506,8.746089
2025-11-07 13:00:00+00:00,2.5772078,347.90527
2025-11-07 14:00:00+00:00,1.5484185,234.46223
2025-11-07 15:00:00+00:00,5.020677,194.5345
2025-11-07 16:00:00+00:00,6.2145634,190.00792
2025-11-07 17:00:00+00:00,5.1544156,192.09474
2025-11-07 18:00:00+00:00,3.3092597,202.38017
2025-11-07 19:00:00+00:00,2.3400002,202.6199
2025-11-07 20:00:00+00:00,1.4512063,187.12492
2025-11-07 21:00:00+00:00,1.1384199,161.56496
2025-11-07 22:00:00+00:00,0.56920993,251.56496
2025-11-07 23:00:00+00:00,3.362677,15.524177
2025-11-08 00:00:00+00:00,3.4388947,47.12111
2025-11-08 01:00:00+00:00,0.742159,104.03627
2025-11-08 02:00:00+00:00,1.2979984,146.3099
2025-11-08 03:00:00+00:00,2.4014995,77.00539
2025-11-08 04:00:00+00:00,3.8141315,70.70986
2025-11-08 05:00:00+00:00,4.846648,68.19853
2025-11-08 06:00:00+00:00,5.2416787,74.054535
2025-11-08 07:00:00+00:00,5.4149795,74.57778
2025-11-08 08:00:00+00:00,5.5216303,70.974304
2025-11-08 09:00:00+00:00,6.341009,55.407658
2025-11-08 10:00:00+00:00,7.0407386,32.471172
2025-11-08 11:00:00+00:00,6.384293,21.501507
2025-11-08 12:00:00+00:00,7.247096,14.381432
2025-11-08 13:00:00+00:00,7.2,360.0
2025-11-08 14:00:00+00:00,2.8001428,315.0001
2025-11-08 15:00:00+00:00,3.62243,206.56499
2025-11-08 16:00:00+00:00,6.5049515,194.4208
2025-11-08 17:00:00+00:00,6.8138976,192.20045
2025-11-08 18:00:00+00:00,6.6794305,194.03627
2025-11-08 19:00:00+00:00,4.68,180.0
2025-11-08 20:00:00+00:00,3.536439,165.2564
2025-11-08 21:00:00+00:00,2.4482648,143.97253
2025-11-08 22:00:00+00:00,4.942631,123.11135
2025-11-08 23:00:00+00:00,5.8298883,81.11942
2025-11-09 00:00:00+00:00,7.2,53.13002
2025-11-09 01:00:00+00:00,5.2416787,74.054535
2025-11-09 02:00:00+00:00,2.7059932,93.814
2025-11-09 03:00:00+00:00,2.5264204,85.91447
2025-11-09 04:00:00+00:00,2.8856194,86.423744
2025-11-09 05:00:00+00:00,2.7943513,75.068535
2025-11-09 06:00:00+00:00,2.5959969,56.309914
2025-11-09 07:00:00+00:00,2.3051248,51.34017
2025-11-09 08:00:00+00:00,2.0523157,37.875053
2025-11-09 09:00:00+00:00,2.907989,21.801476
2025-11-09 10:00:00+00:00,3.604497,2.8623457
2025-11-09 11:00:00+00:00,7.1321807,349.82455
2025-11-09 12:00:00+00:00,5.9834766,6.9111314
2025-11-09 13:00:00+00:00,1.2074767,153.43501
2025-11-09 14:00:00+00:00,3.7971036,174.55975
2025-11-09 15:00:00+00:00,5.7628117,178.21013
2025-11-09 16:00:00+00:00,6.0077944,188.61557
2025-11-09 17:00:00+00:00,6.1858225,188.3658
2025-11-09 18:00:00+00:00,6.1437774,185.04236
2025-11-09 19:00:00+00:00,5.5829024,181.84756
2025-11-09 20:00:00+00:00,4.323748,182.3859
2025-11-09 21:00:00+00:00,3.4199998,180.0
2025-11-09 22:00:00+00:00,2.3051248,141.34016
2025-11-09 23:00:00+00:00,3.4388947,132.87889
2025-11-10 00:00:00+00:00,2.7943513,104.93147
2025-11-10 01:00:00+00:00,2.5071096,111.03758
2025-11-10 02:00:00+00:00,1.659518,130.60121
2025-11-10 03:00:00+00:00,1.0182338,44.999897
2025-11-10 04:00:00+00:00,2.0124612,26.564985
2025-11-10 05:00:00+00:00,1.9386592,21.801476
2025-11-10 06:00:00+00:00,1.659518,347.4712
2025-11-10 07:00:00+00:00,1.9469976,303.6901
2025-11-10 08:00:00+00:00,2.2768397,288.43503
2025-11-10 09:00:00+00:00,2.50064,300.25635
2025-11-10 10:00:00+00:00,2.36753,278.74606
2025-11-10 11:00:00+00:00,6.1569467,344.7448
2025-11-10 12:00:00+00:00,6.341009,353.4803
2025-11-10 13:00:00+00:00,1.8532133,240.94548
2025-11-10 14:00:00+00:00,4.0249224,190.3048
2025-11-10 15:00:00+00:00,6.8138976,192.20045
2025-11-10 16:00:00+00:00,6.8989563,195.12405
2025-11-10 17:00:00+00:00,5.7628117,194.47034
2025-11-10 18:00:00+00:00,3.2846913,189.46225
2025-11-10 19:00:00+00:00,2.5071096,201.03758
2025-11-10 20:00:00+00:00,2.6758924,222.27362
2025-11-10 21:00:00+00:00,2.8116899,230.19447
2025-11-10 22:00:00+00:00,4.186693,244.5367
2025-11-10 23:00:00+00:00,3.143565,256.75946
2025-11-11 00:00:00+00:00,0.9,36.86999
2025-11-11 01:00:00+00:00,0.9178235,101.3099
2025-11-11 02:00:00+00:00,1.8089776,185.7105
2025-11-11 03:00:00+00:00,1.4058449,219.80553
2025-11-11 04:00:00+00:00,1.9386592,248.19853
2025-11-11 05:00:00+00:00,2.6208394,254.05453
2025-11-11 06:00:00+00:00,2.7534704,258.6901
2025-11-11 07:00:00+00:00,3.0811036,276.70975
2025-11-11 08:00:00+00:00,5.0816135,292.93213
2025-11-11 09:00:00+00:00,5.7964473,295.76926
2025-11-11 10:00:00+00:00,6.3231,265.10098
2025-11-11 11:00:00+00:00,6.2145634,280.0079
2025-11-11 12:00:00+00:00,4.8733153,274.23633
2025-11-11 13:00:00+00:00,2.2910259,224.9999
2025-11-11 14:00:00+00:00,3.5455887,203.9625
2025-11-11 15:00:00+00:00,4.8466477,195.06854
2025-11-11 16:00:00+00:00,5.0142193,201.03758
2025-11-11 17:00:00+00:00,5.402999,209.98155
2025-11-11 18:00:00+00:00,5.3517847,222.27362
2025-11-11 19:00:00+00:00,5.509882,231.63248
2025-11-11 20:00:00+00:00,5.7964473,244.23071
2025-11-11 21:00:00+00:00,6.1569467,254.74483
2025-11-11 22:00:00+00:00,5.068846,253.49556
2025-11-11 23:00:00+00:00,4.942631,303.11136
2025-11-12 00:00:00+00:00,5.509882,308.36752
2025-11-12 01:00:00+00:00,2.5264204,274.08554
2025-11-12 02:00:00+00:00,2.1749482,204.44394
2025-11-12 03:00:00+00:00,2.5071096,201.03758
2025-11-12 04:00:00+00:00,1.4512063,187.12492
2025-11-12 05:00:00+00:00,0.25455844,135.0001
2025-11-12 06:00:00+00:00,0.9,36.86999
2025-11-12 07:00:00+00:00,0.71999997,360.0
2025-11-12 08:00:00+00:00,1.1525624,321.34018
2025-11-12 09:00:00+00:00,2.1068459,340.0168
2025-11-12 10:00:00+00:00,1.659518,319.39877
2025-11-12 11:00:00+00:00,6.889557,340.14468
2025-11-12 12:00:00+00:00,6.330782,345.17346
2025-11-12 13:00:00+00:00,2.5455842,278.13
2025-11-12 14:00:00+00:00,3.06,208.07239
2025-11-12 15:00:00+00:00,5.1826253,200.32323
2025-11-12 16:00:00+00:00,5.0816135,202.93213
2025-11-12 17:00:00+00:00,4.991553,205.64096
2025-11-12 18:00:00+00:00,4.913044,208.44283
2025-11-12 19:00:00+00:00,5.2323985,206.56499
2025-11-12 20:00:00+00:00,5.441838,214.21576
2025-11-12 21:00:00+00:00,4.724786,229.63554
2025-11-12 22:00:00+00:00,4.4456716,211.75943
2025-11-12 23:00:00+00:00,2.5582807,230.71062
2025-11-13 00:00:00+00:00,1.4512063,262.8751
2025-11-13 01:00:00+00:00,1.484318,284.03625
2025-11-13 02:00:00+00:00,1.7076298,288.43503
2025-11-13 03:00:00+00:00,2.2553935,331.38962
2025-11-13 04:00:00+00:00,3.0758414,20.556128
2025-11-13 05:00:00+00:00,3.9477081,46.8476
2025-11-13 06:00:00+00:00,4.91634,66.2505
2025-11-13 07:00:00+00:00,4.5891175,64.440094
2025-11-13 08:00:00+00:00,4.2671766,62.354122
2025-11-13 09:00:00+00:00,4.8366103,44.999897
2025-11-13 10:00:00+00:00,6.1120534,13.627024
2025-11-13 11:00:00+00:00,6.2145634,10.007925
2025-11-13 12:00:00+00:00,6.5248446,24.443953
2025-11-13 13:00:00+00:00,2.7059932,93.814
2025-11-13 14:00:00+00:00,1.0495713,120.96369
2025-11-13 15:00:00+00:00,2.0523157,164.74483
2025-11-13 16:00:00+00:00,3.7585104,163.30067
2025-11-13 17:00:00+00:00,3.8141315,160.70985
2025-11-13 18:00:00+00:00,2.5772076,155.22488
2025-11-13 19:00:00+00:00,1.4512063,150.2552
2025-11-13 20:00:00+00:00,1.0948973,189.46225
2025-11-13 21:00:00+00:00,0.9693296,248.19853
2025-11-13 22:00:00+00:00,0.54,180.0
2025-11-13 23:00:00+00:00,1.659518,139.39879
2025-11-14 00:00:00+00:00,2.8460495,145.30478
2025-11-14 01:00:00+00:00,2.19718,145.0079
2025-11-14 02:00:00+00:00,1.6299692,83.659904
2025-11-14 03:00:00+00:00,2.1749482,24.443953
2025-11-14 04:00:00+00:00,4.2175345,39.805527
2025-11-14 05:00:00+00:00,4.7110505,46.54811
2025-11-14 06:00:00+00:00,4.5,53.13002
2025-11-14 07:00:00+00:00,4.2671766,62.354122
2025-11-14 08:00:00+00:00,3.710795,67.16631
2025-11-14 09:00:00+00:00,3.4388947,47.12111
2025-11-14 10:00:00+00:00,4.323748,357.6141
2025-11-14 11:00:00+00:00,6.5693827,9.462261
2025-11-14 12:00:00+00:00,7.6473517,26.564985
2025-11-14 13:00:00+00:00,4.829907,63.435013
2025-11-14 14:00:00+00:00,3.396233,122.00535
2025-11-14 15:00:00+00:00,3.219938,153.43501
2025-11-14 16:00:00+00:00,3.362677,164.47583
2025-11-14 17:00:00+00:00,3.438895,173.99109
2025-11-14 18:00:00+00:00,3.06,180.0
2025-11-14 19:00:00+00:00,2.8460498,198.43504
2025-11-14 20:00:00+00:00,2.1749482,204.44394
2025-11-14 21:00:00+00:00,1.9386592,201.80147
2025-11-14 22:00:00+00:00,1.3708391,156.80138
2025-11-14 23:00:00+00:00,1.4512063,119.74479
2025-11-15 00:00:00+00:00,2.8460495,124.69522
2025-11-15 01:00:00+00:00,3.572898,130.91429
2025-11-15 02:00:00+00:00,3.4763772,111.25058
2025-11-15 03:00:00+00:00,2.968636,75.96373
2025-11-15 04:00:00+00:00,4.846648,68.19853
2025-11-15 05:00:00+00:00,5.95906,64.98315
2025-11-15 06:00:00+00:00,6.9247384,62.10283
2025-11-15 07:00:00+00:00,7.193247,58.29862
2025-11-15 08:00:00+00:00,7.10031,59.53454
2025-11-15 09:00:00+00:00,6.804381,52.523746
2025-11-15 10:00:00+00:00,4.863332,38.990997
2025-11-15 11:00:00+00:00,7.16617,25.277687
2025-11-15 12:00:00+00:00,8.035746,15.5928755
2025-11-15 13:00:00+00:00,8.654986,16.927603
2025-11-15 14:00:00+00:00,5.692099,34.69522
2025-11-15 15:00:00+00:00,3.0758414,110.55613
2025-11-15 16:00:00+00:00,2.0364676,135.0001
2025-11-15 17:00:00+00:00,2.5772076,155.22488
2025-11-15 18:00:00+00:00,2.5071096,158.96242
2025-11-15 19:00:00+00:00,2.4482646,162.89719
2025-11-15 20:00:00+00:00,2.1068459,160.0168
2025-11-15 21:00:00+00:00,2.19718,145.0079
2025-11-15 22:00:00+00:00,5.3457265,135.0001
2025-11-15 23:00:00+00:00,6.698806,120.699646
2025-11-16 00:00:00+00:00,6.9550843,100.43742
2025-11-16 01:00:00+00:00,5.426933,84.2895
2025-11-16 02:00:00+00:00,6.489992,70.559875
2025-11-16 03:00:00+00:00,7.8149853,61.07368
2025-11-16 04:00:00+00:00,9.339208,62.447273
2025-11-16 05:00:00+00:00,9.761578,67.21756
2025-11-16 06:00:00+00:00,10.163227,67.06787
2025-11-16 07:00:00+00:00,9.927779,67.61982
2025-11-16 08:00:00+00:00,9.668195,65.8209
2025-11-16 09:00:00+00:00,9.139322,57.875034
2025-11-16 10:00:00+00:00,6.8919086,40.763515
2025-11-16 11:00:00+00:00,6.544677,31.504223
2025-11-16 12:00:00+00:00,8.161764,41.42357
2025-11-16 13:00:00+00:00,9.257321,63.435013
2025-11-16 14:00:00+00:00,8.538149,71.564964
2025-11-16 15:00:00+00:00,8.085988,73.17851
2025-11-16 16:00:00+00:00,7.42159,75.96373
2025-11-16 17:00:00+00:00,6.5693827,80.53775
2025-11-16 18:00:00+00:00,6.2145634,79.99209
2025-11-16 19:00:00+00:00,6.310277,86.729576
2025-11-16 20:00:00+00:00,6.542201,82.09293
2025-11-16 21:00:00+00:00,7.0223074,91.46877
2025-11-16 22:00:00+00:00,6.341009,96.519714
2025-11-16 23:00:00+00:00,5.7599998,90.0
2025-11-17 00:00:00+00:00,6.8138976,77.79955
2025-11-17 01:00:00+00:00,9.627896,69.19314
2025-11-17 02:00:00+00:00,9.292255,68.40463
2025-11-17 03:00:00+00:00,10.223619,63.886147
2025-11-17 04:00:00+00:00,12.007498,66.12472
2025-11-17 05:00:00+00:00,12.410866,70.51378
2025-11-17 06:00:00+00:00,12.016938,73.46509
2025-11-17 07:00:00+00:00,11.052058,73.92636
2025-11-17 08:00:00+00:00,9.741642,73.90912
2025-11-17 09:00:00+00:00,8.792405,67.10942
2025-11-17 10:00:00+00:00,7.145796,40.9143
2025-11-17 11:00:00+00:00,7.2,36.86999
2025-11-17 12:00:00+00:00,8.274128,45.88132
2025-11-17 13:00:00+00:00,9.346143,74.3577
2025-11-17 14:00:00+00:00,8.197414,109.23077
2025-11-17 15:00:00+00:00,7.570707,118.39293
2025-11-17 16:00:00+00:00,7.6367526,98.13002
2025-11-17 17:00:00+00:00,8.297589,93.73133
2025-11-17 18:00:00+00:00,8.467655,87.56341
2025-11-17 19:00:00+00:00,6.5024605,85.23644
2025-11-17 20:00:00+00:00,6.5024605,85.23644
2025-11-17 21:00:00+00:00,6.5024605,85.23644
2025-11-17 22:00:00+00:00,6.0077944,81.38444
2025-11-17 23:00:00+00:00,5.506941,78.6901
2025-11-18 00:00:00+00:00,5.5799994,90.0
2025-11-18 01:00:00+00:00,6.489992,93.17977
2025-11-18 02:00:00+00:00,5.6060677,84.47256
2025-11-18 03:00:00+00:00,6.9550843,79.56258
2025-11-18 04:00:00+00:00,9.039514,77.34745
2025-11-18 05:00:00+00:00,10.5234585,77.1523
2025-11-18 06:00:00+00:00,10.739833,76.42955
2025-11-18 07:00:00+00:00,10.656547,74.32042
2025-11-18 08:00:00+00:00,10.703569,70.346085
2025-11-18 09:00:00+00:00,10.387107,62.10283
2025-11-18 10:00:00+00:00,7.6367526,44.999897
2025-11-18 11:00:00+00:00,8.783189,44.169785
2025-11-18 12:00:00+00:00,7.9077177,48.69148
2025-11-18 13:00:00+00:00,8.490582,57.99466
2025-11-18 14:00:00+00:00,7.9932976,82.234924
2025-11-18 15:00:00+00:00,7.3447943,107.10281
2025-11-18 16:00:00+00:00,7.1208143,106.14441
2025-11-18 17:00:00+00:00,7.1321807,100.17545
2025-11-18 18:00:00+00:00,7.7588143,93.99084
2025-11-18 19:00:00+00:00,7.9932976,97.76508
2025-11-18 20:00:00+00:00,7.555712,102.38075
2025-11-18 21:00:00+00:00,7.229191,108.886185
2025-11-18 22:00:00+00:00,7.6579366,113.55228
2025-11-18 23:00:00+00:00,7.69592,79.21575
2025-11-19 00:00:00+00:00,8.39078,67.28555
2025-11-19 01:00:00+00:00,5.4477882,82.40546
2025-11-19 02:00:00+00:00,6.1437774,95.04236
2025-11-19 03:00:00+00:00,5.8048253,82.875084
2025-11-19 04:00:00+00:00,8.027677,70.346085
2025-11-19 05:00:00+00:00,9.860649,68.58697
2025-11-19 06:00:00+00:00,10.99769,68.89509
2025-11-19 07:00:00+00:00,11.203464,66.3179
2025-11-19 08:00:00+00:00,10.787993,64.2901
2025-11-19 09:00:00+00:00,10.086427,55.175446
2025-11-19 10:00:00+00:00,7.596341,36.326923
2025-11-19 11:00:00+00:00,7.282774,39.98684
2025-11-19 12:00:00+00:00,8.748075,36.634212
2025-11-19 13:00:00+00:00,8.942214,49.899166
2025-11-19 14:00:00+00:00,7.120815,69.27436
2025-11-19 15:00:00+00:00,6.1437774,95.04236
2025-11-19 16:00:00+00:00,5.7515564,110.13639
2025-11-19 17:00:00+00:00,5.2478566,112.1664
2025-11-19 18:00:00+00:00,5.020677,104.5345
2025-11-19 19:00:00+00:00,4.724786,107.74477
2025-11-19 20:00:00+00:00,4.4274144,116.56499
2025-11-19 21:00:00+00:00,4.5,126.86999
2025-11-19 22:00:00+00:00,5.2323985,153.43501
2025-11-19 23:00:00+00:00,3.244996,146.3099
2025-11-20 00:00:00+00:00,1.659518,102.5288
2025-11-20 01:00:00+00:00,3.01735,107.35411
2025-11-20 02:00:00+00:00,2.5455842,98.13002
2025-11-20 03:00:00+00:00,3.143565,66.37061
2025-11-20 04:00:00+00:00,5.2323985,63.435013
2025-11-20 05:00:00+00:00,6.7205353,69.62349
2025-11-20 06:00:00+00:00,7.0015144,72.03077
2025-11-20 07:00:00+00:00,7.1208143,73.85559
2025-11-20 08:00:00+00:00,6.689125,66.19405
2025-11-20 09:00:00+00:00,6.090812,55.840256
2025-11-20 10:00:00+00:00,7.344794,36.027473
2025-11-20 11:00:00+00:00,7.10031,30.465475
2025-11-20 12:00:00+00:00,9.096681,27.072004
2025-11-20 13:00:00+00:00,8.427383,19.983198
2025-11-20 14:00:00+00:00,6.5520988,20.924576
2025-11-20 15:00:00+00:00,3.6447225,57.094753
2025-11-20 16:00:00+00:00,1.4512063,150.2552
2025-11-20 17:00:00+00:00,3.189608,163.61038
2025-11-20 18:00:00+00:00,3.244996,160.55988
2025-11-20 19:00:00+00:00,1.5484185,144.46223
2025-11-20 20:00:00+00:00,1.8,126.86999
2025-11-20 21:00:00+00:00,3.644722,110.22495
2025-11-20 22:00:00+00:00,5.0975285,132.13753
2025-11-20 23:00:00+00:00,4.3349743,138.36655
2025-11-21 00:00:00+00:00,2.4482648,126.027466
2025-11-21 01:00:00+00:00,2.5582807,129.28938
2025-11-21 02:00:00+00:00,1.9469976,146.3099
2025-11-21 03:00:00+00:00,1.2727921,135.0001
2025-11-21 04:00:00+00:00,2.50064,59.743652
2025-11-21 05:00:00+00:00,4.6452556,54.46224
2025-11-21 06:00:00+00:00,6.015878,51.072456
2025-11-21 07:00:00+00:00,6.341009,55.407658
2025-11-21 08:00:00+00:00,5.876938,49.969803
2025-11-21 09:00:00+00:00,6.3690495,42.709366
2025-11-21 10:00:00+00:00,2.36753,351.2539
2025-11-21 11:00:00+00:00,7.344794,323.97253
2025-11-21 12:00:00+00:00,7.1684303,308.8845
2025-11-21 13:00:00+00:00,6.2405767,236.76828
2025-11-21 14:00:00+00:00,6.66,198.92474
2025-11-21 15:00:00+00:00,7.8625183,195.94547
2025-11-21 16:00:00+00:00,7.8728137,190.53912
2025-11-21 17:00:00+00:00,7.486788,189.68872
2025-11-21 18:00:00+00:00,6.162207,186.70975
2025-11-21 19:00:00+00:00,5.223103,181.97488
2025-11-21 20:00:00+00:00,4.6938252,184.39862
2025-11-21 21:00:00+00:00,3.964089,182.60251
2025-11-21 22:00:00+00:00,4.8466477,195.06854
2025-11-21 23:00:00+00:00,4.198285,210.96368
2025-11-22 00:00:00+00:00,3.0811036,173.29025
2025-11-22 01:00:00+00:00,2.968636,165.96373
2025-11-22 02:00:00+00:00,4.5572357,170.9098
2025-11-22 03:00:00+00:00,3.7585104,163.30067
2025-11-22 04:00:00+00:00,3.6447225,147.09476
2025-11-22 05:00:00+00:00,3.6,143.13002
2025-11-22 06:00:00+00:00,3.3043609,119.357666
2025-11-22 07:00:00+00:00,3.2846913,99.46225
2025-11-22 08:00:00+00:00,3.244996,86.82024
2025-11-22 09:00:00+00:00,3.3092597,67.61982
2025-11-22 10:00:00+00:00,2.0124612,349.69522
2025-11-22 11:00:00+00:00,3.9312592,344.05453
2025-11-22 12:00:00+00:00,3.3043609,330.64233
2025-11-22 13:00:00+00:00,1.0495713,120.96369
2025-11-22 14:00:00+00:00,4.510787,118.61037
2025-11-22 15:00:00+00:00,5.1165614,140.71062
2025-11-22 16:00:00+00:00,4.542994,146.3099
2025-11-22 17:00:00+00:00,6.2067385,150.46132
2025-11-22 18:00:00+00:00,5.8603754,137.4896
2025-11-22 19:00:00+00:00,4.1046314,127.875046
2025-11-22 20:00:00+00:00,3.381893,115.20109
2025-11-22 21:00:00+00:00,3.8647635,117.75845
2025-11-22 22:00:00+00:00,3.0652893,130.23628
2025-11-22 23:00:00+00:00,3.7971041,148.57048
2025-11-23 00:00:00+00:00,2.1068459,199.9832
2025-11-23 01:00:00+00:00,3.8773184,201.80147
2025-11-23 02:00:00+00:00,3.244996,176.82024
2025-11-23 03:00:00+00:00,2.36753,171.25392
2025-11-23 04:00:00+00:00,1.7727944,156.0375
2025-11-23 05:00:00+00:00,1.08,180.0
2025-11-23 06:00:00+00:00,0.25455844,224.9999
2025-11-23 07:00:00+00:00,0.9,360.0
2025-11-23 08:00:00+00:00,2.4014995,12.99463
2025-11-23 09:00:00+00:00,4.278551,14.620926
2025-11-23 10:00:00+00:00,4.175069,7.4313188
2025-11-23 11:00:00+00:00,6.114703,42.614033
2025-11-23 12:00:00+00:00,5.983477,46.2188
2025-11-23 13:00:00+00:00,5.876938,49.969803
2025-11-23 14:00:00+00:00,6.384293,68.498505
2025-11-23 15:00:00+00:00,5.7599998,90.0
2025-11-23 16:00:00+00:00,7.256032,97.12492
2025-11-23 17:00:00+00:00,5.5799994,90.0
2025-11-23 18:00:00+00:00,5.1575575,60.75127
2025-11-23 19:00:00+00:00,4.965521,46.468742
2025-11-23 20:00:00+00:00,5.796447,36.158287
2025-11-23 21:00:00+00:00,5.7431,32.195713
2025-11-23 22:00:00+00:00,5.4744864,43.667847
2025-11-23 23:00:00+00:00,5.0816135,22.93213
2025-11-24 00:00:00+00:00,3.143565,23.629398
2025-11-24 01:00:00+00:00,2.6999998,126.86998
2025-11-24 02:00:00+00:00,3.9477081,133.1524
2025-11-24 03:00:00+00:00,5.414979,111.44781
2025-11-24 04:00:00+00:00,7.928178,92.60251
2025-11-24 05:00:00+00:00,9.375563,86.698204
2025-11-24 06:00:00+00:00,11.032987,84.382515
2025-11-24 07:00:00+00:00,11.074022,82.528534
2025-11-24 08:00:00+00:00,10.920824,81.46932
2025-11-24 09:00:00+00:00,10.239453,79.87539
2025-11-24 10:00:00+00:00,5.5567255,65.09527
2025-11-24 11:00:00+00:00,7.10031,30.465475
2025-11-24 12:00:00+00:00,6.7397914,34.114517
2025-11-24 13:00:00+00:00,7.5363917,49.844074
2025-11-24 14:00:00+00:00,8.035746,74.407135
2025-11-24 15:00:00+00:00,7.3799996,102.680374
2025-11-24 16:00:00+00:00,7.4867883,117.18103
2025-11-24 17:00:00+00:00,7.3469996,120.963684
2025-11-24 18:00:00+00:00,7.186487,112.067955
2025-11-24 19:00:00+00:00,7.1321807,100.17545
2025-11-24 20:00:00+00:00,7.0568266,95.85592
2025-11-24 21:00:00+00:00,6.924738,98.97255
2025-11-24 22:00:00+00:00,5.1575575,119.24873
2025-11-24 23:00:00+00:00,4.6800003,67.3801
2025-11-25 00:00:00+00:00,4.4456716,121.75944
2025-11-25 01:00:00+00:00,6.12,151.92761
2025-11-25 02:00:00+00:00,5.0432134,145.17545
2025-11-25 03:00:00+00:00,4.669604,117.552734
2025-11-25 04:00:00+00:00,6.489992,86.82024
2025-11-25 05:00:00+00:00,8.383054,75.068535
2025-11-25 06:00:00+00:00,9.82279,76.21838
2025-11-25 07:00:00+00:00,10.449306,79.07724
2025-11-25 08:00:00+00:00,11.157096,79.77789
2025-11-25 09:00:00+00:00,11.307095,76.18495
2025-11-25 10:00:00+00:00,7.056826,52.253136
2025-11-25 11:00:00+00:00,8.373386,25.463305
2025-11-25 12:00:00+00:00,7.406295,25.942251
2025-11-25 13:00:00+00:00,6.502461,41.63345
2025-11-25 14:00:00+00:00,7.0038276,64.09355
2025-11-25 15:00:00+00:00,4.755544,119.4758
2025-11-25 16:00:00+00:00,3.8521678,142.59457
2025-11-25 17:00:00+00:00,3.4388947,132.87889
2025-11-25 18:00:00+00:00,3.9844694,108.43504
2025-11-25 19:00:00+00:00,4.942631,100.491425
2025-11-25 20:00:00+00:00,5.2694216,97.853226
2025-11-25 21:00:00+00:00,5.4744864,99.46225
2025-11-25 22:00:00+00:00,4.510787,118.61037
2025-11-25 23:00:00+00:00,4.3498964,65.55606
2025-11-26 00:00:00+00:00,5.4744864,80.53775
2025-11-26 01:00:00+00:00,5.072041,117.47435
2025-11-26 02:00:00+00:00,4.6834598,92.20255
2025-11-26 03:00:00+00:00,6.1858225,81.6342
2025-11-26 04:00:00+00:00,8.260411,78.6901
2025-11-26 05:00:00+00:00,10.6261,79.261154
2025-11-26 06:00:00+00:00,11.989945,82.234924
2025-11-26 07:00:00+00:00,12.483749,84.2073
2025-11-26 08:00:00+00:00,12.346741,82.46065
2025-11-26 09:00:00+00:00,11.402683,78.15795
2025-11-26 10:00:00+00:00,6.1437774,58.1726
2025-11-26 11:00:00+00:00,6.59154,34.9921
2025-11-26 12:00:00+00:00,7.0934615,35.706783
2025-11-26 13:00:00+00:00,8.78872,34.9921
2025-11-26 14:00:00+00:00,7.289445,57.094753
2025-11-26 15:00:00+00:00,5.3699164,103.57046
2025-11-26 16:00:00+00:00,6.502461,131.63345
2025-11-26 17:00:00+00:00,7.386582,136.97493
2025-11-26 18:00:00+00:00,7.029225,129.80553
2025-11-26 19:00:00+00:00,7.193247,121.701385
2025-11-26 20:00:00+00:00,7.771331,103.39252
2025-11-26 21:00:00+00:00,6.6624317,91.54813
2025-11-26 22:00:00+00:00,5.4477882,82.40546
2025-11-26 23:00:00+00:00,6.1437774,58.1726
2025-11-27 00:00:00+00:00,8.035746,74.407135
2025-11-27 01:00:00+00:00,9.6480665,81.416466
2025-11-27 02:00:00+00:00,9.9587345,83.77426
2025-11-27 03:00:00+00:00,10.478722,85.07298
2025-11-27 04:00:00+00:00,12.108261,84.882774
2025-11-27 05:00:00+00:00,13.737904,84.73769
2025-11-27 06:00:00+00:00,14.650939,84.35954
2025-11-27 07:00:00+00:00,15.070633,82.45067
2025-11-27 08:00:00+00:00,15.111424,77.619255
2025-11-27 09:00:00+00:00,14.230248,71.564964
2025-11-27 10:00:00+00:00,9.734988,56.3099
2025-11-27 11:00:00+00:00,9.5535755,47.290634
2025-11-27 12:00:00+00:00,9.059205,49.02836
2025-11-27 13:00:00+00:00,7.256032,60.255207
2025-11-27 14:00:00+00:00,7.3799996,77.319626
2025-11-27 15:00:00+00:00,7.79215,96.63242
2025-11-27 16:00:00+00:00,6.151683,110.55613
2025-11-27 17:00:00+00:00,4.913044,118.442825
2025-11-27 18:00:00+00:00,4.2175345,129.80553
2025-11-27 19:00:00+00:00,3.745557,144.78232
2025-11-27 20:00:00+00:00,3.3043609,150.64235
2025-11-27 21:00:00+00:00,3.06,151.92761
2025-11-27 22:00:00+00:00,4.514377,156.50142
2025-11-27 23:00:00+00:00,2.5582807,140.71062
2025-11-28 00:00:00+00:00,4.4274144,116.56499
2025-11-28 01:00:00+00:00,6.198903,115.820946
2025-11-28 02:00:00+00:00,5.7515564,110.13639
2025-11-28 03:00:00+00:00,4.8633323,92.12105
2025-11-28 04:00:00+00:00,5.8104043,73.81073
2025-11-28 05:00:00+00:00,6.452441,67.01126
2025-11-28 06:00:00+00:00,6.763786,64.79892
2025-11-28 07:00:00+00:00,6.439876,63.435013
2025-11-28 08:00:00+00:00,5.9617786,61.113514
2025-11-28 09:00:00+00:00,5.5450516,54.246033
2025-11-28 10:00:00+00:00,2.5455842,44.999897
2025-11-28 11:00:00+00:00,5.5799994,360.0
2025-11-28 12:00:00+00:00,4.5572357,350.9098
2025-11-28 13:00:00+00:00,1.3708391,203.19862
2025-11-28 14:00:00+00:00,5.6262593,187.35228
2025-11-28 15:00:00+00:00,7.040739,184.39862
2025-11-28 16:00:00+00:00,7.02,180.0
2025-11-28 17:00:00+00:00,6.8423676,178.4926
2025-11-28 18:00:00+00:00,6.2999997,180.0
2025-11-28 19:00:00+00:00,5.5799994,180.0
2025-11-28 20:00:00+00:00,5.4029994,178.0909
2025-11-28 21:00:00+00:00,5.5916004,176.30869
2025-11-28 22:00:00+00:00,4.8466477,164.93146
2025-11-28 23:00:00+00:00,2.7416782,156.80138
2025-11-29 00:00:00+00:00,1.7076298,161.56496
2025-11-29 01:00:00+00:00,4.6277857,166.50426
2025-11-29 02:00:00+00:00,3.9312592,164.05453
2025-11-29 03:00:00+00:00,2.1897945,170.53775
2025-11-29 04:00:00+00:00,1.8532133,150.9455
2025-11-29 05:00:00+00:00,1.2727921,171.86998
2025-11-29 06:00:00+00:00,1.4512063,209.7448
2025-11-29 07:00:00+00:00,1.9134263,228.81418
2025-11-29 08:00:00+00:00,1.7727944,246.0375
2025-11-29 09:00:00+00:00,2.0124612,280.30478
2025-11-29 10:00:00+00:00,2.5772078,257.90524
2025-11-29 11:00:00+00:00,3.745557,305.21768
2025-11-29 12:00:00+00:00,4.4565907,313.36346
2025-11-29 13:00:00+00:00,2.9024127,240.2552
2025-11-29 14:00:00+00:00,3.06,208.07239
2025-11-29 15:00:00+00:00,3.7799997,180.0
2025-11-29 16:00:00+00:00,4.503598,182.29056
2025-11-29 17:00:00+00:00,5.297018,189.78233
2025-11-29 18:00:00+00:00,5.6920996,198.43504
2025-11-29 19:00:00+00:00,5.7515564,200.13638
2025-11-29 20:00:00+00:00,5.815978,201.80147
2025-11-29 21:00:00+00:00,5.154415,204.77512
2025-11-29 22:00:00+00:00,4.0249224,169.6952
2025-11-29 23:00:00+00:00,1.2074767,63.435013
2025-11-30 00:00:00+00:00,2.3469129,57.528828
2025-11-30 01:00:00+00:00,3.096837,125.537766
2025-11-30 02:00:00+00:00,3.2048087,128.15727
2025-11-30 03:00:00+00:00,2.0124612,116.56499
2025-11-30 04:00:00+00:00,2.5959969,123.690094
2025-11-30 05:00:00+00:00,1.3104197,164.05453
2025-11-30 06:00:00+00:00,1.2727921,224.9999
2025-11-30 07:00:00+00:00,1.8089776,264.2895
2025-11-30 08:00:00+00:00,2.3469129,302.47116
2025-11-30 09:00:00+00:00,3.2048087,308.15726
2025-11-30 10:00:00+00:00,3.3092597,292.3802
2025-11-30 11:00:00+00:00,3.219938,296.56497
2025-11-30 12:00:00+00:00,0.40249225,26.564985
2025-11-30 13:00:00+00:00,1.3708391,203.19862
2025-11-30 14:00:00+00:00,2.9301877,190.6196
2025-11-30 15:00:00+00:00,4.060985,192.80426
2025-11-30 16:00:00+00:00,4.0249224,190.3048
2025-11-30 17:00:00+00:00,4.5891175,191.30989
2025-11-30 18:00:00+00:00,4.2366967,192.26476
2025-11-30 19:00:00+00:00,4.060985,192.80426
2025-11-30 20:00:00+00:00,3.2846913,189.46225
2025-11-30 21:00:00+00:00,3.84796,190.78426
2025-11-30 22:00:00+00:00,4.293669,146.97614
2025-11-30 23:00:00+00:00,2.907989,111.801476
2025-12-01 00:00:00+00:00,3.0811036,83.29026
2025-12-01 01:00:00+00:00,3.4152596,108.43504
2025-12-01 02:00:00+00:00,3.3043609,119.357666
2025-12-01 03:00:00+00:00,1.7727944,113.962494
2025-12-01 04:00:00+00:00,3.396233,57.99466
2025-12-01 05:00:00+00:00,4.3832865,70.8209
2025-12-01 06:00:00+00:00,2.4149535,63.435013
2025-12-01 07:00:00+00:00,1.4512063,7.12493
2025-12-01 08:00:00+00:00,2.0364676,315.0001
2025-12-01 09:00:00+00:00,3.572898,310.91428
2025-12-01 10:00:00+00:00,3.550155,329.53452
2025-12-01 11:00:00+00:00,5.04,360.0
2025-12-01 12:00:00+00:00,3.01735,342.64587
2025-12-01 13:00:00+00:00,1.2074767,243.43501
2025-12-01 14:00:00+00:00,0.40249225,153.43501
2025-12-01 15:00:00+00:00,1.2074767,116.56499
2025-12-01 16:00:00+00:00,0.54,360.0
2025-12-01 17:00:00+00:00,0.9,306.86996
2025-12-01 18:00:00+00:00,0.71999997,270.0
2025-12-01 19:00:00+00:00,2.3469129,212.47118
2025-12-01 20:00:00+00:00,4.186693,205.4633
2025-12-01 21:00:00+00:00,4.7521367,204.62355
2025-12-01 22:00:00+00:00,4.8466477,195.06854
2025-12-01 23:00:00+00:00,2.7475805,211.60745
2025-12-02 00:00:00+00:00,2.9522195,307.56866
2025-12-02 01:00:00+00:00,3.244996,303.6901
2025-12-02 02:00:00+00:00,1.9881649,264.80566
2025-12-02 03:00:00+00:00,2.6208394,285.94547
2025-12-02 04:00:00+00:00,2.3469129,302.47116
2025-12-02 05:00:00+00:00,1.8,270.0
2025-12-02 06:00:00+00:00,2.50064,239.74365
2025-12-02 07:00:00+00:00,3.148714,239.03632
2025-12-02 08:00:00+00:00,3.462369,261.02747
2025-12-02 09:00:00+00:00,4.198285,300.96368
2025-12-02 10:00:00+00:00,4.278551,337.75092
2025-12-02 11:00:00+00:00,5.4149795,15.42223
2025-12-02 12:00:00+00:00,6.2405767,33.231728
2025-12-02 13:00:00+00:00,6.59154,34.9921
2025-12-02 14:00:00+00:00,6.050785,22.751022
2025-12-02 15:00:00+00:00,4.2021422,9.865748
2025-12-02 16:00:00+00:00,0.9178235,281.3099
2025-12-02 17:00:00+00:00,2.4216523,228.01286
2025-12-02 18:00:00+00:00,2.6758924,227.72638
2025-12-02 19:00:00+00:00,2.50064,210.25635
2025-12-02 20:00:00+00:00,2.5071096,201.03758
2025-12-02 21:00:00+00:00,2.52,180.0
2025-12-02 22:00:00+00:00,3.01735,162.64589
2025-12-02 23:00:00+00:00,1.0495713,300.96368
2025-12-03 00:00:00+00:00,1.609969,296.56497
2025-12-03 01:00:00+00:00,0.71999997,180.0
2025-12-03 02:00:00+00:00,0.9693296,158.19853
2025-12-03 03:00:00+00:00,2.19718,55.0079
2025-12-03 04:00:00+00:00,4.514377,66.50142
2025-12-03 05:00:00+00:00,6.6794305,75.96373
2025-12-03 06:00:00+00:00,7.6642804,80.53775
2025-12-03 07:00:00+00:00,6.542201,82.09293
2025-12-03 08:00:00+00:00,4.942631,79.50858
2025-12-03 09:00:00+00:00,4.965521,46.468742
2025-12-03 10:00:00+00:00,4.5891175,25.559923
2025-12-03 11:00:00+00:00,6.1858225,8.365798
2025-12-03 12:00:00+00:00,7.7420926,1.3321922
2025-12-03 13:00:00+00:00,4.5322843,6.842679
2025-12-03 14:00:00+00:00,2.0124612,100.30479
2025-12-03 15:00:00+00:00,0.9693296,158.19853
2025-12-03 16:00:00+00:00,3.0652895,176.6336
2025-12-03 17:00:00+00:00,4.412754,168.23174
2025-12-03 18:00:00+00:00,4.613762,159.44388
2025-12-03 19:00:00+00:00,4.2671766,152.35411
2025-12-03 20:00:00+00:00,3.550155,149.53453
2025-12-03 21:00:00+00:00,2.995797,147.26479
2025-12-03 22:00:00+00:00,5.441838,145.78424
2025-12-03 23:00:00+00:00,3.7585104,106.699326
2025-12-04 00:00:00+00:00,5.0432134,55.175446
2025-12-04 01:00:00+00:00,5.232399,86.05489
2025-12-04 02:00:00+00:00,4.32,90.0
2025-12-04 03:00:00+00:00,5.154415,65.22488
2025-12-04 04:00:00+00:00,7.0911775,66.037506
2025-12-04 05:00:00+00:00,8.089993,69.14546
2025-12-04 06:00:00+00:00,8.654986,73.07241
2025-12-04 07:00:00+00:00,8.2584505,73.53991
2025-12-04 08:00:00+00:00,7.7420926,72.40749
2025-12-04 09:00:00+00:00,7.0038276,64.09355
2025-12-04 10:00:00+00:00,4.1046314,52.124958
2025-12-04 11:00:00+00:00,8.320986,38.853382
2025-12-04 12:00:00+00:00,9.059205,49.02836
2025-12-04 13:00:00+00:00,7.072878,75.25639
2025-12-04 14:00:00+00:00,5.920878,109.53674
2025-12-04 15:00:00+00:00,6.1437774,121.82741
2025-12-04 16:00:00+00:00,5.441838,124.21575
2025-12-04 17:00:00+00:00,4.6452556,125.537766
2025-12-04 18:00:00+00:00,3.494968,124.50858
2025-12-04 19:00:00+00:00,3.2048087,128.15727
2025-12-04 20:00:00+00:00,2.8460495,124.69522
2025-12-04 21:00:00+00:00,2.9522195,127.568665
2025-12-04 22:00:00+00:00,5.509882,141.63248
2025-12-04 23:00:00+00:00,4.6102495,128.65984
2025-12-05 00:00:00+00:00,4.514377,85.42616
2025-12-05 01:00:00+00:00,5.426933,95.7105
2025-12-05 02:00:00+00:00,4.8899083,96.340096
2025-12-05 03:00:00+00:00,4.5891175,78.6901
2025-12-05 04:00:00+00:00,6.1569467,74.74483
2025-12-05 05:00:00+00:00,7.172949,72.47434
2025-12-05 06:00:00+00:00,7.7420926,72.40749
2025-12-05 07:00:00+00:00,7.458606,70.253075
2025-12-05 08:00:00+00:00,7.0038276,64.09355
2025-12-05 09:00:00+00:00,6.1437774,58.1726
2025-12-05 10:00:00+00:00,4.39436,34.9921
2025-12-05 11:00:00+00:00,7.7043357,37.405437
2025-12-05 12:00:00+00:00,6.4924874,46.12322
2025-12-05 13:00:00+00:00,5.020677,104.5345
2025-12-05 14:00:00+00:00,7.0934615,144.29323
2025-12-05 15:00:00+00:00,8.149847,149.47037
2025-12-05 16:00:00+00:00,6.552099,142.81522
2025-12-05 17:00:00+00:00,4.6938257,122.471176
2025-12-05 18:00:00+00:00,4.8899083,96.340096
2025-12-05 19:00:00+00:00,5.5829024,91.84757
2025-12-05 20:00:00+00:00,5.4744864,99.46225
2025-12-05 21:00:00+00:00,4.669604,117.552734
2025-12-05 22:00:00+00:00,4.4565907,133.36346
2025-12-05 23:00:00+00:00,1.7076298,161.56496
2025-12-06 00:00:00+00:00,1.609969,153.43501
2025-12-06 01:00:00+00:00,3.244996,146.3099
2025-12-06 02:00:00+00:00,3.1845248,137.29063
2025-12-06 03:00:00+00:00,2.5455842,98.13002
2025-12-06 04:00:00+00:00,5.12289,71.564964
2025-12-06 05:00:00+00:00,7.587806,67.69375
2025-12-06 06:00:00+00:00,8.626865,66.64442
2025-12-06 07:00:00+00:00,8.490582,68.87521
2025-12-06 08:00:00+00:00,8.2584505,69.59004
2025-12-06 09:00:00+00:00,7.4867883,62.818974
2025-12-06 10:00:00+00:00,4.613762,20.556128
2025-12-06 11:00:00+00:00,8.996398,19.885265
2025-12-06 12:00:00+00:00,7.001514,46.041542
2025-12-06 13:00:00+00:00,3.964089,87.3975
2025-12-06 14:00:00+00:00,2.8116899,129.80553
2025-12-06 15:00:00+00:00,2.6758924,137.72638
2025-12-06 16:00:00+00:00,1.2727921,135.0001
2025-12-06 17:00:00+00:00,0.9,126.86999
2025-12-06 18:00:00+00:00,1.609969,153.43501
2025-12-06 19:00:00+00:00,2.7534704,168.69011
2025-12-06 20:00:00+00:00,2.7943513,165.06853
2025-12-06 21:00:00+00:00,2.97953,154.98314
2025-12-06 22:00:00+00:00,1.9881649,185.19434
2025-12-06 23:00:00+00:00,0.9693296,248.19853
2025-12-07 00:00:00+00:00,0.5091169,224.9999
2025-12-07 01:00:00+00:00,1.659518,139.39879
2025-12-07 02:00:00+00:00,3.3481934,143.74608
2025-12-07 03:00:00+00:00,3.2846913,99.46225
2025-12-07 04:00:00+00:00,5.983477,74.2913
2025-12-07 05:00:00+00:00,7.0015144,72.03077
2025-12-07 06:00:00+00:00,6.9480934,73.442856
2025-12-07 07:00:00+00:00,6.8989563,74.875946
2025-12-07 08:00:00+00:00,7.0591216,70.640915
2025-12-07 09:00:00+00:00,6.544677,58.495792
2025-12-07 10:00:00+00:00,4.752136,37.30404
2025-12-07 11:00:00+00:00,8.297589,40.601215
2025-12-07 12:00:00+00:00,9.335737,33.996506
2025-12-07 13:00:00+00:00,6.6624317,51.581917
2025-12-07 14:00:00+00:00,4.6277857,103.49575
2025-12-07 15:00:00+00:00,4.7110505,136.54811
2025-12-07 16:00:00+00:00,5.6233797,140.19447
2025-12-07 17:00:00+00:00,5.8603754,132.5104
2025-12-07 18:00:00+00:00,6.198903,115.820946
2025-12-07 19:00:00+00:00,7.072878,104.743614
2025-12-07 20:00:00+00:00,6.87779,96.00892
2025-12-07 21:00:00+00:00,6.8989563,105.12406
2025-12-07 22:00:00+00:00,6.792466,122.00535
2025-12-07 23:00:00+00:00,6.0077944,98.61557
2025-12-08 00:00:00+00:00,7.7420926,54.46224
2025-12-08 01:00:00+00:00,5.2416787,74.054535
2025-12-08 02:00:00+00:00,7.2202215,85.71093
2025-12-08 03:00:00+00:00,7.9077177,78.178535
2025-12-08 04:00:00+00:00,9.224011,72.97939
2025-12-08 05:00:00+00:00,10.495713,67.83361
2025-12-08 06:00:00+00:00,11.063778,68.025444
2025-12-08 07:00:00+00:00,10.495713,67.83361
2025-12-08 08:00:00+00:00,9.266067,65.92451
2025-12-08 09:00:00+00:00,8.534353,62.354122
2025-12-08 10:00:00+00:00,5.441838,55.78425
2025-12-08 11:00:00+00:00,8.43699,56.309914
2025-12-08 12:00:00+00:00,8.461915,51.911175
2025-12-08 13:00:00+00:00,9.290511,54.46224
2025-12-08 14:00:00+00:00,7.7420926,72.40749
2025-12-08 15:00:00+00:00,6.482499,91.59111
2025-12-08 16:00:00+00:00,5.9644947,95.19434
2025-12-08 17:00:00+00:00,5.6060677,95.52745
2025-12-08 18:00:00+00:00,5.0911684,98.13002
2025-12-08 19:00:00+00:00,3.8647635,117.75845
2025-12-08 20:00:00+00:00,3.6,143.13002
2025-12-08 21:00:00+00:00,3.7064266,150.9455
2025-12-08 22:00:00+00:00,4.143911,145.6196
2025-12-08 23:00:00+00:00,3.3092594,135.0001
2025-12-09 00:00:00+00:00,4.503598,92.29056
2025-12-09 01:00:00+00:00,5.8852015,66.5713
2025-12-09 02:00:00+00:00,5.3939967,64.2901
2025-12-09 03:00:00+00:00,5.5596404,60.94549
2025-12-09 04:00:00+00:00,7.5213294,68.96242
2025-12-09 05:00:00+00:00,8.2584505,69.59004
2025-12-09 06:00:00+00:00,8.36758,71.1752
2025-12-09 07:00:00+00:00,7.689603,73.68607
2025-12-09 08:00:00+00:00,7.0015144,72.03077
2025-12-09 09:00:00+00:00,6.21717,67.8905
2025-12-09 10:00:00+00:00,5.1165614,39.289394
2025-12-09 11:00:00+00:00,8.891343,31.75944
2025-12-09 12:00:00+00:00,9.144637,36.1933
2025-12-09 13:00:00+00:00,6.015878,38.92756
2025-12-09 14:00:00+00:00,3.604497,92.86235
2025-12-09 15:00:00+00:00,3.5455887,113.962494
2025-12-09 16:00:00+00:00,4.412754,101.768265
2025-12-09 17:00:00+00:00,4.5572357,99.090195
2025-12-09 18:00:00+00:00,4.278551,112.24908
2025-12-09 19:00:00+00:00,3.9477081,136.8476
2025-12-09 20:00:00+00:00,3.219938,153.43501
2025-12-09 21:00:00+00:00,2.4149535,153.43501
2025-12-09 22:00:00+00:00,3.4763772,158.74942
2025-12-09 23:00:00+00:00,2.0124612,116.56499
2025-12-10 00:00:00+00:00,3.6179552,95.7105
2025-12-10 01:00:00+00:00,2.9522195,142.43134
2025-12-10 02:00:00+00:00,3.0652893,139.76372
2025-12-10 03:00:00+00:00,1.9134263,41.185837
2025-12-10 04:00:00+00:00,4.5891175,25.559923
2025-12-10 05:00:00+00:00,5.7176566,28.178495
2025-12-10 06:00:00+00:00,5.1481256,36.469334
2025-12-10 07:00:00+00:00,4.8433046,48.01287
2025-12-10 08:00:00+00:00,4.5,53.13002
2025-12-10 09:00:00+00:00,4.2481523,53.61555
2025-12-10 10:00:00+00:00,3.06,28.072395
2025-12-10 11:00:00+00:00,6.444905,35.909817
2025-12-10 12:00:00+00:00,5.6492476,67.52052
2025-12-10 13:00:00+00:00,4.991553,115.64096
2025-12-10 14:00:00+00:00,6.299999,143.13002
2025-12-10 15:00:00+00:00,7.5942082,148.57048
2025-12-10 16:00:00+00:00,6.502461,138.36655
2025-12-10 17:00:00+00:00,5.5916004,123.17853
2025-12-10 18:00:00+00:00,5.195113,104.03627
2025-12-10 19:00:00+00:00,5.5450516,103.13403
2025-12-10 20:00:00+00:00,5.6521144,99.16227
2025-12-10 21:00:00+00:00,6.0721655,101.97612
2025-12-10 22:00:00+00:00,5.8298883,98.88058
2025-12-10 23:00:00+00:00,5.2478566,112.1664
2025-12-11 00:00:00+00:00,5.983477,105.7087
2025-12-11 01:00:00+00:00,4.5891175,101.3099
2025-12-11 02:00:00+00:00,4.896529,107.10281
2025-12-11 03:00:00+00:00,4.5,90.0
2025-12-11 04:00:00+00:00,6.4624763,77.125
2025-12-11 05:00:00+00:00,8.709098,71.93944
2025-12-11 06:00:00+00:00,10.134496,70.27763
2025-12-11 07:00:00+00:00,10.534229,70.01681
2025-12-11 08:00:00+00:00,10.399576,66.54096
2025-12-11 09:00:00+00:00,9.82114,63.904633
2025-12-11 10:00:00+00:00,6.873078,44.999897
2025-12-11 11:00:00+00:00,8.209263,52.124958
2025-12-11 12:00:00+00:00,9.165871,70.49747
2025-12-11 13:00:00+00:00,9.36,90.0
2025-12-11 14:00:00+00:00,9.499157,99.81924
2025-12-11 15:00:00+00:00,9.144637,100.20392
2025-12-11 16:00:00+00:00,8.707238,97.12492
2025-12-11 17:00:00+00:00,7.922045,91.301926
2025-12-11 18:00:00+00:00,7.7588143,86.00917
2025-12-11 19:00:00+00:00,7.7588143,86.00917
2025-12-11 20:00:00+00:00,8.171683,82.40546
2025-12-11 21:00:00+00:00,7.7588143,86.00917
2025-12-11 22:00:00+00:00,7.029225,92.935616
2025-12-11 23:00:00+00:00,6.302571,91.63654
2025-12-12 00:00:00+00:00,5.9427266,88.264336
2025-12-12 01:00:00+00:00,6.6697226,93.093994
2025-12-12 02:00:00+00:00,6.601363,101.003494
2025-12-12 03:00:00+00:00,6.1437774,84.95764
2025-12-12 04:00:00+00:00,8.723967,68.19854
2025-12-12 05:00:00+00:00,10.966713,66.801384
2025-12-12 06:00:00+00:00,11.734564,69.34101
2025-12-12 07:00:00+00:00,11.503113,69.86362
2025-12-12 08:00:00+00:00,10.934166,69.775055
2025-12-12 09:00:00+00:00,10.32924,67.4569
2025-12-12 10:00:00+00:00,7.256032,43.995014
2025-12-12 11:00:00+00:00,8.297589,49.398785
2025-12-12 12:00:00+00:00,7.729527,62.24156
2025-12-12 13:00:00+00:00,8.557102,67.75093
2025-12-12 14:00:00+00:00,9.3962755,73.300674
2025-12-12 15:00:00+00:00,9.187056,87.75431
2025-12-12 16:00:00+00:00,9.044888,95.7105
2025-12-12 17:00:00+00:00,8.647496,92.385895
2025-12-12 18:00:00+00:00,7.6642804,80.53775
2025-12-12 19:00:00+00:00,7.8728137,79.46087
2025-12-12 20:00:00+00:00,8.099999,90.0
2025-12-12 21:00:00+00:00,8.209263,105.25517
2025-12-12 22:00:00+00:00,6.9550843,100.43742
2025-12-12 23:00:00+00:00,7.247096,104.38144
2025-12-13 00:00:00+00:00,7.7734165,84.68555
2025-12-13 01:00:00+00:00,6.0721655,78.02389
2025-12-13 02:00:00+00:00,8.163749,75.96373
2025-12-13 03:00:00+00:00,8.731391,75.677246
2025-12-13 04:00:00+00:00,10.656547,74.32042
2025-12-13 05:00:00+00:00,11.27553,73.300674
2025-12-13 06:00:00+00:00,11.328566,72.42865
2025-12-13 07:00:00+00:00,11.103243,70.09616
2025-12-13 08:00:00+00:00,10.564942,66.929565
2025-12-13 09:00:00+00:00,9.913082,60.64234
2025-12-13 10:00:00+00:00,6.8777895,47.12111
2025-12-13 11:00:00+00:00,7.7043357,52.594578
2025-12-13 12:00:00+00:00,8.211235,63.996716
2025-12-13 13:00:00+00:00,9.227524,69.44388
2025-12-13 14:00:00+00:00,9.47012,81.25392
2025-12-13 15:00:00+00:00,8.528657,97.27491
2025-12-13 16:00:00+00:00,8.12197,102.80426
2025-12-13 17:00:00+00:00,7.42159,104.03627
2025-12-13 18:00:00+00:00,7.519175,101.0409
2025-12-13 19:00:00+00:00,8.083983,101.560104
2025-12-13 20:00:00+00:00,8.32877,96.203354
2025-12-13 21:00:00+00:00,8.477216,93.65215
2025-12-13 22:00:00+00:00,6.037383,79.69521
2025-12-13 23:00:00+00:00,6.489992,86.82024
2025-12-14 00:00:00+00:00,7.102591,98.74608
2025-12-14 01:00:00+00:00,7.02,90.0
2025-12-14 02:00:00+00:00,8.865799,84.17376
2025-12-14 03:00:00+00:00,9.215226,77.5926
2025-12-14 04:00:00+00:00,11.230904,68.36906
2025-12-14 05:00:00+00:00,12.397806,64.17907
2025-12-14 06:00:00+00:00,12.739371,66.69509
2025-12-14 07:00:00+00:00,11.935778,66.91485
2025-12-14 08:00:00+00:00,10.950452,64.698654
2025-12-14 09:00:00+00:00,9.913082,60.64234
2025-12-14 10:00:00+00:00,6.1305785,40.236294
2025-12-14 11:00:00+00:00,7.889258,34.777905
2025-12-14 12:00:00+00:00,9.449572,49.635548
2025-12-14 13:00:00+00:00,9.582359,84.61079
2025-12-14 14:00:00+00:00,9.05205,107.35411
2025-12-14 15:00:00+00:00,9.266067,114.07549
2025-12-14 16:00:00+00:00,8.709098,108.06056
2025-12-14 17:00:00+00:00,6.8541956,103.671326
2025-12-14 18:00:00+00:00,5.7628117,91.78987
2025-12-14 19:00:00+00:00,5.0528407,85.91447
2025-12-14 20:00:00+00:00,5.0911684,98.13002
2025-12-14 21:00:00+00:00,5.8852015,113.42871
2025-12-14 22:00:00+00:00,7.841888,80.75397
2025-12-14 23:00:00+00:00,7.613382,96.78888
2025-12-15 00:00:00+00:00,7.3447943,107.10281
2025-12-15 01:00:00+00:00,5.6835546,100.95402
2025-12-15 02:00:00+00:00,7.519175,101.0409
2025-12-15 03:00:00+00:00,6.302571,88.363464
2025-12-15 04:00:00+00:00,8.027677,70.346085
2025-12-15 05:00:00+00:00,9.743304,64.855255
2025-12-15 06:00:00+00:00,10.711135,65.157646
2025-12-15 07:00:00+00:00,10.787993,64.2901
2025-12-15 08:00:00+00:00,10.315115,60.75127
2025-12-15 09:00:00+00:00,9.835975,55.43741
2025-12-15 10:00:00+00:00,6.6624317,38.418083
2025-12-15 11:00:00+00:00,8.55142,40.732014
2025-12-15 12:00:00+00:00,8.891343,58.240574
2025-12-15 13:00:00+00:00,7.1321807,79.824554
2025-12-15 14:00:00+00:00,6.391901,99.72751
2025-12-15 15:00:00+00:00,6.391901,122.34742
2025-12-15 16:00:00+00:00,5.5450516,125.753975
2025-12-15 17:00:00+00:00,5.3939967,115.70991
2025-12-15 18:00:00+00:00,5.1197267,100.12462
2025-12-15 19:00:00+00:00,5.426933,84.2895
2025-12-15 20:00:00+00:00,5.3699164,76.42955
2025-12-15 21:00:00+00:00,5.4477882,97.59455
2025-12-15 22:00:00+00:00,5.4833565,113.19862
2025-12-15 23:00:00+00:00,5.994297,131.34769
2025-12-16 00:00:00+00:00,4.7110505,136.54811
2025-12-16 01:00:00+00:00,3.9640884,140.52757
2025-12-16 02:00:00+00:00,4.293669,123.02387
2025-12-16 03:00:00+00:00,2.657668,61.69934
2025-12-16 04:00:00+00:00,4.6938257,57.528828
2025-12-16 05:00:00+00:00,5.7431,57.804302
2025-12-16 06:00:00+00:00,6.2067385,60.461315
2025-12-16 07:00:00+00:00,6.439876,63.435013
2025-12-16 08:00:00+00:00,6.439876,63.435013
2025-12-16 09:00:00+00:00,5.991594,57.264786
2025-12-16 10:00:00+00:00,6.384293,40.425995
2025-12-16 11:00:00+00:00,6.696387,36.253937
2025-12-16 12:00:00+00:00,8.019601,45.909298
2025-12-16 13:00:00+00:00,6.8138976,77.79955
2025-12-16 14:00:00+00:00,5.318383,113.962494
2025-12-16 15:00:00+00:00,4.143911,124.3804
2025-12-16 16:00:00+00:00,3.6,126.86999
2025-12-16 17:00:00+00:00,3.1845248,132.70937
2025-12-16 18:00:00+00:00,3.0652893,139.76372
2025-12-16 19:00:00+00:00,3.6447225,122.90524
2025-12-16 20:00:00+00:00,4.4274144,116.56499
2025-12-16 21:00:00+00:00,5.318383,113.962494
2025-12-16 22:00:00+00:00,7.3821945,88.60285
2025-12-16 23:00:00+00:00,7.3799996,102.680374
2025-12-17 00:00:00+00:00,7.2044983,102.99462
2025-12-17 01:00:00+00:00,6.2483597,101.63361
2025-12-17 02:00:00+00:00,5.9427266,88.264336
2025-12-17 03:00:00+00:00,6.28713,66.37061
2025-12-17 04:00:00+00:00,8.37532,61.782738
2025-12-17 05:00:00+00:00,10.223619,63.886147
2025-12-17 06:00:00+00:00,11.113451,65.09527
2025-12-17 07:00:00+00:00,11.276967,65.48038
2025-12-17 08:00:00+00:00,11.276967,65.48038
2025-12-17 09:00:00+00:00,10.742848,58.70702
2025-12-17 10:00:00+00:00,8.9873905,32.73523
2025-12-17 11:00:00+00:00,7.10031,30.465475
2025-12-17 12:00:00+00:00,9.54,58.10924
2025-12-17 13:00:00+00:00,7.8728137,100.53913
2025-12-17 14:00:00+00:00,5.7964473,115.76928
2025-12-17 15:00:00+00:00,3.4623692,117.89718
2025-12-17 16:00:00+00:00,4.6277857,103.49575
2025-12-17 17:00:00+00:00,6.28713,113.62939
2025-12-17 18:00:00+00:00,7.5685663,115.34614
2025-12-17 19:00:00+00:00,7.9220443,111.317986
2025-12-17 20:00:00+00:00,8.82,90.0
2025-12-17 21:00:00+00:00,7.2202215,94.28908
2025-12-17 22:00:00+00:00,6.603817,107.44727
2025-12-17 23:00:00+00:00,8.149847,96.340096
2025-12-18 00:00:00+00:00,6.5223618,62.02062
2025-12-18 01:00:00+00:00,4.6834598,92.20255
2025-12-18 02:00:00+00:00,6.898956,97.495766
2025-12-18 03:00:00+00:00,6.3231,85.101
2025-12-18 04:00:00+00:00,7.9077177,78.178535
2025-12-18 05:00:00+00:00,9.354806,78.90632
2025-12-18 06:00:00+00:00,9.9571085,77.4712
2025-12-18 07:00:00+00:00,9.621163,72.58194
2025-12-18 08:00:00+00:00,8.699793,65.55606
2025-12-18 09:00:00+00:00,7.6388745,55.560955
2025-12-18 10:00:00+00:00,4.6102495,38.65983
2025-12-18 11:00:00+00:00,6.5223618,27.979382
2025-12-18 12:00:00+00:00,6.889557,33.27491
2025-12-18 13:00:00+00:00,5.950899,93.46816
2025-12-18 14:00:00+00:00,7.44121,122.15227
2025-12-18 15:00:00+00:00,7.9036193,120.0685
2025-12-18 16:00:00+00:00,7.5170207,106.699326
2025-12-18 17:00:00+00:00,7.2,90.0
2025-12-18 18:00:00+00:00,7.208994,87.13766
2025-12-18 19:00:00+00:00,7.2359104,95.7105
2025-12-18 20:00:00+00:00,7.628263,109.290146
2025-12-18 21:00:00+00:00,7.353611,111.541046
2025-12-18 22:00:00+00:00,7.2044983,77.00539
2025-12-18 23:00:00+00:00,7.2,90.0
2025-12-19 00:00:00+00:00,6.6624317,91.54813
2025-12-19 01:00:00+00:00,6.2483597,101.63361
2025-12-19 02:00:00+00:00,3.964089,87.3975
2025-12-19 03:00:00+00:00,3.8268526,48.814175
2025-12-19 04:00:00+00:00,6.090812,55.840256
2025-12-19 05:00:00+00:00,7.10031,59.53454
2025-12-19 06:00:00+00:00,6.391901,57.652576
2025-12-19 07:00:00+00:00,5.004518,52.3057
2025-12-19 08:00:00+00:00,3.572898,40.9143
2025-12-19 09:00:00+00:00,3.3092597,22.380184
2025-12-19 10:00:00+00:00,2.968636,14.036275
2025-12-19 11:00:00+00:00,5.0911684,351.87
2025-12-19 12:00:00+00:00,2.6758924,47.72637
2025-12-19 13:00:00+00:00,3.6,143.13002
2025-12-19 14:00:00+00:00,5.318383,156.0375
2025-12-19 15:00:00+00:00,5.7964473,154.23073
2025-12-19 16:00:00+00:00,4.3536186,150.2552
2025-12-19 17:00:00+00:00,2.5582807,140.71062
2025-12-19 18:00:00+00:00,1.8,126.86999
2025-12-19 19:00:00+00:00,2.1674871,131.63345
2025-12-19 20:00:00+00:00,2.5959969,146.3099
2025-12-19 21:00:00+00:00,2.5582807,140.71062
2025-12-19 22:00:00+00:00,4.8733153,85.76369
2025-12-19 23:00:00+00:00,4.278551,75.37909
2025-12-20 00:00:00+00:00,3.4949677,101.88863
2025-12-20 01:00:00+00:00,3.1845248,132.70937
2025-12-20 02:00:00+00:00,1.9134263,131.18582
2025-12-20 03:00:00+00:00,1.6981165,32.005356
2025-12-20 04:00:00+00:00,2.9522195,37.568665
2025-12-20 05:00:00+00:00,3.4576871,38.65983
2025-12-20 06:00:00+00:00,3.4388947,42.878906
2025-12-20 07:00:00+00:00,2.7475805,31.607454
2025-12-20 08:00:00+00:00,2.8856194,356.42374
2025-12-20 09:00:00+00:00,4.2136917,340.0168
2025-12-20 10:00:00+00:00,5.3699164,346.42953
2025-12-20 11:00:00+00:00,5.2478566,5.9060555
2025-12-20 12:00:00+00:00,1.8792552,253.30067
2025-12-20 13:00:00+00:00,2.7475805,211.60745
2025-12-20 14:00:00+00:00,2.1068459,199.9832
2025-12-20 15:00:00+00:00,2.5455842,188.13002
2025-12-20 16:00:00+00:00,3.3043609,209.35765
2025-12-20 17:00:00+00:00,4.542994,213.6901
2025-12-20 18:00:00+00:00,3.8521678,217.40543
2025-12-20 19:00:00+00:00,2.8460498,198.43504
2025-12-20 20:00:00+00:00,2.52,180.0
2025-12-20 21:00:00+00:00,2.0124612,169.6952
2025-12-20 22:00:00+00:00,1.3104197,164.05453
2025-12-20 23:00:00+00:00,1.6299692,186.3401
2025-12-21 00:00:00+00:00,1.9469976,236.3099
2025-12-21 01:00:00+00:00,1.0182338,224.9999
2025-12-21 02:00:00+00:00,2.16,180.0
2025-12-21 03:00:00+00:00,1.8532133,150.9455
2025-12-21 04:00:00+00:00,1.484318,104.03627
2025-12-21 05:00:00+00:00,3.644722,69.775055
2025-12-21 06:00:00+00:00,5.2323985,63.435013
2025-12-21 07:00:00+00:00,6.269067,50.82635
2025-12-21 08:00:00+00:00,7.001514,46.041542
2025-12-21 09:00:00+00:00,7.056826,37.746864
2025-12-21 10:00:00+00:00,4.896529,17.102825
2025-12-21 11:00:00+00:00,7.7420926,17.592522
2025-12-21 12:00:00+00:00,5.904439,37.568665
2025-12-21 13:00:00+00:00,3.2846913,80.53775
2025-12-21 14:00:00+00:00,1.5484185,125.537766
2025-12-21 15:00:00+00:00,1.6299692,276.3401
2025-12-21 16:00:00+00:00,0.6489992,146.3099
2025-12-21 17:00:00+00:00,0.25455844,135.0001
2025-12-21 18:00:00+00:00,2.5264204,184.08554
2025-12-21 19:00:00+00:00,3.96,180.0
2025-12-21 20:00:00+00:00,4.7110505,186.58185
2025-12-21 21:00:00+00:00,5.506941,191.30989
2025-12-21 22:00:00+00:00,2.34,180.0
2025-12-21 23:00:00+00:00,3.4247334,176.98727
2025-12-22 00:00:00+00:00,5.1197267,190.1246
2025-12-22 01:00:00+00:00,2.8799999,180.0
2025-12-22 02:00:00+00:00,3.2399998,180.0
2025-12-22 03:00:00+00:00,1.835647,191.30989
2025-12-22 04:00:00+00:00,0.25455844,315.0001
2025-12-22 05:00:00+00:00,1.0948973,9.462248
2025-12-22 06:00:00+00:00,0.40249225,333.43503
2025-12-22 07:00:00+00:00,1.0495713,239.0363
2025-12-22 08:00:00+00:00,1.98,270.0
2025-12-22 09:00:00+00:00,3.189608,286.38962
2025-12-22 10:00:00+00:00,4.846648,338.19852
2025-12-22 11:00:00+00:00,4.503598,2.2905633
2025-12-22 12:00:00+00:00,1.0495713,30.963696
2025-12-22 13:00:00+00:00,2.3469126,184.39862
2025-12-22 14:00:00+00:00,3.2846913,170.53775
2025-12-22 15:00:00+00:00,2.7943513,165.06853
2025-12-22 16:00:00+00:00,2.3469126,175.60138
2025-12-22 17:00:00+00:00,2.9024127,187.12492
2025-12-22 18:00:00+00:00,3.189608,196.38962
2025-12-22 19:00:00+00:00,4.2481523,216.38445
2025-12-22 20:00:00+00:00,5.6521144,232.76509
2025-12-22 21:00:00+00:00,4.5891175,228.17992
2025-12-22 22:00:00+00:00,4.5891175,205.55992
2025-12-22 23:00:00+00:00,3.244996,199.44012
2025-12-23 00:00:00+00:00,2.9024127,209.7448
2025-12-23 01:00:00+00:00,2.907989,201.80147
2025-12-23 02:00:00+00:00,2.5959969,213.6901
2025-12-23 03:00:00+00:00,2.0124612,206.56499
2025-12-23 04:00:00+00:00,1.0495713,210.96368
2025-12-23 05:00:00+00:00,0.40249225,296.56497
2025-12-23 06:00:00+00:00,0.742159,284.03625
2025-12-23 07:00:00+00:00,1.7727944,293.9625
2025-12-23 08:00:00+00:00,2.1068459,289.9832
2025-12-23 09:00:00+00:00,2.5582807,309.28937
2025-12-23 10:00:00+00:00,1.1384199,18.435053
2025-12-23 11:00:00+00:00,0.9178235,78.6901
2025-12-23 12:00:00+00:00,3.096837,305.53775
2025-12-23 13:00:00+00:00,3.7971036,275.44025
2025-12-23 14:00:00+00:00,3.4623692,242.10283
2025-12-23 15:00:00+00:00,2.3469129,212.47118
2025-12-23 16:00:00+00:00,2.657668,208.30066
2025-12-23 17:00:00+00:00,3.096837,215.53777
2025-12-23 18:00:00+00:00,2.19718,214.9921
2025-12-23 19:00:00+00:00,1.7727944,203.9625
2025-12-23 20:00:00+00:00,1.484318,194.03627
2025-12-23 21:00:00+00:00,2.16,180.0
2025-12-23 22:00:00+00:00,2.1674871,131.63345
2025-12-23 23:00:00+00:00,1.0495713,329.03632
2025-12-24 00:00:00+00:00,1.9134263,221.18582
2025-12-24 01:00:00+00:00,0.76367533,224.9999
2025-12-24 02:00:00+00:00,2.0124612,243.43501
2025-12-24 03:00:00+00:00,2.34,270.0
2025-12-24 04:00:00+00:00,1.9881649,264.80566
2025-12-24 05:00:00+00:00,1.9386592,291.80148
2025-12-24 06:00:00+00:00,2.1749482,294.44394
2025-12-24 07:00:00+00:00,2.968636,284.03625
2025-12-24 08:00:00+00:00,4.0249224,280.30478
2025-12-24 09:00:00+00:00,4.278551,292.24908
2025-12-24 10:00:00+00:00,5.4744864,332.5925
2025-12-24 11:00:00+00:00,4.4274144,333.43503
2025-12-24 12:00:00+00:00,3.362677,285.52417
2025-12-24 13:00:00+00:00,4.942631,259.50858
2025-12-24 14:00:00+00:00,4.3498964,245.55606
2025-12-24 15:00:00+00:00,5.6492476,239.34941
2025-12-24 16:00:00+00:00,6.3639607,241.2603
2025-12-24 17:00:00+00:00,6.279395,242.7005
2025-12-24 18:00:00+00:00,6.050785,247.249
2025-12-24 19:00:00+00:00,5.12289,251.56496
2025-12-24 20:00:00+00:00,4.5,253.73972
2025-12-24 21:00:00+00:00,4.060985,257.19574
2025-12-24 22:00:00+00:00,3.5864744,197.52567
2025-12-24 23:00:00+00:00,2.0364676,224.9999
2025-12-25 00:00:00+00:00,3.319036,257.4712
2025-12-25 01:00:00+00:00,3.710795,255.96373
2025-12-25 02:00:00+00:00,3.604497,272.86234
2025-12-25 03:00:00+00:00,3.2048087,308.15726
2025-12-25 04:00:00+00:00,3.462369,351.02744
2025-12-25 05:00:00+00:00,3.7064266,29.054508
2025-12-25 06:00:00+00:00,3.9518096,59.93151
2025-12-25 07:00:00+00:00,4.1556225,72.34979
2025-12-25 08:00:00+00:00,4.4274144,63.435013
2025-12-25 09:00:00+00:00,4.978554,40.601215
2025-12-25 10:00:00+00:00,5.8104043,16.189287
2025-12-25 11:00:00+00:00,5.4119864,356.186
2025-12-25 12:00:00+00:00,6.66,341.07526
2025-12-25 13:00:00+00:00,5.904439,307.56866
2025-12-25 14:00:00+00:00,5.3305535,258.31067
2025-12-25 15:00:00+00:00,4.7110505,226.54811
2025-12-25 16:00:00+00:00,5.8409934,213.6901
2025-12-25 17:00:00+00:00,6.050785,210.37904
2025-12-25 18:00:00+00:00,5.5916004,213.17853
2025-12-25 19:00:00+00:00,5.0975285,222.13753
2025-12-25 20:00:00+00:00,4.8965297,233.97253
2025-12-25 21:00:00+00:00,5.004518,232.3057
2025-12-25 22:00:00+00:00,4.8733153,175.76369
2025-12-25 23:00:00+00:00,3.6402748,188.53069
2025-12-26 00:00:00+00:00,1.9134263,228.81418
2025-12-26 01:00:00+00:00,2.19718,235.0079
2025-12-26 02:00:00+00:00,0.9693296,291.80148
2025-12-26 03:00:00+00:00,1.8089776,354.2895
2025-12-26 04:00:00+00:00,2.3469129,32.471172
2025-12-26 05:00:00+00:00,2.5455842,44.999897
2025-12-26 06:00:00+00:00,3.5864744,72.47434
2025-12-26 07:00:00+00:00,3.8856654,76.60749
2025-12-26 08:00:00+00:00,2.9301877,47.489597
2025-12-26 09:00:00+00:00,3.96,360.0
2025-12-26 10:00:00+00:00,6.830519,341.56494
2025-12-26 11:00:00+00:00,5.8104043,343.8107
2025-12-26 12:00:00+00:00,6.248359,311.49637
2025-12-26 13:00:00+00:00,5.991594,237.26477
2025-12-26 14:00:00+00:00,5.293959,215.3113
2025-12-26 15:00:00+00:00,6.279395,207.29948
2025-12-26 16:00:00+00:00,6.439876,206.56499
2025-12-26 17:00:00+00:00,5.634891,206.56499
2025-12-26 18:00:00+00:00,6.5223618,207.97939
2025-12-26 19:00:00+00:00,6.489992,213.6901
2025-12-26 20:00:00+00:00,6.193674,215.53777
2025-12-26 21:00:00+00:00,5.692099,214.69522
2025-12-26 22:00:00+00:00,4.412754,191.76826
2025-12-26 23:00:00+00:00,2.7238941,187.59456
2025-12-27 00:00:00+00:00,2.0991426,210.96368
2025-12-27 01:00:00+00:00,2.1674871,228.36655
2025-12-27 02:00:00+00:00,2.7534704,258.6901
2025-12-27 03:00:00+00:00,1.9881649,264.80566
2025-12-27 04:00:00+00:00,0.9,270.0
2025-12-27 05:00:00+00:00,0.8049845,26.564985
2025-12-27 06:00:00+00:00,2.0523157,74.74483
2025-12-27 07:00:00+00:00,1.9881649,84.805664
2025-12-27 08:00:00+00:00,1.659518,77.4712
2025-12-27 09:00:00+00:00,1.659518,347.4712
2025-12-27 10:00:00+00:00,3.9966488,352.23492
2025-12-27 11:00:00+00:00,5.2478566,337.8336
2025-12-27 12:00:00+00:00,7.1684303,321.1155
2025-12-27 13:00:00+00:00,5.9644947,275.19434
2025-12-27 14:00:00+00:00,5.7402787,228.81418
2025-12-27 15:00:00+00:00,5.3426957,212.61923
2025-12-27 16:00:00+00:00,5.7431,212.19571
2025-12-27 17:00:00+00:00,5.5596404,209.0545
2025-12-27 18:00:00+00:00,5.5596404,209.0545
2025-12-27 19:00:00+00:00,5.2478566,210.96368
2025-12-27 20:00:00+00:00,5.5916004,213.17853
2025-12-27 21:00:00+00:00,5.3517847,222.27362
2025-12-27 22:00:00+00:00,4.752136,217.30403
2025-12-27 23:00:00+00:00,4.542994,236.3099
2025-12-28 00:00:00+00:00,4.8366103,224.9999
2025-12-28 01:00:00+00:00,5.3999996,216.86998
2025-12-28 02:00:00+00:00,4.2481523,233.61555
2025-12-28 03:00:00+00:00,1.4058449,219.80553
2025-12-28 04:00:00+00:00,1.2979984,56.309914
2025-12-28 05:00:00+00:00,2.19718,55.0079
2025-12-28 06:00:00+00:00,2.0364676,44.999897
2025-12-28 07:00:00+00:00,1.26,360.0
2025-12-28 08:00:00+00:00,2.2553935,298.61035
2025-12-28 09:00:00+00:00,5.495161,301.60745
2025-12-28 10:00:00+00:00,6.7565966,318.23978
2025-12-28 11:00:00+00:00,5.1481256,323.53067
2025-12-28 12:00:00+00:00,7.458606,289.74692
2025-12-28 13:00:00+00:00,5.402999,240.01845
2025-12-28 14:00:00+00:00,6.2379804,223.83095
2025-12-28 15:00:00+00:00,7.127636,224.9999
2025-12-28 16:00:00+00:00,8.181589,230.35587
2025-12-28 17:00:00+00:00,8.305396,240.10118
2025-12-28 18:00:00+00:00,8.155807,247.96371
2025-12-28 19:00:00+00:00,8.2584505,249.59003
2025-12-28 20:00:00+00:00,8.027677,250.34608
2025-12-28 21:00:00+00:00,7.689603,249.44386
2025-12-28 22:00:00+00:00,5.991594,237.26477
2025-12-28 23:00:00+00:00,6.6624317,271.54813
2025-12-29 00:00:00+00:00,5.7852573,275.35574
2025-12-29 01:00:00+00:00,4.5,270.0
2025-12-29 02:00:00+00:00,3.5864744,287.52567
2025-12-29 03:00:00+00:00,3.4199998,270.0
2025-12-29 04:00:00+00:00,3.0652895,266.6336
2025-12-29 05:00:00+00:00,3.244996,273.17978
2025-12-29 06:00:00+00:00,3.6179552,275.7105
2025-12-29 07:00:00+00:00,5.937272,284.03625
2025-12-29 08:00:00+00:00,7.293888,285.75125
2025-12-29 09:00:00+00:00,8.827344,290.28265
2025-12-29 10:00:00+00:00,7.6579366,293.55228
2025-12-29 11:00:00+00:00,5.414979,291.4478
2025-12-29 12:00:00+00:00,7.519175,258.9591
2025-12-29 13:00:00+00:00,9.668195,245.82089
2025-12-29 14:00:00+00:00,9.360001,247.3801
2025-12-29 15:00:00+00:00,9.526405,247.79646
2025-12-29 16:00:00+00:00,9.595874,246.80139
2025-12-29 17:00:00+00:00,9.360001,247.3801
2025-12-29 18:00:00+00:00,9.83268,246.25049
2025-12-29 19:00:00+00:00,10.228373,241.63104
2025-12-29 20:00:00+00:00,10.070353,241.14444
2025-12-29 21:00:00+00:00,9.096681,242.928
2025-12-29 22:00:00+00:00,11.190442,244.25934
2025-12-29 23:00:00+00:00,10.261579,254.74483
2025-12-30 00:00:00+00:00,9.321845,259.9921
2025-12-30 01:00:00+00:00,9.901636,271.0416
2025-12-30 02:00:00+00:00,9.826088,278.42688
2025-12-30 03:00:00+00:00,8.688613,283.17255
2025-12-30 04:00:00+00:00,6.9480934,286.55716
2025-12-30 05:00:00+00:00,5.4149795,285.4222
2025-12-30 06:00:00+00:00,3.8773184,291.80148
2025-12-30 07:00:00+00:00,3.3043609,299.35767
2025-12-30 08:00:00+00:00,3.4576871,308.65982
2025-12-30 09:00:00+00:00,4.8965297,306.02747
2025-12-30 10:00:00+00:00,6.1120534,283.627
2025-12-30 11:00:00+00:00,5.6060677,275.52744
2025-12-30 12:00:00+00:00,5.8048253,262.8751
2025-12-30 13:00:00+00:00,5.2478566,247.8336
2025-12-30 14:00:00+00:00,4.4565907,226.63654
2025-12-30 15:00:00+00:00,4.8965297,216.02747
2025-12-30 16:00:00+00:00,5.22,226.39711
2025-12-30 17:00:00+00:00,5.09435,237.99466
2025-12-30 18:00:00+00:00,5.068846,253.49556
2025-12-30 19:00:00+00:00,4.8733153,265.76367
2025-12-30 20:00:00+00:00,4.3349743,265.23645
2025-12-30 21:00:00+00:00,3.62243,243.43501
2025-12-30 22:00:00+00:00,4.3274937,224.9999
2025-12-30 23:00:00+00:00,4.846648,238.67136
2025-12-31 00:00:00+00:00,4.542994,236.3099
2025-12-31 01:00:00+00:00,3.693291,223.02507
2025-12-31 02:00:00+00:00,2.0991426,210.96368
2025-12-31 03:00:00+00:00,1.4512063,172.87508
2025-12-31 04:00:00+00:00,1.8532133,60.94549
2025-12-31 05:00:00+00:00,4.613762,69.44388
2025-12-31 06:00:00+00:00,7.342588,78.6901
2025-12-31 07:00:00+00:00,8.538149,71.564964
2025-12-31 08:00:00+00:00,8.452336,63.435013
2025-12-31 09:00:00+00:00,8.0599,60.572647
2025-12-31 10:00:00+00:00,5.7176566,61.821507
2025-12-31 11:00:00+00:00,6.21717,22.109503
2025-12-31 12:00:00+00:00,6.76618,28.610369
2025-12-31 13:00:00+00:00,7.120815,69.27436
2025-12-31 14:00:00+00:00,6.519877,83.659904
2025-12-31 15:00:00+00:00,7.7420926,88.667816
2025-12-31 16:00:00+00:00,6.130579,86.63361
2025-12-31 17:00:00+00:00,4.7657523,79.11452
2025-12-31 18:00:00+00:00,4.5891175,64.440094
2025-12-31 19:00:00+00:00,3.4247334,93.012726
2025-12-31 20:00:00+00:00,2.5582807,129.28938
2025-12-31 21:00:00+00:00,3.244996,146.3099
2025-12-31 22:00:00+00:00,3.4388947,132.87889
2025-12-31 23:00:00+00:00,5.004518,127.694305
