date,wind_direction_10m,wind_speed_10m
2025-01-01 00:00:00+00:00,50.194473,7.029225
2025-01-01 01:00:00+00:00,52.523746,6.804381
2025-01-01 02:00:00+00:00,61.504463,7.1684303
2025-01-01 03:00:00+00:00,59.03632,8.39657
2025-01-01 04:00:00+00:00,61.821507,5.7176566
2025-01-01 05:00:00+00:00,66.5713,5.8852015
2025-01-01 06:00:00+00:00,61.26031,6.3639607
2025-01-01 07:00:00+00:00,61.07368,7.8149853
2025-01-01 08:00:00+00:00,57.030594,7.9383874
2025-01-01 09:00:00+00:00,49.68598,7.7900705
2025-01-01 10:00:00+00:00,42.954597,7.1321807
2025-01-01 11:00:00+00:00,34.50859,6.989936
2025-01-01 12:00:00+00:00,27.474344,5.072041
2025-01-01 13:00:00+00:00,22.520613,7.989242
2025-01-01 14:00:00+00:00,22.203527,9.526405
2025-01-01 15:00:00+00:00,35.942207,8.893166
2025-01-01 16:00:00+00:00,57.619343,8.738811
2025-01-01 17:00:00+00:00,68.19854,8.723967
2025-01-01 18:00:00+00:00,78.4399,8.083983
2025-01-01 19:00:00+00:00,82.234924,7.9932976
2025-01-01 20:00:00+00:00,85.91447,7.579261
2025-01-01 21:00:00+00:00,82.694336,7.0774574
2025-01-01 22:00:00+00:00,75.96373,6.6794305
2025-01-01 23:00:00+00:00,67.8905,6.21717
2025-01-02 00:00:00+00:00,76.75947,6.28713
2025-01-02 01:00:00+00:00,59.300358,6.698806
2025-01-02 02:00:00+00:00,41.531677,8.415842
2025-01-02 03:00:00+00:00,49.899166,8.942214
2025-01-02 04:00:00+00:00,74.57778,5.4149795
2025-01-02 05:00:00+00:00,67.16631,3.710795
2025-01-02 06:00:00+00:00,56.976128,4.293669
2025-01-02 07:00:00+00:00,53.972538,4.8965297
2025-01-02 08:00:00+00:00,43.602894,5.22
2025-01-02 09:00:00+00:00,44.999897,4.8366103
2025-01-02 10:00:00+00:00,53.61555,4.2481523
2025-01-02 11:00:00+00:00,48.366554,4.3349743
2025-01-02 12:00:00+00:00,46.636536,4.4565907
2025-01-02 13:00:00+00:00,41.63345,6.502461
2025-01-02 14:00:00+00:00,41.49638,6.248359
2025-01-02 15:00:00+00:00,27.758451,7.729527
2025-01-02 16:00:00+00:00,35.09589,8.139901
2025-01-02 17:00:00+00:00,48.814175,7.653705
2025-01-02 18:00:00+00:00,47.91091,7.519175
2025-01-02 19:00:00+00:00,48.366554,6.502461
2025-01-02 20:00:00+00:00,59.03632,6.297428
2025-01-02 21:00:00+00:00,77.79955,6.8138976
2025-01-02 22:00:00+00:00,85.364624,6.6818557
2025-01-02 23:00:00+00:00,96.519714,6.341009
2025-01-03 00:00:00+00:00,113.42871,5.8852015
2025-01-03 01:00:00+00:00,113.749504,4.91634
2025-01-03 02:00:00+00:00,75.25639,3.536439
2025-01-03 03:00:00+00:00,18.853252,7.7983837
2025-01-03 04:00:00+00:00,19.359097,7.0591216
2025-01-03 05:00:00+00:00,31.607454,5.495161
2025-01-03 06:00:00+00:00,31.607454,5.495161
2025-01-03 07:00:00+00:00,27.29949,6.279395
2025-01-03 08:00:00+00:00,30.699654,6.698806
2025-01-03 09:00:00+00:00,30.699654,6.698806
2025-01-03 10:00:00+00:00,28.610369,6.76618
2025-01-03 11:00:00+00:00,32.471172,7.0407386
2025-01-03 12:00:00+00:00,41.185825,5.7402787
2025-01-03 13:00:00+00:00,49.76371,6.1305785
2025-01-03 14:00:00+00:00,42.614033,6.114703
2025-01-03 15:00:00+00:00,25.114815,6.361415
2025-01-03 16:00:00+00:00,28.072395,6.12
2025-01-03 17:00:00+00:00,53.84173,5.796447
2025-01-03 18:00:00+00:00,72.25524,4.724786
2025-01-03 19:00:00+00:00,91.90912,5.4029994
2025-01-03 20:00:00+00:00,113.62939,6.28713
2025-01-03 21:00:00+00:00,126.32692,7.596341
2025-01-03 22:00:00+00:00,139.39879,3.319036
2025-01-03 23:00:00+00:00,310.2363,3.0652893
2025-01-04 00:00:00+00:00,295.34613,3.7842832
2025-01-04 01:00:00+00:00,231.34016,2.3051248
2025-01-04 02:00:00+00:00,203.6294,3.143565
2025-01-04 03:00:00+00:00,241.55717,4.913044
2025-01-04 04:00:00+00:00,280.6196,5.8603754
2025-01-04 05:00:00+00:00,287.6502,4.1556225
2025-01-04 06:00:00+00:00,292.93213,5.0816135
2025-01-04 07:00:00+00:00,300.69965,6.698806
2025-01-04 08:00:00+00:00,308.8845,7.1684303
2025-01-04 09:00:00+00:00,309.8055,7.029225
2025-01-04 10:00:00+00:00,312.614,6.114703
2025-01-04 11:00:00+00:00,317.6026,5.6060677
2025-01-04 12:00:00+00:00,329.03632,4.198285
2025-01-04 13:00:00+00:00,340.25308,7.458606
2025-01-04 14:00:00+00:00,348.9965,6.601363
2025-01-04 15:00:00+00:00,351.87,5.0911684
2025-01-04 16:00:00+00:00,292.83368,3.710795
2025-01-04 17:00:00+00:00,285.25516,6.1569467
2025-01-04 18:00:00+00:00,300.65057,5.6492476
2025-01-04 19:00:00+00:00,304.50858,6.989936
2025-01-04 20:00:00+00:00,312.9546,7.1321807
2025-01-04 21:00:00+00:00,324.2932,7.0934615
2025-01-04 22:00:00+00:00,341.56494,6.2613096
2025-01-04 23:00:00+00:00,339.8636,5.7515564
2025-01-05 00:00:00+00:00,338.19852,5.815978
2025-01-05 01:00:00+00:00,340.3461,5.3517847
2025-01-05 02:00:00+00:00,347.4712,4.9785542
2025-01-05 03:00:00+00:00,348.3664,6.2483597
2025-01-05 04:00:00+00:00,3.9451082,5.232399
2025-01-05 05:00:00+00:00,15.642312,4.6730714
2025-01-05 06:00:00+00:00,18.435053,6.2613096
2025-01-05 07:00:00+00:00,14.676441,7.8149853
2025-01-05 08:00:00+00:00,2.7926505,7.388775
2025-01-05 09:00:00+00:00,348.40787,7.1661706
2025-01-05 10:00:00+00:00,343.0724,8.654986
2025-01-05 11:00:00+00:00,342.97937,9.224011
2025-01-05 12:00:00+00:00,341.56494,5.6920996
2025-01-05 13:00:00+00:00,324.09018,6.444905
2025-01-05 14:00:00+00:00,344.21918,8.604301
2025-01-05 15:00:00+00:00,358.85425,9.0018
2025-01-05 16:00:00+00:00,353.82993,6.698806
2025-01-05 17:00:00+00:00,330.25522,5.8048253
2025-01-05 18:00:00+00:00,334.09354,7.0038276
2025-01-05 19:00:00+00:00,343.1785,8.085988
2025-01-05 20:00:00+00:00,6.9528637,7.4346757
2025-01-05 21:00:00+00:00,17.447285,6.603817
2025-01-05 22:00:00+00:00,17.92802,6.4323244
2025-01-05 23:00:00+00:00,12.7243595,5.720489
2025-01-06 00:00:00+00:00,7.853233,5.2694216
2025-01-06 01:00:00+00:00,14.620926,4.278551
2025-01-06 02:00:00+00:00,27.645891,4.2671766
2025-01-06 03:00:00+00:00,49.899166,4.471107
2025-01-06 04:00:00+00:00,44.999897,5.0911684
2025-01-06 05:00:00+00:00,30.068504,3.9518096
2025-01-06 06:00:00+00:00,16.189287,5.8104043
2025-01-06 07:00:00+00:00,15.945477,7.8625183
2025-01-06 08:00:00+00:00,17.354122,9.05205
2025-01-06 09:00:00+00:00,19.798973,9.565437
2025-01-06 10:00:00+00:00,19.798973,9.565437
2025-01-06 11:00:00+00:00,22.380184,9.927779
2025-01-06 12:00:00+00:00,25.820946,6.198903
2025-01-06 13:00:00+00:00,24.304548,6.1226463
2025-01-06 14:00:00+00:00,36.326923,7.596341
2025-01-06 15:00:00+00:00,51.766144,7.562142
2025-01-06 16:00:00+00:00,52.523746,6.804381
2025-01-06 17:00:00+00:00,39.400646,6.522361
2025-01-06 18:00:00+00:00,39.400646,6.522361
2025-01-06 19:00:00+00:00,42.797382,6.623413
2025-01-06 20:00:00+00:00,48.65233,5.994297
2025-01-06 21:00:00+00:00,53.84173,5.796447
2025-01-06 22:00:00+00:00,53.84173,5.796447
2025-01-06 23:00:00+00:00,51.34017,5.7628117
2025-01-07 00:00:00+00:00,60.255207,5.8048253
2025-01-07 01:00:00+00:00,51.952908,5.257109
2025-01-07 02:00:00+00:00,65.85446,5.7204895
2025-01-07 03:00:00+00:00,72.55273,6.603817
2025-01-07 04:00:00+00:00,66.80139,6.8541956
2025-01-07 05:00:00+00:00,56.82148,5.5916004
2025-01-07 06:00:00+00:00,45.970932,7.5105524
2025-01-07 07:00:00+00:00,43.210114,8.149847
2025-01-07 08:00:00+00:00,43.152412,7.8954163
2025-01-07 09:00:00+00:00,24.443953,6.5248446
2025-01-07 10:00:00+00:00,11.976112,6.0721655
2025-01-07 11:00:00+00:00,10.61961,5.8603754
2025-01-07 12:00:00+00:00,3.8140097,2.7059932
2025-01-07 13:00:00+00:00,335.55606,2.1749482
2025-01-07 14:00:00+00:00,328.39255,2.7475805
2025-01-07 15:00:00+00:00,35.537766,1.5484185
2025-01-07 16:00:00+00:00,113.19862,1.3708391
2025-01-07 17:00:00+00:00,113.19862,1.3708391
2025-01-07 18:00:00+00:00,123.690094,1.2979984
2025-01-07 19:00:00+00:00,128.65984,1.1525624
2025-01-07 20:00:00+00:00,135.0001,0.76367533
2025-01-07 21:00:00+00:00,146.3099,0.6489992
2025-01-07 22:00:00+00:00,153.43501,0.8049845
2025-01-07 23:00:00+00:00,156.80138,1.3708391
2025-01-08 00:00:00+00:00,169.99208,3.1072817
2025-01-08 01:00:00+00:00,171.86998,6.3639607
2025-01-08 02:00:00+00:00,174.4279,7.415038
2025-01-08 03:00:00+00:00,171.34753,8.37532
2025-01-08 04:00:00+00:00,169.15974,8.613709
2025-01-08 05:00:00+00:00,165.96373,5.195113
2025-01-08 06:00:00+00:00,199.17911,4.3832865
2025-01-08 07:00:00+00:00,234.16226,3.9966483
2025-01-08 08:00:00+00:00,260.13425,4.2021422
2025-01-08 09:00:00+00:00,270.0,4.32
2025-01-08 10:00:00+00:00,270.0,5.04
2025-01-08 11:00:00+00:00,285.06854,4.8466477
2025-01-08 12:00:00+00:00,319.0857,3.572898
2025-01-08 13:00:00+00:00,272.6025,3.964089
2025-01-08 14:00:00+00:00,246.0375,5.318383
2025-01-08 15:00:00+00:00,228.81418,5.7402787
2025-01-08 16:00:00+00:00,218.92755,6.015878
2025-01-08 17:00:00+00:00,224.9999,5.0911684
2025-01-08 18:00:00+00:00,240.2552,4.3536186
2025-01-08 19:00:00+00:00,246.80139,4.1125174
2025-01-08 20:00:00+00:00,247.1663,3.710795
2025-01-08 21:00:00+00:00,243.43501,2.8174455
2025-01-08 22:00:00+00:00,224.9999,1.781909
2025-01-08 23:00:00+00:00,146.3099,0.6489992
2025-01-09 00:00:00+00:00,74.74483,2.0523157
2025-01-09 01:00:00+00:00,111.25058,3.4763772
2025-01-09 02:00:00+00:00,125.537766,4.6452556
2025-01-09 03:00:00+00:00,131.34769,5.994297
2025-01-09 04:00:00+00:00,126.86999,7.2
2025-01-09 05:00:00+00:00,110.77233,5.5829024
2025-01-09 06:00:00+00:00,102.33907,5.896202
2025-01-09 07:00:00+00:00,116.56499,5.634891
2025-01-09 08:00:00+00:00,131.18582,3.8268526
2025-01-09 09:00:00+00:00,90.0,1.4399999
2025-01-09 10:00:00+00:00,29.054508,3.7064266
2025-01-09 11:00:00+00:00,30.963696,5.2478566
2025-01-09 12:00:00+00:00,30.465475,7.10031
2025-01-09 13:00:00+00:00,39.6678,9.587428
2025-01-09 14:00:00+00:00,53.13002,9.0
2025-01-09 15:00:00+00:00,52.124958,10.261579
2025-01-09 16:00:00+00:00,53.49847,11.196232
2025-01-09 17:00:00+00:00,63.886147,10.223619
2025-01-09 18:00:00+00:00,70.559875,9.734987
2025-01-09 19:00:00+00:00,74.84589,8.951267
2025-01-09 20:00:00+00:00,73.88651,8.431228
2025-01-09 21:00:00+00:00,78.6901,8.260411
2025-01-09 22:00:00+00:00,74.53873,8.777653
2025-01-09 23:00:00+00:00,77.735245,8.473393
2025-01-10 00:00:00+00:00,86.698204,9.375563
2025-01-10 01:00:00+00:00,96.980965,8.885877
2025-01-10 02:00:00+00:00,100.30479,8.049845
2025-01-10 03:00:00+00:00,88.69808,7.922045
2025-01-10 04:00:00+00:00,64.72231,7.16617
2025-01-10 05:00:00+00:00,56.88865,4.942631
2025-01-10 06:00:00+00:00,37.405437,3.8521678
2025-01-10 07:00:00+00:00,31.75944,4.4456716
2025-01-10 08:00:00+00:00,9.865748,4.2021422
2025-01-10 09:00:00+00:00,354.2895,5.426933
2025-01-10 10:00:00+00:00,351.02744,6.924738
2025-01-10 11:00:00+00:00,357.6141,8.647496
2025-01-10 12:00:00+00:00,14.676441,7.8149853
2025-01-10 13:00:00+00:00,25.90646,7.0038276
2025-01-10 14:00:00+00:00,22.442802,8.958504
2025-01-10 15:00:00+00:00,26.564985,8.049845
2025-01-10 16:00:00+00:00,25.407679,7.970972
2025-01-10 17:00:00+00:00,300.57913,4.599695
2025-01-10 18:00:00+00:00,268.9191,9.5416975
2025-01-10 19:00:00+00:00,313.83093,12.475961
2025-01-10 20:00:00+00:00,176.6336,12.261158
2025-01-10 21:00:00+00:00,135.0001,3.563818
2025-01-10 22:00:00+00:00,111.801476,4.846648
2025-01-10 23:00:00+00:00,138.23979,6.7565966
2025-01-11 00:00:00+00:00,161.56496,5.12289
2025-01-11 01:00:00+00:00,315.0001,4.072935
2025-01-11 02:00:00+00:00,290.3232,5.1826253
2025-01-11 03:00:00+00:00,280.30478,6.037383
2025-01-11 04:00:00+00:00,286.6993,3.7585104
2025-01-11 05:00:00+00:00,300.46545,3.550155
2025-01-11 06:00:00+00:00,295.01685,5.95906
2025-01-11 07:00:00+00:00,304.69522,8.53815
2025-01-11 08:00:00+00:00,323.97253,9.793059
2025-01-11 09:00:00+00:00,333.00424,10.706596
2025-01-11 10:00:00+00:00,338.83865,11.966953
2025-01-11 11:00:00+00:00,342.38733,11.897714
2025-01-11 12:00:00+00:00,341.89615,9.847496
2025-01-11 13:00:00+00:00,333.43503,7.24486
2025-01-11 14:00:00+00:00,348.23172,8.825508
2025-01-11 15:00:00+00:00,351.08514,9.292254
2025-01-11 16:00:00+00:00,1.0416087,9.901636
2025-01-11 17:00:00+00:00,8.673101,10.742848
2025-01-11 18:00:00+00:00,15.945477,10.483357
2025-01-11 19:00:00+00:00,23.33406,9.997699
2025-01-11 20:00:00+00:00,32.799526,9.636307
2025-01-11 21:00:00+00:00,41.081665,9.313152
2025-01-11 22:00:00+00:00,41.63345,8.669949
2025-01-11 23:00:00+00:00,36.634212,8.748075
2025-01-12 00:00:00+00:00,40.10085,8.942214
2025-01-12 01:00:00+00:00,44.999897,7.127636
2025-01-12 02:00:00+00:00,48.01287,7.2649574
2025-01-12 03:00:00+00:00,54.90411,8.139901
2025-01-12 04:00:00+00:00,50.710617,7.674842
2025-01-12 05:00:00+00:00,43.152412,7.8954163
2025-01-12 06:00:00+00:00,35.166515,9.688281
2025-01-12 07:00:00+00:00,28.368961,10.228373
2025-01-12 08:00:00+00:00,21.630953,11.230904
2025-01-12 09:00:00+00:00,17.102825,12.241323
2025-01-12 10:00:00+00:00,19.179106,13.149859
2025-01-12 11:00:00+00:00,22.380184,13.237039
2025-01-12 12:00:00+00:00,22.78244,9.761578
2025-01-12 13:00:00+00:00,31.184912,7.995323
2025-01-12 14:00:00+00:00,35.706783,7.0934615
2025-01-12 15:00:00+00:00,51.115498,7.1684303
2025-01-12 16:00:00+00:00,51.072456,6.015878
2025-01-12 17:00:00+00:00,42.797382,6.623413
2025-01-12 18:00:00+00:00,43.408916,9.167638
2025-01-12 19:00:00+00:00,54.46224,9.290511
2025-01-12 20:00:00+00:00,59.981724,9.354806
2025-01-12 21:00:00+00:00,53.74608,10.04458
2025-01-12 22:00:00+00:00,45.72514,10.055864
2025-01-12 23:00:00+00:00,46.54811,9.422101
2025-01-13 00:00:00+00:00,51.170166,9.473541
2025-01-13 01:00:00+00:00,55.375774,9.187056
2025-01-13 02:00:00+00:00,56.3099,7.7879906
2025-01-13 03:00:00+00:00,62.904526,8.694204
2025-01-13 04:00:00+00:00,57.528828,7.0407386
2025-01-13 05:00:00+00:00,55.222095,7.889258
2025-01-13 06:00:00+00:00,51.842735,9.614426
2025-01-13 07:00:00+00:00,47.419548,9.044888
2025-01-13 08:00:00+00:00,39.957497,8.688613
2025-01-13 09:00:00+00:00,29.16752,8.863972
2025-01-13 10:00:00+00:00,21.59538,9.292255
2025-01-13 11:00:00+00:00,23.198618,9.595874
2025-01-13 12:00:00+00:00,24.102238,7.4932766
2025-01-13 13:00:00+00:00,30.256361,7.5019197
2025-01-13 14:00:00+00:00,31.607454,8.242743
2025-01-13 15:00:00+00:00,44.999897,7.127636
2025-01-13 16:00:00+00:00,62.783974,7.0843205
2025-01-13 17:00:00+00:00,58.570484,7.5942082
2025-01-13 18:00:00+00:00,65.432846,6.9270773
2025-01-13 19:00:00+00:00,81.86999,6.3639607
2025-01-13 20:00:00+00:00,88.31535,6.122647
2025-01-13 21:00:00+00:00,81.57312,4.913044
2025-01-13 22:00:00+00:00,78.6901,2.7534704
2025-01-13 23:00:00+00:00,100.30479,2.0124612
2025-01-14 00:00:00+00:00,111.801476,1.9386592
2025-01-14 01:00:00+00:00,108.43504,2.2768397
2025-01-14 02:00:00+00:00,108.43504,2.2768397
2025-01-14 03:00:00+00:00,101.3099,3.671294
2025-01-14 04:00:00+00:00,69.44388,4.613762
2025-01-14 05:00:00+00:00,67.75093,4.278551
2025-01-14 06:00:00+00:00,78.996506,6.601363
2025-01-14 07:00:00+00:00,84.4279,7.415038
2025-01-14 08:00:00+00:00,68.498505,6.384293
2025-01-14 09:00:00+00:00,48.503635,6.248359
2025-01-14 10:00:00+00:00,47.12111,6.8777895
2025-01-14 11:00:00+00:00,42.954597,7.1321807
2025-01-14 12:00:00+00:00,35.311302,5.293959
2025-01-14 13:00:00+00:00,21.54104,7.353611
2025-01-14 14:00:00+00:00,26.029541,8.61371
2025-01-14 15:00:00+00:00,33.340725,8.187527
2025-01-14 16:00:00+00:00,44.999897,8.400428
2025-01-14 17:00:00+00:00,56.689358,7.538541
2025-01-14 18:00:00+00:00,60.94549,7.4128532
2025-01-14 19:00:00+00:00,65.65892,8.297589
2025-01-14 20:00:00+00:00,70.8209,8.766573
2025-01-14 21:00:00+00:00,63.946568,9.016185
2025-01-14 22:00:00+00:00,59.826572,8.953078
2025-01-14 23:00:00+00:00,48.69148,7.9077177
2025-01-15 00:00:00+00:00,37.405437,7.7043357
2025-01-15 01:00:00+00:00,42.08909,7.519175
2025-01-15 02:00:00+00:00,34.114517,6.7397914
2025-01-15 03:00:00+00:00,29.427368,8.0599
2025-01-15 04:00:00+00:00,27.979382,6.5223618
2025-01-15 05:00:00+00:00,29.5387,6.2067385
2025-01-15 06:00:00+00:00,27.824009,7.327127
2025-01-15 07:00:00+00:00,25.346138,7.5685663
2025-01-15 08:00:00+00:00,19.179106,8.766573
2025-01-15 09:00:00+00:00,24.145542,11.440979
2025-01-15 10:00:00+00:00,25.016869,11.91812
2025-01-15 11:00:00+00:00,17.241547,10.931203
2025-01-15 12:00:00+00:00,15.124064,6.8989563
2025-01-15 13:00:00+00:00,19.983198,6.320538
2025-01-15 14:00:00+00:00,20.556128,6.151683
2025-01-15 15:00:00+00:00,22.109503,6.21717
2025-01-15 16:00:00+00:00,30.256361,5.00128
2025-01-15 17:00:00+00:00,18.435053,3.9844694
2025-01-15 18:00:00+00:00,17.744766,4.724786
2025-01-15 19:00:00+00:00,26.564985,2.0124612
2025-01-15 20:00:00+00:00,90.0,1.26
2025-01-15 21:00:00+00:00,90.0,0.9
2025-01-15 22:00:00+00:00,320.1945,1.4058449
2025-01-15 23:00:00+00:00,279.46225,1.0948973
2025-01-16 00:00:00+00:00,261.87,1.2727921
2025-01-16 01:00:00+00:00,280.0079,3.1072817
2025-01-16 02:00:00+00:00,291.03757,2.5071096
2025-01-16 03:00:00+00:00,246.80138,1.3708391
2025-01-16 04:00:00+00:00,248.96242,2.5071096
2025-01-16 05:00:00+00:00,344.7448,2.0523157
2025-01-16 06:00:00+00:00,355.76367,4.8733153
2025-01-16 07:00:00+00:00,356.53183,5.950899
2025-01-16 08:00:00+00:00,2.8623457,7.208994
2025-01-16 09:00:00+00:00,5.3144655,7.7734165
2025-01-16 10:00:00+00:00,1.6365454,6.302571
2025-01-16 11:00:00+00:00,356.186,5.4119864
2025-01-16 12:00:00+00:00,355.42615,4.514377
2025-01-16 13:00:00+00:00,356.72958,6.310277
2025-01-16 14:00:00+00:00,29.5387,6.2067385
2025-01-16 15:00:00+00:00,91.43207,7.2022495
2025-01-16 16:00:00+00:00,106.11349,8.431228
2025-01-16 17:00:00+00:00,111.19412,9.459852
2025-01-16 18:00:00+00:00,107.10281,9.793058
2025-01-16 19:00:00+00:00,106.88687,10.534229
2025-01-16 20:00:00+00:00,106.22027,10.310403
2025-01-16 21:00:00+00:00,95.59925,9.224011
2025-01-16 22:00:00+00:00,90.0,9.179999
2025-01-16 23:00:00+00:00,84.507774,9.403169
2025-01-17 00:00:00+00:00,77.24247,9.781473
2025-01-17 01:00:00+00:00,87.614105,8.647496
2025-01-17 02:00:00+00:00,73.41259,8.827343
2025-01-17 03:00:00+00:00,70.8209,8.766573
2025-01-17 04:00:00+00:00,50.906155,7.42159
2025-01-17 05:00:00+00:00,45.85501,8.528657
2025-01-17 06:00:00+00:00,46.789886,8.149847
2025-01-17 07:00:00+00:00,57.99466,10.1887
2025-01-17 08:00:00+00:00,52.98003,13.752047
2025-01-17 09:00:00+00:00,47.579197,14.14232
2025-01-17 10:00:00+00:00,42.038982,14.784126
2025-01-17 11:00:00+00:00,42.594006,15.159589
2025-01-17 12:00:00+00:00,42.563324,11.975074
2025-01-17 13:00:00+00:00,36.253937,10.04458
2025-01-17 14:00:00+00:00,44.34155,11.074023
2025-01-17 15:00:00+00:00,53.13002,11.7
2025-01-17 16:00:00+00:00,55.813835,11.53265
2025-01-17 17:00:00+00:00,55.24402,10.735306
2025-01-17 18:00:00+00:00,59.743652,10.00256
2025-01-17 19:00:00+00:00,59.215923,9.847496
2025-01-17 20:00:00+00:00,56.3099,9.734988
2025-01-17 21:00:00+00:00,46.684647,8.65873
2025-01-17 22:00:00+00:00,55.713078,9.585739
2025-01-17 23:00:00+00:00,67.79647,9.526405
2025-01-18 00:00:00+00:00,68.19854,8.723967
2025-01-18 01:00:00+00:00,51.766144,7.562142
2025-01-18 02:00:00+00:00,60.1012,8.305396
2025-01-18 03:00:00+00:00,76.75947,9.430694
2025-01-18 04:00:00+00:00,69.075424,6.5520988
2025-01-18 05:00:00+00:00,62.02062,6.5223618
2025-01-18 06:00:00+00:00,57.652576,6.391901
2025-01-18 07:00:00+00:00,48.366554,6.502461
2025-01-18 08:00:00+00:00,49.68598,7.7900705
2025-01-18 09:00:00+00:00,46.789886,8.149847
2025-01-18 10:00:00+00:00,45.909298,8.019601
2025-01-18 11:00:00+00:00,51.911175,8.461915
2025-01-18 12:00:00+00:00,38.367523,5.509882
2025-01-18 13:00:00+00:00,23.198618,8.225035
2025-01-18 14:00:00+00:00,28.009092,9.582358
2025-01-18 15:00:00+00:00,33.6901,9.085988
2025-01-18 16:00:00+00:00,44.19317,9.037721
2025-01-18 17:00:00+00:00,53.3658,8.748075
2025-01-18 18:00:00+00:00,58.392544,8.242743
2025-01-18 19:00:00+00:00,67.47939,7.989242
2025-01-18 20:00:00+00:00,65.22488,7.731623
2025-01-18 21:00:00+00:00,69.44387,7.689603
2025-01-18 22:00:00+00:00,52.523746,6.804381
2025-01-18 23:00:00+00:00,35.909817,6.444905
2025-01-19 00:00:00+00:00,46.080845,6.7469993
2025-01-19 01:00:00+00:00,28.495539,7.1684303
2025-01-19 02:00:00+00:00,32.005356,6.792466
2025-01-19 03:00:00+00:00,44.029083,7.5105524
2025-01-19 04:00:00+00:00,65.22488,5.154415
2025-01-19 05:00:00+00:00,22.47948,5.6492476
2025-01-19 06:00:00+00:00,17.354122,6.0347
2025-01-19 07:00:00+00:00,11.04091,7.519175
2025-01-19 08:00:00+00:00,13.091906,7.9465466
2025-01-19 09:00:00+00:00,5.0795207,8.131936
2025-01-19 10:00:00+00:00,3.9004252,7.9383874
2025-01-19 11:00:00+00:00,6.482988,7.970972
2025-01-19 12:00:00+00:00,24.904745,5.5567255
2025-01-19 13:00:00+00:00,39.805527,7.029225
2025-01-19 14:00:00+00:00,44.999897,8.654987
2025-01-19 15:00:00+00:00,27.552727,9.339208
2025-01-19 16:00:00+00:00,23.629398,9.430695
2025-01-19 17:00:00+00:00,18.758749,10.075177
2025-01-19 18:00:00+00:00,31.138918,10.094454
2025-01-19 19:00:00+00:00,43.53127,9.931042
2025-01-19 20:00:00+00:00,53.13002,9.0
2025-01-19 21:00:00+00:00,49.899166,8.942214
2025-01-19 22:00:00+00:00,43.36347,8.913181
2025-01-19 23:00:00+00:00,37.775745,9.109138
2025-01-20 00:00:00+00:00,54.90411,8.139901
2025-01-20 01:00:00+00:00,51.709793,8.714677
2025-01-20 02:00:00+00:00,50.355858,8.181589
2025-01-20 03:00:00+00:00,42.64668,9.299225
2025-01-20 04:00:00+00:00,46.97493,7.386582
2025-01-20 05:00:00+00:00,39.289394,7.674842
2025-01-20 06:00:00+00:00,39.09386,7.42159
2025-01-20 07:00:00+00:00,36.86999,7.2
2025-01-20 08:00:00+00:00,38.418083,6.6624317
2025-01-20 09:00:00+00:00,33.178535,5.5916004
2025-01-20 10:00:00+00:00,21.037588,5.0142193
2025-01-20 11:00:00+00:00,10.61961,5.8603754
2025-01-20 12:00:00+00:00,13.240531,6.28713
2025-01-20 13:00:00+00:00,13.781618,9.82279
2025-01-20 14:00:00+00:00,21.614847,10.261579
2025-01-20 15:00:00+00:00,25.676775,10.385547
2025-01-20 16:00:00+00:00,27.050516,9.499158
2025-01-20 17:00:00+00:00,23.962492,8.863972
2025-01-20 18:00:00+00:00,27.552727,9.339208
2025-01-20 19:00:00+00:00,32.471172,9.387651
2025-01-20 20:00:00+00:00,46.5911,9.167638
2025-01-20 21:00:00+00:00,60.255207,8.707237
2025-01-20 22:00:00+00:00,61.69934,7.973005
2025-01-20 23:00:00+00:00,47.815628,7.7734165
2025-01-21 00:00:00+00:00,35.217674,7.491114
2025-01-21 01:00:00+00:00,40.9143,7.145796
2025-01-21 02:00:00+00:00,42.878906,6.8777895
2025-01-21 03:00:00+00:00,39.03552,8.574123
2025-01-21 04:00:00+00:00,38.157276,6.4096174
2025-01-21 05:00:00+00:00,40.601215,6.638072
2025-01-21 06:00:00+00:00,36.86999,7.2
2025-01-21 07:00:00+00:00,34.8754,7.2403865
2025-01-21 08:00:00+00:00,29.931421,6.854195
2025-01-21 09:00:00+00:00,24.443953,6.5248446
2025-01-21 10:00:00+00:00,15.255177,6.1569467
2025-01-21 11:00:00+00:00,20.556128,6.151683
2025-01-21 12:00:00+00:00,20.37652,6.7205353
2025-01-21 13:00:00+00:00,31.865936,7.841887
2025-01-21 14:00:00+00:00,33.996506,9.335737
2025-01-21 15:00:00+00:00,28.610369,9.021574
2025-01-21 16:00:00+00:00,30.963696,8.39657
2025-01-21 17:00:00+00:00,29.427368,8.0599
2025-01-21 18:00:00+00:00,36.11944,8.244708
2025-01-21 19:00:00+00:00,30.529623,8.149847
2025-01-21 20:00:00+00:00,43.995014,7.256032
2025-01-21 21:00:00+00:00,77.00539,7.2044983
2025-01-21 22:00:00+00:00,81.38444,6.0077944
2025-01-21 23:00:00+00:00,61.55718,4.913044
2025-01-22 00:00:00+00:00,38.990997,4.863332
2025-01-22 01:00:00+00:00,33.111355,4.942631
2025-01-22 02:00:00+00:00,25.640957,4.991553
2025-01-22 03:00:00+00:00,15.124064,6.8989563
2025-01-22 04:00:00+00:00,15.642312,4.6730714
2025-01-22 05:00:00+00:00,9.462248,4.379589
2025-01-22 06:00:00+00:00,6.3401003,4.8899083
2025-01-22 07:00:00+00:00,356.53183,5.950899
2025-01-22 08:00:00+00:00,344.6237,7.4672885
2025-01-22 09:00:00+00:00,336.94867,9.194106
2025-01-22 10:00:00+00:00,334.35904,9.983106
2025-01-22 11:00:00+00:00,333.8532,11.028581
2025-01-22 12:00:00+00:00,332.56036,10.546525
2025-01-22 13:00:00+00:00,338.58694,9.860649
2025-01-22 14:00:00+00:00,348.11136,10.484902
2025-01-22 15:00:00+00:00,358.05856,10.6261
2025-01-22 16:00:00+00:00,3.6328866,11.362834
2025-01-22 17:00:00+00:00,8.820306,10.564942
2025-01-22 18:00:00+00:00,11.94416,9.56713
2025-01-22 19:00:00+00:00,16.58742,8.827343
2025-01-22 20:00:00+00:00,19.290138,7.628263
2025-01-22 21:00:00+00:00,18.00426,7.570707
2025-01-22 22:00:00+00:00,17.92802,6.4323244
2025-01-22 23:00:00+00:00,9.246045,7.841888
2025-01-23 00:00:00+00:00,4.085537,7.579261
2025-01-23 01:00:00+00:00,358.21014,5.7628117
2025-01-23 02:00:00+00:00,358.15244,5.5829024
2025-01-23 03:00:00+00:00,16.144413,7.1208143
2025-01-23 04:00:00+00:00,33.178535,5.5916004
2025-01-23 05:00:00+00:00,33.6901,4.542994
2025-01-23 06:00:00+00:00,34.8754,7.2403865
2025-01-23 07:00:00+00:00,36.027473,9.793059
2025-01-23 08:00:00+00:00,31.476793,10.34178
2025-01-23 09:00:00+00:00,21.44781,10.829958
2025-01-23 10:00:00+00:00,10.304792,12.074766
2025-01-23 11:00:00+00:00,7.907082,13.084402
2025-01-23 12:00:00+00:00,13.627024,12.224107
2025-01-23 13:00:00+00:00,18.824812,8.36758
2025-01-23 14:00:00+00:00,27.979382,6.5223618
2025-01-23 15:00:00+00:00,30.1413,6.452441
2025-01-23 16:00:00+00:00,35.09589,8.139901
2025-01-23 17:00:00+00:00,53.61555,8.4963045
2025-01-23 18:00:00+00:00,48.468323,8.415842
2025-01-23 19:00:00+00:00,34.43906,7.6388745
2025-01-23 20:00:00+00:00,40.030197,5.876938
2025-01-23 21:00:00+00:00,47.72637,5.3517847
2025-01-23 22:00:00+00:00,47.489597,5.8603754
2025-01-23 23:00:00+00:00,36.86999,7.2
2025-01-24 00:00:00+00:00,34.777905,7.889258
2025-01-24 01:00:00+00:00,29.744795,5.8048253
2025-01-24 02:00:00+00:00,30.379045,6.050785
2025-01-24 03:00:00+00:00,22.380184,9.927779
2025-01-24 04:00:00+00:00,50.389355,6.7757506
2025-01-24 05:00:00+00:00,60.75127,5.1575575
2025-01-24 06:00:00+00:00,46.97493,7.386582
2025-01-24 07:00:00+00:00,45.806843,9.037721
2025-01-24 08:00:00+00:00,46.5911,9.167638
2025-01-24 09:00:00+00:00,43.492626,9.67657
2025-01-24 10:00:00+00:00,41.37842,10.075177
2025-01-24 11:00:00+00:00,38.367523,11.019764
2025-01-24 12:00:00+00:00,37.05662,11.052058
2025-01-24 13:00:00+00:00,31.138918,10.094454
2025-01-24 14:00:00+00:00,35.417145,9.939196
2025-01-24 15:00:00+00:00,51.546265,7.8149853
2025-01-24 16:00:00+00:00,88.56794,7.2022495
2025-01-24 17:00:00+00:00,106.4601,8.2584505
2025-01-24 18:00:00+00:00,116.56499,8.452336
2025-01-24 19:00:00+00:00,122.27562,8.0899935
2025-01-24 20:00:00+00:00,105.64231,4.6730714
2025-01-24 21:00:00+00:00,30.465475,3.550155
2025-01-24 22:00:00+00:00,24.227736,3.9477081
2025-01-24 23:00:00+00:00,59.93151,3.9518096
2025-01-25 00:00:00+00:00,77.4712,3.319036
2025-01-25 01:00:00+00:00,90.0,2.52
2025-01-25 02:00:00+00:00,75.96373,2.226477
2025-01-25 03:00:00+00:00,108.43504,2.2768397
2025-01-25 04:00:00+00:00,101.3099,3.671294
2025-01-25 05:00:00+00:00,68.19853,1.9386592
2025-01-25 06:00:00+00:00,42.27363,2.6758924
2025-01-25 07:00:00+00:00,29.054508,3.7064266
2025-01-25 08:00:00+00:00,36.253937,3.3481934
2025-01-25 09:00:00+00:00,35.537766,3.096837
2025-01-25 10:00:00+00:00,16.699326,3.7585104
2025-01-25 11:00:00+00:00,10.885482,4.7657523
2025-01-25 12:00:00+00:00,28.072395,3.06
2025-01-25 13:00:00+00:00,57.528828,2.3469129
2025-01-25 14:00:00+00:00,96.340096,4.8899083
2025-01-25 15:00:00+00:00,115.277695,7.16617
2025-01-25 16:00:00+00:00,123.6901,6.489992
2025-01-25 17:00:00+00:00,123.6901,7.1389914
2025-01-25 18:00:00+00:00,120.963684,6.297428
2025-01-25 19:00:00+00:00,121.50421,6.544677
2025-01-25 20:00:00+00:00,130.60121,6.638072
2025-01-25 21:00:00+00:00,144.63745,6.8423676
2025-01-25 22:00:00+00:00,156.57129,5.8852015
2025-01-25 23:00:00+00:00,165.2564,3.536439
2025-01-26 00:00:00+00:00,167.4712,1.659518
2025-01-26 01:00:00+00:00,141.34016,1.1525624
2025-01-26 02:00:00+00:00,130.60121,1.659518
2025-01-26 03:00:00+00:00,132.5104,2.9301877
2025-01-26 04:00:00+00:00,109.09359,4.952453
2025-01-26 05:00:00+00:00,66.37061,3.143565
2025-01-26 06:00:00+00:00,54.16227,3.9966483
2025-01-26 07:00:00+00:00,46.39711,5.22
2025-01-26 08:00:00+00:00,46.468742,4.965521
2025-01-26 09:00:00+00:00,44.999897,4.5820518
2025-01-26 10:00:00+00:00,43.36347,4.4565907
2025-01-26 11:00:00+00:00,44.999897,4.5820518
2025-01-26 12:00:00+00:00,74.47583,3.362677
2025-01-26 13:00:00+00:00,103.39252,3.8856654
2025-01-26 14:00:00+00:00,119.53869,6.2067385
2025-01-26 15:00:00+00:00,135.0001,5.6002855
2025-01-26 16:00:00+00:00,140.19447,4.2175345
2025-01-26 17:00:00+00:00,126.25393,3.3481934
2025-01-26 18:00:00+00:00,119.357666,3.3043609
2025-01-26 19:00:00+00:00,119.357666,3.3043609
2025-01-26 20:00:00+00:00,127.568665,2.9522195
2025-01-26 21:00:00+00:00,135.0001,1.781909
2025-01-26 22:00:00+00:00,149.03632,1.0495713
2025-01-26 23:00:00+00:00,180.0,0.54
2025-01-27 00:00:00+00:00,180.0,0.35999998
2025-01-27 01:00:00+00:00,153.43501,2.0124612
2025-01-27 02:00:00+00:00,153.43501,2.4149535
2025-01-27 03:00:00+00:00,153.43501,2.8174455
2025-01-27 04:00:00+00:00,148.24057,4.4456716
2025-01-27 05:00:00+00:00,101.3099,2.7534704
2025-01-27 06:00:00+00:00,77.90526,2.5772078
2025-01-27 07:00:00+00:00,48.814175,1.9134263
2025-01-27 08:00:00+00:00,3.8140097,2.7059932
2025-01-27 09:00:00+00:00,355.03033,4.1556225
2025-01-27 10:00:00+00:00,357.95462,5.0432134
2025-01-27 11:00:00+00:00,10.784258,3.84796
2025-01-27 12:00:00+00:00,74.054535,1.3104197
2025-01-27 13:00:00+00:00,86.186005,2.7059932
2025-01-27 14:00:00+00:00,104.93147,5.5887027
2025-01-27 15:00:00+00:00,128.92755,6.015878
2025-01-27 16:00:00+00:00,125.753975,5.5450516
2025-01-27 17:00:00+00:00,119.24873,5.1575575
2025-01-27 18:00:00+00:00,121.82741,6.1437774
2025-01-27 19:00:00+00:00,128.04709,5.257109
2025-01-27 20:00:00+00:00,139.89915,4.471107
2025-01-27 21:00:00+00:00,144.46223,4.6452556
2025-01-27 22:00:00+00:00,152.24155,3.8647635
2025-01-27 23:00:00+00:00,152.10283,3.4623692
2025-01-28 00:00:00+00:00,145.30478,2.8460495
2025-01-28 01:00:00+00:00,136.54811,4.7110505
2025-01-28 02:00:00+00:00,143.53067,5.1481256
2025-01-28 03:00:00+00:00,145.92276,7.388775
2025-01-28 04:00:00+00:00,136.5911,9.167638
2025-01-28 05:00:00+00:00,120.65059,5.6492476
2025-01-28 06:00:00+00:00,111.44781,5.414979
2025-01-28 07:00:00+00:00,106.9276,4.327493
2025-01-28 08:00:00+00:00,132.27362,2.6758924
2025-01-28 09:00:00+00:00,186.3401,1.6299692
2025-01-28 10:00:00+00:00,224.9999,2.8001428
2025-01-28 11:00:00+00:00,216.02747,2.4482648
2025-01-28 12:00:00+00:00,53.13002,0.9
2025-01-28 13:00:00+00:00,77.4712,1.659518
2025-01-28 14:00:00+00:00,144.16226,3.9966483
2025-01-28 15:00:00+00:00,171.57312,4.913044
2025-01-28 16:00:00+00:00,184.39862,7.040739
2025-01-28 17:00:00+00:00,197.47487,10.1902895
2025-01-28 18:00:00+00:00,200.4329,9.796366
2025-01-28 19:00:00+00:00,207.01259,10.304114
2025-01-28 20:00:00+00:00,207.89719,10.387107
2025-01-28 21:00:00+00:00,206.56499,10.464797
2025-01-28 22:00:00+00:00,209.98155,10.805998
2025-01-28 23:00:00+00:00,218.15727,9.614426
2025-01-29 00:00:00+00:00,212.54999,10.036512
2025-01-29 01:00:00+00:00,199.44012,9.734987
2025-01-29 02:00:00+00:00,190.88548,9.531505
2025-01-29 03:00:00+00:00,184.0141,10.285232
2025-01-29 04:00:00+00:00,191.82146,7.9077177
2025-01-29 05:00:00+00:00,215.3113,5.293959
2025-01-29 06:00:00+00:00,218.41809,6.6624317
2025-01-29 07:00:00+00:00,215.09589,8.139901
2025-01-29 08:00:00+00:00,227.56381,8.536252
2025-01-29 09:00:00+00:00,244.98314,8.93859
2025-01-29 10:00:00+00:00,256.2392,9.080639
2025-01-29 11:00:00+00:00,265.03033,8.311245
2025-01-29 12:00:00+00:00,259.50858,4.942631
2025-01-29 13:00:00+00:00,260.2725,6.391901
2025-01-29 14:00:00+00:00,277.30566,7.0774574
2025-01-29 15:00:00+00:00,276.17007,6.698806
2025-01-29 16:00:00+00:00,265.10098,6.3231
2025-01-29 17:00:00+00:00,261.11942,5.8298883
2025-01-29 18:00:00+00:00,266.186,5.4119864
2025-01-29 19:00:00+00:00,275.04236,6.1437774
2025-01-29 20:00:00+00:00,288.43503,6.830519
2025-01-29 21:00:00+00:00,326.68936,7.538541
2025-01-29 22:00:00+00:00,343.0091,6.77575
2025-01-29 23:00:00+00:00,332.1028,6.9247384
2025-01-30 00:00:00+00:00,335.22488,7.731623
2025-01-30 01:00:00+00:00,353.01904,8.885877
2025-01-30 02:00:00+00:00,356.34784,8.477216
2025-01-30 03:00:00+00:00,1.3019345,7.922045
2025-01-30 04:00:00+00:00,5.19435,5.9644947
2025-01-30 05:00:00+00:00,5.19435,5.9644947
2025-01-30 06:00:00+00:00,358.36346,6.302571
2025-01-30 07:00:00+00:00,355.23645,6.5024605
2025-01-30 08:00:00+00:00,345.9637,5.937272
2025-01-30 09:00:00+00:00,331.9276,6.12
2025-01-30 10:00:00+00:00,322.12497,6.156947
2025-01-30 11:00:00+00:00,315.0001,6.3639607
2025-01-30 12:00:00+00:00,305.21768,3.745557
2025-01-30 13:00:00+00:00,300.46545,3.550155
2025-01-30 14:00:00+00:00,329.74365,5.00128
2025-01-30 15:00:00+00:00,335.55606,6.5248446
2025-01-30 16:00:00+00:00,301.60745,5.495161
2025-01-30 17:00:00+00:00,273.814,5.4119864
2025-01-30 18:00:00+00:00,273.814,2.7059932
2025-01-30 19:00:00+00:00,334.79892,3.381893
2025-01-30 20:00:00+00:00,18.970512,6.0908127
2025-01-30 21:00:00+00:00,44.999897,5.854844
2025-01-30 22:00:00+00:00,59.349415,5.6492476
2025-01-30 23:00:00+00:00,70.346085,5.3517847
2025-01-31 00:00:00+00:00,74.054535,5.2416787
2025-01-31 01:00:00+00:00,85.42616,4.514377
2025-01-31 02:00:00+00:00,100.88548,4.7657523
2025-01-31 03:00:00+00:00,113.80595,6.689125
2025-01-31 04:00:00+00:00,97.35229,5.6262593
2025-01-31 05:00:00+00:00,85.76369,4.8733153
2025-01-31 06:00:00+00:00,79.04598,5.6835546
2025-01-31 07:00:00+00:00,73.49557,5.068846
2025-01-31 08:00:00+00:00,63.435013,2.8174455
2025-01-31 09:00:00+00:00,36.86999,0.9
2025-01-31 10:00:00+00:00,345.9637,2.226477
2025-01-31 11:00:00+00:00,351.87,3.8183763
2025-01-31 12:00:00+00:00,354.95764,6.1437774
2025-01-31 13:00:00+00:00,343.3007,1.8792552
2025-01-31 14:00:00+00:00,47.12111,3.4388947
2025-01-31 15:00:00+00:00,38.65983,5.7628117
2025-01-31 16:00:00+00:00,32.471172,2.3469129
2025-01-31 17:00:00+00:00,135.0001,1.2727921
2025-01-31 18:00:00+00:00,130.60121,1.659518
2025-01-31 19:00:00+00:00,111.801476,1.9386592
2025-01-31 20:00:00+00:00,153.43501,0.40249225
2025-01-31 21:00:00+00:00,75.96373,0.742159
2025-01-31 22:00:00+00:00,33.6901,2.5959969
2025-01-31 23:00:00+00:00,33.178535,5.5916004
2025-02-01 00:00:00+00:00,42.709366,6.3690495
2025-02-01 01:00:00+00:00,37.476254,6.804381
2025-02-01 02:00:00+00:00,44.999897,6.1094027
2025-02-01 03:00:00+00:00,38.453735,7.8149853
2025-02-01 04:00:00+00:00,19.359097,7.0591216
2025-02-01 05:00:00+00:00,22.306253,7.587806
2025-02-01 06:00:00+00:00,24.775122,7.731623
2025-02-01 07:00:00+00:00,27.699385,8.131936
2025-02-01 08:00:00+00:00,30.343174,8.55142
2025-02-01 09:00:00+00:00,32.471172,9.387651
2025-02-01 10:00:00+00:00,28.705854,8.6193495
2025-02-01 11:00:00+00:00,25.407679,7.970972
2025-02-01 12:00:00+00:00,19.093594,4.952453
2025-02-01 13:00:00+00:00,345.9637,6.6794305
2025-02-01 14:00:00+00:00,346.82742,8.688613
2025-02-01 15:00:00+00:00,347.4712,8.297589
2025-02-01 16:00:00+00:00,344.19742,9.914717
2025-02-01 17:00:00+00:00,10.234742,13.169555
2025-02-01 18:00:00+00:00,27.950872,9.984729
2025-02-01 19:00:00+00:00,35.417145,9.939196
2025-02-01 20:00:00+00:00,51.842735,9.614426
2025-02-01 21:00:00+00:00,64.397865,9.580668
2025-02-01 22:00:00+00:00,65.92451,9.266067
2025-02-01 23:00:00+00:00,65.13633,8.133928
2025-02-02 00:00:00+00:00,64.5367,8.373386
2025-02-02 01:00:00+00:00,64.5367,8.373386
2025-02-02 02:00:00+00:00,58.392544,8.242743
2025-02-02 03:00:00+00:00,55.0079,8.78872
2025-02-02 04:00:00+00:00,65.05612,8.536252
2025-02-02 05:00:00+00:00,67.557205,8.958504
2025-02-02 06:00:00+00:00,63.435013,10.062305
2025-02-02 07:00:00+00:00,60.255207,14.512064
2025-02-02 08:00:00+00:00,55.738853,15.027575
2025-02-02 09:00:00+00:00,54.293217,14.186923
2025-02-02 10:00:00+00:00,53.583534,13.644427
2025-02-02 11:00:00+00:00,53.471054,12.096214
2025-02-02 12:00:00+00:00,55.560955,7.6388745
2025-02-02 13:00:00+00:00,50.59937,6.522361
2025-02-02 14:00:00+00:00,35.537766,7.7420926
2025-02-02 15:00:00+00:00,40.10085,8.942214
2025-02-02 16:00:00+00:00,53.3658,8.748075
2025-02-02 17:00:00+00:00,44.999897,9.418662
2025-02-02 18:00:00+00:00,34.82457,10.086427
2025-02-02 19:00:00+00:00,30.784075,9.847496
2025-02-02 20:00:00+00:00,36.86999,9.0
2025-02-02 21:00:00+00:00,40.601215,8.297589
2025-02-02 22:00:00+00:00,45.939102,7.7650757
2025-02-02 23:00:00+00:00,55.1246,7.2403865
2025-02-03 00:00:00+00:00,65.22488,7.731623
2025-02-03 01:00:00+00:00,73.14152,6.206738
2025-02-03 02:00:00+00:00,73.61038,6.379216
2025-02-03 03:00:00+00:00,81.86999,7.6367526
2025-02-03 04:00:00+00:00,60.94549,5.5596404
2025-02-03 05:00:00+00:00,41.82009,4.5891175
2025-02-03 06:00:00+00:00,33.111355,4.942631
2025-02-03 07:00:00+00:00,33.6901,5.1919937
2025-02-03 08:00:00+00:00,26.564985,3.219938
2025-02-03 09:00:00+00:00,270.0,3.6
2025-02-03 10:00:00+00:00,261.02747,6.924738
2025-02-03 11:00:00+00:00,264.80566,5.9644947
2025-02-03 12:00:00+00:00,300.25635,2.50064
2025-02-03 13:00:00+00:00,345.25638,3.536439
2025-02-03 14:00:00+00:00,336.19403,6.689125
2025-02-03 15:00:00+00:00,331.38962,6.76618
2025-02-03 16:00:00+00:00,294.77512,2.5772076
2025-02-03 17:00:00+00:00,233.13002,1.8
2025-02-03 18:00:00+00:00,224.9999,1.781909
2025-02-03 19:00:00+00:00,203.9625,1.7727944
2025-02-03 20:00:00+00:00,198.43504,2.2768397
2025-02-03 21:00:00+00:00,218.65984,1.1525624
2025-02-03 22:00:00+00:00,248.96242,2.5071096
2025-02-03 23:00:00+00:00,251.56496,4.5536795
2025-02-04 00:00:00+00:00,249.44386,3.0758414
2025-02-04 01:00:00+00:00,243.43501,1.2074767
2025-02-04 02:00:00+00:00,233.13002,0.9
2025-02-04 03:00:00+00:00,126.86999,0.9
2025-02-04 04:00:00+00:00,85.91447,5.0528407
2025-02-04 05:00:00+00:00,74.054535,3.9312592
2025-02-04 06:00:00+00:00,58.392544,2.7475805
2025-02-04 07:00:00+00:00,44.999897,1.781909
2025-02-04 08:00:00+00:00,360.0,0.54
2025-02-04 09:00:00+00:00,257.00537,2.4014995
2025-02-04 10:00:00+00:00,263.6599,4.8899083
2025-02-04 11:00:00+00:00,296.56497,5.2323985
2025-02-04 12:00:00+00:00,327.52884,2.3469129
2025-02-04 13:00:00+00:00,104.743614,3.536439
2025-02-04 14:00:00+00:00,160.9743,5.5216303
2025-02-04 15:00:00+00:00,169.6952,6.037383
2025-02-04 16:00:00+00:00,185.7105,3.6179552
2025-02-04 17:00:00+00:00,177.6141,4.323748
2025-02-04 18:00:00+00:00,213.6901,5.8409934
2025-02-04 19:00:00+00:00,224.9999,6.618519
2025-02-04 20:00:00+00:00,248.19853,6.7853074
2025-02-04 21:00:00+00:00,258.0239,6.0721655
2025-02-04 22:00:00+00:00,270.0,5.5799994
2025-02-04 23:00:00+00:00,266.42374,5.771239
2025-02-05 00:00:00+00:00,271.73566,5.9427266
2025-02-05 01:00:00+00:00,271.78986,5.7628117
2025-02-05 02:00:00+00:00,264.09396,5.2478566
2025-02-05 03:00:00+00:00,268.15244,5.5829024
2025-02-05 04:00:00+00:00,292.6199,4.6800003
2025-02-05 05:00:00+00:00,333.43503,3.62243
2025-02-05 06:00:00+00:00,338.9624,5.0142193
2025-02-05 07:00:00+00:00,335.55606,4.3498964
2025-02-05 08:00:00+00:00,315.0001,4.072935
2025-02-05 09:00:00+00:00,291.3707,4.445672
2025-02-05 10:00:00+00:00,274.57382,4.514377
2025-02-05 11:00:00+00:00,261.46933,3.6402748
2025-02-05 12:00:00+00:00,240.2552,2.9024127
2025-02-05 13:00:00+00:00,180.0,3.7799997
2025-02-05 14:00:00+00:00,198.43504,0.56920993
2025-02-05 15:00:00+00:00,351.4693,3.6402748
2025-02-05 16:00:00+00:00,10.007925,3.1072817
2025-02-05 17:00:00+00:00,337.3801,2.3400002
2025-02-05 18:00:00+00:00,303.6901,2.5959969
2025-02-05 19:00:00+00:00,303.6901,4.542994
2025-02-05 20:00:00+00:00,317.2026,6.623413
2025-02-05 21:00:00+00:00,338.19852,5.815978
2025-02-05 22:00:00+00:00,347.4712,6.638072
2025-02-05 23:00:00+00:00,358.56793,7.2022495
2025-02-06 00:00:00+00:00,17.87879,5.8631387
2025-02-06 01:00:00+00:00,38.990997,4.863332
2025-02-06 02:00:00+00:00,52.3057,5.004518
2025-02-06 03:00:00+00:00,60.94549,5.5596404
2025-02-06 04:00:00+00:00,65.55606,6.5248446
2025-02-06 05:00:00+00:00,69.67678,5.1826253
2025-02-06 06:00:00+00:00,62.65021,5.8769383
2025-02-06 07:00:00+00:00,65.32315,7.329338
2025-02-06 08:00:00+00:00,70.559875,6.489992
2025-02-06 09:00:00+00:00,72.18102,5.2939587
2025-02-06 10:00:00+00:00,63.435013,6.8423676
2025-02-06 11:00:00+00:00,65.09527,5.5567255
2025-02-06 12:00:00+00:00,60.94549,3.7064266
2025-02-06 13:00:00+00:00,90.0,1.4399999
2025-02-06 14:00:00+00:00,120.96369,1.0495713
2025-02-06 15:00:00+00:00,41.98713,2.4216523
2025-02-06 16:00:00+00:00,35.909817,6.444905
2025-02-06 17:00:00+00:00,52.001225,7.3094187
2025-02-06 18:00:00+00:00,66.037506,7.0911775
2025-02-06 19:00:00+00:00,71.564964,7.3997297
2025-02-06 20:00:00+00:00,44.090717,8.019601
2025-02-06 21:00:00+00:00,50.52757,7.928177
2025-02-06 22:00:00+00:00,70.42679,8.596766
2025-02-06 23:00:00+00:00,80.34018,8.581677
2025-02-07 00:00:00+00:00,84.507774,9.403169
2025-02-07 01:00:00+00:00,97.27491,8.528657
2025-02-07 02:00:00+00:00,102.90741,8.863972
2025-02-07 03:00:00+00:00,99.27253,8.936778
2025-02-07 04:00:00+00:00,86.423744,8.656858
2025-02-07 05:00:00+00:00,80.31129,7.486788
2025-02-07 06:00:00+00:00,81.46932,7.2805495
2025-02-07 07:00:00+00:00,86.26868,8.297589
2025-02-07 08:00:00+00:00,86.347855,8.477216
2025-02-07 09:00:00+00:00,74.98159,7.6409945
2025-02-07 10:00:00+00:00,68.19853,7.754637
2025-02-07 11:00:00+00:00,70.46326,5.920878
2025-02-07 12:00:00+00:00,73.73973,4.5
2025-02-07 13:00:00+00:00,61.55718,4.913044
2025-02-07 14:00:00+00:00,60.255207,4.3536186
2025-02-07 15:00:00+00:00,34.82457,5.0432134
2025-02-07 16:00:00+00:00,51.115498,7.1684303
2025-02-07 17:00:00+00:00,76.60749,7.771331
2025-02-07 18:00:00+00:00,84.68555,7.7734165
2025-02-07 19:00:00+00:00,99.68872,7.486788
2025-02-07 20:00:00+00:00,114.56716,6.9270773
2025-02-07 21:00:00+00:00,123.6901,6.489992
2025-02-07 22:00:00+00:00,124.50858,6.989936
2025-02-07 23:00:00+00:00,126.027466,7.344794
2025-02-08 00:00:00+00:00,130.31403,7.7900705
2025-02-08 01:00:00+00:00,117.979385,6.5223618
2025-02-08 02:00:00+00:00,106.699326,5.637765
2025-02-08 03:00:00+00:00,112.38018,6.6185193
2025-02-08 04:00:00+00:00,113.198616,6.8541956
2025-02-08 05:00:00+00:00,112.1664,5.2478566
2025-02-08 06:00:00+00:00,113.198616,6.8541956
2025-02-08 07:00:00+00:00,107.87879,5.8631387
2025-02-08 08:00:00+00:00,95.19434,3.9763298
2025-02-08 09:00:00+00:00,96.70974,3.0811036
2025-02-08 10:00:00+00:00,101.3099,2.7534704
2025-02-08 11:00:00+00:00,98.74608,2.36753
2025-02-08 12:00:00+00:00,58.392544,2.7475805
2025-02-08 13:00:00+00:00,32.73523,2.995797
2025-02-08 14:00:00+00:00,49.969803,5.876938
2025-02-08 15:00:00+00:00,57.17146,6.6405115
2025-02-08 16:00:00+00:00,94.89901,6.3231
2025-02-08 17:00:00+00:00,107.35411,6.0347
2025-02-08 18:00:00+00:00,74.054535,3.9312592
2025-02-08 19:00:00+00:00,54.16227,3.9966483
2025-02-08 20:00:00+00:00,54.16227,3.9966483
2025-02-08 21:00:00+00:00,84.644264,5.7852573
2025-02-08 22:00:00+00:00,90.0,6.8399997
2025-02-08 23:00:00+00:00,90.0,6.4799995
2025-02-09 00:00:00+00:00,95.19434,5.9644947
2025-02-09 01:00:00+00:00,115.64096,4.991553
2025-02-09 02:00:00+00:00,108.43504,4.5536795
2025-02-09 03:00:00+00:00,85.91447,5.0528407
2025-02-09 04:00:00+00:00,86.186005,5.4119864
2025-02-09 05:00:00+00:00,72.47434,3.5864744
2025-02-09 06:00:00+00:00,60.255207,2.9024127
2025-02-09 07:00:00+00:00,52.124958,2.0523157
2025-02-09 08:00:00+00:00,29.054508,1.8532133
2025-02-09 09:00:00+00:00,24.443953,2.1749482
2025-02-09 10:00:00+00:00,11.3098955,2.7534704
2025-02-09 11:00:00+00:00,4.085537,2.5264204
2025-02-09 12:00:00+00:00,5.7105074,3.6179552
2025-02-09 13:00:00+00:00,337.3801,2.3400002
2025-02-09 14:00:00+00:00,90.0,1.4399999
2025-02-09 15:00:00+00:00,127.694305,5.004518
2025-02-09 16:00:00+00:00,165.2564,3.536439
2025-02-09 17:00:00+00:00,212.61923,5.3426957
2025-02-09 18:00:00+00:00,218.65984,6.9153743
2025-02-09 19:00:00+00:00,227.12111,6.8777895
2025-02-09 20:00:00+00:00,236.68936,7.538541
2025-02-09 21:00:00+00:00,238.57048,7.5942082
2025-02-09 22:00:00+00:00,236.3099,7.1389914
2025-02-09 23:00:00+00:00,238.49579,6.544677
2025-02-10 00:00:00+00:00,234.46223,6.193674
2025-02-10 01:00:00+00:00,224.9999,3.3092594
2025-02-10 02:00:00+00:00,208.30066,2.657668
2025-02-10 03:00:00+00:00,219.80553,4.2175345
2025-02-10 04:00:00+00:00,210.65059,5.6492476
2025-02-10 05:00:00+00:00,222.79738,6.623413
2025-02-10 06:00:00+00:00,228.69148,7.9077177
2025-02-10 07:00:00+00:00,234.7275,9.039514
2025-02-10 08:00:00+00:00,242.44727,9.339208
2025-02-10 09:00:00+00:00,244.44008,9.178235
2025-02-10 10:00:00+00:00,247.28555,8.39078
2025-02-10 11:00:00+00:00,253.0091,6.77575
2025-02-10 12:00:00+00:00,270.0,5.04
2025-02-10 13:00:00+00:00,255.96373,7.42159
2025-02-10 14:00:00+00:00,244.59233,7.970972
2025-02-10 15:00:00+00:00,232.35231,7.9567327
2025-02-10 16:00:00+00:00,225.9391,7.7650757
2025-02-10 17:00:00+00:00,219.0355,8.574123
2025-02-10 18:00:00+00:00,220.97165,9.059205
2025-02-10 19:00:00+00:00,219.3693,9.080639
2025-02-10 20:00:00+00:00,224.21526,9.292254
2025-02-10 21:00:00+00:00,230.9645,8.574123
2025-02-10 22:00:00+00:00,226.73567,8.404285
2025-02-10 23:00:00+00:00,225.78473,9.292254
2025-02-11 00:00:00+00:00,226.5911,9.167638
2025-02-11 01:00:00+00:00,226.50737,9.67657
2025-02-11 02:00:00+00:00,224.9999,9.673221
2025-02-11 03:00:00+00:00,224.16977,8.783189
2025-02-11 04:00:00+00:00,223.7812,5.983477
2025-02-11 05:00:00+00:00,247.61981,3.3092597
2025-02-11 06:00:00+00:00,279.09018,4.5572357
2025-02-11 07:00:00+00:00,293.7495,4.91634
2025-02-11 08:00:00+00:00,309.28937,5.1165614
2025-02-11 09:00:00+00:00,315.0001,5.6002855
2025-02-11 10:00:00+00:00,316.33215,5.4744864
2025-02-11 11:00:00+00:00,326.97614,4.293669
2025-02-11 12:00:00+00:00,334.53668,4.186693
2025-02-11 13:00:00+00:00,329.9315,7.9036193
2025-02-11 14:00:00+00:00,334.53668,8.373386
2025-02-11 15:00:00+00:00,339.14545,8.089993
2025-02-11 16:00:00+00:00,332.81897,7.4867883
2025-02-11 17:00:00+00:00,319.84406,7.5363917
2025-02-11 18:00:00+00:00,334.02567,7.8087645
2025-02-11 19:00:00+00:00,358.60284,7.3821945
2025-02-11 20:00:00+00:00,6.70975,6.162207
2025-02-11 21:00:00+00:00,2.6025116,3.964089
2025-02-11 22:00:00+00:00,326.3099,3.244996
2025-02-11 23:00:00+00:00,288.43503,2.2768397
2025-02-12 00:00:00+00:00,279.46225,2.1897945
2025-02-12 01:00:00+00:00,213.6901,0.6489992
2025-02-12 02:00:00+00:00,224.9999,0.76367533
2025-02-12 03:00:00+00:00,224.9999,1.5273507
2025-02-12 04:00:00+00:00,277.76508,3.9966488
2025-02-12 05:00:00+00:00,278.74606,2.36753
2025-02-12 06:00:00+00:00,280.6196,2.9301877
2025-02-12 07:00:00+00:00,287.24155,5.4656014
2025-02-12 08:00:00+00:00,304.62424,9.187056
2025-02-12 09:00:00+00:00,306.46933,10.296251
2025-02-12 10:00:00+00:00,307.07315,10.152064
2025-02-12 11:00:00+00:00,308.82983,9.473541
2025-02-12 12:00:00+00:00,312.39737,5.6060677
2025-02-12 13:00:00+00:00,316.3971,5.22
2025-02-12 14:00:00+00:00,336.2505,4.91634
2025-02-12 15:00:00+00:00,351.4693,7.2805495
2025-02-12 16:00:00+00:00,344.05453,5.2416787
2025-02-12 17:00:00+00:00,313.6029,5.22
2025-02-12 18:00:00+00:00,313.66785,5.4744864
2025-02-12 19:00:00+00:00,343.0091,6.77575
2025-02-12 20:00:00+00:00,355.23645,6.5024605
2025-02-12 21:00:00+00:00,355.23645,2.1674871
2025-02-12 22:00:00+00:00,66.037506,1.7727944
2025-02-12 23:00:00+00:00,47.72637,2.6758924
2025-02-13 00:00:00+00:00,79.69521,2.0124612
2025-02-13 01:00:00+00:00,131.98714,2.4216523
2025-02-13 02:00:00+00:00,144.46223,3.096837
2025-02-13 03:00:00+00:00,154.44008,4.5891175
2025-02-13 04:00:00+00:00,148.29861,7.193247
2025-02-13 05:00:00+00:00,142.76509,5.6521144
2025-02-13 06:00:00+00:00,155.09526,5.5567255
2025-02-13 07:00:00+00:00,216.86998,2.6999998
2025-02-13 08:00:00+00:00,262.5687,4.175069
2025-02-13 09:00:00+00:00,266.72958,6.310277
2025-02-13 10:00:00+00:00,273.01273,6.849467
2025-02-13 11:00:00+00:00,272.3859,4.323748
2025-02-13 12:00:00+00:00,270.0,1.8
2025-02-13 13:00:00+00:00,239.0363,1.0495713
2025-02-13 14:00:00+00:00,265.03033,4.1556225
2025-02-13 15:00:00+00:00,257.4712,4.9785542
2025-02-13 16:00:00+00:00,217.23491,5.6521144
2025-02-13 17:00:00+00:00,214.15974,6.090812
2025-02-13 18:00:00+00:00,223.95847,7.001514
2025-02-13 19:00:00+00:00,226.04153,7.001514
2025-02-13 20:00:00+00:00,211.50421,6.544677
2025-02-13 21:00:00+00:00,195.94547,6.5520988
2025-02-13 22:00:00+00:00,189.92618,7.3094187
2025-02-13 23:00:00+00:00,194.62091,8.557102
2025-02-14 00:00:00+00:00,193.44862,8.513448
2025-02-14 01:00:00+00:00,183.814,8.11798
2025-02-14 02:00:00+00:00,191.5601,8.083983
2025-02-14 03:00:00+00:00,195.06854,9.6932955
2025-02-14 04:00:00+00:00,196.58742,8.827343
2025-02-14 05:00:00+00:00,220.85529,8.805294
2025-02-14 06:00:00+00:00,247.98866,9.12513
2025-02-14 07:00:00+00:00,263.41815,9.422101
2025-02-14 08:00:00+00:00,275.49222,9.403169
2025-02-14 09:00:00+00:00,279.46225,9.854075
2025-02-14 10:00:00+00:00,277.88306,11.811622
2025-02-14 11:00:00+00:00,277.23682,11.431063
2025-02-14 12:00:00+00:00,271.46878,7.0223074
2025-02-14 13:00:00+00:00,260.31128,7.486788
2025-02-14 14:00:00+00:00,253.85559,7.1208143
2025-02-14 15:00:00+00:00,212.61923,5.3426957
2025-02-14 16:00:00+00:00,196.1135,8.431228
2025-02-14 17:00:00+00:00,202.1664,10.495713
2025-02-14 18:00:00+00:00,205.79597,11.995349
2025-02-14 19:00:00+00:00,215.7275,12.638512
2025-02-14 20:00:00+00:00,222.39738,11.212135
2025-02-14 21:00:00+00:00,220.0302,11.753876
2025-02-14 22:00:00+00:00,221.112,13.14
2025-02-14 23:00:00+00:00,226.5481,14.133152
2025-02-15 00:00:00+00:00,232.79199,12.204212
2025-02-15 01:00:00+00:00,246.91484,11.935778
2025-02-15 02:00:00+00:00,245.22488,10.30883
2025-02-15 03:00:00+00:00,251.56496,9.676569
2025-02-15 04:00:00+00:00,263.36758,7.79215
2025-02-15 05:00:00+00:00,284.03625,6.6794305
2025-02-15 06:00:00+00:00,319.9698,5.876938
2025-02-15 07:00:00+00:00,331.8215,5.7176566
2025-02-15 08:00:00+00:00,312.8789,6.8777895
2025-02-15 09:00:00+00:00,314.0907,8.019601
2025-02-15 10:00:00+00:00,315.0001,7.891311
2025-02-15 11:00:00+00:00,324.46225,6.193674
2025-02-15 12:00:00+00:00,338.6293,4.445672
2025-02-15 13:00:00+00:00,12.528798,6.638072
2025-02-15 14:00:00+00:00,13.706991,7.596341
2025-02-15 15:00:00+00:00,21.801476,7.754637
2025-02-15 16:00:00+00:00,19.746927,7.458606
2025-02-15 17:00:00+00:00,8.530692,7.2805495
2025-02-15 18:00:00+00:00,37.875042,6.156947
2025-02-15 19:00:00+00:00,69.44387,6.151683
2025-02-15 20:00:00+00:00,87.064384,7.029225
2025-02-15 21:00:00+00:00,94.18484,7.3997297
2025-02-15 22:00:00+00:00,105.376305,7.4672885
2025-02-15 23:00:00+00:00,121.218346,6.945761
2025-02-16 00:00:00+00:00,135.0001,6.873078
2025-02-16 01:00:00+00:00,121.60746,8.242743
2025-02-16 02:00:00+00:00,153.43501,8.049845
2025-02-16 03:00:00+00:00,148.24057,8.891343
2025-02-16 04:00:00+00:00,139.26799,8.55142
2025-02-16 05:00:00+00:00,143.97253,7.344794
2025-02-16 06:00:00+00:00,150.25522,10.158444
2025-02-16 07:00:00+00:00,165.42575,9.299225
2025-02-16 08:00:00+00:00,202.01134,9.12513
2025-02-16 09:00:00+00:00,233.61555,12.744457
2025-02-16 10:00:00+00:00,245.55606,15.224637
2025-02-16 11:00:00+00:00,253.49556,15.206538
2025-02-16 12:00:00+00:00,254.66666,11.571914
2025-02-16 13:00:00+00:00,259.6112,10.98
2025-02-16 14:00:00+00:00,260.53775,7.6642804
2025-02-16 15:00:00+00:00,235.22209,7.889258
2025-02-16 16:00:00+00:00,270.0,10.799999
2025-02-16 17:00:00+00:00,314.145,8.528657
2025-02-16 18:00:00+00:00,22.78244,9.761578
2025-02-16 19:00:00+00:00,41.552525,10.583326
2025-02-16 20:00:00+00:00,41.82009,9.178235
2025-02-16 21:00:00+00:00,40.10085,8.942214
2025-02-16 22:00:00+00:00,39.289394,7.674842
2025-02-16 23:00:00+00:00,33.6901,7.1389914
2025-02-17 00:00:00+00:00,44.06091,7.7650757
2025-02-17 01:00:00+00:00,39.805527,7.029225
2025-02-17 02:00:00+00:00,56.768288,6.2405767
2025-02-17 03:00:00+00:00,61.504463,7.1684303
2025-02-17 04:00:00+00:00,49.236485,6.8919086
2025-02-17 05:00:00+00:00,45.909298,8.019601
2025-02-17 06:00:00+00:00,47.815628,7.7734165
2025-02-17 07:00:00+00:00,53.61555,8.4963045
2025-02-17 08:00:00+00:00,45.78474,9.292254
2025-02-17 09:00:00+00:00,40.364468,9.449572
2025-02-17 10:00:00+00:00,29.577742,7.6579366
2025-02-17 11:00:00+00:00,24.145542,5.7204895
2025-02-17 12:00:00+00:00,6.70975,3.0811036
2025-02-17 13:00:00+00:00,349.11453,4.7657523
2025-02-17 14:00:00+00:00,355.36462,6.6818557
2025-02-17 15:00:00+00:00,21.31798,7.9220443
2025-02-17 16:00:00+00:00,31.372961,8.643749
2025-02-17 17:00:00+00:00,10.175456,7.1321807
2025-02-17 18:00:00+00:00,13.706991,7.596341
2025-02-17 19:00:00+00:00,30.465475,7.10031
2025-02-17 20:00:00+00:00,29.197395,7.0107627
2025-02-17 21:00:00+00:00,33.6901,7.1389914
2025-02-17 22:00:00+00:00,35.537766,6.193674
2025-02-17 23:00:00+00:00,1.6365454,6.302571
2025-02-18 00:00:00+00:00,13.627024,6.1120534
2025-02-18 01:00:00+00:00,18.778133,9.505977
2025-02-18 02:00:00+00:00,31.890757,9.54
2025-02-18 03:00:00+00:00,43.36347,8.913181
2025-02-18 04:00:00+00:00,40.855286,8.805294
2025-02-18 05:00:00+00:00,39.47243,7.928177
2025-02-18 06:00:00+00:00,40.763515,6.8919086
2025-02-18 07:00:00+00:00,30.256361,5.00128
2025-02-18 08:00:00+00:00,352.87506,4.353619
2025-02-18 09:00:00+00:00,323.53067,5.1481256
2025-02-18 10:00:00+00:00,301.60745,5.495161
2025-02-18 11:00:00+00:00,299.24872,5.1575575
2025-02-18 12:00:00+00:00,326.3099,2.5959969
2025-02-18 13:00:00+00:00,360.0,2.8799999
2025-02-18 14:00:00+00:00,29.744795,5.8048253
2025-02-18 15:00:00+00:00,31.328646,4.846648
2025-02-18 16:00:00+00:00,56.88865,4.942631
2025-02-18 17:00:00+00:00,61.821507,5.7176566
2025-02-18 18:00:00+00:00,91.90912,5.4029994
2025-02-18 19:00:00+00:00,58.1726,6.1437774
2025-02-18 20:00:00+00:00,58.240574,4.4456716
2025-02-18 21:00:00+00:00,83.41815,4.7110505
2025-02-18 22:00:00+00:00,91.59111,6.482499
2025-02-18 23:00:00+00:00,94.66678,8.849339
2025-02-19 00:00:00+00:00,100.30479,8.049845
2025-02-19 01:00:00+00:00,115.906456,7.0038276
2025-02-19 02:00:00+00:00,128.8845,7.1684303
2025-02-19 03:00:00+00:00,138.36655,8.669949
2025-02-19 04:00:00+00:00,145.75092,10.234705
2025-02-19 05:00:00+00:00,156.91484,11.935778
2025-02-19 06:00:00+00:00,172.14677,15.808263
2025-02-19 07:00:00+00:00,193.0919,15.893093
2025-02-19 08:00:00+00:00,225.5456,13.3649235
2025-02-19 09:00:00+00:00,254.38054,17.381887
2025-02-19 10:00:00+00:00,246.97447,15.646544
2025-02-19 11:00:00+00:00,252.672,23.569693
2025-02-19 12:00:00+00:00,263.1819,16.67795
2025-02-19 13:00:00+00:00,354.2073,12.483749
2025-02-19 14:00:00+00:00,350.53775,7.6642804
2025-02-19 15:00:00+00:00,24.075504,9.266067
2025-02-19 16:00:00+00:00,53.13002,9.0
2025-02-19 17:00:00+00:00,48.91835,9.313152
2025-02-19 18:00:00+00:00,34.69522,8.53815
2025-02-19 19:00:00+00:00,15.461285,8.777653
2025-02-19 20:00:00+00:00,9.039405,8.019601
2025-02-19 21:00:00+00:00,23.552286,7.6579366
2025-02-19 22:00:00+00:00,28.739704,6.3639607
2025-02-19 23:00:00+00:00,36.38445,4.2481523
2025-02-20 00:00:00+00:00,43.152412,3.9477081
2025-02-20 01:00:00+00:00,53.13002,2.6999998
2025-02-20 02:00:00+00:00,67.3801,2.3400002
2025-02-20 03:00:00+00:00,44.999897,3.8183763
2025-02-20 04:00:00+00:00,303.6901,1.2979984
2025-02-20 05:00:00+00:00,347.19574,4.060985
2025-02-20 06:00:00+00:00,3.46817,5.950899
2025-02-20 07:00:00+00:00,339.44388,4.613762
2025-02-20 08:00:00+00:00,299.0545,5.5596404
2025-02-20 09:00:00+00:00,279.7275,6.391901
2025-02-20 10:00:00+00:00,274.5139,6.8612823
2025-02-20 11:00:00+00:00,288.88617,7.229191
2025-02-20 12:00:00+00:00,300.25635,7.5019197
2025-02-20 13:00:00+00:00,317.29062,3.1845248
2025-02-20 14:00:00+00:00,339.22766,5.5829024
2025-02-20 15:00:00+00:00,15.524177,6.725354
2025-02-20 16:00:00+00:00,62.70051,6.279395
2025-02-20 17:00:00+00:00,67.24899,6.050785
2025-02-20 18:00:00+00:00,71.11382,7.229191
2025-02-20 19:00:00+00:00,82.56869,8.350138
2025-02-20 20:00:00+00:00,94.57384,9.028754
2025-02-20 21:00:00+00:00,93.23964,9.555271
2025-02-20 22:00:00+00:00,84.710014,9.761578
2025-02-20 23:00:00+00:00,79.50858,9.885262
2025-02-21 00:00:00+00:00,82.64771,11.252519
2025-02-21 01:00:00+00:00,82.528534,11.074022
2025-02-21 02:00:00+00:00,77.00539,9.605998
2025-02-21 03:00:00+00:00,70.09616,11.103243
2025-02-21 04:00:00+00:00,73.49557,10.137692
2025-02-21 05:00:00+00:00,73.033775,11.103243
2025-02-21 06:00:00+00:00,72.47434,10.759423
2025-02-21 07:00:00+00:00,78.340744,11.578912
2025-02-21 08:00:00+00:00,82.010765,10.360559
2025-02-21 09:00:00+00:00,75.96373,7.42159
2025-02-21 10:00:00+00:00,59.620956,6.050785
2025-02-21 11:00:00+00:00,33.6901,6.489992
2025-02-21 12:00:00+00:00,42.184383,7.7734165
2025-02-21 13:00:00+00:00,42.397392,5.6060677
2025-02-21 14:00:00+00:00,27.950872,9.984729
2025-02-21 15:00:00+00:00,26.564985,11.672275
2025-02-21 16:00:00+00:00,33.42483,10.783486
2025-02-21 17:00:00+00:00,47.93576,9.9408245
2025-02-21 18:00:00+00:00,52.695976,9.504272
2025-02-21 19:00:00+00:00,51.51978,8.967541
2025-02-21 20:00:00+00:00,49.144714,8.805294
2025-02-21 21:00:00+00:00,46.5911,9.167638
2025-02-21 22:00:00+00:00,48.01287,9.686609
2025-02-21 23:00:00+00:00,45.78474,9.292254
2025-02-22 00:00:00+00:00,39.289394,10.233123
2025-02-22 01:00:00+00:00,37.450653,10.656547
2025-02-22 02:00:00+00:00,39.289394,10.233123
2025-02-22 03:00:00+00:00,47.070034,10.571074
2025-02-22 04:00:00+00:00,61.144444,10.070353
2025-02-22 05:00:00+00:00,70.27763,10.134496
2025-02-22 06:00:00+00:00,74.931465,9.6932955
2025-02-22 07:00:00+00:00,79.21575,7.69592
2025-02-22 08:00:00+00:00,78.11137,3.4949677
2025-02-22 09:00:00+00:00,302.00534,1.6981165
2025-02-22 10:00:00+00:00,295.7099,5.3939967
2025-02-22 11:00:00+00:00,306.52896,6.048107
2025-02-22 12:00:00+00:00,332.44727,4.669604
2025-02-22 13:00:00+00:00,352.5687,4.175069
2025-02-22 14:00:00+00:00,30.068504,3.9518096
2025-02-22 15:00:00+00:00,39.805527,7.029225
2025-02-22 16:00:00+00:00,41.054726,7.3997297
2025-02-22 17:00:00+00:00,90.0,5.3999996
2025-02-22 18:00:00+00:00,114.30454,6.1226463
2025-02-22 19:00:00+00:00,110.13639,5.7515564
2025-02-22 20:00:00+00:00,123.690094,5.1919937
2025-02-22 21:00:00+00:00,118.442825,4.913044
2025-02-22 22:00:00+00:00,97.853226,5.2694216
2025-02-22 23:00:00+00:00,101.88863,6.9899354
2025-02-23 00:00:00+00:00,105.376305,7.4672885
2025-02-23 01:00:00+00:00,108.43504,7.968939
2025-02-23 02:00:00+00:00,116.56499,9.257321
2025-02-23 03:00:00+00:00,120.256355,10.00256
2025-02-23 04:00:00+00:00,112.52061,7.989242
2025-02-23 05:00:00+00:00,114.53771,9.102021
2025-02-23 06:00:00+00:00,121.292984,10.742848
2025-02-23 07:00:00+00:00,120.529625,8.149847
2025-02-23 08:00:00+00:00,123.17853,5.5916004
2025-02-23 09:00:00+00:00,127.875046,4.1046314
2025-02-23 10:00:00+00:00,129.80553,2.8116899
2025-02-23 11:00:00+00:00,122.471176,2.3469129
2025-02-23 12:00:00+00:00,48.814175,1.9134263
2025-02-23 13:00:00+00:00,29.16752,8.863972
2025-02-23 14:00:00+00:00,56.056374,11.282711
2025-02-23 15:00:00+00:00,88.12216,10.9859
2025-02-23 16:00:00+00:00,119.74479,2.9024127
2025-02-23 17:00:00+00:00,288.43503,0.56920993
2025-02-23 18:00:00+00:00,236.3099,0.6489992
2025-02-23 19:00:00+00:00,135.0001,1.781909
2025-02-23 20:00:00+00:00,109.440125,3.244996
2025-02-23 21:00:00+00:00,97.59455,5.4477882
2025-02-23 22:00:00+00:00,83.08887,5.9834766
2025-02-23 23:00:00+00:00,107.10281,4.896529
2025-02-24 00:00:00+00:00,90.0,3.4199998
2025-02-24 01:00:00+00:00,114.14554,5.7204895
2025-02-24 02:00:00+00:00,105.945465,7.8625183
2025-02-24 03:00:00+00:00,112.4428,8.958504
2025-02-24 04:00:00+00:00,111.541046,7.353611
2025-02-24 05:00:00+00:00,121.50421,6.544677
2025-02-24 06:00:00+00:00,144.90411,8.139901
2025-02-24 07:00:00+00:00,154.02567,7.8087645
2025-02-24 08:00:00+00:00,159.86362,5.7515564
2025-02-24 09:00:00+00:00,169.50858,4.942631
2025-02-24 10:00:00+00:00,175.03035,4.1556225
2025-02-24 11:00:00+00:00,168.11136,3.4949677
2025-02-24 12:00:00+00:00,161.56496,1.1384199
2025-02-24 13:00:00+00:00,315.0001,0.76367533
2025-02-24 14:00:00+00:00,251.56496,1.1384199
2025-02-24 15:00:00+00:00,221.98714,2.4216523
2025-02-24 16:00:00+00:00,212.47118,2.3469129
2025-02-24 17:00:00+00:00,217.87505,4.1046314
2025-02-24 18:00:00+00:00,228.17992,4.5891175
2025-02-24 19:00:00+00:00,221.34767,5.994297
2025-02-24 20:00:00+00:00,235.30478,5.692099
2025-02-24 21:00:00+00:00,240.5242,4.755544
2025-02-24 22:00:00+00:00,224.9999,3.0547013
2025-02-24 23:00:00+00:00,206.56499,3.62243
2025-02-25 00:00:00+00:00,202.8337,3.710795
2025-02-25 01:00:00+00:00,220.36446,4.724786
2025-02-25 02:00:00+00:00,230.38934,6.7757506
2025-02-25 03:00:00+00:00,255.2564,7.072878
2025-02-25 04:00:00+00:00,275.44025,3.7971036
2025-02-25 05:00:00+00:00,263.9911,3.438895
2025-02-25 06:00:00+00:00,252.75845,5.4656014
2025-02-25 07:00:00+00:00,239.74365,10.00256
2025-02-25 08:00:00+00:00,235.40765,12.682018
2025-02-25 09:00:00+00:00,226.94147,15.027575
2025-02-25 10:00:00+00:00,226.46873,14.896563
2025-02-25 11:00:00+00:00,240.34099,14.913952
2025-02-25 12:00:00+00:00,246.13982,10.234705
2025-02-25 13:00:00+00:00,257.66092,5.896202
2025-02-25 14:00:00+00:00,245.55606,6.5248446
2025-02-25 15:00:00+00:00,215.36255,6.8423676
2025-02-25 16:00:00+00:00,208.49554,7.1684303
2025-02-25 17:00:00+00:00,213.6901,7.1389914
2025-02-25 18:00:00+00:00,228.12221,7.0107627
2025-02-25 19:00:00+00:00,230.90614,7.42159
2025-02-25 20:00:00+00:00,244.05775,7.406295
2025-02-25 21:00:00+00:00,248.19853,5.815978
2025-02-25 22:00:00+00:00,206.56499,5.2323985
2025-02-25 23:00:00+00:00,178.45187,6.6624317
2025-02-26 00:00:00+00:00,172.30405,6.7205353
2025-02-26 01:00:00+00:00,177.79745,9.3669195
2025-02-26 02:00:00+00:00,176.30869,11.183201
2025-02-26 03:00:00+00:00,200.85454,8.089993
2025-02-26 04:00:00+00:00,205.1148,6.361415
2025-02-26 05:00:00+00:00,210.0685,7.9036193
2025-02-26 06:00:00+00:00,221.3254,13.902015
2025-02-26 07:00:00+00:00,225.45108,16.16496
2025-02-26 08:00:00+00:00,238.06158,16.332458
2025-02-26 09:00:00+00:00,243.71866,16.260885
2025-02-26 10:00:00+00:00,248.08507,16.87974
2025-02-26 11:00:00+00:00,234.66858,17.430283
2025-02-26 12:00:00+00:00,227.41954,9.044888
2025-02-26 13:00:00+00:00,235.92276,7.388775
2025-02-26 14:00:00+00:00,220.15593,7.5363917
2025-02-26 15:00:00+00:00,236.3099,7.7879906
2025-02-26 16:00:00+00:00,285.06854,4.8466477
2025-02-26 17:00:00+00:00,280.30478,6.037383
2025-02-26 18:00:00+00:00,247.3801,4.6800003
2025-02-26 19:00:00+00:00,235.30478,2.8460495
2025-02-26 20:00:00+00:00,353.6599,1.6299692
2025-02-26 21:00:00+00:00,14.743609,3.536439
2025-02-26 22:00:00+00:00,48.814175,1.9134263
2025-02-26 23:00:00+00:00,224.9999,0.25455844
2025-02-27 00:00:00+00:00,138.01286,2.4216523
2025-02-27 01:00:00+00:00,7.12493,5.8048253
2025-02-27 02:00:00+00:00,49.939285,10.348043
2025-02-27 03:00:00+00:00,61.55718,9.826088
2025-02-27 04:00:00+00:00,47.862484,10.195057
2025-02-27 05:00:00+00:00,48.900593,11.226575
2025-02-27 06:00:00+00:00,78.87085,11.190442
2025-02-27 07:00:00+00:00,106.26028,9.0
2025-02-27 08:00:00+00:00,130.31403,7.7900705
2025-02-27 09:00:00+00:00,157.3801,4.6800003
2025-02-27 10:00:00+00:00,253.73972,4.5
2025-02-27 11:00:00+00:00,270.0,2.6999998
2025-02-27 12:00:00+00:00,272.86234,3.604497
2025-02-27 13:00:00+00:00,296.56497,5.2323985
2025-02-27 14:00:00+00:00,253.81071,5.8104043
2025-02-27 15:00:00+00:00,212.82854,6.6405115
2025-02-27 16:00:00+00:00,187.49576,6.898956
2025-02-27 17:00:00+00:00,202.751,6.050785
2025-02-27 18:00:00+00:00,197.87878,5.8631387
2025-02-27 19:00:00+00:00,196.31393,7.689603
2025-02-27 20:00:00+00:00,204.62355,9.504273
2025-02-27 21:00:00+00:00,208.1785,11.435313
2025-02-27 22:00:00+00:00,215.62799,13.287122
2025-02-27 23:00:00+00:00,224.9999,14.000713
2025-02-28 00:00:00+00:00,233.74606,13.392774
2025-02-28 01:00:00+00:00,231.95291,10.514218
2025-02-28 02:00:00+00:00,234.46223,12.387348
2025-02-28 03:00:00+00:00,231.46979,12.425216
2025-02-28 04:00:00+00:00,228.44748,10.583326
2025-02-28 05:00:00+00:00,232.3057,15.013554
2025-02-28 06:00:00+00:00,228.99101,16.458931
2025-02-28 07:00:00+00:00,232.02834,18.723461
2025-02-28 08:00:00+00:00,242.5925,21.897945
2025-02-28 09:00:00+00:00,245.99284,23.44841
2025-02-28 10:00:00+00:00,244.67586,22.303299
2025-02-28 11:00:00+00:00,244.72232,21.498512
2025-02-28 12:00:00+00:00,249.08737,23.70129
2025-02-28 13:00:00+00:00,227.45407,17.835447
2025-02-28 14:00:00+00:00,218.04709,15.771329
2025-02-28 15:00:00+00:00,206.96564,11.511559
2025-02-28 16:00:00+00:00,194.7436,7.072878
2025-02-28 17:00:00+00:00,176.05489,5.232399
2025-02-28 18:00:00+00:00,218.2902,4.3573384
2025-02-28 19:00:00+00:00,220.85529,8.805294
2025-02-28 20:00:00+00:00,237.99466,10.1887
2025-02-28 21:00:00+00:00,273.6913,5.5916004
2025-02-28 22:00:00+00:00,340.55988,3.244996
2025-02-28 23:00:00+00:00,62.24156,3.8647635
2025-03-01 00:00:00+00:00,69.44387,7.689603
2025-03-01 01:00:00+00:00,111.57137,8.322932
2025-03-01 02:00:00+00:00,66.29735,8.0599
2025-03-01 03:00:00+00:00,42.797382,6.623413
2025-03-01 04:00:00+00:00,55.6196,8.287822
2025-03-01 05:00:00+00:00,79.47927,12.815443
2025-03-01 06:00:00+00:00,73.442856,13.896187
2025-03-01 07:00:00+00:00,68.52315,11.799271
2025-03-01 08:00:00+00:00,56.929314,9.236298
2025-03-01 09:00:00+00:00,38.290207,8.714677
2025-03-01 10:00:00+00:00,24.775122,7.731623
2025-03-01 11:00:00+00:00,12.26477,8.473393
2025-03-01 12:00:00+00:00,13.799514,10.564941
2025-03-01 13:00:00+00:00,4.830342,12.825552
2025-03-01 14:00:00+00:00,3.5213907,11.722133
2025-03-01 15:00:00+00:00,360.0,10.799999
2025-03-01 16:00:00+00:00,360.0,10.62
2025-03-01 17:00:00+00:00,10.954029,11.367109
2025-03-01 18:00:00+00:00,20.67451,10.196647
2025-03-01 19:00:00+00:00,24.775122,10.30883
2025-03-01 20:00:00+00:00,40.29208,10.855358
2025-03-01 21:00:00+00:00,49.085716,10.718693
2025-03-01 22:00:00+00:00,54.688713,10.587918
2025-03-01 23:00:00+00:00,57.200474,9.636307
2025-03-02 00:00:00+00:00,59.215923,9.847496
2025-03-02 01:00:00+00:00,64.35905,9.983106
2025-03-02 02:00:00+00:00,65.29759,9.906544
2025-03-02 03:00:00+00:00,65.46229,9.102021
2025-03-02 04:00:00+00:00,73.90912,9.741642
2025-03-02 05:00:00+00:00,74.53873,8.777653
2025-03-02 06:00:00+00:00,70.01681,8.427383
2025-03-02 07:00:00+00:00,78.6901,7.342588
2025-03-02 08:00:00+00:00,69.14546,4.0449963
2025-03-02 09:00:00+00:00,66.37061,3.143565
2025-03-02 10:00:00+00:00,82.40546,2.7238941
2025-03-02 11:00:00+00:00,112.61991,2.3400002
2025-03-02 12:00:00+00:00,104.743614,3.536439
2025-03-02 13:00:00+00:00,50.194473,5.6233797
2025-03-02 14:00:00+00:00,64.17907,6.198903
2025-03-02 15:00:00+00:00,88.15243,5.5829024
2025-03-02 16:00:00+00:00,126.46933,5.1481256
2025-03-02 17:00:00+00:00,180.0,7.2
2025-03-02 18:00:00+00:00,207.05052,9.499158
2025-03-02 19:00:00+00:00,229.68597,7.7900705
2025-03-02 20:00:00+00:00,212.57405,7.689603
2025-03-02 21:00:00+00:00,199.44012,9.734987
2025-03-02 22:00:00+00:00,204.04422,12.81165
2025-03-02 23:00:00+00:00,208.5513,13.934605
2025-03-03 00:00:00+00:00,223.50572,14.64209
2025-03-03 01:00:00+00:00,223.91916,13.493999
2025-03-03 02:00:00+00:00,226.63654,13.369771
2025-03-03 03:00:00+00:00,228.6746,13.902015
2025-03-03 04:00:00+00:00,232.98003,13.752047
2025-03-03 05:00:00+00:00,244.56383,16.344357
2025-03-03 06:00:00+00:00,258.6901,19.274294
2025-03-03 07:00:00+00:00,276.73996,19.937794
2025-03-03 08:00:00+00:00,286.75034,19.361507
2025-03-03 09:00:00+00:00,290.22495,18.22361
2025-03-03 10:00:00+00:00,288.10385,19.694992
2025-03-03 11:00:00+00:00,290.22495,21.868332
2025-03-03 12:00:00+00:00,295.46332,20.933466
2025-03-03 13:00:00+00:00,301.56177,14.787414
2025-03-03 14:00:00+00:00,311.39142,14.156058
2025-03-03 15:00:00+00:00,322.43134,17.713316
2025-03-03 16:00:00+00:00,324.3349,18.832165
2025-03-03 17:00:00+00:00,317.8156,15.546833
2025-03-03 18:00:00+00:00,312.16583,12.870944
2025-03-03 19:00:00+00:00,316.46872,14.896563
2025-03-03 20:00:00+00:00,315.0001,16.800856
2025-03-03 21:00:00+00:00,315.86795,16.802786
2025-03-03 22:00:00+00:00,310.36444,14.174356
2025-03-03 23:00:00+00:00,321.42343,19.340576
2025-03-04 00:00:00+00:00,313.29022,17.063011
2025-03-04 01:00:00+00:00,291.10492,10.99769
2025-03-04 02:00:00+00:00,297.25525,13.363711
2025-03-04 03:00:00+00:00,308.19873,13.971757
2025-03-04 04:00:00+00:00,315.51608,14.128566
2025-03-04 05:00:00+00:00,319.68597,15.580141
2025-03-04 06:00:00+00:00,325.4914,13.979872
2025-03-04 07:00:00+00:00,335.17947,15.865546
2025-03-04 08:00:00+00:00,342.64587,15.086748
2025-03-04 09:00:00+00:00,346.32867,13.708391
2025-03-04 10:00:00+00:00,349.99207,12.429127
2025-03-04 11:00:00+00:00,352.76315,11.431063
2025-03-04 12:00:00+00:00,358.05856,10.6261
2025-03-04 13:00:00+00:00,354.2895,7.2359104
2025-03-04 14:00:00+00:00,357.27374,7.5685663
2025-03-04 15:00:00+00:00,360.0,7.92
2025-03-04 16:00:00+00:00,30.379045,6.050785
2025-03-04 17:00:00+00:00,43.451904,4.7110505
2025-03-04 18:00:00+00:00,42.878906,3.4388947
2025-03-04 19:00:00+00:00,32.73523,2.995797
2025-03-04 20:00:00+00:00,71.564964,1.7076298
2025-03-04 21:00:00+00:00,56.3099,1.9469976
2025-03-04 22:00:00+00:00,63.435013,4.0249224
2025-03-04 23:00:00+00:00,46.332153,5.4744864
2025-03-05 00:00:00+00:00,54.865723,5.9427266
2025-03-05 01:00:00+00:00,95.52745,5.6060677
2025-03-05 02:00:00+00:00,118.072395,6.12
2025-03-05 03:00:00+00:00,116.56499,6.8423676
2025-03-05 04:00:00+00:00,64.79892,3.381893
2025-03-05 05:00:00+00:00,51.34017,3.4576871
2025-03-05 06:00:00+00:00,49.085716,3.572898
2025-03-05 07:00:00+00:00,19.440128,3.244996
2025-03-05 08:00:00+00:00,323.13004,2.6999998
2025-03-05 09:00:00+00:00,287.24155,5.4656014
2025-03-05 10:00:00+00:00,278.32556,7.458606
2025-03-05 11:00:00+00:00,284.03625,8.163749
2025-03-05 12:00:00+00:00,290.95584,9.059205
2025-03-05 13:00:00+00:00,281.59213,7.1661706
2025-03-05 14:00:00+00:00,274.8644,8.490582
2025-03-05 15:00:00+00:00,262.8751,7.256032
2025-03-05 16:00:00+00:00,244.17906,6.198903
2025-03-05 17:00:00+00:00,243.43501,6.037383
2025-03-05 18:00:00+00:00,241.50446,7.1684303
2025-03-05 19:00:00+00:00,237.3391,8.338489
2025-03-05 20:00:00+00:00,229.53786,8.043805
2025-03-05 21:00:00+00:00,229.39879,8.297589
2025-03-05 22:00:00+00:00,232.02834,9.361731
2025-03-05 23:00:00+00:00,227.4896,8.790563
2025-03-06 00:00:00+00:00,248.74942,10.429132
2025-03-06 01:00:00+00:00,241.14444,10.070353
2025-03-06 02:00:00+00:00,242.15251,10.7894945
2025-03-06 03:00:00+00:00,243.43501,11.672275
2025-03-06 04:00:00+00:00,243.43501,9.659814
2025-03-06 05:00:00+00:00,253.55954,11.448055
2025-03-06 06:00:00+00:00,259.21576,11.543881
2025-03-06 07:00:00+00:00,275.63058,12.841963
2025-03-06 08:00:00+00:00,293.1986,15.079229
2025-03-06 09:00:00+00:00,301.75943,17.782686
2025-03-06 10:00:00+00:00,304.94574,18.226276
2025-03-06 11:00:00+00:00,301.6512,15.435983
2025-03-06 12:00:00+00:00,297.80136,11.19189
2025-03-06 13:00:00+00:00,261.38443,6.0077944
2025-03-06 14:00:00+00:00,264.55975,7.5942073
2025-03-06 15:00:00+00:00,253.8865,8.431228
2025-03-06 16:00:00+00:00,248.42863,8.322932
2025-03-06 17:00:00+00:00,242.74475,6.6818557
2025-03-06 18:00:00+00:00,251.56496,6.2613096
2025-03-06 19:00:00+00:00,270.0,6.8399997
2025-03-06 20:00:00+00:00,250.34608,5.3517847
2025-03-06 21:00:00+00:00,237.72438,4.0449967
2025-03-06 22:00:00+00:00,282.99463,2.4014995
2025-03-06 23:00:00+00:00,284.93146,2.7943513
2025-03-07 00:00:00+00:00,298.30066,2.657668
2025-03-07 01:00:00+00:00,206.56499,0.8049845
2025-03-07 02:00:00+00:00,206.56499,2.0124612
2025-03-07 03:00:00+00:00,209.35765,3.3043609
2025-03-07 04:00:00+00:00,256.42953,5.3699164
2025-03-07 05:00:00+00:00,248.45895,7.353611
2025-03-07 06:00:00+00:00,259.43903,10.8029995
2025-03-07 07:00:00+00:00,266.77554,12.800265
2025-03-07 08:00:00+00:00,278.85788,14.027302
2025-03-07 09:00:00+00:00,285.06854,14.539945
2025-03-07 10:00:00+00:00,292.16638,15.743571
2025-03-07 11:00:00+00:00,296.0033,16.42247
2025-03-07 12:00:00+00:00,302.9387,15.22783
2025-03-07 13:00:00+00:00,299.29126,8.461914
2025-03-07 14:00:00+00:00,296.05344,9.016185
2025-03-07 15:00:00+00:00,288.7259,11.213581
2025-03-07 16:00:00+00:00,290.07162,9.965239
2025-03-07 17:00:00+00:00,292.01132,9.12513
2025-03-07 18:00:00+00:00,286.31393,7.689603
2025-03-07 19:00:00+00:00,292.3802,6.6185193
2025-03-07 20:00:00+00:00,315.0001,7.6367526
2025-03-07 21:00:00+00:00,282.99463,7.2044983
2025-03-07 22:00:00+00:00,271.3019,7.922045
2025-03-07 23:00:00+00:00,255.52966,5.7628117
2025-03-08 00:00:00+00:00,238.73633,5.896202
2025-03-08 01:00:00+00:00,229.08571,3.572898
2025-03-08 02:00:00+00:00,254.47583,6.725354
2025-03-08 03:00:00+00:00,244.44008,9.178235
2025-03-08 04:00:00+00:00,252.75845,5.4656014
2025-03-08 05:00:00+00:00,260.21765,5.297018
2025-03-08 06:00:00+00:00,254.87593,6.8989563
2025-03-08 07:00:00+00:00,259.54013,11.897714
2025-03-08 08:00:00+00:00,263.956,15.385525
2025-03-08 09:00:00+00:00,264.92047,16.263872
2025-03-08 10:00:00+00:00,268.74097,16.383955
2025-03-08 11:00:00+00:00,272.72626,15.137133
2025-03-08 12:00:00+00:00,286.47696,13.327294
2025-03-08 13:00:00+00:00,298.92633,7.8149853
2025-03-08 14:00:00+00:00,293.9625,8.863972
2025-03-08 15:00:00+00:00,279.0394,8.019601
2025-03-08 16:00:00+00:00,279.46225,9.854075
2025-03-08 17:00:00+00:00,287.6502,8.311245
2025-03-08 18:00:00+00:00,306.52896,6.048107
2025-03-08 19:00:00+00:00,320.90613,3.710795
2025-03-08 20:00:00+00:00,325.30478,2.8460495
2025-03-08 21:00:00+00:00,323.13,1.8
2025-03-08 22:00:00+00:00,329.03632,2.0991426
2025-03-08 23:00:00+00:00,345.06854,2.7943513
2025-03-09 00:00:00+00:00,41.63345,2.1674871
2025-03-09 01:00:00+00:00,135.0001,1.0182338
2025-03-09 02:00:00+00:00,149.03632,1.0495713
2025-03-09 03:00:00+00:00,142.12495,2.0523157
2025-03-09 04:00:00+00:00,153.43501,1.2074767
2025-03-09 05:00:00+00:00,56.309914,1.2979984
2025-03-09 06:00:00+00:00,321.8427,3.2048087
2025-03-09 07:00:00+00:00,299.74478,7.256032
2025-03-09 08:00:00+00:00,291.19412,9.459852
2025-03-09 09:00:00+00:00,289.50253,9.165871
2025-03-09 10:00:00+00:00,297.95087,9.984729
2025-03-09 11:00:00+00:00,306.52896,12.096214
2025-03-09 12:00:00+00:00,310.0607,10.348043
2025-03-09 13:00:00+00:00,281.07016,8.43699
2025-03-09 14:00:00+00:00,267.20737,7.388775
2025-03-09 15:00:00+00:00,254.05453,5.2416787
2025-03-09 16:00:00+00:00,257.4712,3.319036
2025-03-09 17:00:00+00:00,212.00534,1.6981165
2025-03-09 18:00:00+00:00,192.5288,3.319036
2025-03-09 19:00:00+00:00,173.15732,4.5322843
2025-03-09 20:00:00+00:00,190.78426,3.84796
2025-03-09 21:00:00+00:00,223.1524,3.9477081
2025-03-09 22:00:00+00:00,206.56499,3.219938
2025-03-09 23:00:00+00:00,145.30478,2.8460495
2025-03-10 00:00:00+00:00,126.86999,3.6
2025-03-10 01:00:00+00:00,141.63248,5.509882
2025-03-10 02:00:00+00:00,158.96242,5.0142193
2025-03-10 03:00:00+00:00,135.0001,8.654987
2025-03-10 04:00:00+00:00,136.08084,6.7469993
2025-03-10 05:00:00+00:00,152.90453,8.694204
2025-03-10 06:00:00+00:00,173.5585,11.230904
2025-03-10 07:00:00+00:00,204.70241,9.906544
2025-03-10 08:00:00+00:00,229.39879,9.957108
2025-03-10 09:00:00+00:00,238.8776,11.144021
2025-03-10 10:00:00+00:00,237.01147,12.232057
2025-03-10 11:00:00+00:00,238.27644,11.638917
2025-03-10 12:00:00+00:00,250.6651,10.873251
2025-03-10 13:00:00+00:00,287.19864,7.9138603
2025-03-10 14:00:00+00:00,284.32275,8.731391
2025-03-10 15:00:00+00:00,251.56496,7.968939
2025-03-10 16:00:00+00:00,247.28555,8.39078
2025-03-10 17:00:00+00:00,265.10098,6.3231
2025-03-10 18:00:00+00:00,238.17259,6.1437774
2025-03-10 19:00:00+00:00,323.97253,4.8965297
2025-03-10 20:00:00+00:00,13.600564,11.481968
2025-03-10 21:00:00+00:00,18.79999,8.936777
2025-03-10 22:00:00+00:00,14.237315,12.442153
2025-03-10 23:00:00+00:00,20.854538,12.134992
2025-03-11 00:00:00+00:00,29.858927,11.207801
2025-03-11 01:00:00+00:00,25.016869,8.93859
2025-03-11 02:00:00+00:00,28.610369,9.021574
2025-03-11 03:00:00+00:00,34.9921,8.78872
2025-03-11 04:00:00+00:00,45.763813,9.54679
2025-03-11 05:00:00+00:00,51.146618,8.320986
2025-03-11 06:00:00+00:00,48.94529,7.3997297
2025-03-11 07:00:00+00:00,40.236294,6.1305785
2025-03-11 08:00:00+00:00,16.927603,4.327493
2025-03-11 09:00:00+00:00,340.9743,5.5216303
2025-03-11 10:00:00+00:00,335.22488,7.731623
2025-03-11 11:00:00+00:00,338.9624,10.028439
2025-03-11 12:00:00+00:00,343.20154,9.96524
2025-03-11 13:00:00+00:00,342.7184,8.482947
2025-03-11 14:00:00+00:00,352.14676,10.538843
2025-03-11 15:00:00+00:00,355.66776,11.9140415
2025-03-11 16:00:00+00:00,8.426887,9.826088
2025-03-11 17:00:00+00:00,22.520613,7.989242
2025-03-11 18:00:00+00:00,20.695532,8.65873
2025-03-11 19:00:00+00:00,50.389355,6.7757506
2025-03-11 20:00:00+00:00,62.70051,6.279395
2025-03-11 21:00:00+00:00,51.072456,6.015878
2025-03-11 22:00:00+00:00,48.366554,6.502461
2025-03-11 23:00:00+00:00,47.862484,5.0975285
2025-03-12 00:00:00+00:00,92.20255,4.6834598
2025-03-12 01:00:00+00:00,92.72626,3.7842832
2025-03-12 02:00:00+00:00,97.76508,3.9966488
2025-03-12 03:00:00+00:00,74.74483,4.1046314
2025-03-12 04:00:00+00:00,52.431335,2.9522195
2025-03-12 05:00:00+00:00,104.03627,1.484318
2025-03-12 06:00:00+00:00,265.60138,2.3469126
2025-03-12 07:00:00+00:00,281.6336,6.2483597
2025-03-12 08:00:00+00:00,284.03625,7.42159
2025-03-12 09:00:00+00:00,284.67642,7.8149853
2025-03-12 10:00:00+00:00,288.85324,7.7983837
2025-03-12 11:00:00+00:00,287.96924,7.0015144
2025-03-12 12:00:00+00:00,297.1496,7.889259
2025-03-12 13:00:00+00:00,266.00916,7.7588143
2025-03-12 14:00:00+00:00,265.53293,11.555103
2025-03-12 15:00:00+00:00,276.22574,9.9587345
2025-03-12 16:00:00+00:00,279.0394,8.019601
2025-03-12 17:00:00+00:00,247.52052,5.6492476
2025-03-12 18:00:00+00:00,224.9999,7.6367526
2025-03-12 19:00:00+00:00,241.69934,5.315336
2025-03-12 20:00:00+00:00,272.72626,3.7842832
2025-03-12 21:00:00+00:00,308.2902,4.3573384
2025-03-12 22:00:00+00:00,325.30478,2.8460495
2025-03-12 23:00:00+00:00,258.6901,0.9178235
2025-03-13 00:00:00+00:00,270.0,0.71999997
2025-03-13 01:00:00+00:00,53.13002,4.5
2025-03-13 02:00:00+00:00,104.03627,1.484318
2025-03-13 03:00:00+00:00,145.0079,2.19718
2025-03-13 04:00:00+00:00,73.300674,1.8792552
2025-03-13 05:00:00+00:00,37.875053,2.0523157
2025-03-13 06:00:00+00:00,323.74606,3.3481934
2025-03-13 07:00:00+00:00,296.56497,8.049845
2025-03-13 08:00:00+00:00,280.30478,12.074766
2025-03-13 09:00:00+00:00,275.63058,12.841963
2025-03-13 10:00:00+00:00,282.18365,16.204998
2025-03-13 11:00:00+00:00,275.24704,17.714231
2025-03-13 12:00:00+00:00,267.1088,17.84271
2025-03-13 13:00:00+00:00,287.1028,9.793058
2025-03-13 14:00:00+00:00,286.31393,7.689603
2025-03-13 15:00:00+00:00,251.8472,11.555102
2025-03-13 16:00:00+00:00,273.52136,11.722133
2025-03-13 17:00:00+00:00,273.9451,5.232399
2025-03-13 18:00:00+00:00,184.08554,7.579261
2025-03-13 19:00:00+00:00,180.0,4.68
2025-03-13 20:00:00+00:00,188.74608,7.102591
2025-03-13 21:00:00+00:00,191.30989,6.424764
2025-03-13 22:00:00+00:00,200.95586,9.059205
2025-03-13 23:00:00+00:00,210.96368,6.297428
2025-03-14 00:00:00+00:00,262.09293,6.542201
2025-03-14 01:00:00+00:00,216.52895,6.048107
2025-03-14 02:00:00+00:00,215.83774,7.9932966
2025-03-14 03:00:00+00:00,212.12497,9.139322
2025-03-14 04:00:00+00:00,239.21593,9.847496
2025-03-14 05:00:00+00:00,271.273,8.101999
2025-03-14 06:00:00+00:00,296.56497,6.439876
2025-03-14 07:00:00+00:00,308.65982,5.7628117
2025-03-14 08:00:00+00:00,294.22772,7.8954163
2025-03-14 09:00:00+00:00,272.32147,13.330941
2025-03-14 10:00:00+00:00,263.51703,15.941944
2025-03-14 11:00:00+00:00,252.97939,18.448023
2025-03-14 12:00:00+00:00,249.80557,16.685717
2025-03-14 13:00:00+00:00,288.43503,10.24578
2025-03-14 14:00:00+00:00,272.66293,7.748368
2025-03-14 15:00:00+00:00,249.77505,7.289444
2025-03-14 16:00:00+00:00,355.6431,18.954777
2025-03-14 17:00:00+00:00,28.694817,19.494091
2025-03-14 18:00:00+00:00,24.775122,12.886039
2025-03-14 19:00:00+00:00,21.801476,10.662626
2025-03-14 20:00:00+00:00,15.802589,9.914717
2025-03-14 21:00:00+00:00,13.828678,12.049249
2025-03-14 22:00:00+00:00,7.12493,11.609651
2025-03-14 23:00:00+00:00,27.377628,11.351422
2025-03-15 00:00:00+00:00,28.610369,11.276968
2025-03-15 01:00:00+00:00,37.794006,11.161451
2025-03-15 02:00:00+00:00,36.34755,11.844492
2025-03-15 03:00:00+00:00,38.65983,12.678185
2025-03-15 04:00:00+00:00,56.3099,12.330985
2025-03-15 05:00:00+00:00,60.39565,9.109138
2025-03-15 06:00:00+00:00,45.83023,8.783189
2025-03-15 07:00:00+00:00,28.610369,6.76618
2025-03-15 08:00:00+00:00,334.2307,5.7964473
2025-03-15 09:00:00+00:00,301.4295,7.5942082
2025-03-15 10:00:00+00:00,298.1415,8.777654
2025-03-15 11:00:00+00:00,310.46216,8.043805
2025-03-15 12:00:00+00:00,325.954,8.037761
2025-03-15 13:00:00+00:00,331.69934,5.315336
2025-03-15 14:00:00+00:00,350.36252,9.67657
2025-03-15 15:00:00+00:00,352.47626,9.6228485
2025-03-15 16:00:00+00:00,344.47583,10.088033
2025-03-15 17:00:00+00:00,348.3664,6.2483597
2025-03-15 18:00:00+00:00,11.3098955,4.5891175
2025-03-15 19:00:00+00:00,37.746864,7.056826
2025-03-15 20:00:00+00:00,52.81522,6.552099
2025-03-15 21:00:00+00:00,43.152412,7.8954163
2025-03-15 22:00:00+00:00,40.732014,8.55142
2025-03-15 23:00:00+00:00,50.710617,7.674842
2025-03-16 00:00:00+00:00,66.61476,7.256032
2025-03-16 01:00:00+00:00,64.79892,6.763786
2025-03-16 02:00:00+00:00,61.821507,5.7176566
2025-03-16 03:00:00+00:00,43.53127,4.965521
2025-03-16 04:00:00+00:00,65.55606,4.3498964
2025-03-16 05:00:00+00:00,76.37299,6.1120534
2025-03-16 06:00:00+00:00,22.380184,6.6185193
2025-03-16 07:00:00+00:00,346.82742,8.688613
2025-03-16 08:00:00+00:00,325.37576,9.187056
2025-03-16 09:00:00+00:00,324.34457,10.1902895
2025-03-16 10:00:00+00:00,332.1028,10.387107
2025-03-16 11:00:00+00:00,325.37576,9.187056
2025-03-16 12:00:00+00:00,326.59216,10.134495
2025-03-16 13:00:00+00:00,344.93146,9.6932955
2025-03-16 14:00:00+00:00,355.91446,10.105681
2025-03-16 15:00:00+00:00,357.87894,9.726665
2025-03-16 16:00:00+00:00,360.0,8.459999
2025-03-16 17:00:00+00:00,5.389229,9.582359
2025-03-16 18:00:00+00:00,14.381432,7.247096
2025-03-16 19:00:00+00:00,27.474344,5.072041
2025-03-16 20:00:00+00:00,74.74483,4.1046314
2025-03-16 21:00:00+00:00,114.22774,3.9477081
2025-03-16 22:00:00+00:00,99.46225,4.379589
2025-03-16 23:00:00+00:00,97.76508,3.9966488
2025-03-17 00:00:00+00:00,90.0,3.2399998
2025-03-17 01:00:00+00:00,95.7105,1.8089776
2025-03-17 02:00:00+00:00,123.690094,2.5959969
2025-03-17 03:00:00+00:00,128.04709,5.257109
2025-03-17 04:00:00+00:00,100.619606,2.9301877
2025-03-17 05:00:00+00:00,76.75947,3.143565
2025-03-17 06:00:00+00:00,18.435053,1.1384199
2025-03-17 07:00:00+00:00,326.3099,2.5959969
2025-03-17 08:00:00+00:00,322.3057,5.004518
2025-03-17 09:00:00+00:00,320.1945,5.6233797
2025-03-17 10:00:00+00:00,298.8107,4.1085763
2025-03-17 11:00:00+00:00,245.22488,2.5772076
2025-03-17 12:00:00+00:00,168.69011,2.7534704
2025-03-17 13:00:00+00:00,156.2505,4.91634
2025-03-17 14:00:00+00:00,156.3706,6.28713
2025-03-17 15:00:00+00:00,171.86998,1.2727921
2025-03-17 16:00:00+00:00,18.435053,1.1384199
2025-03-17 17:00:00+00:00,138.57643,4.080882
2025-03-17 18:00:00+00:00,174.44713,13.021106
2025-03-17 19:00:00+00:00,218.45374,7.8149853
2025-03-17 20:00:00+00:00,226.5911,9.167638
2025-03-17 21:00:00+00:00,265.23645,2.1674871
2025-03-17 22:00:00+00:00,40.364468,9.449572
2025-03-17 23:00:00+00:00,85.4861,6.8612823
2025-03-18 00:00:00+00:00,117.18103,7.4867883
2025-03-18 01:00:00+00:00,146.68936,7.538541
2025-03-18 02:00:00+00:00,127.694305,10.009036
2025-03-18 03:00:00+00:00,123.17853,11.183201
2025-03-18 04:00:00+00:00,130.23628,9.1958685
2025-03-18 05:00:00+00:00,144.6598,12.136325
2025-03-18 06:00:00+00:00,153.43501,10.8672905
2025-03-18 07:00:00+00:00,163.5399,8.2584505
2025-03-18 08:00:00+00:00,165.65063,7.989243
2025-03-18 09:00:00+00:00,157.96371,8.155807
2025-03-18 10:00:00+00:00,152.35411,8.534353
2025-03-18 11:00:00+00:00,147.0306,7.9383874
2025-03-18 12:00:00+00:00,133.1524,7.8954163
2025-03-18 13:00:00+00:00,127.14677,7.4520864
2025-03-18 14:00:00+00:00,175.76369,4.8733153
2025-03-18 15:00:00+00:00,248.19853,1.9386592
2025-03-18 16:00:00+00:00,309.61066,6.7757506
2025-03-18 17:00:00+00:00,321.8427,6.4096174
2025-03-18 18:00:00+00:00,335.69547,6.1226463
2025-03-18 19:00:00+00:00,11.76827,4.412754
2025-03-18 20:00:00+00:00,65.37646,4.7521367
2025-03-18 21:00:00+00:00,65.695465,6.1226463
2025-03-18 22:00:00+00:00,39.61066,6.7757506
2025-03-18 23:00:00+00:00,96.17008,6.698806
2025-03-19 00:00:00+00:00,113.838745,8.461915
2025-03-19 01:00:00+00:00,110.924576,6.5520988
2025-03-19 02:00:00+00:00,150.2552,4.3536186
2025-03-19 03:00:00+00:00,173.15732,4.5322843
2025-03-19 04:00:00+00:00,220.23628,3.0652893
2025-03-19 05:00:00+00:00,230.71062,2.5582807
2025-03-19 06:00:00+00:00,200.55612,3.0758414
2025-03-19 07:00:00+00:00,270.0,0.17999999
2025-03-19 08:00:00+00:00,11.3098955,0.9178235
2025-03-19 09:00:00+00:00,336.8014,1.3708391
2025-03-19 10:00:00+00:00,265.60138,2.3469126
2025-03-19 11:00:00+00:00,217.74687,7.056826
2025-03-19 12:00:00+00:00,228.01286,9.686609
2025-03-19 13:00:00+00:00,302.96942,7.9383874
2025-03-19 14:00:00+00:00,312.27362,2.6758924
2025-03-19 15:00:00+00:00,236.7251,6.889557
2025-03-19 16:00:00+00:00,259.46088,7.8728137
2025-03-19 17:00:00+00:00,272.79263,7.388775
2025-03-19 18:00:00+00:00,271.21884,8.461914
2025-03-19 19:00:00+00:00,310.60123,9.957108
2025-03-19 20:00:00+00:00,348.3664,6.2483597
2025-03-19 21:00:00+00:00,17.818983,5.2939587
2025-03-19 22:00:00+00:00,355.91446,2.5264204
2025-03-19 23:00:00+00:00,356.186,5.4119864
2025-03-20 00:00:00+00:00,5.3557334,5.7852573
2025-03-20 01:00:00+00:00,238.57048,3.7971041
2025-03-20 02:00:00+00:00,249.77505,3.644722
2025-03-20 03:00:00+00:00,292.16638,5.2478566
2025-03-20 04:00:00+00:00,285.94547,3.9312592
2025-03-20 05:00:00+00:00,307.40543,3.8521678
2025-03-20 06:00:00+00:00,311.82007,4.5891175
2025-03-20 07:00:00+00:00,332.6502,5.8769383
2025-03-20 08:00:00+00:00,342.75845,5.4656014
2025-03-20 09:00:00+00:00,315.0001,2.2910259
2025-03-20 10:00:00+00:00,282.80426,4.060985
2025-03-20 11:00:00+00:00,297.824,7.327127
2025-03-20 12:00:00+00:00,297.4075,10.948973
2025-03-20 13:00:00+00:00,43.02507,7.386582
2025-03-20 14:00:00+00:00,360.0,5.5799994
2025-03-20 15:00:00+00:00,344.40714,16.071491
2025-03-20 16:00:00+00:00,15.321567,13.6242285
2025-03-20 17:00:00+00:00,345.9637,13.358861
2025-03-20 18:00:00+00:00,8.90164,15.122143
2025-03-20 19:00:00+00:00,15.832451,12.535548
2025-03-20 20:00:00+00:00,22.380184,9.927779
2025-03-20 21:00:00+00:00,27.645891,8.534353
2025-03-20 22:00:00+00:00,18.435053,8.538149
2025-03-20 23:00:00+00:00,32.905247,7.289445
2025-03-21 00:00:00+00:00,53.972538,7.344794
2025-03-21 01:00:00+00:00,69.62349,6.7205353
2025-03-21 02:00:00+00:00,41.877792,7.0107627
2025-03-21 03:00:00+00:00,26.564985,6.8423676
2025-03-21 04:00:00+00:00,42.797382,6.623413
2025-03-21 05:00:00+00:00,60.018444,5.402999
2025-03-21 06:00:00+00:00,82.875084,4.353619
2025-03-21 07:00:00+00:00,41.98713,4.8433046
2025-03-21 08:00:00+00:00,15.255177,6.1569467
2025-03-21 09:00:00+00:00,1.3638979,7.562142
2025-03-21 10:00:00+00:00,354.68555,7.7734165
2025-03-21 11:00:00+00:00,345.61856,7.247096
2025-03-21 12:00:00+00:00,339.77505,7.289444
2025-03-21 13:00:00+00:00,327.26477,5.991594
2025-03-21 14:00:00+00:00,333.43503,4.0249224
2025-03-21 15:00:00+00:00,350.53775,1.0948973
2025-03-21 16:00:00+00:00,270.0,0.17999999
2025-03-21 17:00:00+00:00,123.690094,0.6489992
2025-03-21 18:00:00+00:00,90.0,0.17999999
2025-03-21 19:00:00+00:00,194.03627,0.742159
2025-03-21 20:00:00+00:00,246.3706,3.143565
2025-03-21 21:00:00+00:00,241.38963,2.2553935
2025-03-21 22:00:00+00:00,195.25517,2.0523157
2025-03-21 23:00:00+00:00,224.9999,1.781909
2025-03-22 00:00:00+00:00,221.18582,3.8268526
2025-03-22 01:00:00+00:00,228.81418,7.653705
2025-03-22 02:00:00+00:00,239.26459,7.748368
2025-03-22 03:00:00+00:00,235.95401,8.037761
2025-03-22 04:00:00+00:00,232.43134,5.904439
2025-03-22 05:00:00+00:00,248.6293,8.891344
2025-03-22 06:00:00+00:00,248.19853,10.662626
2025-03-22 07:00:00+00:00,244.85524,9.743304
2025-03-22 08:00:00+00:00,237.61934,8.738811
2025-03-22 09:00:00+00:00,235.30478,8.53815
2025-03-22 10:00:00+00:00,238.84076,9.044888
2025-03-22 11:00:00+00:00,248.42863,8.322932
2025-03-22 12:00:00+00:00,255.65063,7.989243
2025-03-22 13:00:00+00:00,270.0,4.5
2025-03-22 14:00:00+00:00,266.6336,3.0652895
2025-03-22 15:00:00+00:00,196.69933,3.7585104
2025-03-22 16:00:00+00:00,189.21095,6.7469993
2025-03-22 17:00:00+00:00,192.09474,10.308831
2025-03-22 18:00:00+00:00,198.79999,8.936777
2025-03-22 19:00:00+00:00,195.06854,9.6932955
2025-03-22 20:00:00+00:00,192.26476,4.2366967
2025-03-22 21:00:00+00:00,41.82009,4.5891175
2025-03-22 22:00:00+00:00,97.35229,5.6262593
2025-03-22 23:00:00+00:00,153.43501,6.439876
2025-03-23 00:00:00+00:00,153.43501,5.634891
2025-03-23 01:00:00+00:00,169.99208,6.2145634
2025-03-23 02:00:00+00:00,163.68607,7.689603
2025-03-23 03:00:00+00:00,161.20001,8.936777
2025-03-23 04:00:00+00:00,163.81073,5.8104043
2025-03-23 05:00:00+00:00,201.4478,5.414979
2025-03-23 06:00:00+00:00,228.81418,7.653705
2025-03-23 07:00:00+00:00,237.14427,10.285232
2025-03-23 08:00:00+00:00,236.0234,9.984729
2025-03-23 09:00:00+00:00,236.0234,9.984729
2025-03-23 10:00:00+00:00,237.52882,9.387651
2025-03-23 11:00:00+00:00,239.0363,8.39657
2025-03-23 12:00:00+00:00,241.60707,7.570707
2025-03-23 13:00:00+00:00,259.046,5.6835546
2025-03-23 14:00:00+00:00,254.05453,6.5520988
2025-03-23 15:00:00+00:00,233.97253,7.344794
2025-03-23 16:00:00+00:00,227.72636,8.027678
2025-03-23 17:00:00+00:00,236.92932,9.236298
2025-03-23 18:00:00+00:00,248.19853,9.693296
2025-03-23 19:00:00+00:00,239.47037,8.149847
2025-03-23 20:00:00+00:00,211.15924,9.044888
2025-03-23 21:00:00+00:00,215.3402,12.136325
2025-03-23 22:00:00+00:00,229.25392,15.443328
2025-03-23 23:00:00+00:00,242.7005,12.55879
2025-03-24 00:00:00+00:00,245.22488,10.30883
2025-03-24 01:00:00+00:00,231.17017,9.473541
2025-03-24 02:00:00+00:00,224.27486,10.055864
2025-03-24 03:00:00+00:00,224.9999,8.909545
2025-03-24 04:00:00+00:00,233.13002,6.299999
2025-03-24 05:00:00+00:00,251.99574,7.570707
2025-03-24 06:00:00+00:00,263.34567,10.873252
2025-03-24 07:00:00+00:00,244.23071,11.592895
2025-03-24 08:00:00+00:00,223.87679,12.984975
2025-03-24 09:00:00+00:00,219.0194,13.437455
2025-03-24 10:00:00+00:00,219.50764,13.298089
2025-03-24 11:00:00+00:00,217.8066,13.213765
2025-03-24 12:00:00+00:00,218.92755,12.031756
2025-03-24 13:00:00+00:00,221.90585,9.432412
2025-03-24 14:00:00+00:00,224.32605,10.819482
2025-03-24 15:00:00+00:00,229.76372,12.261157
2025-03-24 16:00:00+00:00,234.6887,10.587918
2025-03-24 17:00:00+00:00,215.41714,9.939196
2025-03-24 18:00:00+00:00,220.71075,10.210936
2025-03-24 19:00:00+00:00,234.81921,13.433838
2025-03-24 20:00:00+00:00,239.68887,13.552696
2025-03-24 21:00:00+00:00,247.86446,11.465024
2025-03-24 22:00:00+00:00,244.57317,12.157663
2025-03-24 23:00:00+00:00,237.52882,11.734564
2025-03-25 00:00:00+00:00,228.81418,11.480557
2025-03-25 01:00:00+00:00,222.56331,11.975074
2025-03-25 02:00:00+00:00,227.33734,12.483748
2025-03-25 03:00:00+00:00,227.89134,12.616702
2025-03-25 04:00:00+00:00,231.6048,12.172312
2025-03-25 05:00:00+00:00,230.59937,13.044722
2025-03-25 06:00:00+00:00,227.32785,15.668273
2025-03-25 07:00:00+00:00,223.29022,17.063011
2025-03-25 08:00:00+00:00,219.5226,18.668005
2025-03-25 09:00:00+00:00,217.5395,21.565474
2025-03-25 10:00:00+00:00,217.59634,22.717823
2025-03-25 11:00:00+00:00,217.3211,22.860708
2025-03-25 12:00:00+00:00,220.79929,22.589102
2025-03-25 13:00:00+00:00,219.64413,16.363178
2025-03-25 14:00:00+00:00,215.25644,12.785069
2025-03-25 15:00:00+00:00,213.02388,12.881008
2025-03-25 16:00:00+00:00,205.06743,12.320471
2025-03-25 17:00:00+00:00,204.12099,13.213764
2025-03-25 18:00:00+00:00,210.96368,14.693999
2025-03-25 19:00:00+00:00,209.42737,16.1198
2025-03-25 20:00:00+00:00,205.2011,16.909464
2025-03-25 21:00:00+00:00,210.60632,14.848635
2025-03-25 22:00:00+00:00,212.24243,13.833091
2025-03-25 23:00:00+00:00,214.93102,13.83192
2025-03-26 00:00:00+00:00,207.89717,13.849477
2025-03-26 01:00:00+00:00,204.1932,13.615902
2025-03-26 02:00:00+00:00,198.65799,14.628807
2025-03-26 03:00:00+00:00,193.13403,16.635155
2025-03-26 04:00:00+00:00,202.57417,17.349236
2025-03-26 05:00:00+00:00,207.92888,16.909464
2025-03-26 06:00:00+00:00,214.69522,17.0763
2025-03-26 07:00:00+00:00,221.72942,17.84816
2025-03-26 08:00:00+00:00,223.79825,18.204933
2025-03-26 09:00:00+00:00,226.87172,19.484116
2025-03-26 10:00:00+00:00,230.45758,20.073833
2025-03-26 11:00:00+00:00,234.27995,19.731974
2025-03-26 12:00:00+00:00,236.0138,19.320465
2025-03-26 13:00:00+00:00,235.30478,17.0763
2025-03-26 14:00:00+00:00,232.83543,14.004185
2025-03-26 15:00:00+00:00,228.6746,13.902015
2025-03-26 16:00:00+00:00,220.23628,12.261157
2025-03-26 17:00:00+00:00,217.40543,15.408671
2025-03-26 18:00:00+00:00,232.65057,17.208603
2025-03-26 19:00:00+00:00,242.10283,17.311846
2025-03-26 20:00:00+00:00,244.56383,16.344357
2025-03-26 21:00:00+00:00,246.47678,16.68669
2025-03-26 22:00:00+00:00,242.57135,16.021011
2025-03-26 23:00:00+00:00,252.37761,16.053335
2025-03-27 00:00:00+00:00,250.1447,13.779114
2025-03-27 01:00:00+00:00,245.87901,13.213764
2025-03-27 02:00:00+00:00,253.0724,12.98248
2025-03-27 03:00:00+00:00,258.6901,11.013882
2025-03-27 04:00:00+00:00,285.6423,14.019216
2025-03-27 05:00:00+00:00,295.75043,16.986889
2025-03-27 06:00:00+00:00,293.85046,18.69662
2025-03-27 07:00:00+00:00,285.94547,18.345877
2025-03-27 08:00:00+00:00,288.26297,18.954777
2025-03-27 09:00:00+00:00,292.78244,19.523155
2025-03-27 10:00:00+00:00,287.14563,17.706913
2025-03-27 11:00:00+00:00,282.60016,15.677576
2025-03-27 12:00:00+00:00,282.89374,15.3264475
2025-03-27 13:00:00+00:00,279.59305,12.961249
2025-03-27 14:00:00+00:00,284.03625,11.132385
2025-03-27 15:00:00+00:00,296.56497,11.672275
2025-03-27 16:00:00+00:00,313.47928,14.387619
2025-03-27 17:00:00+00:00,311.49637,12.496718
2025-03-27 18:00:00+00:00,308.0471,10.514218
2025-03-27 19:00:00+00:00,313.69812,11.203464
2025-03-27 20:00:00+00:00,318.69147,15.815435
2025-03-27 21:00:00+00:00,326.3099,14.277983
2025-03-27 22:00:00+00:00,329.74365,10.00256
2025-03-27 23:00:00+00:00,336.29733,8.0599
2025-03-28 00:00:00+00:00,344.7448,6.1569467
2025-03-28 01:00:00+00:00,353.29025,6.162207
2025-03-28 02:00:00+00:00,348.3664,6.2483597
2025-03-28 03:00:00+00:00,352.30405,6.7205353
2025-03-28 04:00:00+00:00,350.72748,8.936778
2025-03-28 05:00:00+00:00,354.3825,11.032987
2025-03-28 06:00:00+00:00,345.73544,10.957847
2025-03-28 07:00:00+00:00,329.3494,11.298495
2025-03-28 08:00:00+00:00,317.54483,11.466438
2025-03-28 09:00:00+00:00,315.6902,10.564941
2025-03-28 10:00:00+00:00,317.5638,8.536252
2025-03-28 11:00:00+00:00,323.74606,6.696387
2025-03-28 12:00:00+00:00,329.62094,6.050785
2025-03-28 13:00:00+00:00,342.34976,4.1556225
2025-03-28 14:00:00+00:00,9.462261,5.4744864
2025-03-28 15:00:00+00:00,22.751022,6.050785
2025-03-28 16:00:00+00:00,31.263678,5.896202
2025-03-28 17:00:00+00:00,33.111355,4.942631
2025-03-28 18:00:00+00:00,43.26433,4.2021427
2025-03-28 19:00:00+00:00,67.3801,4.6800003
2025-03-28 20:00:00+00:00,60.94549,5.5596404
2025-03-28 21:00:00+00:00,60.255207,5.8048253
2025-03-28 22:00:00+00:00,71.14675,7.7983837
2025-03-28 23:00:00+00:00,50.710617,7.674842
2025-03-29 00:00:00+00:00,51.766144,7.562142
2025-03-29 01:00:00+00:00,63.435013,8.049845
2025-03-29 02:00:00+00:00,70.01681,8.427383
2025-03-29 03:00:00+00:00,74.47583,6.725354
2025-03-29 04:00:00+00:00,75.96373,8.163749
2025-03-29 05:00:00+00:00,65.22488,10.30883
2025-03-29 06:00:00+00:00,64.74687,10.548061
2025-03-29 07:00:00+00:00,57.05078,11.583109
2025-03-29 08:00:00+00:00,51.89238,11.666721
2025-03-29 09:00:00+00:00,49.86458,12.007498
2025-03-29 10:00:00+00:00,46.636536,8.913181
2025-03-29 11:00:00+00:00,38.884502,7.1684303
2025-03-29 12:00:00+00:00,43.83095,6.2379804
2025-03-29 13:00:00+00:00,40.236294,3.0652893
2025-03-29 14:00:00+00:00,64.79892,3.381893
2025-03-29 15:00:00+00:00,67.61982,3.3092597
2025-03-29 16:00:00+00:00,55.0079,2.19718
2025-03-29 17:00:00+00:00,70.346085,2.6758924
2025-03-29 18:00:00+00:00,114.44395,4.3498964
2025-03-29 19:00:00+00:00,148.73633,5.896202
2025-03-29 20:00:00+00:00,159.14546,4.0449963
2025-03-29 21:00:00+00:00,154.98314,2.97953
2025-03-29 22:00:00+00:00,155.55606,2.1749482
2025-03-29 23:00:00+00:00,180.0,0.17999999
2025-03-30 00:00:00+00:00,224.9999,0.25455844
2025-03-30 01:00:00+00:00,315.0001,0.76367533
2025-03-30 02:00:00+00:00,180.0,0.17999999
2025-03-30 03:00:00+00:00,146.3099,1.2979984
2025-03-30 04:00:00+00:00,98.13002,1.2727921
2025-03-30 05:00:00+00:00,56.309914,0.6489992
2025-03-30 06:00:00+00:00,296.56497,1.609969
2025-03-30 07:00:00+00:00,306.02747,2.4482648
2025-03-30 08:00:00+00:00,296.56497,2.4149535
2025-03-30 09:00:00+00:00,297.8972,3.4623692
2025-03-30 10:00:00+00:00,299.4758,4.755544
2025-03-30 11:00:00+00:00,299.4758,4.755544
2025-03-30 12:00:00+00:00,289.9832,4.2136917
2025-03-30 13:00:00+00:00,232.12495,2.0523157
2025-03-30 14:00:00+00:00,208.61037,2.2553935
2025-03-30 15:00:00+00:00,280.0079,3.1072817
2025-03-30 16:00:00+00:00,312.39737,5.6060677
2025-03-30 17:00:00+00:00,194.03627,1.484318
2025-03-30 18:00:00+00:00,178.26433,5.9427266
2025-03-30 19:00:00+00:00,180.0,1.98
2025-03-30 20:00:00+00:00,206.56499,0.40249225
2025-03-30 21:00:00+00:00,309.47244,3.9640884
2025-03-30 22:00:00+00:00,4.085537,2.5264204
2025-03-30 23:00:00+00:00,111.801476,0.9693296
2025-03-31 00:00:00+00:00,90.0,1.08
2025-03-31 01:00:00+00:00,141.34016,1.1525624
2025-03-31 02:00:00+00:00,153.43501,2.0124612
2025-03-31 03:00:00+00:00,139.39879,3.319036
2025-03-31 04:00:00+00:00,75.96373,2.226477
2025-03-31 05:00:00+00:00,75.96373,2.968636
2025-03-31 06:00:00+00:00,41.98713,2.4216523
2025-03-31 07:00:00+00:00,355.91446,2.5264204
2025-03-31 08:00:00+00:00,338.9624,2.5071096
2025-03-31 09:00:00+00:00,315.0001,3.8183763
2025-03-31 10:00:00+00:00,304.15976,6.090812
2025-03-31 11:00:00+00:00,296.56497,6.8423676
2025-03-31 12:00:00+00:00,298.30066,5.315336
2025-03-31 13:00:00+00:00,338.19852,3.8773184
2025-03-31 14:00:00+00:00,16.313938,7.689603
2025-03-31 15:00:00+00:00,21.801476,9.693296
2025-03-31 16:00:00+00:00,6.458727,9.600937
2025-03-31 17:00:00+00:00,11.976112,6.0721655
2025-03-31 18:00:00+00:00,25.820946,6.198903
2025-03-31 19:00:00+00:00,72.89719,4.896529
2025-03-31 20:00:00+00:00,147.99466,5.09435
2025-03-31 21:00:00+00:00,150.9455,3.7064266
2025-03-31 22:00:00+00:00,140.71062,2.5582807
2025-03-31 23:00:00+00:00,135.0001,2.0364676
2025-04-01 00:00:00+00:00,110.55612,4.613762
2025-04-01 01:00:00+00:00,150.2552,4.3536186
2025-04-01 02:00:00+00:00,154.23073,5.7964473
2025-04-01 03:00:00+00:00,137.81563,7.7734165
2025-04-01 04:00:00+00:00,113.962494,3.5455887
2025-04-01 05:00:00+00:00,86.82024,3.244996
2025-04-01 06:00:00+00:00,44.999897,1.781909
2025-04-01 07:00:00+00:00,343.3007,3.7585104
2025-04-01 08:00:00+00:00,329.62094,6.050785
2025-04-01 09:00:00+00:00,317.0454,7.1321807
2025-04-01 10:00:00+00:00,306.02747,7.344794
2025-04-01 11:00:00+00:00,307.87503,6.156947
2025-04-01 12:00:00+00:00,342.8972,4.896529
2025-04-01 13:00:00+00:00,35.909817,6.444905
2025-04-01 14:00:00+00:00,32.85573,10.285232
2025-04-01 15:00:00+00:00,27.699385,8.131936
2025-04-01 16:00:00+00:00,25.640957,4.991553
2025-04-01 17:00:00+00:00,161.56496,0.56920993
2025-04-01 18:00:00+00:00,193.24052,3.143565
2025-04-01 19:00:00+00:00,180.0,2.8799999
2025-04-01 20:00:00+00:00,180.0,1.6199999
2025-04-01 21:00:00+00:00,147.52882,2.3469129
2025-04-01 22:00:00+00:00,143.84172,5.796447
2025-04-01 23:00:00+00:00,151.38963,6.76618
2025-04-02 00:00:00+00:00,152.81897,7.4867883
2025-04-02 01:00:00+00:00,143.3658,8.748075
2025-04-02 02:00:00+00:00,150.1241,9.7565975
2025-04-02 03:00:00+00:00,145.43741,9.835975
2025-04-02 04:00:00+00:00,141.84273,6.4096174
2025-04-02 05:00:00+00:00,148.62704,8.643749
2025-04-02 06:00:00+00:00,164.74483,4.1046314
2025-04-02 07:00:00+00:00,180.0,3.6
2025-04-02 08:00:00+00:00,172.87508,4.353619
2025-04-02 09:00:00+00:00,153.43501,4.829907
2025-04-02 10:00:00+00:00,115.8663,6.601363
2025-04-02 11:00:00+00:00,91.21885,8.461914
2025-04-02 12:00:00+00:00,77.4712,8.297589
2025-04-02 13:00:00+00:00,66.64442,8.626865
2025-04-02 14:00:00+00:00,119.4758,4.755544
2025-04-02 15:00:00+00:00,200.17073,9.3962755
2025-04-02 16:00:00+00:00,250.0168,4.2136917
2025-04-02 17:00:00+00:00,307.6943,5.004518
2025-04-02 18:00:00+00:00,292.24908,4.278551
2025-04-02 19:00:00+00:00,295.01685,2.97953
2025-04-02 20:00:00+00:00,318.36655,2.1674871
2025-04-02 21:00:00+00:00,91.78987,5.7628117
2025-04-02 22:00:00+00:00,114.86367,8.133928
2025-04-02 23:00:00+00:00,112.1664,5.2478566
2025-04-03 00:00:00+00:00,118.9509,9.668195
2025-04-03 01:00:00+00:00,191.88864,6.9899354
2025-04-03 02:00:00+00:00,178.4926,6.8423676
2025-04-03 03:00:00+00:00,217.77574,9.109138
2025-04-03 04:00:00+00:00,213.2749,6.889557
2025-04-03 05:00:00+00:00,221.72942,8.92408
2025-04-03 06:00:00+00:00,238.57048,11.391313
2025-04-03 07:00:00+00:00,239.62096,12.10157
2025-04-03 08:00:00+00:00,241.2603,12.7279215
2025-04-03 09:00:00+00:00,240.64233,13.217443
2025-04-03 10:00:00+00:00,247.91277,13.403656
2025-04-03 11:00:00+00:00,254.33177,15.329618
2025-04-03 12:00:00+00:00,254.33177,15.329618
2025-04-03 13:00:00+00:00,253.30067,7.5170207
2025-04-03 14:00:00+00:00,226.12321,12.984975
2025-04-03 15:00:00+00:00,247.61981,13.237039
2025-04-03 16:00:00+00:00,287.81897,10.587917
2025-04-03 17:00:00+00:00,10.840266,8.613709
2025-04-03 18:00:00+00:00,50.774345,11.385622
2025-04-03 19:00:00+00:00,359.14493,12.061341
2025-04-03 20:00:00+00:00,27.323807,12.156331
2025-04-03 21:00:00+00:00,17.037857,11.672275
2025-04-03 22:00:00+00:00,17.969234,14.003029
2025-04-03 23:00:00+00:00,31.218353,13.891522
2025-04-04 00:00:00+00:00,32.092564,12.535549
2025-04-04 01:00:00+00:00,34.7961,12.932471
2025-04-04 02:00:00+00:00,333.43503,6.037383
2025-04-04 03:00:00+00:00,16.82149,8.085988
2025-04-04 04:00:00+00:00,30.510159,11.7
2025-04-04 05:00:00+00:00,28.673056,13.130133
2025-04-04 06:00:00+00:00,30.31114,13.552696
2025-04-04 07:00:00+00:00,31.464104,14.138882
2025-04-04 08:00:00+00:00,24.829327,13.288341
2025-04-04 09:00:00+00:00,13.392516,11.656998
2025-04-04 10:00:00+00:00,10.388804,10.98
2025-04-04 11:00:00+00:00,11.888645,10.484902
2025-04-04 12:00:00+00:00,15.5928755,8.035746
2025-04-04 13:00:00+00:00,353.29025,3.0811036
2025-04-04 14:00:00+00:00,348.11136,3.4949677
2025-04-04 15:00:00+00:00,360.0,2.8799999
2025-04-04 16:00:00+00:00,22.249071,4.278551
2025-04-04 17:00:00+00:00,104.62092,4.278551
2025-04-04 18:00:00+00:00,59.743652,2.50064
2025-04-04 19:00:00+00:00,24.775122,2.5772076
2025-04-04 20:00:00+00:00,25.346138,3.7842832
2025-04-04 21:00:00+00:00,33.6901,5.1919937
2025-04-04 22:00:00+00:00,60.64234,3.3043609
2025-04-04 23:00:00+00:00,65.77226,3.9477081
2025-04-05 00:00:00+00:00,81.38444,6.0077944
2025-04-05 01:00:00+00:00,106.38962,3.189608
2025-04-05 02:00:00+00:00,127.568665,2.9522195
2025-04-05 03:00:00+00:00,110.32322,5.1826253
2025-04-05 04:00:00+00:00,112.833694,3.710795
2025-04-05 05:00:00+00:00,137.12111,3.4388947
2025-04-05 06:00:00+00:00,233.53067,5.1481256
2025-04-05 07:00:00+00:00,257.3196,7.3799996
2025-04-05 08:00:00+00:00,261.2539,9.47012
2025-04-05 09:00:00+00:00,263.6599,11.409785
2025-04-05 10:00:00+00:00,269.14493,12.061341
2025-04-05 11:00:00+00:00,273.9724,12.991212
2025-04-05 12:00:00+00:00,273.05283,13.519186
2025-04-05 13:00:00+00:00,282.5288,9.9571085
2025-04-05 14:00:00+00:00,257.4712,9.9571085
2025-04-05 15:00:00+00:00,243.43501,10.062305
2025-04-05 16:00:00+00:00,236.92932,9.236298
2025-04-05 17:00:00+00:00,216.43095,9.396275
2025-04-05 18:00:00+00:00,196.88687,10.534229
2025-04-05 19:00:00+00:00,218.82983,9.473541
2025-04-05 20:00:00+00:00,226.5911,9.167638
2025-04-05 21:00:00+00:00,228.14505,11.599879
2025-04-05 22:00:00+00:00,225.62952,11.583108
2025-04-05 23:00:00+00:00,231.80127,13.971757
2025-04-06 00:00:00+00:00,227.83418,12.870944
2025-04-06 01:00:00+00:00,231.7098,13.072015
2025-04-06 02:00:00+00:00,230.19447,12.652604
2025-04-06 03:00:00+00:00,226.27295,11.457958
2025-04-06 04:00:00+00:00,248.40463,9.292255
2025-04-06 05:00:00+00:00,259.26114,10.6261
2025-04-06 06:00:00+00:00,256.65128,10.914888
2025-04-06 07:00:00+00:00,260.8699,10.209348
2025-04-06 08:00:00+00:00,263.9911,10.316686
2025-04-06 09:00:00+00:00,275.82623,8.865799
2025-04-06 10:00:00+00:00,277.1249,8.707238
2025-04-06 11:00:00+00:00,272.08252,9.906544
2025-04-06 12:00:00+00:00,267.95465,10.086427
2025-04-06 13:00:00+00:00,260.75397,7.841888
2025-04-06 14:00:00+00:00,257.0926,8.863972
2025-04-06 15:00:00+00:00,246.19405,6.689125
2025-04-06 16:00:00+00:00,222.79738,6.623413
2025-04-06 17:00:00+00:00,212.90524,7.289445
2025-04-06 18:00:00+00:00,207.51192,9.741642
2025-04-06 19:00:00+00:00,206.56499,9.659814
2025-04-06 20:00:00+00:00,214.11452,20.219378
2025-04-06 21:00:00+00:00,229.39879,19.914215
2025-04-06 22:00:00+00:00,230.19447,18.275984
2025-04-06 23:00:00+00:00,225.4814,15.146761
2025-04-07 00:00:00+00:00,224.9999,14.000713
2025-04-07 01:00:00+00:00,208.8107,12.325728
2025-04-07 02:00:00+00:00,210.82759,12.996199
2025-04-07 03:00:00+00:00,214.41843,11.782784
2025-04-07 04:00:00+00:00,216.7143,13.248049
2025-04-07 05:00:00+00:00,217.94221,13.466357
2025-04-07 06:00:00+00:00,223.29869,12.86087
2025-04-07 07:00:00+00:00,227.24576,12.992459
2025-04-07 08:00:00+00:00,229.4847,13.022349
2025-04-07 09:00:00+00:00,231.34016,11.525623
2025-04-07 10:00:00+00:00,233.31018,11.448055
2025-04-07 11:00:00+00:00,236.3099,12.330985
2025-04-07 12:00:00+00:00,241.97559,12.642357
2025-04-07 13:00:00+00:00,236.6336,8.836514
2025-04-07 14:00:00+00:00,222.39738,11.212135
2025-04-07 15:00:00+00:00,215.83774,11.989946
2025-04-07 16:00:00+00:00,222.70937,12.738099
2025-04-07 17:00:00+00:00,219.80553,12.652604
2025-04-07 18:00:00+00:00,221.49637,18.745079
2025-04-07 19:00:00+00:00,236.92932,18.472595
2025-04-07 20:00:00+00:00,230.3431,17.769016
2025-04-07 21:00:00+00:00,223.7812,17.95043
2025-04-07 22:00:00+00:00,224.54892,16.16496
2025-04-07 23:00:00+00:00,226.27295,17.186935
2025-04-08 00:00:00+00:00,233.3658,17.49615
2025-04-08 01:00:00+00:00,226.33214,16.423458
2025-04-08 02:00:00+00:00,223.62523,15.914484
2025-04-08 03:00:00+00:00,221.76021,13.513193
2025-04-08 04:00:00+00:00,223.91916,13.493999
2025-04-08 05:00:00+00:00,226.5207,14.387619
2025-04-08 06:00:00+00:00,235.22209,15.778516
2025-04-08 07:00:00+00:00,241.00414,17.081041
2025-04-08 08:00:00+00:00,235.99246,18.022486
2025-04-08 09:00:00+00:00,230.3431,17.769016
2025-04-08 10:00:00+00:00,224.9999,16.037182
2025-04-08 11:00:00+00:00,216.0761,15.589497
2025-04-08 12:00:00+00:00,208.39293,15.141414
2025-04-08 13:00:00+00:00,242.10283,6.9247384
2025-04-08 14:00:00+00:00,220.85529,8.805294
2025-04-08 15:00:00+00:00,223.19128,12.097553
2025-04-08 16:00:00+00:00,228.87862,15.053425
2025-04-08 17:00:00+00:00,237.99466,11.886816
2025-04-08 18:00:00+00:00,229.9938,13.15971
2025-04-08 19:00:00+00:00,226.66023,17.571909
2025-04-08 20:00:00+00:00,228.60138,18.23694
2025-04-08 21:00:00+00:00,224.9999,18.837324
2025-04-08 22:00:00+00:00,226.92194,18.975277
2025-04-08 23:00:00+00:00,226.5693,18.589739
2025-04-09 00:00:00+00:00,227.12111,17.194475
2025-04-09 01:00:00+00:00,220.04967,16.22498
2025-04-09 02:00:00+00:00,219.2894,15.349684
2025-04-09 03:00:00+00:00,222.37354,13.888023
2025-04-09 04:00:00+00:00,237.38077,10.685391
2025-04-09 05:00:00+00:00,251.24126,10.075177
2025-04-09 06:00:00+00:00,253.77974,10.310403
2025-04-09 07:00:00+00:00,244.65387,11.35285
2025-04-09 08:00:00+00:00,238.90276,13.243156
2025-04-09 09:00:00+00:00,232.86899,15.804164
2025-04-09 10:00:00+00:00,227.80252,18.222721
2025-04-09 11:00:00+00:00,228.48337,14.664202
2025-04-09 12:00:00+00:00,225.46576,15.655861
2025-04-09 13:00:00+00:00,226.73567,8.404285
2025-04-09 14:00:00+00:00,218.79657,11.778658
2025-04-09 15:00:00+00:00,214.34616,13.0806875
2025-04-09 16:00:00+00:00,213.6901,11.681987
2025-04-09 17:00:00+00:00,212.61923,10.685391
2025-04-09 18:00:00+00:00,212.59258,13.032298
2025-04-09 19:00:00+00:00,223.45189,14.133152
2025-04-09 20:00:00+00:00,218.07283,13.719023
2025-04-09 21:00:00+00:00,215.28683,14.33347
2025-04-09 22:00:00+00:00,215.4458,13.036026
2025-04-09 23:00:00+00:00,213.89621,13.878689
2025-04-10 00:00:00+00:00,201.61484,10.261579
2025-04-10 01:00:00+00:00,195.94547,10.483357
2025-04-10 02:00:00+00:00,197.176,10.3621235
2025-04-10 03:00:00+00:00,205.27768,7.16617
2025-04-10 04:00:00+00:00,214.9921,6.59154
2025-04-10 05:00:00+00:00,225.97093,7.5105524
2025-04-10 06:00:00+00:00,234.3235,8.641874
2025-04-10 07:00:00+00:00,239.42085,9.19939
2025-04-10 08:00:00+00:00,248.38516,10.261579
2025-04-10 09:00:00+00:00,266.3087,11.183201
2025-04-10 10:00:00+00:00,256.50424,9.255571
2025-04-10 11:00:00+00:00,234.09018,12.88981
2025-04-10 12:00:00+00:00,233.017,18.252037
2025-04-10 13:00:00+00:00,250.9743,11.043261
2025-04-10 14:00:00+00:00,250.9422,10.474082
2025-04-10 15:00:00+00:00,243.43501,10.062305
2025-04-10 16:00:00+00:00,231.07245,12.031756
2025-04-10 17:00:00+00:00,240.31291,22.16998
2025-04-10 18:00:00+00:00,231.5321,16.782528
2025-04-10 19:00:00+00:00,236.48895,15.975444
2025-04-10 20:00:00+00:00,228.10611,16.443172
2025-04-10 21:00:00+00:00,220.12604,16.478603
2025-04-10 22:00:00+00:00,219.1226,17.401447
2025-04-10 23:00:00+00:00,218.38657,17.682194
2025-04-11 00:00:00+00:00,214.9921,17.57744
2025-04-11 01:00:00+00:00,215.39488,16.78156
2025-04-11 02:00:00+00:00,213.34073,16.375053
2025-04-11 03:00:00+00:00,220.44615,14.428097
2025-04-11 04:00:00+00:00,205.4633,16.746773
2025-04-11 05:00:00+00:00,215.3113,15.881875
2025-04-11 06:00:00+00:00,220.94635,16.204998
2025-04-11 07:00:00+00:00,221.06972,16.712881
2025-04-11 08:00:00+00:00,223.4235,13.878688
2025-04-11 09:00:00+00:00,191.6336,6.2483597
2025-04-11 10:00:00+00:00,239.82657,8.953078
2025-04-11 11:00:00+00:00,235.17543,10.086427
2025-04-11 12:00:00+00:00,230.19447,12.652604
2025-04-11 13:00:00+00:00,257.36664,10.699028
2025-04-11 14:00:00+00:00,247.75093,8.557102
2025-04-11 15:00:00+00:00,210.76265,8.797931
2025-04-11 16:00:00+00:00,190.68486,9.708326
2025-04-11 17:00:00+00:00,179.2043,12.961249
2025-04-11 18:00:00+00:00,169.56258,13.910169
2025-04-11 19:00:00+00:00,160.30128,15.486278
2025-04-11 20:00:00+00:00,170.73985,16.778666
2025-04-11 21:00:00+00:00,192.3954,16.770939
2025-04-11 22:00:00+00:00,206.88686,14.328949
2025-04-11 23:00:00+00:00,205.90645,14.007655
2025-04-12 00:00:00+00:00,200.88588,14.64209
2025-04-12 01:00:00+00:00,188.90164,15.122143
2025-04-12 02:00:00+00:00,186.8699,15.048042
2025-04-12 03:00:00+00:00,193.34874,10.914888
2025-04-12 04:00:00+00:00,224.9999,11.709688
2025-04-12 05:00:00+00:00,229.30457,11.870451
2025-04-12 06:00:00+00:00,228.65231,11.988594
2025-04-12 07:00:00+00:00,227.20262,13.246826
2025-04-12 08:00:00+00:00,232.43134,14.761098
2025-04-12 09:00:00+00:00,243.11314,14.328949
2025-04-12 10:00:00+00:00,253.85559,14.241629
2025-04-12 11:00:00+00:00,256.5348,13.1412325
2025-04-12 12:00:00+00:00,259.3804,11.720751
2025-04-12 13:00:00+00:00,238.67136,4.846648
2025-04-12 14:00:00+00:00,202.06795,7.186487
2025-04-12 15:00:00+00:00,205.67677,10.385547
2025-04-12 16:00:00+00:00,213.11136,9.885262
2025-04-12 17:00:00+00:00,201.80147,9.693296
2025-04-12 18:00:00+00:00,190.95403,11.367109
2025-04-12 19:00:00+00:00,212.00534,10.1887
2025-04-12 20:00:00+00:00,231.95291,5.257109
2025-04-12 21:00:00+00:00,81.02746,3.462369
2025-04-12 22:00:00+00:00,187.12492,5.8048253
2025-04-12 23:00:00+00:00,206.56499,6.439876
2025-04-13 00:00:00+00:00,215.21768,7.491114
2025-04-13 01:00:00+00:00,186.58185,4.7110505
2025-04-13 02:00:00+00:00,154.2901,5.3939967
2025-04-13 03:00:00+00:00,197.24155,5.4656014
2025-04-13 04:00:00+00:00,216.86998,7.2
2025-04-13 05:00:00+00:00,231.1155,7.1684303
2025-04-13 06:00:00+00:00,244.09354,7.0038276
2025-04-13 07:00:00+00:00,244.7989,6.763786
2025-04-13 08:00:00+00:00,247.47939,7.989242
2025-04-13 09:00:00+00:00,257.692,10.132897
2025-04-13 10:00:00+00:00,261.46933,10.920824
2025-04-13 11:00:00+00:00,255.20319,9.867218
2025-04-13 12:00:00+00:00,232.12495,8.209263
2025-04-13 13:00:00+00:00,198.43504,5.12289
2025-04-13 14:00:00+00:00,187.94337,7.814986
2025-04-13 15:00:00+00:00,196.4601,8.2584505
2025-04-13 16:00:00+00:00,207.51192,9.741642
2025-04-13 17:00:00+00:00,221.18582,9.567131
2025-04-13 18:00:00+00:00,216.6342,8.748075
2025-04-13 19:00:00+00:00,212.90524,10.934166
2025-04-13 20:00:00+00:00,218.22047,18.329092
2025-04-13 21:00:00+00:00,238.06158,16.332458
2025-04-13 22:00:00+00:00,238.39255,13.737904
2025-04-13 23:00:00+00:00,232.76509,11.304229
2025-04-14 00:00:00+00:00,223.72705,11.457958
2025-04-14 01:00:00+00:00,242.44727,9.339208
2025-04-14 02:00:00+00:00,238.32457,9.9408245
2025-04-14 03:00:00+00:00,235.56094,7.6388745
2025-04-14 04:00:00+00:00,248.74942,6.9527545
2025-04-14 05:00:00+00:00,244.23071,5.7964473
2025-04-14 06:00:00+00:00,242.35411,4.2671766
2025-04-14 07:00:00+00:00,273.57626,2.8856194
2025-04-14 08:00:00+00:00,296.56497,4.829907
2025-04-14 09:00:00+00:00,303.6901,7.1389914
2025-04-14 10:00:00+00:00,305.0959,8.139901
2025-04-14 11:00:00+00:00,300.25635,7.5019197
2025-04-14 12:00:00+00:00,302.47116,7.0407386
2025-04-14 13:00:00+00:00,291.80148,6.7853074
2025-04-14 14:00:00+00:00,352.30405,6.7205353
2025-04-14 15:00:00+00:00,36.86999,6.299999
2025-04-14 16:00:00+00:00,90.0,1.8
2025-04-14 17:00:00+00:00,180.0,2.8799999
2025-04-14 18:00:00+00:00,197.87878,5.8631387
2025-04-14 19:00:00+00:00,63.435013,0.40249225
2025-04-14 20:00:00+00:00,153.43501,2.4149535
2025-04-14 21:00:00+00:00,186.3401,6.519877
2025-04-14 22:00:00+00:00,216.86998,10.799999
2025-04-14 23:00:00+00:00,216.02747,9.793059
2025-04-15 00:00:00+00:00,226.24529,11.712454
2025-04-15 01:00:00+00:00,229.51407,9.703319
2025-04-15 02:00:00+00:00,242.94948,9.499158
2025-04-15 03:00:00+00:00,213.6901,2.5959969
2025-04-15 04:00:00+00:00,60.524208,4.755544
2025-04-15 05:00:00+00:00,72.75845,5.4656014
2025-04-15 06:00:00+00:00,76.67546,7.029225
2025-04-15 07:00:00+00:00,71.564964,7.3997297
2025-04-15 08:00:00+00:00,59.349415,5.6492476
2025-04-15 09:00:00+00:00,39.289394,5.1165614
2025-04-15 10:00:00+00:00,28.178495,5.7176566
2025-04-15 11:00:00+00:00,22.380184,6.6185193
2025-04-15 12:00:00+00:00,21.801476,8.723967
2025-04-15 13:00:00+00:00,9.865748,4.2021422
2025-04-15 14:00:00+00:00,51.072456,6.015878
2025-04-15 15:00:00+00:00,77.38069,12.358542
2025-04-15 16:00:00+00:00,83.047134,14.869351
2025-04-15 17:00:00+00:00,92.385895,12.971244
2025-04-15 18:00:00+00:00,125.537766,10.83893
2025-04-15 19:00:00+00:00,115.64096,9.983106
2025-04-15 20:00:00+00:00,136.54811,9.422101
2025-04-15 21:00:00+00:00,134.38402,11.837651
2025-04-15 22:00:00+00:00,144.0394,11.341428
2025-04-15 23:00:00+00:00,194.57425,9.299225
2025-04-16 00:00:00+00:00,172.87508,4.353619
2025-04-16 01:00:00+00:00,204.70241,9.906544
2025-04-16 02:00:00+00:00,201.03758,10.028439
2025-04-16 03:00:00+00:00,188.3658,6.1858225
2025-04-16 04:00:00+00:00,186.91113,5.9834766
2025-04-16 05:00:00+00:00,198.43504,5.12289
2025-04-16 06:00:00+00:00,216.86998,4.5
2025-04-16 07:00:00+00:00,250.0168,6.320538
2025-04-16 08:00:00+00:00,270.0,6.8399997
2025-04-16 09:00:00+00:00,282.09473,7.731622
2025-04-16 10:00:00+00:00,290.07162,9.965239
2025-04-16 11:00:00+00:00,286.33612,10.8792095
2025-04-16 12:00:00+00:00,277.47147,11.074022
2025-04-16 13:00:00+00:00,284.47034,11.525623
2025-04-16 14:00:00+00:00,252.47433,10.759423
2025-04-16 15:00:00+00:00,228.10611,16.443172
2025-04-16 16:00:00+00:00,228.42397,14.918297
2025-04-16 17:00:00+00:00,237.05078,11.583109
2025-04-16 18:00:00+00:00,232.206,11.161451
2025-04-16 19:00:00+00:00,219.47243,15.856354
2025-04-16 20:00:00+00:00,226.97493,18.466455
2025-04-16 21:00:00+00:00,234.46223,18.581022
2025-04-16 22:00:00+00:00,233.47105,18.144321
2025-04-16 23:00:00+00:00,229.59062,17.49337
2025-04-17 00:00:00+00:00,225.46576,15.655861
2025-04-17 01:00:00+00:00,204.90474,11.113451
2025-04-17 02:00:00+00:00,186.63242,7.79215
2025-04-17 03:00:00+00:00,142.59457,3.8521678
2025-04-17 04:00:00+00:00,133.26433,4.2021427
2025-04-17 05:00:00+00:00,159.77505,7.289444
2025-04-17 06:00:00+00:00,175.91446,7.579261
2025-04-17 07:00:00+00:00,178.75467,8.281956
2025-04-17 08:00:00+00:00,177.7543,9.187056
2025-04-17 09:00:00+00:00,182.91078,10.63372
2025-04-17 10:00:00+00:00,187.47147,11.074022
2025-04-17 11:00:00+00:00,196.60706,10.706595
2025-04-17 12:00:00+00:00,209.98155,10.805998
2025-04-17 13:00:00+00:00,241.0491,9.668195
2025-04-17 14:00:00+00:00,234.34457,10.1902895
2025-04-17 15:00:00+00:00,230.52757,11.892265
2025-04-17 16:00:00+00:00,226.66829,13.115319
2025-04-17 17:00:00+00:00,207.55272,9.339208
2025-04-17 18:00:00+00:00,201.28648,14.874796
2025-04-17 19:00:00+00:00,220.27194,16.985933
2025-04-17 20:00:00+00:00,215.13426,17.82818
2025-04-17 21:00:00+00:00,216.75377,17.748037
2025-04-17 22:00:00+00:00,218.65984,18.440998
2025-04-17 23:00:00+00:00,219.94612,18.783066
2025-04-18 00:00:00+00:00,220.66164,18.508516
2025-04-18 01:00:00+00:00,217.49272,16.560978
2025-04-18 02:00:00+00:00,214.65138,14.879153
2025-04-18 03:00:00+00:00,214.57425,16.176983
2025-04-18 04:00:00+00:00,217.92653,17.570988
2025-04-18 05:00:00+00:00,223.4307,18.589739
2025-04-18 06:00:00+00:00,226.54811,18.844202
2025-04-18 07:00:00+00:00,228.7154,19.64228
2025-04-18 08:00:00+00:00,227.9781,22.049082
2025-04-18 09:00:00+00:00,226.8476,23.686249
2025-04-18 10:00:00+00:00,228.62863,26.14465
2025-04-18 11:00:00+00:00,233.49263,28.440567
2025-04-18 12:00:00+00:00,236.3099,27.906965
2025-04-18 13:00:00+00:00,233.29706,24.696102
2025-04-18 14:00:00+00:00,229.01968,23.60472
2025-04-18 15:00:00+00:00,226.5481,23.555254
2025-04-18 16:00:00+00:00,226.1811,24.697416
2025-04-18 17:00:00+00:00,224.14499,25.585972
2025-04-18 18:00:00+00:00,223.51605,24.573132
2025-04-18 19:00:00+00:00,220.46214,24.131413
2025-04-18 20:00:00+00:00,219.09386,22.26477
2025-04-18 21:00:00+00:00,217.14677,22.35626
2025-04-18 22:00:00+00:00,214.28693,23.964348
2025-04-18 23:00:00+00:00,211.26367,23.584808
2025-04-19 00:00:00+00:00,219.62326,21.733088
2025-04-19 01:00:00+00:00,221.00899,21.94524
2025-04-19 02:00:00+00:00,219.6772,20.5807
2025-04-19 03:00:00+00:00,224.34901,22.402588
2025-04-19 04:00:00+00:00,229.65343,21.964426
2025-04-19 05:00:00+00:00,239.28725,21.145979
2025-04-19 06:00:00+00:00,251.24126,20.150354
2025-04-19 07:00:00+00:00,261.41647,19.296133
2025-04-19 08:00:00+00:00,271.60596,19.267569
2025-04-19 09:00:00+00:00,267.27374,18.921415
2025-04-19 10:00:00+00:00,262.5458,19.424158
2025-04-19 11:00:00+00:00,257.82855,18.782204
2025-04-19 12:00:00+00:00,251.732,19.523985
2025-04-19 13:00:00+00:00,239.74365,12.503199
2025-04-19 14:00:00+00:00,230.6595,14.197196
2025-04-19 15:00:00+00:00,237.75755,13.833091
2025-04-19 16:00:00+00:00,228.96475,12.886039
2025-04-19 17:00:00+00:00,210.32352,11.052058
2025-04-19 18:00:00+00:00,223.02507,11.079873
2025-04-19 19:00:00+00:00,274.28906,7.2202215
2025-04-19 20:00:00+00:00,265.03033,8.311245
2025-04-19 21:00:00+00:00,230.6595,14.197196
2025-04-19 22:00:00+00:00,291.65604,13.169556
2025-04-19 23:00:00+00:00,309.34048,14.197196
2025-04-20 00:00:00+00:00,286.06006,12.362475
2025-04-20 01:00:00+00:00,267.08923,10.63372
2025-04-20 02:00:00+00:00,270.8303,12.421304
2025-04-20 03:00:00+00:00,271.68463,12.245294
2025-04-20 04:00:00+00:00,278.97253,13.849476
2025-04-20 05:00:00+00:00,286.31393,15.379206
2025-04-20 06:00:00+00:00,287.1525,15.25865
2025-04-20 07:00:00+00:00,276.78888,15.226764
2025-04-20 08:00:00+00:00,275.64816,16.459915
2025-04-20 09:00:00+00:00,272.86234,18.022486
2025-04-20 10:00:00+00:00,271.5765,19.627428
2025-04-20 11:00:00+00:00,273.6411,19.84005
2025-04-20 12:00:00+00:00,274.17035,17.325876
2025-04-20 13:00:00+00:00,282.6996,13.100489
2025-04-20 14:00:00+00:00,270.0,9.0
2025-04-20 15:00:00+00:00,254.3204,10.656547
2025-04-20 16:00:00+00:00,254.05453,9.172938
2025-04-20 17:00:00+00:00,277.90707,6.542201
2025-04-20 18:00:00+00:00,309.40063,6.522361
2025-04-20 19:00:00+00:00,241.38963,2.2553935
2025-04-20 20:00:00+00:00,213.6901,2.5959969
2025-04-20 21:00:00+00:00,296.56497,2.4149535
2025-04-20 22:00:00+00:00,298.7397,6.3639607
2025-04-20 23:00:00+00:00,274.76355,6.5024605
2025-04-21 00:00:00+00:00,270.0,8.099999
2025-04-21 01:00:00+00:00,271.39716,7.3821945
2025-04-21 02:00:00+00:00,267.5105,8.287822
2025-04-21 03:00:00+00:00,272.86234,7.208994
2025-04-21 04:00:00+00:00,270.0,6.2999997
2025-04-21 05:00:00+00:00,284.03625,6.6794305
2025-04-21 06:00:00+00:00,284.03625,8.163749
2025-04-21 07:00:00+00:00,279.95056,10.4166975
2025-04-21 08:00:00+00:00,277.53934,12.346741
2025-04-21 09:00:00+00:00,278.23553,13.822546
2025-04-21 10:00:00+00:00,274.08554,15.158522
2025-04-21 11:00:00+00:00,266.6336,15.3264475
2025-04-21 12:00:00+00:00,265.96237,15.338071
2025-04-21 13:00:00+00:00,265.03033,12.466867
2025-04-21 14:00:00+00:00,270.0,12.78
2025-04-21 15:00:00+00:00,262.09293,13.084402
2025-04-21 16:00:00+00:00,260.39487,11.866355
2025-04-21 17:00:00+00:00,268.9584,9.901636
2025-04-21 18:00:00+00:00,264.17374,8.865799
2025-04-21 19:00:00+00:00,270.0,7.3799996
2025-04-21 20:00:00+00:00,282.875,6.4624763
2025-04-21 21:00:00+00:00,280.0079,6.2145634
2025-04-21 22:00:00+00:00,270.0,5.9399996
2025-04-21 23:00:00+00:00,291.03757,7.5213294
2025-04-22 00:00:00+00:00,292.30624,7.587806
2025-04-22 01:00:00+00:00,262.09293,6.542201
2025-04-22 02:00:00+00:00,242.30061,8.131936
2025-04-22 03:00:00+00:00,258.05585,9.56713
2025-04-22 04:00:00+00:00,272.86234,10.813492
2025-04-22 05:00:00+00:00,289.76724,12.241323
2025-04-22 06:00:00+00:00,308.19873,13.971757
2025-04-22 07:00:00+00:00,310.81497,15.697197
2025-04-22 08:00:00+00:00,306.99536,16.45204
2025-04-22 09:00:00+00:00,304.046,16.075521
2025-04-22 10:00:00+00:00,301.4295,15.1884165
2025-04-22 11:00:00+00:00,296.56497,14.892213
2025-04-22 12:00:00+00:00,294.77512,12.886039
2025-04-22 13:00:00+00:00,281.3099,8.260411
2025-04-22 14:00:00+00:00,268.8767,9.181765
2025-04-22 15:00:00+00:00,264.2895,10.853866
2025-04-22 16:00:00+00:00,247.1663,11.132385
2025-04-22 17:00:00+00:00,244.65387,11.35285
2025-04-22 18:00:00+00:00,248.19853,11.631956
2025-04-22 19:00:00+00:00,237.20047,9.636307
2025-04-22 20:00:00+00:00,249.62347,6.7205353
2025-04-22 21:00:00+00:00,277.59454,5.4477882
2025-04-22 22:00:00+00:00,270.0,6.2999997
2025-04-22 23:00:00+00:00,235.56094,7.6388745
2025-04-23 00:00:00+00:00,234.60512,8.39078
2025-04-23 01:00:00+00:00,232.3737,10.908951
2025-04-23 02:00:00+00:00,245.85446,11.440979
2025-04-23 03:00:00+00:00,248.19853,8.723967
2025-04-23 04:00:00+00:00,249.44386,6.151683
2025-04-23 05:00:00+00:00,260.9098,9.114471
2025-04-23 06:00:00+00:00,271.0416,9.901636
2025-04-23 07:00:00+00:00,267.43628,12.0720825
2025-04-23 08:00:00+00:00,263.82993,13.397612
2025-04-23 09:00:00+00:00,259.69522,14.087228
2025-04-23 10:00:00+00:00,257.85574,14.545515
2025-04-23 11:00:00+00:00,257.55002,14.193772
2025-04-23 12:00:00+00:00,251.34203,14.628807
2025-04-23 13:00:00+00:00,246.12471,12.007498
2025-04-23 14:00:00+00:00,237.05078,11.583109
2025-04-23 15:00:00+00:00,231.34016,11.525623
2025-04-23 16:00:00+00:00,237.38077,10.685391
2025-04-23 17:00:00+00:00,271.39716,7.3821945
2025-04-23 18:00:00+00:00,242.928,9.096681
2025-04-23 19:00:00+00:00,208.67305,13.130133
2025-04-23 20:00:00+00:00,217.05661,11.052058
2025-04-23 21:00:00+00:00,217.03047,12.85205
2025-04-23 22:00:00+00:00,227.81563,15.546833
2025-04-23 23:00:00+00:00,232.59457,15.408671
2025-04-24 00:00:00+00:00,231.76613,15.124284
2025-04-24 01:00:00+00:00,228.94528,14.799459
2025-04-24 02:00:00+00:00,229.72021,13.920647
2025-04-24 03:00:00+00:00,232.12495,12.313894
2025-04-24 04:00:00+00:00,242.41806,13.6063795
2025-04-24 05:00:00+00:00,247.01126,12.904882
2025-04-24 06:00:00+00:00,253.55954,11.448055
2025-04-24 07:00:00+00:00,251.8472,11.555102
2025-04-24 08:00:00+00:00,238.76085,12.841963
2025-04-24 09:00:00+00:00,237.86278,16.580532
2025-04-24 10:00:00+00:00,237.87503,18.278645
2025-04-24 11:00:00+00:00,242.68448,18.435726
2025-04-24 12:00:00+00:00,254.95355,17.33429
2025-04-24 13:00:00+00:00,261.43094,13.288341
2025-04-24 14:00:00+00:00,258.6901,11.9317045
2025-04-24 15:00:00+00:00,256.42953,10.739833
2025-04-24 16:00:00+00:00,227.35333,9.299225
2025-04-24 17:00:00+00:00,204.44394,8.699793
2025-04-24 18:00:00+00:00,198.9705,6.0908127
2025-04-24 19:00:00+00:00,187.59456,5.4477882
2025-04-24 20:00:00+00:00,206.56499,7.24486
2025-04-24 21:00:00+00:00,200.3442,17.085783
2025-04-24 22:00:00+00:00,226.68465,17.31746
2025-04-24 23:00:00+00:00,224.9999,16.546299
2025-04-25 00:00:00+00:00,219.3824,15.602999
2025-04-25 01:00:00+00:00,206.88686,14.328949
2025-04-25 02:00:00+00:00,208.07239,15.299999
2025-04-25 03:00:00+00:00,208.30066,13.288341
2025-04-25 04:00:00+00:00,221.87778,14.021525
2025-04-25 05:00:00+00:00,225.98767,14.766584
2025-04-25 06:00:00+00:00,233.39284,15.696165
2025-04-25 07:00:00+00:00,236.15462,18.42166
2025-04-25 08:00:00+00:00,242.66772,18.033268
2025-04-25 09:00:00+00:00,252.50415,17.363237
2025-04-25 10:00:00+00:00,251.56496,15.937878
2025-04-25 11:00:00+00:00,251.99574,15.141414
2025-04-25 12:00:00+00:00,254.15685,13.845967
2025-04-25 13:00:00+00:00,262.18478,9.266067
2025-04-25 14:00:00+00:00,261.15826,8.197414
2025-04-25 15:00:00+00:00,221.05472,7.3997297
2025-04-25 16:00:00+00:00,203.80595,6.689125
2025-04-25 17:00:00+00:00,204.30453,6.1226463
2025-04-25 18:00:00+00:00,198.00426,7.570707
2025-04-25 19:00:00+00:00,267.95465,5.0432134
2025-04-25 20:00:00+00:00,192.5288,4.9785542
2025-04-25 21:00:00+00:00,247.28555,8.39078
2025-04-25 22:00:00+00:00,214.15974,12.181624
2025-04-25 23:00:00+00:00,222.61401,12.229406
2025-04-26 00:00:00+00:00,223.11183,11.5887
2025-04-26 01:00:00+00:00,223.53127,9.931042
2025-04-26 02:00:00+00:00,229.49724,11.362834
2025-04-26 03:00:00+00:00,242.30061,8.131936
2025-04-26 04:00:00+00:00,254.84587,8.951267
2025-04-26 05:00:00+00:00,268.8767,9.181765
2025-04-26 06:00:00+00:00,302.57404,7.689603
2025-04-26 07:00:00+00:00,327.17145,6.6405115
2025-04-26 08:00:00+00:00,334.98312,5.95906
2025-04-26 09:00:00+00:00,342.072,6.4323244
2025-04-26 10:00:00+00:00,334.44006,9.178235
2025-04-26 11:00:00+00:00,331.15744,14.178927
2025-04-26 12:00:00+00:00,335.0261,14.49531
2025-04-26 13:00:00+00:00,44.999897,0.25455844
2025-04-26 14:00:00+00:00,157.8336,5.2478566
2025-04-26 15:00:00+00:00,200.22495,3.644722
2025-04-26 16:00:00+00:00,301.21835,6.945761
2025-04-26 17:00:00+00:00,340.3461,2.6758924
2025-04-26 18:00:00+00:00,180.0,2.8799999
2025-04-26 19:00:00+00:00,161.14674,7.7983837
2025-04-26 20:00:00+00:00,168.05585,9.56713
2025-04-26 21:00:00+00:00,195.94547,10.483357
2025-04-26 22:00:00+00:00,214.75598,10.735306
2025-04-26 23:00:00+00:00,220.23628,6.1305785
2025-04-27 00:00:00+00:00,240.80261,7.0107627
2025-04-27 01:00:00+00:00,167.19574,4.060985
2025-04-27 02:00:00+00:00,127.34943,8.604301
2025-04-27 03:00:00+00:00,164.21918,8.604301
2025-04-27 04:00:00+00:00,170.75397,7.841888
2025-04-27 05:00:00+00:00,181.73567,5.9427266
2025-04-27 06:00:00+00:00,213.6901,7.1389914
2025-04-27 07:00:00+00:00,230.71062,10.233123
2025-04-27 08:00:00+00:00,241.38963,11.276968
2025-04-27 09:00:00+00:00,257.96942,11.226575
2025-04-27 10:00:00+00:00,275.7105,10.853866
2025-04-27 11:00:00+00:00,287.176,10.3621235
2025-04-27 12:00:00+00:00,277.69595,6.7205353
2025-04-27 13:00:00+00:00,311.0994,11.226575
2025-04-27 14:00:00+00:00,299.74478,5.8048253
2025-04-27 15:00:00+00:00,259.79608,9.144637
2025-04-27 16:00:00+00:00,255.96373,7.42159
2025-04-27 17:00:00+00:00,248.19853,3.8773184
2025-04-27 18:00:00+00:00,199.65392,5.3517847
2025-04-27 19:00:00+00:00,195.94547,10.483357
2025-04-27 20:00:00+00:00,223.29022,17.063011
2025-04-27 21:00:00+00:00,245.69547,12.245293
2025-04-27 22:00:00+00:00,259.9921,9.321845
2025-04-27 23:00:00+00:00,242.10283,10.387107
2025-04-28 00:00:00+00:00,233.90163,10.692969
2025-04-28 01:00:00+00:00,223.85432,12.730467
2025-04-28 02:00:00+00:00,212.6609,8.338489
2025-04-28 03:00:00+00:00,151.92761,3.06
2025-04-28 04:00:00+00:00,168.69011,2.7534704
2025-04-28 05:00:00+00:00,186.3401,3.2599385
2025-04-28 06:00:00+00:00,203.19862,2.7416782
2025-04-28 07:00:00+00:00,244.5367,4.186693
2025-04-28 08:00:00+00:00,270.0,8.28
2025-04-28 09:00:00+00:00,283.7995,10.564941
2025-04-28 10:00:00+00:00,288.43503,10.814989
2025-04-28 11:00:00+00:00,274.76355,8.669949
2025-04-28 12:00:00+00:00,241.38963,6.76618
2025-04-28 13:00:00+00:00,246.80139,4.1125174
2025-04-28 14:00:00+00:00,240.75127,5.1575575
2025-04-28 15:00:00+00:00,247.69374,7.587806
2025-04-28 16:00:00+00:00,240.4613,6.2067385
2025-04-28 17:00:00+00:00,235.40765,6.341009
2025-04-28 18:00:00+00:00,280.49142,4.942631
2025-04-28 19:00:00+00:00,34.8754,7.2403865
2025-04-28 20:00:00+00:00,178.26433,5.9427266
2025-04-28 21:00:00+00:00,211.21834,13.891522
2025-04-28 22:00:00+00:00,202.93213,10.163227
2025-04-28 23:00:00+00:00,202.24907,8.557102
2025-04-29 00:00:00+00:00,181.36389,7.562142
2025-04-29 01:00:00+00:00,173.6599,8.149847
2025-04-29 02:00:00+00:00,183.43356,9.016185
2025-04-29 03:00:00+00:00,188.97255,6.924738
2025-04-29 04:00:00+00:00,197.10281,4.896529
2025-04-29 05:00:00+00:00,222.87889,3.4388947
2025-04-29 06:00:00+00:00,248.19853,2.907989
2025-04-29 07:00:00+00:00,271.90912,5.4029994
2025-04-29 08:00:00+00:00,287.5925,7.7420926
2025-04-29 09:00:00+00:00,297.8972,10.387107
2025-04-29 10:00:00+00:00,301.90805,11.238113
2025-04-29 11:00:00+00:00,295.97433,7.8087645
2025-04-29 12:00:00+00:00,257.00537,4.802999
2025-04-29 13:00:00+00:00,235.88548,6.7397914
2025-04-29 14:00:00+00:00,229.76372,9.1958685
2025-04-29 15:00:00+00:00,240.60403,14.668619
2025-04-29 16:00:00+00:00,241.15744,14.178927
2025-04-29 17:00:00+00:00,235.81383,11.53265
2025-04-29 18:00:00+00:00,131.63345,2.1674871
2025-04-29 19:00:00+00:00,117.80137,11.19189
2025-04-29 20:00:00+00:00,207.89717,13.849477
2025-04-29 21:00:00+00:00,234.16226,15.986593
2025-04-29 22:00:00+00:00,241.03244,11.521406
2025-04-29 23:00:00+00:00,233.49846,11.196232
2025-04-30 00:00:00+00:00,228.57643,12.242646
2025-04-30 01:00:00+00:00,201.99118,10.094454
2025-04-30 02:00:00+00:00,196.69933,9.3962755
2025-04-30 03:00:00+00:00,199.23076,8.197414
2025-04-30 04:00:00+00:00,216.6342,8.748075
2025-04-30 05:00:00+00:00,232.59457,7.7043357
2025-04-30 06:00:00+00:00,246.80139,6.8541956
2025-04-30 07:00:00+00:00,256.373,6.1120534
2025-04-30 08:00:00+00:00,268.66782,7.7420926
2025-04-30 09:00:00+00:00,279.30988,11.126562
2025-04-30 10:00:00+00:00,273.87845,10.644379
2025-04-30 11:00:00+00:00,257.19574,8.12197
2025-04-30 12:00:00+00:00,252.40749,7.7420926
2025-04-30 13:00:00+00:00,257.73523,4.2366967
2025-04-30 14:00:00+00:00,232.12495,6.156947
2025-04-30 15:00:00+00:00,210.0685,7.9036193
2025-04-30 16:00:00+00:00,192.5288,8.297589
2025-04-30 17:00:00+00:00,203.9625,3.5455887
2025-04-30 18:00:00+00:00,165.96373,0.742159
2025-04-30 19:00:00+00:00,222.87889,10.316686
2025-04-30 20:00:00+00:00,234.16226,15.986593
2025-04-30 21:00:00+00:00,233.01114,17.352036
2025-04-30 22:00:00+00:00,234.90411,16.279802
2025-04-30 23:00:00+00:00,237.91785,14.233664
2025-05-01 00:00:00+00:00,232.38597,13.861168
2025-05-01 01:00:00+00:00,223.39404,13.624228
2025-05-01 02:00:00+00:00,227.95085,12.362475
2025-05-01 03:00:00+00:00,224.9999,11.964246
2025-05-01 04:00:00+00:00,230.30096,12.399113
2025-05-01 05:00:00+00:00,233.13002,11.7
2025-05-01 06:00:00+00:00,232.02834,9.361731
2025-05-01 07:00:00+00:00,221.30852,7.9077177
2025-05-01 08:00:00+00:00,136.6748,21.774048
2025-05-01 09:00:00+00:00,153.43501,10.062305
2025-05-01 10:00:00+00:00,194.5345,10.041354
2025-05-01 11:00:00+00:00,228.33394,26.263968
2025-05-01 12:00:00+00:00,268.09088,16.208996
2025-05-01 13:00:00+00:00,188.39284,11.098865
2025-05-01 14:00:00+00:00,182.29056,9.007196
2025-05-01 15:00:00+00:00,164.93146,4.8466477
2025-05-01 16:00:00+00:00,151.1893,8.217153
2025-05-01 17:00:00+00:00,174.40076,9.224011
2025-05-01 18:00:00+00:00,213.13562,15.476859
2025-05-01 19:00:00+00:00,209.40709,11.364259
2025-05-01 20:00:00+00:00,204.90474,11.113451
2025-05-01 21:00:00+00:00,213.17853,11.183201
2025-05-01 22:00:00+00:00,220.60121,13.276144
2025-05-01 23:00:00+00:00,221.39143,14.156058
2025-05-02 00:00:00+00:00,223.55594,15.15104
2025-05-02 01:00:00+00:00,96.340096,1.6299692
2025-05-02 02:00:00+00:00,287.1028,2.4482646
2025-05-02 03:00:00+00:00,146.76828,6.2405767
2025-05-02 04:00:00+00:00,164.74483,8.209263
2025-05-02 05:00:00+00:00,165.32356,7.8149853
2025-05-02 06:00:00+00:00,157.1663,7.42159
2025-05-02 07:00:00+00:00,158.42863,8.322932
2025-05-02 08:00:00+00:00,173.36758,7.79215
2025-05-02 09:00:00+00:00,138.36655,8.669949
2025-05-02 10:00:00+00:00,72.89719,2.4482646
2025-05-02 11:00:00+00:00,126.027466,2.4482648
2025-05-02 12:00:00+00:00,178.15244,16.748707
2025-05-02 13:00:00+00:00,236.6336,8.836514
2025-05-02 14:00:00+00:00,234.30984,15.735336
2025-05-02 15:00:00+00:00,234.29321,7.0934615
2025-05-02 16:00:00+00:00,215.83774,7.9932966
2025-05-02 17:00:00+00:00,219.80553,7.029225
2025-05-02 18:00:00+00:00,198.43504,5.12289
2025-05-02 19:00:00+00:00,202.38017,6.6185193
2025-05-02 20:00:00+00:00,208.61037,11.276968
2025-05-02 21:00:00+00:00,240.4886,10.962281
2025-05-02 22:00:00+00:00,225.5456,13.3649235
2025-05-02 23:00:00+00:00,228.99101,10.97262
2025-05-03 00:00:00+00:00,222.04915,12.362475
2025-05-03 01:00:00+00:00,211.29298,10.742848
2025-05-03 02:00:00+00:00,221.18582,9.567131
2025-05-03 03:00:00+00:00,232.85323,7.4520864
2025-05-03 04:00:00+00:00,273.57626,5.771239
2025-05-03 05:00:00+00:00,275.90604,5.2478566
2025-05-03 06:00:00+00:00,251.0295,6.0908127
2025-05-03 07:00:00+00:00,245.43285,6.9270773
2025-05-03 08:00:00+00:00,251.56496,8.538149
2025-05-03 09:00:00+00:00,254.05453,24.897974
2025-05-03 10:00:00+00:00,269.3905,16.920958
2025-05-03 11:00:00+00:00,273.3664,12.261158
2025-05-03 12:00:00+00:00,288.22516,15.5395355
2025-05-03 13:00:00+00:00,202.47948,11.298495
2025-05-03 14:00:00+00:00,216.13547,14.041154
2025-05-03 15:00:00+00:00,225.85501,8.528657
2025-05-03 16:00:00+00:00,205.2011,6.763786
2025-05-03 17:00:00+00:00,183.3664,6.130579
2025-05-03 18:00:00+00:00,200.89784,10.597094
2025-05-03 19:00:00+00:00,207.75845,7.729527
2025-05-03 20:00:00+00:00,212.47118,9.387651
2025-05-03 21:00:00+00:00,215.4458,13.036026
2025-05-03 22:00:00+00:00,232.3057,15.013554
2025-05-03 23:00:00+00:00,245.09525,16.670176
2025-05-04 00:00:00+00:00,224.9999,13.746156
2025-05-04 01:00:00+00:00,186.2634,14.848635
2025-05-04 02:00:00+00:00,171.983,12.906138
2025-05-04 03:00:00+00:00,167.00539,12.007498
2025-05-04 04:00:00+00:00,177.30577,15.316933
2025-05-04 05:00:00+00:00,183.7722,16.415567
2025-05-04 06:00:00+00:00,185.52745,16.818203
2025-05-04 07:00:00+00:00,189.972,16.63126
2025-05-04 08:00:00+00:00,204.59978,16.431347
2025-05-04 09:00:00+00:00,214.50858,13.979872
2025-05-04 10:00:00+00:00,204.0755,9.266067
2025-05-04 11:00:00+00:00,242.7306,19.643105
2025-05-04 12:00:00+00:00,255.14961,24.58104
2025-05-04 13:00:00+00:00,194.38142,14.494192
2025-05-04 14:00:00+00:00,162.99197,15.999762
2025-05-04 15:00:00+00:00,214.28693,4.7928696
2025-05-04 16:00:00+00:00,240.2552,2.9024127
2025-05-04 17:00:00+00:00,150.9455,1.8532133
2025-05-04 18:00:00+00:00,139.39879,3.319036
2025-05-04 19:00:00+00:00,154.7989,10.1456785
2025-05-04 20:00:00+00:00,147.99466,5.09435
2025-05-04 21:00:00+00:00,86.98728,3.4247334
2025-05-04 22:00:00+00:00,63.435013,2.4149535
2025-05-04 23:00:00+00:00,180.0,1.4399999
2025-05-05 00:00:00+00:00,90.0,0.17999999
2025-05-05 01:00:00+00:00,152.52565,10.144082
2025-05-05 02:00:00+00:00,130.76352,6.8919086
2025-05-05 03:00:00+00:00,36.86999,6.299999
2025-05-05 04:00:00+00:00,43.83095,6.2379804
2025-05-05 05:00:00+00:00,24.102238,7.4932766
2025-05-05 06:00:00+00:00,32.905247,7.289445
2025-05-05 07:00:00+00:00,29.248732,5.1575575
2025-05-05 08:00:00+00:00,57.319454,11.334285
2025-05-05 09:00:00+00:00,120.96369,1.0495713
2025-05-05 10:00:00+00:00,103.57046,5.3699164
2025-05-05 11:00:00+00:00,247.61981,3.3092597
2025-05-05 12:00:00+00:00,294.90472,5.5567255
2025-05-05 13:00:00+00:00,239.34941,5.6492476
2025-05-05 14:00:00+00:00,248.19853,5.815978
2025-05-05 15:00:00+00:00,239.53453,3.550155
2025-05-05 16:00:00+00:00,248.19853,2.907989
2025-05-05 17:00:00+00:00,329.9315,3.9518096
2025-05-05 18:00:00+00:00,360.0,1.08
2025-05-05 19:00:00+00:00,172.40544,2.7238941
2025-05-05 20:00:00+00:00,223.53127,4.965521
2025-05-05 21:00:00+00:00,264.2895,5.426933
2025-05-05 22:00:00+00:00,337.06787,5.0816135
2025-05-05 23:00:00+00:00,60.94549,5.5596404
2025-05-06 00:00:00+00:00,111.801476,2.907989
2025-05-06 01:00:00+00:00,46.54811,4.7110505
2025-05-06 02:00:00+00:00,94.96966,4.1556225
2025-05-06 03:00:00+00:00,95.19434,1.9881649
2025-05-06 04:00:00+00:00,22.380184,3.3092597
2025-05-06 05:00:00+00:00,12.7243595,5.720489
2025-05-06 06:00:00+00:00,16.990906,6.77575
2025-05-06 07:00:00+00:00,3.9004252,7.9383874
2025-05-06 08:00:00+00:00,358.75467,8.281956
2025-05-06 09:00:00+00:00,360.0,9.54
2025-05-06 10:00:00+00:00,0.9877458,10.441552
2025-05-06 11:00:00+00:00,8.130019,10.182337
2025-05-06 12:00:00+00:00,5.7105074,7.2359104
2025-05-06 13:00:00+00:00,20.37652,6.7205353
2025-05-06 14:00:00+00:00,51.34017,5.7628117
2025-05-06 15:00:00+00:00,105.25517,6.1569467
2025-05-06 16:00:00+00:00,135.0001,8.654987
2025-05-06 17:00:00+00:00,157.86446,11.465024
2025-05-06 18:00:00+00:00,163.46509,12.016938
2025-05-06 19:00:00+00:00,165.17348,12.661564
2025-05-06 20:00:00+00:00,175.85545,12.452566
2025-05-06 21:00:00+00:00,178.33975,12.425216
2025-05-06 22:00:00+00:00,184.6858,11.016824
2025-05-06 23:00:00+00:00,201.57137,8.322932
2025-05-07 00:00:00+00:00,205.40767,7.970972
2025-05-07 01:00:00+00:00,207.21602,7.0843205
2025-05-07 02:00:00+00:00,209.35765,6.6087217
2025-05-07 03:00:00+00:00,220.36446,4.724786
2025-05-07 04:00:00+00:00,241.8215,5.7176566
2025-05-07 05:00:00+00:00,273.01273,3.4247334
2025-05-07 06:00:00+00:00,23.962492,3.5455887
2025-05-07 07:00:00+00:00,38.047092,5.257109
2025-05-07 08:00:00+00:00,29.054508,5.5596404
2025-05-07 09:00:00+00:00,14.470333,5.7628117
2025-05-07 10:00:00+00:00,12.200457,6.8138976
2025-05-07 11:00:00+00:00,25.201094,6.763786
2025-05-07 12:00:00+00:00,62.354122,4.2671766
2025-05-07 13:00:00+00:00,102.5288,3.319036
2025-05-07 14:00:00+00:00,157.06787,5.0816135
2025-05-07 15:00:00+00:00,140.71062,5.1165614
2025-05-07 16:00:00+00:00,157.06787,5.0816135
2025-05-07 17:00:00+00:00,165.96373,5.937272
2025-05-07 18:00:00+00:00,159.07542,6.5520988
2025-05-07 19:00:00+00:00,175.23645,6.5024605
2025-05-07 20:00:00+00:00,172.03047,9.087772
2025-05-07 21:00:00+00:00,189.46225,7.6642804
2025-05-07 22:00:00+00:00,194.03627,7.42159
2025-05-07 23:00:00+00:00,191.73854,14.156058
2025-05-08 00:00:00+00:00,198.43504,12.522619
2025-05-08 01:00:00+00:00,209.0545,11.119281
2025-05-08 02:00:00+00:00,203.7495,9.83268
2025-05-08 03:00:00+00:00,211.15924,9.044888
2025-05-08 04:00:00+00:00,222.5104,8.790563
2025-05-08 05:00:00+00:00,238.46526,9.292255
2025-05-08 06:00:00+00:00,244.98314,5.95906
2025-05-08 07:00:00+00:00,236.97612,4.293669
2025-05-08 08:00:00+00:00,236.88864,4.942631
2025-05-08 09:00:00+00:00,237.52882,4.6938257
2025-05-08 10:00:00+00:00,257.4712,4.9785542
2025-05-08 11:00:00+00:00,303.6901,3.8939953
2025-05-08 12:00:00+00:00,337.5205,5.6492476
2025-05-08 13:00:00+00:00,178.36346,6.302571
2025-05-08 14:00:00+00:00,192.33908,5.896202
2025-05-08 15:00:00+00:00,171.1797,10.564942
2025-05-08 16:00:00+00:00,186.3401,8.149847
2025-05-08 17:00:00+00:00,178.60284,7.3821945
2025-05-08 18:00:00+00:00,192.72435,5.720489
2025-05-08 19:00:00+00:00,186.88162,10.51576
2025-05-08 20:00:00+00:00,178.56793,14.404499
2025-05-08 21:00:00+00:00,199.11981,14.288191
2025-05-08 22:00:00+00:00,209.56026,13.864674
2025-05-08 23:00:00+00:00,205.58847,14.169785
2025-05-09 00:00:00+00:00,216.13547,14.041154
2025-05-09 01:00:00+00:00,238.81508,7.995323
2025-05-09 02:00:00+00:00,239.9315,7.9036193
2025-05-09 03:00:00+00:00,266.72958,6.310277
2025-05-09 04:00:00+00:00,291.16132,5.9834766
2025-05-09 05:00:00+00:00,302.47116,7.0407386
2025-05-09 06:00:00+00:00,313.66785,5.4744864
2025-05-09 07:00:00+00:00,318.36655,4.3349743
2025-05-09 08:00:00+00:00,328.5705,3.7971041
2025-05-09 09:00:00+00:00,313.0251,3.693291
2025-05-09 10:00:00+00:00,300.25635,5.00128
2025-05-09 11:00:00+00:00,302.15228,7.44121
2025-05-09 12:00:00+00:00,278.65247,8.37532
2025-05-09 13:00:00+00:00,12.380747,7.555712
2025-05-09 14:00:00+00:00,50.710617,7.674842
2025-05-09 15:00:00+00:00,49.185013,5.2323985
2025-05-09 16:00:00+00:00,247.1663,3.710795
2025-05-09 17:00:00+00:00,199.57321,8.596766
2025-05-09 18:00:00+00:00,186.3401,4.8899083
2025-05-09 19:00:00+00:00,230.44037,10.739832
2025-05-09 20:00:00+00:00,257.82855,9.391102
2025-05-09 21:00:00+00:00,251.89613,9.847496
2025-05-09 22:00:00+00:00,250.1447,6.889557
2025-05-09 23:00:00+00:00,310.91428,3.572898
2025-05-10 00:00:00+00:00,288.43503,2.2768397
2025-05-10 01:00:00+00:00,319.39877,3.319036
2025-05-10 02:00:00+00:00,34.3804,4.143911
2025-05-10 03:00:00+00:00,87.70944,4.503598
2025-05-10 04:00:00+00:00,92.935616,7.029225
2025-05-10 05:00:00+00:00,93.814,8.11798
2025-05-10 06:00:00+00:00,102.80426,4.060985
2025-05-10 07:00:00+00:00,168.69011,0.9178235
2025-05-10 08:00:00+00:00,245.22488,2.5772076
2025-05-10 09:00:00+00:00,247.8336,5.2478566
2025-05-10 10:00:00+00:00,251.22186,9.505977
2025-05-10 11:00:00+00:00,261.983,12.906138
2025-05-10 12:00:00+00:00,281.3099,14.685176
2025-05-10 13:00:00+00:00,267.13766,10.813492
2025-05-10 14:00:00+00:00,196.9276,4.327493
2025-05-10 15:00:00+00:00,193.7608,9.080639
2025-05-10 16:00:00+00:00,189.63747,9.67657
2025-05-10 17:00:00+00:00,179.07597,11.16145
2025-05-10 18:00:00+00:00,201.0924,13.504799
2025-05-10 19:00:00+00:00,207.61295,13.203954
2025-05-10 20:00:00+00:00,222.87889,10.316686
2025-05-10 21:00:00+00:00,215.83774,7.9932966
2025-05-10 22:00:00+00:00,213.38853,9.485504
2025-05-10 23:00:00+00:00,217.36674,12.456468
2025-05-11 00:00:00+00:00,207.93706,13.447095
2025-05-11 01:00:00+00:00,217.07317,10.152064
2025-05-11 02:00:00+00:00,218.33337,9.867218
2025-05-11 03:00:00+00:00,219.64413,8.181589
2025-05-11 04:00:00+00:00,226.68465,8.65873
2025-05-11 05:00:00+00:00,234.46223,10.83893
2025-05-11 06:00:00+00:00,236.79341,11.832176
2025-05-11 07:00:00+00:00,232.206,11.161451
2025-05-11 08:00:00+00:00,222.97864,10.825469
2025-05-11 09:00:00+00:00,215.53777,10.83893
2025-05-11 10:00:00+00:00,215.88223,10.441551
2025-05-11 11:00:00+00:00,212.10623,10.837435
2025-05-11 12:00:00+00:00,201.29742,11.39842
2025-05-11 13:00:00+00:00,238.24055,4.4456716
2025-05-11 14:00:00+00:00,189.0394,8.019601
2025-05-11 15:00:00+00:00,189.22981,14.588885
2025-05-11 16:00:00+00:00,194.03627,14.101021
2025-05-11 17:00:00+00:00,193.39252,15.542662
2025-05-11 18:00:00+00:00,193.39252,15.542662
2025-05-11 19:00:00+00:00,190.19144,16.276815
2025-05-11 20:00:00+00:00,184.96965,16.62249
2025-05-11 21:00:00+00:00,193.53587,19.9954
2025-05-11 22:00:00+00:00,220.14333,19.54389
2025-05-11 23:00:00+00:00,223.86191,19.222954
2025-05-12 00:00:00+00:00,220.60121,18.254698
2025-05-12 01:00:00+00:00,210.96368,16.79314
2025-05-12 02:00:00+00:00,208.49554,14.336861
2025-05-12 03:00:00+00:00,208.03375,15.702356
2025-05-12 04:00:00+00:00,212.07396,15.931779
2025-05-12 05:00:00+00:00,221.72942,17.84816
2025-05-12 06:00:00+00:00,223.89127,19.731974
2025-05-12 07:00:00+00:00,222.79738,19.87024
2025-05-12 08:00:00+00:00,218.22047,18.329092
2025-05-12 09:00:00+00:00,208.92633,15.629971
2025-05-12 10:00:00+00:00,202.38017,13.237039
2025-05-12 11:00:00+00:00,198.9705,12.181625
2025-05-12 12:00:00+00:00,193.62701,12.224107
2025-05-12 13:00:00+00:00,195.06854,9.6932955
2025-05-12 14:00:00+00:00,173.6599,11.409785
2025-05-12 15:00:00+00:00,174.66794,13.558673
2025-05-12 16:00:00+00:00,172.2665,14.713831
2025-05-12 17:00:00+00:00,171.15826,16.394829
2025-05-12 18:00:00+00:00,178.04753,15.849201
2025-05-12 19:00:00+00:00,192.33908,17.688606
2025-05-12 20:00:00+00:00,212.1148,19.976755
2025-05-12 21:00:00+00:00,216.52895,18.144321
2025-05-12 22:00:00+00:00,221.44817,18.491003
2025-05-12 23:00:00+00:00,224.61028,18.710478
2025-05-13 00:00:00+00:00,224.9999,18.837324
2025-05-13 01:00:00+00:00,215.09589,16.279802
2025-05-13 02:00:00+00:00,202.21765,13.8049555
2025-05-13 03:00:00+00:00,198.68744,12.921192
2025-05-13 04:00:00+00:00,200.18588,13.040997
2025-05-13 05:00:00+00:00,204.94388,17.072504
2025-05-13 06:00:00+00:00,206.11385,20.447239
2025-05-13 07:00:00+00:00,205.64096,19.966211
2025-05-13 08:00:00+00:00,205.31964,18.519018
2025-05-13 09:00:00+00:00,207.1496,15.778518
2025-05-13 10:00:00+00:00,206.56499,12.879752
2025-05-13 11:00:00+00:00,208.12364,11.837652
2025-05-13 12:00:00+00:00,219.17365,12.538134
2025-05-13 13:00:00+00:00,244.47034,13.3649235
2025-05-13 14:00:00+00:00,247.6593,14.206323
2025-05-13 15:00:00+00:00,236.49654,15.3264475
2025-05-13 16:00:00+00:00,221.45514,14.410121
2025-05-13 17:00:00+00:00,210.00484,14.757804
2025-05-13 18:00:00+00:00,224.07605,15.784676
2025-05-13 19:00:00+00:00,225.53539,13.619472
2025-05-13 20:00:00+00:00,229.63554,14.174356
2025-05-13 21:00:00+00:00,229.84407,15.072783
2025-05-13 22:00:00+00:00,231.34016,16.135872
2025-05-13 23:00:00+00:00,229.53786,16.08761
2025-05-14 00:00:00+00:00,217.14677,14.904173
2025-05-14 01:00:00+00:00,209.7448,14.512064
2025-05-14 02:00:00+00:00,207.61295,13.203954
2025-05-14 03:00:00+00:00,206.56499,14.087229
2025-05-14 04:00:00+00:00,204.49857,15.62686
2025-05-14 05:00:00+00:00,203.90767,19.098671
2025-05-14 06:00:00+00:00,204.73949,20.215368
2025-05-14 07:00:00+00:00,205.58148,18.758902
2025-05-14 08:00:00+00:00,201.80147,15.509274
2025-05-14 09:00:00+00:00,197.44728,13.207634
2025-05-14 10:00:00+00:00,198.99675,11.612441
2025-05-14 11:00:00+00:00,209.14798,10.717182
2025-05-14 12:00:00+00:00,215.4334,11.48761
2025-05-14 13:00:00+00:00,235.75092,10.234705
2025-05-14 14:00:00+00:00,234.7275,9.039514
2025-05-14 15:00:00+00:00,224.9999,9.1641035
2025-05-14 16:00:00+00:00,180.0,9.72
2025-05-14 17:00:00+00:00,180.80692,12.781267
2025-05-14 18:00:00+00:00,197.10281,12.241323
2025-05-14 19:00:00+00:00,197.10281,12.241323
2025-05-14 20:00:00+00:00,194.38142,14.494192
2025-05-14 21:00:00+00:00,202.4428,17.917007
2025-05-14 22:00:00+00:00,218.56529,17.035456
2025-05-14 23:00:00+00:00,220.10085,17.884428
2025-05-15 00:00:00+00:00,225.41214,17.692268
2025-05-15 01:00:00+00:00,228.60857,14.156058
2025-05-15 02:00:00+00:00,213.92984,11.931705
2025-05-15 03:00:00+00:00,210.82759,12.996199
2025-05-15 04:00:00+00:00,212.52487,14.730336
2025-05-15 05:00:00+00:00,213.54128,19.220427
2025-05-15 06:00:00+00:00,207.68826,20.53105
2025-05-15 07:00:00+00:00,203.41212,19.026434
2025-05-15 08:00:00+00:00,201.42535,15.275627
2025-05-15 09:00:00+00:00,200.46236,12.872201
2025-05-15 10:00:00+00:00,204.05734,11.038858
2025-05-15 11:00:00+00:00,207.03078,9.901636
2025-05-15 12:00:00+00:00,207.03078,9.901636
2025-05-15 13:00:00+00:00,245.83337,15.388685
2025-05-15 14:00:00+00:00,259.15973,17.227419
2025-05-15 15:00:00+00:00,257.2547,15.501959
2025-05-15 16:00:00+00:00,224.34154,11.074023
2025-05-15 17:00:00+00:00,206.56499,10.8672905
2025-05-15 18:00:00+00:00,197.162,12.810386
2025-05-15 19:00:00+00:00,200.48709,17.48596
2025-05-15 20:00:00+00:00,203.13573,21.531641
2025-05-15 21:00:00+00:00,209.2112,19.179081
2025-05-15 22:00:00+00:00,230.98814,18.300787
2025-05-15 23:00:00+00:00,236.6336,17.673029
2025-05-16 00:00:00+00:00,235.30478,17.0763
2025-05-16 01:00:00+00:00,230.11737,17.123669
2025-05-16 02:00:00+00:00,223.47928,14.387619
2025-05-16 03:00:00+00:00,217.93333,15.518672
2025-05-16 04:00:00+00:00,219.97087,15.971386
2025-05-16 05:00:00+00:00,223.33975,17.571909
2025-05-16 06:00:00+00:00,219.25133,19.06046
2025-05-16 07:00:00+00:00,213.83516,19.719656
2025-05-16 08:00:00+00:00,212.70473,20.321672
2025-05-16 09:00:00+00:00,214.69522,19.92235
2025-05-16 10:00:00+00:00,217.92113,19.623302
2025-05-16 11:00:00+00:00,222.99747,18.212051
2025-05-16 12:00:00+00:00,224.9999,16.800856
2025-05-16 13:00:00+00:00,224.14499,17.057314
2025-05-16 14:00:00+00:00,233.42688,13.896187
2025-05-16 15:00:00+00:00,230.29013,13.8049555
2025-05-16 16:00:00+00:00,214.07724,14.77755
2025-05-16 17:00:00+00:00,199.44012,16.22498
2025-05-16 18:00:00+00:00,193.90271,18.728653
2025-05-16 19:00:00+00:00,196.9909,20.327251
2025-05-16 20:00:00+00:00,202.6594,20.090773
2025-05-16 21:00:00+00:00,238.81508,15.990646
2025-05-16 22:00:00+00:00,242.00294,16.10472
2025-05-16 23:00:00+00:00,231.76613,15.124284
2025-05-17 00:00:00+00:00,215.70677,14.186923
2025-05-17 01:00:00+00:00,219.3405,14.197196
2025-05-17 02:00:00+00:00,208.24963,13.690653
2025-05-17 03:00:00+00:00,212.17119,13.184308
2025-05-17 04:00:00+00:00,210.96368,16.79314
2025-05-17 05:00:00+00:00,214.50858,20.969807
2025-05-17 06:00:00+00:00,214.43904,22.916622
2025-05-17 07:00:00+00:00,215.2813,23.372986
2025-05-17 08:00:00+00:00,216.9572,23.652027
2025-05-17 09:00:00+00:00,219.63432,23.138927
2025-05-17 10:00:00+00:00,220.0445,22.101917
2025-05-17 11:00:00+00:00,218.73653,20.999144
2025-05-17 12:00:00+00:00,220.2057,19.797543
2025-05-17 13:00:00+00:00,220.27194,16.985933
2025-05-17 14:00:00+00:00,215.36255,13.684735
2025-05-17 15:00:00+00:00,204.77512,12.886039
2025-05-17 16:00:00+00:00,195.44638,14.192631
2025-05-17 17:00:00+00:00,192.26476,16.946787
2025-05-17 18:00:00+00:00,194.31108,18.204933
2025-05-17 19:00:00+00:00,216.62141,16.596157
2025-05-17 20:00:00+00:00,224.9999,18.073648
2025-05-17 21:00:00+00:00,229.85667,19.54389
2025-05-17 22:00:00+00:00,230.98814,18.300787
2025-05-17 23:00:00+00:00,219.80553,16.870138
2025-05-18 00:00:00+00:00,208.8107,16.434305
2025-05-18 01:00:00+00:00,211.45677,17.935986
2025-05-18 02:00:00+00:00,210.39865,15.651722
2025-05-18 03:00:00+00:00,210.25636,17.504478
2025-05-18 04:00:00+00:00,212.93224,18.872551
2025-05-18 05:00:00+00:00,213.29944,21.966637
2025-05-18 06:00:00+00:00,210.96368,24.14014
2025-05-18 07:00:00+00:00,213.45952,24.81194
2025-05-18 08:00:00+00:00,216.4392,23.940676
2025-05-18 09:00:00+00:00,217.40543,23.113008
2025-05-18 10:00:00+00:00,217.95428,22.828087
2025-05-18 11:00:00+00:00,218.44308,22.2924
2025-05-18 12:00:00+00:00,220.81499,20.929594
2025-05-18 13:00:00+00:00,220.32576,20.304926
2025-05-18 14:00:00+00:00,215.24765,16.530626
2025-05-18 15:00:00+00:00,205.73065,16.584438
2025-05-18 16:00:00+00:00,199.17911,17.533146
2025-05-18 17:00:00+00:00,196.59818,19.533937
2025-05-18 18:00:00+00:00,210.1413,19.357325
2025-05-18 19:00:00+00:00,214.90257,18.875126
2025-05-18 20:00:00+00:00,230.12321,18.52951
2025-05-18 21:00:00+00:00,235.05426,18.226276
2025-05-18 22:00:00+00:00,222.96909,17.95765
2025-05-18 23:00:00+00:00,212.79953,19.272614
2025-05-19 00:00:00+00:00,213.6901,19.469976
2025-05-19 01:00:00+00:00,218.04709,21.028437
2025-05-19 02:00:00+00:00,213.39851,19.62
2025-05-19 03:00:00+00:00,210.51816,19.849846
2025-05-19 04:00:00+00:00,206.78705,20.768755
2025-05-19 05:00:00+00:00,207.77953,22.786179
2025-05-19 06:00:00+00:00,212.9694,23.815163
2025-05-19 07:00:00+00:00,213.91747,25.1614
2025-05-19 08:00:00+00:00,215.6765,25.925623
2025-05-19 09:00:00+00:00,220.33307,25.02971
2025-05-19 10:00:00+00:00,224.38402,23.675303
2025-05-19 11:00:00+00:00,224.9999,23.164818
2025-05-19 12:00:00+00:00,225.66612,21.893505
2025-05-19 13:00:00+00:00,229.87396,16.478603
2025-05-19 14:00:00+00:00,219.28938,12.791403
2025-05-19 15:00:00+00:00,206.56499,12.074766
2025-05-19 16:00:00+00:00,199.65392,13.379461
2025-05-19 17:00:00+00:00,204.56715,13.854155
2025-05-19 18:00:00+00:00,208.39293,15.141414
2025-05-19 19:00:00+00:00,211.78722,15.035119
2025-05-19 20:00:00+00:00,224.13205,16.802786
2025-05-19 21:00:00+00:00,226.0946,19.986485
2025-05-19 22:00:00+00:00,228.62158,20.150354
2025-05-19 23:00:00+00:00,223.53127,19.862083
2025-05-20 00:00:00+00:00,216.45102,19.692526
2025-05-20 01:00:00+00:00,210.55588,17.349236
2025-05-20 02:00:00+00:00,211.92084,12.936228
2025-05-20 03:00:00+00:00,218.77419,14.083778
2025-05-20 04:00:00+00:00,222.63371,15.413928
2025-05-20 05:00:00+00:00,228.63304,16.069473
2025-05-20 06:00:00+00:00,225.4063,17.946821
2025-05-20 07:00:00+00:00,220.30124,18.645428
2025-05-20 08:00:00+00:00,221.77539,18.102308
2025-05-20 09:00:00+00:00,224.58183,17.437717
2025-05-20 10:00:00+00:00,226.27295,17.186935
2025-05-20 11:00:00+00:00,228.46832,16.831684
2025-05-20 12:00:00+00:00,231.76613,15.124284
2025-05-20 13:00:00+00:00,229.9698,11.753876
2025-05-20 14:00:00+00:00,217.11694,8.3520775
2025-05-20 15:00:00+00:00,204.27443,10.070353
2025-05-20 16:00:00+00:00,203.42871,11.770403
2025-05-20 17:00:00+00:00,202.6806,13.070776
2025-05-20 18:00:00+00:00,207.1649,15.376045
2025-05-20 19:00:00+00:00,209.81998,17.012617
2025-05-20 20:00:00+00:00,214.28693,19.171478
2025-05-20 21:00:00+00:00,219.40063,19.567083
2025-05-20 22:00:00+00:00,231.9343,18.976131
2025-05-20 23:00:00+00:00,231.87477,18.076338
2025-05-21 00:00:00+00:00,234.13705,18.434847
2025-05-21 01:00:00+00:00,231.17017,18.947083
2025-05-21 02:00:00+00:00,225.9391,15.530151
2025-05-21 03:00:00+00:00,221.63344,15.172409
2025-05-21 04:00:00+00:00,213.50346,15.3264475
2025-05-21 05:00:00+00:00,214.9921,17.57744
2025-05-21 06:00:00+00:00,218.1857,20.381372
2025-05-21 07:00:00+00:00,218.73653,20.999144
2025-05-21 08:00:00+00:00,220.43997,20.81239
2025-05-21 09:00:00+00:00,223.12828,19.484116
2025-05-21 10:00:00+00:00,227.0601,17.703253
2025-05-21 11:00:00+00:00,226.78989,16.299694
2025-05-21 12:00:00+00:00,223.62523,15.914484
2025-05-21 13:00:00+00:00,231.80127,13.971757
2025-05-21 14:00:00+00:00,239.53453,10.650465
2025-05-21 15:00:00+00:00,231.95291,10.514218
2025-05-21 16:00:00+00:00,213.02388,12.881008
2025-05-21 17:00:00+00:00,207.18103,14.973577
2025-05-21 18:00:00+00:00,202.8337,14.84318
2025-05-21 19:00:00+00:00,203.6294,15.717823
2025-05-21 20:00:00+00:00,210.1413,19.357325
2025-05-21 21:00:00+00:00,224.6351,19.983242
2025-05-21 22:00:00+00:00,233.63704,20.340796
2025-05-21 23:00:00+00:00,234.53004,17.681278
2025-05-22 00:00:00+00:00,234.07141,15.338071
2025-05-22 01:00:00+00:00,224.53424,15.655861
2025-05-22 02:00:00+00:00,207.68097,12.399113
2025-05-22 03:00:00+00:00,202.79655,13.472372
2025-05-22 04:00:00+00:00,207.18103,14.973577
2025-05-22 05:00:00+00:00,212.12497,18.278645
2025-05-22 06:00:00+00:00,215.9916,21.134483
2025-05-22 07:00:00+00:00,220.29207,21.710716
2025-05-22 08:00:00+00:00,225.69019,21.129883
2025-05-22 09:00:00+00:00,229.00789,20.031822
2025-05-22 10:00:00+00:00,230.82635,18.807201
2025-05-22 11:00:00+00:00,232.01645,16.671148
2025-05-22 12:00:00+00:00,231.13222,15.489414
2025-05-22 13:00:00+00:00,235.2039,12.932471
2025-05-22 14:00:00+00:00,234.0578,8.893166
2025-05-22 15:00:00+00:00,219.5226,9.3340025
2025-05-22 16:00:00+00:00,211.1224,11.144021
2025-05-22 17:00:00+00:00,213.4763,13.379461
2025-05-22 18:00:00+00:00,215.3113,15.881875
2025-05-22 19:00:00+00:00,221.44817,18.491003
2025-05-22 20:00:00+00:00,221.3321,19.89631
2025-05-22 21:00:00+00:00,230.67303,19.313757
2025-05-22 22:00:00+00:00,234.40521,21.02921
2025-05-22 23:00:00+00:00,234.88133,20.025352
2025-05-23 00:00:00+00:00,228.91835,18.626305
2025-05-23 01:00:00+00:00,212.06735,17.629894
2025-05-23 02:00:00+00:00,212.73521,14.978984
2025-05-23 03:00:00+00:00,215.39488,16.78156
2025-05-23 04:00:00+00:00,215.53777,17.032604
2025-05-23 05:00:00+00:00,219.87679,18.52951
2025-05-23 06:00:00+00:00,223.56796,20.371038
2025-05-23 07:00:00+00:00,227.86247,20.390114
2025-05-23 08:00:00+00:00,231.68687,18.581894
2025-05-23 09:00:00+00:00,233.37859,16.596157
2025-05-23 10:00:00+00:00,233.58353,13.644427
2025-05-23 11:00:00+00:00,230.44037,10.739832
2025-05-23 12:00:00+00:00,230.4774,9.3340025
2025-05-23 13:00:00+00:00,224.14499,8.528657
2025-05-23 14:00:00+00:00,225.78473,9.292254
2025-05-23 15:00:00+00:00,215.75398,11.090103
2025-05-23 16:00:00+00:00,212.47118,14.081477
2025-05-23 17:00:00+00:00,218.34561,15.3771
2025-05-23 18:00:00+00:00,218.7581,16.388897
2025-05-23 19:00:00+00:00,218.22047,18.329092
2025-05-23 20:00:00+00:00,231.07245,18.047638
2025-05-23 21:00:00+00:00,244.11978,20.206554
2025-05-23 22:00:00+00:00,242.02061,19.567083
2025-05-23 23:00:00+00:00,238.65048,18.337044
2025-05-24 00:00:00+00:00,239.03632,17.84271
2025-05-24 01:00:00+00:00,227.23119,9.807935
2025-05-24 02:00:00+00:00,218.50067,10.120099
2025-05-24 03:00:00+00:00,223.1524,11.843124
2025-05-24 04:00:00+00:00,230.19447,11.246759
2025-05-24 05:00:00+00:00,236.3099,10.383987
2025-05-24 06:00:00+00:00,242.96922,9.901636
2025-05-24 07:00:00+00:00,249.10216,10.597094
2025-05-24 08:00:00+00:00,248.7907,12.936227
2025-05-24 09:00:00+00:00,245.73871,14.01806
2025-05-24 10:00:00+00:00,245.69547,12.245293
2025-05-24 11:00:00+00:00,253.03377,11.103243
2025-05-24 12:00:00+00:00,271.1691,8.821836
2025-05-24 13:00:00+00:00,238.70702,10.742848
2025-05-24 14:00:00+00:00,244.61214,11.755254
2025-05-24 15:00:00+00:00,257.84506,11.968308
2025-05-24 16:00:00+00:00,244.98314,11.91812
2025-05-24 17:00:00+00:00,256.32867,6.8541956
2025-05-24 18:00:00+00:00,270.0,4.32
2025-05-24 19:00:00+00:00,235.17543,5.0432134
2025-05-24 20:00:00+00:00,318.01288,2.4216523
2025-05-24 21:00:00+00:00,336.8014,1.3708391
2025-05-24 22:00:00+00:00,5.0423646,6.1437774
2025-05-24 23:00:00+00:00,30.963696,5.2478566
2025-05-25 00:00:00+00:00,15.255177,2.0523157
2025-05-25 01:00:00+00:00,61.26031,6.3639607
2025-05-25 02:00:00+00:00,56.82148,11.183201
2025-05-25 03:00:00+00:00,61.2203,14.581111
2025-05-25 04:00:00+00:00,66.467636,12.172312
2025-05-25 05:00:00+00:00,78.27492,9.743305
2025-05-25 06:00:00+00:00,65.22488,7.731623
2025-05-25 07:00:00+00:00,54.63746,6.8423676
2025-05-25 08:00:00+00:00,34.114517,6.7397914
2025-05-25 09:00:00+00:00,8.530692,7.2805495
2025-05-25 10:00:00+00:00,346.50424,9.255571
2025-05-25 11:00:00+00:00,346.2005,10.564941
2025-05-25 12:00:00+00:00,3.1220706,9.914717
2025-05-25 13:00:00+00:00,11.76827,13.238261
2025-05-25 14:00:00+00:00,2.8623457,10.813492
2025-05-25 15:00:00+00:00,4.398633,11.734564
2025-05-25 16:00:00+00:00,21.801476,11.631956
2025-05-25 17:00:00+00:00,37.208004,12.204212
2025-05-25 18:00:00+00:00,39.90783,12.906138
2025-05-25 19:00:00+00:00,45.5672,12.855831
2025-05-25 20:00:00+00:00,51.095856,13.184308
2025-05-25 21:00:00+00:00,43.83095,12.475961
2025-05-25 22:00:00+00:00,45.60303,12.0921955
2025-05-25 23:00:00+00:00,48.964752,12.886039
2025-05-26 00:00:00+00:00,48.215576,11.345712
2025-05-26 01:00:00+00:00,40.601215,11.616626
2025-05-26 02:00:00+00:00,44.999897,12.473363
2025-05-26 03:00:00+00:00,59.393673,14.848635
2025-05-26 04:00:00+00:00,67.93205,14.372974
2025-05-26 05:00:00+00:00,66.37061,12.57426
2025-05-26 06:00:00+00:00,37.694313,10.009036
2025-05-26 07:00:00+00:00,10.388804,10.98
2025-05-26 08:00:00+00:00,357.54602,12.611567
2025-05-26 09:00:00+00:00,350.07382,14.618837
2025-05-26 10:00:00+00:00,350.75397,15.683776
2025-05-26 11:00:00+00:00,359.2655,14.041154
2025-05-26 12:00:00+00:00,2.7262611,15.137133
2025-05-26 13:00:00+00:00,355.71094,14.440443
2025-05-26 14:00:00+00:00,347.19574,8.12197
2025-05-26 15:00:00+00:00,346.32867,6.8541956
2025-05-26 16:00:00+00:00,347.90527,5.1544156
2025-05-26 17:00:00+00:00,351.87,5.0911684
2025-05-26 18:00:00+00:00,48.01287,4.8433046
2025-05-26 19:00:00+00:00,77.735245,4.2366967
2025-05-26 20:00:00+00:00,87.87895,4.8633323
2025-05-26 21:00:00+00:00,88.4926,6.8423676
2025-05-26 22:00:00+00:00,101.3099,7.342588
2025-05-26 23:00:00+00:00,107.592514,7.7420926
2025-05-27 00:00:00+00:00,107.650215,8.311245
2025-05-27 01:00:00+00:00,101.53459,9.0018
2025-05-27 02:00:00+00:00,97.59455,8.171683
2025-05-27 03:00:00+00:00,99.46225,9.854075
2025-05-27 04:00:00+00:00,102.15492,11.968308
2025-05-27 05:00:00+00:00,93.90042,7.9383874
2025-05-27 06:00:00+00:00,76.50425,4.6277857
2025-05-27 07:00:00+00:00,19.440128,3.244996
2025-05-27 08:00:00+00:00,331.9276,6.12
2025-05-27 09:00:00+00:00,314.0907,8.019601
2025-05-27 10:00:00+00:00,297.1496,7.889259
2025-05-27 11:00:00+00:00,285.52417,6.725354
2025-05-27 12:00:00+00:00,317.6026,5.6060677
2025-05-27 13:00:00+00:00,347.57407,10.874741
2025-05-27 14:00:00+00:00,358.65213,15.3042345
2025-05-27 15:00:00+00:00,358.33975,12.425216
2025-05-27 16:00:00+00:00,18.699081,12.351988
2025-05-27 17:00:00+00:00,338.9624,7.5213294
2025-05-27 18:00:00+00:00,37.875053,2.0523157
2025-05-27 19:00:00+00:00,97.12492,2.9024127
2025-05-27 20:00:00+00:00,101.3099,2.7534704
2025-05-27 21:00:00+00:00,102.99462,4.802999
2025-05-27 22:00:00+00:00,105.945465,5.2416787
2025-05-27 23:00:00+00:00,230.9645,8.574123
2025-05-28 00:00:00+00:00,247.06787,10.163227
2025-05-28 01:00:00+00:00,240.25522,10.158444
2025-05-28 02:00:00+00:00,248.40463,9.292255
2025-05-28 03:00:00+00:00,256.55136,8.513448
2025-05-28 04:00:00+00:00,272.66293,7.748368
2025-05-28 05:00:00+00:00,260.9606,8.019601
2025-05-28 06:00:00+00:00,259.69522,6.037383
2025-05-28 07:00:00+00:00,264.55975,3.7971036
2025-05-28 08:00:00+00:00,171.86998,1.2727921
2025-05-28 09:00:00+00:00,69.775055,3.644722
2025-05-28 10:00:00+00:00,326.3099,5.1919937
2025-05-28 11:00:00+00:00,268.18173,11.345713
2025-05-28 12:00:00+00:00,221.00899,10.97262
2025-05-28 13:00:00+00:00,350.53775,4.379589
2025-05-28 14:00:00+00:00,11.093693,9.354806
2025-05-28 15:00:00+00:00,21.801476,7.754637
2025-05-28 16:00:00+00:00,22.425905,12.267763
2025-05-28 17:00:00+00:00,62.31903,12.399113
2025-05-28 18:00:00+00:00,121.701385,7.193247
2025-05-28 19:00:00+00:00,116.02953,8.61371
2025-05-28 20:00:00+00:00,109.798965,9.565437
2025-05-28 21:00:00+00:00,134.30981,10.564941
2025-05-28 22:00:00+00:00,128.51695,11.272657
2025-05-28 23:00:00+00:00,147.20047,9.636307
2025-05-29 00:00:00+00:00,187.8152,9.266067
2025-05-29 01:00:00+00:00,216.38445,8.4963045
2025-05-29 02:00:00+00:00,213.6901,7.7879906
2025-05-29 03:00:00+00:00,218.2902,8.714677
2025-05-29 04:00:00+00:00,224.9999,9.673221
2025-05-29 05:00:00+00:00,224.25603,9.801326
2025-05-29 06:00:00+00:00,227.79277,10.4493065
2025-05-29 07:00:00+00:00,236.07016,11.931705
2025-05-29 08:00:00+00:00,240.43974,13.864674
2025-05-29 09:00:00+00:00,252.29948,17.76081
2025-05-29 10:00:00+00:00,244.15567,12.800266
2025-05-29 11:00:00+00:00,258.51804,11.755254
2025-05-29 12:00:00+00:00,277.4313,8.350138
2025-05-29 13:00:00+00:00,243.73341,15.455911
2025-05-29 14:00:00+00:00,228.36656,15.172409
2025-05-29 15:00:00+00:00,222.13753,10.195057
2025-05-29 16:00:00+00:00,197.90454,12.295462
2025-05-29 17:00:00+00:00,197.90454,12.295462
2025-05-29 18:00:00+00:00,188.61557,12.015589
2025-05-29 19:00:00+00:00,191.85298,14.897651
2025-05-29 20:00:00+00:00,179.34148,15.661035
2025-05-29 21:00:00+00:00,175.35211,22.21305
2025-05-29 22:00:00+00:00,187.05775,19.044306
2025-05-29 23:00:00+00:00,196.1135,16.862455
2025-05-30 00:00:00+00:00,197.14563,17.706913
2025-05-30 01:00:00+00:00,185.5721,14.830076
2025-05-30 02:00:00+00:00,192.44998,14.193772
2025-05-30 03:00:00+00:00,205.13292,16.104721
2025-05-30 04:00:00+00:00,201.80147,15.509274
2025-05-30 05:00:00+00:00,198.19925,13.83192
2025-05-30 06:00:00+00:00,205.84433,12.800266
2025-05-30 07:00:00+00:00,209.1342,12.570394
2025-05-30 08:00:00+00:00,211.6607,12.688404
2025-05-30 09:00:00+00:00,216.34755,11.844492
2025-05-30 10:00:00+00:00,224.9999,10.691453
2025-05-30 11:00:00+00:00,243.06055,12.3165245
2025-05-30 12:00:00+00:00,245.61363,14.822429
2025-05-30 13:00:00+00:00,213.6901,8.43699
2025-05-30 14:00:00+00:00,199.29015,3.8141315
2025-05-30 15:00:00+00:00,210.96368,8.39657
2025-05-30 16:00:00+00:00,224.9999,12.7279215
2025-05-30 17:00:00+00:00,233.13002,11.7
2025-05-30 18:00:00+00:00,227.35333,9.299225
2025-05-30 19:00:00+00:00,201.16133,11.966953
2025-05-30 20:00:00+00:00,206.18805,12.236029
2025-05-30 21:00:00+00:00,219.32695,19.313757
2025-05-30 22:00:00+00:00,221.23137,21.301687
2025-05-30 23:00:00+00:00,220.65245,21.82755
2025-05-31 00:00:00+00:00,217.5395,21.565474
2025-05-31 01:00:00+00:00,217.14677,22.35626
2025-05-31 02:00:00+00:00,215.75398,22.180206
2025-05-31 03:00:00+00:00,213.31065,22.615622
2025-05-31 04:00:00+00:00,213.56277,22.465412
2025-05-31 05:00:00+00:00,212.65079,22.019672
2025-05-31 06:00:00+00:00,215.81618,21.531641
2025-05-31 07:00:00+00:00,219.11755,21.112242
2025-05-31 08:00:00+00:00,221.95154,21.540668
2025-05-31 09:00:00+00:00,225.33504,21.76512
2025-05-31 10:00:00+00:00,226.67479,21.774048
2025-05-31 11:00:00+00:00,226.38028,21.134485
2025-05-31 12:00:00+00:00,227.23119,19.61587
2025-05-31 13:00:00+00:00,228.36656,19.507383
2025-05-31 14:00:00+00:00,214.07724,14.77755
2025-05-31 15:00:00+00:00,193.70699,15.192682
2025-05-31 16:00:00+00:00,200.95586,18.11841
2025-05-31 17:00:00+00:00,200.32323,20.730501
2025-05-31 18:00:00+00:00,206.39746,27.530586
2025-05-31 19:00:00+00:00,207.29948,25.11758
2025-05-31 20:00:00+00:00,214.2712,24.613312
2025-05-31 21:00:00+00:00,215.73987,23.728615
2025-05-31 22:00:00+00:00,215.48407,22.32653
2025-05-31 23:00:00+00:00,214.2319,21.11838
2025-06-01 00:00:00+00:00,215.11867,20.025352
2025-06-01 01:00:00+00:00,216.4861,21.492483
2025-06-01 02:00:00+00:00,216.46933,20.592503
2025-06-01 03:00:00+00:00,209.94559,19.11139
2025-06-01 04:00:00+00:00,212.60033,18.374994
2025-06-01 05:00:00+00:00,210.0685,15.807239
2025-06-01 06:00:00+00:00,206.90602,13.523978
2025-06-01 07:00:00+00:00,210.82759,12.996199
2025-06-01 08:00:00+00:00,211.6607,12.688404
2025-06-01 09:00:00+00:00,210.96368,11.545284
2025-06-01 10:00:00+00:00,210.96368,10.495713
2025-06-01 11:00:00+00:00,210.78407,9.847496
2025-06-01 12:00:00+00:00,215.6765,8.641874
2025-06-01 13:00:00+00:00,202.1664,10.495713
2025-06-01 14:00:00+00:00,184.96965,12.466867
2025-06-01 15:00:00+00:00,174.66794,13.558673
2025-06-01 16:00:00+00:00,168.0239,12.144331
2025-06-01 17:00:00+00:00,170.53775,10.948973
2025-06-01 18:00:00+00:00,175.85545,12.452566
2025-06-01 19:00:00+00:00,207.86691,17.71423
2025-06-01 20:00:00+00:00,217.50421,19.513195
2025-06-01 21:00:00+00:00,224.63039,19.72869
2025-06-01 22:00:00+00:00,214.30785,18.522516
2025-06-01 23:00:00+00:00,206.05344,18.03237
2025-06-02 00:00:00+00:00,202.751,18.152355
2025-06-02 01:00:00+00:00,203.27292,18.222721
2025-06-02 02:00:00+00:00,203.90767,19.098671
2025-06-02 03:00:00+00:00,206.56499,18.514643
2025-06-02 04:00:00+00:00,206.56499,18.514643
2025-06-02 05:00:00+00:00,205.14474,19.486609
2025-06-02 06:00:00+00:00,204.70241,19.813087
2025-06-02 07:00:00+00:00,206.08554,19.239801
2025-06-02 08:00:00+00:00,210.55588,17.349236
2025-06-02 09:00:00+00:00,214.77791,15.778516
2025-06-02 10:00:00+00:00,218.23386,15.124284
2025-06-02 11:00:00+00:00,219.19325,15.096411
2025-06-02 12:00:00+00:00,227.04541,14.264361
2025-06-02 13:00:00+00:00,219.44002,14.450535
2025-06-02 14:00:00+00:00,220.23628,9.1958685
2025-06-02 15:00:00+00:00,224.9999,8.654987
2025-06-02 16:00:00+00:00,207.64589,8.534353
2025-06-02 17:00:00+00:00,188.24623,12.549757
2025-06-02 18:00:00+00:00,212.61923,21.370783
2025-06-02 19:00:00+00:00,217.3211,22.860708
2025-06-02 20:00:00+00:00,222.05588,22.303299
2025-06-02 21:00:00+00:00,220.79929,22.589102
2025-06-02 22:00:00+00:00,220.84605,22.842985
2025-06-02 23:00:00+00:00,213.95113,21.916433
2025-06-03 00:00:00+00:00,209.62366,21.120682
2025-06-03 01:00:00+00:00,208.36896,20.456745
2025-06-03 02:00:00+00:00,208.72603,21.347271
2025-06-03 03:00:00+00:00,208.36896,20.456745
2025-06-03 04:00:00+00:00,210.49329,18.800308
2025-06-03 05:00:00+00:00,213.40784,20.26899
2025-06-03 06:00:00+00:00,214.11452,20.219378
2025-06-03 07:00:00+00:00,215.03627,19.125793
2025-06-03 08:00:00+00:00,216.6342,17.49615
2025-06-03 09:00:00+00:00,221.68213,17.594023
2025-06-03 10:00:00+00:00,225.46576,15.655861
2025-06-03 11:00:00+00:00,230.10222,14.31198
2025-06-03 12:00:00+00:00,229.9938,13.15971
2025-06-03 13:00:00+00:00,224.50185,14.637663
2025-06-03 14:00:00+00:00,223.02507,11.079873
2025-06-03 15:00:00+00:00,218.25447,11.919479
2025-06-03 16:00:00+00:00,204.12099,13.213764
2025-06-03 17:00:00+00:00,181.76236,11.705537
2025-06-03 18:00:00+00:00,191.59215,14.332341
2025-06-03 19:00:00+00:00,209.32037,15.070633
2025-06-03 20:00:00+00:00,229.4847,13.022349
2025-06-03 21:00:00+00:00,222.7454,16.176983
2025-06-03 22:00:00+00:00,227.12111,17.194475
2025-06-03 23:00:00+00:00,221.89389,16.443172
2025-06-04 00:00:00+00:00,213.48619,14.028457
2025-06-04 01:00:00+00:00,181.56932,13.14493
2025-06-04 02:00:00+00:00,173.92764,17.015474
2025-06-04 03:00:00+00:00,177.63867,17.47484
2025-06-04 04:00:00+00:00,187.79199,17.259363
2025-06-04 05:00:00+00:00,189.27252,17.873556
2025-06-04 06:00:00+00:00,191.42116,18.179998
2025-06-04 07:00:00+00:00,198.25198,17.816362
2025-06-04 08:00:00+00:00,206.04176,17.629896
2025-06-04 09:00:00+00:00,212.38066,17.477621
2025-06-04 10:00:00+00:00,215.33142,17.430283
2025-06-04 11:00:00+00:00,218.7581,16.388897
2025-06-04 12:00:00+00:00,221.74269,15.6806755
2025-06-04 13:00:00+00:00,219.71872,15.210799
2025-06-04 14:00:00+00:00,231.34016,11.525623
2025-06-04 15:00:00+00:00,230.77434,11.385622
2025-06-04 16:00:00+00:00,201.41304,9.860649
2025-06-04 17:00:00+00:00,186.5197,12.682018
2025-06-04 18:00:00+00:00,190.6196,17.581125
2025-06-04 19:00:00+00:00,203.33406,19.995398
2025-06-04 20:00:00+00:00,220.66164,18.508516
2025-06-04 21:00:00+00:00,233.13002,16.199999
2025-06-04 22:00:00+00:00,231.34018,14.98331
2025-06-04 23:00:00+00:00,230.28128,15.210799
2025-06-05 00:00:00+00:00,220.15593,15.072783
2025-06-05 01:00:00+00:00,207.97939,13.0447235
2025-06-05 02:00:00+00:00,198.9466,12.750811
2025-06-05 03:00:00+00:00,195.73207,13.277364
2025-06-05 04:00:00+00:00,199.74693,14.917212
2025-06-05 05:00:00+00:00,204.28581,16.192997
2025-06-05 06:00:00+00:00,204.59978,16.431347
2025-06-05 07:00:00+00:00,205.40767,15.941944
2025-06-05 08:00:00+00:00,208.44283,14.73913
2025-06-05 09:00:00+00:00,209.56026,13.864674
2025-06-05 10:00:00+00:00,216.41647,13.644427
2025-06-05 11:00:00+00:00,223.4235,13.878688
2025-06-05 12:00:00+00:00,231.34016,13.830749
2025-06-05 13:00:00+00:00,238.90276,13.243156
2025-06-05 14:00:00+00:00,236.3099,9.734988
2025-06-05 15:00:00+00:00,224.9999,7.6367526
2025-06-05 16:00:00+00:00,189.21095,6.7469993
2025-06-05 17:00:00+00:00,173.21112,7.613382
2025-06-05 18:00:00+00:00,183.57626,11.542478
2025-06-05 19:00:00+00:00,194.5345,15.062033
2025-06-05 20:00:00+00:00,204.59978,16.431347
2025-06-05 21:00:00+00:00,230.90614,18.553974
2025-06-05 22:00:00+00:00,238.28491,18.832163
2025-06-05 23:00:00+00:00,233.8067,18.289274
2025-06-06 00:00:00+00:00,226.68465,17.31746
2025-06-06 01:00:00+00:00,214.65138,14.879153
2025-06-06 02:00:00+00:00,215.21768,14.982228
2025-06-06 03:00:00+00:00,215.77617,15.086748
2025-06-06 04:00:00+00:00,213.13562,15.476859
2025-06-06 05:00:00+00:00,212.19571,17.229301
2025-06-06 06:00:00+00:00,214.50858,17.47484
2025-06-06 07:00:00+00:00,219.88263,17.123669
2025-06-06 08:00:00+00:00,225.86795,16.802786
2025-06-06 09:00:00+00:00,234.24602,16.635157
2025-06-06 10:00:00+00:00,241.1893,16.434305
2025-06-06 11:00:00+00:00,248.32529,15.10821
2025-06-06 12:00:00+00:00,242.10283,13.849477
2025-06-06 13:00:00+00:00,234.71317,14.33347
2025-06-06 14:00:00+00:00,215.53777,10.83893
2025-06-06 15:00:00+00:00,206.56499,11.672275
2025-06-06 16:00:00+00:00,207.71841,11.996699
2025-06-06 17:00:00+00:00,212.86867,13.929953
2025-06-06 18:00:00+00:00,226.70978,17.063011
2025-06-06 19:00:00+00:00,232.3057,20.018072
2025-06-06 20:00:00+00:00,230.93153,19.706507
2025-06-06 21:00:00+00:00,228.41104,19.25327
2025-06-06 22:00:00+00:00,228.45671,18.999168
2025-06-06 23:00:00+00:00,226.94807,18.720863
2025-06-07 00:00:00+00:00,226.15337,18.968449
2025-06-07 01:00:00+00:00,221.68213,17.594023
2025-06-07 02:00:00+00:00,216.74756,16.848038
2025-06-07 03:00:00+00:00,214.84581,17.326813
2025-06-07 04:00:00+00:00,215.98077,16.237955
2025-06-07 05:00:00+00:00,215.53777,15.484185
2025-06-07 06:00:00+00:00,214.26115,15.027575
2025-06-07 07:00:00+00:00,215.38036,15.233148
2025-06-07 08:00:00+00:00,217.13101,15.804164
2025-06-07 09:00:00+00:00,221.74269,15.6806755
2025-06-07 10:00:00+00:00,228.31104,15.426535
2025-06-07 11:00:00+00:00,234.30984,15.735336
2025-06-07 12:00:00+00:00,238.21278,15.035119
2025-06-07 13:00:00+00:00,242.06294,13.447095
2025-06-07 14:00:00+00:00,231.009,9.726664
2025-06-07 15:00:00+00:00,210.19153,11.453715
2025-06-07 16:00:00+00:00,201.66602,14.138882
2025-06-07 17:00:00+00:00,207.96214,16.50709
2025-06-07 18:00:00+00:00,224.27486,20.111729
2025-06-07 19:00:00+00:00,231.26347,20.999144
2025-06-07 20:00:00+00:00,230.1326,21.3412
2025-06-07 21:00:00+00:00,224.66884,22.019672
2025-06-07 22:00:00+00:00,221.6725,21.928995
2025-06-07 23:00:00+00:00,224.9999,20.364674
2025-06-08 00:00:00+00:00,226.0946,19.986485
2025-06-08 01:00:00+00:00,223.95847,21.004541
2025-06-08 02:00:00+00:00,226.46873,19.862083
2025-06-08 03:00:00+00:00,225.75375,19.348114
2025-06-08 04:00:00+00:00,226.23633,17.69593
2025-06-08 05:00:00+00:00,225.85501,17.057314
2025-06-08 06:00:00+00:00,224.9999,17.055414
2025-06-08 07:00:00+00:00,228.70473,17.728857
2025-06-08 08:00:00+00:00,235.52072,18.123774
2025-06-08 09:00:00+00:00,237.75005,17.878086
2025-06-08 10:00:00+00:00,240.0379,17.660192
2025-06-08 11:00:00+00:00,240.64233,16.521803
2025-06-08 12:00:00+00:00,242.8351,15.376045
2025-06-08 13:00:00+00:00,236.53459,12.730468
2025-06-08 14:00:00+00:00,225.62952,11.583108
2025-06-08 15:00:00+00:00,215.05951,12.534257
2025-06-08 16:00:00+00:00,212.08215,14.233664
2025-06-08 17:00:00+00:00,215.89276,16.886454
2025-06-08 18:00:00+00:00,229.18501,20.929594
2025-06-08 19:00:00+00:00,234.51993,20.778112
2025-06-08 20:00:00+00:00,230.0007,20.442486
2025-06-08 21:00:00+00:00,226.71489,21.265156
2025-06-08 22:00:00+00:00,226.69461,21.519598
2025-06-08 23:00:00+00:00,229.93927,20.696087
2025-06-09 00:00:00+00:00,232.3057,20.018072
2025-06-09 01:00:00+00:00,230.12321,18.52951
2025-06-09 02:00:00+00:00,227.9683,17.205778
2025-06-09 03:00:00+00:00,226.27295,17.186935
2025-06-09 04:00:00+00:00,223.18172,16.045261
2025-06-09 05:00:00+00:00,221.18582,15.30741
2025-06-09 06:00:00+00:00,224.9999,15.782622
2025-06-09 07:00:00+00:00,228.93027,16.712881
2025-06-09 08:00:00+00:00,229.7999,16.732256
2025-06-09 09:00:00+00:00,227.09016,17.448862
2025-06-09 10:00:00+00:00,224.9999,17.81909
2025-06-09 11:00:00+00:00,223.36346,17.826363
2025-06-09 12:00:00+00:00,222.96909,17.95765
2025-06-09 13:00:00+00:00,225.83023,17.566378
2025-06-09 14:00:00+00:00,226.63654,13.369771
2025-06-09 15:00:00+00:00,222.04915,12.362475
2025-06-09 16:00:00+00:00,217.33327,13.356437
2025-06-09 17:00:00+00:00,225.48964,14.892213
2025-06-09 18:00:00+00:00,233.84172,17.389341
2025-06-09 19:00:00+00:00,232.6744,18.108572
2025-06-09 20:00:00+00:00,229.7335,20.051224
2025-06-09 21:00:00+00:00,227.29063,22.291674
2025-06-09 22:00:00+00:00,227.02136,21.650938
2025-06-09 23:00:00+00:00,228.23979,20.269789
2025-06-10 00:00:00+00:00,222.1728,20.64436
2025-06-10 01:00:00+00:00,219.95749,17.377226
2025-06-10 02:00:00+00:00,219.0355,17.148247
2025-06-10 03:00:00+00:00,220.34167,17.23964
2025-06-10 04:00:00+00:00,220.85529,17.610588
2025-06-10 05:00:00+00:00,221.68213,17.594023
2025-06-10 06:00:00+00:00,222.90984,17.448862
2025-06-10 07:00:00+00:00,225.4063,17.946821
2025-06-10 08:00:00+00:00,228.09415,18.864824
2025-06-10 09:00:00+00:00,230.82635,18.807201
2025-06-10 10:00:00+00:00,229.9698,17.630814
2025-06-10 11:00:00+00:00,226.31181,16.67795
2025-06-10 12:00:00+00:00,222.35739,16.563911
2025-06-10 13:00:00+00:00,214.35439,17.224598
2025-06-10 14:00:00+00:00,213.887,14.527683
2025-06-10 15:00:00+00:00,223.89838,13.239486
2025-06-10 16:00:00+00:00,222.75424,12.992459
2025-06-10 17:00:00+00:00,219.90784,12.906138
2025-06-10 18:00:00+00:00,217.00261,15.552041
2025-06-10 19:00:00+00:00,225.81836,17.82091
2025-06-10 20:00:00+00:00,228.0849,21.286474
2025-06-10 21:00:00+00:00,230.19447,19.681828
2025-06-10 22:00:00+00:00,228.22461,18.102308
2025-06-10 23:00:00+00:00,221.36694,16.069473
2025-06-11 00:00:00+00:00,211.56177,14.787414
2025-06-11 01:00:00+00:00,210.60632,14.848635
2025-06-11 02:00:00+00:00,214.93938,16.029099
2025-06-11 03:00:00+00:00,213.85715,17.123669
2025-06-11 04:00:00+00:00,211.17128,17.04021
2025-06-11 05:00:00+00:00,214.03217,16.724508
2025-06-11 06:00:00+00:00,217.64769,15.9134655
2025-06-11 07:00:00+00:00,221.12137,15.053425
2025-06-11 08:00:00+00:00,221.12137,15.053425
2025-06-11 09:00:00+00:00,216.86998,15.299999
2025-06-11 10:00:00+00:00,214.43904,15.277749
2025-06-11 11:00:00+00:00,211.78722,15.035119
2025-06-11 12:00:00+00:00,212.73521,14.978984
2025-06-11 13:00:00+00:00,218.991,14.589996
2025-06-11 14:00:00+00:00,225.60301,12.0921955
2025-06-11 15:00:00+00:00,224.9999,11.709688
2025-06-11 16:00:00+00:00,217.95428,11.414043
2025-06-11 17:00:00+00:00,205.79597,11.995349
2025-06-11 18:00:00+00:00,195.94547,13.1041975
2025-06-11 19:00:00+00:00,201.5015,12.768586
2025-06-11 20:00:00+00:00,214.65138,14.879153
2025-06-11 21:00:00+00:00,219.3824,15.602999
2025-06-11 22:00:00+00:00,224.15756,17.311846
2025-06-11 23:00:00+00:00,226.70978,17.063011
2025-06-12 00:00:00+00:00,219.72606,16.616642
2025-06-12 01:00:00+00:00,227.44708,14.905261
2025-06-12 02:00:00+00:00,229.15973,14.037692
2025-06-12 03:00:00+00:00,228.888,13.14
2025-06-12 04:00:00+00:00,216.34755,11.844492
2025-06-12 05:00:00+00:00,208.61037,11.276968
2025-06-12 06:00:00+00:00,202.5431,10.32924
2025-06-12 07:00:00+00:00,198.77812,9.505977
2025-06-12 08:00:00+00:00,204.94388,8.536252
2025-06-12 09:00:00+00:00,207.824,7.327127
2025-06-12 10:00:00+00:00,220.60121,6.638072
2025-06-12 11:00:00+00:00,236.3099,7.7879906
2025-06-12 12:00:00+00:00,245.37645,9.504273
2025-06-12 13:00:00+00:00,245.9245,9.266067
2025-06-12 14:00:00+00:00,247.69374,7.587806
2025-06-12 15:00:00+00:00,228.57643,8.161764
2025-06-12 16:00:00+00:00,226.36386,10.694485
2025-06-12 17:00:00+00:00,235.43741,9.835975
2025-06-12 18:00:00+00:00,218.04709,10.514218
2025-06-12 19:00:00+00:00,215.41714,9.939196
2025-06-12 20:00:00+00:00,197.35411,9.05205
2025-06-12 21:00:00+00:00,200.55612,9.227524
2025-06-12 22:00:00+00:00,217.5285,15.661035
2025-06-12 23:00:00+00:00,229.80801,13.666967
2025-06-13 00:00:00+00:00,232.83543,14.004185
2025-06-13 01:00:00+00:00,223.87679,12.984975
2025-06-13 02:00:00+00:00,223.72705,11.457958
2025-06-13 03:00:00+00:00,224.34154,11.074023
2025-06-13 04:00:00+00:00,225.74397,9.801326
2025-06-13 05:00:00+00:00,234.83348,9.688281
2025-06-13 06:00:00+00:00,230.04251,8.688613
2025-06-13 07:00:00+00:00,204.94388,8.536252
2025-06-13 08:00:00+00:00,194.25006,11.700001
2025-06-13 09:00:00+00:00,197.71588,13.605189
2025-06-13 10:00:00+00:00,204.62355,14.256409
2025-06-13 11:00:00+00:00,212.30731,14.481893
2025-06-13 12:00:00+00:00,220.84027,14.037692
2025-06-13 13:00:00+00:00,240.64233,13.217443
2025-06-13 14:00:00+00:00,245.72557,10.070353
2025-06-13 15:00:00+00:00,236.68936,15.077082
2025-06-13 16:00:00+00:00,225.67395,10.819482
2025-06-13 17:00:00+00:00,205.4633,8.373386
2025-06-13 18:00:00+00:00,209.84584,12.659004
2025-06-13 19:00:00+00:00,219.80553,15.4642935
2025-06-13 20:00:00+00:00,223.7079,16.932442
2025-06-13 21:00:00+00:00,238.47787,15.83693
2025-06-13 22:00:00+00:00,246.80139,16.45007
2025-06-13 23:00:00+00:00,242.328,16.666288
2025-06-14 00:00:00+00:00,241.74207,16.348322
2025-06-14 01:00:00+00:00,234.34457,20.380579
2025-06-14 02:00:00+00:00,256.57816,16.284779
2025-06-14 03:00:00+00:00,229.46724,16.341381
2025-06-14 04:00:00+00:00,220.46214,8.043805
2025-06-14 05:00:00+00:00,241.69934,7.973005
2025-06-14 06:00:00+00:00,173.6599,9.779817
2025-06-14 07:00:00+00:00,246.59529,13.141232
2025-06-14 08:00:00+00:00,251.98013,15.710607
2025-06-14 09:00:00+00:00,238.79955,14.941085
2025-06-14 10:00:00+00:00,221.87778,14.021525
2025-06-14 11:00:00+00:00,200.64706,13.272482
2025-06-14 12:00:00+00:00,225.85501,8.528657
2025-06-14 13:00:00+00:00,208.92633,7.8149853
2025-06-14 14:00:00+00:00,191.82146,7.9077177
2025-06-14 15:00:00+00:00,177.08922,10.63372
2025-06-14 16:00:00+00:00,180.0,11.879999
2025-06-14 17:00:00+00:00,181.76236,11.705537
2025-06-14 18:00:00+00:00,193.53587,9.9977
2025-06-14 19:00:00+00:00,191.5601,8.083983
2025-06-14 20:00:00+00:00,178.78116,8.461914
2025-06-14 21:00:00+00:00,172.23492,7.9932976
2025-06-14 22:00:00+00:00,186.00891,6.87779
2025-06-14 23:00:00+00:00,211.21834,6.945761
2025-06-15 00:00:00+00:00,176.186,8.11798
2025-06-15 01:00:00+00:00,156.2505,4.91634
2025-06-15 02:00:00+00:00,191.88864,3.4949677
2025-06-15 03:00:00+00:00,217.40543,3.8521678
2025-06-15 04:00:00+00:00,129.28938,5.1165614
2025-06-15 05:00:00+00:00,94.57384,4.514377
2025-06-15 06:00:00+00:00,82.33328,9.444426
2025-06-15 07:00:00+00:00,103.298584,20.345573
2025-06-15 08:00:00+00:00,106.87635,16.740967
2025-06-15 09:00:00+00:00,107.21616,13.379461
2025-06-15 10:00:00+00:00,114.376465,12.647482
2025-06-15 11:00:00+00:00,95.7105,7.2359104
2025-06-15 12:00:00+00:00,101.63361,6.2483597
2025-06-15 13:00:00+00:00,49.398785,3.319036
2025-06-15 14:00:00+00:00,123.6901,3.244996
2025-06-15 15:00:00+00:00,147.52882,4.6938257
2025-06-15 16:00:00+00:00,142.12495,4.1046314
2025-06-15 17:00:00+00:00,132.39738,5.6060677
2025-06-15 18:00:00+00:00,144.90411,8.139901
2025-06-15 19:00:00+00:00,135.0001,6.873078
2025-06-15 20:00:00+00:00,141.7098,8.714677
2025-06-15 21:00:00+00:00,166.60748,3.8856654
2025-06-15 22:00:00+00:00,340.0168,2.1068459
2025-06-15 23:00:00+00:00,90.0,1.98
2025-06-16 00:00:00+00:00,122.34742,6.391901
2025-06-16 01:00:00+00:00,106.85848,6.206738
2025-06-16 02:00:00+00:00,124.69522,5.692099
2025-06-16 03:00:00+00:00,74.054535,3.9312592
2025-06-16 04:00:00+00:00,41.98713,4.8433046
2025-06-16 05:00:00+00:00,66.03751,8.863972
2025-06-16 06:00:00+00:00,75.41104,13.577776
2025-06-16 07:00:00+00:00,70.67672,14.687382
2025-06-16 08:00:00+00:00,68.19853,14.539945
2025-06-16 09:00:00+00:00,58.921024,15.342294
2025-06-16 10:00:00+00:00,37.875053,16.418526
2025-06-16 11:00:00+00:00,44.999897,13.746156
2025-06-16 12:00:00+00:00,48.122223,14.021525
2025-06-16 13:00:00+00:00,67.3801,11.7
2025-06-16 14:00:00+00:00,83.659904,6.519877
2025-06-16 15:00:00+00:00,34.9921,8.78872
2025-06-16 16:00:00+00:00,28.02442,12.642357
2025-06-16 17:00:00+00:00,47.174767,10.062305
2025-06-16 18:00:00+00:00,76.827446,8.688613
2025-06-16 19:00:00+00:00,77.00539,7.2044983
2025-06-16 20:00:00+00:00,94.18484,7.3997297
2025-06-16 21:00:00+00:00,91.39715,7.3821945
2025-06-16 22:00:00+00:00,93.012726,6.849467
2025-06-16 23:00:00+00:00,67.75093,4.278551
2025-06-17 00:00:00+00:00,63.435013,4.0249224
2025-06-17 01:00:00+00:00,140.19447,4.2175345
2025-06-17 02:00:00+00:00,135.0001,4.072935
2025-06-17 03:00:00+00:00,104.743614,3.536439
2025-06-17 04:00:00+00:00,48.122223,7.0107627
2025-06-17 05:00:00+00:00,48.289345,11.091564
2025-06-17 06:00:00+00:00,64.311905,15.779543
2025-06-17 07:00:00+00:00,78.231735,8.825508
2025-06-17 08:00:00+00:00,58.240574,8.891343
2025-06-17 09:00:00+00:00,48.503635,12.496718
2025-06-17 10:00:00+00:00,37.304024,14.25641
2025-06-17 11:00:00+00:00,41.63345,15.172409
2025-06-17 12:00:00+00:00,61.645138,12.886039
2025-06-17 13:00:00+00:00,28.345602,15.543706
2025-06-17 14:00:00+00:00,91.301926,23.766134
2025-06-17 15:00:00+00:00,169.3804,5.8603754
2025-06-17 16:00:00+00:00,145.71307,9.585739
2025-06-17 17:00:00+00:00,135.0001,4.3274937
2025-06-17 18:00:00+00:00,123.36639,8.836514
2025-06-17 19:00:00+00:00,127.568665,8.856658
2025-06-17 20:00:00+00:00,116.56499,6.037383
2025-06-17 21:00:00+00:00,63.435013,2.0124612
2025-06-17 22:00:00+00:00,56.3099,1.9469976
2025-06-17 23:00:00+00:00,90.0,3.6
2025-06-18 00:00:00+00:00,165.96373,2.968636
2025-06-18 01:00:00+00:00,252.64589,6.0347
2025-06-18 02:00:00+00:00,270.0,4.14
2025-06-18 03:00:00+00:00,308.0471,5.257109
2025-06-18 04:00:00+00:00,355.48608,6.8612823
2025-06-18 05:00:00+00:00,21.31798,7.9220443
2025-06-18 06:00:00+00:00,30.343174,8.55142
2025-06-18 07:00:00+00:00,35.537766,9.290511
2025-06-18 08:00:00+00:00,30.618525,10.248941
2025-06-18 09:00:00+00:00,24.51963,11.276967
2025-06-18 10:00:00+00:00,24.96276,11.51578
2025-06-18 11:00:00+00:00,32.549995,10.036512
2025-06-18 12:00:00+00:00,44.118694,8.274128
2025-06-18 13:00:00+00:00,91.46877,7.0223074
2025-06-18 14:00:00+00:00,133.21011,8.149847
2025-06-18 15:00:00+00:00,146.3099,7.7879906
2025-06-18 16:00:00+00:00,140.38934,6.7757506
2025-06-18 17:00:00+00:00,138.81418,7.653705
2025-06-18 18:00:00+00:00,151.92761,6.12
2025-06-18 19:00:00+00:00,168.9591,7.519175
2025-06-18 20:00:00+00:00,193.24052,6.28713
2025-06-18 21:00:00+00:00,230.30096,12.399113
2025-06-18 22:00:00+00:00,232.63326,12.456468
2025-06-18 23:00:00+00:00,226.66829,13.115319
2025-06-19 00:00:00+00:00,219.23735,13.943901
2025-06-19 01:00:00+00:00,223.45189,14.133152
2025-06-19 02:00:00+00:00,227.12111,13.755579
2025-06-19 03:00:00+00:00,226.57649,13.878688
2025-06-19 04:00:00+00:00,227.33734,12.483748
2025-06-19 05:00:00+00:00,220.60121,11.616626
2025-06-19 06:00:00+00:00,214.3804,12.431733
2025-06-19 07:00:00+00:00,211.09724,13.243156
2025-06-19 08:00:00+00:00,210.25635,12.503199
2025-06-19 09:00:00+00:00,208.7397,12.7279215
2025-06-19 10:00:00+00:00,213.45334,12.081473
2025-06-19 11:00:00+00:00,220.69543,11.870451
2025-06-19 12:00:00+00:00,221.18584,13.393983
2025-06-19 13:00:00+00:00,210.37904,12.10157
2025-06-19 14:00:00+00:00,217.64769,15.9134655
2025-06-19 15:00:00+00:00,216.98299,18.252037
2025-06-19 16:00:00+00:00,220.01361,19.03665
2025-06-19 17:00:00+00:00,210.68509,19.046858
2025-06-19 18:00:00+00:00,216.5854,21.744267
2025-06-19 19:00:00+00:00,224.37048,23.166216
2025-06-19 20:00:00+00:00,220.08337,23.761364
2025-06-19 21:00:00+00:00,228.36655,23.842358
2025-06-19 22:00:00+00:00,227.17476,20.12461
2025-06-19 23:00:00+00:00,215.89276,16.886454
2025-06-20 00:00:00+00:00,211.37296,17.287498
2025-06-20 01:00:00+00:00,212.60033,18.374994
2025-06-20 02:00:00+00:00,206.0753,18.837322
2025-06-20 03:00:00+00:00,211.14851,19.139341
2025-06-20 04:00:00+00:00,209.74478,18.865683
2025-06-20 05:00:00+00:00,210.49329,18.800308
2025-06-20 06:00:00+00:00,211.17128,17.04021
2025-06-20 07:00:00+00:00,211.65123,15.435983
2025-06-20 08:00:00+00:00,212.30731,14.481893
2025-06-20 09:00:00+00:00,213.29358,14.428097
2025-06-20 10:00:00+00:00,219.1304,13.690654
2025-06-20 11:00:00+00:00,214.34616,13.0806875
2025-06-20 12:00:00+00:00,208.4741,12.081473
2025-06-20 13:00:00+00:00,159.3255,10.196647
2025-06-20 14:00:00+00:00,22.751022,6.050785
2025-06-20 15:00:00+00:00,151.2603,6.3639607
2025-06-20 16:00:00+00:00,137.81563,7.7734165
2025-06-20 17:00:00+00:00,178.12216,10.9859
2025-06-20 18:00:00+00:00,195.85199,15.156386
2025-06-20 19:00:00+00:00,208.9509,19.33639
2025-06-20 20:00:00+00:00,224.28392,20.366266
2025-06-20 21:00:00+00:00,233.44028,19.944292
2025-06-20 22:00:00+00:00,232.90707,18.504139
2025-06-20 23:00:00+00:00,225.84244,17.311846
2025-06-21 00:00:00+00:00,225.44409,16.419514
2025-06-21 01:00:00+00:00,214.89078,16.67795
2025-06-21 02:00:00+00:00,212.81136,16.276815
2025-06-21 03:00:00+00:00,213.51105,15.975444
2025-06-21 04:00:00+00:00,220.60121,16.595179
2025-06-21 05:00:00+00:00,222.22972,15.801087
2025-06-21 06:00:00+00:00,197.03786,11.672275
2025-06-21 07:00:00+00:00,163.98875,21.535404
2025-06-21 08:00:00+00:00,171.7242,20.008356
2025-06-21 09:00:00+00:00,172.50424,20.696869
2025-06-21 10:00:00+00:00,176.14944,18.762354
2025-06-21 11:00:00+00:00,178.93912,19.443333
2025-06-21 12:00:00+00:00,173.60114,19.380743
2025-06-21 13:00:00+00:00,193.62701,18.33616
2025-06-21 14:00:00+00:00,189.92618,14.618837
2025-06-21 15:00:00+00:00,180.0,14.94
2025-06-21 16:00:00+00:00,181.1573,17.823635
2025-06-21 17:00:00+00:00,182.86235,18.022486
2025-06-21 18:00:00+00:00,192.875,19.387428
2025-06-21 19:00:00+00:00,204.22774,19.73854
2025-06-21 20:00:00+00:00,209.45358,17.570988
2025-06-21 21:00:00+00:00,213.87085,15.825675
2025-06-21 22:00:00+00:00,214.9921,15.3802595
2025-06-21 23:00:00+00:00,210.25635,15.0038395
2025-06-22 00:00:00+00:00,213.887,14.527683
2025-06-22 01:00:00+00:00,194.03627,12.616703
2025-06-22 02:00:00+00:00,197.68448,13.036026
2025-06-22 03:00:00+00:00,200.94272,15.611304
2025-06-22 04:00:00+00:00,201.93854,13.971756
2025-06-22 05:00:00+00:00,197.2659,13.948548
2025-06-22 06:00:00+00:00,197.77141,14.743526
2025-06-22 07:00:00+00:00,193.46523,13.1412325
2025-06-22 08:00:00+00:00,180.0,11.159999
2025-06-22 09:00:00+00:00,180.0,11.159999
2025-06-22 10:00:00+00:00,188.88058,11.659777
2025-06-22 11:00:00+00:00,200.55612,12.303366
2025-06-22 12:00:00+00:00,206.56499,11.672275
2025-06-22 13:00:00+00:00,185.07951,8.131936
2025-06-22 14:00:00+00:00,159.59003,16.516901
2025-06-22 15:00:00+00:00,176.14328,16.056362
2025-06-22 16:00:00+00:00,178.02512,15.669307
2025-06-22 17:00:00+00:00,177.6141,17.294992
2025-06-22 18:00:00+00:00,186.46973,17.571909
2025-06-22 19:00:00+00:00,199.50253,18.331741
2025-06-22 20:00:00+00:00,206.56499,16.09969
2025-06-22 21:00:00+00:00,210.49976,15.2501545
2025-06-22 22:00:00+00:00,212.93869,15.22783
2025-06-22 23:00:00+00:00,215.92859,15.338071
2025-06-23 00:00:00+00:00,221.57603,14.918297
2025-06-23 01:00:00+00:00,224.4328,12.855831
2025-06-23 02:00:00+00:00,233.86453,14.041154
2025-06-23 03:00:00+00:00,220.0062,13.15971
2025-06-23 04:00:00+00:00,217.18478,13.104198
2025-06-23 05:00:00+00:00,216.02747,12.241323
2025-06-23 06:00:00+00:00,205.74066,11.190442
2025-06-23 07:00:00+00:00,201.80147,10.662626
2025-06-23 08:00:00+00:00,195.94547,10.483357
2025-06-23 09:00:00+00:00,196.60706,10.706595
2025-06-23 10:00:00+00:00,201.29742,11.39842
2025-06-23 11:00:00+00:00,206.98015,11.1090765
2025-06-23 12:00:00+00:00,210.32352,11.052058
2025-06-23 13:00:00+00:00,209.63829,12.011544
2025-06-23 14:00:00+00:00,178.9191,9.5416975
2025-06-23 15:00:00+00:00,172.87508,14.512064
2025-06-23 16:00:00+00:00,187.19914,17.235882
2025-06-23 17:00:00+00:00,195.25517,16.418526
2025-06-23 18:00:00+00:00,195.48856,15.503006
2025-06-23 19:00:00+00:00,196.52588,17.085785
2025-06-23 20:00:00+00:00,203.83875,16.92383
2025-06-23 21:00:00+00:00,212.90524,18.22361
2025-06-23 22:00:00+00:00,220.53906,18.000898
2025-06-23 23:00:00+00:00,227.2546,16.176983
2025-06-24 00:00:00+00:00,230.46387,14.7039175
2025-06-24 01:00:00+00:00,233.2758,14.148046
2025-06-24 02:00:00+00:00,225.5456,13.3649235
2025-06-24 03:00:00+00:00,222.79738,13.246826
2025-06-24 04:00:00+00:00,220.44615,14.428097
2025-06-24 05:00:00+00:00,206.17523,11.833546
2025-06-24 06:00:00+00:00,187.23683,11.431063
2025-06-24 07:00:00+00:00,173.4803,12.682018
2025-06-24 08:00:00+00:00,184.39862,14.081478
2025-06-24 09:00:00+00:00,194.67644,15.629971
2025-06-24 10:00:00+00:00,195.12405,13.797913
2025-06-24 11:00:00+00:00,197.40279,12.638512
2025-06-24 12:00:00+00:00,198.18913,13.262714
2025-06-24 13:00:00+00:00,199.3349,10.873251
2025-06-24 14:00:00+00:00,167.4712,4.9785542
2025-06-24 15:00:00+00:00,137.83418,12.870944
2025-06-24 16:00:00+00:00,152.10283,13.849477
2025-06-24 17:00:00+00:00,162.03076,14.003029
2025-06-24 18:00:00+00:00,175.54448,13.902014
2025-06-24 19:00:00+00:00,182.26045,13.690654
2025-06-24 20:00:00+00:00,196.04001,14.98331
2025-06-24 21:00:00+00:00,216.99536,16.45204
2025-06-24 22:00:00+00:00,224.9999,16.800856
2025-06-24 23:00:00+00:00,228.52155,16.5776
2025-06-25 00:00:00+00:00,231.1155,14.336861
2025-06-25 01:00:00+00:00,219.70987,13.8049555
2025-06-25 02:00:00+00:00,217.94221,13.466357
2025-06-25 03:00:00+00:00,211.39021,12.440851
2025-06-25 04:00:00+00:00,210.96368,12.594856
2025-06-25 05:00:00+00:00,207.64589,12.801531
2025-06-25 06:00:00+00:00,205.06743,12.320471
2025-06-25 07:00:00+00:00,196.22026,10.310403
2025-06-25 08:00:00+00:00,178.05856,10.6261
2025-06-25 09:00:00+00:00,179.04518,10.801499
2025-06-25 10:00:00+00:00,161.28816,11.7827835
2025-06-25 11:00:00+00:00,147.52882,11.734564
2025-06-25 12:00:00+00:00,192.26476,4.2366967
2025-06-25 13:00:00+00:00,29.744795,4.3536186
2025-06-25 14:00:00+00:00,29.475794,9.511088
2025-06-25 15:00:00+00:00,75.302635,11.351422
2025-06-25 16:00:00+00:00,99.46225,6.5693827
2025-06-25 17:00:00+00:00,119.604355,9.109138
2025-06-25 18:00:00+00:00,127.50422,9.7565975
2025-06-25 19:00:00+00:00,149.38147,10.248941
2025-06-25 20:00:00+00:00,183.91817,13.170786
2025-06-25 21:00:00+00:00,195.7087,11.966954
2025-06-25 22:00:00+00:00,208.23735,11.032987
2025-06-25 23:00:00+00:00,228.36655,10.837435
2025-06-26 00:00:00+00:00,235.53912,11.13384
2025-06-26 01:00:00+00:00,236.5601,11.43248
2025-06-26 02:00:00+00:00,228.01286,9.686609
2025-06-26 03:00:00+00:00,227.72636,8.027678
2025-06-26 04:00:00+00:00,220.36446,4.724786
2025-06-26 05:00:00+00:00,135.0001,3.0547013
2025-06-26 06:00:00+00:00,108.886185,7.229191
2025-06-26 07:00:00+00:00,107.52566,10.759423
2025-06-26 08:00:00+00:00,94.33224,11.9140415
2025-06-26 09:00:00+00:00,101.48196,11.755254
2025-06-26 10:00:00+00:00,109.17911,13.149859
2025-06-26 11:00:00+00:00,249.53764,12.872201
2025-06-26 12:00:00+00:00,81.57312,4.913044
2025-06-26 13:00:00+00:00,43.91917,6.7469993
2025-06-26 14:00:00+00:00,51.51978,8.967541
2025-06-26 15:00:00+00:00,33.023872,8.587338
2025-06-26 16:00:00+00:00,100.20392,9.144637
2025-06-26 17:00:00+00:00,94.89901,6.3231
2025-06-26 18:00:00+00:00,326.3099,0.6489992
2025-06-26 19:00:00+00:00,192.80426,8.12197
2025-06-26 20:00:00+00:00,209.0545,1.8532133
2025-06-26 21:00:00+00:00,27.255245,6.6818557
2025-06-26 22:00:00+00:00,28.442837,4.913044
2025-06-26 23:00:00+00:00,30.963696,6.297428
2025-06-27 00:00:00+00:00,23.385246,7.256032
2025-06-27 01:00:00+00:00,64.65388,7.5685663
2025-06-27 02:00:00+00:00,61.389645,9.021574
2025-06-27 03:00:00+00:00,59.53454,10.650465
2025-06-27 04:00:00+00:00,49.085716,10.718693
2025-06-27 05:00:00+00:00,50.09217,12.906138
2025-06-27 06:00:00+00:00,60.67962,15.070633
2025-06-27 07:00:00+00:00,66.50142,13.543131
2025-06-27 08:00:00+00:00,76.15928,12.791403
2025-06-27 09:00:00+00:00,82.46065,12.346741
2025-06-27 10:00:00+00:00,86.47862,11.722133
2025-06-27 11:00:00+00:00,102.40741,18.430452
2025-06-27 12:00:00+00:00,141.45879,13.577776
2025-06-27 13:00:00+00:00,142.81522,6.552099
2025-06-27 14:00:00+00:00,191.88864,3.4949677
2025-06-27 15:00:00+00:00,315.0001,0.25455844
2025-06-27 16:00:00+00:00,353.29025,3.0811036
2025-06-27 17:00:00+00:00,67.3801,2.3400002
2025-06-27 18:00:00+00:00,101.68935,5.3305535
2025-06-27 19:00:00+00:00,120.963684,6.297428
2025-06-27 20:00:00+00:00,118.7397,6.3639607
2025-06-27 21:00:00+00:00,129.61066,6.7757506
2025-06-27 22:00:00+00:00,144.90411,8.139901
2025-06-27 23:00:00+00:00,158.19853,9.693296
2025-06-28 00:00:00+00:00,162.97939,9.224011
2025-06-28 01:00:00+00:00,164.57777,5.4149795
2025-06-28 02:00:00+00:00,161.0295,6.0908127
2025-06-28 03:00:00+00:00,160.64091,7.0591216
2025-06-28 04:00:00+00:00,164.47583,6.725354
2025-06-28 05:00:00+00:00,142.25313,7.056826
2025-06-28 06:00:00+00:00,132.18437,7.7734165
2025-06-28 07:00:00+00:00,131.53168,8.415842
2025-06-28 08:00:00+00:00,123.6901,9.085988
2025-06-28 09:00:00+00:00,119.604355,9.109138
2025-06-28 10:00:00+00:00,117.095474,8.694204
2025-06-28 11:00:00+00:00,110.09532,7.8583965
2025-06-28 12:00:00+00:00,117.34979,5.8769383
2025-06-28 13:00:00+00:00,135.0001,7.891311
2025-06-28 14:00:00+00:00,185.52745,5.6060677
2025-06-28 15:00:00+00:00,201.37068,8.891344
2025-06-28 16:00:00+00:00,194.5002,10.783487
2025-06-28 17:00:00+00:00,193.62701,6.1120534
2025-06-28 18:00:00+00:00,193.67133,6.8541956
2025-06-28 19:00:00+00:00,182.16103,9.54679
2025-06-28 20:00:00+00:00,192.80426,12.182955
2025-06-28 21:00:00+00:00,190.66974,12.638512
2025-06-28 22:00:00+00:00,196.26028,13.499999
2025-06-28 23:00:00+00:00,202.4259,12.267763
2025-06-29 00:00:00+00:00,204.44394,10.874741
2025-06-29 01:00:00+00:00,209.35765,9.913082
2025-06-29 02:00:00+00:00,218.65984,8.067936
2025-06-29 03:00:00+00:00,224.9999,9.418662
2025-06-29 04:00:00+00:00,227.66306,10.957846
2025-06-29 05:00:00+00:00,222.33694,10.957846
2025-06-29 06:00:00+00:00,213.6901,12.330985
2025-06-29 07:00:00+00:00,220.60121,13.276144
2025-06-29 08:00:00+00:00,221.05472,14.799459
2025-06-29 09:00:00+00:00,216.46933,15.444377
2025-06-29 10:00:00+00:00,213.51105,15.975444
2025-06-29 11:00:00+00:00,218.7581,16.388897
2025-06-29 12:00:00+00:00,220.426,19.152882
2025-06-29 13:00:00+00:00,217.56866,14.761098
2025-06-29 14:00:00+00:00,215.97247,13.789691
2025-06-29 15:00:00+00:00,217.01997,13.752047
2025-06-29 16:00:00+00:00,209.0545,14.8257065
2025-06-29 17:00:00+00:00,202.30626,15.175612
2025-06-29 18:00:00+00:00,202.27594,16.144905
2025-06-29 19:00:00+00:00,200.69553,17.31746
2025-06-29 20:00:00+00:00,205.29198,18.116623
2025-06-29 21:00:00+00:00,207.62099,17.471132
2025-06-29 22:00:00+00:00,207.62099,17.471132
2025-06-29 23:00:00+00:00,207.45091,15.618566
2025-06-30 00:00:00+00:00,204.82932,13.288341
2025-06-30 01:00:00+00:00,211.23915,12.841963
2025-06-30 02:00:00+00:00,199.3979,13.54911
2025-06-30 03:00:00+00:00,197.96924,14.003029
2025-06-30 04:00:00+00:00,194.4208,13.009903
2025-06-30 05:00:00+00:00,188.13002,12.7279215
2025-06-30 06:00:00+00:00,186.17007,13.397612
2025-06-30 07:00:00+00:00,187.03784,14.690691
2025-06-30 08:00:00+00:00,189.68872,14.973576
2025-06-30 09:00:00+00:00,191.9761,12.144331
2025-06-30 10:00:00+00:00,197.52565,10.759423
2025-06-30 11:00:00+00:00,208.65173,19.89631
2025-06-30 12:00:00+00:00,213.00311,20.819393
2025-06-30 13:00:00+00:00,198.10385,9.847496
2025-06-30 14:00:00+00:00,206.05344,9.016185
2025-06-30 15:00:00+00:00,220.36446,14.174356
2025-06-30 16:00:00+00:00,209.93143,13.70839
2025-06-30 17:00:00+00:00,203.47101,14.913952
2025-06-30 18:00:00+00:00,199.44012,16.22498
2025-06-30 19:00:00+00:00,201.57137,16.645864
2025-06-30 20:00:00+00:00,208.1785,17.15297
2025-06-30 21:00:00+00:00,220.40938,17.49337
2025-06-30 22:00:00+00:00,227.09016,17.448862
2025-06-30 23:00:00+00:00,224.57564,17.183167
2025-07-01 00:00:00+00:00,220.67485,15.189484
2025-07-01 01:00:00+00:00,210.84651,15.095336
2025-07-01 02:00:00+00:00,205.13292,16.104721
2025-07-01 03:00:00+00:00,205.78728,17.791796
2025-07-01 04:00:00+00:00,210.66885,17.9973
2025-07-01 05:00:00+00:00,214.35439,17.224598
2025-07-01 06:00:00+00:00,210.76265,17.595861
2025-07-01 07:00:00+00:00,212.69945,17.325876
2025-07-01 08:00:00+00:00,217.87505,16.418526
2025-07-01 09:00:00+00:00,222.35739,16.563911
2025-07-01 10:00:00+00:00,225.43074,16.928614
2025-07-01 11:00:00+00:00,222.78032,16.431347
2025-07-01 12:00:00+00:00,227.04541,14.264361
2025-07-01 13:00:00+00:00,225.53539,13.619472
2025-07-01 14:00:00+00:00,239.0363,9.446141
2025-07-01 15:00:00+00:00,221.98714,7.2649574
2025-07-01 16:00:00+00:00,212.10623,10.837435
2025-07-01 17:00:00+00:00,217.61403,13.861168
2025-07-01 18:00:00+00:00,211.52213,15.83693
2025-07-01 19:00:00+00:00,218.12523,18.076338
2025-07-01 20:00:00+00:00,225.3951,18.455925
2025-07-01 21:00:00+00:00,230.75458,16.502182
2025-07-01 22:00:00+00:00,234.5542,13.036026
2025-07-01 23:00:00+00:00,222.61401,12.229406
2025-07-02 00:00:00+00:00,222.97864,10.825469
2025-07-02 01:00:00+00:00,220.50276,11.362834
2025-07-02 02:00:00+00:00,224.39697,12.0921955
2025-07-02 03:00:00+00:00,217.33327,13.356437
2025-07-02 04:00:00+00:00,217.56866,11.808878
2025-07-02 05:00:00+00:00,222.75424,12.992459
2025-07-02 06:00:00+00:00,226.73567,12.606426
2025-07-02 07:00:00+00:00,223.75471,11.712454
2025-07-02 08:00:00+00:00,226.8476,11.843124
2025-07-02 09:00:00+00:00,228.65231,11.988594
2025-07-02 10:00:00+00:00,232.79199,12.204212
2025-07-02 11:00:00+00:00,226.2188,11.966954
2025-07-02 12:00:00+00:00,232.206,11.161451
2025-07-02 13:00:00+00:00,211.90807,11.238113
2025-07-02 14:00:00+00:00,214.50858,6.989936
2025-07-02 15:00:00+00:00,194.03627,7.42159
2025-07-02 16:00:00+00:00,187.49576,6.898956
2025-07-02 17:00:00+00:00,189.27252,8.936778
2025-07-02 18:00:00+00:00,197.57135,11.328566
2025-07-02 19:00:00+00:00,215.83774,11.989946
2025-07-02 20:00:00+00:00,216.02747,12.241323
2025-07-02 21:00:00+00:00,220.33307,12.514855
2025-07-02 22:00:00+00:00,231.7098,13.072015
2025-07-02 23:00:00+00:00,242.72331,12.96125
2025-07-03 00:00:00+00:00,247.1663,11.132385
2025-07-03 01:00:00+00:00,242.56035,10.546525
2025-07-03 02:00:00+00:00,238.09193,11.238113
2025-07-03 03:00:00+00:00,237.09476,10.934166
2025-07-03 04:00:00+00:00,242.10283,10.387107
2025-07-03 05:00:00+00:00,254.93146,9.6932955
2025-07-03 06:00:00+00:00,247.01126,6.452441
2025-07-03 07:00:00+00:00,233.61555,4.2481523
2025-07-03 08:00:00+00:00,232.52374,6.804381
2025-07-03 09:00:00+00:00,245.43285,6.9270773
2025-07-03 10:00:00+00:00,153.43501,3.219938
2025-07-03 11:00:00+00:00,129.80553,5.6233797
2025-07-03 12:00:00+00:00,191.94415,9.56713
2025-07-03 13:00:00+00:00,207.5972,8.936778
2025-07-03 14:00:00+00:00,219.95749,8.688613
2025-07-03 15:00:00+00:00,210.73541,7.748368
2025-07-03 16:00:00+00:00,209.24873,10.315115
2025-07-03 17:00:00+00:00,209.44533,12.815443
2025-07-03 18:00:00+00:00,209.7448,11.609651
2025-07-03 19:00:00+00:00,202.8337,11.132385
2025-07-03 20:00:00+00:00,209.5114,10.962281
2025-07-03 21:00:00+00:00,209.14798,10.717182
2025-07-03 22:00:00+00:00,209.62366,10.560341
2025-07-03 23:00:00+00:00,208.61037,9.021574
2025-07-04 00:00:00+00:00,210.52963,8.149847
2025-07-04 01:00:00+00:00,205.82094,6.198903
2025-07-04 02:00:00+00:00,198.43504,6.830519
2025-07-04 03:00:00+00:00,208.07239,9.179999
2025-07-04 04:00:00+00:00,217.34943,8.604301
2025-07-04 05:00:00+00:00,214.8754,7.2403865
2025-07-04 06:00:00+00:00,205.7099,5.3939967
2025-07-04 07:00:00+00:00,200.32323,5.1826253
2025-07-04 08:00:00+00:00,197.35411,6.0347
2025-07-04 09:00:00+00:00,195.94547,5.2416787
2025-07-04 10:00:00+00:00,201.80147,5.815978
2025-07-04 11:00:00+00:00,161.56496,3.9844694
2025-07-04 12:00:00+00:00,180.0,5.7599998
2025-07-04 13:00:00+00:00,192.03058,11.226575
2025-07-04 14:00:00+00:00,206.56499,12.074766
2025-07-04 15:00:00+00:00,196.48453,18.396141
2025-07-04 16:00:00+00:00,196.02594,17.604147
2025-07-04 17:00:00+00:00,194.47034,11.525623
2025-07-04 18:00:00+00:00,198.43504,15.3686695
2025-07-04 19:00:00+00:00,209.52127,17.169018
2025-07-04 20:00:00+00:00,206.56499,14.48972
2025-07-04 21:00:00+00:00,214.6112,15.528064
2025-07-04 22:00:00+00:00,212.73521,14.978984
2025-07-04 23:00:00+00:00,217.13101,15.804164
2025-07-05 00:00:00+00:00,210.46547,14.20062
2025-07-05 01:00:00+00:00,200.85454,12.134992
2025-07-05 02:00:00+00:00,205.52965,13.3649235
2025-07-05 03:00:00+00:00,218.07283,13.719023
2025-07-05 04:00:00+00:00,216.29272,14.292725
2025-07-05 05:00:00+00:00,217.74687,14.113652
2025-07-05 06:00:00+00:00,217.94221,13.466357
2025-07-05 07:00:00+00:00,222.16582,12.870944
2025-07-05 08:00:00+00:00,216.02747,12.241323
2025-07-05 09:00:00+00:00,210.19153,11.453715
2025-07-05 10:00:00+00:00,210.80138,10.897063
2025-07-05 11:00:00+00:00,210.96368,11.545284
2025-07-05 12:00:00+00:00,208.61037,11.276968
2025-07-05 13:00:00+00:00,201.29742,11.39842
2025-07-05 14:00:00+00:00,201.25058,10.429132
2025-07-05 15:00:00+00:00,196.89873,14.861722
2025-07-05 16:00:00+00:00,212.24243,13.833091
2025-07-05 17:00:00+00:00,199.21277,12.580699
2025-07-05 18:00:00+00:00,203.58704,13.945064
2025-07-05 19:00:00+00:00,191.30989,14.685176
2025-07-05 20:00:00+00:00,191.57516,15.2501545
2025-07-05 21:00:00+00:00,207.21602,14.168641
2025-07-05 22:00:00+00:00,213.02388,12.881008
2025-07-05 23:00:00+00:00,207.85956,14.251863
2025-07-06 00:00:00+00:00,198.667,14.059602
2025-07-06 01:00:00+00:00,200.55612,13.841286
2025-07-06 02:00:00+00:00,209.93143,13.70839
2025-07-06 03:00:00+00:00,204.62355,14.256409
2025-07-06 04:00:00+00:00,205.97433,15.617529
2025-07-06 05:00:00+00:00,208.8107,16.434305
2025-07-06 06:00:00+00:00,208.55952,16.189997
2025-07-06 07:00:00+00:00,203.89517,15.553083
2025-07-06 08:00:00+00:00,200.1577,15.14783
2025-07-06 09:00:00+00:00,197.98743,14.572219
2025-07-06 10:00:00+00:00,202.24907,12.835653
2025-07-06 11:00:00+00:00,198.43504,11.953409
2025-07-06 12:00:00+00:00,206.56499,10.8672905
2025-07-06 13:00:00+00:00,223.66785,10.948973
2025-07-06 14:00:00+00:00,250.11475,8.996398
2025-07-06 15:00:00+00:00,227.1211,10.316686
2025-07-06 16:00:00+00:00,216.20955,12.492829
2025-07-06 17:00:00+00:00,212.17119,13.184308
2025-07-06 18:00:00+00:00,209.95352,12.257194
2025-07-06 19:00:00+00:00,206.56499,14.48972
2025-07-06 20:00:00+00:00,198.43504,15.3686695
2025-07-06 21:00:00+00:00,203.58704,13.945064
2025-07-06 22:00:00+00:00,210.32352,11.052058
2025-07-06 23:00:00+00:00,212.00534,10.1887
2025-07-07 00:00:00+00:00,206.56499,10.8672905
2025-07-07 01:00:00+00:00,168.92984,8.43699
2025-07-07 02:00:00+00:00,182.81549,10.993271
2025-07-07 03:00:00+00:00,191.9761,12.144331
2025-07-07 04:00:00+00:00,185.19434,11.928989
2025-07-07 05:00:00+00:00,185.82625,8.865799
2025-07-07 06:00:00+00:00,190.3048,8.049845
2025-07-07 07:00:00+00:00,193.0919,7.9465466
2025-07-07 08:00:00+00:00,190.40765,8.967541
2025-07-07 09:00:00+00:00,178.95839,9.901636
2025-07-07 10:00:00+00:00,177.79745,9.3669195
2025-07-07 11:00:00+00:00,184.23631,9.746631
2025-07-07 12:00:00+00:00,194.5002,10.783487
2025-07-07 13:00:00+00:00,174.4279,7.415038
2025-07-07 14:00:00+00:00,170.9606,8.019601
2025-07-07 15:00:00+00:00,195.94547,7.8625183
2025-07-07 16:00:00+00:00,188.91484,9.292254
2025-07-07 17:00:00+00:00,174.95764,12.287555
2025-07-07 18:00:00+00:00,183.53223,14.607751
2025-07-07 19:00:00+00:00,191.30989,15.602999
2025-07-07 20:00:00+00:00,199.82256,16.454994
2025-07-07 21:00:00+00:00,202.6806,13.070776
2025-07-07 22:00:00+00:00,200.18588,13.040997
2025-07-07 23:00:00+00:00,207.29948,12.55879
2025-07-08 00:00:00+00:00,212.00534,11.886816
2025-07-08 01:00:00+00:00,208.23735,11.032987
2025-07-08 02:00:00+00:00,203.45905,10.399576
2025-07-08 03:00:00+00:00,202.6199,11.7
2025-07-08 04:00:00+00:00,205.79597,11.995349
2025-07-08 05:00:00+00:00,204.22774,11.843124
2025-07-08 06:00:00+00:00,201.16133,11.966953
2025-07-08 07:00:00+00:00,199.44012,12.979984
2025-07-08 08:00:00+00:00,197.35411,12.0694
2025-07-08 09:00:00+00:00,207.3238,12.156331
2025-07-08 10:00:00+00:00,208.67305,13.130133
2025-07-08 11:00:00+00:00,198.92474,13.32
2025-07-08 12:00:00+00:00,206.90602,13.523978
2025-07-08 13:00:00+00:00,208.9509,9.668195
2025-07-08 14:00:00+00:00,211.32863,9.693296
2025-07-08 15:00:00+00:00,200.85454,12.134992
2025-07-08 16:00:00+00:00,198.10385,9.847496
2025-07-08 17:00:00+00:00,198.72588,11.213581
2025-07-08 18:00:00+00:00,194.82652,12.661564
2025-07-08 19:00:00+00:00,199.55835,14.517644
2025-07-08 20:00:00+00:00,199.55835,14.517644
2025-07-08 21:00:00+00:00,199.8553,13.779114
2025-07-08 22:00:00+00:00,202.6806,13.070776
2025-07-08 23:00:00+00:00,206.21132,13.040997
2025-07-09 00:00:00+00:00,206.56499,13.282243
2025-07-09 01:00:00+00:00,209.0545,11.119281
2025-07-09 02:00:00+00:00,205.74066,11.190442
2025-07-09 03:00:00+00:00,203.19861,12.337553
2025-07-09 04:00:00+00:00,198.9466,12.750811
2025-07-09 05:00:00+00:00,196.47696,13.327294
2025-07-09 06:00:00+00:00,193.24052,15.717823
2025-07-09 07:00:00+00:00,190.7288,17.40424
2025-07-09 08:00:00+00:00,193.17256,17.377226
2025-07-09 09:00:00+00:00,201.12479,16.981165
2025-07-09 10:00:00+00:00,205.48915,17.149193
2025-07-09 11:00:00+00:00,206.28134,16.260885
2025-07-09 12:00:00+00:00,206.84042,16.74387
2025-07-09 13:00:00+00:00,209.74478,10.158444
2025-07-09 14:00:00+00:00,208.14151,8.777654
2025-07-09 15:00:00+00:00,206.18805,12.236029
2025-07-09 16:00:00+00:00,214.47227,14.628807
2025-07-09 17:00:00+00:00,215.36255,13.684735
2025-07-09 18:00:00+00:00,210.4257,13.151091
2025-07-09 19:00:00+00:00,207.71841,11.996699
2025-07-09 20:00:00+00:00,206.90602,13.523978
2025-07-09 21:00:00+00:00,202.9058,13.874019
2025-07-09 22:00:00+00:00,201.03758,12.535549
2025-07-09 23:00:00+00:00,204.5901,11.679213
2025-07-10 00:00:00+00:00,205.30135,10.950452
2025-07-10 01:00:00+00:00,198.43504,10.814989
2025-07-10 02:00:00+00:00,196.78273,11.844492
2025-07-10 03:00:00+00:00,197.9495,13.433838
2025-07-10 04:00:00+00:00,195.1953,15.108211
2025-07-10 05:00:00+00:00,196.23242,14.810401
2025-07-10 06:00:00+00:00,191.73854,14.156058
2025-07-10 07:00:00+00:00,190.23474,13.169555
2025-07-10 08:00:00+00:00,194.82652,12.661564
2025-07-10 09:00:00+00:00,200.26578,12.472065
2025-07-10 10:00:00+00:00,202.71445,16.78156
2025-07-10 11:00:00+00:00,211.60745,16.485485
2025-07-10 12:00:00+00:00,220.15593,15.072783
2025-07-10 13:00:00+00:00,215.53777,9.290511
2025-07-10 14:00:00+00:00,224.02907,7.5105524
2025-07-10 15:00:00+00:00,212.38066,8.738811
2025-07-10 16:00:00+00:00,201.80147,14.539945
2025-07-10 17:00:00+00:00,195.01842,15.281989
2025-07-10 18:00:00+00:00,195.85199,15.156386
2025-07-10 19:00:00+00:00,201.1399,14.474059
2025-07-10 20:00:00+00:00,205.34613,15.137133
2025-07-10 21:00:00+00:00,206.88686,14.328949
2025-07-10 22:00:00+00:00,210.82759,12.996199
2025-07-10 23:00:00+00:00,220.0302,11.753876
2025-07-11 00:00:00+00:00,212.79953,9.636307
2025-07-11 01:00:00+00:00,227.86247,10.195057
2025-07-11 02:00:00+00:00,217.87505,10.261579
2025-07-11 03:00:00+00:00,214.18617,11.53265
2025-07-11 04:00:00+00:00,216.70294,12.348051
2025-07-11 05:00:00+00:00,212.24243,13.833091
2025-07-11 06:00:00+00:00,215.13428,11.885453
2025-07-11 07:00:00+00:00,202.5431,10.32924
2025-07-11 08:00:00+00:00,205.55992,9.178235
2025-07-11 09:00:00+00:00,212.12497,9.139322
2025-07-11 10:00:00+00:00,223.56796,10.185519
2025-07-11 11:00:00+00:00,219.40063,13.044722
2025-07-11 12:00:00+00:00,219.92033,11.500296
2025-07-11 13:00:00+00:00,96.59982,21.9253
2025-07-11 14:00:00+00:00,270.0,1.8
2025-07-11 15:00:00+00:00,125.78906,9.5416975
2025-07-11 16:00:00+00:00,143.13002,10.799999
2025-07-11 17:00:00+00:00,162.42865,11.328566
2025-07-11 18:00:00+00:00,168.69011,11.013882
2025-07-11 19:00:00+00:00,183.75165,11.003581
2025-07-11 20:00:00+00:00,164.89885,11.745604
2025-07-11 21:00:00+00:00,173.85347,11.767651
2025-07-11 22:00:00+00:00,186.65433,10.873252
2025-07-11 23:00:00+00:00,201.80147,12.601285
2025-07-12 00:00:00+00:00,213.90631,13.229693
2025-07-12 01:00:00+00:00,220.98573,14.545515
2025-07-12 02:00:00+00:00,231.6048,12.172312
2025-07-12 03:00:00+00:00,224.4839,14.128566
2025-07-12 04:00:00+00:00,225.53539,13.619472
2025-07-12 05:00:00+00:00,234.09018,12.88981
2025-07-12 06:00:00+00:00,240.14108,11.207801
2025-07-12 07:00:00+00:00,239.82657,8.953078
2025-07-12 08:00:00+00:00,244.1337,6.601363
2025-07-12 09:00:00+00:00,242.6502,5.8769383
2025-07-12 10:00:00+00:00,244.98314,5.95906
2025-07-12 11:00:00+00:00,247.8905,6.21717
2025-07-12 12:00:00+00:00,257.61926,7.555712
2025-07-12 13:00:00+00:00,230.82635,6.269067
2025-07-12 14:00:00+00:00,214.9921,6.59154
2025-07-12 15:00:00+00:00,198.43504,9.107359
2025-07-12 16:00:00+00:00,209.40709,11.364259
2025-07-12 17:00:00+00:00,208.41257,12.483748
2025-07-12 18:00:00+00:00,218.32016,14.224556
2025-07-12 19:00:00+00:00,229.72021,13.920647
2025-07-12 20:00:00+00:00,232.81522,13.104198
2025-07-12 21:00:00+00:00,229.72021,13.920647
2025-07-12 22:00:00+00:00,228.54486,14.410121
2025-07-12 23:00:00+00:00,232.12495,14.366211
2025-07-13 00:00:00+00:00,235.1246,14.480773
2025-07-13 01:00:00+00:00,240.4886,10.962281
2025-07-13 02:00:00+00:00,229.63554,9.449572
2025-07-13 03:00:00+00:00,231.48305,11.272657
2025-07-13 04:00:00+00:00,226.16905,12.475961
2025-07-13 05:00:00+00:00,225.56718,12.855831
2025-07-13 06:00:00+00:00,236.3099,12.330985
2025-07-13 07:00:00+00:00,243.43501,9.257321
2025-07-13 08:00:00+00:00,237.52882,7.0407386
2025-07-13 09:00:00+00:00,231.34016,5.7628117
2025-07-13 10:00:00+00:00,229.39879,4.978554
2025-07-13 11:00:00+00:00,242.5925,5.4744864
2025-07-13 12:00:00+00:00,216.86998,5.3999996
2025-07-13 13:00:00+00:00,303.02386,4.293669
2025-07-13 14:00:00+00:00,180.0,0.17999999
2025-07-13 15:00:00+00:00,95.61749,11.032987
2025-07-13 16:00:00+00:00,128.2902,13.072015
2025-07-13 17:00:00+00:00,146.05637,11.282711
2025-07-13 18:00:00+00:00,160.46326,11.841756
2025-07-13 19:00:00+00:00,160.55988,9.734987
2025-07-13 20:00:00+00:00,178.85426,9.0018
2025-07-13 21:00:00+00:00,218.65984,11.525623
2025-07-13 22:00:00+00:00,239.32278,12.348052
2025-07-13 23:00:00+00:00,232.96953,12.85205
2025-07-14 00:00:00+00:00,232.05779,13.466357
2025-07-14 01:00:00+00:00,241.1893,12.325728
2025-07-14 02:00:00+00:00,241.46011,11.679212
2025-07-14 03:00:00+00:00,243.0724,12.71901
2025-07-14 04:00:00+00:00,244.32323,10.385547
2025-07-14 05:00:00+00:00,257.074,11.265469
2025-07-14 06:00:00+00:00,270.924,11.16145
2025-07-14 07:00:00+00:00,305.39487,8.39078
2025-07-14 08:00:00+00:00,322.85324,7.4520864
2025-07-14 09:00:00+00:00,319.84406,7.5363917
2025-07-14 10:00:00+00:00,315.78473,9.292254
2025-07-14 11:00:00+00:00,303.9965,9.335737
2025-07-14 12:00:00+00:00,308.48022,8.967541
2025-07-14 13:00:00+00:00,328.4958,6.544677
2025-07-14 14:00:00+00:00,330.8325,8.863972
2025-07-14 15:00:00+00:00,357.66275,8.827344
2025-07-14 16:00:00+00:00,17.650223,12.466867
2025-07-14 17:00:00+00:00,37.746864,7.056826
2025-07-14 18:00:00+00:00,47.72637,5.3517847
2025-07-14 19:00:00+00:00,48.179924,4.5891175
2025-07-14 20:00:00+00:00,296.56497,2.4149535
2025-07-14 21:00:00+00:00,239.98172,9.354806
2025-07-14 22:00:00+00:00,245.55606,10.874741
2025-07-14 23:00:00+00:00,250.9422,10.474082
2025-07-15 00:00:00+00:00,255.96373,10.390226
2025-07-15 01:00:00+00:00,260.83774,5.6521144
2025-07-15 02:00:00+00:00,255.96373,5.195113
2025-07-15 03:00:00+00:00,264.68555,7.7734165
2025-07-15 04:00:00+00:00,264.17374,8.865799
2025-07-15 05:00:00+00:00,302.57404,7.689603
2025-07-15 06:00:00+00:00,311.18582,7.653705
2025-07-15 07:00:00+00:00,304.9921,8.78872
2025-07-15 08:00:00+00:00,310.48593,9.703319
2025-07-15 09:00:00+00:00,314.27487,10.055864
2025-07-15 10:00:00+00:00,309.55963,10.739832
2025-07-15 11:00:00+00:00,309.8055,11.246759
2025-07-15 12:00:00+00:00,311.2685,11.734564
2025-07-15 13:00:00+00:00,333.00424,10.706596
2025-07-15 14:00:00+00:00,332.24155,7.729527
2025-07-15 15:00:00+00:00,2.6629453,7.748368
2025-07-15 16:00:00+00:00,18.970512,6.0908127
2025-07-15 17:00:00+00:00,24.567156,6.9270773
2025-07-15 18:00:00+00:00,41.49638,6.248359
2025-07-15 19:00:00+00:00,21.801476,3.8773184
2025-07-15 20:00:00+00:00,56.309914,1.2979984
2025-07-15 21:00:00+00:00,218.15727,3.2048087
2025-07-15 22:00:00+00:00,214.50858,3.494968
2025-07-15 23:00:00+00:00,291.80148,1.9386592
2025-07-16 00:00:00+00:00,222.70937,3.1845248
2025-07-16 01:00:00+00:00,219.80553,8.435069
2025-07-16 02:00:00+00:00,218.51695,11.272657
2025-07-16 03:00:00+00:00,221.63345,13.004922
2025-07-16 04:00:00+00:00,224.9999,14.000713
2025-07-16 05:00:00+00:00,224.46461,13.619472
2025-07-16 06:00:00+00:00,226.24529,11.712454
2025-07-16 07:00:00+00:00,229.39879,9.957108
2025-07-16 08:00:00+00:00,231.17017,9.473541
2025-07-16 09:00:00+00:00,229.76372,9.1958685
2025-07-16 10:00:00+00:00,214.0194,8.6867485
2025-07-16 11:00:00+00:00,208.9509,9.668195
2025-07-16 12:00:00+00:00,216.68982,11.448055
2025-07-16 13:00:00+00:00,240.94548,9.2660675
2025-07-16 14:00:00+00:00,200.32323,5.1826253
2025-07-16 15:00:00+00:00,184.5139,6.8612823
2025-07-16 16:00:00+00:00,199.88525,8.996398
2025-07-16 17:00:00+00:00,213.6901,9.085988
2025-07-16 18:00:00+00:00,208.92633,7.8149853
2025-07-16 19:00:00+00:00,198.43504,7.968939
2025-07-16 20:00:00+00:00,198.08354,9.278297
2025-07-16 21:00:00+00:00,207.95087,9.984729
2025-07-16 22:00:00+00:00,220.19197,13.666967
2025-07-16 23:00:00+00:00,231.009,14.589996
2025-07-17 00:00:00+00:00,226.12321,12.984975
2025-07-17 01:00:00+00:00,220.10085,13.413321
2025-07-17 02:00:00+00:00,219.61066,13.551501
2025-07-17 03:00:00+00:00,217.61403,13.861168
2025-07-17 04:00:00+00:00,215.28683,14.33347
2025-07-17 05:00:00+00:00,215.53777,13.935767
2025-07-17 06:00:00+00:00,215.53777,13.935767
2025-07-17 07:00:00+00:00,216.08516,13.1412325
2025-07-17 08:00:00+00:00,219.35173,11.638917
2025-07-17 09:00:00+00:00,220.60121,9.957108
2025-07-17 10:00:00+00:00,223.26433,8.404285
2025-07-17 11:00:00+00:00,210.46547,7.10031
2025-07-17 12:00:00+00:00,210.73541,7.748368
2025-07-17 13:00:00+00:00,194.03627,5.937272
2025-07-17 14:00:00+00:00,199.65392,2.6758924
2025-07-17 15:00:00+00:00,158.19853,3.8773184
2025-07-17 16:00:00+00:00,137.38599,6.114703
2025-07-17 17:00:00+00:00,157.69374,7.587806
2025-07-17 18:00:00+00:00,176.72958,6.310277
2025-07-17 19:00:00+00:00,186.00891,6.87779
2025-07-17 20:00:00+00:00,192.5288,8.297589
2025-07-17 21:00:00+00:00,192.38075,7.555712
2025-07-17 22:00:00+00:00,203.19861,9.595874
2025-07-17 23:00:00+00:00,221.55252,10.583326
2025-07-18 00:00:00+00:00,229.9698,11.753876
2025-07-18 01:00:00+00:00,238.57048,15.1884165
2025-07-18 02:00:00+00:00,234.13008,14.438198
2025-07-18 03:00:00+00:00,236.94417,13.529966
2025-07-18 04:00:00+00:00,240.4613,12.413477
2025-07-18 05:00:00+00:00,239.74365,12.503199
2025-07-18 06:00:00+00:00,235.1246,14.480773
2025-07-18 07:00:00+00:00,234.95055,14.731435
2025-07-18 08:00:00+00:00,241.75035,13.690653
2025-07-18 09:00:00+00:00,251.8472,11.555102
2025-07-18 10:00:00+00:00,256.21838,9.82279
2025-07-18 11:00:00+00:00,257.82855,9.391102
2025-07-18 12:00:00+00:00,227.1211,10.316686
2025-07-18 13:00:00+00:00,260.83774,5.6521144
2025-07-18 14:00:00+00:00,152.87878,8.29173
2025-07-18 15:00:00+00:00,195.81926,11.225132
2025-07-18 16:00:00+00:00,218.15727,9.614426
2025-07-18 17:00:00+00:00,227.23119,9.807935
2025-07-18 18:00:00+00:00,225.78473,9.292254
2025-07-18 19:00:00+00:00,220.60121,8.297589
2025-07-18 20:00:00+00:00,194.38142,7.247096
2025-07-18 21:00:00+00:00,218.82983,9.473541
2025-07-18 22:00:00+00:00,256.18494,11.307095
2025-07-18 23:00:00+00:00,282.75754,9.781473
2025-07-19 00:00:00+00:00,292.93213,5.0816135
2025-07-19 01:00:00+00:00,238.81508,7.995323
2025-07-19 02:00:00+00:00,211.15924,9.044888
2025-07-19 03:00:00+00:00,228.36655,8.669949
2025-07-19 04:00:00+00:00,248.19853,8.723967
2025-07-19 05:00:00+00:00,252.64589,9.05205
2025-07-19 06:00:00+00:00,267.91748,9.906544
2025-07-19 07:00:00+00:00,270.971,10.621525
2025-07-19 08:00:00+00:00,264.66794,13.558673
2025-07-19 09:00:00+00:00,270.86804,11.881363
2025-07-19 10:00:00+00:00,52.045715,11.414043
2025-07-19 11:00:00+00:00,299.0545,9.2660675
2025-07-19 12:00:00+00:00,302.61923,5.3426957
2025-07-19 13:00:00+00:00,261.52893,8.553314
2025-07-19 14:00:00+00:00,277.1249,7.256032
2025-07-19 15:00:00+00:00,250.9743,5.5216303
2025-07-19 16:00:00+00:00,253.14151,6.206738
2025-07-19 17:00:00+00:00,240.06857,6.854195
2025-07-19 18:00:00+00:00,251.1752,8.36758
2025-07-19 19:00:00+00:00,242.176,7.327127
2025-07-19 20:00:00+00:00,242.10283,6.9247384
2025-07-19 21:00:00+00:00,248.83867,5.9834766
2025-07-19 22:00:00+00:00,253.85559,7.1208143
2025-07-19 23:00:00+00:00,259.15973,8.613709
2025-07-20 00:00:00+00:00,263.11838,10.51576
2025-07-20 01:00:00+00:00,262.11694,11.811622
2025-07-20 02:00:00+00:00,243.43501,12.074766
2025-07-20 03:00:00+00:00,239.48984,11.7
2025-07-20 04:00:00+00:00,251.56496,10.814989
2025-07-20 05:00:00+00:00,248.42863,8.322932
2025-07-20 06:00:00+00:00,251.24126,10.075177
2025-07-20 07:00:00+00:00,246.97447,7.823272
2025-07-20 08:00:00+00:00,221.63345,6.502461
2025-07-20 09:00:00+00:00,199.57321,8.596766
2025-07-20 10:00:00+00:00,221.63345,8.669949
2025-07-20 11:00:00+00:00,215.41714,9.939196
2025-07-20 12:00:00+00:00,209.62366,10.560341
2025-07-20 13:00:00+00:00,254.05453,6.5520988
2025-07-20 14:00:00+00:00,262.30405,6.7205353
2025-07-20 15:00:00+00:00,240.2552,8.707237
2025-07-20 16:00:00+00:00,228.01286,4.8433046
2025-07-20 17:00:00+00:00,174.2895,5.426933
2025-07-20 18:00:00+00:00,166.26372,8.338489
2025-07-20 19:00:00+00:00,177.18451,10.993271
2025-07-20 20:00:00+00:00,190.56096,10.8029995
2025-07-20 21:00:00+00:00,194.7436,10.609316
2025-07-20 22:00:00+00:00,190.95403,11.367109
2025-07-20 23:00:00+00:00,196.07364,11.052058
2025-07-21 00:00:00+00:00,197.78398,10.018743
2025-07-21 01:00:00+00:00,214.9921,8.78872
2025-07-21 02:00:00+00:00,212.90524,10.934166
2025-07-21 03:00:00+00:00,211.82741,12.287555
2025-07-21 04:00:00+00:00,206.9521,11.9140415
2025-07-21 05:00:00+00:00,206.99576,10.706596
2025-07-21 06:00:00+00:00,205.14474,9.743304
2025-07-21 07:00:00+00:00,202.8337,11.132385
2025-07-21 08:00:00+00:00,209.44533,12.815443
2025-07-21 09:00:00+00:00,214.641,12.033103
2025-07-21 10:00:00+00:00,214.91948,11.634741
2025-07-21 11:00:00+00:00,216.68982,11.448055
2025-07-21 12:00:00+00:00,209.85892,11.207801
2025-07-21 13:00:00+00:00,197.24155,10.931203
2025-07-21 14:00:00+00:00,188.80672,12.93247
2025-07-21 15:00:00+00:00,194.7436,10.609316
2025-07-21 16:00:00+00:00,194.25006,11.700001
2025-07-21 17:00:00+00:00,197.176,10.3621235
2025-07-21 18:00:00+00:00,196.78273,11.844492
2025-07-21 19:00:00+00:00,196.78273,11.844492
2025-07-21 20:00:00+00:00,201.20929,12.936227
2025-07-21 21:00:00+00:00,203.89517,15.553083
2025-07-21 22:00:00+00:00,208.21725,16.75064
2025-07-21 23:00:00+00:00,215.86992,14.438198
2025-07-22 00:00:00+00:00,222.04915,12.362475
2025-07-22 01:00:00+00:00,217.794,11.161451
2025-07-22 02:00:00+00:00,211.72356,11.638917
2025-07-22 03:00:00+00:00,214.65138,14.879153
2025-07-22 04:00:00+00:00,219.80553,15.4642935
2025-07-22 05:00:00+00:00,222.27362,16.055355
2025-07-22 06:00:00+00:00,223.18172,16.045261
2025-07-22 07:00:00+00:00,221.53168,16.831684
2025-07-22 08:00:00+00:00,224.9999,17.564533
2025-07-22 09:00:00+00:00,227.12111,17.194475
2025-07-22 10:00:00+00:00,228.01286,16.951565
2025-07-22 11:00:00+00:00,229.61072,15.833861
2025-07-22 12:00:00+00:00,227.86247,15.292585
2025-07-22 13:00:00+00:00,218.90414,13.184308
2025-07-22 14:00:00+00:00,213.90631,13.229693
2025-07-22 15:00:00+00:00,211.75943,13.337016
2025-07-22 16:00:00+00:00,202.38017,13.237039
2025-07-22 17:00:00+00:00,200.48044,15.94804
2025-07-22 18:00:00+00:00,202.80458,17.183167
2025-07-22 19:00:00+00:00,205.78728,17.791796
2025-07-22 20:00:00+00:00,209.67839,19.267569
2025-07-22 21:00:00+00:00,221.2846,19.64228
2025-07-22 22:00:00+00:00,220.91429,17.86449
2025-07-22 23:00:00+00:00,214.9921,17.57744
2025-07-23 00:00:00+00:00,219.0355,17.148247
2025-07-23 01:00:00+00:00,220.27194,16.985933
2025-07-23 02:00:00+00:00,213.37785,18.32202
2025-07-23 03:00:00+00:00,217.22095,23.50844
2025-07-23 04:00:00+00:00,222.45515,22.932877
2025-07-23 05:00:00+00:00,220.78572,24.248611
2025-07-23 06:00:00+00:00,220.55254,22.979452
2025-07-23 07:00:00+00:00,219.0459,20.859041
2025-07-23 08:00:00+00:00,215.03172,21.322973
2025-07-23 09:00:00+00:00,213.40784,20.26899
2025-07-23 10:00:00+00:00,215.03627,19.125793
2025-07-23 11:00:00+00:00,214.47928,18.123774
2025-07-23 12:00:00+00:00,214.17703,17.623463
2025-07-23 13:00:00+00:00,212.36661,15.130711
2025-07-23 14:00:00+00:00,207.68097,12.399113
2025-07-23 15:00:00+00:00,209.93143,13.70839
2025-07-23 16:00:00+00:00,206.56499,14.087229
2025-07-23 17:00:00+00:00,203.6294,15.717823
2025-07-23 18:00:00+00:00,198.61578,18.044046
2025-07-23 19:00:00+00:00,207.81032,18.519018
2025-07-23 20:00:00+00:00,221.68896,15.426535
2025-07-23 21:00:00+00:00,224.9999,14.000713
2025-07-23 22:00:00+00:00,211.07898,15.342294
2025-07-23 23:00:00+00:00,207.64589,17.068707
2025-07-24 00:00:00+00:00,206.25018,14.650938
2025-07-24 01:00:00+00:00,200.39496,14.978986
2025-07-24 02:00:00+00:00,200.39496,14.978986
2025-07-24 03:00:00+00:00,205.64096,14.974658
2025-07-24 04:00:00+00:00,210.49976,15.2501545
2025-07-24 05:00:00+00:00,208.42111,17.396793
2025-07-24 06:00:00+00:00,214.15974,18.272436
2025-07-24 07:00:00+00:00,216.11943,16.489416
2025-07-24 08:00:00+00:00,207.72816,15.861463
2025-07-24 09:00:00+00:00,205.3777,15.539537
2025-07-24 10:00:00+00:00,212.07396,15.931779
2025-07-24 11:00:00+00:00,223.4235,13.878688
2025-07-24 12:00:00+00:00,229.86458,12.007498
2025-07-24 13:00:00+00:00,224.09071,8.019601
2025-07-24 14:00:00+00:00,232.02834,9.361731
2025-07-24 15:00:00+00:00,231.34016,9.220499
2025-07-24 16:00:00+00:00,234.3235,8.641874
2025-07-24 17:00:00+00:00,210.57915,9.19939
2025-07-24 18:00:00+00:00,200.44963,11.334285
2025-07-24 19:00:00+00:00,199.8553,13.779114
2025-07-24 20:00:00+00:00,207.61295,13.203954
2025-07-24 21:00:00+00:00,210.03319,13.306615
2025-07-24 22:00:00+00:00,212.64462,13.681184
2025-07-24 23:00:00+00:00,223.4235,13.878688
2025-07-25 00:00:00+00:00,225.57864,12.601285
2025-07-25 01:00:00+00:00,215.6399,11.738705
2025-07-25 02:00:00+00:00,208.36896,10.228373
2025-07-25 03:00:00+00:00,207.97939,13.0447235
2025-07-25 04:00:00+00:00,209.44533,12.815443
2025-07-25 05:00:00+00:00,210.1413,12.904882
2025-07-25 06:00:00+00:00,207.64589,12.801531
2025-07-25 07:00:00+00:00,210.96368,12.594856
2025-07-25 08:00:00+00:00,217.36674,12.456468
2025-07-25 09:00:00+00:00,222.5104,11.720751
2025-07-25 10:00:00+00:00,226.27295,11.457958
2025-07-25 11:00:00+00:00,230.07967,11.500296
2025-07-25 12:00:00+00:00,239.0363,10.495713
2025-07-25 13:00:00+00:00,234.3235,8.641874
2025-07-25 14:00:00+00:00,229.76372,9.1958685
2025-07-25 15:00:00+00:00,224.16977,8.783189
2025-07-25 16:00:00+00:00,223.1524,7.8954163
2025-07-25 17:00:00+00:00,203.19861,9.595874
2025-07-25 18:00:00+00:00,192.8477,10.5234585
2025-07-25 19:00:00+00:00,197.52565,10.759423
2025-07-25 20:00:00+00:00,211.55133,12.039833
2025-07-25 21:00:00+00:00,220.60121,14.935662
2025-07-25 22:00:00+00:00,231.03325,15.742541
2025-07-25 23:00:00+00:00,229.80801,13.666967
2025-07-26 00:00:00+00:00,220.426,12.768586
2025-07-26 01:00:00+00:00,220.95541,12.632101
2025-07-26 02:00:00+00:00,215.41714,9.939196
2025-07-26 03:00:00+00:00,218.53021,12.425216
2025-07-26 04:00:00+00:00,217.03047,12.85205
2025-07-26 05:00:00+00:00,217.04256,11.952054
2025-07-26 06:00:00+00:00,219.22566,11.385622
2025-07-26 07:00:00+00:00,217.07317,10.152064
2025-07-26 08:00:00+00:00,221.08165,9.313152
2025-07-26 09:00:00+00:00,226.78989,8.149847
2025-07-26 10:00:00+00:00,224.9999,7.6367526
2025-07-26 11:00:00+00:00,233.39284,7.8480825
2025-07-26 12:00:00+00:00,226.97493,7.386582
2025-07-26 13:00:00+00:00,207.29948,6.279395
2025-07-26 14:00:00+00:00,187.12492,4.353619
2025-07-26 15:00:00+00:00,188.42688,4.913044
2025-07-26 16:00:00+00:00,207.25525,6.6818557
2025-07-26 17:00:00+00:00,207.09547,8.694204
2025-07-26 18:00:00+00:00,199.23076,8.197414
2025-07-26 19:00:00+00:00,198.08354,9.278297
2025-07-26 20:00:00+00:00,199.83221,11.672275
2025-07-26 21:00:00+00:00,200.64706,13.272482
2025-07-26 22:00:00+00:00,213.6901,11.681987
2025-07-26 23:00:00+00:00,242.74475,13.363711
2025-07-27 00:00:00+00:00,228.65231,11.988594
2025-07-27 01:00:00+00:00,220.69543,11.870451
2025-07-27 02:00:00+00:00,217.40543,11.556504
2025-07-27 03:00:00+00:00,223.8066,12.221457
2025-07-27 04:00:00+00:00,128.26404,16.276815
2025-07-27 05:00:00+00:00,200.89784,10.597094
2025-07-27 06:00:00+00:00,213.43988,11.43248
2025-07-27 07:00:00+00:00,206.91647,13.121493
2025-07-27 08:00:00+00:00,215.21768,14.982228
2025-07-27 09:00:00+00:00,222.67215,15.668273
2025-07-27 10:00:00+00:00,220.84027,14.037692
2025-07-27 11:00:00+00:00,221.45514,14.410121
2025-07-27 12:00:00+00:00,224.9999,14.76439
2025-07-27 13:00:00+00:00,223.29869,12.86087
2025-07-27 14:00:00+00:00,211.10875,12.193589
2025-07-27 15:00:00+00:00,208.67305,13.130133
2025-07-27 16:00:00+00:00,210.20316,13.954354
2025-07-27 17:00:00+00:00,214.31514,13.729647
2025-07-27 18:00:00+00:00,209.0545,14.8257065
2025-07-27 19:00:00+00:00,213.35403,17.02404
2025-07-27 20:00:00+00:00,222.07495,17.46
2025-07-27 21:00:00+00:00,226.76236,16.554129
2025-07-27 22:00:00+00:00,226.81828,16.045261
2025-07-27 23:00:00+00:00,220.98573,14.545515
2025-07-28 00:00:00+00:00,213.2749,13.779114
2025-07-28 01:00:00+00:00,206.24129,14.248452
2025-07-28 02:00:00+00:00,211.21834,13.891522
2025-07-28 03:00:00+00:00,205.4633,16.746773
2025-07-28 04:00:00+00:00,207.40749,16.42346
2025-07-28 05:00:00+00:00,202.27594,16.144905
2025-07-28 06:00:00+00:00,204.08745,16.759342
2025-07-28 07:00:00+00:00,208.61037,15.787753
2025-07-28 08:00:00+00:00,209.8988,16.610792
2025-07-28 09:00:00+00:00,207.75845,15.459054
2025-07-28 10:00:00+00:00,206.90602,13.523978
2025-07-28 11:00:00+00:00,205.88698,13.60519
2025-07-28 12:00:00+00:00,202.9058,13.874019
2025-07-28 13:00:00+00:00,201.39987,14.30632
2025-07-28 14:00:00+00:00,195.75124,14.587776
2025-07-28 15:00:00+00:00,190.04929,14.4415655
2025-07-28 16:00:00+00:00,196.31393,15.379206
2025-07-28 17:00:00+00:00,204.55043,16.029099
2025-07-28 18:00:00+00:00,212.27562,16.179987
2025-07-28 19:00:00+00:00,215.9869,18.686218
2025-07-28 20:00:00+00:00,215.86295,18.434847
2025-07-28 21:00:00+00:00,213.9965,18.671474
2025-07-28 22:00:00+00:00,222.19748,18.222721
2025-07-28 23:00:00+00:00,220.40938,17.49337
2025-07-29 00:00:00+00:00,210.17343,17.906157
2025-07-29 01:00:00+00:00,209.15683,19.581154
2025-07-29 02:00:00+00:00,213.42484,21.566973
2025-07-29 03:00:00+00:00,217.94775,24.880402
2025-07-29 04:00:00+00:00,215.14876,21.573734
2025-07-29 05:00:00+00:00,213.39851,19.62
2025-07-29 06:00:00+00:00,208.00908,19.164717
2025-07-29 07:00:00+00:00,205.1735,19.888983
2025-07-29 08:00:00+00:00,204.06563,20.304924
2025-07-29 09:00:00+00:00,208.5706,20.700783
2025-07-29 10:00:00+00:00,209.93143,20.562586
2025-07-29 11:00:00+00:00,208.61037,20.298542
2025-07-29 12:00:00+00:00,207.2694,19.643105
2025-07-29 13:00:00+00:00,201.80147,15.509274
2025-07-29 14:00:00+00:00,196.63889,16.344357
2025-07-29 15:00:00+00:00,200.13638,17.254667
2025-07-29 16:00:00+00:00,195.7087,17.950432
2025-07-29 17:00:00+00:00,198.9391,19.41081
2025-07-29 18:00:00+00:00,203.86018,20.46941
2025-07-29 19:00:00+00:00,204.52771,20.37899
2025-07-29 20:00:00+00:00,202.8588,19.92479
2025-07-29 21:00:00+00:00,201.80147,19.386593
2025-07-29 22:00:00+00:00,205.78728,17.791796
2025-07-29 23:00:00+00:00,207.38733,16.825909
2025-07-30 00:00:00+00:00,197.2659,13.948548
2025-07-30 01:00:00+00:00,189.58287,14.056144
2025-07-30 02:00:00+00:00,194.59662,17.856325
2025-07-30 03:00:00+00:00,198.12195,20.833395
2025-07-30 04:00:00+00:00,197.76494,19.468311
2025-07-30 05:00:00+00:00,194.32275,17.462782
2025-07-30 06:00:00+00:00,192.80426,16.24394
2025-07-30 07:00:00+00:00,195.66823,15.329618
2025-07-30 08:00:00+00:00,197.2659,13.948548
2025-07-30 09:00:00+00:00,199.69872,15.486278
2025-07-30 10:00:00+00:00,199.32327,14.687382
2025-07-30 11:00:00+00:00,201.03758,15.042659
2025-07-30 12:00:00+00:00,199.32327,14.687382
2025-07-30 13:00:00+00:00,179.09064,11.341428
2025-07-30 14:00:00+00:00,157.21756,9.761578
2025-07-30 15:00:00+00:00,158.03938,12.033103
2025-07-30 16:00:00+00:00,157.249,12.10157
2025-07-30 17:00:00+00:00,174.2895,12.662843
2025-07-30 18:00:00+00:00,180.89516,11.521406
2025-07-30 19:00:00+00:00,187.49576,13.797912
2025-07-30 20:00:00+00:00,193.85144,13.533558
2025-07-30 21:00:00+00:00,205.58847,14.169785
2025-07-30 22:00:00+00:00,205.58847,14.169785
2025-07-30 23:00:00+00:00,210.82759,12.996199
2025-07-31 00:00:00+00:00,211.60745,10.990322
2025-07-31 01:00:00+00:00,204.36244,10.472536
2025-07-31 02:00:00+00:00,198.43504,10.24578
2025-07-31 03:00:00+00:00,200.92458,13.1041975
2025-07-31 04:00:00+00:00,203.19861,13.708391
2025-07-31 05:00:00+00:00,205.01686,11.91812
2025-07-31 06:00:00+00:00,193.67133,13.708391
2025-07-31 07:00:00+00:00,198.667,14.059602
2025-07-31 08:00:00+00:00,199.21277,12.580699
2025-07-31 09:00:00+00:00,209.95352,12.257194
2025-07-31 10:00:00+00:00,213.89621,13.878689
2025-07-31 11:00:00+00:00,211.21834,13.891522
2025-07-31 12:00:00+00:00,212.08215,14.233664
2025-07-31 13:00:00+00:00,180.0,3.6
2025-07-31 14:00:00+00:00,175.42616,4.514377
2025-07-31 15:00:00+00:00,159.44388,4.613762
2025-07-31 16:00:00+00:00,172.1848,9.266067
2025-07-31 17:00:00+00:00,185.35573,11.570515
2025-07-31 18:00:00+00:00,171.74065,11.276968
2025-07-31 19:00:00+00:00,178.02512,15.669307
2025-07-31 20:00:00+00:00,195.66823,15.329618
2025-07-31 21:00:00+00:00,211.0716,16.391863
2025-07-31 22:00:00+00:00,221.47845,16.5776
2025-07-31 23:00:00+00:00,228.52155,16.5776
2025-08-01 00:00:00+00:00,228.46832,16.831684
2025-08-01 01:00:00+00:00,225.98767,14.766584
2025-08-01 02:00:00+00:00,224.4544,13.3649235
2025-08-01 03:00:00+00:00,212.69197,14.330079
2025-08-01 04:00:00+00:00,205.27768,14.33234
2025-08-01 05:00:00+00:00,200.55612,12.303366
2025-08-01 06:00:00+00:00,198.90466,13.88919
2025-08-01 07:00:00+00:00,209.91356,15.159591
2025-08-01 08:00:00+00:00,205.66515,15.3771
2025-08-01 09:00:00+00:00,205.31285,14.734735
2025-08-01 10:00:00+00:00,208.1561,14.49531
2025-08-01 11:00:00+00:00,217.16455,14.004185
2025-08-01 12:00:00+00:00,223.75471,11.712454
2025-08-01 13:00:00+00:00,206.56499,9.257321
2025-08-01 14:00:00+00:00,186.1154,10.1376915
2025-08-01 15:00:00+00:00,197.44728,13.207634
2025-08-01 16:00:00+00:00,188.13002,12.7279215
2025-08-01 17:00:00+00:00,188.74608,11.837651
2025-08-01 18:00:00+00:00,200.48709,17.48596
2025-08-01 19:00:00+00:00,212.12497,18.278645
2025-08-01 20:00:00+00:00,217.32559,18.108572
2025-08-01 21:00:00+00:00,221.82008,18.35647
2025-08-01 22:00:00+00:00,223.36346,17.826363
2025-08-01 23:00:00+00:00,222.84703,16.940096
2025-08-02 00:00:00+00:00,221.47845,16.5776
2025-08-02 01:00:00+00:00,216.74756,16.848038
2025-08-02 02:00:00+00:00,209.81998,17.012617
2025-08-02 03:00:00+00:00,207.06102,18.595839
2025-08-02 04:00:00+00:00,201.12479,16.981165
2025-08-02 05:00:00+00:00,200.90805,17.14919
2025-08-02 06:00:00+00:00,200.3442,17.085783
2025-08-02 07:00:00+00:00,202.71445,16.78156
2025-08-02 08:00:00+00:00,207.89719,17.311846
2025-08-02 09:00:00+00:00,209.38892,17.972979
2025-08-02 10:00:00+00:00,210.86674,18.244045
2025-08-02 11:00:00+00:00,211.0651,17.441433
2025-08-02 12:00:00+00:00,212.00534,16.981165
2025-08-02 13:00:00+00:00,209.95352,12.257194
2025-08-02 14:00:00+00:00,205.38786,11.755254
2025-08-02 15:00:00+00:00,198.43504,11.953409
2025-08-02 16:00:00+00:00,200.11267,13.609951
2025-08-02 17:00:00+00:00,200.22495,14.578888
2025-08-02 18:00:00+00:00,198.63467,16.336426
2025-08-02 19:00:00+00:00,207.96214,16.50709
2025-08-02 20:00:00+00:00,210.86082,17.194475
2025-08-02 21:00:00+00:00,214.54016,16.825909
2025-08-02 22:00:00+00:00,213.6901,16.22498
2025-08-02 23:00:00+00:00,216.25392,13.392774
2025-08-03 00:00:00+00:00,210.96368,12.594856
2025-08-03 01:00:00+00:00,207.52513,14.411245
2025-08-03 02:00:00+00:00,205.4633,16.746773
2025-08-03 03:00:00+00:00,207.57448,18.275984
2025-08-03 04:00:00+00:00,209.8759,19.513195
2025-08-03 05:00:00+00:00,205.26306,17.71423
2025-08-03 06:00:00+00:00,202.6646,17.750774
2025-08-03 07:00:00+00:00,201.46771,17.214249
2025-08-03 08:00:00+00:00,204.34108,16.595179
2025-08-03 09:00:00+00:00,207.10805,16.985933
2025-08-03 10:00:00+00:00,208.75702,16.836496
2025-08-03 11:00:00+00:00,208.30066,15.94601
2025-08-03 12:00:00+00:00,209.19739,14.021525
2025-08-03 13:00:00+00:00,212.54999,10.036512
2025-08-03 14:00:00+00:00,207.18103,7.4867883
2025-08-03 15:00:00+00:00,192.17145,9.391102
2025-08-03 16:00:00+00:00,192.15492,11.968308
2025-08-03 17:00:00+00:00,197.31174,14.517644
2025-08-03 18:00:00+00:00,202.71445,16.78156
2025-08-03 19:00:00+00:00,204.34108,16.595179
2025-08-03 20:00:00+00:00,216.74756,16.848038
2025-08-03 21:00:00+00:00,222.81418,16.685719
2025-08-03 22:00:00+00:00,218.15727,16.024044
2025-08-03 23:00:00+00:00,219.55963,16.109749
2025-08-04 00:00:00+00:00,214.6112,15.528064
2025-08-04 01:00:00+00:00,212.36661,15.130711
2025-08-04 02:00:00+00:00,207.93706,13.447095
2025-08-04 03:00:00+00:00,204.44394,15.224637
2025-08-04 04:00:00+00:00,198.64189,15.767219
2025-08-04 05:00:00+00:00,203.42871,17.655605
2025-08-04 06:00:00+00:00,204.5377,18.204042
2025-08-04 07:00:00+00:00,201.70059,18.98552
2025-08-04 08:00:00+00:00,203.33406,19.995398
2025-08-04 09:00:00+00:00,207.0215,20.20575
2025-08-04 10:00:00+00:00,210.5999,19.448332
2025-08-04 11:00:00+00:00,212.3004,18.526888
2025-08-04 12:00:00+00:00,204.81418,18.442755
2025-08-04 13:00:00+00:00,205.74066,11.190442
2025-08-04 14:00:00+00:00,201.10492,10.99769
2025-08-04 15:00:00+00:00,196.23242,14.810401
2025-08-04 16:00:00+00:00,199.04672,15.99571
2025-08-04 17:00:00+00:00,200.62996,16.34832
2025-08-04 18:00:00+00:00,203.27898,16.851885
2025-08-04 19:00:00+00:00,213.51804,16.62444
2025-08-04 20:00:00+00:00,212.47118,16.42839
2025-08-04 21:00:00+00:00,211.07898,15.342294
2025-08-04 22:00:00+00:00,214.93938,16.029099
2025-08-04 23:00:00+00:00,209.81998,17.012617
2025-08-05 00:00:00+00:00,200.77234,16.748707
2025-08-05 01:00:00+00:00,201.68913,17.046865
2025-08-05 02:00:00+00:00,195.76724,15.898188
2025-08-05 03:00:00+00:00,204.93427,22.629229
2025-08-05 04:00:00+00:00,207.36346,23.105297
2025-08-05 05:00:00+00:00,209.7448,23.219301
2025-08-05 06:00:00+00:00,205.91882,21.413948
2025-08-05 07:00:00+00:00,203.658,20.634155
2025-08-05 08:00:00+00:00,203.13573,21.531641
2025-08-05 09:00:00+00:00,204.05734,22.077717
2025-08-05 10:00:00+00:00,206.35814,22.298214
2025-08-05 11:00:00+00:00,208.72603,21.347271
2025-08-05 12:00:00+00:00,209.55359,20.071411
2025-08-05 13:00:00+00:00,203.19861,15.079229
2025-08-05 14:00:00+00:00,204.22774,11.843124
2025-08-05 15:00:00+00:00,179.2043,12.961249
2025-08-05 16:00:00+00:00,185.30084,17.534992
2025-08-05 17:00:00+00:00,189.74358,18.080818
2025-08-05 18:00:00+00:00,194.31108,18.204933
2025-08-05 19:00:00+00:00,199.88525,17.992796
2025-08-05 20:00:00+00:00,206.8219,17.951334
2025-08-05 21:00:00+00:00,212.87627,17.574675
2025-08-05 22:00:00+00:00,216.75377,17.748037
2025-08-05 23:00:00+00:00,214.00754,18.022486
2025-08-06 00:00:00+00:00,211.21834,13.891522
2025-08-06 01:00:00+00:00,197.68448,13.036026
2025-08-06 02:00:00+00:00,197.19862,15.827721
2025-08-06 03:00:00+00:00,195.78082,17.208603
2025-08-06 04:00:00+00:00,198.11316,20.264194
2025-08-06 05:00:00+00:00,202.06795,21.559462
2025-08-06 06:00:00+00:00,203.07043,21.129885
2025-08-06 07:00:00+00:00,204.70241,19.813087
2025-08-06 08:00:00+00:00,210.29637,18.553972
2025-08-06 09:00:00+00:00,212.69945,17.325876
2025-08-06 10:00:00+00:00,211.0651,17.441433
2025-08-06 11:00:00+00:00,208.88649,17.885334
2025-08-06 12:00:00+00:00,211.0716,16.391863
2025-08-06 13:00:00+00:00,219.14398,9.97986
2025-08-06 14:00:00+00:00,195.78082,8.604301
2025-08-06 15:00:00+00:00,190.36627,15.004919
2025-08-06 16:00:00+00:00,187.22423,12.882267
2025-08-06 17:00:00+00:00,199.92567,15.316933
2025-08-06 18:00:00+00:00,205.7099,16.18199
2025-08-06 19:00:00+00:00,208.66386,15.385525
2025-08-06 20:00:00+00:00,221.57603,14.918297
2025-08-06 21:00:00+00:00,225.49815,14.637663
2025-08-06 22:00:00+00:00,229.66693,12.514855
2025-08-06 23:00:00+00:00,214.41843,11.782784
2025-08-07 00:00:00+00:00,207.80136,11.19189
2025-08-07 01:00:00+00:00,205.67677,10.385547
2025-08-07 02:00:00+00:00,198.667,14.059602
2025-08-07 03:00:00+00:00,199.0257,16.56489
2025-08-07 04:00:00+00:00,199.53674,17.762634
2025-08-07 05:00:00+00:00,201.59537,18.58451
2025-08-07 06:00:00+00:00,205.55992,18.35647
2025-08-07 07:00:00+00:00,208.00908,19.164717
2025-08-07 08:00:00+00:00,212.17863,18.927406
2025-08-07 09:00:00+00:00,212.73521,17.974781
2025-08-07 10:00:00+00:00,214.35439,17.224598
2025-08-07 11:00:00+00:00,215.08356,18.47698
2025-08-07 12:00:00+00:00,219.98683,14.565548
2025-08-07 13:00:00+00:00,215.07384,10.337078
2025-08-07 14:00:00+00:00,201.10492,10.99769
2025-08-07 15:00:00+00:00,195.42223,10.829959
2025-08-07 16:00:00+00:00,194.03627,10.390226
2025-08-07 17:00:00+00:00,192.5288,13.276144
2025-08-07 18:00:00+00:00,205.2011,16.909464
2025-08-07 19:00:00+00:00,208.10617,17.95765
2025-08-07 20:00:00+00:00,216.54506,19.044306
2025-08-07 21:00:00+00:00,230.553,18.414625
2025-08-07 22:00:00+00:00,227.15297,16.940096
2025-08-07 23:00:00+00:00,224.9999,16.037182
2025-08-08 00:00:00+00:00,217.00261,15.552041
2025-08-08 01:00:00+00:00,212.61923,16.028088
2025-08-08 02:00:00+00:00,204.77512,15.463246
2025-08-08 03:00:00+00:00,199.77617,17.02404
2025-08-08 04:00:00+00:00,201.03758,17.54977
2025-08-08 05:00:00+00:00,198.61026,18.613253
2025-08-08 06:00:00+00:00,201.80147,19.386593
2025-08-08 07:00:00+00:00,205.39587,19.726225
2025-08-08 08:00:00+00:00,207.29948,18.838184
2025-08-08 09:00:00+00:00,211.26367,17.688606
2025-08-08 10:00:00+00:00,212.06735,17.629894
2025-08-08 11:00:00+00:00,210.34317,17.10284
2025-08-08 12:00:00+00:00,205.09622,15.702356
2025-08-08 13:00:00+00:00,200.85454,12.134992
2025-08-08 14:00:00+00:00,203.78204,11.605464
2025-08-08 15:00:00+00:00,201.29742,11.39842
2025-08-08 16:00:00+00:00,195.75124,14.587776
2025-08-08 17:00:00+00:00,188.93948,16.21699
2025-08-08 18:00:00+00:00,198.85326,15.596767
2025-08-08 19:00:00+00:00,214.07724,14.77755
2025-08-08 20:00:00+00:00,215.77617,15.086748
2025-08-08 21:00:00+00:00,221.82008,13.767352
2025-08-08 22:00:00+00:00,224.4839,14.128566
2025-08-08 23:00:00+00:00,217.33327,13.356437
2025-08-09 00:00:00+00:00,205.8663,13.202726
2025-08-09 01:00:00+00:00,200.64706,13.272482
2025-08-09 02:00:00+00:00,202.72977,14.4415655
2025-08-09 03:00:00+00:00,202.67139,15.410776
2025-08-09 04:00:00+00:00,199.29015,15.256526
2025-08-09 05:00:00+00:00,199.32327,14.687382
2025-08-09 06:00:00+00:00,196.89873,14.861722
2025-08-09 07:00:00+00:00,197.31174,14.517644
2025-08-09 08:00:00+00:00,198.88618,14.458382
2025-08-09 09:00:00+00:00,205.27768,14.33234
2025-08-09 10:00:00+00:00,206.22191,13.443481
2025-08-09 11:00:00+00:00,207.97939,13.0447235
2025-08-09 12:00:00+00:00,214.85452,12.283599
2025-08-09 13:00:00+00:00,214.77791,7.889258
2025-08-09 14:00:00+00:00,224.9999,7.6367526
2025-08-09 15:00:00+00:00,211.60745,8.242743
2025-08-09 16:00:00+00:00,199.17911,8.766573
2025-08-09 17:00:00+00:00,208.14151,8.777654
2025-08-09 18:00:00+00:00,216.43095,9.396275
2025-08-09 19:00:00+00:00,202.93213,10.163227
2025-08-09 20:00:00+00:00,206.56499,14.48972
2025-08-09 21:00:00+00:00,224.01233,14.766584
2025-08-09 22:00:00+00:00,226.44406,15.15104
2025-08-09 23:00:00+00:00,220.15593,15.072783
2025-08-10 00:00:00+00:00,219.0194,13.437455
2025-08-10 01:00:00+00:00,209.53868,12.413477
2025-08-10 02:00:00+00:00,198.74144,10.644379
2025-08-10 03:00:00+00:00,199.70807,12.810386
2025-08-10 04:00:00+00:00,202.72977,14.4415655
2025-08-10 05:00:00+00:00,202.19034,14.7742605
2025-08-10 06:00:00+00:00,196.50444,15.206538
2025-08-10 07:00:00+00:00,192.45824,15.85329
2025-08-10 08:00:00+00:00,194.97292,16.024044
2025-08-10 09:00:00+00:00,196.89873,14.861722
2025-08-10 10:00:00+00:00,199.79897,14.348156
2025-08-10 11:00:00+00:00,208.24963,13.690653
2025-08-10 12:00:00+00:00,215.11209,14.082628
2025-08-10 13:00:00+00:00,215.78906,9.5416975
2025-08-10 14:00:00+00:00,213.9965,9.335737
2025-08-10 15:00:00+00:00,209.60435,9.109138
2025-08-10 16:00:00+00:00,212.39983,11.08572
2025-08-10 17:00:00+00:00,209.63829,12.011544
2025-08-10 18:00:00+00:00,190.82297,12.461669
2025-08-10 19:00:00+00:00,196.63103,14.465102
2025-08-10 20:00:00+00:00,222.7454,16.176983
2025-08-10 21:00:00+00:00,234.46223,15.484185
2025-08-10 22:00:00+00:00,232.69597,14.25641
2025-08-10 23:00:00+00:00,224.46461,13.619472
2025-08-11 00:00:00+00:00,217.74687,14.113652
2025-08-11 01:00:00+00:00,215.36255,13.684735
2025-08-11 02:00:00+00:00,205.2405,13.929953
2025-08-11 03:00:00+00:00,200.09532,15.716793
2025-08-11 04:00:00+00:00,202.6199,16.38
2025-08-11 05:00:00+00:00,204.08745,16.759342
2025-08-11 06:00:00+00:00,203.42871,17.655605
2025-08-11 07:00:00+00:00,207.08347,17.790886
2025-08-11 08:00:00+00:00,211.56892,17.534992
2025-08-11 09:00:00+00:00,211.37296,17.287498
2025-08-11 10:00:00+00:00,213.07068,18.472595
2025-08-11 11:00:00+00:00,215.46996,17.681278
2025-08-11 12:00:00+00:00,217.98355,16.671148
2025-08-11 13:00:00+00:00,217.66568,12.961249
2025-08-11 14:00:00+00:00,208.88649,11.923557
2025-08-11 15:00:00+00:00,207.38733,16.825909
2025-08-11 16:00:00+00:00,200.63763,14.810401
2025-08-11 17:00:00+00:00,199.20407,16.963984
2025-08-11 18:00:00+00:00,207.06102,18.595839
2025-08-11 19:00:00+00:00,211.13025,21.238474
2025-08-11 20:00:00+00:00,222.90474,20.887758
2025-08-11 21:00:00+00:00,224.59938,18.201374
2025-08-11 22:00:00+00:00,222.87889,17.194475
2025-08-11 23:00:00+00:00,211.52213,15.83693
2025-08-12 00:00:00+00:00,199.0257,16.56489
2025-08-12 01:00:00+00:00,200.55612,16.917128
2025-08-12 02:00:00+00:00,200.4329,19.592731
2025-08-12 03:00:00+00:00,204.10223,22.47983
2025-08-12 04:00:00+00:00,205.72556,21.978434
2025-08-12 05:00:00+00:00,203.6002,20.232191
2025-08-12 06:00:00+00:00,202.5796,19.689238
2025-08-12 07:00:00+00:00,204.49188,17.801807
2025-08-12 08:00:00+00:00,206.01672,16.824945
2025-08-12 09:00:00+00:00,205.16783,16.507088
2025-08-12 10:00:00+00:00,209.827,15.561414
2025-08-12 11:00:00+00:00,212.47118,16.42839
2025-08-12 12:00:00+00:00,210.60632,14.848635
2025-08-12 13:00:00+00:00,222.20723,10.4493065
2025-08-12 14:00:00+00:00,211.15924,9.044888
2025-08-12 15:00:00+00:00,202.03629,8.155807
2025-08-12 16:00:00+00:00,207.43964,10.546525
2025-08-12 17:00:00+00:00,199.76726,12.241323
2025-08-12 18:00:00+00:00,192.93806,13.666967
2025-08-12 19:00:00+00:00,204.86368,16.267857
2025-08-12 20:00:00+00:00,210.21124,16.454992
2025-08-12 21:00:00+00:00,216.46933,15.444377
2025-08-12 22:00:00+00:00,217.87505,14.366211
2025-08-12 23:00:00+00:00,220.84027,14.037692
2025-08-13 00:00:00+00:00,215.62799,13.287122
2025-08-13 01:00:00+00:00,204.36244,10.472536
2025-08-13 02:00:00+00:00,189.01924,11.481968
2025-08-13 03:00:00+00:00,183.17976,12.979984
2025-08-13 04:00:00+00:00,183.62141,14.248452
2025-08-13 05:00:00+00:00,185.7105,14.471821
2025-08-13 06:00:00+00:00,186.08844,13.576582
2025-08-13 07:00:00+00:00,187.90707,13.084402
2025-08-13 08:00:00+00:00,195.7087,11.966954
2025-08-13 09:00:00+00:00,206.13094,10.6261
2025-08-13 10:00:00+00:00,207.07199,9.096681
2025-08-13 11:00:00+00:00,197.78398,10.018743
2025-08-13 12:00:00+00:00,176.6336,15.3264475
2025-08-13 13:00:00+00:00,186.08844,13.576582
2025-08-13 14:00:00+00:00,181.68465,12.245294
2025-08-13 15:00:00+00:00,177.13765,10.813492
2025-08-13 16:00:00+00:00,175.07298,10.478722
2025-08-13 17:00:00+00:00,177.27374,11.35285
2025-08-13 18:00:00+00:00,180.0,10.62
2025-08-13 19:00:00+00:00,174.19337,10.674773
2025-08-13 20:00:00+00:00,180.0,10.62
2025-08-13 21:00:00+00:00,184.23631,9.746631
2025-08-13 22:00:00+00:00,185.90605,10.495713
2025-08-13 23:00:00+00:00,190.1246,10.239453
2025-08-14 00:00:00+00:00,187.59456,8.171683
2025-08-14 01:00:00+00:00,192.26476,8.473393
2025-08-14 02:00:00+00:00,185.7105,7.2359104
2025-08-14 03:00:00+00:00,185.7105,9.044888
2025-08-14 04:00:00+00:00,194.03627,8.163749
2025-08-14 05:00:00+00:00,193.17256,8.688613
2025-08-14 06:00:00+00:00,180.0,10.440001
2025-08-14 07:00:00+00:00,176.186,10.823973
2025-08-14 08:00:00+00:00,182.81549,10.993271
2025-08-14 09:00:00+00:00,183.23964,9.555271
2025-08-14 10:00:00+00:00,185.31445,7.7734165
2025-08-14 11:00:00+00:00,192.20045,6.8138976
2025-08-14 12:00:00+00:00,206.56499,6.037383
2025-08-14 13:00:00+00:00,173.15732,4.5322843
2025-08-14 14:00:00+00:00,171.57312,4.913044
2025-08-14 15:00:00+00:00,161.56496,7.968939
2025-08-14 16:00:00+00:00,163.8865,8.431228
2025-08-14 17:00:00+00:00,165.65063,7.989243
2025-08-14 18:00:00+00:00,163.41258,8.827343
2025-08-14 19:00:00+00:00,174.80566,7.9526596
2025-08-14 20:00:00+00:00,180.0,7.2
2025-08-14 21:00:00+00:00,185.35573,5.7852573
2025-08-14 22:00:00+00:00,190.3048,6.037383
2025-08-14 23:00:00+00:00,202.751,6.050785
2025-08-15 00:00:00+00:00,199.65392,5.3517847
2025-08-15 01:00:00+00:00,244.5367,4.186693
2025-08-15 02:00:00+00:00,2.8623457,3.604497
2025-08-15 03:00:00+00:00,267.5105,4.143911
2025-08-15 04:00:00+00:00,310.10083,4.471107
2025-08-15 05:00:00+00:00,332.5925,5.4744864
2025-08-15 06:00:00+00:00,350.53775,2.1897945
2025-08-15 07:00:00+00:00,15.945477,1.3104197
2025-08-15 08:00:00+00:00,351.87,1.2727921
2025-08-15 09:00:00+00:00,344.05453,3.9312592
2025-08-15 10:00:00+00:00,154.98314,2.97953
2025-08-15 11:00:00+00:00,176.53185,5.950899
2025-08-15 12:00:00+00:00,203.9625,7.0911775
2025-08-15 13:00:00+00:00,47.12111,3.4388947
2025-08-15 14:00:00+00:00,104.03627,2.226477
2025-08-15 15:00:00+00:00,187.12492,1.4512063
2025-08-15 16:00:00+00:00,128.65984,1.1525624
2025-08-15 17:00:00+00:00,116.56499,6.439876
2025-08-15 18:00:00+00:00,144.7275,9.039514
2025-08-15 19:00:00+00:00,172.09293,6.542201
2025-08-15 20:00:00+00:00,211.26367,5.896202
2025-08-15 21:00:00+00:00,219.20718,8.827344
2025-08-15 22:00:00+00:00,221.82008,9.178235
2025-08-15 23:00:00+00:00,225.85501,8.528657
2025-08-16 00:00:00+00:00,232.206,11.161451
2025-08-16 01:00:00+00:00,286.8585,6.206738
2025-08-16 02:00:00+00:00,328.39255,2.7475805
2025-08-16 03:00:00+00:00,270.0,2.8799999
2025-08-16 04:00:00+00:00,266.42374,2.8856194
2025-08-16 05:00:00+00:00,291.25058,3.4763772
2025-08-16 06:00:00+00:00,284.03625,2.226477
2025-08-16 07:00:00+00:00,273.17978,3.244996
2025-08-16 08:00:00+00:00,291.80148,3.8773184
2025-08-16 09:00:00+00:00,326.3099,6.489992
2025-08-16 10:00:00+00:00,29.475794,4.755544
2025-08-16 11:00:00+00:00,219.5881,12.145665
2025-08-16 12:00:00+00:00,198.79999,8.936777
2025-08-16 13:00:00+00:00,200.28264,8.827344
2025-08-16 14:00:00+00:00,207.21602,7.0843205
2025-08-16 15:00:00+00:00,213.36638,8.836514
2025-08-16 16:00:00+00:00,205.4633,8.373386
2025-08-16 17:00:00+00:00,201.10492,10.99769
2025-08-16 18:00:00+00:00,210.52963,8.149847
2025-08-16 19:00:00+00:00,207.1496,7.889259
2025-08-16 20:00:00+00:00,217.14677,7.4520864
2025-08-16 21:00:00+00:00,228.36655,6.502461
2025-08-16 22:00:00+00:00,228.94528,7.3997297
2025-08-16 23:00:00+00:00,220.76352,6.8919086
2025-08-17 00:00:00+00:00,221.00899,5.48631
2025-08-17 01:00:00+00:00,236.3099,4.542994
2025-08-17 02:00:00+00:00,223.60289,5.22
2025-08-17 03:00:00+00:00,209.7448,4.3536186
2025-08-17 04:00:00+00:00,202.8337,3.710795
2025-08-17 05:00:00+00:00,146.3099,3.244996
2025-08-17 06:00:00+00:00,106.96623,11.103243
2025-08-17 07:00:00+00:00,147.26479,5.991594
2025-08-17 08:00:00+00:00,149.03632,4.198285
2025-08-17 09:00:00+00:00,125.753975,5.5450516
2025-08-17 10:00:00+00:00,99.46225,5.4744864
2025-08-17 11:00:00+00:00,80.83774,5.6521144
2025-08-17 12:00:00+00:00,90.0,5.5799994
2025-08-17 13:00:00+00:00,72.18102,5.2939587
2025-08-17 14:00:00+00:00,118.1785,5.7176566
2025-08-17 15:00:00+00:00,115.277695,7.16617
2025-08-17 16:00:00+00:00,227.20262,6.623413
2025-08-17 17:00:00+00:00,355.7859,17.146357
2025-08-17 18:00:00+00:00,72.597206,12.638512
2025-08-17 19:00:00+00:00,90.0,7.2
2025-08-17 20:00:00+00:00,111.03758,7.5213294
2025-08-17 21:00:00+00:00,104.79681,9.867218
2025-08-17 22:00:00+00:00,117.216034,7.0843205
2025-08-17 23:00:00+00:00,115.820946,6.198903
2025-08-18 00:00:00+00:00,90.0,5.7599998
2025-08-18 01:00:00+00:00,31.328646,4.846648
2025-08-18 02:00:00+00:00,46.169064,6.2379804
2025-08-18 03:00:00+00:00,61.389645,4.510787
2025-08-18 04:00:00+00:00,70.640915,7.0591216
2025-08-18 05:00:00+00:00,95.28999,9.761578
2025-08-18 06:00:00+00:00,104.03627,9.6480665
2025-08-18 07:00:00+00:00,92.96088,10.453957
2025-08-18 08:00:00+00:00,90.0,10.62
2025-08-18 09:00:00+00:00,89.06083,10.981475
2025-08-18 10:00:00+00:00,88.31535,12.245294
2025-08-18 11:00:00+00:00,74.219185,8.604301
2025-08-18 12:00:00+00:00,66.19405,6.689125
2025-08-18 13:00:00+00:00,74.054535,7.8625183
2025-08-18 14:00:00+00:00,62.525658,10.144082
2025-08-18 15:00:00+00:00,94.57384,4.514377
2025-08-18 16:00:00+00:00,47.72637,2.6758924
2025-08-18 17:00:00+00:00,147.52882,2.3469129
2025-08-18 18:00:00+00:00,305.53775,4.6452556
2025-08-18 19:00:00+00:00,305.21768,3.745557
2025-08-18 20:00:00+00:00,348.6901,2.7534704
2025-08-18 21:00:00+00:00,105.25517,2.0523157
2025-08-18 22:00:00+00:00,10.304792,2.0124612
2025-08-18 23:00:00+00:00,353.29025,3.0811036
2025-08-19 00:00:00+00:00,340.0168,2.1068459
2025-08-19 01:00:00+00:00,316.14566,12.730467
2025-08-19 02:00:00+00:00,19.536749,5.920878
2025-08-19 03:00:00+00:00,64.91644,9.340941
2025-08-19 04:00:00+00:00,82.47627,9.6228485
2025-08-19 05:00:00+00:00,86.56644,9.016185
2025-08-19 06:00:00+00:00,85.91447,10.105681
2025-08-19 07:00:00+00:00,79.04598,11.367109
2025-08-19 08:00:00+00:00,75.52967,11.525623
2025-08-19 09:00:00+00:00,77.074,11.265469
2025-08-19 10:00:00+00:00,73.033775,11.103243
2025-08-19 11:00:00+00:00,61.69934,10.630672
2025-08-19 12:00:00+00:00,5.946777,8.6867485
2025-08-19 13:00:00+00:00,345.42575,9.299225
2025-08-19 14:00:00+00:00,339.04413,9.059205
2025-08-19 15:00:00+00:00,355.4623,11.375658
2025-08-19 16:00:00+00:00,14.036275,9.6480665
2025-08-19 17:00:00+00:00,18.824812,8.36758
2025-08-19 18:00:00+00:00,12.171442,9.391102
2025-08-19 19:00:00+00:00,21.037588,7.5213294
2025-08-19 20:00:00+00:00,135.83023,8.783189
2025-08-19 21:00:00+00:00,124.875404,7.2403865
2025-08-19 22:00:00+00:00,64.23073,5.7964473
2025-08-19 23:00:00+00:00,52.81522,6.552099
2025-08-20 00:00:00+00:00,80.960594,8.019601
2025-08-20 01:00:00+00:00,43.315353,8.65873
2025-08-20 02:00:00+00:00,44.090717,8.019601
2025-08-20 03:00:00+00:00,42.580452,9.044888
2025-08-20 04:00:00+00:00,52.045715,11.414043
2025-08-20 05:00:00+00:00,70.559875,12.979984
2025-08-20 06:00:00+00:00,69.70235,14.009968
2025-08-20 07:00:00+00:00,66.630875,15.882896
2025-08-20 08:00:00+00:00,65.50145,15.62686
2025-08-20 09:00:00+00:00,60.75127,15.472672
2025-08-20 10:00:00+00:00,57.30802,14.330079
2025-08-20 11:00:00+00:00,51.095856,13.184308
2025-08-20 12:00:00+00:00,83.34567,10.873252
2025-08-20 13:00:00+00:00,45.78474,9.292254
2025-08-20 14:00:00+00:00,59.300358,6.698806
2025-08-20 15:00:00+00:00,60.94549,7.4128532
2025-08-20 16:00:00+00:00,165.96373,7.42159
2025-08-20 17:00:00+00:00,213.02386,8.587338
2025-08-20 18:00:00+00:00,270.0,4.5
2025-08-20 19:00:00+00:00,284.03625,4.452954
2025-08-20 20:00:00+00:00,319.18503,5.2323985
2025-08-20 21:00:00+00:00,12.99463,2.4014995
2025-08-20 22:00:00+00:00,62.447273,4.669604
2025-08-20 23:00:00+00:00,38.290207,4.3573384
2025-08-21 00:00:00+00:00,62.354122,4.2671766
2025-08-21 01:00:00+00:00,71.564964,3.4152596
2025-08-21 02:00:00+00:00,93.814,5.4119864
2025-08-21 03:00:00+00:00,79.11452,4.7657523
2025-08-21 04:00:00+00:00,87.70944,4.503598
2025-08-21 05:00:00+00:00,91.90912,5.4029994
2025-08-21 06:00:00+00:00,94.76356,6.5024605
2025-08-21 07:00:00+00:00,95.85592,7.0568266
2025-08-21 08:00:00+00:00,79.79609,9.144637
2025-08-21 09:00:00+00:00,148.13406,15.683774
2025-08-21 10:00:00+00:00,185.52745,5.6060677
2025-08-21 11:00:00+00:00,203.80595,6.689125
2025-08-21 12:00:00+00:00,211.75943,4.4456716
2025-08-21 13:00:00+00:00,210.01828,9.354806
2025-08-21 14:00:00+00:00,221.18582,9.567131
2025-08-21 15:00:00+00:00,226.50737,9.67657
2025-08-21 16:00:00+00:00,229.28925,10.210936
2025-08-21 17:00:00+00:00,228.09415,9.432412
2025-08-21 18:00:00+00:00,225.76381,9.54679
2025-08-21 19:00:00+00:00,227.23119,9.807935
2025-08-21 20:00:00+00:00,223.60289,10.44
2025-08-21 21:00:00+00:00,222.82524,10.062305
2025-08-21 22:00:00+00:00,227.23119,9.807935
2025-08-21 23:00:00+00:00,229.76372,9.1958685
2025-08-22 00:00:00+00:00,224.9999,9.418662
2025-08-22 01:00:00+00:00,212.27562,8.0899935
2025-08-22 02:00:00+00:00,207.18103,7.4867883
2025-08-22 03:00:00+00:00,209.60435,9.109138
2025-08-22 04:00:00+00:00,209.0545,9.2660675
2025-08-22 05:00:00+00:00,210.61853,10.248941
2025-08-22 06:00:00+00:00,217.23491,11.304229
2025-08-22 07:00:00+00:00,218.04709,10.514218
2025-08-22 08:00:00+00:00,218.991,9.726664
2025-08-22 09:00:00+00:00,226.46873,9.931042
2025-08-22 10:00:00+00:00,230.57222,10.486448
2025-08-22 11:00:00+00:00,232.04572,11.414043
2025-08-22 12:00:00+00:00,229.04459,12.632101
2025-08-22 13:00:00+00:00,217.6943,10.009036
2025-08-22 14:00:00+00:00,209.62366,10.560341
2025-08-22 15:00:00+00:00,209.74478,10.158444
2025-08-22 16:00:00+00:00,205.06743,12.320471
2025-08-22 17:00:00+00:00,204.67685,14.658676
2025-08-22 18:00:00+00:00,208.61037,15.787753
2025-08-22 19:00:00+00:00,213.34073,16.375053
2025-08-22 20:00:00+00:00,218.26402,16.276815
2025-08-22 21:00:00+00:00,223.66785,16.423458
2025-08-22 22:00:00+00:00,219.15543,16.248924
2025-08-22 23:00:00+00:00,215.53777,15.484185
2025-08-23 00:00:00+00:00,213.6901,14.926983
2025-08-23 01:00:00+00:00,212.21652,15.531193
2025-08-23 02:00:00+00:00,211.87956,17.381886
2025-08-23 03:00:00+00:00,216.55972,19.944292
2025-08-23 04:00:00+00:00,220.47514,17.747124
2025-08-23 05:00:00+00:00,217.00261,15.552041
2025-08-23 06:00:00+00:00,211.80934,16.733225
2025-08-23 07:00:00+00:00,211.18492,15.990646
2025-08-23 08:00:00+00:00,204.55043,16.029099
2025-08-23 09:00:00+00:00,207.67198,16.666288
2025-08-23 10:00:00+00:00,214.9921,15.3802595
2025-08-23 11:00:00+00:00,221.93343,14.275713
2025-08-23 12:00:00+00:00,221.25691,13.647988
2025-08-23 13:00:00+00:00,218.85338,8.320986
2025-08-23 14:00:00+00:00,214.0194,8.6867485
2025-08-23 15:00:00+00:00,209.0545,9.2660675
2025-08-23 16:00:00+00:00,210.46547,10.650465
2025-08-23 17:00:00+00:00,168.38855,13.41453
2025-08-23 18:00:00+00:00,175.45204,15.890034
2025-08-23 19:00:00+00:00,187.28886,15.606114
2025-08-23 20:00:00+00:00,204.94388,17.072504
2025-08-23 21:00:00+00:00,216.86998,16.199999
2025-08-23 22:00:00+00:00,222.03899,14.784126
2025-08-23 23:00:00+00:00,230.80673,15.096411
2025-08-24 00:00:00+00:00,230.29013,13.8049555
2025-08-24 01:00:00+00:00,222.13753,10.195057
2025-08-24 02:00:00+00:00,211.60745,10.990322
2025-08-24 03:00:00+00:00,221.25691,13.647988
2025-08-24 04:00:00+00:00,223.85432,12.730467
2025-08-24 05:00:00+00:00,220.71075,10.210936
2025-08-24 06:00:00+00:00,210.96368,9.446141
2025-08-24 07:00:00+00:00,205.34613,7.5685663
2025-08-24 08:00:00+00:00,178.02512,5.223103
2025-08-24 09:00:00+00:00,165.2564,3.536439
2025-08-24 10:00:00+00:00,184.76355,2.1674871
2025-08-24 11:00:00+00:00,260.13425,4.2021422
2025-08-24 12:00:00+00:00,14.036275,1.484318
2025-08-24 13:00:00+00:00,102.09474,2.5772078
2025-08-24 14:00:00+00:00,53.61555,4.2481523
2025-08-24 15:00:00+00:00,70.253075,7.458606
2025-08-24 16:00:00+00:00,132.66266,12.483748
2025-08-24 17:00:00+00:00,164.82703,11.003581
2025-08-24 18:00:00+00:00,181.00507,10.261578
2025-08-24 19:00:00+00:00,213.43988,11.43248
2025-08-24 20:00:00+00:00,228.57643,12.242646
2025-08-24 21:00:00+00:00,240.78085,12.16832
2025-08-24 22:00:00+00:00,241.46011,11.679212
2025-08-24 23:00:00+00:00,248.19853,11.631956
2025-08-25 00:00:00+00:00,247.98866,9.12513
2025-08-25 01:00:00+00:00,120.96369,5.2478566
2025-08-25 02:00:00+00:00,202.4428,8.958504
2025-08-25 03:00:00+00:00,218.82983,9.473541
2025-08-25 04:00:00+00:00,229.82083,10.601679
2025-08-25 05:00:00+00:00,254.24875,7.293888
2025-08-25 06:00:00+00:00,264.14407,7.0568266
2025-08-25 07:00:00+00:00,273.9451,5.232399
2025-08-25 08:00:00+00:00,295.46332,4.186693
2025-08-25 09:00:00+00:00,304.15976,6.090812
2025-08-25 10:00:00+00:00,297.12122,8.29173
2025-08-25 11:00:00+00:00,283.82867,12.049249
2025-08-25 12:00:00+00:00,293.1986,5.4833565
2025-08-25 13:00:00+00:00,240.2552,8.707237
2025-08-25 14:00:00+00:00,230.44037,10.739832
2025-08-25 15:00:00+00:00,237.09476,10.934166
2025-08-25 16:00:00+00:00,229.39879,9.957108
2025-08-25 17:00:00+00:00,224.9999,11.200571
2025-08-25 18:00:00+00:00,225.69019,10.564941
2025-08-25 19:00:00+00:00,236.3099,9.085988
2025-08-25 20:00:00+00:00,245.65892,8.297589
2025-08-25 21:00:00+00:00,245.13632,8.133928
2025-08-25 22:00:00+00:00,244.48618,8.775807
2025-08-25 23:00:00+00:00,253.49556,10.137692
2025-08-26 00:00:00+00:00,224.9999,3.563818
2025-08-26 01:00:00+00:00,230.52757,11.892265
2025-08-26 02:00:00+00:00,233.13002,11.7
2025-08-26 03:00:00+00:00,231.07245,12.031756
2025-08-26 04:00:00+00:00,229.76372,12.261157
2025-08-26 05:00:00+00:00,250.9422,10.474082
2025-08-26 06:00:00+00:00,256.75946,9.430694
2025-08-26 07:00:00+00:00,258.23172,8.825508
2025-08-26 08:00:00+00:00,262.40546,8.171683
2025-08-26 09:00:00+00:00,261.41647,9.6480665
2025-08-26 10:00:00+00:00,295.14474,9.743304
2025-08-26 11:00:00+00:00,234.83348,9.688281
2025-08-26 12:00:00+00:00,242.52565,10.144082
2025-08-26 13:00:00+00:00,142.52374,6.804381
2025-08-26 14:00:00+00:00,165.14134,9.12513
2025-08-26 15:00:00+00:00,196.50444,10.137692
2025-08-26 16:00:00+00:00,214.18617,11.53265
2025-08-26 17:00:00+00:00,210.37904,12.10157
2025-08-26 18:00:00+00:00,217.03047,12.85205
2025-08-26 19:00:00+00:00,230.52757,11.892265
2025-08-26 20:00:00+00:00,234.6887,10.587918
2025-08-26 21:00:00+00:00,240.5929,11.364259
2025-08-26 22:00:00+00:00,235.2039,12.932471
2025-08-26 23:00:00+00:00,233.13002,10.799999
2025-08-27 00:00:00+00:00,224.34154,11.074023
2025-08-27 01:00:00+00:00,234.09018,12.88981
2025-08-27 02:00:00+00:00,227.1211,10.316686
2025-08-27 03:00:00+00:00,215.07384,10.337078
2025-08-27 04:00:00+00:00,210.11365,10.404249
2025-08-27 05:00:00+00:00,217.6943,10.009036
2025-08-27 06:00:00+00:00,232.22426,9.109138
2025-08-27 07:00:00+00:00,232.0012,7.3094187
2025-08-27 08:00:00+00:00,235.6196,4.143911
2025-08-27 09:00:00+00:00,242.44727,4.669604
2025-08-27 10:00:00+00:00,256.373,6.1120534
2025-08-27 11:00:00+00:00,268.727,8.101999
2025-08-27 12:00:00+00:00,263.9911,6.87779
2025-08-27 13:00:00+00:00,141.7098,4.3573384
2025-08-27 14:00:00+00:00,159.22766,5.5829024
2025-08-27 15:00:00+00:00,165.37909,12.835653
2025-08-27 16:00:00+00:00,176.56644,9.016185
2025-08-27 17:00:00+00:00,165.96373,8.163749
2025-08-27 18:00:00+00:00,165.61858,7.247096
2025-08-27 19:00:00+00:00,186.78888,7.613382
2025-08-27 20:00:00+00:00,223.02507,7.386582
2025-08-27 21:00:00+00:00,241.55717,9.826088
2025-08-27 22:00:00+00:00,243.01984,11.1090765
2025-08-27 23:00:00+00:00,247.249,12.10157
2025-08-28 00:00:00+00:00,248.3555,12.20023
2025-08-28 01:00:00+00:00,236.3099,12.330985
2025-08-28 02:00:00+00:00,234.92616,10.337078
2025-08-28 03:00:00+00:00,231.34018,10.373061
2025-08-28 04:00:00+00:00,234.21094,9.5416975
2025-08-28 05:00:00+00:00,234.7275,9.039514
2025-08-28 06:00:00+00:00,242.30061,8.131936
2025-08-28 07:00:00+00:00,256.373,6.1120534
2025-08-28 08:00:00+00:00,270.0,5.3999996
2025-08-28 09:00:00+00:00,292.16638,5.2478566
2025-08-28 10:00:00+00:00,301.60745,5.495161
2025-08-28 11:00:00+00:00,327.09476,7.289445
2025-08-28 12:00:00+00:00,345.3791,4.278551
2025-08-28 13:00:00+00:00,69.67678,5.1826253
2025-08-28 14:00:00+00:00,99.21095,6.7469993
2025-08-28 15:00:00+00:00,148.39255,8.242743
2025-08-28 16:00:00+00:00,155.63756,10.472536
2025-08-28 17:00:00+00:00,169.46088,7.8728137
2025-08-28 18:00:00+00:00,199.29015,7.628263
2025-08-28 19:00:00+00:00,220.73201,8.55142
2025-08-28 20:00:00+00:00,235.78424,10.883676
2025-08-28 21:00:00+00:00,240.36171,12.011544
2025-08-28 22:00:00+00:00,240.4613,12.413477
2025-08-28 23:00:00+00:00,235.2039,12.932471
2025-08-29 00:00:00+00:00,238.84076,9.044888
2025-08-29 01:00:00+00:00,222.7688,9.807935
2025-08-29 02:00:00+00:00,219.80553,9.840914
2025-08-29 03:00:00+00:00,212.54999,10.036512
2025-08-29 04:00:00+00:00,216.67444,10.548061
2025-08-29 05:00:00+00:00,221.98714,12.108261
2025-08-29 06:00:00+00:00,225.59058,12.346741
2025-08-29 07:00:00+00:00,227.95085,12.362475
2025-08-29 08:00:00+00:00,224.37048,11.583108
2025-08-29 09:00:00+00:00,228.27058,8.92408
2025-08-29 10:00:00+00:00,228.69148,7.9077177
2025-08-29 11:00:00+00:00,236.3099,6.489992
2025-08-29 12:00:00+00:00,239.53453,7.10031
2025-08-29 13:00:00+00:00,46.39711,5.22
2025-08-29 14:00:00+00:00,71.916466,9.278297
2025-08-29 15:00:00+00:00,120.96369,10.495713
2025-08-29 16:00:00+00:00,156.80138,10.966713
2025-08-29 17:00:00+00:00,178.02512,10.446206
2025-08-29 18:00:00+00:00,190.3048,10.062305
2025-08-29 19:00:00+00:00,201.25058,10.429132
2025-08-29 20:00:00+00:00,215.3113,10.587918
2025-08-29 21:00:00+00:00,226.5911,9.167638
2025-08-29 22:00:00+00:00,244.85524,9.743304
2025-08-29 23:00:00+00:00,241.64513,12.886039
2025-08-30 00:00:00+00:00,244.69865,10.950452
2025-08-30 01:00:00+00:00,240.64233,6.6087217
2025-08-30 02:00:00+00:00,244.35904,4.991553
2025-08-30 03:00:00+00:00,244.05775,7.406295
2025-08-30 04:00:00+00:00,235.56094,7.6388745
2025-08-30 05:00:00+00:00,220.60121,8.297589
2025-08-30 06:00:00+00:00,245.22488,10.30883
2025-08-30 07:00:00+00:00,270.93918,10.981475
2025-08-30 08:00:00+00:00,278.13,8.909545
2025-08-30 09:00:00+00:00,280.88547,9.531505
2025-08-30 10:00:00+00:00,245.22488,5.154415
2025-08-30 11:00:00+00:00,340.49747,9.165871
2025-08-30 12:00:00+00:00,5.8066354,10.674773
2025-08-30 13:00:00+00:00,39.805527,2.8116899
2025-08-30 14:00:00+00:00,84.71885,21.511318
2025-08-30 15:00:00+00:00,137.66306,10.957846
2025-08-30 16:00:00+00:00,197.90454,12.295462
2025-08-30 17:00:00+00:00,214.18617,11.53265
2025-08-30 18:00:00+00:00,228.91835,9.313152
2025-08-30 19:00:00+00:00,227.9109,7.519175
2025-08-30 20:00:00+00:00,237.52882,11.734564
2025-08-30 21:00:00+00:00,240.36171,12.011544
2025-08-30 22:00:00+00:00,243.43501,11.269782
2025-08-30 23:00:00+00:00,240.8658,12.570394
2025-08-31 00:00:00+00:00,255.14134,9.12513
2025-08-31 01:00:00+00:00,320.82635,6.269067
2025-08-31 02:00:00+00:00,19.653913,2.6758924
2025-08-31 03:00:00+00:00,351.72418,10.004178
2025-08-31 04:00:00+00:00,233.74606,3.3481934
2025-08-31 05:00:00+00:00,261.2539,4.73506
2025-08-31 06:00:00+00:00,253.44284,6.9480934
2025-08-31 07:00:00+00:00,278.61557,6.0077944
2025-08-31 08:00:00+00:00,198.43504,5.12289
2025-08-31 09:00:00+00:00,149.03632,6.297428
2025-08-31 10:00:00+00:00,190.6196,5.8603754
2025-08-31 11:00:00+00:00,189.24603,7.841888
2025-08-31 12:00:00+00:00,223.60289,5.22
2025-08-31 13:00:00+00:00,12.99463,2.4014995
2025-08-31 14:00:00+00:00,59.300358,6.698806
2025-08-31 15:00:00+00:00,88.78116,8.461914
2025-08-31 16:00:00+00:00,92.75243,18.741621
2025-08-31 17:00:00+00:00,118.5513,13.934605
2025-08-31 18:00:00+00:00,133.63614,10.694485
2025-08-31 19:00:00+00:00,153.43501,8.452336
2025-08-31 20:00:00+00:00,198.00426,7.570707
2025-08-31 21:00:00+00:00,238.67136,9.693296
2025-08-31 22:00:00+00:00,229.28925,10.210936
2025-08-31 23:00:00+00:00,221.18582,11.480557
2025-09-01 00:00:00+00:00,222.61401,12.229406
2025-09-01 01:00:00+00:00,235.22209,15.778516
2025-09-01 02:00:00+00:00,235.10922,16.67795
2025-09-01 03:00:00+00:00,235.22209,15.778516
2025-09-01 04:00:00+00:00,236.53459,12.730468
2025-09-01 05:00:00+00:00,238.10924,9.54
2025-09-01 06:00:00+00:00,261.87,5.0911684
2025-09-01 07:00:00+00:00,270.0,3.06
2025-09-01 08:00:00+00:00,231.34016,3.4576871
2025-09-01 09:00:00+00:00,227.29063,6.3690495
2025-09-01 10:00:00+00:00,234.0578,8.893166
2025-09-01 11:00:00+00:00,240.5242,9.511088
2025-09-01 12:00:00+00:00,244.02565,7.8087645
2025-09-01 13:00:00+00:00,198.43504,0.56920993
2025-09-01 14:00:00+00:00,111.801476,2.907989
2025-09-01 15:00:00+00:00,127.23492,5.6521144
2025-09-01 16:00:00+00:00,154.98314,5.95906
2025-09-01 17:00:00+00:00,188.32556,7.458606
2025-09-01 18:00:00+00:00,216.86998,9.9
2025-09-01 19:00:00+00:00,209.0545,1.8532133
2025-09-01 20:00:00+00:00,190.3048,2.0124612
2025-09-01 21:00:00+00:00,235.75092,10.234705
2025-09-01 22:00:00+00:00,233.97253,12.241323
2025-09-01 23:00:00+00:00,236.74562,13.130133
2025-09-02 00:00:00+00:00,233.47105,12.096214
2025-09-02 01:00:00+00:00,221.03525,12.886039
2025-09-02 02:00:00+00:00,215.62799,13.287122
2025-09-02 03:00:00+00:00,218.15727,12.819235
2025-09-02 04:00:00+00:00,222.79738,13.246826
2025-09-02 05:00:00+00:00,226.88817,11.5887
2025-09-02 06:00:00+00:00,220.426,6.384293
2025-09-02 07:00:00+00:00,221.63345,4.3349743
2025-09-02 08:00:00+00:00,228.36655,4.3349743
2025-09-02 09:00:00+00:00,238.67136,4.846648
2025-09-02 10:00:00+00:00,233.74606,6.696387
2025-09-02 11:00:00+00:00,224.9999,5.6002855
2025-09-02 12:00:00+00:00,210.0685,3.9518096
2025-09-02 13:00:00+00:00,223.02507,3.693291
2025-09-02 14:00:00+00:00,175.76369,4.8733153
2025-09-02 15:00:00+00:00,168.40785,7.1661706
2025-09-02 16:00:00+00:00,175.81517,7.3997297
2025-09-02 17:00:00+00:00,173.79665,8.32877
2025-09-02 18:00:00+00:00,151.63104,10.228373
2025-09-02 19:00:00+00:00,167.00539,9.605998
2025-09-02 20:00:00+00:00,190.84026,8.613709
2025-09-02 21:00:00+00:00,195.78082,8.604301
2025-09-02 22:00:00+00:00,201.80147,8.723967
2025-09-02 23:00:00+00:00,235.37578,9.187056
2025-09-03 00:00:00+00:00,233.13002,8.099999
2025-09-03 01:00:00+00:00,237.35538,13.681184
2025-09-03 02:00:00+00:00,235.24402,10.735306
2025-09-03 03:00:00+00:00,241.76265,11.032987
2025-09-03 04:00:00+00:00,237.09476,10.934166
2025-09-03 05:00:00+00:00,237.77127,9.7880945
2025-09-03 06:00:00+00:00,249.90468,7.8583965
2025-09-03 07:00:00+00:00,264.80566,5.9644947
2025-09-03 08:00:00+00:00,298.0724,3.06
2025-09-03 09:00:00+00:00,324.46225,3.096837
2025-09-03 10:00:00+00:00,333.43503,4.829907
2025-09-03 11:00:00+00:00,341.56494,5.6920996
2025-09-03 12:00:00+00:00,343.8107,5.8104043
2025-09-03 13:00:00+00:00,16.144413,7.1208143
2025-09-03 14:00:00+00:00,28.610369,6.76618
2025-09-03 15:00:00+00:00,58.240574,4.4456716
2025-09-03 16:00:00+00:00,63.435013,4.4274144
2025-09-03 17:00:00+00:00,82.64771,5.6262593
2025-09-03 18:00:00+00:00,151.92761,9.179999
2025-09-03 19:00:00+00:00,206.56499,9.257321
2025-09-03 20:00:00+00:00,214.69522,8.53815
2025-09-03 21:00:00+00:00,237.0306,7.9383874
2025-09-03 22:00:00+00:00,263.29025,6.162207
2025-09-03 23:00:00+00:00,288.43503,6.2613096
2025-09-04 00:00:00+00:00,307.99878,7.3094187
2025-09-04 01:00:00+00:00,358.4926,6.8423676
2025-09-04 02:00:00+00:00,353.82993,6.698806
2025-09-04 03:00:00+00:00,14.036275,5.937272
2025-09-04 04:00:00+00:00,26.564985,8.854829
2025-09-04 05:00:00+00:00,34.69522,14.230248
2025-09-04 06:00:00+00:00,38.047092,15.771329
2025-09-04 07:00:00+00:00,31.304071,15.589497
2025-09-04 08:00:00+00:00,26.564985,15.697197
2025-09-04 09:00:00+00:00,22.671383,15.410776
2025-09-04 10:00:00+00:00,18.00426,15.141414
2025-09-04 11:00:00+00:00,13.861053,14.275713
2025-09-04 12:00:00+00:00,11.481962,11.755254
2025-09-04 13:00:00+00:00,30.699654,6.698806
2025-09-04 14:00:00+00:00,47.862484,5.0975285
2025-09-04 15:00:00+00:00,22.249071,4.278551
2025-09-04 16:00:00+00:00,39.289394,5.1165614
2025-09-04 17:00:00+00:00,70.346085,5.3517847
2025-09-04 18:00:00+00:00,74.931465,4.8466477
2025-09-04 19:00:00+00:00,61.55718,4.913044
2025-09-04 20:00:00+00:00,31.75944,4.4456716
2025-09-04 21:00:00+00:00,360.0,6.66
2025-09-04 22:00:00+00:00,11.888645,6.9899354
2025-09-04 23:00:00+00:00,15.524177,6.725354
2025-09-05 00:00:00+00:00,21.25058,6.9527545
2025-09-05 01:00:00+00:00,40.030197,5.876938
2025-09-05 02:00:00+00:00,42.27363,5.3517847
2025-09-05 03:00:00+00:00,25.016869,5.95906
2025-09-05 04:00:00+00:00,30.1413,6.452441
2025-09-05 05:00:00+00:00,34.019398,8.6867485
2025-09-05 06:00:00+00:00,32.106224,10.837435
2025-09-05 07:00:00+00:00,25.709915,10.787993
2025-09-05 08:00:00+00:00,22.96381,11.534054
2025-09-05 09:00:00+00:00,20.353325,11.903159
2025-09-05 10:00:00+00:00,14.875732,11.91948
2025-09-05 11:00:00+00:00,8.365798,12.371645
2025-09-05 12:00:00+00:00,10.459866,11.897714
2025-09-05 13:00:00+00:00,10.539137,7.8728137
2025-09-05 14:00:00+00:00,32.005356,6.792466
2025-09-05 15:00:00+00:00,38.65983,6.9153743
2025-09-05 16:00:00+00:00,47.489597,8.790563
2025-09-05 17:00:00+00:00,75.96373,8.163749
2025-09-05 18:00:00+00:00,74.47583,6.725354
2025-09-05 19:00:00+00:00,52.124958,6.156947
2025-09-05 20:00:00+00:00,24.567156,6.9270773
2025-09-05 21:00:00+00:00,29.744795,7.256032
2025-09-05 22:00:00+00:00,25.942251,7.406295
2025-09-05 23:00:00+00:00,20.282646,8.827344
2025-09-06 00:00:00+00:00,30.579157,9.19939
2025-09-06 01:00:00+00:00,11.093693,9.354806
2025-09-06 02:00:00+00:00,23.070442,10.564942
2025-09-06 03:00:00+00:00,23.629398,12.57426
2025-09-06 04:00:00+00:00,27.928892,16.909464
2025-09-06 05:00:00+00:00,28.033764,15.702356
2025-09-06 06:00:00+00:00,37.042564,23.904108
2025-09-06 07:00:00+00:00,20.556128,16.917128
2025-09-06 08:00:00+00:00,14.553621,19.340576
2025-09-06 09:00:00+00:00,16.081726,20.793701
2025-09-06 10:00:00+00:00,19.21987,20.778112
2025-09-06 11:00:00+00:00,28.705854,17.238699
2025-09-06 12:00:00+00:00,66.70542,14.1102085
2025-09-06 13:00:00+00:00,5.3766203,15.367616
2025-09-06 14:00:00+00:00,21.801476,10.662626
2025-09-06 15:00:00+00:00,21.960619,12.033103
2025-09-06 16:00:00+00:00,28.354864,12.886039
2025-09-06 17:00:00+00:00,23.198618,10.966713
2025-09-06 18:00:00+00:00,27.645891,12.801531
2025-09-06 19:00:00+00:00,32.471172,14.081477
2025-09-06 20:00:00+00:00,23.8865,13.78029
2025-09-06 21:00:00+00:00,20.136398,11.503113
2025-09-06 22:00:00+00:00,16.313938,15.379206
2025-09-06 23:00:00+00:00,22.380184,16.546299
2025-09-07 00:00:00+00:00,25.489162,17.149193
2025-09-07 01:00:00+00:00,39.173653,12.538134
2025-09-07 02:00:00+00:00,43.058525,15.027575
2025-09-07 03:00:00+00:00,30.256361,12.503199
2025-09-07 04:00:00+00:00,36.076107,15.589497
2025-09-07 05:00:00+00:00,44.15757,17.311846
2025-09-07 06:00:00+00:00,47.090168,17.448862
2025-09-07 07:00:00+00:00,47.254597,16.176983
2025-09-07 08:00:00+00:00,50.194473,15.4642935
2025-09-07 09:00:00+00:00,45.516098,14.128566
2025-09-07 10:00:00+00:00,28.610369,11.276968
2025-09-07 11:00:00+00:00,13.431052,12.399112
2025-09-07 12:00:00+00:00,15.524177,13.450708
2025-09-07 13:00:00+00:00,17.281584,8.482947
2025-09-07 14:00:00+00:00,41.63345,13.004922
2025-09-07 15:00:00+00:00,42.380398,19.494091
2025-09-07 16:00:00+00:00,48.633053,16.069473
2025-09-07 17:00:00+00:00,53.79046,12.492829
2025-09-07 18:00:00+00:00,43.667847,10.948973
2025-09-07 19:00:00+00:00,48.503635,12.496718
2025-09-07 20:00:00+00:00,60.439743,13.864674
2025-09-07 21:00:00+00:00,66.50142,13.543131
2025-09-07 22:00:00+00:00,70.70986,15.256526
2025-09-07 23:00:00+00:00,64.72231,14.33234
2025-09-08 00:00:00+00:00,77.00539,14.408997
2025-09-08 01:00:00+00:00,60.75127,15.472672
2025-09-08 02:00:00+00:00,70.62577,17.363237
2025-09-08 03:00:00+00:00,82.528534,22.148045
2025-09-08 04:00:00+00:00,88.23765,23.411074
2025-09-08 05:00:00+00:00,102.200455,27.25559
2025-09-08 06:00:00+00:00,104.03627,25.233406
2025-09-08 07:00:00+00:00,108.81617,25.671938
2025-09-08 08:00:00+00:00,98.81283,23.497412
2025-09-08 09:00:00+00:00,104.743614,24.755072
2025-09-08 10:00:00+00:00,108.56042,26.012957
2025-09-08 11:00:00+00:00,114.92845,28.185953
2025-09-08 12:00:00+00:00,108.43504,21.06077
2025-09-08 13:00:00+00:00,113.749504,19.66536
2025-09-08 14:00:00+00:00,109.34443,17.932371
2025-09-08 15:00:00+00:00,109.133736,18.671474
2025-09-08 16:00:00+00:00,111.39296,18.751991
2025-09-08 17:00:00+00:00,109.40607,16.794106
2025-09-08 18:00:00+00:00,124.019394,17.373497
2025-09-08 19:00:00+00:00,128.26404,16.276815
2025-09-08 20:00:00+00:00,127.14677,14.904173
2025-09-08 21:00:00+00:00,127.30403,14.25641
2025-09-08 22:00:00+00:00,126.57312,13.896187
2025-09-08 23:00:00+00:00,119.83545,14.110209
2025-09-09 00:00:00+00:00,119.4758,14.266632
2025-09-09 01:00:00+00:00,121.097244,13.243156
2025-09-09 02:00:00+00:00,123.6901,12.979984
2025-09-09 03:00:00+00:00,131.42357,16.323528
2025-09-09 04:00:00+00:00,148.62704,17.287498
2025-09-09 05:00:00+00:00,156.97447,15.646544
2025-09-09 06:00:00+00:00,155.55606,15.224637
2025-09-09 07:00:00+00:00,153.43501,15.2947035
2025-09-09 08:00:00+00:00,155.82089,19.33639
2025-09-09 09:00:00+00:00,168.5305,12.673074
2025-09-09 10:00:00+00:00,173.21112,15.226764
2025-09-09 11:00:00+00:00,192.75752,9.781473
2025-09-09 12:00:00+00:00,187.96953,9.087772
2025-09-09 13:00:00+00:00,180.0,5.7599998
2025-09-09 14:00:00+00:00,182.86235,7.208994
2025-09-09 15:00:00+00:00,207.64589,8.534353
2025-09-09 16:00:00+00:00,203.6294,6.28713
2025-09-09 17:00:00+00:00,187.90707,6.542201
2025-09-09 18:00:00+00:00,175.81517,7.3997297
2025-09-09 19:00:00+00:00,184.96965,8.311245
2025-09-09 20:00:00+00:00,191.82146,7.9077177
2025-09-09 21:00:00+00:00,189.21095,6.7469993
2025-09-09 22:00:00+00:00,191.6336,6.2483597
2025-09-09 23:00:00+00:00,188.74608,7.102591
2025-09-10 00:00:00+00:00,188.97255,6.924738
2025-09-10 01:00:00+00:00,195.52417,6.725354
2025-09-10 02:00:00+00:00,198.43504,6.830519
2025-09-10 03:00:00+00:00,211.42952,7.5942082
2025-09-10 04:00:00+00:00,218.65984,12.678185
2025-09-10 05:00:00+00:00,216.25392,13.392774
2025-09-10 06:00:00+00:00,217.18478,13.104198
2025-09-10 07:00:00+00:00,214.54843,13.33094
2025-09-10 08:00:00+00:00,217.03047,12.85205
2025-09-10 09:00:00+00:00,218.92755,12.031756
2025-09-10 10:00:00+00:00,222.45515,11.466438
2025-09-10 11:00:00+00:00,226.33215,10.948973
2025-09-10 12:00:00+00:00,232.76509,11.304229
2025-09-10 13:00:00+00:00,231.84273,12.819235
2025-09-10 14:00:00+00:00,233.13002,12.599998
2025-09-10 15:00:00+00:00,223.72705,11.457958
2025-09-10 16:00:00+00:00,223.11183,11.5887
2025-09-10 17:00:00+00:00,222.39738,11.212135
2025-09-10 18:00:00+00:00,218.92755,12.031756
2025-09-10 19:00:00+00:00,221.63345,13.004922
2025-09-10 20:00:00+00:00,223.97707,14.2575445
2025-09-10 21:00:00+00:00,224.49303,14.383114
2025-09-10 22:00:00+00:00,228.06656,14.275713
2025-09-10 23:00:00+00:00,227.04541,14.264361
2025-09-11 00:00:00+00:00,226.57649,13.878688
2025-09-11 01:00:00+00:00,226.60596,13.624228
2025-09-11 02:00:00+00:00,222.56331,11.975074
2025-09-11 03:00:00+00:00,222.594,15.159589
2025-09-11 04:00:00+00:00,221.68213,17.594023
2025-09-11 05:00:00+00:00,219.5226,18.668005
2025-09-11 06:00:00+00:00,217.30403,19.008545
2025-09-11 07:00:00+00:00,216.36296,20.340796
2025-09-11 08:00:00+00:00,216.67444,21.096123
2025-09-11 09:00:00+00:00,215.36255,20.527103
2025-09-11 10:00:00+00:00,216.10754,18.937675
2025-09-11 11:00:00+00:00,221.0274,18.372349
2025-09-11 12:00:00+00:00,225.4814,15.146761
2025-09-11 13:00:00+00:00,222.5104,11.720751
2025-09-11 14:00:00+00:00,218.51695,11.272657
2025-09-11 15:00:00+00:00,208.53989,11.679212
2025-09-11 16:00:00+00:00,210.82759,12.996199
2025-09-11 17:00:00+00:00,208.49554,14.336861
2025-09-11 18:00:00+00:00,207.79034,15.056652
2025-09-11 19:00:00+00:00,210.73541,15.496736
2025-09-11 20:00:00+00:00,217.01076,14.652045
2025-09-11 21:00:00+00:00,218.991,14.589996
2025-09-11 22:00:00+00:00,219.44002,14.450535
2025-09-11 23:00:00+00:00,215.11209,14.082628
2025-09-12 00:00:00+00:00,212.08215,14.233664
2025-09-12 01:00:00+00:00,212.36661,15.130711
2025-09-12 02:00:00+00:00,212.90524,14.57889
2025-09-12 03:00:00+00:00,214.0194,17.373497
2025-09-12 04:00:00+00:00,212.90524,18.22361
2025-09-12 05:00:00+00:00,216.1933,18.289274
2025-09-12 06:00:00+00:00,217.10432,17.604149
2025-09-12 07:00:00+00:00,217.34943,17.208603
2025-09-12 08:00:00+00:00,216.11943,16.489416
2025-09-12 09:00:00+00:00,219.72606,16.616642
2025-09-12 10:00:00+00:00,222.70937,15.922626
2025-09-12 11:00:00+00:00,226.8476,15.7908325
2025-09-12 12:00:00+00:00,230.49236,13.298089
2025-09-12 13:00:00+00:00,228.62158,10.075177
2025-09-12 14:00:00+00:00,228.17992,9.178235
2025-09-12 15:00:00+00:00,217.97166,9.361731
2025-09-12 16:00:00+00:00,208.85556,10.070353
2025-09-12 17:00:00+00:00,208.1785,11.435313
2025-09-12 18:00:00+00:00,208.88649,11.923557
2025-09-12 19:00:00+00:00,213.46541,12.730468
2025-09-12 20:00:00+00:00,217.18478,13.104198
2025-09-12 21:00:00+00:00,221.03525,12.886039
2025-09-12 22:00:00+00:00,223.75471,11.712454
2025-09-12 23:00:00+00:00,221.00899,10.97262
2025-09-13 00:00:00+00:00,213.147,10.534229
2025-09-13 01:00:00+00:00,214.641,12.033103
2025-09-13 02:00:00+00:00,212.61923,10.685391
2025-09-13 03:00:00+00:00,211.82741,12.287555
2025-09-13 04:00:00+00:00,206.21132,13.040997
2025-09-13 05:00:00+00:00,206.90602,13.523978
2025-09-13 06:00:00+00:00,212.86867,13.929953
2025-09-13 07:00:00+00:00,214.11452,13.479583
2025-09-13 08:00:00+00:00,216.57312,13.896187
2025-09-13 09:00:00+00:00,220.19197,13.666967
2025-09-13 10:00:00+00:00,221.18584,13.393983
2025-09-13 11:00:00+00:00,222.75424,12.992459
2025-09-13 12:00:00+00:00,227.29063,12.738099
2025-09-13 13:00:00+00:00,232.69597,9.504272
2025-09-13 14:00:00+00:00,226.50737,9.67657
2025-09-13 15:00:00+00:00,217.30403,9.504272
2025-09-13 16:00:00+00:00,210.34317,8.55142
2025-09-13 17:00:00+00:00,207.03078,9.901636
2025-09-13 18:00:00+00:00,211.1224,11.144021
2025-09-13 19:00:00+00:00,213.45334,12.081473
2025-09-13 20:00:00+00:00,213.6901,12.979984
2025-09-13 21:00:00+00:00,215.90982,12.88981
2025-09-13 22:00:00+00:00,226.2188,11.966954
2025-09-13 23:00:00+00:00,226.30188,11.203464
2025-09-14 00:00:00+00:00,215.3113,10.587918
2025-09-14 01:00:00+00:00,206.99576,10.706596
2025-09-14 02:00:00+00:00,202.6199,9.360001
2025-09-14 03:00:00+00:00,197.81898,10.587917
2025-09-14 04:00:00+00:00,202.47948,11.298495
2025-09-14 05:00:00+00:00,205.8663,13.202726
2025-09-14 06:00:00+00:00,208.72023,14.98331
2025-09-14 07:00:00+00:00,209.827,15.561414
2025-09-14 08:00:00+00:00,212.57405,15.379206
2025-09-14 09:00:00+00:00,216.73291,15.048042
2025-09-14 10:00:00+00:00,218.991,14.589996
2025-09-14 11:00:00+00:00,222.91743,14.009968
2025-09-14 12:00:00+00:00,222.16582,12.870944
2025-09-14 13:00:00+00:00,216.68982,11.448055
2025-09-14 14:00:00+00:00,209.74478,13.060857
2025-09-14 15:00:00+00:00,210.96368,13.644427
2025-09-14 16:00:00+00:00,208.67305,13.130133
2025-09-14 17:00:00+00:00,208.7397,12.7279215
2025-09-14 18:00:00+00:00,213.02388,12.881008
2025-09-14 19:00:00+00:00,212.47118,11.734564
2025-09-14 20:00:00+00:00,215.25644,12.785069
2025-09-14 21:00:00+00:00,220.76352,13.783817
2025-09-14 22:00:00+00:00,221.25691,13.647988
2025-09-14 23:00:00+00:00,217.33327,13.356437
2025-09-15 00:00:00+00:00,210.81564,11.9466305
2025-09-15 01:00:00+00:00,206.56499,11.269782
2025-09-15 02:00:00+00:00,203.6821,11.203464
2025-09-15 03:00:00+00:00,206.56499,16.50218
2025-09-15 04:00:00+00:00,202.6199,16.38
2025-09-15 05:00:00+00:00,203.27898,16.851885
2025-09-15 06:00:00+00:00,204.39372,16.997377
2025-09-15 07:00:00+00:00,204.69154,17.23588
2025-09-15 08:00:00+00:00,209.22795,17.325874
2025-09-15 09:00:00+00:00,213.17851,16.774803
2025-09-15 10:00:00+00:00,218.65984,16.135872
2025-09-15 11:00:00+00:00,218.86778,15.489414
2025-09-15 12:00:00+00:00,217.94221,13.466357
2025-09-15 13:00:00+00:00,214.641,12.033103
2025-09-15 14:00:00+00:00,206.56499,12.879752
2025-09-15 15:00:00+00:00,194.03627,11.132385
2025-09-15 16:00:00+00:00,196.38962,12.758432
2025-09-15 17:00:00+00:00,202.6806,13.070776
2025-09-15 18:00:00+00:00,209.44533,12.815443
2025-09-15 19:00:00+00:00,215.80344,13.538345
2025-09-15 20:00:00+00:00,217.16455,14.004185
2025-09-15 21:00:00+00:00,221.112,13.14
2025-09-15 22:00:00+00:00,220.60121,13.276144
2025-09-15 23:00:00+00:00,218.41809,13.324863
2025-09-16 00:00:00+00:00,205.2011,13.527572
2025-09-16 01:00:00+00:00,193.86105,14.275713
2025-09-16 02:00:00+00:00,183.53223,14.607751
2025-09-16 03:00:00+00:00,189.68872,14.973576
2025-09-16 04:00:00+00:00,198.63467,16.336426
2025-09-16 05:00:00+00:00,199.92567,15.316933
2025-09-16 06:00:00+00:00,199.55835,14.517644
2025-09-16 07:00:00+00:00,202.06795,14.372974
2025-09-16 08:00:00+00:00,205.61543,14.572221
2025-09-16 09:00:00+00:00,211.32863,14.539945
2025-09-16 10:00:00+00:00,213.887,14.527683
2025-09-16 11:00:00+00:00,215.70677,14.186923
2025-09-16 12:00:00+00:00,215.80344,13.538345
2025-09-16 13:00:00+00:00,222.43619,8.536252
2025-09-16 14:00:00+00:00,213.6901,9.085988
2025-09-16 15:00:00+00:00,198.43504,7.968939
2025-09-16 16:00:00+00:00,190.3048,10.062305
2025-09-16 17:00:00+00:00,186.91113,11.966953
2025-09-16 18:00:00+00:00,202.28563,11.866355
2025-09-16 19:00:00+00:00,210.51016,11.7
2025-09-16 20:00:00+00:00,214.91948,11.634741
2025-09-16 21:00:00+00:00,219.5881,12.145665
2025-09-16 22:00:00+00:00,221.71066,11.091564
2025-09-16 23:00:00+00:00,219.93633,10.094454
2025-09-17 00:00:00+00:00,206.56499,8.452336
2025-09-17 01:00:00+00:00,202.01134,9.12513
2025-09-17 02:00:00+00:00,199.88525,8.996398
2025-09-17 03:00:00+00:00,193.24052,9.430694
2025-09-17 04:00:00+00:00,191.72508,9.743305
2025-09-17 05:00:00+00:00,198.43504,10.24578
2025-09-17 06:00:00+00:00,203.45905,10.399576
2025-09-17 07:00:00+00:00,205.7099,10.787993
2025-09-17 08:00:00+00:00,212.61923,10.685391
2025-09-17 09:00:00+00:00,215.65541,10.1902895
2025-09-17 10:00:00+00:00,228.44748,10.583326
2025-09-17 11:00:00+00:00,226.43204,10.185519
2025-09-17 12:00:00+00:00,215.9422,8.893166
2025-09-17 13:00:00+00:00,224.16977,8.783189
2025-09-17 14:00:00+00:00,209.14798,10.717182
2025-09-17 15:00:00+00:00,208.30066,10.630672
2025-09-17 16:00:00+00:00,214.75598,10.735306
2025-09-17 17:00:00+00:00,206.14677,11.028581
2025-09-17 18:00:00+00:00,199.83221,11.672275
2025-09-17 19:00:00+00:00,204.71742,12.483749
2025-09-17 20:00:00+00:00,215.25644,12.785069
2025-09-17 21:00:00+00:00,225.61598,11.837651
2025-09-17 22:00:00+00:00,229.18501,10.464797
2025-09-17 23:00:00+00:00,227.86247,10.195057
2025-09-18 00:00:00+00:00,231.84273,12.819235
2025-09-18 01:00:00+00:00,235.08052,11.634741
2025-09-18 02:00:00+00:00,231.51978,8.967541
2025-09-18 03:00:00+00:00,219.64413,8.181589
2025-09-18 04:00:00+00:00,215.88223,10.441551
2025-09-18 05:00:00+00:00,203.31773,11.368535
2025-09-18 06:00:00+00:00,199.76726,12.241323
2025-09-18 07:00:00+00:00,199.76726,12.241323
2025-09-18 08:00:00+00:00,200.85454,12.134992
2025-09-18 09:00:00+00:00,205.06743,12.320471
2025-09-18 10:00:00+00:00,212.82854,13.281023
2025-09-18 11:00:00+00:00,219.69904,12.399113
2025-09-18 12:00:00+00:00,222.27362,10.703569
2025-09-18 13:00:00+00:00,216.11943,8.244708
2025-09-18 14:00:00+00:00,206.05344,9.016185
2025-09-18 15:00:00+00:00,197.41806,9.621163
2025-09-18 16:00:00+00:00,196.09088,9.741642
2025-09-18 17:00:00+00:00,199.09358,9.904906
2025-09-18 18:00:00+00:00,199.0578,10.474082
2025-09-18 19:00:00+00:00,210.11365,10.404249
2025-09-18 20:00:00+00:00,215.07384,10.337078
2025-09-18 21:00:00+00:00,213.9766,9.984729
2025-09-18 22:00:00+00:00,209.8759,9.7565975
2025-09-18 23:00:00+00:00,216.08516,13.1412325
2025-09-19 00:00:00+00:00,216.86998,10.799999
2025-09-19 01:00:00+00:00,213.6901,10.383987
2025-09-19 02:00:00+00:00,212.79953,9.636307
2025-09-19 03:00:00+00:00,206.56499,9.659814
2025-09-19 04:00:00+00:00,208.07239,12.24
2025-09-19 05:00:00+00:00,201.66602,14.138882
2025-09-19 06:00:00+00:00,201.28648,14.874796
2025-09-19 07:00:00+00:00,206.56499,14.087229
2025-09-19 08:00:00+00:00,209.95352,12.257194
2025-09-19 09:00:00+00:00,216.09837,10.692969
2025-09-19 10:00:00+00:00,227.86247,10.195057
2025-09-19 11:00:00+00:00,234.21094,9.5416975
2025-09-19 12:00:00+00:00,228.94528,7.3997297
2025-09-19 13:00:00+00:00,237.26477,5.991594
2025-09-19 14:00:00+00:00,212.00534,8.490582
2025-09-19 15:00:00+00:00,202.1664,10.495713
2025-09-19 16:00:00+00:00,202.5431,10.32924
2025-09-19 17:00:00+00:00,206.56499,10.062305
2025-09-19 18:00:00+00:00,222.5104,11.720751
2025-09-19 19:00:00+00:00,239.5743,13.151091
2025-09-19 20:00:00+00:00,237.72438,12.13499
2025-09-19 21:00:00+00:00,239.03632,11.545284
2025-09-19 22:00:00+00:00,235.0079,10.9859
2025-09-19 23:00:00+00:00,234.78232,11.236671
2025-09-20 00:00:00+00:00,228.07755,11.854062
2025-09-20 01:00:00+00:00,220.39983,11.1090765
2025-09-20 02:00:00+00:00,207.01259,10.304114
2025-09-20 03:00:00+00:00,200.69553,8.65873
2025-09-20 04:00:00+00:00,211.15924,9.044888
2025-09-20 05:00:00+00:00,211.29298,10.742848
2025-09-20 06:00:00+00:00,209.53868,12.413477
2025-09-20 07:00:00+00:00,211.92084,12.936228
2025-09-20 08:00:00+00:00,214.3804,12.431733
2025-09-20 09:00:00+00:00,219.09386,11.132385
2025-09-20 10:00:00+00:00,222.7688,9.807935
2025-09-20 11:00:00+00:00,227.56381,8.536252
2025-09-20 12:00:00+00:00,226.16905,6.2379804
2025-09-20 13:00:00+00:00,208.8107,8.217153
2025-09-20 14:00:00+00:00,203.33406,9.997699
2025-09-20 15:00:00+00:00,204.51962,11.276967
2025-09-20 16:00:00+00:00,210.19153,11.453715
2025-09-20 17:00:00+00:00,211.23915,12.841963
2025-09-20 18:00:00+00:00,214.34616,13.0806875
2025-09-20 19:00:00+00:00,223.83095,12.475961
2025-09-20 20:00:00+00:00,232.66673,13.356437
2025-09-20 21:00:00+00:00,234.09018,12.88981
2025-09-20 22:00:00+00:00,235.14546,12.283599
2025-09-20 23:00:00+00:00,233.13002,11.7
2025-09-21 00:00:00+00:00,229.39879,11.616626
2025-09-21 01:00:00+00:00,223.7812,11.966954
2025-09-21 02:00:00+00:00,218.10762,11.666721
2025-09-21 03:00:00+00:00,214.9921,10.9859
2025-09-21 04:00:00+00:00,216.86998,11.7
2025-09-21 05:00:00+00:00,218.10762,11.666721
2025-09-21 06:00:00+00:00,215.13428,11.885453
2025-09-21 07:00:00+00:00,214.41843,11.782784
2025-09-21 08:00:00+00:00,217.45065,10.656547
2025-09-21 09:00:00+00:00,221.18582,9.567131
2025-09-21 10:00:00+00:00,228.46832,8.415842
2025-09-21 11:00:00+00:00,232.25313,7.056826
2025-09-21 12:00:00+00:00,221.98714,4.8433046
2025-09-21 13:00:00+00:00,219.47243,7.928177
2025-09-21 14:00:00+00:00,212.10623,10.837435
2025-09-21 15:00:00+00:00,215.25644,12.785069
2025-09-21 16:00:00+00:00,214.54843,13.33094
2025-09-21 17:00:00+00:00,213.887,14.527683
2025-09-21 18:00:00+00:00,215.28683,14.33347
2025-09-21 19:00:00+00:00,214.93102,13.83192
2025-09-21 20:00:00+00:00,211.70139,14.386494
2025-09-21 21:00:00+00:00,220.98573,14.545515
2025-09-21 22:00:00+00:00,230.46387,14.7039175
2025-09-21 23:00:00+00:00,230.19447,14.05845
2025-09-22 00:00:00+00:00,227.62646,13.888023
2025-09-22 01:00:00+00:00,222.5104,11.720751
2025-09-22 02:00:00+00:00,214.9921,10.9859
2025-09-22 03:00:00+00:00,213.38853,9.485504
2025-09-22 04:00:00+00:00,211.47679,10.34178
2025-09-22 05:00:00+00:00,207.40749,10.948973
2025-09-22 06:00:00+00:00,199.90384,11.103243
2025-09-22 07:00:00+00:00,199.65392,10.703569
2025-09-22 08:00:00+00:00,206.11385,10.223619
2025-09-22 09:00:00+00:00,214.56259,9.835975
2025-09-22 10:00:00+00:00,219.14398,9.97986
2025-09-22 11:00:00+00:00,218.82983,9.473541
2025-09-22 12:00:00+00:00,215.21768,7.491114
2025-09-22 13:00:00+00:00,202.71445,8.39078
2025-09-22 14:00:00+00:00,199.3349,10.873251
2025-09-22 15:00:00+00:00,199.76726,12.241323
2025-09-22 16:00:00+00:00,199.9832,12.641076
2025-09-22 17:00:00+00:00,205.92485,14.410121
2025-09-22 18:00:00+00:00,211.56177,14.787414
2025-09-22 19:00:00+00:00,213.31064,15.077082
2025-09-22 20:00:00+00:00,217.14677,14.904173
2025-09-22 21:00:00+00:00,224.4839,14.128566
2025-09-22 22:00:00+00:00,231.80127,13.971757
2025-09-22 23:00:00+00:00,229.63554,14.174356
2025-09-23 00:00:00+00:00,222.27362,13.379461
2025-09-23 01:00:00+00:00,208.4741,12.081473
2025-09-23 02:00:00+00:00,202.9638,11.534054
2025-09-23 03:00:00+00:00,192.72435,11.440978
2025-09-23 04:00:00+00:00,195.61105,12.708816
2025-09-23 05:00:00+00:00,200.82097,13.672893
2025-09-23 06:00:00+00:00,202.79655,13.472372
2025-09-23 07:00:00+00:00,205.49751,12.9625
2025-09-23 08:00:00+00:00,205.4633,12.56008
2025-09-23 09:00:00+00:00,204.37645,12.647482
2025-09-23 10:00:00+00:00,205.84433,12.800266
2025-09-23 11:00:00+00:00,206.20006,12.638513
2025-09-23 12:00:00+00:00,207.43964,10.546525
2025-09-23 13:00:00+00:00,201.41304,9.860649
2025-09-23 14:00:00+00:00,204.27443,10.070353
2025-09-23 15:00:00+00:00,201.03758,10.028439
2025-09-23 16:00:00+00:00,189.90411,11.5115595
2025-09-23 17:00:00+00:00,194.38142,14.494192
2025-09-23 18:00:00+00:00,200.25655,16.116785
2025-09-23 19:00:00+00:00,209.18071,15.874734
2025-09-23 20:00:00+00:00,223.50572,14.64209
2025-09-23 21:00:00+00:00,226.49428,14.64209
2025-09-23 22:00:00+00:00,230.55997,14.450535
2025-09-23 23:00:00+00:00,228.30196,13.259049
2025-09-24 00:00:00+00:00,224.9999,11.964246
2025-09-24 01:00:00+00:00,215.9606,11.341428
2025-09-24 02:00:00+00:00,209.3099,11.7662735
2025-09-24 03:00:00+00:00,201.47685,11.799271
2025-09-24 04:00:00+00:00,201.96062,12.033103
2025-09-24 05:00:00+00:00,195.73207,13.277364
2025-09-24 06:00:00+00:00,191.88864,13.979871
2025-09-24 07:00:00+00:00,200.82097,13.672893
2025-09-24 08:00:00+00:00,204.88034,13.690654
2025-09-24 09:00:00+00:00,204.26129,14.01806
2025-09-24 10:00:00+00:00,206.24129,14.248452
2025-09-24 11:00:00+00:00,209.93143,13.70839
2025-09-24 12:00:00+00:00,212.53505,12.383424
2025-09-24 13:00:00+00:00,217.09291,9.252069
2025-09-24 14:00:00+00:00,218.2902,8.714677
2025-09-24 15:00:00+00:00,214.82455,10.086427
2025-09-24 16:00:00+00:00,213.6901,11.681987
2025-09-24 17:00:00+00:00,205.84433,12.800266
2025-09-24 18:00:00+00:00,200.74615,12.703715
2025-09-24 19:00:00+00:00,205.30135,10.950452
2025-09-24 20:00:00+00:00,209.98155,10.805998
2025-09-24 21:00:00+00:00,220.19197,13.666967
2025-09-24 22:00:00+00:00,234.5542,13.036026
2025-09-24 23:00:00+00:00,232.59456,11.556504
2025-09-25 00:00:00+00:00,225.78473,9.292254
2025-09-25 01:00:00+00:00,217.40543,7.7043357
2025-09-25 02:00:00+00:00,197.35411,9.05205
2025-09-25 03:00:00+00:00,194.30031,9.473541
2025-09-25 04:00:00+00:00,186.76608,10.694485
2025-09-25 05:00:00+00:00,182.32149,13.330941
2025-09-25 06:00:00+00:00,187.03784,14.690691
2025-09-25 07:00:00+00:00,193.86105,14.275713
2025-09-25 08:00:00+00:00,201.37068,13.337016
2025-09-25 09:00:00+00:00,207.68097,12.399113
2025-09-25 10:00:00+00:00,212.00534,11.886816
2025-09-25 11:00:00+00:00,211.60745,10.990322
2025-09-25 12:00:00+00:00,213.34073,8.187527
2025-09-25 13:00:00+00:00,205.90645,7.0038276
2025-09-25 14:00:00+00:00,199.65392,8.027677
2025-09-25 15:00:00+00:00,199.23076,8.197414
2025-09-25 16:00:00+00:00,198.03438,8.139901
2025-09-25 17:00:00+00:00,192.09474,10.308831
2025-09-25 18:00:00+00:00,199.3349,10.873251
2025-09-25 19:00:00+00:00,216.30458,10.944532
2025-09-25 20:00:00+00:00,224.9999,10.691453
2025-09-25 21:00:00+00:00,233.67308,7.596341
2025-09-25 22:00:00+00:00,228.94528,7.3997297
2025-09-25 23:00:00+00:00,218.8845,7.1684303
2025-09-26 00:00:00+00:00,224.9999,7.891311
2025-09-26 01:00:00+00:00,222.43619,8.536252
2025-09-26 02:00:00+00:00,216.60716,7.8480825
2025-09-26 03:00:00+00:00,214.59235,6.341009
2025-09-26 04:00:00+00:00,230.19447,7.029225
2025-09-26 05:00:00+00:00,229.23648,6.8919086
2025-09-26 06:00:00+00:00,216.15828,5.796447
2025-09-26 07:00:00+00:00,202.47948,5.6492476
2025-09-26 08:00:00+00:00,210.25635,5.00128
2025-09-26 09:00:00+00:00,221.63345,4.3349743
2025-09-26 10:00:00+00:00,231.7098,4.3573384
2025-09-26 11:00:00+00:00,244.44008,4.5891175
2025-09-26 12:00:00+00:00,262.23492,3.9966488
2025-09-26 13:00:00+00:00,224.9999,4.5820518
2025-09-26 14:00:00+00:00,187.59456,5.4477882
2025-09-26 15:00:00+00:00,191.5601,8.083983
2025-09-26 16:00:00+00:00,201.57137,8.322932
2025-09-26 17:00:00+00:00,196.1135,8.431228
2025-09-26 18:00:00+00:00,199.65392,8.027677
2025-09-26 19:00:00+00:00,205.97433,7.8087645
2025-09-26 20:00:00+00:00,223.09087,7.6409945
2025-09-26 21:00:00+00:00,254.05453,9.172938
2025-09-26 22:00:00+00:00,259.79608,9.144637
2025-09-26 23:00:00+00:00,272.20255,9.3669195
2025-09-27 00:00:00+00:00,277.2749,8.528657
2025-09-27 01:00:00+00:00,273.094,6.6697226
2025-09-27 02:00:00+00:00,275.52744,5.6060677
2025-09-27 03:00:00+00:00,255.96373,3.710795
2025-09-27 04:00:00+00:00,267.79745,4.6834598
2025-09-27 05:00:00+00:00,277.3523,5.6262593
2025-09-27 06:00:00+00:00,281.3099,3.671294
2025-09-27 07:00:00+00:00,329.03632,1.0495713
2025-09-27 08:00:00+00:00,360.0,1.8
2025-09-27 09:00:00+00:00,353.9911,3.438895
2025-09-27 10:00:00+00:00,339.8636,5.7515564
2025-09-27 11:00:00+00:00,330.25522,5.8048253
2025-09-27 12:00:00+00:00,318.81415,3.8268526
2025-09-27 13:00:00+00:00,18.435053,0.56920993
2025-09-27 14:00:00+00:00,360.0,0.71999997
2025-09-27 15:00:00+00:00,360.0,1.08
2025-09-27 16:00:00+00:00,360.0,1.6199999
2025-09-27 17:00:00+00:00,263.6599,1.6299692
2025-09-27 18:00:00+00:00,284.03625,3.710795
2025-09-27 19:00:00+00:00,306.15826,5.796447
2025-09-27 20:00:00+00:00,297.3498,5.8769383
2025-09-27 21:00:00+00:00,266.98727,6.849467
2025-09-27 22:00:00+00:00,277.8532,5.2694216
2025-09-27 23:00:00+00:00,309.8055,1.4058449
2025-09-28 00:00:00+00:00,270.0,3.7799997
2025-09-28 01:00:00+00:00,274.08554,2.5264204
2025-09-28 02:00:00+00:00,298.61035,2.2553935
2025-09-28 03:00:00+00:00,345.9637,2.226477
2025-09-28 04:00:00+00:00,30.963696,4.198285
2025-09-28 05:00:00+00:00,42.08909,7.519175
2025-09-28 06:00:00+00:00,50.630707,9.080639
2025-09-28 07:00:00+00:00,49.497234,11.362834
2025-09-28 08:00:00+00:00,38.904144,13.184308
2025-09-28 09:00:00+00:00,31.108742,12.193589
2025-09-28 10:00:00+00:00,25.114815,12.72283
2025-09-28 11:00:00+00:00,25.769283,11.592895
2025-09-28 12:00:00+00:00,4.763556,6.5024605
2025-09-28 13:00:00+00:00,355.71094,7.2202215
2025-09-28 14:00:00+00:00,3.9004252,7.9383874
2025-09-28 15:00:00+00:00,13.17257,8.688613
2025-09-28 16:00:00+00:00,32.005356,8.490582
2025-09-28 17:00:00+00:00,49.144714,8.805294
2025-09-28 18:00:00+00:00,49.68598,7.7900705
2025-09-28 19:00:00+00:00,61.60708,7.570707
2025-09-28 20:00:00+00:00,62.30063,8.131936
2025-09-28 21:00:00+00:00,81.67444,7.458606
2025-09-28 22:00:00+00:00,90.0,7.02
2025-09-28 23:00:00+00:00,100.30479,6.037383
2025-09-29 00:00:00+00:00,70.90642,4.952453
2025-09-29 01:00:00+00:00,50.710617,5.1165614
2025-09-29 02:00:00+00:00,40.763515,6.8919086
2025-09-29 03:00:00+00:00,46.005,7.256032
2025-09-29 04:00:00+00:00,62.402794,8.936778
2025-09-29 05:00:00+00:00,72.42865,11.328566
2025-09-29 06:00:00+00:00,65.55606,15.224637
2025-09-29 07:00:00+00:00,54.223835,15.086748
2025-09-29 08:00:00+00:00,53.508617,16.344357
2025-09-29 09:00:00+00:00,54.16227,15.986593
2025-09-29 10:00:00+00:00,54.24602,16.635157
2025-09-29 11:00:00+00:00,80.41713,14.056144
2025-09-29 12:00:00+00:00,78.19759,12.32047
2025-09-29 13:00:00+00:00,90.0,8.459999
2025-09-29 14:00:00+00:00,100.30479,8.049845
2025-09-29 15:00:00+00:00,109.798965,9.565437
2025-09-29 16:00:00+00:00,107.10281,9.793058
2025-09-29 17:00:00+00:00,103.73629,8.338489
2025-09-29 18:00:00+00:00,107.10281,7.3447943
2025-09-29 19:00:00+00:00,98.3658,6.1858225
2025-09-29 20:00:00+00:00,121.42952,7.5942082
2025-09-29 21:00:00+00:00,122.1957,5.7431
2025-09-29 22:00:00+00:00,126.86999,6.299999
2025-09-29 23:00:00+00:00,136.78989,8.149847
2025-09-30 00:00:00+00:00,137.72638,5.3517847
2025-09-30 01:00:00+00:00,106.14441,7.1208143
2025-09-30 02:00:00+00:00,124.07724,7.388775
2025-09-30 03:00:00+00:00,153.7118,16.663372
2025-09-30 04:00:00+00:00,154.72232,7.16617
2025-09-30 05:00:00+00:00,149.74365,2.50064
2025-09-30 06:00:00+00:00,80.09588,11.5115595
2025-09-30 07:00:00+00:00,84.805664,5.9644947
2025-09-30 08:00:00+00:00,95.82625,8.865799
2025-09-30 09:00:00+00:00,97.81521,9.266067
2025-09-30 10:00:00+00:00,104.32276,8.731391
2025-09-30 11:00:00+00:00,100.30479,8.049845
2025-09-30 12:00:00+00:00,115.94224,7.406295
2025-09-30 13:00:00+00:00,122.00535,5.09435
2025-09-30 14:00:00+00:00,126.86998,5.3999996
2025-09-30 15:00:00+00:00,122.73522,5.991594
2025-09-30 16:00:00+00:00,123.6901,3.8939953
2025-09-30 17:00:00+00:00,133.53127,9.931042
2025-09-30 18:00:00+00:00,152.56036,10.546525
2025-09-30 19:00:00+00:00,158.89508,10.99769
2025-09-30 20:00:00+00:00,166.86597,11.090103
2025-09-30 21:00:00+00:00,172.40544,10.8955765
2025-09-30 22:00:00+00:00,182.20255,9.3669195
2025-09-30 23:00:00+00:00,191.30989,8.260411
2025-10-01 00:00:00+00:00,224.9999,3.563818
2025-10-01 01:00:00+00:00,219.80553,2.8116899
2025-10-01 02:00:00+00:00,180.0,4.32
2025-10-01 03:00:00+00:00,182.04536,5.0432134
2025-10-01 04:00:00+00:00,176.42374,2.8856194
2025-10-01 05:00:00+00:00,90.0,4.14
2025-10-01 06:00:00+00:00,75.96373,5.195113
2025-10-01 07:00:00+00:00,75.96373,6.6794305
2025-10-01 08:00:00+00:00,80.31129,7.486788
2025-10-01 09:00:00+00:00,88.60285,7.3821945
2025-10-01 10:00:00+00:00,88.531235,7.0223074
2025-10-01 11:00:00+00:00,78.6901,6.424764
2025-10-01 12:00:00+00:00,79.99209,6.2145634
2025-10-01 13:00:00+00:00,82.875084,4.353619
2025-10-01 14:00:00+00:00,72.75845,5.4656014
2025-10-01 15:00:00+00:00,115.46331,4.186693
2025-10-01 16:00:00+00:00,152.02061,6.5223618
2025-10-01 17:00:00+00:00,167.19574,8.12197
2025-10-01 18:00:00+00:00,169.3804,11.720751
2025-10-01 19:00:00+00:00,181.46877,14.044615
2025-10-01 20:00:00+00:00,185.2738,11.749741
2025-10-01 21:00:00+00:00,188.13002,11.45513
2025-10-01 22:00:00+00:00,185.01303,10.299397
2025-10-01 23:00:00+00:00,190.84026,8.613709
2025-10-02 00:00:00+00:00,215.53777,4.6452556
2025-10-02 01:00:00+00:00,204.44394,4.3498964
2025-10-02 02:00:00+00:00,182.04536,5.0432134
2025-10-02 03:00:00+00:00,142.12495,2.0523157
2025-10-02 04:00:00+00:00,173.6599,3.2599385
2025-10-02 05:00:00+00:00,122.00535,3.396233
2025-10-02 06:00:00+00:00,101.768265,4.412754
2025-10-02 07:00:00+00:00,93.57626,5.771239
2025-10-02 08:00:00+00:00,90.0,7.7400002
2025-10-02 09:00:00+00:00,87.5105,8.287822
2025-10-02 10:00:00+00:00,79.50858,9.885262
2025-10-02 11:00:00+00:00,79.11452,4.7657523
2025-10-02 12:00:00+00:00,93.521385,11.722133
2025-10-02 13:00:00+00:00,126.384445,8.4963045
2025-10-02 14:00:00+00:00,140.04251,8.688613
2025-10-02 15:00:00+00:00,156.29735,8.0599
2025-10-02 16:00:00+00:00,189.0394,8.019601
2025-10-02 17:00:00+00:00,183.90042,7.9383874
2025-10-02 18:00:00+00:00,173.82993,13.397612
2025-10-02 19:00:00+00:00,162.18102,10.587917
2025-10-02 20:00:00+00:00,196.9909,6.77575
2025-10-02 21:00:00+00:00,304.8754,7.2403865
2025-10-02 22:00:00+00:00,319.0857,3.572898
2025-10-02 23:00:00+00:00,165.96373,0.742159
2025-10-03 00:00:00+00:00,246.61476,7.256032
2025-10-03 01:00:00+00:00,224.9999,6.873078
2025-10-03 02:00:00+00:00,224.9999,8.14587
2025-10-03 03:00:00+00:00,236.3099,8.43699
2025-10-03 04:00:00+00:00,238.57048,7.5942082
2025-10-03 05:00:00+00:00,239.62096,6.050785
2025-10-03 06:00:00+00:00,293.1986,4.1125174
2025-10-03 07:00:00+00:00,44.999897,2.2910259
2025-10-03 08:00:00+00:00,69.67678,5.1826253
2025-10-03 09:00:00+00:00,180.0,4.68
2025-10-03 10:00:00+00:00,156.0375,1.7727944
2025-10-03 11:00:00+00:00,197.52567,3.5864744
2025-10-03 12:00:00+00:00,77.125,6.4624763
2025-10-03 13:00:00+00:00,109.17911,4.3832865
2025-10-03 14:00:00+00:00,128.04709,5.257109
2025-10-03 15:00:00+00:00,178.60284,7.3821945
2025-10-03 16:00:00+00:00,191.30989,8.260411
2025-10-03 17:00:00+00:00,187.69595,6.7205353
2025-10-03 18:00:00+00:00,190.40765,8.967541
2025-10-03 19:00:00+00:00,196.1135,8.431228
2025-10-03 20:00:00+00:00,210.46547,7.10031
2025-10-03 21:00:00+00:00,220.426,6.384293
2025-10-03 22:00:00+00:00,216.86998,5.3999996
2025-10-03 23:00:00+00:00,214.28693,4.7928696
2025-10-04 00:00:00+00:00,219.09384,3.710795
2025-10-04 01:00:00+00:00,226.54811,4.7110505
2025-10-04 02:00:00+00:00,224.9999,7.382195
2025-10-04 03:00:00+00:00,241.92761,6.12
2025-10-04 04:00:00+00:00,260.78903,6.7469993
2025-10-04 05:00:00+00:00,271.24533,8.281956
2025-10-04 06:00:00+00:00,299.57773,7.6579366
2025-10-04 07:00:00+00:00,320.44037,5.369916
2025-10-04 08:00:00+00:00,5.4402504,3.7971036
2025-10-04 09:00:00+00:00,28.610369,2.2553935
2025-10-04 10:00:00+00:00,149.03632,1.0495713
2025-10-04 11:00:00+00:00,213.6901,3.244996
2025-10-04 12:00:00+00:00,235.09743,9.437563
2025-10-04 13:00:00+00:00,207.25525,13.363711
2025-10-04 14:00:00+00:00,211.6607,12.688404
2025-10-04 15:00:00+00:00,212.78427,12.632101
2025-10-04 16:00:00+00:00,219.90784,12.906138
2025-10-04 17:00:00+00:00,221.56627,12.750811
2025-10-04 18:00:00+00:00,213.05583,13.529966
2025-10-04 19:00:00+00:00,212.90524,14.57889
2025-10-04 20:00:00+00:00,222.87889,13.755579
2025-10-04 21:00:00+00:00,232.4808,12.708815
2025-10-04 22:00:00+00:00,230.6595,14.197196
2025-10-04 23:00:00+00:00,231.67984,14.224556
2025-10-05 00:00:00+00:00,231.44157,15.882896
2025-10-05 01:00:00+00:00,227.72636,16.055355
2025-10-05 02:00:00+00:00,225.46576,15.655861
2025-10-05 03:00:00+00:00,220.98573,14.545515
2025-10-05 04:00:00+00:00,215.53777,15.484185
2025-10-05 05:00:00+00:00,209.66663,16.365158
2025-10-05 06:00:00+00:00,210.12422,16.85669
2025-10-05 07:00:00+00:00,209.29126,16.923828
2025-10-05 08:00:00+00:00,209.5922,16.767075
2025-10-05 09:00:00+00:00,212.9694,15.876775
2025-10-05 10:00:00+00:00,213.32631,15.726067
2025-10-05 11:00:00+00:00,214.8754,14.480773
2025-10-05 12:00:00+00:00,212.00534,11.886816
2025-10-05 13:00:00+00:00,196.38962,9.568824
2025-10-05 14:00:00+00:00,191.85976,18.392616
2025-10-05 15:00:00+00:00,195.7087,17.950432
2025-10-05 16:00:00+00:00,190.86401,18.145212
2025-10-05 17:00:00+00:00,189.18047,18.051228
2025-10-05 18:00:00+00:00,202.22508,18.083506
2025-10-05 19:00:00+00:00,209.8988,16.610792
2025-10-05 20:00:00+00:00,208.37915,17.799076
2025-10-05 21:00:00+00:00,209.60435,18.218275
2025-10-05 22:00:00+00:00,209.74478,18.865683
2025-10-05 23:00:00+00:00,214.86227,19.523983
2025-10-06 00:00:00+00:00,219.80553,15.4642935
2025-10-06 01:00:00+00:00,217.37589,16.308636
2025-10-06 02:00:00+00:00,219.5226,18.668005
2025-10-06 03:00:00+00:00,222.7605,22.800394
2025-10-06 04:00:00+00:00,222.70937,22.291674
2025-10-06 05:00:00+00:00,223.24304,20.75627
2025-10-06 06:00:00+00:00,235.30478,19.92235
2025-10-06 07:00:00+00:00,233.3438,19.296135
2025-10-06 08:00:00+00:00,232.80011,18.75631
2025-10-06 09:00:00+00:00,233.017,18.252037
2025-10-06 10:00:00+00:00,238.17259,18.431332
2025-10-06 11:00:00+00:00,251.77483,15.5395355
2025-10-06 12:00:00+00:00,244.7223,14.33234
2025-10-06 13:00:00+00:00,284.03625,9.6480665
2025-10-06 14:00:00+00:00,360.0,12.959999
2025-10-06 15:00:00+00:00,3.1363046,13.159711
2025-10-06 16:00:00+00:00,15.524177,10.088033
2025-10-06 17:00:00+00:00,24.904745,11.113451
2025-10-06 18:00:00+00:00,356.42374,8.656858
2025-10-06 19:00:00+00:00,9.210952,6.7469993
2025-10-06 20:00:00+00:00,7.3522935,5.6262593
2025-10-06 21:00:00+00:00,356.186,5.4119864
2025-10-06 22:00:00+00:00,1.2453395,8.281956
2025-10-06 23:00:00+00:00,8.275804,10.004178
2025-10-07 00:00:00+00:00,25.346138,3.7842832
2025-10-07 01:00:00+00:00,206.56499,0.40249225
2025-10-07 02:00:00+00:00,345.25638,3.536439
2025-10-07 03:00:00+00:00,19.885265,8.996398
2025-10-07 04:00:00+00:00,35.537766,10.83893
2025-10-07 05:00:00+00:00,42.08909,7.519175
2025-10-07 06:00:00+00:00,16.990906,6.77575
2025-10-07 07:00:00+00:00,5.0423646,6.1437774
2025-10-07 08:00:00+00:00,356.82022,6.489992
2025-10-07 09:00:00+00:00,354.55975,7.5942073
2025-10-07 10:00:00+00:00,352.23492,7.9932976
2025-10-07 11:00:00+00:00,353.36758,7.79215
2025-10-07 12:00:00+00:00,347.27563,5.720489
2025-10-07 13:00:00+00:00,332.52567,5.072041
2025-10-07 14:00:00+00:00,348.6901,4.5891175
2025-10-07 15:00:00+00:00,25.820946,6.198903
2025-10-07 16:00:00+00:00,40.15594,7.5363917
2025-10-07 17:00:00+00:00,50.906155,7.42159
2025-10-07 18:00:00+00:00,40.971645,9.059205
2025-10-07 19:00:00+00:00,57.724377,8.0899935
2025-10-07 20:00:00+00:00,52.124958,8.209263
2025-10-07 21:00:00+00:00,50.906155,7.42159
2025-10-07 22:00:00+00:00,57.99466,6.792466
2025-10-07 23:00:00+00:00,69.22767,5.5829024
2025-10-08 00:00:00+00:00,106.50443,5.068846
2025-10-08 01:00:00+00:00,117.29949,6.279395
2025-10-08 02:00:00+00:00,117.824005,7.327127
2025-10-08 03:00:00+00:00,113.198616,4.1125174
2025-10-08 04:00:00+00:00,114.44395,4.3498964
2025-10-08 05:00:00+00:00,106.699326,3.7585104
2025-10-08 06:00:00+00:00,20.556128,1.5379207
2025-10-08 07:00:00+00:00,337.8336,5.2478566
2025-10-08 08:00:00+00:00,347.125,6.4624763
2025-10-08 09:00:00+00:00,357.27374,7.5685663
2025-10-08 10:00:00+00:00,357.5634,8.467655
2025-10-08 11:00:00+00:00,358.727,8.101999
2025-10-08 12:00:00+00:00,3.0939984,6.6697226
2025-10-08 13:00:00+00:00,25.709915,5.3939967
2025-10-08 14:00:00+00:00,66.037506,7.0911775
2025-10-08 15:00:00+00:00,67.3801,7.0199995
2025-10-08 16:00:00+00:00,67.61982,6.6185193
2025-10-08 17:00:00+00:00,80.53775,5.4744864
2025-10-08 18:00:00+00:00,93.366394,6.130579
2025-10-08 19:00:00+00:00,103.671326,6.8541956
2025-10-08 20:00:00+00:00,110.55613,7.689603
2025-10-08 21:00:00+00:00,119.57774,7.6579366
2025-10-08 22:00:00+00:00,123.6901,7.1389914
2025-10-08 23:00:00+00:00,129.80553,7.029225
2025-10-09 00:00:00+00:00,141.84273,6.4096174
2025-10-09 01:00:00+00:00,155.22488,7.731623
2025-10-09 02:00:00+00:00,163.90912,9.741642
2025-10-09 03:00:00+00:00,162.64589,9.05205
2025-10-09 04:00:00+00:00,164.87595,6.8989563
2025-10-09 05:00:00+00:00,180.0,8.82
2025-10-09 06:00:00+00:00,255.96373,2.226477
2025-10-09 07:00:00+00:00,312.27362,2.6758924
2025-10-09 08:00:00+00:00,326.3099,2.5959969
2025-10-09 09:00:00+00:00,338.19852,1.9386592
2025-10-09 10:00:00+00:00,23.198618,1.3708391
2025-10-09 11:00:00+00:00,85.23644,2.1674871
2025-10-09 12:00:00+00:00,104.03627,5.195113
2025-10-09 13:00:00+00:00,79.69521,4.0249224
2025-10-09 14:00:00+00:00,104.93147,2.7943513
2025-10-09 15:00:00+00:00,155.37645,4.7521367
2025-10-09 16:00:00+00:00,142.00122,7.3094187
2025-10-09 17:00:00+00:00,132.79738,6.623413
2025-10-09 18:00:00+00:00,138.23979,6.7565966
2025-10-09 19:00:00+00:00,144.90411,8.139901
2025-10-09 20:00:00+00:00,144.16226,7.9932966
2025-10-09 21:00:00+00:00,139.84407,7.5363917
2025-10-09 22:00:00+00:00,142.59457,7.7043357
2025-10-09 23:00:00+00:00,144.46223,9.290511
2025-10-10 00:00:00+00:00,169.91946,8.227004
2025-10-10 01:00:00+00:00,165.32356,7.8149853
2025-10-10 02:00:00+00:00,167.98854,8.649369
2025-10-10 03:00:00+00:00,177.39749,7.928178
2025-10-10 04:00:00+00:00,178.26433,5.9427266
2025-10-10 05:00:00+00:00,199.0257,5.5216303
2025-10-10 06:00:00+00:00,247.75093,4.278551
2025-10-10 07:00:00+00:00,270.0,3.4199998
2025-10-10 08:00:00+00:00,284.74362,3.536439
2025-10-10 09:00:00+00:00,295.64096,4.991553
2025-10-10 10:00:00+00:00,306.86996,6.299999
2025-10-10 11:00:00+00:00,317.1211,6.8777895
2025-10-10 12:00:00+00:00,289.79895,4.7827187
2025-10-10 13:00:00+00:00,228.81418,3.8268526
2025-10-10 14:00:00+00:00,214.50858,6.989936
2025-10-10 15:00:00+00:00,209.98155,5.402999
2025-10-10 16:00:00+00:00,143.13002,1.8
2025-10-10 17:00:00+00:00,101.68935,5.3305535
2025-10-10 18:00:00+00:00,137.72638,5.3517847
2025-10-10 19:00:00+00:00,162.25523,4.724786
2025-10-10 20:00:00+00:00,167.61925,7.555712
2025-10-10 21:00:00+00:00,178.78116,8.461914
2025-10-10 22:00:00+00:00,201.25058,6.9527545
2025-10-10 23:00:00+00:00,225.69019,10.564941
2025-10-11 00:00:00+00:00,222.70937,6.3690495
2025-10-11 01:00:00+00:00,217.47626,6.804381
2025-10-11 02:00:00+00:00,221.63345,6.502461
2025-10-11 03:00:00+00:00,232.43134,5.904439
2025-10-11 04:00:00+00:00,249.44388,4.613762
2025-10-11 05:00:00+00:00,267.95465,5.0432134
2025-10-11 06:00:00+00:00,291.80148,5.815978
2025-10-11 07:00:00+00:00,316.8476,3.9477081
2025-10-11 08:00:00+00:00,331.9276,3.06
2025-10-11 09:00:00+00:00,338.19852,1.9386592
2025-10-11 10:00:00+00:00,263.6599,1.6299692
2025-10-11 11:00:00+00:00,239.03632,3.148714
2025-10-11 12:00:00+00:00,222.08908,7.519175
2025-10-11 13:00:00+00:00,219.80553,4.2175345
2025-10-11 14:00:00+00:00,69.44387,1.5379207
2025-10-11 15:00:00+00:00,86.63361,6.130579
2025-10-11 16:00:00+00:00,133.87679,6.4924874
2025-10-11 17:00:00+00:00,202.6199,4.6800003
2025-10-11 18:00:00+00:00,230.71062,5.1165614
2025-10-11 19:00:00+00:00,215.53777,1.5484185
2025-10-11 20:00:00+00:00,90.0,0.17999999
2025-10-11 21:00:00+00:00,180.0,0.17999999
2025-10-11 22:00:00+00:00,242.35411,4.2671766
2025-10-11 23:00:00+00:00,237.52882,4.6938257
2025-10-12 00:00:00+00:00,187.12492,2.9024127
2025-10-12 01:00:00+00:00,182.93561,7.029225
2025-10-12 02:00:00+00:00,210.57915,9.19939
2025-10-12 03:00:00+00:00,217.11694,8.3520775
2025-10-12 04:00:00+00:00,234.29321,7.0934615
2025-10-12 05:00:00+00:00,263.79663,8.32877
2025-10-12 06:00:00+00:00,286.1135,8.431228
2025-10-12 07:00:00+00:00,297.21603,7.0843205
2025-10-12 08:00:00+00:00,305.75397,5.5450516
2025-10-12 09:00:00+00:00,307.30402,4.752136
2025-10-12 10:00:00+00:00,289.9832,4.2136917
2025-10-12 11:00:00+00:00,270.0,3.4199998
2025-10-12 12:00:00+00:00,232.52374,6.804381
2025-10-12 13:00:00+00:00,217.30403,4.752136
2025-10-12 14:00:00+00:00,116.56499,0.8049845
2025-10-12 15:00:00+00:00,96.519714,6.341009
2025-10-12 16:00:00+00:00,141.58191,6.6624317
2025-10-12 17:00:00+00:00,203.9625,5.318383
2025-10-12 18:00:00+00:00,216.25392,6.696387
2025-10-12 19:00:00+00:00,192.5288,6.638072
2025-10-12 20:00:00+00:00,186.70975,6.162207
2025-10-12 21:00:00+00:00,228.12221,7.0107627
2025-10-12 22:00:00+00:00,241.07367,7.8149853
2025-10-12 23:00:00+00:00,235.95401,8.037761
2025-10-13 00:00:00+00:00,251.22186,9.505977
2025-10-13 01:00:00+00:00,250.42677,8.596766
2025-10-13 02:00:00+00:00,252.71841,8.482947
2025-10-13 03:00:00+00:00,256.60748,7.771331
2025-10-13 04:00:00+00:00,268.15244,5.5829024
2025-10-13 05:00:00+00:00,290.13638,5.7515564
2025-10-13 06:00:00+00:00,303.6901,8.43699
2025-10-13 07:00:00+00:00,306.86996,7.2
2025-10-13 08:00:00+00:00,308.92755,6.015878
2025-10-13 09:00:00+00:00,304.15976,6.090812
2025-10-13 10:00:00+00:00,296.56497,5.634891
2025-10-13 11:00:00+00:00,285.94547,5.2416787
2025-10-13 12:00:00+00:00,266.42374,5.771239
2025-10-13 13:00:00+00:00,258.3664,6.2483597
2025-10-13 14:00:00+00:00,236.88864,4.942631
2025-10-13 15:00:00+00:00,174.2895,1.8089776
2025-10-13 16:00:00+00:00,141.7098,4.3573384
2025-10-13 17:00:00+00:00,165.96373,5.937272
2025-10-13 18:00:00+00:00,201.4478,5.414979
2025-10-13 19:00:00+00:00,244.5367,4.186693
2025-10-13 20:00:00+00:00,237.52882,2.3469129
2025-10-13 21:00:00+00:00,177.13765,3.604497
2025-10-13 22:00:00+00:00,230.90614,3.710795
2025-10-13 23:00:00+00:00,258.3664,6.2483597
2025-10-14 00:00:00+00:00,243.43501,3.219938
2025-10-14 01:00:00+00:00,259.21576,3.84796
2025-10-14 02:00:00+00:00,260.21765,5.297018
2025-10-14 03:00:00+00:00,264.64426,5.7852573
2025-10-14 04:00:00+00:00,270.0,5.5799994
2025-10-14 05:00:00+00:00,287.81897,5.2939587
2025-10-14 06:00:00+00:00,322.65057,8.604301
2025-10-14 07:00:00+00:00,336.8014,8.225035
2025-10-14 08:00:00+00:00,346.75946,6.28713
2025-10-14 09:00:00+00:00,358.0251,5.223103
2025-10-14 10:00:00+00:00,14.036275,4.452954
2025-10-14 11:00:00+00:00,38.65983,3.4576871
2025-10-14 12:00:00+00:00,86.423744,2.8856194
2025-10-14 13:00:00+00:00,113.19862,2.7416782
2025-10-14 14:00:00+00:00,142.76509,5.6521144
2025-10-14 15:00:00+00:00,155.05612,8.536252
2025-10-14 16:00:00+00:00,157.8905,6.21717
2025-10-14 17:00:00+00:00,132.3574,8.281956
2025-10-14 18:00:00+00:00,130.91429,10.718693
2025-10-14 19:00:00+00:00,149.8587,6.452441
2025-10-14 20:00:00+00:00,236.3099,0.6489992
2025-10-14 21:00:00+00:00,255.06853,2.7943513
2025-10-14 22:00:00+00:00,202.6199,4.6800003
2025-10-14 23:00:00+00:00,178.4926,6.8423676
2025-10-15 00:00:00+00:00,196.69933,5.637765
2025-10-15 01:00:00+00:00,193.57045,5.3699164
2025-10-15 02:00:00+00:00,193.13403,5.5450516
2025-10-15 03:00:00+00:00,234.46223,6.193674
2025-10-15 04:00:00+00:00,223.36346,4.4565907
2025-10-15 05:00:00+00:00,206.56499,6.037383
2025-10-15 06:00:00+00:00,237.09476,3.6447225
2025-10-15 07:00:00+00:00,360.0,0.71999997
2025-10-15 08:00:00+00:00,57.264786,2.995797
2025-10-15 09:00:00+00:00,65.55606,4.3498964
2025-10-15 10:00:00+00:00,65.37646,4.7521367
2025-10-15 11:00:00+00:00,68.62931,4.445672
2025-10-15 12:00:00+00:00,30.465475,3.550155
2025-10-15 13:00:00+00:00,13.240531,3.143565
2025-10-15 14:00:00+00:00,30.6506,5.6492476
2025-10-15 15:00:00+00:00,64.17907,6.198903
2025-10-15 16:00:00+00:00,68.62931,4.445672
2025-10-15 17:00:00+00:00,16.557161,6.9480934
2025-10-15 18:00:00+00:00,43.7812,5.983477
2025-10-15 19:00:00+00:00,115.46331,4.186693
2025-10-15 20:00:00+00:00,127.875046,2.0523157
2025-10-15 21:00:00+00:00,124.992096,2.19718
2025-10-15 22:00:00+00:00,129.80553,4.2175345
2025-10-15 23:00:00+00:00,144.46223,1.5484185
2025-10-16 00:00:00+00:00,149.74365,2.50064
2025-10-16 01:00:00+00:00,151.38963,2.2553935
2025-10-16 02:00:00+00:00,154.98314,2.97953
2025-10-16 03:00:00+00:00,260.13425,4.2021422
2025-10-16 04:00:00+00:00,287.3541,3.01735
2025-10-16 05:00:00+00:00,280.6196,2.9301877
2025-10-16 06:00:00+00:00,265.23645,4.3349743
2025-10-16 07:00:00+00:00,341.56494,3.4152596
2025-10-16 08:00:00+00:00,357.95462,5.0432134
2025-10-16 09:00:00+00:00,358.09088,5.4029994
2025-10-16 10:00:00+00:00,5.7105074,5.426933
2025-10-16 11:00:00+00:00,17.744766,4.724786
2025-10-16 12:00:00+00:00,3.8140097,5.4119864
2025-10-16 13:00:00+00:00,14.381432,7.247096
2025-10-16 14:00:00+00:00,44.999897,5.854844
2025-10-16 15:00:00+00:00,90.0,2.6999998
2025-10-16 16:00:00+00:00,122.00535,1.6981165
2025-10-16 17:00:00+00:00,96.340096,6.519877
2025-10-16 18:00:00+00:00,126.86999,8.099999
2025-10-16 19:00:00+00:00,145.30478,2.8460495
2025-10-16 20:00:00+00:00,202.38017,3.3092597
2025-10-16 21:00:00+00:00,224.9999,6.3639607
2025-10-16 22:00:00+00:00,212.90524,3.6447225
2025-10-16 23:00:00+00:00,203.6294,6.28713
2025-10-17 00:00:00+00:00,181.24533,8.281956
2025-10-17 01:00:00+00:00,184.28908,7.2202215
2025-10-17 02:00:00+00:00,206.56499,4.4274144
2025-10-17 03:00:00+00:00,235.78424,5.441838
2025-10-17 04:00:00+00:00,264.55975,3.7971036
2025-10-17 05:00:00+00:00,292.6199,4.6800003
2025-10-17 06:00:00+00:00,316.33215,5.4744864
2025-10-17 07:00:00+00:00,322.69595,4.752136
2025-10-17 08:00:00+00:00,353.41815,4.7110505
2025-10-17 09:00:00+00:00,16.26028,4.5
2025-10-17 10:00:00+00:00,32.471172,4.6938257
2025-10-17 11:00:00+00:00,36.027473,4.8965297
2025-10-17 12:00:00+00:00,50.906155,3.710795
2025-10-17 13:00:00+00:00,44.999897,1.5273507
2025-10-17 14:00:00+00:00,224.9999,1.0182338
2025-10-17 15:00:00+00:00,224.9999,2.2910259
2025-10-17 16:00:00+00:00,240.2552,2.9024127
2025-10-17 17:00:00+00:00,313.0251,3.693291
2025-10-17 18:00:00+00:00,9.462248,2.1897945
2025-10-17 19:00:00+00:00,90.0,1.08
2025-10-17 20:00:00+00:00,315.0001,1.2727921
2025-10-17 21:00:00+00:00,349.99207,3.1072817
2025-10-17 22:00:00+00:00,49.635548,4.724786
2025-10-17 23:00:00+00:00,95.44024,3.7971036
2025-10-18 00:00:00+00:00,78.6901,0.9178235
2025-10-18 01:00:00+00:00,275.7105,3.6179552
2025-10-18 02:00:00+00:00,199.65392,2.6758924
2025-10-18 03:00:00+00:00,176.186,5.4119864
2025-10-18 04:00:00+00:00,161.56496,2.2768397
2025-10-18 05:00:00+00:00,165.96373,0.742159
2025-10-18 06:00:00+00:00,320.1945,2.8116899
2025-10-18 07:00:00+00:00,341.02948,6.0908127
2025-10-18 08:00:00+00:00,347.3196,7.3799996
2025-10-18 09:00:00+00:00,355.71094,7.2202215
2025-10-18 10:00:00+00:00,2.93562,7.029225
2025-10-18 11:00:00+00:00,360.0,5.2200003
2025-10-18 12:00:00+00:00,7.12493,1.4512063
2025-10-18 13:00:00+00:00,180.0,0.71999997
2025-10-18 14:00:00+00:00,180.0,1.08
2025-10-18 15:00:00+00:00,360.0,2.6999998
2025-10-18 16:00:00+00:00,10.007925,6.2145634
2025-10-18 17:00:00+00:00,50.82635,6.269067
2025-10-18 18:00:00+00:00,81.46932,7.2805495
2025-10-18 19:00:00+00:00,92.4895,4.143911
2025-10-18 20:00:00+00:00,101.768265,4.412754
2025-10-18 21:00:00+00:00,96.70974,3.0811036
2025-10-18 22:00:00+00:00,102.5288,4.9785542
2025-10-18 23:00:00+00:00,128.65984,4.6102495
2025-10-19 00:00:00+00:00,128.65984,5.7628117
2025-10-19 01:00:00+00:00,126.86999,4.5
2025-10-19 02:00:00+00:00,153.43501,4.829907
2025-10-19 03:00:00+00:00,135.0001,6.3639607
2025-10-19 04:00:00+00:00,106.38962,3.189608
2025-10-19 05:00:00+00:00,98.13002,3.8183763
2025-10-19 06:00:00+00:00,80.53775,4.379589
2025-10-19 07:00:00+00:00,64.59232,7.970972
2025-10-19 08:00:00+00:00,51.34017,8.067936
2025-10-19 09:00:00+00:00,43.09086,7.6409945
2025-10-19 10:00:00+00:00,33.6901,6.489992
2025-10-19 11:00:00+00:00,24.623547,4.7521367
2025-10-19 12:00:00+00:00,343.0724,4.327493
2025-10-19 13:00:00+00:00,305.31128,5.293959
2025-10-19 14:00:00+00:00,321.54626,7.8149853
2025-10-19 15:00:00+00:00,14.676441,7.8149853
2025-10-19 16:00:00+00:00,53.426876,6.9480934
2025-10-19 17:00:00+00:00,45.970932,7.5105524
2025-10-19 18:00:00+00:00,62.783974,7.0843205
2025-10-19 19:00:00+00:00,129.40063,6.522361
2025-10-19 20:00:00+00:00,132.70937,6.3690495
2025-10-19 21:00:00+00:00,98.3658,6.1858225
2025-10-19 22:00:00+00:00,102.99462,7.2044983
2025-10-19 23:00:00+00:00,105.7087,5.983477
2025-10-20 00:00:00+00:00,117.216034,7.0843205
2025-10-20 01:00:00+00:00,124.11452,6.7397914
2025-10-20 02:00:00+00:00,122.828545,6.6405115
2025-10-20 03:00:00+00:00,97.495766,6.898956
2025-10-20 04:00:00+00:00,79.11452,4.7657523
2025-10-20 05:00:00+00:00,86.05489,5.232399
2025-10-20 06:00:00+00:00,68.83867,5.9834766
2025-10-20 07:00:00+00:00,61.60708,7.570707
2025-10-20 08:00:00+00:00,49.085716,7.145796
2025-10-20 09:00:00+00:00,37.746864,7.056826
2025-10-20 10:00:00+00:00,30.1413,6.452441
2025-10-20 11:00:00+00:00,22.988754,6.452441
2025-10-20 12:00:00+00:00,3.2396317,9.555271
2025-10-20 13:00:00+00:00,6.842679,9.0645685
2025-10-20 14:00:00+00:00,13.627024,12.224107
2025-10-20 15:00:00+00:00,25.301346,10.950452
2025-10-20 16:00:00+00:00,41.30852,7.9077177
2025-10-20 17:00:00+00:00,60.802605,7.0107627
2025-10-20 18:00:00+00:00,61.26031,6.3639607
2025-10-20 19:00:00+00:00,36.86998,5.3999996
2025-10-20 20:00:00+00:00,84.2895,3.6179552
2025-10-20 21:00:00+00:00,115.55992,4.5891175
2025-10-20 22:00:00+00:00,103.57046,5.3699164
2025-10-20 23:00:00+00:00,84.093956,5.2478566
2025-10-21 00:00:00+00:00,43.36347,4.4565907
2025-10-21 01:00:00+00:00,36.86999,4.5
2025-10-21 02:00:00+00:00,79.50858,4.942631
2025-10-21 03:00:00+00:00,49.185013,5.2323985
2025-10-21 04:00:00+00:00,7.59456,2.7238941
2025-10-21 05:00:00+00:00,360.0,3.96
2025-10-21 06:00:00+00:00,358.60284,7.3821945
2025-10-21 07:00:00+00:00,15.5928755,8.035746
2025-10-21 08:00:00+00:00,24.943882,8.536252
2025-10-21 09:00:00+00:00,21.31798,7.9220443
2025-10-21 10:00:00+00:00,11.633606,6.2483597
2025-10-21 11:00:00+00:00,360.0,4.68
2025-10-21 12:00:00+00:00,318.01285,7.2649574
2025-10-21 13:00:00+00:00,326.3099,7.7879906
2025-10-21 14:00:00+00:00,354.50775,9.403169
2025-10-21 15:00:00+00:00,346.70142,10.172787
2025-10-21 16:00:00+00:00,4.969664,8.311245
2025-10-21 17:00:00+00:00,10.007925,9.321845
2025-10-21 18:00:00+00:00,5.3320737,13.558673
2025-10-21 19:00:00+00:00,3.9451082,10.464798
2025-10-21 20:00:00+00:00,10.840266,8.613709
2025-10-21 21:00:00+00:00,33.340725,8.187527
2025-10-21 22:00:00+00:00,44.118694,8.274128
2025-10-21 23:00:00+00:00,52.431335,8.856658
2025-10-22 00:00:00+00:00,53.471054,6.048107
2025-10-22 01:00:00+00:00,62.65021,5.8769383
2025-10-22 02:00:00+00:00,64.133705,6.601363
2025-10-22 03:00:00+00:00,59.53454,7.10031
2025-10-22 04:00:00+00:00,47.489597,5.8603754
2025-10-22 05:00:00+00:00,31.263678,5.896202
2025-10-22 06:00:00+00:00,15.945477,6.5520988
2025-10-22 07:00:00+00:00,15.255177,8.209263
2025-10-22 08:00:00+00:00,18.103857,9.847496
2025-10-22 09:00:00+00:00,16.58742,8.827343
2025-10-22 10:00:00+00:00,11.821464,7.9077177
2025-10-22 11:00:00+00:00,358.31534,6.122647
2025-10-22 12:00:00+00:00,338.19852,7.754637
2025-10-22 13:00:00+00:00,357.99048,10.266314
2025-10-22 14:00:00+00:00,13.535882,9.9977
2025-10-22 15:00:00+00:00,29.604366,9.109138
2025-10-22 16:00:00+00:00,34.07725,7.388775
2025-10-22 17:00:00+00:00,62.70051,6.279395
2025-10-22 18:00:00+00:00,88.21013,5.7628117
2025-10-22 19:00:00+00:00,120.96369,4.198285
2025-10-22 20:00:00+00:00,133.53127,4.965521
2025-10-22 21:00:00+00:00,133.60289,5.22
2025-10-22 22:00:00+00:00,135.0001,5.854844
2025-10-22 23:00:00+00:00,138.81418,5.7402787
2025-10-23 00:00:00+00:00,148.39255,2.7475805
2025-10-23 01:00:00+00:00,153.43501,1.2074767
2025-10-23 02:00:00+00:00,157.3801,2.3400002
2025-10-23 03:00:00+00:00,141.63248,5.509882
2025-10-23 04:00:00+00:00,135.0001,4.3274937
2025-10-23 05:00:00+00:00,135.0001,4.072935
2025-10-23 06:00:00+00:00,141.84273,3.2048087
2025-10-23 07:00:00+00:00,44.999897,0.76367533
2025-10-23 08:00:00+00:00,7.12493,2.9024127
2025-10-23 09:00:00+00:00,360.0,4.14
2025-10-23 10:00:00+00:00,4.763556,4.3349743
2025-10-23 11:00:00+00:00,16.927603,4.327493
2025-10-23 12:00:00+00:00,47.290634,6.3690495
2025-10-23 13:00:00+00:00,63.435013,7.6473517
2025-10-23 14:00:00+00:00,59.743652,5.00128
2025-10-23 15:00:00+00:00,64.98315,2.97953
2025-10-23 16:00:00+00:00,60.255207,2.9024127
2025-10-23 17:00:00+00:00,80.2725,6.391901
2025-10-23 18:00:00+00:00,120.78408,9.847496
2025-10-23 19:00:00+00:00,127.64769,7.9567327
2025-10-23 20:00:00+00:00,138.17992,9.178235
2025-10-23 21:00:00+00:00,137.12111,10.316686
2025-10-23 22:00:00+00:00,145.0079,10.9859
2025-10-23 23:00:00+00:00,145.24402,10.735306
2025-10-24 00:00:00+00:00,148.44867,12.039833
2025-10-24 01:00:00+00:00,157.21756,9.761578
2025-10-24 02:00:00+00:00,156.66594,9.997699
2025-10-24 03:00:00+00:00,156.50142,9.028754
2025-10-24 04:00:00+00:00,147.0306,7.9383874
2025-10-24 05:00:00+00:00,150.9455,5.5596404
2025-10-24 06:00:00+00:00,169.3804,5.8603754
2025-10-24 07:00:00+00:00,60.255207,1.4512063
2025-10-24 08:00:00+00:00,9.090207,4.5572357
2025-10-24 09:00:00+00:00,360.0,4.86
2025-10-24 10:00:00+00:00,12.26477,4.2366967
2025-10-24 11:00:00+00:00,31.429514,3.7971041
2025-10-24 12:00:00+00:00,35.537766,4.6452556
2025-10-24 13:00:00+00:00,46.27295,5.728979
2025-10-24 14:00:00+00:00,42.709366,3.1845248
2025-10-24 15:00:00+00:00,347.4712,1.659518
2025-10-24 16:00:00+00:00,55.0079,4.39436
2025-10-24 17:00:00+00:00,104.62092,8.557102
2025-10-24 18:00:00+00:00,113.838745,8.461915
2025-10-24 19:00:00+00:00,111.57137,8.322932
2025-10-24 20:00:00+00:00,106.11349,8.431228
2025-10-24 21:00:00+00:00,113.86018,10.234705
2025-10-24 22:00:00+00:00,133.60289,10.44
2025-10-24 23:00:00+00:00,140.57222,10.486448
2025-10-25 00:00:00+00:00,142.54935,10.656547
2025-10-25 01:00:00+00:00,147.52882,9.387651
2025-10-25 02:00:00+00:00,151.55717,9.826088
2025-10-25 03:00:00+00:00,144.0578,8.893166
2025-10-25 04:00:00+00:00,135.0001,8.14587
2025-10-25 05:00:00+00:00,128.92755,6.015878
2025-10-25 06:00:00+00:00,123.6901,6.489992
2025-10-25 07:00:00+00:00,52.765083,5.6521144
2025-10-25 08:00:00+00:00,37.146767,7.4520864
2025-10-25 09:00:00+00:00,35.537766,7.7420926
2025-10-25 10:00:00+00:00,34.43906,7.6388745
2025-10-25 11:00:00+00:00,17.241547,5.4656014
2025-10-25 12:00:00+00:00,340.9064,4.952453
2025-10-25 13:00:00+00:00,329.30035,6.698806
2025-10-25 14:00:00+00:00,22.714453,8.39078
2025-10-25 15:00:00+00:00,69.04415,9.059205
2025-10-25 16:00:00+00:00,87.66274,8.827344
2025-10-25 17:00:00+00:00,82.694336,7.0774574
2025-10-25 18:00:00+00:00,66.37061,6.28713
2025-10-25 19:00:00+00:00,75.17348,6.330782
2025-10-25 20:00:00+00:00,107.52566,7.172949
2025-10-25 21:00:00+00:00,116.56499,8.049845
2025-10-25 22:00:00+00:00,122.660904,8.338489
2025-10-25 23:00:00+00:00,129.0355,8.574123
2025-10-26 00:00:00+00:00,125.94221,8.893166
2025-10-26 01:00:00+00:00,122.79953,9.636307
2025-10-26 02:00:00+00:00,117.552734,9.339208
2025-10-26 03:00:00+00:00,115.513824,8.775807
2025-10-26 04:00:00+00:00,101.0409,7.519175
2025-10-26 05:00:00+00:00,97.94338,7.814986
2025-10-26 06:00:00+00:00,97.12492,11.609651
2025-10-26 07:00:00+00:00,85.30141,13.184308
2025-10-26 08:00:00+00:00,72.31551,13.036026
2025-10-26 09:00:00+00:00,60.461315,12.413477
2025-10-26 10:00:00+00:00,51.20343,11.778658
2025-10-26 11:00:00+00:00,42.510403,8.790563
2025-10-26 12:00:00+00:00,36.634212,8.748075
2025-10-26 13:00:00+00:00,53.972538,9.793059
2025-10-26 14:00:00+00:00,61.92762,9.179999
2025-10-26 15:00:00+00:00,62.818974,7.4867883
2025-10-26 16:00:00+00:00,66.037506,7.0911775
2025-10-26 17:00:00+00:00,70.8209,8.766573
2025-10-26 18:00:00+00:00,81.86999,8.909545
2025-10-26 19:00:00+00:00,91.0416,9.901636
2025-10-26 20:00:00+00:00,91.90912,10.805999
2025-10-26 21:00:00+00:00,98.13002,10.182337
2025-10-26 22:00:00+00:00,99.637474,9.67657
2025-10-26 23:00:00+00:00,99.637474,9.67657
2025-10-27 00:00:00+00:00,96.22574,9.9587345
2025-10-27 01:00:00+00:00,85.76369,9.746631
2025-10-27 02:00:00+00:00,83.41815,9.422101
2025-10-27 03:00:00+00:00,75.37909,8.557102
2025-10-27 04:00:00+00:00,60.94549,7.4128532
2025-10-27 05:00:00+00:00,56.689358,7.538541
2025-10-27 06:00:00+00:00,62.65021,11.753877
2025-10-27 07:00:00+00:00,61.92762,15.299999
2025-10-27 08:00:00+00:00,57.030594,15.876775
2025-10-27 09:00:00+00:00,57.00229,16.525724
2025-10-27 10:00:00+00:00,51.881683,14.87153
2025-10-27 11:00:00+00:00,41.784435,11.345712
2025-10-27 12:00:00+00:00,38.516956,11.272657
2025-10-27 13:00:00+00:00,49.899166,8.942214
2025-10-27 14:00:00+00:00,57.528828,9.387651
2025-10-27 15:00:00+00:00,57.528828,9.387651
2025-10-27 16:00:00+00:00,91.90912,10.805999
2025-10-27 17:00:00+00:00,113.838745,8.461915
2025-10-27 18:00:00+00:00,121.13891,10.094454
2025-10-27 19:00:00+00:00,112.78245,9.761578
2025-10-27 20:00:00+00:00,99.81924,9.499157
2025-10-27 21:00:00+00:00,90.0,9.179999
2025-10-27 22:00:00+00:00,84.2895,9.044888
2025-10-27 23:00:00+00:00,82.33328,9.444426
2025-10-28 00:00:00+00:00,77.00539,9.605998
2025-10-28 01:00:00+00:00,77.692,10.132897
2025-10-28 02:00:00+00:00,76.42955,10.739833
2025-10-28 03:00:00+00:00,56.309914,10.383987
2025-10-28 04:00:00+00:00,58.671368,9.693296
2025-10-28 05:00:00+00:00,54.92617,10.337078
2025-10-28 06:00:00+00:00,40.135426,12.007498
2025-10-28 07:00:00+00:00,42.27363,16.055355
2025-10-28 08:00:00+00:00,47.353336,18.59845
2025-10-28 09:00:00+00:00,48.865566,18.880276
2025-10-28 10:00:00+00:00,47.802517,18.222721
2025-10-28 11:00:00+00:00,47.00956,14.51876
2025-10-28 12:00:00+00:00,49.3988,11.616626
2025-10-28 13:00:00+00:00,49.939285,10.348043
2025-10-28 14:00:00+00:00,46.27295,11.457958
2025-10-28 15:00:00+00:00,38.79657,11.778658
2025-10-28 16:00:00+00:00,46.332153,10.948973
2025-10-28 17:00:00+00:00,65.55606,10.874741
2025-10-28 18:00:00+00:00,87.13766,10.813492
2025-10-28 19:00:00+00:00,102.40741,9.215226
2025-10-28 20:00:00+00:00,99.27253,8.936778
2025-10-28 21:00:00+00:00,86.09958,7.9383874
2025-10-28 22:00:00+00:00,76.60749,7.771331
2025-10-28 23:00:00+00:00,67.963715,8.155807
2025-10-29 00:00:00+00:00,50.47741,9.3340025
2025-10-29 01:00:00+00:00,49.70793,10.855358
2025-10-29 02:00:00+00:00,61.03244,11.521406
2025-10-29 03:00:00+00:00,53.325558,10.548061
2025-10-29 04:00:00+00:00,51.709793,13.072015
2025-10-29 05:00:00+00:00,58.15099,13.985663
2025-10-29 06:00:00+00:00,52.721752,15.156384
2025-10-29 07:00:00+00:00,49.398785,16.595179
2025-10-29 08:00:00+00:00,55.304783,17.0763
2025-10-29 09:00:00+00:00,56.14286,17.123669
2025-10-29 10:00:00+00:00,57.188644,16.276815
2025-10-29 11:00:00+00:00,55.06899,13.83192
2025-10-29 12:00:00+00:00,43.06944,11.334285
2025-10-29 13:00:00+00:00,56.003494,9.335737
2025-10-29 14:00:00+00:00,64.397865,9.580668
2025-10-29 15:00:00+00:00,57.724377,8.0899935
2025-10-29 16:00:00+00:00,44.06091,7.7650757
2025-10-29 17:00:00+00:00,55.954018,8.037761
2025-10-29 18:00:00+00:00,44.999897,9.418662
2025-10-29 19:00:00+00:00,40.855286,8.805294
2025-10-29 20:00:00+00:00,46.54811,9.422101
2025-10-29 21:00:00+00:00,55.66973,8.936778
2025-10-29 22:00:00+00:00,60.708733,8.461914
2025-10-29 23:00:00+00:00,55.66973,8.936778
2025-10-30 00:00:00+00:00,61.631054,10.228373
2025-10-30 01:00:00+00:00,62.969223,9.901636
2025-10-30 02:00:00+00:00,67.79647,9.526405
2025-10-30 03:00:00+00:00,66.94868,9.194106
2025-10-30 04:00:00+00:00,52.02834,9.361731
2025-10-30 05:00:00+00:00,53.530666,10.296251
2025-10-30 06:00:00+00:00,57.264786,14.978984
2025-10-30 07:00:00+00:00,51.34017,16.135872
2025-10-30 08:00:00+00:00,49.53785,16.08761
2025-10-30 09:00:00+00:00,46.444057,15.15104
2025-10-30 10:00:00+00:00,44.999897,13.237038
2025-10-30 11:00:00+00:00,40.485935,9.703319
2025-10-30 12:00:00+00:00,23.552286,7.6579366
2025-10-30 13:00:00+00:00,16.927603,8.654986
2025-10-30 14:00:00+00:00,26.09537,9.82114
2025-10-30 15:00:00+00:00,34.56259,9.835975
2025-10-30 16:00:00+00:00,47.64261,8.281956
2025-10-30 17:00:00+00:00,53.61555,8.4963045
2025-10-30 18:00:00+00:00,57.724377,8.0899935
2025-10-30 19:00:00+00:00,65.77226,7.8954163
2025-10-30 20:00:00+00:00,87.064384,7.029225
2025-10-30 21:00:00+00:00,95.19434,5.9644947
2025-10-30 22:00:00+00:00,100.12462,5.1197267
2025-10-30 23:00:00+00:00,70.90642,4.952453
2025-10-31 00:00:00+00:00,56.88865,4.942631
2025-10-31 01:00:00+00:00,47.602623,5.6060677
2025-10-31 02:00:00+00:00,74.74483,6.1569467
2025-10-31 03:00:00+00:00,85.4861,6.8612823
2025-10-31 04:00:00+00:00,57.99466,3.396233
2025-10-31 05:00:00+00:00,33.6901,3.244996
2025-10-31 06:00:00+00:00,47.12111,6.8777895
2025-10-31 07:00:00+00:00,43.02507,7.386582
2025-10-31 08:00:00+00:00,42.954597,7.1321807
2025-10-31 09:00:00+00:00,48.503635,6.248359
2025-10-31 10:00:00+00:00,47.72637,5.3517847
2025-10-31 11:00:00+00:00,27.897186,3.4623692
2025-10-31 12:00:00+00:00,333.43503,3.219938
2025-10-31 13:00:00+00:00,296.56497,2.4149535
2025-10-31 14:00:00+00:00,270.0,1.6199999
2025-10-31 15:00:00+00:00,286.6993,1.8792552
2025-10-31 16:00:00+00:00,341.56494,1.7076298
2025-10-31 17:00:00+00:00,71.564964,1.1384199
2025-10-31 18:00:00+00:00,104.03627,1.484318
2025-10-31 19:00:00+00:00,123.6901,1.9469976
2025-10-31 20:00:00+00:00,135.0001,1.781909
2025-10-31 21:00:00+00:00,126.384445,4.2481523
2025-10-31 22:00:00+00:00,131.34769,5.994297
2025-10-31 23:00:00+00:00,152.176,7.327127
2025-11-01 00:00:00+00:00,152.4028,8.936778
2025-11-01 01:00:00+00:00,155.05612,8.536252
2025-11-01 02:00:00+00:00,160.42679,8.596766
2025-11-01 03:00:00+00:00,188.53069,7.2805495
2025-11-01 04:00:00+00:00,203.19862,5.4833565
2025-11-01 05:00:00+00:00,211.26367,5.896202
2025-11-01 06:00:00+00:00,220.91429,7.145796
2025-11-01 07:00:00+00:00,239.42085,4.599695
2025-11-01 08:00:00+00:00,284.6209,4.278551
2025-11-01 09:00:00+00:00,317.72638,5.3517847
2025-11-01 10:00:00+00:00,337.249,6.050785
2025-11-01 11:00:00+00:00,351.87,5.0911684
2025-11-01 12:00:00+00:00,32.005356,5.09435
2025-11-01 13:00:00+00:00,60.018444,5.402999
2025-11-01 14:00:00+00:00,64.8852,6.361415
2025-11-01 15:00:00+00:00,93.691315,5.5916004
2025-11-01 16:00:00+00:00,111.801476,5.815978
2025-11-01 17:00:00+00:00,114.30454,6.1226463
2025-11-01 18:00:00+00:00,112.24908,4.278551
2025-11-01 19:00:00+00:00,161.56496,1.1384199
2025-11-01 20:00:00+00:00,180.0,1.4399999
2025-11-01 21:00:00+00:00,186.3401,1.6299692
2025-11-01 22:00:00+00:00,182.4895,4.143911
2025-11-01 23:00:00+00:00,180.0,4.14
2025-11-02 00:00:00+00:00,160.55988,6.489992
2025-11-02 01:00:00+00:00,158.4985,6.384293
2025-11-02 02:00:00+00:00,170.53775,6.5693827
2025-11-02 03:00:00+00:00,160.0168,6.320538
2025-11-02 04:00:00+00:00,163.49556,5.068846
2025-11-02 05:00:00+00:00,165.96373,2.968636
2025-11-02 06:00:00+00:00,228.36655,2.1674871
2025-11-02 07:00:00+00:00,301.60745,2.7475805
2025-11-02 08:00:00+00:00,333.43503,4.0249224
2025-11-02 09:00:00+00:00,343.8107,5.8104043
2025-11-02 10:00:00+00:00,347.79953,6.8138976
2025-11-02 11:00:00+00:00,353.6599,8.149847
2025-11-02 12:00:00+00:00,11.496537,10.837435
2025-11-02 13:00:00+00:00,65.432846,6.9270773
2025-11-02 14:00:00+00:00,116.56499,7.6473517
2025-11-02 15:00:00+00:00,148.39255,5.495161
2025-11-02 16:00:00+00:00,175.91446,2.5264204
2025-11-02 17:00:00+00:00,181.46877,7.0223074
2025-11-02 18:00:00+00:00,169.43904,10.8029995
2025-11-02 19:00:00+00:00,177.18451,10.993271
2025-11-02 20:00:00+00:00,177.66275,8.827344
2025-11-02 21:00:00+00:00,167.4712,8.297589
2025-11-02 22:00:00+00:00,164.53873,8.777653
2025-11-02 23:00:00+00:00,169.79608,9.144637
2025-11-03 00:00:00+00:00,180.0,11.5199995
2025-11-03 01:00:00+00:00,182.91078,10.63372
2025-11-03 02:00:00+00:00,191.68935,10.661107
2025-11-03 03:00:00+00:00,200.07161,9.965239
2025-11-03 04:00:00+00:00,208.21725,8.37532
2025-11-03 05:00:00+00:00,216.86998,9.9
2025-11-03 06:00:00+00:00,230.30096,12.399113
2025-11-03 07:00:00+00:00,239.88634,10.404249
2025-11-03 08:00:00+00:00,245.09526,11.113451
2025-11-03 09:00:00+00:00,241.23244,10.472535
2025-11-03 10:00:00+00:00,249.44388,9.227524
2025-11-03 11:00:00+00:00,256.2637,8.338489
2025-11-03 12:00:00+00:00,207.5972,8.936778
2025-11-03 13:00:00+00:00,195.94547,7.8625183
2025-11-03 14:00:00+00:00,205.40767,7.970972
2025-11-03 15:00:00+00:00,194.4208,6.5049515
2025-11-03 16:00:00+00:00,164.4274,11.39842
2025-11-03 17:00:00+00:00,184.20528,12.273043
2025-11-03 18:00:00+00:00,204.22774,11.843124
2025-11-03 19:00:00+00:00,193.81505,11.307095
2025-11-03 20:00:00+00:00,204.14554,11.440979
2025-11-03 21:00:00+00:00,219.22566,11.385622
2025-11-03 22:00:00+00:00,221.26851,11.734564
2025-11-03 23:00:00+00:00,225.59058,12.346741
2025-11-04 00:00:00+00:00,217.87505,12.313894
2025-11-04 01:00:00+00:00,213.91747,12.5807
2025-11-04 02:00:00+00:00,215.3402,12.136325
2025-11-04 03:00:00+00:00,223.83095,12.475961
2025-11-04 04:00:00+00:00,225.67395,10.819482
2025-11-04 05:00:00+00:00,237.90744,12.535549
2025-11-04 06:00:00+00:00,250.44165,14.517644
2025-11-04 07:00:00+00:00,270.64374,16.02101
2025-11-04 08:00:00+00:00,286.52588,17.085785
2025-11-04 09:00:00+00:00,289.6987,15.486278
2025-11-04 10:00:00+00:00,296.23187,13.845967
2025-11-04 11:00:00+00:00,296.56497,8.452336
2025-11-04 12:00:00+00:00,267.33704,7.748368
2025-11-04 13:00:00+00:00,293.87527,12.007498
2025-11-04 14:00:00+00:00,323.13,9.9
2025-11-04 15:00:00+00:00,323.88055,8.244708
2025-11-04 16:00:00+00:00,316.04153,7.001514
2025-11-04 17:00:00+00:00,303.31064,7.538541
2025-11-04 18:00:00+00:00,300.7354,7.748368
2025-11-04 19:00:00+00:00,263.9911,6.87779
2025-11-04 20:00:00+00:00,246.3706,6.28713
2025-11-04 21:00:00+00:00,238.73633,5.896202
2025-11-04 22:00:00+00:00,257.125,6.4624763
2025-11-04 23:00:00+00:00,266.186,5.4119864
2025-11-05 00:00:00+00:00,252.47433,3.5864744
2025-11-05 01:00:00+00:00,237.09476,3.6447225
2025-11-05 02:00:00+00:00,233.13002,2.6999998
2025-11-05 03:00:00+00:00,180.0,1.08
2025-11-05 04:00:00+00:00,56.309914,1.2979984
2025-11-05 05:00:00+00:00,47.72637,2.6758924
2025-11-05 06:00:00+00:00,48.814175,5.7402787
2025-11-05 07:00:00+00:00,51.581917,6.6624317
2025-11-05 08:00:00+00:00,53.426876,6.9480934
2025-11-05 09:00:00+00:00,52.35232,7.9567327
2025-11-05 10:00:00+00:00,53.471054,6.048107
2025-11-05 11:00:00+00:00,40.9143,3.572898
2025-11-05 12:00:00+00:00,41.185837,1.9134263
2025-11-05 13:00:00+00:00,53.13002,0.9
2025-11-05 14:00:00+00:00,168.69011,0.9178235
2025-11-05 15:00:00+00:00,270.0,0.0
2025-11-05 16:00:00+00:00,17.241547,5.4656014
2025-11-05 17:00:00+00:00,55.1246,7.2403865
2025-11-05 18:00:00+00:00,69.56709,9.796366
2025-11-05 19:00:00+00:00,52.594578,7.7043357
2025-11-05 20:00:00+00:00,49.53785,8.043805
2025-11-05 21:00:00+00:00,97.12492,7.256032
2025-11-05 22:00:00+00:00,129.98683,7.282774
2025-11-05 23:00:00+00:00,128.85338,8.320986
2025-11-06 00:00:00+00:00,128.82983,9.473541
2025-11-06 01:00:00+00:00,134.16977,8.783189
2025-11-06 02:00:00+00:00,129.64413,8.181589
2025-11-06 03:00:00+00:00,115.40768,7.970972
2025-11-06 04:00:00+00:00,104.82652,6.330782
2025-11-06 05:00:00+00:00,97.853226,5.2694216
2025-11-06 06:00:00+00:00,118.442825,4.913044
2025-11-06 07:00:00+00:00,122.00535,1.6981165
2025-11-06 08:00:00+00:00,336.8014,2.7416782
2025-11-06 09:00:00+00:00,340.3461,5.3517847
2025-11-06 10:00:00+00:00,343.61038,6.379216
2025-11-06 11:00:00+00:00,348.11136,6.9899354
2025-11-06 12:00:00+00:00,15.376317,7.4672885
2025-11-06 13:00:00+00:00,81.528946,8.553314
2025-11-06 14:00:00+00:00,86.00917,7.7588143
2025-11-06 15:00:00+00:00,99.46225,4.379589
2025-11-06 16:00:00+00:00,141.95291,5.257109
2025-11-06 17:00:00+00:00,118.70586,8.6193495
2025-11-06 18:00:00+00:00,131.98714,7.2649574
2025-11-06 19:00:00+00:00,137.91092,7.519175
2025-11-06 20:00:00+00:00,150.2552,8.707237
2025-11-06 21:00:00+00:00,151.55717,9.826088
2025-11-06 22:00:00+00:00,149.38147,10.248941
2025-11-06 23:00:00+00:00,151.38963,9.021574
2025-11-07 00:00:00+00:00,144.83348,9.688281
2025-11-07 01:00:00+00:00,149.19862,10.897063
2025-11-07 02:00:00+00:00,154.5367,12.56008
2025-11-07 03:00:00+00:00,170.53775,10.948973
2025-11-07 04:00:00+00:00,165.65063,7.989243
2025-11-07 05:00:00+00:00,173.82993,6.698806
2025-11-07 06:00:00+00:00,207.55272,9.339208
2025-11-07 07:00:00+00:00,258.17853,7.9077177
2025-11-07 08:00:00+00:00,281.76825,8.825508
2025-11-07 09:00:00+00:00,293.0255,7.823272
2025-11-07 10:00:00+00:00,306.25394,6.696387
2025-11-07 11:00:00+00:00,334.44006,4.5891175
2025-11-07 12:00:00+00:00,352.40543,5.4477882
2025-11-07 13:00:00+00:00,343.3007,3.7585104
2025-11-07 14:00:00+00:00,237.99466,1.6981165
2025-11-07 15:00:00+00:00,223.83095,6.2379804
2025-11-07 16:00:00+00:00,235.56094,7.6388745
2025-11-07 17:00:00+00:00,254.74483,8.209263
2025-11-07 18:00:00+00:00,259.46088,7.8728137
2025-11-07 19:00:00+00:00,244.02565,7.8087645
2025-11-07 20:00:00+00:00,242.74475,6.6818557
2025-11-07 21:00:00+00:00,231.34016,5.7628117
2025-11-07 22:00:00+00:00,233.84172,5.796447
2025-11-07 23:00:00+00:00,255.96373,5.195113
2025-11-08 00:00:00+00:00,237.09476,3.6447225
2025-11-08 01:00:00+00:00,213.6901,2.5959969
2025-11-08 02:00:00+00:00,203.6294,3.143565
2025-11-08 03:00:00+00:00,217.40543,3.8521678
2025-11-08 04:00:00+00:00,242.6502,5.8769383
2025-11-08 05:00:00+00:00,247.8905,6.21717
2025-11-08 06:00:00+00:00,257.61926,7.555712
2025-11-08 07:00:00+00:00,260.72748,8.936778
2025-11-08 08:00:00+00:00,268.80655,8.641874
2025-11-08 09:00:00+00:00,274.96964,8.311245
2025-11-08 10:00:00+00:00,281.59213,7.1661706
2025-11-08 11:00:00+00:00,293.7495,4.91634
2025-11-08 12:00:00+00:00,302.00534,5.09435
2025-11-08 13:00:00+00:00,266.42374,5.771239
2025-11-08 14:00:00+00:00,244.65387,7.5685663
2025-11-08 15:00:00+00:00,252.3498,8.311245
2025-11-08 16:00:00+00:00,243.43501,8.452336
2025-11-08 17:00:00+00:00,229.53786,8.043805
2025-11-08 18:00:00+00:00,219.98683,7.282774
2025-11-08 19:00:00+00:00,205.64096,4.991553
2025-11-08 20:00:00+00:00,205.7099,5.3939967
2025-11-08 21:00:00+00:00,205.76927,5.7964473
2025-11-08 22:00:00+00:00,206.56499,0.8049845
2025-11-08 23:00:00+00:00,323.13,0.9
2025-11-09 00:00:00+00:00,180.0,2.16
2025-11-09 01:00:00+00:00,200.55612,3.0758414
2025-11-09 02:00:00+00:00,220.36446,4.724786
2025-11-09 03:00:00+00:00,228.81418,5.7402787
2025-11-09 04:00:00+00:00,242.02061,6.5223618
2025-11-09 05:00:00+00:00,255.52966,5.7628117
2025-11-09 06:00:00+00:00,268.78116,8.461914
2025-11-09 07:00:00+00:00,271.14572,9.0018
2025-11-09 08:00:00+00:00,276.20334,8.32877
2025-11-09 09:00:00+00:00,285.75125,7.293888
2025-11-09 10:00:00+00:00,290.13638,5.7515564
2025-11-09 11:00:00+00:00,305.21768,3.745557
2025-11-09 12:00:00+00:00,352.87506,5.8048253
2025-11-09 13:00:00+00:00,357.70944,4.503598
2025-11-09 14:00:00+00:00,263.6599,1.6299692
2025-11-09 15:00:00+00:00,215.3113,5.293959
2025-11-09 16:00:00+00:00,202.47948,5.6492476
2025-11-09 17:00:00+00:00,199.8553,6.889557
2025-11-09 18:00:00+00:00,195.94547,6.5520988
2025-11-09 19:00:00+00:00,195.25517,6.1569467
2025-11-09 20:00:00+00:00,187.30566,7.0774574
2025-11-09 21:00:00+00:00,197.59251,7.7420926
2025-11-09 22:00:00+00:00,208.49554,7.1684303
2025-11-09 23:00:00+00:00,219.61066,6.7757506
2025-11-10 00:00:00+00:00,230.82635,6.269067
2025-11-10 01:00:00+00:00,244.7989,6.763786
2025-11-10 02:00:00+00:00,221.49637,6.248359
2025-11-10 03:00:00+00:00,208.07239,6.12
2025-11-10 04:00:00+00:00,204.62355,4.7521367
2025-11-10 05:00:00+00:00,234.16226,3.9966483
2025-11-10 06:00:00+00:00,247.61981,6.6185193
2025-11-10 07:00:00+00:00,243.9247,9.418661
2025-11-10 08:00:00+00:00,245.37645,9.504273
2025-11-10 09:00:00+00:00,251.56496,9.107359
2025-11-10 10:00:00+00:00,259.46088,7.8728137
2025-11-10 11:00:00+00:00,273.9451,5.232399
2025-11-10 12:00:00+00:00,286.6993,5.637765
2025-11-10 13:00:00+00:00,265.60138,7.040739
2025-11-10 14:00:00+00:00,243.43501,7.6473517
2025-11-10 15:00:00+00:00,232.35231,7.9567327
2025-11-10 16:00:00+00:00,232.59457,7.7043357
2025-11-10 17:00:00+00:00,229.08571,7.145796
2025-11-10 18:00:00+00:00,217.23491,5.6521144
2025-11-10 19:00:00+00:00,201.4478,5.414979
2025-11-10 20:00:00+00:00,185.90605,5.2478566
2025-11-10 21:00:00+00:00,183.69131,5.5916004
2025-11-10 22:00:00+00:00,187.12492,5.8048253
2025-11-10 23:00:00+00:00,202.30626,7.587806
2025-11-11 00:00:00+00:00,204.94388,8.536252
2025-11-11 01:00:00+00:00,208.70586,8.6193495
2025-11-11 02:00:00+00:00,209.16751,8.863972
2025-11-11 03:00:00+00:00,214.43904,7.6388745
2025-11-11 04:00:00+00:00,248.74942,3.4763772
2025-11-11 05:00:00+00:00,292.83368,3.710795
2025-11-11 06:00:00+00:00,301.26367,5.896202
2025-11-11 07:00:00+00:00,299.0545,5.5596404
2025-11-11 08:00:00+00:00,295.01685,5.95906
2025-11-11 09:00:00+00:00,299.93143,6.854195
2025-11-11 10:00:00+00:00,305.36255,6.8423676
2025-11-11 11:00:00+00:00,324.46225,4.6452556
2025-11-11 12:00:00+00:00,9.688724,7.486788
2025-11-11 13:00:00+00:00,1.5481218,6.6624317
2025-11-11 14:00:00+00:00,343.3007,3.7585104
2025-11-11 15:00:00+00:00,194.03627,0.742159
2025-11-11 16:00:00+00:00,199.09358,4.952453
2025-11-11 17:00:00+00:00,222.5104,2.9301877
2025-11-11 18:00:00+00:00,270.0,1.6199999
2025-11-11 19:00:00+00:00,224.9999,2.8001428
2025-11-11 20:00:00+00:00,217.56866,2.9522195
2025-11-11 21:00:00+00:00,224.9999,0.76367533
2025-11-11 22:00:00+00:00,135.0001,0.25455844
2025-11-11 23:00:00+00:00,143.13002,0.9
2025-11-12 00:00:00+00:00,149.74365,2.50064
2025-11-12 01:00:00+00:00,146.3099,1.9469976
2025-11-12 02:00:00+00:00,153.43501,2.8174455
2025-11-12 03:00:00+00:00,188.74608,2.36753
2025-11-12 04:00:00+00:00,202.6199,2.3400002
2025-11-12 05:00:00+00:00,253.30067,1.8792552
2025-11-12 06:00:00+00:00,294.30453,6.1226463
2025-11-12 07:00:00+00:00,293.1986,6.8541956
2025-11-12 08:00:00+00:00,295.90643,7.0038276
2025-11-12 09:00:00+00:00,298.7397,6.3639607
2025-11-12 10:00:00+00:00,306.86996,5.3999996
2025-11-12 11:00:00+00:00,333.43503,3.219938
2025-11-12 12:00:00+00:00,7.853233,5.2694216
2025-11-12 13:00:00+00:00,3.691312,5.5916004
2025-11-12 14:00:00+00:00,13.5704565,5.3699164
2025-11-12 15:00:00+00:00,35.134277,5.9427266
2025-11-12 16:00:00+00:00,74.054535,1.3104197
2025-11-12 17:00:00+00:00,223.7812,5.983477
2025-11-12 18:00:00+00:00,210.46547,3.550155
2025-11-12 19:00:00+00:00,185.7105,1.8089776
2025-11-12 20:00:00+00:00,231.34016,2.3051248
2025-11-12 21:00:00+00:00,243.43501,1.609969
2025-11-12 22:00:00+00:00,251.56496,2.2768397
2025-11-12 23:00:00+00:00,246.80138,1.3708391
2025-11-13 00:00:00+00:00,161.56496,0.56920993
2025-11-13 01:00:00+00:00,180.0,1.08
2025-11-13 02:00:00+00:00,237.99466,1.6981165
2025-11-13 03:00:00+00:00,264.55975,3.7971036
2025-11-13 04:00:00+00:00,228.81418,1.9134263
2025-11-13 05:00:00+00:00,315.0001,2.0364676
2025-11-13 06:00:00+00:00,340.8209,4.3832865
2025-11-13 07:00:00+00:00,327.52884,4.6938257
2025-11-13 08:00:00+00:00,338.19852,4.846648
2025-11-13 09:00:00+00:00,344.05453,5.2416787
2025-11-13 10:00:00+00:00,344.05453,5.2416787
2025-11-13 11:00:00+00:00,337.6198,3.3092597
2025-11-13 12:00:00+00:00,345.06854,2.7943513
2025-11-13 13:00:00+00:00,47.72637,2.6758924
2025-11-13 14:00:00+00:00,74.57778,5.4149795
2025-11-13 15:00:00+00:00,82.234924,3.9966488
2025-11-13 16:00:00+00:00,108.43504,2.2768397
2025-11-13 17:00:00+00:00,111.25058,3.4763772
2025-11-13 18:00:00+00:00,107.818985,5.2939587
2025-11-13 19:00:00+00:00,115.20109,6.763786
2025-11-13 20:00:00+00:00,124.11452,6.7397914
2025-11-13 21:00:00+00:00,145.49142,6.989936
2025-11-13 22:00:00+00:00,157.8336,5.2478566
2025-11-13 23:00:00+00:00,170.13426,4.2021422
2025-11-14 00:00:00+00:00,160.9743,5.5216303
2025-11-14 01:00:00+00:00,178.15244,5.5829024
2025-11-14 02:00:00+00:00,175.60138,7.040739
2025-11-14 03:00:00+00:00,165.61858,7.247096
2025-11-14 04:00:00+00:00,155.55606,6.5248446
2025-11-14 05:00:00+00:00,149.9315,3.9518096
2025-11-14 06:00:00+00:00,149.42085,4.599695
2025-11-14 07:00:00+00:00,153.43501,1.609969
2025-11-14 08:00:00+00:00,33.6901,0.6489992
2025-11-14 09:00:00+00:00,8.130019,2.5455842
2025-11-14 10:00:00+00:00,12.26477,4.2366967
2025-11-14 11:00:00+00:00,12.99463,4.802999
2025-11-14 12:00:00+00:00,360.0,9.0
2025-11-14 13:00:00+00:00,25.201094,6.763786
2025-11-14 14:00:00+00:00,75.96373,6.6794305
2025-11-14 15:00:00+00:00,81.11942,5.8298883
2025-11-14 16:00:00+00:00,101.63361,6.2483597
2025-11-14 17:00:00+00:00,117.216034,7.0843205
2025-11-14 18:00:00+00:00,133.91916,6.7469993
2025-11-14 19:00:00+00:00,157.93205,7.186487
2025-11-14 20:00:00+00:00,158.83867,5.9834766
2025-11-14 21:00:00+00:00,155.22488,5.154415
2025-11-14 22:00:00+00:00,152.52565,5.072041
2025-11-14 23:00:00+00:00,150.01845,5.402999
2025-11-15 00:00:00+00:00,154.44008,4.5891175
2025-11-15 01:00:00+00:00,162.75845,5.4656014
2025-11-15 02:00:00+00:00,163.49556,5.068846
2025-11-15 03:00:00+00:00,150.64235,6.6087217
2025-11-15 04:00:00+00:00,138.36655,6.502461
2025-11-15 05:00:00+00:00,133.26433,4.2021427
2025-11-15 06:00:00+00:00,120.96369,4.198285
2025-11-15 07:00:00+00:00,80.53775,3.2846913
2025-11-15 08:00:00+00:00,34.9921,4.39436
2025-11-15 09:00:00+00:00,18.435053,6.2613096
2025-11-15 10:00:00+00:00,18.435053,7.3997297
2025-11-15 11:00:00+00:00,21.037588,5.0142193
2025-11-15 12:00:00+00:00,20.772345,5.5829024
2025-11-15 13:00:00+00:00,31.263678,5.896202
2025-11-15 14:00:00+00:00,33.6901,6.489992
2025-11-15 15:00:00+00:00,28.30066,5.315336
2025-11-15 16:00:00+00:00,94.23632,4.8733153
2025-11-15 17:00:00+00:00,125.94221,8.893166
2025-11-15 18:00:00+00:00,123.690094,5.8409934
2025-11-15 19:00:00+00:00,128.92755,6.015878
2025-11-15 20:00:00+00:00,154.35904,4.991553
2025-11-15 21:00:00+00:00,149.03632,7.3469996
2025-11-15 22:00:00+00:00,149.03632,7.3469996
2025-11-15 23:00:00+00:00,162.89719,4.896529
2025-11-16 00:00:00+00:00,165.96373,2.968636
2025-11-16 01:00:00+00:00,168.11136,3.4949677
2025-11-16 02:00:00+00:00,154.1337,6.601363
2025-11-16 03:00:00+00:00,155.55606,6.5248446
2025-11-16 04:00:00+00:00,149.03632,5.2478566
2025-11-16 05:00:00+00:00,130.60121,1.659518
2025-11-16 06:00:00+00:00,141.34016,2.3051248
2025-11-16 07:00:00+00:00,68.96242,2.5071096
2025-11-16 08:00:00+00:00,34.9921,4.39436
2025-11-16 09:00:00+00:00,22.109503,6.21717
2025-11-16 10:00:00+00:00,17.102825,7.3447943
2025-11-16 11:00:00+00:00,10.124612,5.1197267
2025-11-16 12:00:00+00:00,26.564985,2.4149535
2025-11-16 13:00:00+00:00,74.054535,1.3104197
2025-11-16 14:00:00+00:00,66.37061,3.143565
2025-11-16 15:00:00+00:00,72.89719,4.896529
2025-11-16 16:00:00+00:00,71.564964,2.8460498
2025-11-16 17:00:00+00:00,107.10281,2.4482646
2025-11-16 18:00:00+00:00,120.141304,6.452441
2025-11-16 19:00:00+00:00,138.36655,6.502461
2025-11-16 20:00:00+00:00,147.26479,5.991594
2025-11-16 21:00:00+00:00,156.2505,4.91634
2025-11-16 22:00:00+00:00,172.40544,2.7238941
2025-11-16 23:00:00+00:00,188.13002,3.8183763
2025-11-17 00:00:00+00:00,175.42616,4.514377
2025-11-17 01:00:00+00:00,172.87508,4.353619
2025-11-17 02:00:00+00:00,170.13426,4.2021422
2025-11-17 03:00:00+00:00,164.3577,4.6730714
2025-11-17 04:00:00+00:00,176.30869,5.5916004
2025-11-17 05:00:00+00:00,197.10281,2.4482646
2025-11-17 06:00:00+00:00,270.0,3.7799997
2025-11-17 07:00:00+00:00,288.43503,4.5536795
2025-11-17 08:00:00+00:00,297.55273,4.669604
2025-11-17 09:00:00+00:00,310.36444,4.724786
2025-11-17 10:00:00+00:00,331.38962,4.510787
2025-11-17 11:00:00+00:00,357.5105,4.143911
2025-11-17 12:00:00+00:00,21.801476,6.7853074
2025-11-17 13:00:00+00:00,55.840256,6.090812
2025-11-17 14:00:00+00:00,106.55715,6.9480934
2025-11-17 15:00:00+00:00,123.310646,7.538541
2025-11-17 16:00:00+00:00,136.33215,5.4744864
2025-11-17 17:00:00+00:00,170.13426,4.2021422
2025-11-17 18:00:00+00:00,173.8846,5.0688457
2025-11-17 19:00:00+00:00,166.50426,4.6277857
2025-11-17 20:00:00+00:00,170.53775,5.4744864
2025-11-17 21:00:00+00:00,181.9091,5.4029994
2025-11-17 22:00:00+00:00,180.0,4.5
2025-11-17 23:00:00+00:00,188.13002,3.8183763
2025-11-18 00:00:00+00:00,165.2564,3.536439
2025-11-18 01:00:00+00:00,161.56496,3.4152596
2025-11-18 02:00:00+00:00,166.75948,3.143565
2025-11-18 03:00:00+00:00,157.61983,3.3092597
2025-11-18 04:00:00+00:00,160.70985,3.8141315
2025-11-18 05:00:00+00:00,233.13002,0.9
2025-11-18 06:00:00+00:00,315.0001,0.25455844
2025-11-18 07:00:00+00:00,360.0,2.34
2025-11-18 08:00:00+00:00,2.385899,4.323748
2025-11-18 09:00:00+00:00,358.15244,5.5829024
2025-11-18 10:00:00+00:00,360.0,5.3999996
2025-11-18 11:00:00+00:00,3.8140097,2.7059932
2025-11-18 12:00:00+00:00,21.801476,0.9693296
2025-11-18 13:00:00+00:00,105.25517,2.0523157
2025-11-18 14:00:00+00:00,114.22774,3.9477081
2025-11-18 15:00:00+00:00,126.86999,3.6
2025-11-18 16:00:00+00:00,131.98714,2.4216523
2025-11-18 17:00:00+00:00,107.35411,3.01735
2025-11-18 18:00:00+00:00,113.962494,3.5455887
2025-11-18 19:00:00+00:00,127.40543,3.8521678
2025-11-18 20:00:00+00:00,140.19447,2.8116899
2025-11-18 21:00:00+00:00,180.0,0.35999998
2025-11-18 22:00:00+00:00,255.96373,0.742159
2025-11-18 23:00:00+00:00,236.3099,1.2979984
2025-11-19 00:00:00+00:00,188.13002,1.2727921
2025-11-19 01:00:00+00:00,168.69011,1.835647
2025-11-19 02:00:00+00:00,161.56496,2.2768397
2025-11-19 03:00:00+00:00,156.3706,3.143565
2025-11-19 04:00:00+00:00,137.38599,6.114703
2025-11-19 05:00:00+00:00,127.875046,4.1046314
2025-11-19 06:00:00+00:00,156.80139,4.1125174
2025-11-19 07:00:00+00:00,171.46931,3.6402748
2025-11-19 08:00:00+00:00,188.74608,2.36753
2025-11-19 09:00:00+00:00,279.46225,1.0948973
2025-11-19 10:00:00+00:00,331.69934,2.657668
2025-11-19 11:00:00+00:00,352.5687,4.175069
2025-11-19 12:00:00+00:00,17.354122,6.0347
2025-11-19 13:00:00+00:00,53.84173,5.796447
2025-11-19 14:00:00+00:00,90.0,6.2999997
2025-11-19 15:00:00+00:00,106.85848,6.206738
2025-11-19 16:00:00+00:00,123.11135,4.942631
2025-11-19 17:00:00+00:00,145.71307,4.7928696
2025-11-19 18:00:00+00:00,180.0,4.68
2025-11-19 19:00:00+00:00,177.6141,4.323748
2025-11-19 20:00:00+00:00,188.13002,1.2727921
2025-11-19 21:00:00+00:00,325.4914,3.494968
2025-11-19 22:00:00+00:00,260.53775,1.0948973
2025-11-19 23:00:00+00:00,180.0,0.9
2025-11-20 00:00:00+00:00,8.530692,3.6402748
2025-11-20 01:00:00+00:00,51.34017,4.6102495
2025-11-20 02:00:00+00:00,72.18102,5.2939587
2025-11-20 03:00:00+00:00,94.23632,4.8733153
2025-11-20 04:00:00+00:00,87.70944,4.503598
2025-11-20 05:00:00+00:00,61.69934,2.657668
2025-11-20 06:00:00+00:00,36.253937,3.3481934
2025-11-20 07:00:00+00:00,26.564985,3.62243
2025-11-20 08:00:00+00:00,4.763556,4.3349743
2025-11-20 09:00:00+00:00,355.91446,5.0528407
2025-11-20 10:00:00+00:00,2.2025495,4.6834598
2025-11-20 11:00:00+00:00,15.945477,2.6208394
2025-11-20 12:00:00+00:00,44.999897,2.0364676
2025-11-20 13:00:00+00:00,78.6901,1.835647
2025-11-20 14:00:00+00:00,68.96242,2.5071096
2025-11-20 15:00:00+00:00,46.468742,4.965521
2025-11-20 16:00:00+00:00,41.63345,2.1674871
2025-11-20 17:00:00+00:00,97.12492,1.4512063
2025-11-20 18:00:00+00:00,68.19853,2.907989
2025-11-20 19:00:00+00:00,46.8476,3.9477081
2025-11-20 20:00:00+00:00,74.3577,4.6730714
2025-11-20 21:00:00+00:00,90.0,4.32
2025-11-20 22:00:00+00:00,102.80426,4.060985
2025-11-20 23:00:00+00:00,104.62092,4.278551
2025-11-21 00:00:00+00:00,102.09474,5.1544156
2025-11-21 01:00:00+00:00,110.77233,5.5829024
2025-11-21 02:00:00+00:00,119.357666,6.6087217
2025-11-21 03:00:00+00:00,121.50421,6.544677
2025-11-21 04:00:00+00:00,109.025696,5.5216303
2025-11-21 05:00:00+00:00,84.2895,3.6179552
2025-11-21 06:00:00+00:00,43.26433,4.2021427
2025-11-21 07:00:00+00:00,22.93213,5.0816135
2025-11-21 08:00:00+00:00,4.8990126,6.3231
2025-11-21 09:00:00+00:00,356.98727,6.849467
2025-11-21 10:00:00+00:00,348.0239,6.0721655
2025-11-21 11:00:00+00:00,349.21573,3.84796
2025-11-21 12:00:00+00:00,357.5105,4.143911
2025-11-21 13:00:00+00:00,7.59456,5.4477882
2025-11-21 14:00:00+00:00,17.354122,6.0347
2025-11-21 15:00:00+00:00,18.03438,8.139901
2025-11-21 16:00:00+00:00,14.036275,7.42159
2025-11-21 17:00:00+00:00,10.007925,6.2145634
2025-11-21 18:00:00+00:00,8.130019,5.0911684
2025-11-21 19:00:00+00:00,9.865748,4.2021422
2025-11-21 20:00:00+00:00,12.26477,4.2366967
2025-11-21 21:00:00+00:00,24.443953,4.3498964
2025-11-21 22:00:00+00:00,26.564985,4.829907
2025-11-21 23:00:00+00:00,22.751022,6.050785
2025-11-22 00:00:00+00:00,33.231728,6.2405767
2025-11-22 01:00:00+00:00,37.568665,5.904439
2025-11-22 02:00:00+00:00,50.710617,5.1165614
2025-11-22 03:00:00+00:00,69.44387,6.151683
2025-11-22 04:00:00+00:00,61.389645,4.510787
2025-11-22 05:00:00+00:00,49.085716,3.572898
2025-11-22 06:00:00+00:00,28.810698,4.1085763
2025-11-22 07:00:00+00:00,26.564985,6.037383
2025-11-22 08:00:00+00:00,26.564985,7.24486
2025-11-22 09:00:00+00:00,21.801476,6.7853074
2025-11-22 10:00:00+00:00,18.435053,6.2613096
2025-11-22 11:00:00+00:00,12.26477,4.2366967
2025-11-22 12:00:00+00:00,5.4402504,3.7971036
2025-11-22 13:00:00+00:00,356.6336,3.0652895
2025-11-22 14:00:00+00:00,341.56494,2.8460498
2025-11-22 15:00:00+00:00,341.56494,2.8460498
2025-11-22 16:00:00+00:00,11.3098955,3.671294
2025-11-22 17:00:00+00:00,36.469334,5.1481256
2025-11-22 18:00:00+00:00,47.12111,3.4388947
2025-11-22 19:00:00+00:00,42.709366,3.1845248
2025-11-22 20:00:00+00:00,69.775055,3.644722
2025-11-22 21:00:00+00:00,90.0,4.32
2025-11-22 22:00:00+00:00,90.0,4.5
2025-11-22 23:00:00+00:00,100.491425,4.942631
2025-11-23 00:00:00+00:00,109.025696,5.5216303
2025-11-23 01:00:00+00:00,112.1664,5.2478566
2025-11-23 02:00:00+00:00,106.50443,5.068846
2025-11-23 03:00:00+00:00,109.653915,5.3517847
2025-11-23 04:00:00+00:00,82.14678,5.2694216
2025-11-23 05:00:00+00:00,52.124958,4.1046314
2025-11-23 06:00:00+00:00,43.72705,5.728979
2025-11-23 07:00:00+00:00,49.844074,7.5363917
2025-11-23 08:00:00+00:00,40.462154,8.043805
2025-11-23 09:00:00+00:00,36.11944,8.244708
2025-11-23 10:00:00+00:00,32.275623,8.0899935
2025-11-23 11:00:00+00:00,24.623547,4.7521367
2025-11-23 12:00:00+00:00,4.763556,4.3349743
2025-11-23 13:00:00+00:00,343.3007,3.7585104
2025-11-23 14:00:00+00:00,341.07526,6.66
2025-11-23 15:00:00+00:00,10.437421,6.9550843
2025-11-23 16:00:00+00:00,25.90646,7.0038276
2025-11-23 17:00:00+00:00,18.435053,6.2613096
2025-11-23 18:00:00+00:00,33.231728,6.2405767
2025-11-23 19:00:00+00:00,31.827414,6.1437774
2025-11-23 20:00:00+00:00,32.005356,6.792466
2025-11-23 21:00:00+00:00,42.954597,7.1321807
2025-11-23 22:00:00+00:00,47.290634,6.3690495
2025-11-23 23:00:00+00:00,57.652576,6.391901
2025-11-24 00:00:00+00:00,54.246033,5.5450516
2025-11-24 01:00:00+00:00,60.75127,5.1575575
2025-11-24 02:00:00+00:00,74.931465,4.8466477
2025-11-24 03:00:00+00:00,83.829926,6.698806
2025-11-24 04:00:00+00:00,68.19853,4.846648
2025-11-24 05:00:00+00:00,65.55606,4.3498964
2025-11-24 06:00:00+00:00,55.0079,4.39436
2025-11-24 07:00:00+00:00,46.73567,4.2021427
2025-11-24 08:00:00+00:00,50.710617,5.1165614
2025-11-24 09:00:00+00:00,51.072456,6.015878
2025-11-24 10:00:00+00:00,41.347687,5.994297
2025-11-24 11:00:00+00:00,14.620926,4.278551
2025-11-24 12:00:00+00:00,334.98312,5.95906
2025-11-24 13:00:00+00:00,319.9698,5.876938
2025-11-24 14:00:00+00:00,344.47583,6.725354
2025-11-24 15:00:00+00:00,17.418066,9.621163
2025-11-24 16:00:00+00:00,37.99879,7.3094187
2025-11-24 17:00:00+00:00,31.607454,5.495161
2025-11-24 18:00:00+00:00,42.397392,5.6060677
2025-11-24 19:00:00+00:00,36.86999,6.299999
2025-11-24 20:00:00+00:00,51.115498,7.1684303
2025-11-24 21:00:00+00:00,58.627052,8.643749
2025-11-24 22:00:00+00:00,80.72748,8.936778
2025-11-24 23:00:00+00:00,87.56341,8.467655
2025-11-25 00:00:00+00:00,97.38595,9.801326
2025-11-25 01:00:00+00:00,98.914856,9.292254
2025-11-25 02:00:00+00:00,94.57384,9.028754
2025-11-25 03:00:00+00:00,87.75431,9.187056
2025-11-25 04:00:00+00:00,73.68607,7.689603
2025-11-25 05:00:00+00:00,83.21112,7.613382
2025-11-25 06:00:00+00:00,82.72509,8.528657
2025-11-25 07:00:00+00:00,76.37299,12.224107
2025-11-25 08:00:00+00:00,63.768124,13.845967
2025-11-25 09:00:00+00:00,54.659805,12.136325
2025-11-25 10:00:00+00:00,43.754726,11.712454
2025-11-25 11:00:00+00:00,36.1933,9.144637
2025-11-25 12:00:00+00:00,31.607454,8.242743
2025-11-25 13:00:00+00:00,36.1933,9.144637
2025-11-25 14:00:00+00:00,31.372961,8.643749
2025-11-25 15:00:00+00:00,36.86999,8.099999
2025-11-25 16:00:00+00:00,44.999897,8.400428
2025-11-25 17:00:00+00:00,25.559923,9.178235
2025-11-25 18:00:00+00:00,27.597204,8.936778
2025-11-25 19:00:00+00:00,49.574005,6.384293
2025-11-25 20:00:00+00:00,47.290634,6.3690495
2025-11-25 21:00:00+00:00,62.818974,7.4867883
2025-11-25 22:00:00+00:00,66.29735,8.0599
2025-11-25 23:00:00+00:00,75.96373,8.163749
2025-11-26 00:00:00+00:00,87.66274,8.827344
2025-11-26 01:00:00+00:00,93.50346,8.836514
2025-11-26 02:00:00+00:00,94.57384,9.028754
2025-11-26 03:00:00+00:00,94.48453,9.208192
2025-11-26 04:00:00+00:00,80.31129,7.486788
2025-11-26 05:00:00+00:00,77.619255,7.555712
2025-11-26 06:00:00+00:00,66.61476,7.256032
2025-11-26 07:00:00+00:00,63.435013,7.6473517
2025-11-26 08:00:00+00:00,64.440094,9.178235
2025-11-26 09:00:00+00:00,61.47699,9.4238205
2025-11-26 10:00:00+00:00,57.264786,8.9873905
2025-11-26 11:00:00+00:00,48.503635,6.248359
2025-11-26 12:00:00+00:00,21.124796,8.490582
2025-11-26 13:00:00+00:00,15.350199,9.5196
2025-11-26 14:00:00+00:00,13.799514,10.564941
2025-11-26 15:00:00+00:00,18.060568,8.709098
2025-11-26 16:00:00+00:00,24.775122,7.731623
2025-11-26 17:00:00+00:00,31.534754,9.292255
2025-11-26 18:00:00+00:00,42.768803,9.807935
2025-11-26 19:00:00+00:00,41.185837,9.567131
2025-11-26 20:00:00+00:00,45.707233,10.310402
2025-11-26 21:00:00+00:00,46.468742,9.931042
2025-11-26 22:00:00+00:00,49.51408,9.703319
2025-11-26 23:00:00+00:00,51.170166,9.473541
2025-11-27 00:00:00+00:00,49.939285,10.348043
2025-11-27 01:00:00+00:00,53.972538,9.793059
2025-11-27 02:00:00+00:00,56.611465,9.485504
2025-11-27 03:00:00+00:00,52.92685,10.152064
2025-11-27 04:00:00+00:00,49.144714,8.805294
2025-11-27 05:00:00+00:00,47.231197,9.807935
2025-11-27 06:00:00+00:00,41.37842,10.075177
2025-11-27 07:00:00+00:00,35.07383,10.337078
2025-11-27 08:00:00+00:00,31.29298,10.742848
2025-11-27 09:00:00+00:00,27.758451,11.594292
2025-11-27 10:00:00+00:00,24.304548,12.245293
2025-11-27 11:00:00+00:00,17.525654,10.759423
2025-11-27 12:00:00+00:00,359.07596,11.16145
2025-11-27 13:00:00+00:00,2.4194627,12.791403
2025-11-27 14:00:00+00:00,9.963748,13.523978
2025-11-27 15:00:00+00:00,13.671325,13.708391
2025-11-27 16:00:00+00:00,24.623547,14.256409
2025-11-27 17:00:00+00:00,30.699654,13.397612
2025-11-27 18:00:00+00:00,37.665695,12.961249
2025-11-27 19:00:00+00:00,36.528946,12.096214
2025-11-27 20:00:00+00:00,37.405437,11.556504
2025-11-27 21:00:00+00:00,35.960606,11.341428
2025-11-27 22:00:00+00:00,38.516956,11.272657
2025-11-27 23:00:00+00:00,42.397392,11.212135
2025-11-28 00:00:00+00:00,38.157276,9.614426
2025-11-28 01:00:00+00:00,35.272507,9.039514
2025-11-28 02:00:00+00:00,33.070686,9.236298
2025-11-28 03:00:00+00:00,31.29298,10.742848
2025-11-28 04:00:00+00:00,31.675428,9.9408245
2025-11-28 05:00:00+00:00,32.680546,11.334285
2025-11-28 06:00:00+00:00,29.623667,10.560341
2025-11-28 07:00:00+00:00,23.33406,9.997699
2025-11-28 08:00:00+00:00,18.121958,10.4166975
2025-11-28 09:00:00+00:00,13.5704565,10.739833
2025-11-28 10:00:00+00:00,12.633354,10.699028
2025-11-28 11:00:00+00:00,11.1130085,10.272623
2025-11-28 12:00:00+00:00,9.462261,7.6642804
2025-11-28 13:00:00+00:00,7.274921,8.528657
2025-11-28 14:00:00+00:00,13.240531,9.430694
2025-11-28 15:00:00+00:00,360.0,9.0
2025-11-28 16:00:00+00:00,3.433568,9.016185
2025-11-28 17:00:00+00:00,11.94416,9.56713
2025-11-28 18:00:00+00:00,27.950872,9.984729
2025-11-28 19:00:00+00:00,30.018288,9.354806
2025-11-28 20:00:00+00:00,33.366394,8.836514
2025-11-28 21:00:00+00:00,34.3804,8.287822
2025-11-28 22:00:00+00:00,36.86999,8.099999
2025-11-28 23:00:00+00:00,43.09086,7.6409945
2025-11-29 00:00:00+00:00,47.20262,6.623413
2025-11-29 01:00:00+00:00,42.878906,6.8777895
2025-11-29 02:00:00+00:00,33.6901,7.7879906
2025-11-29 03:00:00+00:00,36.1933,9.144637
2025-11-29 04:00:00+00:00,36.326923,7.596341
2025-11-29 05:00:00+00:00,36.38445,8.4963045
2025-11-29 06:00:00+00:00,34.045982,8.037761
2025-11-29 07:00:00+00:00,32.57405,7.689603
2025-11-29 08:00:00+00:00,33.6901,7.7879906
2025-11-29 09:00:00+00:00,28.810698,8.217153
2025-11-29 10:00:00+00:00,17.592522,7.7420926
2025-11-29 11:00:00+00:00,3.3664,6.130579
2025-11-29 12:00:00+00:00,11.3098955,4.5891175
2025-11-29 13:00:00+00:00,4.184834,7.3997297
2025-11-29 14:00:00+00:00,3.9451082,10.464798
2025-11-29 15:00:00+00:00,23.198618,9.595874
2025-11-29 16:00:00+00:00,20.556128,9.227524
2025-11-29 17:00:00+00:00,33.340725,8.187527
2025-11-29 18:00:00+00:00,39.09386,7.42159
2025-11-29 19:00:00+00:00,33.6901,7.1389914
2025-11-29 20:00:00+00:00,44.999897,6.873078
2025-11-29 21:00:00+00:00,56.3099,6.489992
2025-11-29 22:00:00+00:00,48.814175,5.7402787
2025-11-29 23:00:00+00:00,44.999897,5.6002855
2025-11-30 00:00:00+00:00,62.65021,5.8769383
2025-11-30 01:00:00+00:00,71.564964,5.6920996
2025-11-30 02:00:00+00:00,78.6901,5.506941
2025-11-30 03:00:00+00:00,82.694336,7.0774574
2025-11-30 04:00:00+00:00,67.06787,5.0816135
2025-11-30 05:00:00+00:00,44.999897,4.3274937
2025-11-30 06:00:00+00:00,27.474344,5.072041
2025-11-30 07:00:00+00:00,24.304548,6.1226463
2025-11-30 08:00:00+00:00,17.87879,5.8631387
2025-11-30 09:00:00+00:00,358.26434,5.9427266
2025-11-30 10:00:00+00:00,352.09293,6.542201
2025-11-30 11:00:00+00:00,351.11942,5.8298883
2025-11-30 12:00:00+00:00,342.18103,5.2939587
2025-11-30 13:00:00+00:00,357.27374,7.5685663
2025-11-30 14:00:00+00:00,7.695961,6.7205353
2025-11-30 15:00:00+00:00,16.699326,5.637765
2025-11-30 16:00:00+00:00,39.805527,5.6233797
2025-11-30 17:00:00+00:00,64.23073,5.7964473
2025-11-30 18:00:00+00:00,94.08554,5.0528407
2025-11-30 19:00:00+00:00,116.56499,1.609969
2025-11-30 20:00:00+00:00,180.0,0.54
2025-11-30 21:00:00+00:00,224.9999,0.5091169
2025-11-30 22:00:00+00:00,243.43501,0.40249225
2025-11-30 23:00:00+00:00,180.0,0.35999998
2025-12-01 00:00:00+00:00,113.962494,1.7727944
2025-12-01 01:00:00+00:00,120.96369,1.0495713
2025-12-01 02:00:00+00:00,128.65984,1.1525624
2025-12-01 03:00:00+00:00,135.0001,1.5273507
2025-12-01 04:00:00+00:00,20.556128,1.5379207
2025-12-01 05:00:00+00:00,33.6901,1.9469976
2025-12-01 06:00:00+00:00,26.564985,2.8174455
2025-12-01 07:00:00+00:00,3.0127327,3.4247334
2025-12-01 08:00:00+00:00,340.0168,4.2136917
2025-12-01 09:00:00+00:00,327.99466,5.09435
2025-12-01 10:00:00+00:00,318.991,5.48631
2025-12-01 11:00:00+00:00,313.26434,4.2021427
2025-12-01 12:00:00+00:00,335.55606,2.1749482
2025-12-01 13:00:00+00:00,29.054508,1.8532133
2025-12-01 14:00:00+00:00,48.57643,4.080882
2025-12-01 15:00:00+00:00,62.525658,5.072041
2025-12-01 16:00:00+00:00,93.17977,3.244996
2025-12-01 17:00:00+00:00,146.3099,1.9469976
2025-12-01 18:00:00+00:00,135.0001,3.8183763
2025-12-01 19:00:00+00:00,119.05451,1.8532133
2025-12-01 20:00:00+00:00,126.86999,0.9
2025-12-01 21:00:00+00:00,153.43501,0.40249225
2025-12-01 22:00:00+00:00,120.96369,1.0495713
2025-12-01 23:00:00+00:00,126.86999,1.8
2025-12-02 00:00:00+00:00,126.86999,3.6
2025-12-02 01:00:00+00:00,131.18582,3.8268526
2025-12-02 02:00:00+00:00,135.0001,4.072935
2025-12-02 03:00:00+00:00,136.46873,4.965521
2025-12-02 04:00:00+00:00,109.025696,5.5216303
2025-12-02 05:00:00+00:00,68.19853,2.907989
2025-12-02 06:00:00+00:00,55.0079,4.39436
2025-12-02 07:00:00+00:00,36.86998,5.3999996
2025-12-02 08:00:00+00:00,21.801476,5.815978
2025-12-02 09:00:00+00:00,11.3098955,6.424764
2025-12-02 10:00:00+00:00,3.2704222,6.310277
2025-12-02 11:00:00+00:00,358.21014,5.7628117
2025-12-02 12:00:00+00:00,5.527458,5.6060677
2025-12-02 13:00:00+00:00,360.0,5.7599998
2025-12-02 14:00:00+00:00,355.23645,6.5024605
2025-12-02 15:00:00+00:00,4.763556,6.5024605
2025-12-02 16:00:00+00:00,29.5387,6.2067385
2025-12-02 17:00:00+00:00,41.49638,6.248359
2025-12-02 18:00:00+00:00,52.124958,6.156947
2025-12-02 19:00:00+00:00,41.185825,5.7402787
2025-12-02 20:00:00+00:00,44.999897,5.854844
2025-12-02 21:00:00+00:00,64.98315,5.95906
2025-12-02 22:00:00+00:00,50.82635,6.269067
2025-12-02 23:00:00+00:00,50.440376,5.369916
2025-12-03 00:00:00+00:00,76.37299,6.1120534
2025-12-03 01:00:00+00:00,100.43742,6.9550843
2025-12-03 02:00:00+00:00,106.14441,7.1208143
2025-12-03 03:00:00+00:00,104.743614,7.072878
2025-12-03 04:00:00+00:00,79.99209,6.2145634
2025-12-03 05:00:00+00:00,57.528828,4.6938257
2025-12-03 06:00:00+00:00,57.804302,5.7431
2025-12-03 07:00:00+00:00,58.134064,7.841887
2025-12-03 08:00:00+00:00,53.8067,9.144637
2025-12-03 09:00:00+00:00,46.5911,9.167638
2025-12-03 10:00:00+00:00,38.500687,10.120099
2025-12-03 11:00:00+00:00,31.218353,6.945761
2025-12-03 12:00:00+00:00,24.904745,5.5567255
2025-12-03 13:00:00+00:00,18.886187,7.229191
2025-12-03 14:00:00+00:00,24.27444,10.070353
2025-12-03 15:00:00+00:00,34.56259,9.835975
2025-12-03 16:00:00+00:00,50.194473,8.435069
2025-12-03 17:00:00+00:00,48.69148,7.9077177
2025-12-03 18:00:00+00:00,54.90411,8.139901
2025-12-03 19:00:00+00:00,66.29735,8.0599
2025-12-03 20:00:00+00:00,64.09355,7.0038276
2025-12-03 21:00:00+00:00,73.61038,6.379216
2025-12-03 22:00:00+00:00,79.56258,6.9550843
2025-12-03 23:00:00+00:00,90.0,7.5599995
2025-12-04 00:00:00+00:00,96.17008,6.698806
2025-12-04 01:00:00+00:00,102.99462,7.2044983
2025-12-04 02:00:00+00:00,112.30626,7.587806
2025-12-04 03:00:00+00:00,104.93147,8.383054
2025-12-04 04:00:00+00:00,86.09958,7.9383874
2025-12-04 05:00:00+00:00,75.52967,5.7628117
2025-12-04 06:00:00+00:00,78.11137,6.9899354
2025-12-04 07:00:00+00:00,75.96373,6.6794305
2025-12-04 08:00:00+00:00,59.420856,4.599695
2025-12-04 09:00:00+00:00,31.75944,4.4456716
2025-12-04 10:00:00+00:00,14.470333,5.7628117
2025-12-04 11:00:00+00:00,8.8805895,5.8298883
2025-12-04 12:00:00+00:00,15.524177,6.725354
2025-12-04 13:00:00+00:00,30.379045,6.050785
2025-12-04 14:00:00+00:00,52.3057,5.004518
2025-12-04 15:00:00+00:00,56.3099,3.8939953
2025-12-04 16:00:00+00:00,55.0079,4.39436
2025-12-04 17:00:00+00:00,66.5713,5.8852015
2025-12-04 18:00:00+00:00,95.52745,5.6060677
2025-12-04 19:00:00+00:00,109.653915,5.3517847
2025-12-04 20:00:00+00:00,111.44781,5.414979
2025-12-04 21:00:00+00:00,117.40749,5.4744864
2025-12-04 22:00:00+00:00,124.69522,5.692099
2025-12-04 23:00:00+00:00,132.61403,6.114703
2025-12-05 00:00:00+00:00,137.12111,6.8777895
2025-12-05 01:00:00+00:00,142.59457,7.7043357
2025-12-05 02:00:00+00:00,142.59457,7.7043357
2025-12-05 03:00:00+00:00,141.14662,8.320986
2025-12-05 04:00:00+00:00,135.0001,8.14587
2025-12-05 05:00:00+00:00,120.46546,3.550155
2025-12-05 06:00:00+00:00,116.56499,3.219938
2025-12-05 07:00:00+00:00,102.5288,1.659518
2025-12-05 08:00:00+00:00,28.610369,2.2553935
2025-12-05 09:00:00+00:00,14.620926,4.278551
2025-12-05 10:00:00+00:00,22.166399,5.2478566
2025-12-05 11:00:00+00:00,26.564985,5.2323985
2025-12-05 12:00:00+00:00,29.931421,6.854195
2025-12-05 13:00:00+00:00,43.876797,6.4924874
2025-12-05 14:00:00+00:00,49.76371,6.1305785
2025-12-05 15:00:00+00:00,39.173653,6.269067
2025-12-05 16:00:00+00:00,48.69148,7.9077177
2025-12-05 17:00:00+00:00,67.28555,8.39078
2025-12-05 18:00:00+00:00,76.67546,7.029225
2025-12-05 19:00:00+00:00,86.906006,6.6697226
2025-12-05 20:00:00+00:00,99.926186,7.3094187
2025-12-05 21:00:00+00:00,107.592514,7.7420926
2025-12-05 22:00:00+00:00,101.3099,6.424764
2025-12-05 23:00:00+00:00,97.35229,5.6262593
2025-12-06 00:00:00+00:00,83.08887,5.9834766
2025-12-06 01:00:00+00:00,74.47583,6.725354
2025-12-06 02:00:00+00:00,79.46087,7.8728137
2025-12-06 03:00:00+00:00,78.95911,7.519175
2025-12-06 04:00:00+00:00,62.70051,6.279395
2025-12-06 05:00:00+00:00,60.75127,5.1575575
2025-12-06 06:00:00+00:00,60.524208,4.755544
2025-12-06 07:00:00+00:00,66.5713,5.8852015
2025-12-06 08:00:00+00:00,69.27436,7.120815
2025-12-06 09:00:00+00:00,63.435013,6.439876
2025-12-06 10:00:00+00:00,43.876797,6.4924874
2025-12-06 11:00:00+00:00,29.981556,5.402999
2025-12-06 12:00:00+00:00,22.61991,7.0199995
2025-12-06 13:00:00+00:00,17.198626,7.9138603
2025-12-06 14:00:00+00:00,23.552286,7.6579366
2025-12-06 15:00:00+00:00,24.102238,7.4932766
2025-12-06 16:00:00+00:00,59.620956,6.050785
2025-12-06 17:00:00+00:00,74.2913,5.983477
2025-12-06 18:00:00+00:00,85.101,6.3231
2025-12-06 19:00:00+00:00,97.907074,6.542201
2025-12-06 20:00:00+00:00,103.706985,7.596341
2025-12-06 21:00:00+00:00,112.24908,8.557102
2025-12-06 22:00:00+00:00,114.86367,8.133928
2025-12-06 23:00:00+00:00,119.357666,6.6087217
2025-12-07 00:00:00+00:00,123.2749,6.889557
2025-12-07 01:00:00+00:00,127.99879,7.3094187
2025-12-07 02:00:00+00:00,126.25393,6.696387
2025-12-07 03:00:00+00:00,128.65984,6.9153743
2025-12-07 04:00:00+00:00,126.57312,6.9480934
2025-12-07 05:00:00+00:00,94.39862,2.3469126
2025-12-07 06:00:00+00:00,14.036275,0.742159
2025-12-07 07:00:00+00:00,44.999897,0.25455844
2025-12-07 08:00:00+00:00,306.86996,1.8
2025-12-07 09:00:00+00:00,325.71307,4.7928696
2025-12-07 10:00:00+00:00,331.6071,7.570707
2025-12-07 11:00:00+00:00,345.25638,7.072878
2025-12-07 12:00:00+00:00,7.3522935,5.6262593
2025-12-07 13:00:00+00:00,16.557161,6.9480934
2025-12-07 14:00:00+00:00,34.592358,6.341009
2025-12-07 15:00:00+00:00,55.78425,5.441838
2025-12-07 16:00:00+00:00,60.64234,3.3043609
2025-12-07 17:00:00+00:00,63.435013,2.4149535
2025-12-07 18:00:00+00:00,100.30479,2.0124612
2025-12-07 19:00:00+00:00,119.74479,2.9024127
2025-12-07 20:00:00+00:00,129.47243,3.9640884
2025-12-07 21:00:00+00:00,140.19447,4.2175345
2025-12-07 22:00:00+00:00,141.34016,1.1525624
2025-12-07 23:00:00+00:00,108.43504,1.1384199
2025-12-08 00:00:00+00:00,116.56499,1.2074767
2025-12-08 01:00:00+00:00,105.25517,2.0523157
2025-12-08 02:00:00+00:00,115.01687,2.97953
2025-12-08 03:00:00+00:00,123.02387,4.293669
2025-12-08 04:00:00+00:00,125.537766,6.193674
2025-12-08 05:00:00+00:00,86.82024,3.244996
2025-12-08 06:00:00+00:00,73.61038,3.189608
2025-12-08 07:00:00+00:00,50.194473,2.8116899
2025-12-08 08:00:00+00:00,14.743609,3.536439
2025-12-08 09:00:00+00:00,5.9060555,5.2478566
2025-12-08 10:00:00+00:00,12.7243595,5.720489
2025-12-08 11:00:00+00:00,10.885482,4.7657523
2025-12-08 12:00:00+00:00,22.93213,5.0816135
2025-12-08 13:00:00+00:00,40.601215,4.978554
2025-12-08 14:00:00+00:00,26.564985,3.219938
2025-12-08 15:00:00+00:00,15.524177,3.362677
2025-12-08 16:00:00+00:00,62.24156,3.8647635
2025-12-08 17:00:00+00:00,85.60138,4.6938252
2025-12-08 18:00:00+00:00,108.43504,5.6920996
2025-12-08 19:00:00+00:00,115.76928,5.7964473
2025-12-08 20:00:00+00:00,123.690094,5.1919937
2025-12-08 21:00:00+00:00,133.45189,4.7110505
2025-12-08 22:00:00+00:00,143.74608,3.3481934
2025-12-08 23:00:00+00:00,116.56499,2.0124612
2025-12-09 00:00:00+00:00,124.286934,4.7928696
2025-12-09 01:00:00+00:00,136.8476,3.9477081
2025-12-09 02:00:00+00:00,142.12495,4.1046314
2025-12-09 03:00:00+00:00,137.38599,6.114703
2025-12-09 04:00:00+00:00,136.97493,7.386582
2025-12-09 05:00:00+00:00,129.09386,3.710795
2025-12-09 06:00:00+00:00,145.0079,2.19718
2025-12-09 07:00:00+00:00,278.13,1.2727921
2025-12-09 08:00:00+00:00,306.38446,4.2481523
2025-12-09 09:00:00+00:00,307.99878,7.3094187
2025-12-09 10:00:00+00:00,306.60718,7.8480825
2025-12-09 11:00:00+00:00,326.3099,4.542994
2025-12-09 12:00:00+00:00,6.581848,4.7110505
2025-12-09 13:00:00+00:00,28.442837,4.913044
2025-12-09 14:00:00+00:00,38.047092,5.257109
2025-12-09 15:00:00+00:00,97.59455,2.7238941
2025-12-09 16:00:00+00:00,149.03632,4.198285
2025-12-09 17:00:00+00:00,162.3498,4.1556225
2025-12-09 18:00:00+00:00,164.05453,3.9312592
2025-12-09 19:00:00+00:00,175.60138,2.3469126
2025-12-09 20:00:00+00:00,180.0,0.54
2025-12-09 21:00:00+00:00,188.13002,1.2727921
2025-12-09 22:00:00+00:00,189.46225,2.1897945
2025-12-09 23:00:00+00:00,188.13002,1.2727921
2025-12-10 00:00:00+00:00,161.56496,3.9844694
2025-12-10 01:00:00+00:00,168.31065,5.3305535
2025-12-10 02:00:00+00:00,168.3664,6.2483597
2025-12-10 03:00:00+00:00,167.00539,7.2044983
2025-12-10 04:00:00+00:00,172.30405,6.7205353
2025-12-10 05:00:00+00:00,214.50858,3.494968
2025-12-10 06:00:00+00:00,244.44008,4.5891175
2025-12-10 07:00:00+00:00,255.65063,7.989243
2025-12-10 08:00:00+00:00,262.8751,8.707238
2025-12-10 09:00:00+00:00,272.54474,8.107996
2025-12-10 10:00:00+00:00,279.46225,5.4744864
2025-12-10 11:00:00+00:00,311.18582,3.8268526
2025-12-10 12:00:00+00:00,305.53775,3.096837
2025-12-10 13:00:00+00:00,245.77226,3.9477081
2025-12-10 14:00:00+00:00,230.01317,7.282774
2025-12-10 15:00:00+00:00,235.1246,7.2403865
2025-12-10 16:00:00+00:00,226.97493,7.386582
2025-12-10 17:00:00+00:00,219.98683,7.282774
2025-12-10 18:00:00+00:00,209.7448,7.256032
2025-12-10 19:00:00+00:00,210.96368,7.3469996
2025-12-10 20:00:00+00:00,207.89717,6.9247384
2025-12-10 21:00:00+00:00,205.2011,6.763786
2025-12-10 22:00:00+00:00,207.89717,6.9247384
2025-12-10 23:00:00+00:00,214.11452,6.7397914
2025-12-11 00:00:00+00:00,201.16133,5.9834766
2025-12-11 01:00:00+00:00,195.25517,6.1569467
2025-12-11 02:00:00+00:00,181.84756,5.5829024
2025-12-11 03:00:00+00:00,173.29025,6.162207
2025-12-11 04:00:00+00:00,176.82024,6.489992
2025-12-11 05:00:00+00:00,194.03627,4.452954
2025-12-11 06:00:00+00:00,224.9999,6.3639607
2025-12-11 07:00:00+00:00,236.3099,8.43699
2025-12-11 08:00:00+00:00,239.42085,9.19939
2025-12-11 09:00:00+00:00,251.20001,8.936777
2025-12-11 10:00:00+00:00,260.78903,6.7469993
2025-12-11 11:00:00+00:00,276.84268,4.5322843
2025-12-11 12:00:00+00:00,298.30066,2.657668
2025-12-11 13:00:00+00:00,255.96373,2.226477
2025-12-11 14:00:00+00:00,228.17992,4.5891175
2025-12-11 15:00:00+00:00,220.426,6.384293
2025-12-11 16:00:00+00:00,219.09384,7.42159
2025-12-11 17:00:00+00:00,224.0609,7.7650757
2025-12-11 18:00:00+00:00,229.68597,7.7900705
2025-12-11 19:00:00+00:00,233.39284,7.8480825
2025-12-11 20:00:00+00:00,232.85323,7.4520864
2025-12-11 21:00:00+00:00,237.52882,7.0407386
2025-12-11 22:00:00+00:00,232.81522,6.552099
2025-12-11 23:00:00+00:00,222.39738,5.6060677
2025-12-12 00:00:00+00:00,209.98155,5.402999
2025-12-12 01:00:00+00:00,205.76927,5.7964473
2025-12-12 02:00:00+00:00,200.55612,6.151683
2025-12-12 03:00:00+00:00,199.9832,6.320538
2025-12-12 04:00:00+00:00,196.14441,7.1208143
2025-12-12 05:00:00+00:00,188.42688,4.913044
2025-12-12 06:00:00+00:00,215.36255,6.8423676
2025-12-12 07:00:00+00:00,227.81563,7.7734165
2025-12-12 08:00:00+00:00,232.65057,8.604301
2025-12-12 09:00:00+00:00,233.3658,8.748075
2025-12-12 10:00:00+00:00,233.88057,8.244708
2025-12-12 11:00:00+00:00,242.44727,4.669604
2025-12-12 12:00:00+00:00,217.40543,3.8521678
2025-12-12 13:00:00+00:00,211.60745,5.495161
2025-12-12 14:00:00+00:00,223.95847,7.001514
2025-12-12 15:00:00+00:00,222.18437,7.7734165
2025-12-12 16:00:00+00:00,218.65984,6.9153743
2025-12-12 17:00:00+00:00,212.47118,7.0407386
2025-12-12 18:00:00+00:00,197.6502,8.311245
2025-12-12 19:00:00+00:00,203.35558,8.626865
2025-12-12 20:00:00+00:00,205.97433,7.8087645
2025-12-12 21:00:00+00:00,193.67133,6.8541956
2025-12-12 22:00:00+00:00,185.04236,6.1437774
2025-12-12 23:00:00+00:00,185.19434,5.9644947
2025-12-13 00:00:00+00:00,189.46225,6.5693827
2025-12-13 01:00:00+00:00,181.68465,6.122647
2025-12-13 02:00:00+00:00,172.64772,5.6262593
2025-12-13 03:00:00+00:00,167.79955,6.8138976
2025-12-13 04:00:00+00:00,157.93205,7.186487
2025-12-13 05:00:00+00:00,153.43501,4.4274144
2025-12-13 06:00:00+00:00,172.64772,5.6262593
2025-12-13 07:00:00+00:00,185.31445,7.7734165
2025-12-13 08:00:00+00:00,198.06056,8.709098
2025-12-13 09:00:00+00:00,209.60435,9.109138
2025-12-13 10:00:00+00:00,214.62422,9.187056
2025-12-13 11:00:00+00:00,216.86998,6.299999
2025-12-13 12:00:00+00:00,212.19571,5.7431
2025-12-13 13:00:00+00:00,202.1095,6.21717
2025-12-13 14:00:00+00:00,202.06795,7.186487
2025-12-13 15:00:00+00:00,220.91429,7.145796
2025-12-13 16:00:00+00:00,231.58191,6.6624317
2025-12-13 17:00:00+00:00,234.46223,6.193674
2025-12-13 18:00:00+00:00,223.83095,6.2379804
2025-12-13 19:00:00+00:00,223.66785,5.4744864
2025-12-13 20:00:00+00:00,227.4896,5.8603754
2025-12-13 21:00:00+00:00,227.72638,5.3517847
2025-12-13 22:00:00+00:00,221.42357,4.080882
2025-12-13 23:00:00+00:00,231.34016,2.3051248
2025-12-14 00:00:00+00:00,210.96368,1.0495713
2025-12-14 01:00:00+00:00,258.6901,0.9178235
2025-12-14 02:00:00+00:00,21.801476,0.9693296
2025-12-14 03:00:00+00:00,56.3099,1.9469976
2025-12-14 04:00:00+00:00,86.82024,3.244996
2025-12-14 05:00:00+00:00,96.340096,1.6299692
2025-12-14 06:00:00+00:00,344.05453,1.3104197
2025-12-14 07:00:00+00:00,328.39255,2.7475805
2025-12-14 08:00:00+00:00,332.24155,3.8647635
2025-12-14 09:00:00+00:00,335.37646,4.7521367
2025-12-14 10:00:00+00:00,341.02948,6.0908127
2025-12-14 11:00:00+00:00,354.95764,6.1437774
2025-12-14 12:00:00+00:00,6.170083,6.698806
2025-12-14 13:00:00+00:00,25.201094,6.763786
2025-12-14 14:00:00+00:00,35.909817,6.444905
2025-12-14 15:00:00+00:00,36.86998,5.3999996
2025-12-14 16:00:00+00:00,51.34017,4.6102495
2025-12-14 17:00:00+00:00,72.47434,3.5864744
2025-12-14 18:00:00+00:00,76.60749,3.8856654
2025-12-14 19:00:00+00:00,82.234924,3.9966488
2025-12-14 20:00:00+00:00,82.875084,2.9024127
2025-12-14 21:00:00+00:00,24.443953,4.3498964
2025-12-14 22:00:00+00:00,22.61991,4.6800003
2025-12-14 23:00:00+00:00,27.474344,5.072041
2025-12-15 00:00:00+00:00,20.136398,5.7515564
2025-12-15 01:00:00+00:00,47.72637,5.3517847
2025-12-15 02:00:00+00:00,69.67678,5.1826253
2025-12-15 03:00:00+00:00,73.009094,6.77575
2025-12-15 04:00:00+00:00,55.78425,5.441838
2025-12-15 05:00:00+00:00,48.366554,4.3349743
2025-12-15 06:00:00+00:00,42.397392,5.6060677
2025-12-15 07:00:00+00:00,33.6901,5.8409934
2025-12-15 08:00:00+00:00,23.428713,5.8852015
2025-12-15 09:00:00+00:00,18.970512,6.0908127
2025-12-15 10:00:00+00:00,22.751022,6.050785
2025-12-15 11:00:00+00:00,17.87879,5.8631387
2025-12-15 12:00:00+00:00,16.504446,5.068846
2025-12-15 13:00:00+00:00,18.435053,6.2613096
2025-12-15 14:00:00+00:00,18.00426,7.570707
2025-12-15 15:00:00+00:00,32.15227,7.44121
2025-12-15 16:00:00+00:00,55.922764,7.388775
2025-12-15 17:00:00+00:00,67.69375,7.587806
2025-12-15 18:00:00+00:00,78.02389,6.0721655
2025-12-15 19:00:00+00:00,90.0,5.7599998
2025-12-15 20:00:00+00:00,90.0,5.04
2025-12-15 21:00:00+00:00,79.50858,4.942631
2025-12-15 22:00:00+00:00,60.255207,5.8048253
2025-12-15 23:00:00+00:00,55.0079,6.59154
2025-12-16 00:00:00+00:00,48.366554,6.502461
2025-12-16 01:00:00+00:00,53.880566,8.244708
2025-12-16 02:00:00+00:00,65.65892,8.297589
2025-12-16 03:00:00+00:00,84.507774,9.403169
2025-12-16 04:00:00+00:00,75.37909,8.557102
2025-12-16 05:00:00+00:00,62.744755,6.6818557
2025-12-16 06:00:00+00:00,59.53454,7.10031
2025-12-16 07:00:00+00:00,53.426876,6.9480934
2025-12-16 08:00:00+00:00,42.954597,7.1321807
2025-12-16 09:00:00+00:00,34.50859,6.989936
2025-12-16 10:00:00+00:00,36.253937,6.696387
2025-12-16 11:00:00+00:00,33.6901,5.8409934
2025-12-16 12:00:00+00:00,22.47948,5.6492476
2025-12-16 13:00:00+00:00,18.970512,6.0908127
2025-12-16 14:00:00+00:00,28.072395,6.12
2025-12-16 15:00:00+00:00,52.523746,6.804381
2025-12-16 16:00:00+00:00,65.32315,7.329338
2025-12-16 17:00:00+00:00,84.2895,7.2359104
2025-12-16 18:00:00+00:00,88.4089,6.482499
2025-12-16 19:00:00+00:00,86.82024,6.489992
2025-12-16 20:00:00+00:00,90.0,6.4799995
2025-12-16 21:00:00+00:00,88.4926,6.8423676
2025-12-16 22:00:00+00:00,88.531235,7.0223074
2025-12-16 23:00:00+00:00,95.04236,6.1437774
2025-12-17 00:00:00+00:00,86.63361,6.130579
2025-12-17 01:00:00+00:00,85.4861,6.8612823
2025-12-17 02:00:00+00:00,88.31535,6.122647
2025-12-17 03:00:00+00:00,107.592514,7.7420926
2025-12-17 04:00:00+00:00,108.00426,7.570707
2025-12-17 05:00:00+00:00,97.12492,4.353619
2025-12-17 06:00:00+00:00,90.0,4.14
2025-12-17 07:00:00+00:00,86.82024,3.244996
2025-12-17 08:00:00+00:00,57.528828,2.3469129
2025-12-17 09:00:00+00:00,16.389616,3.189608
2025-12-17 10:00:00+00:00,360.0,6.2999997
2025-12-17 11:00:00+00:00,8.746089,7.102591
2025-12-17 12:00:00+00:00,37.746864,7.056826
2025-12-17 13:00:00+00:00,55.222095,7.889258
2025-12-17 14:00:00+00:00,48.366554,6.502461
2025-12-17 15:00:00+00:00,42.878906,6.8777895
2025-12-17 16:00:00+00:00,70.559875,6.489992
2025-12-17 17:00:00+00:00,102.200455,6.8138976
2025-12-17 18:00:00+00:00,114.67685,7.329338
2025-12-17 19:00:00+00:00,126.25393,6.696387
2025-12-17 20:00:00+00:00,136.12321,6.4924874
2025-12-17 21:00:00+00:00,143.13002,6.299999
2025-12-17 22:00:00+00:00,146.3099,5.8409934
2025-12-17 23:00:00+00:00,161.56496,3.9844694
2025-12-18 00:00:00+00:00,154.5367,4.186693
2025-12-18 01:00:00+00:00,158.19853,4.846648
2025-12-18 02:00:00+00:00,151.38963,6.76618
2025-12-18 03:00:00+00:00,153.43501,6.439876
2025-12-18 04:00:00+00:00,148.49579,6.544677
2025-12-18 05:00:00+00:00,122.90524,3.6447225
2025-12-18 06:00:00+00:00,175.60138,2.3469126
2025-12-18 07:00:00+00:00,248.96242,2.5071096
2025-12-18 08:00:00+00:00,291.80148,3.8773184
2025-12-18 09:00:00+00:00,312.27362,5.3517847
2025-12-18 10:00:00+00:00,332.74475,6.6818557
2025-12-18 11:00:00+00:00,343.8556,7.1208143
2025-12-18 12:00:00+00:00,3.2704222,6.310277
2025-12-18 13:00:00+00:00,37.568665,5.904439
2025-12-18 14:00:00+00:00,38.65983,5.7628117
2025-12-18 15:00:00+00:00,34.592358,6.341009
2025-12-18 16:00:00+00:00,53.74608,6.696387
2025-12-18 17:00:00+00:00,56.88865,4.942631
2025-12-18 18:00:00+00:00,47.290634,3.1845248
2025-12-18 19:00:00+00:00,50.710617,2.5582807
2025-12-18 20:00:00+00:00,57.99466,3.396233
2025-12-18 21:00:00+00:00,63.435013,4.4274144
2025-12-18 22:00:00+00:00,74.054535,5.2416787
2025-12-18 23:00:00+00:00,93.814,5.4119864
2025-12-19 00:00:00+00:00,98.88058,5.8298883
2025-12-19 01:00:00+00:00,87.70944,4.503598
2025-12-19 02:00:00+00:00,92.20255,4.6834598
2025-12-19 03:00:00+00:00,110.77233,5.5829024
2025-12-19 04:00:00+00:00,95.19434,5.9644947
2025-12-19 05:00:00+00:00,54.46224,3.096837
2025-12-19 06:00:00+00:00,39.09386,3.710795
2025-12-19 07:00:00+00:00,24.623547,4.7521367
2025-12-19 08:00:00+00:00,15.945477,5.2416787
2025-12-19 09:00:00+00:00,10.954029,5.6835546
2025-12-19 10:00:00+00:00,355.36462,6.6818557
2025-12-19 11:00:00+00:00,3.3664,6.130579
2025-12-19 12:00:00+00:00,3.9451082,5.232399
2025-12-19 13:00:00+00:00,21.501507,6.384293
2025-12-19 14:00:00+00:00,22.751022,6.050785
2025-12-19 15:00:00+00:00,46.2188,5.983477
2025-12-19 16:00:00+00:00,87.614105,4.323748
2025-12-19 17:00:00+00:00,100.30479,4.0249224
2025-12-19 18:00:00+00:00,124.286934,4.7928696
2025-12-19 19:00:00+00:00,146.97614,4.293669
2025-12-19 20:00:00+00:00,159.77505,3.644722
2025-12-19 21:00:00+00:00,174.2895,1.8089776
2025-12-19 22:00:00+00:00,198.43504,1.7076298
2025-12-19 23:00:00+00:00,213.6901,1.9469976
2025-12-20 00:00:00+00:00,201.25058,3.4763772
2025-12-20 01:00:00+00:00,222.87889,3.4388947
2025-12-20 02:00:00+00:00,224.9999,3.0547013
2025-12-20 03:00:00+00:00,194.03627,3.710795
2025-12-20 04:00:00+00:00,192.09474,5.1544156
2025-12-20 05:00:00+00:00,199.44012,3.244996
2025-12-20 06:00:00+00:00,227.29063,3.1845248
2025-12-20 07:00:00+00:00,263.88458,5.0688457
2025-12-20 08:00:00+00:00,277.9434,7.814986
2025-12-20 09:00:00+00:00,284.93146,8.383054
2025-12-20 10:00:00+00:00,282.38074,7.555712
2025-12-20 11:00:00+00:00,282.5288,4.9785542
2025-12-20 12:00:00+00:00,323.97253,2.4482648
2025-12-20 13:00:00+00:00,351.87,2.5455842
2025-12-20 14:00:00+00:00,353.6599,1.6299692
2025-12-20 15:00:00+00:00,194.03627,0.742159
2025-12-20 16:00:00+00:00,235.0079,2.19718
2025-12-20 17:00:00+00:00,243.43501,3.62243
2025-12-20 18:00:00+00:00,239.74365,5.00128
2025-12-20 19:00:00+00:00,242.10283,3.4623692
2025-12-20 20:00:00+00:00,216.02747,2.4482648
2025-12-20 21:00:00+00:00,194.7436,3.536439
2025-12-20 22:00:00+00:00,194.03627,4.452954
2025-12-20 23:00:00+00:00,197.24155,5.4656014
2025-12-21 00:00:00+00:00,185.7105,7.2359104
2025-12-21 01:00:00+00:00,192.99461,7.2044983
2025-12-21 02:00:00+00:00,205.27768,7.16617
2025-12-21 03:00:00+00:00,207.1496,7.889259
2025-12-21 04:00:00+00:00,206.56499,7.6473517
2025-12-21 05:00:00+00:00,216.52895,6.048107
2025-12-21 06:00:00+00:00,236.7251,6.889557
2025-12-21 07:00:00+00:00,247.96371,8.155807
2025-12-21 08:00:00+00:00,253.61038,9.568824
2025-12-21 09:00:00+00:00,257.692,10.132897
2025-12-21 10:00:00+00:00,262.61404,9.801326
2025-12-21 11:00:00+00:00,274.96964,8.311245
2025-12-21 12:00:00+00:00,303.07068,9.236298
2025-12-21 13:00:00+00:00,300.06848,7.9036193
2025-12-21 14:00:00+00:00,304.21576,5.441838
2025-12-21 15:00:00+00:00,318.36655,2.1674871
2025-12-21 16:00:00+00:00,51.34017,1.1525624
2025-12-21 17:00:00+00:00,15.945477,1.3104197
2025-12-21 18:00:00+00:00,83.659904,1.6299692
2025-12-21 19:00:00+00:00,153.43501,0.8049845
2025-12-21 20:00:00+00:00,260.53775,1.0948973
2025-12-21 21:00:00+00:00,307.87503,4.1046314
2025-12-21 22:00:00+00:00,11.3098955,5.506941
2025-12-21 23:00:00+00:00,16.189287,5.8104043
2025-12-22 00:00:00+00:00,20.72564,7.120815
2025-12-22 01:00:00+00:00,27.758451,7.729527
2025-12-22 02:00:00+00:00,29.054508,7.4128532
2025-12-22 03:00:00+00:00,26.564985,8.452336
2025-12-22 04:00:00+00:00,22.109503,6.21717
2025-12-22 05:00:00+00:00,30.963696,6.297428
2025-12-22 06:00:00+00:00,18.435053,7.3997297
2025-12-22 07:00:00+00:00,14.349371,7.989243
2025-12-22 08:00:00+00:00,16.313938,7.689603
2025-12-22 09:00:00+00:00,8.297059,8.731392
2025-12-22 10:00:00+00:00,6.581848,9.422101
2025-12-22 11:00:00+00:00,11.5601,8.083983
2025-12-22 12:00:00+00:00,6.842679,4.5322843
2025-12-22 13:00:00+00:00,1.9091109,5.4029994
2025-12-22 14:00:00+00:00,358.4926,6.8423676
2025-12-22 15:00:00+00:00,360.0,7.3799996
2025-12-22 16:00:00+00:00,1.3638979,7.562142
2025-12-22 17:00:00+00:00,358.69806,7.922045
2025-12-22 18:00:00+00:00,358.727,8.101999
2025-12-22 19:00:00+00:00,2.6629453,7.748368
2025-12-22 20:00:00+00:00,11.592147,7.1661706
2025-12-22 21:00:00+00:00,18.435053,6.830519
2025-12-22 22:00:00+00:00,25.277687,7.16617
2025-12-22 23:00:00+00:00,26.564985,6.8423676
2025-12-23 00:00:00+00:00,23.962492,7.0911775
2025-12-23 01:00:00+00:00,28.178495,5.7176566
2025-12-23 02:00:00+00:00,33.6901,5.8409934
2025-12-23 03:00:00+00:00,39.644142,8.181589
2025-12-23 04:00:00+00:00,41.760216,6.7565966
2025-12-23 05:00:00+00:00,43.958473,7.001514
2025-12-23 06:00:00+00:00,35.39489,8.39078
2025-12-23 07:00:00+00:00,36.027473,9.793059
2025-12-23 08:00:00+00:00,28.009092,9.582358
2025-12-23 09:00:00+00:00,15.945463,9.172938
2025-12-23 10:00:00+00:00,8.583544,9.6480665
2025-12-23 11:00:00+00:00,9.272532,8.936778
2025-12-23 12:00:00+00:00,352.40543,5.4477882
2025-12-23 13:00:00+00:00,358.09088,5.4029994
2025-12-23 14:00:00+00:00,10.61961,5.8603754
2025-12-23 15:00:00+00:00,19.536749,5.920878
2025-12-23 16:00:00+00:00,10.304792,6.037383
2025-12-23 17:00:00+00:00,1.5074003,6.8423676
2025-12-23 18:00:00+00:00,356.72958,6.310277
2025-12-23 19:00:00+00:00,350.53775,5.4744864
2025-12-23 20:00:00+00:00,357.6141,4.323748
2025-12-23 21:00:00+00:00,10.784258,3.84796
2025-12-23 22:00:00+00:00,11.76827,4.412754
2025-12-23 23:00:00+00:00,35.217674,3.745557
2025-12-24 00:00:00+00:00,67.16631,3.710795
2025-12-24 01:00:00+00:00,86.82024,3.244996
2025-12-24 02:00:00+00:00,107.52566,3.5864744
2025-12-24 03:00:00+00:00,109.798965,4.7827187
2025-12-24 04:00:00+00:00,97.12492,5.8048253
2025-12-24 05:00:00+00:00,93.012726,3.4247334
2025-12-24 06:00:00+00:00,87.87895,4.8633323
2025-12-24 07:00:00+00:00,73.300674,3.7585104
2025-12-24 08:00:00+00:00,51.842735,3.2048087
2025-12-24 09:00:00+00:00,23.198618,2.7416782
2025-12-24 10:00:00+00:00,14.036275,2.968636
2025-12-24 11:00:00+00:00,16.389616,3.189608
2025-12-24 12:00:00+00:00,351.87,2.5455842
2025-12-24 13:00:00+00:00,8.130019,2.5455842
2025-12-24 14:00:00+00:00,68.19853,3.8773184
2025-12-24 15:00:00+00:00,86.05489,5.232399
2025-12-24 16:00:00+00:00,92.4895,4.143911
2025-12-24 17:00:00+00:00,98.13002,3.8183763
2025-12-24 18:00:00+00:00,109.440125,3.244996
2025-12-24 19:00:00+00:00,120.37905,6.050785
2025-12-24 20:00:00+00:00,122.969406,7.9383874
2025-12-24 21:00:00+00:00,136.12321,6.4924874
2025-12-24 22:00:00+00:00,145.17545,5.0432134
2025-12-24 23:00:00+00:00,145.71307,4.7928696
2025-12-25 00:00:00+00:00,141.63248,5.509882
2025-12-25 01:00:00+00:00,147.84773,7.44121
2025-12-25 02:00:00+00:00,158.19853,5.815978
2025-12-25 03:00:00+00:00,149.03632,8.39657
2025-12-25 04:00:00+00:00,138.17992,9.178235
2025-12-25 05:00:00+00:00,129.61066,6.7757506
2025-12-25 06:00:00+00:00,137.91092,7.519175
2025-12-25 07:00:00+00:00,143.13002,5.3999996
2025-12-25 08:00:00+00:00,124.50858,3.494968
2025-12-25 09:00:00+00:00,103.24053,3.143565
2025-12-25 10:00:00+00:00,72.89719,2.4482646
2025-12-25 11:00:00+00:00,42.510403,2.9301877
2025-12-25 12:00:00+00:00,38.418083,6.6624317
2025-12-25 13:00:00+00:00,53.880566,8.244708
2025-12-25 14:00:00+00:00,63.435013,6.439876
2025-12-25 15:00:00+00:00,77.27565,5.720489
2025-12-25 16:00:00+00:00,105.945465,5.2416787
2025-12-25 17:00:00+00:00,123.23173,6.2405767
2025-12-25 18:00:00+00:00,113.19862,5.4833565
2025-12-25 19:00:00+00:00,111.44781,5.414979
2025-12-25 20:00:00+00:00,124.69522,5.692099
2025-12-25 21:00:00+00:00,140.82635,6.269067
2025-12-25 22:00:00+00:00,141.34016,8.067936
2025-12-25 23:00:00+00:00,139.76372,6.1305785
2025-12-26 00:00:00+00:00,145.30478,5.692099
2025-12-26 01:00:00+00:00,135.0001,5.854844
2025-12-26 02:00:00+00:00,118.072395,6.12
2025-12-26 03:00:00+00:00,121.865944,7.841887
2025-12-26 04:00:00+00:00,125.837746,7.9932966
2025-12-26 05:00:00+00:00,123.6901,4.542994
2025-12-26 06:00:00+00:00,149.53453,3.550155
2025-12-26 07:00:00+00:00,145.49142,3.494968
2025-12-26 08:00:00+00:00,120.96369,2.0991426
2025-12-26 09:00:00+00:00,44.999897,1.5273507
2025-12-26 10:00:00+00:00,27.897186,3.4623692
2025-12-26 11:00:00+00:00,22.93213,5.0816135
2025-12-26 12:00:00+00:00,22.203527,9.526405
2025-12-26 13:00:00+00:00,31.607454,8.242743
2025-12-26 14:00:00+00:00,48.503635,6.248359
2025-12-26 15:00:00+00:00,43.152412,7.8954163
2025-12-26 16:00:00+00:00,40.855286,8.805294
2025-12-26 17:00:00+00:00,61.69934,7.973005
2025-12-26 18:00:00+00:00,73.009094,6.77575
2025-12-26 19:00:00+00:00,75.96373,5.937272
2025-12-26 20:00:00+00:00,90.0,5.3999996
2025-12-26 21:00:00+00:00,98.13002,5.0911684
2025-12-26 22:00:00+00:00,104.62092,4.278551
2025-12-26 23:00:00+00:00,97.12492,4.353619
2025-12-27 00:00:00+00:00,99.72751,6.391901
2025-12-27 01:00:00+00:00,109.74693,7.458606
2025-12-27 02:00:00+00:00,120.529625,8.149847
2025-12-27 03:00:00+00:00,128.82983,9.473541
2025-12-27 04:00:00+00:00,119.604355,9.109138
2025-12-27 05:00:00+00:00,112.93214,5.0816135
2025-12-27 06:00:00+00:00,108.43504,5.12289
2025-12-27 07:00:00+00:00,114.22774,3.9477081
2025-12-27 08:00:00+00:00,113.19862,1.3708391
2025-12-27 09:00:00+00:00,16.699326,1.8792552
2025-12-27 10:00:00+00:00,7.7650824,3.9966488
2025-12-27 11:00:00+00:00,7.3056703,7.0774574
2025-12-27 12:00:00+00:00,13.760814,9.080639
2025-12-27 13:00:00+00:00,24.537718,9.102021
2025-12-27 14:00:00+00:00,39.61066,6.7757506
2025-12-27 15:00:00+00:00,53.13002,8.099999
2025-12-27 16:00:00+00:00,57.264786,8.9873905
2025-12-27 17:00:00+00:00,66.80139,8.225035
2025-12-27 18:00:00+00:00,73.300674,7.5170207
2025-12-27 19:00:00+00:00,96.70974,6.162207
2025-12-27 20:00:00+00:00,97.35229,5.6262593
2025-12-27 21:00:00+00:00,110.77233,5.5829024
2025-12-27 22:00:00+00:00,124.992096,4.39436
2025-12-27 23:00:00+00:00,138.01286,2.4216523
2025-12-28 00:00:00+00:00,126.384445,4.2481523
2025-12-28 01:00:00+00:00,124.992096,6.59154
2025-12-28 02:00:00+00:00,141.54626,7.8149853
2025-12-28 03:00:00+00:00,146.3099,8.43699
2025-12-28 04:00:00+00:00,151.07367,7.8149853
2025-12-28 05:00:00+00:00,147.99466,3.396233
2025-12-28 06:00:00+00:00,216.86998,1.8
2025-12-28 07:00:00+00:00,274.76355,2.1674871
2025-12-28 08:00:00+00:00,307.56866,2.9522195
2025-12-28 09:00:00+00:00,332.24155,3.8647635
2025-12-28 10:00:00+00:00,347.00537,4.802999
2025-12-28 11:00:00+00:00,12.528798,6.638072
2025-12-28 12:00:00+00:00,47.792774,10.4493065
2025-12-28 13:00:00+00:00,80.13426,8.4042845
2025-12-28 14:00:00+00:00,92.86235,7.208994
2025-12-28 15:00:00+00:00,88.6361,7.562142
2025-12-28 16:00:00+00:00,69.22767,5.5829024
2025-12-28 17:00:00+00:00,81.25392,2.36753
2025-12-28 18:00:00+00:00,124.69522,2.8460495
2025-12-28 19:00:00+00:00,108.43504,1.1384199
2025-12-28 20:00:00+00:00,128.65984,1.1525624
2025-12-28 21:00:00+00:00,125.537766,1.5484185
2025-12-28 22:00:00+00:00,124.992096,2.19718
2025-12-28 23:00:00+00:00,124.50858,3.494968
2025-12-29 00:00:00+00:00,120.256355,5.00128
2025-12-29 01:00:00+00:00,133.87679,6.4924874
2025-12-29 02:00:00+00:00,150.64235,6.6087217
2025-12-29 03:00:00+00:00,145.1246,7.2403865
2025-12-29 04:00:00+00:00,133.1524,7.8954163
2025-12-29 05:00:00+00:00,118.8107,4.1085763
2025-12-29 06:00:00+00:00,142.43134,2.9522195
2025-12-29 07:00:00+00:00,158.19853,0.9693296
2025-12-29 08:00:00+00:00,345.9637,1.484318
2025-12-29 09:00:00+00:00,357.13766,3.604497
2025-12-29 10:00:00+00:00,5.3557334,5.7852573
2025-12-29 11:00:00+00:00,17.650223,8.311245
2025-12-29 12:00:00+00:00,43.754726,11.712454
2025-12-29 13:00:00+00:00,74.219185,8.604301
2025-12-29 14:00:00+00:00,87.66274,8.827344
2025-12-29 15:00:00+00:00,87.27374,7.5685663
2025-12-29 16:00:00+00:00,149.03632,1.0495713
2025-12-29 17:00:00+00:00,246.0375,3.5455887
2025-12-29 18:00:00+00:00,241.92761,3.06
2025-12-29 19:00:00+00:00,187.12492,1.4512063
2025-12-29 20:00:00+00:00,222.27362,2.6758924
2025-12-29 21:00:00+00:00,243.43501,4.4274144
2025-12-29 22:00:00+00:00,239.74365,5.00128
2025-12-29 23:00:00+00:00,242.44727,4.669604
2025-12-30 00:00:00+00:00,195.94547,1.3104197
2025-12-30 01:00:00+00:00,205.2011,3.381893
2025-12-30 02:00:00+00:00,200.22495,3.644722
2025-12-30 03:00:00+00:00,207.55272,4.669604
2025-12-30 04:00:00+00:00,230.01317,7.282774
2025-12-30 05:00:00+00:00,248.6293,4.445672
2025-12-30 06:00:00+00:00,247.61981,6.6185193
2025-12-30 07:00:00+00:00,242.44727,9.339208
2025-12-30 08:00:00+00:00,242.19862,11.19189
2025-12-30 09:00:00+00:00,250.70985,11.442394
2025-12-30 10:00:00+00:00,254.82703,11.003581
2025-12-30 11:00:00+00:00,256.46414,9.9977
2025-12-30 12:00:00+00:00,258.3664,6.2483597
2025-12-30 13:00:00+00:00,241.29414,8.6193495
2025-12-30 14:00:00+00:00,236.92932,9.236298
2025-12-30 15:00:00+00:00,232.90707,9.252069
2025-12-30 16:00:00+00:00,227.56381,8.536252
2025-12-30 17:00:00+00:00,242.78397,7.0843205
2025-12-30 18:00:00+00:00,226.27295,5.728979
2025-12-30 19:00:00+00:00,195.06854,4.8466477
2025-12-30 20:00:00+00:00,180.0,6.2999997
2025-12-30 21:00:00+00:00,183.43356,9.016185
2025-12-30 22:00:00+00:00,198.43504,9.676569
2025-12-30 23:00:00+00:00,206.99576,10.706596
2025-12-31 00:00:00+00:00,189.63747,9.67657
2025-12-31 01:00:00+00:00,263.29025,6.162207
2025-12-31 02:00:00+00:00,203.80595,6.689125
2025-12-31 03:00:00+00:00,194.82652,12.661564
2025-12-31 04:00:00+00:00,202.55728,12.669238
2025-12-31 05:00:00+00:00,217.6943,10.009036
2025-12-31 06:00:00+00:00,225.46576,15.655861
2025-12-31 07:00:00+00:00,233.01114,17.352036
2025-12-31 08:00:00+00:00,242.90453,17.388409
2025-12-31 09:00:00+00:00,248.6293,17.782688
2025-12-31 10:00:00+00:00,254.30994,16.640022
2025-12-31 11:00:00+00:00,264.74628,15.726067
2025-12-31 12:00:00+00:00,267.03912,10.453957
2025-12-31 13:00:00+00:00,270.0,7.7400002
2025-12-31 14:00:00+00:00,289.5732,8.596766
2025-12-31 15:00:00+00:00,322.59457,7.7043357
2025-12-31 16:00:00+00:00,319.39877,3.319036
2025-12-31 17:00:00+00:00,341.56494,1.7076298
2025-12-31 18:00:00+00:00,348.6901,7.342588
2025-12-31 19:00:00+00:00,352.61404,9.801326
2025-12-31 20:00:00+00:00,4.969664,8.311245
2025-12-31 21:00:00+00:00,20.556128,6.151683
2025-12-31 22:00:00+00:00,14.534496,5.020677
2025-12-31 23:00:00+00:00,3.2704222,6.310277
