date,wind_speed_10m,wind_direction_10m
2025-01-01 00:00:00+00:00,10.152064,37.073162
2025-01-01 01:00:00+00:00,10.656547,37.450653
2025-01-01 02:00:00+00:00,10.436895,44.999897
2025-01-01 03:00:00+00:00,8.641874,54.323517
2025-01-01 04:00:00+00:00,9.178235,64.440094
2025-01-01 05:00:00+00:00,9.901636,62.969223
2025-01-01 06:00:00+00:00,11.679212,61.460106
2025-01-01 07:00:00+00:00,12.730468,56.5346
2025-01-01 08:00:00+00:00,13.15971,49.993805
2025-01-01 09:00:00+00:00,12.738099,42.709366
2025-01-01 10:00:00+00:00,11.975074,42.563324
2025-01-01 11:00:00+00:00,11.7,36.86999
2025-01-01 12:00:00+00:00,11.207801,29.858927
2025-01-01 13:00:00+00:00,12.703715,20.74617
2025-01-01 14:00:00+00:00,13.8049555,22.217653
2025-01-01 15:00:00+00:00,13.954354,30.203154
2025-01-01 16:00:00+00:00,13.104198,37.184795
2025-01-01 17:00:00+00:00,12.284918,39.05314
2025-01-01 18:00:00+00:00,11.975074,42.563324
2025-01-01 19:00:00+00:00,12.031756,51.072456
2025-01-01 20:00:00+00:00,11.609651,60.255207
2025-01-01 21:00:00+00:00,10.662626,68.19853
2025-01-01 22:00:00+00:00,9.080639,76.2392
2025-01-01 23:00:00+00:00,7.6642804,80.53775
2025-01-02 00:00:00+00:00,7.120815,69.27436
2025-01-02 01:00:00+00:00,7.388775,55.922764
2025-01-02 02:00:00+00:00,8.149847,46.789886
2025-01-02 03:00:00+00:00,7.6409945,46.90914
2025-01-02 04:00:00+00:00,7.8954163,46.8476
2025-01-02 05:00:00+00:00,7.928177,50.52757
2025-01-02 06:00:00+00:00,7.928177,50.52757
2025-01-02 07:00:00+00:00,8.528657,45.85501
2025-01-02 08:00:00+00:00,8.805294,40.855286
2025-01-02 09:00:00+00:00,8.461915,38.088825
2025-01-02 10:00:00+00:00,8.067936,38.65983
2025-01-02 11:00:00+00:00,7.8480825,36.607166
2025-01-02 12:00:00+00:00,8.863972,29.16752
2025-01-02 13:00:00+00:00,11.799271,21.476864
2025-01-02 14:00:00+00:00,12.872201,20.462362
2025-01-02 15:00:00+00:00,12.739371,23.304924
2025-01-02 16:00:00+00:00,12.011544,29.638298
2025-01-02 17:00:00+00:00,11.334285,32.680546
2025-01-02 18:00:00+00:00,11.032987,33.6901
2025-01-02 19:00:00+00:00,10.261579,37.875053
2025-01-02 20:00:00+00:00,9.5535755,42.709366
2025-01-02 21:00:00+00:00,8.909545,44.999897
2025-01-02 22:00:00+00:00,9.432412,48.09414
2025-01-02 23:00:00+00:00,8.4963045,53.61555
2025-01-03 00:00:00+00:00,7.754637,68.19853
2025-01-03 01:00:00+00:00,6.542201,82.09293
2025-01-03 02:00:00+00:00,5.4656014,72.75845
2025-01-03 03:00:00+00:00,5.48631,48.99101
2025-01-03 04:00:00+00:00,7.0107627,29.197395
2025-01-03 05:00:00+00:00,9.178235,25.559923
2025-01-03 06:00:00+00:00,10.1456785,25.201094
2025-01-03 07:00:00+00:00,10.730778,22.69384
2025-01-03 08:00:00+00:00,10.99769,21.10492
2025-01-03 09:00:00+00:00,10.873251,19.334904
2025-01-03 10:00:00+00:00,10.546525,27.439646
2025-01-03 11:00:00+00:00,10.248941,30.618525
2025-01-03 12:00:00+00:00,9.741642,27.511923
2025-01-03 13:00:00+00:00,11.113451,24.904745
2025-01-03 14:00:00+00:00,11.521406,28.96756
2025-01-03 15:00:00+00:00,10.897063,30.801384
2025-01-03 16:00:00+00:00,10.070353,28.855572
2025-01-03 17:00:00+00:00,8.953078,30.173443
2025-01-03 18:00:00+00:00,7.973005,28.30066
2025-01-03 19:00:00+00:00,6.7853074,21.801476
2025-01-03 20:00:00+00:00,5.5829024,20.772345
2025-01-03 21:00:00+00:00,4.1556225,17.650223
2025-01-03 22:00:00+00:00,2.5772076,24.775122
2025-01-03 23:00:00+00:00,2.0991426,329.03632
2025-01-04 00:00:00+00:00,4.3498964,294.44394
2025-01-04 01:00:00+00:00,5.815978,291.80148
2025-01-04 02:00:00+00:00,5.9834766,291.16132
2025-01-04 03:00:00+00:00,6.0347,287.3541
2025-01-04 04:00:00+00:00,4.91634,293.7495
2025-01-04 05:00:00+00:00,5.5596404,299.0545
2025-01-04 06:00:00+00:00,7.491114,305.21768
2025-01-04 07:00:00+00:00,9.97986,309.14398
2025-01-04 08:00:00+00:00,11.457958,313.72705
2025-01-04 09:00:00+00:00,11.5887,316.88815
2025-01-04 10:00:00+00:00,11.384198,325.30478
2025-01-04 11:00:00+00:00,10.228373,331.63104
2025-01-04 12:00:00+00:00,9.693296,338.19852
2025-01-04 13:00:00+00:00,9.568824,343.61038
2025-01-04 14:00:00+00:00,9.605998,347.00537
2025-01-04 15:00:00+00:00,9.82279,346.21838
2025-01-04 16:00:00+00:00,9.904906,340.9064
2025-01-04 17:00:00+00:00,9.997699,336.66592
2025-01-04 18:00:00+00:00,10.062305,333.43503
2025-01-04 19:00:00+00:00,10.00256,329.74365
2025-01-04 20:00:00+00:00,10.086427,325.17545
2025-01-04 21:00:00+00:00,10.692969,323.9016
2025-01-04 22:00:00+00:00,11.672275,340.1678
2025-01-04 23:00:00+00:00,11.043261,340.9743
2025-01-05 00:00:00+00:00,10.3480425,346.93066
2025-01-05 01:00:00+00:00,9.582359,354.61078
2025-01-05 02:00:00+00:00,9.721666,1.0608971
2025-01-05 03:00:00+00:00,8.6867485,5.946777
2025-01-05 04:00:00+00:00,9.914717,15.802589
2025-01-05 05:00:00+00:00,11.566313,20.973576
2025-01-05 06:00:00+00:00,12.601285,21.801476
2025-01-05 07:00:00+00:00,13.752048,14.400064
2025-01-05 08:00:00+00:00,13.88919,3.7152178
2025-01-05 09:00:00+00:00,13.75558,353.9911
2025-01-05 10:00:00+00:00,14.690691,352.96216
2025-01-05 11:00:00+00:00,15.122143,351.09836
2025-01-05 12:00:00+00:00,13.202726,348.9965
2025-01-05 13:00:00+00:00,11.745604,344.89883
2025-01-05 14:00:00+00:00,11.525623,345.52966
2025-01-05 15:00:00+00:00,11.307095,346.18494
2025-01-05 16:00:00+00:00,10.837435,348.50345
2025-01-05 17:00:00+00:00,10.914888,346.65125
2025-01-05 18:00:00+00:00,11.265469,347.074
2025-01-05 19:00:00+00:00,11.578912,348.34073
2025-01-05 20:00:00+00:00,11.811622,352.11694
2025-01-05 21:00:00+00:00,11.525623,358.21014
2025-01-05 22:00:00+00:00,10.594036,9.782338
2025-01-05 23:00:00+00:00,9.6228485,7.523731
2025-01-06 00:00:00+00:00,8.641874,1.1934711
2025-01-06 01:00:00+00:00,7.040739,4.398633
2025-01-06 02:00:00+00:00,4.724786,17.744766
2025-01-06 03:00:00+00:00,2.4482648,36.027473
2025-01-06 04:00:00+00:00,1.3708391,23.198618
2025-01-06 05:00:00+00:00,2.8856194,356.42374
2025-01-06 06:00:00+00:00,6.1858225,351.63422
2025-01-06 07:00:00+00:00,11.5115595,350.0959
2025-01-06 08:00:00+00:00,14.978984,355.86542
2025-01-06 09:00:00+00:00,16.22498,3.179772
2025-01-06 10:00:00+00:00,14.081478,4.398633
2025-01-06 11:00:00+00:00,14.000713,8.130019
2025-01-06 12:00:00+00:00,11.367109,10.954029
2025-01-06 13:00:00+00:00,11.003581,15.172969
2025-01-06 14:00:00+00:00,11.103243,19.903845
2025-01-06 15:00:00+00:00,11.431062,26.161512
2025-01-06 16:00:00+00:00,11.435313,28.178495
2025-01-06 17:00:00+00:00,10.8672905,26.564985
2025-01-06 18:00:00+00:00,10.062305,26.564985
2025-01-06 19:00:00+00:00,9.668195,28.950893
2025-01-06 20:00:00+00:00,10.036512,32.549995
2025-01-06 21:00:00+00:00,10.04458,36.253937
2025-01-06 22:00:00+00:00,9.793059,36.027473
2025-01-06 23:00:00+00:00,9.703319,40.485935
2025-01-07 00:00:00+00:00,8.790563,47.489597
2025-01-07 01:00:00+00:00,7.7879906,56.3099
2025-01-07 02:00:00+00:00,6.9527545,68.74943
2025-01-07 03:00:00+00:00,6.391901,80.2725
2025-01-07 04:00:00+00:00,5.0911684,81.86999
2025-01-07 05:00:00+00:00,6.0908127,71.0295
2025-01-07 06:00:00+00:00,8.244708,53.880566
2025-01-07 07:00:00+00:00,10.337078,35.07383
2025-01-07 08:00:00+00:00,11.190442,25.740664
2025-01-07 09:00:00+00:00,11.103243,16.966234
2025-01-07 10:00:00+00:00,10.658068,4.84392
2025-01-07 11:00:00+00:00,9.926147,4.1595626
2025-01-07 12:00:00+00:00,8.019601,9.039405
2025-01-07 13:00:00+00:00,7.841888,9.246045
2025-01-07 14:00:00+00:00,6.898956,7.495768
2025-01-07 15:00:00+00:00,5.2694216,7.853233
2025-01-07 16:00:00+00:00,3.7585104,16.699326
2025-01-07 17:00:00+00:00,2.907989,21.801476
2025-01-07 18:00:00+00:00,2.0523157,52.124958
2025-01-07 19:00:00+00:00,1.9134263,131.18582
2025-01-07 20:00:00+00:00,3.3092597,157.61983
2025-01-07 21:00:00+00:00,5.020677,165.4655
2025-01-07 22:00:00+00:00,6.12,151.92761
2025-01-07 23:00:00+00:00,7.342588,168.69011
2025-01-08 00:00:00+00:00,8.099999,180.0
2025-01-08 01:00:00+00:00,9.195868,183.3664
2025-01-08 02:00:00+00:00,10.440001,180.0
2025-01-08 03:00:00+00:00,10.2742,176.98727
2025-01-08 04:00:00+00:00,7.7588143,176.00917
2025-01-08 05:00:00+00:00,8.885877,173.01904
2025-01-08 06:00:00+00:00,8.297589,183.73132
2025-01-08 07:00:00+00:00,6.763786,205.2011
2025-01-08 08:00:00+00:00,7.4520864,232.85323
2025-01-08 09:00:00+00:00,9.028754,246.50142
2025-01-08 10:00:00+00:00,10.957847,255.73544
2025-01-08 11:00:00+00:00,10.98,259.6112
2025-01-08 12:00:00+00:00,7.9932976,262.23492
2025-01-08 13:00:00+00:00,7.748368,267.33704
2025-01-08 14:00:00+00:00,6.8612823,265.48608
2025-01-08 15:00:00+00:00,5.4656014,252.75845
2025-01-08 16:00:00+00:00,5.1481256,233.53067
2025-01-08 17:00:00+00:00,5.1481256,216.46933
2025-01-08 18:00:00+00:00,4.7521367,204.62355
2025-01-08 19:00:00+00:00,4.3832865,199.17911
2025-01-08 20:00:00+00:00,3.84796,190.78426
2025-01-08 21:00:00+00:00,4.143911,182.4895
2025-01-08 22:00:00+00:00,4.5322843,173.15732
2025-01-08 23:00:00+00:00,5.7852573,174.64427
2025-01-09 00:00:00+00:00,6.542201,172.09293
2025-01-09 01:00:00+00:00,7.4672885,164.62369
2025-01-09 02:00:00+00:00,8.461915,156.16125
2025-01-09 03:00:00+00:00,9.19939,149.42085
2025-01-09 04:00:00+00:00,5.7402787,138.81418
2025-01-09 05:00:00+00:00,6.544677,121.50421
2025-01-09 06:00:00+00:00,8.225035,113.198616
2025-01-09 07:00:00+00:00,7.42159,112.833694
2025-01-09 08:00:00+00:00,5.318383,113.962494
2025-01-09 09:00:00+00:00,3.143565,103.24053
2025-01-09 10:00:00+00:00,1.9469976,56.3099
2025-01-09 11:00:00+00:00,3.9518096,30.068504
2025-01-09 12:00:00+00:00,7.329338,24.67685
2025-01-09 13:00:00+00:00,11.440979,24.145542
2025-01-09 14:00:00+00:00,12.659004,29.84584
2025-01-09 15:00:00+00:00,13.18308,34.9921
2025-01-09 16:00:00+00:00,13.529966,40.683887
2025-01-09 17:00:00+00:00,13.5012,47.16109
2025-01-09 18:00:00+00:00,12.996201,53.447433
2025-01-09 19:00:00+00:00,12.287555,58.1726
2025-01-09 20:00:00+00:00,11.753877,62.65021
2025-01-09 21:00:00+00:00,11.566313,69.026436
2025-01-09 22:00:00+00:00,12.358542,77.38069
2025-01-09 23:00:00+00:00,12.440851,93.31772
2025-01-10 00:00:00+00:00,13.009903,104.420815
2025-01-10 01:00:00+00:00,13.070776,112.6806
2025-01-10 02:00:00+00:00,12.409561,113.962494
2025-01-10 03:00:00+00:00,10.730778,112.69383
2025-01-10 04:00:00+00:00,9.627896,110.80687
2025-01-10 05:00:00+00:00,8.880405,107.700516
2025-01-10 06:00:00+00:00,6.638072,102.5288
2025-01-10 07:00:00+00:00,3.604497,87.13766
2025-01-10 08:00:00+00:00,2.6208394,15.945477
2025-01-10 09:00:00+00:00,5.297018,350.21765
2025-01-10 10:00:00+00:00,7.029225,346.67545
2025-01-10 11:00:00+00:00,9.044888,354.2895
2025-01-10 12:00:00+00:00,10.2742,3.0127327
2025-01-10 13:00:00+00:00,11.391313,5.4402504
2025-01-10 14:00:00+00:00,11.720751,10.61961
2025-01-10 15:00:00+00:00,11.700001,14.250073
2025-01-10 16:00:00+00:00,12.872201,20.462362
2025-01-10 17:00:00+00:00,14.8257065,29.054508
2025-01-10 18:00:00+00:00,11.594292,27.758451
2025-01-10 19:00:00+00:00,5.48631,318.991
2025-01-10 20:00:00+00:00,11.032987,264.3825
2025-01-10 21:00:00+00:00,9.278297,251.91646
2025-01-10 22:00:00+00:00,10.036512,212.54999
2025-01-10 23:00:00+00:00,10.873252,186.65433
2025-01-11 00:00:00+00:00,6.2613096,198.43504
2025-01-11 01:00:00+00:00,4.91634,293.7495
2025-01-11 02:00:00+00:00,9.473541,321.17017
2025-01-11 03:00:00+00:00,8.777654,331.8585
2025-01-11 04:00:00+00:00,8.427383,340.0168
2025-01-11 05:00:00+00:00,9.194106,336.94867
2025-01-11 06:00:00+00:00,11.7,329.48984
2025-01-11 07:00:00+00:00,14.941085,328.79953
2025-01-11 08:00:00+00:00,17.47484,335.0188
2025-01-11 09:00:00+00:00,19.087639,339.00122
2025-01-11 10:00:00+00:00,18.65151,337.8905
2025-01-11 11:00:00+00:00,19.240644,340.88693
2025-01-11 12:00:00+00:00,16.546297,345.5102
2025-01-11 13:00:00+00:00,13.8037815,347.95746
2025-01-11 14:00:00+00:00,13.084402,352.09293
2025-01-11 15:00:00+00:00,13.14,360.0
2025-01-11 16:00:00+00:00,13.822546,8.235533
2025-01-11 17:00:00+00:00,14.414617,15.945477
2025-01-11 18:00:00+00:00,14.401124,18.208578
2025-01-11 19:00:00+00:00,14.230248,18.435053
2025-01-11 20:00:00+00:00,14.230248,18.435053
2025-01-11 21:00:00+00:00,14.410121,20.472363
2025-01-11 22:00:00+00:00,12.801531,27.645891
2025-01-11 23:00:00+00:00,12.879752,26.564985
2025-01-12 00:00:00+00:00,13.203954,27.612942
2025-01-12 01:00:00+00:00,14.978984,32.73523
2025-01-12 02:00:00+00:00,16.199999,36.86999
2025-01-12 03:00:00+00:00,16.697365,41.94123
2025-01-12 04:00:00+00:00,16.802786,45.86796
2025-01-12 05:00:00+00:00,17.311846,45.84244
2025-01-12 06:00:00+00:00,17.692268,45.412155
2025-01-12 07:00:00+00:00,16.16897,43.646877
2025-01-12 08:00:00+00:00,15.717823,39.889538
2025-01-12 09:00:00+00:00,15.975444,33.511055
2025-01-12 10:00:00+00:00,15.496736,30.735416
2025-01-12 11:00:00+00:00,16.58346,27.121223
2025-01-12 12:00:00+00:00,16.104721,25.132927
2025-01-12 13:00:00+00:00,13.845967,26.231878
2025-01-12 14:00:00+00:00,13.060857,29.744795
2025-01-12 15:00:00+00:00,12.88981,35.909817
2025-01-12 16:00:00+00:00,12.362475,42.04915
2025-01-12 17:00:00+00:00,11.734564,48.731503
2025-01-12 18:00:00+00:00,11.592894,53.84173
2025-01-12 19:00:00+00:00,12.13499,57.72439
2025-01-12 20:00:00+00:00,12.383424,57.46495
2025-01-12 21:00:00+00:00,12.330985,56.3099
2025-01-12 22:00:00+00:00,12.431733,55.6196
2025-01-12 23:00:00+00:00,12.241323,53.972538
2025-01-13 00:00:00+00:00,12.431733,55.6196
2025-01-13 01:00:00+00:00,12.181624,55.840256
2025-01-13 02:00:00+00:00,11.681987,56.309914
2025-01-13 03:00:00+00:00,10.742848,58.70702
2025-01-13 04:00:00+00:00,12.081473,61.525894
2025-01-13 05:00:00+00:00,13.934605,61.448715
2025-01-13 06:00:00+00:00,15.0038395,59.743652
2025-01-13 07:00:00+00:00,15.528064,55.388794
2025-01-13 08:00:00+00:00,14.896563,46.468742
2025-01-13 09:00:00+00:00,15.096411,39.193268
2025-01-13 10:00:00+00:00,15.12964,34.82457
2025-01-13 11:00:00+00:00,15.825675,33.870857
2025-01-13 12:00:00+00:00,15.3264475,33.50346
2025-01-13 13:00:00+00:00,13.18308,34.9921
2025-01-13 14:00:00+00:00,12.768586,40.425995
2025-01-13 15:00:00+00:00,12.362475,47.950855
2025-01-13 16:00:00+00:00,11.738705,54.36011
2025-01-13 17:00:00+00:00,11.144021,58.877598
2025-01-13 18:00:00+00:00,10.472536,65.63756
2025-01-13 19:00:00+00:00,9.793058,72.89719
2025-01-13 20:00:00+00:00,9.114471,80.909805
2025-01-13 21:00:00+00:00,8.461914,91.21885
2025-01-13 22:00:00+00:00,8.035746,105.59287
2025-01-13 23:00:00+00:00,8.131936,117.69938
2025-01-14 00:00:00+00:00,7.6579366,119.57774
2025-01-14 01:00:00+00:00,6.763786,115.20109
2025-01-14 02:00:00+00:00,6.0347,107.35411
2025-01-14 03:00:00+00:00,5.232399,93.945114
2025-01-14 04:00:00+00:00,5.297018,80.21766
2025-01-14 05:00:00+00:00,8.513448,76.55138
2025-01-14 06:00:00+00:00,11.431063,82.763176
2025-01-14 07:00:00+00:00,11.252519,82.64771
2025-01-14 08:00:00+00:00,10.196647,69.3255
2025-01-14 09:00:00+00:00,10.261579,52.124958
2025-01-14 10:00:00+00:00,10.626099,38.81139
2025-01-14 11:00:00+00:00,12.136325,35.340195
2025-01-14 12:00:00+00:00,11.931705,33.92984
2025-01-14 13:00:00+00:00,11.833546,26.175228
2025-01-14 14:00:00+00:00,12.56008,25.463305
2025-01-14 15:00:00+00:00,13.0447235,27.979382
2025-01-14 16:00:00+00:00,12.841963,31.239157
2025-01-14 17:00:00+00:00,12.682018,34.592358
2025-01-14 18:00:00+00:00,12.906138,39.90783
2025-01-14 19:00:00+00:00,12.886039,48.964752
2025-01-14 20:00:00+00:00,12.936228,58.079163
2025-01-14 21:00:00+00:00,12.879752,63.435013
2025-01-14 22:00:00+00:00,12.431733,55.6196
2025-01-14 23:00:00+00:00,11.892265,50.52757
2025-01-15 00:00:00+00:00,11.466438,47.544853
2025-01-15 01:00:00+00:00,10.825469,47.021362
2025-01-15 02:00:00+00:00,10.185519,46.432037
2025-01-15 03:00:00+00:00,8.783189,44.169785
2025-01-15 04:00:00+00:00,9.82114,48.715385
2025-01-15 05:00:00+00:00,11.079873,46.97493
2025-01-15 06:00:00+00:00,12.483748,42.662663
2025-01-15 07:00:00+00:00,14.544401,36.44454
2025-01-15 08:00:00+00:00,16.63905,31.282597
2025-01-15 09:00:00+00:00,17.149193,25.489162
2025-01-15 10:00:00+00:00,16.285772,20.037306
2025-01-15 11:00:00+00:00,16.198,14.808428
2025-01-15 12:00:00+00:00,14.264361,10.175456
2025-01-15 13:00:00+00:00,11.705537,1.7623575
2025-01-15 14:00:00+00:00,11.173057,2.7701654
2025-01-15 15:00:00+00:00,10.837435,4.763556
2025-01-15 16:00:00+00:00,10.441552,0.9877458
2025-01-15 17:00:00+00:00,11.032987,354.3825
2025-01-15 18:00:00+00:00,11.402683,348.15796
2025-01-15 19:00:00+00:00,11.307095,346.18494
2025-01-15 20:00:00+00:00,10.215693,345.71887
2025-01-15 21:00:00+00:00,8.688613,346.82742
2025-01-15 22:00:00+00:00,6.7469993,350.78906
2025-01-15 23:00:00+00:00,5.4744864,350.53775
2025-01-16 00:00:00+00:00,4.14,360.0
2025-01-16 01:00:00+00:00,2.1897945,9.462248
2025-01-16 02:00:00+00:00,1.0495713,59.03632
2025-01-16 03:00:00+00:00,1.08,90.0
2025-01-16 04:00:00+00:00,1.0948973,99.46225
2025-01-16 05:00:00+00:00,2.4216523,41.98713
2025-01-16 06:00:00+00:00,4.3498964,24.443953
2025-01-16 07:00:00+00:00,7.0223074,1.4687687
2025-01-16 08:00:00+00:00,8.507737,353.92764
2025-01-16 09:00:00+00:00,9.208192,355.51547
2025-01-16 10:00:00+00:00,7.3997297,341.56494
2025-01-16 11:00:00+00:00,7.6409945,344.9816
2025-01-16 12:00:00+00:00,7.7588143,356.00916
2025-01-16 13:00:00+00:00,7.555712,12.380747
2025-01-16 14:00:00+00:00,7.928177,39.47243
2025-01-16 15:00:00+00:00,8.688613,76.827446
2025-01-16 16:00:00+00:00,11.050591,102.22511
2025-01-16 17:00:00+00:00,11.679213,114.5901
2025-01-16 18:00:00+00:00,11.391313,121.42951
2025-01-16 19:00:00+00:00,10.650465,120.46546
2025-01-16 20:00:00+00:00,11.679213,114.5901
2025-01-16 21:00:00+00:00,12.703715,110.74616
2025-01-16 22:00:00+00:00,13.433838,107.9495
2025-01-16 23:00:00+00:00,13.277364,105.73207
2025-01-17 00:00:00+00:00,12.849528,101.3099
2025-01-17 01:00:00+00:00,12.346741,97.53935
2025-01-17 02:00:00+00:00,11.885453,91.73567
2025-01-17 03:00:00+00:00,11.098865,81.60716
2025-01-17 04:00:00+00:00,12.882267,74.60439
2025-01-17 05:00:00+00:00,14.913952,66.52899
2025-01-17 06:00:00+00:00,17.790886,62.916534
2025-01-17 07:00:00+00:00,20.316889,60.25522
2025-01-17 08:00:00+00:00,21.274294,57.789097
2025-01-17 09:00:00+00:00,21.426805,54.574142
2025-01-17 10:00:00+00:00,21.38897,43.636143
2025-01-17 11:00:00+00:00,22.06377,41.36173
2025-01-17 12:00:00+00:00,21.001457,45.347214
2025-01-17 13:00:00+00:00,16.712881,41.069725
2025-01-17 14:00:00+00:00,15.833861,40.389275
2025-01-17 15:00:00+00:00,16.299694,46.789886
2025-01-17 16:00:00+00:00,16.165964,52.236866
2025-01-17 17:00:00+00:00,15.552041,52.997395
2025-01-17 18:00:00+00:00,14.827893,56.88866
2025-01-17 19:00:00+00:00,14.092978,61.798473
2025-01-17 20:00:00+00:00,13.049689,65.55606
2025-01-17 21:00:00+00:00,12.337553,66.80139
2025-01-17 22:00:00+00:00,11.298495,67.52052
2025-01-17 23:00:00+00:00,10.560341,60.376347
2025-01-18 00:00:00+00:00,10.30883,65.22488
2025-01-18 01:00:00+00:00,10.144082,62.525658
2025-01-18 02:00:00+00:00,9.796366,69.56709
2025-01-18 03:00:00+00:00,8.827344,69.717354
2025-01-18 04:00:00+00:00,9.266067,65.92451
2025-01-18 05:00:00+00:00,9.939196,54.58287
2025-01-18 06:00:00+00:00,11.525623,51.34017
2025-01-18 07:00:00+00:00,12.124306,40.785725
2025-01-18 08:00:00+00:00,11.634741,34.919483
2025-01-18 09:00:00+00:00,10.383987,33.6901
2025-01-18 10:00:00+00:00,10.783486,33.42483
2025-01-18 11:00:00+00:00,10.735306,34.75598
2025-01-18 12:00:00+00:00,10.990322,31.607454
2025-01-18 13:00:00+00:00,10.814989,18.435053
2025-01-18 14:00:00+00:00,11.672275,19.832224
2025-01-18 15:00:00+00:00,12.241323,17.102825
2025-01-18 16:00:00+00:00,12.20023,21.644505
2025-01-18 17:00:00+00:00,11.9466305,30.815645
2025-01-18 18:00:00+00:00,11.43248,33.439884
2025-01-18 19:00:00+00:00,10.703569,42.27363
2025-01-18 20:00:00+00:00,9.686609,48.01287
2025-01-18 21:00:00+00:00,8.604301,52.650585
2025-01-18 22:00:00+00:00,7.5363917,40.15594
2025-01-18 23:00:00+00:00,7.458606,19.746927
2025-01-19 00:00:00+00:00,8.4042845,9.865748
2025-01-19 01:00:00+00:00,9.422101,6.581848
2025-01-19 02:00:00+00:00,9.6228485,7.523731
2025-01-19 03:00:00+00:00,8.482947,17.281584
2025-01-19 04:00:00+00:00,9.102021,24.537718
2025-01-19 05:00:00+00:00,10.32924,22.543112
2025-01-19 06:00:00+00:00,11.7,22.61991
2025-01-19 07:00:00+00:00,12.072083,20.056185
2025-01-19 08:00:00+00:00,11.578912,11.659274
2025-01-19 09:00:00+00:00,11.16145,0.9240338
2025-01-19 10:00:00+00:00,12.168319,7.6505675
2025-01-19 11:00:00+00:00,12.74954,13.055255
2025-01-19 12:00:00+00:00,12.703715,20.74617
2025-01-19 13:00:00+00:00,11.165805,20.772345
2025-01-19 14:00:00+00:00,11.465024,22.135553
2025-01-19 15:00:00+00:00,12.43434,22.109503
2025-01-19 16:00:00+00:00,13.049689,24.443953
2025-01-19 17:00:00+00:00,13.282243,26.564985
2025-01-19 18:00:00+00:00,13.70839,29.931421
2025-01-19 19:00:00+00:00,13.929953,32.868675
2025-01-19 20:00:00+00:00,14.082628,35.112095
2025-01-19 21:00:00+00:00,13.943901,39.23735
2025-01-19 22:00:00+00:00,14.383114,44.493042
2025-01-19 23:00:00+00:00,13.748513,43.939182
2025-01-20 00:00:00+00:00,12.855831,44.432816
2025-01-20 01:00:00+00:00,12.108261,41.98713
2025-01-20 02:00:00+00:00,11.457958,43.72705
2025-01-20 03:00:00+00:00,10.583326,48.44749
2025-01-20 04:00:00+00:00,12.261157,49.76371
2025-01-20 05:00:00+00:00,12.870944,47.83418
2025-01-20 06:00:00+00:00,13.239486,46.10162
2025-01-20 07:00:00+00:00,12.855831,44.432816
2025-01-20 08:00:00+00:00,11.019764,38.367523
2025-01-20 09:00:00+00:00,9.178235,25.559923
2025-01-20 10:00:00+00:00,10.070353,28.855572
2025-01-20 11:00:00+00:00,9.983106,25.640957
2025-01-20 12:00:00+00:00,10.163227,22.93213
2025-01-20 13:00:00+00:00,10.215693,14.281137
2025-01-20 14:00:00+00:00,11.265469,12.926001
2025-01-20 15:00:00+00:00,11.953409,18.435053
2025-01-20 16:00:00+00:00,11.935778,23.085169
2025-01-20 17:00:00+00:00,11.833546,26.175228
2025-01-20 18:00:00+00:00,11.511559,26.965645
2025-01-20 19:00:00+00:00,11.351422,27.377628
2025-01-20 20:00:00+00:00,11.435313,28.178495
2025-01-20 21:00:00+00:00,11.53265,34.18618
2025-01-20 22:00:00+00:00,12.284918,39.05314
2025-01-20 23:00:00+00:00,11.975074,42.563324
2025-01-21 00:00:00+00:00,11.712454,46.24529
2025-01-21 01:00:00+00:00,10.819482,44.326046
2025-01-21 02:00:00+00:00,10.094454,50.063675
2025-01-21 03:00:00+00:00,8.967541,51.51978
2025-01-21 04:00:00+00:00,10.210936,49.28924
2025-01-21 05:00:00+00:00,11.843124,46.8476
2025-01-21 06:00:00+00:00,13.125196,42.220776
2025-01-21 07:00:00+00:00,13.8049555,39.709877
2025-01-21 08:00:00+00:00,12.932471,34.7961
2025-01-21 09:00:00+00:00,12.287555,31.827414
2025-01-21 10:00:00+00:00,11.734564,32.471172
2025-01-21 11:00:00+00:00,11.679212,28.539894
2025-01-21 12:00:00+00:00,11.91812,25.016869
2025-01-21 13:00:00+00:00,11.384199,18.435053
2025-01-21 14:00:00+00:00,11.7827835,18.71184
2025-01-21 15:00:00+00:00,12.134992,20.854538
2025-01-21 16:00:00+00:00,12.20023,21.644505
2025-01-21 17:00:00+00:00,12.134992,20.854538
2025-01-21 18:00:00+00:00,12.007498,23.875284
2025-01-21 19:00:00+00:00,11.431062,26.161512
2025-01-21 20:00:00+00:00,11.08572,32.399826
2025-01-21 21:00:00+00:00,10.626099,38.81139
2025-01-21 22:00:00+00:00,10.233123,50.710617
2025-01-21 23:00:00+00:00,10.036512,57.45001
2025-01-22 00:00:00+00:00,8.9873905,57.264786
2025-01-22 01:00:00+00:00,8.067936,51.34017
2025-01-22 02:00:00+00:00,7.42159,39.09386
2025-01-22 03:00:00+00:00,6.725354,15.524177
2025-01-22 04:00:00+00:00,7.0774574,7.3056703
2025-01-22 05:00:00+00:00,8.581677,9.659832
2025-01-22 06:00:00+00:00,9.885262,10.491434
2025-01-22 07:00:00+00:00,10.8955765,7.59456
2025-01-22 08:00:00+00:00,11.712455,2.6424956
2025-01-22 09:00:00+00:00,12.0720825,357.43628
2025-01-22 10:00:00+00:00,13.060857,352.87506
2025-01-22 11:00:00+00:00,14.357185,352.07315
2025-01-22 12:00:00+00:00,15.273505,351.87
2025-01-22 13:00:00+00:00,14.056144,350.4171
2025-01-22 14:00:00+00:00,14.766584,350.8822
2025-01-22 15:00:00+00:00,15.070633,352.45068
2025-01-22 16:00:00+00:00,14.848635,353.7366
2025-01-22 17:00:00+00:00,14.081478,355.60138
2025-01-22 18:00:00+00:00,13.698934,356.98727
2025-01-22 19:00:00+00:00,13.1412325,359.21518
2025-01-22 20:00:00+00:00,12.431734,2.4894993
2025-01-22 21:00:00+00:00,11.588701,6.2418275
2025-01-22 22:00:00+00:00,10.920824,8.530679
2025-01-22 23:00:00+00:00,9.5196,15.350199
2025-01-23 00:00:00+00:00,8.827344,20.282646
2025-01-23 01:00:00+00:00,7.889259,27.149609
2025-01-23 02:00:00+00:00,7.193247,31.701384
2025-01-23 03:00:00+00:00,6.696387,36.253937
2025-01-23 04:00:00+00:00,6.391901,32.347424
2025-01-23 05:00:00+00:00,8.242743,31.607454
2025-01-23 06:00:00+00:00,11.032987,28.237358
2025-01-23 07:00:00+00:00,14.420235,24.325571
2025-01-23 08:00:00+00:00,15.646544,23.025528
2025-01-23 09:00:00+00:00,16.640022,15.690055
2025-01-23 10:00:00+00:00,17.581125,10.61961
2025-01-23 11:00:00+00:00,18.762356,8.829663
2025-01-23 12:00:00+00:00,18.051228,9.180475
2025-01-23 13:00:00+00:00,13.976394,7.3995037
2025-01-23 14:00:00+00:00,12.906138,8.017007
2025-01-23 15:00:00+00:00,12.284916,10.980613
2025-01-23 16:00:00+00:00,11.700001,14.250073
2025-01-23 17:00:00+00:00,10.9859,18.138186
2025-01-23 18:00:00+00:00,10.028439,21.037588
2025-01-23 19:00:00+00:00,9.505977,18.778133
2025-01-23 20:00:00+00:00,9.165871,19.502544
2025-01-23 21:00:00+00:00,8.089993,20.854538
2025-01-23 22:00:00+00:00,7.689603,16.313938
2025-01-23 23:00:00+00:00,8.827343,16.58742
2025-01-24 00:00:00+00:00,9.627896,20.806877
2025-01-24 01:00:00+00:00,9.257321,26.564985
2025-01-24 02:00:00+00:00,9.236298,33.070686
2025-01-24 03:00:00+00:00,8.099999,36.86999
2025-01-24 04:00:00+00:00,7.3094187,37.99879
2025-01-24 05:00:00+00:00,8.856658,37.568665
2025-01-24 06:00:00+00:00,11.272657,38.516956
2025-01-24 07:00:00+00:00,13.551501,39.61066
2025-01-24 08:00:00+00:00,13.551501,39.61066
2025-01-24 09:00:00+00:00,13.861168,37.614033
2025-01-24 10:00:00+00:00,13.766176,27.23507
2025-01-24 11:00:00+00:00,15.539537,25.377708
2025-01-24 12:00:00+00:00,15.215058,25.958725
2025-01-24 13:00:00+00:00,13.00243,21.948761
2025-01-24 14:00:00+00:00,12.10157,22.751022
2025-01-24 15:00:00+00:00,10.472536,24.362455
2025-01-24 16:00:00+00:00,8.322932,21.571367
2025-01-24 17:00:00+00:00,6.0347,17.354122
2025-01-24 18:00:00+00:00,4.143911,357.5105
2025-01-24 19:00:00+00:00,3.9312592,344.05453
2025-01-24 20:00:00+00:00,4.3832865,340.8209
2025-01-24 21:00:00+00:00,5.720489,347.27563
2025-01-24 22:00:00+00:00,7.1661706,348.40787
2025-01-24 23:00:00+00:00,8.287822,357.5105
2025-01-25 00:00:00+00:00,8.149847,6.3401003
2025-01-25 01:00:00+00:00,6.601363,11.003508
2025-01-25 02:00:00+00:00,4.6800003,22.61991
2025-01-25 03:00:00+00:00,3.2048087,51.842735
2025-01-25 04:00:00+00:00,1.7076298,71.564964
2025-01-25 05:00:00+00:00,2.7475805,58.392544
2025-01-25 06:00:00+00:00,3.6447225,57.094753
2025-01-25 07:00:00+00:00,4.2021427,43.26433
2025-01-25 08:00:00+00:00,4.412754,11.76827
2025-01-25 09:00:00+00:00,5.2200003,360.0
2025-01-25 10:00:00+00:00,5.8603754,349.3804
2025-01-25 11:00:00+00:00,6.519877,353.6599
2025-01-25 12:00:00+00:00,6.489992,356.82022
2025-01-25 13:00:00+00:00,7.102591,351.2539
2025-01-25 14:00:00+00:00,6.849467,356.98727
2025-01-25 15:00:00+00:00,5.9427266,1.7356651
2025-01-25 16:00:00+00:00,4.503598,2.2905633
2025-01-25 17:00:00+00:00,3.6,360.0
2025-01-25 18:00:00+00:00,2.7059932,356.186
2025-01-25 19:00:00+00:00,2.0124612,349.69522
2025-01-25 20:00:00+00:00,1.2727921,315.0001
2025-01-25 21:00:00+00:00,1.26,270.0
2025-01-25 22:00:00+00:00,3.710795,255.96373
2025-01-25 23:00:00+00:00,3.7971036,275.44025
2025-01-26 00:00:00+00:00,3.9477081,294.22772
2025-01-26 01:00:00+00:00,3.3043609,299.35767
2025-01-26 02:00:00+00:00,1.484318,284.03625
2025-01-26 03:00:00+00:00,1.3104197,164.05453
2025-01-26 04:00:00+00:00,1.9134263,138.81418
2025-01-26 05:00:00+00:00,2.2768397,71.564964
2025-01-26 06:00:00+00:00,3.9640884,50.52757
2025-01-26 07:00:00+00:00,3.8939953,56.3099
2025-01-26 08:00:00+00:00,3.1845248,42.709366
2025-01-26 09:00:00+00:00,3.6447225,32.905247
2025-01-26 10:00:00+00:00,3.0758414,20.556128
2025-01-26 11:00:00+00:00,4.2021422,9.865748
2025-01-26 12:00:00+00:00,4.802999,12.99463
2025-01-26 13:00:00+00:00,5.4744864,9.462261
2025-01-26 14:00:00+00:00,5.6835546,10.954029
2025-01-26 15:00:00+00:00,5.6835546,10.954029
2025-01-26 16:00:00+00:00,5.0688457,6.1154146
2025-01-26 17:00:00+00:00,4.323748,357.6141
2025-01-26 18:00:00+00:00,3.84796,349.21573
2025-01-26 19:00:00+00:00,3.9312592,344.05453
2025-01-26 20:00:00+00:00,3.536439,345.25638
2025-01-26 21:00:00+00:00,2.6208394,344.05453
2025-01-26 22:00:00+00:00,1.3104197,344.05453
2025-01-26 23:00:00+00:00,0.35999998,360.0
2025-01-27 00:00:00+00:00,1.2727921,135.0001
2025-01-27 01:00:00+00:00,3.096837,144.46223
2025-01-27 02:00:00+00:00,4.6938257,147.52882
2025-01-27 03:00:00+00:00,5.991594,147.26479
2025-01-27 04:00:00+00:00,4.542994,146.3099
2025-01-27 05:00:00+00:00,4.752136,127.30403
2025-01-27 06:00:00+00:00,4.445672,111.3707
2025-01-27 07:00:00+00:00,2.5772078,102.09474
2025-01-27 08:00:00+00:00,1.7076298,18.435053
2025-01-27 09:00:00+00:00,4.6277857,346.50424
2025-01-27 10:00:00+00:00,6.21717,337.8905
2025-01-27 11:00:00+00:00,6.5049515,345.5792
2025-01-27 12:00:00+00:00,5.9427266,1.7356651
2025-01-27 13:00:00+00:00,6.601363,11.003508
2025-01-27 14:00:00+00:00,7.1208143,16.144413
2025-01-27 15:00:00+00:00,5.7431,32.195713
2025-01-27 16:00:00+00:00,4.5820518,44.999897
2025-01-27 17:00:00+00:00,3.8939953,56.3099
2025-01-27 18:00:00+00:00,3.4152596,71.564964
2025-01-27 19:00:00+00:00,2.36753,98.74608
2025-01-27 20:00:00+00:00,2.8116899,140.19447
2025-01-27 21:00:00+00:00,4.3498964,155.55606
2025-01-27 22:00:00+00:00,7.056826,142.25313
2025-01-27 23:00:00+00:00,7.344794,143.97253
2025-01-28 00:00:00+00:00,7.029225,140.19447
2025-01-28 01:00:00+00:00,7.6409945,136.90913
2025-01-28 02:00:00+00:00,9.7565975,142.49579
2025-01-28 03:00:00+00:00,9.835975,145.43741
2025-01-28 04:00:00+00:00,6.048107,143.47105
2025-01-28 05:00:00+00:00,6.623413,132.79738
2025-01-28 06:00:00+00:00,7.4520864,127.14677
2025-01-28 07:00:00+00:00,5.728979,136.27295
2025-01-28 08:00:00+00:00,3.5864744,162.47433
2025-01-28 09:00:00+00:00,3.7585104,196.69933
2025-01-28 10:00:00+00:00,4.445672,201.37068
2025-01-28 11:00:00+00:00,5.3939967,205.7099
2025-01-28 12:00:00+00:00,5.072041,207.47435
2025-01-28 13:00:00+00:00,5.5596404,209.0545
2025-01-28 14:00:00+00:00,6.489992,199.44012
2025-01-28 15:00:00+00:00,8.790563,190.6196
2025-01-28 16:00:00+00:00,11.098865,188.39284
2025-01-28 17:00:00+00:00,11.9317045,191.30989
2025-01-28 18:00:00+00:00,12.0694,197.35411
2025-01-28 19:00:00+00:00,12.800266,205.84433
2025-01-28 20:00:00+00:00,13.1412325,216.08516
2025-01-28 21:00:00+00:00,12.855831,225.56718
2025-01-28 22:00:00+00:00,12.283599,235.14546
2025-01-28 23:00:00+00:00,11.738705,234.3601
2025-01-29 00:00:00+00:00,11.074023,224.34154
2025-01-29 01:00:00+00:00,11.734564,212.47118
2025-01-29 02:00:00+00:00,12.413476,196.85847
2025-01-29 03:00:00+00:00,11.966953,186.91113
2025-01-29 04:00:00+00:00,10.495713,185.90605
2025-01-29 05:00:00+00:00,11.616627,192.5288
2025-01-29 06:00:00+00:00,12.835653,202.24907
2025-01-29 07:00:00+00:00,12.638512,215.7275
2025-01-29 08:00:00+00:00,12.204212,232.79199
2025-01-29 09:00:00+00:00,12.669238,247.44272
2025-01-29 10:00:00+00:00,11.659777,261.11942
2025-01-29 11:00:00+00:00,11.196231,274.61057
2025-01-29 12:00:00+00:00,9.224011,287.0206
2025-01-29 13:00:00+00:00,8.936778,297.5972
2025-01-29 14:00:00+00:00,9.109138,299.60434
2025-01-29 15:00:00+00:00,9.668195,298.9509
2025-01-29 16:00:00+00:00,10.387107,297.8972
2025-01-29 17:00:00+00:00,11.276968,298.61035
2025-01-29 18:00:00+00:00,11.931705,303.92984
2025-01-29 19:00:00+00:00,12.351987,313.22855
2025-01-29 20:00:00+00:00,12.348051,323.29706
2025-01-29 21:00:00+00:00,11.855429,329.9315
2025-01-29 22:00:00+00:00,12.5032,337.12628
2025-01-29 23:00:00+00:00,12.10157,337.249
2025-01-30 00:00:00+00:00,11.334285,339.55035
2025-01-30 01:00:00+00:00,11.448055,343.55954
2025-01-30 02:00:00+00:00,11.9317045,348.6901
2025-01-30 03:00:00+00:00,11.016824,355.31418
2025-01-30 04:00:00+00:00,12.273043,4.2052836
2025-01-30 05:00:00+00:00,13.556282,10.713074
2025-01-30 06:00:00+00:00,13.451914,12.362483
2025-01-30 07:00:00+00:00,13.556282,10.713074
2025-01-30 08:00:00+00:00,13.671707,9.090207
2025-01-30 09:00:00+00:00,12.0720825,2.5637162
2025-01-30 10:00:00+00:00,10.081606,358.977
2025-01-30 11:00:00+00:00,8.297589,347.4712
2025-01-30 12:00:00+00:00,7.186487,337.93204
2025-01-30 13:00:00+00:00,6.7397914,325.8855
2025-01-30 14:00:00+00:00,6.4096174,321.8427
2025-01-30 15:00:00+00:00,6.522361,320.59937
2025-01-30 16:00:00+00:00,7.2,323.13
2025-01-30 17:00:00+00:00,8.187527,326.65927
2025-01-30 18:00:00+00:00,9.021574,331.38962
2025-01-30 19:00:00+00:00,9.676569,341.56494
2025-01-30 20:00:00+00:00,9.195868,356.6336
2025-01-30 21:00:00+00:00,8.338489,13.736293
2025-01-30 22:00:00+00:00,8.461915,23.838743
2025-01-30 23:00:00+00:00,7.388775,34.07725
2025-01-31 00:00:00+00:00,6.696387,53.74608
2025-01-31 01:00:00+00:00,6.0908127,71.0295
2025-01-31 02:00:00+00:00,5.6262593,82.64771
2025-01-31 03:00:00+00:00,5.5916004,93.691315
2025-01-31 04:00:00+00:00,4.73506,81.25392
2025-01-31 05:00:00+00:00,6.489992,70.559875
2025-01-31 06:00:00+00:00,7.823272,66.97448
2025-01-31 07:00:00+00:00,7.256032,60.255207
2025-01-31 08:00:00+00:00,4.2021427,46.73567
2025-01-31 09:00:00+00:00,2.5455842,8.130019
2025-01-31 10:00:00+00:00,2.5455842,351.87
2025-01-31 11:00:00+00:00,2.4482646,342.8972
2025-01-31 12:00:00+00:00,3.5864744,342.47433
2025-01-31 13:00:00+00:00,8.101999,358.727
2025-01-31 14:00:00+00:00,10.387107,8.97255
2025-01-31 15:00:00+00:00,11.566313,20.973576
2025-01-31 16:00:00+00:00,11.792404,31.263678
2025-01-31 17:00:00+00:00,11.599879,41.85495
2025-01-31 18:00:00+00:00,11.052058,52.943394
2025-01-31 19:00:00+00:00,10.436895,57.680416
2025-01-31 20:00:00+00:00,9.901636,62.969223
2025-01-31 21:00:00+00:00,9.340941,64.91644
2025-01-31 22:00:00+00:00,8.893166,54.057793
2025-01-31 23:00:00+00:00,8.536252,47.563812
2025-02-01 00:00:00+00:00,8.65873,43.315353
2025-02-01 01:00:00+00:00,8.805294,40.855286
2025-02-01 02:00:00+00:00,9.044888,42.580452
2025-02-01 03:00:00+00:00,7.7650757,45.939102
2025-02-01 04:00:00+00:00,8.274128,45.88132
2025-02-01 05:00:00+00:00,9.67657,43.492626
2025-02-01 06:00:00+00:00,11.074023,44.34155
2025-02-01 07:00:00+00:00,13.004922,41.63345
2025-02-01 08:00:00+00:00,15.013554,37.694313
2025-02-01 09:00:00+00:00,15.299999,28.072395
2025-02-01 10:00:00+00:00,15.206538,16.504446
2025-02-01 11:00:00+00:00,16.068466,9.673287
2025-02-01 12:00:00+00:00,16.04526,3.2154255
2025-02-01 13:00:00+00:00,15.095336,351.77335
2025-02-01 14:00:00+00:00,16.16496,352.32114
2025-02-01 15:00:00+00:00,16.928614,358.17206
2025-02-01 16:00:00+00:00,17.313717,3.5762644
2025-02-01 17:00:00+00:00,17.518356,9.462248
2025-02-01 18:00:00+00:00,17.258425,16.355904
2025-02-01 19:00:00+00:00,16.997377,24.393738
2025-02-01 20:00:00+00:00,16.474672,33.86374
2025-02-01 21:00:00+00:00,16.045261,43.18173
2025-02-01 22:00:00+00:00,15.077082,56.689358
2025-02-01 23:00:00+00:00,14.169785,64.41154
2025-02-02 00:00:00+00:00,13.4903965,71.323204
2025-02-02 01:00:00+00:00,12.758432,73.61038
2025-02-02 02:00:00+00:00,12.011544,70.75039
2025-02-02 03:00:00+00:00,10.706596,63.00425
2025-02-02 04:00:00+00:00,11.032987,56.3099
2025-02-02 05:00:00+00:00,13.684735,54.63746
2025-02-02 06:00:00+00:00,17.429354,51.709793
2025-02-02 07:00:00+00:00,20.750027,46.054314
2025-02-02 08:00:00+00:00,20.404411,41.42357
2025-02-02 09:00:00+00:00,19.820442,39.472446
2025-02-02 10:00:00+00:00,18.289274,36.1933
2025-02-02 11:00:00+00:00,18.581022,35.537766
2025-02-02 12:00:00+00:00,16.474672,33.86374
2025-02-02 13:00:00+00:00,13.288341,28.30066
2025-02-02 14:00:00+00:00,12.904882,30.1413
2025-02-02 15:00:00+00:00,12.979984,33.6901
2025-02-02 16:00:00+00:00,12.708815,37.519188
2025-02-02 17:00:00+00:00,12.566526,38.01901
2025-02-02 18:00:00+00:00,12.5807,33.91748
2025-02-02 19:00:00+00:00,13.203954,27.612942
2025-02-02 20:00:00+00:00,13.60519,25.88698
2025-02-02 21:00:00+00:00,13.363711,27.255245
2025-02-02 22:00:00+00:00,12.431733,34.3804
2025-02-02 23:00:00+00:00,11.226575,41.09941
2025-02-03 00:00:00+00:00,10.055864,45.72514
2025-02-03 01:00:00+00:00,9.290511,54.46224
2025-02-03 02:00:00+00:00,9.021574,61.389645
2025-02-03 03:00:00+00:00,7.42159,67.16631
2025-02-03 04:00:00+00:00,6.5223618,62.02062
2025-02-03 05:00:00+00:00,7.4520864,52.853233
2025-02-03 06:00:00+00:00,8.65873,43.315353
2025-02-03 07:00:00+00:00,8.131936,27.699385
2025-02-03 08:00:00+00:00,6.130579,356.6336
2025-02-03 09:00:00+00:00,6.384293,310.426
2025-02-03 10:00:00+00:00,7.8954163,294.22772
2025-02-03 11:00:00+00:00,9.227524,290.55612
2025-02-03 12:00:00+00:00,8.863972,293.9625
2025-02-03 13:00:00+00:00,7.538541,303.31064
2025-02-03 14:00:00+00:00,6.59154,304.9921
2025-02-03 15:00:00+00:00,4.6452556,305.53775
2025-02-03 16:00:00+00:00,3.3043609,299.35767
2025-02-03 17:00:00+00:00,3.244996,273.17978
2025-02-03 18:00:00+00:00,3.8141315,250.70985
2025-02-03 19:00:00+00:00,4.4565907,226.63654
2025-02-03 20:00:00+00:00,4.942631,213.11136
2025-02-03 21:00:00+00:00,5.004518,217.6943
2025-02-03 22:00:00+00:00,3.1072817,259.9921
2025-02-03 23:00:00+00:00,3.244996,289.44012
2025-02-04 00:00:00+00:00,3.4388947,317.1211
2025-02-04 01:00:00+00:00,3.8647635,332.24155
2025-02-04 02:00:00+00:00,2.7238941,352.40543
2025-02-04 03:00:00+00:00,1.9469976,33.6901
2025-02-04 04:00:00+00:00,1.2727921,81.86999
2025-02-04 05:00:00+00:00,2.7534704,78.6901
2025-02-04 06:00:00+00:00,4.913044,81.57312
2025-02-04 07:00:00+00:00,3.7842832,64.65388
2025-02-04 08:00:00+00:00,2.5455842,8.130019
2025-02-04 09:00:00+00:00,3.0652893,319.7637
2025-02-04 10:00:00+00:00,3.9640884,309.47244
2025-02-04 11:00:00+00:00,3.572898,310.91428
2025-02-04 12:00:00+00:00,2.9024127,299.74478
2025-02-04 13:00:00+00:00,2.19718,304.9921
2025-02-04 14:00:00+00:00,0.40249225,63.435013
2025-02-04 15:00:00+00:00,3.1845248,132.70937
2025-02-04 16:00:00+00:00,5.369916,140.44037
2025-02-04 17:00:00+00:00,7.0107627,150.80261
2025-02-04 18:00:00+00:00,7.8625183,164.05453
2025-02-04 19:00:00+00:00,7.3997297,184.18483
2025-02-04 20:00:00+00:00,7.6388745,214.43904
2025-02-04 21:00:00+00:00,8.461914,240.70874
2025-02-04 22:00:00+00:00,8.11798,266.186
2025-02-04 23:00:00+00:00,8.035746,285.59286
2025-02-05 00:00:00+00:00,8.4963045,306.38446
2025-02-05 01:00:00+00:00,9.422101,316.5481
2025-02-05 02:00:00+00:00,9.840914,320.1945
2025-02-05 03:00:00+00:00,8.181589,320.35587
2025-02-05 04:00:00+00:00,5.8409934,326.3099
2025-02-05 05:00:00+00:00,6.6818557,332.74475
2025-02-05 06:00:00+00:00,8.958504,337.5572
2025-02-05 07:00:00+00:00,9.096681,332.928
2025-02-05 08:00:00+00:00,8.019601,314.0907
2025-02-05 09:00:00+00:00,8.953078,300.17343
2025-02-05 10:00:00+00:00,8.604301,285.78082
2025-02-05 11:00:00+00:00,8.880405,287.7005
2025-02-05 12:00:00+00:00,7.247096,284.38144
2025-02-05 13:00:00+00:00,5.5887027,284.93146
2025-02-05 14:00:00+00:00,4.1556225,274.96964
2025-02-05 15:00:00+00:00,3.7842832,272.72626
2025-02-05 16:00:00+00:00,4.412754,281.76825
2025-02-05 17:00:00+00:00,5.8048253,299.74478
2025-02-05 18:00:00+00:00,7.386582,316.9749
2025-02-05 19:00:00+00:00,8.777654,331.8585
2025-02-05 20:00:00+00:00,9.605998,347.00537
2025-02-05 21:00:00+00:00,9.5416975,1.0809096
2025-02-05 22:00:00+00:00,9.761578,22.78244
2025-02-05 23:00:00+00:00,9.109138,37.775745
2025-02-06 00:00:00+00:00,9.3340025,50.47741
2025-02-06 01:00:00+00:00,9.19939,59.420856
2025-02-06 02:00:00+00:00,8.709098,71.93944
2025-02-06 03:00:00+00:00,8.459999,90.0
2025-02-06 04:00:00+00:00,6.482499,88.4089
2025-02-06 05:00:00+00:00,7.555712,77.619255
2025-02-06 06:00:00+00:00,10.564942,66.929565
2025-02-06 07:00:00+00:00,11.384198,55.304783
2025-02-06 08:00:00+00:00,11.709688,44.999897
2025-02-06 09:00:00+00:00,11.808878,37.568665
2025-02-06 10:00:00+00:00,11.609651,29.744795
2025-02-06 11:00:00+00:00,11.672275,26.564985
2025-02-06 12:00:00+00:00,11.132385,22.833694
2025-02-06 13:00:00+00:00,10.387107,8.97255
2025-02-06 14:00:00+00:00,11.074022,7.4714665
2025-02-06 15:00:00+00:00,11.177405,14.931467
2025-02-06 16:00:00+00:00,11.566313,20.973576
2025-02-06 17:00:00+00:00,11.7827835,18.71184
2025-02-06 18:00:00+00:00,12.979984,19.440128
2025-02-06 19:00:00+00:00,14.1102085,23.294596
2025-02-06 20:00:00+00:00,14.677452,33.49521
2025-02-06 21:00:00+00:00,14.512064,46.005
2025-02-06 22:00:00+00:00,13.4903965,58.642982
2025-02-06 23:00:00+00:00,12.647482,65.62354
2025-02-07 00:00:00+00:00,12.882267,74.60439
2025-02-07 01:00:00+00:00,12.662843,84.2895
2025-02-07 02:00:00+00:00,13.159711,93.1363
2025-02-07 03:00:00+00:00,12.549757,98.24623
2025-02-07 04:00:00+00:00,12.638512,100.66973
2025-02-07 05:00:00+00:00,13.577776,104.58897
2025-02-07 06:00:00+00:00,13.499999,106.26028
2025-02-07 07:00:00+00:00,13.379461,100.85637
2025-02-07 08:00:00+00:00,10.813492,87.13766
2025-02-07 09:00:00+00:00,8.93859,64.98315
2025-02-07 10:00:00+00:00,7.653705,41.185837
2025-02-07 11:00:00+00:00,8.39657,30.963696
2025-02-07 12:00:00+00:00,9.016185,26.053446
2025-02-07 13:00:00+00:00,9.568824,16.389616
2025-02-07 14:00:00+00:00,10.474082,19.057802
2025-02-07 15:00:00+00:00,10.385547,25.676775
2025-02-07 16:00:00+00:00,9.840914,39.805527
2025-02-07 17:00:00+00:00,9.585739,55.713078
2025-02-07 18:00:00+00:00,9.278297,71.916466
2025-02-07 19:00:00+00:00,9.266067,82.1848
2025-02-07 20:00:00+00:00,9.54,90.0
2025-02-07 21:00:00+00:00,9.761578,95.28999
2025-02-07 22:00:00+00:00,9.781473,102.75753
2025-02-07 23:00:00+00:00,9.676569,108.43504
2025-02-08 00:00:00+00:00,9.339208,117.552734
2025-02-08 01:00:00+00:00,9.485504,123.388535
2025-02-08 02:00:00+00:00,9.688281,125.16652
2025-02-08 03:00:00+00:00,9.335737,123.996506
2025-02-08 04:00:00+00:00,8.131936,117.69938
2025-02-08 05:00:00+00:00,9.504273,114.62355
2025-02-08 06:00:00+00:00,11.203464,113.682106
2025-02-08 07:00:00+00:00,10.070353,114.27443
2025-02-08 08:00:00+00:00,6.21717,112.109505
2025-02-08 09:00:00+00:00,3.0811036,96.70974
2025-02-08 10:00:00+00:00,1.7727944,66.037506
2025-02-08 11:00:00+00:00,2.4149535,26.564985
2025-02-08 12:00:00+00:00,3.9312592,15.945477
2025-02-08 13:00:00+00:00,7.3821945,1.397161
2025-02-08 14:00:00+00:00,9.087772,7.969524
2025-02-08 15:00:00+00:00,10.018743,17.783985
2025-02-08 16:00:00+00:00,10.717182,29.147985
2025-02-08 17:00:00+00:00,10.799999,36.86998
2025-02-08 18:00:00+00:00,10.946013,44.999897
2025-02-08 19:00:00+00:00,11.236671,54.782326
2025-02-08 20:00:00+00:00,10.8015,66.425285
2025-02-08 21:00:00+00:00,10.390226,75.96373
2025-02-08 22:00:00+00:00,9.867218,75.2032
2025-02-08 23:00:00+00:00,9.178235,78.6901
2025-02-09 00:00:00+00:00,8.613709,79.159744
2025-02-09 01:00:00+00:00,7.9077177,78.178535
2025-02-09 02:00:00+00:00,7.970972,83.51703
2025-02-09 03:00:00+00:00,6.849467,93.012726
2025-02-09 04:00:00+00:00,5.4119864,93.814
2025-02-09 05:00:00+00:00,5.5916004,93.691315
2025-02-09 06:00:00+00:00,4.8733153,94.23632
2025-02-09 07:00:00+00:00,3.4247334,86.98728
2025-02-09 08:00:00+00:00,1.5484185,35.537766
2025-02-09 09:00:00+00:00,2.97953,334.98312
2025-02-09 10:00:00+00:00,5.0688457,353.88458
2025-02-09 11:00:00+00:00,4.7657523,349.11453
2025-02-09 12:00:00+00:00,5.3699164,346.42953
2025-02-09 13:00:00+00:00,6.310277,356.72958
2025-02-09 14:00:00+00:00,6.898956,7.495768
2025-02-09 15:00:00+00:00,6.7205353,20.37652
2025-02-09 16:00:00+00:00,5.9617786,28.886486
2025-02-09 17:00:00+00:00,5.402999,29.981556
2025-02-09 18:00:00+00:00,4.4456716,31.75944
2025-02-09 19:00:00+00:00,4.080882,41.42357
2025-02-09 20:00:00+00:00,3.563818,44.999897
2025-02-09 21:00:00+00:00,3.0652893,40.236294
2025-02-09 22:00:00+00:00,1.4399999,360.0
2025-02-09 23:00:00+00:00,1.1384199,288.43503
2025-02-10 00:00:00+00:00,2.4216523,228.01286
2025-02-10 01:00:00+00:00,3.8939953,236.3099
2025-02-10 02:00:00+00:00,4.2175345,219.80553
2025-02-10 03:00:00+00:00,5.6262593,187.35228
2025-02-10 04:00:00+00:00,5.4149795,164.57777
2025-02-10 05:00:00+00:00,8.11798,176.186
2025-02-10 06:00:00+00:00,10.706595,196.60706
2025-02-10 07:00:00+00:00,12.785069,215.25644
2025-02-10 08:00:00+00:00,14.083778,231.22581
2025-02-10 09:00:00+00:00,14.98331,241.27977
2025-02-10 10:00:00+00:00,14.4415655,247.27023
2025-02-10 11:00:00+00:00,13.776763,252.51192
2025-02-10 12:00:00+00:00,11.745604,254.89885
2025-02-10 13:00:00+00:00,9.321845,259.9921
2025-02-10 14:00:00+00:00,8.766573,250.82089
2025-02-10 15:00:00+00:00,8.777654,241.85849
2025-02-10 16:00:00+00:00,10.009036,232.3057
2025-02-10 17:00:00+00:00,10.948973,226.33215
2025-02-10 18:00:00+00:00,12.218805,224.9999
2025-02-10 19:00:00+00:00,13.246826,227.20262
2025-02-10 20:00:00+00:00,13.324863,231.58191
2025-02-10 21:00:00+00:00,13.032298,237.40742
2025-02-10 22:00:00+00:00,13.672893,249.17903
2025-02-10 23:00:00+00:00,13.169556,248.34395
2025-02-11 00:00:00+00:00,12.801531,242.35411
2025-02-11 01:00:00+00:00,12.74954,239.4525
2025-02-11 02:00:00+00:00,12.081473,236.54666
2025-02-11 03:00:00+00:00,10.134495,236.59215
2025-02-11 04:00:00+00:00,8.133928,245.13632
2025-02-11 05:00:00+00:00,7.029225,272.9356
2025-02-11 06:00:00+00:00,7.3997297,311.05472
2025-02-11 07:00:00+00:00,9.102021,335.46228
2025-02-11 08:00:00+00:00,10.703569,340.3461
2025-02-11 09:00:00+00:00,12.081473,335.34412
2025-02-11 10:00:00+00:00,11.833546,333.82477
2025-02-11 11:00:00+00:00,13.070776,337.3194
2025-02-11 12:00:00+00:00,13.040997,339.81412
2025-02-11 13:00:00+00:00,11.672275,340.1678
2025-02-11 14:00:00+00:00,11.328566,342.42865
2025-02-11 15:00:00+00:00,11.272657,340.40762
2025-02-11 16:00:00+00:00,11.841756,340.46326
2025-02-11 17:00:00+00:00,12.303366,339.44388
2025-02-11 18:00:00+00:00,12.241323,342.8972
2025-02-11 19:00:00+00:00,11.9317045,348.6901
2025-02-11 20:00:00+00:00,11.391313,354.55975
2025-02-11 21:00:00+00:00,10.441552,359.01227
2025-02-11 22:00:00+00:00,9.375563,3.3018
2025-02-11 23:00:00+00:00,7.9932976,7.7650824
2025-02-12 00:00:00+00:00,5.4833565,23.198618
2025-02-12 01:00:00+00:00,2.36753,81.25392
2025-02-12 02:00:00+00:00,2.8174455,153.43501
2025-02-12 03:00:00+00:00,3.9763298,185.19434
2025-02-12 04:00:00+00:00,2.5071096,201.03758
2025-02-12 05:00:00+00:00,1.9134263,228.81418
2025-02-12 06:00:00+00:00,2.4482646,287.1028
2025-02-12 07:00:00+00:00,3.7842832,295.34613
2025-02-12 08:00:00+00:00,7.3094187,307.99878
2025-02-12 09:00:00+00:00,10.348043,310.0607
2025-02-12 10:00:00+00:00,10.993271,320.31458
2025-02-12 11:00:00+00:00,12.061343,322.27493
2025-02-12 12:00:00+00:00,11.4862,327.8043
2025-02-12 13:00:00+00:00,8.089993,339.14545
2025-02-12 14:00:00+00:00,7.570707,341.99573
2025-02-12 15:00:00+00:00,7.9138603,342.80136
2025-02-12 16:00:00+00:00,8.951267,344.84586
2025-02-12 17:00:00+00:00,9.531505,349.11453
2025-02-12 18:00:00+00:00,8.836514,356.49652
2025-02-12 19:00:00+00:00,7.4346757,6.9528637
2025-02-12 20:00:00+00:00,6.1569467,15.255177
2025-02-12 21:00:00+00:00,4.599695,30.579157
2025-02-12 22:00:00+00:00,3.745557,54.782326
2025-02-12 23:00:00+00:00,3.4199998,90.0
2025-02-13 00:00:00+00:00,5.414979,111.44781
2025-02-13 01:00:00+00:00,5.293959,125.311295
2025-02-13 02:00:00+00:00,6.8777895,132.87889
2025-02-13 03:00:00+00:00,7.8954163,136.8476
2025-02-13 04:00:00+00:00,7.282774,140.01317
2025-02-13 05:00:00+00:00,8.39078,144.60512
2025-02-13 06:00:00+00:00,7.968939,161.56496
2025-02-13 07:00:00+00:00,5.983477,195.7087
2025-02-13 08:00:00+00:00,5.48631,228.99101
2025-02-13 09:00:00+00:00,6.2145634,259.9921
2025-02-13 10:00:00+00:00,6.2483597,281.6336
2025-02-13 11:00:00+00:00,6.320538,289.9832
2025-02-13 12:00:00+00:00,5.2323985,296.56497
2025-02-13 13:00:00+00:00,4.471107,319.89914
2025-02-13 14:00:00+00:00,4.3832865,340.8209
2025-02-13 15:00:00+00:00,3.7585104,343.3007
2025-02-13 16:00:00+00:00,0.9178235,11.3098955
2025-02-13 17:00:00+00:00,3.1072817,169.99208
2025-02-13 18:00:00+00:00,4.9785542,192.5288
2025-02-13 19:00:00+00:00,6.198903,205.82094
2025-02-13 20:00:00+00:00,7.8149853,208.92633
2025-02-13 21:00:00+00:00,10.075177,198.75874
2025-02-13 22:00:00+00:00,11.745604,195.10115
2025-02-13 23:00:00+00:00,11.745604,195.10115
2025-02-14 00:00:00+00:00,11.844492,196.78273
2025-02-14 01:00:00+00:00,12.011544,199.24962
2025-02-14 02:00:00+00:00,12.601285,201.80147
2025-02-14 03:00:00+00:00,11.35285,205.34613
2025-02-14 04:00:00+00:00,10.6261,206.13094
2025-02-14 05:00:00+00:00,10.495713,210.96368
2025-02-14 06:00:00+00:00,9.54679,224.23619
2025-02-14 07:00:00+00:00,7.973005,241.69934
2025-02-14 08:00:00+00:00,8.101999,271.273
2025-02-14 09:00:00+00:00,9.914717,285.80258
2025-02-14 10:00:00+00:00,10.957847,284.26456
2025-02-14 11:00:00+00:00,12.616703,284.03625
2025-02-14 12:00:00+00:00,13.1412325,283.4652
2025-02-14 13:00:00+00:00,10.3480425,283.0693
2025-02-14 14:00:00+00:00,8.149847,263.6599
2025-02-14 15:00:00+00:00,8.149847,223.21011
2025-02-14 16:00:00+00:00,10.805998,209.98155
2025-02-14 17:00:00+00:00,11.453715,210.19153
2025-02-14 18:00:00+00:00,12.483748,208.41257
2025-02-14 19:00:00+00:00,14.539945,211.32863
2025-02-14 20:00:00+00:00,16.092644,216.3573
2025-02-14 21:00:00+00:00,18.852798,222.67844
2025-02-14 22:00:00+00:00,22.049082,227.9781
2025-02-14 23:00:00+00:00,20.837282,238.78166
2025-02-15 00:00:00+00:00,17.534994,252.68097
2025-02-15 01:00:00+00:00,15.808263,262.1468
2025-02-15 02:00:00+00:00,14.417988,267.13766
2025-02-15 03:00:00+00:00,10.98,280.3888
2025-02-15 04:00:00+00:00,9.97986,309.14398
2025-02-15 05:00:00+00:00,9.504273,335.37646
2025-02-15 06:00:00+00:00,9.82279,346.21838
2025-02-15 07:00:00+00:00,11.726277,342.12122
2025-02-15 08:00:00+00:00,14.24163,339.27435
2025-02-15 09:00:00+00:00,16.365158,330.33337
2025-02-15 10:00:00+00:00,17.727943,330.8325
2025-02-15 11:00:00+00:00,17.311846,332.1028
2025-02-15 12:00:00+00:00,15.210799,339.2058
2025-02-15 13:00:00+00:00,10.694485,353.23392
2025-02-15 14:00:00+00:00,10.086427,357.95462
2025-02-15 15:00:00+00:00,10.63372,2.9107854
2025-02-15 16:00:00+00:00,11.052058,6.5461946
2025-02-15 17:00:00+00:00,11.720751,10.61961
2025-02-15 18:00:00+00:00,11.841756,19.536749
2025-02-15 19:00:00+00:00,11.844492,36.34755
2025-02-15 20:00:00+00:00,11.778658,51.20343
2025-02-15 21:00:00+00:00,11.672275,63.435013
2025-02-15 22:00:00+00:00,10.449306,79.07724
2025-02-15 23:00:00+00:00,9.914717,93.12207
2025-02-16 00:00:00+00:00,9.847496,108.10386
2025-02-16 01:00:00+00:00,10.874742,118.68605
2025-02-16 02:00:00+00:00,10.908951,127.6263
2025-02-16 03:00:00+00:00,9.67657,133.49263
2025-02-16 04:00:00+00:00,10.195057,137.86247
2025-02-16 05:00:00+00:00,11.272657,141.48305
2025-02-16 06:00:00+00:00,12.13499,147.72438
2025-02-16 07:00:00+00:00,10.730778,157.30617
2025-02-16 08:00:00+00:00,10.316686,173.99109
2025-02-16 09:00:00+00:00,12.016938,196.53491
2025-02-16 10:00:00+00:00,11.983188,212.73521
2025-02-16 11:00:00+00:00,15.589497,233.92389
2025-02-16 12:00:00+00:00,17.183167,247.19542
2025-02-16 13:00:00+00:00,15.367616,264.62338
2025-02-16 14:00:00+00:00,13.917154,275.19434
2025-02-16 15:00:00+00:00,12.399112,283.43103
2025-02-16 16:00:00+00:00,11.885453,305.13428
2025-02-16 17:00:00+00:00,14.689589,342.8972
2025-02-16 18:00:00+00:00,18.762356,8.829663
2025-02-16 19:00:00+00:00,18.855375,20.684166
2025-02-16 20:00:00+00:00,16.615667,22.954124
2025-02-16 21:00:00+00:00,15.151039,23.824263
2025-02-16 22:00:00+00:00,13.213764,24.120981
2025-02-16 23:00:00+00:00,12.397806,25.820946
2025-02-17 00:00:00+00:00,12.257194,29.953526
2025-02-17 01:00:00+00:00,12.3165245,26.939459
2025-02-17 02:00:00+00:00,11.638917,39.35174
2025-02-17 03:00:00+00:00,10.373061,51.34017
2025-02-17 04:00:00+00:00,11.832176,56.793423
2025-02-17 05:00:00+00:00,13.229693,56.09368
2025-02-17 06:00:00+00:00,13.513193,48.2398
2025-02-17 07:00:00+00:00,15.655861,44.534245
2025-02-17 08:00:00+00:00,16.323528,41.42357
2025-02-17 09:00:00+00:00,15.236338,38.76555
2025-02-17 10:00:00+00:00,12.85205,37.030487
2025-02-17 11:00:00+00:00,12.13499,32.275623
2025-02-17 12:00:00+00:00,10.656547,15.679591
2025-02-17 13:00:00+00:00,10.453957,357.03912
2025-02-17 14:00:00+00:00,14.440443,355.71094
2025-02-17 15:00:00+00:00,15.96327,7.12493
2025-02-17 16:00:00+00:00,16.204998,12.183641
2025-02-17 17:00:00+00:00,16.13286,10.933771
2025-02-17 18:00:00+00:00,15.111424,12.380747
2025-02-17 19:00:00+00:00,15.215058,10.911081
2025-02-17 20:00:00+00:00,14.713829,14.886319
2025-02-17 21:00:00+00:00,13.403656,22.087223
2025-02-17 22:00:00+00:00,11.672275,17.037857
2025-02-17 23:00:00+00:00,13.418153,6.9342585
2025-02-18 00:00:00+00:00,15.206537,6.1154146
2025-02-18 01:00:00+00:00,15.585337,14.036275
2025-02-18 02:00:00+00:00,14.677451,23.106356
2025-02-18 03:00:00+00:00,13.4903965,31.357033
2025-02-18 04:00:00+00:00,15.292585,42.13753
2025-02-18 05:00:00+00:00,13.072015,51.709793
2025-02-18 06:00:00+00:00,10.086427,55.175446
2025-02-18 07:00:00+00:00,9.220499,51.34017
2025-02-18 08:00:00+00:00,8.019601,45.909298
2025-02-18 09:00:00+00:00,5.637765,16.699326
2025-02-18 10:00:00+00:00,5.2200003,360.0
2025-02-18 11:00:00+00:00,6.3231,355.10098
2025-02-18 12:00:00+00:00,7.0223074,358.53122
2025-02-18 13:00:00+00:00,7.388775,357.20734
2025-02-18 14:00:00+00:00,9.600937,6.458727
2025-02-18 15:00:00+00:00,11.525623,14.470333
2025-02-18 16:00:00+00:00,13.091829,18.435053
2025-02-18 17:00:00+00:00,14.4415655,22.729767
2025-02-18 18:00:00+00:00,14.539945,31.328646
2025-02-18 19:00:00+00:00,13.767352,41.82009
2025-02-18 20:00:00+00:00,12.616702,47.89135
2025-02-18 21:00:00+00:00,10.83893,54.46224
2025-02-18 22:00:00+00:00,9.627896,69.19314
2025-02-18 23:00:00+00:00,8.12197,77.19574
2025-02-19 00:00:00+00:00,7.748368,92.66295
2025-02-19 01:00:00+00:00,8.936778,117.597206
2025-02-19 02:00:00+00:00,10.075177,131.37842
2025-02-19 03:00:00+00:00,11.091564,138.28934
2025-02-19 04:00:00+00:00,14.148046,143.2758
2025-02-19 05:00:00+00:00,14.330079,147.30803
2025-02-19 06:00:00+00:00,15.070633,150.67963
2025-02-19 07:00:00+00:00,15.784676,172.79404
2025-02-19 08:00:00+00:00,16.120808,196.20909
2025-02-19 09:00:00+00:00,19.72869,211.94994
2025-02-19 10:00:00+00:00,15.561413,228.75183
2025-02-19 11:00:00+00:00,16.263872,242.30061
2025-02-19 12:00:00+00:00,16.787354,265.69562
2025-02-19 13:00:00+00:00,14.174356,287.74475
2025-02-19 14:00:00+00:00,14.275713,311.93344
2025-02-19 15:00:00+00:00,15.073858,348.28754
2025-02-19 16:00:00+00:00,14.584443,24.034292
2025-02-19 17:00:00+00:00,13.619472,44.464615
2025-02-19 18:00:00+00:00,11.709688,44.999897
2025-02-19 19:00:00+00:00,10.472535,28.767557
2025-02-19 20:00:00+00:00,11.481968,9.019242
2025-02-19 21:00:00+00:00,13.084402,7.907082
2025-02-19 22:00:00+00:00,14.297258,10.885482
2025-02-19 23:00:00+00:00,12.487641,15.037868
2025-02-20 00:00:00+00:00,9.927779,22.380184
2025-02-20 01:00:00+00:00,7.729527,27.758451
2025-02-20 02:00:00+00:00,6.830519,18.435053
2025-02-20 03:00:00+00:00,5.8104043,16.189287
2025-02-20 04:00:00+00:00,6.5049515,14.4208145
2025-02-20 05:00:00+00:00,8.083983,11.5601
2025-02-20 06:00:00+00:00,11.016824,4.685815
2025-02-20 07:00:00+00:00,8.557102,345.3791
2025-02-20 08:00:00+00:00,9.432412,311.90585
2025-02-20 09:00:00+00:00,10.934166,302.90524
2025-02-20 10:00:00+00:00,10.310403,286.22028
2025-02-20 11:00:00+00:00,10.661107,281.68933
2025-02-20 12:00:00+00:00,10.132897,282.30798
2025-02-20 13:00:00+00:00,8.534353,297.64587
2025-02-20 14:00:00+00:00,8.534353,332.3541
2025-02-20 15:00:00+00:00,10.801499,0.95482427
2025-02-20 16:00:00+00:00,12.810386,17.162003
2025-02-20 17:00:00+00:00,14.913952,29.659021
2025-02-20 18:00:00+00:00,15.833861,40.389275
2025-02-20 19:00:00+00:00,16.276815,51.735966
2025-02-20 20:00:00+00:00,16.663372,63.7118
2025-02-20 21:00:00+00:00,17.020235,72.13982
2025-02-20 22:00:00+00:00,15.602999,78.6901
2025-02-20 23:00:00+00:00,15.833861,81.501526
2025-02-21 00:00:00+00:00,17.194475,83.99109
2025-02-21 01:00:00+00:00,17.288435,88.21013
2025-02-21 02:00:00+00:00,16.201,90.63658
2025-02-21 03:00:00+00:00,14.94,90.0
2025-02-21 04:00:00+00:00,17.46371,88.81884
2025-02-21 05:00:00+00:00,19.14865,85.146996
2025-02-21 06:00:00+00:00,20.240196,84.89793
2025-02-21 07:00:00+00:00,17.731598,84.17376
2025-02-21 08:00:00+00:00,14.721535,78.00312
2025-02-21 09:00:00+00:00,12.413476,73.14152
2025-02-21 10:00:00+00:00,11.53265,55.813835
2025-02-21 11:00:00+00:00,9.92778,44.999897
2025-02-21 12:00:00+00:00,11.304229,37.234917
2025-02-21 13:00:00+00:00,13.799087,30.579157
2025-02-21 14:00:00+00:00,14.941085,31.200457
2025-02-21 15:00:00+00:00,15.882896,38.55843
2025-02-21 16:00:00+00:00,17.23964,40.341682
2025-02-21 17:00:00+00:00,17.49337,40.40938
2025-02-21 18:00:00+00:00,17.654688,39.207188
2025-02-21 19:00:00+00:00,17.835447,42.545933
2025-02-21 20:00:00+00:00,17.220835,48.814175
2025-02-21 21:00:00+00:00,16.825909,55.45984
2025-02-21 22:00:00+00:00,16.189997,61.440475
2025-02-21 23:00:00+00:00,14.411245,62.47487
2025-02-22 00:00:00+00:00,13.374618,61.020393
2025-02-22 01:00:00+00:00,12.932471,55.2039
2025-02-22 02:00:00+00:00,12.652604,50.194473
2025-02-22 03:00:00+00:00,13.551501,50.389355
2025-02-22 04:00:00+00:00,16.144905,59.145874
2025-02-22 05:00:00+00:00,17.183167,67.19543
2025-02-22 06:00:00+00:00,16.546297,75.5102
2025-02-22 07:00:00+00:00,13.110376,81.31373
2025-02-22 08:00:00+00:00,8.490582,85.135574
2025-02-22 09:00:00+00:00,3.536439,75.25639
2025-02-22 10:00:00+00:00,0.9178235,11.3098955
2025-02-22 11:00:00+00:00,3.219938,333.43503
2025-02-22 12:00:00+00:00,5.068846,343.49554
2025-02-22 13:00:00+00:00,7.562142,358.6361
2025-02-22 14:00:00+00:00,10.004178,8.275804
2025-02-22 15:00:00+00:00,10.931203,17.241547
2025-02-22 16:00:00+00:00,10.950452,25.301346
2025-02-22 17:00:00+00:00,10.783486,33.42483
2025-02-22 18:00:00+00:00,10.436895,44.999897
2025-02-22 19:00:00+00:00,10.534229,56.852993
2025-02-22 20:00:00+00:00,10.703569,70.346085
2025-02-22 21:00:00+00:00,10.699028,77.366646
2025-02-22 22:00:00+00:00,9.885262,79.50858
2025-02-22 23:00:00+00:00,9.114471,80.909805
2025-02-23 00:00:00+00:00,9.028754,85.42616
2025-02-23 01:00:00+00:00,9.36173,91.101685
2025-02-23 02:00:00+00:00,10.272623,101.113
2025-02-23 03:00:00+00:00,10.3621235,107.175995
2025-02-23 04:00:00+00:00,12.936227,111.209305
2025-02-23 05:00:00+00:00,15.151039,113.824265
2025-02-23 06:00:00+00:00,15.056652,117.79035
2025-02-23 07:00:00+00:00,10.897063,120.80138
2025-02-23 08:00:00+00:00,7.289445,122.90524
2025-02-23 09:00:00+00:00,5.0432134,124.82456
2025-02-23 10:00:00+00:00,2.4482648,126.027466
2025-02-23 11:00:00+00:00,1.659518,130.60121
2025-02-23 12:00:00+00:00,0.6489992,213.6901
2025-02-23 13:00:00+00:00,2.4482646,17.102825
2025-02-23 14:00:00+00:00,7.4520864,37.146767
2025-02-23 15:00:00+00:00,10.075177,48.621593
2025-02-23 16:00:00+00:00,10.962281,60.48861
2025-02-23 17:00:00+00:00,11.003581,74.827034
2025-02-23 18:00:00+00:00,11.276968,81.740654
2025-02-23 19:00:00+00:00,11.53265,87.316284
2025-02-23 20:00:00+00:00,11.866355,99.60514
2025-02-23 21:00:00+00:00,12.601285,111.80147
2025-02-23 22:00:00+00:00,11.923557,118.88649
2025-02-23 23:00:00+00:00,11.681987,123.690094
2025-02-24 00:00:00+00:00,12.031756,128.92755
2025-02-24 01:00:00+00:00,12.906138,129.90784
2025-02-24 02:00:00+00:00,14.264361,132.95459
2025-02-24 03:00:00+00:00,14.545515,139.01427
2025-02-24 04:00:00+00:00,17.389341,143.84172
2025-02-24 05:00:00+00:00,18.872551,147.06776
2025-02-24 06:00:00+00:00,19.88328,153.66698
2025-02-24 07:00:00+00:00,17.703253,161.01228
2025-02-24 08:00:00+00:00,13.708391,166.32867
2025-02-24 09:00:00+00:00,12.074766,169.6952
2025-02-24 10:00:00+00:00,10.484902,191.88864
2025-02-24 11:00:00+00:00,10.3480425,193.06932
2025-02-24 12:00:00+00:00,9.568824,196.38962
2025-02-24 13:00:00+00:00,7.0843205,207.21602
2025-02-24 14:00:00+00:00,7.570707,208.39293
2025-02-24 15:00:00+00:00,8.490582,201.12479
2025-02-24 16:00:00+00:00,8.574123,219.0355
2025-02-24 17:00:00+00:00,7.2403865,235.1246
2025-02-24 18:00:00+00:00,5.8048253,240.2552
2025-02-24 19:00:00+00:00,5.0816135,247.06787
2025-02-24 20:00:00+00:00,4.6938252,274.39862
2025-02-24 21:00:00+00:00,2.6758924,250.34608
2025-02-24 22:00:00+00:00,4.5891175,205.55992
2025-02-24 23:00:00+00:00,7.327127,207.824
2025-02-25 00:00:00+00:00,8.53815,214.69522
2025-02-25 01:00:00+00:00,8.714677,231.7098
2025-02-25 02:00:00+00:00,8.373386,244.5367
2025-02-25 03:00:00+00:00,5.5829024,249.22766
2025-02-25 04:00:00+00:00,5.0432134,235.17543
2025-02-25 05:00:00+00:00,7.1389914,213.6901
2025-02-25 06:00:00+00:00,11.298495,210.65059
2025-02-25 07:00:00+00:00,16.782528,218.4679
2025-02-25 08:00:00+00:00,21.319935,229.45126
2025-02-25 09:00:00+00:00,23.566256,237.1596
2025-02-25 10:00:00+00:00,21.01071,242.99599
2025-02-25 11:00:00+00:00,19.41081,245.33621
2025-02-25 12:00:00+00:00,17.791796,244.21272
2025-02-25 13:00:00+00:00,12.43434,247.8905
2025-02-25 14:00:00+00:00,9.965239,249.92838
2025-02-25 15:00:00+00:00,9.4238205,241.47697
2025-02-25 16:00:00+00:00,9.5535755,227.29063
2025-02-25 17:00:00+00:00,10.075177,221.37842
2025-02-25 18:00:00+00:00,10.310402,224.29277
2025-02-25 19:00:00+00:00,10.799999,233.13002
2025-02-25 20:00:00+00:00,9.983106,244.35904
2025-02-25 21:00:00+00:00,9.096681,242.928
2025-02-25 22:00:00+00:00,9.418662,224.9999
2025-02-25 23:00:00+00:00,10.636766,203.9625
2025-02-26 00:00:00+00:00,11.9317045,191.30989
2025-02-26 01:00:00+00:00,12.961249,189.59306
2025-02-26 02:00:00+00:00,13.767352,191.30989
2025-02-26 03:00:00+00:00,13.666967,192.93806
2025-02-26 04:00:00+00:00,15.484185,197.59251
2025-02-26 05:00:00+00:00,18.738165,211.24687
2025-02-26 06:00:00+00:00,21.028437,218.04709
2025-02-26 07:00:00+00:00,22.791864,223.40002
2025-02-26 08:00:00+00:00,23.613638,236.18877
2025-02-26 09:00:00+00:00,23.910208,242.66342
2025-02-26 10:00:00+00:00,20.215368,245.26051
2025-02-26 11:00:00+00:00,19.400795,242.95956
2025-02-26 12:00:00+00:00,17.885334,241.11351
2025-02-26 13:00:00+00:00,13.0806875,235.65384
2025-02-26 14:00:00+00:00,11.638917,238.27644
2025-02-26 15:00:00+00:00,11.843124,245.77226
2025-02-26 16:00:00+00:00,12.241323,250.23274
2025-02-26 17:00:00+00:00,10.934166,249.77505
2025-02-26 18:00:00+00:00,10.9859,251.86182
2025-02-26 19:00:00+00:00,11.351422,255.30263
2025-02-26 20:00:00+00:00,10.075177,251.24126
2025-02-26 21:00:00+00:00,9.743304,244.85524
2025-02-26 22:00:00+00:00,8.936778,242.40279
2025-02-26 23:00:00+00:00,9.627896,249.19313
2025-02-27 00:00:00+00:00,7.6642804,260.53775
2025-02-27 01:00:00+00:00,5.402999,299.98157
2025-02-27 02:00:00+00:00,6.379216,343.61038
2025-02-27 03:00:00+00:00,6.989936,34.50859
2025-02-27 04:00:00+00:00,10.993271,50.31459
2025-02-27 05:00:00+00:00,13.37825,66.19405
2025-02-27 06:00:00+00:00,15.489416,88.00217
2025-02-27 07:00:00+00:00,10.966713,113.19862
2025-02-27 08:00:00+00:00,9.555271,176.76036
2025-02-27 09:00:00+00:00,11.870451,220.69543
2025-02-27 10:00:00+00:00,11.755254,258.51804
2025-02-27 11:00:00+00:00,11.555102,288.1528
2025-02-27 12:00:00+00:00,7.256032,313.995
2025-02-27 13:00:00+00:00,2.5772076,335.22488
2025-02-27 14:00:00+00:00,2.1897945,99.46225
2025-02-27 15:00:00+00:00,6.1226463,155.69547
2025-02-27 16:00:00+00:00,9.499157,170.18077
2025-02-27 17:00:00+00:00,11.050591,192.22511
2025-02-27 18:00:00+00:00,13.70839,209.93143
2025-02-27 19:00:00+00:00,14.383114,225.50697
2025-02-27 20:00:00+00:00,13.779114,236.7251
2025-02-27 21:00:00+00:00,12.785069,234.74356
2025-02-27 22:00:00+00:00,11.207801,240.14108
2025-02-27 23:00:00+00:00,10.630672,241.69934
2025-02-28 00:00:00+00:00,10.195057,222.13753
2025-02-28 01:00:00+00:00,13.479583,214.11452
2025-02-28 02:00:00+00:00,15.30741,221.18582
2025-02-28 03:00:00+00:00,15.7908325,226.8476
2025-02-28 04:00:00+00:00,17.873556,235.66972
2025-02-28 05:00:00+00:00,19.48079,238.21913
2025-02-28 06:00:00+00:00,20.66867,236.7251
2025-02-28 07:00:00+00:00,22.798264,231.41081
2025-02-28 08:00:00+00:00,25.469204,231.02399
2025-02-28 09:00:00+00:00,26.810333,235.66972
2025-02-28 10:00:00+00:00,22.942055,243.43501
2025-02-28 11:00:00+00:00,23.540806,246.57129
2025-02-28 12:00:00+00:00,23.431133,248.362
2025-02-28 13:00:00+00:00,18.214718,251.56496
2025-02-28 14:00:00+00:00,13.379461,252.78384
2025-02-28 15:00:00+00:00,10.656547,254.3204
2025-02-28 16:00:00+00:00,7.69592,259.21576
2025-02-28 17:00:00+00:00,4.1046314,254.74483
2025-02-28 18:00:00+00:00,4.293669,213.02386
2025-02-28 19:00:00+00:00,7.5019197,210.25635
2025-02-28 20:00:00+00:00,10.062305,222.82524
2025-02-28 21:00:00+00:00,10.383987,236.3099
2025-02-28 22:00:00+00:00,13.0447235,242.02061
2025-02-28 23:00:00+00:00,11.855429,239.9315
2025-03-01 00:00:00+00:00,9.430695,246.3706
2025-03-01 01:00:00+00:00,4.5322843,263.15732
2025-03-01 02:00:00+00:00,1.5379207,20.556128
2025-03-01 03:00:00+00:00,6.1226463,65.695465
2025-03-01 04:00:00+00:00,13.433838,72.05051
2025-03-01 05:00:00+00:00,16.748707,69.22767
2025-03-01 06:00:00+00:00,16.580532,57.86278
2025-03-01 07:00:00+00:00,13.115319,46.668293
2025-03-01 08:00:00+00:00,11.7662735,29.309916
2025-03-01 09:00:00+00:00,11.966954,15.708701
2025-03-01 10:00:00+00:00,12.966248,13.650437
2025-03-01 11:00:00+00:00,14.450537,13.690066
2025-03-01 12:00:00+00:00,15.978486,14.349371
2025-03-01 13:00:00+00:00,16.720633,14.335479
2025-03-01 14:00:00+00:00,16.940096,14.774605
2025-03-01 15:00:00+00:00,16.794104,17.46402
2025-03-01 16:00:00+00:00,16.794104,17.46402
2025-03-01 17:00:00+00:00,17.47484,18.621681
2025-03-01 18:00:00+00:00,17.515581,22.348164
2025-03-01 19:00:00+00:00,17.325874,29.227953
2025-03-01 20:00:00+00:00,17.1,36.86999
2025-03-01 21:00:00+00:00,17.186935,43.72705
2025-03-01 22:00:00+00:00,16.29174,44.999897
2025-03-01 23:00:00+00:00,15.971386,50.02913
2025-03-02 00:00:00+00:00,15.881875,54.688713
2025-03-02 01:00:00+00:00,15.342294,58.921024
2025-03-02 02:00:00+00:00,15.056652,62.209652
2025-03-02 03:00:00+00:00,15.553083,66.10484
2025-03-02 04:00:00+00:00,17.654686,73.41259
2025-03-02 05:00:00+00:00,16.909464,78.33126
2025-03-02 06:00:00+00:00,15.986595,82.234924
2025-03-02 07:00:00+00:00,13.238261,78.231735
2025-03-02 08:00:00+00:00,10.310403,73.77974
2025-03-02 09:00:00+00:00,8.035746,74.407135
2025-03-02 10:00:00+00:00,5.8298883,81.11942
2025-03-02 11:00:00+00:00,4.8899083,83.659904
2025-03-02 12:00:00+00:00,5.1544156,102.09474
2025-03-02 13:00:00+00:00,4.3536186,119.74479
2025-03-02 14:00:00+00:00,3.62243,116.56499
2025-03-02 15:00:00+00:00,3.84796,100.784256
2025-03-02 16:00:00+00:00,5.2323985,116.56499
2025-03-02 17:00:00+00:00,7.2649574,138.01286
2025-03-02 18:00:00+00:00,10.088033,164.47583
2025-03-02 19:00:00+00:00,11.384199,198.43504
2025-03-02 20:00:00+00:00,13.369771,226.63654
2025-03-02 21:00:00+00:00,13.737904,238.39255
2025-03-02 22:00:00+00:00,13.985663,238.15099
2025-03-02 23:00:00+00:00,14.387619,226.5207
2025-03-03 00:00:00+00:00,16.237955,215.98077
2025-03-03 01:00:00+00:00,18.079027,215.2725
2025-03-03 02:00:00+00:00,18.947083,218.82983
2025-03-03 03:00:00+00:00,19.09358,224.23619
2025-03-03 04:00:00+00:00,23.372986,234.7187
2025-03-03 05:00:00+00:00,26.251009,249.94968
2025-03-03 06:00:00+00:00,29.105505,264.67734
2025-03-03 07:00:00+00:00,30.368834,278.17804
2025-03-03 08:00:00+00:00,29.656332,288.76495
2025-03-03 09:00:00+00:00,28.315548,292.816
2025-03-03 10:00:00+00:00,25.52258,295.48068
2025-03-03 11:00:00+00:00,25.357012,296.56497
2025-03-03 12:00:00+00:00,25.455843,298.7397
2025-03-03 13:00:00+00:00,23.431133,301.4921
2025-03-03 14:00:00+00:00,22.117304,303.04343
2025-03-03 15:00:00+00:00,24.37721,305.6853
2025-03-03 16:00:00+00:00,25.092413,306.54117
2025-03-03 17:00:00+00:00,24.51769,307.543
2025-03-03 18:00:00+00:00,24.248611,310.78574
2025-03-03 19:00:00+00:00,25.328884,315.2879
2025-03-03 20:00:00+00:00,26.009844,318.36655
2025-03-03 21:00:00+00:00,25.950605,320.3471
2025-03-03 22:00:00+00:00,26.368616,321.09586
2025-03-03 23:00:00+00:00,23.950823,321.4074
2025-03-04 00:00:00+00:00,20.778112,318.16043
2025-03-04 01:00:00+00:00,19.091883,315.0001
2025-03-04 02:00:00+00:00,18.335276,313.4089
2025-03-04 03:00:00+00:00,18.080818,313.3865
2025-03-04 04:00:00+00:00,22.842985,319.15396
2025-03-04 05:00:00+00:00,25.211567,326.65027
2025-03-04 06:00:00+00:00,25.685184,334.69205
2025-03-04 07:00:00+00:00,25.568237,343.2234
2025-03-04 08:00:00+00:00,24.231237,346.68637
2025-03-04 09:00:00+00:00,23.233253,347.4712
2025-03-04 10:00:00+00:00,21.36851,353.7132
2025-03-04 11:00:00+00:00,19.829433,356.87793
2025-03-04 12:00:00+00:00,17.82,360.0
2025-03-04 13:00:00+00:00,14.044615,1.4687687
2025-03-04 14:00:00+00:00,11.9140415,4.3322434
2025-03-04 15:00:00+00:00,11.609651,7.12493
2025-03-04 16:00:00+00:00,11.190442,11.129155
2025-03-04 17:00:00+00:00,11.45513,8.130019
2025-03-04 18:00:00+00:00,11.989945,7.7650824
2025-03-04 19:00:00+00:00,12.535548,15.832451
2025-03-04 20:00:00+00:00,12.287555,31.827414
2025-03-04 21:00:00+00:00,11.583108,45.629517
2025-03-04 22:00:00+00:00,11.7,59.48984
2025-03-04 23:00:00+00:00,12.0694,72.64589
2025-03-05 00:00:00+00:00,11.928989,84.805664
2025-03-05 01:00:00+00:00,11.53265,92.68372
2025-03-05 02:00:00+00:00,11.157096,100.222115
2025-03-05 03:00:00+00:00,9.0018,101.53459
2025-03-05 04:00:00+00:00,9.600937,96.458725
2025-03-05 05:00:00+00:00,9.555271,86.76037
2025-03-05 06:00:00+00:00,7.6642804,80.53775
2025-03-05 07:00:00+00:00,4.2481523,53.61555
2025-03-05 08:00:00+00:00,3.7842832,334.65387
2025-03-05 09:00:00+00:00,6.9480934,306.57312
2025-03-05 10:00:00+00:00,9.499158,297.0505
2025-03-05 11:00:00+00:00,10.662626,291.80148
2025-03-05 12:00:00+00:00,12.5032,292.8737
2025-03-05 13:00:00+00:00,11.966953,291.16132
2025-03-05 14:00:00+00:00,11.525623,284.47034
2025-03-05 15:00:00+00:00,12.525207,277.4313
2025-03-05 16:00:00+00:00,12.961249,279.59305
2025-03-05 17:00:00+00:00,12.093535,284.6568
2025-03-05 18:00:00+00:00,10.609316,284.74362
2025-03-05 19:00:00+00:00,10.316686,276.0089
2025-03-05 20:00:00+00:00,11.183201,266.3087
2025-03-05 21:00:00+00:00,11.440978,257.27563
2025-03-05 22:00:00+00:00,11.753877,242.6502
2025-03-05 23:00:00+00:00,12.431733,235.6196
2025-03-06 00:00:00+00:00,13.684735,234.63745
2025-03-06 01:00:00+00:00,15.206538,253.49556
2025-03-06 02:00:00+00:00,14.743526,252.22859
2025-03-06 03:00:00+00:00,12.976239,246.27959
2025-03-06 04:00:00+00:00,14.970331,251.7828
2025-03-06 05:00:00+00:00,18.379402,261.55255
2025-03-06 06:00:00+00:00,19.460823,272.65063
2025-03-06 07:00:00+00:00,19.879206,286.3018
2025-03-06 08:00:00+00:00,21.295605,292.88068
2025-03-06 09:00:00+00:00,22.06377,295.10156
2025-03-06 10:00:00+00:00,21.060001,292.6199
2025-03-06 11:00:00+00:00,20.728155,293.00262
2025-03-06 12:00:00+00:00,18.98552,291.7006
2025-03-06 13:00:00+00:00,14.178928,290.04532
2025-03-06 14:00:00+00:00,12.580699,289.21277
2025-03-06 15:00:00+00:00,12.800266,295.84433
2025-03-06 16:00:00+00:00,12.232057,302.98853
2025-03-06 17:00:00+00:00,12.632101,310.9554
2025-03-06 18:00:00+00:00,11.5887,316.88815
2025-03-06 19:00:00+00:00,10.8792095,321.04407
2025-03-06 20:00:00+00:00,10.062305,317.17474
2025-03-06 21:00:00+00:00,10.583326,311.55252
2025-03-06 22:00:00+00:00,10.373061,308.65982
2025-03-06 23:00:00+00:00,10.285232,302.8557
2025-03-07 00:00:00+00:00,10.234705,293.86017
2025-03-07 01:00:00+00:00,10.9859,288.13818
2025-03-07 02:00:00+00:00,9.979859,277.2531
2025-03-07 03:00:00+00:00,7.922045,268.6981
2025-03-07 04:00:00+00:00,8.865799,275.82623
2025-03-07 05:00:00+00:00,12.57426,283.24054
2025-03-07 06:00:00+00:00,15.062033,284.5345
2025-03-07 07:00:00+00:00,18.59845,284.57425
2025-03-07 08:00:00+00:00,21.806759,289.78116
2025-03-07 09:00:00+00:00,23.588243,295.78284
2025-03-07 10:00:00+00:00,21.36851,304.35944
2025-03-07 11:00:00+00:00,22.119503,304.7247
2025-03-07 12:00:00+00:00,22.370024,304.841
2025-03-07 13:00:00+00:00,18.278645,302.12497
2025-03-07 14:00:00+00:00,15.531193,302.21652
2025-03-07 15:00:00+00:00,13.833091,302.24243
2025-03-07 16:00:00+00:00,13.036026,305.4458
2025-03-07 17:00:00+00:00,12.931218,308.78436
2025-03-07 18:00:00+00:00,13.104198,307.18478
2025-03-07 19:00:00+00:00,12.932471,304.7961
2025-03-07 20:00:00+00:00,12.13499,302.2756
2025-03-07 21:00:00+00:00,12.081473,298.4741
2025-03-07 22:00:00+00:00,10.765445,290.55612
2025-03-07 23:00:00+00:00,10.699028,282.63336
2025-03-08 00:00:00+00:00,10.717182,277.72174
2025-03-08 01:00:00+00:00,11.901798,273.46817
2025-03-08 02:00:00+00:00,12.061341,270.85507
2025-03-08 03:00:00+00:00,10.266314,267.99048
2025-03-08 04:00:00+00:00,10.6261,271.94144
2025-03-08 05:00:00+00:00,10.464798,273.9451
2025-03-08 06:00:00+00:00,10.993271,272.8155
2025-03-08 07:00:00+00:00,12.6462,274.89902
2025-03-08 08:00:00+00:00,14.297258,280.88547
2025-03-08 09:00:00+00:00,16.198,284.8084
2025-03-08 10:00:00+00:00,17.193533,289.5732
2025-03-08 11:00:00+00:00,17.682194,292.12637
2025-03-08 12:00:00+00:00,17.47484,294.9812
2025-03-08 13:00:00+00:00,14.168641,297.21603
2025-03-08 14:00:00+00:00,12.669238,292.55728
2025-03-08 15:00:00+00:00,14.092977,294.92844
2025-03-08 16:00:00+00:00,15.192682,306.3269
2025-03-08 17:00:00+00:00,14.410121,318.54486
2025-03-08 18:00:00+00:00,12.996199,329.1724
2025-03-08 19:00:00+00:00,12.20023,338.3555
2025-03-08 20:00:00+00:00,10.874741,347.57407
2025-03-08 21:00:00+00:00,9.600937,353.54126
2025-03-08 22:00:00+00:00,8.11798,3.8140097
2025-03-08 23:00:00+00:00,7.4346757,6.9528637
2025-03-09 00:00:00+00:00,7.0774574,352.69434
2025-03-09 01:00:00+00:00,4.7827187,340.20102
2025-03-09 02:00:00+00:00,4.724786,310.36444
2025-03-09 03:00:00+00:00,4.599695,300.57913
2025-03-09 04:00:00+00:00,5.0432134,304.82455
2025-03-09 05:00:00+00:00,8.65873,316.68463
2025-03-09 06:00:00+00:00,11.7,329.48984
2025-03-09 07:00:00+00:00,11.837652,331.87634
2025-03-09 08:00:00+00:00,11.931705,326.07016
2025-03-09 09:00:00+00:00,12.566526,321.981
2025-03-09 10:00:00+00:00,14.000713,315.0001
2025-03-09 11:00:00+00:00,13.619472,314.4646
2025-03-09 12:00:00+00:00,13.5012,312.8389
2025-03-09 13:00:00+00:00,11.091564,311.71066
2025-03-09 14:00:00+00:00,9.97986,309.14398
2025-03-09 15:00:00+00:00,9.801326,314.256
2025-03-09 16:00:00+00:00,9.1958685,319.7637
2025-03-09 17:00:00+00:00,7.689603,327.42596
2025-03-09 18:00:00+00:00,4.278551,345.3791
2025-03-09 19:00:00+00:00,2.6758924,19.653913
2025-03-09 20:00:00+00:00,2.4482648,53.972538
2025-03-09 21:00:00+00:00,2.5264204,85.91447
2025-03-09 22:00:00+00:00,2.7534704,78.6901
2025-03-09 23:00:00+00:00,4.379589,99.46225
2025-03-10 00:00:00+00:00,6.7397914,124.11452
2025-03-10 01:00:00+00:00,7.653705,138.81418
2025-03-10 02:00:00+00:00,8.452336,153.43501
2025-03-10 03:00:00+00:00,7.7983837,161.14674
2025-03-10 04:00:00+00:00,8.626865,156.64442
2025-03-10 05:00:00+00:00,11.503113,159.86362
2025-03-10 06:00:00+00:00,11.525623,178.21013
2025-03-10 07:00:00+00:00,11.157097,197.8504
2025-03-10 08:00:00+00:00,11.282711,213.94363
2025-03-10 09:00:00+00:00,12.108261,221.98714
2025-03-10 10:00:00+00:00,10.484903,235.49142
2025-03-10 11:00:00+00:00,10.692969,233.90163
2025-03-10 12:00:00+00:00,11.448055,233.31018
2025-03-10 13:00:00+00:00,9.109138,232.22426
2025-03-10 14:00:00+00:00,9.299225,222.64667
2025-03-10 15:00:00+00:00,10.383987,213.6901
2025-03-10 16:00:00+00:00,11.032987,213.6901
2025-03-10 17:00:00+00:00,11.362834,229.49724
2025-03-10 18:00:00+00:00,11.571914,254.66666
2025-03-10 19:00:00+00:00,11.052058,286.07364
2025-03-10 20:00:00+00:00,10.656547,322.54935
2025-03-10 21:00:00+00:00,12.324414,353.29025
2025-03-10 22:00:00+00:00,15.004919,10.366278
2025-03-10 23:00:00+00:00,16.520823,11.3098955
2025-03-11 00:00:00+00:00,18.080818,9.743584
2025-03-11 01:00:00+00:00,18.29459,13.079133
2025-03-11 02:00:00+00:00,16.580532,20.992931
2025-03-11 03:00:00+00:00,16.828796,32.33017
2025-03-11 04:00:00+00:00,17.244337,36.511147
2025-03-11 05:00:00+00:00,18.022486,34.00754
2025-03-11 06:00:00+00:00,18.244045,30.866749
2025-03-11 07:00:00+00:00,15.931779,32.07397
2025-03-11 08:00:00+00:00,12.483748,28.412565
2025-03-11 09:00:00+00:00,11.103243,16.966234
2025-03-11 10:00:00+00:00,11.543881,10.784258
2025-03-11 11:00:00+00:00,12.841963,5.630594
2025-03-11 12:00:00+00:00,14.787414,3.4892614
2025-03-11 13:00:00+00:00,15.172407,4.763556
2025-03-11 14:00:00+00:00,14.957339,2.7590597
2025-03-11 15:00:00+00:00,16.036171,2.5733058
2025-03-11 16:00:00+00:00,16.5688,1.867638
2025-03-11 17:00:00+00:00,15.24909,7.4604836
2025-03-11 18:00:00+00:00,13.797913,15.124064
2025-03-11 19:00:00+00:00,13.070776,22.680603
2025-03-11 20:00:00+00:00,11.855429,30.068504
2025-03-11 21:00:00+00:00,11.282711,33.943626
2025-03-11 22:00:00+00:00,9.299225,42.64668
2025-03-11 23:00:00+00:00,7.7650757,45.939102
2025-03-12 00:00:00+00:00,6.7469993,46.080845
2025-03-12 01:00:00+00:00,5.876938,49.969803
2025-03-12 02:00:00+00:00,4.91634,66.2505
2025-03-12 03:00:00+00:00,4.4274144,63.435013
2025-03-12 04:00:00+00:00,5.402999,60.018444
2025-03-12 05:00:00+00:00,5.09435,57.99466
2025-03-12 06:00:00+00:00,2.0991426,59.03632
2025-03-12 07:00:00+00:00,3.319036,282.5288
2025-03-12 08:00:00+00:00,7.6409945,285.0184
2025-03-12 09:00:00+00:00,10.163227,292.93213
2025-03-12 10:00:00+00:00,8.297589,310.60123
2025-03-12 11:00:00+00:00,8.805294,310.8553
2025-03-12 12:00:00+00:00,9.67657,313.4926
2025-03-12 13:00:00+00:00,10.626099,321.1886
2025-03-12 14:00:00+00:00,10.070353,335.72556
2025-03-12 15:00:00+00:00,9.449572,342.25522
2025-03-12 16:00:00+00:00,9.107359,341.56494
2025-03-12 17:00:00+00:00,8.731391,345.67725
2025-03-12 18:00:00+00:00,9.016185,356.56644
2025-03-12 19:00:00+00:00,8.865799,5.8262515
2025-03-12 20:00:00+00:00,8.209263,15.255177
2025-03-12 21:00:00+00:00,6.9480934,16.557161
2025-03-12 22:00:00+00:00,6.2145634,10.007925
2025-03-12 23:00:00+00:00,5.8631387,17.87879
2025-03-13 00:00:00+00:00,5.991594,32.73523
2025-03-13 01:00:00+00:00,5.293959,35.311302
2025-03-13 02:00:00+00:00,4.0249224,26.564985
2025-03-13 03:00:00+00:00,3.189608,16.389616
2025-03-13 04:00:00+00:00,4.6938252,4.398633
2025-03-13 05:00:00+00:00,6.489992,356.82022
2025-03-13 06:00:00+00:00,7.293888,344.24875
2025-03-13 07:00:00+00:00,8.461914,330.70874
2025-03-13 08:00:00+00:00,11.466438,312.45514
2025-03-13 09:00:00+00:00,16.485485,301.60745
2025-03-13 10:00:00+00:00,15.1884165,301.4295
2025-03-13 11:00:00+00:00,17.254667,290.13638
2025-03-13 12:00:00+00:00,18.4243,284.71512
2025-03-13 13:00:00+00:00,16.813387,285.52417
2025-03-13 14:00:00+00:00,13.00243,291.94876
2025-03-13 15:00:00+00:00,10.662626,291.80148
2025-03-13 16:00:00+00:00,8.553314,278.47107
2025-03-13 17:00:00+00:00,7.8728137,259.46088
2025-03-13 18:00:00+00:00,6.5520988,249.07542
2025-03-13 19:00:00+00:00,6.12,241.92761
2025-03-13 20:00:00+00:00,6.037383,243.43501
2025-03-13 21:00:00+00:00,4.978554,229.39879
2025-03-13 22:00:00+00:00,6.6818557,175.36462
2025-03-13 23:00:00+00:00,9.734987,160.55988
2025-03-14 00:00:00+00:00,11.252519,172.64772
2025-03-14 01:00:00+00:00,13.084402,187.90707
2025-03-14 02:00:00+00:00,13.752048,194.40005
2025-03-14 03:00:00+00:00,13.447095,207.93706
2025-03-14 04:00:00+00:00,12.330985,236.3099
2025-03-14 05:00:00+00:00,10.464798,273.9451
2025-03-14 06:00:00+00:00,7.9932966,305.83774
2025-03-14 07:00:00+00:00,6.156947,322.12497
2025-03-14 08:00:00+00:00,7.5019197,300.25635
2025-03-14 09:00:00+00:00,12.791403,283.84073
2025-03-14 10:00:00+00:00,12.413476,286.8585
2025-03-14 11:00:00+00:00,15.427586,277.37366
2025-03-14 12:00:00+00:00,16.755476,267.53723
2025-03-14 13:00:00+00:00,15.506141,273.32733
2025-03-14 14:00:00+00:00,13.985663,301.849
2025-03-14 15:00:00+00:00,18.463821,330.1859
2025-03-14 16:00:00+00:00,22.482714,353.10266
2025-03-14 17:00:00+00:00,23.623928,12.7655735
2025-03-14 18:00:00+00:00,21.933426,23.198618
2025-03-14 19:00:00+00:00,18.917133,26.564985
2025-03-14 20:00:00+00:00,16.311613,22.036283
2025-03-14 21:00:00+00:00,16.740967,16.87635
2025-03-14 22:00:00+00:00,20.955122,13.916911
2025-03-14 23:00:00+00:00,21.53089,20.556128
2025-03-15 00:00:00+00:00,21.493237,26.350395
2025-03-15 01:00:00+00:00,20.778112,31.900114
2025-03-15 02:00:00+00:00,18.937675,36.10754
2025-03-15 03:00:00+00:00,19.935354,39.871765
2025-03-15 04:00:00+00:00,19.119015,41.947037
2025-03-15 05:00:00+00:00,16.951565,41.98714
2025-03-15 06:00:00+00:00,13.830749,38.65983
2025-03-15 07:00:00+00:00,10.215693,14.281137
2025-03-15 08:00:00+00:00,10.070353,335.72556
2025-03-15 09:00:00+00:00,13.493999,313.91916
2025-03-15 10:00:00+00:00,13.239486,313.89838
2025-03-15 11:00:00+00:00,14.264361,317.0454
2025-03-15 12:00:00+00:00,14.677452,326.5048
2025-03-15 13:00:00+00:00,15.509274,338.19852
2025-03-15 14:00:00+00:00,13.943901,348.83514
2025-03-15 15:00:00+00:00,14.133153,353.41815
2025-03-15 16:00:00+00:00,13.775586,353.24652
2025-03-15 17:00:00+00:00,13.596852,353.15732
2025-03-15 18:00:00+00:00,13.698934,356.98727
2025-03-15 19:00:00+00:00,13.619471,7.59456
2025-03-15 20:00:00+00:00,14.138882,21.666033
2025-03-15 21:00:00+00:00,13.935767,35.537766
2025-03-15 22:00:00+00:00,14.156058,41.39144
2025-03-15 23:00:00+00:00,13.413321,49.899166
2025-03-16 00:00:00+00:00,12.47726,63.435013
2025-03-16 01:00:00+00:00,10.931203,72.75845
2025-03-16 02:00:00+00:00,9.504273,65.37646
2025-03-16 03:00:00+00:00,10.583326,48.44749
2025-03-16 04:00:00+00:00,12.98248,44.999897
2025-03-16 05:00:00+00:00,13.666967,49.80802
2025-03-16 06:00:00+00:00,13.15971,49.993805
2025-03-16 07:00:00+00:00,9.339208,27.552727
2025-03-16 08:00:00+00:00,7.579261,355.91446
2025-03-16 09:00:00+00:00,8.155807,337.9637
2025-03-16 10:00:00+00:00,8.049845,333.43503
2025-03-16 11:00:00+00:00,10.062305,333.43503
2025-03-16 12:00:00+00:00,11.953409,341.56494
2025-03-16 13:00:00+00:00,14.813682,355.12082
2025-03-16 14:00:00+00:00,16.415567,3.772209
2025-03-16 15:00:00+00:00,17.015474,6.0723705
2025-03-16 16:00:00+00:00,16.774803,3.691312
2025-03-16 17:00:00+00:00,16.04526,3.2154255
2025-03-16 18:00:00+00:00,13.976394,7.3995037
2025-03-16 19:00:00+00:00,11.525623,14.470333
2025-03-16 20:00:00+00:00,9.19939,30.579157
2025-03-16 21:00:00+00:00,7.596341,53.67309
2025-03-16 22:00:00+00:00,8.163749,75.96373
2025-03-16 23:00:00+00:00,8.909545,81.86999
2025-03-17 00:00:00+00:00,8.82,90.0
2025-03-17 01:00:00+00:00,8.951267,105.15412
2025-03-17 02:00:00+00:00,9.19939,120.57915
2025-03-17 03:00:00+00:00,7.7420926,125.537766
2025-03-17 04:00:00+00:00,8.043805,130.46214
2025-03-17 05:00:00+00:00,6.2067385,119.53869
2025-03-17 06:00:00+00:00,4.327493,73.07241
2025-03-17 07:00:00+00:00,2.995797,57.264786
2025-03-17 08:00:00+00:00,1.484318,345.9637
2025-03-17 09:00:00+00:00,3.8268526,318.81415
2025-03-17 10:00:00+00:00,4.942631,303.11136
2025-03-17 11:00:00+00:00,5.876938,310.0302
2025-03-17 12:00:00+00:00,5.3517847,317.72638
2025-03-17 13:00:00+00:00,3.9518096,329.9315
2025-03-17 14:00:00+00:00,2.907989,21.801476
2025-03-17 15:00:00+00:00,3.1072817,79.99209
2025-03-17 16:00:00+00:00,5.257109,128.04709
2025-03-17 17:00:00+00:00,7.44121,147.84773
2025-03-17 18:00:00+00:00,9.340941,154.91644
2025-03-17 19:00:00+00:00,9.430695,156.3706
2025-03-17 20:00:00+00:00,8.596766,160.42679
2025-03-17 21:00:00+00:00,6.698806,173.82993
2025-03-17 22:00:00+00:00,3.8183763,188.13002
2025-03-17 23:00:00+00:00,4.896529,197.10281
2025-03-18 00:00:00+00:00,6.849467,183.01273
2025-03-18 01:00:00+00:00,9.919618,168.4862
2025-03-18 02:00:00+00:00,10.814989,161.56496
2025-03-18 03:00:00+00:00,10.472536,155.63756
2025-03-18 04:00:00+00:00,13.929953,154.7595
2025-03-18 05:00:00+00:00,18.272438,161.0295
2025-03-18 06:00:00+00:00,17.371632,169.85452
2025-03-18 07:00:00+00:00,13.324863,178.45187
2025-03-18 08:00:00+00:00,10.594036,189.78233
2025-03-18 09:00:00+00:00,7.989242,202.52061
2025-03-18 10:00:00+00:00,8.149847,210.52963
2025-03-18 11:00:00+00:00,6.269067,219.17365
2025-03-18 12:00:00+00:00,5.1919937,213.6901
2025-03-18 13:00:00+00:00,4.080882,228.57643
2025-03-18 14:00:00+00:00,2.7475805,211.60745
2025-03-18 15:00:00+00:00,3.671294,191.30989
2025-03-18 16:00:00+00:00,5.3517847,199.65392
2025-03-18 17:00:00+00:00,6.6185193,247.61981
2025-03-18 18:00:00+00:00,8.461915,293.83875
2025-03-18 19:00:00+00:00,10.348043,319.93927
2025-03-18 20:00:00+00:00,11.503113,339.8636
2025-03-18 21:00:00+00:00,11.570515,354.64426
2025-03-18 22:00:00+00:00,11.165805,20.772345
2025-03-18 23:00:00+00:00,8.161764,41.42357
2025-03-19 00:00:00+00:00,5.637765,73.300674
2025-03-19 01:00:00+00:00,5.904439,127.568665
2025-03-19 02:00:00+00:00,8.490582,147.99466
2025-03-19 03:00:00+00:00,8.707237,150.2552
2025-03-19 04:00:00+00:00,11.368535,156.68227
2025-03-19 05:00:00+00:00,12.703715,172.67369
2025-03-19 06:00:00+00:00,11.063778,201.97456
2025-03-19 07:00:00+00:00,8.435069,230.19447
2025-03-19 08:00:00+00:00,8.244708,233.88057
2025-03-19 09:00:00+00:00,9.1958685,229.76372
2025-03-19 10:00:00+00:00,9.2660675,240.94548
2025-03-19 11:00:00+00:00,9.4238205,241.47697
2025-03-19 12:00:00+00:00,10.070353,241.14444
2025-03-19 13:00:00+00:00,9.927779,247.61981
2025-03-19 14:00:00+00:00,10.3480425,256.93066
2025-03-19 15:00:00+00:00,11.013882,258.6901
2025-03-19 16:00:00+00:00,11.052058,263.4538
2025-03-19 17:00:00+00:00,10.310403,286.22028
2025-03-19 18:00:00+00:00,9.931042,316.46872
2025-03-19 19:00:00+00:00,8.217153,331.1893
2025-03-19 20:00:00+00:00,5.441838,325.78424
2025-03-19 21:00:00+00:00,4.863332,321.009
2025-03-19 22:00:00+00:00,4.510787,298.61035
2025-03-19 23:00:00+00:00,4.7827187,289.79895
2025-03-20 00:00:00+00:00,5.9644947,275.19434
2025-03-20 01:00:00+00:00,6.8612823,265.48608
2025-03-20 02:00:00+00:00,6.5024605,265.23645
2025-03-20 03:00:00+00:00,5.4744864,279.46225
2025-03-20 04:00:00+00:00,6.9480934,306.57312
2025-03-20 05:00:00+00:00,7.689603,327.42596
2025-03-20 06:00:00+00:00,8.431228,343.8865
2025-03-20 07:00:00+00:00,10.2742,3.0127327
2025-03-20 08:00:00+00:00,12.140329,15.478702
2025-03-20 09:00:00+00:00,12.011544,19.249622
2025-03-20 10:00:00+00:00,9.0018,11.5345955
2025-03-20 11:00:00+00:00,8.490582,4.864438
2025-03-20 12:00:00+00:00,9.9587345,353.77426
2025-03-20 13:00:00+00:00,12.399112,346.56894
2025-03-20 14:00:00+00:00,15.767219,341.35812
2025-03-20 15:00:00+00:00,23.861374,343.34207
2025-03-20 16:00:00+00:00,29.478264,351.57312
2025-03-20 17:00:00+00:00,29.173887,1.7677944
2025-03-20 18:00:00+00:00,25.900618,6.3840733
2025-03-20 19:00:00+00:00,23.0407,7.1804457
2025-03-20 20:00:00+00:00,20.596436,9.050647
2025-03-20 21:00:00+00:00,19.172323,12.470454
2025-03-20 22:00:00+00:00,17.801807,24.491888
2025-03-20 23:00:00+00:00,16.529644,38.367523
2025-03-21 00:00:00+00:00,14.957339,50.371037
2025-03-21 01:00:00+00:00,13.432632,57.58772
2025-03-21 02:00:00+00:00,12.320471,64.93257
2025-03-21 03:00:00+00:00,12.57426,76.75947
2025-03-21 04:00:00+00:00,12.241323,89.1575
2025-03-21 05:00:00+00:00,10.920824,98.530685
2025-03-21 06:00:00+00:00,9.299225,104.57426
2025-03-21 07:00:00+00:00,6.66,108.92474
2025-03-21 08:00:00+00:00,3.9312592,74.054535
2025-03-21 09:00:00+00:00,4.952453,19.093594
2025-03-21 10:00:00+00:00,6.849467,356.98727
2025-03-21 11:00:00+00:00,7.0774574,352.69434
2025-03-21 12:00:00+00:00,6.542201,352.09293
2025-03-21 13:00:00+00:00,6.9550843,349.5626
2025-03-21 14:00:00+00:00,7.2202215,355.71094
2025-03-21 15:00:00+00:00,6.5024605,355.23645
2025-03-21 16:00:00+00:00,7.256032,352.87506
2025-03-21 17:00:00+00:00,9.299225,345.42575
2025-03-21 18:00:00+00:00,11.272657,340.40762
2025-03-21 19:00:00+00:00,11.038858,335.94266
2025-03-21 20:00:00+00:00,9.12513,337.98865
2025-03-21 21:00:00+00:00,6.519877,353.6599
2025-03-21 22:00:00+00:00,1.2074767,333.43503
2025-03-21 23:00:00+00:00,1.835647,168.69011
2025-03-22 00:00:00+00:00,2.1068459,160.0168
2025-03-22 01:00:00+00:00,1.6199999,180.0
2025-03-22 02:00:00+00:00,2.97953,205.01686
2025-03-22 03:00:00+00:00,3.4949677,191.88864
2025-03-22 04:00:00+00:00,3.536439,194.7436
2025-03-22 05:00:00+00:00,5.6060677,227.60262
2025-03-22 06:00:00+00:00,11.028581,243.85321
2025-03-22 07:00:00+00:00,13.451914,245.49261
2025-03-22 08:00:00+00:00,12.886039,245.22488
2025-03-22 09:00:00+00:00,11.966953,248.83867
2025-03-22 10:00:00+00:00,9.965239,249.92838
2025-03-22 11:00:00+00:00,9.172938,254.05453
2025-03-22 12:00:00+00:00,7.989243,255.65063
2025-03-22 13:00:00+00:00,5.637765,253.30067
2025-03-22 14:00:00+00:00,3.7971041,238.57048
2025-03-22 15:00:00+00:00,3.9312592,195.94547
2025-03-22 16:00:00+00:00,6.12,180.0
2025-03-22 17:00:00+00:00,6.87779,186.00891
2025-03-22 18:00:00+00:00,5.4477882,187.59456
2025-03-22 19:00:00+00:00,2.907989,201.80147
2025-03-22 20:00:00+00:00,1.0495713,210.96368
2025-03-22 21:00:00+00:00,1.6981165,57.99466
2025-03-22 22:00:00+00:00,4.4274144,116.56499
2025-03-22 23:00:00+00:00,7.001514,136.04153
2025-03-23 00:00:00+00:00,9.734988,146.3099
2025-03-23 01:00:00+00:00,11.521406,151.03244
2025-03-23 02:00:00+00:00,11.230904,158.36905
2025-03-23 03:00:00+00:00,10.435344,165.00487
2025-03-23 04:00:00+00:00,11.885453,178.26433
2025-03-23 05:00:00+00:00,12.224107,193.62701
2025-03-23 06:00:00+00:00,12.387348,215.53777
2025-03-23 07:00:00+00:00,14.784126,227.96101
2025-03-23 08:00:00+00:00,14.529915,228.01286
2025-03-23 09:00:00+00:00,13.413321,229.89915
2025-03-23 10:00:00+00:00,12.033103,235.359
2025-03-23 11:00:00+00:00,10.783486,236.57516
2025-03-23 12:00:00+00:00,9.984729,236.0234
2025-03-23 13:00:00+00:00,7.7879906,236.3099
2025-03-23 14:00:00+00:00,8.027678,227.72636
2025-03-23 15:00:00+00:00,9.252069,217.09291
2025-03-23 16:00:00+00:00,10.962281,209.5114
2025-03-23 17:00:00+00:00,11.792404,211.26367
2025-03-23 18:00:00+00:00,13.324863,218.41809
2025-03-23 19:00:00+00:00,15.189484,229.32515
2025-03-23 20:00:00+00:00,16.144905,239.14587
2025-03-23 21:00:00+00:00,16.019999,244.01082
2025-03-23 22:00:00+00:00,16.029099,245.44955
2025-03-23 23:00:00+00:00,16.595179,245.65892
2025-03-24 00:00:00+00:00,15.955151,246.0375
2025-03-24 01:00:00+00:00,15.702356,241.96623
2025-03-24 02:00:00+00:00,14.926983,236.3099
2025-03-24 03:00:00+00:00,14.148046,233.2758
2025-03-24 04:00:00+00:00,14.584443,234.54443
2025-03-24 05:00:00+00:00,14.49531,241.8439
2025-03-24 06:00:00+00:00,15.844089,248.68202
2025-03-24 07:00:00+00:00,17.349236,239.44412
2025-03-24 08:00:00+00:00,18.218275,232.22426
2025-03-24 09:00:00+00:00,18.188019,231.42873
2025-03-24 10:00:00+00:00,17.288435,231.34016
2025-03-24 11:00:00+00:00,16.388897,231.2419
2025-03-24 12:00:00+00:00,15.518672,232.06667
2025-03-24 13:00:00+00:00,12.399113,230.30096
2025-03-24 14:00:00+00:00,11.837651,224.38402
2025-03-24 15:00:00+00:00,12.992459,222.75424
2025-03-24 16:00:00+00:00,15.292585,227.86247
2025-03-24 17:00:00+00:00,17.726116,237.43958
2025-03-24 18:00:00+00:00,18.934254,245.8716
2025-03-24 19:00:00+00:00,18.102308,250.84428
2025-03-24 20:00:00+00:00,17.482254,253.24417
2025-03-24 21:00:00+00:00,18.25026,255.14134
2025-03-24 22:00:00+00:00,17.31746,249.30446
2025-03-24 23:00:00+00:00,17.727943,246.0375
2025-03-25 00:00:00+00:00,17.630812,242.6502
2025-03-25 01:00:00+00:00,17.134071,238.31367
2025-03-25 02:00:00+00:00,15.771329,231.95291
2025-03-25 03:00:00+00:00,14.799459,228.94528
2025-03-25 04:00:00+00:00,16.418526,232.12495
2025-03-25 05:00:00+00:00,17.726116,237.43958
2025-03-25 06:00:00+00:00,20.118975,236.3099
2025-03-25 07:00:00+00:00,21.82755,229.34755
2025-03-25 08:00:00+00:00,25.089828,222.96497
2025-03-25 09:00:00+00:00,28.685585,221.69316
2025-03-25 10:00:00+00:00,29.568253,222.03899
2025-03-25 11:00:00+00:00,29.44802,221.77887
2025-03-25 12:00:00+00:00,28.939722,221.72223
2025-03-25 13:00:00+00:00,24.248611,220.78572
2025-03-25 14:00:00+00:00,20.404411,221.42357
2025-03-25 15:00:00+00:00,19.986485,223.9054
2025-03-25 16:00:00+00:00,19.731974,223.89127
2025-03-25 17:00:00+00:00,19.239801,222.34575
2025-03-25 18:00:00+00:00,18.645428,220.30124
2025-03-25 19:00:00+00:00,18.52951,219.87679
2025-03-25 20:00:00+00:00,18.508516,220.66164
2025-03-25 21:00:00+00:00,18.844202,223.45189
2025-03-25 22:00:00+00:00,18.731247,222.27362
2025-03-25 23:00:00+00:00,18.470842,217.87505
2025-03-26 00:00:00+00:00,18.337044,211.34952
2025-03-26 01:00:00+00:00,19.164717,208.00908
2025-03-26 02:00:00+00:00,19.32382,205.37152
2025-03-26 03:00:00+00:00,21.531641,203.13573
2025-03-26 04:00:00+00:00,23.85051,204.0503
2025-03-26 05:00:00+00:00,25.787786,209.24873
2025-03-26 06:00:00+00:00,27.322672,211.80528
2025-03-26 07:00:00+00:00,28.606976,213.19012
2025-03-26 08:00:00+00:00,29.9958,218.17657
2025-03-26 09:00:00+00:00,30.426388,226.1984
2025-03-26 10:00:00+00:00,27.288855,233.58353
2025-03-26 11:00:00+00:00,27.07669,234.19656
2025-03-26 12:00:00+00:00,26.748022,233.20712
2025-03-26 13:00:00+00:00,23.8104,231.13725
2025-03-26 14:00:00+00:00,21.90534,226.99786
2025-03-26 15:00:00+00:00,23.933908,223.7812
2025-03-26 16:00:00+00:00,25.853039,223.02507
2025-03-26 17:00:00+00:00,26.107447,223.04433
2025-03-26 18:00:00+00:00,25.457117,224.42712
2025-03-26 19:00:00+00:00,24.979176,227.92079
2025-03-26 20:00:00+00:00,24.502487,229.17053
2025-03-26 21:00:00+00:00,24.231236,228.61398
2025-03-26 22:00:00+00:00,23.0407,225.94948
2025-03-26 23:00:00+00:00,24.091774,231.67442
2025-03-27 00:00:00+00:00,23.415224,236.92073
2025-03-27 01:00:00+00:00,21.178896,238.20113
2025-03-27 02:00:00+00:00,19.249905,241.51791
2025-03-27 03:00:00+00:00,19.581154,251.23184
2025-03-27 04:00:00+00:00,21.9718,271.87784
2025-03-27 05:00:00+00:00,23.226278,287.5925
2025-03-27 06:00:00+00:00,22.629229,294.93427
2025-03-27 07:00:00+00:00,22.47983,294.10223
2025-03-27 08:00:00+00:00,24.467422,292.0363
2025-03-27 09:00:00+00:00,25.739998,292.6199
2025-03-27 10:00:00+00:00,23.096882,291.9673
2025-03-27 11:00:00+00:00,22.66857,290.44962
2025-03-27 12:00:00+00:00,23.566256,292.4516
2025-03-27 13:00:00+00:00,21.768095,293.38525
2025-03-27 14:00:00+00:00,19.41081,294.6638
2025-03-27 15:00:00+00:00,20.071411,299.5536
2025-03-27 16:00:00+00:00,20.924952,305.194
2025-03-27 17:00:00+00:00,19.875944,308.01157
2025-03-27 18:00:00+00:00,17.682194,308.38657
2025-03-27 19:00:00+00:00,15.518672,307.93332
2025-03-27 20:00:00+00:00,13.1412325,306.08517
2025-03-27 21:00:00+00:00,11.885453,305.13428
2025-03-27 22:00:00+00:00,12.031756,308.92755
2025-03-27 23:00:00+00:00,13.8049555,320.29013
2025-03-28 00:00:00+00:00,13.447095,332.06293
2025-03-28 01:00:00+00:00,11.103243,340.09616
2025-03-28 02:00:00+00:00,8.936777,341.2
2025-03-28 03:00:00+00:00,8.027677,340.3461
2025-03-28 04:00:00+00:00,11.190442,348.87085
2025-03-28 05:00:00+00:00,12.241323,359.1575
2025-03-28 06:00:00+00:00,12.466867,355.03033
2025-03-28 07:00:00+00:00,12.535548,344.16754
2025-03-28 08:00:00+00:00,12.835653,337.75092
2025-03-28 09:00:00+00:00,12.669238,337.44272
2025-03-28 10:00:00+00:00,11.272657,340.40762
2025-03-28 11:00:00+00:00,10.587917,342.18103
2025-03-28 12:00:00+00:00,10.390226,345.9637
2025-03-28 13:00:00+00:00,10.182337,351.87
2025-03-28 14:00:00+00:00,9.734988,3.179772
2025-03-28 15:00:00+00:00,10.075177,18.758749
2025-03-28 16:00:00+00:00,10.248941,30.618525
2025-03-28 17:00:00+00:00,9.9,36.86999
2025-03-28 18:00:00+00:00,9.9,36.86999
2025-03-28 19:00:00+00:00,10.735306,34.75598
2025-03-28 20:00:00+00:00,11.457958,43.72705
2025-03-28 21:00:00+00:00,12.031756,51.072456
2025-03-28 22:00:00+00:00,11.996699,62.281586
2025-03-28 23:00:00+00:00,12.367716,68.66307
2025-03-29 00:00:00+00:00,13.036026,72.31551
2025-03-29 01:00:00+00:00,12.487641,74.962135
2025-03-29 02:00:00+00:00,12.049249,76.171326
2025-03-29 03:00:00+00:00,13.026081,78.84538
2025-03-29 04:00:00+00:00,16.244938,74.57778
2025-03-29 05:00:00+00:00,19.75905,66.93845
2025-03-29 06:00:00+00:00,21.639713,58.954575
2025-03-29 07:00:00+00:00,21.637466,53.797318
2025-03-29 08:00:00+00:00,20.327251,50.389355
2025-03-29 09:00:00+00:00,18.089775,47.419548
2025-03-29 10:00:00+00:00,13.493999,46.080845
2025-03-29 11:00:00+00:00,11.272657,38.516956
2025-03-29 12:00:00+00:00,9.7880945,32.22873
2025-03-29 13:00:00+00:00,8.187527,33.340725
2025-03-29 14:00:00+00:00,7.596341,36.326923
2025-03-29 15:00:00+00:00,6.8777895,47.12111
2025-03-29 16:00:00+00:00,5.896202,58.736336
2025-03-29 17:00:00+00:00,4.060985,77.19574
2025-03-29 18:00:00+00:00,2.8460498,108.43504
2025-03-29 19:00:00+00:00,2.8116899,140.19447
2025-03-29 20:00:00+00:00,3.143565,156.3706
2025-03-29 21:00:00+00:00,2.3400002,157.3801
2025-03-29 22:00:00+00:00,1.4512063,150.2552
2025-03-29 23:00:00+00:00,1.0182338,44.999897
2025-03-30 00:00:00+00:00,2.4149535,26.564985
2025-03-30 01:00:00+00:00,2.2910259,44.999897
2025-03-30 02:00:00+00:00,2.4014995,102.99462
2025-03-30 03:00:00+00:00,2.9301877,132.5104
2025-03-30 04:00:00+00:00,3.6447225,122.90524
2025-03-30 05:00:00+00:00,4.1085763,118.8107
2025-03-30 06:00:00+00:00,2.1068459,160.0168
2025-03-30 07:00:00+00:00,3.0811036,263.29025
2025-03-30 08:00:00+00:00,4.7657523,280.88547
2025-03-30 09:00:00+00:00,5.1826253,290.3232
2025-03-30 10:00:00+00:00,6.603817,287.44727
2025-03-30 11:00:00+00:00,7.16617,295.27768
2025-03-30 12:00:00+00:00,7.6579366,299.57773
2025-03-30 13:00:00+00:00,6.6624317,308.4181
2025-03-30 14:00:00+00:00,6.1094027,315.0001
2025-03-30 15:00:00+00:00,4.471107,319.89914
2025-03-30 16:00:00+00:00,3.0547013,315.0001
2025-03-30 17:00:00+00:00,2.3469129,302.47116
2025-03-30 18:00:00+00:00,2.2553935,298.61035
2025-03-30 19:00:00+00:00,1.9134263,311.18582
2025-03-30 20:00:00+00:00,1.835647,348.6901
2025-03-30 21:00:00+00:00,2.8460498,18.435053
2025-03-30 22:00:00+00:00,4.5891175,41.82009
2025-03-30 23:00:00+00:00,4.965521,46.468742
2025-03-31 00:00:00+00:00,4.293669,56.976128
2025-03-31 01:00:00+00:00,3.1072817,79.99209
2025-03-31 02:00:00+00:00,3.0652893,130.23628
2025-03-31 03:00:00+00:00,2.7475805,148.39255
2025-03-31 04:00:00+00:00,2.5582807,129.28938
2025-03-31 05:00:00+00:00,3.536439,104.743614
2025-03-31 06:00:00+00:00,2.9024127,97.12492
2025-03-31 07:00:00+00:00,1.0495713,329.03632
2025-03-31 08:00:00+00:00,3.0652893,310.2363
2025-03-31 09:00:00+00:00,4.3274937,315.0001
2025-03-31 10:00:00+00:00,5.8603754,317.4896
2025-03-31 11:00:00+00:00,7.491114,324.78232
2025-03-31 12:00:00+00:00,8.6193495,331.29416
2025-03-31 13:00:00+00:00,9.0,343.73972
2025-03-31 14:00:00+00:00,9.54679,357.83896
2025-03-31 15:00:00+00:00,10.062305,10.304792
2025-03-31 16:00:00+00:00,10.261579,15.255177
2025-03-31 17:00:00+00:00,10.308831,12.094739
2025-03-31 18:00:00+00:00,10.853866,5.7105074
2025-03-31 19:00:00+00:00,11.375658,4.5376954
2025-03-31 20:00:00+00:00,11.481968,13.600564
2025-03-31 21:00:00+00:00,11.364259,29.407095
2025-03-31 22:00:00+00:00,10.152064,52.92685
2025-03-31 23:00:00+00:00,9.82279,76.21838
2025-04-01 00:00:00+00:00,10.062305,100.30479
2025-04-01 01:00:00+00:00,10.436895,122.319595
2025-04-01 02:00:00+00:00,10.185519,136.43204
2025-04-01 03:00:00+00:00,8.942214,139.89915
2025-04-01 04:00:00+00:00,8.3520775,142.88306
2025-04-01 05:00:00+00:00,7.0407386,147.52882
2025-04-01 06:00:00+00:00,3.7799997,180.0
2025-04-01 07:00:00+00:00,1.7727944,293.9625
2025-04-01 08:00:00+00:00,2.5071096,338.9624
2025-04-01 09:00:00+00:00,2.907989,338.19852
2025-04-01 10:00:00+00:00,3.9966483,324.16226
2025-04-01 11:00:00+00:00,4.752136,322.69595
2025-04-01 12:00:00+00:00,6.048107,323.47104
2025-04-01 13:00:00+00:00,6.8541956,336.8014
2025-04-01 14:00:00+00:00,8.553314,351.52893
2025-04-01 15:00:00+00:00,9.016185,3.433568
2025-04-01 16:00:00+00:00,8.649369,12.011466
2025-04-01 17:00:00+00:00,7.458606,19.746927
2025-04-01 18:00:00+00:00,5.8852015,23.428713
2025-04-01 19:00:00+00:00,4.5,16.26028
2025-04-01 20:00:00+00:00,4.503598,2.2905633
2025-04-01 21:00:00+00:00,5.6835546,349.04596
2025-04-01 22:00:00+00:00,4.1556225,342.34976
2025-04-01 23:00:00+00:00,2.7534704,348.6901
2025-04-02 00:00:00+00:00,1.8,53.13002
2025-04-02 01:00:00+00:00,4.452954,104.03627
2025-04-02 02:00:00+00:00,8.131936,117.69938
2025-04-02 03:00:00+00:00,9.290511,125.537766
2025-04-02 04:00:00+00:00,12.218805,135.0001
2025-04-02 05:00:00+00:00,13.466357,142.05779
2025-04-02 06:00:00+00:00,12.996199,149.17241
2025-04-02 07:00:00+00:00,8.827344,159.71736
2025-04-02 08:00:00+00:00,7.7420926,178.66782
2025-04-02 09:00:00+00:00,7.3094187,189.92618
2025-04-02 10:00:00+00:00,4.846648,201.80147
2025-04-02 11:00:00+00:00,4.8366103,224.9999
2025-04-02 12:00:00+00:00,4.91634,246.25049
2025-04-02 13:00:00+00:00,5.0432134,272.04535
2025-04-02 14:00:00+00:00,6.037383,296.56497
2025-04-02 15:00:00+00:00,6.6087217,299.35767
2025-04-02 16:00:00+00:00,7.406295,295.94223
2025-04-02 17:00:00+00:00,8.225035,293.1986
2025-04-02 18:00:00+00:00,8.854829,296.56497
2025-04-02 19:00:00+00:00,9.044888,312.58044
2025-04-02 20:00:00+00:00,9.021574,331.38962
2025-04-02 21:00:00+00:00,7.579261,355.91446
2025-04-02 22:00:00+00:00,5.2939587,17.818983
2025-04-02 23:00:00+00:00,2.3400002,67.3801
2025-04-03 00:00:00+00:00,3.8773184,158.19853
2025-04-03 01:00:00+00:00,7.2202215,184.28908
2025-04-03 02:00:00+00:00,10.548061,205.25313
2025-04-03 03:00:00+00:00,9.3340025,219.5226
2025-04-03 04:00:00+00:00,11.892265,230.52757
2025-04-03 05:00:00+00:00,12.879752,243.43501
2025-04-03 06:00:00+00:00,14.003029,252.03076
2025-04-03 07:00:00+00:00,15.034041,253.30067
2025-04-03 08:00:00+00:00,12.758432,253.61038
2025-04-03 09:00:00+00:00,12.708816,254.38895
2025-04-03 10:00:00+00:00,12.429127,259.9921
2025-04-03 11:00:00+00:00,13.556282,259.28693
2025-04-03 12:00:00+00:00,14.650938,259.3804
2025-04-03 13:00:00+00:00,12.267762,255.55592
2025-04-03 14:00:00+00:00,10.656547,254.3204
2025-04-03 15:00:00+00:00,11.052058,276.5462
2025-04-03 16:00:00+00:00,14.230248,325.30478
2025-04-03 17:00:00+00:00,19.633205,2.101613
2025-04-03 18:00:00+00:00,20.693735,25.227621
2025-04-03 19:00:00+00:00,18.937675,36.10754
2025-04-03 20:00:00+00:00,16.575644,34.3804
2025-04-03 21:00:00+00:00,16.311613,22.036283
2025-04-03 22:00:00+00:00,17.864489,12.215702
2025-04-03 23:00:00+00:00,18.78393,18.435053
2025-04-04 00:00:00+00:00,17.419127,23.120876
2025-04-04 01:00:00+00:00,16.284779,23.448084
2025-04-04 02:00:00+00:00,15.955151,23.962492
2025-04-04 03:00:00+00:00,21.434364,29.147985
2025-04-04 04:00:00+00:00,24.1797,29.427368
2025-04-04 05:00:00+00:00,25.745665,30.68889
2025-04-04 06:00:00+00:00,25.113064,33.00666
2025-04-04 07:00:00+00:00,23.710857,30.068504
2025-04-04 08:00:00+00:00,21.794127,22.328712
2025-04-04 09:00:00+00:00,20.212965,13.912526
2025-04-04 10:00:00+00:00,16.454008,10.0805435
2025-04-04 11:00:00+00:00,14.264361,10.175456
2025-04-04 12:00:00+00:00,12.284916,10.980613
2025-04-04 13:00:00+00:00,10.3480425,13.069325
2025-04-04 14:00:00+00:00,9.9977,13.535882
2025-04-04 15:00:00+00:00,10.3621235,17.17599
2025-04-04 16:00:00+00:00,10.32924,22.543112
2025-04-04 17:00:00+00:00,10.387107,27.897186
2025-04-04 18:00:00+00:00,10.934166,32.905247
2025-04-04 19:00:00+00:00,11.272657,38.516956
2025-04-04 20:00:00+00:00,11.079873,43.02507
2025-04-04 21:00:00+00:00,10.062305,42.82525
2025-04-04 22:00:00+00:00,9.178235,41.82009
2025-04-04 23:00:00+00:00,8.777654,61.858498
2025-04-05 00:00:00+00:00,9.0018,78.46541
2025-04-05 01:00:00+00:00,9.187056,87.75431
2025-04-05 02:00:00+00:00,8.297589,102.5288
2025-04-05 03:00:00+00:00,8.225035,113.198616
2025-04-05 04:00:00+00:00,9.54,121.890755
2025-04-05 05:00:00+00:00,9.9408245,132.06425
2025-04-05 06:00:00+00:00,8.163749,165.96373
2025-04-05 07:00:00+00:00,8.836514,213.36638
2025-04-05 08:00:00+00:00,11.238113,238.09193
2025-04-05 09:00:00+00:00,12.98248,253.0724
2025-04-05 10:00:00+00:00,13.690654,267.73953
2025-04-05 11:00:00+00:00,13.88919,273.7152
2025-04-05 12:00:00+00:00,14.33347,277.21417
2025-04-05 13:00:00+00:00,12.461669,280.82297
2025-04-05 14:00:00+00:00,10.8955765,277.59454
2025-04-05 15:00:00+00:00,10.805999,268.09088
2025-04-05 16:00:00+00:00,11.177405,255.06853
2025-04-05 17:00:00+00:00,11.269782,243.43501
2025-04-05 18:00:00+00:00,11.341428,234.03938
2025-04-05 19:00:00+00:00,11.919479,231.74553
2025-04-05 20:00:00+00:00,13.729647,235.68486
2025-04-05 21:00:00+00:00,14.628807,235.52773
2025-04-05 22:00:00+00:00,14.628807,235.52773
2025-04-05 23:00:00+00:00,14.05845,230.19447
2025-04-06 00:00:00+00:00,14.650938,227.4896
2025-04-06 01:00:00+00:00,14.766584,225.98767
2025-04-06 02:00:00+00:00,14.50983,224.9999
2025-04-06 03:00:00+00:00,14.197196,230.6595
2025-04-06 04:00:00+00:00,15.385525,241.33614
2025-04-06 05:00:00+00:00,15.086748,252.64589
2025-04-06 06:00:00+00:00,13.31635,260.66507
2025-04-06 07:00:00+00:00,11.525623,271.78986
2025-04-06 08:00:00+00:00,10.474082,289.0578
2025-04-06 09:00:00+00:00,10.158444,299.74478
2025-04-06 10:00:00+00:00,9.194106,293.05133
2025-04-06 11:00:00+00:00,9.914717,285.80258
2025-04-06 12:00:00+00:00,11.126562,279.30988
2025-04-06 13:00:00+00:00,9.6228485,277.5237
2025-04-06 14:00:00+00:00,9.721666,271.06088
2025-04-06 15:00:00+00:00,10.081606,268.977
2025-04-06 16:00:00+00:00,9.734988,273.17978
2025-04-06 17:00:00+00:00,8.827344,290.28265
2025-04-06 18:00:00+00:00,7.3997297,274.18484
2025-04-06 19:00:00+00:00,16.478603,229.87396
2025-04-06 20:00:00+00:00,21.889065,233.6954
2025-04-06 21:00:00+00:00,21.392754,239.11899
2025-04-06 22:00:00+00:00,19.521496,237.04257
2025-04-06 23:00:00+00:00,17.965767,232.32634
2025-04-07 00:00:00+00:00,17.085785,228.41669
2025-04-07 01:00:00+00:00,16.16897,223.64688
2025-04-07 02:00:00+00:00,15.629971,218.45374
2025-04-07 03:00:00+00:00,16.308636,217.37589
2025-04-07 04:00:00+00:00,17.123669,219.88263
2025-04-07 05:00:00+00:00,16.685719,222.81418
2025-04-07 06:00:00+00:00,15.292585,222.13753
2025-04-07 07:00:00+00:00,14.366211,217.87505
2025-04-07 08:00:00+00:00,14.689588,216.02747
2025-04-07 09:00:00+00:00,15.3264475,220.23628
2025-04-07 10:00:00+00:00,12.768586,229.574
2025-04-07 11:00:00+00:00,12.283599,235.14546
2025-04-07 12:00:00+00:00,11.886816,237.99466
2025-04-07 13:00:00+00:00,10.134495,236.59215
2025-04-07 14:00:00+00:00,11.074023,224.34154
2025-04-07 15:00:00+00:00,14.508715,217.43864
2025-04-07 16:00:00+00:00,19.987295,218.41809
2025-04-07 17:00:00+00:00,26.230639,223.3317
2025-04-07 18:00:00+00:00,27.013197,227.70068
2025-04-07 19:00:00+00:00,25.367228,228.16397
2025-04-07 20:00:00+00:00,24.573132,226.48395
2025-04-07 21:00:00+00:00,24.313328,225.89977
2025-04-07 22:00:00+00:00,25.608755,227.56381
2025-04-07 23:00:00+00:00,25.206429,226.15724
2025-04-08 00:00:00+00:00,24.313328,225.89977
2025-04-08 01:00:00+00:00,22.657131,225.64366
2025-04-08 02:00:00+00:00,20.87379,224.9999
2025-04-08 03:00:00+00:00,22.402588,224.34901
2025-04-08 04:00:00+00:00,23.164818,224.9999
2025-04-08 05:00:00+00:00,23.424908,226.24529
2025-04-08 06:00:00+00:00,24.063513,231.07245
2025-04-08 07:00:00+00:00,27.257967,236.3099
2025-04-08 08:00:00+00:00,29.406183,235.72624
2025-04-08 09:00:00+00:00,28.227304,232.25313
2025-04-08 10:00:00+00:00,25.885603,233.76749
2025-04-08 11:00:00+00:00,22.89611,233.31018
2025-04-08 12:00:00+00:00,21.06077,232.64034
2025-04-08 13:00:00+00:00,16.92383,231.91118
2025-04-08 14:00:00+00:00,15.995712,230.93742
2025-04-08 15:00:00+00:00,17.682194,231.61342
2025-04-08 16:00:00+00:00,19.586119,233.97253
2025-04-08 17:00:00+00:00,22.323627,237.84773
2025-04-08 18:00:00+00:00,23.815163,237.0306
2025-04-08 19:00:00+00:00,23.47741,234.3601
2025-04-08 20:00:00+00:00,22.657845,231.12692
2025-04-08 21:00:00+00:00,21.573734,229.39879
2025-04-08 22:00:00+00:00,21.06615,229.50499
2025-04-08 23:00:00+00:00,19.348114,225.75375
2025-04-09 00:00:00+00:00,18.589739,226.5693
2025-04-09 01:00:00+00:00,18.335276,226.5911
2025-04-09 02:00:00+00:00,18.075441,225.80684
2025-04-09 03:00:00+00:00,18.844202,226.54811
2025-04-09 04:00:00+00:00,21.112242,230.88245
2025-04-09 05:00:00+00:00,22.766264,236.93814
2025-04-09 06:00:00+00:00,24.236582,242.10283
2025-04-09 07:00:00+00:00,23.75045,244.40602
2025-04-09 08:00:00+00:00,22.057161,243.85321
2025-04-09 09:00:00+00:00,21.120682,240.37634
2025-04-09 10:00:00+00:00,18.275984,242.42552
2025-04-09 11:00:00+00:00,17.423777,236.80243
2025-04-09 12:00:00+00:00,18.144321,233.47105
2025-04-09 13:00:00+00:00,15.778516,235.22209
2025-04-09 14:00:00+00:00,14.186923,234.29321
2025-04-09 15:00:00+00:00,16.848038,233.25244
2025-04-09 16:00:00+00:00,18.937675,233.89246
2025-04-09 17:00:00+00:00,18.645428,229.69875
2025-04-09 18:00:00+00:00,18.372349,221.0274
2025-04-09 19:00:00+00:00,19.376562,215.16652
2025-04-09 20:00:00+00:00,19.42416,212.5119
2025-04-09 21:00:00+00:00,18.709612,210.01828
2025-04-09 22:00:00+00:00,17.58481,202.89058
2025-04-09 23:00:00+00:00,17.95404,205.53738
2025-04-10 00:00:00+00:00,17.799076,208.37915
2025-04-10 01:00:00+00:00,17.287498,211.37296
2025-04-10 02:00:00+00:00,16.87398,213.6901
2025-04-10 03:00:00+00:00,19.513195,217.50421
2025-04-10 04:00:00+00:00,20.12461,222.82524
2025-04-10 05:00:00+00:00,19.25327,228.41104
2025-04-10 06:00:00+00:00,17.873556,235.66972
2025-04-10 07:00:00+00:00,16.813387,248.65414
2025-04-10 08:00:00+00:00,16.32055,263.03183
2025-04-10 09:00:00+00:00,16.923828,271.21884
2025-04-10 10:00:00+00:00,16.601036,279.3601
2025-04-10 11:00:00+00:00,15.585337,284.03625
2025-04-10 12:00:00+00:00,13.54911,289.39792
2025-04-10 13:00:00+00:00,11.226575,282.03058
2025-04-10 14:00:00+00:00,11.252519,262.6477
2025-04-10 15:00:00+00:00,15.702356,244.90378
2025-04-10 16:00:00+00:00,20.917982,236.58339
2025-04-10 17:00:00+00:00,22.66142,239.97296
2025-04-10 18:00:00+00:00,21.978434,244.27443
2025-04-10 19:00:00+00:00,21.2522,243.86905
2025-04-10 20:00:00+00:00,20.26899,236.59215
2025-04-10 21:00:00+00:00,20.031822,229.00789
2025-04-10 22:00:00+00:00,14.450535,219.44002
2025-04-10 23:00:00+00:00,16.641972,218.85338
2025-04-11 00:00:00+00:00,17.95765,222.96909
2025-04-11 01:00:00+00:00,18.108572,217.32559
2025-04-11 02:00:00+00:00,20.071411,209.55359
2025-04-11 03:00:00+00:00,22.381609,211.51689
2025-04-11 04:00:00+00:00,21.46835,213.02386
2025-04-11 05:00:00+00:00,21.142147,222.92996
2025-04-11 06:00:00+00:00,19.914215,229.39879
2025-04-11 07:00:00+00:00,17.728857,228.70473
2025-04-11 08:00:00+00:00,16.423458,223.66785
2025-04-11 09:00:00+00:00,15.697197,220.81499
2025-04-11 10:00:00+00:00,13.8049555,219.70987
2025-04-11 11:00:00+00:00,14.589996,231.009
2025-04-11 12:00:00+00:00,14.848635,239.39366
2025-04-11 13:00:00+00:00,13.767352,244.44008
2025-04-11 14:00:00+00:00,9.885262,236.88864
2025-04-11 15:00:00+00:00,10.158444,209.74478
2025-04-11 16:00:00+00:00,11.272657,199.59238
2025-04-11 17:00:00+00:00,13.472372,202.79655
2025-04-11 18:00:00+00:00,15.861463,207.72816
2025-04-11 19:00:00+00:00,17.534992,211.56892
2025-04-11 20:00:00+00:00,19.228851,218.15727
2025-04-11 21:00:00+00:00,19.62743,222.02618
2025-04-11 22:00:00+00:00,17.068707,207.64589
2025-04-11 23:00:00+00:00,18.998316,207.05052
2025-04-12 00:00:00+00:00,19.89631,208.65173
2025-04-12 01:00:00+00:00,19.240644,207.28412
2025-04-12 02:00:00+00:00,18.194252,205.80447
2025-04-12 03:00:00+00:00,19.91503,209.80902
2025-04-12 04:00:00+00:00,19.087639,218.49107
2025-04-12 05:00:00+00:00,17.728857,228.70473
2025-04-12 06:00:00+00:00,15.435983,238.34877
2025-04-12 07:00:00+00:00,12.669238,247.44272
2025-04-12 08:00:00+00:00,11.103243,253.03377
2025-04-12 09:00:00+00:00,11.090103,256.86597
2025-04-12 10:00:00+00:00,11.542478,266.42374
2025-04-12 11:00:00+00:00,11.345713,271.81827
2025-04-12 12:00:00+00:00,10.51576,276.88162
2025-04-12 13:00:00+00:00,8.863972,282.9074
2025-04-12 14:00:00+00:00,4.913044,278.42688
2025-04-12 15:00:00+00:00,1.8792552,253.30067
2025-04-12 16:00:00+00:00,2.1897945,170.53775
2025-04-12 17:00:00+00:00,4.599695,149.42085
2025-04-12 18:00:00+00:00,6.8423676,144.63745
2025-04-12 19:00:00+00:00,6.889557,146.7251
2025-04-12 20:00:00+00:00,5.5450516,144.24602
2025-04-12 21:00:00+00:00,5.414979,158.5522
2025-04-12 22:00:00+00:00,4.724786,162.25523
2025-04-12 23:00:00+00:00,4.186693,154.5367
2025-04-13 00:00:00+00:00,5.937272,165.96373
2025-04-13 01:00:00+00:00,8.707238,187.12492
2025-04-13 02:00:00+00:00,9.595874,203.19861
2025-04-13 03:00:00+00:00,11.032987,213.6901
2025-04-13 04:00:00+00:00,11.226575,221.09941
2025-04-13 05:00:00+00:00,9.292254,225.78473
2025-04-13 06:00:00+00:00,6.9153743,231.34016
2025-04-13 07:00:00+00:00,4.7928696,235.71307
2025-04-13 08:00:00+00:00,4.599695,239.42085
2025-04-13 09:00:00+00:00,5.6920996,251.56496
2025-04-13 10:00:00+00:00,7.029225,272.9356
2025-04-13 11:00:00+00:00,8.260411,281.3099
2025-04-13 12:00:00+00:00,8.936777,288.8
2025-04-13 13:00:00+00:00,8.6193495,298.70584
2025-04-13 14:00:00+00:00,7.001514,313.95847
2025-04-13 15:00:00+00:00,6.050785,329.62094
2025-04-13 16:00:00+00:00,5.0528407,355.91446
2025-04-13 17:00:00+00:00,4.8433046,41.98713
2025-04-13 18:00:00+00:00,5.9834766,83.08887
2025-04-13 19:00:00+00:00,7.4520864,142.85323
2025-04-13 20:00:00+00:00,12.181625,198.9705
2025-04-13 21:00:00+00:00,15.561413,228.75183
2025-04-13 22:00:00+00:00,18.040453,257.90524
2025-04-13 23:00:00+00:00,13.363711,265.36462
2025-04-14 00:00:00+00:00,9.761578,264.71002
2025-04-14 01:00:00+00:00,7.5213294,248.96242
2025-04-14 02:00:00+00:00,5.6060677,227.60262
2025-04-14 03:00:00+00:00,4.1085763,208.8107
2025-04-14 04:00:00+00:00,3.9312592,164.05453
2025-04-14 05:00:00+00:00,5.7628117,141.34016
2025-04-14 06:00:00+00:00,6.156947,127.875046
2025-04-14 07:00:00+00:00,5.1826253,110.32322
2025-04-14 08:00:00+00:00,3.143565,76.75947
2025-04-14 09:00:00+00:00,3.3043609,29.357658
2025-04-14 10:00:00+00:00,5.5829024,1.8475709
2025-04-14 11:00:00+00:00,7.0223074,358.53122
2025-04-14 12:00:00+00:00,7.928178,357.3975
2025-04-14 13:00:00+00:00,8.287822,2.4894993
2025-04-14 14:00:00+00:00,8.049845,10.304792
2025-04-14 15:00:00+00:00,8.777654,28.141502
2025-04-14 16:00:00+00:00,10.233123,50.710617
2025-04-14 17:00:00+00:00,11.953409,71.564964
2025-04-14 18:00:00+00:00,13.861168,89.25597
2025-04-14 19:00:00+00:00,14.2336645,99.46225
2025-04-14 20:00:00+00:00,13.627795,102.200455
2025-04-14 21:00:00+00:00,11.7662735,119.30991
2025-04-14 22:00:00+00:00,12.093534,184.2678
2025-04-14 23:00:00+00:00,12.55879,207.29948
2025-04-15 00:00:00+00:00,10.484903,214.50858
2025-04-15 01:00:00+00:00,6.297428,210.96368
2025-04-15 02:00:00+00:00,2.3051248,128.65984
2025-04-15 03:00:00+00:00,6.5693827,80.53775
2025-04-15 04:00:00+00:00,11.688918,80.24765
2025-04-15 05:00:00+00:00,16.263872,84.92049
2025-04-15 06:00:00+00:00,17.771753,83.019035
2025-04-15 07:00:00+00:00,16.486465,79.303535
2025-04-15 08:00:00+00:00,14.292725,73.162445
2025-04-15 09:00:00+00:00,12.033103,68.03938
2025-04-15 10:00:00+00:00,9.867218,51.666626
2025-04-15 11:00:00+00:00,9.82114,41.28462
2025-04-15 12:00:00+00:00,10.261579,37.875053
2025-04-15 13:00:00+00:00,11.091564,41.71067
2025-04-15 14:00:00+00:00,12.599998,53.13002
2025-04-15 15:00:00+00:00,14.328949,63.113148
2025-04-15 16:00:00+00:00,15.410774,75.80142
2025-04-15 17:00:00+00:00,16.02101,89.35627
2025-04-15 18:00:00+00:00,16.029097,102.319435
2025-04-15 19:00:00+00:00,15.509274,111.801476
2025-04-15 20:00:00+00:00,14.292725,121.08744
2025-04-15 21:00:00+00:00,12.744457,143.61555
2025-04-15 22:00:00+00:00,12.78,180.0
2025-04-15 23:00:00+00:00,13.6242285,195.32156
2025-04-16 00:00:00+00:00,13.504799,201.0924
2025-04-16 01:00:00+00:00,13.202726,205.8663
2025-04-16 02:00:00+00:00,10.950452,205.30135
2025-04-16 03:00:00+00:00,9.292255,201.59537
2025-04-16 04:00:00+00:00,7.3094187,189.92618
2025-04-16 05:00:00+00:00,7.519175,168.9591
2025-04-16 06:00:00+00:00,10.534229,160.0168
2025-04-16 07:00:00+00:00,10.6261,169.26115
2025-04-16 08:00:00+00:00,9.107359,198.43504
2025-04-16 09:00:00+00:00,8.790563,227.4896
2025-04-16 10:00:00+00:00,8.305396,240.10118
2025-04-16 11:00:00+00:00,9.913082,240.64233
2025-04-16 12:00:00+00:00,11.48761,234.56659
2025-04-16 13:00:00+00:00,12.652604,230.19447
2025-04-16 14:00:00+00:00,13.004922,228.36655
2025-04-16 15:00:00+00:00,13.755579,222.87889
2025-04-16 16:00:00+00:00,15.172409,221.63344
2025-04-16 17:00:00+00:00,17.437717,224.58183
2025-04-16 18:00:00+00:00,22.180935,231.92107
2025-04-16 19:00:00+00:00,23.520151,234.97198
2025-04-16 20:00:00+00:00,23.25625,232.86394
2025-04-16 21:00:00+00:00,23.586184,231.81818
2025-04-16 22:00:00+00:00,20.466246,230.71062
2025-04-16 23:00:00+00:00,18.329973,225.79564
2025-04-17 00:00:00+00:00,16.870138,219.80553
2025-04-17 01:00:00+00:00,16.199999,216.86998
2025-04-17 02:00:00+00:00,16.075521,214.04597
2025-04-17 03:00:00+00:00,16.546299,210.7499
2025-04-17 04:00:00+00:00,15.938896,206.85434
2025-04-17 05:00:00+00:00,14.913952,203.47101
2025-04-17 06:00:00+00:00,14.039999,202.6199
2025-04-17 07:00:00+00:00,13.504799,201.0924
2025-04-17 08:00:00+00:00,13.661038,198.43504
2025-04-17 09:00:00+00:00,14.206323,202.3407
2025-04-17 10:00:00+00:00,13.451914,204.50739
2025-04-17 11:00:00+00:00,14.230248,214.69522
2025-04-17 12:00:00+00:00,14.477417,231.56267
2025-04-17 13:00:00+00:00,9.92778,224.9999
2025-04-17 14:00:00+00:00,8.37532,188.65247
2025-04-17 15:00:00+00:00,8.11798,183.814
2025-04-17 16:00:00+00:00,8.297589,183.73132
2025-04-17 17:00:00+00:00,12.144331,191.9761
2025-04-17 18:00:00+00:00,19.719656,213.83516
2025-04-17 19:00:00+00:00,26.787966,228.81416
2025-04-17 20:00:00+00:00,28.8,233.13002
2025-04-17 21:00:00+00:00,28.58545,233.70728
2025-04-17 22:00:00+00:00,28.394392,230.6595
2025-04-17 23:00:00+00:00,26.518099,228.30196
2025-04-18 00:00:00+00:00,25.074327,225.29082
2025-04-18 01:00:00+00:00,23.804276,224.081
2025-04-18 02:00:00+00:00,22.546032,222.73521
2025-04-18 03:00:00+00:00,25.711662,224.4328
2025-04-18 04:00:00+00:00,27.256779,227.14091
2025-04-18 05:00:00+00:00,27.655052,227.90198
2025-04-18 06:00:00+00:00,28.28464,227.5792
2025-04-18 07:00:00+00:00,29.02078,225.50252
2025-04-18 08:00:00+00:00,31.060303,224.0609
2025-04-18 09:00:00+00:00,33.347157,224.9999
2025-04-18 10:00:00+00:00,35.61135,229.30457
2025-04-18 11:00:00+00:00,37.446922,232.02834
2025-04-18 12:00:00+00:00,37.981705,233.67308
2025-04-18 13:00:00+00:00,35.47644,231.38556
2025-04-18 14:00:00+00:00,34.897724,227.09016
2025-04-18 15:00:00+00:00,37.16553,224.9999
2025-04-18 16:00:00+00:00,37.04372,224.01572
2025-04-18 17:00:00+00:00,35.152115,222.92497
2025-04-18 18:00:00+00:00,33.798325,221.32935
2025-04-18 19:00:00+00:00,32.979813,219.68541
2025-04-18 20:00:00+00:00,33.231823,217.73895
2025-04-18 21:00:00+00:00,34.3083,217.11046
2025-04-18 22:00:00+00:00,34.38895,210.86082
2025-04-18 23:00:00+00:00,34.42144,211.52893
2025-04-19 00:00:00+00:00,33.848137,213.94363
2025-04-19 01:00:00+00:00,32.47591,215.98077
2025-04-19 02:00:00+00:00,31.542658,218.04709
2025-04-19 03:00:00+00:00,35.28413,222.72589
2025-04-19 04:00:00+00:00,35.17423,227.90388
2025-04-19 05:00:00+00:00,33.521587,234.17612
2025-04-19 06:00:00+00:00,30.94168,245.96982
2025-04-19 07:00:00+00:00,29.229916,258.2749
2025-04-19 08:00:00+00:00,28.09442,268.16428
2025-04-19 09:00:00+00:00,26.6552,271.93488
2025-04-19 10:00:00+00:00,23.815163,266.09958
2025-04-19 11:00:00+00:00,24.430317,264.07947
2025-04-19 12:00:00+00:00,24.430317,264.07947
2025-04-19 13:00:00+00:00,20.256998,264.3908
2025-04-19 14:00:00+00:00,14.607751,266.46777
2025-04-19 15:00:00+00:00,12.0653715,268.29022
2025-04-19 16:00:00+00:00,10.823973,273.814
2025-04-19 17:00:00+00:00,10.6261,280.73883
2025-04-19 18:00:00+00:00,10.594036,279.78235
2025-04-19 19:00:00+00:00,9.016185,266.56644
2025-04-19 20:00:00+00:00,11.709688,224.9999
2025-04-19 21:00:00+00:00,17.148247,219.0355
2025-04-19 22:00:00+00:00,16.056362,232.74463
2025-04-19 23:00:00+00:00,14.465102,253.36897
2025-04-20 00:00:00+00:00,13.14493,268.4307
2025-04-20 01:00:00+00:00,13.493999,279.21094
2025-04-20 02:00:00+00:00,13.6242285,285.32156
2025-04-20 03:00:00+00:00,15.315873,293.55228
2025-04-20 04:00:00+00:00,18.244045,300.86673
2025-04-20 05:00:00+00:00,20.282574,301.57413
2025-04-20 06:00:00+00:00,21.794127,300.80136
2025-04-20 07:00:00+00:00,21.129885,293.07043
2025-04-20 08:00:00+00:00,21.286474,281.21487
2025-04-20 09:00:00+00:00,22.66142,276.84268
2025-04-20 10:00:00+00:00,22.66142,276.84268
2025-04-20 11:00:00+00:00,23.874949,275.62454
2025-04-20 12:00:00+00:00,24.430317,275.92053
2025-04-20 13:00:00+00:00,22.282953,276.49344
2025-04-20 14:00:00+00:00,17.750774,276.40427
2025-04-20 15:00:00+00:00,16.245934,279.56662
2025-04-20 16:00:00+00:00,15.034041,286.6993
2025-04-20 17:00:00+00:00,14.039999,292.6199
2025-04-20 18:00:00+00:00,12.835653,292.24908
2025-04-20 19:00:00+00:00,11.39842,291.29742
2025-04-20 20:00:00+00:00,9.927779,292.3802
2025-04-20 21:00:00+00:00,7.6579366,293.55228
2025-04-20 22:00:00+00:00,5.1544156,282.09473
2025-04-20 23:00:00+00:00,4.1046314,254.74483
2025-04-21 00:00:00+00:00,7.4932766,245.89777
2025-04-21 01:00:00+00:00,10.32924,247.4569
2025-04-21 02:00:00+00:00,8.089993,249.14546
2025-04-21 03:00:00+00:00,5.4477882,262.40546
2025-04-21 04:00:00+00:00,5.3426957,302.61923
2025-04-21 05:00:00+00:00,7.8149853,331.07367
2025-04-21 06:00:00+00:00,9.600937,329.589
2025-04-21 07:00:00+00:00,9.587428,309.66782
2025-04-21 08:00:00+00:00,10.644379,288.74142
2025-04-21 09:00:00+00:00,13.239487,277.0283
2025-04-21 10:00:00+00:00,15.299999,278.79733
2025-04-21 11:00:00+00:00,16.724508,278.04282
2025-04-21 12:00:00+00:00,17.163355,279.65982
2025-04-21 13:00:00+00:00,16.068466,282.9465
2025-04-21 14:00:00+00:00,13.184308,284.22598
2025-04-21 15:00:00+00:00,13.276144,282.5288
2025-04-21 16:00:00+00:00,14.05845,283.32455
2025-04-21 17:00:00+00:00,14.628807,288.658
2025-04-21 18:00:00+00:00,14.84318,292.83368
2025-04-21 19:00:00+00:00,14.328949,296.88684
2025-04-21 20:00:00+00:00,13.70839,299.93143
2025-04-21 21:00:00+00:00,13.337016,301.75943
2025-04-21 22:00:00+00:00,12.325728,298.8107
2025-04-21 23:00:00+00:00,11.996699,297.7184
2025-04-22 00:00:00+00:00,12.245293,294.30453
2025-04-22 01:00:00+00:00,12.641076,289.9832
2025-04-22 02:00:00+00:00,12.049249,283.82867
2025-04-22 03:00:00+00:00,12.710091,282.26477
2025-04-22 04:00:00+00:00,16.293728,286.0324
2025-04-22 05:00:00+00:00,19.649702,294.92175
2025-04-22 06:00:00+00:00,22.323627,302.15225
2025-04-22 07:00:00+00:00,24.523638,305.43997
2025-04-22 08:00:00+00:00,24.817816,304.95804
2025-04-22 09:00:00+00:00,24.412407,303.57294
2025-04-22 10:00:00+00:00,21.966637,303.29944
2025-04-22 11:00:00+00:00,21.366234,299.80466
2025-04-22 12:00:00+00:00,21.332088,296.56497
2025-04-22 13:00:00+00:00,18.040455,294.77512
2025-04-22 14:00:00+00:00,14.30632,291.39987
2025-04-22 15:00:00+00:00,13.776763,287.48807
2025-04-22 16:00:00+00:00,13.605189,287.71588
2025-04-22 17:00:00+00:00,13.54911,289.39792
2025-04-22 18:00:00+00:00,12.976239,293.7204
2025-04-22 19:00:00+00:00,12.156331,297.3238
2025-04-22 20:00:00+00:00,11.351422,297.37762
2025-04-22 21:00:00+00:00,10.662626,291.80148
2025-04-22 22:00:00+00:00,9.016185,266.56644
2025-04-22 23:00:00+00:00,10.24578,251.56496
2025-04-23 00:00:00+00:00,11.238113,238.09193
2025-04-23 01:00:00+00:00,11.556504,232.59456
2025-04-23 02:00:00+00:00,9.82114,228.7154
2025-04-23 03:00:00+00:00,8.714677,231.7098
2025-04-23 04:00:00+00:00,10.495713,239.0363
2025-04-23 05:00:00+00:00,11.571914,254.66666
2025-04-23 06:00:00+00:00,12.611567,267.54602
2025-04-23 07:00:00+00:00,13.690654,272.26044
2025-04-23 08:00:00+00:00,15.849201,268.04755
2025-04-23 09:00:00+00:00,17.864489,265.9556
2025-04-23 10:00:00+00:00,17.910677,264.2322
2025-04-23 11:00:00+00:00,18.627172,264.45477
2025-04-23 12:00:00+00:00,18.762354,266.14944
2025-04-23 13:00:00+00:00,15.669307,268.02512
2025-04-23 14:00:00+00:00,11.341428,270.90936
2025-04-23 15:00:00+00:00,10.621525,269.029
2025-04-23 16:00:00+00:00,11.003581,266.24835
2025-04-23 17:00:00+00:00,11.334284,259.93936
2025-04-23 18:00:00+00:00,11.770403,246.57129
2025-04-23 19:00:00+00:00,12.283599,235.14546
2025-04-23 20:00:00+00:00,12.708815,232.4808
2025-04-23 21:00:00+00:00,13.690654,230.8696
2025-04-23 22:00:00+00:00,15.413928,222.63371
2025-04-23 23:00:00+00:00,16.16496,225.45108
2025-04-24 00:00:00+00:00,16.309628,227.68384
2025-04-24 01:00:00+00:00,16.818203,227.60262
2025-04-24 02:00:00+00:00,15.801087,227.77028
2025-04-24 03:00:00+00:00,16.671148,232.01645
2025-04-24 04:00:00+00:00,16.923828,240.70874
2025-04-24 05:00:00+00:00,17.381886,248.74942
2025-04-24 06:00:00+00:00,18.172869,253.89862
2025-04-24 07:00:00+00:00,18.556595,251.91646
2025-04-24 08:00:00+00:00,18.519018,244.68034
2025-04-24 09:00:00+00:00,20.073025,237.45
2025-04-24 10:00:00+00:00,21.11838,235.7681
2025-04-24 11:00:00+00:00,21.980644,238.39255
2025-04-24 12:00:00+00:00,21.815674,243.01219
2025-04-24 13:00:00+00:00,18.792551,249.82925
2025-04-24 14:00:00+00:00,14.275713,256.13895
2025-04-24 15:00:00+00:00,13.556282,259.28693
2025-04-24 16:00:00+00:00,13.200273,264.5227
2025-04-24 17:00:00+00:00,12.601285,269.18155
2025-04-24 18:00:00+00:00,11.5199995,270.0
2025-04-24 19:00:00+00:00,9.567131,265.68405
2025-04-24 20:00:00+00:00,11.782784,235.58157
2025-04-24 21:00:00+00:00,19.107151,222.70937
2025-04-24 22:00:00+00:00,20.675724,220.76352
2025-04-24 23:00:00+00:00,21.594748,219.92781
2025-04-25 00:00:00+00:00,21.817902,217.6263
2025-04-25 01:00:00+00:00,21.492483,216.4861
2025-04-25 02:00:00+00:00,21.22016,214.63374
2025-04-25 03:00:00+00:00,24.37721,215.68532
2025-04-25 04:00:00+00:00,25.305208,219.80553
2025-04-25 05:00:00+00:00,25.328884,225.2879
2025-04-25 06:00:00+00:00,25.59863,226.99457
2025-04-25 07:00:00+00:00,26.729847,225.5456
2025-04-25 08:00:00+00:00,27.37243,226.33215
2025-04-25 09:00:00+00:00,26.009844,228.36655
2025-04-25 10:00:00+00:00,22.406927,226.30188
2025-04-25 11:00:00+00:00,20.844278,233.42688
2025-04-25 12:00:00+00:00,19.401628,244.1482
2025-04-25 13:00:00+00:00,14.517644,250.44165
2025-04-25 14:00:00+00:00,10.765445,249.44386
2025-04-25 15:00:00+00:00,11.165805,249.22766
2025-04-25 16:00:00+00:00,12.224107,256.373
2025-04-25 17:00:00+00:00,13.159711,266.8637
2025-04-25 18:00:00+00:00,13.021106,275.5529
2025-04-25 19:00:00+00:00,11.755254,281.48196
2025-04-25 20:00:00+00:00,10.120098,275.10208
2025-04-25 21:00:00+00:00,13.184308,237.82881
2025-04-25 22:00:00+00:00,15.7908325,223.1524
2025-04-25 23:00:00+00:00,15.426535,228.31104
2025-04-26 00:00:00+00:00,14.618837,232.0012
2025-04-26 01:00:00+00:00,14.113652,232.25313
2025-04-26 02:00:00+00:00,12.566526,231.981
2025-04-26 03:00:00+00:00,11.638917,238.27644
2025-04-26 04:00:00+00:00,10.534229,253.11313
2025-04-26 05:00:00+00:00,8.885877,276.98096
2025-04-26 06:00:00+00:00,8.805294,319.1447
2025-04-26 07:00:00+00:00,9.227524,339.44388
2025-04-26 08:00:00+00:00,11.177405,345.06854
2025-04-26 09:00:00+00:00,12.182955,347.19574
2025-04-26 10:00:00+00:00,12.992458,349.6242
2025-04-26 11:00:00+00:00,12.835653,345.3791
2025-04-26 12:00:00+00:00,12.810386,342.838
2025-04-26 13:00:00+00:00,10.759423,342.47433
2025-04-26 14:00:00+00:00,7.256032,336.61475
2025-04-26 15:00:00+00:00,4.913044,331.55716
2025-04-26 16:00:00+00:00,2.7475805,328.39255
2025-04-26 17:00:00+00:00,1.4512063,299.74478
2025-04-26 18:00:00+00:00,1.835647,281.3099
2025-04-26 19:00:00+00:00,3.143565,293.6294
2025-04-26 20:00:00+00:00,4.978554,310.60123
2025-04-26 21:00:00+00:00,4.39436,325.0079
2025-04-26 22:00:00+00:00,2.4482648,36.027473
2025-04-26 23:00:00+00:00,4.5891175,168.69011
2025-04-27 00:00:00+00:00,10.399576,203.45905
2025-04-27 01:00:00+00:00,10.735306,214.75598
2025-04-27 02:00:00+00:00,7.9383874,212.9694
2025-04-27 03:00:00+00:00,4.991553,205.64096
2025-04-27 04:00:00+00:00,4.5536795,198.43504
2025-04-27 05:00:00+00:00,3.5455887,203.9625
2025-04-27 06:00:00+00:00,4.3349743,221.63345
2025-04-27 07:00:00+00:00,7.42159,230.90614
2025-04-27 08:00:00+00:00,9.913082,240.64233
2025-04-27 09:00:00+00:00,10.597094,249.10216
2025-04-27 10:00:00+00:00,9.56713,258.05585
2025-04-27 11:00:00+00:00,9.187056,267.7543
2025-04-27 12:00:00+00:00,9.243311,276.70975
2025-04-27 13:00:00+00:00,7.555712,282.38074
2025-04-27 14:00:00+00:00,5.0142193,291.03757
2025-04-27 15:00:00+00:00,2.7238941,277.59454
2025-04-27 16:00:00+00:00,4.3573384,218.2902
2025-04-27 17:00:00+00:00,11.304229,217.23491
2025-04-27 18:00:00+00:00,15.9134655,232.35231
2025-04-27 19:00:00+00:00,17.682194,247.87361
2025-04-27 20:00:00+00:00,18.25026,255.14134
2025-04-27 21:00:00+00:00,16.109747,256.42953
2025-04-27 22:00:00+00:00,14.897651,241.88689
2025-04-27 23:00:00+00:00,13.719023,231.92717
2025-04-28 00:00:00+00:00,12.601285,224.42136
2025-04-28 01:00:00+00:00,11.196232,216.50153
2025-04-28 02:00:00+00:00,9.257321,206.56499
2025-04-28 03:00:00+00:00,7.989242,202.52061
2025-04-28 04:00:00+00:00,6.0077944,188.61557
2025-04-28 05:00:00+00:00,5.4656014,162.75845
2025-04-28 06:00:00+00:00,5.8104043,163.81073
2025-04-28 07:00:00+00:00,4.73506,188.74608
2025-04-28 08:00:00+00:00,4.6938257,237.52882
2025-04-28 09:00:00+00:00,6.2999997,270.0
2025-04-28 10:00:00+00:00,8.035746,285.59286
2025-04-28 11:00:00+00:00,9.059205,290.95584
2025-04-28 12:00:00+00:00,10.094454,301.13892
2025-04-28 13:00:00+00:00,9.178235,311.82007
2025-04-28 14:00:00+00:00,8.43699,326.3099
2025-04-28 15:00:00+00:00,8.085988,343.1785
2025-04-28 16:00:00+00:00,6.924738,8.97255
2025-04-28 17:00:00+00:00,6.037383,63.435013
2025-04-28 18:00:00+00:00,8.953078,120.17343
2025-04-28 19:00:00+00:00,11.435313,151.8215
2025-04-28 20:00:00+00:00,11.688918,170.24765
2025-04-28 21:00:00+00:00,12.093535,194.6568
2025-04-28 22:00:00+00:00,13.125196,205.15927
2025-04-28 23:00:00+00:00,12.641076,199.9832
2025-04-29 00:00:00+00:00,11.431063,187.23683
2025-04-29 01:00:00+00:00,11.003581,183.75165
2025-04-29 02:00:00+00:00,9.47012,188.74608
2025-04-29 03:00:00+00:00,8.790563,190.6196
2025-04-29 04:00:00+00:00,8.227004,169.91946
2025-04-29 05:00:00+00:00,10.837435,147.89377
2025-04-29 06:00:00+00:00,12.483748,151.58743
2025-04-29 07:00:00+00:00,10.587917,162.18102
2025-04-29 08:00:00+00:00,6.8612823,184.5139
2025-04-29 09:00:00+00:00,4.8965297,233.97253
2025-04-29 10:00:00+00:00,6.698806,263.82993
2025-04-29 11:00:00+00:00,8.827344,272.33725
2025-04-29 12:00:00+00:00,9.391102,282.17145
2025-04-29 13:00:00+00:00,8.557102,284.6209
2025-04-29 14:00:00+00:00,6.542201,277.90707
2025-04-29 15:00:00+00:00,5.2416787,254.05453
2025-04-29 16:00:00+00:00,5.0975285,222.13753
2025-04-29 17:00:00+00:00,7.970972,205.40767
2025-04-29 18:00:00+00:00,13.647988,221.25691
2025-04-29 19:00:00+00:00,15.3802595,235.0079
2025-04-29 20:00:00+00:00,15.22783,237.06131
2025-04-29 21:00:00+00:00,16.325514,235.78424
2025-04-29 22:00:00+00:00,17.174677,236.97612
2025-04-29 23:00:00+00:00,16.308636,232.62411
2025-04-30 00:00:00+00:00,14.896563,226.46873
2025-04-30 01:00:00+00:00,14.224556,218.32016
2025-04-30 02:00:00+00:00,13.6289835,213.6901
2025-04-30 03:00:00+00:00,13.789691,215.97247
2025-04-30 04:00:00+00:00,12.261157,220.23628
2025-04-30 05:00:00+00:00,10.094454,219.93633
2025-04-30 06:00:00+00:00,8.953078,210.17343
2025-04-30 07:00:00+00:00,8.891344,201.37068
2025-04-30 08:00:00+00:00,7.9220443,201.31798
2025-04-30 09:00:00+00:00,6.439876,206.56499
2025-04-30 10:00:00+00:00,4.4565907,223.36346
2025-04-30 11:00:00+00:00,4.7110505,223.45189
2025-04-30 12:00:00+00:00,4.198285,239.0363
2025-04-30 13:00:00+00:00,3.7971041,238.57048
2025-04-30 14:00:00+00:00,4.8466477,195.06854
2025-04-30 15:00:00+00:00,7.102591,188.74608
2025-04-30 16:00:00+00:00,9.9571085,192.5288
2025-04-30 17:00:00+00:00,15.531193,212.21652
2025-04-30 18:00:00+00:00,24.09648,228.33101
2025-04-30 19:00:00+00:00,25.165262,232.55627
2025-04-30 20:00:00+00:00,24.11261,228.93488
2025-04-30 21:00:00+00:00,23.441502,227.4896
2025-04-30 22:00:00+00:00,22.871334,234.93402
2025-04-30 23:00:00+00:00,19.171478,235.71307
2025-05-01 00:00:00+00:00,17.123669,230.11737
2025-05-01 01:00:00+00:00,16.548256,224.11868
2025-05-01 02:00:00+00:00,16.67795,226.31181
2025-05-01 03:00:00+00:00,16.502182,230.75458
2025-05-01 04:00:00+00:00,12.108261,221.98714
2025-05-01 05:00:00+00:00,9.919618,191.5138
2025-05-01 06:00:00+00:00,11.966953,186.91113
2025-05-01 07:00:00+00:00,13.6242285,195.32156
2025-05-01 08:00:00+00:00,14.248452,206.24129
2025-05-01 09:00:00+00:00,13.538345,215.80344
2025-05-01 10:00:00+00:00,12.229406,222.61401
2025-05-01 11:00:00+00:00,6.7469993,226.08084
2025-05-01 12:00:00+00:00,9.983106,205.64096
2025-05-01 13:00:00+00:00,24.07563,205.22389
2025-05-01 14:00:00+00:00,25.550491,203.67561
2025-05-01 15:00:00+00:00,21.075378,190.83003
2025-05-01 16:00:00+00:00,22.61419,193.81505
2025-05-01 17:00:00+00:00,28.01531,205.90645
2025-05-01 18:00:00+00:00,22.9724,212.19571
2025-05-01 19:00:00+00:00,22.691423,221.78442
2025-05-01 20:00:00+00:00,25.329523,230.7679
2025-05-01 21:00:00+00:00,22.798264,231.41081
2025-05-01 22:00:00+00:00,14.387619,223.47928
2025-05-01 23:00:00+00:00,11.712454,223.75471
2025-05-02 00:00:00+00:00,10.783486,213.42484
2025-05-02 01:00:00+00:00,8.322932,201.57137
2025-05-02 02:00:00+00:00,4.8366103,44.999897
2025-05-02 03:00:00+00:00,7.570707,118.39293
2025-05-02 04:00:00+00:00,15.5395355,161.77483
2025-05-02 05:00:00+00:00,18.29459,166.92087
2025-05-02 06:00:00+00:00,19.94754,169.60272
2025-05-02 07:00:00+00:00,20.138292,172.81155
2025-05-02 08:00:00+00:00,17.100946,179.39693
2025-05-02 09:00:00+00:00,12.750811,198.9466
2025-05-02 10:00:00+00:00,9.220499,231.34016
2025-05-02 11:00:00+00:00,4.7521367,245.37645
2025-05-02 12:00:00+00:00,7.415038,185.5721
2025-05-02 13:00:00+00:00,8.473393,192.26476
2025-05-02 14:00:00+00:00,15.882896,203.36913
2025-05-02 15:00:00+00:00,27.074896,217.70801
2025-05-02 16:00:00+00:00,20.224983,237.72438
2025-05-02 17:00:00+00:00,11.39842,248.70258
2025-05-02 18:00:00+00:00,8.891344,248.6293
2025-05-02 19:00:00+00:00,9.854075,260.53775
2025-05-02 20:00:00+00:00,9.375563,266.6982
2025-05-02 21:00:00+00:00,8.260411,258.6901
2025-05-02 22:00:00+00:00,4.510787,241.38963
2025-05-02 23:00:00+00:00,6.198903,205.82094
2025-05-03 00:00:00+00:00,9.914717,183.12207
2025-05-03 01:00:00+00:00,11.720751,190.6196
2025-05-03 02:00:00+00:00,10.711135,204.84236
2025-05-03 03:00:00+00:00,9.313152,221.08165
2025-05-03 04:00:00+00:00,6.297428,239.03632
2025-05-03 05:00:00+00:00,4.278551,247.75093
2025-05-03 06:00:00+00:00,4.4456716,238.24055
2025-05-03 07:00:00+00:00,6.015878,231.07245
2025-05-03 08:00:00+00:00,7.42159,230.90614
2025-05-03 09:00:00+00:00,8.641874,234.3235
2025-05-03 10:00:00+00:00,11.592894,216.15828
2025-05-03 11:00:00+00:00,13.874019,225.52557
2025-05-03 12:00:00+00:00,15.22783,237.06131
2025-05-03 13:00:00+00:00,15.315873,246.44772
2025-05-03 14:00:00+00:00,12.011544,250.75038
2025-05-03 15:00:00+00:00,9.734987,250.55988
2025-05-03 16:00:00+00:00,9.504273,245.37645
2025-05-03 17:00:00+00:00,9.19939,239.42085
2025-05-03 18:00:00+00:00,8.099999,233.13002
2025-05-03 19:00:00+00:00,7.8149853,218.45374
2025-05-03 20:00:00+00:00,8.049845,206.56499
2025-05-03 21:00:00+00:00,6.763786,205.2011
2025-05-03 22:00:00+00:00,3.671294,168.69011
2025-05-03 23:00:00+00:00,4.5891175,131.82008
2025-05-04 00:00:00+00:00,7.8149853,128.45374
2025-05-04 01:00:00+00:00,11.525623,141.34016
2025-05-04 02:00:00+00:00,15.376045,152.8351
2025-05-04 03:00:00+00:00,17.811815,165.96373
2025-05-04 04:00:00+00:00,19.281015,177.32463
2025-05-04 05:00:00+00:00,21.567726,186.70975
2025-05-04 06:00:00+00:00,21.240763,196.74583
2025-05-04 07:00:00+00:00,19.89631,208.65173
2025-05-04 08:00:00+00:00,17.1,216.86998
2025-05-04 09:00:00+00:00,14.450535,219.44002
2025-05-04 10:00:00+00:00,14.348156,199.79897
2025-05-04 11:00:00+00:00,20.442486,219.9993
2025-05-04 12:00:00+00:00,8.967541,190.40765
2025-05-04 13:00:00+00:00,7.731623,114.775116
2025-05-04 14:00:00+00:00,7.2044983,102.99462
2025-05-04 15:00:00+00:00,18.553972,210.29637
2025-05-04 16:00:00+00:00,15.444377,126.46933
2025-05-04 17:00:00+00:00,16.986889,105.36168
2025-05-04 18:00:00+00:00,17.935986,121.45677
2025-05-04 19:00:00+00:00,19.48079,125.59931
2025-05-04 20:00:00+00:00,17.318394,127.822815
2025-05-04 21:00:00+00:00,13.644427,143.58353
2025-05-04 22:00:00+00:00,11.599879,138.14505
2025-05-04 23:00:00+00:00,11.384198,145.30478
2025-05-05 00:00:00+00:00,10.30883,155.22488
2025-05-05 01:00:00+00:00,6.6794305,165.96373
2025-05-05 02:00:00+00:00,1.0495713,120.96369
2025-05-05 03:00:00+00:00,7.9077177,11.821464
2025-05-05 04:00:00+00:00,12.16832,29.219156
2025-05-05 05:00:00+00:00,12.638512,54.272507
2025-05-05 06:00:00+00:00,13.943901,78.83517
2025-05-05 07:00:00+00:00,14.275713,95.06353
2025-05-05 08:00:00+00:00,12.835653,104.62092
2025-05-05 09:00:00+00:00,10.783486,123.424835
2025-05-05 10:00:00+00:00,6.989936,145.49142
2025-05-05 11:00:00+00:00,6.379216,163.61038
2025-05-05 12:00:00+00:00,4.514377,175.42616
2025-05-05 13:00:00+00:00,2.7059932,86.186005
2025-05-05 14:00:00+00:00,5.5916004,86.308685
2025-05-05 15:00:00+00:00,7.4932766,114.102234
2025-05-05 16:00:00+00:00,9.686609,131.98714
2025-05-05 17:00:00+00:00,11.1090765,139.60017
2025-05-05 18:00:00+00:00,10.63372,146.04091
2025-05-05 19:00:00+00:00,8.461914,150.70874
2025-05-05 20:00:00+00:00,6.330782,165.17348
2025-05-05 21:00:00+00:00,6.2145634,190.00792
2025-05-05 22:00:00+00:00,9.2660675,209.0545
2025-05-05 23:00:00+00:00,8.854829,206.56499
2025-05-06 00:00:00+00:00,8.037761,214.04597
2025-05-06 01:00:00+00:00,6.7757506,219.61066
2025-05-06 02:00:00+00:00,4.965521,223.53127
2025-05-06 03:00:00+00:00,2.5264204,265.91446
2025-05-06 04:00:00+00:00,2.7534704,348.6901
2025-05-06 05:00:00+00:00,4.060985,12.804273
2025-05-06 06:00:00+00:00,4.6938252,4.398633
2025-05-06 07:00:00+00:00,6.482499,358.40887
2025-05-06 08:00:00+00:00,8.64,360.0
2025-05-06 09:00:00+00:00,9.906544,2.0825295
2025-05-06 10:00:00+00:00,12.466867,17.650223
2025-05-06 11:00:00+00:00,13.609951,20.112684
2025-05-06 12:00:00+00:00,14.206323,22.340693
2025-05-06 13:00:00+00:00,13.0806875,34.346157
2025-05-06 14:00:00+00:00,12.936227,68.7907
2025-05-06 15:00:00+00:00,14.192631,105.44638
2025-05-06 16:00:00+00:00,16.22498,130.04967
2025-05-06 17:00:00+00:00,17.220835,138.81416
2025-05-06 18:00:00+00:00,17.725203,145.34158
2025-05-06 19:00:00+00:00,17.640919,151.34299
2025-05-06 20:00:00+00:00,17.25373,156.64442
2025-05-06 21:00:00+00:00,16.344357,163.36111
2025-05-06 22:00:00+00:00,12.605142,178.36346
2025-05-06 23:00:00+00:00,10.9859,181.87784
2025-05-07 00:00:00+00:00,9.187056,177.7543
2025-05-07 01:00:00+00:00,8.707238,172.87508
2025-05-07 02:00:00+00:00,8.64,180.0
2025-05-07 03:00:00+00:00,7.8149853,194.67644
2025-05-07 04:00:00+00:00,3.5455887,203.9625
2025-05-07 05:00:00+00:00,3.0758414,69.44387
2025-05-07 06:00:00+00:00,7.8954163,65.77226
2025-05-07 07:00:00+00:00,9.965239,69.92838
2025-05-07 08:00:00+00:00,10.134496,70.27763
2025-05-07 09:00:00+00:00,9.914717,74.197426
2025-05-07 10:00:00+00:00,9.9977,76.464134
2025-05-07 11:00:00+00:00,8.604301,74.219185
2025-05-07 12:00:00+00:00,7.293888,74.248764
2025-05-07 13:00:00+00:00,7.0223074,91.46877
2025-05-07 14:00:00+00:00,8.936778,124.33028
2025-05-07 15:00:00+00:00,12.85205,142.96953
2025-05-07 16:00:00+00:00,16.019999,154.01082
2025-05-07 17:00:00+00:00,16.73516,161.1752
2025-05-07 18:00:00+00:00,16.546297,165.5102
2025-05-07 19:00:00+00:00,18.907713,178.36346
2025-05-07 20:00:00+00:00,21.915693,194.26454
2025-05-07 21:00:00+00:00,21.900904,205.30135
2025-05-07 22:00:00+00:00,19.8376,216.14214
2025-05-07 23:00:00+00:00,19.820442,219.47243
2025-05-08 00:00:00+00:00,19.174856,219.6678
2025-05-08 01:00:00+00:00,17.786331,215.9422
2025-05-08 02:00:00+00:00,19.320465,213.9862
2025-05-08 03:00:00+00:00,20.808498,217.26648
2025-05-08 04:00:00+00:00,20.501833,223.22124
2025-05-08 05:00:00+00:00,18.11841,229.02835
2025-05-08 06:00:00+00:00,12.830604,235.86401
2025-05-08 07:00:00+00:00,8.37532,241.78273
2025-05-08 08:00:00+00:00,6.6794305,255.96373
2025-05-08 09:00:00+00:00,7.562142,268.6361
2025-05-08 10:00:00+00:00,9.473541,284.30032
2025-05-08 11:00:00+00:00,9.82114,296.09537
2025-05-08 12:00:00+00:00,6.638072,282.5288
2025-05-08 13:00:00+00:00,15.2947035,243.43501
2025-05-08 14:00:00+00:00,25.925623,234.3235
2025-05-08 15:00:00+00:00,14.707222,201.54105
2025-05-08 16:00:00+00:00,10.062305,190.3048
2025-05-08 17:00:00+00:00,9.007196,182.29056
2025-05-08 18:00:00+00:00,14.4,180.0
2025-05-08 19:00:00+00:00,17.176563,185.41177
2025-05-08 20:00:00+00:00,16.344357,196.63889
2025-05-08 21:00:00+00:00,16.997377,204.39372
2025-05-08 22:00:00+00:00,4.863332,231.009
2025-05-08 23:00:00+00:00,4.2175345,230.19447
2025-05-09 00:00:00+00:00,3.1845248,222.70937
2025-05-09 01:00:00+00:00,2.6999998,233.13002
2025-05-09 02:00:00+00:00,3.671294,281.3099
2025-05-09 03:00:00+00:00,8.187527,326.65927
2025-05-09 04:00:00+00:00,12.979984,340.55988
2025-05-09 05:00:00+00:00,16.423458,350.53775
2025-05-09 06:00:00+00:00,16.928614,358.17206
2025-05-09 07:00:00+00:00,14.597767,2.8270748
2025-05-09 08:00:00+00:00,12.971244,2.385899
2025-05-09 09:00:00+00:00,13.1412325,359.21518
2025-05-09 10:00:00+00:00,13.5012,359.2361
2025-05-09 11:00:00+00:00,13.543131,355.42615
2025-05-09 12:00:00+00:00,13.934604,354.06857
2025-05-09 13:00:00+00:00,13.466357,351.54504
2025-05-09 14:00:00+00:00,12.074766,349.69522
2025-05-09 15:00:00+00:00,9.430694,346.75946
2025-05-09 16:00:00+00:00,8.936778,350.72748
2025-05-09 17:00:00+00:00,9.224011,5.599257
2025-05-09 18:00:00+00:00,9.172938,15.945463
2025-05-09 19:00:00+00:00,8.996398,19.885265
2025-05-09 20:00:00+00:00,10.094454,21.991192
2025-05-09 21:00:00+00:00,11.028581,26.146788
2025-05-09 22:00:00+00:00,9.582359,5.389229
2025-05-09 23:00:00+00:00,8.709098,18.060568
2025-05-10 00:00:00+00:00,9.059205,40.971645
2025-05-10 01:00:00+00:00,9.4238205,61.47699
2025-05-10 02:00:00+00:00,9.346143,74.3577
2025-05-10 03:00:00+00:00,11.897714,72.38734
2025-05-10 04:00:00+00:00,14.420235,65.67444
2025-05-10 05:00:00+00:00,12.841963,58.76084
2025-05-10 06:00:00+00:00,9.5535755,47.290634
2025-05-10 07:00:00+00:00,7.327127,27.824009
2025-05-10 08:00:00+00:00,6.3639607,8.130019
2025-05-10 09:00:00+00:00,6.0721655,348.0239
2025-05-10 10:00:00+00:00,5.6920996,341.56494
2025-05-10 11:00:00+00:00,6.2067385,330.4613
2025-05-10 12:00:00+00:00,6.6624317,321.5819
2025-05-10 13:00:00+00:00,5.796447,323.8417
2025-05-10 14:00:00+00:00,4.293669,326.97614
2025-05-10 15:00:00+00:00,4.5536795,341.56494
2025-05-10 16:00:00+00:00,6.050785,329.62094
2025-05-10 17:00:00+00:00,5.0432134,325.17545
2025-05-10 18:00:00+00:00,1.1384199,288.43503
2025-05-10 19:00:00+00:00,0.742159,165.96373
2025-05-10 20:00:00+00:00,1.4058449,50.194473
2025-05-10 21:00:00+00:00,1.1384199,161.56496
2025-05-10 22:00:00+00:00,8.431228,196.1135
2025-05-10 23:00:00+00:00,12.337553,203.19861
2025-05-11 00:00:00+00:00,12.566526,218.019
2025-05-11 01:00:00+00:00,12.538134,230.82635
2025-05-11 02:00:00+00:00,11.855429,239.9315
2025-05-11 03:00:00+00:00,12.081473,245.34412
2025-05-11 04:00:00+00:00,10.483357,254.05453
2025-05-11 05:00:00+00:00,7.841888,260.75397
2025-05-11 06:00:00+00:00,7.731623,245.22488
2025-05-11 07:00:00+00:00,10.075177,228.62158
2025-05-11 08:00:00+00:00,10.694485,226.36386
2025-05-11 09:00:00+00:00,10.310402,224.29277
2025-05-11 10:00:00+00:00,9.636307,212.79953
2025-05-11 11:00:00+00:00,10.799999,216.86998
2025-05-11 12:00:00+00:00,12.218805,224.9999
2025-05-11 13:00:00+00:00,14.2575445,226.02293
2025-05-11 14:00:00+00:00,12.031756,218.92755
2025-05-11 15:00:00+00:00,11.792404,211.26367
2025-05-11 16:00:00+00:00,13.523978,206.90602
2025-05-11 17:00:00+00:00,15.472672,209.24873
2025-05-11 18:00:00+00:00,16.79314,210.96368
2025-05-11 19:00:00+00:00,16.824945,206.01672
2025-05-11 20:00:00+00:00,17.363237,199.37424
2025-05-11 21:00:00+00:00,19.963776,206.796
2025-05-11 22:00:00+00:00,18.709612,210.01828
2025-05-11 23:00:00+00:00,20.49314,218.58124
2025-05-12 00:00:00+00:00,21.565474,217.5395
2025-05-12 01:00:00+00:00,22.517992,214.57935
2025-05-12 02:00:00+00:00,25.710402,213.57884
2025-05-12 03:00:00+00:00,27.182383,216.11115
2025-05-12 04:00:00+00:00,27.46991,217.54578
2025-05-12 05:00:00+00:00,27.978855,220.04149
2025-05-12 06:00:00+00:00,29.015753,219.71451
2025-05-12 07:00:00+00:00,28.622265,217.59064
2025-05-12 08:00:00+00:00,26.720757,215.40315
2025-05-12 09:00:00+00:00,24.482647,216.02747
2025-05-12 10:00:00+00:00,19.334715,215.90982
2025-05-12 11:00:00+00:00,17.682194,218.38657
2025-05-12 12:00:00+00:00,16.966848,221.12865
2025-05-12 13:00:00+00:00,17.448862,222.90984
2025-05-12 14:00:00+00:00,15.489414,218.86778
2025-05-12 15:00:00+00:00,17.52298,213.6901
2025-05-12 16:00:00+00:00,20.486023,216.06447
2025-05-12 17:00:00+00:00,22.842985,220.84605
2025-05-12 18:00:00+00:00,22.828087,217.95428
2025-05-12 19:00:00+00:00,23.185787,216.15828
2025-05-12 20:00:00+00:00,23.588242,221.59714
2025-05-12 21:00:00+00:00,23.32025,227.81563
2025-05-12 22:00:00+00:00,21.420755,221.59346
2025-05-12 23:00:00+00:00,20.35274,218.89722
2025-05-13 00:00:00+00:00,20.172853,214.82455
2025-05-13 01:00:00+00:00,20.288164,207.47435
2025-05-13 02:00:00+00:00,23.365358,201.22772
2025-05-13 03:00:00+00:00,25.331442,199.07878
2025-05-13 04:00:00+00:00,26.984396,197.46811
2025-05-13 05:00:00+00:00,29.551262,197.00018
2025-05-13 06:00:00+00:00,31.84576,196.07892
2025-05-13 07:00:00+00:00,31.709131,197.50934
2025-05-13 08:00:00+00:00,29.949856,202.24907
2025-05-13 09:00:00+00:00,27.611082,206.73203
2025-05-13 10:00:00+00:00,23.31747,212.70865
2025-05-13 11:00:00+00:00,22.577625,215.59087
2025-05-13 12:00:00+00:00,23.441502,222.5104
2025-05-13 13:00:00+00:00,20.834173,219.74214
2025-05-13 14:00:00+00:00,17.423777,213.19757
2025-05-13 15:00:00+00:00,17.429354,218.2902
2025-05-13 16:00:00+00:00,20.304926,229.67424
2025-05-13 17:00:00+00:00,26.674032,238.24055
2025-05-13 18:00:00+00:00,19.340576,231.42345
2025-05-13 19:00:00+00:00,14.428097,220.44615
2025-05-13 20:00:00+00:00,14.957339,219.62897
2025-05-13 21:00:00+00:00,17.448862,222.90984
2025-05-13 22:00:00+00:00,17.630814,220.0302
2025-05-13 23:00:00+00:00,17.54146,218.75163
2025-05-14 00:00:00+00:00,17.823637,218.02728
2025-05-14 01:00:00+00:00,18.648035,216.75937
2025-05-14 02:00:00+00:00,22.97522,215.4334
2025-05-14 03:00:00+00:00,25.264202,212.78427
2025-05-14 04:00:00+00:00,25.965584,209.94185
2025-05-14 05:00:00+00:00,26.97899,208.27477
2025-05-14 06:00:00+00:00,28.662987,207.69142
2025-05-14 07:00:00+00:00,28.17733,207.38342
2025-05-14 08:00:00+00:00,25.59863,206.74515
2025-05-14 09:00:00+00:00,21.816414,205.93076
2025-05-14 10:00:00+00:00,19.586117,197.10281
2025-05-14 11:00:00+00:00,17.654686,196.58742
2025-05-14 12:00:00+00:00,16.116785,200.25655
2025-05-14 13:00:00+00:00,16.120808,196.20909
2025-05-14 14:00:00+00:00,13.6242285,195.32156
2025-05-14 15:00:00+00:00,14.539945,195.06854
2025-05-14 16:00:00+00:00,15.312701,197.79608
2025-05-14 17:00:00+00:00,16.394829,199.23076
2025-05-14 18:00:00+00:00,17.419127,193.74907
2025-05-14 19:00:00+00:00,16.557064,191.92072
2025-05-14 20:00:00+00:00,16.071491,195.59286
2025-05-14 21:00:00+00:00,17.551615,205.51382
2025-05-14 22:00:00+00:00,20.219378,214.11452
2025-05-14 23:00:00+00:00,21.573734,220.60121
2025-05-15 00:00:00+00:00,22.183128,221.71066
2025-05-15 01:00:00+00:00,21.691305,220.96219
2025-05-15 02:00:00+00:00,21.898684,218.65984
2025-05-15 03:00:00+00:00,22.465412,217.51268
2025-05-15 04:00:00+00:00,22.752028,216.96065
2025-05-15 05:00:00+00:00,25.068514,215.05951
2025-05-15 06:00:00+00:00,26.273218,211.8389
2025-05-15 07:00:00+00:00,25.603062,207.64589
2025-05-15 08:00:00+00:00,23.999475,204.83514
2025-05-15 09:00:00+00:00,21.900904,205.30135
2025-05-15 10:00:00+00:00,18.689688,208.78651
2025-05-15 11:00:00+00:00,17.077248,212.51749
2025-05-15 12:00:00+00:00,16.530626,215.24765
2025-05-15 13:00:00+00:00,16.165964,217.76314
2025-05-15 14:00:00+00:00,13.789691,215.97247
2025-05-15 15:00:00+00:00,14.677452,213.49521
2025-05-15 16:00:00+00:00,15.975444,213.51105
2025-05-15 17:00:00+00:00,16.974487,214.19565
2025-05-15 18:00:00+00:00,17.430283,215.33142
2025-05-15 19:00:00+00:00,17.283749,215.6765
2025-05-15 20:00:00+00:00,18.522516,214.30785
2025-05-15 21:00:00+00:00,21.423023,217.83282
2025-05-15 22:00:00+00:00,22.842985,220.84605
2025-05-15 23:00:00+00:00,23.334139,228.43996
2025-05-16 00:00:00+00:00,22.199188,228.94528
2025-05-16 01:00:00+00:00,21.010712,223.26433
2025-05-16 02:00:00+00:00,22.322903,217.794
2025-05-16 03:00:00+00:00,25.277023,215.7275
2025-05-16 04:00:00+00:00,27.328007,215.88873
2025-05-16 05:00:00+00:00,29.41995,215.53777
2025-05-16 06:00:00+00:00,30.358162,212.65356
2025-05-16 07:00:00+00:00,30.811037,210.15997
2025-05-16 08:00:00+00:00,29.204409,210.35803
2025-05-16 09:00:00+00:00,27.475807,211.60745
2025-05-16 10:00:00+00:00,24.117985,212.50397
2025-05-16 11:00:00+00:00,24.012972,213.6901
2025-05-16 12:00:00+00:00,23.565569,214.41843
2025-05-16 13:00:00+00:00,23.363974,213.6901
2025-05-16 14:00:00+00:00,20.473368,209.49486
2025-05-16 15:00:00+00:00,21.434364,209.14798
2025-05-16 16:00:00+00:00,22.689283,211.04164
2025-05-16 17:00:00+00:00,23.214417,213.93654
2025-05-16 18:00:00+00:00,23.623928,215.38551
2025-05-16 19:00:00+00:00,23.728615,215.73987
2025-05-16 20:00:00+00:00,23.670511,219.13612
2025-05-16 21:00:00+00:00,24.567856,225.89044
2025-05-16 22:00:00+00:00,23.923754,230.8016
2025-05-16 23:00:00+00:00,21.573734,229.39879
2025-05-17 00:00:00+00:00,19.72869,225.36961
2025-05-17 01:00:00+00:00,18.865683,217.63531
2025-05-17 02:00:00+00:00,22.117304,213.04341
2025-05-17 03:00:00+00:00,24.881702,211.39021
2025-05-17 04:00:00+00:00,27.228233,211.48338
2025-05-17 05:00:00+00:00,30.814192,212.11179
2025-05-17 06:00:00+00:00,33.851486,212.84505
2025-05-17 07:00:00+00:00,34.447784,213.2749
2025-05-17 08:00:00+00:00,32.9577,214.9921
2025-05-17 09:00:00+00:00,31.285326,216.34254
2025-05-17 10:00:00+00:00,29.00738,214.3804
2025-05-17 11:00:00+00:00,28.044207,216.64934
2025-05-17 12:00:00+00:00,27.408508,218.60107
2025-05-17 13:00:00+00:00,26.298487,220.55867
2025-05-17 14:00:00+00:00,21.733088,219.62326
2025-05-17 15:00:00+00:00,20.95203,216.96843
2025-05-17 16:00:00+00:00,21.134483,215.9916
2025-05-17 17:00:00+00:00,21.708477,217.25005
2025-05-17 18:00:00+00:00,22.26477,219.09386
2025-05-17 19:00:00+00:00,22.657131,224.35634
2025-05-17 20:00:00+00:00,24.063513,231.07245
2025-05-17 21:00:00+00:00,26.285547,231.95291
2025-05-17 22:00:00+00:00,26.669779,229.1052
2025-05-17 23:00:00+00:00,24.231236,228.61398
2025-05-18 00:00:00+00:00,21.768093,226.00499
2025-05-18 01:00:00+00:00,21.928255,217.99878
2025-05-18 02:00:00+00:00,26.01109,213.14023
2025-05-18 03:00:00+00:00,29.789322,210.90431
2025-05-18 04:00:00+00:00,31.994463,209.30498
2025-05-18 05:00:00+00:00,33.830902,208.61037
2025-05-18 06:00:00+00:00,35.684063,208.63342
2025-05-18 07:00:00+00:00,36.17955,211.15924
2025-05-18 08:00:00+00:00,35.9973,214.40529
2025-05-18 09:00:00+00:00,35.208298,217.10432
2025-05-18 10:00:00+00:00,33.510952,219.3327
2025-05-18 11:00:00+00:00,32.29232,220.70512
2025-05-18 12:00:00+00:00,30.98772,221.4676
2025-05-18 13:00:00+00:00,29.702183,221.80646
2025-05-18 14:00:00+00:00,24.913586,220.01752
2025-05-18 15:00:00+00:00,24.912935,217.36674
2025-05-18 16:00:00+00:00,25.864943,214.7961
2025-05-18 17:00:00+00:00,27.257967,213.6901
2025-05-18 18:00:00+00:00,28.117474,217.45685
2025-05-18 19:00:00+00:00,28.894903,224.24292
2025-05-18 20:00:00+00:00,29.734888,229.17308
2025-05-18 21:00:00+00:00,29.522745,230.19447
2025-05-18 22:00:00+00:00,28.79325,222.46638
2025-05-18 23:00:00+00:00,27.959743,214.50858
2025-05-19 00:00:00+00:00,27.455753,207.74095
2025-05-19 01:00:00+00:00,28.64772,202.53683
2025-05-19 02:00:00+00:00,30.421598,200.79419
2025-05-19 03:00:00+00:00,34.2497,203.87077
2025-05-19 04:00:00+00:00,35.82407,207.20871
2025-05-19 05:00:00+00:00,37.15202,209.29718
2025-05-19 06:00:00+00:00,38.559093,210.2756
2025-05-19 07:00:00+00:00,39.268063,211.50421
2025-05-19 08:00:00+00:00,38.540596,213.76431
2025-05-19 09:00:00+00:00,37.044155,216.70294
2025-05-19 10:00:00+00:00,33.9857,224.35634
2025-05-19 11:00:00+00:00,31.766304,228.90579
2025-05-19 12:00:00+00:00,29.601654,231.66661
2025-05-19 13:00:00+00:00,27.46991,232.45422
2025-05-19 14:00:00+00:00,21.733088,230.37674
2025-05-19 15:00:00+00:00,20.88,226.39711
2025-05-19 16:00:00+00:00,21.638964,224.32605
2025-05-19 17:00:00+00:00,22.783335,225.32005
2025-05-19 18:00:00+00:00,23.1774,226.88817
2025-05-19 19:00:00+00:00,23.78453,230.52757
2025-05-19 20:00:00+00:00,24.156242,232.87386
2025-05-19 21:00:00+00:00,23.437353,233.74606
2025-05-19 22:00:00+00:00,22.657845,231.12692
2025-05-19 23:00:00+00:00,23.25416,219.97588
2025-05-20 00:00:00+00:00,23.966375,212.73521
2025-05-20 01:00:00+00:00,24.788424,211.03503
2025-05-20 02:00:00+00:00,27.407917,213.48137
2025-05-20 03:00:00+00:00,29.096039,218.217
2025-05-20 04:00:00+00:00,28.04305,221.87778
2025-05-20 05:00:00+00:00,26.616274,223.08173
2025-05-20 06:00:00+00:00,25.853039,223.02507
2025-05-20 07:00:00+00:00,25.585972,224.14499
2025-05-20 08:00:00+00:00,24.44954,226.78989
2025-05-20 09:00:00+00:00,22.961115,228.81418
2025-05-20 10:00:00+00:00,21.280384,234.29321
2025-05-20 11:00:00+00:00,20.423456,235.04927
2025-05-20 12:00:00+00:00,19.67195,235.43741
2025-05-20 13:00:00+00:00,19.320465,236.0138
2025-05-20 14:00:00+00:00,15.804164,232.86899
2025-05-20 15:00:00+00:00,15.668273,227.32785
2025-05-20 16:00:00+00:00,17.085785,221.58331
2025-05-20 17:00:00+00:00,18.372349,221.0274
2025-05-20 18:00:00+00:00,20.031822,220.9921
2025-05-20 19:00:00+00:00,22.081387,220.70251
2025-05-20 20:00:00+00:00,24.037918,219.53087
2025-05-20 21:00:00+00:00,25.582806,219.28938
2025-05-20 22:00:00+00:00,27.587605,220.23628
2025-05-20 23:00:00+00:00,27.248455,223.39404
2025-05-21 00:00:00+00:00,26.224463,226.1123
2025-05-21 01:00:00+00:00,24.951921,226.16905
2025-05-21 02:00:00+00:00,26.361856,223.06322
2025-05-21 03:00:00+00:00,28.1169,219.80553
2025-05-21 04:00:00+00:00,29.052023,216.94098
2025-05-21 05:00:00+00:00,30.173496,215.77617
2025-05-21 06:00:00+00:00,31.178993,216.0761
2025-05-21 07:00:00+00:00,31.43204,217.78871
2025-05-21 08:00:00+00:00,29.854506,218.39009
2025-05-21 09:00:00+00:00,27.774298,218.94977
2025-05-21 10:00:00+00:00,24.798225,219.69904
2025-05-21 11:00:00+00:00,23.977188,221.34767
2025-05-21 12:00:00+00:00,23.292444,224.68694
2025-05-21 13:00:00+00:00,22.537409,226.61804
2025-05-21 14:00:00+00:00,18.582766,224.9999
2025-05-21 15:00:00+00:00,19.507383,221.63344
2025-05-21 16:00:00+00:00,21.319935,220.54874
2025-05-21 17:00:00+00:00,23.116512,220.26248
2025-05-21 18:00:00+00:00,24.75638,220.87231
2025-05-21 19:00:00+00:00,26.161995,220.81499
2025-05-21 20:00:00+00:00,26.28,221.112
2025-05-21 21:00:00+00:00,26.493652,222.79738
2025-05-21 22:00:00+00:00,26.224463,223.8877
2025-05-21 23:00:00+00:00,26.371687,227.4896
2025-05-22 00:00:00+00:00,25.113064,228.19601
2025-05-22 01:00:00+00:00,21.256008,224.65695
2025-05-22 02:00:00+00:00,21.710716,220.29207
2025-05-22 03:00:00+00:00,22.682856,215.9606
2025-05-22 04:00:00+00:00,24.079666,211.55133
2025-05-22 05:00:00+00:00,25.777735,211.58124
2025-05-22 06:00:00+00:00,26.785547,216.25392
2025-05-22 07:00:00+00:00,26.77224,221.72942
2025-05-22 08:00:00+00:00,25.837994,225.28223
2025-05-22 09:00:00+00:00,24.948025,224.41545
2025-05-22 10:00:00+00:00,23.25416,230.02412
2025-05-22 11:00:00+00:00,22.199188,228.94528
2025-05-22 12:00:00+00:00,21.3412,230.1326
2025-05-22 13:00:00+00:00,20.168034,229.34332
2025-05-22 14:00:00+00:00,16.800856,224.9999
2025-05-22 15:00:00+00:00,17.95043,223.7812
2025-05-22 16:00:00+00:00,20.750027,226.0543
2025-05-22 17:00:00+00:00,23.723152,228.69148
2025-05-22 18:00:00+00:00,25.636574,228.70064
2025-05-22 19:00:00+00:00,26.239285,227.22398
2025-05-22 20:00:00+00:00,26.347105,224.72322
2025-05-22 21:00:00+00:00,27.492311,224.9999
2025-05-22 22:00:00+00:00,28.65168,223.21806
2025-05-22 23:00:00+00:00,28.257132,224.4839
2025-05-23 00:00:00+00:00,26.415882,220.85529
2025-05-23 01:00:00+00:00,25.364037,214.59235
2025-05-23 02:00:00+00:00,26.57973,211.4295
2025-05-23 03:00:00+00:00,29.055367,213.887
2025-05-23 04:00:00+00:00,29.632286,217.84451
2025-05-23 05:00:00+00:00,29.556194,222.53185
2025-05-23 06:00:00+00:00,28.915081,227.27046
2025-05-23 07:00:00+00:00,27.75621,232.90707
2025-05-23 08:00:00+00:00,25.282791,238.68651
2025-05-23 09:00:00+00:00,22.38378,242.19862
2025-05-23 10:00:00+00:00,20.625517,237.83563
2025-05-23 11:00:00+00:00,18.39878,239.42085
2025-05-23 12:00:00+00:00,17.169018,240.47873
2025-05-23 13:00:00+00:00,15.683774,238.13406
2025-05-23 14:00:00+00:00,13.379461,227.72636
2025-05-23 15:00:00+00:00,15.951087,220.88171
2025-05-23 16:00:00+00:00,20.539728,221.09135
2025-05-23 17:00:00+00:00,25.20257,225.57864
2025-05-23 18:00:00+00:00,25.908121,229.22609
2025-05-23 19:00:00+00:00,23.980564,232.01181
2025-05-23 20:00:00+00:00,22.433662,231.84273
2025-05-23 21:00:00+00:00,21.744267,233.4146
2025-05-23 22:00:00+00:00,20.456745,241.63104
2025-05-23 23:00:00+00:00,21.619492,237.23611
2025-05-24 00:00:00+00:00,20.486023,233.93552
2025-05-24 01:00:00+00:00,17.856325,232.78348
2025-05-24 02:00:00+00:00,17.769016,230.3431
2025-05-24 03:00:00+00:00,18.11841,229.02835
2025-05-24 04:00:00+00:00,17.570988,232.07347
2025-05-24 05:00:00+00:00,15.435983,238.34877
2025-05-24 06:00:00+00:00,11.1090765,243.01984
2025-05-24 07:00:00+00:00,7.5685663,244.65387
2025-05-24 08:00:00+00:00,6.1437774,238.17259
2025-05-24 09:00:00+00:00,6.341009,235.40765
2025-05-24 10:00:00+00:00,9.109138,240.39565
2025-05-24 11:00:00+00:00,9.693296,248.19853
2025-05-24 12:00:00+00:00,8.027677,250.34608
2025-05-24 13:00:00+00:00,5.4744864,260.53775
2025-05-24 14:00:00+00:00,3.3092597,247.61981
2025-05-24 15:00:00+00:00,3.7971041,238.57048
2025-05-24 16:00:00+00:00,3.4576871,231.34016
2025-05-24 17:00:00+00:00,5.2416787,195.94547
2025-05-24 18:00:00+00:00,9.741642,196.09088
2025-05-24 19:00:00+00:00,12.039833,211.55133
2025-05-24 20:00:00+00:00,12.750811,228.43373
2025-05-24 21:00:00+00:00,10.028439,248.96242
2025-05-24 22:00:00+00:00,7.406295,115.94224
2025-05-24 23:00:00+00:00,8.244708,126.11943
2025-05-25 00:00:00+00:00,6.8423676,153.43501
2025-05-25 01:00:00+00:00,3.8141315,199.29015
2025-05-25 02:00:00+00:00,3.096837,324.46225
2025-05-25 03:00:00+00:00,9.340941,25.083572
2025-05-25 04:00:00+00:00,14.527683,56.113
2025-05-25 05:00:00+00:00,14.018059,77.391396
2025-05-25 06:00:00+00:00,11.334284,79.93938
2025-05-25 07:00:00+00:00,11.837652,61.876366
2025-05-25 08:00:00+00:00,13.920647,49.720215
2025-05-25 09:00:00+00:00,15.292585,42.13753
2025-05-25 10:00:00+00:00,17.032604,35.537766
2025-05-25 11:00:00+00:00,18.272436,34.159744
2025-05-25 12:00:00+00:00,19.523983,34.86227
2025-05-25 13:00:00+00:00,20.340796,36.36296
2025-05-25 14:00:00+00:00,17.47484,34.50859
2025-05-25 15:00:00+00:00,17.681278,35.469955
2025-05-25 16:00:00+00:00,18.880276,41.13445
2025-05-25 17:00:00+00:00,19.62743,47.973816
2025-05-25 18:00:00+00:00,19.54803,53.235535
2025-05-25 19:00:00+00:00,18.679283,57.99466
2025-05-25 20:00:00+00:00,19.080849,62.468105
2025-05-25 21:00:00+00:00,19.32382,62.24156
2025-05-25 22:00:00+00:00,18.244045,59.133266
2025-05-25 23:00:00+00:00,18.226276,55.054264
2025-05-26 00:00:00+00:00,18.832165,54.334908
2025-05-26 01:00:00+00:00,19.787722,58.76815
2025-05-26 02:00:00+00:00,22.666426,67.100105
2025-05-26 03:00:00+00:00,23.414532,73.93353
2025-05-26 04:00:00+00:00,20.870687,75.004875
2025-05-26 05:00:00+00:00,18.553974,67.16631
2025-05-26 06:00:00+00:00,15.833861,49.610725
2025-05-26 07:00:00+00:00,15.455911,26.266575
2025-05-26 08:00:00+00:00,18.466457,10.104982
2025-05-26 09:00:00+00:00,20.568888,8.555486
2025-05-26 10:00:00+00:00,20.155178,17.140432
2025-05-26 11:00:00+00:00,19.42416,20.618269
2025-05-26 12:00:00+00:00,18.519018,21.077572
2025-05-26 13:00:00+00:00,17.682194,22.126389
2025-05-26 14:00:00+00:00,14.30632,21.399887
2025-05-26 15:00:00+00:00,12.535549,21.037588
2025-05-26 16:00:00+00:00,11.91812,25.016869
2025-05-26 17:00:00+00:00,11.052058,30.32353
2025-05-26 18:00:00+00:00,10.296251,36.469334
2025-05-26 19:00:00+00:00,9.422101,46.54811
2025-05-26 20:00:00+00:00,9.582358,61.99092
2025-05-26 21:00:00+00:00,10.390226,75.96373
2025-05-26 22:00:00+00:00,11.701385,89.11862
2025-05-26 23:00:00+00:00,12.440851,93.31772
2025-05-27 00:00:00+00:00,12.273043,94.205284
2025-05-27 01:00:00+00:00,12.273043,94.205284
2025-05-27 02:00:00+00:00,13.775586,96.75348
2025-05-27 03:00:00+00:00,15.804164,104.5111
2025-05-27 04:00:00+00:00,14.345898,107.52566
2025-05-27 05:00:00+00:00,7.7588143,93.99084
2025-05-27 06:00:00+00:00,4.2481523,53.61555
2025-05-27 07:00:00+00:00,4.5572357,9.090207
2025-05-27 08:00:00+00:00,6.4624763,347.125
2025-05-27 09:00:00+00:00,8.2584505,343.53992
2025-05-27 10:00:00+00:00,8.581677,350.34018
2025-05-27 11:00:00+00:00,8.197414,351.15826
2025-05-27 12:00:00+00:00,7.8149853,345.32355
2025-05-27 13:00:00+00:00,8.36758,341.1752
2025-05-27 14:00:00+00:00,7.029225,346.67545
2025-05-27 15:00:00+00:00,7.519175,11.04091
2025-05-27 16:00:00+00:00,9.335737,33.996506
2025-05-27 17:00:00+00:00,9.867218,38.33339
2025-05-27 18:00:00+00:00,9.734988,3.179772
2025-05-27 19:00:00+00:00,11.367109,349.04596
2025-05-27 20:00:00+00:00,7.0934615,35.706783
2025-05-27 21:00:00+00:00,11.525623,91.78987
2025-05-27 22:00:00+00:00,11.384199,108.43504
2025-05-27 23:00:00+00:00,2.16,180.0
2025-05-28 00:00:00+00:00,10.196647,249.3255
2025-05-28 01:00:00+00:00,12.081473,241.5259
2025-05-28 02:00:00+00:00,12.7279215,241.2603
2025-05-28 03:00:00+00:00,11.903159,249.64668
2025-05-28 04:00:00+00:00,9.761578,264.71002
2025-05-28 05:00:00+00:00,7.3997297,274.18484
2025-05-28 06:00:00+00:00,6.0077944,261.38443
2025-05-28 07:00:00+00:00,5.5216303,250.9743
2025-05-28 08:00:00+00:00,4.0249224,259.69522
2025-05-28 09:00:00+00:00,3.8141315,289.29013
2025-05-28 10:00:00+00:00,2.4482648,323.97253
2025-05-28 11:00:00+00:00,6.015878,308.92755
2025-05-28 12:00:00+00:00,11.043261,340.9743
2025-05-28 13:00:00+00:00,11.5115595,9.90412
2025-05-28 14:00:00+00:00,10.436895,32.3196
2025-05-28 15:00:00+00:00,12.879752,63.435013
2025-05-28 16:00:00+00:00,13.943901,78.83517
2025-05-28 17:00:00+00:00,12.841963,95.63059
2025-05-28 18:00:00+00:00,12.503199,120.256355
2025-05-28 19:00:00+00:00,13.783817,139.23648
2025-05-28 20:00:00+00:00,16.144905,149.14587
2025-05-28 21:00:00+00:00,16.62444,160.38782
2025-05-28 22:00:00+00:00,21.881662,164.24876
2025-05-28 23:00:00+00:00,22.90531,176.39565
2025-05-29 00:00:00+00:00,21.511318,185.28114
2025-05-29 01:00:00+00:00,18.992344,194.82652
2025-05-29 02:00:00+00:00,20.933466,207.66667
2025-05-29 03:00:00+00:00,20.859041,219.0459
2025-05-29 04:00:00+00:00,20.778112,228.16045
2025-05-29 05:00:00+00:00,20.570463,237.14427
2025-05-29 06:00:00+00:00,19.0783,243.67676
2025-05-29 07:00:00+00:00,16.56489,250.97429
2025-05-29 08:00:00+00:00,13.971757,255.06853
2025-05-29 09:00:00+00:00,13.4903965,251.3232
2025-05-29 10:00:00+00:00,13.277364,254.26793
2025-05-29 11:00:00+00:00,13.277364,254.26793
2025-05-29 12:00:00+00:00,13.379461,252.78384
2025-05-29 13:00:00+00:00,17.174677,236.97612
2025-05-29 14:00:00+00:00,14.935662,220.60121
2025-05-29 15:00:00+00:00,12.936227,201.20929
2025-05-29 16:00:00+00:00,14.411245,189.3446
2025-05-29 17:00:00+00:00,15.905319,185.19434
2025-05-29 18:00:00+00:00,16.956345,189.16228
2025-05-29 19:00:00+00:00,17.208603,195.78082
2025-05-29 20:00:00+00:00,16.794106,199.40607
2025-05-29 21:00:00+00:00,17.71789,200.82863
2025-05-29 22:00:00+00:00,16.478603,173.72902
2025-05-29 23:00:00+00:00,17.134071,170.93358
2025-05-30 00:00:00+00:00,17.651016,168.23174
2025-05-30 01:00:00+00:00,19.134262,175.68405
2025-05-30 02:00:00+00:00,24.313328,187.23015
2025-05-30 03:00:00+00:00,26.32496,193.84624
2025-05-30 04:00:00+00:00,26.415268,197.44728
2025-05-30 05:00:00+00:00,25.221205,199.5989
2025-05-30 06:00:00+00:00,22.90248,203.13948
2025-05-30 07:00:00+00:00,20.448032,207.24165
2025-05-30 08:00:00+00:00,16.733225,211.80934
2025-05-30 09:00:00+00:00,12.744457,216.38445
2025-05-30 10:00:00+00:00,8.792405,202.89058
2025-05-30 11:00:00+00:00,8.534353,207.64589
2025-05-30 12:00:00+00:00,8.043805,220.46214
2025-05-30 13:00:00+00:00,8.574123,230.9645
2025-05-30 14:00:00+00:00,7.193247,238.29861
2025-05-30 15:00:00+00:00,7.2403865,235.1246
2025-05-30 16:00:00+00:00,8.790563,227.4896
2025-05-30 17:00:00+00:00,12.906138,219.90784
2025-05-30 18:00:00+00:00,18.96503,225.38449
2025-05-30 19:00:00+00:00,23.8702,232.35231
2025-05-30 20:00:00+00:00,26.099998,233.13002
2025-05-30 21:00:00+00:00,27.887802,230.76265
2025-05-30 22:00:00+00:00,26.984394,225.54044
2025-05-30 23:00:00+00:00,27.379532,223.13522
2025-05-31 00:00:00+00:00,27.863394,219.75813
2025-05-31 01:00:00+00:00,28.876396,215.86992
2025-05-31 02:00:00+00:00,32.25166,213.15793
2025-05-31 03:00:00+00:00,34.458603,212.19571
2025-05-31 04:00:00+00:00,34.05046,210.49619
2025-05-31 05:00:00+00:00,32.86861,208.8107
2025-05-31 06:00:00+00:00,31.245947,208.18889
2025-05-31 07:00:00+00:00,30.007679,210.25635
2025-05-31 08:00:00+00:00,29.204966,213.6901
2025-05-31 09:00:00+00:00,28.167557,218.77419
2025-05-31 10:00:00+00:00,24.31666,214.74887
2025-05-31 11:00:00+00:00,24.850431,218.53021
2025-05-31 12:00:00+00:00,25.537172,220.426
2025-05-31 13:00:00+00:00,25.836115,219.34557
2025-05-31 14:00:00+00:00,22.766264,213.06186
2025-05-31 15:00:00+00:00,24.321323,208.27194
2025-05-31 16:00:00+00:00,26.418333,208.48573
2025-05-31 17:00:00+00:00,31.524673,209.78537
2025-05-31 18:00:00+00:00,37.75025,214.90257
2025-05-31 19:00:00+00:00,37.699577,218.019
2025-05-31 20:00:00+00:00,34.818718,215.74435
2025-05-31 21:00:00+00:00,33.7988,213.26694
2025-05-31 22:00:00+00:00,32.855305,208.10933
2025-05-31 23:00:00+00:00,31.877792,206.85434
2025-06-01 00:00:00+00:00,28.588282,204.95148
2025-06-01 01:00:00+00:00,29.222708,205.93365
2025-06-01 02:00:00+00:00,31.331377,208.47902
2025-06-01 03:00:00+00:00,30.966803,211.93474
2025-06-01 04:00:00+00:00,28.730726,216.08025
2025-06-01 05:00:00+00:00,25.63847,218.15727
2025-06-01 06:00:00+00:00,23.192076,218.38205
2025-06-01 07:00:00+00:00,21.281145,218.13005
2025-06-01 08:00:00+00:00,19.95972,219.14398
2025-06-01 09:00:00+00:00,18.947083,218.82983
2025-06-01 10:00:00+00:00,13.767352,221.82008
2025-06-01 11:00:00+00:00,12.652604,219.80553
2025-06-01 12:00:00+00:00,12.061343,217.72505
2025-06-01 13:00:00+00:00,12.413477,209.53868
2025-06-01 14:00:00+00:00,12.810386,199.70807
2025-06-01 15:00:00+00:00,12.93247,188.80672
2025-06-01 16:00:00+00:00,14.113653,185.85593
2025-06-01 17:00:00+00:00,15.367616,185.37662
2025-06-01 18:00:00+00:00,16.85669,186.74548
2025-06-01 19:00:00+00:00,21.299408,200.27277
2025-06-01 20:00:00+00:00,30.154163,213.31064
2025-06-01 21:00:00+00:00,31.178993,216.0761
2025-06-01 22:00:00+00:00,30.407217,214.63087
2025-06-01 23:00:00+00:00,30.156849,214.54381
2025-06-02 00:00:00+00:00,28.525314,211.58377
2025-06-02 01:00:00+00:00,28.917883,208.63882
2025-06-02 02:00:00+00:00,31.592436,209.33987
2025-06-02 03:00:00+00:00,31.705046,210.35
2025-06-02 04:00:00+00:00,30.931732,211.19241
2025-06-02 05:00:00+00:00,29.975807,211.49475
2025-06-02 06:00:00+00:00,28.467327,212.08215
2025-06-02 07:00:00+00:00,25.560635,213.80202
2025-06-02 08:00:00+00:00,21.134483,215.9916
2025-06-02 09:00:00+00:00,17.47484,214.50858
2025-06-02 10:00:00+00:00,16.412603,201.21805
2025-06-02 11:00:00+00:00,17.33429,195.04645
2025-06-02 12:00:00+00:00,16.851885,193.59097
2025-06-02 13:00:00+00:00,17.163355,189.65982
2025-06-02 14:00:00+00:00,15.338071,175.96237
2025-06-02 15:00:00+00:00,16.963984,160.79593
2025-06-02 16:00:00+00:00,18.955631,157.08714
2025-06-02 17:00:00+00:00,19.98,161.07526
2025-06-02 18:00:00+00:00,21.611998,178.0909
2025-06-02 19:00:00+00:00,26.16509,207.44637
2025-06-02 20:00:00+00:00,30.456188,217.07317
2025-06-02 21:00:00+00:00,32.219498,219.55963
2025-06-02 22:00:00+00:00,30.555498,214.43904
2025-06-02 23:00:00+00:00,30.566095,212.00534
2025-06-03 00:00:00+00:00,30.45566,208.98872
2025-06-03 01:00:00+00:00,32.280277,206.85074
2025-06-03 02:00:00+00:00,35.90673,207.46414
2025-06-03 03:00:00+00:00,36.878918,207.9408
2025-06-03 04:00:00+00:00,36.402744,208.33904
2025-06-03 05:00:00+00:00,34.708275,208.15979
2025-06-03 06:00:00+00:00,32.86861,208.8107
2025-06-03 07:00:00+00:00,31.368582,209.94868
2025-06-03 08:00:00+00:00,29.861017,212.44469
2025-06-03 09:00:00+00:00,28.26917,215.41052
2025-06-03 10:00:00+00:00,24.408424,217.208
2025-06-03 11:00:00+00:00,22.771244,219.22566
2025-06-03 12:00:00+00:00,22.199188,221.05472
2025-06-03 13:00:00+00:00,21.809732,221.31927
2025-06-03 14:00:00+00:00,18.414625,219.447
2025-06-03 15:00:00+00:00,17.604149,217.10432
2025-06-03 16:00:00+00:00,19.06046,219.25133
2025-06-03 17:00:00+00:00,20.371038,223.56796
2025-06-03 18:00:00+00:00,21.265156,223.28511
2025-06-03 19:00:00+00:00,21.555704,221.27585
2025-06-03 20:00:00+00:00,21.67487,221.63345
2025-06-03 21:00:00+00:00,22.081387,220.70251
2025-06-03 22:00:00+00:00,20.634155,218.26956
2025-06-03 23:00:00+00:00,21.068459,213.147
2025-06-04 00:00:00+00:00,21.768095,209.7448
2025-06-04 01:00:00+00:00,21.493237,206.3504
2025-06-04 02:00:00+00:00,25.644157,203.14581
2025-06-04 03:00:00+00:00,26.807312,202.08722
2025-06-04 04:00:00+00:00,25.952478,203.7204
2025-06-04 05:00:00+00:00,24.874542,206.19415
2025-06-04 06:00:00+00:00,24.236582,207.89719
2025-06-04 07:00:00+00:00,25.772078,208.35487
2025-06-04 08:00:00+00:00,27.41678,209.93143
2025-06-04 09:00:00+00:00,27.459883,212.96089
2025-06-04 10:00:00+00:00,22.50576,210.25635
2025-06-04 11:00:00+00:00,21.46835,213.02386
2025-06-04 12:00:00+00:00,20.08916,216.25392
2025-06-04 13:00:00+00:00,19.523983,214.86227
2025-06-04 14:00:00+00:00,14.813683,207.49905
2025-06-04 15:00:00+00:00,13.776763,197.48808
2025-06-04 16:00:00+00:00,14.935662,192.5288
2025-06-04 17:00:00+00:00,16.851885,193.59097
2025-06-04 18:00:00+00:00,18.519016,195.79247
2025-06-04 19:00:00+00:00,20.53105,205.44171
2025-06-04 20:00:00+00:00,22.885498,219.57474
2025-06-04 21:00:00+00:00,24.581041,227.07718
2025-06-04 22:00:00+00:00,25.354454,227.58955
2025-06-04 23:00:00+00:00,23.623928,220.36446
2025-06-05 00:00:00+00:00,22.166325,214.07724
2025-06-05 01:00:00+00:00,20.12461,206.56499
2025-06-05 02:00:00+00:00,24.300665,202.19551
2025-06-05 03:00:00+00:00,25.976189,200.69553
2025-06-05 04:00:00+00:00,26.589478,199.78436
2025-06-05 05:00:00+00:00,27.158533,199.75609
2025-06-05 06:00:00+00:00,27.475807,201.52266
2025-06-05 07:00:00+00:00,27.306065,204.53772
2025-06-05 08:00:00+00:00,26.260265,208.67305
2025-06-05 09:00:00+00:00,25.071098,212.09256
2025-06-05 10:00:00+00:00,21.096123,216.67444
2025-06-05 11:00:00+00:00,19.681828,219.80553
2025-06-05 12:00:00+00:00,18.459436,223.81482
2025-06-05 13:00:00+00:00,17.31746,226.68465
2025-06-05 14:00:00+00:00,13.493999,223.91916
2025-06-05 15:00:00+00:00,12.232057,212.98853
2025-06-05 16:00:00+00:00,14.092978,208.20154
2025-06-05 17:00:00+00:00,17.325876,212.69945
2025-06-05 18:00:00+00:00,20.49314,218.58124
2025-06-05 19:00:00+00:00,22.537409,223.38196
2025-06-05 20:00:00+00:00,23.962318,228.04486
2025-06-05 21:00:00+00:00,24.880402,232.05225
2025-06-05 22:00:00+00:00,24.31666,235.25113
2025-06-05 23:00:00+00:00,24.091774,231.67442
2025-06-06 00:00:00+00:00,23.546999,225.30968
2025-06-06 01:00:00+00:00,22.862833,220.2098
2025-06-06 02:00:00+00:00,25.7041,217.03047
2025-06-06 03:00:00+00:00,27.288855,216.41647
2025-06-06 04:00:00+00:00,28.58545,216.29272
2025-06-06 05:00:00+00:00,29.59235,216.59119
2025-06-06 06:00:00+00:00,29.44802,216.79994
2025-06-06 07:00:00+00:00,28.280628,219.05847
2025-06-06 08:00:00+00:00,26.626009,222.5342
2025-06-06 09:00:00+00:00,24.958414,226.75337
2025-06-06 10:00:00+00:00,19.935354,230.12823
2025-06-06 11:00:00+00:00,18.47698,234.91644
2025-06-06 12:00:00+00:00,17.885334,241.11351
2025-06-06 13:00:00+00:00,16.997377,245.60628
2025-06-06 14:00:00+00:00,12.570394,240.8658
2025-06-06 15:00:00+00:00,12.097553,226.80872
2025-06-06 16:00:00+00:00,15.096411,219.19325
2025-06-06 17:00:00+00:00,21.510565,224.661
2025-06-06 18:00:00+00:00,26.964577,230.14551
2025-06-06 19:00:00+00:00,28.337852,231.96536
2025-06-06 20:00:00+00:00,28.255413,230.42813
2025-06-06 21:00:00+00:00,27.521757,227.65074
2025-06-06 22:00:00+00:00,25.583439,224.71497
2025-06-06 23:00:00+00:00,24.72495,222.04915
2025-06-07 00:00:00+00:00,24.11261,221.06511
2025-06-07 01:00:00+00:00,23.024525,219.2894
2025-06-07 02:00:00+00:00,25.35637,218.65984
2025-06-07 03:00:00+00:00,26.089443,219.40063
2025-06-07 04:00:00+00:00,25.950605,219.65288
2025-06-07 05:00:00+00:00,25.928123,220.21294
2025-06-07 06:00:00+00:00,25.790926,220.4711
2025-06-07 07:00:00+00:00,25.67446,220.16553
2025-06-07 08:00:00+00:00,25.264202,220.95541
2025-06-07 09:00:00+00:00,24.693481,224.40942
2025-06-07 10:00:00+00:00,22.433662,231.84273
2025-06-07 11:00:00+00:00,21.816416,236.44101
2025-06-07 12:00:00+00:00,21.27734,240.61594
2025-06-07 13:00:00+00:00,20.63023,240.75127
2025-06-07 14:00:00+00:00,17.065859,232.28395
2025-06-07 15:00:00+00:00,19.09358,224.23619
2025-06-07 16:00:00+00:00,24.072266,222.87889
2025-06-07 17:00:00+00:00,28.638107,225.25464
2025-06-07 18:00:00+00:00,30.05515,226.94147
2025-06-07 19:00:00+00:00,30.186916,227.17476
2025-06-07 20:00:00+00:00,30.038975,224.51451
2025-06-07 21:00:00+00:00,30.344818,221.63344
2025-06-07 22:00:00+00:00,30.472675,218.76553
2025-06-07 23:00:00+00:00,29.914679,219.62897
2025-06-08 00:00:00+00:00,28.955395,221.21933
2025-06-08 01:00:00+00:00,26.383972,221.95807
2025-06-08 02:00:00+00:00,29.678175,222.78793
2025-06-08 03:00:00+00:00,30.167591,224.27486
2025-06-08 04:00:00+00:00,29.274221,224.9999
2025-06-08 05:00:00+00:00,28.257132,224.4839
2025-06-08 06:00:00+00:00,27.37243,223.66785
2025-06-08 07:00:00+00:00,26.478971,223.89838
2025-06-08 08:00:00+00:00,25.076914,225.87236
2025-06-08 09:00:00+00:00,23.962318,228.04486
2025-06-08 10:00:00+00:00,21.392754,231.49074
2025-06-08 11:00:00+00:00,21.170479,232.25313
2025-06-08 12:00:00+00:00,20.592503,233.53067
2025-06-08 13:00:00+00:00,19.8376,233.85786
2025-06-08 14:00:00+00:00,16.478603,229.87396
2025-06-08 15:00:00+00:00,17.69593,226.23633
2025-06-08 16:00:00+00:00,21.142147,227.07004
2025-06-08 17:00:00+00:00,25.305208,230.19447
2025-06-08 18:00:00+00:00,28.36985,232.47566
2025-06-08 19:00:00+00:00,29.160553,232.77635
2025-06-08 20:00:00+00:00,29.154442,230.5115
2025-06-08 21:00:00+00:00,29.678175,227.21207
2025-06-08 22:00:00+00:00,31.05717,224.53043
2025-06-08 23:00:00+00:00,30.426388,223.8016
2025-06-09 00:00:00+00:00,28.894903,225.75708
2025-06-09 01:00:00+00:00,26.626009,227.46579
2025-06-09 02:00:00+00:00,29.301876,227.4896
2025-06-09 03:00:00+00:00,30.186916,227.17476
2025-06-09 04:00:00+00:00,29.800737,226.95805
2025-06-09 05:00:00+00:00,28.769608,226.01389
2025-06-09 06:00:00+00:00,28.135906,226.29599
2025-06-09 07:00:00+00:00,27.669107,228.42847
2025-06-09 08:00:00+00:00,26.964577,230.14551
2025-06-09 09:00:00+00:00,26.228785,230.84892
2025-06-09 10:00:00+00:00,22.678572,227.57341
2025-06-09 11:00:00+00:00,22.678572,227.57341
2025-06-09 12:00:00+00:00,22.825958,228.51665
2025-06-09 13:00:00+00:00,23.000591,230.07967
2025-06-09 14:00:00+00:00,20.304926,229.67424
2025-06-09 15:00:00+00:00,20.859041,230.9541
2025-06-09 16:00:00+00:00,22.789022,233.67308
2025-06-09 17:00:00+00:00,24.911634,236.19507
2025-06-09 18:00:00+00:00,26.411587,235.55174
2025-06-09 19:00:00+00:00,26.856216,232.8996
2025-06-09 20:00:00+00:00,27.471678,230.05028
2025-06-09 21:00:00+00:00,29.463423,228.7154
2025-06-09 22:00:00+00:00,29.793125,226.46873
2025-06-09 23:00:00+00:00,29.153887,223.74928
2025-06-10 00:00:00+00:00,28.094995,220.32251
2025-06-10 01:00:00+00:00,25.891233,218.22438
2025-06-10 02:00:00+00:00,28.814058,218.65984
2025-06-10 03:00:00+00:00,29.776264,219.84987
2025-06-10 04:00:00+00:00,29.826273,218.87582
2025-06-10 05:00:00+00:00,30.027107,217.6943
2025-06-10 06:00:00+00:00,29.490349,218.05907
2025-06-10 07:00:00+00:00,29.384687,220.0302
2025-06-10 08:00:00+00:00,28.906116,223.23376
2025-06-10 09:00:00+00:00,27.876764,225.78473
2025-06-10 10:00:00+00:00,25.074327,225.29082
2025-06-10 11:00:00+00:00,24.567856,225.89044
2025-06-10 12:00:00+00:00,24.313328,225.89977
2025-06-10 13:00:00+00:00,24.056108,224.69687
2025-06-10 14:00:00+00:00,21.396542,222.95459
2025-06-10 15:00:00+00:00,22.0285,223.34456
2025-06-10 16:00:00+00:00,23.546999,225.30968
2025-06-10 17:00:00+00:00,24.858906,228.22874
2025-06-10 18:00:00+00:00,25.518135,229.00427
2025-06-10 19:00:00+00:00,26.504654,227.75255
2025-06-10 20:00:00+00:00,28.701393,228.81418
2025-06-10 21:00:00+00:00,29.500786,229.70213
2025-06-10 22:00:00+00:00,27.746868,224.9999
2025-06-10 23:00:00+00:00,25.790926,220.4711
2025-06-11 00:00:00+00:00,24.444239,216.61684
2025-06-11 01:00:00+00:00,23.11441,213.56635
2025-06-11 02:00:00+00:00,27.108381,213.90114
2025-06-11 03:00:00+00:00,28.210081,214.60274
2025-06-11 04:00:00+00:00,27.62047,215.45096
2025-06-11 05:00:00+00:00,26.971785,215.49332
2025-06-11 06:00:00+00:00,25.52829,215.81955
2025-06-11 07:00:00+00:00,24.71512,214.61604
2025-06-11 08:00:00+00:00,23.918335,214.88612
2025-06-11 09:00:00+00:00,23.12212,215.1748
2025-06-11 10:00:00+00:00,22.034382,216.02747
2025-06-11 11:00:00+00:00,21.675617,217.91676
2025-06-11 12:00:00+00:00,21.112242,219.11755
2025-06-11 13:00:00+00:00,20.327251,219.61064
2025-06-11 14:00:00+00:00,17.00881,219.41737
2025-06-11 15:00:00+00:00,15.882896,218.55843
2025-06-11 16:00:00+00:00,16.199999,216.86998
2025-06-11 17:00:00+00:00,17.352036,216.98885
2025-06-11 18:00:00+00:00,18.668005,219.5226
2025-06-11 19:00:00+00:00,19.99297,223.17593
2025-06-11 20:00:00+00:00,20.619234,224.9999
2025-06-11 21:00:00+00:00,21.76512,224.66496
2025-06-11 22:00:00+00:00,22.825958,221.48335
2025-06-11 23:00:00+00:00,22.378714,219.4515
2025-06-12 00:00:00+00:00,21.85203,216.96437
2025-06-12 01:00:00+00:00,20.917982,213.4166
2025-06-12 02:00:00+00:00,23.566256,212.8404
2025-06-12 03:00:00+00:00,23.11441,213.56635
2025-06-12 04:00:00+00:00,21.22016,214.63374
2025-06-12 05:00:00+00:00,18.72173,213.23172
2025-06-12 06:00:00+00:00,15.874734,209.18071
2025-06-12 07:00:00+00:00,14.039999,202.6199
2025-06-12 08:00:00+00:00,13.403656,194.78278
2025-06-12 09:00:00+00:00,13.1412325,193.46523
2025-06-12 10:00:00+00:00,11.566313,200.97357
2025-06-12 11:00:00+00:00,10.711135,204.84236
2025-06-12 12:00:00+00:00,10.248941,210.61853
2025-06-12 13:00:00+00:00,10.1887,212.00534
2025-06-12 14:00:00+00:00,9.387651,212.47118
2025-06-12 15:00:00+00:00,10.1456785,205.2011
2025-06-12 16:00:00+00:00,11.726277,197.87878
2025-06-12 17:00:00+00:00,13.036026,197.68448
2025-06-12 18:00:00+00:00,14.4415655,202.72977
2025-06-12 19:00:00+00:00,16.375053,213.34073
2025-06-12 20:00:00+00:00,18.713942,223.83095
2025-06-12 21:00:00+00:00,19.61587,227.23119
2025-06-12 22:00:00+00:00,19.983242,224.6351
2025-06-12 23:00:00+00:00,19.73854,226.8476
2025-06-13 00:00:00+00:00,19.134262,228.81418
2025-06-13 01:00:00+00:00,17.123669,230.11737
2025-06-13 02:00:00+00:00,17.823637,231.97272
2025-06-13 03:00:00+00:00,17.49337,229.59062
2025-06-13 04:00:00+00:00,16.697365,221.94122
2025-06-13 05:00:00+00:00,15.233148,215.38036
2025-06-13 06:00:00+00:00,12.601285,201.80147
2025-06-13 07:00:00+00:00,11.881363,180.86803
2025-06-13 08:00:00+00:00,13.200273,174.52272
2025-06-13 09:00:00+00:00,14.589996,177.87895
2025-06-13 10:00:00+00:00,12.601285,179.18156
2025-06-13 11:00:00+00:00,13.671707,189.0902
2025-06-13 12:00:00+00:00,14.539945,195.06854
2025-06-13 13:00:00+00:00,15.141414,198.00426
2025-06-13 14:00:00+00:00,14.230248,198.43504
2025-06-13 15:00:00+00:00,14.288191,199.11981
2025-06-13 16:00:00+00:00,15.743571,202.1664
2025-06-13 17:00:00+00:00,17.349236,210.55588
2025-06-13 18:00:00+00:00,18.921415,219.59618
2025-06-13 19:00:00+00:00,20.11656,226.45015
2025-06-13 20:00:00+00:00,21.281145,231.86995
2025-06-13 21:00:00+00:00,22.366402,236.82147
2025-06-13 22:00:00+00:00,23.264608,236.67877
2025-06-13 23:00:00+00:00,23.018898,235.19144
2025-06-14 00:00:00+00:00,20.883102,234.11777
2025-06-14 01:00:00+00:00,18.921415,235.85637
2025-06-14 02:00:00+00:00,19.8376,233.85786
2025-06-14 03:00:00+00:00,19.72869,238.05006
2025-06-14 04:00:00+00:00,20.423456,235.04927
2025-06-14 05:00:00+00:00,20.793701,221.13916
2025-06-14 06:00:00+00:00,22.381609,211.51689
2025-06-14 07:00:00+00:00,21.495497,207.42326
2025-06-14 08:00:00+00:00,19.424158,209.41551
2025-06-14 09:00:00+00:00,15.1884165,211.42952
2025-06-14 10:00:00+00:00,15.367616,185.37662
2025-06-14 11:00:00+00:00,16.38099,179.37042
2025-06-14 12:00:00+00:00,15.009236,185.50539
2025-06-14 13:00:00+00:00,13.644427,188.34381
2025-06-14 14:00:00+00:00,10.6261,178.05856
2025-06-14 15:00:00+00:00,10.765445,159.44388
2025-06-14 16:00:00+00:00,12.74954,149.4525
2025-06-14 17:00:00+00:00,13.584932,147.99466
2025-06-14 18:00:00+00:00,14.49531,155.02612
2025-06-14 19:00:00+00:00,14.861722,163.10127
2025-06-14 20:00:00+00:00,15.299999,171.20267
2025-06-14 21:00:00+00:00,15.849201,178.04753
2025-06-14 22:00:00+00:00,17.48596,200.48709
2025-06-14 23:00:00+00:00,25.0064,202.8737
2025-06-15 00:00:00+00:00,25.861183,204.24593
2025-06-15 01:00:00+00:00,23.130526,209.35765
2025-06-15 02:00:00+00:00,20.972897,219.42778
2025-06-15 03:00:00+00:00,22.152435,226.31683
2025-06-15 04:00:00+00:00,22.52878,224.67633
2025-06-15 05:00:00+00:00,23.334139,221.56003
2025-06-15 06:00:00+00:00,22.922983,223.09087
2025-06-15 07:00:00+00:00,20.592503,233.53067
2025-06-15 08:00:00+00:00,16.327497,255.96373
2025-06-15 09:00:00+00:00,14.978986,290.39496
2025-06-15 10:00:00+00:00,23.520151,305.028
2025-06-15 11:00:00+00:00,20.883102,324.11777
2025-06-15 12:00:00+00:00,15.034041,343.3007
2025-06-15 13:00:00+00:00,9.743305,11.725089
2025-06-15 14:00:00+00:00,6.7565966,48.2398
2025-06-15 15:00:00+00:00,6.725354,105.52418
2025-06-15 16:00:00+00:00,11.1090765,130.39983
2025-06-15 17:00:00+00:00,13.447095,117.93705
2025-06-15 18:00:00+00:00,17.762634,109.53674
2025-06-15 19:00:00+00:00,17.886242,110.62361
2025-06-15 20:00:00+00:00,19.689238,112.57961
2025-06-15 21:00:00+00:00,20.056877,111.03758
2025-06-15 22:00:00+00:00,22.327255,106.38962
2025-06-15 23:00:00+00:00,22.505037,97.35229
2025-06-16 00:00:00+00:00,21.80676,92.83873
2025-06-16 01:00:00+00:00,21.618742,92.385895
2025-06-16 02:00:00+00:00,19.85719,98.86454
2025-06-16 03:00:00+00:00,17.381887,105.61945
2025-06-16 04:00:00+00:00,12.399113,117.68098
2025-06-16 05:00:00+00:00,10.703569,109.653915
2025-06-16 06:00:00+00:00,12.991212,93.97242
2025-06-16 07:00:00+00:00,15.172407,85.23644
2025-06-16 08:00:00+00:00,19.656296,69.075424
2025-06-16 09:00:00+00:00,22.517992,55.420647
2025-06-16 10:00:00+00:00,20.75627,46.75695
2025-06-16 11:00:00+00:00,21.252197,51.18861
2025-06-16 12:00:00+00:00,21.505291,61.504463
2025-06-16 13:00:00+00:00,21.23771,70.18276
2025-06-16 14:00:00+00:00,20.192118,78.6901
2025-06-16 15:00:00+00:00,17.616106,82.36677
2025-06-16 16:00:00+00:00,13.934604,84.06857
2025-06-16 17:00:00+00:00,10.805999,91.90912
2025-06-16 18:00:00+00:00,8.880405,107.700516
2025-06-16 19:00:00+00:00,8.6193495,118.70586
2025-06-16 20:00:00+00:00,8.536252,114.94388
2025-06-16 21:00:00+00:00,8.2584505,106.4601
2025-06-16 22:00:00+00:00,4.0249224,79.69521
2025-06-16 23:00:00+00:00,4.6938252,85.60138
2025-06-17 00:00:00+00:00,5.9399996,90.0
2025-06-17 01:00:00+00:00,7.5599995,90.0
2025-06-17 02:00:00+00:00,9.801326,97.38595
2025-06-17 03:00:00+00:00,9.375563,93.301796
2025-06-17 04:00:00+00:00,9.278297,71.916466
2025-06-17 05:00:00+00:00,11.384198,55.304783
2025-06-17 06:00:00+00:00,14.31198,50.102226
2025-06-17 07:00:00+00:00,16.697365,48.058784
2025-06-17 08:00:00+00:00,18.899143,49.635548
2025-06-17 09:00:00+00:00,20.276182,54.75789
2025-06-17 10:00:00+00:00,19.8,53.13002
2025-06-17 11:00:00+00:00,19.77462,55.0079
2025-06-17 12:00:00+00:00,18.532133,65.92451
2025-06-17 13:00:00+00:00,17.373497,84.05324
2025-06-17 14:00:00+00:00,16.521805,97.512054
2025-06-17 15:00:00+00:00,16.986889,105.36168
2025-06-17 16:00:00+00:00,15.410776,112.67139
2025-06-17 17:00:00+00:00,13.217443,119.357666
2025-06-17 18:00:00+00:00,12.503199,120.256355
2025-06-17 19:00:00+00:00,11.7,126.86999
2025-06-17 20:00:00+00:00,11.079873,136.97493
2025-06-17 21:00:00+00:00,9.387651,147.52882
2025-06-17 22:00:00+00:00,3.6447225,147.09476
2025-06-17 23:00:00+00:00,1.835647,168.69011
2025-06-18 00:00:00+00:00,1.484318,194.03627
2025-06-18 01:00:00+00:00,0.8049845,206.56499
2025-06-18 02:00:00+00:00,2.1674871,228.36655
2025-06-18 03:00:00+00:00,5.4744864,260.53775
2025-06-18 04:00:00+00:00,6.8423676,296.56497
2025-06-18 05:00:00+00:00,8.197414,340.76923
2025-06-18 06:00:00+00:00,11.165805,1.8475709
2025-06-18 07:00:00+00:00,12.93247,8.806714
2025-06-18 08:00:00+00:00,13.627795,12.200457
2025-06-18 09:00:00+00:00,13.767352,11.3098955
2025-06-18 10:00:00+00:00,15.890034,4.547968
2025-06-18 11:00:00+00:00,15.941944,6.482988
2025-06-18 12:00:00+00:00,14.935662,12.528798
2025-06-18 13:00:00+00:00,13.202726,25.866312
2025-06-18 14:00:00+00:00,11.052058,59.676483
2025-06-18 15:00:00+00:00,11.968308,102.15492
2025-06-18 16:00:00+00:00,14.681866,130.52502
2025-06-18 17:00:00+00:00,16.62444,146.48196
2025-06-18 18:00:00+00:00,18.561832,160.15921
2025-06-18 19:00:00+00:00,20.06334,170.70677
2025-06-18 20:00:00+00:00,21.67487,184.76355
2025-06-18 21:00:00+00:00,20.933466,205.4633
2025-06-18 22:00:00+00:00,20.917982,232.34116
2025-06-18 23:00:00+00:00,19.95972,230.85602
2025-06-19 00:00:00+00:00,19.986485,223.9054
2025-06-19 01:00:00+00:00,21.019962,222.57068
2025-06-19 02:00:00+00:00,24.058804,224.09071
2025-06-19 03:00:00+00:00,24.565218,224.70316
2025-06-19 04:00:00+00:00,24.310665,224.70004
2025-06-19 05:00:00+00:00,23.03789,224.68347
2025-06-19 06:00:00+00:00,21.129883,225.69019
2025-06-19 07:00:00+00:00,19.09358,225.76381
2025-06-19 08:00:00+00:00,16.940096,222.84703
2025-06-19 09:00:00+00:00,14.957339,219.62897
2025-06-19 10:00:00+00:00,12.841963,211.23915
2025-06-19 11:00:00+00:00,13.527572,205.2011
2025-06-19 12:00:00+00:00,16.38,202.6199
2025-06-19 13:00:00+00:00,19.72212,206.56499
2025-06-19 14:00:00+00:00,22.998478,210.57915
2025-06-19 15:00:00+00:00,26.36616,214.9921
2025-06-19 16:00:00+00:00,29.826273,218.87582
2025-06-19 17:00:00+00:00,34.20568,220.73201
2025-06-19 18:00:00+00:00,37.017033,220.66164
2025-06-19 19:00:00+00:00,36.783474,220.23628
2025-06-19 20:00:00+00:00,37.03716,220.269
2025-06-19 21:00:00+00:00,36.322556,219.3693
2025-06-19 22:00:00+00:00,33.84766,218.08882
2025-06-19 23:00:00+00:00,31.721907,215.76453
2025-06-20 00:00:00+00:00,29.957968,212.73521
2025-06-20 01:00:00+00:00,29.63502,211.08305
2025-06-20 02:00:00+00:00,30.931732,211.19241
2025-06-20 03:00:00+00:00,31.158722,212.49657
2025-06-20 04:00:00+00:00,30.60688,212.75546
2025-06-20 05:00:00+00:00,29.69727,210.60632
2025-06-20 06:00:00+00:00,28.220419,209.83545
2025-06-20 07:00:00+00:00,26.367388,209.89034
2025-06-20 08:00:00+00:00,23.95691,210.22536
2025-06-20 09:00:00+00:00,22.040997,210.96368
2025-06-20 10:00:00+00:00,16.22498,220.04967
2025-06-20 11:00:00+00:00,14.387619,223.47928
2025-06-20 12:00:00+00:00,16.383955,215.61093
2025-06-20 13:00:00+00:00,18.03237,206.05344
2025-06-20 14:00:00+00:00,14.747921,199.9832
2025-06-20 15:00:00+00:00,15.956163,191.05637
2025-06-20 16:00:00+00:00,21.869074,188.99707
2025-06-20 17:00:00+00:00,23.885803,195.29305
2025-06-20 18:00:00+00:00,26.523596,209.69656
2025-06-20 19:00:00+00:00,31.85644,222.25185
2025-06-20 20:00:00+00:00,34.366333,225.42436
2025-06-20 21:00:00+00:00,33.864883,226.29208
2025-06-20 22:00:00+00:00,30.973078,228.06236
2025-06-20 23:00:00+00:00,28.515089,226.02293
2025-06-21 00:00:00+00:00,26.224463,223.8877
2025-06-21 01:00:00+00:00,25.100157,222.38419
2025-06-21 02:00:00+00:00,25.420818,220.11717
2025-06-21 03:00:00+00:00,25.092413,216.54118
2025-06-21 04:00:00+00:00,24.26998,212.27562
2025-06-21 05:00:00+00:00,23.85051,204.0503
2025-06-21 06:00:00+00:00,23.964348,198.84332
2025-06-21 07:00:00+00:00,24.932436,192.93262
2025-06-21 08:00:00+00:00,26.6327,189.33493
2025-06-21 09:00:00+00:00,28.690102,187.5708
2025-06-21 10:00:00+00:00,25.630886,190.52074
2025-06-21 11:00:00+00:00,24.142153,194.2435
2025-06-21 12:00:00+00:00,24.993439,191.6336
2025-06-21 13:00:00+00:00,23.83896,194.87573
2025-06-21 14:00:00+00:00,23.763409,190.03305
2025-06-21 15:00:00+00:00,24.313328,187.23015
2025-06-21 16:00:00+00:00,24.890165,190.41597
2025-06-21 17:00:00+00:00,23.376448,186.63242
2025-06-21 18:00:00+00:00,23.763409,190.03305
2025-06-21 19:00:00+00:00,24.310663,197.22757
2025-06-21 20:00:00+00:00,25.140787,209.1342
2025-06-21 21:00:00+00:00,24.823036,219.114
2025-06-21 22:00:00+00:00,19.098671,223.47253
2025-06-21 23:00:00+00:00,18.075441,224.19316
2025-06-22 00:00:00+00:00,18.079027,215.2725
2025-06-22 01:00:00+00:00,18.06199,209.88644
2025-06-22 02:00:00+00:00,20.933466,207.66667
2025-06-22 03:00:00+00:00,23.023117,206.96564
2025-06-22 04:00:00+00:00,23.105297,207.36346
2025-06-22 05:00:00+00:00,21.924562,209.5114
2025-06-22 06:00:00+00:00,19.672773,212.67223
2025-06-22 07:00:00+00:00,17.441433,211.0651
2025-06-22 08:00:00+00:00,16.546299,202.38019
2025-06-22 09:00:00+00:00,17.069656,194.03627
2025-06-22 10:00:00+00:00,14.007655,205.90645
2025-06-22 11:00:00+00:00,12.081473,213.45334
2025-06-22 12:00:00+00:00,11.919479,218.25447
2025-06-22 13:00:00+00:00,15.676542,214.23752
2025-06-22 14:00:00+00:00,18.675814,206.31802
2025-06-22 15:00:00+00:00,21.06077,198.43504
2025-06-22 16:00:00+00:00,25.862436,196.16457
2025-06-22 17:00:00+00:00,29.495842,199.9832
2025-06-22 18:00:00+00:00,27.678474,202.56258
2025-06-22 19:00:00+00:00,24.968796,201.57137
2025-06-22 20:00:00+00:00,25.007048,200.65266
2025-06-22 21:00:00+00:00,26.887566,207.07959
2025-06-22 22:00:00+00:00,24.268646,220.18639
2025-06-22 23:00:00+00:00,23.424908,223.75471
2025-06-23 00:00:00+00:00,22.707127,221.1431
2025-06-23 01:00:00+00:00,22.885498,219.57474
2025-06-23 02:00:00+00:00,23.923754,219.1984
2025-06-23 03:00:00+00:00,24.014996,220.13542
2025-06-23 04:00:00+00:00,23.72793,217.91316
2025-06-23 05:00:00+00:00,22.465412,213.56277
2025-06-23 06:00:00+00:00,20.406792,210.1836
2025-06-23 07:00:00+00:00,18.13003,209.10976
2025-06-23 08:00:00+00:00,16.836496,208.75702
2025-06-23 09:00:00+00:00,17.47484,204.98122
2025-06-23 10:00:00+00:00,16.985933,207.10805
2025-06-23 11:00:00+00:00,17.483181,208.93991
2025-06-23 12:00:00+00:00,18.514643,206.56499
2025-06-23 13:00:00+00:00,20.188908,201.99118
2025-06-23 14:00:00+00:00,21.746502,199.3349
2025-06-23 15:00:00+00:00,24.033876,196.53491
2025-06-23 16:00:00+00:00,23.97516,200.2037
2025-06-23 17:00:00+00:00,22.862833,201.7177
2025-06-23 18:00:00+00:00,22.563988,201.03758
2025-06-23 19:00:00+00:00,24.40046,201.6445
2025-06-23 20:00:00+00:00,23.899364,202.122
2025-06-23 21:00:00+00:00,23.11441,208.3611
2025-06-23 22:00:00+00:00,23.000591,219.92033
2025-06-23 23:00:00+00:00,23.977188,228.65231
2025-06-24 00:00:00+00:00,22.151703,231.26747
2025-06-24 01:00:00+00:00,21.437386,229.08571
2025-06-24 02:00:00+00:00,22.019672,224.66884
2025-06-24 03:00:00+00:00,21.286474,221.9151
2025-06-24 04:00:00+00:00,20.466246,219.28938
2025-06-24 05:00:00+00:00,19.32801,212.0619
2025-06-24 06:00:00+00:00,19.553833,201.60559
2025-06-24 07:00:00+00:00,21.068459,196.88687
2025-06-24 08:00:00+00:00,22.154629,196.52097
2025-06-24 09:00:00+00:00,21.745012,197.83511
2025-06-24 10:00:00+00:00,22.259676,197.4094
2025-06-24 11:00:00+00:00,19.976757,204.48666
2025-06-24 12:00:00+00:00,21.274294,212.2109
2025-06-24 13:00:00+00:00,21.493237,206.3504
2025-06-24 14:00:00+00:00,16.840345,169.53088
2025-06-24 15:00:00+00:00,17.311846,152.10281
2025-06-24 16:00:00+00:00,16.928614,171.4392
2025-06-24 17:00:00+00:00,21.576738,199.49315
2025-06-24 18:00:00+00:00,27.75621,217.09291
2025-06-24 19:00:00+00:00,29.546328,223.02507
2025-06-24 20:00:00+00:00,28.128996,224.74075
2025-06-24 21:00:00+00:00,27.37243,223.66785
2025-06-24 22:00:00+00:00,25.469204,218.976
2025-06-24 23:00:00+00:00,23.520151,215.02802
2025-06-25 00:00:00+00:00,22.268406,212.79088
2025-06-25 01:00:00+00:00,21.426805,215.42586
2025-06-25 02:00:00+00:00,21.611996,209.98155
2025-06-25 03:00:00+00:00,22.73707,203.31773
2025-06-25 04:00:00+00:00,23.132626,200.97357
2025-06-25 05:00:00+00:00,22.83731,200.29185
2025-06-25 06:00:00+00:00,22.180935,195.05127
2025-06-25 07:00:00+00:00,20.933464,191.40652
2025-06-25 08:00:00+00:00,19.885721,189.37698
2025-06-25 09:00:00+00:00,18.789963,184.94588
2025-06-25 10:00:00+00:00,14.003029,197.96924
2025-06-25 11:00:00+00:00,11.384199,198.43504
2025-06-25 12:00:00+00:00,10.094454,201.99118
2025-06-25 13:00:00+00:00,10.837435,191.49654
2025-06-25 14:00:00+00:00,12.964998,181.59111
2025-06-25 15:00:00+00:00,9.195868,176.6336
2025-06-25 16:00:00+00:00,8.043805,130.46214
2025-06-25 17:00:00+00:00,9.847496,108.10386
2025-06-25 18:00:00+00:00,13.121493,116.91648
2025-06-25 19:00:00+00:00,19.340576,141.42345
2025-06-25 20:00:00+00:00,20.523157,164.74483
2025-06-25 21:00:00+00:00,21.087675,177.06439
2025-06-25 22:00:00+00:00,17.193533,199.57321
2025-06-25 23:00:00+00:00,16.431347,204.59978
2025-06-26 00:00:00+00:00,16.994516,208.46506
2025-06-26 01:00:00+00:00,15.426535,214.06096
2025-06-26 02:00:00+00:00,14.730336,218.55049
2025-06-26 03:00:00+00:00,11.843124,223.1524
2025-06-26 04:00:00+00:00,7.891311,224.9999
2025-06-26 05:00:00+00:00,4.445672,201.37068
2025-06-26 06:00:00+00:00,4.5,143.13002
2025-06-26 07:00:00+00:00,6.1437774,121.82741
2025-06-26 08:00:00+00:00,8.197414,109.23077
2025-06-26 09:00:00+00:00,10.086427,92.045364
2025-06-26 10:00:00+00:00,9.224011,72.97939
2025-06-26 11:00:00+00:00,2.8116899,320.1945
2025-06-26 12:00:00+00:00,9.430695,23.629398
2025-06-26 13:00:00+00:00,17.483181,28.93991
2025-06-26 14:00:00+00:00,12.81165,24.044224
2025-06-26 15:00:00+00:00,8.891344,68.62931
2025-06-26 16:00:00+00:00,9.5196,105.3502
2025-06-26 17:00:00+00:00,8.707237,119.74479
2025-06-26 18:00:00+00:00,9.437563,124.902565
2025-06-26 19:00:00+00:00,10.514218,128.04709
2025-06-26 20:00:00+00:00,8.936777,108.79998
2025-06-26 21:00:00+00:00,10.3621235,107.175995
2025-06-26 22:00:00+00:00,7.029225,87.064384
2025-06-26 23:00:00+00:00,5.920878,70.46326
2025-06-27 00:00:00+00:00,8.139901,35.09589
2025-06-27 01:00:00+00:00,11.599879,41.85495
2025-06-27 02:00:00+00:00,15.561413,48.75183
2025-06-27 03:00:00+00:00,19.083395,54.21094
2025-06-27 04:00:00+00:00,20.096418,59.300358
2025-06-27 05:00:00+00:00,19.48079,63.671776
2025-06-27 06:00:00+00:00,18.040455,65.22488
2025-06-27 07:00:00+00:00,16.746773,64.5367
2025-06-27 08:00:00+00:00,17.176563,51.80901
2025-06-27 09:00:00+00:00,15.745627,79.46087
2025-06-27 10:00:00+00:00,12.383424,57.46495
2025-06-27 11:00:00+00:00,8.260411,101.3099
2025-06-27 12:00:00+00:00,9.299225,165.42575
2025-06-27 13:00:00+00:00,11.35285,177.27374
2025-06-27 14:00:00+00:00,7.968939,161.56496
2025-06-27 15:00:00+00:00,4.278551,165.37909
2025-06-27 16:00:00+00:00,4.802999,192.99461
2025-06-27 17:00:00+00:00,6.8423676,178.4926
2025-06-27 18:00:00+00:00,8.821836,178.83089
2025-06-27 19:00:00+00:00,10.981475,179.06084
2025-06-27 20:00:00+00:00,11.196231,175.38943
2025-06-27 21:00:00+00:00,11.074022,172.52853
2025-06-27 22:00:00+00:00,7.3094187,170.07382
2025-06-27 23:00:00+00:00,8.131936,174.92049
2025-06-28 00:00:00+00:00,9.582359,174.61078
2025-06-28 01:00:00+00:00,11.749741,174.7262
2025-06-28 02:00:00+00:00,14.619946,175.76369
2025-06-28 03:00:00+00:00,15.697197,176.05489
2025-06-28 04:00:00+00:00,15.763107,173.44315
2025-06-28 05:00:00+00:00,15.5687,169.3397
2025-06-28 06:00:00+00:00,14.98331,163.95999
2025-06-28 07:00:00+00:00,14.336861,151.50446
2025-06-28 08:00:00+00:00,14.083778,141.22581
2025-06-28 09:00:00+00:00,12.738099,137.29063
2025-06-28 10:00:00+00:00,8.863972,119.16752
2025-06-28 11:00:00+00:00,9.430695,113.62939
2025-06-28 12:00:00+00:00,10.404249,120.113655
2025-06-28 13:00:00+00:00,10.583326,131.55252
2025-06-28 14:00:00+00:00,11.995349,154.20403
2025-06-28 15:00:00+00:00,16.546299,171.86998
2025-06-28 16:00:00+00:00,19.101213,182.70058
2025-06-28 17:00:00+00:00,16.87398,191.07016
2025-06-28 18:00:00+00:00,14.685176,191.30989
2025-06-28 19:00:00+00:00,14.796175,189.80603
2025-06-28 20:00:00+00:00,15.503006,195.48856
2025-06-28 21:00:00+00:00,15.885956,199.87227
2025-06-28 22:00:00+00:00,14.087229,206.56499
2025-06-28 23:00:00+00:00,13.690654,204.88034
2025-06-29 00:00:00+00:00,12.976239,203.7204
2025-06-29 01:00:00+00:00,11.672275,199.83221
2025-06-29 02:00:00+00:00,14.118243,199.35909
2025-06-29 03:00:00+00:00,15.299999,208.07239
2025-06-29 04:00:00+00:00,15.975444,213.51105
2025-06-29 05:00:00+00:00,17.00881,219.41737
2025-06-29 06:00:00+00:00,17.747124,220.47514
2025-06-29 07:00:00+00:00,18.947083,218.82983
2025-06-29 08:00:00+00:00,20.196127,216.66573
2025-06-29 09:00:00+00:00,21.85203,216.96437
2025-06-29 10:00:00+00:00,20.381372,218.1857
2025-06-29 11:00:00+00:00,21.960737,217.3396
2025-06-29 12:00:00+00:00,23.25625,217.13605
2025-06-29 13:00:00+00:00,24.51769,217.54301
2025-06-29 14:00:00+00:00,22.315645,213.81828
2025-06-29 15:00:00+00:00,19.567083,207.97939
2025-06-29 16:00:00+00:00,20.499462,200.02618
2025-06-29 17:00:00+00:00,24.23324,195.06854
2025-06-29 18:00:00+00:00,27.223475,196.5179
2025-06-29 19:00:00+00:00,29.035288,199.55835
2025-06-29 20:00:00+00:00,28.64772,202.53683
2025-06-29 21:00:00+00:00,26.97899,204.85521
2025-06-29 22:00:00+00:00,24.179703,203.70265
2025-06-29 23:00:00+00:00,22.80892,203.73294
2025-06-30 00:00:00+00:00,20.49235,202.73604
2025-06-30 01:00:00+00:00,21.25906,201.35104
2025-06-30 02:00:00+00:00,24.014996,203.87529
2025-06-30 03:00:00+00:00,23.304264,203.19861
2025-06-30 04:00:00+00:00,23.623928,199.12532
2025-06-30 05:00:00+00:00,23.906818,198.43504
2025-06-30 06:00:00+00:00,23.57519,200.09532
2025-06-30 07:00:00+00:00,23.665035,201.8824
2025-06-30 08:00:00+00:00,24.088411,204.26678
2025-06-30 09:00:00+00:00,24.47272,207.13037
2025-06-30 10:00:00+00:00,21.0846,211.38313
2025-06-30 11:00:00+00:00,21.280384,215.70677
2025-06-30 12:00:00+00:00,21.11838,214.2319
2025-06-30 13:00:00+00:00,20.456745,208.36896
2025-06-30 14:00:00+00:00,17.856325,194.59662
2025-06-30 15:00:00+00:00,20.347166,181.52074
2025-06-30 16:00:00+00:00,23.042812,180.89516
2025-06-30 17:00:00+00:00,24.23324,185.5411
2025-06-30 18:00:00+00:00,25.03036,192.03719
2025-06-30 19:00:00+00:00,25.739998,202.6199
2025-06-30 20:00:00+00:00,27.60815,214.10454
2025-06-30 21:00:00+00:00,28.04305,221.87778
2025-06-30 22:00:00+00:00,25.67446,220.16553
2025-06-30 23:00:00+00:00,24.51769,217.54301
2025-07-01 00:00:00+00:00,20.778112,211.90012
2025-07-01 01:00:00+00:00,22.38378,207.80136
2025-07-01 02:00:00+00:00,27.082075,209.46138
2025-07-01 03:00:00+00:00,29.07989,211.32863
2025-07-01 04:00:00+00:00,28.712116,210.10121
2025-07-01 05:00:00+00:00,28.58545,211.08743
2025-07-01 06:00:00+00:00,28.219269,211.9666
2025-07-01 07:00:00+00:00,28.314978,212.27562
2025-07-01 08:00:00+00:00,28.606976,213.19012
2025-07-01 09:00:00+00:00,28.108831,212.97772
2025-07-01 10:00:00+00:00,26.971785,215.49332
2025-07-01 11:00:00+00:00,26.604097,217.02504
2025-07-01 12:00:00+00:00,24.419706,215.09589
2025-07-01 13:00:00+00:00,22.9724,212.19571
2025-07-01 14:00:00+00:00,21.978434,205.72556
2025-07-01 15:00:00+00:00,21.741287,194.38142
2025-07-01 16:00:00+00:00,24.442911,189.32352
2025-07-01 17:00:00+00:00,26.376602,192.61362
2025-07-01 18:00:00+00:00,26.208395,200.92458
2025-07-01 19:00:00+00:00,26.859232,210.17343
2025-07-01 20:00:00+00:00,26.87491,219.0194
2025-07-01 21:00:00+00:00,25.711662,225.56718
2025-07-01 22:00:00+00:00,21.286474,228.0849
2025-07-01 23:00:00+00:00,19.35314,226.50737
2025-07-02 00:00:00+00:00,18.999168,221.54327
2025-07-02 01:00:00+00:00,19.90852,217.28441
2025-07-02 02:00:00+00:00,20.95203,216.96843
2025-07-02 03:00:00+00:00,20.466246,219.28938
2025-07-02 04:00:00+00:00,20.099642,218.82008
2025-07-02 05:00:00+00:00,18.727787,215.21768
2025-07-02 06:00:00+00:00,17.02404,213.35403
2025-07-02 07:00:00+00:00,14.88242,212.15227
2025-07-02 08:00:00+00:00,14.251863,207.85956
2025-07-02 09:00:00+00:00,14.474059,201.1399
2025-07-02 10:00:00+00:00,14.178928,200.04533
2025-07-02 11:00:00+00:00,14.677451,203.10635
2025-07-02 12:00:00+00:00,13.896187,196.55714
2025-07-02 13:00:00+00:00,14.685176,191.30989
2025-07-02 14:00:00+00:00,16.601036,189.36012
2025-07-02 15:00:00+00:00,20.721119,187.98924
2025-07-02 16:00:00+00:00,25.100157,190.7458
2025-07-02 17:00:00+00:00,24.999271,196.73883
2025-07-02 18:00:00+00:00,23.284098,204.18735
2025-07-02 19:00:00+00:00,21.426805,215.42586
2025-07-02 20:00:00+00:00,20.539728,221.09135
2025-07-02 21:00:00+00:00,22.049082,227.9781
2025-07-02 22:00:00+00:00,20.54288,245.6807
2025-07-02 23:00:00+00:00,18.620214,253.14151
2025-07-03 00:00:00+00:00,16.285772,249.9627
2025-07-03 01:00:00+00:00,15.778518,242.8504
2025-07-03 02:00:00+00:00,17.326813,235.15419
2025-07-03 03:00:00+00:00,16.925743,237.15494
2025-07-03 04:00:00+00:00,15.655861,250.52333
2025-07-03 05:00:00+00:00,13.917154,264.80566
2025-07-03 06:00:00+00:00,11.481968,279.01926
2025-07-03 07:00:00+00:00,8.61371,296.02954
2025-07-03 08:00:00+00:00,5.876938,319.9698
2025-07-03 09:00:00+00:00,5.072041,332.52567
2025-07-03 10:00:00+00:00,7.628263,250.70985
2025-07-03 11:00:00+00:00,4.2481523,216.38445
2025-07-03 12:00:00+00:00,7.3447943,107.10281
2025-07-03 13:00:00+00:00,12.483748,118.41257
2025-07-03 14:00:00+00:00,15.486278,160.30128
2025-07-03 15:00:00+00:00,17.313717,183.57626
2025-07-03 16:00:00+00:00,20.435352,197.95625
2025-07-03 17:00:00+00:00,25.12016,205.4633
2025-07-03 18:00:00+00:00,25.900616,210.48566
2025-07-03 19:00:00+00:00,25.189713,210.96368
2025-07-03 20:00:00+00:00,23.469128,212.47118
2025-07-03 21:00:00+00:00,22.689283,211.04164
2025-07-03 22:00:00+00:00,17.816362,209.67299
2025-07-03 23:00:00+00:00,14.292725,211.08743
2025-07-04 00:00:00+00:00,12.972494,209.0545
2025-07-04 01:00:00+00:00,12.10157,202.751
2025-07-04 02:00:00+00:00,14.64209,200.88588
2025-07-04 03:00:00+00:00,16.011908,201.08383
2025-07-04 04:00:00+00:00,15.716793,200.09532
2025-07-04 05:00:00+00:00,14.747921,199.9832
2025-07-04 06:00:00+00:00,14.241629,196.14441
2025-07-04 07:00:00+00:00,13.358861,194.03627
2025-07-04 08:00:00+00:00,11.525623,194.47034
2025-07-04 09:00:00+00:00,13.450708,195.52417
2025-07-04 10:00:00+00:00,13.523978,206.90602
2025-07-04 11:00:00+00:00,12.570394,209.1342
2025-07-04 12:00:00+00:00,13.125196,205.15927
2025-07-04 13:00:00+00:00,14.539945,201.80147
2025-07-04 14:00:00+00:00,16.466803,195.85944
2025-07-04 15:00:00+00:00,18.32202,190.75792
2025-07-04 16:00:00+00:00,22.59269,191.48895
2025-07-04 17:00:00+00:00,24.77535,196.4601
2025-07-04 18:00:00+00:00,25.80788,200.83675
2025-07-04 19:00:00+00:00,25.478743,203.30492
2025-07-04 20:00:00+00:00,24.804104,204.89128
2025-07-04 21:00:00+00:00,24.478014,205.24594
2025-07-04 22:00:00+00:00,22.077717,204.05734
2025-07-04 23:00:00+00:00,20.858265,201.25058
2025-07-05 00:00:00+00:00,20.893959,202.80974
2025-07-05 01:00:00+00:00,20.53105,207.68826
2025-07-05 02:00:00+00:00,24.117985,212.50397
2025-07-05 03:00:00+00:00,23.667776,214.7779
2025-07-05 04:00:00+00:00,22.686426,218.23387
2025-07-05 05:00:00+00:00,21.708477,217.25005
2025-07-05 06:00:00+00:00,21.026125,212.05734
2025-07-05 07:00:00+00:00,21.011482,205.90645
2025-07-05 08:00:00+00:00,19.66536,203.7495
2025-07-05 09:00:00+00:00,18.054815,200.42241
2025-07-05 10:00:00+00:00,12.57426,193.24052
2025-07-05 11:00:00+00:00,14.607751,183.53223
2025-07-05 12:00:00+00:00,19.003431,185.9805
2025-07-05 13:00:00+00:00,20.301735,190.21391
2025-07-05 14:00:00+00:00,21.816412,190.93904
2025-07-05 15:00:00+00:00,23.899363,191.73306
2025-07-05 16:00:00+00:00,27.172848,196.154
2025-07-05 17:00:00+00:00,28.846087,201.6023
2025-07-05 18:00:00+00:00,28.185953,204.92845
2025-07-05 19:00:00+00:00,26.64608,206.04572
2025-07-05 20:00:00+00:00,26.327421,205.51382
2025-07-05 21:00:00+00:00,26.564486,206.56499
2025-07-05 22:00:00+00:00,24.43827,200.7043
2025-07-05 23:00:00+00:00,23.533234,201.06905
2025-07-06 00:00:00+00:00,23.406229,200.2467
2025-07-06 01:00:00+00:00,22.66857,200.44963
2025-07-06 02:00:00+00:00,23.188583,207.75845
2025-07-06 03:00:00+00:00,23.565569,214.41843
2025-07-06 04:00:00+00:00,22.970285,217.67816
2025-07-06 05:00:00+00:00,22.465412,213.56277
2025-07-06 06:00:00+00:00,23.597168,204.80563
2025-07-06 07:00:00+00:00,24.438934,202.97697
2025-07-06 08:00:00+00:00,22.629229,201.46295
2025-07-06 09:00:00+00:00,19.983242,197.29254
2025-07-06 10:00:00+00:00,20.04476,206.1048
2025-07-06 11:00:00+00:00,18.999168,205.8367
2025-07-06 12:00:00+00:00,16.104721,205.13292
2025-07-06 13:00:00+00:00,14.458382,198.88618
2025-07-06 14:00:00+00:00,16.808569,189.86574
2025-07-06 15:00:00+00:00,20.418695,189.1301
2025-07-06 16:00:00+00:00,25.975565,194.03627
2025-07-06 17:00:00+00:00,29.154442,196.86874
2025-07-06 18:00:00+00:00,29.28418,200.88588
2025-07-06 19:00:00+00:00,27.512339,202.7064
2025-07-06 20:00:00+00:00,25.131119,204.54582
2025-07-06 21:00:00+00:00,23.431824,207.94295
2025-07-06 22:00:00+00:00,18.865683,209.74478
2025-07-06 23:00:00+00:00,17.791796,205.78728
2025-07-07 00:00:00+00:00,17.34083,189.56003
2025-07-07 01:00:00+00:00,17.373497,174.05324
2025-07-07 02:00:00+00:00,18.108572,173.7228
2025-07-07 03:00:00+00:00,18.18,180.0
2025-07-07 04:00:00+00:00,18.35647,191.30989
2025-07-07 05:00:00+00:00,16.813387,195.52417
2025-07-07 06:00:00+00:00,15.978486,194.34937
2025-07-07 07:00:00+00:00,15.501959,192.74529
2025-07-07 08:00:00+00:00,14.193772,192.44998
2025-07-07 09:00:00+00:00,14.455019,185.00055
2025-07-07 10:00:00+00:00,13.543131,184.57384
2025-07-07 11:00:00+00:00,15.385525,186.04399
2025-07-07 12:00:00+00:00,16.309628,190.81383
2025-07-07 13:00:00+00:00,17.438646,191.30989
2025-07-07 14:00:00+00:00,18.498886,190.65385
2025-07-07 15:00:00+00:00,20.05203,191.91513
2025-07-07 16:00:00+00:00,23.760681,192.24632
2025-07-07 17:00:00+00:00,26.241135,193.083
2025-07-07 18:00:00+00:00,26.981394,194.68524
2025-07-07 19:00:00+00:00,24.929186,194.63832
2025-07-07 20:00:00+00:00,22.79684,195.5726
2025-07-07 21:00:00+00:00,21.459291,198.58702
2025-07-07 22:00:00+00:00,15.62686,204.49857
2025-07-07 23:00:00+00:00,15.941944,205.40767
2025-07-08 00:00:00+00:00,17.615187,201.58403
2025-07-08 01:00:00+00:00,18.083506,202.22508
2025-07-08 02:00:00+00:00,19.810633,208.19489
2025-07-08 03:00:00+00:00,19.1588,206.80571
2025-07-08 04:00:00+00:00,18.392618,200.0311
2025-07-08 05:00:00+00:00,16.895088,194.18433
2025-07-08 06:00:00+00:00,16.985933,192.8581
2025-07-08 07:00:00+00:00,17.654686,196.58742
2025-07-08 08:00:00+00:00,18.455048,200.55612
2025-07-08 09:00:00+00:00,18.13003,204.02025
2025-07-08 10:00:00+00:00,13.379461,213.4763
2025-07-08 11:00:00+00:00,15.342294,211.07898
2025-07-08 12:00:00+00:00,16.997377,204.39372
2025-07-08 13:00:00+00:00,18.25026,202.01134
2025-07-08 14:00:00+00:00,19.523985,198.268
2025-07-08 15:00:00+00:00,21.109941,191.30989
2025-07-08 16:00:00+00:00,24.948025,188.71465
2025-07-08 17:00:00+00:00,29.769735,189.74702
2025-07-08 18:00:00+00:00,31.044125,193.06932
2025-07-08 19:00:00+00:00,29.432615,197.43773
2025-07-08 20:00:00+00:00,26.974186,201.94347
2025-07-08 21:00:00+00:00,25.67951,206.20576
2025-07-08 22:00:00+00:00,21.419998,208.07239
2025-07-08 23:00:00+00:00,20.718773,209.68304
2025-07-09 00:00:00+00:00,19.849846,210.51816
2025-07-09 01:00:00+00:00,19.022177,209.4758
2025-07-09 02:00:00+00:00,20.385345,209.0545
2025-07-09 03:00:00+00:00,20.85671,205.01686
2025-07-09 04:00:00+00:00,22.060833,201.54105
2025-07-09 05:00:00+00:00,22.0285,198.5831
2025-07-09 06:00:00+00:00,23.018898,195.88393
2025-07-09 07:00:00+00:00,25.058819,194.1361
2025-07-09 08:00:00+00:00,25.71733,195.00896
2025-07-09 09:00:00+00:00,25.38702,198.17812
2025-07-09 10:00:00+00:00,20.949713,197.50095
2025-07-09 11:00:00+00:00,23.406229,200.2467
2025-07-09 12:00:00+00:00,25.77082,201.72716
2025-07-09 13:00:00+00:00,27.14123,201.80147
2025-07-09 14:00:00+00:00,26.127295,198.06056
2025-07-09 15:00:00+00:00,24.623184,193.52834
2025-07-09 16:00:00+00:00,25.453934,190.59471
2025-07-09 17:00:00+00:00,27.905224,189.27997
2025-07-09 18:00:00+00:00,28.86854,187.52373
2025-07-09 19:00:00+00:00,29.478264,188.42688
2025-07-09 20:00:00+00:00,28.701393,191.94415
2025-07-09 21:00:00+00:00,26.361858,197.07405
2025-07-09 22:00:00+00:00,19.05281,202.20352
2025-07-09 23:00:00+00:00,18.671474,199.13374
2025-07-10 00:00:00+00:00,18.841623,198.95433
2025-07-10 01:00:00+00:00,19.353138,198.43504
2025-07-10 02:00:00+00:00,19.98,198.92474
2025-07-10 03:00:00+00:00,21.816414,205.93076
2025-07-10 04:00:00+00:00,23.747042,206.56499
2025-07-10 05:00:00+00:00,24.36325,198.9705
2025-07-10 06:00:00+00:00,22.66714,192.38075
2025-07-10 07:00:00+00:00,20.44803,189.62808
2025-07-10 08:00:00+00:00,19.778715,193.15096
2025-07-10 09:00:00+00:00,19.483284,196.09088
2025-07-10 10:00:00+00:00,14.7742605,202.19034
2025-07-10 11:00:00+00:00,14.84318,202.8337
2025-07-10 12:00:00+00:00,14.713829,194.8863
2025-07-10 13:00:00+00:00,18.228943,189.0902
2025-07-10 14:00:00+00:00,23.219301,187.12492
2025-07-10 15:00:00+00:00,27.085064,188.02231
2025-07-10 16:00:00+00:00,28.629055,191.23924
2025-07-10 17:00:00+00:00,29.426006,193.44122
2025-07-10 18:00:00+00:00,28.426895,192.80426
2025-07-10 19:00:00+00:00,27.943514,194.93147
2025-07-10 20:00:00+00:00,26.587042,197.33098
2025-07-10 21:00:00+00:00,24.269983,200.85454
2025-07-10 22:00:00+00:00,18.872551,212.93224
2025-07-10 23:00:00+00:00,17.176563,218.191
2025-07-11 00:00:00+00:00,15.413928,222.63371
2025-07-11 01:00:00+00:00,15.027575,223.05852
2025-07-11 02:00:00+00:00,16.502182,219.24542
2025-07-11 03:00:00+00:00,17.389341,216.15828
2025-07-11 04:00:00+00:00,17.623463,214.17703
2025-07-11 05:00:00+00:00,17.373497,214.0194
2025-07-11 06:00:00+00:00,16.375053,213.34073
2025-07-11 07:00:00+00:00,15.22783,212.93869
2025-07-11 08:00:00+00:00,14.827893,213.11134
2025-07-11 09:00:00+00:00,16.237955,211.3994
2025-07-11 10:00:00+00:00,17.49337,229.59062
2025-07-11 11:00:00+00:00,17.794525,231.15915
2025-07-11 12:00:00+00:00,16.956343,232.76509
2025-07-11 13:00:00+00:00,18.731247,227.72636
2025-07-11 14:00:00+00:00,14.918297,221.57603
2025-07-11 15:00:00+00:00,16.276815,212.81136
2025-07-11 16:00:00+00:00,19.567083,207.97939
2025-07-11 17:00:00+00:00,25.360205,207.47435
2025-07-11 18:00:00+00:00,28.778616,209.61143
2025-07-11 19:00:00+00:00,27.666182,212.24243
2025-07-11 20:00:00+00:00,26.509546,213.36638
2025-07-11 21:00:00+00:00,26.137215,216.31757
2025-07-11 22:00:00+00:00,17.49337,220.40938
2025-07-11 23:00:00+00:00,16.596157,216.62141
2025-07-12 00:00:00+00:00,17.823637,218.02728
2025-07-12 01:00:00+00:00,17.86449,220.91429
2025-07-12 02:00:00+00:00,17.630814,229.9698
2025-07-12 03:00:00+00:00,18.287502,241.1646
2025-07-12 04:00:00+00:00,18.678415,242.44727
2025-07-12 05:00:00+00:00,16.981165,237.99466
2025-07-12 06:00:00+00:00,13.072015,231.7098
2025-07-12 07:00:00+00:00,9.299225,222.64667
2025-07-12 08:00:00+00:00,7.256032,209.7448
2025-07-12 09:00:00+00:00,6.66,198.92474
2025-07-12 10:00:00+00:00,3.143565,156.3706
2025-07-12 11:00:00+00:00,2.0124612,190.3048
2025-07-12 12:00:00+00:00,3.1845248,227.29063
2025-07-12 13:00:00+00:00,5.09435,237.99466
2025-07-12 14:00:00+00:00,5.896202,238.73633
2025-07-12 15:00:00+00:00,3.9477081,223.1524
2025-07-12 16:00:00+00:00,3.9966488,172.23492
2025-07-12 17:00:00+00:00,6.638072,167.4712
2025-07-12 18:00:00+00:00,10.658068,184.84392
2025-07-12 19:00:00+00:00,13.776763,197.48808
2025-07-12 20:00:00+00:00,17.975681,214.80408
2025-07-12 21:00:00+00:00,20.241,223.91916
2025-07-12 22:00:00+00:00,17.907963,230.7106
2025-07-12 23:00:00+00:00,18.686218,234.0131
2025-07-13 00:00:00+00:00,18.921415,235.85637
2025-07-13 01:00:00+00:00,19.273453,235.27094
2025-07-13 02:00:00+00:00,21.175837,234.6887
2025-07-13 03:00:00+00:00,21.167418,236.44504
2025-07-13 04:00:00+00:00,20.570463,237.14427
2025-07-13 05:00:00+00:00,19.370708,236.75291
2025-07-13 06:00:00+00:00,16.22498,236.3099
2025-07-13 07:00:00+00:00,13.432632,237.5877
2025-07-13 08:00:00+00:00,11.7662735,240.6901
2025-07-13 09:00:00+00:00,10.223619,243.88614
2025-07-13 10:00:00+00:00,8.297589,266.26868
2025-07-13 11:00:00+00:00,7.579261,265.91446
2025-07-13 12:00:00+00:00,7.79215,263.36758
2025-07-13 13:00:00+00:00,7.293888,254.24875
2025-07-13 14:00:00+00:00,8.654986,253.0724
2025-07-13 15:00:00+00:00,7.0843205,242.78397
2025-07-13 16:00:00+00:00,6.7469993,226.08084
2025-07-13 17:00:00+00:00,8.92408,221.72942
2025-07-13 18:00:00+00:00,11.457958,226.27295
2025-07-13 19:00:00+00:00,13.789691,234.02751
2025-07-13 20:00:00+00:00,17.238699,241.29414
2025-07-13 21:00:00+00:00,23.365358,248.77228
2025-07-13 22:00:00+00:00,23.794067,251.01668
2025-07-13 23:00:00+00:00,22.09972,249.49849
2025-07-14 00:00:00+00:00,18.88628,247.59012
2025-07-14 01:00:00+00:00,17.072504,245.05612
2025-07-14 02:00:00+00:00,16.759342,245.91255
2025-07-14 03:00:00+00:00,15.825675,250.74062
2025-07-14 04:00:00+00:00,14.827893,259.50858
2025-07-14 05:00:00+00:00,13.379461,275.4037
2025-07-14 06:00:00+00:00,12.16832,299.21915
2025-07-14 07:00:00+00:00,11.712454,313.7547
2025-07-14 08:00:00+00:00,11.53265,325.8138
2025-07-14 09:00:00+00:00,12.267763,337.5741
2025-07-14 10:00:00+00:00,13.379461,354.59628
2025-07-14 11:00:00+00:00,15.3264475,3.3664
2025-07-14 12:00:00+00:00,15.501959,12.745288
2025-07-14 13:00:00+00:00,16.909464,27.928892
2025-07-14 14:00:00+00:00,18.075441,44.19317
2025-07-14 15:00:00+00:00,18.72173,56.768288
2025-07-14 16:00:00+00:00,18.27953,64.94905
2025-07-14 17:00:00+00:00,14.410121,69.52764
2025-07-14 18:00:00+00:00,9.215226,77.5926
2025-07-14 19:00:00+00:00,6.66,71.075264
2025-07-14 20:00:00+00:00,6.804381,52.523746
2025-07-14 21:00:00+00:00,6.279395,27.29949
2025-07-14 22:00:00+00:00,6.297428,300.96368
2025-07-14 23:00:00+00:00,7.0038276,295.90643
2025-07-15 00:00:00+00:00,5.904439,307.56866
2025-07-15 01:00:00+00:00,6.12,298.0724
2025-07-15 02:00:00+00:00,7.4867883,297.18103
2025-07-15 03:00:00+00:00,9.741642,297.5119
2025-07-15 04:00:00+00:00,11.545284,300.96368
2025-07-15 05:00:00+00:00,12.886039,311.03525
2025-07-15 06:00:00+00:00,13.369771,313.36346
2025-07-15 07:00:00+00:00,13.298089,309.50766
2025-07-15 08:00:00+00:00,13.229693,303.9063
2025-07-15 09:00:00+00:00,13.581354,304.74326
2025-07-15 10:00:00+00:00,13.888023,317.62646
2025-07-15 11:00:00+00:00,13.70839,330.06857
2025-07-15 12:00:00+00:00,12.815443,349.47928
2025-07-15 13:00:00+00:00,14.264361,349.82455
2025-07-15 14:00:00+00:00,13.170786,3.91817
2025-07-15 15:00:00+00:00,11.465024,22.135553
2025-07-15 16:00:00+00:00,7.4128532,29.054508
2025-07-15 17:00:00+00:00,6.9270773,65.432846
2025-07-15 18:00:00+00:00,6.542201,82.09293
2025-07-15 19:00:00+00:00,6.391901,80.2725
2025-07-15 20:00:00+00:00,6.1569467,74.74483
2025-07-15 21:00:00+00:00,3.6402748,81.46932
2025-07-15 22:00:00+00:00,1.2727921,135.0001
2025-07-15 23:00:00+00:00,2.4482648,216.02747
2025-07-16 00:00:00+00:00,5.5450516,234.24602
2025-07-16 01:00:00+00:00,8.748075,233.3658
2025-07-16 02:00:00+00:00,15.841022,233.78107
2025-07-16 03:00:00+00:00,19.273453,235.27094
2025-07-16 04:00:00+00:00,19.731974,234.27995
2025-07-16 05:00:00+00:00,18.391737,229.76372
2025-07-16 06:00:00+00:00,16.928614,224.56926
2025-07-16 07:00:00+00:00,16.595179,220.60121
2025-07-16 08:00:00+00:00,16.782528,218.4679
2025-07-16 09:00:00+00:00,16.92383,218.08882
2025-07-16 10:00:00+00:00,15.489414,218.86778
2025-07-16 11:00:00+00:00,15.696165,216.60716
2025-07-16 12:00:00+00:00,14.654254,207.824
2025-07-16 13:00:00+00:00,15.646544,203.02553
2025-07-16 14:00:00+00:00,14.168641,207.21602
2025-07-16 15:00:00+00:00,10.32924,202.5431
2025-07-16 16:00:00+00:00,9.82279,193.78162
2025-07-16 17:00:00+00:00,9.721666,181.06088
2025-07-16 18:00:00+00:00,11.35285,177.27374
2025-07-16 19:00:00+00:00,13.870515,182.23112
2025-07-16 20:00:00+00:00,16.454008,190.08054
2025-07-16 21:00:00+00:00,19.172323,204.39943
2025-07-16 22:00:00+00:00,21.928995,221.6725
2025-07-16 23:00:00+00:00,24.15289,230.1398
2025-07-17 00:00:00+00:00,22.545315,231.48305
2025-07-17 01:00:00+00:00,21.152872,227.75917
2025-07-17 02:00:00+00:00,22.159746,223.02507
2025-07-17 03:00:00+00:00,22.404757,218.8036
2025-07-17 04:00:00+00:00,22.431496,215.85844
2025-07-17 05:00:00+00:00,21.966637,213.29944
2025-07-17 06:00:00+00:00,20.497883,210.61853
2025-07-17 07:00:00+00:00,17.95404,205.53738
2025-07-17 08:00:00+00:00,16.171976,196.82149
2025-07-17 09:00:00+00:00,15.299999,188.79733
2025-07-17 10:00:00+00:00,14.634343,175.06087
2025-07-17 11:00:00+00:00,15.367616,174.62338
2025-07-17 12:00:00+00:00,14.113653,174.14407
2025-07-17 13:00:00+00:00,13.004921,175.23645
2025-07-17 14:00:00+00:00,13.004921,175.23645
2025-07-17 15:00:00+00:00,11.183201,176.30869
2025-07-17 16:00:00+00:00,10.285232,175.9859
2025-07-17 17:00:00+00:00,10.266314,177.9905
2025-07-17 18:00:00+00:00,13.870515,182.23112
2025-07-17 19:00:00+00:00,19.35314,189.63747
2025-07-17 20:00:00+00:00,22.259676,197.4094
2025-07-17 21:00:00+00:00,22.629229,201.46295
2025-07-17 22:00:00+00:00,20.320877,214.53473
2025-07-17 23:00:00+00:00,18.999168,221.54327
2025-07-18 00:00:00+00:00,20.6318,234.2298
2025-07-18 01:00:00+00:00,22.862833,242.82982
2025-07-18 02:00:00+00:00,24.179703,246.29735
2025-07-18 03:00:00+00:00,23.73271,247.71436
2025-07-18 04:00:00+00:00,23.533234,248.93095
2025-07-18 05:00:00+00:00,22.883373,252.13504
2025-07-18 06:00:00+00:00,21.872036,256.19244
2025-07-18 07:00:00+00:00,20.721119,262.01077
2025-07-18 08:00:00+00:00,18.22361,266.03543
2025-07-18 09:00:00+00:00,17.134071,266.3862
2025-07-18 10:00:00+00:00,14.517644,289.55835
2025-07-18 11:00:00+00:00,9.0,360.0
2025-07-18 12:00:00+00:00,5.4149795,74.57778
2025-07-18 13:00:00+00:00,9.9408245,185.19434
2025-07-18 14:00:00+00:00,17.065859,206.29472
2025-07-18 15:00:00+00:00,18.161278,219.3693
2025-07-18 16:00:00+00:00,16.932442,226.29208
2025-07-18 17:00:00+00:00,16.548256,225.8813
2025-07-18 18:00:00+00:00,17.441433,226.25438
2025-07-18 19:00:00+00:00,16.546299,224.9999
2025-07-18 20:00:00+00:00,15.413928,222.63371
2025-07-18 21:00:00+00:00,12.791403,219.28938
2025-07-18 22:00:00+00:00,9.511088,240.5242
2025-07-18 23:00:00+00:00,8.2584505,249.59003
2025-07-19 00:00:00+00:00,8.427383,250.0168
2025-07-19 01:00:00+00:00,8.225035,246.80139
2025-07-19 02:00:00+00:00,9.761578,247.21756
2025-07-19 03:00:00+00:00,12.140329,254.5213
2025-07-19 04:00:00+00:00,12.781267,269.19308
2025-07-19 05:00:00+00:00,13.238261,281.76825
2025-07-19 06:00:00+00:00,12.3165245,296.93945
2025-07-19 07:00:00+00:00,11.525623,308.65982
2025-07-19 08:00:00+00:00,12.538134,320.82635
2025-07-19 09:00:00+00:00,11.431062,333.8385
2025-07-19 10:00:00+00:00,13.3649235,315.5456
2025-07-19 11:00:00+00:00,10.587918,324.6887
2025-07-19 12:00:00+00:00,8.6867485,354.05322
2025-07-19 13:00:00+00:00,7.970972,6.482988
2025-07-19 14:00:00+00:00,6.601363,348.9965
2025-07-19 15:00:00+00:00,7.029225,309.8055
2025-07-19 16:00:00+00:00,7.970972,295.40768
2025-07-19 17:00:00+00:00,8.557102,284.6209
2025-07-19 18:00:00+00:00,8.131936,275.0795
2025-07-19 19:00:00+00:00,9.007196,267.70944
2025-07-19 20:00:00+00:00,11.866355,260.39487
2025-07-19 21:00:00+00:00,14.056144,260.4171
2025-07-19 22:00:00+00:00,14.33347,262.78583
2025-07-19 23:00:00+00:00,12.425216,268.33975
2025-07-20 00:00:00+00:00,11.881363,269.13196
2025-07-20 01:00:00+00:00,11.196231,265.38943
2025-07-20 02:00:00+00:00,12.125642,264.0356
2025-07-20 03:00:00+00:00,11.252519,262.6477
2025-07-20 04:00:00+00:00,12.284916,259.01938
2025-07-20 05:00:00+00:00,13.1041975,249.07542
2025-07-20 06:00:00+00:00,13.306615,239.9668
2025-07-20 07:00:00+00:00,14.634343,238.06935
2025-07-20 08:00:00+00:00,13.896187,233.42688
2025-07-20 09:00:00+00:00,13.891522,238.78166
2025-07-20 10:00:00+00:00,13.437455,230.9806
2025-07-20 11:00:00+00:00,11.592894,233.84172
2025-07-20 12:00:00+00:00,9.085988,236.3099
2025-07-20 13:00:00+00:00,8.131936,207.69939
2025-07-20 14:00:00+00:00,9.187056,177.7543
2025-07-20 15:00:00+00:00,11.9466305,173.9459
2025-07-20 16:00:00+00:00,11.734564,184.39862
2025-07-20 17:00:00+00:00,11.701385,179.11862
2025-07-20 18:00:00+00:00,14.490838,173.58131
2025-07-20 19:00:00+00:00,17.1,180.0
2025-07-20 20:00:00+00:00,16.87878,187.35228
2025-07-20 21:00:00+00:00,16.572712,188.74608
2025-07-20 22:00:00+00:00,16.109747,193.57045
2025-07-20 23:00:00+00:00,16.380987,192.05077
2025-07-21 00:00:00+00:00,16.516901,196.4601
2025-07-21 01:00:00+00:00,17.5931,199.73277
2025-07-21 02:00:00+00:00,16.963984,199.20407
2025-07-21 03:00:00+00:00,17.085783,200.3442
2025-07-21 04:00:00+00:00,17.381887,195.61945
2025-07-21 05:00:00+00:00,17.64551,198.43504
2025-07-21 06:00:00+00:00,17.423777,199.93262
2025-07-21 07:00:00+00:00,18.11841,200.95586
2025-07-21 08:00:00+00:00,19.689238,202.5796
2025-07-21 09:00:00+00:00,19.357323,202.98874
2025-07-21 10:00:00+00:00,14.447172,210.71883
2025-07-21 11:00:00+00:00,15.858398,206.27415
2025-07-21 12:00:00+00:00,15.281989,195.01842
2025-07-21 13:00:00+00:00,14.000713,188.13002
2025-07-21 14:00:00+00:00,14.275713,185.06352
2025-07-21 15:00:00+00:00,17.571909,186.46973
2025-07-21 16:00:00+00:00,19.959719,187.2531
2025-07-21 17:00:00+00:00,20.518421,187.56134
2025-07-21 18:00:00+00:00,20.596436,189.05064
2025-07-21 19:00:00+00:00,20.302532,194.89874
2025-07-21 20:00:00+00:00,20.899387,200.15184
2025-07-21 21:00:00+00:00,22.226902,204.90474
2025-07-21 22:00:00+00:00,20.837282,211.21834
2025-07-21 23:00:00+00:00,20.188908,211.13892
2025-07-22 00:00:00+00:00,19.82453,212.39137
2025-07-22 01:00:00+00:00,19.121557,213.0917
2025-07-22 02:00:00+00:00,19.976755,212.1148
2025-07-22 03:00:00+00:00,23.770906,215.13428
2025-07-22 04:00:00+00:00,24.770117,217.61943
2025-07-22 05:00:00+00:00,24.485952,218.1336
2025-07-22 06:00:00+00:00,24.696102,216.70294
2025-07-22 07:00:00+00:00,25.762016,213.02388
2025-07-22 08:00:00+00:00,27.260939,210.1202
2025-07-22 09:00:00+00:00,27.999691,210.52148
2025-07-22 10:00:00+00:00,26.680103,209.50507
2025-07-22 11:00:00+00:00,25.992401,216.55257
2025-07-22 12:00:00+00:00,23.980564,217.98819
2025-07-22 13:00:00+00:00,19.826164,209.35765
2025-07-22 14:00:00+00:00,18.955631,202.91286
2025-07-22 15:00:00+00:00,20.128637,195.03049
2025-07-22 16:00:00+00:00,23.087763,190.78426
2025-07-22 17:00:00+00:00,25.932495,193.65044
2025-07-22 18:00:00+00:00,27.958004,199.95168
2025-07-22 19:00:00+00:00,28.97944,206.56499
2025-07-22 20:00:00+00:00,29.116076,212.118
2025-07-22 21:00:00+00:00,28.59055,218.0965
2025-07-22 22:00:00+00:00,25.146587,220.64569
2025-07-22 23:00:00+00:00,24.660654,217.2882
2025-07-23 00:00:00+00:00,25.211569,208.57771
2025-07-23 01:00:00+00:00,25.880594,203.35559
2025-07-23 02:00:00+00:00,28.657898,206.88686
2025-07-23 03:00:00+00:00,33.04998,214.12285
2025-07-23 04:00:00+00:00,34.347942,214.10649
2025-07-23 05:00:00+00:00,34.349354,213.02386
2025-07-23 06:00:00+00:00,33.353954,212.6609
2025-07-23 07:00:00+00:00,32.200386,213.60126
2025-07-23 08:00:00+00:00,30.45566,212.93869
2025-07-23 09:00:00+00:00,29.173885,211.63062
2025-07-23 10:00:00+00:00,27.055143,205.2011
2025-07-23 11:00:00+00:00,27.91393,202.76201
2025-07-23 12:00:00+00:00,27.568808,196.30518
2025-07-23 13:00:00+00:00,24.270647,186.38702
2025-07-23 14:00:00+00:00,23.760681,179.56596
2025-07-23 15:00:00+00:00,25.745663,178.79819
2025-07-23 16:00:00+00:00,27.239538,183.78882
2025-07-23 17:00:00+00:00,27.887802,191.16484
2025-07-23 18:00:00+00:00,27.891287,198.43504
2025-07-23 19:00:00+00:00,27.21038,205.88698
2025-07-23 20:00:00+00:00,26.025412,211.7113
2025-07-23 21:00:00+00:00,25.570139,215.25644
2025-07-23 22:00:00+00:00,22.682856,215.9606
2025-07-23 23:00:00+00:00,22.936407,211.19504
2025-07-24 00:00:00+00:00,22.378714,206.77107
2025-07-24 01:00:00+00:00,21.863146,202.76505
2025-07-24 02:00:00+00:00,22.66857,200.44963
2025-07-24 03:00:00+00:00,27.798203,204.0755
2025-07-24 04:00:00+00:00,28.17733,207.38342
2025-07-24 05:00:00+00:00,27.260939,210.1202
2025-07-24 06:00:00+00:00,24.766848,212.53505
2025-07-24 07:00:00+00:00,22.323627,212.15227
2025-07-24 08:00:00+00:00,20.787468,209.00632
2025-07-24 09:00:00+00:00,19.121557,202.70288
2025-07-24 10:00:00+00:00,17.508179,194.89352
2025-07-24 11:00:00+00:00,19.3104,191.83362
2025-07-24 12:00:00+00:00,20.542881,188.05902
2025-07-24 13:00:00+00:00,19.98,180.0
2025-07-24 14:00:00+00:00,20.957443,175.07298
2025-07-24 15:00:00+00:00,21.80676,177.16127
2025-07-24 16:00:00+00:00,21.072304,181.95802
2025-07-24 17:00:00+00:00,21.854254,184.72437
2025-07-24 18:00:00+00:00,23.266697,188.00464
2025-07-24 19:00:00+00:00,23.760681,192.24632
2025-07-24 20:00:00+00:00,23.000591,197.30061
2025-07-24 21:00:00+00:00,22.303299,205.32414
2025-07-24 22:00:00+00:00,21.733088,211.45201
2025-07-24 23:00:00+00:00,20.35274,218.89722
2025-07-25 00:00:00+00:00,17.571909,223.33975
2025-07-25 01:00:00+00:00,16.502182,219.24542
2025-07-25 02:00:00+00:00,18.727787,215.21768
2025-07-25 03:00:00+00:00,21.916433,213.95113
2025-07-25 04:00:00+00:00,21.836456,209.10039
2025-07-25 05:00:00+00:00,22.380884,205.74066
2025-07-25 06:00:00+00:00,22.571884,203.49858
2025-07-25 07:00:00+00:00,22.09972,200.50151
2025-07-25 08:00:00+00:00,20.606659,197.80196
2025-07-25 09:00:00+00:00,18.792551,196.69933
2025-07-25 10:00:00+00:00,14.658676,204.67685
2025-07-25 11:00:00+00:00,13.229693,213.90631
2025-07-25 12:00:00+00:00,12.241323,216.02747
2025-07-25 13:00:00+00:00,14.668619,209.39595
2025-07-25 14:00:00+00:00,15.5395355,198.22517
2025-07-25 15:00:00+00:00,18.94024,188.74608
2025-07-25 16:00:00+00:00,22.640678,186.3904
2025-07-25 17:00:00+00:00,24.670507,187.12492
2025-07-25 18:00:00+00:00,25.244318,190.26825
2025-07-25 19:00:00+00:00,25.6896,196.27634
2025-07-25 20:00:00+00:00,26.405453,205.8663
2025-07-25 21:00:00+00:00,26.748022,216.79288
2025-07-25 22:00:00+00:00,23.1774,226.88817
2025-07-25 23:00:00+00:00,22.842985,229.15395
2025-07-26 00:00:00+00:00,20.633371,227.1211
2025-07-26 01:00:00+00:00,18.98552,222.31017
2025-07-26 02:00:00+00:00,20.64436,222.1728
2025-07-26 03:00:00+00:00,22.159746,223.02507
2025-07-26 04:00:00+00:00,21.638964,224.32605
2025-07-26 05:00:00+00:00,20.619234,224.9999
2025-07-26 06:00:00+00:00,19.119015,221.94704
2025-07-26 07:00:00+00:00,16.928614,215.042
2025-07-26 08:00:00+00:00,14.731437,206.87807
2025-07-26 09:00:00+00:00,14.138882,201.66602
2025-07-26 10:00:00+00:00,13.100489,192.69958
2025-07-26 11:00:00+00:00,14.810401,200.63763
2025-07-26 12:00:00+00:00,15.978484,202.52061
2025-07-26 13:00:00+00:00,16.336426,198.63467
2025-07-26 14:00:00+00:00,17.462784,188.29706
2025-07-26 15:00:00+00:00,18.539999,180.0
2025-07-26 16:00:00+00:00,20.700783,180.4982
2025-07-26 17:00:00+00:00,21.063076,180.9793
2025-07-26 18:00:00+00:00,19.649702,183.15065
2025-07-26 19:00:00+00:00,18.930832,183.27042
2025-07-26 20:00:00+00:00,19.719654,185.76254
2025-07-26 21:00:00+00:00,20.431387,194.28113
2025-07-26 22:00:00+00:00,19.8,216.86998
2025-07-26 23:00:00+00:00,19.862083,226.46873
2025-07-27 00:00:00+00:00,19.477463,226.12321
2025-07-27 01:00:00+00:00,17.86449,220.91429
2025-07-27 02:00:00+00:00,19.370708,217.82835
2025-07-27 03:00:00+00:00,20.917982,213.4166
2025-07-27 04:00:00+00:00,20.931143,211.63974
2025-07-27 05:00:00+00:00,18.98552,211.4295
2025-07-27 06:00:00+00:00,18.581022,215.53777
2025-07-27 07:00:00+00:00,18.832165,215.66508
2025-07-27 08:00:00+00:00,19.878391,215.41714
2025-07-27 09:00:00+00:00,20.6318,215.7702
2025-07-27 10:00:00+00:00,18.57143,213.53607
2025-07-27 11:00:00+00:00,20.53105,207.68826
2025-07-27 12:00:00+00:00,21.09305,207.43964
2025-07-27 13:00:00+00:00,19.75905,203.06155
2025-07-27 14:00:00+00:00,18.13003,204.02025
2025-07-27 15:00:00+00:00,17.283749,215.6765
2025-07-27 16:00:00+00:00,18.252037,216.98299
2025-07-27 17:00:00+00:00,17.791796,205.78728
2025-07-27 18:00:00+00:00,17.48596,200.48709
2025-07-27 19:00:00+00:00,17.917007,202.4428
2025-07-27 20:00:00+00:00,20.212965,208.16243
2025-07-27 21:00:00+00:00,22.32653,215.48407
2025-07-27 22:00:00+00:00,23.370209,220.31403
2025-07-27 23:00:00+00:00,22.932877,222.45515
2025-07-28 00:00:00+00:00,22.717823,217.59634
2025-07-28 01:00:00+00:00,23.520151,215.02802
2025-07-28 02:00:00+00:00,25.36212,213.12616
2025-07-28 03:00:00+00:00,27.561169,214.62422
2025-07-28 04:00:00+00:00,28.460497,214.69522
2025-07-28 05:00:00+00:00,28.56334,214.9921
2025-07-28 06:00:00+00:00,28.420626,218.82983
2025-07-28 07:00:00+00:00,26.87491,219.0194
2025-07-28 08:00:00+00:00,24.363249,214.15974
2025-07-28 09:00:00+00:00,22.90743,210.19153
2025-07-28 10:00:00+00:00,22.571884,209.63144
2025-07-28 11:00:00+00:00,24.20314,210.37904
2025-07-28 12:00:00+00:00,23.621185,212.23676
2025-07-28 13:00:00+00:00,22.298214,206.35814
2025-07-28 14:00:00+00:00,22.22836,201.37068
2025-07-28 15:00:00+00:00,22.327255,196.38962
2025-07-28 16:00:00+00:00,23.356344,193.82208
2025-07-28 17:00:00+00:00,24.874542,198.56615
2025-07-28 18:00:00+00:00,26.567535,205.69695
2025-07-28 19:00:00+00:00,26.810333,207.59721
2025-07-28 20:00:00+00:00,27.466959,208.5804
2025-07-28 21:00:00+00:00,27.937136,211.027
2025-07-28 22:00:00+00:00,27.540588,216.49551
2025-07-28 23:00:00+00:00,27.97654,215.83774
2025-07-29 00:00:00+00:00,27.723507,211.72931
2025-07-29 01:00:00+00:00,27.535883,211.09216
2025-07-29 02:00:00+00:00,29.426006,209.70132
2025-07-29 03:00:00+00:00,32.382492,211.12755
2025-07-29 04:00:00+00:00,31.959505,212.34741
2025-07-29 05:00:00+00:00,32.20793,212.44661
2025-07-29 06:00:00+00:00,31.407291,212.5971
2025-07-29 07:00:00+00:00,31.549847,210.51518
2025-07-29 08:00:00+00:00,31.48971,208.32285
2025-07-29 09:00:00+00:00,31.555494,206.41882
2025-07-29 10:00:00+00:00,31.033691,203.59134
2025-07-29 11:00:00+00:00,30.586231,202.49022
2025-07-29 12:00:00+00:00,30.343214,199.40242
2025-07-29 13:00:00+00:00,29.830078,197.56036
2025-07-29 14:00:00+00:00,26.587652,194.50668
2025-07-29 15:00:00+00:00,26.548626,190.54802
2025-07-29 16:00:00+00:00,27.315554,188.71738
2025-07-29 17:00:00+00:00,28.276047,191.38142
2025-07-29 18:00:00+00:00,28.406372,199.23874
2025-07-29 19:00:00+00:00,27.746284,200.90416
2025-07-29 20:00:00+00:00,27.746284,200.90416
2025-07-29 21:00:00+00:00,27.70831,204.56715
2025-07-29 22:00:00+00:00,25.976189,200.69553
2025-07-29 23:00:00+00:00,25.682032,200.08612
2025-07-30 00:00:00+00:00,24.419704,198.03438
2025-07-30 01:00:00+00:00,24.033876,196.53491
2025-07-30 02:00:00+00:00,26.989199,199.88525
2025-07-30 03:00:00+00:00,27.91451,200.77234
2025-07-30 04:00:00+00:00,26.867676,197.9495
2025-07-30 05:00:00+00:00,25.890606,193.26334
2025-07-30 06:00:00+00:00,25.807882,190.44777
2025-07-30 07:00:00+00:00,24.890165,190.41597
2025-07-30 08:00:00+00:00,23.525661,189.24603
2025-07-30 09:00:00+00:00,23.356342,186.1938
2025-07-30 10:00:00+00:00,23.770906,181.73567
2025-07-30 11:00:00+00:00,24.216522,185.11722
2025-07-30 12:00:00+00:00,24.387177,188.48886
2025-07-30 13:00:00+00:00,23.110207,184.46707
2025-07-30 14:00:00+00:00,22.789024,166.29301
2025-07-30 15:00:00+00:00,26.420174,160.08351
2025-07-30 16:00:00+00:00,27.241915,166.2392
2025-07-30 17:00:00+00:00,25.40743,172.67369
2025-07-30 18:00:00+00:00,24.323988,177.45525
2025-07-30 19:00:00+00:00,22.558245,184.1181
2025-07-30 20:00:00+00:00,20.917982,195.47139
2025-07-30 21:00:00+00:00,22.862123,206.1615
2025-07-30 22:00:00+00:00,20.899387,210.54053
2025-07-30 23:00:00+00:00,21.505291,208.49554
2025-07-31 00:00:00+00:00,20.562586,209.93143
2025-07-31 01:00:00+00:00,19.164717,208.00908
2025-07-31 02:00:00+00:00,21.573734,206.77876
2025-07-31 03:00:00+00:00,21.019962,204.80939
2025-07-31 04:00:00+00:00,20.60823,199.38461
2025-07-31 05:00:00+00:00,20.441692,192.20045
2025-07-31 06:00:00+00:00,21.349546,185.80663
2025-07-31 07:00:00+00:00,22.33161,181.84756
2025-07-31 08:00:00+00:00,21.647945,183.814
2025-07-31 09:00:00+00:00,20.615303,185.51138
2025-07-31 10:00:00+00:00,17.791796,191.08253
2025-07-31 11:00:00+00:00,17.950432,195.7087
2025-07-31 12:00:00+00:00,16.913296,196.69933
2025-07-31 13:00:00+00:00,17.512806,192.46492
2025-07-31 14:00:00+00:00,17.160524,184.81346
2025-07-31 15:00:00+00:00,18.36353,178.87672
2025-07-31 16:00:00+00:00,21.240763,180.48553
2025-07-31 17:00:00+00:00,22.91026,188.13002
2025-07-31 18:00:00+00:00,23.885803,195.29305
2025-07-31 19:00:00+00:00,25.715443,203.51457
2025-07-31 20:00:00+00:00,28.602446,208.98447
2025-07-31 21:00:00+00:00,28.431452,211.27475
2025-07-31 22:00:00+00:00,26.84958,219.55963
2025-07-31 23:00:00+00:00,26.608969,223.62962
2025-08-01 00:00:00+00:00,22.609177,220.15593
2025-08-01 01:00:00+00:00,20.87379,212.3196
2025-08-01 02:00:00+00:00,23.365358,217.48793
2025-08-01 03:00:00+00:00,24.522314,220.23628
2025-08-01 04:00:00+00:00,24.430317,219.31909
2025-08-01 05:00:00+00:00,24.422358,212.05011
2025-08-01 06:00:00+00:00,24.268646,209.7975
2025-08-01 07:00:00+00:00,22.752028,210.4195
2025-08-01 08:00:00+00:00,19.643105,207.2694
2025-08-01 09:00:00+00:00,19.523155,202.78244
2025-08-01 10:00:00+00:00,15.539537,205.3777
2025-08-01 11:00:00+00:00,16.048288,203.11423
2025-08-01 12:00:00+00:00,17.64551,198.43504
2025-08-01 13:00:00+00:00,18.172869,196.10136
2025-08-01 14:00:00+00:00,15.683776,189.24603
2025-08-01 15:00:00+00:00,17.468348,181.77142
2025-08-01 16:00:00+00:00,19.559633,186.3401
2025-08-01 17:00:00+00:00,20.917982,195.47139
2025-08-01 18:00:00+00:00,22.60631,200.02217
2025-08-01 19:00:00+00:00,25.550491,203.67561
2025-08-01 20:00:00+00:00,28.80281,210.411
2025-08-01 21:00:00+00:00,31.5,216.86998
2025-08-01 22:00:00+00:00,29.533169,225.98767
2025-08-01 23:00:00+00:00,24.936983,230.56512
2025-08-02 00:00:00+00:00,24.184391,225.60301
2025-08-02 01:00:00+00:00,24.091774,218.32556
2025-08-02 02:00:00+00:00,25.061405,213.57596
2025-08-02 03:00:00+00:00,26.189846,209.2075
2025-08-02 04:00:00+00:00,26.969982,205.7099
2025-08-02 05:00:00+00:00,27.798203,204.0755
2025-08-02 06:00:00+00:00,28.412645,202.3407
2025-08-02 07:00:00+00:00,29.147219,202.12999
2025-08-02 08:00:00+00:00,29.333372,203.8911
2025-08-02 09:00:00+00:00,28.84047,204.32556
2025-08-02 10:00:00+00:00,27.534704,205.55992
2025-08-02 11:00:00+00:00,24.670507,209.7448
2025-08-02 12:00:00+00:00,23.219301,209.7448
2025-08-02 13:00:00+00:00,22.871334,215.06598
2025-08-02 14:00:00+00:00,19.921535,212.82854
2025-08-02 15:00:00+00:00,19.098671,203.90767
2025-08-02 16:00:00+00:00,21.068459,199.9832
2025-08-02 17:00:00+00:00,22.695707,201.88585
2025-08-02 18:00:00+00:00,23.586182,206.76053
2025-08-02 19:00:00+00:00,23.95691,210.22536
2025-08-02 20:00:00+00:00,24.864119,212.88475
2025-08-02 21:00:00+00:00,26.469793,215.3113
2025-08-02 22:00:00+00:00,27.438046,218.07283
2025-08-02 23:00:00+00:00,26.712873,217.33327
2025-08-03 00:00:00+00:00,23.770906,215.13428
2025-08-03 01:00:00+00:00,22.019672,212.65079
2025-08-03 02:00:00+00:00,24.1797,209.42737
2025-08-03 03:00:00+00:00,26.665527,204.3159
2025-08-03 04:00:00+00:00,27.811018,201.25058
2025-08-03 05:00:00+00:00,28.188826,200.17075
2025-08-03 06:00:00+00:00,27.943512,201.93854
2025-08-03 07:00:00+00:00,27.375391,202.01134
2025-08-03 08:00:00+00:00,26.807312,202.08722
2025-08-03 09:00:00+00:00,26.045942,203.19861
2025-08-03 10:00:00+00:00,23.220695,212.33492
2025-08-03 11:00:00+00:00,22.97522,215.4334
2025-08-03 12:00:00+00:00,22.517992,214.57935
2025-08-03 13:00:00+00:00,22.465412,213.56277
2025-08-03 14:00:00+00:00,20.212965,208.16243
2025-08-03 15:00:00+00:00,19.954037,193.03336
2025-08-03 16:00:00+00:00,24.546085,184.20528
2025-08-03 17:00:00+00:00,26.221373,185.51482
2025-08-03 18:00:00+00:00,28.164104,195.19093
2025-08-03 19:00:00+00:00,28.11056,204.59575
2025-08-03 20:00:00+00:00,28.625093,215.78906
2025-08-03 21:00:00+00:00,28.899391,223.73827
2025-08-03 22:00:00+00:00,26.729847,225.5456
2025-08-03 23:00:00+00:00,24.858906,221.77126
2025-08-04 00:00:00+00:00,23.950823,218.59259
2025-08-04 01:00:00+00:00,23.363974,213.6901
2025-08-04 02:00:00+00:00,25.965584,209.94185
2025-08-04 03:00:00+00:00,27.942354,208.05069
2025-08-04 04:00:00+00:00,29.704363,206.25444
2025-08-04 05:00:00+00:00,31.015413,204.33386
2025-08-04 06:00:00+00:00,31.819805,204.39029
2025-08-04 07:00:00+00:00,32.360477,206.42245
2025-08-04 08:00:00+00:00,31.648281,208.16824
2025-08-04 09:00:00+00:00,31.002354,208.05283
2025-08-04 10:00:00+00:00,27.265692,215.05406
2025-08-04 11:00:00+00:00,26.649727,218.41809
2025-08-04 12:00:00+00:00,26.45755,219.75562
2025-08-04 13:00:00+00:00,26.48203,219.2072
2025-08-04 14:00:00+00:00,24.613312,214.2712
2025-08-04 15:00:00+00:00,27.082075,209.46138
2025-08-04 16:00:00+00:00,30.43757,210.96368
2025-08-04 17:00:00+00:00,31.252165,213.96469
2025-08-04 18:00:00+00:00,30.45566,212.93869
2025-08-04 19:00:00+00:00,29.739244,209.35767
2025-08-04 20:00:00+00:00,30.75262,213.78311
2025-08-04 21:00:00+00:00,31.0921,219.12602
2025-08-04 22:00:00+00:00,26.608969,223.62962
2025-08-04 23:00:00+00:00,24.912935,217.36674
2025-08-05 00:00:00+00:00,24.826954,209.53868
2025-08-05 01:00:00+00:00,25.471748,201.12479
2025-08-05 02:00:00+00:00,28.294373,197.3976
2025-08-05 03:00:00+00:00,31.88084,199.45807
2025-08-05 04:00:00+00:00,32.993073,201.1049
2025-08-05 05:00:00+00:00,34.22131,205.21713
2025-08-05 06:00:00+00:00,34.700806,205.50163
2025-08-05 07:00:00+00:00,35.112923,204.85718
2025-08-05 08:00:00+00:00,34.863358,205.37428
2025-08-05 09:00:00+00:00,33.97044,206.42921
2025-08-05 10:00:00+00:00,30.204086,217.00656
2025-08-05 11:00:00+00:00,29.131096,219.98683
2025-08-05 12:00:00+00:00,28.075384,220.84027
2025-08-05 13:00:00+00:00,27.612844,217.31818
2025-08-05 14:00:00+00:00,24.174341,211.9149
2025-08-05 15:00:00+00:00,26.413427,204.99327
2025-08-05 16:00:00+00:00,30.375233,204.13486
2025-08-05 17:00:00+00:00,32.201897,205.84883
2025-08-05 18:00:00+00:00,31.077509,207.60388
2025-08-05 19:00:00+00:00,28.84721,209.12396
2025-08-05 20:00:00+00:00,27.662666,210.0685
2025-08-05 21:00:00+00:00,27.783045,211.21834
2025-08-05 22:00:00+00:00,26.680105,217.87505
2025-08-05 23:00:00+00:00,23.834202,216.0911
2025-08-06 00:00:00+00:00,23.415224,213.07927
2025-08-06 01:00:00+00:00,24.738707,209.17598
2025-08-06 02:00:00+00:00,26.993998,204.00128
2025-08-06 03:00:00+00:00,31.17951,204.19757
2025-08-06 04:00:00+00:00,32.90014,203.19861
2025-08-06 05:00:00+00:00,34.26105,201.57788
2025-08-06 06:00:00+00:00,34.79638,202.18672
2025-08-06 07:00:00+00:00,34.651752,203.90205
2025-08-06 08:00:00+00:00,33.493546,205.4633
2025-08-06 09:00:00+00:00,31.31431,206.27042
2025-08-06 10:00:00+00:00,24.793653,206.751
2025-08-06 11:00:00+00:00,24.149532,206.56499
2025-08-06 12:00:00+00:00,24.152887,205.61017
2025-08-06 13:00:00+00:00,25.52258,205.48067
2025-08-06 14:00:00+00:00,24.206488,200.45639
2025-08-06 15:00:00+00:00,25.501621,198.9466
2025-08-06 16:00:00+00:00,26.099379,204.44394
2025-08-06 17:00:00+00:00,24.268646,209.7975
2025-08-06 18:00:00+00:00,23.015377,213.19295
2025-08-06 19:00:00+00:00,24.177021,219.25938
2025-08-06 20:00:00+00:00,25.715443,226.13434
2025-08-06 21:00:00+00:00,25.487644,227.86247
2025-08-06 22:00:00+00:00,22.282953,226.63654
2025-08-06 23:00:00+00:00,21.3412,219.86739
2025-08-07 00:00:00+00:00,21.485697,211.29298
2025-08-07 01:00:00+00:00,21.096123,205.25313
2025-08-07 02:00:00+00:00,24.746563,203.58167
2025-08-07 03:00:00+00:00,27.142424,204.69551
2025-08-07 04:00:00+00:00,28.827547,205.12492
2025-08-07 05:00:00+00:00,29.62518,205.94225
2025-08-07 06:00:00+00:00,29.954185,207.95088
2025-08-07 07:00:00+00:00,30.07347,209.78732
2025-08-07 08:00:00+00:00,29.268686,211.93065
2025-08-07 09:00:00+00:00,27.709478,214.41273
2025-08-07 10:00:00+00:00,25.051704,219.7528
2025-08-07 11:00:00+00:00,23.842358,221.63345
2025-08-07 12:00:00+00:00,22.183128,221.71066
2025-08-07 13:00:00+00:00,21.437386,220.91429
2025-08-07 14:00:00+00:00,18.188019,218.57127
2025-08-07 15:00:00+00:00,17.688606,211.26367
2025-08-07 16:00:00+00:00,19.966211,205.64096
2025-08-07 17:00:00+00:00,21.335884,207.64589
2025-08-07 18:00:00+00:00,22.724241,212.05345
2025-08-07 19:00:00+00:00,25.275103,217.76768
2025-08-07 20:00:00+00:00,28.64037,224.23619
2025-08-07 21:00:00+00:00,30.36083,228.84613
2025-08-07 22:00:00+00:00,28.348713,229.63554
2025-08-07 23:00:00+00:00,25.853039,223.02507
2025-08-08 00:00:00+00:00,24.770117,217.61943
2025-08-08 01:00:00+00:00,22.416323,214.20053
2025-08-08 02:00:00+00:00,24.541468,210.89162
2025-08-08 03:00:00+00:00,25.436745,202.02733
2025-08-08 04:00:00+00:00,26.936325,194.31487
2025-08-08 05:00:00+00:00,28.349283,192.09474
2025-08-08 06:00:00+00:00,29.127203,195.41045
2025-08-08 07:00:00+00:00,29.348831,201.21419
2025-08-08 08:00:00+00:00,29.144442,205.61543
2025-08-08 09:00:00+00:00,28.747076,208.00908
2025-08-08 10:00:00+00:00,26.674032,211.75943
2025-08-08 11:00:00+00:00,25.913124,212.80696
2025-08-08 12:00:00+00:00,24.480663,211.46945
2025-08-08 13:00:00+00:00,23.646545,210.66449
2025-08-08 14:00:00+00:00,20.212965,208.16243
2025-08-08 15:00:00+00:00,17.782688,201.37068
2025-08-08 16:00:00+00:00,17.706913,197.14563
2025-08-08 17:00:00+00:00,19.206936,190.25676
2025-08-08 18:00:00+00:00,21.158232,189.30199
2025-08-08 19:00:00+00:00,23.27296,208.15059
2025-08-08 20:00:00+00:00,28.260572,226.03215
2025-08-08 21:00:00+00:00,27.502916,226.5911
2025-08-08 22:00:00+00:00,24.638968,220.5558
2025-08-08 23:00:00+00:00,24.064188,213.09575
2025-08-09 00:00:00+00:00,23.832163,211.409
2025-08-09 01:00:00+00:00,23.34455,206.56499
2025-08-09 02:00:00+00:00,24.770773,202.65193
2025-08-09 03:00:00+00:00,25.007048,200.65266
2025-08-09 04:00:00+00:00,25.443748,198.56322
2025-08-09 05:00:00+00:00,26.127295,198.06056
2025-08-09 06:00:00+00:00,25.38702,198.17812
2025-08-09 07:00:00+00:00,23.741585,197.19862
2025-08-09 08:00:00+00:00,22.090187,194.1495
2025-08-09 09:00:00+00:00,20.757051,191.50478
2025-08-09 10:00:00+00:00,18.275984,197.18579
2025-08-09 11:00:00+00:00,17.82091,203.19861
2025-08-09 12:00:00+00:00,16.92383,203.83875
2025-08-09 13:00:00+00:00,16.507088,205.16783
2025-08-09 14:00:00+00:00,14.248452,206.24129
2025-08-09 15:00:00+00:00,12.081473,208.4741
2025-08-09 16:00:00+00:00,11.132385,202.8337
2025-08-09 17:00:00+00:00,11.578912,191.65926
2025-08-09 18:00:00+00:00,13.88919,183.71521
2025-08-09 19:00:00+00:00,15.856356,182.60251
2025-08-09 20:00:00+00:00,17.47484,198.62167
2025-08-09 21:00:00+00:00,22.811758,222.12157
2025-08-09 22:00:00+00:00,26.009844,228.36655
2025-08-09 23:00:00+00:00,25.074327,225.29082
2025-08-10 00:00:00+00:00,21.996117,216.68243
2025-08-10 01:00:00+00:00,19.240644,207.28412
2025-08-10 02:00:00+00:00,20.929594,206.56499
2025-08-10 03:00:00+00:00,21.679354,209.33174
2025-08-10 04:00:00+00:00,22.702845,207.37762
2025-08-10 05:00:00+00:00,23.85051,204.0503
2025-08-10 06:00:00+00:00,24.42236,199.36986
2025-08-10 07:00:00+00:00,24.66591,193.93486
2025-08-10 08:00:00+00:00,24.993439,191.6336
2025-08-10 09:00:00+00:00,24.89277,192.5288
2025-08-10 10:00:00+00:00,21.9718,198.13817
2025-08-10 11:00:00+00:00,21.65468,206.139
2025-08-10 12:00:00+00:00,21.426807,211.95433
2025-08-10 13:00:00+00:00,20.486023,216.06447
2025-08-10 14:00:00+00:00,17.878086,212.24995
2025-08-10 15:00:00+00:00,16.521803,209.35765
2025-08-10 16:00:00+00:00,17.311846,205.23279
2025-08-10 17:00:00+00:00,18.388212,203.05133
2025-08-10 18:00:00+00:00,19.656296,200.92458
2025-08-10 19:00:00+00:00,21.402597,198.13028
2025-08-10 20:00:00+00:00,23.834202,207.91968
2025-08-10 21:00:00+00:00,27.776047,222.37354
2025-08-10 22:00:00+00:00,25.922499,232.3343
2025-08-10 23:00:00+00:00,23.192076,231.61795
2025-08-11 00:00:00+00:00,19.60761,223.51219
2025-08-11 01:00:00+00:00,19.023878,212.6375
2025-08-11 02:00:00+00:00,22.315643,204.29095
2025-08-11 03:00:00+00:00,25.071098,201.03758
2025-08-11 04:00:00+00:00,26.841734,201.23068
2025-08-11 05:00:00+00:00,27.44336,202.35974
2025-08-11 06:00:00+00:00,27.984068,203.10184
2025-08-11 07:00:00+00:00,28.20032,204.11102
2025-08-11 08:00:00+00:00,27.457523,205.22108
2025-08-11 09:00:00+00:00,26.89419,207.93706
2025-08-11 10:00:00+00:00,23.555254,210.28787
2025-08-11 11:00:00+00:00,23.714273,214.17259
2025-08-11 12:00:00+00:00,23.214417,213.93654
2025-08-11 13:00:00+00:00,22.66857,212.68054
2025-08-11 14:00:00+00:00,20.931143,211.63974
2025-08-11 15:00:00+00:00,20.035059,211.4051
2025-08-11 16:00:00+00:00,24.762268,214.03665
2025-08-11 17:00:00+00:00,30.36243,215.10341
2025-08-11 18:00:00+00:00,31.701468,213.4194
2025-08-11 19:00:00+00:00,32.752583,214.47615
2025-08-11 20:00:00+00:00,32.80645,218.31618
2025-08-11 21:00:00+00:00,32.632168,221.86967
2025-08-11 22:00:00+00:00,31.185745,224.29854
2025-08-11 23:00:00+00:00,28.141087,219.28938
2025-08-12 00:00:00+00:00,26.393795,210.76265
2025-08-12 01:00:00+00:00,26.141552,202.6806
2025-08-12 02:00:00+00:00,29.11608,201.01216
2025-08-12 03:00:00+00:00,33.42867,204.49501
2025-08-12 04:00:00+00:00,33.64845,206.70204
2025-08-12 05:00:00+00:00,31.79943,205.83977
2025-08-12 06:00:00+00:00,29.616974,202.51276
2025-08-12 07:00:00+00:00,29.648136,201.73688
2025-08-12 08:00:00+00:00,28.43829,204.29388
2025-08-12 09:00:00+00:00,27.132277,205.54501
2025-08-12 10:00:00+00:00,23.586182,206.76053
2025-08-12 11:00:00+00:00,21.120682,209.62366
2025-08-12 12:00:00+00:00,18.595839,207.06102
2025-08-12 13:00:00+00:00,17.15297,208.1785
2025-08-12 14:00:00+00:00,14.008811,207.55272
2025-08-12 15:00:00+00:00,12.835653,194.62091
2025-08-12 16:00:00+00:00,15.833861,188.49847
2025-08-12 17:00:00+00:00,21.398056,192.63336
2025-08-12 18:00:00+00:00,27.678474,202.56258
2025-08-12 19:00:00+00:00,29.63502,211.08305
2025-08-12 20:00:00+00:00,27.725258,215.75398
2025-08-12 21:00:00+00:00,25.190355,219.49101
2025-08-12 22:00:00+00:00,22.42427,222.39738
2025-08-12 23:00:00+00:00,20.421871,220.71075
2025-08-13 00:00:00+00:00,17.681278,215.46996
2025-08-13 01:00:00+00:00,16.1198,203.70265
2025-08-13 02:00:00+00:00,18.3794,194.17236
2025-08-13 03:00:00+00:00,21.158232,189.30199
2025-08-13 04:00:00+00:00,22.81531,189.53656
2025-08-13 05:00:00+00:00,22.979452,185.84447
2025-08-13 06:00:00+00:00,22.175825,183.25716
2025-08-13 07:00:00+00:00,21.26744,182.91078
2025-08-13 08:00:00+00:00,20.539726,182.5113
2025-08-13 09:00:00+00:00,20.00026,182.57909
2025-08-13 10:00:00+00:00,16.778666,189.26015
2025-08-13 11:00:00+00:00,18.508516,187.26315
2025-08-13 12:00:00+00:00,19.99297,182.06378
2025-08-13 13:00:00+00:00,23.973135,176.98727
2025-08-13 14:00:00+00:00,26.533978,175.72061
2025-08-13 15:00:00+00:00,26.310188,177.2551
2025-08-13 16:00:00+00:00,24.739359,175.40955
2025-08-13 17:00:00+00:00,22.682856,179.09064
2025-08-13 18:00:00+00:00,20.750027,183.97931
2025-08-13 19:00:00+00:00,19.474136,188.5045
2025-08-13 20:00:00+00:00,17.581125,190.6196
2025-08-13 21:00:00+00:00,15.5843,186.63242
2025-08-13 22:00:00+00:00,12.966248,193.65044
2025-08-13 23:00:00+00:00,13.450708,195.52417
2025-08-14 00:00:00+00:00,13.154786,196.69933
2025-08-14 01:00:00+00:00,12.57426,193.24052
2025-08-14 02:00:00+00:00,14.087228,190.3048
2025-08-14 03:00:00+00:00,15.602999,196.76263
2025-08-14 04:00:00+00:00,16.011908,201.08383
2025-08-14 05:00:00+00:00,15.25865,197.15251
2025-08-14 06:00:00+00:00,14.861722,191.1738
2025-08-14 07:00:00+00:00,14.827893,190.49142
2025-08-14 08:00:00+00:00,13.976394,187.3995
2025-08-14 09:00:00+00:00,13.529966,176.186
2025-08-14 10:00:00+00:00,11.705537,181.76236
2025-08-14 11:00:00+00:00,11.767651,173.85347
2025-08-14 12:00:00+00:00,11.367109,169.04597
2025-08-14 13:00:00+00:00,11.448055,163.55954
2025-08-14 14:00:00+00:00,11.679213,155.4099
2025-08-14 15:00:00+00:00,13.681184,147.35538
2025-08-14 16:00:00+00:00,15.898188,149.37007
2025-08-14 17:00:00+00:00,18.434847,153.9354
2025-08-14 18:00:00+00:00,20.00269,164.33783
2025-08-14 19:00:00+00:00,20.520788,180.50256
2025-08-14 20:00:00+00:00,19.340576,194.55362
2025-08-14 21:00:00+00:00,17.655605,203.42871
2025-08-14 22:00:00+00:00,15.951087,220.88171
2025-08-14 23:00:00+00:00,15.668273,227.32785
2025-08-15 00:00:00+00:00,14.545515,229.01427
2025-08-15 01:00:00+00:00,12.218805,224.9999
2025-08-15 02:00:00+00:00,10.766949,218.21107
2025-08-15 03:00:00+00:00,11.132385,230.90614
2025-08-15 04:00:00+00:00,10.261579,248.38516
2025-08-15 05:00:00+00:00,8.885877,263.01904
2025-08-15 06:00:00+00:00,7.2022495,268.56793
2025-08-15 07:00:00+00:00,5.4744864,260.53775
2025-08-15 08:00:00+00:00,4.445672,248.6293
2025-08-15 09:00:00+00:00,3.9312592,254.05453
2025-08-15 10:00:00+00:00,3.8939953,236.3099
2025-08-15 11:00:00+00:00,4.503598,267.70944
2025-08-15 12:00:00+00:00,4.8733153,274.23633
2025-08-15 13:00:00+00:00,5.4744864,297.4075
2025-08-15 14:00:00+00:00,6.638072,347.4712
2025-08-15 15:00:00+00:00,4.724786,17.744766
2025-08-15 16:00:00+00:00,5.8631387,72.12121
2025-08-15 17:00:00+00:00,8.197414,98.841736
2025-08-15 18:00:00+00:00,7.8480825,126.60716
2025-08-15 19:00:00+00:00,6.830519,161.56496
2025-08-15 20:00:00+00:00,8.777654,208.14151
2025-08-15 21:00:00+00:00,13.044722,230.59937
2025-08-15 22:00:00+00:00,14.465102,253.36897
2025-08-15 23:00:00+00:00,14.36621,254.74483
2025-08-16 00:00:00+00:00,14.332341,258.40784
2025-08-16 01:00:00+00:00,13.036026,252.3155
2025-08-16 02:00:00+00:00,14.4415655,247.27023
2025-08-16 03:00:00+00:00,14.637663,253.57062
2025-08-16 04:00:00+00:00,12.503199,263.38663
2025-08-16 05:00:00+00:00,8.849339,274.66678
2025-08-16 06:00:00+00:00,5.506941,281.3099
2025-08-16 07:00:00+00:00,1.609969,333.43503
2025-08-16 08:00:00+00:00,2.50064,59.743652
2025-08-16 09:00:00+00:00,4.8633323,87.87895
2025-08-16 10:00:00+00:00,2.5582807,129.28938
2025-08-16 11:00:00+00:00,3.143565,193.24052
2025-08-16 12:00:00+00:00,7.989243,194.34937
2025-08-16 13:00:00+00:00,8.891344,201.37068
2025-08-16 14:00:00+00:00,9.796366,200.4329
2025-08-16 15:00:00+00:00,15.484185,215.53777
2025-08-16 16:00:00+00:00,21.226265,219.49449
2025-08-16 17:00:00+00:00,20.778112,215.48007
2025-08-16 18:00:00+00:00,17.430283,215.33142
2025-08-16 19:00:00+00:00,16.248924,219.15543
2025-08-16 20:00:00+00:00,15.530151,225.9391
2025-08-16 21:00:00+00:00,15.413928,227.36629
2025-08-16 22:00:00+00:00,12.768586,229.574
2025-08-16 23:00:00+00:00,11.709688,224.9999
2025-08-17 00:00:00+00:00,11.246759,219.80553
2025-08-17 01:00:00+00:00,10.837435,212.10623
2025-08-17 02:00:00+00:00,12.24,208.07239
2025-08-17 03:00:00+00:00,11.837652,208.12364
2025-08-17 04:00:00+00:00,8.880405,197.70052
2025-08-17 05:00:00+00:00,7.2,180.0
2025-08-17 06:00:00+00:00,7.2805495,171.46931
2025-08-17 07:00:00+00:00,7.029225,166.67546
2025-08-17 08:00:00+00:00,5.4833565,156.80138
2025-08-17 09:00:00+00:00,5.692099,145.30478
2025-08-17 10:00:00+00:00,6.4096174,141.84273
2025-08-17 11:00:00+00:00,5.3426957,147.38077
2025-08-17 12:00:00+00:00,4.2175345,129.80553
2025-08-17 13:00:00+00:00,5.9427266,125.13428
2025-08-17 14:00:00+00:00,4.3573384,141.7098
2025-08-17 15:00:00+00:00,1.6299692,83.659904
2025-08-17 16:00:00+00:00,2.4149535,116.56499
2025-08-17 17:00:00+00:00,3.362677,105.52418
2025-08-17 18:00:00+00:00,3.9640884,129.47243
2025-08-17 19:00:00+00:00,6.2067385,150.46132
2025-08-17 20:00:00+00:00,16.507088,205.16783
2025-08-17 21:00:00+00:00,20.778112,238.09988
2025-08-17 22:00:00+00:00,14.224556,268.5498
2025-08-17 23:00:00+00:00,10.248941,300.61853
2025-08-18 00:00:00+00:00,5.720489,282.72437
2025-08-18 01:00:00+00:00,4.353619,277.1249
2025-08-18 02:00:00+00:00,3.8141315,250.70985
2025-08-18 03:00:00+00:00,3.84796,259.21576
2025-08-18 04:00:00+00:00,1.4512063,262.8751
2025-08-18 05:00:00+00:00,1.6299692,96.340096
2025-08-18 06:00:00+00:00,3.8856654,103.39252
2025-08-18 07:00:00+00:00,5.9834766,96.91113
2025-08-18 08:00:00+00:00,7.458606,98.32557
2025-08-18 09:00:00+00:00,7.42159,104.03627
2025-08-18 10:00:00+00:00,4.5,90.0
2025-08-18 11:00:00+00:00,5.720489,77.27565
2025-08-18 12:00:00+00:00,7.208994,87.13766
2025-08-18 13:00:00+00:00,6.248359,131.49637
2025-08-18 14:00:00+00:00,3.0758414,159.44388
2025-08-18 15:00:00+00:00,3.4388947,312.8789
2025-08-18 16:00:00+00:00,6.1226463,24.304548
2025-08-18 17:00:00+00:00,6.3639607,44.999897
2025-08-18 18:00:00+00:00,7.689603,69.44387
2025-08-18 19:00:00+00:00,8.107996,87.45525
2025-08-18 20:00:00+00:00,7.072878,104.743614
2025-08-18 21:00:00+00:00,4.2021427,133.26433
2025-08-18 22:00:00+00:00,4.8466477,195.06854
2025-08-18 23:00:00+00:00,3.2599385,263.6599
2025-08-19 00:00:00+00:00,5.0688457,353.88458
2025-08-19 01:00:00+00:00,4.327493,16.927603
2025-08-19 02:00:00+00:00,2.3051248,38.65983
2025-08-19 03:00:00+00:00,3.7842832,87.27374
2025-08-19 04:00:00+00:00,7.3821945,88.60285
2025-08-19 05:00:00+00:00,12.346741,82.46065
2025-08-19 06:00:00+00:00,13.596852,83.15732
2025-08-19 07:00:00+00:00,14.799459,71.564964
2025-08-19 08:00:00+00:00,15.898188,59.370083
2025-08-19 09:00:00+00:00,16.928614,45.430748
2025-08-19 10:00:00+00:00,14.233664,57.917847
2025-08-19 11:00:00+00:00,13.985663,31.84901
2025-08-19 12:00:00+00:00,13.755579,42.878906
2025-08-19 13:00:00+00:00,11.090103,76.865974
2025-08-19 14:00:00+00:00,14.156058,41.39144
2025-08-19 15:00:00+00:00,13.529966,33.055836
2025-08-19 16:00:00+00:00,9.446141,30.963696
2025-08-19 17:00:00+00:00,10.24578,18.435053
2025-08-19 18:00:00+00:00,10.787993,25.709915
2025-08-19 19:00:00+00:00,10.210936,49.28924
2025-08-19 20:00:00+00:00,11.119281,60.94549
2025-08-19 21:00:00+00:00,11.13384,55.539124
2025-08-19 22:00:00+00:00,9.449572,49.635548
2025-08-19 23:00:00+00:00,9.703319,40.485935
2025-08-20 00:00:00+00:00,9.449572,40.364468
2025-08-20 01:00:00+00:00,9.567131,48.814175
2025-08-20 02:00:00+00:00,10.315115,60.75127
2025-08-20 03:00:00+00:00,13.403656,75.21723
2025-08-20 04:00:00+00:00,16.607864,85.64901
2025-08-20 05:00:00+00:00,19.26084,90.535446
2025-08-20 06:00:00+00:00,19.8,90.0
2025-08-20 07:00:00+00:00,18.431332,84.95764
2025-08-20 08:00:00+00:00,17.208603,74.219185
2025-08-20 09:00:00+00:00,17.801807,65.50811
2025-08-20 10:00:00+00:00,14.110209,60.164555
2025-08-20 11:00:00+00:00,15.4642935,50.194473
2025-08-20 12:00:00+00:00,15.405519,43.579807
2025-08-20 13:00:00+00:00,13.633737,47.675488
2025-08-20 14:00:00+00:00,8.951267,74.84589
2025-08-20 15:00:00+00:00,16.755476,92.46276
2025-08-20 16:00:00+00:00,9.499157,99.81924
2025-08-20 17:00:00+00:00,2.0523157,164.74483
2025-08-20 18:00:00+00:00,3.438895,276.0089
2025-08-20 19:00:00+00:00,2.8174455,333.43503
2025-08-20 20:00:00+00:00,2.4014995,12.99463
2025-08-20 21:00:00+00:00,2.657668,28.30066
2025-08-20 22:00:00+00:00,5.1481256,306.46933
2025-08-20 23:00:00+00:00,5.2323985,333.43503
2025-08-21 00:00:00+00:00,4.143911,2.4894993
2025-08-21 01:00:00+00:00,2.226477,14.036275
2025-08-21 02:00:00+00:00,2.0124612,10.304792
2025-08-21 03:00:00+00:00,3.148714,30.963696
2025-08-21 04:00:00+00:00,2.3469129,57.528828
2025-08-21 05:00:00+00:00,1.1525624,128.65984
2025-08-21 06:00:00+00:00,3.148714,210.96368
2025-08-21 07:00:00+00:00,3.7842832,267.27374
2025-08-21 08:00:00+00:00,3.2399998,270.0
2025-08-21 09:00:00+00:00,7.7900705,220.31403
2025-08-21 10:00:00+00:00,5.506941,191.30989
2025-08-21 11:00:00+00:00,7.0568266,185.85593
2025-08-21 12:00:00+00:00,9.997699,203.33406
2025-08-21 13:00:00+00:00,12.984975,223.87679
2025-08-21 14:00:00+00:00,18.694021,218.74599
2025-08-21 15:00:00+00:00,19.731974,223.89127
2025-08-21 16:00:00+00:00,18.201374,224.59938
2025-08-21 17:00:00+00:00,19.484116,223.12828
2025-08-21 18:00:00+00:00,19.507383,228.36656
2025-08-21 19:00:00+00:00,18.0,233.13002
2025-08-21 20:00:00+00:00,16.279802,234.90411
2025-08-21 21:00:00+00:00,14.941083,233.82028
2025-08-21 22:00:00+00:00,13.755579,222.87889
2025-08-21 23:00:00+00:00,13.943901,219.23735
2025-08-22 00:00:00+00:00,14.7039175,219.53612
2025-08-22 01:00:00+00:00,15.072783,220.15593
2025-08-22 02:00:00+00:00,16.895088,218.9458
2025-08-22 03:00:00+00:00,19.875944,218.01157
2025-08-22 04:00:00+00:00,21.252197,218.81139
2025-08-22 05:00:00+00:00,20.94971,220.12065
2025-08-22 06:00:00+00:00,19.881649,222.06425
2025-08-22 07:00:00+00:00,18.710478,224.61028
2025-08-22 08:00:00+00:00,19.239801,227.65425
2025-08-22 09:00:00+00:00,19.567083,230.59937
2025-08-22 10:00:00+00:00,19.983242,225.3649
2025-08-22 11:00:00+00:00,21.893505,225.66612
2025-08-22 12:00:00+00:00,23.419376,224.9999
2025-08-22 13:00:00+00:00,20.696087,220.06071
2025-08-22 14:00:00+00:00,18.42166,213.84537
2025-08-22 15:00:00+00:00,17.727943,209.16751
2025-08-22 16:00:00+00:00,18.553972,210.29637
2025-08-22 17:00:00+00:00,20.778112,211.90012
2025-08-22 18:00:00+00:00,22.934288,216.06053
2025-08-22 19:00:00+00:00,24.502487,220.82947
2025-08-22 20:00:00+00:00,25.331444,224.1364
2025-08-22 21:00:00+00:00,26.604097,225.82228
2025-08-22 22:00:00+00:00,25.476198,222.70937
2025-08-22 23:00:00+00:00,25.670044,217.59315
2025-08-23 00:00:00+00:00,24.66197,213.6901
2025-08-23 01:00:00+00:00,24.064188,213.09575
2025-08-23 02:00:00+00:00,28.188828,216.43095
2025-08-23 03:00:00+00:00,28.46562,220.6405
2025-08-23 04:00:00+00:00,25.443748,219.54605
2025-08-23 05:00:00+00:00,24.09648,221.66899
2025-08-23 06:00:00+00:00,22.465412,217.51268
2025-08-23 07:00:00+00:00,21.219397,212.88124
2025-08-23 08:00:00+00:00,22.065973,208.23735
2025-08-23 09:00:00+00:00,23.348019,207.55272
2025-08-23 10:00:00+00:00,25.52004,207.2879
2025-08-23 11:00:00+00:00,25.319286,212.22124
2025-08-23 12:00:00+00:00,24.464113,212.98853
2025-08-23 13:00:00+00:00,19.983242,209.10463
2025-08-23 14:00:00+00:00,17.22836,207.36813
2025-08-23 15:00:00+00:00,17.750774,202.6646
2025-08-23 16:00:00+00:00,19.533937,196.59818
2025-08-23 17:00:00+00:00,20.896288,197.03024
2025-08-23 18:00:00+00:00,20.793701,200.78831
2025-08-23 19:00:00+00:00,21.573734,206.77876
2025-08-23 20:00:00+00:00,22.416323,214.20053
2025-08-23 21:00:00+00:00,22.517992,219.1605
2025-08-23 22:00:00+00:00,20.592503,216.46933
2025-08-23 23:00:00+00:00,20.7219,212.5857
2025-08-24 00:00:00+00:00,21.392754,210.88101
2025-08-24 01:00:00+00:00,20.63023,209.24873
2025-08-24 02:00:00+00:00,21.679354,209.33174
2025-08-24 03:00:00+00:00,23.4,216.86998
2025-08-24 04:00:00+00:00,22.66142,223.71275
2025-08-24 05:00:00+00:00,19.373219,221.98714
2025-08-24 06:00:00+00:00,17.823637,218.02728
2025-08-24 07:00:00+00:00,16.165964,217.76314
2025-08-24 08:00:00+00:00,16.530626,215.24765
2025-08-24 09:00:00+00:00,19.125793,215.03627
2025-08-24 10:00:00+00:00,19.567083,219.40063
2025-08-24 11:00:00+00:00,18.204933,226.20175
2025-08-24 12:00:00+00:00,17.82091,224.18163
2025-08-24 13:00:00+00:00,16.13286,215.46344
2025-08-24 14:00:00+00:00,12.783802,212.34741
2025-08-24 15:00:00+00:00,12.879752,206.56499
2025-08-24 16:00:00+00:00,14.813683,207.49905
2025-08-24 17:00:00+00:00,12.841963,211.23915
2025-08-24 18:00:00+00:00,12.594856,210.96368
2025-08-24 19:00:00+00:00,14.634343,211.93065
2025-08-24 20:00:00+00:00,17.072504,222.43619
2025-08-24 21:00:00+00:00,18.686218,234.0131
2025-08-24 22:00:00+00:00,14.138882,238.5359
2025-08-24 23:00:00+00:00,14.539945,238.67136
2025-08-25 00:00:00+00:00,13.462749,240.35022
2025-08-25 01:00:00+00:00,12.682018,235.40765
2025-08-25 02:00:00+00:00,13.902015,228.6746
2025-08-25 03:00:00+00:00,13.624228,223.39404
2025-08-25 04:00:00+00:00,13.125196,222.22076
2025-08-25 05:00:00+00:00,13.18308,235.0079
2025-08-25 06:00:00+00:00,12.303366,249.44386
2025-08-25 07:00:00+00:00,12.860871,263.57135
2025-08-25 08:00:00+00:00,12.825552,265.16968
2025-08-25 09:00:00+00:00,14.414617,254.05453
2025-08-25 10:00:00+00:00,13.615902,245.8068
2025-08-25 11:00:00+00:00,17.247156,251.75404
2025-08-25 12:00:00+00:00,18.1041,252.64589
2025-08-25 13:00:00+00:00,15.710607,251.98013
2025-08-25 14:00:00+00:00,13.447095,242.06294
2025-08-25 15:00:00+00:00,15.876775,237.0306
2025-08-25 16:00:00+00:00,17.068707,242.35411
2025-08-25 17:00:00+00:00,17.396793,241.57889
2025-08-25 18:00:00+00:00,17.534992,238.43108
2025-08-25 19:00:00+00:00,17.49615,233.3658
2025-08-25 20:00:00+00:00,17.681278,234.53004
2025-08-25 21:00:00+00:00,17.660192,240.0379
2025-08-25 22:00:00+00:00,17.878086,237.75005
2025-08-25 23:00:00+00:00,18.272436,235.84026
2025-08-26 00:00:00+00:00,17.174677,236.97612
2025-08-26 01:00:00+00:00,16.828796,237.66985
2025-08-26 02:00:00+00:00,17.975681,235.19592
2025-08-26 03:00:00+00:00,17.772663,236.14896
2025-08-26 04:00:00+00:00,16.87398,236.3099
2025-08-26 05:00:00+00:00,16.981165,237.99466
2025-08-26 06:00:00+00:00,15.807239,239.9315
2025-08-26 07:00:00+00:00,15.575981,236.3099
2025-08-26 08:00:00+00:00,16.92383,231.91118
2025-08-26 09:00:00+00:00,19.313757,230.67303
2025-08-26 10:00:00+00:00,21.20412,232.93546
2025-08-26 11:00:00+00:00,23.051247,231.34016
2025-08-26 12:00:00+00:00,17.468348,243.69905
2025-08-26 13:00:00+00:00,16.092644,233.6427
2025-08-26 14:00:00+00:00,15.833861,220.38927
2025-08-26 15:00:00+00:00,16.560978,217.49272
2025-08-26 16:00:00+00:00,18.022486,214.00754
2025-08-26 17:00:00+00:00,19.175703,212.34741
2025-08-26 18:00:00+00:00,19.91503,209.80902
2025-08-26 19:00:00+00:00,20.527103,215.36255
2025-08-26 20:00:00+00:00,21.76512,225.33504
2025-08-26 21:00:00+00:00,22.011578,230.97432
2025-08-26 22:00:00+00:00,22.019672,237.3492
2025-08-26 23:00:00+00:00,20.188908,238.8611
2025-08-27 00:00:00+00:00,17.325876,237.30054
2025-08-27 01:00:00+00:00,15.443328,229.25392
2025-08-27 02:00:00+00:00,16.16496,224.54892
2025-08-27 03:00:00+00:00,16.188995,221.84506
2025-08-27 04:00:00+00:00,15.3802595,214.9921
2025-08-27 05:00:00+00:00,13.864674,209.56026
2025-08-27 06:00:00+00:00,11.9466305,210.81564
2025-08-27 07:00:00+00:00,9.5416975,215.78906
2025-08-27 08:00:00+00:00,7.0107627,221.87778
2025-08-27 09:00:00+00:00,6.7565966,221.76021
2025-08-27 10:00:00+00:00,9.801326,224.25603
2025-08-27 11:00:00+00:00,12.855831,225.56718
2025-08-27 12:00:00+00:00,12.86087,223.29869
2025-08-27 13:00:00+00:00,11.583109,237.05078
2025-08-27 14:00:00+00:00,5.4119864,273.814
2025-08-27 15:00:00+00:00,3.1845248,312.70938
2025-08-27 16:00:00+00:00,0.40249225,116.56499
2025-08-27 17:00:00+00:00,5.7402787,138.81418
2025-08-27 18:00:00+00:00,9.648067,143.3438
2025-08-27 19:00:00+00:00,11.453715,149.80847
2025-08-27 20:00:00+00:00,11.874544,165.96373
2025-08-27 21:00:00+00:00,12.815443,190.52074
2025-08-27 22:00:00+00:00,16.671148,217.98355
2025-08-27 23:00:00+00:00,18.581022,234.46223
2025-08-28 00:00:00+00:00,18.435726,242.68448
2025-08-28 01:00:00+00:00,16.833609,245.35324
2025-08-28 02:00:00+00:00,16.584438,244.26935
2025-08-28 03:00:00+00:00,16.10472,242.00294
2025-08-28 04:00:00+00:00,15.543706,241.6544
2025-08-28 05:00:00+00:00,14.01806,245.73871
2025-08-28 06:00:00+00:00,11.213581,251.27411
2025-08-28 07:00:00+00:00,7.731622,257.90524
2025-08-28 08:00:00+00:00,6.379216,253.61038
2025-08-28 09:00:00+00:00,6.66,251.07526
2025-08-28 10:00:00+00:00,10.096059,258.6901
2025-08-28 11:00:00+00:00,11.525623,268.2101
2025-08-28 12:00:00+00:00,10.837435,274.76355
2025-08-28 13:00:00+00:00,10.105681,265.91446
2025-08-28 14:00:00+00:00,10.036512,237.45
2025-08-28 15:00:00+00:00,10.233123,219.28938
2025-08-28 16:00:00+00:00,12.397806,205.82094
2025-08-28 17:00:00+00:00,14.206323,202.3407
2025-08-28 18:00:00+00:00,15.941944,205.40767
2025-08-28 19:00:00+00:00,18.272436,214.15974
2025-08-28 20:00:00+00:00,19.222954,223.86191
2025-08-28 21:00:00+00:00,19.54389,229.85667
2025-08-28 22:00:00+00:00,21.167418,236.44504
2025-08-28 23:00:00+00:00,20.26899,236.59215
2025-08-29 00:00:00+00:00,18.047638,231.07245
2025-08-29 01:00:00+00:00,16.546299,224.9999
2025-08-29 02:00:00+00:00,16.458931,221.00899
2025-08-29 03:00:00+00:00,16.595179,220.60121
2025-08-29 04:00:00+00:00,16.341381,220.53276
2025-08-29 05:00:00+00:00,15.856354,219.47243
2025-08-29 06:00:00+00:00,13.5,216.86998
2025-08-29 07:00:00+00:00,10.036512,212.54999
2025-08-29 08:00:00+00:00,9.9408245,211.67543
2025-08-29 09:00:00+00:00,9.252069,217.09291
2025-08-29 10:00:00+00:00,9.796366,249.56708
2025-08-29 11:00:00+00:00,10.735306,235.24402
2025-08-29 12:00:00+00:00,11.226575,228.90059
2025-08-29 13:00:00+00:00,14.986553,204.10223
2025-08-29 14:00:00+00:00,9.914717,195.80258
2025-08-29 15:00:00+00:00,6.320538,160.0168
2025-08-29 16:00:00+00:00,11.367109,169.04597
2025-08-29 17:00:00+00:00,13.902014,175.54448
2025-08-29 18:00:00+00:00,13.14,180.0
2025-08-29 19:00:00+00:00,13.722565,184.5139
2025-08-29 20:00:00+00:00,17.069656,194.03627
2025-08-29 21:00:00+00:00,19.33639,204.17911
2025-08-29 22:00:00+00:00,22.724241,237.94655
2025-08-29 23:00:00+00:00,23.469128,249.341
2025-08-30 00:00:00+00:00,22.057894,242.80772
2025-08-30 01:00:00+00:00,21.026125,237.94266
2025-08-30 02:00:00+00:00,20.196127,233.33427
2025-08-30 03:00:00+00:00,18.201374,225.40062
2025-08-30 04:00:00+00:00,15.444377,216.46933
2025-08-30 05:00:00+00:00,17.623463,214.17703
2025-08-30 06:00:00+00:00,18.976131,218.0657
2025-08-30 07:00:00+00:00,16.548256,225.8813
2025-08-30 08:00:00+00:00,15.03835,227.9109
2025-08-30 09:00:00+00:00,15.236338,218.76553
2025-08-30 10:00:00+00:00,18.645428,220.30124
2025-08-30 11:00:00+00:00,26.16509,207.44637
2025-08-30 12:00:00+00:00,27.75621,217.09291
2025-08-30 13:00:00+00:00,22.406927,226.30188
2025-08-30 14:00:00+00:00,14.941083,233.82028
2025-08-30 15:00:00+00:00,14.731435,215.04945
2025-08-30 16:00:00+00:00,14.734735,205.31285
2025-08-30 17:00:00+00:00,18.057508,203.49858
2025-08-30 18:00:00+00:00,17.709658,206.56499
2025-08-30 19:00:00+00:00,17.471132,207.62099
2025-08-30 20:00:00+00:00,15.874734,209.18071
2025-08-30 21:00:00+00:00,14.128566,225.5161
2025-08-30 22:00:00+00:00,11.177405,255.06853
2025-08-30 23:00:00+00:00,9.6480665,255.96373
2025-08-31 00:00:00+00:00,9.627896,249.19313
2025-08-31 01:00:00+00:00,10.636766,246.0375
2025-08-31 02:00:00+00:00,11.679212,241.46011
2025-08-31 03:00:00+00:00,14.277983,236.3099
2025-08-31 04:00:00+00:00,15.841022,233.78107
2025-08-31 05:00:00+00:00,17.381886,238.12044
2025-08-31 06:00:00+00:00,17.786331,234.0578
2025-08-31 07:00:00+00:00,19.118168,232.26689
2025-08-31 08:00:00+00:00,20.421871,229.28925
2025-08-31 09:00:00+00:00,21.650938,227.02136
2025-08-31 10:00:00+00:00,20.746122,231.34018
2025-08-31 11:00:00+00:00,19.8,233.13002
2025-08-31 12:00:00+00:00,19.171478,235.71307
2025-08-31 13:00:00+00:00,14.544401,233.55547
2025-08-31 14:00:00+00:00,8.783189,224.16977
2025-08-31 15:00:00+00:00,3.6402748,188.53069
2025-08-31 16:00:00+00:00,5.5916004,93.691315
2025-08-31 17:00:00+00:00,7.8149853,104.67644
2025-08-31 18:00:00+00:00,10.799999,126.86998
2025-08-31 19:00:00+00:00,12.961249,142.33432
2025-08-31 20:00:00+00:00,11.7827835,161.28816
2025-08-31 21:00:00+00:00,10.656547,195.67958
2025-08-31 22:00:00+00:00,16.045261,226.81828
2025-08-31 23:00:00+00:00,19.878391,234.58286
2025-09-01 00:00:00+00:00,19.90852,232.71559
2025-09-01 01:00:00+00:00,19.373219,228.01286
2025-09-01 02:00:00+00:00,20.875343,225.69861
2025-09-01 03:00:00+00:00,22.183128,228.28934
2025-09-01 04:00:00+00:00,20.523945,228.19963
2025-09-01 05:00:00+00:00,18.466455,226.97493
2025-09-01 06:00:00+00:00,16.341381,229.46724
2025-09-01 07:00:00+00:00,11.304229,232.76509
2025-09-01 08:00:00+00:00,10.883676,235.78424
2025-09-01 09:00:00+00:00,11.298495,239.34941
2025-09-01 10:00:00+00:00,10.706596,243.00424
2025-09-01 11:00:00+00:00,9.485504,236.61147
2025-09-01 12:00:00+00:00,7.0934615,234.29321
2025-09-01 13:00:00+00:00,2.6758924,222.27362
2025-09-01 14:00:00+00:00,4.323748,92.385895
2025-09-01 15:00:00+00:00,8.287822,92.4895
2025-09-01 16:00:00+00:00,10.957847,104.26455
2025-09-01 17:00:00+00:00,12.7279215,118.7397
2025-09-01 18:00:00+00:00,13.493999,136.08084
2025-09-01 19:00:00+00:00,12.181625,161.0295
2025-09-01 20:00:00+00:00,13.854155,204.56715
2025-09-01 21:00:00+00:00,20.421871,229.28925
2025-09-01 22:00:00+00:00,22.075516,234.62517
2025-09-01 23:00:00+00:00,21.437386,229.08571
2025-09-02 00:00:00+00:00,20.625517,223.58565
2025-09-02 01:00:00+00:00,19.64228,221.2846
2025-09-02 02:00:00+00:00,20.65848,221.4676
2025-09-02 03:00:00+00:00,21.964426,220.34657
2025-09-02 04:00:00+00:00,22.404757,218.8036
2025-09-02 05:00:00+00:00,21.505293,218.8845
2025-09-02 06:00:00+00:00,18.783066,219.94612
2025-09-02 07:00:00+00:00,15.580141,220.31403
2025-09-02 08:00:00+00:00,13.789691,215.97247
2025-09-02 09:00:00+00:00,12.348052,210.6772
2025-09-02 10:00:00+00:00,13.049689,204.44394
2025-09-02 11:00:00+00:00,12.367716,201.33693
2025-09-02 12:00:00+00:00,13.32,198.92474
2025-09-02 13:00:00+00:00,14.018059,192.6086
2025-09-02 14:00:00+00:00,14.113653,185.85593
2025-09-02 15:00:00+00:00,14.759999,180.0
2025-09-02 16:00:00+00:00,15.3264475,176.6336
2025-09-02 17:00:00+00:00,17.134071,176.38618
2025-09-02 18:00:00+00:00,19.987295,178.45187
2025-09-02 19:00:00+00:00,22.506477,181.3748
2025-09-02 20:00:00+00:00,23.242315,187.56523
2025-09-02 21:00:00+00:00,22.242203,203.86833
2025-09-02 22:00:00+00:00,22.575472,232.12495
2025-09-02 23:00:00+00:00,22.396078,241.16913
2025-09-03 00:00:00+00:00,21.03229,240.80261
2025-09-03 01:00:00+00:00,19.370708,236.75291
2025-09-03 02:00:00+00:00,18.613253,232.46512
2025-09-03 03:00:00+00:00,18.668005,230.4774
2025-09-03 04:00:00+00:00,17.769016,230.3431
2025-09-03 05:00:00+00:00,16.388897,231.2419
2025-09-03 06:00:00+00:00,13.437455,230.9806
2025-09-03 07:00:00+00:00,9.97986,230.85602
2025-09-03 08:00:00+00:00,7.0934615,234.29321
2025-09-03 09:00:00+00:00,5.4833565,246.80138
2025-09-03 10:00:00+00:00,9.627896,249.19313
2025-09-03 11:00:00+00:00,8.996398,250.11475
2025-09-03 12:00:00+00:00,7.8583965,249.90468
2025-09-03 13:00:00+00:00,9.178235,244.44008
2025-09-03 14:00:00+00:00,1.6299692,263.6599
2025-09-03 15:00:00+00:00,13.306615,59.96681
2025-09-03 16:00:00+00:00,12.7546215,98.93051
2025-09-03 17:00:00+00:00,13.37825,113.80595
2025-09-03 18:00:00+00:00,14.33347,125.28683
2025-09-03 19:00:00+00:00,13.644427,143.58353
2025-09-03 20:00:00+00:00,11.555102,161.8472
2025-09-03 21:00:00+00:00,8.287822,177.5105
2025-09-03 22:00:00+00:00,5.12289,198.43504
2025-09-03 23:00:00+00:00,3.4388947,227.12111
2025-09-04 00:00:00+00:00,2.6208394,285.94547
2025-09-04 01:00:00+00:00,7.0774574,352.69434
2025-09-04 02:00:00+00:00,11.903159,20.353325
2025-09-04 03:00:00+00:00,14.796175,36.591183
2025-09-04 04:00:00+00:00,15.405519,43.579807
2025-09-04 05:00:00+00:00,18.731247,42.27363
2025-09-04 06:00:00+00:00,20.95203,36.96843
2025-09-04 07:00:00+00:00,21.434364,29.147985
2025-09-04 08:00:00+00:00,22.461807,21.630953
2025-09-04 09:00:00+00:00,23.50844,18.296318
2025-09-04 10:00:00+00:00,21.82755,21.275045
2025-09-04 11:00:00+00:00,21.495497,27.423267
2025-09-04 12:00:00+00:00,20.868359,34.101322
2025-09-04 13:00:00+00:00,18.138071,40.16952
2025-09-04 14:00:00+00:00,14.33347,54.713177
2025-09-04 15:00:00+00:00,14.174356,72.25524
2025-09-04 16:00:00+00:00,15.484185,91.33219
2025-09-04 17:00:00+00:00,14.98331,106.04001
2025-09-04 18:00:00+00:00,11.435313,118.1785
2025-09-04 19:00:00+00:00,8.574123,129.0355
2025-09-04 20:00:00+00:00,5.257109,141.95291
2025-09-04 21:00:00+00:00,3.745557,125.21768
2025-09-04 22:00:00+00:00,2.9301877,137.4896
2025-09-04 23:00:00+00:00,3.1072817,79.99209
2025-09-05 00:00:00+00:00,5.634891,63.435013
2025-09-05 01:00:00+00:00,8.297589,49.398785
2025-09-05 02:00:00+00:00,13.647988,41.256912
2025-09-05 03:00:00+00:00,16.055355,42.27363
2025-09-05 04:00:00+00:00,15.124284,51.766144
2025-09-05 05:00:00+00:00,14.148046,53.275806
2025-09-05 06:00:00+00:00,14.14232,47.579197
2025-09-05 07:00:00+00:00,14.545515,40.98574
2025-09-05 08:00:00+00:00,14.926983,33.6901
2025-09-05 09:00:00+00:00,14.98331,28.720238
2025-09-05 10:00:00+00:00,17.288435,14.470333
2025-09-05 11:00:00+00:00,19.211996,12.99463
2025-09-05 12:00:00+00:00,20.380579,17.474865
2025-09-05 13:00:00+00:00,19.849846,30.518148
2025-09-05 14:00:00+00:00,16.966848,48.871357
2025-09-05 15:00:00+00:00,16.029099,65.44956
2025-09-05 16:00:00+00:00,16.546297,75.5102
2025-09-05 17:00:00+00:00,15.655862,81.404175
2025-09-05 18:00:00+00:00,17.176563,84.58823
2025-09-05 19:00:00+00:00,16.902758,82.042564
2025-09-05 20:00:00+00:00,13.499999,73.73973
2025-09-05 21:00:00+00:00,11.983188,57.264786
2025-09-05 22:00:00+00:00,11.466438,42.455162
2025-09-05 23:00:00+00:00,12.348051,36.702953
2025-09-06 00:00:00+00:00,11.7,36.86999
2025-09-06 01:00:00+00:00,11.9140415,26.952108
2025-09-06 02:00:00+00:00,14.693999,30.963696
2025-09-06 03:00:00+00:00,17.423777,33.19758
2025-09-06 04:00:00+00:00,19.249905,28.482098
2025-09-06 05:00:00+00:00,21.976223,26.77485
2025-09-06 06:00:00+00:00,24.24928,28.847963
2025-09-06 07:00:00+00:00,26.005484,27.629156
2025-09-06 08:00:00+00:00,27.530586,26.397455
2025-09-06 09:00:00+00:00,30.06862,35.497902
2025-09-06 10:00:00+00:00,25.36212,56.87384
2025-09-06 11:00:00+00:00,23.05476,47.21478
2025-09-06 12:00:00+00:00,24.32665,42.90109
2025-09-06 13:00:00+00:00,21.313093,37.450653
2025-09-06 14:00:00+00:00,21.319935,40.548744
2025-09-06 15:00:00+00:00,20.765635,42.54092
2025-09-06 16:00:00+00:00,20.269789,48.2398
2025-09-06 17:00:00+00:00,18.459436,46.18518
2025-09-06 18:00:00+00:00,17.826363,43.36347
2025-09-06 19:00:00+00:00,15.882896,38.55843
2025-09-06 20:00:00+00:00,15.077082,33.310646
2025-09-06 21:00:00+00:00,17.229301,32.195713
2025-09-06 22:00:00+00:00,12.931218,38.784386
2025-09-06 23:00:00+00:00,13.799087,30.579157
2025-09-07 00:00:00+00:00,15.299999,28.072395
2025-09-07 01:00:00+00:00,17.22742,26.029541
2025-09-07 02:00:00+00:00,19.869423,33.546135
2025-09-07 03:00:00+00:00,23.531172,39.412735
2025-09-07 04:00:00+00:00,24.567856,45.890446
2025-09-07 05:00:00+00:00,24.091774,51.67444
2025-09-07 06:00:00+00:00,23.566256,57.1596
2025-09-07 07:00:00+00:00,22.17144,57.600174
2025-09-07 08:00:00+00:00,22.35626,52.853233
2025-09-07 09:00:00+00:00,23.080044,48.477886
2025-09-07 10:00:00+00:00,17.935081,51.51978
2025-09-07 11:00:00+00:00,20.118975,56.309914
2025-09-07 12:00:00+00:00,16.516901,69.59004
2025-09-07 13:00:00+00:00,15.281989,74.98159
2025-09-07 14:00:00+00:00,15.825675,70.740616
2025-09-07 15:00:00+00:00,17.065859,63.705273
2025-09-07 16:00:00+00:00,18.329973,72.27668
2025-09-07 17:00:00+00:00,19.023027,83.48029
2025-09-07 18:00:00+00:00,17.82091,90.57872
2025-09-07 19:00:00+00:00,16.740969,89.38396
2025-09-07 20:00:00+00:00,18.307867,83.22444
2025-09-07 21:00:00+00:00,20.015642,78.58905
2025-09-07 22:00:00+00:00,19.759048,83.198784
2025-09-07 23:00:00+00:00,21.010712,80.13426
2025-09-08 00:00:00+00:00,22.004951,76.75947
2025-09-08 01:00:00+00:00,24.5817,76.87959
2025-09-08 02:00:00+00:00,26.14465,82.48365
2025-09-08 03:00:00+00:00,25.565702,91.21027
2025-09-08 04:00:00+00:00,31.054565,105.80861
2025-09-08 05:00:00+00:00,33.25765,106.669624
2025-09-08 06:00:00+00:00,35.98559,109.885254
2025-09-08 07:00:00+00:00,37.247387,110.36169
2025-09-08 08:00:00+00:00,41.47428,114.89669
2025-09-08 09:00:00+00:00,41.750687,119.43839
2025-09-08 10:00:00+00:00,33.77291,121.48742
2025-09-08 11:00:00+00:00,35.656815,120.31882
2025-09-08 12:00:00+00:00,36.461887,121.88542
2025-09-08 13:00:00+00:00,34.316326,125.60764
2025-09-08 14:00:00+00:00,31.96964,127.45065
2025-09-08 15:00:00+00:00,31.178993,126.0761
2025-09-08 16:00:00+00:00,31.033691,126.2718
2025-09-08 17:00:00+00:00,30.895573,128.13852
2025-09-08 18:00:00+00:00,30.706226,132.3866
2025-09-08 19:00:00+00:00,29.793125,136.46873
2025-09-08 20:00:00+00:00,28.528723,137.04541
2025-09-08 21:00:00+00:00,27.511158,137.12111
2025-09-08 22:00:00+00:00,22.274227,135.32738
2025-09-08 23:00:00+00:00,22.932877,132.45515
2025-09-09 00:00:00+00:00,22.199188,131.05472
2025-09-09 01:00:00+00:00,22.218153,130.39983
2025-09-09 02:00:00+00:00,22.922983,133.09087
2025-09-09 03:00:00+00:00,22.932877,137.54485
2025-09-09 04:00:00+00:00,24.817816,145.04195
2025-09-09 05:00:00+00:00,24.541468,149.10838
2025-09-09 06:00:00+00:00,24.514387,150.04648
2025-09-09 07:00:00+00:00,24.651457,151.1893
2025-09-09 08:00:00+00:00,24.391161,153.24593
2025-09-09 09:00:00+00:00,24.088411,155.73322
2025-09-09 10:00:00+00:00,22.7057,154.65387
2025-09-09 11:00:00+00:00,20.858265,158.74942
2025-09-09 12:00:00+00:00,16.640022,164.30994
2025-09-09 13:00:00+00:00,14.178928,171.97285
2025-09-09 14:00:00+00:00,13.722565,175.4861
2025-09-09 15:00:00+00:00,13.864674,178.51216
2025-09-09 16:00:00+00:00,13.14493,178.43068
2025-09-09 17:00:00+00:00,12.78,180.0
2025-09-09 18:00:00+00:00,12.108261,185.11722
2025-09-09 19:00:00+00:00,11.897714,190.45985
2025-09-09 20:00:00+00:00,11.481968,193.60056
2025-09-09 21:00:00+00:00,11.265469,192.926
2025-09-09 22:00:00+00:00,10.914888,193.34874
2025-09-09 23:00:00+00:00,11.351422,194.69736
2025-09-10 00:00:00+00:00,11.620809,196.18927
2025-09-10 01:00:00+00:00,12.0694,197.35411
2025-09-10 02:00:00+00:00,12.487641,195.03787
2025-09-10 03:00:00+00:00,15.898188,195.76724
2025-09-10 04:00:00+00:00,17.654688,200.28264
2025-09-10 05:00:00+00:00,18.116623,205.29198
2025-09-10 06:00:00+00:00,19.249905,208.48209
2025-09-10 07:00:00+00:00,20.188908,211.13892
2025-09-10 08:00:00+00:00,20.26899,213.40784
2025-09-10 09:00:00+00:00,20.025352,215.11867
2025-09-10 10:00:00+00:00,20.371038,223.56796
2025-09-10 11:00:00+00:00,20.256998,222.47913
2025-09-10 12:00:00+00:00,17.448862,222.90984
2025-09-10 13:00:00+00:00,15.027575,223.05852
2025-09-10 14:00:00+00:00,15.281989,223.09087
2025-09-10 15:00:00+00:00,16.697365,221.94122
2025-09-10 16:00:00+00:00,17.00881,219.41737
2025-09-10 17:00:00+00:00,17.534992,215.81125
2025-09-10 18:00:00+00:00,18.431332,211.82741
2025-09-10 19:00:00+00:00,19.32801,212.0619
2025-09-10 20:00:00+00:00,19.48079,215.5993
2025-09-10 21:00:00+00:00,19.228851,218.15727
2025-09-10 22:00:00+00:00,18.839045,224.22588
2025-09-10 23:00:00+00:00,19.09358,224.23619
2025-09-11 00:00:00+00:00,18.96503,225.38449
2025-09-11 01:00:00+00:00,18.975277,223.07805
2025-09-11 02:00:00+00:00,18.807201,219.17365
2025-09-11 03:00:00+00:00,24.912935,217.36674
2025-09-11 04:00:00+00:00,27.217524,217.47626
2025-09-11 05:00:00+00:00,28.701956,218.37926
2025-09-11 06:00:00+00:00,29.61752,220.56345
2025-09-11 07:00:00+00:00,28.939722,221.72223
2025-09-11 08:00:00+00:00,28.152023,222.66795
2025-09-11 09:00:00+00:00,27.256779,222.85909
2025-09-11 10:00:00+00:00,25.264202,220.95541
2025-09-11 11:00:00+00:00,24.89277,220.60121
2025-09-11 12:00:00+00:00,21.3412,219.86739
2025-09-11 13:00:00+00:00,17.604149,217.10432
2025-09-11 14:00:00+00:00,16.546299,210.7499
2025-09-11 15:00:00+00:00,17.750774,202.6646
2025-09-11 16:00:00+00:00,19.41081,198.9391
2025-09-11 17:00:00+00:00,20.83806,199.68721
2025-09-11 18:00:00+00:00,21.913475,204.24919
2025-09-11 19:00:00+00:00,22.32653,209.45831
2025-09-11 20:00:00+00:00,22.517273,212.92786
2025-09-11 21:00:00+00:00,22.370024,214.84102
2025-09-11 22:00:00+00:00,22.183128,221.71066
2025-09-11 23:00:00+00:00,20.793701,221.13916
2025-09-12 00:00:00+00:00,19.706507,219.06847
2025-09-12 01:00:00+00:00,19.469976,213.6901
2025-09-12 02:00:00+00:00,20.385345,209.0545
2025-09-12 03:00:00+00:00,26.161995,212.92471
2025-09-12 04:00:00+00:00,25.530193,211.44865
2025-09-12 05:00:00+00:00,25.630886,209.44533
2025-09-12 06:00:00+00:00,26.211487,210.08641
2025-09-12 07:00:00+00:00,26.464897,212.50107
2025-09-12 08:00:00+00:00,26.560217,214.22859
2025-09-12 09:00:00+00:00,26.388884,216.401
2025-09-12 10:00:00+00:00,26.14403,218.2902
2025-09-12 11:00:00+00:00,25.975565,219.09386
2025-09-12 12:00:00+00:00,24.248611,220.78572
2025-09-12 13:00:00+00:00,20.099642,218.82008
2025-09-12 14:00:00+00:00,18.772715,214.452
2025-09-12 15:00:00+00:00,18.532135,209.0545
2025-09-12 16:00:00+00:00,18.435726,207.31552
2025-09-12 17:00:00+00:00,18.675814,206.31802
2025-09-12 18:00:00+00:00,18.837322,206.0753
2025-09-12 19:00:00+00:00,18.13003,209.10976
2025-09-12 20:00:00+00:00,17.229301,212.19571
2025-09-12 21:00:00+00:00,16.375053,213.34073
2025-09-12 22:00:00+00:00,16.489416,216.11943
2025-09-12 23:00:00+00:00,16.1198,209.42737
2025-09-13 00:00:00+00:00,16.42247,206.0033
2025-09-13 01:00:00+00:00,17.23588,204.69154
2025-09-13 02:00:00+00:00,17.750774,202.6646
2025-09-13 03:00:00+00:00,22.140732,205.52338
2025-09-13 04:00:00+00:00,23.375757,209.5259
2025-09-13 05:00:00+00:00,23.337608,211.11526
2025-09-13 06:00:00+00:00,23.763409,213.56973
2025-09-13 07:00:00+00:00,24.628447,215.78116
2025-09-13 08:00:00+00:00,24.485952,218.1336
2025-09-13 09:00:00+00:00,23.78453,219.47243
2025-09-13 10:00:00+00:00,22.862833,220.2098
2025-09-13 11:00:00+00:00,22.678572,222.42659
2025-09-13 12:00:00+00:00,22.152435,226.31683
2025-09-13 13:00:00+00:00,18.075441,225.80684
2025-09-13 14:00:00+00:00,16.529644,218.36752
2025-09-13 15:00:00+00:00,16.74387,206.84042
2025-09-13 16:00:00+00:00,17.5931,199.73277
2025-09-13 17:00:00+00:00,18.38557,198.25766
2025-09-13 18:00:00+00:00,17.950432,201.16133
2025-09-13 19:00:00+00:00,17.065859,206.29472
2025-09-13 20:00:00+00:00,17.068707,207.64589
2025-09-13 21:00:00+00:00,17.727943,209.16751
2025-09-13 22:00:00+00:00,17.065859,217.71605
2025-09-13 23:00:00+00:00,15.589497,216.0761
2025-09-14 00:00:00+00:00,14.20062,210.46547
2025-09-14 01:00:00+00:00,14.039999,202.6199
2025-09-14 02:00:00+00:00,14.810401,196.23242
2025-09-14 03:00:00+00:00,19.017065,197.06294
2025-09-14 04:00:00+00:00,20.499462,200.02618
2025-09-14 05:00:00+00:00,21.461555,202.69383
2025-09-14 06:00:00+00:00,22.004953,203.6294
2025-09-14 07:00:00+00:00,22.151703,204.48247
2025-09-14 08:00:00+00:00,23.023117,206.96564
2025-09-14 09:00:00+00:00,23.584808,211.26367
2025-09-14 10:00:00+00:00,22.752028,216.96065
2025-09-14 11:00:00+00:00,22.589102,220.79929
2025-09-14 12:00:00+00:00,21.915691,222.33694
2025-09-14 13:00:00+00:00,20.270588,217.7858
2025-09-14 14:00:00+00:00,19.969458,207.95087
2025-09-14 15:00:00+00:00,21.109173,204.16092
2025-09-14 16:00:00+00:00,21.594748,201.0033
2025-09-14 17:00:00+00:00,21.72638,201.88962
2025-09-14 18:00:00+00:00,21.498512,205.27768
2025-09-14 19:00:00+00:00,21.335884,207.64589
2025-09-14 20:00:00+00:00,21.167418,213.55496
2025-09-14 21:00:00+00:00,21.392754,218.50926
2025-09-14 22:00:00+00:00,20.501833,223.22124
2025-09-14 23:00:00+00:00,19.290257,220.07932
2025-09-15 00:00:00+00:00,17.477621,212.38066
2025-09-15 01:00:00+00:00,17.325876,203.90205
2025-09-15 02:00:00+00:00,20.438522,199.5521
2025-09-15 03:00:00+00:00,25.0064,202.8737
2025-09-15 04:00:00+00:00,24.478014,205.24594
2025-09-15 05:00:00+00:00,24.231236,205.99396
2025-09-15 06:00:00+00:00,24.490585,204.30453
2025-09-15 07:00:00+00:00,24.804104,204.89128
2025-09-15 08:00:00+00:00,24.71512,207.31145
2025-09-15 09:00:00+00:00,24.604755,210.3167
2025-09-15 10:00:00+00:00,23.464296,214.05582
2025-09-15 11:00:00+00:00,22.97522,215.4334
2025-09-15 12:00:00+00:00,22.222528,215.10616
2025-09-15 13:00:00+00:00,21.392754,210.88101
2025-09-15 14:00:00+00:00,20.719553,198.74985
2025-09-15 15:00:00+00:00,23.018896,192.18861
2025-09-15 16:00:00+00:00,24.569832,190.9806
2025-09-15 17:00:00+00:00,24.897974,195.94547
2025-09-15 18:00:00+00:00,24.25262,204.09201
2025-09-15 19:00:00+00:00,22.66857,212.68054
2025-09-15 20:00:00+00:00,21.028437,218.04709
2025-09-15 21:00:00+00:00,20.270588,217.7858
2025-09-15 22:00:00+00:00,18.772715,214.452
2025-09-15 23:00:00+00:00,18.999168,205.8367
2025-09-16 00:00:00+00:00,19.130875,199.79897
2025-09-16 01:00:00+00:00,19.260841,195.72481
2025-09-16 02:00:00+00:00,21.829777,193.34874
2025-09-16 03:00:00+00:00,25.71733,195.00896
2025-09-16 04:00:00+00:00,27.396093,196.41086
2025-09-16 05:00:00+00:00,27.720585,198.55269
2025-09-16 06:00:00+00:00,26.875513,202.4428
2025-09-16 07:00:00+00:00,25.772078,204.77512
2025-09-16 08:00:00+00:00,24.310665,206.37526
2025-09-16 09:00:00+00:00,22.945587,207.57005
2025-09-16 10:00:00+00:00,19.941854,210.96368
2025-09-16 11:00:00+00:00,19.976755,212.1148
2025-09-16 12:00:00+00:00,19.787722,211.23184
2025-09-16 13:00:00+00:00,19.73854,208.90225
2025-09-16 14:00:00+00:00,18.501513,199.31645
2025-09-16 15:00:00+00:00,20.898611,190.92276
2025-09-16 16:00:00+00:00,23.023119,189.90411
2025-09-16 17:00:00+00:00,24.098497,193.82867
2025-09-16 18:00:00+00:00,23.337608,198.43504
2025-09-16 19:00:00+00:00,21.816414,205.93076
2025-09-16 20:00:00+00:00,20.497883,210.61853
2025-09-16 21:00:00+00:00,19.070658,213.84009
2025-09-16 22:00:00+00:00,18.188019,218.57127
2025-09-16 23:00:00+00:00,16.813387,217.60606
2025-09-17 00:00:00+00:00,15.176678,213.87857
2025-09-17 01:00:00+00:00,13.690653,208.24963
2025-09-17 02:00:00+00:00,14.578888,200.22495
2025-09-17 03:00:00+00:00,16.344357,196.63889
2025-09-17 04:00:00+00:00,17.069656,194.03627
2025-09-17 05:00:00+00:00,17.337091,192.59332
2025-09-17 06:00:00+00:00,17.337091,192.59332
2025-09-17 07:00:00+00:00,17.363237,197.49585
2025-09-17 08:00:00+00:00,17.325876,203.90205
2025-09-17 09:00:00+00:00,16.994516,208.46506
2025-09-17 10:00:00+00:00,15.627897,212.77487
2025-09-17 11:00:00+00:00,15.627897,212.77487
2025-09-17 12:00:00+00:00,15.22783,212.93869
2025-09-17 13:00:00+00:00,15.027575,214.26115
2025-09-17 14:00:00+00:00,13.926464,206.89616
2025-09-17 15:00:00+00:00,16.394829,199.23076
2025-09-17 16:00:00+00:00,19.866161,197.94254
2025-09-17 17:00:00+00:00,22.206486,199.90384
2025-09-17 18:00:00+00:00,21.99538,201.10492
2025-09-17 19:00:00+00:00,21.295605,202.88068
2025-09-17 20:00:00+00:00,20.609016,205.89359
2025-09-17 21:00:00+00:00,20.00512,210.25635
2025-09-17 22:00:00+00:00,17.935081,218.48022
2025-09-17 23:00:00+00:00,17.630814,220.0302
2025-09-18 00:00:00+00:00,17.10284,220.73201
2025-09-18 01:00:00+00:00,16.024044,218.15727
2025-09-18 02:00:00+00:00,16.78156,215.39488
2025-09-18 03:00:00+00:00,17.077248,212.51749
2025-09-18 04:00:00+00:00,18.431332,211.82741
2025-09-18 05:00:00+00:00,19.603477,210.33209
2025-09-18 06:00:00+00:00,19.969458,207.95087
2025-09-18 07:00:00+00:00,20.128637,205.41925
2025-09-18 08:00:00+00:00,20.160805,203.13145
2025-09-18 09:00:00+00:00,20.49235,202.73604
2025-09-18 10:00:00+00:00,19.080849,207.53189
2025-09-18 11:00:00+00:00,19.022177,209.4758
2025-09-18 12:00:00+00:00,18.709612,210.01828
2025-09-18 13:00:00+00:00,17.935986,211.45677
2025-09-18 14:00:00+00:00,16.09969,206.56499
2025-09-18 15:00:00+00:00,17.777222,195.86577
2025-09-18 16:00:00+00:00,19.73854,189.97765
2025-09-18 17:00:00+00:00,20.617662,192.09474
2025-09-18 18:00:00+00:00,20.871464,192.95758
2025-09-18 19:00:00+00:00,20.431387,194.28113
2025-09-18 20:00:00+00:00,19.255793,200.80687
2025-09-18 21:00:00+00:00,18.287502,208.8354
2025-09-18 22:00:00+00:00,16.388897,218.7581
2025-09-18 23:00:00+00:00,14.84318,219.09384
2025-09-19 00:00:00+00:00,13.935767,215.53777
2025-09-19 01:00:00+00:00,13.864674,209.56026
2025-09-19 02:00:00+00:00,15.215058,205.95871
2025-09-19 03:00:00+00:00,17.15297,208.1785
2025-09-19 04:00:00+00:00,18.03237,206.05344
2025-09-19 05:00:00+00:00,20.188908,201.99118
2025-09-19 06:00:00+00:00,20.562586,203.19861
2025-09-19 07:00:00+00:00,19.33639,208.9509
2025-09-19 08:00:00+00:00,18.226276,214.94574
2025-09-19 09:00:00+00:00,17.570988,217.92653
2025-09-19 10:00:00+00:00,15.408671,217.40543
2025-09-19 11:00:00+00:00,14.508715,217.43864
2025-09-19 12:00:00+00:00,14.156058,221.39143
2025-09-19 13:00:00+00:00,13.513193,221.76021
2025-09-19 14:00:00+00:00,12.325728,208.8107
2025-09-19 15:00:00+00:00,13.719023,199.14822
2025-09-19 16:00:00+00:00,14.743526,197.77141
2025-09-19 17:00:00+00:00,16.34832,200.62996
2025-09-19 18:00:00+00:00,17.483181,208.93991
2025-09-19 19:00:00+00:00,17.208603,217.34943
2025-09-19 20:00:00+00:00,17.055414,224.9999
2025-09-19 21:00:00+00:00,16.458931,228.99101
2025-09-19 22:00:00+00:00,14.689588,233.97253
2025-09-19 23:00:00+00:00,13.920647,229.72021
2025-09-20 00:00:00+00:00,13.748513,223.93918
2025-09-20 01:00:00+00:00,13.861168,217.61403
2025-09-20 02:00:00+00:00,14.178927,213.08485
2025-09-20 03:00:00+00:00,15.1884165,211.42952
2025-09-20 04:00:00+00:00,16.63905,211.2826
2025-09-20 05:00:00+00:00,17.504478,210.25636
2025-09-20 06:00:00+00:00,17.629894,212.06735
2025-09-20 07:00:00+00:00,17.82818,215.13426
2025-09-20 08:00:00+00:00,17.794525,218.84084
2025-09-20 09:00:00+00:00,17.581125,222.5104
2025-09-20 10:00:00+00:00,17.377226,219.95749
2025-09-20 11:00:00+00:00,16.674063,225.43732
2025-09-20 12:00:00+00:00,15.6806755,228.25731
2025-09-20 13:00:00+00:00,14.512064,226.00499
2025-09-20 14:00:00+00:00,12.599998,216.86998
2025-09-20 15:00:00+00:00,13.363711,207.25525
2025-09-20 16:00:00+00:00,14.256409,204.62355
2025-09-20 17:00:00+00:00,15.629971,208.92633
2025-09-20 18:00:00+00:00,17.077248,212.51749
2025-09-20 19:00:00+00:00,18.076338,218.12523
2025-09-20 20:00:00+00:00,18.839045,224.22588
2025-09-20 21:00:00+00:00,19.388264,228.76413
2025-09-20 22:00:00+00:00,18.978693,234.65175
2025-09-20 23:00:00+00:00,18.289274,233.8067
2025-09-21 00:00:00+00:00,16.870138,230.19447
2025-09-21 01:00:00+00:00,15.659999,223.60289
2025-09-21 02:00:00+00:00,15.518672,217.93333
2025-09-21 03:00:00+00:00,16.530626,215.24765
2025-09-21 04:00:00+00:00,17.782686,211.75943
2025-09-21 05:00:00+00:00,19.400795,207.04044
2025-09-21 06:00:00+00:00,20.291357,205.2011
2025-09-21 07:00:00+00:00,20.071411,209.55359
2025-09-21 08:00:00+00:00,19.273453,214.72906
2025-09-21 09:00:00+00:00,18.762356,220.72044
2025-09-21 10:00:00+00:00,15.7908325,226.8476
2025-09-21 11:00:00+00:00,14.545515,229.01427
2025-09-21 12:00:00+00:00,13.298089,230.49236
2025-09-21 13:00:00+00:00,11.870451,229.30457
2025-09-21 14:00:00+00:00,11.385622,219.22566
2025-09-21 15:00:00+00:00,13.18308,214.9921
2025-09-21 16:00:00+00:00,14.941085,211.20045
2025-09-21 17:00:00+00:00,17.414474,209.7448
2025-09-21 18:00:00+00:00,19.32801,212.0619
2025-09-21 19:00:00+00:00,20.340796,216.36296
2025-09-21 20:00:00+00:00,21.047688,221.18582
2025-09-21 21:00:00+00:00,21.265156,226.71489
2025-09-21 22:00:00+00:00,21.555704,228.72415
2025-09-21 23:00:00+00:00,21.047688,228.81418
2025-09-22 00:00:00+00:00,19.862083,226.46873
2025-09-22 01:00:00+00:00,18.075441,224.19316
2025-09-22 02:00:00+00:00,17.10284,220.73201
2025-09-22 03:00:00+00:00,17.1,216.86998
2025-09-22 04:00:00+00:00,17.04021,211.17128
2025-09-22 05:00:00+00:00,18.057508,203.49858
2025-09-22 06:00:00+00:00,19.18246,198.60506
2025-09-22 07:00:00+00:00,19.18246,198.60506
2025-09-22 08:00:00+00:00,18.58451,201.59537
2025-09-22 09:00:00+00:00,17.563608,204.20097
2025-09-22 10:00:00+00:00,16.284779,203.44807
2025-09-22 11:00:00+00:00,16.019999,205.98918
2025-09-22 12:00:00+00:00,15.874734,209.18071
2025-09-22 13:00:00+00:00,14.041154,216.13547
2025-09-22 14:00:00+00:00,13.287122,215.62799
2025-09-22 15:00:00+00:00,14.539945,211.32863
2025-09-22 16:00:00+00:00,16.021011,207.42865
2025-09-22 17:00:00+00:00,17.630812,207.3498
2025-09-22 18:00:00+00:00,18.183563,211.6446
2025-09-22 19:00:00+00:00,19.48162,218.24646
2025-09-22 20:00:00+00:00,20.625517,226.41435
2025-09-22 21:00:00+00:00,20.35274,231.10278
2025-09-22 22:00:00+00:00,18.710478,225.38972
2025-09-22 23:00:00+00:00,18.52951,219.87679
2025-09-23 00:00:00+00:00,18.079027,215.2725
2025-09-23 01:00:00+00:00,17.012617,209.81998
2025-09-23 02:00:00+00:00,16.833609,204.64676
2025-09-23 03:00:00+00:00,18.519018,201.07756
2025-09-23 04:00:00+00:00,20.099642,199.89552
2025-09-23 05:00:00+00:00,21.982119,196.65439
2025-09-23 06:00:00+00:00,23.096882,194.9027
2025-09-23 07:00:00+00:00,22.5,196.26028
2025-09-23 08:00:00+00:00,21.762886,200.83345
2025-09-23 09:00:00+00:00,20.454369,204.9864
2025-09-23 10:00:00+00:00,19.95485,201.70549
2025-09-23 11:00:00+00:00,19.56377,205.62195
2025-09-23 12:00:00+00:00,18.689688,208.78651
2025-09-23 13:00:00+00:00,15.807239,210.0685
2025-09-23 14:00:00+00:00,13.527572,205.2011
2025-09-23 15:00:00+00:00,14.118243,199.35909
2025-09-23 16:00:00+00:00,15.676542,195.31288
2025-09-23 17:00:00+00:00,17.418196,198.06056
2025-09-23 18:00:00+00:00,19.826164,209.35765
2025-09-23 19:00:00+00:00,22.0285,223.34456
2025-09-23 20:00:00+00:00,22.355536,229.89915
2025-09-23 21:00:00+00:00,21.94524,228.99101
2025-09-23 22:00:00+00:00,21.010712,223.26433
2025-09-23 23:00:00+00:00,19.846582,218.74097
2025-09-24 00:00:00+00:00,18.434847,215.86295
2025-09-24 01:00:00+00:00,17.878086,212.24995
2025-09-24 02:00:00+00:00,18.445389,208.56573
2025-09-24 03:00:00+00:00,21.09305,207.43964
2025-09-24 04:00:00+00:00,21.347271,204.40396
2025-09-24 05:00:00+00:00,22.430773,202.65527
2025-09-24 06:00:00+00:00,22.763416,202.30626
2025-09-24 07:00:00+00:00,23.33136,202.21188
2025-09-24 08:00:00+00:00,23.358425,204.5901
2025-09-24 09:00:00+00:00,23.426292,205.97433
2025-09-24 10:00:00+00:00,23.270874,205.1775
2025-09-24 11:00:00+00:00,23.264608,206.16849
2025-09-24 12:00:00+00:00,22.553936,208.61037
2025-09-24 13:00:00+00:00,19.983242,209.10463
2025-09-24 14:00:00+00:00,17.570988,209.45358
2025-09-24 15:00:00+00:00,17.555307,208.14151
2025-09-24 16:00:00+00:00,17.873556,207.5972
2025-09-24 17:00:00+00:00,18.59671,205.82094
2025-09-24 18:00:00+00:00,18.921415,205.34613
2025-09-24 19:00:00+00:00,20.00512,210.25635
2025-09-24 20:00:00+00:00,20.778112,221.83955
2025-09-24 21:00:00+00:00,20.972897,230.57222
2025-09-24 22:00:00+00:00,19.731974,234.27995
2025-09-24 23:00:00+00:00,17.769016,230.3431
2025-09-25 00:00:00+00:00,15.782622,224.9999
2025-09-25 01:00:00+00:00,13.935767,215.53777
2025-09-25 02:00:00+00:00,13.472372,202.79655
2025-09-25 03:00:00+00:00,16.22498,199.44012
2025-09-25 04:00:00+00:00,17.555305,195.46127
2025-09-25 05:00:00+00:00,19.42833,193.39252
2025-09-25 06:00:00+00:00,21.007626,192.36905
2025-09-25 07:00:00+00:00,21.613495,192.99461
2025-09-25 08:00:00+00:00,21.240763,196.74583
2025-09-25 09:00:00+00:00,19.992968,200.55612
2025-09-25 10:00:00+00:00,20.232191,203.6002
2025-09-25 11:00:00+00:00,19.240644,207.28412
2025-09-25 12:00:00+00:00,18.030575,211.94472
2025-09-25 13:00:00+00:00,15.926694,214.40852
2025-09-25 14:00:00+00:00,13.878689,213.89621
2025-09-25 15:00:00+00:00,13.954354,210.20316
2025-09-25 16:00:00+00:00,13.926464,206.89616
2025-09-25 17:00:00+00:00,14.33234,205.27768
2025-09-25 18:00:00+00:00,15.743571,202.1664
2025-09-25 19:00:00+00:00,16.851885,203.27898
2025-09-25 20:00:00+00:00,16.189997,208.55952
2025-09-25 21:00:00+00:00,14.438198,215.86992
2025-09-25 22:00:00+00:00,13.393983,221.18584
2025-09-25 23:00:00+00:00,12.242646,221.42357
2025-09-26 00:00:00+00:00,11.988594,221.34767
2025-09-26 01:00:00+00:00,11.616626,220.60121
2025-09-26 02:00:00+00:00,11.212135,222.39738
2025-09-26 03:00:00+00:00,13.491598,224.9999
2025-09-26 04:00:00+00:00,14.51876,227.00955
2025-09-26 05:00:00+00:00,13.513193,221.76021
2025-09-26 06:00:00+00:00,11.583109,212.94922
2025-09-26 07:00:00+00:00,10.234705,203.86018
2025-09-26 08:00:00+00:00,9.335737,199.13374
2025-09-26 09:00:00+00:00,8.035746,195.59286
2025-09-26 10:00:00+00:00,8.688613,193.17256
2025-09-26 11:00:00+00:00,8.431228,196.1135
2025-09-26 12:00:00+00:00,7.6473517,206.56499
2025-09-26 13:00:00+00:00,7.7900705,220.31403
2025-09-26 14:00:00+00:00,8.281956,227.6426
2025-09-26 15:00:00+00:00,9.673221,224.9999
2025-09-26 16:00:00+00:00,10.97262,221.00899
2025-09-26 17:00:00+00:00,12.362475,222.04915
2025-09-26 18:00:00+00:00,12.992459,227.24576
2025-09-26 19:00:00+00:00,13.581354,235.25674
2025-09-26 20:00:00+00:00,13.690654,245.11966
2025-09-26 21:00:00+00:00,14.156058,258.26144
2025-09-26 22:00:00+00:00,13.239487,262.9717
2025-09-26 23:00:00+00:00,12.632101,265.91446
2025-09-27 00:00:00+00:00,11.5199995,270.0
2025-09-27 01:00:00+00:00,9.726665,267.87894
2025-09-27 02:00:00+00:00,7.79215,263.36758
2025-09-27 03:00:00+00:00,8.311245,265.03033
2025-09-27 04:00:00+00:00,8.459999,270.0
2025-09-27 05:00:00+00:00,7.415038,275.5721
2025-09-27 06:00:00+00:00,4.896529,287.1028
2025-09-27 07:00:00+00:00,2.7416782,293.1986
2025-09-27 08:00:00+00:00,2.50064,300.25635
2025-09-27 09:00:00+00:00,3.710795,309.09384
2025-09-27 10:00:00+00:00,3.244996,273.17978
2025-09-27 11:00:00+00:00,4.080882,311.42358
2025-09-27 12:00:00+00:00,6.8423676,324.63745
2025-09-27 13:00:00+00:00,7.327127,332.176
2025-09-27 14:00:00+00:00,5.318383,336.0375
2025-09-27 15:00:00+00:00,4.39436,325.0079
2025-09-27 16:00:00+00:00,4.198285,300.96368
2025-09-27 17:00:00+00:00,5.1197267,280.1246
2025-09-27 18:00:00+00:00,7.247096,284.38144
2025-09-27 19:00:00+00:00,9.743304,295.14474
2025-09-27 20:00:00+00:00,11.183201,303.17853
2025-09-27 21:00:00+00:00,11.304229,307.23492
2025-09-27 22:00:00+00:00,8.9873905,302.7352
2025-09-27 23:00:00+00:00,6.502461,318.36655
2025-09-28 00:00:00+00:00,4.514377,4.5738406
2025-09-28 01:00:00+00:00,5.315336,61.69934
2025-09-28 02:00:00+00:00,6.7205353,82.30404
2025-09-28 03:00:00+00:00,8.821836,91.16911
2025-09-28 04:00:00+00:00,11.521406,90.89516
2025-09-28 05:00:00+00:00,12.860871,83.57135
2025-09-28 06:00:00+00:00,14.658676,65.32315
2025-09-28 07:00:00+00:00,17.46,47.92505
2025-09-28 08:00:00+00:00,19.507383,41.63345
2025-09-28 09:00:00+00:00,21.112242,39.117546
2025-09-28 10:00:00+00:00,19.875944,38.011578
2025-09-28 11:00:00+00:00,20.276182,35.242126
2025-09-28 12:00:00+00:00,20.36865,33.830544
2025-09-28 13:00:00+00:00,16.427402,34.73493
2025-09-28 14:00:00+00:00,13.854155,24.567156
2025-09-28 15:00:00+00:00,14.05845,13.324542
2025-09-28 16:00:00+00:00,14.369594,12.295259
2025-09-28 17:00:00+00:00,15.086748,17.354122
2025-09-28 18:00:00+00:00,15.151039,23.824263
2025-09-28 19:00:00+00:00,14.73913,28.442837
2025-09-28 20:00:00+00:00,13.985663,31.84901
2025-09-28 21:00:00+00:00,12.791403,39.289394
2025-09-28 22:00:00+00:00,11.183201,56.82148
2025-09-28 23:00:00+00:00,11.103243,73.033775
2025-09-29 00:00:00+00:00,11.788281,82.9836
2025-09-29 01:00:00+00:00,12.785069,91.6135
2025-09-29 02:00:00+00:00,13.039754,96.340096
2025-09-29 03:00:00+00:00,17.01738,100.359
2025-09-29 04:00:00+00:00,17.194475,96.00892
2025-09-29 05:00:00+00:00,17.534992,84.699165
2025-09-29 06:00:00+00:00,19.811451,72.55273
2025-09-29 07:00:00+00:00,22.406927,66.3179
2025-09-29 08:00:00+00:00,24.07563,64.77611
2025-09-29 09:00:00+00:00,25.103384,67.66451
2025-09-29 10:00:00+00:00,23.665035,68.11761
2025-09-29 11:00:00+00:00,25.0064,67.126305
2025-09-29 12:00:00+00:00,26.878527,73.26392
2025-09-29 13:00:00+00:00,23.826725,81.74757
2025-09-29 14:00:00+00:00,20.211363,85.91447
2025-09-29 15:00:00+00:00,19.440834,89.46951
2025-09-29 16:00:00+00:00,18.108572,96.27721
2025-09-29 17:00:00+00:00,16.293728,106.03241
2025-09-29 18:00:00+00:00,14.986553,114.102234
2025-09-29 19:00:00+00:00,14.423605,119.12396
2025-09-29 20:00:00+00:00,12.659004,119.84584
2025-09-29 21:00:00+00:00,11.435313,118.1785
2025-09-29 22:00:00+00:00,10.070353,114.27443
2025-09-29 23:00:00+00:00,9.236298,123.07069
2025-09-30 00:00:00+00:00,8.099999,126.86999
2025-09-30 01:00:00+00:00,7.891311,135.0001
2025-09-30 02:00:00+00:00,9.361731,142.02834
2025-09-30 03:00:00+00:00,11.983188,147.26479
2025-09-30 04:00:00+00:00,13.036026,144.5542
2025-09-30 05:00:00+00:00,12.606426,136.73567
2025-09-30 06:00:00+00:00,12.599998,126.86999
2025-09-30 07:00:00+00:00,13.644427,120.96369
2025-09-30 08:00:00+00:00,14.266632,119.4758
2025-09-30 09:00:00+00:00,14.178927,118.84257
2025-09-30 10:00:00+00:00,13.584932,122.00535
2025-09-30 11:00:00+00:00,13.229693,123.90632
2025-09-30 12:00:00+00:00,13.5012,132.83891
2025-09-30 13:00:00+00:00,10.837435,147.89377
2025-09-30 14:00:00+00:00,12.245293,155.69547
2025-09-30 15:00:00+00:00,12.979984,160.55988
2025-09-30 16:00:00+00:00,13.1412325,166.53477
2025-09-30 17:00:00+00:00,13.619471,172.40544
2025-09-30 18:00:00+00:00,15.3264475,176.6336
2025-09-30 19:00:00+00:00,16.74,180.0
2025-09-30 20:00:00+00:00,17.83454,182.31367
2025-09-30 21:00:00+00:00,16.774803,183.69131
2025-09-30 22:00:00+00:00,12.549757,188.24623
2025-09-30 23:00:00+00:00,9.826088,188.42688
2025-10-01 00:00:00+00:00,8.083983,191.5601
2025-10-01 01:00:00+00:00,7.613382,186.78888
2025-10-01 02:00:00+00:00,9.007196,182.29056
2025-10-01 03:00:00+00:00,10.446206,178.02512
2025-10-01 04:00:00+00:00,9.9408245,174.80566
2025-10-01 05:00:00+00:00,7.7983837,161.14674
2025-10-01 06:00:00+00:00,7.7900705,139.68597
2025-10-01 07:00:00+00:00,8.400428,135.0001
2025-10-01 08:00:00+00:00,8.909545,135.0001
2025-10-01 09:00:00+00:00,8.790563,132.5104
2025-10-01 10:00:00+00:00,5.5567255,155.09526
2025-10-01 11:00:00+00:00,5.2323985,153.43501
2025-10-01 12:00:00+00:00,4.863332,141.009
2025-10-01 13:00:00+00:00,5.9427266,144.86572
2025-10-01 14:00:00+00:00,7.8954163,155.77226
2025-10-01 15:00:00+00:00,9.847496,161.89615
2025-10-01 16:00:00+00:00,12.399112,166.56895
2025-10-01 17:00:00+00:00,14.561099,171.46931
2025-10-01 18:00:00+00:00,15.3264475,176.6336
2025-10-01 19:00:00+00:00,15.890034,184.54796
2025-10-01 20:00:00+00:00,16.309628,190.81383
2025-10-01 21:00:00+00:00,16.720633,194.33546
2025-10-01 22:00:00+00:00,15.596767,198.85326
2025-10-01 23:00:00+00:00,13.32,198.92474
2025-10-02 00:00:00+00:00,11.334285,200.44963
2025-10-02 01:00:00+00:00,10.534229,196.88687
2025-10-02 02:00:00+00:00,10.739833,193.57045
2025-10-02 03:00:00+00:00,12.57426,193.24052
2025-10-02 04:00:00+00:00,10.449306,190.92276
2025-10-02 05:00:00+00:00,7.256032,172.87508
2025-10-02 06:00:00+00:00,6.6624317,128.41809
2025-10-02 07:00:00+00:00,10.075177,108.75875
2025-10-02 08:00:00+00:00,11.844492,106.78272
2025-10-02 09:00:00+00:00,11.726277,107.87879
2025-10-02 10:00:00+00:00,6.6818557,94.635376
2025-10-02 11:00:00+00:00,7.208994,92.86235
2025-10-02 12:00:00+00:00,8.6867485,95.94677
2025-10-02 13:00:00+00:00,9.227524,110.55612
2025-10-02 14:00:00+00:00,9.9408245,132.06425
2025-10-02 15:00:00+00:00,10.00256,149.74365
2025-10-02 16:00:00+00:00,11.566313,159.02643
2025-10-02 17:00:00+00:00,12.638512,162.59721
2025-10-02 18:00:00+00:00,12.886039,167.90526
2025-10-02 19:00:00+00:00,13.330941,177.67851
2025-10-02 20:00:00+00:00,13.346729,190.09744
2025-10-02 21:00:00+00:00,13.125196,205.15927
2025-10-02 22:00:00+00:00,12.616702,227.89134
2025-10-02 23:00:00+00:00,12.74954,239.4525
2025-10-03 00:00:00+00:00,12.245293,245.69547
2025-10-03 01:00:00+00:00,10.897063,247.6713
2025-10-03 02:00:00+00:00,10.589448,238.20113
2025-10-03 03:00:00+00:00,10.97262,228.99101
2025-10-03 04:00:00+00:00,8.149847,223.21011
2025-10-03 05:00:00+00:00,3.4576871,231.34016
2025-10-03 06:00:00+00:00,0.40249225,63.435013
2025-10-03 07:00:00+00:00,3.438895,96.00892
2025-10-03 08:00:00+00:00,5.426933,95.7105
2025-10-03 09:00:00+00:00,6.206738,106.85848
2025-10-03 10:00:00+00:00,4.0449963,110.854546
2025-10-03 11:00:00+00:00,6.151683,110.55613
2025-10-03 12:00:00+00:00,10.829958,158.5522
2025-10-03 13:00:00+00:00,13.690654,204.88034
2025-10-03 14:00:00+00:00,9.659814,206.56499
2025-10-03 15:00:00+00:00,7.9932976,187.76508
2025-10-03 16:00:00+00:00,13.379461,197.21616
2025-10-03 17:00:00+00:00,13.504799,201.0924
2025-10-03 18:00:00+00:00,13.708391,203.19861
2025-10-03 19:00:00+00:00,13.934605,208.5513
2025-10-03 20:00:00+00:00,12.383424,212.53505
2025-10-03 21:00:00+00:00,10.656547,217.45065
2025-10-03 22:00:00+00:00,11.45513,224.9999
2025-10-03 23:00:00+00:00,9.931042,223.53127
2025-10-04 00:00:00+00:00,9.5535755,222.70937
2025-10-04 01:00:00+00:00,9.422101,223.45189
2025-10-04 02:00:00+00:00,9.686609,228.01286
2025-10-04 03:00:00+00:00,12.904882,239.85869
2025-10-04 04:00:00+00:00,14.578888,249.77505
2025-10-04 05:00:00+00:00,13.842457,257.22876
2025-10-04 06:00:00+00:00,11.928989,264.80566
2025-10-04 07:00:00+00:00,9.72,270.0
2025-10-04 08:00:00+00:00,7.7734165,264.68555
2025-10-04 09:00:00+00:00,6.5520988,254.05453
2025-10-04 10:00:00+00:00,8.187527,236.65927
2025-10-04 11:00:00+00:00,10.185519,226.43204
2025-10-04 12:00:00+00:00,13.14,221.112
2025-10-04 13:00:00+00:00,16.676977,212.6609
2025-10-04 14:00:00+00:00,18.620214,209.53868
2025-10-04 15:00:00+00:00,21.219397,212.88124
2025-10-04 16:00:00+00:00,22.575472,217.87505
2025-10-04 17:00:00+00:00,23.842358,221.63345
2025-10-04 18:00:00+00:00,24.713154,222.6386
2025-10-04 19:00:00+00:00,24.858906,221.77126
2025-10-04 20:00:00+00:00,24.337303,222.30214
2025-10-04 21:00:00+00:00,23.804276,225.919
2025-10-04 22:00:00+00:00,21.183481,229.13477
2025-10-04 23:00:00+00:00,21.691305,229.03781
2025-10-05 00:00:00+00:00,21.79487,228.01286
2025-10-05 01:00:00+00:00,21.384424,225.68198
2025-10-05 02:00:00+00:00,21.183481,220.86523
2025-10-05 03:00:00+00:00,26.044699,220.5153
2025-10-05 04:00:00+00:00,26.174995,217.73682
2025-10-05 05:00:00+00:00,25.71733,215.02495
2025-10-05 06:00:00+00:00,25.415718,212.56454
2025-10-05 07:00:00+00:00,24.916187,209.8988
2025-10-05 08:00:00+00:00,25.298166,208.93571
2025-10-05 09:00:00+00:00,25.965584,209.94185
2025-10-05 10:00:00+00:00,26.660059,213.15361
2025-10-05 11:00:00+00:00,27.169865,212.00534
2025-10-05 12:00:00+00:00,28.525314,211.58377
2025-10-05 13:00:00+00:00,27.22288,208.42896
2025-10-05 14:00:00+00:00,28.417774,205.91579
2025-10-05 15:00:00+00:00,27.582321,203.05133
2025-10-05 16:00:00+00:00,26.189844,199.6804
2025-10-05 17:00:00+00:00,27.682571,200.55612
2025-10-05 18:00:00+00:00,28.66468,205.27768
2025-10-05 19:00:00+00:00,28.622265,209.78949
2025-10-05 20:00:00+00:00,28.467327,212.08215
2025-10-05 21:00:00+00:00,28.606976,213.19012
2025-10-05 22:00:00+00:00,25.944988,209.0545
2025-10-05 23:00:00+00:00,25.840504,206.92195
2025-10-06 00:00:00+00:00,27.053347,207.75845
2025-10-06 01:00:00+00:00,24.393152,205.80867
2025-10-06 02:00:00+00:00,26.64608,206.04572
2025-10-06 03:00:00+00:00,33.598335,213.86037
2025-10-06 04:00:00+00:00,33.517235,217.3623
2025-10-06 05:00:00+00:00,32.105156,219.31198
2025-10-06 06:00:00+00:00,31.551384,220.14032
2025-10-06 07:00:00+00:00,31.227278,221.96259
2025-10-06 08:00:00+00:00,30.935394,223.82132
2025-10-06 09:00:00+00:00,30.805777,225.94685
2025-10-06 10:00:00+00:00,28.135906,226.29599
2025-10-06 11:00:00+00:00,28.36985,232.47566
2025-10-06 12:00:00+00:00,22.862123,243.8385
2025-10-06 13:00:00+00:00,12.466867,287.6502
2025-10-06 14:00:00+00:00,16.557064,348.07928
2025-10-06 15:00:00+00:00,19.820442,2.6025116
2025-10-06 16:00:00+00:00,18.861387,13.240531
2025-10-06 17:00:00+00:00,15.017871,13.869714
2025-10-06 18:00:00+00:00,12.313893,15.255177
2025-10-06 19:00:00+00:00,9.278297,18.083544
2025-10-06 20:00:00+00:00,7.029225,13.324542
2025-10-06 21:00:00+00:00,7.928178,357.3975
2025-10-06 22:00:00+00:00,14.096425,5.1281104
2025-10-06 23:00:00+00:00,14.05845,13.324542
2025-10-07 00:00:00+00:00,15.94804,20.48045
2025-10-07 01:00:00+00:00,18.838184,27.29949
2025-10-07 02:00:00+00:00,18.738165,31.246876
2025-10-07 03:00:00+00:00,17.726116,32.56043
2025-10-07 04:00:00+00:00,14.251863,27.859566
2025-10-07 05:00:00+00:00,10.9859,18.138186
2025-10-07 06:00:00+00:00,9.47012,8.746089
2025-10-07 07:00:00+00:00,10.63372,2.9107854
2025-10-07 08:00:00+00:00,11.183201,3.691312
2025-10-07 09:00:00+00:00,11.767651,6.1465325
2025-10-07 10:00:00+00:00,11.213581,18.725883
2025-10-07 11:00:00+00:00,11.19189,27.801373
2025-10-07 12:00:00+00:00,11.9466305,30.815645
2025-10-07 13:00:00+00:00,12.325728,28.810698
2025-10-07 14:00:00+00:00,14.512064,29.744795
2025-10-07 15:00:00+00:00,16.724508,34.032173
2025-10-07 16:00:00+00:00,17.769016,39.656914
2025-10-07 17:00:00+00:00,17.055414,44.999897
2025-10-07 18:00:00+00:00,15.804164,52.869
2025-10-07 19:00:00+00:00,14.49531,61.84391
2025-10-07 20:00:00+00:00,13.83192,71.80074
2025-10-07 21:00:00+00:00,12.461669,79.17704
2025-10-07 22:00:00+00:00,10.993271,87.1845
2025-10-07 23:00:00+00:00,10.285232,94.0141
2025-10-08 00:00:00+00:00,9.499157,99.81924
2025-10-08 01:00:00+00:00,8.905908,104.03627
2025-10-08 02:00:00+00:00,7.689603,106.31393
2025-10-08 03:00:00+00:00,8.731391,104.32276
2025-10-08 04:00:00+00:00,9.114471,99.090195
2025-10-08 05:00:00+00:00,6.849467,86.98728
2025-10-08 06:00:00+00:00,4.6102495,51.34017
2025-10-08 07:00:00+00:00,7.029225,357.0644
2025-10-08 08:00:00+00:00,10.783487,345.4998
2025-10-08 09:00:00+00:00,11.874544,345.9637
2025-10-08 10:00:00+00:00,10.088033,344.47583
2025-10-08 11:00:00+00:00,9.885262,349.50858
2025-10-08 12:00:00+00:00,10.801499,359.04517
2025-10-08 13:00:00+00:00,10.829959,15.42223
2025-10-08 14:00:00+00:00,12.886039,28.354864
2025-10-08 15:00:00+00:00,15.189484,40.67486
2025-10-08 16:00:00+00:00,16.388897,51.241898
2025-10-08 17:00:00+00:00,15.778518,62.850407
2025-10-08 18:00:00+00:00,14.861722,78.8262
2025-10-08 19:00:00+00:00,15.027575,96.18852
2025-10-08 20:00:00+00:00,15.379206,110.55613
2025-10-08 21:00:00+00:00,15.496736,120.73541
2025-10-08 22:00:00+00:00,14.98331,128.65982
2025-10-08 23:00:00+00:00,14.773164,133.02507
2025-10-09 00:00:00+00:00,14.650938,137.4896
2025-10-09 01:00:00+00:00,14.25641,142.69597
2025-10-09 02:00:00+00:00,13.4903965,148.64297
2025-10-09 03:00:00+00:00,14.539945,158.19853
2025-10-09 04:00:00+00:00,15.273505,171.86998
2025-10-09 05:00:00+00:00,14.618837,189.92618
2025-10-09 06:00:00+00:00,11.679213,204.5901
2025-10-09 07:00:00+00:00,5.994297,221.34767
2025-10-09 08:00:00+00:00,3.4623692,242.10283
2025-10-09 09:00:00+00:00,2.9301877,259.3804
2025-10-09 10:00:00+00:00,2.4149535,296.56497
2025-10-09 11:00:00+00:00,2.9522195,307.56866
2025-10-09 12:00:00+00:00,3.244996,326.3099
2025-10-09 13:00:00+00:00,3.8183763,351.87
2025-10-09 14:00:00+00:00,4.198285,30.963696
2025-10-09 15:00:00+00:00,4.942631,56.88865
2025-10-09 16:00:00+00:00,6.379216,73.61038
2025-10-09 17:00:00+00:00,9.430694,76.75947
2025-10-09 18:00:00+00:00,13.41453,78.38854
2025-10-09 19:00:00+00:00,15.849201,88.04754
2025-10-09 20:00:00+00:00,17.227419,100.84026
2025-10-09 21:00:00+00:00,17.563608,114.200966
2025-10-09 22:00:00+00:00,18.837324,135.0001
2025-10-09 23:00:00+00:00,18.624563,145.23473
2025-10-10 00:00:00+00:00,17.471132,152.37901
2025-10-10 01:00:00+00:00,17.076298,161.56496
2025-10-10 02:00:00+00:00,16.65754,173.79665
2025-10-10 03:00:00+00:00,17.393066,186.53654
2025-10-10 04:00:00+00:00,16.412603,201.21805
2025-10-10 05:00:00+00:00,14.148046,216.7242
2025-10-10 06:00:00+00:00,11.341428,234.03938
2025-10-10 07:00:00+00:00,8.557102,247.75093
2025-10-10 08:00:00+00:00,7.8149853,255.32356
2025-10-10 09:00:00+00:00,7.6367526,261.87
2025-10-10 10:00:00+00:00,5.9427266,268.26434
2025-10-10 11:00:00+00:00,5.771239,273.57626
2025-10-10 12:00:00+00:00,5.506941,281.3099
2025-10-10 13:00:00+00:00,4.8899083,276.3401
2025-10-10 14:00:00+00:00,4.6277857,256.50424
2025-10-10 15:00:00+00:00,5.6521144,232.76509
2025-10-10 16:00:00+00:00,8.274128,224.11868
2025-10-10 17:00:00+00:00,9.957108,229.39879
2025-10-10 18:00:00+00:00,10.495713,239.0363
2025-10-10 19:00:00+00:00,11.157097,252.1496
2025-10-10 20:00:00+00:00,11.481968,260.98074
2025-10-10 21:00:00+00:00,11.609651,262.8751
2025-10-10 22:00:00+00:00,12.783802,260.2725
2025-10-10 23:00:00+00:00,13.238261,258.23172
2025-10-11 00:00:00+00:00,13.671707,260.9098
2025-10-11 01:00:00+00:00,13.346729,259.90256
2025-10-11 02:00:00+00:00,11.616627,257.4712
2025-10-11 03:00:00+00:00,11.265469,257.074
2025-10-11 04:00:00+00:00,12.241323,269.1575
2025-10-11 05:00:00+00:00,12.791403,283.84073
2025-10-11 06:00:00+00:00,11.298495,300.65057
2025-10-11 07:00:00+00:00,6.8777895,317.1211
2025-10-11 08:00:00+00:00,6.1437774,328.17258
2025-10-11 09:00:00+00:00,6.5223618,332.02063
2025-10-11 10:00:00+00:00,4.669604,332.44727
2025-10-11 11:00:00+00:00,4.755544,330.5242
2025-10-11 12:00:00+00:00,5.072041,332.52567
2025-10-11 13:00:00+00:00,4.7928696,325.71307
2025-10-11 14:00:00+00:00,4.2021427,313.26434
2025-10-11 15:00:00+00:00,4.1046314,285.25516
2025-10-11 16:00:00+00:00,5.5916004,266.3087
2025-10-11 17:00:00+00:00,7.2202215,265.71094
2025-10-11 18:00:00+00:00,7.731622,282.09473
2025-10-11 19:00:00+00:00,7.6409945,313.09085
2025-10-11 20:00:00+00:00,6.9527545,338.74942
2025-10-11 21:00:00+00:00,4.143911,2.4894993
2025-10-11 22:00:00+00:00,1.3104197,164.05453
2025-10-11 23:00:00+00:00,5.2478566,174.09395
2025-10-12 00:00:00+00:00,6.924738,188.97255
2025-10-12 01:00:00+00:00,8.709098,198.06056
2025-10-12 02:00:00+00:00,9.021574,208.61037
2025-10-12 03:00:00+00:00,7.3997297,221.05472
2025-10-12 04:00:00+00:00,7.9383874,237.0306
2025-10-12 05:00:00+00:00,7.329338,245.32315
2025-10-12 06:00:00+00:00,5.920878,250.46326
2025-10-12 07:00:00+00:00,5.00128,300.25635
2025-10-12 08:00:00+00:00,5.7628117,321.34018
2025-10-12 09:00:00+00:00,6.050785,329.62094
2025-10-12 10:00:00+00:00,4.991553,334.35904
2025-10-12 11:00:00+00:00,4.91634,336.2505
2025-10-12 12:00:00+00:00,5.068846,343.49554
2025-10-12 13:00:00+00:00,4.514377,355.42615
2025-10-12 14:00:00+00:00,4.1046314,15.255177
2025-10-12 15:00:00+00:00,3.1845248,47.290634
2025-10-12 16:00:00+00:00,2.5455842,98.13002
2025-10-12 17:00:00+00:00,3.8183763,135.0001
2025-10-12 18:00:00+00:00,4.829907,153.43501
2025-10-12 19:00:00+00:00,4.7110505,173.41815
2025-10-12 20:00:00+00:00,6.2405767,213.23172
2025-10-12 21:00:00+00:00,9.511088,240.5242
2025-10-12 22:00:00+00:00,10.285232,237.14427
2025-10-12 23:00:00+00:00,9.761578,247.21756
2025-10-13 00:00:00+00:00,9.6228485,262.47626
2025-10-13 01:00:00+00:00,10.158444,277.1249
2025-10-13 02:00:00+00:00,9.847496,288.10385
2025-10-13 03:00:00+00:00,8.490582,302.00534
2025-10-13 04:00:00+00:00,9.449572,319.63553
2025-10-13 05:00:00+00:00,10.730778,337.30615
2025-10-13 06:00:00+00:00,10.474082,340.9422
2025-10-13 07:00:00+00:00,8.538149,341.56494
2025-10-13 08:00:00+00:00,6.830519,341.56494
2025-10-13 09:00:00+00:00,6.2483597,348.3664
2025-10-13 10:00:00+00:00,5.04,360.0
2025-10-13 11:00:00+00:00,5.0688457,6.1154146
2025-10-13 12:00:00+00:00,5.3699164,13.5704565
2025-10-13 13:00:00+00:00,4.6277857,13.495748
2025-10-13 14:00:00+00:00,3.8773184,21.801476
2025-10-13 15:00:00+00:00,1.9134263,41.185837
2025-10-13 16:00:00+00:00,1.4512063,119.74479
2025-10-13 17:00:00+00:00,2.6208394,164.05453
2025-10-13 18:00:00+00:00,2.8856194,183.57626
2025-10-13 19:00:00+00:00,2.3051248,218.65984
2025-10-13 20:00:00+00:00,2.34,270.0
2025-10-13 21:00:00+00:00,2.8174455,296.56497
2025-10-13 22:00:00+00:00,4.8466477,285.06854
2025-10-13 23:00:00+00:00,4.3498964,245.55606
2025-10-14 00:00:00+00:00,5.2323985,220.81499
2025-10-14 01:00:00+00:00,5.7402787,221.18582
2025-10-14 02:00:00+00:00,5.00128,239.74365
2025-10-14 03:00:00+00:00,3.6402748,278.53067
2025-10-14 04:00:00+00:00,5.369916,320.44037
2025-10-14 05:00:00+00:00,7.8625183,344.05453
2025-10-14 06:00:00+00:00,9.6480665,351.41644
2025-10-14 07:00:00+00:00,10.387107,351.02744
2025-10-14 08:00:00+00:00,8.553314,351.52893
2025-10-14 09:00:00+00:00,8.149847,353.6599
2025-10-14 10:00:00+00:00,6.698806,353.82993
2025-10-14 11:00:00+00:00,5.9427266,358.26434
2025-10-14 12:00:00+00:00,5.2694216,7.853233
2025-10-14 13:00:00+00:00,2.968636,14.036275
2025-10-14 14:00:00+00:00,1.0495713,59.03632
2025-10-14 15:00:00+00:00,2.0124612,169.6952
2025-10-14 16:00:00+00:00,3.7971036,185.44025
2025-10-14 17:00:00+00:00,4.514377,203.49858
2025-10-14 18:00:00+00:00,4.39436,214.9921
2025-10-14 19:00:00+00:00,4.143911,214.3804
2025-10-14 20:00:00+00:00,3.7799997,180.0
2025-10-14 21:00:00+00:00,7.587806,157.69374
2025-10-14 22:00:00+00:00,11.5115595,170.09589
2025-10-14 23:00:00+00:00,13.504799,181.5275
2025-10-15 00:00:00+00:00,13.644427,188.34381
2025-10-15 01:00:00+00:00,13.262714,187.8001
2025-10-15 02:00:00+00:00,12.287555,185.04236
2025-10-15 03:00:00+00:00,11.375658,184.53769
2025-10-15 04:00:00+00:00,11.098865,188.39284
2025-10-15 05:00:00+00:00,10.1902895,197.47487
2025-10-15 06:00:00+00:00,6.452441,210.1413
2025-10-15 07:00:00+00:00,1.5484185,234.46223
2025-10-15 08:00:00+00:00,3.4576871,38.65983
2025-10-15 09:00:00+00:00,5.3457265,44.999897
2025-10-15 10:00:00+00:00,8.415842,48.468323
2025-10-15 11:00:00+00:00,9.1958685,49.76372
2025-10-15 12:00:00+00:00,9.252069,52.907085
2025-10-15 13:00:00+00:00,7.8480825,53.392834
2025-10-15 14:00:00+00:00,7.889259,62.850407
2025-10-15 15:00:00+00:00,7.4672885,74.623695
2025-10-15 16:00:00+00:00,7.2022495,91.43207
2025-10-15 17:00:00+00:00,6.037383,116.56499
2025-10-15 18:00:00+00:00,5.48631,138.99101
2025-10-15 19:00:00+00:00,5.8769383,152.6502
2025-10-15 20:00:00+00:00,7.458606,160.25307
2025-10-15 21:00:00+00:00,9.080639,166.2392
2025-10-15 22:00:00+00:00,10.387107,171.02745
2025-10-15 23:00:00+00:00,11.749741,174.7262
2025-10-16 00:00:00+00:00,12.0720825,177.43628
2025-10-16 01:00:00+00:00,12.251905,177.47394
2025-10-16 02:00:00+00:00,11.341428,179.09064
2025-10-16 03:00:00+00:00,10.261578,178.99493
2025-10-16 04:00:00+00:00,10.873252,186.65433
2025-10-16 05:00:00+00:00,10.534229,199.9832
2025-10-16 06:00:00+00:00,8.149847,210.52963
2025-10-16 07:00:00+00:00,3.6,216.86998
2025-10-16 08:00:00+00:00,0.71999997,360.0
2025-10-16 09:00:00+00:00,1.8792552,16.699326
2025-10-16 10:00:00+00:00,0.8049845,26.564985
2025-10-16 11:00:00+00:00,1.1384199,18.435053
2025-10-16 12:00:00+00:00,1.1525624,38.65983
2025-10-16 13:00:00+00:00,1.5484185,54.46224
2025-10-16 14:00:00+00:00,2.3469126,85.60138
2025-10-16 15:00:00+00:00,3.9966483,125.837746
2025-10-16 16:00:00+00:00,7.256032,150.2552
2025-10-16 17:00:00+00:00,9.568824,163.61038
2025-10-16 18:00:00+00:00,9.979859,172.7469
2025-10-16 19:00:00+00:00,10.266314,182.0095
2025-10-16 20:00:00+00:00,10.209348,189.1301
2025-10-16 21:00:00+00:00,9.801326,187.38596
2025-10-16 22:00:00+00:00,11.196231,184.61057
2025-10-16 23:00:00+00:00,12.241323,179.1575
2025-10-17 00:00:00+00:00,12.964998,178.40889
2025-10-17 01:00:00+00:00,12.785069,178.38649
2025-10-17 02:00:00+00:00,11.881363,179.13197
2025-10-17 03:00:00+00:00,10.081606,181.02301
2025-10-17 04:00:00+00:00,8.849339,184.66678
2025-10-17 05:00:00+00:00,5.3517847,199.65392
2025-10-17 06:00:00+00:00,0.9,323.13
2025-10-17 07:00:00+00:00,7.029225,13.324542
2025-10-17 08:00:00+00:00,8.723967,21.801476
2025-10-17 09:00:00+00:00,9.418661,26.075302
2025-10-17 10:00:00+00:00,8.099999,36.86999
2025-10-17 11:00:00+00:00,8.641874,35.6765
2025-10-17 12:00:00+00:00,9.059205,40.971645
2025-10-17 13:00:00+00:00,8.027678,47.72637
2025-10-17 14:00:00+00:00,8.133928,65.13633
2025-10-17 15:00:00+00:00,8.11798,86.186005
2025-10-17 16:00:00+00:00,8.596766,109.57322
2025-10-17 17:00:00+00:00,9.1641035,135.0001
2025-10-17 18:00:00+00:00,8.936778,152.4028
2025-10-17 19:00:00+00:00,8.863972,167.09259
2025-10-17 20:00:00+00:00,8.865799,174.17375
2025-10-17 21:00:00+00:00,8.821836,178.83089
2025-10-17 22:00:00+00:00,9.224011,185.59924
2025-10-17 23:00:00+00:00,9.499157,189.81923
2025-10-18 00:00:00+00:00,9.499157,189.81923
2025-10-18 01:00:00+00:00,9.375563,183.3018
2025-10-18 02:00:00+00:00,8.311245,175.03035
2025-10-18 03:00:00+00:00,6.424764,168.69011
2025-10-18 04:00:00+00:00,5.1544156,167.90526
2025-10-18 05:00:00+00:00,2.4482646,162.89719
2025-10-18 06:00:00+00:00,2.0523157,52.124958
2025-10-18 07:00:00+00:00,5.7431,32.195713
2025-10-18 08:00:00+00:00,8.996398,19.885265
2025-10-18 09:00:00+00:00,11.003581,15.172969
2025-10-18 10:00:00+00:00,11.745604,15.101156
2025-10-18 11:00:00+00:00,12.661564,14.826528
2025-10-18 12:00:00+00:00,12.708816,15.611057
2025-10-18 13:00:00+00:00,9.914717,15.802589
2025-10-18 14:00:00+00:00,9.734987,19.440128
2025-10-18 15:00:00+00:00,9.292255,21.59538
2025-10-18 16:00:00+00:00,9.430695,23.629398
2025-10-18 17:00:00+00:00,9.430695,23.629398
2025-10-18 18:00:00+00:00,9.016185,26.053446
2025-10-18 19:00:00+00:00,7.9077177,41.30852
2025-10-18 20:00:00+00:00,7.102591,81.25392
2025-10-18 21:00:00+00:00,9.2660675,119.05451
2025-10-18 22:00:00+00:00,10.883676,145.78424
2025-10-18 23:00:00+00:00,12.647482,155.62355
2025-10-19 00:00:00+00:00,13.1041975,159.07542
2025-10-19 01:00:00+00:00,13.141232,156.59529
2025-10-19 02:00:00+00:00,12.996199,149.17241
2025-10-19 03:00:00+00:00,13.287122,144.37201
2025-10-19 04:00:00+00:00,15.236338,141.23447
2025-10-19 05:00:00+00:00,16.092644,143.6427
2025-10-19 06:00:00+00:00,13.356437,142.66673
2025-10-19 07:00:00+00:00,9.473541,128.82983
2025-10-19 08:00:00+00:00,7.42159,104.03627
2025-10-19 09:00:00+00:00,7.2359104,84.2895
2025-10-19 10:00:00+00:00,7.628263,70.70986
2025-10-19 11:00:00+00:00,9.016185,63.946568
2025-10-19 12:00:00+00:00,10.787993,64.2901
2025-10-19 13:00:00+00:00,10.385547,64.32324
2025-10-19 14:00:00+00:00,11.672275,63.435013
2025-10-19 15:00:00+00:00,12.43434,67.8905
2025-10-19 16:00:00+00:00,12.931218,73.835434
2025-10-19 17:00:00+00:00,12.93247,81.19329
2025-10-19 18:00:00+00:00,12.979984,93.17977
2025-10-19 19:00:00+00:00,13.504799,111.09241
2025-10-19 20:00:00+00:00,14.529915,131.98714
2025-10-19 21:00:00+00:00,14.978984,147.26479
2025-10-19 22:00:00+00:00,14.734735,154.68715
2025-10-19 23:00:00+00:00,13.874019,157.0942
2025-10-20 00:00:00+00:00,11.770403,156.57129
2025-10-20 01:00:00+00:00,10.6261,153.86906
2025-10-20 02:00:00+00:00,9.826088,151.55717
2025-10-20 03:00:00+00:00,9.292255,148.46526
2025-10-20 04:00:00+00:00,9.437563,145.09743
2025-10-20 05:00:00+00:00,8.14587,135.0001
2025-10-20 06:00:00+00:00,9.3876505,85.60138
2025-10-20 07:00:00+00:00,10.597094,69.10216
2025-10-20 08:00:00+00:00,10.897063,59.19863
2025-10-20 09:00:00+00:00,11.246759,50.194473
2025-10-20 10:00:00+00:00,10.075177,48.621593
2025-10-20 11:00:00+00:00,10.993271,39.68541
2025-10-20 12:00:00+00:00,12.708815,37.519188
2025-10-20 13:00:00+00:00,11.988594,41.347687
2025-10-20 14:00:00+00:00,12.652604,50.194473
2025-10-20 15:00:00+00:00,12.642357,61.975594
2025-10-20 16:00:00+00:00,12.189602,73.70589
2025-10-20 17:00:00+00:00,10.495713,84.093956
2025-10-20 18:00:00+00:00,8.909545,98.13002
2025-10-20 19:00:00+00:00,7.3997297,108.43504
2025-10-20 20:00:00+00:00,5.8769383,117.34979
2025-10-20 21:00:00+00:00,5.12289,108.43504
2025-10-20 22:00:00+00:00,5.1481256,143.53067
2025-10-20 23:00:00+00:00,5.2323985,130.81499
2025-10-21 00:00:00+00:00,5.441838,124.21575
2025-10-21 01:00:00+00:00,5.257109,128.04709
2025-10-21 02:00:00+00:00,4.2021427,133.26433
2025-10-21 03:00:00+00:00,2.1674871,138.36655
2025-10-21 04:00:00+00:00,1.659518,49.398785
2025-10-21 05:00:00+00:00,4.5891175,25.559923
2025-10-21 06:00:00+00:00,9.187056,34.624226
2025-10-21 07:00:00+00:00,12.7279215,44.999897
2025-10-21 08:00:00+00:00,14.383114,45.50697
2025-10-21 09:00:00+00:00,15.668273,42.672157
2025-10-21 10:00:00+00:00,15.124284,38.23387
2025-10-21 11:00:00+00:00,16.474672,33.86374
2025-10-21 12:00:00+00:00,16.87398,33.6901
2025-10-21 13:00:00+00:00,13.552696,30.31114
2025-10-21 14:00:00+00:00,13.281023,32.82854
2025-10-21 15:00:00+00:00,13.14,41.11199
2025-10-21 16:00:00+00:00,12.483748,47.337337
2025-10-21 17:00:00+00:00,11.385622,50.774345
2025-10-21 18:00:00+00:00,10.310402,45.707233
2025-10-21 19:00:00+00:00,10.234705,34.2491
2025-10-21 20:00:00+00:00,10.787993,25.709915
2025-10-21 21:00:00+00:00,11.755254,25.38787
2025-10-21 22:00:00+00:00,10.63372,33.959103
2025-10-21 23:00:00+00:00,9.567131,48.814175
2025-10-22 00:00:00+00:00,8.777654,61.858498
2025-10-22 01:00:00+00:00,7.596341,76.29302
2025-10-22 02:00:00+00:00,6.5049515,75.57919
2025-10-22 03:00:00+00:00,5.7431,57.804302
2025-10-22 04:00:00+00:00,7.7900705,49.68598
2025-10-22 05:00:00+00:00,9.473541,51.170166
2025-10-22 06:00:00+00:00,10.855358,49.70793
2025-10-22 07:00:00+00:00,12.172312,38.395203
2025-10-22 08:00:00+00:00,13.644427,30.963696
2025-10-22 09:00:00+00:00,15.22783,28.988733
2025-10-22 10:00:00+00:00,15.2501545,30.499762
2025-10-22 11:00:00+00:00,15.561414,29.827002
2025-10-22 12:00:00+00:00,14.941085,31.200457
2025-10-22 13:00:00+00:00,11.119281,29.054508
2025-10-22 14:00:00+00:00,10.589448,31.798878
2025-10-22 15:00:00+00:00,10.233123,39.289394
2025-10-22 16:00:00+00:00,10.195057,47.862484
2025-10-22 17:00:00+00:00,10.234705,55.750916
2025-10-22 18:00:00+00:00,9.983106,64.35905
2025-10-22 19:00:00+00:00,9.430694,76.75947
2025-10-22 20:00:00+00:00,9.0018,91.14574
2025-10-22 21:00:00+00:00,9.12513,104.85866
2025-10-22 22:00:00+00:00,9.0,126.86999
2025-10-22 23:00:00+00:00,9.037721,134.19316
2025-10-23 00:00:00+00:00,8.461915,141.91118
2025-10-23 01:00:00+00:00,8.0899935,147.72438
2025-10-23 02:00:00+00:00,7.5019197,149.74365
2025-10-23 03:00:00+00:00,5.991594,147.26479
2025-10-23 04:00:00+00:00,6.552099,142.81522
2025-10-23 05:00:00+00:00,7.056826,142.25313
2025-10-23 06:00:00+00:00,4.846648,121.328636
2025-10-23 07:00:00+00:00,4.7521367,65.37646
2025-10-23 08:00:00+00:00,7.1684303,38.884502
2025-10-23 09:00:00+00:00,9.236298,33.070686
2025-10-23 10:00:00+00:00,9.504272,37.30404
2025-10-23 11:00:00+00:00,10.373061,38.65983
2025-10-23 12:00:00+00:00,11.385622,39.225655
2025-10-23 13:00:00+00:00,10.571074,42.92997
2025-10-23 14:00:00+00:00,11.246759,50.194473
2025-10-23 15:00:00+00:00,11.391313,58.5705
2025-10-23 16:00:00+00:00,11.500296,72.69939
2025-10-23 17:00:00+00:00,11.881363,89.131966
2025-10-23 18:00:00+00:00,12.487641,105.03787
2025-10-23 19:00:00+00:00,13.306615,120.033195
2025-10-23 20:00:00+00:00,14.133152,136.54811
2025-10-23 21:00:00+00:00,15.2501545,149.50024
2025-10-23 22:00:00+00:00,14.98331,163.95999
2025-10-23 23:00:00+00:00,14.369594,167.70474
2025-10-24 00:00:00+00:00,13.138765,170.53775
2025-10-24 01:00:00+00:00,12.7546215,171.06949
2025-10-24 02:00:00+00:00,11.304229,170.83772
2025-10-24 03:00:00+00:00,9.178235,168.69011
2025-10-24 04:00:00+00:00,8.513448,166.55138
2025-10-24 05:00:00+00:00,8.049845,169.6952
2025-10-24 06:00:00+00:00,6.1437774,174.95764
2025-10-24 07:00:00+00:00,1.5273507,135.0001
2025-10-24 08:00:00+00:00,3.8647635,27.758451
2025-10-24 09:00:00+00:00,6.7853074,21.801476
2025-10-24 10:00:00+00:00,8.297589,24.34109
2025-10-24 11:00:00+00:00,10.304114,27.012596
2025-10-24 12:00:00+00:00,10.742848,31.29298
2025-10-24 13:00:00+00:00,9.97986,39.143982
2025-10-24 14:00:00+00:00,10.261579,52.124958
2025-10-24 15:00:00+00:00,10.495713,67.83361
2025-10-24 16:00:00+00:00,11.345713,88.18174
2025-10-24 17:00:00+00:00,12.399112,103.431046
2025-10-24 18:00:00+00:00,13.306615,113.096855
2025-10-24 19:00:00+00:00,14.330079,122.691986
2025-10-24 20:00:00+00:00,15.159589,132.594
2025-10-24 21:00:00+00:00,15.349684,140.7106
2025-10-24 22:00:00+00:00,14.973577,152.81897
2025-10-24 23:00:00+00:00,14.734735,154.68715
2025-10-25 00:00:00+00:00,14.007655,154.09355
2025-10-25 01:00:00+00:00,14.008811,152.44728
2025-10-25 02:00:00+00:00,14.251863,152.14044
2025-10-25 03:00:00+00:00,14.49531,151.8439
2025-10-25 04:00:00+00:00,15.0038395,149.74365
2025-10-25 05:00:00+00:00,14.4,143.13002
2025-10-25 06:00:00+00:00,10.546525,117.439644
2025-10-25 07:00:00+00:00,9.459852,68.80588
2025-10-25 08:00:00+00:00,11.5887,46.888172
2025-10-25 09:00:00+00:00,13.647988,41.256912
2025-10-25 10:00:00+00:00,13.237038,44.999897
2025-10-25 11:00:00+00:00,14.892213,44.510365
2025-10-25 12:00:00+00:00,15.159589,42.594006
2025-10-25 13:00:00+00:00,13.491598,44.999897
2025-10-25 14:00:00+00:00,13.83192,55.06899
2025-10-25 15:00:00+00:00,14.275713,66.991104
2025-10-25 16:00:00+00:00,14.973576,80.31129
2025-10-25 17:00:00+00:00,15.697197,93.945114
2025-10-25 18:00:00+00:00,15.94804,106.38962
2025-10-25 19:00:00+00:00,15.702356,115.09622
2025-10-25 20:00:00+00:00,15.435983,121.65123
2025-10-25 21:00:00+00:00,15.3264475,123.50346
2025-10-25 22:00:00+00:00,14.652045,127.01076
2025-10-25 23:00:00+00:00,15.408671,127.40543
2025-10-26 00:00:00+00:00,15.735336,125.69015
2025-10-26 01:00:00+00:00,15.589497,126.0761
2025-10-26 02:00:00+00:00,15.013554,127.694305
2025-10-26 03:00:00+00:00,14.33347,125.28683
2025-10-26 04:00:00+00:00,16.610792,119.89881
2025-10-26 05:00:00+00:00,21.129885,113.07044
2025-10-26 06:00:00+00:00,21.158232,99.30198
2025-10-26 07:00:00+00:00,21.170479,84.14409
2025-10-26 08:00:00+00:00,22.450264,74.18075
2025-10-26 09:00:00+00:00,22.884789,70.70986
2025-10-26 10:00:00+00:00,18.954777,71.73702
2025-10-26 11:00:00+00:00,19.56377,64.378044
2025-10-26 12:00:00+00:00,18.307865,59.905857
2025-10-26 13:00:00+00:00,14.941085,58.799557
2025-10-26 14:00:00+00:00,14.328949,63.113148
2025-10-26 15:00:00+00:00,14.572219,72.01258
2025-10-26 16:00:00+00:00,14.892213,82.35969
2025-10-26 17:00:00+00:00,15.301059,90.67403
2025-10-26 18:00:00+00:00,15.683776,99.24603
2025-10-26 19:00:00+00:00,15.760025,103.877556
2025-10-26 20:00:00+00:00,15.804164,104.5111
2025-10-26 21:00:00+00:00,15.934829,103.72231
2025-10-26 22:00:00+00:00,14.810401,106.23242
2025-10-26 23:00:00+00:00,14.975741,103.201096
2025-10-27 00:00:00+00:00,14.721535,101.99688
2025-10-27 01:00:00+00:00,14.411245,99.344604
2025-10-27 02:00:00+00:00,13.737904,95.26231
2025-10-27 03:00:00+00:00,13.690654,92.26045
2025-10-27 04:00:00+00:00,16.764177,86.922615
2025-10-27 05:00:00+00:00,22.877708,79.57425
2025-10-27 06:00:00+00:00,28.595081,75.78878
2025-10-27 07:00:00+00:00,28.802248,71.79142
2025-10-27 08:00:00+00:00,28.547455,68.936485
2025-10-27 09:00:00+00:00,28.14972,67.041916
2025-10-27 10:00:00+00:00,24.23324,68.19853
2025-10-27 11:00:00+00:00,23.828083,63.047905
2025-10-27 12:00:00+00:00,21.252962,62.783974
2025-10-27 13:00:00+00:00,16.546299,67.61982
2025-10-27 14:00:00+00:00,15.385525,83.956
2025-10-27 15:00:00+00:00,15.922624,100.42066
2025-10-27 16:00:00+00:00,16.478603,111.801476
2025-10-27 17:00:00+00:00,16.192997,114.28583
2025-10-27 18:00:00+00:00,15.978484,112.52061
2025-10-27 19:00:00+00:00,15.827721,107.19863
2025-10-27 20:00:00+00:00,15.827721,107.19863
2025-10-27 21:00:00+00:00,14.810401,106.23242
2025-10-27 22:00:00+00:00,12.5032,112.873695
2025-10-27 23:00:00+00:00,11.745604,105.10115
2025-10-28 00:00:00+00:00,11.609651,97.12492
2025-10-28 01:00:00+00:00,11.901798,86.531845
2025-10-28 02:00:00+00:00,12.043869,80.53775
2025-10-28 03:00:00+00:00,14.584443,77.16439
2025-10-28 04:00:00+00:00,18.076338,74.99503
2025-10-28 05:00:00+00:00,20.380579,72.52514
2025-10-28 06:00:00+00:00,23.967728,67.47939
2025-10-28 07:00:00+00:00,28.420055,62.461277
2025-10-28 08:00:00+00:00,30.509867,57.528828
2025-10-28 09:00:00+00:00,31.262014,54.845753
2025-10-28 10:00:00+00:00,27.609911,50.290127
2025-10-28 11:00:00+00:00,28.647722,50.6093
2025-10-28 12:00:00+00:00,26.352024,53.051746
2025-10-28 13:00:00+00:00,21.721159,55.1246
2025-10-28 14:00:00+00:00,19.88328,63.66698
2025-10-28 15:00:00+00:00,18.498886,79.34615
2025-10-28 16:00:00+00:00,18.584509,98.914856
2025-10-28 17:00:00+00:00,18.671474,109.133736
2025-10-28 18:00:00+00:00,17.823637,110.08207
2025-10-28 19:00:00+00:00,16.640022,105.690056
2025-10-28 20:00:00+00:00,14.973576,99.68872
2025-10-28 21:00:00+00:00,13.684735,91.50741
2025-10-28 22:00:00+00:00,12.32047,78.19759
2025-10-28 23:00:00+00:00,13.31635,76.715126
2025-10-29 00:00:00+00:00,14.068816,73.65176
2025-10-29 01:00:00+00:00,14.241629,73.85559
2025-10-29 02:00:00+00:00,14.887859,75.29166
2025-10-29 03:00:00+00:00,17.512806,77.53508
2025-10-29 04:00:00+00:00,21.262869,76.78725
2025-10-29 05:00:00+00:00,24.590923,72.09546
2025-10-29 06:00:00+00:00,28.314978,69.14547
2025-10-29 07:00:00+00:00,29.348831,68.78581
2025-10-29 08:00:00+00:00,28.678806,68.26531
2025-10-29 09:00:00+00:00,27.488186,66.45654
2025-10-29 10:00:00+00:00,24.819122,66.03751
2025-10-29 11:00:00+00:00,24.654743,65.86763
2025-10-29 12:00:00+00:00,22.50072,66.92176
2025-10-29 13:00:00+00:00,17.311846,64.767204
2025-10-29 14:00:00+00:00,15.617529,64.025665
2025-10-29 15:00:00+00:00,14.658676,65.32315
2025-10-29 16:00:00+00:00,13.708391,66.80139
2025-10-29 17:00:00+00:00,13.272482,69.352936
2025-10-29 18:00:00+00:00,12.864649,72.07199
2025-10-29 19:00:00+00:00,12.362475,73.93995
2025-10-29 20:00:00+00:00,11.700001,75.74994
2025-10-29 21:00:00+00:00,11.043261,70.974304
2025-10-29 22:00:00+00:00,10.34178,58.52322
2025-10-29 23:00:00+00:00,11.391313,58.5705
2025-10-30 00:00:00+00:00,12.638513,63.79995
2025-10-30 01:00:00+00:00,13.130133,61.326946
2025-10-30 02:00:00+00:00,13.288341,65.17068
2025-10-30 03:00:00+00:00,14.64209,69.11413
2025-10-30 04:00:00+00:00,18.162169,70.30789
2025-10-30 05:00:00+00:00,21.93121,69.3338
2025-10-30 06:00:00+00:00,24.80149,68.27576
2025-10-30 07:00:00+00:00,23.908173,63.627926
2025-10-30 08:00:00+00:00,23.06881,57.42595
2025-10-30 09:00:00+00:00,22.322903,52.205994
2025-10-30 10:00:00+00:00,19.857191,44.26557
2025-10-30 11:00:00+00:00,20.523945,41.800377
2025-10-30 12:00:00+00:00,19.290257,40.07932
2025-10-30 13:00:00+00:00,15.94804,36.740658
2025-10-30 14:00:00+00:00,15.696165,36.607166
2025-10-30 15:00:00+00:00,15.629971,38.453735
2025-10-30 16:00:00+00:00,15.053425,41.121376
2025-10-30 17:00:00+00:00,14.128566,44.483906
2025-10-30 18:00:00+00:00,12.514855,49.66694
2025-10-30 19:00:00+00:00,10.404249,59.88635
2025-10-30 20:00:00+00:00,8.383054,75.068535
2025-10-30 21:00:00+00:00,6.8399997,90.0
2025-10-30 22:00:00+00:00,5.369916,129.55963
2025-10-30 23:00:00+00:00,4.7827187,160.20103
2025-10-31 00:00:00+00:00,4.6834598,182.20255
2025-10-31 01:00:00+00:00,4.5322843,186.84268
2025-10-31 02:00:00+00:00,4.7657523,169.11452
2025-10-31 03:00:00+00:00,3.8773184,158.19853
2025-10-31 04:00:00+00:00,3.5455887,156.0375
2025-10-31 05:00:00+00:00,2.1674871,85.23644
2025-10-31 06:00:00+00:00,5.509882,51.632477
2025-10-31 07:00:00+00:00,7.9567327,37.64769
2025-10-31 08:00:00+00:00,8.587338,33.023872
2025-10-31 09:00:00+00:00,8.9873905,32.73523
2025-10-31 10:00:00+00:00,8.688613,13.17257
2025-10-31 11:00:00+00:00,9.914717,15.802589
2025-10-31 12:00:00+00:00,9.676569,18.435053
2025-10-31 13:00:00+00:00,9.3962755,20.17074
2025-10-31 14:00:00+00:00,9.044888,31.159245
2025-10-31 15:00:00+00:00,8.604301,52.650585
2025-10-31 16:00:00+00:00,9.039514,77.34745
2025-10-31 17:00:00+00:00,9.67657,99.637474
2025-10-31 18:00:00+00:00,10.261579,111.61484
2025-10-31 19:00:00+00:00,10.883676,124.21575
2025-10-31 20:00:00+00:00,11.966954,136.2188
2025-10-31 21:00:00+00:00,12.979984,146.3099
2025-10-31 22:00:00+00:00,13.37825,156.19405
2025-10-31 23:00:00+00:00,13.277364,164.26793
2025-11-01 00:00:00+00:00,12.93247,171.19328
2025-11-01 01:00:00+00:00,12.800265,176.77554
2025-11-01 02:00:00+00:00,12.0720825,182.56372
2025-11-01 03:00:00+00:00,11.391313,185.44025
2025-11-01 04:00:00+00:00,12.815443,190.52074
2025-11-01 05:00:00+00:00,14.494192,194.38142
2025-11-01 06:00:00+00:00,12.466867,197.6502
2025-11-01 07:00:00+00:00,8.777654,208.14151
2025-11-01 08:00:00+00:00,6.114703,227.38597
2025-11-01 09:00:00+00:00,4.5891175,258.6901
2025-11-01 10:00:00+00:00,5.4656014,287.24155
2025-11-01 11:00:00+00:00,5.495161,301.60745
2025-11-01 12:00:00+00:00,4.4565907,316.63654
2025-11-01 13:00:00+00:00,3.096837,324.46225
2025-11-01 14:00:00+00:00,0.9,360.0
2025-11-01 15:00:00+00:00,2.4482648,143.97253
2025-11-01 16:00:00+00:00,4.1125174,156.80139
2025-11-01 17:00:00+00:00,3.9763298,174.80566
2025-11-01 18:00:00+00:00,3.536439,194.7436
2025-11-01 19:00:00+00:00,3.362677,195.52417
2025-11-01 20:00:00+00:00,4.5,180.0
2025-11-01 21:00:00+00:00,7.256032,172.87508
2025-11-01 22:00:00+00:00,10.158444,172.87508
2025-11-01 23:00:00+00:00,11.892265,177.39749
2025-11-02 00:00:00+00:00,12.791403,182.41946
2025-11-02 01:00:00+00:00,13.543131,184.57384
2025-11-02 02:00:00+00:00,13.543131,184.57384
2025-11-02 03:00:00+00:00,12.304682,185.8773
2025-11-02 04:00:00+00:00,12.93247,188.80672
2025-11-02 05:00:00+00:00,13.4903965,198.6768
2025-11-02 06:00:00+00:00,11.521406,208.96756
2025-11-02 07:00:00+00:00,7.653705,221.18582
2025-11-02 08:00:00+00:00,6.299999,233.13002
2025-11-02 09:00:00+00:00,5.2323985,243.43501
2025-11-02 10:00:00+00:00,5.09435,212.00534
2025-11-02 11:00:00+00:00,4.755544,209.4758
2025-11-02 12:00:00+00:00,4.2671766,207.64589
2025-11-02 13:00:00+00:00,4.6277857,193.49574
2025-11-02 14:00:00+00:00,6.130579,183.3664
2025-11-02 15:00:00+00:00,8.641874,178.80653
2025-11-02 16:00:00+00:00,10.801499,179.04518
2025-11-02 17:00:00+00:00,11.521406,180.89516
2025-11-02 18:00:00+00:00,12.251905,182.52606
2025-11-02 19:00:00+00:00,12.825552,184.83034
2025-11-02 20:00:00+00:00,13.596852,186.84268
2025-11-02 21:00:00+00:00,14.721535,191.99687
2025-11-02 22:00:00+00:00,14.587776,195.75124
2025-11-02 23:00:00+00:00,14.874796,201.28648
2025-11-03 00:00:00+00:00,14.49531,204.97388
2025-11-03 01:00:00+00:00,14.182355,203.9625
2025-11-03 02:00:00+00:00,13.638489,202.50357
2025-11-03 03:00:00+00:00,13.169556,201.65605
2025-11-03 04:00:00+00:00,14.168641,207.21602
2025-11-03 05:00:00+00:00,14.128566,214.09503
2025-11-03 06:00:00+00:00,13.767352,221.82008
2025-11-03 07:00:00+00:00,13.246826,222.79738
2025-11-03 08:00:00+00:00,13.5012,227.16109
2025-11-03 09:00:00+00:00,13.433838,234.81921
2025-11-03 10:00:00+00:00,14.082628,234.88791
2025-11-03 11:00:00+00:00,14.110209,240.16455
2025-11-03 12:00:00+00:00,14.512064,240.2552
2025-11-03 13:00:00+00:00,12.061343,232.27495
2025-11-03 14:00:00+00:00,11.983188,212.73521
2025-11-03 15:00:00+00:00,14.068816,196.34825
2025-11-03 16:00:00+00:00,17.01738,190.359
2025-11-03 17:00:00+00:00,17.986494,193.8972
2025-11-03 18:00:00+00:00,18.11841,200.95586
2025-11-03 19:00:00+00:00,17.555307,208.14151
2025-11-03 20:00:00+00:00,17.381886,211.87956
2025-11-03 21:00:00+00:00,18.079027,215.2725
2025-11-03 22:00:00+00:00,16.755476,219.3327
2025-11-03 23:00:00+00:00,15.6806755,221.74269
2025-11-04 00:00:00+00:00,14.766584,224.01233
2025-11-04 01:00:00+00:00,14.896563,223.53127
2025-11-04 02:00:00+00:00,14.905261,222.5529
2025-11-04 03:00:00+00:00,15.159589,222.594
2025-11-04 04:00:00+00:00,16.563911,227.6426
2025-11-04 05:00:00+00:00,18.22361,237.09476
2025-11-04 06:00:00+00:00,19.468311,252.23505
2025-11-04 07:00:00+00:00,20.738312,266.51678
2025-11-04 08:00:00+00:00,21.612743,277.65762
2025-11-04 09:00:00+00:00,21.708477,285.88022
2025-11-04 10:00:00+00:00,16.851885,293.27896
2025-11-04 11:00:00+00:00,16.746773,295.46332
2025-11-04 12:00:00+00:00,14.897651,298.11313
2025-11-04 13:00:00+00:00,14.602204,300.35803
2025-11-04 14:00:00+00:00,17.00881,309.41736
2025-11-04 15:00:00+00:00,18.844202,316.5481
2025-11-04 16:00:00+00:00,17.194475,317.1211
2025-11-04 17:00:00+00:00,14.799459,311.05472
2025-11-04 18:00:00+00:00,13.529966,303.05582
2025-11-04 19:00:00+00:00,13.451914,294.5074
2025-11-04 20:00:00+00:00,13.272482,290.64706
2025-11-04 21:00:00+00:00,12.835653,292.24908
2025-11-04 22:00:00+00:00,10.534229,289.9832
2025-11-04 23:00:00+00:00,7.293888,285.75125
2025-11-05 00:00:00+00:00,3.745557,234.78232
2025-11-05 01:00:00+00:00,5.8048253,172.87508
2025-11-05 02:00:00+00:00,5.937272,165.96373
2025-11-05 03:00:00+00:00,1.8792552,163.30067
2025-11-05 04:00:00+00:00,1.6981165,32.005356
2025-11-05 05:00:00+00:00,5.1481256,36.469334
2025-11-05 06:00:00+00:00,9.178235,41.82009
2025-11-05 07:00:00+00:00,12.730467,46.145676
2025-11-05 08:00:00+00:00,13.276144,49.398785
2025-11-05 09:00:00+00:00,13.125196,47.77924
2025-11-05 10:00:00+00:00,11.132385,50.906155
2025-11-05 11:00:00+00:00,11.203464,43.69813
2025-11-05 12:00:00+00:00,10.908951,37.6263
2025-11-05 13:00:00+00:00,12.383424,32.53505
2025-11-05 14:00:00+00:00,13.33094,34.548424
2025-11-05 15:00:00+00:00,13.861168,37.614033
2025-11-05 16:00:00+00:00,13.767352,41.82009
2025-11-05 17:00:00+00:00,13.491598,44.999897
2025-11-05 18:00:00+00:00,12.768586,49.574005
2025-11-05 19:00:00+00:00,12.033103,55.358997
2025-11-05 20:00:00+00:00,11.203464,66.3179
2025-11-05 21:00:00+00:00,10.8029995,79.43904
2025-11-05 22:00:00+00:00,9.914717,105.80258
2025-11-05 23:00:00+00:00,10.399576,113.459045
2025-11-06 00:00:00+00:00,10.730778,112.69383
2025-11-06 01:00:00+00:00,11.230904,111.63095
2025-11-06 02:00:00+00:00,11.39842,111.297424
2025-11-06 03:00:00+00:00,11.132385,112.833694
2025-11-06 04:00:00+00:00,13.141232,113.40471
2025-11-06 05:00:00+00:00,14.1102085,113.294586
2025-11-06 06:00:00+00:00,12.904882,112.98875
2025-11-06 07:00:00+00:00,8.905908,104.03627
2025-11-06 08:00:00+00:00,6.2483597,78.366394
2025-11-06 09:00:00+00:00,5.5916004,56.82148
2025-11-06 10:00:00+00:00,4.5,53.13002
2025-11-06 11:00:00+00:00,4.978554,49.398785
2025-11-06 12:00:00+00:00,6.522361,50.59937
2025-11-06 13:00:00+00:00,10.036512,57.45001
2025-11-06 14:00:00+00:00,11.368535,66.682274
2025-11-06 15:00:00+00:00,12.182955,77.19574
2025-11-06 16:00:00+00:00,12.961249,90.79571
2025-11-06 17:00:00+00:00,13.31635,103.284874
2025-11-06 18:00:00+00:00,14.008811,117.55273
2025-11-06 19:00:00+00:00,14.508715,127.438644
2025-11-06 20:00:00+00:00,14.896563,136.46873
2025-11-06 21:00:00+00:00,15.124284,141.76614
2025-11-06 22:00:00+00:00,13.954354,149.79684
2025-11-06 23:00:00+00:00,14.266632,150.5242
2025-11-07 00:00:00+00:00,14.336861,151.50446
2025-11-07 01:00:00+00:00,14.897651,151.88689
2025-11-07 02:00:00+00:00,15.053425,153.74141
2025-11-07 03:00:00+00:00,14.74902,156.2505
2025-11-07 04:00:00+00:00,16.394829,160.76924
2025-11-07 05:00:00+00:00,17.47484,168.11136
2025-11-07 06:00:00+00:00,16.415567,183.7722
2025-11-07 07:00:00+00:00,12.81165,204.04422
2025-11-07 08:00:00+00:00,9.220499,231.34016
2025-11-07 09:00:00+00:00,7.968939,251.56496
2025-11-07 10:00:00+00:00,6.889557,250.1447
2025-11-07 11:00:00+00:00,6.898956,262.50424
2025-11-07 12:00:00+00:00,6.3639607,278.13
2025-11-07 13:00:00+00:00,7.0591216,289.35907
2025-11-07 14:00:00+00:00,7.1208143,286.1444
2025-11-07 15:00:00+00:00,7.458606,278.32556
2025-11-07 16:00:00+00:00,8.287822,272.4895
2025-11-07 17:00:00+00:00,9.499157,279.81924
2025-11-07 18:00:00+00:00,9.266067,294.0755
2025-11-07 19:00:00+00:00,8.827344,309.20718
2025-11-07 20:00:00+00:00,7.3094187,322.00122
2025-11-07 21:00:00+00:00,4.6938257,327.52884
2025-11-07 22:00:00+00:00,1.5484185,305.53775
2025-11-07 23:00:00+00:00,2.5772076,204.77512
2025-11-08 00:00:00+00:00,4.445672,201.37068
2025-11-08 01:00:00+00:00,6.050785,202.751
2025-11-08 02:00:00+00:00,6.8541956,203.19861
2025-11-08 03:00:00+00:00,5.1826253,200.32323
2025-11-08 04:00:00+00:00,4.0449967,212.27562
2025-11-08 05:00:00+00:00,3.494968,235.49141
2025-11-08 06:00:00+00:00,6.5049515,255.5792
2025-11-08 07:00:00+00:00,11.39842,254.4274
2025-11-08 08:00:00+00:00,12.638512,259.33026
2025-11-08 09:00:00+00:00,12.483749,264.2073
2025-11-08 10:00:00+00:00,10.564941,256.2005
2025-11-08 11:00:00+00:00,9.67657,260.36252
2025-11-08 12:00:00+00:00,7.2,270.0
2025-11-08 13:00:00+00:00,6.5520988,285.94547
2025-11-08 14:00:00+00:00,5.414979,291.4478
2025-11-08 15:00:00+00:00,4.1046314,285.25516
2025-11-08 16:00:00+00:00,3.604497,272.86234
2025-11-08 17:00:00+00:00,3.8856654,283.39252
2025-11-08 18:00:00+00:00,4.1085763,298.8107
2025-11-08 19:00:00+00:00,4.3573384,321.70978
2025-11-08 20:00:00+00:00,4.1556225,342.34976
2025-11-08 21:00:00+00:00,4.2021422,9.865748
2025-11-08 22:00:00+00:00,2.657668,61.69934
2025-11-08 23:00:00+00:00,3.4152596,71.564964
2025-11-09 00:00:00+00:00,3.9763298,84.805664
2025-11-09 01:00:00+00:00,4.6277857,103.49575
2025-11-09 02:00:00+00:00,4.7521367,114.62355
2025-11-09 03:00:00+00:00,3.8939953,123.6901
2025-11-09 04:00:00+00:00,3.244996,109.440125
2025-11-09 05:00:00+00:00,2.97953,115.01687
2025-11-09 06:00:00+00:00,1.2727921,188.13002
2025-11-09 07:00:00+00:00,4.6834598,272.20255
2025-11-09 08:00:00+00:00,7.6367526,278.13
2025-11-09 09:00:00+00:00,8.613709,280.84027
2025-11-09 10:00:00+00:00,7.562142,268.6361
2025-11-09 11:00:00+00:00,7.5685663,272.72626
2025-11-09 12:00:00+00:00,6.66,288.92474
2025-11-09 13:00:00+00:00,6.8777895,312.8789
2025-11-09 14:00:00+00:00,5.991594,327.26477
2025-11-09 15:00:00+00:00,4.186693,334.53668
2025-11-09 16:00:00+00:00,2.19718,325.0079
2025-11-09 17:00:00+00:00,0.9693296,248.19853
2025-11-09 18:00:00+00:00,1.9386592,201.80147
2025-11-09 19:00:00+00:00,2.8856194,183.57626
2025-11-09 20:00:00+00:00,4.3349743,184.76355
2025-11-09 21:00:00+00:00,5.896202,192.33908
2025-11-09 22:00:00+00:00,8.669949,184.76355
2025-11-09 23:00:00+00:00,8.967541,190.40765
2025-11-10 00:00:00+00:00,9.215226,192.40741
2025-11-10 01:00:00+00:00,9.531505,190.88548
2025-11-10 02:00:00+00:00,9.6480665,188.58354
2025-11-10 03:00:00+00:00,7.102591,188.74608
2025-11-10 04:00:00+00:00,8.027677,199.65392
2025-11-10 05:00:00+00:00,10.233123,219.28938
2025-11-10 06:00:00+00:00,11.855429,239.9315
2025-11-10 07:00:00+00:00,12.9625,244.50249
2025-11-10 08:00:00+00:00,12.9625,244.50249
2025-11-10 09:00:00+00:00,12.337553,246.80139
2025-11-10 10:00:00+00:00,11.238113,238.09193
2025-11-10 11:00:00+00:00,10.560341,240.37634
2025-11-10 12:00:00+00:00,8.452336,243.43501
2025-11-10 13:00:00+00:00,7.5685663,244.65387
2025-11-10 14:00:00+00:00,7.538541,236.68936
2025-11-10 15:00:00+00:00,7.8954163,223.1524
2025-11-10 16:00:00+00:00,9.039514,215.2725
2025-11-10 17:00:00+00:00,9.847496,210.78407
2025-11-10 18:00:00+00:00,10.315115,209.24873
2025-11-10 19:00:00+00:00,10.735306,214.75598
2025-11-10 20:00:00+00:00,11.074023,224.34154
2025-11-10 21:00:00+00:00,11.282711,236.05637
2025-11-10 22:00:00+00:00,9.485504,236.61147
2025-11-10 23:00:00+00:00,8.244708,233.88057
2025-11-11 00:00:00+00:00,7.9383874,212.9694
2025-11-11 01:00:00+00:00,9.847496,198.10385
2025-11-11 02:00:00+00:00,11.555102,198.1528
2025-11-11 03:00:00+00:00,11.203464,203.6821
2025-11-11 04:00:00+00:00,11.832176,213.20659
2025-11-11 05:00:00+00:00,11.457958,226.27295
2025-11-11 06:00:00+00:00,10.1456785,244.7989
2025-11-11 07:00:00+00:00,8.36758,251.1752
2025-11-11 08:00:00+00:00,7.8149853,255.32356
2025-11-11 09:00:00+00:00,7.5942073,264.55975
2025-11-11 10:00:00+00:00,7.7983837,251.14674
2025-11-11 11:00:00+00:00,7.42159,255.96373
2025-11-11 12:00:00+00:00,6.0077944,261.38443
2025-11-11 13:00:00+00:00,5.223103,271.97488
2025-11-11 14:00:00+00:00,4.5,270.0
2025-11-11 15:00:00+00:00,4.6277857,256.50424
2025-11-11 16:00:00+00:00,5.12289,251.56496
2025-11-11 17:00:00+00:00,5.0688457,263.88458
2025-11-11 18:00:00+00:00,4.6730714,285.6423
2025-11-11 19:00:00+00:00,4.6452556,324.46225
2025-11-11 20:00:00+00:00,4.7110505,353.41815
2025-11-11 21:00:00+00:00,4.7521367,24.623547
2025-11-11 22:00:00+00:00,4.1046314,74.74483
2025-11-11 23:00:00+00:00,4.5322843,96.84268
2025-11-12 00:00:00+00:00,5.00128,120.256355
2025-11-12 01:00:00+00:00,5.4744864,136.33215
2025-11-12 02:00:00+00:00,6.601363,154.1337
2025-11-12 03:00:00+00:00,4.452954,165.96373
2025-11-12 04:00:00+00:00,3.4247334,176.98727
2025-11-12 05:00:00+00:00,2.8460495,214.69522
2025-11-12 06:00:00+00:00,5.0528407,274.08554
2025-11-12 07:00:00+00:00,7.8583965,290.0953
2025-11-12 08:00:00+00:00,8.936778,297.5972
2025-11-12 09:00:00+00:00,9.835975,304.5626
2025-11-12 10:00:00+00:00,8.775807,295.51382
2025-11-12 11:00:00+00:00,8.6193495,298.70584
2025-11-12 12:00:00+00:00,7.519175,312.08908
2025-11-12 13:00:00+00:00,7.3469996,329.03632
2025-11-12 14:00:00+00:00,7.293888,344.24875
2025-11-12 15:00:00+00:00,6.7205353,352.30405
2025-11-12 16:00:00+00:00,6.66,360.0
2025-11-12 17:00:00+00:00,6.849467,3.0127327
2025-11-12 18:00:00+00:00,7.5942073,5.4402504
2025-11-12 19:00:00+00:00,8.227004,10.0805435
2025-11-12 20:00:00+00:00,8.36758,18.824812
2025-11-12 21:00:00+00:00,7.9383874,32.96941
2025-11-12 22:00:00+00:00,5.3426957,32.61924
2025-11-12 23:00:00+00:00,3.7971041,58.570484
2025-11-13 00:00:00+00:00,2.5455842,81.86999
2025-11-13 01:00:00+00:00,2.6758924,132.27362
2025-11-13 02:00:00+00:00,3.381893,154.7989
2025-11-13 03:00:00+00:00,2.6758924,160.34608
2025-11-13 04:00:00+00:00,1.8,143.13002
2025-11-13 05:00:00+00:00,1.9386592,111.801476
2025-11-13 06:00:00+00:00,1.8532133,60.94549
2025-11-13 07:00:00+00:00,2.8460495,325.30478
2025-11-13 08:00:00+00:00,4.4565907,313.36346
2025-11-13 09:00:00+00:00,4.942631,326.88864
2025-11-13 10:00:00+00:00,3.6447225,327.09476
2025-11-13 11:00:00+00:00,4.1046314,344.7448
2025-11-13 12:00:00+00:00,4.8633323,2.1210518
2025-11-13 13:00:00+00:00,6.4323244,17.92802
2025-11-13 14:00:00+00:00,6.8423676,35.362556
2025-11-13 15:00:00+00:00,6.9153743,51.34017
2025-11-13 16:00:00+00:00,7.0911775,66.037506
2025-11-13 17:00:00+00:00,7.486788,80.31129
2025-11-13 18:00:00+00:00,8.297589,93.73133
2025-11-13 19:00:00+00:00,8.731391,104.32276
2025-11-13 20:00:00+00:00,9.580668,115.60214
2025-11-13 21:00:00+00:00,10.234705,124.24909
2025-11-13 22:00:00+00:00,11.161451,142.206
2025-11-13 23:00:00+00:00,11.634741,145.08052
2025-11-14 00:00:00+00:00,11.734564,147.52882
2025-11-14 01:00:00+00:00,12.081473,151.5259
2025-11-14 02:00:00+00:00,12.156331,152.6762
2025-11-14 03:00:00+00:00,11.1090765,153.01985
2025-11-14 04:00:00+00:00,11.511559,153.03436
2025-11-14 05:00:00+00:00,12.157663,154.57317
2025-11-14 06:00:00+00:00,11.440979,155.85446
2025-11-14 07:00:00+00:00,5.5216303,160.9743
2025-11-14 08:00:00+00:00,2.3469126,175.60138
2025-11-14 09:00:00+00:00,0.5091169,135.0001
2025-11-14 10:00:00+00:00,1.4058449,129.80553
2025-11-14 11:00:00+00:00,1.6299692,83.659904
2025-11-14 12:00:00+00:00,3.7064266,60.94549
2025-11-14 13:00:00+00:00,6.297428,59.03632
2025-11-14 14:00:00+00:00,7.968939,71.564964
2025-11-14 15:00:00+00:00,8.836514,86.49654
2025-11-14 16:00:00+00:00,9.743305,101.72509
2025-11-14 17:00:00+00:00,10.223619,116.11385
2025-11-14 18:00:00+00:00,10.739832,129.55963
2025-11-14 19:00:00+00:00,11.246759,140.19447
2025-11-14 20:00:00+00:00,11.583109,147.05078
2025-11-14 21:00:00+00:00,12.081473,151.5259
2025-11-14 22:00:00+00:00,12.810386,162.838
2025-11-14 23:00:00+00:00,13.327294,163.52304
2025-11-15 00:00:00+00:00,13.091829,161.56496
2025-11-15 01:00:00+00:00,13.040997,159.81412
2025-11-15 02:00:00+00:00,13.00243,158.05124
2025-11-15 03:00:00+00:00,11.770403,156.57129
2025-11-15 04:00:00+00:00,12.483749,155.28258
2025-11-15 05:00:00+00:00,12.56008,154.5367
2025-11-15 06:00:00+00:00,11.592895,154.23073
2025-11-15 07:00:00+00:00,6.156947,142.12495
2025-11-15 08:00:00+00:00,3.319036,102.5288
2025-11-15 09:00:00+00:00,3.8647635,62.24156
2025-11-15 10:00:00+00:00,3.2846913,80.53775
2025-11-15 11:00:00+00:00,4.846648,68.19853
2025-11-15 12:00:00+00:00,6.198903,64.17907
2025-11-15 13:00:00+00:00,8.155807,67.963715
2025-11-15 14:00:00+00:00,8.759178,80.53775
2025-11-15 15:00:00+00:00,9.208192,94.48453
2025-11-15 16:00:00+00:00,9.693296,111.801476
2025-11-15 17:00:00+00:00,10.944532,126.30459
2025-11-15 18:00:00+00:00,11.854062,138.07755
2025-11-15 19:00:00+00:00,12.136325,144.6598
2025-11-15 20:00:00+00:00,12.413477,150.46132
2025-11-15 21:00:00+00:00,12.397806,154.17906
2025-11-15 22:00:00+00:00,12.9249525,167.125
2025-11-15 23:00:00+00:00,12.74954,166.94475
2025-11-16 00:00:00+00:00,12.267762,165.55592
2025-11-16 01:00:00+00:00,12.351988,161.30092
2025-11-16 02:00:00+00:00,12.535549,158.96242
2025-11-16 03:00:00+00:00,10.564942,156.92957
2025-11-16 04:00:00+00:00,10.385547,154.32323
2025-11-16 05:00:00+00:00,10.228373,151.63104
2025-11-16 06:00:00+00:00,8.827344,140.79282
2025-11-16 07:00:00+00:00,5.7852573,95.355736
2025-11-16 08:00:00+00:00,6.696387,53.74608
2025-11-16 09:00:00+00:00,8.043805,40.462154
2025-11-16 10:00:00+00:00,7.127636,44.999897
2025-11-16 11:00:00+00:00,7.386582,43.02507
2025-11-16 12:00:00+00:00,7.127636,44.999897
2025-11-16 13:00:00+00:00,8.415842,48.468323
2025-11-16 14:00:00+00:00,8.836514,56.63362
2025-11-16 15:00:00+00:00,8.958504,67.557205
2025-11-16 16:00:00+00:00,8.731392,81.70294
2025-11-16 17:00:00+00:00,9.0018,101.53459
2025-11-16 18:00:00+00:00,9.693296,121.328636
2025-11-16 19:00:00+00:00,10.44,136.39711
2025-11-16 20:00:00+00:00,10.436895,147.6804
2025-11-16 21:00:00+00:00,10.234705,156.13982
2025-11-16 22:00:00+00:00,10.483357,164.05453
2025-11-16 23:00:00+00:00,10.03167,170.70677
2025-11-17 00:00:00+00:00,9.582359,174.61078
2025-11-17 01:00:00+00:00,9.734988,176.82024
2025-11-17 02:00:00+00:00,9.914717,176.87793
2025-11-17 03:00:00+00:00,7.613382,173.21112
2025-11-17 04:00:00+00:00,7.6367526,171.86998
2025-11-17 05:00:00+00:00,7.7420926,178.66782
2025-11-17 06:00:00+00:00,7.293888,195.75124
2025-11-17 07:00:00+00:00,5.369916,219.55963
2025-11-17 08:00:00+00:00,4.1085763,241.1893
2025-11-17 09:00:00+00:00,3.4949677,258.11136
2025-11-17 10:00:00+00:00,3.2048087,231.84273
2025-11-17 11:00:00+00:00,2.0523157,232.12495
2025-11-17 12:00:00+00:00,1.2727921,188.13002
2025-11-17 13:00:00+00:00,1.9469976,123.6901
2025-11-17 14:00:00+00:00,3.8521678,127.40543
2025-11-17 15:00:00+00:00,6.623413,132.79738
2025-11-17 16:00:00+00:00,8.748075,143.3658
2025-11-17 17:00:00+00:00,9.913082,150.64235
2025-11-17 18:00:00+00:00,10.829958,158.5522
2025-11-17 19:00:00+00:00,11.103243,163.03377
2025-11-17 20:00:00+00:00,11.132385,165.96373
2025-11-17 21:00:00+00:00,10.874741,167.57407
2025-11-17 22:00:00+00:00,11.755254,168.51804
2025-11-17 23:00:00+00:00,11.226575,167.96942
2025-11-18 00:00:00+00:00,10.609316,165.2564
2025-11-18 01:00:00+00:00,10.534229,163.11313
2025-11-18 02:00:00+00:00,10.814989,161.56496
2025-11-18 03:00:00+00:00,8.65873,159.30447
2025-11-18 04:00:00+00:00,7.9220443,158.68202
2025-11-18 05:00:00+00:00,6.9270773,155.43285
2025-11-18 06:00:00+00:00,3.7971041,148.57048
2025-11-18 07:00:00+00:00,2.4216523,48.01287
2025-11-18 08:00:00+00:00,5.2478566,22.166399
2025-11-18 09:00:00+00:00,7.120815,20.72564
2025-11-18 10:00:00+00:00,6.1226463,24.304548
2025-11-18 11:00:00+00:00,6.689125,23.805958
2025-11-18 12:00:00+00:00,6.198903,25.820946
2025-11-18 13:00:00+00:00,7.1389914,33.6901
2025-11-18 14:00:00+00:00,7.1321807,47.045418
2025-11-18 15:00:00+00:00,6.8423676,63.435013
2025-11-18 16:00:00+00:00,6.87779,83.99109
2025-11-18 17:00:00+00:00,6.8989563,105.12406
2025-11-18 18:00:00+00:00,7.9036193,120.0685
2025-11-18 19:00:00+00:00,8.404285,133.26433
2025-11-18 20:00:00+00:00,8.856658,142.43134
2025-11-18 21:00:00+00:00,8.936778,152.4028
2025-11-18 22:00:00+00:00,9.292255,158.40463
2025-11-18 23:00:00+00:00,9.346143,164.3577
2025-11-19 00:00:00+00:00,9.605998,167.00539
2025-11-19 01:00:00+00:00,9.9571085,167.4712
2025-11-19 02:00:00+00:00,10.088033,164.47583
2025-11-19 03:00:00+00:00,8.490582,158.87521
2025-11-19 04:00:00+00:00,8.93859,154.98314
2025-11-19 05:00:00+00:00,10.6261,153.86906
2025-11-19 06:00:00+00:00,10.8015,156.42528
2025-11-19 07:00:00+00:00,7.823272,156.97447
2025-11-19 08:00:00+00:00,5.8631387,162.12122
2025-11-19 09:00:00+00:00,3.9312592,164.05453
2025-11-19 10:00:00+00:00,3.0811036,173.29025
2025-11-19 11:00:00+00:00,1.5273507,135.0001
2025-11-19 12:00:00+00:00,2.3469126,85.60138
2025-11-19 13:00:00+00:00,4.7110505,83.41815
2025-11-19 14:00:00+00:00,6.28713,103.24053
2025-11-19 15:00:00+00:00,8.139901,125.095894
2025-11-19 16:00:00+00:00,9.614426,141.84273
2025-11-19 17:00:00+00:00,9.997699,156.66594
2025-11-19 18:00:00+00:00,9.885262,169.50858
2025-11-19 19:00:00+00:00,9.179999,180.0
2025-11-19 20:00:00+00:00,8.297589,192.5288
2025-11-19 21:00:00+00:00,6.8541956,203.19861
2025-11-19 22:00:00+00:00,5.22,226.39711
2025-11-19 23:00:00+00:00,3.604497,267.13766
2025-11-20 00:00:00+00:00,3.0547013,315.0001
2025-11-20 01:00:00+00:00,2.226477,345.9637
2025-11-20 02:00:00+00:00,0.9693296,68.19853
2025-11-20 03:00:00+00:00,2.8460495,145.30478
2025-11-20 04:00:00+00:00,2.9522195,142.43134
2025-11-20 05:00:00+00:00,3.4576871,141.34016
2025-11-20 06:00:00+00:00,3.06,151.92761
2025-11-20 07:00:00+00:00,1.4399999,180.0
2025-11-20 08:00:00+00:00,2.0124612,296.56497
2025-11-20 09:00:00+00:00,3.563818,315.0001
2025-11-20 10:00:00+00:00,3.381893,295.20108
2025-11-20 11:00:00+00:00,4.293669,303.02386
2025-11-20 12:00:00+00:00,5.09435,327.99466
2025-11-20 13:00:00+00:00,7.2044983,347.00537
2025-11-20 14:00:00+00:00,7.92,360.0
2025-11-20 15:00:00+00:00,8.019601,9.039405
2025-11-20 16:00:00+00:00,7.1208143,16.144413
2025-11-20 17:00:00+00:00,7.0015144,17.969234
2025-11-20 18:00:00+00:00,7.570707,18.00426
2025-11-20 19:00:00+00:00,8.891344,21.370695
2025-11-20 20:00:00+00:00,9.582358,28.009092
2025-11-20 21:00:00+00:00,9.688281,35.166515
2025-11-20 22:00:00+00:00,8.297589,40.601215
2025-11-20 23:00:00+00:00,8.149847,46.789886
2025-11-21 00:00:00+00:00,8.4963045,53.61555
2025-11-21 01:00:00+00:00,7.973005,61.69934
2025-11-21 02:00:00+00:00,7.9138603,72.80138
2025-11-21 03:00:00+00:00,5.771239,86.423744
2025-11-21 04:00:00+00:00,5.6262593,82.64771
2025-11-21 05:00:00+00:00,6.6794305,75.96373
2025-11-21 06:00:00+00:00,6.9527545,68.74943
2025-11-21 07:00:00+00:00,5.3457265,44.999897
2025-11-21 08:00:00+00:00,5.4477882,7.59456
2025-11-21 09:00:00+00:00,7.208994,357.13766
2025-11-21 10:00:00+00:00,7.1208143,343.8556
2025-11-21 11:00:00+00:00,8.4042845,350.13425
2025-11-21 12:00:00+00:00,9.007196,357.70944
2025-11-21 13:00:00+00:00,11.003581,3.7516637
2025-11-21 14:00:00+00:00,11.720751,10.61961
2025-11-21 15:00:00+00:00,11.745604,15.101156
2025-11-21 16:00:00+00:00,11.500296,17.300613
2025-11-21 17:00:00+00:00,11.272657,19.592375
2025-11-21 18:00:00+00:00,10.730778,22.69384
2025-11-21 19:00:00+00:00,10.304114,27.012596
2025-11-21 20:00:00+00:00,10.285232,32.85573
2025-11-21 21:00:00+00:00,10.548061,36.674442
2025-11-21 22:00:00+00:00,9.984729,27.950872
2025-11-21 23:00:00+00:00,10.464797,26.564985
2025-11-22 00:00:00+00:00,10.685391,32.61924
2025-11-22 01:00:00+00:00,10.075177,41.37842
2025-11-22 02:00:00+00:00,9.290511,54.46224
2025-11-22 03:00:00+00:00,7.256032,66.61476
2025-11-22 04:00:00+00:00,8.297589,65.65892
2025-11-22 05:00:00+00:00,9.19939,59.420856
2025-11-22 06:00:00+00:00,10.120099,51.49933
2025-11-22 07:00:00+00:00,10.152064,37.073162
2025-11-22 08:00:00+00:00,10.223619,26.113852
2025-11-22 09:00:00+00:00,11.165805,20.772345
2025-11-22 10:00:00+00:00,10.310403,16.220268
2025-11-22 11:00:00+00:00,10.783487,14.500209
2025-11-22 12:00:00+00:00,9.781473,12.757541
2025-11-22 13:00:00+00:00,9.9977,13.535882
2025-11-22 14:00:00+00:00,10.304115,19.384613
2025-11-22 15:00:00+00:00,10.385547,25.676775
2025-11-22 16:00:00+00:00,10.036512,32.549995
2025-11-22 17:00:00+00:00,9.473541,38.829834
2025-11-22 18:00:00+00:00,9.178235,48.179924
2025-11-22 19:00:00+00:00,9.109138,52.22426
2025-11-22 20:00:00+00:00,9.19939,59.420856
2025-11-22 21:00:00+00:00,9.459852,68.80588
2025-11-22 22:00:00+00:00,8.731392,81.70294
2025-11-22 23:00:00+00:00,9.0018,91.14574
2025-11-23 00:00:00+00:00,9.087772,97.96952
2025-11-23 01:00:00+00:00,9.299225,104.57426
2025-11-23 02:00:00+00:00,8.827344,110.28265
2025-11-23 03:00:00+00:00,6.77575,106.99091
2025-11-23 04:00:00+00:00,6.6697226,93.093994
2025-11-23 05:00:00+00:00,8.12197,77.19574
2025-11-23 06:00:00+00:00,9.761578,67.21756
2025-11-23 07:00:00+00:00,8.242743,58.392544
2025-11-23 08:00:00+00:00,7.6409945,46.90914
2025-11-23 09:00:00+00:00,8.209263,37.875053
2025-11-23 10:00:00+00:00,7.653705,41.185837
2025-11-23 11:00:00+00:00,8.574123,39.03552
2025-11-23 12:00:00+00:00,8.643749,31.372961
2025-11-23 13:00:00+00:00,10.897063,22.328712
2025-11-23 14:00:00+00:00,11.799271,21.476864
2025-11-23 15:00:00+00:00,12.483749,24.71742
2025-11-23 16:00:00+00:00,12.659004,29.84584
2025-11-23 17:00:00+00:00,12.708815,37.519188
2025-11-23 18:00:00+00:00,12.473363,44.999897
2025-11-23 19:00:00+00:00,12.425216,51.469795
2025-11-23 20:00:00+00:00,12.232057,57.011467
2025-11-23 21:00:00+00:00,12.156331,62.676193
2025-11-23 22:00:00+00:00,10.656547,74.32042
2025-11-23 23:00:00+00:00,10.6261,79.261154
2025-11-24 00:00:00+00:00,10.742848,81.32691
2025-11-24 01:00:00+00:00,10.464798,86.05489
2025-11-24 02:00:00+00:00,10.285232,94.0141
2025-11-24 03:00:00+00:00,8.936778,99.27253
2025-11-24 04:00:00+00:00,10.062305,100.30479
2025-11-24 05:00:00+00:00,10.717182,97.72173
2025-11-24 06:00:00+00:00,11.003581,93.751656
2025-11-24 07:00:00+00:00,11.705537,88.23765
2025-11-24 08:00:00+00:00,12.825552,85.16967
2025-11-24 09:00:00+00:00,12.576836,80.94219
2025-11-24 10:00:00+00:00,10.239453,79.87539
2025-11-24 11:00:00+00:00,10.9859,71.86183
2025-11-24 12:00:00+00:00,10.685391,57.380775
2025-11-24 13:00:00+00:00,11.334285,43.06944
2025-11-24 14:00:00+00:00,12.616702,42.108665
2025-11-24 15:00:00+00:00,13.246826,47.20262
2025-11-24 16:00:00+00:00,13.5,53.13002
2025-11-24 17:00:00+00:00,13.281023,57.17146
2025-11-24 18:00:00+00:00,13.130133,61.326946
2025-11-24 19:00:00+00:00,13.0447235,62.02062
2025-11-24 20:00:00+00:00,13.040997,63.78868
2025-11-24 21:00:00+00:00,13.049689,65.55606
2025-11-24 22:00:00+00:00,12.535548,74.16755
2025-11-24 23:00:00+00:00,12.841963,84.369415
2025-11-25 00:00:00+00:00,13.324863,91.54813
2025-11-25 01:00:00+00:00,13.822546,98.235535
2025-11-25 02:00:00+00:00,14.369594,102.29526
2025-11-25 03:00:00+00:00,13.499999,106.26028
2025-11-25 04:00:00+00:00,15.25865,107.15251
2025-11-25 05:00:00+00:00,16.940096,104.7746
2025-11-25 06:00:00+00:00,18.466455,96.155075
2025-11-25 07:00:00+00:00,17.950432,74.2913
2025-11-25 08:00:00+00:00,17.95765,61.89382
2025-11-25 09:00:00+00:00,18.374111,55.375774
2025-11-25 10:00:00+00:00,16.825909,55.45984
2025-11-25 11:00:00+00:00,17.283749,54.323517
2025-11-25 12:00:00+00:00,14.31198,50.102226
2025-11-25 13:00:00+00:00,12.984975,46.12322
2025-11-25 14:00:00+00:00,13.239486,43.89838
2025-11-25 15:00:00+00:00,13.491598,44.999897
2025-11-25 16:00:00+00:00,13.624228,46.60596
2025-11-25 17:00:00+00:00,13.513193,48.2398
2025-11-25 18:00:00+00:00,13.276144,49.398785
2025-11-25 19:00:00+00:00,13.044722,50.59937
2025-11-25 20:00:00+00:00,12.566526,51.981007
2025-11-25 21:00:00+00:00,12.181624,55.840256
2025-11-25 22:00:00+00:00,11.384199,71.564964
2025-11-25 23:00:00+00:00,11.5115595,80.09588
2025-11-26 00:00:00+00:00,12.108261,84.882774
2025-11-26 01:00:00+00:00,12.78,90.0
2025-11-26 02:00:00+00:00,13.519186,93.052826
2025-11-26 03:00:00+00:00,12.841963,95.63059
2025-11-26 04:00:00+00:00,14.607751,93.53223
2025-11-26 05:00:00+00:00,16.024044,88.7127
2025-11-26 06:00:00+00:00,16.801823,85.08353
2025-11-26 07:00:00+00:00,17.34083,80.43998
2025-11-26 08:00:00+00:00,16.940096,75.22541
2025-11-26 09:00:00+00:00,16.108742,71.76742
2025-11-26 10:00:00+00:00,14.458382,71.11382
2025-11-26 11:00:00+00:00,15.137133,64.65388
2025-11-26 12:00:00+00:00,14.05845,50.194473
2025-11-26 13:00:00+00:00,14.87153,38.118332
2025-11-26 14:00:00+00:00,16.237955,35.98077
2025-11-26 15:00:00+00:00,16.782528,38.467903
2025-11-26 16:00:00+00:00,16.697365,41.94123
2025-11-26 17:00:00+00:00,16.546299,44.999897
2025-11-26 18:00:00+00:00,16.309628,47.683834
2025-11-26 19:00:00+00:00,16.616642,50.273937
2025-11-26 20:00:00+00:00,16.813387,52.393948
2025-11-26 21:00:00+00:00,16.848038,53.252445
2025-11-26 22:00:00+00:00,15.12964,55.175446
2025-11-26 23:00:00+00:00,14.731435,54.950554
2025-11-27 00:00:00+00:00,14.77755,55.922764
2025-11-27 01:00:00+00:00,14.138882,58.53591
2025-11-27 02:00:00+00:00,13.737904,58.392544
2025-11-27 03:00:00+00:00,13.529966,56.944176
2025-11-27 04:00:00+00:00,15.528064,55.388794
2025-11-27 05:00:00+00:00,16.418526,52.124958
2025-11-27 06:00:00+00:00,17.055414,44.999897
2025-11-27 07:00:00+00:00,18.275984,39.805527
2025-11-27 08:00:00+00:00,19.152035,36.97769
2025-11-27 09:00:00+00:00,19.586119,36.027473
2025-11-27 10:00:00+00:00,19.070658,33.84009
2025-11-27 11:00:00+00:00,19.67195,34.56259
2025-11-27 12:00:00+00:00,18.359999,28.072395
2025-11-27 13:00:00+00:00,19.070658,19.290138
2025-11-27 14:00:00+00:00,21.576738,19.493158
2025-11-27 15:00:00+00:00,23.132626,20.973576
2025-11-27 16:00:00+00:00,23.4,22.61991
2025-11-27 17:00:00+00:00,23.120016,24.37012
2025-11-27 18:00:00+00:00,22.460365,27.181028
2025-11-27 19:00:00+00:00,21.611996,29.981556
2025-11-27 20:00:00+00:00,20.321672,32.70474
2025-11-27 21:00:00+00:00,19.229694,35.475418
2025-11-27 22:00:00+00:00,17.623463,34.17704
2025-11-27 23:00:00+00:00,16.325514,34.215755
2025-11-28 00:00:00+00:00,16.084589,31.73347
2025-11-28 01:00:00+00:00,15.931779,32.07397
2025-11-28 02:00:00+00:00,15.876775,32.96941
2025-11-28 03:00:00+00:00,16.489416,36.11944
2025-11-28 04:00:00+00:00,18.880276,41.13445
2025-11-28 05:00:00+00:00,19.477463,43.876797
2025-11-28 06:00:00+00:00,19.61587,42.768803
2025-11-28 07:00:00+00:00,20.168034,40.656677
2025-11-28 08:00:00+00:00,20.634155,38.269566
2025-11-28 09:00:00+00:00,20.486023,36.06448
2025-11-28 10:00:00+00:00,19.719656,33.835163
2025-11-28 11:00:00+00:00,19.820442,34.26739
2025-11-28 12:00:00+00:00,17.349236,30.555893
2025-11-28 13:00:00+00:00,15.646544,23.025528
2025-11-28 14:00:00+00:00,16.285772,20.037306
2025-11-28 15:00:00+00:00,16.685717,20.194427
2025-11-28 16:00:00+00:00,17.280935,22.023115
2025-11-28 17:00:00+00:00,17.072504,24.943882
2025-11-28 18:00:00+00:00,16.59225,28.511152
2025-11-28 19:00:00+00:00,15.743569,30.963696
2025-11-28 20:00:00+00:00,14.88242,32.15227
2025-11-28 21:00:00+00:00,14.128566,34.095036
2025-11-28 22:00:00+00:00,13.213765,37.806587
2025-11-28 23:00:00+00:00,12.819235,38.157276
2025-11-29 00:00:00+00:00,12.744457,36.38445
2025-11-29 01:00:00+00:00,12.492829,36.209553
2025-11-29 02:00:00+00:00,12.313894,37.875042
2025-11-29 03:00:00+00:00,12.37819,40.87232
2025-11-29 04:00:00+00:00,14.896563,46.468742
2025-11-29 05:00:00+00:00,16.341381,49.46725
2025-11-29 06:00:00+00:00,17.00881,50.582634
2025-11-29 07:00:00+00:00,16.697365,48.058784
2025-11-29 08:00:00+00:00,15.072783,40.15594
2025-11-29 09:00:00+00:00,13.776762,28.909094
2025-11-29 10:00:00+00:00,12.236029,26.188055
2025-11-29 11:00:00+00:00,12.172312,23.532368
2025-11-29 12:00:00+00:00,12.011544,19.249622
2025-11-29 13:00:00+00:00,12.810386,17.162003
2025-11-29 14:00:00+00:00,13.779114,19.855309
2025-11-29 15:00:00+00:00,13.874019,22.905807
2025-11-29 16:00:00+00:00,13.845967,26.231878
2025-11-29 17:00:00+00:00,13.776762,28.909094
2025-11-29 18:00:00+00:00,13.184308,32.171192
2025-11-29 19:00:00+00:00,12.744457,36.38445
2025-11-29 20:00:00+00:00,11.734564,41.268513
2025-11-29 21:00:00+00:00,10.694485,46.363857
2025-11-29 22:00:00+00:00,10.00256,59.743652
2025-11-29 23:00:00+00:00,9.266067,65.92451
2025-11-30 00:00:00+00:00,8.891344,68.62931
2025-11-30 01:00:00+00:00,8.427383,70.01681
2025-11-30 02:00:00+00:00,8.427383,70.01681
2025-11-30 03:00:00+00:00,7.1208143,73.85559
2025-11-30 04:00:00+00:00,8.513448,76.55138
2025-11-30 05:00:00+00:00,9.255571,76.50425
2025-11-30 06:00:00+00:00,9.12513,75.14134
2025-11-30 07:00:00+00:00,6.5223618,62.02062
2025-11-30 08:00:00+00:00,4.829907,26.564985
2025-11-30 09:00:00+00:00,6.162207,353.29025
2025-11-30 10:00:00+00:00,5.315336,331.69934
2025-11-30 11:00:00+00:00,6.5248446,335.55606
2025-11-30 12:00:00+00:00,8.4042845,350.13425
2025-11-30 13:00:00+00:00,10.801499,0.95482427
2025-11-30 14:00:00+00:00,11.633348,8.004644
2025-11-30 15:00:00+00:00,11.132385,14.036275
2025-11-30 16:00:00+00:00,10.196647,20.67451
2025-11-30 17:00:00+00:00,8.863972,29.16752
2025-11-30 18:00:00+00:00,7.7734165,42.184383
2025-11-30 19:00:00+00:00,6.889557,56.725105
2025-11-30 20:00:00+00:00,6.050785,67.24899
2025-11-30 21:00:00+00:00,5.5216303,70.974304
2025-11-30 22:00:00+00:00,4.5572357,99.090195
2025-11-30 23:00:00+00:00,5.020677,104.5345
2025-12-01 00:00:00+00:00,5.5829024,110.77233
2025-12-01 01:00:00+00:00,6.048107,126.528946
2025-12-01 02:00:00+00:00,7.001514,136.04153
2025-12-01 03:00:00+00:00,5.7628117,141.34016
2025-12-01 04:00:00+00:00,4.471107,139.89915
2025-12-01 05:00:00+00:00,3.572898,130.91429
2025-12-01 06:00:00+00:00,1.659518,130.60121
2025-12-01 07:00:00+00:00,2.4482646,287.1028
2025-12-01 08:00:00+00:00,5.0816135,292.93213
2025-12-01 09:00:00+00:00,7.0107627,299.1974
2025-12-01 10:00:00+00:00,7.327127,297.824
2025-12-01 11:00:00+00:00,7.9567327,307.64767
2025-12-01 12:00:00+00:00,7.8480825,323.39282
2025-12-01 13:00:00+00:00,9.12513,337.98865
2025-12-01 14:00:00+00:00,8.759178,350.53775
2025-12-01 15:00:00+00:00,7.9383874,3.9004252
2025-12-01 16:00:00+00:00,6.638072,12.528798
2025-12-01 17:00:00+00:00,5.2416787,15.945477
2025-12-01 18:00:00+00:00,4.060985,12.804273
2025-12-01 19:00:00+00:00,3.964089,2.6025116
2025-12-01 20:00:00+00:00,4.1556225,355.03033
2025-12-01 21:00:00+00:00,4.5322843,353.15732
2025-12-01 22:00:00+00:00,3.189608,16.389616
2025-12-01 23:00:00+00:00,3.710795,39.09386
2025-12-02 00:00:00+00:00,3.7064266,60.94549
2025-12-02 01:00:00+00:00,3.536439,104.743614
2025-12-02 02:00:00+00:00,4.3349743,131.63345
2025-12-02 03:00:00+00:00,4.942631,146.88864
2025-12-02 04:00:00+00:00,3.244996,146.3099
2025-12-02 05:00:00+00:00,2.2910259,135.0001
2025-12-02 06:00:00+00:00,1.2979984,56.309914
2025-12-02 07:00:00+00:00,3.7842832,357.27374
2025-12-02 08:00:00+00:00,4.9785542,347.4712
2025-12-02 09:00:00+00:00,6.424764,348.6901
2025-12-02 10:00:00+00:00,5.426933,354.2895
2025-12-02 11:00:00+00:00,7.2,360.0
2025-12-02 12:00:00+00:00,8.656858,3.5762644
2025-12-02 13:00:00+00:00,10.658068,4.84392
2025-12-02 14:00:00+00:00,11.633348,8.004644
2025-12-02 15:00:00+00:00,11.9317045,11.3098955
2025-12-02 16:00:00+00:00,11.966954,15.708701
2025-12-02 17:00:00+00:00,11.672275,19.832224
2025-12-02 18:00:00+00:00,11.770403,23.428713
2025-12-02 19:00:00+00:00,11.7,30.510159
2025-12-02 20:00:00+00:00,11.385622,39.225655
2025-12-02 21:00:00+00:00,11.720751,47.489597
2025-12-02 22:00:00+00:00,11.196232,53.49847
2025-12-02 23:00:00+00:00,11.238113,58.091934
2025-12-03 00:00:00+00:00,11.35285,64.65388
2025-12-03 01:00:00+00:00,11.052058,73.92636
2025-12-03 02:00:00+00:00,11.074022,82.528534
2025-12-03 03:00:00+00:00,9.555271,86.76037
2025-12-03 04:00:00+00:00,9.9408245,84.805664
2025-12-03 05:00:00+00:00,11.276968,81.740654
2025-12-03 06:00:00+00:00,12.886039,77.90526
2025-12-03 07:00:00+00:00,13.5515,73.009094
2025-12-03 08:00:00+00:00,11.679213,65.409904
2025-12-03 09:00:00+00:00,10.944532,53.69541
2025-12-03 10:00:00+00:00,11.345712,48.215576
2025-12-03 11:00:00+00:00,12.768586,40.425995
2025-12-03 12:00:00+00:00,12.4811535,33.231728
2025-12-03 13:00:00+00:00,13.397612,30.699654
2025-12-03 14:00:00+00:00,14.178927,33.084866
2025-12-03 15:00:00+00:00,14.508715,37.43865
2025-12-03 16:00:00+00:00,14.664202,41.51664
2025-12-03 17:00:00+00:00,14.264361,47.045418
2025-12-03 18:00:00+00:00,14.004185,52.83545
2025-12-03 19:00:00+00:00,13.737904,58.392544
2025-12-03 20:00:00+00:00,12.570394,60.8658
2025-12-03 21:00:00+00:00,11.837652,61.876366
2025-12-03 22:00:00+00:00,11.841756,70.46326
2025-12-03 23:00:00+00:00,11.792404,77.660934
2025-12-04 00:00:00+00:00,11.196231,85.38944
2025-12-04 01:00:00+00:00,10.464798,93.945114
2025-12-04 02:00:00+00:00,10.03167,99.293236
2025-12-04 03:00:00+00:00,8.759178,99.46225
2025-12-04 04:00:00+00:00,9.403169,95.49223
2025-12-04 05:00:00+00:00,10.813492,92.86235
2025-12-04 06:00:00+00:00,11.7,90.0
2025-12-04 07:00:00+00:00,9.9587345,83.77426
2025-12-04 08:00:00+00:00,8.027677,70.346085
2025-12-04 09:00:00+00:00,7.282774,50.013176
2025-12-04 10:00:00+00:00,6.048107,53.471054
2025-12-04 11:00:00+00:00,6.3690495,42.709366
2025-12-04 12:00:00+00:00,6.889557,33.27491
2025-12-04 13:00:00+00:00,8.797931,30.762655
2025-12-04 14:00:00+00:00,9.726664,38.990997
2025-12-04 15:00:00+00:00,9.686609,48.01287
2025-12-04 16:00:00+00:00,9.913082,60.64234
2025-12-04 17:00:00+00:00,10.041354,75.46551
2025-12-04 18:00:00+00:00,10.2742,86.98728
2025-12-04 19:00:00+00:00,10.51576,96.88163
2025-12-04 20:00:00+00:00,10.435344,104.99513
2025-12-04 21:00:00+00:00,10.472536,114.36244
2025-12-04 22:00:00+00:00,11.457958,133.72705
2025-12-04 23:00:00+00:00,12.097553,136.80872
2025-12-05 00:00:00+00:00,12.886039,138.96475
2025-12-05 01:00:00+00:00,12.678185,141.34016
2025-12-05 02:00:00+00:00,13.104198,142.81522
2025-12-05 03:00:00+00:00,11.844492,143.65245
2025-12-05 04:00:00+00:00,11.052058,142.94339
2025-12-05 05:00:00+00:00,9.867218,141.66663
2025-12-05 06:00:00+00:00,8.669949,138.36655
2025-12-05 07:00:00+00:00,5.072041,117.47435
2025-12-05 08:00:00+00:00,4.175069,82.56869
2025-12-05 09:00:00+00:00,5.1919937,56.309914
2025-12-05 10:00:00+00:00,5.1165614,39.289394
2025-12-05 11:00:00+00:00,6.804381,37.476254
2025-12-05 12:00:00+00:00,8.209263,37.875053
2025-12-05 13:00:00+00:00,9.9408245,42.064255
2025-12-05 14:00:00+00:00,10.766949,51.78894
2025-12-05 15:00:00+00:00,11.032987,61.762657
2025-12-05 16:00:00+00:00,11.272657,70.40763
2025-12-05 17:00:00+00:00,11.440978,77.27565
2025-12-05 18:00:00+00:00,12.0653715,88.29023
2025-12-05 19:00:00+00:00,11.521406,90.89516
2025-12-05 20:00:00+00:00,11.542478,93.57626
2025-12-05 21:00:00+00:00,11.897714,100.459854
2025-12-05 22:00:00+00:00,11.213581,108.72588
2025-12-05 23:00:00+00:00,10.829959,105.42222
2025-12-06 00:00:00+00:00,10.004178,98.27581
2025-12-06 01:00:00+00:00,9.375563,93.301796
2025-12-06 02:00:00+00:00,9.9,90.0
2025-12-06 03:00:00+00:00,9.6228485,97.52373
2025-12-06 04:00:00+00:00,9.826088,98.42689
2025-12-06 05:00:00+00:00,11.098865,98.392845
2025-12-06 06:00:00+00:00,11.003581,93.751656
2025-12-06 07:00:00+00:00,11.409785,83.659904
2025-12-06 08:00:00+00:00,10.814989,71.564964
2025-12-06 09:00:00+00:00,10.441551,54.117775
2025-12-06 10:00:00+00:00,10.062305,47.174767
2025-12-06 11:00:00+00:00,10.316686,42.878906
2025-12-06 12:00:00+00:00,9.54,31.890757
2025-12-06 13:00:00+00:00,11.190442,25.740664
2025-12-06 14:00:00+00:00,11.511559,26.965645
2025-12-06 15:00:00+00:00,11.238113,31.908066
2025-12-06 16:00:00+00:00,10.514218,38.047092
2025-12-06 17:00:00+00:00,9.801326,45.74398
2025-12-06 18:00:00+00:00,9.335737,56.003494
2025-12-06 19:00:00+00:00,9.059205,69.04415
2025-12-06 20:00:00+00:00,9.444426,82.33328
2025-12-06 21:00:00+00:00,10.299397,95.01302
2025-12-06 22:00:00+00:00,10.948973,99.46225
2025-12-06 23:00:00+00:00,10.215693,104.28113
2025-12-07 00:00:00+00:00,9.178235,101.3099
2025-12-07 01:00:00+00:00,8.427383,109.98319
2025-12-07 02:00:00+00:00,8.953078,120.17343
2025-12-07 03:00:00+00:00,8.297589,130.60121
2025-12-07 04:00:00+00:00,7.519175,132.0891
2025-12-07 05:00:00+00:00,7.056826,127.74687
2025-12-07 06:00:00+00:00,6.7397914,124.11452
2025-12-07 07:00:00+00:00,4.7928696,124.286934
2025-12-07 08:00:00+00:00,1.8532133,119.05451
2025-12-07 09:00:00+00:00,1.8,360.0
2025-12-07 10:00:00+00:00,4.412754,348.23172
2025-12-07 11:00:00+00:00,8.12197,347.19574
2025-12-07 12:00:00+00:00,9.243311,353.29025
2025-12-07 13:00:00+00:00,10.805999,1.9091109
2025-12-07 14:00:00+00:00,10.209348,9.13011
2025-12-07 15:00:00+00:00,8.93859,25.016869
2025-12-07 16:00:00+00:00,8.019601,45.909298
2025-12-07 17:00:00+00:00,7.823272,66.97448
2025-12-07 18:00:00+00:00,7.458606,81.67444
2025-12-07 19:00:00+00:00,7.0568266,95.85592
2025-12-07 20:00:00+00:00,7.1208143,106.14441
2025-12-07 21:00:00+00:00,7.186487,112.067955
2025-12-07 22:00:00+00:00,6.9480934,106.55715
2025-12-07 23:00:00+00:00,5.2478566,84.093956
2025-12-08 00:00:00+00:00,5.441838,55.78425
2025-12-08 01:00:00+00:00,5.7964473,64.23073
2025-12-08 02:00:00+00:00,6.542201,82.09293
2025-12-08 03:00:00+00:00,6.3231,94.89901
2025-12-08 04:00:00+00:00,5.6060677,95.52745
2025-12-08 05:00:00+00:00,7.388775,92.79265
2025-12-08 06:00:00+00:00,7.9932976,82.234924
2025-12-08 07:00:00+00:00,6.689125,66.19405
2025-12-08 08:00:00+00:00,6.1305785,40.236294
2025-12-08 09:00:00+00:00,7.5019197,30.256361
2025-12-08 10:00:00+00:00,7.538541,33.310646
2025-12-08 11:00:00+00:00,8.936778,27.597204
2025-12-08 12:00:00+00:00,9.05205,17.354122
2025-12-08 13:00:00+00:00,10.564941,13.799514
2025-12-08 14:00:00+00:00,9.927779,22.380184
2025-12-08 15:00:00+00:00,9.437563,34.90257
2025-12-08 16:00:00+00:00,9.080639,39.36931
2025-12-08 17:00:00+00:00,9.037721,44.19317
2025-12-08 18:00:00+00:00,8.6867485,55.980614
2025-12-08 19:00:00+00:00,9.080639,76.2392
2025-12-08 20:00:00+00:00,9.567131,94.31595
2025-12-08 21:00:00+00:00,9.793058,107.10281
2025-12-08 22:00:00+00:00,10.094454,121.13891
2025-12-08 23:00:00+00:00,9.686609,131.98714
2025-12-09 00:00:00+00:00,9.3340025,140.4774
2025-12-09 01:00:00+00:00,9.335737,146.0035
2025-12-09 02:00:00+00:00,10.1902895,144.34459
2025-12-09 03:00:00+00:00,8.856658,142.43134
2025-12-09 04:00:00+00:00,7.0107627,138.12222
2025-12-09 05:00:00+00:00,5.876938,139.9698
2025-12-09 06:00:00+00:00,4.4456716,148.24057
2025-12-09 07:00:00+00:00,1.4512063,187.12492
2025-12-09 08:00:00+00:00,1.4512063,277.1249
2025-12-09 09:00:00+00:00,2.36753,278.74606
2025-12-09 10:00:00+00:00,3.7971036,275.44025
2025-12-09 11:00:00+00:00,4.846648,291.80148
2025-12-09 12:00:00+00:00,5.3517847,317.72638
2025-12-09 13:00:00+00:00,5.7204895,335.85446
2025-12-09 14:00:00+00:00,4.9785542,347.4712
2025-12-09 15:00:00+00:00,3.6402748,351.4693
2025-12-09 16:00:00+00:00,0.9,36.86999
2025-12-09 17:00:00+00:00,3.381893,154.7989
2025-12-09 18:00:00+00:00,4.73506,171.25392
2025-12-09 19:00:00+00:00,5.223103,178.02512
2025-12-09 20:00:00+00:00,5.9834766,173.08887
2025-12-09 21:00:00+00:00,6.2999997,180.0
2025-12-09 22:00:00+00:00,6.4799995,180.0
2025-12-09 23:00:00+00:00,7.3821945,181.39716
2025-12-10 00:00:00+00:00,7.5599995,180.0
2025-12-10 01:00:00+00:00,9.179999,180.0
2025-12-10 02:00:00+00:00,11.196231,175.38943
2025-12-10 03:00:00+00:00,10.105681,175.91446
2025-12-10 04:00:00+00:00,6.8423676,178.4926
2025-12-10 05:00:00+00:00,7.613382,186.78888
2025-12-10 06:00:00+00:00,8.626865,203.35558
2025-12-10 07:00:00+00:00,8.574123,230.9645
2025-12-10 08:00:00+00:00,9.605998,257.00537
2025-12-10 09:00:00+00:00,10.086427,267.95465
2025-12-10 10:00:00+00:00,9.266067,262.18478
2025-12-10 11:00:00+00:00,8.909545,261.87
2025-12-10 12:00:00+00:00,7.3997297,274.18484
2025-12-10 13:00:00+00:00,7.0774574,277.30566
2025-12-10 14:00:00+00:00,6.489992,273.17978
2025-12-10 15:00:00+00:00,6.489992,266.82022
2025-12-10 16:00:00+00:00,5.896202,238.73633
2025-12-10 17:00:00+00:00,6.989936,214.50858
2025-12-10 18:00:00+00:00,8.149847,210.52963
2025-12-10 19:00:00+00:00,9.044888,211.15924
2025-12-10 20:00:00+00:00,10.00256,210.25635
2025-12-10 21:00:00+00:00,10.383987,213.6901
2025-12-10 22:00:00+00:00,9.939196,215.41714
2025-12-10 23:00:00+00:00,8.65873,223.31535
2025-12-11 00:00:00+00:00,8.019601,225.90929
2025-12-11 01:00:00+00:00,7.6388745,214.43904
2025-12-11 02:00:00+00:00,8.557102,202.24907
2025-12-11 03:00:00+00:00,8.383054,194.93147
2025-12-11 04:00:00+00:00,4.9785542,192.5288
2025-12-11 05:00:00+00:00,6.0347,197.35411
2025-12-11 06:00:00+00:00,7.10031,210.46547
2025-12-11 07:00:00+00:00,8.654987,224.9999
2025-12-11 08:00:00+00:00,9.600937,239.589
2025-12-11 09:00:00+00:00,9.621163,252.58194
2025-12-11 10:00:00+00:00,8.759178,260.53775
2025-12-11 11:00:00+00:00,7.9383874,266.09958
2025-12-11 12:00:00+00:00,5.6835546,280.954
2025-12-11 13:00:00+00:00,4.514377,293.49857
2025-12-11 14:00:00+00:00,3.5864744,287.52567
2025-12-11 15:00:00+00:00,3.644722,249.77505
2025-12-11 16:00:00+00:00,5.509882,218.36752
2025-12-11 17:00:00+00:00,8.187527,213.34073
2025-12-11 18:00:00+00:00,10.04458,216.25392
2025-12-11 19:00:00+00:00,11.079873,223.02507
2025-12-11 20:00:00+00:00,11.616626,229.39879
2025-12-11 21:00:00+00:00,11.282711,236.05637
2025-12-11 22:00:00+00:00,10.874742,241.31395
2025-12-11 23:00:00+00:00,10.223619,243.88614
2025-12-12 00:00:00+00:00,9.354806,239.98172
2025-12-12 01:00:00+00:00,9.587428,230.3322
2025-12-12 02:00:00+00:00,10.337078,215.07384
2025-12-12 03:00:00+00:00,9.360001,202.6199
2025-12-12 04:00:00+00:00,7.754637,201.80147
2025-12-12 05:00:00+00:00,9.021574,208.61037
2025-12-12 06:00:00+00:00,10.685391,212.61923
2025-12-12 07:00:00+00:00,12.136325,215.3402
2025-12-12 08:00:00+00:00,13.393983,221.18584
2025-12-12 09:00:00+00:00,13.298089,230.49236
2025-12-12 10:00:00+00:00,12.961249,232.3343
2025-12-12 11:00:00+00:00,12.081473,236.54666
2025-12-12 12:00:00+00:00,8.748075,233.3658
2025-12-12 13:00:00+00:00,8.281956,222.35739
2025-12-12 14:00:00+00:00,8.55142,220.73201
2025-12-12 15:00:00+00:00,9.167638,223.4089
2025-12-12 16:00:00+00:00,9.840914,219.80553
2025-12-12 17:00:00+00:00,10.436895,212.3196
2025-12-12 18:00:00+00:00,10.783486,213.42484
2025-12-12 19:00:00+00:00,11.282711,213.94363
2025-12-12 20:00:00+00:00,11.592894,216.15828
2025-12-12 21:00:00+00:00,11.132385,219.09386
2025-12-12 22:00:00+00:00,11.362834,220.50276
2025-12-12 23:00:00+00:00,11.08572,212.39983
2025-12-13 00:00:00+00:00,10.636766,203.9625
2025-12-13 01:00:00+00:00,10.1902895,197.47487
2025-12-13 02:00:00+00:00,9.708326,190.68486
2025-12-13 03:00:00+00:00,8.11798,183.814
2025-12-13 04:00:00+00:00,6.122647,178.31535
2025-12-13 05:00:00+00:00,6.122647,178.31535
2025-12-13 06:00:00+00:00,6.6697226,183.094
2025-12-13 07:00:00+00:00,8.6867485,185.94676
2025-12-13 08:00:00+00:00,10.8029995,190.56096
2025-12-13 09:00:00+00:00,11.448055,196.44046
2025-12-13 10:00:00+00:00,12.638513,206.20006
2025-12-13 11:00:00+00:00,11.453715,210.19153
2025-12-13 12:00:00+00:00,7.491114,215.21768
2025-12-13 13:00:00+00:00,5.876938,220.0302
2025-12-13 14:00:00+00:00,5.7402787,221.18582
2025-12-13 15:00:00+00:00,6.544677,211.50421
2025-12-13 16:00:00+00:00,7.5685663,205.34613
2025-12-13 17:00:00+00:00,8.305396,209.8988
2025-12-13 18:00:00+00:00,8.641874,215.6765
2025-12-13 19:00:00+00:00,8.55142,220.73201
2025-12-13 20:00:00+00:00,8.688613,219.95749
2025-12-13 21:00:00+00:00,8.55142,220.73201
2025-12-13 22:00:00+00:00,9.693296,238.67136
2025-12-13 23:00:00+00:00,9.346143,254.3577
2025-12-14 00:00:00+00:00,8.490582,274.8644
2025-12-14 01:00:00+00:00,7.0199995,292.6199
2025-12-14 02:00:00+00:00,5.22,316.3971
2025-12-14 03:00:00+00:00,3.462369,351.02744
2025-12-14 04:00:00+00:00,3.01735,17.354122
2025-12-14 05:00:00+00:00,3.5455887,23.962492
2025-12-14 06:00:00+00:00,3.8773184,21.801476
2025-12-14 07:00:00+00:00,3.7585104,16.699326
2025-12-14 08:00:00+00:00,2.7238941,7.59456
2025-12-14 09:00:00+00:00,2.0523157,344.7448
2025-12-14 10:00:00+00:00,2.8116899,320.1945
2025-12-14 11:00:00+00:00,3.7842832,334.65387
2025-12-14 12:00:00+00:00,5.6521144,350.8377
2025-12-14 13:00:00+00:00,7.9383874,3.9004252
2025-12-14 14:00:00+00:00,8.863972,12.907409
2025-12-14 15:00:00+00:00,9.059205,20.955858
2025-12-14 16:00:00+00:00,8.643749,31.372961
2025-12-14 17:00:00+00:00,7.928177,39.47243
2025-12-14 18:00:00+00:00,7.386582,46.97493
2025-12-14 19:00:00+00:00,7.001514,46.041542
2025-12-14 20:00:00+00:00,7.388775,34.07725
2025-12-14 21:00:00+00:00,9.12513,22.01134
2025-12-14 22:00:00+00:00,10.3480425,13.069325
2025-12-14 23:00:00+00:00,10.706595,16.607063
2025-12-15 00:00:00+00:00,10.32924,22.543112
2025-12-15 01:00:00+00:00,9.437563,34.90257
2025-12-15 02:00:00+00:00,8.669949,48.366554
2025-12-15 03:00:00+00:00,6.6405115,57.17146
2025-12-15 04:00:00+00:00,7.1389914,56.3099
2025-12-15 05:00:00+00:00,8.461915,51.911175
2025-12-15 06:00:00+00:00,9.67657,46.507374
2025-12-15 07:00:00+00:00,9.82114,41.28462
2025-12-15 08:00:00+00:00,8.836514,33.366394
2025-12-15 09:00:00+00:00,8.536252,24.943882
2025-12-15 10:00:00+00:00,8.482947,17.281584
2025-12-15 11:00:00+00:00,9.346143,15.642312
2025-12-15 12:00:00+00:00,9.354806,11.093693
2025-12-15 13:00:00+00:00,11.074022,7.4714665
2025-12-15 14:00:00+00:00,11.832176,13.190616
2025-12-15 15:00:00+00:00,12.033103,21.960619
2025-12-15 16:00:00+00:00,11.638917,31.723568
2025-12-15 17:00:00+00:00,10.819482,44.326046
2025-12-15 18:00:00+00:00,10.152064,52.92685
2025-12-15 19:00:00+00:00,9.9408245,58.324585
2025-12-15 20:00:00+00:00,9.7880945,57.77127
2025-12-15 21:00:00+00:00,10.233123,50.710617
2025-12-15 22:00:00+00:00,9.92778,44.999897
2025-12-15 23:00:00+00:00,10.348043,40.06073
2025-12-16 00:00:00+00:00,10.583326,41.552525
2025-12-16 01:00:00+00:00,10.819482,45.673954
2025-12-16 02:00:00+00:00,10.9859,55.0079
2025-12-16 03:00:00+00:00,9.983106,64.35905
2025-12-16 04:00:00+00:00,10.765445,69.44387
2025-12-16 05:00:00+00:00,12.535549,68.96242
2025-12-16 06:00:00+00:00,13.1041975,69.075424
2025-12-16 07:00:00+00:00,11.843124,65.77226
2025-12-16 08:00:00+00:00,10.685391,57.380775
2025-12-16 09:00:00+00:00,9.67657,46.507374
2025-12-16 10:00:00+00:00,9.290511,35.537766
2025-12-16 11:00:00+00:00,10.228373,28.368961
2025-12-16 12:00:00+00:00,10.1902895,17.474865
2025-12-16 13:00:00+00:00,11.555102,18.152803
2025-12-16 14:00:00+00:00,12.157663,25.426844
2025-12-16 15:00:00+00:00,12.181624,34.159744
2025-12-16 16:00:00+00:00,11.964246,44.999897
2025-12-16 17:00:00+00:00,11.13384,55.539124
2025-12-16 18:00:00+00:00,10.472535,61.23244
2025-12-16 19:00:00+00:00,10.070353,61.144444
2025-12-16 20:00:00+00:00,9.826088,61.55718
2025-12-16 21:00:00+00:00,9.983106,64.35905
2025-12-16 22:00:00+00:00,9.059205,69.04415
2025-12-16 23:00:00+00:00,9.107359,71.564964
2025-12-17 00:00:00+00:00,9.473541,75.69969
2025-12-17 01:00:00+00:00,8.731392,81.70294
2025-12-17 02:00:00+00:00,8.28,90.0
2025-12-17 03:00:00+00:00,6.638072,102.5288
2025-12-17 04:00:00+00:00,5.937272,104.03627
2025-12-17 05:00:00+00:00,5.9834766,96.91113
2025-12-17 06:00:00+00:00,6.5024605,94.76356
2025-12-17 07:00:00+00:00,5.426933,95.7105
2025-12-17 08:00:00+00:00,2.7534704,78.6901
2025-12-17 09:00:00+00:00,2.7238941,7.59456
2025-12-17 10:00:00+00:00,3.604497,357.13766
2025-12-17 11:00:00+00:00,4.896529,17.102825
2025-12-17 12:00:00+00:00,6.8989563,15.124064
2025-12-17 13:00:00+00:00,9.676569,18.435053
2025-12-17 14:00:00+00:00,10.548061,25.253126
2025-12-17 15:00:00+00:00,10.495713,30.963696
2025-12-17 16:00:00+00:00,9.587428,39.6678
2025-12-17 17:00:00+00:00,8.338489,57.3391
2025-12-17 18:00:00+00:00,7.8728137,79.46087
2025-12-17 19:00:00+00:00,9.087772,97.96952
2025-12-17 20:00:00+00:00,10.261579,111.61484
2025-12-17 21:00:00+00:00,9.741642,117.51192
2025-12-17 22:00:00+00:00,8.338489,122.660904
2025-12-17 23:00:00+00:00,6.6624317,128.41809
2025-12-18 00:00:00+00:00,5.904439,127.568665
2025-12-18 01:00:00+00:00,6.3690495,132.70937
2025-12-18 02:00:00+00:00,6.9153743,141.34016
2025-12-18 03:00:00+00:00,7.4128532,150.9455
2025-12-18 04:00:00+00:00,5.8048253,150.2552
2025-12-18 05:00:00+00:00,6.452441,149.8587
2025-12-18 06:00:00+00:00,6.76618,151.38963
2025-12-18 07:00:00+00:00,6.361415,154.8852
2025-12-18 08:00:00+00:00,4.278551,165.37909
2025-12-18 09:00:00+00:00,2.226477,194.03627
2025-12-18 10:00:00+00:00,0.76367533,224.9999
2025-12-18 11:00:00+00:00,1.835647,348.6901
2025-12-18 12:00:00+00:00,5.6521144,9.16228
2025-12-18 13:00:00+00:00,8.731391,14.322761
2025-12-18 14:00:00+00:00,10.028439,21.037588
2025-12-18 15:00:00+00:00,10.472535,28.767557
2025-12-18 16:00:00+00:00,10.441551,35.882236
2025-12-18 17:00:00+00:00,9.82114,41.28462
2025-12-18 18:00:00+00:00,8.669949,48.366554
2025-12-18 19:00:00+00:00,7.995323,58.81509
2025-12-18 20:00:00+00:00,7.689603,69.44387
2025-12-18 21:00:00+00:00,7.2044983,77.00539
2025-12-18 22:00:00+00:00,7.748368,87.33706
2025-12-18 23:00:00+00:00,7.2022495,88.56794
2025-12-19 00:00:00+00:00,6.482499,88.4089
2025-12-19 01:00:00+00:00,5.7852573,95.355736
2025-12-19 02:00:00+00:00,6.28713,103.24053
2025-12-19 03:00:00+00:00,6.5248446,114.44395
2025-12-19 04:00:00+00:00,4.6277857,103.49575
2025-12-19 05:00:00+00:00,4.6938252,85.60138
2025-12-19 06:00:00+00:00,5.637765,73.300674
2025-12-19 07:00:00+00:00,5.2939587,72.18102
2025-12-19 08:00:00+00:00,3.06,61.92762
2025-12-19 09:00:00+00:00,2.1897945,9.462248
2025-12-19 10:00:00+00:00,3.604497,2.8623457
2025-12-19 11:00:00+00:00,4.8899083,6.3401003
2025-12-19 12:00:00+00:00,6.601363,11.003508
2025-12-19 13:00:00+00:00,9.299225,14.574262
2025-12-19 14:00:00+00:00,9.676569,18.435053
2025-12-19 15:00:00+00:00,9.5416975,35.78906
2025-12-19 16:00:00+00:00,9.354806,59.981724
2025-12-19 17:00:00+00:00,8.613709,79.159744
2025-12-19 18:00:00+00:00,7.6367526,98.13002
2025-12-19 19:00:00+00:00,8.211235,116.00329
2025-12-19 20:00:00+00:00,9.044888,132.58046
2025-12-19 21:00:00+00:00,8.891343,148.24057
2025-12-19 22:00:00+00:00,9.0,163.73972
2025-12-19 23:00:00+00:00,8.28,180.0
2025-12-20 00:00:00+00:00,7.841888,189.24603
2025-12-20 01:00:00+00:00,8.2584505,196.4601
2025-12-20 02:00:00+00:00,8.596766,199.57321
2025-12-20 03:00:00+00:00,7.6473517,206.56499
2025-12-20 04:00:00+00:00,5.994297,221.34767
2025-12-20 05:00:00+00:00,5.8048253,240.2552
2025-12-20 06:00:00+00:00,6.1569467,254.74483
2025-12-20 07:00:00+00:00,7.7734165,264.68555
2025-12-20 08:00:00+00:00,9.3876505,274.39862
2025-12-20 09:00:00+00:00,10.239453,280.1246
2025-12-20 10:00:00+00:00,10.534229,286.88687
2025-12-20 11:00:00+00:00,9.360001,292.6199
2025-12-20 12:00:00+00:00,6.552099,307.18478
2025-12-20 13:00:00+00:00,5.8769383,332.6502
2025-12-20 14:00:00+00:00,5.8603754,349.3804
2025-12-20 15:00:00+00:00,5.5799994,360.0
2025-12-20 16:00:00+00:00,5.297018,9.782338
2025-12-20 17:00:00+00:00,4.896529,17.102825
2025-12-20 18:00:00+00:00,4.3573384,38.290207
2025-12-20 19:00:00+00:00,5.2478566,84.093956
2025-12-20 20:00:00+00:00,7.329338,114.67685
2025-12-20 21:00:00+00:00,8.909545,135.0001
2025-12-20 22:00:00+00:00,10.472535,151.23245
2025-12-20 23:00:00+00:00,11.103243,163.03377
2025-12-21 00:00:00+00:00,11.157096,169.7779
2025-12-21 01:00:00+00:00,10.981475,179.06084
2025-12-21 02:00:00+00:00,10.658068,184.84392
2025-12-21 03:00:00+00:00,8.649369,192.01146
2025-12-21 04:00:00+00:00,6.2613096,198.43504
2025-12-21 05:00:00+00:00,5.991594,212.73521
2025-12-21 06:00:00+00:00,6.76618,241.38963
2025-12-21 07:00:00+00:00,8.836514,266.49652
2025-12-21 08:00:00+00:00,10.387107,278.97253
2025-12-21 09:00:00+00:00,11.103243,286.96622
2025-12-21 10:00:00+00:00,10.337078,305.07382
2025-12-21 11:00:00+00:00,10.075177,318.62158
2025-12-21 12:00:00+00:00,8.777653,344.53873
2025-12-21 13:00:00+00:00,9.499157,9.819235
2025-12-21 14:00:00+00:00,10.304114,27.012596
2025-12-21 15:00:00+00:00,11.019764,38.367523
2025-12-21 16:00:00+00:00,11.709688,44.999897
2025-12-21 17:00:00+00:00,11.892265,50.52757
2025-12-21 18:00:00+00:00,11.334285,57.319454
2025-12-21 19:00:00+00:00,10.560341,60.376347
2025-12-21 20:00:00+00:00,9.7880945,57.77127
2025-12-21 21:00:00+00:00,9.167638,46.5911
2025-12-21 22:00:00+00:00,8.6193495,28.705854
2025-12-21 23:00:00+00:00,10.310403,16.220268
2025-12-22 00:00:00+00:00,11.334284,10.060627
2025-12-22 01:00:00+00:00,12.015589,8.615564
2025-12-22 02:00:00+00:00,12.015589,8.615564
2025-12-22 03:00:00+00:00,12.32047,11.802421
2025-12-22 04:00:00+00:00,13.88919,18.904669
2025-12-22 05:00:00+00:00,13.971756,21.938543
2025-12-22 06:00:00+00:00,14.578888,20.224945
2025-12-22 07:00:00+00:00,15.552041,16.127651
2025-12-22 08:00:00+00:00,16.068466,12.946519
2025-12-22 09:00:00+00:00,16.204998,12.183641
2025-12-22 10:00:00+00:00,14.759999,12.680387
2025-12-22 11:00:00+00:00,15.073858,11.712454
2025-12-22 12:00:00+00:00,12.7546215,8.930518
2025-12-22 13:00:00+00:00,11.901798,3.46817
2025-12-22 14:00:00+00:00,11.892265,2.6025116
2025-12-22 15:00:00+00:00,12.431734,2.4894993
2025-12-22 16:00:00+00:00,12.620554,3.2704222
2025-12-22 17:00:00+00:00,12.991212,3.972429
2025-12-22 18:00:00+00:00,13.200273,5.4772835
2025-12-22 19:00:00+00:00,13.169555,10.234742
2025-12-22 20:00:00+00:00,12.487641,15.037868
2025-12-22 21:00:00+00:00,12.0694,17.354122
2025-12-22 22:00:00+00:00,11.734564,20.65899
2025-12-22 23:00:00+00:00,11.7,22.61991
2025-12-23 00:00:00+00:00,11.440979,24.145542
2025-12-23 01:00:00+00:00,11.35285,25.346138
2025-12-23 02:00:00+00:00,11.207801,29.858927
2025-12-23 03:00:00+00:00,10.587918,35.311302
2025-12-23 04:00:00+00:00,12.652604,39.805527
2025-12-23 05:00:00+00:00,14.664202,41.51664
2025-12-23 06:00:00+00:00,16.478603,40.126038
2025-12-23 07:00:00+00:00,17.389341,36.158287
2025-12-23 08:00:00+00:00,17.477621,32.38066
2025-12-23 09:00:00+00:00,16.825909,27.38734
2025-12-23 10:00:00+00:00,15.543706,28.345602
2025-12-23 11:00:00+00:00,14.974658,25.640957
2025-12-23 12:00:00+00:00,12.601285,21.801476
2025-12-23 13:00:00+00:00,11.612441,18.996754
2025-12-23 14:00:00+00:00,11.566313,20.973576
2025-12-23 15:00:00+00:00,11.440979,24.145542
2025-12-23 16:00:00+00:00,11.1090765,26.980152
2025-12-23 17:00:00+00:00,10.34178,31.476793
2025-12-23 18:00:00+00:00,9.688281,35.166515
2025-12-23 19:00:00+00:00,8.856658,37.568665
2025-12-23 20:00:00+00:00,8.019601,44.090717
2025-12-23 21:00:00+00:00,6.804381,52.523746
2025-12-23 22:00:00+00:00,6.439876,63.435013
2025-12-23 23:00:00+00:00,6.384293,68.498505
2025-12-24 00:00:00+00:00,6.4323244,72.07199
2025-12-24 01:00:00+00:00,6.7205353,82.30404
2025-12-24 02:00:00+00:00,7.0774574,97.30567
2025-12-24 03:00:00+00:00,6.77575,106.99091
2025-12-24 04:00:00+00:00,5.5887027,104.93147
2025-12-24 05:00:00+00:00,6.6697226,93.093994
2025-12-24 06:00:00+00:00,7.42159,75.96373
2025-12-24 07:00:00+00:00,6.361415,64.8852
2025-12-24 08:00:00+00:00,5.257109,51.952908
2025-12-24 09:00:00+00:00,5.004518,37.694313
2025-12-24 10:00:00+00:00,5.7176566,28.178495
2025-12-24 11:00:00+00:00,5.7431,32.195713
2025-12-24 12:00:00+00:00,5.509882,38.367523
2025-12-24 13:00:00+00:00,6.114703,42.614033
2025-12-24 14:00:00+00:00,5.6002855,44.999897
2025-12-24 15:00:00+00:00,5.402999,60.018444
2025-12-24 16:00:00+00:00,6.0908127,71.0295
2025-12-24 17:00:00+00:00,6.3231,85.101
2025-12-24 18:00:00+00:00,7.1208143,106.14441
2025-12-24 19:00:00+00:00,8.738811,122.38066
2025-12-24 20:00:00+00:00,8.827344,129.2072
2025-12-24 21:00:00+00:00,8.942214,130.10085
2025-12-24 22:00:00+00:00,10.094454,129.93633
2025-12-24 23:00:00+00:00,10.185519,133.56796
2025-12-25 00:00:00+00:00,10.195057,137.86247
2025-12-25 01:00:00+00:00,11.196232,143.49847
2025-12-25 02:00:00+00:00,11.832176,146.79341
2025-12-25 03:00:00+00:00,10.944532,143.69542
2025-12-25 04:00:00+00:00,10.075177,138.62158
2025-12-25 05:00:00+00:00,10.310402,134.29277
2025-12-25 06:00:00+00:00,10.718693,130.91429
2025-12-25 07:00:00+00:00,8.067936,128.65984
2025-12-25 08:00:00+00:00,5.2323985,116.56499
2025-12-25 09:00:00+00:00,3.0652895,93.366394
2025-12-25 10:00:00+00:00,2.3469129,57.528828
2025-12-25 11:00:00+00:00,3.693291,43.02507
2025-12-25 12:00:00+00:00,5.004518,37.694313
2025-12-25 13:00:00+00:00,7.2649574,41.98714
2025-12-25 14:00:00+00:00,9.080639,50.630707
2025-12-25 15:00:00+00:00,9.901636,62.969223
2025-12-25 16:00:00+00:00,10.3621235,72.82401
2025-12-25 17:00:00+00:00,10.004178,81.7242
2025-12-25 18:00:00+00:00,10.464798,93.945114
2025-12-25 19:00:00+00:00,11.103243,106.96623
2025-12-25 20:00:00+00:00,10.966713,113.19862
2025-12-25 21:00:00+00:00,9.983106,115.64096
2025-12-25 22:00:00+00:00,8.797931,120.76265
2025-12-25 23:00:00+00:00,9.835975,124.56259
2025-12-26 00:00:00+00:00,7.519175,137.91092
2025-12-26 01:00:00+00:00,8.043805,130.46214
2025-12-26 02:00:00+00:00,9.290511,125.537766
2025-12-26 03:00:00+00:00,9.109138,127.77575
2025-12-26 04:00:00+00:00,7.8954163,133.1524
2025-12-26 05:00:00+00:00,6.8777895,137.12111
2025-12-26 06:00:00+00:00,5.6521144,142.76509
2025-12-26 07:00:00+00:00,3.06,151.92761
2025-12-26 08:00:00+00:00,0.17999999,360.0
2025-12-26 09:00:00+00:00,2.52,360.0
2025-12-26 10:00:00+00:00,4.599695,30.579157
2025-12-26 11:00:00+00:00,5.8603754,42.510403
2025-12-26 12:00:00+00:00,7.388775,34.07725
2025-12-26 13:00:00+00:00,10.436895,32.3196
2025-12-26 14:00:00+00:00,12.031756,38.92756
2025-12-26 15:00:00+00:00,12.483748,47.337337
2025-12-26 16:00:00+00:00,12.096214,53.471054
2025-12-26 17:00:00+00:00,11.334285,57.319454
2025-12-26 18:00:00+00:00,10.711135,65.157646
2025-12-26 19:00:00+00:00,10.644379,71.258575
2025-12-26 20:00:00+00:00,10.3480425,76.93068
2025-12-26 21:00:00+00:00,9.6480665,81.416466
2025-12-26 22:00:00+00:00,9.906544,92.08252
2025-12-26 23:00:00+00:00,9.391102,102.17145
2025-12-27 00:00:00+00:00,9.693296,111.801476
2025-12-27 01:00:00+00:00,10.495713,120.96369
2025-12-27 02:00:00+00:00,11.13384,124.46088
2025-12-27 03:00:00+00:00,10.83893,125.537766
2025-12-27 04:00:00+00:00,11.196232,126.50153
2025-12-27 05:00:00+00:00,11.919479,128.25447
2025-12-27 06:00:00+00:00,10.583326,131.55252
2025-12-27 07:00:00+00:00,7.7734165,137.81563
2025-12-27 08:00:00+00:00,3.3481934,143.74608
2025-12-27 09:00:00+00:00,1.5484185,35.537766
2025-12-27 10:00:00+00:00,3.4388947,42.878906
2025-12-27 11:00:00+00:00,5.22,43.602894
2025-12-27 12:00:00+00:00,6.8777895,42.878906
2025-12-27 13:00:00+00:00,9.9,36.86999
2025-12-27 14:00:00+00:00,11.132385,39.09386
2025-12-27 15:00:00+00:00,12.0921955,44.396984
2025-12-27 16:00:00+00:00,12.204212,52.791996
2025-12-27 17:00:00+00:00,11.9466305,59.18437
2025-12-27 18:00:00+00:00,11.734564,69.34101
2025-12-27 19:00:00+00:00,11.543881,79.21576
2025-12-27 20:00:00+00:00,10.9859,88.12216
2025-12-27 21:00:00+00:00,10.495713,95.906044
2025-12-27 22:00:00+00:00,10.196647,110.67451
2025-12-27 23:00:00+00:00,10.587918,125.311295
2025-12-28 00:00:00+00:00,10.819482,135.67395
2025-12-28 01:00:00+00:00,11.448055,143.31018
2025-12-28 02:00:00+00:00,11.792404,148.73633
2025-12-28 03:00:00+00:00,10.948973,152.59251
2025-12-28 04:00:00+00:00,9.906544,155.29759
2025-12-28 05:00:00+00:00,9.526405,157.79648
2025-12-28 06:00:00+00:00,9.0018,168.46541
2025-12-28 07:00:00+00:00,6.3639607,188.13002
2025-12-28 08:00:00+00:00,2.7416782,203.19862
2025-12-28 09:00:00+00:00,0.5091169,315.0001
2025-12-28 10:00:00+00:00,2.0523157,344.7448
2025-12-28 11:00:00+00:00,4.0449963,20.854538
2025-12-28 12:00:00+00:00,6.522361,39.400646
2025-12-28 13:00:00+00:00,9.587428,50.3322
2025-12-28 14:00:00+00:00,11.032987,61.762657
2025-12-28 15:00:00+00:00,11.953409,71.564964
2025-12-28 16:00:00+00:00,12.108261,78.85715
2025-12-28 17:00:00+00:00,12.015589,81.38444
2025-12-28 18:00:00+00:00,11.901798,86.531845
2025-12-28 19:00:00+00:00,11.5199995,90.0
2025-12-28 20:00:00+00:00,11.196231,94.610565
2025-12-28 21:00:00+00:00,10.564942,98.820305
2025-12-28 22:00:00+00:00,9.504273,114.62355
2025-12-28 23:00:00+00:00,9.139322,122.12497
2025-12-29 00:00:00+00:00,8.827344,129.2072
2025-12-29 01:00:00+00:00,8.783189,135.83023
2025-12-29 02:00:00+00:00,9.144637,143.8067
2025-12-29 03:00:00+00:00,8.53815,145.30478
2025-12-29 04:00:00+00:00,7.0934615,144.29323
2025-12-29 05:00:00+00:00,7.1684303,141.1155
2025-12-29 06:00:00+00:00,6.156947,142.12495
2025-12-29 07:00:00+00:00,3.6447225,122.90524
2025-12-29 08:00:00+00:00,2.968636,75.96373
2025-12-29 09:00:00+00:00,3.9640884,50.52757
2025-12-29 10:00:00+00:00,4.1046314,37.875053
2025-12-29 11:00:00+00:00,5.0975285,47.862484
2025-12-29 12:00:00+00:00,6.1305785,49.76371
2025-12-29 13:00:00+00:00,9.220499,51.34017
2025-12-29 14:00:00+00:00,10.285232,57.144287
2025-12-29 15:00:00+00:00,11.113451,65.09527
2025-12-29 16:00:00+00:00,10.783487,75.4998
2025-12-29 17:00:00+00:00,10.261578,88.99494
2025-12-29 18:00:00+00:00,9.867218,104.79681
2025-12-29 19:00:00+00:00,9.339208,117.552734
2025-12-29 20:00:00+00:00,8.574123,129.0355
2025-12-29 21:00:00+00:00,7.386582,136.97493
2025-12-29 22:00:00+00:00,7.1684303,151.50446
2025-12-29 23:00:00+00:00,7.754637,158.19853
2025-12-30 00:00:00+00:00,8.596766,160.42679
2025-12-30 01:00:00+00:00,9.743305,168.27492
2025-12-30 02:00:00+00:00,11.016824,175.3142
2025-12-30 03:00:00+00:00,10.440001,180.0
2025-12-30 04:00:00+00:00,9.403169,185.49223
2025-12-30 05:00:00+00:00,9.3962755,196.69933
2025-12-30 06:00:00+00:00,10.373061,218.65982
2025-12-30 07:00:00+00:00,12.156331,242.6762
2025-12-30 08:00:00+00:00,12.320471,244.93256
2025-12-30 09:00:00+00:00,12.72283,244.8852
2025-12-30 10:00:00+00:00,12.287555,238.17259
2025-12-30 11:00:00+00:00,12.330985,236.3099
2025-12-30 12:00:00+00:00,10.990322,238.39255
2025-12-30 13:00:00+00:00,9.901636,242.96922
2025-12-30 14:00:00+00:00,10.464797,243.43501
2025-12-30 15:00:00+00:00,10.717182,240.85202
2025-12-30 16:00:00+00:00,10.8792095,231.04408
2025-12-30 17:00:00+00:00,11.592894,233.84172
2025-12-30 18:00:00+00:00,12.535549,237.90744
2025-12-30 19:00:00+00:00,13.37825,246.19405
2025-12-30 20:00:00+00:00,13.577776,255.41104
2025-12-30 21:00:00+00:00,11.874544,255.96373
2025-12-30 22:00:00+00:00,9.913082,240.64233
2025-12-30 23:00:00+00:00,9.931042,223.53127
2025-12-31 00:00:00+00:00,11.207801,209.85892
2025-12-31 01:00:00+00:00,11.213581,198.72588
2025-12-31 02:00:00+00:00,12.007498,192.99461
2025-12-31 03:00:00+00:00,12.224107,193.62701
2025-12-31 04:00:00+00:00,13.443481,206.22191
2025-12-31 05:00:00+00:00,16.674063,224.56268
2025-12-31 06:00:00+00:00,18.892282,239.0363
2025-12-31 07:00:00+00:00,19.486609,244.85524
2025-12-31 08:00:00+00:00,19.242327,252.58194
2025-12-31 09:00:00+00:00,18.044046,265.9959
2025-12-31 10:00:00+00:00,16.774803,266.3087
2025-12-31 11:00:00+00:00,15.009236,275.50537
2025-12-31 12:00:00+00:00,12.140329,285.4787
2025-12-31 13:00:00+00:00,10.337078,305.07382
2025-12-31 14:00:00+00:00,11.638917,320.64825
2025-12-31 15:00:00+00:00,12.57426,336.3706
2025-12-31 16:00:00+00:00,11.659777,351.11942
2025-12-31 17:00:00+00:00,10.813492,2.8623457
2025-12-31 18:00:00+00:00,11.052058,6.5461946
2025-12-31 19:00:00+00:00,11.391313,5.4402504
2025-12-31 20:00:00+00:00,11.431063,7.236836
2025-12-31 21:00:00+00:00,11.334284,10.060627
2025-12-31 22:00:00+00:00,12.10157,22.751022
2025-12-31 23:00:00+00:00,10.546525,27.439646
