date,wind_direction_10m,wind_speed_10m
2025-01-01 00:00:00+00:00,50.440376,5.369916
2025-01-01 01:00:00+00:00,26.564985,2.4149535
2025-01-01 02:00:00+00:00,8.130019,5.0911684
2025-01-01 03:00:00+00:00,45.939102,7.7650757
2025-01-01 04:00:00+00:00,50.710617,5.1165614
2025-01-01 05:00:00+00:00,23.962492,5.318383
2025-01-01 06:00:00+00:00,18.886187,7.229191
2025-01-01 07:00:00+00:00,348.17853,7.9077177
2025-01-01 08:00:00+00:00,299.1974,7.0107627
2025-01-01 09:00:00+00:00,254.82703,11.003581
2025-01-01 10:00:00+00:00,248.74942,13.905509
2025-01-01 11:00:00+00:00,244.20403,11.995349
2025-01-01 12:00:00+00:00,235.66972,8.936778
2025-01-01 13:00:00+00:00,198.43504,5.6920996
2025-01-01 14:00:00+00:00,126.027466,4.8965297
2025-01-01 15:00:00+00:00,138.65233,5.994297
2025-01-01 16:00:00+00:00,113.962494,3.5455887
2025-01-01 17:00:00+00:00,74.3577,4.6730714
2025-01-01 18:00:00+00:00,104.03627,9.6480665
2025-01-01 19:00:00+00:00,98.530685,7.2805495
2025-01-01 20:00:00+00:00,99.68872,7.486788
2025-01-01 21:00:00+00:00,76.60749,3.8856654
2025-01-01 22:00:00+00:00,83.99109,3.438895
2025-01-01 23:00:00+00:00,96.70974,3.0811036
2025-01-02 00:00:00+00:00,98.13002,3.8183763
2025-01-02 01:00:00+00:00,99.90412,11.5115595
2025-01-02 02:00:00+00:00,99.61966,10.7714615
2025-01-02 03:00:00+00:00,116.09537,9.82114
2025-01-02 04:00:00+00:00,105.59287,8.035746
2025-01-02 05:00:00+00:00,360.0,3.4199998
2025-01-02 06:00:00+00:00,314.27487,10.055864
2025-01-02 07:00:00+00:00,304.24908,10.234705
2025-01-02 08:00:00+00:00,279.18875,12.399113
2025-01-02 09:00:00+00:00,266.7481,15.865546
2025-01-02 10:00:00+00:00,259.48743,17.758074
2025-01-02 11:00:00+00:00,257.68057,16.029097
2025-01-02 12:00:00+00:00,254.8141,13.055896
2025-01-02 13:00:00+00:00,249.04414,9.059205
2025-01-02 14:00:00+00:00,278.74606,7.102591
2025-01-02 15:00:00+00:00,278.97253,3.462369
2025-01-02 16:00:00+00:00,234.46223,1.5484185
2025-01-02 17:00:00+00:00,164.74483,2.0523157
2025-01-02 18:00:00+00:00,136.54811,4.7110505
2025-01-02 19:00:00+00:00,122.471176,9.387651
2025-01-02 20:00:00+00:00,92.4366,8.467655
2025-01-02 21:00:00+00:00,82.234924,7.9932976
2025-01-02 22:00:00+00:00,78.996506,6.601363
2025-01-02 23:00:00+00:00,66.5713,5.8852015
2025-01-03 00:00:00+00:00,88.025116,5.223103
2025-01-03 01:00:00+00:00,70.20104,4.7827187
2025-01-03 02:00:00+00:00,78.996506,6.601363
2025-01-03 03:00:00+00:00,99.78234,5.297018
2025-01-03 04:00:00+00:00,79.56258,6.9550843
2025-01-03 05:00:00+00:00,76.70142,10.172787
2025-01-03 06:00:00+00:00,71.31256,12.921192
2025-01-03 07:00:00+00:00,67.8905,12.43434
2025-01-03 08:00:00+00:00,68.5522,10.829958
2025-01-03 09:00:00+00:00,94.76356,6.5024605
2025-01-03 10:00:00+00:00,227.24576,12.992459
2025-01-03 11:00:00+00:00,235.30478,17.0763
2025-01-03 12:00:00+00:00,229.574,12.768586
2025-01-03 13:00:00+00:00,195.37631,7.4672885
2025-01-03 14:00:00+00:00,159.77505,7.289444
2025-01-03 15:00:00+00:00,142.12495,2.0523157
2025-01-03 16:00:00+00:00,53.530666,5.1481256
2025-01-03 17:00:00+00:00,75.32356,7.8149853
2025-01-03 18:00:00+00:00,73.009094,6.77575
2025-01-03 19:00:00+00:00,67.3801,7.0199995
2025-01-03 20:00:00+00:00,98.13002,3.8183763
2025-01-03 21:00:00+00:00,63.435013,3.62243
2025-01-03 22:00:00+00:00,64.35905,4.991553
2025-01-03 23:00:00+00:00,76.328674,6.8541956
2025-01-04 00:00:00+00:00,77.09259,8.863972
2025-01-04 01:00:00+00:00,62.281586,11.996699
2025-01-04 02:00:00+00:00,68.5522,10.829958
2025-01-04 03:00:00+00:00,68.87521,8.490582
2025-01-04 04:00:00+00:00,60.64234,6.6087217
2025-01-04 05:00:00+00:00,56.88865,4.942631
2025-01-04 06:00:00+00:00,44.999897,4.3274937
2025-01-04 07:00:00+00:00,281.3099,0.9178235
2025-01-04 08:00:00+00:00,250.55988,6.489992
2025-01-04 09:00:00+00:00,267.6141,8.647496
2025-01-04 10:00:00+00:00,245.55606,15.224637
2025-01-04 11:00:00+00:00,214.74324,13.581354
2025-01-04 12:00:00+00:00,211.89075,9.54
2025-01-04 13:00:00+00:00,229.63554,9.449572
2025-01-04 14:00:00+00:00,255.06853,5.5887027
2025-01-04 15:00:00+00:00,272.4895,4.143911
2025-01-04 16:00:00+00:00,35.217674,3.745557
2025-01-04 17:00:00+00:00,73.009094,6.77575
2025-01-04 18:00:00+00:00,58.781662,6.945761
2025-01-04 19:00:00+00:00,56.689358,7.538541
2025-01-04 20:00:00+00:00,68.83867,5.9834766
2025-01-04 21:00:00+00:00,71.564964,5.6920996
2025-01-04 22:00:00+00:00,73.14152,6.206738
2025-01-04 23:00:00+00:00,75.068535,5.5887027
2025-01-05 00:00:00+00:00,79.380394,5.8603754
2025-01-05 01:00:00+00:00,73.300674,7.5170207
2025-01-05 02:00:00+00:00,59.93151,7.9036193
2025-01-05 03:00:00+00:00,59.8587,6.452441
2025-01-05 04:00:00+00:00,68.498505,6.384293
2025-01-05 05:00:00+00:00,70.559875,6.489992
2025-01-05 06:00:00+00:00,40.601215,3.319036
2025-01-05 07:00:00+00:00,307.87503,4.1046314
2025-01-05 08:00:00+00:00,283.44864,8.513448
2025-01-05 09:00:00+00:00,266.6336,12.261158
2025-01-05 10:00:00+00:00,257.79956,13.627795
2025-01-05 11:00:00+00:00,251.79141,14.401124
2025-01-05 12:00:00+00:00,240.04648,12.257194
2025-01-05 13:00:00+00:00,229.39879,8.297589
2025-01-05 14:00:00+00:00,234.29321,7.0934615
2025-01-05 15:00:00+00:00,267.5105,4.143911
2025-01-05 16:00:00+00:00,360.0,1.4399999
2025-01-05 17:00:00+00:00,52.431335,2.9522195
2025-01-05 18:00:00+00:00,95.04236,6.1437774
2025-01-05 19:00:00+00:00,93.945114,5.232399
2025-01-05 20:00:00+00:00,106.85848,6.206738
2025-01-05 21:00:00+00:00,97.907074,6.542201
2025-01-05 22:00:00+00:00,77.27565,5.720489
2025-01-05 23:00:00+00:00,64.8852,6.361415
2025-01-06 00:00:00+00:00,68.83867,5.9834766
2025-01-06 01:00:00+00:00,70.70986,7.628263
2025-01-06 02:00:00+00:00,64.025665,7.8087645
2025-01-06 03:00:00+00:00,56.3099,7.7879906
2025-01-06 04:00:00+00:00,56.309914,8.43699
2025-01-06 05:00:00+00:00,54.293217,7.0934615
2025-01-06 06:00:00+00:00,44.999897,4.5820518
2025-01-06 07:00:00+00:00,345.25638,3.536439
2025-01-06 08:00:00+00:00,273.27042,6.310277
2025-01-06 09:00:00+00:00,253.16245,14.292725
2025-01-06 10:00:00+00:00,249.44386,15.379206
2025-01-06 11:00:00+00:00,241.01128,15.22783
2025-01-06 12:00:00+00:00,231.07245,12.031756
2025-01-06 13:00:00+00:00,245.05612,8.536252
2025-01-06 14:00:00+00:00,243.43501,6.8423676
2025-01-06 15:00:00+00:00,272.04535,5.0432134
2025-01-06 16:00:00+00:00,14.931467,2.7943513
2025-01-06 17:00:00+00:00,71.564964,2.8460498
2025-01-06 18:00:00+00:00,95.19434,1.9881649
2025-01-06 19:00:00+00:00,224.9999,1.0182338
2025-01-06 20:00:00+00:00,26.564985,0.40249225
2025-01-06 21:00:00+00:00,71.564964,4.5536795
2025-01-06 22:00:00+00:00,53.13002,7.2
2025-01-06 23:00:00+00:00,38.453735,7.8149853
2025-01-07 00:00:00+00:00,54.688713,5.293959
2025-01-07 01:00:00+00:00,59.420856,4.599695
2025-01-07 02:00:00+00:00,75.25639,7.072878
2025-01-07 03:00:00+00:00,76.37299,6.1120534
2025-01-07 04:00:00+00:00,77.90526,5.1544156
2025-01-07 05:00:00+00:00,100.30479,2.0124612
2025-01-07 06:00:00+00:00,245.55606,2.1749482
2025-01-07 07:00:00+00:00,252.03076,7.0015144
2025-01-07 08:00:00+00:00,252.58194,9.621163
2025-01-07 09:00:00+00:00,249.44386,10.765445
2025-01-07 10:00:00+00:00,250.75038,12.011544
2025-01-07 11:00:00+00:00,253.83543,12.931218
2025-01-07 12:00:00+00:00,243.88614,10.223619
2025-01-07 13:00:00+00:00,253.49556,10.137692
2025-01-07 14:00:00+00:00,282.5288,8.297589
2025-01-07 15:00:00+00:00,310.426,6.384293
2025-01-07 16:00:00+00:00,10.007925,3.1072817
2025-01-07 17:00:00+00:00,44.999897,3.8183763
2025-01-07 18:00:00+00:00,55.0079,4.39436
2025-01-07 19:00:00+00:00,66.801384,2.7416782
2025-01-07 20:00:00+00:00,100.00792,3.1072817
2025-01-07 21:00:00+00:00,105.52418,6.725354
2025-01-07 22:00:00+00:00,98.61557,6.0077944
2025-01-07 23:00:00+00:00,99.46225,5.4744864
2025-01-08 00:00:00+00:00,138.01286,2.4216523
2025-01-08 01:00:00+00:00,110.22495,7.289444
2025-01-08 02:00:00+00:00,126.86999,9.0
2025-01-08 03:00:00+00:00,100.30479,6.037383
2025-01-08 04:00:00+00:00,98.13002,5.0911684
2025-01-08 05:00:00+00:00,143.13002,3.6
2025-01-08 06:00:00+00:00,206.56499,5.2323985
2025-01-08 07:00:00+00:00,228.81418,7.653705
2025-01-08 08:00:00+00:00,242.98741,10.304114
2025-01-08 09:00:00+00:00,244.98314,11.91812
2025-01-08 10:00:00+00:00,250.0168,10.534229
2025-01-08 11:00:00+00:00,259.1145,9.531505
2025-01-08 12:00:00+00:00,254.3204,10.656547
2025-01-08 13:00:00+00:00,246.80139,8.225035
2025-01-08 14:00:00+00:00,230.59937,6.522361
2025-01-08 15:00:00+00:00,312.27362,2.6758924
2025-01-08 16:00:00+00:00,8.97255,3.462369
2025-01-08 17:00:00+00:00,18.435053,4.5536795
2025-01-08 18:00:00+00:00,56.309914,2.5959969
2025-01-08 19:00:00+00:00,99.865746,4.2021422
2025-01-08 20:00:00+00:00,102.33907,5.896202
2025-01-08 21:00:00+00:00,113.749504,4.91634
2025-01-08 22:00:00+00:00,148.57048,3.7971041
2025-01-08 23:00:00+00:00,111.801476,2.907989
2025-01-09 00:00:00+00:00,64.79892,3.381893
2025-01-09 01:00:00+00:00,94.864426,8.490582
2025-01-09 02:00:00+00:00,81.60716,11.098865
2025-01-09 03:00:00+00:00,60.64234,9.913082
2025-01-09 04:00:00+00:00,61.69934,10.630672
2025-01-09 05:00:00+00:00,67.036194,11.534054
2025-01-09 06:00:00+00:00,68.68202,7.9220443
2025-01-09 07:00:00+00:00,341.56494,2.8460498
2025-01-09 08:00:00+00:00,288.10385,9.847496
2025-01-09 09:00:00+00:00,275.19434,17.893484
2025-01-09 10:00:00+00:00,267.27374,18.921415
2025-01-09 11:00:00+00:00,264.64426,17.355772
2025-01-09 12:00:00+00:00,260.99158,14.944336
2025-01-09 13:00:00+00:00,282.5288,13.276144
2025-01-09 14:00:00+00:00,275.90604,10.495713
2025-01-09 15:00:00+00:00,284.03625,8.163749
2025-01-09 16:00:00+00:00,281.3099,0.9178235
2025-01-09 17:00:00+00:00,115.76928,5.7964473
2025-01-09 18:00:00+00:00,100.17545,7.1321807
2025-01-09 19:00:00+00:00,102.65255,9.039514
2025-01-09 20:00:00+00:00,107.020615,9.224011
2025-01-09 21:00:00+00:00,101.821465,7.9077177
2025-01-09 22:00:00+00:00,81.25392,7.102591
2025-01-09 23:00:00+00:00,79.824554,7.1321807
2025-01-10 00:00:00+00:00,83.21112,7.613382
2025-01-10 01:00:00+00:00,84.40076,9.224011
2025-01-10 02:00:00+00:00,86.26868,8.297589
2025-01-10 03:00:00+00:00,84.95764,6.1437774
2025-01-10 04:00:00+00:00,66.80139,6.8541956
2025-01-10 05:00:00+00:00,40.814987,5.2323985
2025-01-10 06:00:00+00:00,329.42084,4.599695
2025-01-10 07:00:00+00:00,299.24872,10.315115
2025-01-10 08:00:00+00:00,288.81198,17.304358
2025-01-10 09:00:00+00:00,283.11642,19.03665
2025-01-10 10:00:00+00:00,274.99365,18.610641
2025-01-10 11:00:00+00:00,268.81885,17.46371
2025-01-10 12:00:00+00:00,283.86105,14.275713
2025-01-10 13:00:00+00:00,320.1022,14.31198
2025-01-10 14:00:00+00:00,338.52313,11.799271
2025-01-10 15:00:00+00:00,47.12111,6.8777895
2025-01-10 16:00:00+00:00,141.21562,12.931218
2025-01-10 17:00:00+00:00,136.27295,5.728979
2025-01-10 18:00:00+00:00,92.29056,4.503598
2025-01-10 19:00:00+00:00,103.39252,3.8856654
2025-01-10 20:00:00+00:00,81.46932,3.6402748
2025-01-10 21:00:00+00:00,82.40546,5.4477882
2025-01-10 22:00:00+00:00,93.57626,2.8856194
2025-01-10 23:00:00+00:00,123.690094,2.5959969
2025-01-11 00:00:00+00:00,142.43134,2.9522195
2025-01-11 01:00:00+00:00,78.6901,2.7534704
2025-01-11 02:00:00+00:00,75.96373,6.6794305
2025-01-11 03:00:00+00:00,85.135574,8.490582
2025-01-11 04:00:00+00:00,81.38444,6.0077944
2025-01-11 05:00:00+00:00,347.90527,2.5772078
2025-01-11 06:00:00+00:00,294.53772,9.102021
2025-01-11 07:00:00+00:00,290.26578,12.472065
2025-01-11 08:00:00+00:00,283.67133,13.708391
2025-01-11 09:00:00+00:00,264.1606,15.922626
2025-01-11 10:00:00+00:00,257.68057,16.029097
2025-01-11 11:00:00+00:00,283.60974,17.594023
2025-01-11 12:00:00+00:00,298.0724,15.299999
2025-01-11 13:00:00+00:00,304.09503,14.128566
2025-01-11 14:00:00+00:00,300.25635,10.00256
2025-01-11 15:00:00+00:00,334.17905,6.198903
2025-01-11 16:00:00+00:00,156.57129,5.8852015
2025-01-11 17:00:00+00:00,268.75467,8.281956
2025-01-11 18:00:00+00:00,286.8215,8.085988
2025-01-11 19:00:00+00:00,304.9921,2.19718
2025-01-11 20:00:00+00:00,87.3975,3.964089
2025-01-11 21:00:00+00:00,124.82456,5.0432134
2025-01-11 22:00:00+00:00,98.13002,3.8183763
2025-01-11 23:00:00+00:00,81.86999,5.0911684
2025-01-12 00:00:00+00:00,88.025116,5.223103
2025-01-12 01:00:00+00:00,92.385895,4.323748
2025-01-12 02:00:00+00:00,84.805664,5.9644947
2025-01-12 03:00:00+00:00,88.45188,6.6624317
2025-01-12 04:00:00+00:00,84.805664,5.9644947
2025-01-12 05:00:00+00:00,25.201094,3.381893
2025-01-12 06:00:00+00:00,309.47244,3.9640884
2025-01-12 07:00:00+00:00,280.0079,9.321845
2025-01-12 08:00:00+00:00,252.68826,14.517644
2025-01-12 09:00:00+00:00,240.25522,13.060857
2025-01-12 10:00:00+00:00,231.981,12.566526
2025-01-12 11:00:00+00:00,240.5242,14.266632
2025-01-12 12:00:00+00:00,252.5972,12.638512
2025-01-12 13:00:00+00:00,290.13638,5.7515564
2025-01-12 14:00:00+00:00,3.0127327,3.4247334
2025-01-12 15:00:00+00:00,161.56496,1.1384199
2025-01-12 16:00:00+00:00,19.983198,2.1068459
2025-01-12 17:00:00+00:00,40.601215,3.319036
2025-01-12 18:00:00+00:00,29.475794,4.755544
2025-01-12 19:00:00+00:00,30.963696,4.198285
2025-01-12 20:00:00+00:00,32.195713,5.7431
2025-01-12 21:00:00+00:00,25.820946,6.198903
2025-01-12 22:00:00+00:00,28.30066,2.657668
2025-01-12 23:00:00+00:00,42.27363,2.6758924
2025-01-13 00:00:00+00:00,90.0,1.98
2025-01-13 01:00:00+00:00,81.11942,5.8298883
2025-01-13 02:00:00+00:00,62.447273,4.669604
2025-01-13 03:00:00+00:00,63.435013,2.8174455
2025-01-13 04:00:00+00:00,348.6901,0.9178235
2025-01-13 05:00:00+00:00,258.23172,4.412754
2025-01-13 06:00:00+00:00,258.9063,9.354806
2025-01-13 07:00:00+00:00,260.03625,13.523978
2025-01-13 08:00:00+00:00,261.70294,17.462784
2025-01-13 09:00:00+00:00,257.19574,12.182955
2025-01-13 10:00:00+00:00,260.07382,7.3094187
2025-01-13 11:00:00+00:00,235.6196,4.143911
2025-01-13 12:00:00+00:00,325.4914,3.494968
2025-01-13 13:00:00+00:00,171.25392,2.36753
2025-01-13 14:00:00+00:00,140.19447,5.6233797
2025-01-13 15:00:00+00:00,152.24155,3.8647635
2025-01-13 16:00:00+00:00,143.74608,3.3481934
2025-01-13 17:00:00+00:00,119.05451,1.8532133
2025-01-13 18:00:00+00:00,37.875053,4.1046314
2025-01-13 19:00:00+00:00,16.927603,4.327493
2025-01-13 20:00:00+00:00,296.56497,1.609969
2025-01-13 21:00:00+00:00,351.87,2.5455842
2025-01-13 22:00:00+00:00,14.743609,3.536439
2025-01-13 23:00:00+00:00,25.346138,3.7842832
2025-01-14 00:00:00+00:00,355.91446,2.5264204
2025-01-14 01:00:00+00:00,66.037506,1.7727944
2025-01-14 02:00:00+00:00,63.435013,3.219938
2025-01-14 03:00:00+00:00,116.56499,0.8049845
2025-01-14 04:00:00+00:00,249.44386,1.5379207
2025-01-14 05:00:00+00:00,226.73567,4.2021427
2025-01-14 06:00:00+00:00,246.29735,8.0599
2025-01-14 07:00:00+00:00,254.19742,9.914717
2025-01-14 08:00:00+00:00,264.98697,10.299397
2025-01-14 09:00:00+00:00,301.4295,7.5942082
2025-01-14 10:00:00+00:00,249.22766,5.5829024
2025-01-14 11:00:00+00:00,229.14471,8.805294
2025-01-14 12:00:00+00:00,176.6336,9.195868
2025-01-14 13:00:00+00:00,90.0,1.26
2025-01-14 14:00:00+00:00,119.98155,5.402999
2025-01-14 15:00:00+00:00,138.23979,6.7565966
2025-01-14 16:00:00+00:00,118.61037,2.2553935
2025-01-14 17:00:00+00:00,144.46223,1.5484185
2025-01-14 18:00:00+00:00,176.186,2.7059932
2025-01-14 19:00:00+00:00,224.9999,0.5091169
2025-01-14 20:00:00+00:00,44.999897,0.5091169
2025-01-14 21:00:00+00:00,44.999897,1.781909
2025-01-14 22:00:00+00:00,53.13002,1.8
2025-01-14 23:00:00+00:00,71.564964,1.7076298
2025-01-15 00:00:00+00:00,44.999897,0.25455844
2025-01-15 01:00:00+00:00,113.962494,3.5455887
2025-01-15 02:00:00+00:00,113.62939,6.28713
2025-01-15 03:00:00+00:00,96.17008,6.698806
2025-01-15 04:00:00+00:00,90.0,4.32
2025-01-15 05:00:00+00:00,88.21013,5.7628117
2025-01-15 06:00:00+00:00,109.98319,4.2136917
2025-01-15 07:00:00+00:00,135.0001,0.5091169
2025-01-15 08:00:00+00:00,256.75946,6.28713
2025-01-15 09:00:00+00:00,234.78232,7.491114
2025-01-15 10:00:00+00:00,235.359,12.033103
2025-01-15 11:00:00+00:00,239.0363,10.495713
2025-01-15 12:00:00+00:00,211.42952,7.5942082
2025-01-15 13:00:00+00:00,270.0,6.66
2025-01-15 14:00:00+00:00,251.56496,2.2768397
2025-01-15 15:00:00+00:00,135.0001,2.2910259
2025-01-15 16:00:00+00:00,146.3099,2.5959969
2025-01-15 17:00:00+00:00,150.2552,4.3536186
2025-01-15 18:00:00+00:00,146.3099,2.5959969
2025-01-15 19:00:00+00:00,141.84273,3.2048087
2025-01-15 20:00:00+00:00,122.15227,7.44121
2025-01-15 21:00:00+00:00,116.11385,10.223619
2025-01-15 22:00:00+00:00,114.65588,12.081473
2025-01-15 23:00:00+00:00,111.44781,10.829958
2025-01-16 00:00:00+00:00,115.79598,11.995349
2025-01-16 01:00:00+00:00,97.35229,5.6262593
2025-01-16 02:00:00+00:00,111.16133,5.9834766
2025-01-16 03:00:00+00:00,130.81499,5.2323985
2025-01-16 04:00:00+00:00,79.99209,3.1072817
2025-01-16 05:00:00+00:00,25.346138,3.7842832
2025-01-16 06:00:00+00:00,333.43503,3.62243
2025-01-16 07:00:00+00:00,292.93213,5.0816135
2025-01-16 08:00:00+00:00,259.3804,8.790563
2025-01-16 09:00:00+00:00,264.71002,9.761578
2025-01-16 10:00:00+00:00,258.5413,13.590894
2025-01-16 11:00:00+00:00,241.27977,14.98331
2025-01-16 12:00:00+00:00,236.88864,9.885262
2025-01-16 13:00:00+00:00,266.42374,2.8856194
2025-01-16 14:00:00+00:00,123.690094,0.6489992
2025-01-16 15:00:00+00:00,98.13002,1.2727921
2025-01-16 16:00:00+00:00,131.98714,4.8433046
2025-01-16 17:00:00+00:00,117.51192,9.741642
2025-01-16 18:00:00+00:00,110.67451,10.196647
2025-01-16 19:00:00+00:00,103.17256,8.688613
2025-01-16 20:00:00+00:00,95.19434,3.9763298
2025-01-16 21:00:00+00:00,97.12492,2.9024127
2025-01-16 22:00:00+00:00,102.99462,4.802999
2025-01-16 23:00:00+00:00,94.08554,7.579261
2025-01-17 00:00:00+00:00,82.72509,8.528657
2025-01-17 01:00:00+00:00,95.52745,11.212135
2025-01-17 02:00:00+00:00,92.72626,7.5685663
2025-01-17 03:00:00+00:00,72.89719,2.4482646
2025-01-17 04:00:00+00:00,14.743609,3.536439
2025-01-17 05:00:00+00:00,21.037588,2.5071096
2025-01-17 06:00:00+00:00,28.610369,2.2553935
2025-01-17 07:00:00+00:00,284.03625,1.484318
2025-01-17 08:00:00+00:00,273.46817,5.950899
2025-01-17 09:00:00+00:00,261.983,12.906138
2025-01-17 10:00:00+00:00,238.35538,18.183563
2025-01-17 11:00:00+00:00,223.7812,11.966954
2025-01-17 12:00:00+00:00,221.55252,10.583326
2025-01-17 13:00:00+00:00,218.991,9.726664
2025-01-17 14:00:00+00:00,244.23071,5.7964473
2025-01-17 15:00:00+00:00,315.0001,2.0364676
2025-01-17 16:00:00+00:00,116.56499,0.40249225
2025-01-17 17:00:00+00:00,128.65984,1.1525624
2025-01-17 18:00:00+00:00,129.80553,1.4058449
2025-01-17 19:00:00+00:00,113.62939,3.143565
2025-01-17 20:00:00+00:00,90.0,3.2399998
2025-01-17 21:00:00+00:00,119.74479,1.4512063
2025-01-17 22:00:00+00:00,108.43504,3.4152596
2025-01-17 23:00:00+00:00,94.89901,6.3231
2025-01-18 00:00:00+00:00,92.29056,4.503598
2025-01-18 01:00:00+00:00,106.53492,12.016938
2025-01-18 02:00:00+00:00,101.53459,9.0018
2025-01-18 03:00:00+00:00,59.743652,5.00128
2025-01-18 04:00:00+00:00,34.9921,6.59154
2025-01-18 05:00:00+00:00,47.72637,5.3517847
2025-01-18 06:00:00+00:00,28.442837,4.913044
2025-01-18 07:00:00+00:00,315.0001,3.8183763
2025-01-18 08:00:00+00:00,285.78082,8.604301
2025-01-18 09:00:00+00:00,283.67133,13.708391
2025-01-18 10:00:00+00:00,258.6901,15.602999
2025-01-18 11:00:00+00:00,251.98013,15.710607
2025-01-18 12:00:00+00:00,245.85446,11.440979
2025-01-18 13:00:00+00:00,157.49643,13.638489
2025-01-18 14:00:00+00:00,129.3693,9.080639
2025-01-18 15:00:00+00:00,136.12321,6.4924874
2025-01-18 16:00:00+00:00,100.00792,3.1072817
2025-01-18 17:00:00+00:00,104.03627,0.742159
2025-01-18 18:00:00+00:00,62.59251,5.4744864
2025-01-18 19:00:00+00:00,67.3801,7.0199995
2025-01-18 20:00:00+00:00,356.82022,3.244996
2025-01-18 21:00:00+00:00,235.0079,4.39436
2025-01-18 22:00:00+00:00,323.61554,4.2481523
2025-01-18 23:00:00+00:00,360.0,4.14
2025-01-19 00:00:00+00:00,26.564985,3.219938
2025-01-19 01:00:00+00:00,90.0,1.98
2025-01-19 02:00:00+00:00,90.0,4.68
2025-01-19 03:00:00+00:00,104.03627,3.710795
2025-01-19 04:00:00+00:00,37.875053,2.0523157
2025-01-19 05:00:00+00:00,345.9637,1.484318
2025-01-19 06:00:00+00:00,338.19852,2.907989
2025-01-19 07:00:00+00:00,329.03632,3.148714
2025-01-19 08:00:00+00:00,340.3461,2.6758924
2025-01-19 09:00:00+00:00,345.06854,2.7943513
2025-01-19 10:00:00+00:00,327.26477,2.995797
2025-01-19 11:00:00+00:00,261.87,1.2727921
2025-01-19 12:00:00+00:00,161.56496,1.7076298
2025-01-19 13:00:00+00:00,159.44388,3.0758414
2025-01-19 14:00:00+00:00,187.12492,1.4512063
2025-01-19 15:00:00+00:00,180.0,0.17999999
2025-01-19 16:00:00+00:00,180.0,1.8
2025-01-19 17:00:00+00:00,198.43504,0.56920993
2025-01-19 18:00:00+00:00,69.44387,3.0758414
2025-01-19 19:00:00+00:00,92.86235,3.604497
2025-01-19 20:00:00+00:00,79.380394,2.9301877
2025-01-19 21:00:00+00:00,70.346085,2.6758924
2025-01-19 22:00:00+00:00,65.55606,2.1749482
2025-01-19 23:00:00+00:00,90.0,1.08
2025-01-20 00:00:00+00:00,104.03627,2.968636
2025-01-20 01:00:00+00:00,116.56499,1.609969
2025-01-20 02:00:00+00:00,65.22488,2.5772076
2025-01-20 03:00:00+00:00,330.9455,1.8532133
2025-01-20 04:00:00+00:00,236.97612,4.293669
2025-01-20 05:00:00+00:00,250.76923,8.197414
2025-01-20 06:00:00+00:00,253.17851,8.085988
2025-01-20 07:00:00+00:00,277.1249,10.158444
2025-01-20 08:00:00+00:00,288.03436,8.139901
2025-01-20 09:00:00+00:00,270.0,9.0
2025-01-20 10:00:00+00:00,253.73972,9.0
2025-01-20 11:00:00+00:00,238.8611,10.094454
2025-01-20 12:00:00+00:00,234.46223,7.7420926
2025-01-20 13:00:00+00:00,280.30478,8.049845
2025-01-20 14:00:00+00:00,265.76367,4.8733153
2025-01-20 15:00:00+00:00,259.9921,3.1072817
2025-01-20 16:00:00+00:00,274.39862,2.3469126
2025-01-20 17:00:00+00:00,319.0857,3.572898
2025-01-20 18:00:00+00:00,349.21573,3.84796
2025-01-20 19:00:00+00:00,2.8623457,3.604497
2025-01-20 20:00:00+00:00,23.629398,3.143565
2025-01-20 21:00:00+00:00,47.72637,2.6758924
2025-01-20 22:00:00+00:00,75.96373,3.710795
2025-01-20 23:00:00+00:00,96.78888,7.613382
2025-01-21 00:00:00+00:00,97.12492,7.256032
2025-01-21 01:00:00+00:00,101.94416,9.56713
2025-01-21 02:00:00+00:00,90.0,8.099999
2025-01-21 03:00:00+00:00,93.270424,6.310277
2025-01-21 04:00:00+00:00,90.0,5.2200003
2025-01-21 05:00:00+00:00,78.6901,2.7534704
2025-01-21 06:00:00+00:00,290.55612,1.5379207
2025-01-21 07:00:00+00:00,253.85559,7.1208143
2025-01-21 08:00:00+00:00,237.57895,15.779543
2025-01-21 09:00:00+00:00,238.71739,16.63905
2025-01-21 10:00:00+00:00,230.29013,13.8049555
2025-01-21 11:00:00+00:00,229.18501,10.464797
2025-01-21 12:00:00+00:00,223.75471,11.712454
2025-01-21 13:00:00+00:00,215.6765,8.641874
2025-01-21 14:00:00+00:00,189.63747,9.67657
2025-01-21 15:00:00+00:00,165.30264,11.351422
2025-01-21 16:00:00+00:00,158.00882,10.094454
2025-01-21 17:00:00+00:00,146.3099,7.1389914
2025-01-21 18:00:00+00:00,147.99466,6.792466
2025-01-21 19:00:00+00:00,123.02387,4.293669
2025-01-21 20:00:00+00:00,123.6901,3.244996
2025-01-21 21:00:00+00:00,90.0,1.98
2025-01-21 22:00:00+00:00,83.659904,1.6299692
2025-01-21 23:00:00+00:00,68.19853,1.9386592
2025-01-22 00:00:00+00:00,72.34979,4.1556225
2025-01-22 01:00:00+00:00,46.041542,7.001514
2025-01-22 02:00:00+00:00,58.781662,6.945761
2025-01-22 03:00:00+00:00,69.075424,6.5520988
2025-01-22 04:00:00+00:00,57.99466,5.09435
2025-01-22 05:00:00+00:00,360.0,3.96
2025-01-22 06:00:00+00:00,295.1148,6.361415
2025-01-22 07:00:00+00:00,280.2221,11.157096
2025-01-22 08:00:00+00:00,276.044,15.385525
2025-01-22 09:00:00+00:00,265.13556,16.981165
2025-01-22 10:00:00+00:00,277.88306,11.811622
2025-01-22 11:00:00+00:00,251.31255,12.921192
2025-01-22 12:00:00+00:00,211.26367,11.792404
2025-01-22 13:00:00+00:00,200.32323,5.1826253
2025-01-22 14:00:00+00:00,163.0724,4.327493
2025-01-22 15:00:00+00:00,129.47243,3.9640884
2025-01-22 16:00:00+00:00,115.55992,4.5891175
2025-01-22 17:00:00+00:00,109.798965,4.7827187
2025-01-22 18:00:00+00:00,81.86999,3.8183763
2025-01-22 19:00:00+00:00,93.366394,3.0652895
2025-01-22 20:00:00+00:00,70.01681,2.1068459
2025-01-22 21:00:00+00:00,61.389645,2.2553935
2025-01-22 22:00:00+00:00,304.50858,3.494968
2025-01-22 23:00:00+00:00,268.15244,5.5829024
2025-01-23 00:00:00+00:00,315.0001,0.25455844
2025-01-23 01:00:00+00:00,54.46224,3.096837
2025-01-23 02:00:00+00:00,85.42616,4.514377
2025-01-23 03:00:00+00:00,97.76508,3.9966488
2025-01-23 04:00:00+00:00,153.43501,0.40249225
2025-01-23 05:00:00+00:00,246.0375,3.5455887
2025-01-23 06:00:00+00:00,203.19862,2.7416782
2025-01-23 07:00:00+00:00,214.21576,5.441838
2025-01-23 08:00:00+00:00,243.00424,10.706596
2025-01-23 09:00:00+00:00,241.79846,14.092978
2025-01-23 10:00:00+00:00,244.5367,12.56008
2025-01-23 11:00:00+00:00,245.87901,13.213764
2025-01-23 12:00:00+00:00,245.11966,13.690654
2025-01-23 13:00:00+00:00,237.0306,7.9383874
2025-01-23 14:00:00+00:00,197.52567,3.5864744
2025-01-23 15:00:00+00:00,330.25522,2.9024127
2025-01-23 16:00:00+00:00,195.52417,3.362677
2025-01-23 17:00:00+00:00,147.72438,4.0449967
2025-01-23 18:00:00+00:00,139.39879,4.978554
2025-01-23 19:00:00+00:00,108.43504,2.2768397
2025-01-23 20:00:00+00:00,135.0001,4.3274937
2025-01-23 21:00:00+00:00,132.70937,3.1845248
2025-01-23 22:00:00+00:00,94.08554,2.5264204
2025-01-23 23:00:00+00:00,92.20255,4.6834598
2025-01-24 00:00:00+00:00,86.63361,6.130579
2025-01-24 01:00:00+00:00,70.974304,11.043261
2025-01-24 02:00:00+00:00,70.559875,9.734987
2025-01-24 03:00:00+00:00,75.96373,8.905908
2025-01-24 04:00:00+00:00,88.6361,7.562142
2025-01-24 05:00:00+00:00,63.435013,1.609969
2025-01-24 06:00:00+00:00,267.95465,5.0432134
2025-01-24 07:00:00+00:00,264.09396,10.495713
2025-01-24 08:00:00+00:00,263.06573,13.418153
2025-01-24 09:00:00+00:00,268.4725,13.504799
2025-01-24 10:00:00+00:00,270.0,14.94
2025-01-24 11:00:00+00:00,255.96373,14.101021
2025-01-24 12:00:00+00:00,226.97493,11.079873
2025-01-24 13:00:00+00:00,257.79956,6.8138976
2025-01-24 14:00:00+00:00,309.8055,2.8116899
2025-01-24 15:00:00+00:00,345.9637,0.742159
2025-01-24 16:00:00+00:00,88.78116,8.461914
2025-01-24 17:00:00+00:00,107.03786,11.672275
2025-01-24 18:00:00+00:00,106.33612,10.8792095
2025-01-24 19:00:00+00:00,85.51548,9.208192
2025-01-24 20:00:00+00:00,76.464134,9.9977
2025-01-24 21:00:00+00:00,59.19863,10.897063
2025-01-24 22:00:00+00:00,59.53454,10.650465
2025-01-24 23:00:00+00:00,67.4569,10.32924
2025-01-25 00:00:00+00:00,73.61038,9.568824
2025-01-25 01:00:00+00:00,68.00882,10.094454
2025-01-25 02:00:00+00:00,75.37909,8.557102
2025-01-25 03:00:00+00:00,87.20736,7.388775
2025-01-25 04:00:00+00:00,102.01146,8.649369
2025-01-25 05:00:00+00:00,127.11694,8.3520775
2025-01-25 06:00:00+00:00,150.9455,7.4128532
2025-01-25 07:00:00+00:00,191.30989,5.506941
2025-01-25 08:00:00+00:00,240.64233,9.913082
2025-01-25 09:00:00+00:00,257.94327,18.958197
2025-01-25 10:00:00+00:00,261.87,16.546299
2025-01-25 11:00:00+00:00,246.70541,14.1102085
2025-01-25 12:00:00+00:00,245.43285,13.854155
2025-01-25 13:00:00+00:00,248.87521,8.490582
2025-01-25 14:00:00+00:00,253.81071,5.8104043
2025-01-25 15:00:00+00:00,185.19434,1.9881649
2025-01-25 16:00:00+00:00,176.42374,2.8856194
2025-01-25 17:00:00+00:00,251.56496,1.7076298
2025-01-25 18:00:00+00:00,50.194473,2.8116899
2025-01-25 19:00:00+00:00,84.55976,7.5942073
2025-01-25 20:00:00+00:00,97.853226,5.2694216
2025-01-25 21:00:00+00:00,102.26476,4.2366967
2025-01-25 22:00:00+00:00,113.962494,3.5455887
2025-01-25 23:00:00+00:00,112.833694,3.710795
2025-01-26 00:00:00+00:00,96.11541,5.0688457
2025-01-26 01:00:00+00:00,71.564964,5.12289
2025-01-26 02:00:00+00:00,65.13633,8.133928
2025-01-26 03:00:00+00:00,57.99466,6.792466
2025-01-26 04:00:00+00:00,23.629398,3.143565
2025-01-26 05:00:00+00:00,292.24908,4.278551
2025-01-26 06:00:00+00:00,252.3498,8.311245
2025-01-26 07:00:00+00:00,250.29193,12.810386
2025-01-26 08:00:00+00:00,237.69269,14.481893
2025-01-26 09:00:00+00:00,238.43108,17.534992
2025-01-26 10:00:00+00:00,233.017,18.252037
2025-01-26 11:00:00+00:00,220.68388,13.529966
2025-01-26 12:00:00+00:00,215.80344,13.538345
2025-01-26 13:00:00+00:00,219.28938,10.233123
2025-01-26 14:00:00+00:00,280.08054,8.227004
2025-01-26 15:00:00+00:00,283.32455,7.029225
2025-01-26 16:00:00+00:00,316.16904,6.2379804
2025-01-26 17:00:00+00:00,357.5105,4.143911
2025-01-26 18:00:00+00:00,28.610369,2.2553935
2025-01-26 19:00:00+00:00,116.56499,1.2074767
2025-01-26 20:00:00+00:00,132.70937,3.1845248
2025-01-26 21:00:00+00:00,135.0001,6.3639607
2025-01-26 22:00:00+00:00,125.21768,7.491114
2025-01-26 23:00:00+00:00,97.12492,8.707238
2025-01-27 00:00:00+00:00,76.60749,7.771331
2025-01-27 01:00:00+00:00,59.03632,6.297428
2025-01-27 02:00:00+00:00,51.546265,7.8149853
2025-01-27 03:00:00+00:00,46.080845,6.7469993
2025-01-27 04:00:00+00:00,65.77226,3.9477081
2025-01-27 05:00:00+00:00,210.96368,1.0495713
2025-01-27 06:00:00+00:00,238.24055,4.4456716
2025-01-27 07:00:00+00:00,240.39565,9.109138
2025-01-27 08:00:00+00:00,241.88689,14.897651
2025-01-27 09:00:00+00:00,246.96054,17.01738
2025-01-27 10:00:00+00:00,261.87,15.273505
2025-01-27 11:00:00+00:00,251.82188,12.69351
2025-01-27 12:00:00+00:00,224.9999,11.964246
2025-01-27 13:00:00+00:00,215.21768,11.236671
2025-01-27 14:00:00+00:00,195.52417,6.725354
2025-01-27 15:00:00+00:00,141.34016,1.1525624
2025-01-27 16:00:00+00:00,153.43501,2.0124612
2025-01-27 17:00:00+00:00,115.64096,4.991553
2025-01-27 18:00:00+00:00,106.26028,4.5
2025-01-27 19:00:00+00:00,133.36346,4.4565907
2025-01-27 20:00:00+00:00,137.86247,5.0975285
2025-01-27 21:00:00+00:00,105.25517,4.1046314
2025-01-27 22:00:00+00:00,88.09089,5.4029994
2025-01-27 23:00:00+00:00,79.87539,5.1197267
2025-01-28 00:00:00+00:00,60.94549,5.5596404
2025-01-28 01:00:00+00:00,59.656826,8.55142
2025-01-28 02:00:00+00:00,50.59937,6.522361
2025-01-28 03:00:00+00:00,81.02746,3.462369
2025-01-28 04:00:00+00:00,110.22495,3.644722
2025-01-28 05:00:00+00:00,215.53777,1.5484185
2025-01-28 06:00:00+00:00,252.89719,7.3447943
2025-01-28 07:00:00+00:00,255.2564,10.609316
2025-01-28 08:00:00+00:00,247.93205,14.372974
2025-01-28 09:00:00+00:00,241.4487,13.934605
2025-01-28 10:00:00+00:00,246.70541,14.1102085
2025-01-28 11:00:00+00:00,241.27977,14.98331
2025-01-28 12:00:00+00:00,249.44386,10.765445
2025-01-28 13:00:00+00:00,263.08887,11.966953
2025-01-28 14:00:00+00:00,280.6196,8.790563
2025-01-28 15:00:00+00:00,343.3007,3.7585104
2025-01-28 16:00:00+00:00,41.63345,6.502461
2025-01-28 17:00:00+00:00,41.49638,6.248359
2025-01-28 18:00:00+00:00,15.945477,5.2416787
2025-01-28 19:00:00+00:00,12.380747,7.555712
2025-01-28 20:00:00+00:00,24.227736,7.8954163
2025-01-28 21:00:00+00:00,41.760216,6.7565966
2025-01-28 22:00:00+00:00,57.380775,5.3426957
2025-01-28 23:00:00+00:00,50.710617,5.1165614
2025-01-29 00:00:00+00:00,52.431335,5.904439
2025-01-29 01:00:00+00:00,43.02507,3.693291
2025-01-29 02:00:00+00:00,55.840256,6.090812
2025-01-29 03:00:00+00:00,23.805958,6.689125
2025-01-29 04:00:00+00:00,11.76827,4.412754
2025-01-29 05:00:00+00:00,339.77505,3.644722
2025-01-29 06:00:00+00:00,301.32864,4.846648
2025-01-29 07:00:00+00:00,245.89777,7.4932766
2025-01-29 08:00:00+00:00,240.08644,15.159591
2025-01-29 09:00:00+00:00,224.9999,18.328207
2025-01-29 10:00:00+00:00,210.12422,16.85669
2025-01-29 11:00:00+00:00,209.50063,15.717823
2025-01-29 12:00:00+00:00,213.6901,16.22498
2025-01-29 13:00:00+00:00,197.81898,10.587917
2025-01-29 14:00:00+00:00,193.67133,6.8541956
2025-01-29 15:00:00+00:00,182.29056,4.503598
2025-01-29 16:00:00+00:00,113.19862,1.3708391
2025-01-29 17:00:00+00:00,59.53454,3.550155
2025-01-29 18:00:00+00:00,48.366554,4.3349743
2025-01-29 19:00:00+00:00,55.6196,4.143911
2025-01-29 20:00:00+00:00,51.34017,4.6102495
2025-01-29 21:00:00+00:00,51.709793,4.3573384
2025-01-29 22:00:00+00:00,62.24156,3.8647635
2025-01-29 23:00:00+00:00,76.60749,3.8856654
2025-01-30 00:00:00+00:00,72.89719,4.896529
2025-01-30 01:00:00+00:00,72.03077,7.0015144
2025-01-30 02:00:00+00:00,70.70986,7.628263
2025-01-30 03:00:00+00:00,54.782326,7.491114
2025-01-30 04:00:00+00:00,18.435053,7.3997297
2025-01-30 05:00:00+00:00,327.09476,3.6447225
2025-01-30 06:00:00+00:00,272.9356,7.029225
2025-01-30 07:00:00+00:00,261.11942,11.659777
2025-01-30 08:00:00+00:00,259.69522,16.09969
2025-01-30 09:00:00+00:00,253.51547,18.396141
2025-01-30 10:00:00+00:00,234.71317,14.33347
2025-01-30 11:00:00+00:00,235.52773,14.628807
2025-01-30 12:00:00+00:00,243.43501,13.684735
2025-01-30 13:00:00+00:00,272.00952,10.266314
2025-01-30 14:00:00+00:00,290.55612,10.765445
2025-01-30 15:00:00+00:00,295.27768,7.16617
2025-01-30 16:00:00+00:00,288.8248,8.36758
2025-01-30 17:00:00+00:00,300.25635,5.00128
2025-01-30 18:00:00+00:00,235.0079,2.19718
2025-01-30 19:00:00+00:00,219.80553,2.8116899
2025-01-30 20:00:00+00:00,184.39862,2.3469126
2025-01-30 21:00:00+00:00,213.6901,2.5959969
2025-01-30 22:00:00+00:00,315.0001,0.76367533
2025-01-30 23:00:00+00:00,21.801476,2.907989
2025-01-31 00:00:00+00:00,37.568665,2.9522195
2025-01-31 01:00:00+00:00,35.311302,5.293959
2025-01-31 02:00:00+00:00,62.65021,5.8769383
2025-01-31 03:00:00+00:00,67.61982,3.3092597
2025-01-31 04:00:00+00:00,153.43501,0.40249225
2025-01-31 05:00:00+00:00,244.7989,3.381893
2025-01-31 06:00:00+00:00,235.30478,5.692099
2025-01-31 07:00:00+00:00,254.3577,9.346143
2025-01-31 08:00:00+00:00,259.14365,13.379461
2025-01-31 09:00:00+00:00,252.3155,13.036026
2025-01-31 10:00:00+00:00,267.70944,13.510796
2025-01-31 11:00:00+00:00,284.2068,14.668619
2025-01-31 12:00:00+00:00,293.31772,11.368535
2025-01-31 13:00:00+00:00,302.96942,7.9383874
2025-01-31 14:00:00+00:00,219.80553,4.2175345
2025-01-31 15:00:00+00:00,292.24908,4.278551
2025-01-31 16:00:00+00:00,14.620926,4.278551
2025-01-31 17:00:00+00:00,266.0549,5.232399
2025-01-31 18:00:00+00:00,135.0001,10.946013
2025-01-31 19:00:00+00:00,149.8587,6.452441
2025-01-31 20:00:00+00:00,119.98155,5.402999
2025-01-31 21:00:00+00:00,258.11136,3.4949677
2025-01-31 22:00:00+00:00,141.34016,3.4576871
2025-01-31 23:00:00+00:00,84.2895,1.8089776
2025-02-01 00:00:00+00:00,49.844074,7.5363917
2025-02-01 01:00:00+00:00,21.801476,5.815978
2025-02-01 02:00:00+00:00,33.023872,8.587338
2025-02-01 03:00:00+00:00,81.57312,4.913044
2025-02-01 04:00:00+00:00,78.11137,3.4949677
2025-02-01 05:00:00+00:00,288.43503,0.56920993
2025-02-01 06:00:00+00:00,271.33218,7.7420926
2025-02-01 07:00:00+00:00,264.19336,10.674773
2025-02-01 08:00:00+00:00,261.2539,11.837651
2025-02-01 09:00:00+00:00,257.7749,11.050591
2025-02-01 10:00:00+00:00,240.01845,10.805998
2025-02-01 11:00:00+00:00,247.6713,10.897063
2025-02-01 12:00:00+00:00,254.47583,10.088033
2025-02-01 13:00:00+00:00,266.24835,11.003581
2025-02-01 14:00:00+00:00,258.6901,8.260411
2025-02-01 15:00:00+00:00,270.0,4.68
2025-02-01 16:00:00+00:00,327.52884,2.3469129
2025-02-01 17:00:00+00:00,135.0001,1.5273507
2025-02-01 18:00:00+00:00,114.775116,5.154415
2025-02-01 19:00:00+00:00,146.88864,4.942631
2025-02-01 20:00:00+00:00,152.92801,9.096681
2025-02-01 21:00:00+00:00,131.18582,5.7402787
2025-02-01 22:00:00+00:00,34.82457,5.0432134
2025-02-01 23:00:00+00:00,342.072,6.4323244
2025-02-02 00:00:00+00:00,41.63345,2.1674871
2025-02-02 01:00:00+00:00,79.87539,5.1197267
2025-02-02 02:00:00+00:00,79.04598,5.6835546
2025-02-02 03:00:00+00:00,70.974304,5.5216303
2025-02-02 04:00:00+00:00,75.25639,3.536439
2025-02-02 05:00:00+00:00,338.19852,0.9693296
2025-02-02 06:00:00+00:00,279.16226,5.6521144
2025-02-02 07:00:00+00:00,273.12207,9.914717
2025-02-02 08:00:00+00:00,265.91446,15.158522
2025-02-02 09:00:00+00:00,250.95328,15.99571
2025-02-02 10:00:00+00:00,241.92761,15.299999
2025-02-02 11:00:00+00:00,255.96373,14.84318
2025-02-02 12:00:00+00:00,270.0,10.62
2025-02-02 13:00:00+00:00,281.68933,10.661107
2025-02-02 14:00:00+00:00,283.7995,10.564941
2025-02-02 15:00:00+00:00,290.37653,6.7205353
2025-02-02 16:00:00+00:00,321.5819,6.6624317
2025-02-02 17:00:00+00:00,356.42374,5.771239
2025-02-02 18:00:00+00:00,18.435053,6.2613096
2025-02-02 19:00:00+00:00,47.489597,5.8603754
2025-02-02 20:00:00+00:00,48.814175,7.653705
2025-02-02 21:00:00+00:00,61.26031,6.3639607
2025-02-02 22:00:00+00:00,74.931465,4.8466477
2025-02-02 23:00:00+00:00,100.619606,2.9301877
2025-02-03 00:00:00+00:00,86.423744,2.8856194
2025-02-03 01:00:00+00:00,125.21768,3.745557
2025-02-03 02:00:00+00:00,113.38525,7.256032
2025-02-03 03:00:00+00:00,136.16905,6.2379804
2025-02-03 04:00:00+00:00,156.0375,3.5455887
2025-02-03 05:00:00+00:00,192.09474,5.1544156
2025-02-03 06:00:00+00:00,210.0685,7.9036193
2025-02-03 07:00:00+00:00,224.21526,9.292254
2025-02-03 08:00:00+00:00,237.99466,10.1887
2025-02-03 09:00:00+00:00,241.23244,10.472535
2025-02-03 10:00:00+00:00,241.5259,12.081473
2025-02-03 11:00:00+00:00,234.24602,11.090103
2025-02-03 12:00:00+00:00,247.01126,12.904882
2025-02-03 13:00:00+00:00,270.0,10.98
2025-02-03 14:00:00+00:00,274.8644,8.490582
2025-02-03 15:00:00+00:00,300.96368,6.297428
2025-02-03 16:00:00+00:00,334.35904,4.991553
2025-02-03 17:00:00+00:00,20.556128,4.613762
2025-02-03 18:00:00+00:00,49.185013,5.2323985
2025-02-03 19:00:00+00:00,55.175446,5.0432134
2025-02-03 20:00:00+00:00,43.876797,6.4924874
2025-02-03 21:00:00+00:00,33.6901,7.1389914
2025-02-03 22:00:00+00:00,48.01287,7.2649574
2025-02-03 23:00:00+00:00,63.435013,6.439876
2025-02-04 00:00:00+00:00,77.90526,5.1544156
2025-02-04 01:00:00+00:00,86.423744,5.771239
2025-02-04 02:00:00+00:00,94.76356,6.5024605
2025-02-04 03:00:00+00:00,95.7105,5.426933
2025-02-04 04:00:00+00:00,93.945114,5.232399
2025-02-04 05:00:00+00:00,117.89718,3.4623692
2025-02-04 06:00:00+00:00,207.89717,3.4623692
2025-02-04 07:00:00+00:00,243.43501,6.8423676
2025-02-04 08:00:00+00:00,249.80557,16.685717
2025-02-04 09:00:00+00:00,247.01126,19.357323
2025-02-04 10:00:00+00:00,239.74364,17.504478
2025-02-04 11:00:00+00:00,237.3391,16.676977
2025-02-04 12:00:00+00:00,235.56094,15.277749
2025-02-04 13:00:00+00:00,247.52052,11.298495
2025-02-04 14:00:00+00:00,272.72626,7.5685663
2025-02-04 15:00:00+00:00,274.23633,4.8733153
2025-02-04 16:00:00+00:00,293.49857,4.514377
2025-02-04 17:00:00+00:00,44.999897,0.5091169
2025-02-04 18:00:00+00:00,36.027473,2.4482648
2025-02-04 19:00:00+00:00,55.304783,2.8460495
2025-02-04 20:00:00+00:00,76.60749,3.8856654
2025-02-04 21:00:00+00:00,72.25524,4.724786
2025-02-04 22:00:00+00:00,86.05489,5.232399
2025-02-04 23:00:00+00:00,104.5345,5.020677
2025-02-05 00:00:00+00:00,104.93147,5.5887027
2025-02-05 01:00:00+00:00,100.491425,4.942631
2025-02-05 02:00:00+00:00,97.907074,6.542201
2025-02-05 03:00:00+00:00,107.10281,7.3447943
2025-02-05 04:00:00+00:00,121.218346,6.945761
2025-02-05 05:00:00+00:00,159.67677,5.1826253
2025-02-05 06:00:00+00:00,197.87878,5.8631387
2025-02-05 07:00:00+00:00,231.91118,8.461915
2025-02-05 08:00:00+00:00,241.15744,14.178927
2025-02-05 09:00:00+00:00,241.78273,16.75064
2025-02-05 10:00:00+00:00,238.12044,17.381886
2025-02-05 11:00:00+00:00,226.87785,15.536408
2025-02-05 12:00:00+00:00,256.32867,13.708391
2025-02-05 13:00:00+00:00,289.44012,16.22498
2025-02-05 14:00:00+00:00,283.57043,10.739833
2025-02-05 15:00:00+00:00,275.35574,5.7852573
2025-02-05 16:00:00+00:00,305.67648,8.641874
2025-02-05 17:00:00+00:00,330.01843,5.402999
2025-02-05 18:00:00+00:00,35.537766,3.096837
2025-02-05 19:00:00+00:00,68.19853,6.7853074
2025-02-05 20:00:00+00:00,76.37299,6.1120534
2025-02-05 21:00:00+00:00,105.945465,5.2416787
2025-02-05 22:00:00+00:00,82.875084,4.353619
2025-02-05 23:00:00+00:00,70.20104,4.7827187
2025-02-06 00:00:00+00:00,92.20255,4.6834598
2025-02-06 01:00:00+00:00,87.33706,7.748368
2025-02-06 02:00:00+00:00,83.15732,9.0645685
2025-02-06 03:00:00+00:00,84.14409,7.0568266
2025-02-06 04:00:00+00:00,85.23644,4.3349743
2025-02-06 05:00:00+00:00,321.34018,1.1525624
2025-02-06 06:00:00+00:00,266.6336,6.130579
2025-02-06 07:00:00+00:00,257.57407,10.874741
2025-02-06 08:00:00+00:00,258.2066,16.733225
2025-02-06 09:00:00+00:00,255.54753,18.030573
2025-02-06 10:00:00+00:00,242.68448,18.435726
2025-02-06 11:00:00+00:00,230.35587,16.363178
2025-02-06 12:00:00+00:00,257.39984,15.677576
2025-02-06 13:00:00+00:00,267.87894,9.726665
2025-02-06 14:00:00+00:00,310.426,6.384293
2025-02-06 15:00:00+00:00,333.43503,4.829907
2025-02-06 16:00:00+00:00,206.56499,0.8049845
2025-02-06 17:00:00+00:00,78.6901,0.9178235
2025-02-06 18:00:00+00:00,38.65983,3.4576871
2025-02-06 19:00:00+00:00,36.469334,5.1481256
2025-02-06 20:00:00+00:00,50.710617,5.1165614
2025-02-06 21:00:00+00:00,57.99466,5.09435
2025-02-06 22:00:00+00:00,62.525658,5.072041
2025-02-06 23:00:00+00:00,70.346085,5.3517847
2025-02-07 00:00:00+00:00,85.23644,4.3349743
2025-02-07 01:00:00+00:00,82.875084,5.8048253
2025-02-07 02:00:00+00:00,82.30404,6.7205353
2025-02-07 03:00:00+00:00,84.95764,6.1437774
2025-02-07 04:00:00+00:00,97.12492,4.353619
2025-02-07 05:00:00+00:00,130.91429,3.572898
2025-02-07 06:00:00+00:00,209.35765,3.3043609
2025-02-07 07:00:00+00:00,254.21918,8.604301
2025-02-07 08:00:00+00:00,268.7127,16.024044
2025-02-07 09:00:00+00:00,273.73132,16.595179
2025-02-07 10:00:00+00:00,261.97284,14.178928
2025-02-07 11:00:00+00:00,249.05727,15.611304
2025-02-07 12:00:00+00:00,259.90256,13.346729
2025-02-07 13:00:00+00:00,267.66275,8.827344
2025-02-07 14:00:00+00:00,285.7087,5.983477
2025-02-07 15:00:00+00:00,308.15726,3.2048087
2025-02-07 16:00:00+00:00,329.30035,6.698806
2025-02-07 17:00:00+00:00,338.8752,8.490582
2025-02-07 18:00:00+00:00,331.50446,7.1684303
2025-02-07 19:00:00+00:00,326.3099,5.1919937
2025-02-07 20:00:00+00:00,348.11136,3.4949677
2025-02-07 21:00:00+00:00,21.370695,4.445672
2025-02-07 22:00:00+00:00,50.59937,6.522361
2025-02-07 23:00:00+00:00,84.05324,8.6867485
2025-02-08 00:00:00+00:00,92.29056,9.007196
2025-02-08 01:00:00+00:00,85.23644,8.669949
2025-02-08 02:00:00+00:00,88.93912,9.721666
2025-02-08 03:00:00+00:00,97.907074,6.542201
2025-02-08 04:00:00+00:00,128.92755,6.015878
2025-02-08 05:00:00+00:00,200.55612,4.613762
2025-02-08 06:00:00+00:00,245.22488,7.731623
2025-02-08 07:00:00+00:00,254.57777,10.829959
2025-02-08 08:00:00+00:00,260.9098,13.671707
2025-02-08 09:00:00+00:00,267.30576,15.316933
2025-02-08 10:00:00+00:00,245.44955,16.029099
2025-02-08 11:00:00+00:00,231.34016,17.288435
2025-02-08 12:00:00+00:00,246.68227,11.368535
2025-02-08 13:00:00+00:00,240.94548,9.2660675
2025-02-08 14:00:00+00:00,247.98866,9.12513
2025-02-08 15:00:00+00:00,256.75946,6.28713
2025-02-08 16:00:00+00:00,244.65387,3.7842832
2025-02-08 17:00:00+00:00,285.94547,3.9312592
2025-02-08 18:00:00+00:00,270.0,5.04
2025-02-08 19:00:00+00:00,318.81415,3.8268526
2025-02-08 20:00:00+00:00,8.530692,3.6402748
2025-02-08 21:00:00+00:00,33.6901,1.9469976
2025-02-08 22:00:00+00:00,44.999897,2.2910259
2025-02-08 23:00:00+00:00,69.22767,5.5829024
2025-02-09 00:00:00+00:00,73.85559,7.1208143
2025-02-09 01:00:00+00:00,79.21575,7.69592
2025-02-09 02:00:00+00:00,75.71888,10.215693
2025-02-09 03:00:00+00:00,79.69521,8.049845
2025-02-09 04:00:00+00:00,106.50443,5.068846
2025-02-09 05:00:00+00:00,187.12492,2.9024127
2025-02-09 06:00:00+00:00,213.17853,5.5916004
2025-02-09 07:00:00+00:00,233.13002,7.2
2025-02-09 08:00:00+00:00,247.1663,11.132385
2025-02-09 09:00:00+00:00,242.93898,18.595839
2025-02-09 10:00:00+00:00,234.958,16.928614
2025-02-09 11:00:00+00:00,244.7672,17.311846
2025-02-09 12:00:00+00:00,263.41815,14.133153
2025-02-09 13:00:00+00:00,262.09293,13.084402
2025-02-09 14:00:00+00:00,292.20352,9.526405
2025-02-09 15:00:00+00:00,306.60718,7.8480825
2025-02-09 16:00:00+00:00,312.9546,7.1321807
2025-02-09 17:00:00+00:00,330.9455,5.5596404
2025-02-09 18:00:00+00:00,5.7105074,5.426933
2025-02-09 19:00:00+00:00,38.990997,4.863332
2025-02-09 20:00:00+00:00,69.44388,4.613762
2025-02-09 21:00:00+00:00,57.094753,3.6447225
2025-02-09 22:00:00+00:00,38.157276,3.2048087
2025-02-09 23:00:00+00:00,95.19434,3.9763298
2025-02-10 00:00:00+00:00,88.4089,6.482499
2025-02-10 01:00:00+00:00,95.7105,7.2359104
2025-02-10 02:00:00+00:00,95.7105,7.2359104
2025-02-10 03:00:00+00:00,103.57046,5.3699164
2025-02-10 04:00:00+00:00,125.837746,3.9966483
2025-02-10 05:00:00+00:00,180.0,2.34
2025-02-10 06:00:00+00:00,258.6901,5.506941
2025-02-10 07:00:00+00:00,260.8699,10.209348
2025-02-10 08:00:00+00:00,244.7223,14.33234
2025-02-10 09:00:00+00:00,237.42595,15.379206
2025-02-10 10:00:00+00:00,245.5081,17.801807
2025-02-10 11:00:00+00:00,247.87361,17.682194
2025-02-10 12:00:00+00:00,261.40417,15.655862
2025-02-10 13:00:00+00:00,281.3099,14.685176
2025-02-10 14:00:00+00:00,301.7872,15.035119
2025-02-10 15:00:00+00:00,305.53775,9.290511
2025-02-10 16:00:00+00:00,309.8055,2.8116899
2025-02-10 17:00:00+00:00,322.12494,4.1046314
2025-02-10 18:00:00+00:00,342.34976,4.1556225
2025-02-10 19:00:00+00:00,59.03632,2.0991426
2025-02-10 20:00:00+00:00,90.0,4.32
2025-02-10 21:00:00+00:00,94.89901,6.3231
2025-02-10 22:00:00+00:00,111.801476,9.693296
2025-02-10 23:00:00+00:00,114.86367,8.133928
2025-02-11 00:00:00+00:00,129.80553,7.029225
2025-02-11 01:00:00+00:00,115.820946,6.198903
2025-02-11 02:00:00+00:00,112.98875,6.452441
2025-02-11 03:00:00+00:00,140.19447,7.029225
2025-02-11 04:00:00+00:00,138.17992,4.5891175
2025-02-11 05:00:00+00:00,156.80138,1.3708391
2025-02-11 06:00:00+00:00,263.6599,4.8899083
2025-02-11 07:00:00+00:00,271.84756,11.165805
2025-02-11 08:00:00+00:00,271.2873,16.024044
2025-02-11 09:00:00+00:00,267.53723,16.755476
2025-02-11 10:00:00+00:00,261.29785,17.845436
2025-02-11 11:00:00+00:00,270.0,16.380001
2025-02-11 12:00:00+00:00,280.46912,16.840345
2025-02-11 13:00:00+00:00,292.21765,13.8049555
2025-02-11 14:00:00+00:00,299.44534,12.815443
2025-02-11 15:00:00+00:00,314.256,9.801326
2025-02-11 16:00:00+00:00,349.8754,5.1197267
2025-02-11 17:00:00+00:00,345.9637,5.937272
2025-02-11 18:00:00+00:00,33.6901,5.1919937
2025-02-11 19:00:00+00:00,40.364468,4.724786
2025-02-11 20:00:00+00:00,53.13002,2.6999998
2025-02-11 21:00:00+00:00,92.12105,4.8633323
2025-02-11 22:00:00+00:00,98.13002,6.3639607
2025-02-11 23:00:00+00:00,93.691315,5.5916004
2025-02-12 00:00:00+00:00,90.0,5.04
2025-02-12 01:00:00+00:00,88.363464,6.302571
2025-02-12 02:00:00+00:00,88.45188,6.6624317
2025-02-12 03:00:00+00:00,82.14678,5.2694216
2025-02-12 04:00:00+00:00,123.6901,1.9469976
2025-02-12 05:00:00+00:00,215.53777,3.096837
2025-02-12 06:00:00+00:00,249.44386,7.689603
2025-02-12 07:00:00+00:00,255.3432,12.093535
2025-02-12 08:00:00+00:00,257.90524,15.463244
2025-02-12 09:00:00+00:00,252.50415,17.363237
2025-02-12 10:00:00+00:00,232.32634,17.965767
2025-02-12 11:00:00+00:00,230.19447,18.275984
2025-02-12 12:00:00+00:00,243.7414,15.053425
2025-02-12 13:00:00+00:00,270.0,10.799999
2025-02-12 14:00:00+00:00,299.74478,8.707237
2025-02-12 15:00:00+00:00,312.18436,7.7734165
2025-02-12 16:00:00+00:00,313.4519,4.7110505
2025-02-12 17:00:00+00:00,108.43504,1.1384199
2025-02-12 18:00:00+00:00,90.0,2.16
2025-02-12 19:00:00+00:00,79.69521,2.0124612
2025-02-12 20:00:00+00:00,103.24053,3.143565
2025-02-12 21:00:00+00:00,104.5345,5.020677
2025-02-12 22:00:00+00:00,96.84268,4.5322843
2025-02-12 23:00:00+00:00,76.42955,5.3699164
2025-02-13 00:00:00+00:00,69.86362,5.7515564
2025-02-13 01:00:00+00:00,69.86362,5.7515564
2025-02-13 02:00:00+00:00,70.559875,6.489992
2025-02-13 03:00:00+00:00,67.3801,4.6800003
2025-02-13 04:00:00+00:00,345.9637,0.742159
2025-02-13 05:00:00+00:00,247.3801,4.6800003
2025-02-13 06:00:00+00:00,240.83249,8.863972
2025-02-13 07:00:00+00:00,243.43501,11.672275
2025-02-13 08:00:00+00:00,245.07155,14.092977
2025-02-13 09:00:00+00:00,243.15279,16.341383
2025-02-13 10:00:00+00:00,242.86494,16.180988
2025-02-13 11:00:00+00:00,265.23645,17.339897
2025-02-13 12:00:00+00:00,272.6324,15.676542
2025-02-13 13:00:00+00:00,274.76355,10.837435
2025-02-13 14:00:00+00:00,273.57626,5.771239
2025-02-13 15:00:00+00:00,306.6342,8.748075
2025-02-13 16:00:00+00:00,338.19852,0.9693296
2025-02-13 17:00:00+00:00,80.53775,2.1897945
2025-02-13 18:00:00+00:00,59.53454,3.550155
2025-02-13 19:00:00+00:00,63.435013,4.4274144
2025-02-13 20:00:00+00:00,63.435013,4.4274144
2025-02-13 21:00:00+00:00,56.3099,3.8939953
2025-02-13 22:00:00+00:00,59.93151,3.9518096
2025-02-13 23:00:00+00:00,62.24156,3.8647635
2025-02-14 00:00:00+00:00,68.62931,4.445672
2025-02-14 01:00:00+00:00,57.724377,4.0449967
2025-02-14 02:00:00+00:00,68.5522,5.414979
2025-02-14 03:00:00+00:00,73.61038,3.189608
2025-02-14 04:00:00+00:00,180.0,0.35999998
2025-02-14 05:00:00+00:00,237.99466,5.09435
2025-02-14 06:00:00+00:00,254.21918,8.604301
2025-02-14 07:00:00+00:00,261.74066,11.276968
2025-02-14 08:00:00+00:00,254.05453,13.1041975
2025-02-14 09:00:00+00:00,239.64195,14.602204
2025-02-14 10:00:00+00:00,225.47345,15.401311
2025-02-14 11:00:00+00:00,257.3196,14.759999
2025-02-14 12:00:00+00:00,260.19397,14.796175
2025-02-14 13:00:00+00:00,260.4171,14.056144
2025-02-14 14:00:00+00:00,277.76508,11.989945
2025-02-14 15:00:00+00:00,302.15228,7.44121
2025-02-14 16:00:00+00:00,322.76508,5.6521144
2025-02-14 17:00:00+00:00,355.03033,4.1556225
2025-02-14 18:00:00+00:00,15.945477,3.9312592
2025-02-14 19:00:00+00:00,23.198618,4.1125174
2025-02-14 20:00:00+00:00,36.86999,3.6
2025-02-14 21:00:00+00:00,46.54811,4.7110505
2025-02-14 22:00:00+00:00,61.69934,5.315336
2025-02-14 23:00:00+00:00,66.801384,5.4833565
2025-02-15 00:00:00+00:00,76.865974,5.5450516
2025-02-15 01:00:00+00:00,67.24899,6.050785
2025-02-15 02:00:00+00:00,73.14152,6.206738
2025-02-15 03:00:00+00:00,61.821507,5.7176566
2025-02-15 04:00:00+00:00,15.068549,4.8466477
2025-02-15 05:00:00+00:00,322.12497,6.156947
2025-02-15 06:00:00+00:00,285.3502,9.5196
2025-02-15 07:00:00+00:00,272.82706,14.597767
2025-02-15 08:00:00+00:00,268.09088,16.208996
2025-02-15 09:00:00+00:00,254.57777,16.244938
2025-02-15 10:00:00+00:00,260.0873,18.820976
2025-02-15 11:00:00+00:00,275.19434,17.893484
2025-02-15 12:00:00+00:00,286.55716,13.896187
2025-02-15 13:00:00+00:00,290.64706,13.272482
2025-02-15 14:00:00+00:00,291.80148,10.662626
2025-02-15 15:00:00+00:00,291.80148,3.8773184
2025-02-15 16:00:00+00:00,328.17258,6.1437774
2025-02-15 17:00:00+00:00,145.6196,4.143911
2025-02-15 18:00:00+00:00,136.97493,3.693291
2025-02-15 19:00:00+00:00,141.07245,6.015878
2025-02-15 20:00:00+00:00,142.59457,7.7043357
2025-02-15 21:00:00+00:00,140.38934,6.7757506
2025-02-15 22:00:00+00:00,114.62355,4.7521367
2025-02-15 23:00:00+00:00,102.33907,5.896202
2025-02-16 00:00:00+00:00,82.14678,5.2694216
2025-02-16 01:00:00+00:00,73.442856,6.9480934
2025-02-16 02:00:00+00:00,62.10283,6.9247384
2025-02-16 03:00:00+00:00,67.06787,5.0816135
2025-02-16 04:00:00+00:00,21.801476,1.9386592
2025-02-16 05:00:00+00:00,275.19434,3.9763298
2025-02-16 06:00:00+00:00,267.95465,10.086427
2025-02-16 07:00:00+00:00,259.3397,15.5687
2025-02-16 08:00:00+00:00,254.47583,16.813387
2025-02-16 09:00:00+00:00,246.22765,16.521803
2025-02-16 10:00:00+00:00,255.66454,16.720633
2025-02-16 11:00:00+00:00,263.6599,17.92966
2025-02-16 12:00:00+00:00,274.25876,16.966848
2025-02-16 13:00:00+00:00,289.2496,12.011544
2025-02-16 14:00:00+00:00,286.50443,5.068846
2025-02-16 15:00:00+00:00,289.29013,3.8141315
2025-02-16 16:00:00+00:00,345.06854,2.7943513
2025-02-16 17:00:00+00:00,105.945465,1.3104197
2025-02-16 18:00:00+00:00,111.801476,4.846648
2025-02-16 19:00:00+00:00,125.537766,6.193674
2025-02-16 20:00:00+00:00,121.60746,5.495161
2025-02-16 21:00:00+00:00,121.60746,5.495161
2025-02-16 22:00:00+00:00,130.60121,4.978554
2025-02-16 23:00:00+00:00,118.30067,5.315336
2025-02-17 00:00:00+00:00,115.820946,6.198903
2025-02-17 01:00:00+00:00,92.4366,8.467655
2025-02-17 02:00:00+00:00,88.531235,7.0223074
2025-02-17 03:00:00+00:00,91.84757,5.5829024
2025-02-17 04:00:00+00:00,153.43501,2.0124612
2025-02-17 05:00:00+00:00,241.11351,5.9617786
2025-02-17 06:00:00+00:00,253.39293,10.706595
2025-02-17 07:00:00+00:00,250.0168,14.747921
2025-02-17 08:00:00+00:00,244.2901,16.18199
2025-02-17 09:00:00+00:00,241.78273,16.75064
2025-02-17 10:00:00+00:00,238.31367,17.134071
2025-02-17 11:00:00+00:00,244.59233,15.941944
2025-02-17 12:00:00+00:00,257.4712,14.935662
2025-02-17 13:00:00+00:00,253.81071,11.620809
2025-02-17 14:00:00+00:00,217.99878,7.3094187
2025-02-17 15:00:00+00:00,217.40543,7.7043357
2025-02-17 16:00:00+00:00,188.13002,5.0911684
2025-02-17 17:00:00+00:00,145.17545,5.0432134
2025-02-17 18:00:00+00:00,125.537766,6.193674
2025-02-17 19:00:00+00:00,119.4758,4.755544
2025-02-17 20:00:00+00:00,104.93147,2.7943513
2025-02-17 21:00:00+00:00,90.0,3.4199998
2025-02-17 22:00:00+00:00,98.42689,4.913044
2025-02-17 23:00:00+00:00,112.1664,5.2478566
2025-02-18 00:00:00+00:00,111.03758,5.0142193
2025-02-18 01:00:00+00:00,99.46225,5.4744864
2025-02-18 02:00:00+00:00,133.1524,3.9477081
2025-02-18 03:00:00+00:00,140.52757,3.9640884
2025-02-18 04:00:00+00:00,177.87895,4.8633323
2025-02-18 05:00:00+00:00,221.00899,5.48631
2025-02-18 06:00:00+00:00,239.82657,8.953078
2025-02-18 07:00:00+00:00,237.89377,10.837435
2025-02-18 08:00:00+00:00,237.99466,13.584932
2025-02-18 09:00:00+00:00,240.2552,14.512064
2025-02-18 10:00:00+00:00,247.5838,15.577022
2025-02-18 11:00:00+00:00,243.14566,15.938896
2025-02-18 12:00:00+00:00,263.1301,15.048042
2025-02-18 13:00:00+00:00,281.14285,12.108261
2025-02-18 14:00:00+00:00,290.40997,8.2584505
2025-02-18 15:00:00+00:00,309.28937,7.674842
2025-02-18 16:00:00+00:00,331.26028,6.3639607
2025-02-18 17:00:00+00:00,90.0,1.26
2025-02-18 18:00:00+00:00,77.4712,3.319036
2025-02-18 19:00:00+00:00,90.0,3.06
2025-02-18 20:00:00+00:00,96.00892,3.438895
2025-02-18 21:00:00+00:00,83.99109,3.438895
2025-02-18 22:00:00+00:00,85.42616,4.514377
2025-02-18 23:00:00+00:00,84.093956,5.2478566
2025-02-19 00:00:00+00:00,86.186005,5.4119864
2025-02-19 01:00:00+00:00,93.270424,6.310277
2025-02-19 02:00:00+00:00,96.70974,6.162207
2025-02-19 03:00:00+00:00,104.03627,5.195113
2025-02-19 04:00:00+00:00,138.36655,2.1674871
2025-02-19 05:00:00+00:00,234.78232,3.745557
2025-02-19 06:00:00+00:00,248.87521,8.490582
2025-02-19 07:00:00+00:00,250.40762,11.272657
2025-02-19 08:00:00+00:00,241.09091,13.776762
2025-02-19 09:00:00+00:00,235.3888,15.528064
2025-02-19 10:00:00+00:00,227.72636,16.055355
2025-02-19 11:00:00+00:00,258.45334,17.085785
2025-02-19 12:00:00+00:00,264.99945,14.455019
2025-02-19 13:00:00+00:00,269.24615,13.681183
2025-02-19 14:00:00+00:00,274.927,10.478722
2025-02-19 15:00:00+00:00,282.99463,7.2044983
2025-02-19 16:00:00+00:00,309.47244,3.9640884
2025-02-19 17:00:00+00:00,9.462248,2.1897945
2025-02-19 18:00:00+00:00,42.27363,2.6758924
2025-02-19 19:00:00+00:00,44.999897,3.563818
2025-02-19 20:00:00+00:00,62.24156,3.8647635
2025-02-19 21:00:00+00:00,74.57778,5.4149795
2025-02-19 22:00:00+00:00,75.52967,5.7628117
2025-02-19 23:00:00+00:00,77.00539,4.802999
2025-02-20 00:00:00+00:00,75.46551,5.020677
2025-02-20 01:00:00+00:00,71.564964,4.5536795
2025-02-20 02:00:00+00:00,75.96373,5.195113
2025-02-20 03:00:00+00:00,83.88459,5.0688457
2025-02-20 04:00:00+00:00,95.7105,1.8089776
2025-02-20 05:00:00+00:00,244.5367,4.186693
2025-02-20 06:00:00+00:00,249.92838,9.965239
2025-02-20 07:00:00+00:00,247.49643,13.638489
2025-02-20 08:00:00+00:00,232.38597,13.861168
2025-02-20 09:00:00+00:00,230.55997,14.450535
2025-02-20 10:00:00+00:00,239.0363,13.644427
2025-02-20 11:00:00+00:00,244.7223,14.33234
2025-02-20 12:00:00+00:00,246.80139,13.708391
2025-02-20 13:00:00+00:00,255.96373,11.132385
2025-02-20 14:00:00+00:00,254.05453,7.8625183
2025-02-20 15:00:00+00:00,259.50858,4.942631
2025-02-20 16:00:00+00:00,180.0,1.98
2025-02-20 17:00:00+00:00,135.0001,3.0547013
2025-02-20 18:00:00+00:00,119.74479,2.9024127
2025-02-20 19:00:00+00:00,135.0001,3.563818
2025-02-20 20:00:00+00:00,110.854546,4.0449963
2025-02-20 21:00:00+00:00,99.865746,4.2021422
2025-02-20 22:00:00+00:00,101.768265,4.412754
2025-02-20 23:00:00+00:00,102.99462,4.802999
2025-02-21 00:00:00+00:00,107.87879,5.8631387
2025-02-21 01:00:00+00:00,111.44781,5.414979
2025-02-21 02:00:00+00:00,95.7105,5.426933
2025-02-21 03:00:00+00:00,115.55992,4.5891175
2025-02-21 04:00:00+00:00,183.57626,2.8856194
2025-02-21 05:00:00+00:00,249.22766,5.5829024
2025-02-21 06:00:00+00:00,257.90524,10.308831
2025-02-21 07:00:00+00:00,252.68826,14.517644
2025-02-21 08:00:00+00:00,245.71417,16.192997
2025-02-21 09:00:00+00:00,234.7275,18.079027
2025-02-21 10:00:00+00:00,233.24062,18.648035
2025-02-21 11:00:00+00:00,247.61981,16.546299
2025-02-21 12:00:00+00:00,258.9965,13.202726
2025-02-21 13:00:00+00:00,241.31395,10.874742
2025-02-21 14:00:00+00:00,212.6609,8.338489
2025-02-21 15:00:00+00:00,195.94547,6.5520988
2025-02-21 16:00:00+00:00,163.49556,5.068846
2025-02-21 17:00:00+00:00,140.19447,5.6233797
2025-02-21 18:00:00+00:00,140.82635,6.269067
2025-02-21 19:00:00+00:00,128.92755,6.015878
2025-02-21 20:00:00+00:00,126.027466,4.8965297
2025-02-21 21:00:00+00:00,100.619606,2.9301877
2025-02-21 22:00:00+00:00,79.99209,3.1072817
2025-02-21 23:00:00+00:00,74.47583,3.362677
2025-02-22 00:00:00+00:00,62.24156,3.8647635
2025-02-22 01:00:00+00:00,32.471172,2.3469129
2025-02-22 02:00:00+00:00,39.805527,4.2175345
2025-02-22 03:00:00+00:00,14.036275,1.484318
2025-02-22 04:00:00+00:00,272.29056,4.503598
2025-02-22 05:00:00+00:00,268.6981,7.922045
2025-02-22 06:00:00+00:00,264.09396,10.495713
2025-02-22 07:00:00+00:00,253.14151,12.413476
2025-02-22 08:00:00+00:00,246.89365,14.677451
2025-02-22 09:00:00+00:00,239.84003,15.405519
2025-02-22 10:00:00+00:00,240.75127,15.472672
2025-02-22 11:00:00+00:00,252.43964,14.915039
2025-02-22 12:00:00+00:00,252.51192,13.776763
2025-02-22 13:00:00+00:00,252.1212,11.726277
2025-02-22 14:00:00+00:00,246.80139,8.225035
2025-02-22 15:00:00+00:00,277.3523,5.6262593
2025-02-22 16:00:00+00:00,275.19434,3.9763298
2025-02-22 17:00:00+00:00,306.86996,0.9
2025-02-22 18:00:00+00:00,78.6901,0.9178235
2025-02-22 19:00:00+00:00,35.311302,5.293959
2025-02-22 20:00:00+00:00,38.157276,3.2048087
2025-02-22 21:00:00+00:00,360.0,1.26
2025-02-22 22:00:00+00:00,5.7105074,1.8089776
2025-02-22 23:00:00+00:00,32.005356,1.6981165
2025-02-23 00:00:00+00:00,41.42357,4.080882
2025-02-23 01:00:00+00:00,54.688713,5.293959
2025-02-23 02:00:00+00:00,61.189304,4.1085763
2025-02-23 03:00:00+00:00,52.124958,2.0523157
2025-02-23 04:00:00+00:00,296.56497,2.0124612
2025-02-23 05:00:00+00:00,268.56793,7.2022495
2025-02-23 06:00:00+00:00,270.0,11.879999
2025-02-23 07:00:00+00:00,262.67368,12.703715
2025-02-23 08:00:00+00:00,247.71436,11.866355
2025-02-23 09:00:00+00:00,250.59393,16.794106
2025-02-23 10:00:00+00:00,261.95102,17.9973
2025-02-23 11:00:00+00:00,272.51132,20.539726
2025-02-23 12:00:00+00:00,293.59482,17.088627
2025-02-23 13:00:00+00:00,311.84506,16.188995
2025-02-23 14:00:00+00:00,331.0491,9.668195
2025-02-23 15:00:00+00:00,326.82147,11.183201
2025-02-23 16:00:00+00:00,323.13,9.9
2025-02-23 17:00:00+00:00,76.75947,3.143565
2025-02-23 18:00:00+00:00,91.97489,5.223103
2025-02-23 19:00:00+00:00,120.57915,4.599695
2025-02-23 20:00:00+00:00,106.99091,6.77575
2025-02-23 21:00:00+00:00,126.15828,5.796447
2025-02-23 22:00:00+00:00,125.753975,5.5450516
2025-02-23 23:00:00+00:00,127.40543,3.8521678
2025-02-24 00:00:00+00:00,135.0001,2.5455842
2025-02-24 01:00:00+00:00,90.0,5.3999996
2025-02-24 02:00:00+00:00,72.75845,5.4656014
2025-02-24 03:00:00+00:00,61.389645,2.2553935
2025-02-24 04:00:00+00:00,254.47583,3.362677
2025-02-24 05:00:00+00:00,256.9081,7.9465466
2025-02-24 06:00:00+00:00,259.69522,10.062305
2025-02-24 07:00:00+00:00,254.05453,13.1041975
2025-02-24 08:00:00+00:00,241.48885,16.59225
2025-02-24 09:00:00+00:00,247.47939,15.978484
2025-02-24 10:00:00+00:00,259.95804,17.548845
2025-02-24 11:00:00+00:00,255.68892,18.204933
2025-02-24 12:00:00+00:00,248.31087,17.046865
2025-02-24 13:00:00+00:00,268.53122,14.044615
2025-02-24 14:00:00+00:00,266.6982,9.375563
2025-02-24 15:00:00+00:00,244.05775,7.406295
2025-02-24 16:00:00+00:00,236.3099,7.7879906
2025-02-24 17:00:00+00:00,233.53067,5.1481256
2025-02-24 18:00:00+00:00,224.9999,1.0182338
2025-02-24 19:00:00+00:00,116.56499,2.0124612
2025-02-24 20:00:00+00:00,17.447285,6.603817
2025-02-24 21:00:00+00:00,219.17365,6.269067
2025-02-24 22:00:00+00:00,323.97253,2.4482648
2025-02-24 23:00:00+00:00,185.7105,1.8089776
2025-02-25 00:00:00+00:00,201.80147,0.9693296
2025-02-25 01:00:00+00:00,83.659904,4.8899083
2025-02-25 02:00:00+00:00,70.46326,5.920878
2025-02-25 03:00:00+00:00,68.96242,2.5071096
2025-02-25 04:00:00+00:00,254.05453,1.3104197
2025-02-25 05:00:00+00:00,253.14151,6.206738
2025-02-25 06:00:00+00:00,256.2392,9.080639
2025-02-25 07:00:00+00:00,262.7758,12.882267
2025-02-25 08:00:00+00:00,263.82993,13.397612
2025-02-25 09:00:00+00:00,259.01138,18.88628
2025-02-25 10:00:00+00:00,254.61147,20.349554
2025-02-25 11:00:00+00:00,242.94948,18.998316
2025-02-25 12:00:00+00:00,272.17468,14.230248
2025-02-25 13:00:00+00:00,276.3401,9.779817
2025-02-25 14:00:00+00:00,268.26434,5.9427266
2025-02-25 15:00:00+00:00,317.72638,5.3517847
2025-02-25 16:00:00+00:00,329.62094,6.050785
2025-02-25 17:00:00+00:00,320.52756,3.9640884
2025-02-25 18:00:00+00:00,344.7448,8.209263
2025-02-25 19:00:00+00:00,356.186,2.7059932
2025-02-25 20:00:00+00:00,101.3099,2.7534704
2025-02-25 21:00:00+00:00,120.65059,5.6492476
2025-02-25 22:00:00+00:00,130.60121,6.638072
2025-02-25 23:00:00+00:00,124.77791,7.889258
2025-02-26 00:00:00+00:00,109.09359,4.952453
2025-02-26 01:00:00+00:00,143.97253,2.4482648
2025-02-26 02:00:00+00:00,119.74479,1.4512063
2025-02-26 03:00:00+00:00,198.43504,0.56920993
2025-02-26 04:00:00+00:00,277.49576,6.898956
2025-02-26 05:00:00+00:00,273.3018,9.375563
2025-02-26 06:00:00+00:00,254.18074,11.225132
2025-02-26 07:00:00+00:00,248.7907,12.936227
2025-02-26 08:00:00+00:00,244.98314,11.91812
2025-02-26 09:00:00+00:00,256.55136,17.026896
2025-02-26 10:00:00+00:00,262.7251,17.057314
2025-02-26 11:00:00+00:00,253.23737,15.602999
2025-02-26 12:00:00+00:00,245.28258,12.483749
2025-02-26 13:00:00+00:00,250.70985,7.628263
2025-02-26 14:00:00+00:00,255.96373,6.6794305
2025-02-26 15:00:00+00:00,239.03632,7.3469996
2025-02-26 16:00:00+00:00,263.88458,5.0688457
2025-02-26 17:00:00+00:00,293.1986,5.4833565
2025-02-26 18:00:00+00:00,293.1986,2.7416782
2025-02-26 19:00:00+00:00,326.3099,2.5959969
2025-02-26 20:00:00+00:00,336.2505,4.91634
2025-02-26 21:00:00+00:00,346.50424,4.6277857
2025-02-26 22:00:00+00:00,360.0,2.52
2025-02-26 23:00:00+00:00,36.86999,0.9
2025-02-27 00:00:00+00:00,44.999897,2.0364676
2025-02-27 01:00:00+00:00,76.50425,4.6277857
2025-02-27 02:00:00+00:00,42.27363,5.3517847
2025-02-27 03:00:00+00:00,32.471172,4.6938257
2025-02-27 04:00:00+00:00,330.9455,1.8532133
2025-02-27 05:00:00+00:00,262.1468,5.2694216
2025-02-27 06:00:00+00:00,258.05585,9.56713
2025-02-27 07:00:00+00:00,238.73633,11.792404
2025-02-27 08:00:00+00:00,222.46638,14.396625
2025-02-27 09:00:00+00:00,221.42357,16.323528
2025-02-27 10:00:00+00:00,249.62347,20.161606
2025-02-27 11:00:00+00:00,283.27066,19.60348
2025-02-27 12:00:00+00:00,295.6881,15.779543
2025-02-27 13:00:00+00:00,298.61035,15.787753
2025-02-27 14:00:00+00:00,266.34784,8.477216
2025-02-27 15:00:00+00:00,284.03625,7.42159
2025-02-27 16:00:00+00:00,295.97433,7.8087645
2025-02-27 17:00:00+00:00,273.9451,5.232399
2025-02-27 18:00:00+00:00,299.0545,5.5596404
2025-02-27 19:00:00+00:00,328.8151,7.995323
2025-02-27 20:00:00+00:00,336.92957,10.564942
2025-02-27 21:00:00+00:00,18.435053,3.4152596
2025-02-27 22:00:00+00:00,112.751015,6.050785
2025-02-27 23:00:00+00:00,92.20255,4.6834598
2025-02-28 00:00:00+00:00,84.14409,7.0568266
2025-02-28 01:00:00+00:00,69.27436,7.120815
2025-02-28 02:00:00+00:00,78.6901,6.424764
2025-02-28 03:00:00+00:00,70.20104,4.7827187
2025-02-28 04:00:00+00:00,20.556128,1.5379207
2025-02-28 05:00:00+00:00,278.13,5.0911684
2025-02-28 06:00:00+00:00,278.91486,9.292254
2025-02-28 07:00:00+00:00,256.60748,11.656998
2025-02-28 08:00:00+00:00,236.50479,14.677452
2025-02-28 09:00:00+00:00,233.56905,18.79255
2025-02-28 10:00:00+00:00,222.27362,18.731247
2025-02-28 11:00:00+00:00,175.07298,10.478722
2025-02-28 12:00:00+00:00,198.79999,8.936777
2025-02-28 13:00:00+00:00,198.43504,10.24578
2025-02-28 14:00:00+00:00,202.98874,6.452441
2025-02-28 15:00:00+00:00,197.28159,8.482947
2025-02-28 16:00:00+00:00,197.81898,5.2939587
2025-02-28 17:00:00+00:00,191.30989,7.342588
2025-02-28 18:00:00+00:00,181.43207,7.2022495
2025-02-28 19:00:00+00:00,238.67136,4.846648
2025-02-28 20:00:00+00:00,255.96373,3.710795
2025-02-28 21:00:00+00:00,316.73566,4.2021427
2025-02-28 22:00:00+00:00,324.63745,6.8423676
2025-02-28 23:00:00+00:00,289.1791,4.3832865
2025-03-01 00:00:00+00:00,294.22772,3.9477081
2025-03-01 01:00:00+00:00,51.952908,5.257109
2025-03-01 02:00:00+00:00,69.44388,4.613762
2025-03-01 03:00:00+00:00,198.43504,2.2768397
2025-03-01 04:00:00+00:00,255.37909,4.278551
2025-03-01 05:00:00+00:00,277.30566,7.0774574
2025-03-01 06:00:00+00:00,268.78116,8.461914
2025-03-01 07:00:00+00:00,263.75818,11.588701
2025-03-01 08:00:00+00:00,227.32785,15.668273
2025-03-01 09:00:00+00:00,238.13406,15.683774
2025-03-01 10:00:00+00:00,236.12141,15.176678
2025-03-01 11:00:00+00:00,242.06294,13.447095
2025-03-01 12:00:00+00:00,279.21094,13.493999
2025-03-01 13:00:00+00:00,277.98923,10.360559
2025-03-01 14:00:00+00:00,288.00424,7.570707
2025-03-01 15:00:00+00:00,276.17007,6.698806
2025-03-01 16:00:00+00:00,292.1095,6.21717
2025-03-01 17:00:00+00:00,330.75128,5.1575575
2025-03-01 18:00:00+00:00,357.27374,3.7842832
2025-03-01 19:00:00+00:00,323.13004,5.3999996
2025-03-01 20:00:00+00:00,334.2901,5.3939967
2025-03-01 21:00:00+00:00,346.86597,5.5450516
2025-03-01 22:00:00+00:00,2.4894993,4.143911
2025-03-01 23:00:00+00:00,14.036275,5.195113
2025-03-02 00:00:00+00:00,15.124064,6.8989563
2025-03-02 01:00:00+00:00,198.43504,2.2768397
2025-03-02 02:00:00+00:00,109.98319,4.2136917
2025-03-02 03:00:00+00:00,47.290634,9.5535755
2025-03-02 04:00:00+00:00,86.82024,9.734988
2025-03-02 05:00:00+00:00,137.64261,8.281956
2025-03-02 06:00:00+00:00,209.3099,11.7662735
2025-03-02 07:00:00+00:00,230.27394,16.616642
2025-03-02 08:00:00+00:00,233.97253,9.793059
2025-03-02 09:00:00+00:00,226.06082,13.748513
2025-03-02 10:00:00+00:00,201.16133,11.966953
2025-03-02 11:00:00+00:00,186.63242,7.79215
2025-03-02 12:00:00+00:00,190.88548,9.531505
2025-03-02 13:00:00+00:00,165.4998,10.783487
2025-03-02 14:00:00+00:00,158.19853,11.631956
2025-03-02 15:00:00+00:00,151.14444,10.070353
2025-03-02 16:00:00+00:00,161.56496,10.24578
2025-03-02 17:00:00+00:00,144.60512,8.39078
2025-03-02 18:00:00+00:00,135.0001,3.0547013
2025-03-02 19:00:00+00:00,147.99466,3.396233
2025-03-02 20:00:00+00:00,97.12492,1.4512063
2025-03-02 21:00:00+00:00,47.489597,5.8603754
2025-03-02 22:00:00+00:00,33.6901,7.1389914
2025-03-02 23:00:00+00:00,30.256361,7.5019197
2025-03-03 00:00:00+00:00,40.236294,6.1305785
2025-03-03 01:00:00+00:00,35.362556,6.8423676
2025-03-03 02:00:00+00:00,24.102238,7.4932766
2025-03-03 03:00:00+00:00,20.854538,8.089993
2025-03-03 04:00:00+00:00,13.324542,7.029225
2025-03-03 05:00:00+00:00,323.8417,5.796447
2025-03-03 06:00:00+00:00,276.20334,8.32877
2025-03-03 07:00:00+00:00,262.5687,12.525207
2025-03-03 08:00:00+00:00,256.14856,13.533558
2025-03-03 09:00:00+00:00,250.29193,12.810386
2025-03-03 10:00:00+00:00,252.20392,15.312701
2025-03-03 11:00:00+00:00,262.8751,15.96327
2025-03-03 12:00:00+00:00,277.3523,11.252519
2025-03-03 13:00:00+00:00,256.50424,9.255571
2025-03-03 14:00:00+00:00,263.92764,8.507737
2025-03-03 15:00:00+00:00,180.0,3.7799997
2025-03-03 16:00:00+00:00,233.13002,1.8
2025-03-03 17:00:00+00:00,137.72638,2.6758924
2025-03-03 18:00:00+00:00,116.56499,1.609969
2025-03-03 19:00:00+00:00,119.74479,2.9024127
2025-03-03 20:00:00+00:00,90.0,1.08
2025-03-03 21:00:00+00:00,100.30479,2.0124612
2025-03-03 22:00:00+00:00,51.842735,3.2048087
2025-03-03 23:00:00+00:00,231.34016,2.3051248
2025-03-04 00:00:00+00:00,297.64587,4.2671766
2025-03-04 01:00:00+00:00,337.6198,6.6185193
2025-03-04 02:00:00+00:00,347.79953,6.8138976
2025-03-04 03:00:00+00:00,358.45187,6.6624317
2025-03-04 04:00:00+00:00,333.43503,5.634891
2025-03-04 05:00:00+00:00,297.5119,9.741642
2025-03-04 06:00:00+00:00,286.62082,12.585848
2025-03-04 07:00:00+00:00,271.54813,13.324863
2025-03-04 08:00:00+00:00,245.22488,15.463246
2025-03-04 09:00:00+00:00,252.93706,19.017065
2025-03-04 10:00:00+00:00,266.51074,14.787414
2025-03-04 11:00:00+00:00,266.0549,15.697197
2025-03-04 12:00:00+00:00,255.59995,13.752048
2025-03-04 13:00:00+00:00,253.77974,10.310403
2025-03-04 14:00:00+00:00,257.3196,7.3799996
2025-03-04 15:00:00+00:00,297.75842,3.8647635
2025-03-04 16:00:00+00:00,219.80553,1.4058449
2025-03-04 17:00:00+00:00,135.0001,1.0182338
2025-03-04 18:00:00+00:00,341.56494,2.2768397
2025-03-04 19:00:00+00:00,347.66092,5.896202
2025-03-04 20:00:00+00:00,2.0453732,5.0432134
2025-03-04 21:00:00+00:00,33.6901,3.244996
2025-03-04 22:00:00+00:00,60.94549,3.7064266
2025-03-04 23:00:00+00:00,77.19574,4.060985
2025-03-05 00:00:00+00:00,88.025116,5.223103
2025-03-05 01:00:00+00:00,98.74608,4.73506
2025-03-05 02:00:00+00:00,117.75845,7.729527
2025-03-05 03:00:00+00:00,118.7397,6.3639607
2025-03-05 04:00:00+00:00,168.69011,5.506941
2025-03-05 05:00:00+00:00,210.52963,8.149847
2025-03-05 06:00:00+00:00,230.31459,10.993271
2025-03-05 07:00:00+00:00,234.81921,13.433838
2025-03-05 08:00:00+00:00,240.60403,14.668619
2025-03-05 09:00:00+00:00,241.92761,15.299999
2025-03-05 10:00:00+00:00,242.6502,17.630812
2025-03-05 11:00:00+00:00,256.75946,18.861387
2025-03-05 12:00:00+00:00,250.84428,18.102308
2025-03-05 13:00:00+00:00,264.95764,12.287555
2025-03-05 14:00:00+00:00,279.63748,9.67657
2025-03-05 15:00:00+00:00,281.59213,7.1661706
2025-03-05 16:00:00+00:00,347.4712,8.297589
2025-03-05 17:00:00+00:00,59.93151,3.9518096
2025-03-05 18:00:00+00:00,57.528828,7.0407386
2025-03-05 19:00:00+00:00,47.385983,6.114703
2025-03-05 20:00:00+00:00,47.489597,2.9301877
2025-03-05 21:00:00+00:00,56.309914,1.2979984
2025-03-05 22:00:00+00:00,63.435013,1.609969
2025-03-05 23:00:00+00:00,44.999897,2.0364676
2025-03-06 00:00:00+00:00,67.3801,2.3400002
2025-03-06 01:00:00+00:00,189.46225,1.0948973
2025-03-06 02:00:00+00:00,99.46225,1.0948973
2025-03-06 03:00:00+00:00,35.537766,1.5484185
2025-03-06 04:00:00+00:00,323.13,4.5
2025-03-06 05:00:00+00:00,295.51382,8.775807
2025-03-06 06:00:00+00:00,285.61105,12.708816
2025-03-06 07:00:00+00:00,281.3099,15.602999
2025-03-06 08:00:00+00:00,287.00803,15.999762
2025-03-06 09:00:00+00:00,285.76724,15.898188
2025-03-06 10:00:00+00:00,281.9969,14.721535
2025-03-06 11:00:00+00:00,278.13,15.273505
2025-03-06 12:00:00+00:00,272.0952,14.769874
2025-03-06 13:00:00+00:00,277.4313,12.525207
2025-03-06 14:00:00+00:00,290.72565,7.120815
2025-03-06 15:00:00+00:00,307.47626,6.804381
2025-03-06 16:00:00+00:00,302.3474,6.391901
2025-03-06 17:00:00+00:00,353.6599,3.2599385
2025-03-06 18:00:00+00:00,16.699326,1.8792552
2025-03-06 19:00:00+00:00,96.340096,1.6299692
2025-03-06 20:00:00+00:00,165.52966,5.7628117
2025-03-06 21:00:00+00:00,162.64589,3.01735
2025-03-06 22:00:00+00:00,111.03758,2.5071096
2025-03-06 23:00:00+00:00,80.53775,2.1897945
2025-03-07 00:00:00+00:00,57.99466,3.396233
2025-03-07 01:00:00+00:00,26.564985,4.0249224
2025-03-07 02:00:00+00:00,53.74608,3.3481934
2025-03-07 03:00:00+00:00,77.00539,2.4014995
2025-03-07 04:00:00+00:00,90.0,0.35999998
2025-03-07 05:00:00+00:00,246.25049,4.91634
2025-03-07 06:00:00+00:00,256.21838,9.82279
2025-03-07 07:00:00+00:00,268.33975,12.425216
2025-03-07 08:00:00+00:00,263.74606,13.218668
2025-03-07 09:00:00+00:00,266.55267,14.967083
2025-03-07 10:00:00+00:00,251.38422,18.044046
2025-03-07 11:00:00+00:00,253.30067,18.792551
2025-03-07 12:00:00+00:00,251.35811,15.767219
2025-03-07 13:00:00+00:00,257.70474,14.369594
2025-03-07 14:00:00+00:00,257.66092,11.792404
2025-03-07 15:00:00+00:00,90.0,6.2999997
2025-03-07 16:00:00+00:00,102.99462,2.4014995
2025-03-07 17:00:00+00:00,190.6196,2.9301877
2025-03-07 18:00:00+00:00,196.69933,1.8792552
2025-03-07 19:00:00+00:00,161.56496,2.2768397
2025-03-07 20:00:00+00:00,132.5104,2.9301877
2025-03-07 21:00:00+00:00,96.84268,4.5322843
2025-03-07 22:00:00+00:00,93.814,5.4119864
2025-03-07 23:00:00+00:00,102.09474,5.1544156
2025-03-08 00:00:00+00:00,109.025696,5.5216303
2025-03-08 01:00:00+00:00,104.03627,2.968636
2025-03-08 02:00:00+00:00,108.43504,4.5536795
2025-03-08 03:00:00+00:00,123.690094,5.1919937
2025-03-08 04:00:00+00:00,255.96373,2.968636
2025-03-08 05:00:00+00:00,245.43285,6.9270773
2025-03-08 06:00:00+00:00,250.0168,8.427383
2025-03-08 07:00:00+00:00,256.8094,11.832176
2025-03-08 08:00:00+00:00,268.18173,11.345713
2025-03-08 09:00:00+00:00,261.02747,13.849476
2025-03-08 10:00:00+00:00,262.40546,13.619471
2025-03-08 11:00:00+00:00,268.3865,12.785069
2025-03-08 12:00:00+00:00,285.6796,10.656547
2025-03-08 13:00:00+00:00,289.1791,8.766573
2025-03-08 14:00:00+00:00,291.54105,7.353611
2025-03-08 15:00:00+00:00,302.90524,3.6447225
2025-03-08 16:00:00+00:00,305.31128,5.293959
2025-03-08 17:00:00+00:00,316.46872,4.965521
2025-03-08 18:00:00+00:00,28.610369,2.2553935
2025-03-08 19:00:00+00:00,65.77226,7.8954163
2025-03-08 20:00:00+00:00,100.30479,4.0249224
2025-03-08 21:00:00+00:00,113.962494,1.7727944
2025-03-08 22:00:00+00:00,73.300674,1.8792552
2025-03-08 23:00:00+00:00,73.300674,1.8792552
2025-03-09 00:00:00+00:00,77.00539,2.4014995
2025-03-09 01:00:00+00:00,52.765083,5.6521144
2025-03-09 02:00:00+00:00,64.98315,5.95906
2025-03-09 03:00:00+00:00,69.14546,4.0449963
2025-03-09 04:00:00+00:00,16.699326,1.8792552
2025-03-09 05:00:00+00:00,264.2895,3.6179552
2025-03-09 06:00:00+00:00,255.96373,7.42159
2025-03-09 07:00:00+00:00,255.06853,11.177405
2025-03-09 08:00:00+00:00,245.11966,13.690654
2025-03-09 09:00:00+00:00,228.99101,16.458931
2025-03-09 10:00:00+00:00,241.78273,16.75064
2025-03-09 11:00:00+00:00,253.8865,16.862455
2025-03-09 12:00:00+00:00,254.3577,14.019216
2025-03-09 13:00:00+00:00,263.75818,11.588701
2025-03-09 14:00:00+00:00,268.727,8.101999
2025-03-09 15:00:00+00:00,264.2895,3.6179552
2025-03-09 16:00:00+00:00,36.027473,2.4482648
2025-03-09 17:00:00+00:00,144.86572,5.9427266
2025-03-09 18:00:00+00:00,150.80261,7.0107627
2025-03-09 19:00:00+00:00,146.97614,4.293669
2025-03-09 20:00:00+00:00,105.945465,3.9312592
2025-03-09 21:00:00+00:00,90.0,1.6199999
2025-03-09 22:00:00+00:00,94.39862,2.3469126
2025-03-09 23:00:00+00:00,98.74608,2.36753
2025-03-10 00:00:00+00:00,103.39252,3.8856654
2025-03-10 01:00:00+00:00,90.0,4.86
2025-03-10 02:00:00+00:00,84.68555,7.7734165
2025-03-10 03:00:00+00:00,83.019035,8.885877
2025-03-10 04:00:00+00:00,90.0,8.28
2025-03-10 05:00:00+00:00,111.44781,5.414979
2025-03-10 06:00:00+00:00,195.25517,2.0523157
2025-03-10 07:00:00+00:00,259.046,5.6835546
2025-03-10 08:00:00+00:00,264.2073,12.483749
2025-03-10 09:00:00+00:00,253.19122,18.051228
2025-03-10 10:00:00+00:00,238.75313,18.738165
2025-03-10 11:00:00+00:00,233.9305,18.037762
2025-03-10 12:00:00+00:00,246.17574,15.151039
2025-03-10 13:00:00+00:00,243.03436,11.511559
2025-03-10 14:00:00+00:00,285.78082,8.604301
2025-03-10 15:00:00+00:00,295.20108,6.763786
2025-03-10 16:00:00+00:00,299.35767,3.3043609
2025-03-10 17:00:00+00:00,90.0,0.35999998
2025-03-10 18:00:00+00:00,44.999897,2.0364676
2025-03-10 19:00:00+00:00,21.801476,2.907989
2025-03-10 20:00:00+00:00,352.87506,2.9024127
2025-03-10 21:00:00+00:00,346.75946,3.143565
2025-03-10 22:00:00+00:00,351.4693,3.6402748
2025-03-10 23:00:00+00:00,42.709366,3.1845248
2025-03-11 00:00:00+00:00,84.805664,1.9881649
2025-03-11 01:00:00+00:00,46.8476,3.9477081
2025-03-11 02:00:00+00:00,68.74943,6.9527545
2025-03-11 03:00:00+00:00,94.89901,6.3231
2025-03-11 04:00:00+00:00,114.14554,5.7204895
2025-03-11 05:00:00+00:00,150.75127,5.1575575
2025-03-11 06:00:00+00:00,205.2011,3.381893
2025-03-11 07:00:00+00:00,250.11475,8.996398
2025-03-11 08:00:00+00:00,238.67136,14.539945
2025-03-11 09:00:00+00:00,205.64096,14.974658
2025-03-11 10:00:00+00:00,173.6599,6.519877
2025-03-11 11:00:00+00:00,326.59216,10.134495
2025-03-11 12:00:00+00:00,296.56497,6.439876
2025-03-11 13:00:00+00:00,204.86368,8.133928
2025-03-11 14:00:00+00:00,183.73132,8.297589
2025-03-11 15:00:00+00:00,128.65984,5.7628117
2025-03-11 16:00:00+00:00,38.65983,3.4576871
2025-03-11 17:00:00+00:00,27.897186,3.4623692
2025-03-11 18:00:00+00:00,77.90526,2.5772078
2025-03-11 19:00:00+00:00,128.65984,5.7628117
2025-03-11 20:00:00+00:00,79.99209,3.1072817
2025-03-11 21:00:00+00:00,101.3099,0.9178235
2025-03-11 22:00:00+00:00,84.2895,1.8089776
2025-03-11 23:00:00+00:00,180.0,1.08
2025-03-12 00:00:00+00:00,319.39877,1.659518
2025-03-12 01:00:00+00:00,56.309914,1.2979984
2025-03-12 02:00:00+00:00,66.801384,2.7416782
2025-03-12 03:00:00+00:00,26.564985,3.62243
2025-03-12 04:00:00+00:00,300.96368,2.0991426
2025-03-12 05:00:00+00:00,260.53775,6.5693827
2025-03-12 06:00:00+00:00,246.54095,10.399576
2025-03-12 07:00:00+00:00,234.19656,13.538345
2025-03-12 08:00:00+00:00,174.1227,12.304682
2025-03-12 09:00:00+00:00,163.15611,20.499462
2025-03-12 10:00:00+00:00,131.98714,12.108261
2025-03-12 11:00:00+00:00,73.442856,6.9480934
2025-03-12 12:00:00+00:00,50.194473,5.6233797
2025-03-12 13:00:00+00:00,149.74365,2.50064
2025-03-12 14:00:00+00:00,62.65021,5.8769383
2025-03-12 15:00:00+00:00,64.5367,4.186693
2025-03-12 16:00:00+00:00,63.435013,2.0124612
2025-03-12 17:00:00+00:00,43.36347,4.4565907
2025-03-12 18:00:00+00:00,51.581917,6.6624317
2025-03-12 19:00:00+00:00,37.875053,4.1046314
2025-03-12 20:00:00+00:00,41.42357,4.080882
2025-03-12 21:00:00+00:00,44.999897,5.854844
2025-03-12 22:00:00+00:00,51.842735,3.2048087
2025-03-12 23:00:00+00:00,73.300674,1.8792552
2025-03-13 00:00:00+00:00,82.234924,3.9966488
2025-03-13 01:00:00+00:00,68.19853,0.9693296
2025-03-13 02:00:00+00:00,123.6901,4.542994
2025-03-13 03:00:00+00:00,128.23387,7.562142
2025-03-13 04:00:00+00:00,150.46132,6.2067385
2025-03-13 05:00:00+00:00,197.59251,7.7420926
2025-03-13 06:00:00+00:00,224.9999,8.909545
2025-03-13 07:00:00+00:00,233.90163,10.692969
2025-03-13 08:00:00+00:00,229.86458,12.007498
2025-03-13 09:00:00+00:00,230.6595,14.197196
2025-03-13 10:00:00+00:00,230.90614,14.84318
2025-03-13 11:00:00+00:00,232.0012,14.618837
2025-03-13 12:00:00+00:00,242.6762,12.156331
2025-03-13 13:00:00+00:00,247.21756,9.761578
2025-03-13 14:00:00+00:00,239.03632,7.3469996
2025-03-13 15:00:00+00:00,209.24873,5.1575575
2025-03-13 16:00:00+00:00,176.6336,3.0652895
2025-03-13 17:00:00+00:00,125.537766,1.5484185
2025-03-13 18:00:00+00:00,99.46225,1.0948973
2025-03-13 19:00:00+00:00,71.564964,1.1384199
2025-03-13 20:00:00+00:00,54.46224,1.5484185
2025-03-13 21:00:00+00:00,38.65983,2.3051248
2025-03-13 22:00:00+00:00,48.57643,4.080882
2025-03-13 23:00:00+00:00,80.909805,4.5572357
2025-03-14 00:00:00+00:00,63.435013,4.0249224
2025-03-14 01:00:00+00:00,65.37646,4.7521367
2025-03-14 02:00:00+00:00,59.349415,5.6492476
2025-03-14 03:00:00+00:00,63.435013,2.8174455
2025-03-14 04:00:00+00:00,360.0,1.4399999
2025-03-14 05:00:00+00:00,292.16638,5.2478566
2025-03-14 06:00:00+00:00,281.76825,8.825508
2025-03-14 07:00:00+00:00,280.0079,12.429127
2025-03-14 08:00:00+00:00,277.0283,13.239487
2025-03-14 09:00:00+00:00,270.75385,13.681183
2025-03-14 10:00:00+00:00,269.2361,13.5012
2025-03-14 11:00:00+00:00,267.87894,14.589996
2025-03-14 12:00:00+00:00,266.42374,14.428097
2025-03-14 13:00:00+00:00,260.21765,10.594036
2025-03-14 14:00:00+00:00,266.98727,6.849467
2025-03-14 15:00:00+00:00,267.70944,4.503598
2025-03-14 16:00:00+00:00,167.73524,4.2366967
2025-03-14 17:00:00+00:00,120.256355,5.00128
2025-03-14 18:00:00+00:00,132.70937,3.1845248
2025-03-14 19:00:00+00:00,135.0001,1.5273507
2025-03-14 20:00:00+00:00,127.875046,2.0523157
2025-03-14 21:00:00+00:00,108.43504,2.2768397
2025-03-14 22:00:00+00:00,92.60251,3.964089
2025-03-14 23:00:00+00:00,102.33907,5.896202
2025-03-15 00:00:00+00:00,105.01841,7.6409945
2025-03-15 01:00:00+00:00,91.97489,5.223103
2025-03-15 02:00:00+00:00,65.85446,5.7204895
2025-03-15 03:00:00+00:00,66.5713,5.8852015
2025-03-15 04:00:00+00:00,44.999897,3.0547013
2025-03-15 05:00:00+00:00,309.28937,2.5582807
2025-03-15 06:00:00+00:00,279.92618,7.3094187
2025-03-15 07:00:00+00:00,265.4623,11.375658
2025-03-15 08:00:00+00:00,255.59995,13.752048
2025-03-15 09:00:00+00:00,252.89719,14.689589
2025-03-15 10:00:00+00:00,262.23492,11.989945
2025-03-15 11:00:00+00:00,263.8115,15.027575
2025-03-15 12:00:00+00:00,256.4768,14.6254835
2025-03-15 13:00:00+00:00,260.67648,12.221456
2025-03-15 14:00:00+00:00,270.0,6.4799995
2025-03-15 15:00:00+00:00,299.4758,4.755544
2025-03-15 16:00:00+00:00,122.969406,7.9383874
2025-03-15 17:00:00+00:00,270.0,0.0
2025-03-15 18:00:00+00:00,119.74479,2.9024127
2025-03-15 19:00:00+00:00,100.30479,2.0124612
2025-03-15 20:00:00+00:00,63.435013,0.8049845
2025-03-15 21:00:00+00:00,30.963696,2.0991426
2025-03-15 22:00:00+00:00,49.085716,3.572898
2025-03-15 23:00:00+00:00,44.999897,3.8183763
2025-03-16 00:00:00+00:00,59.93151,3.9518096
2025-03-16 01:00:00+00:00,29.054508,3.7064266
2025-03-16 02:00:00+00:00,55.491425,3.494968
2025-03-16 03:00:00+00:00,82.875084,2.9024127
2025-03-16 04:00:00+00:00,189.46225,3.2846913
2025-03-16 05:00:00+00:00,227.29063,6.3690495
2025-03-16 06:00:00+00:00,234.11777,10.441551
2025-03-16 07:00:00+00:00,239.48984,11.7
2025-03-16 08:00:00+00:00,239.0363,13.644427
2025-03-16 09:00:00+00:00,247.52052,11.298495
2025-03-16 10:00:00+00:00,234.92616,10.337078
2025-03-16 11:00:00+00:00,197.30061,11.500296
2025-03-16 12:00:00+00:00,100.84026,8.613709
2025-03-16 13:00:00+00:00,149.42085,9.19939
2025-03-16 14:00:00+00:00,132.70937,6.3690495
2025-03-16 15:00:00+00:00,184.39862,2.3469126
2025-03-16 16:00:00+00:00,228.01286,2.4216523
2025-03-16 17:00:00+00:00,135.0001,1.2727921
2025-03-16 18:00:00+00:00,48.366554,2.1674871
2025-03-16 19:00:00+00:00,81.57312,4.913044
2025-03-16 20:00:00+00:00,72.89719,4.896529
2025-03-16 21:00:00+00:00,30.579157,4.599695
2025-03-16 22:00:00+00:00,7.695961,6.7205353
2025-03-16 23:00:00+00:00,69.19314,9.627896
2025-03-17 00:00:00+00:00,55.885483,6.7397914
2025-03-17 01:00:00+00:00,17.52567,3.5864744
2025-03-17 02:00:00+00:00,98.42689,4.913044
2025-03-17 03:00:00+00:00,8.130019,2.5455842
2025-03-17 04:00:00+00:00,28.30066,2.657668
2025-03-17 05:00:00+00:00,336.0375,1.7727944
2025-03-17 06:00:00+00:00,284.93146,5.5887027
2025-03-17 07:00:00+00:00,262.61404,9.801326
2025-03-17 08:00:00+00:00,261.2539,7.102591
2025-03-17 09:00:00+00:00,261.34753,8.37532
2025-03-17 10:00:00+00:00,308.45374,7.8149853
2025-03-17 11:00:00+00:00,339.8636,5.7515564
2025-03-17 12:00:00+00:00,348.3664,6.2483597
2025-03-17 13:00:00+00:00,326.3099,7.1389914
2025-03-17 14:00:00+00:00,328.84076,9.044888
2025-03-17 15:00:00+00:00,333.94656,9.016185
2025-03-17 16:00:00+00:00,335.9245,9.266067
2025-03-17 17:00:00+00:00,346.42953,5.3699164
2025-03-17 18:00:00+00:00,352.09293,6.542201
2025-03-17 19:00:00+00:00,15.945477,2.6208394
2025-03-17 20:00:00+00:00,24.443953,2.1749482
2025-03-17 21:00:00+00:00,19.983198,2.1068459
2025-03-17 22:00:00+00:00,74.054535,3.9312592
2025-03-17 23:00:00+00:00,80.83774,5.6521144
2025-03-18 00:00:00+00:00,101.3099,3.671294
2025-03-18 01:00:00+00:00,92.4895,4.143911
2025-03-18 02:00:00+00:00,65.85446,5.7204895
2025-03-18 03:00:00+00:00,42.397392,5.6060677
2025-03-18 04:00:00+00:00,25.463305,4.186693
2025-03-18 05:00:00+00:00,323.61554,4.2481523
2025-03-18 06:00:00+00:00,279.46225,6.5693827
2025-03-18 07:00:00+00:00,272.20255,9.3669195
2025-03-18 08:00:00+00:00,272.8155,10.993271
2025-03-18 09:00:00+00:00,267.54602,12.611567
2025-03-18 10:00:00+00:00,259.17703,12.461669
2025-03-18 11:00:00+00:00,249.14546,8.089993
2025-03-18 12:00:00+00:00,249.77505,7.289444
2025-03-18 13:00:00+00:00,262.8751,8.707238
2025-03-18 14:00:00+00:00,75.2032,9.867218
2025-03-18 15:00:00+00:00,119.197395,7.0107627
2025-03-18 16:00:00+00:00,130.23628,9.1958685
2025-03-18 17:00:00+00:00,133.1524,7.8954163
2025-03-18 18:00:00+00:00,165.96373,8.905908
2025-03-18 19:00:00+00:00,127.40543,7.7043357
2025-03-18 20:00:00+00:00,105.64231,4.6730714
2025-03-18 21:00:00+00:00,79.69521,2.0124612
2025-03-18 22:00:00+00:00,94.39862,2.3469126
2025-03-18 23:00:00+00:00,111.03758,2.5071096
2025-03-19 00:00:00+00:00,116.56499,2.8174455
2025-03-19 01:00:00+00:00,69.44387,1.5379207
2025-03-19 02:00:00+00:00,44.999897,2.5455842
2025-03-19 03:00:00+00:00,63.435013,2.0124612
2025-03-19 04:00:00+00:00,105.945465,2.6208394
2025-03-19 05:00:00+00:00,165.96373,1.484318
2025-03-19 06:00:00+00:00,255.2564,3.536439
2025-03-19 07:00:00+00:00,257.90524,7.731622
2025-03-19 08:00:00+00:00,257.90524,10.308831
2025-03-19 09:00:00+00:00,249.70235,14.009968
2025-03-19 10:00:00+00:00,253.73972,13.499999
2025-03-19 11:00:00+00:00,235.30478,11.384198
2025-03-19 12:00:00+00:00,219.55963,10.739832
2025-03-19 13:00:00+00:00,237.52882,9.387651
2025-03-19 14:00:00+00:00,153.43501,4.4274144
2025-03-19 15:00:00+00:00,77.4712,3.319036
2025-03-19 16:00:00+00:00,57.99466,5.09435
2025-03-19 17:00:00+00:00,63.435013,6.8423676
2025-03-19 18:00:00+00:00,70.346085,5.3517847
2025-03-19 19:00:00+00:00,93.366394,3.0652895
2025-03-19 20:00:00+00:00,61.92762,6.12
2025-03-19 21:00:00+00:00,36.86999,1.8
2025-03-19 22:00:00+00:00,330.25522,5.8048253
2025-03-19 23:00:00+00:00,360.0,0.54
2025-03-20 00:00:00+00:00,34.9921,2.19718
2025-03-20 01:00:00+00:00,55.491425,3.494968
2025-03-20 02:00:00+00:00,79.04598,5.6835546
2025-03-20 03:00:00+00:00,87.27374,3.7842832
2025-03-20 04:00:00+00:00,147.52882,2.3469129
2025-03-20 05:00:00+00:00,190.3048,2.0124612
2025-03-20 06:00:00+00:00,216.02747,2.4482648
2025-03-20 07:00:00+00:00,251.1752,8.36758
2025-03-20 08:00:00+00:00,254.3577,14.019216
2025-03-20 09:00:00+00:00,256.84244,14.2336645
2025-03-20 10:00:00+00:00,257.94922,16.380987
2025-03-20 11:00:00+00:00,244.65387,15.137133
2025-03-20 12:00:00+00:00,237.5877,13.432632
2025-03-20 13:00:00+00:00,263.41815,9.422101
2025-03-20 14:00:00+00:00,278.97253,6.924738
2025-03-20 15:00:00+00:00,263.9911,3.438895
2025-03-20 16:00:00+00:00,333.43503,1.609969
2025-03-20 17:00:00+00:00,33.6901,1.2979984
2025-03-20 18:00:00+00:00,68.19853,0.9693296
2025-03-20 19:00:00+00:00,55.491425,3.494968
2025-03-20 20:00:00+00:00,63.435013,3.62243
2025-03-20 21:00:00+00:00,61.189304,4.1085763
2025-03-20 22:00:00+00:00,41.185837,3.8268526
2025-03-20 23:00:00+00:00,30.963696,4.198285
2025-03-21 00:00:00+00:00,34.82457,5.0432134
2025-03-21 01:00:00+00:00,36.86999,4.5
2025-03-21 02:00:00+00:00,40.10085,4.471107
2025-03-21 03:00:00+00:00,357.70944,4.503598
2025-03-21 04:00:00+00:00,324.46225,7.7420926
2025-03-21 05:00:00+00:00,296.0753,9.418661
2025-03-21 06:00:00+00:00,285.52417,10.088033
2025-03-21 07:00:00+00:00,284.47034,11.525623
2025-03-21 08:00:00+00:00,282.03058,11.226575
2025-03-21 09:00:00+00:00,273.6913,11.183201
2025-03-21 10:00:00+00:00,261.2539,9.47012
2025-03-21 11:00:00+00:00,310.31403,7.7900705
2025-03-21 12:00:00+00:00,150.5242,4.755544
2025-03-21 13:00:00+00:00,347.90527,5.1544156
2025-03-21 14:00:00+00:00,24.227736,3.9477081
2025-03-21 15:00:00+00:00,67.75093,4.278551
2025-03-21 16:00:00+00:00,79.21575,3.84796
2025-03-21 17:00:00+00:00,71.564964,2.8460498
2025-03-21 18:00:00+00:00,90.0,1.8
2025-03-21 19:00:00+00:00,104.03627,0.742159
2025-03-21 20:00:00+00:00,85.91447,2.5264204
2025-03-21 21:00:00+00:00,95.7105,5.426933
2025-03-21 22:00:00+00:00,66.37061,6.28713
2025-03-21 23:00:00+00:00,18.435053,3.9844694
2025-03-22 00:00:00+00:00,35.837746,3.9966483
2025-03-22 01:00:00+00:00,348.3664,6.2483597
2025-03-22 02:00:00+00:00,44.999897,3.0547013
2025-03-22 03:00:00+00:00,32.61924,5.3426957
2025-03-22 04:00:00+00:00,322.59457,3.8521678
2025-03-22 05:00:00+00:00,279.46225,5.4744864
2025-03-22 06:00:00+00:00,268.6361,7.562142
2025-03-22 07:00:00+00:00,264.2895,9.044888
2025-03-22 08:00:00+00:00,240.94548,3.7064266
2025-03-22 09:00:00+00:00,251.11382,7.229191
2025-03-22 10:00:00+00:00,169.99208,6.2145634
2025-03-22 11:00:00+00:00,175.101,6.3231
2025-03-22 12:00:00+00:00,135.0001,5.0911684
2025-03-22 13:00:00+00:00,96.00892,3.438895
2025-03-22 14:00:00+00:00,57.528828,2.3469129
2025-03-22 15:00:00+00:00,97.12492,2.9024127
2025-03-22 16:00:00+00:00,96.00892,3.438895
2025-03-22 17:00:00+00:00,85.23644,2.1674871
2025-03-22 18:00:00+00:00,67.16631,3.710795
2025-03-22 19:00:00+00:00,60.255207,2.9024127
2025-03-22 20:00:00+00:00,95.7105,1.8089776
2025-03-22 21:00:00+00:00,95.7105,1.8089776
2025-03-22 22:00:00+00:00,94.39862,2.3469126
2025-03-22 23:00:00+00:00,87.5105,4.143911
2025-03-23 00:00:00+00:00,74.2913,5.983477
2025-03-23 01:00:00+00:00,88.21013,5.7628117
2025-03-23 02:00:00+00:00,81.25392,4.73506
2025-03-23 03:00:00+00:00,90.0,2.8799999
2025-03-23 04:00:00+00:00,124.992096,2.19718
2025-03-23 05:00:00+00:00,180.0,1.98
2025-03-23 06:00:00+00:00,254.05453,3.9312592
2025-03-23 07:00:00+00:00,261.52893,8.553314
2025-03-23 08:00:00+00:00,242.62238,11.351422
2025-03-23 09:00:00+00:00,227.9109,7.519175
2025-03-23 10:00:00+00:00,227.20262,6.623413
2025-03-23 11:00:00+00:00,215.36255,6.8423676
2025-03-23 12:00:00+00:00,42.709366,6.3690495
2025-03-23 13:00:00+00:00,7.12493,4.353619
2025-03-23 14:00:00+00:00,48.57643,4.080882
2025-03-23 15:00:00+00:00,21.801476,1.9386592
2025-03-23 16:00:00+00:00,14.036275,2.226477
2025-03-23 17:00:00+00:00,20.556128,7.689603
2025-03-23 18:00:00+00:00,35.362556,6.8423676
2025-03-23 19:00:00+00:00,31.827414,6.1437774
2025-03-23 20:00:00+00:00,28.886486,5.9617786
2025-03-23 21:00:00+00:00,30.256361,5.00128
2025-03-23 22:00:00+00:00,46.636536,4.4565907
2025-03-23 23:00:00+00:00,46.636536,4.4565907
2025-03-24 00:00:00+00:00,40.236294,3.0652893
2025-03-24 01:00:00+00:00,69.44387,3.0758414
2025-03-24 02:00:00+00:00,75.46551,5.020677
2025-03-24 03:00:00+00:00,55.491425,3.494968
2025-03-24 04:00:00+00:00,105.945465,3.9312592
2025-03-24 05:00:00+00:00,163.30067,3.7585104
2025-03-24 06:00:00+00:00,214.21576,5.441838
2025-03-24 07:00:00+00:00,239.23735,8.797931
2025-03-24 08:00:00+00:00,243.86905,10.6261
2025-03-24 09:00:00+00:00,232.52374,6.804381
2025-03-24 10:00:00+00:00,235.37578,9.187056
2025-03-24 11:00:00+00:00,258.0239,6.0721655
2025-03-24 12:00:00+00:00,289.0936,4.952453
2025-03-24 13:00:00+00:00,272.96088,10.453957
2025-03-24 14:00:00+00:00,280.92276,10.449306
2025-03-24 15:00:00+00:00,300.06848,7.9036193
2025-03-24 16:00:00+00:00,321.34018,5.7628117
2025-03-24 17:00:00+00:00,354.95764,6.1437774
2025-03-24 18:00:00+00:00,33.6901,4.542994
2025-03-24 19:00:00+00:00,73.61038,3.189608
2025-03-24 20:00:00+00:00,168.69011,1.835647
2025-03-24 21:00:00+00:00,18.435053,1.1384199
2025-03-24 22:00:00+00:00,110.55613,1.5379207
2025-03-24 23:00:00+00:00,59.03632,5.2478566
2025-03-25 00:00:00+00:00,60.255207,1.4512063
2025-03-25 01:00:00+00:00,19.440128,6.489992
2025-03-25 02:00:00+00:00,40.236294,6.1305785
2025-03-25 03:00:00+00:00,51.709793,4.3573384
2025-03-25 04:00:00+00:00,42.27363,2.6758924
2025-03-25 05:00:00+00:00,289.44012,3.244996
2025-03-25 06:00:00+00:00,274.28906,7.2202215
2025-03-25 07:00:00+00:00,277.59454,10.8955765
2025-03-25 08:00:00+00:00,276.80896,12.145665
2025-03-25 09:00:00+00:00,269.13196,11.881363
2025-03-25 10:00:00+00:00,257.84506,11.968308
2025-03-25 11:00:00+00:00,262.50424,13.797912
2025-03-25 12:00:00+00:00,292.93213,10.163227
2025-03-25 13:00:00+00:00,270.0,7.5599995
2025-03-25 14:00:00+00:00,295.1148,6.361415
2025-03-25 15:00:00+00:00,16.699326,3.7585104
2025-03-25 16:00:00+00:00,105.06854,4.8466477
2025-03-25 17:00:00+00:00,115.20109,3.381893
2025-03-25 18:00:00+00:00,116.56499,4.0249224
2025-03-25 19:00:00+00:00,150.2552,2.9024127
2025-03-25 20:00:00+00:00,131.18582,3.8268526
2025-03-25 21:00:00+00:00,128.15727,3.2048087
2025-03-25 22:00:00+00:00,120.96369,2.0991426
2025-03-25 23:00:00+00:00,85.91447,2.5264204
2025-03-26 00:00:00+00:00,78.6901,5.506941
2025-03-26 01:00:00+00:00,83.659904,3.2599385
2025-03-26 02:00:00+00:00,90.0,6.2999997
2025-03-26 03:00:00+00:00,85.60138,4.6938252
2025-03-26 04:00:00+00:00,110.55613,1.5379207
2025-03-26 05:00:00+00:00,237.26477,2.995797
2025-03-26 06:00:00+00:00,254.47583,6.725354
2025-03-26 07:00:00+00:00,260.13425,8.4042845
2025-03-26 08:00:00+00:00,260.38034,10.7714615
2025-03-26 09:00:00+00:00,258.4654,9.0018
2025-03-26 10:00:00+00:00,272.56372,12.0720825
2025-03-26 11:00:00+00:00,267.91748,9.906544
2025-03-26 12:00:00+00:00,296.56497,8.049845
2025-03-26 13:00:00+00:00,281.3099,10.096059
2025-03-26 14:00:00+00:00,292.4428,8.958504
2025-03-26 15:00:00+00:00,304.21576,5.441838
2025-03-26 16:00:00+00:00,93.366394,12.261158
2025-03-26 17:00:00+00:00,128.41809,6.6624317
2025-03-26 18:00:00+00:00,131.63345,6.502461
2025-03-26 19:00:00+00:00,138.17992,4.5891175
2025-03-26 20:00:00+00:00,111.25058,3.4763772
2025-03-26 21:00:00+00:00,94.08554,2.5264204
2025-03-26 22:00:00+00:00,83.659904,3.2599385
2025-03-26 23:00:00+00:00,78.11137,3.4949677
2025-03-27 00:00:00+00:00,64.65388,3.7842832
2025-03-27 01:00:00+00:00,55.78425,5.441838
2025-03-27 02:00:00+00:00,356.72958,6.310277
2025-03-27 03:00:00+00:00,348.6901,3.671294
2025-03-27 04:00:00+00:00,304.82455,5.0432134
2025-03-27 05:00:00+00:00,299.74478,5.8048253
2025-03-27 06:00:00+00:00,289.5732,8.596766
2025-03-27 07:00:00+00:00,270.0,11.159999
2025-03-27 08:00:00+00:00,268.23764,11.705537
2025-03-27 09:00:00+00:00,271.76236,11.705537
2025-03-27 10:00:00+00:00,276.1465,11.767651
2025-03-27 11:00:00+00:00,273.63287,11.362834
2025-03-27 12:00:00+00:00,284.32275,8.731391
2025-03-27 13:00:00+00:00,293.1986,8.225035
2025-03-27 14:00:00+00:00,292.98874,6.452441
2025-03-27 15:00:00+00:00,42.397392,5.6060677
2025-03-27 16:00:00+00:00,68.45896,7.353611
2025-03-27 17:00:00+00:00,78.6901,7.342588
2025-03-27 18:00:00+00:00,69.44387,6.151683
2025-03-27 19:00:00+00:00,77.4712,6.638072
2025-03-27 20:00:00+00:00,85.60138,7.040739
2025-03-27 21:00:00+00:00,86.98728,6.849467
2025-03-27 22:00:00+00:00,70.20104,4.7827187
2025-03-27 23:00:00+00:00,32.73523,2.995797
2025-03-28 00:00:00+00:00,31.827414,6.1437774
2025-03-28 01:00:00+00:00,13.324542,7.029225
2025-03-28 02:00:00+00:00,13.134034,5.5450516
2025-03-28 03:00:00+00:00,350.53775,6.5693827
2025-03-28 04:00:00+00:00,344.05453,5.2416787
2025-03-28 05:00:00+00:00,313.6029,5.22
2025-03-28 06:00:00+00:00,290.40997,8.2584505
2025-03-28 07:00:00+00:00,286.62082,12.585848
2025-03-28 08:00:00+00:00,291.3707,13.337016
2025-03-28 09:00:00+00:00,295.76926,11.592895
2025-03-28 10:00:00+00:00,286.44046,11.448055
2025-03-28 11:00:00+00:00,280.0079,12.429127
2025-03-28 12:00:00+00:00,285.3502,9.5196
2025-03-28 13:00:00+00:00,284.74362,14.145756
2025-03-28 14:00:00+00:00,289.53674,11.841756
2025-03-28 15:00:00+00:00,293.1986,8.225035
2025-03-28 16:00:00+00:00,321.1886,10.626099
2025-03-28 17:00:00+00:00,122.13722,16.580532
2025-03-28 18:00:00+00:00,143.74608,3.3481934
2025-03-28 19:00:00+00:00,55.78425,5.441838
2025-03-28 20:00:00+00:00,80.53775,4.379589
2025-03-28 21:00:00+00:00,221.63345,4.3349743
2025-03-28 22:00:00+00:00,157.3801,2.3400002
2025-03-28 23:00:00+00:00,161.56496,0.56920993
2025-03-29 00:00:00+00:00,71.564964,1.1384199
2025-03-29 01:00:00+00:00,343.73972,4.5
2025-03-29 02:00:00+00:00,26.564985,4.4274144
2025-03-29 03:00:00+00:00,47.489597,5.8603754
2025-03-29 04:00:00+00:00,37.568665,5.904439
2025-03-29 05:00:00+00:00,11.76827,4.412754
2025-03-29 06:00:00+00:00,300.96368,6.297428
2025-03-29 07:00:00+00:00,286.07364,11.052058
2025-03-29 08:00:00+00:00,276.8699,15.048042
2025-03-29 09:00:00+00:00,281.1817,15.779544
2025-03-29 10:00:00+00:00,275.64816,16.459915
2025-03-29 11:00:00+00:00,281.61145,13.41453
2025-03-29 12:00:00+00:00,281.59213,14.332341
2025-03-29 13:00:00+00:00,285.12405,13.797913
2025-03-29 14:00:00+00:00,304.9921,8.78872
2025-03-29 15:00:00+00:00,322.12497,6.156947
2025-03-29 16:00:00+00:00,349.3804,5.8603754
2025-03-29 17:00:00+00:00,7.4313188,4.175069
2025-03-29 18:00:00+00:00,36.86999,3.6
2025-03-29 19:00:00+00:00,121.26367,5.896202
2025-03-29 20:00:00+00:00,195.01842,7.6409945
2025-03-29 21:00:00+00:00,201.03758,2.5071096
2025-03-29 22:00:00+00:00,185.7105,5.426933
2025-03-29 23:00:00+00:00,201.25058,3.4763772
2025-03-30 00:00:00+00:00,202.38017,3.3092597
2025-03-30 01:00:00+00:00,56.309914,0.6489992
2025-03-30 02:00:00+00:00,353.6599,3.2599385
2025-03-30 03:00:00+00:00,327.17145,6.6405115
2025-03-30 04:00:00+00:00,319.84406,7.5363917
2025-03-30 05:00:00+00:00,308.8534,8.320986
2025-03-30 06:00:00+00:00,300.01828,9.354806
2025-03-30 07:00:00+00:00,297.01257,10.304114
2025-03-30 08:00:00+00:00,280.30478,12.074766
2025-03-30 09:00:00+00:00,283.05524,12.74954
2025-03-30 10:00:00+00:00,276.75348,13.775586
2025-03-30 11:00:00+00:00,273.17978,16.22498
2025-03-30 12:00:00+00:00,278.21912,16.368128
2025-03-30 13:00:00+00:00,289.14822,13.719023
2025-03-30 14:00:00+00:00,298.85556,10.070353
2025-03-30 15:00:00+00:00,335.77228,7.8954163
2025-03-30 16:00:00+00:00,350.9098,4.5572357
2025-03-30 17:00:00+00:00,41.63345,4.3349743
2025-03-30 18:00:00+00:00,72.64589,6.0347
2025-03-30 19:00:00+00:00,95.19434,5.9644947
2025-03-30 20:00:00+00:00,109.98319,6.320538
2025-03-30 21:00:00+00:00,135.0001,6.873078
2025-03-30 22:00:00+00:00,135.0001,6.1094027
2025-03-30 23:00:00+00:00,117.40749,5.4744864
2025-03-31 00:00:00+00:00,102.99462,4.802999
2025-03-31 01:00:00+00:00,270.0,2.6999998
2025-03-31 02:00:00+00:00,270.0,2.6999998
2025-03-31 03:00:00+00:00,309.8055,2.8116899
2025-03-31 04:00:00+00:00,309.47244,3.9640884
2025-03-31 05:00:00+00:00,285.75125,7.293888
2025-03-31 06:00:00+00:00,283.0693,10.3480425
2025-03-31 07:00:00+00:00,283.43103,12.399112
2025-03-31 08:00:00+00:00,284.03625,13.358861
2025-03-31 09:00:00+00:00,279.96375,13.523978
2025-03-31 10:00:00+00:00,276.3401,13.039754
2025-03-31 11:00:00+00:00,257.6375,13.451914
2025-03-31 12:00:00+00:00,281.49652,10.837435
2025-03-31 13:00:00+00:00,311.63345,13.004922
2025-03-31 14:00:00+00:00,323.13004,10.799999
2025-03-31 15:00:00+00:00,336.8014,6.8541956
2025-03-31 16:00:00+00:00,23.629398,6.28713
2025-03-31 17:00:00+00:00,138.17992,9.178235
2025-03-31 18:00:00+00:00,160.9743,11.043261
2025-03-31 19:00:00+00:00,165.96373,8.163749
2025-03-31 20:00:00+00:00,130.60121,3.319036
2025-03-31 21:00:00+00:00,122.57404,7.689603
2025-03-31 22:00:00+00:00,115.64096,4.991553
2025-03-31 23:00:00+00:00,97.76508,7.9932976
2025-04-01 00:00:00+00:00,91.63654,6.302571
2025-04-01 01:00:00+00:00,76.42955,5.3699164
2025-04-01 02:00:00+00:00,48.57643,4.080882
2025-04-01 03:00:00+00:00,57.264786,2.995797
2025-04-01 04:00:00+00:00,308.65982,1.1525624
2025-04-01 05:00:00+00:00,293.6294,3.143565
2025-04-01 06:00:00+00:00,271.68463,6.122647
2025-04-01 07:00:00+00:00,261.70294,8.731392
2025-04-01 08:00:00+00:00,251.28816,11.7827835
2025-04-01 09:00:00+00:00,246.80139,13.708391
2025-04-01 10:00:00+00:00,246.1135,13.78029
2025-04-01 11:00:00+00:00,243.43501,6.037383
2025-04-01 12:00:00+00:00,219.47243,7.928177
2025-04-01 13:00:00+00:00,109.38461,10.304115
2025-04-01 14:00:00+00:00,103.24053,9.430694
2025-04-01 15:00:00+00:00,110.22495,7.289444
2025-04-01 16:00:00+00:00,140.19447,4.2175345
2025-04-01 17:00:00+00:00,157.8336,5.2478566
2025-04-01 18:00:00+00:00,164.57777,5.4149795
2025-04-01 19:00:00+00:00,145.88548,6.7397914
2025-04-01 20:00:00+00:00,136.04153,7.001514
2025-04-01 21:00:00+00:00,142.52374,6.804381
2025-04-01 22:00:00+00:00,137.20262,6.623413
2025-04-01 23:00:00+00:00,135.0001,2.8001428
2025-04-02 00:00:00+00:00,94.39862,2.3469126
2025-04-02 01:00:00+00:00,60.64234,6.6087217
2025-04-02 02:00:00+00:00,24.145542,5.7204895
2025-04-02 03:00:00+00:00,41.82009,4.5891175
2025-04-02 04:00:00+00:00,158.96242,2.5071096
2025-04-02 05:00:00+00:00,200.55612,6.151683
2025-04-02 06:00:00+00:00,229.26797,8.55142
2025-04-02 07:00:00+00:00,235.17543,10.086427
2025-04-02 08:00:00+00:00,229.76372,12.261157
2025-04-02 09:00:00+00:00,228.94528,14.799459
2025-04-02 10:00:00+00:00,219.80553,14.05845
2025-04-02 11:00:00+00:00,204.14554,11.440979
2025-04-02 12:00:00+00:00,191.72508,9.743305
2025-04-02 13:00:00+00:00,188.2758,10.004178
2025-04-02 14:00:00+00:00,159.62349,6.7205353
2025-04-02 15:00:00+00:00,125.537766,6.193674
2025-04-02 16:00:00+00:00,117.64589,4.2671766
2025-04-02 17:00:00+00:00,87.5105,4.143911
2025-04-02 18:00:00+00:00,113.19862,1.3708391
2025-04-02 19:00:00+00:00,86.63361,3.0652895
2025-04-02 20:00:00+00:00,94.39862,4.6938252
2025-04-02 21:00:00+00:00,91.97489,5.223103
2025-04-02 22:00:00+00:00,92.72626,3.7842832
2025-04-02 23:00:00+00:00,93.366394,3.0652895
2025-04-03 00:00:00+00:00,100.00792,3.1072817
2025-04-03 01:00:00+00:00,87.79745,4.6834598
2025-04-03 02:00:00+00:00,77.4712,4.9785542
2025-04-03 03:00:00+00:00,90.0,4.5
2025-04-03 04:00:00+00:00,230.19447,1.4058449
2025-04-03 05:00:00+00:00,278.53067,3.6402748
2025-04-03 06:00:00+00:00,271.68463,6.122647
2025-04-03 07:00:00+00:00,272.43658,8.467655
2025-04-03 08:00:00+00:00,263.11838,10.51576
2025-04-03 09:00:00+00:00,232.90707,9.252069
2025-04-03 10:00:00+00:00,208.39293,7.570707
2025-04-03 11:00:00+00:00,220.15593,7.5363917
2025-04-03 12:00:00+00:00,180.0,3.06
2025-04-03 13:00:00+00:00,91.43207,7.2022495
2025-04-03 14:00:00+00:00,69.075424,6.5520988
2025-04-03 15:00:00+00:00,19.653913,8.027677
2025-04-03 16:00:00+00:00,75.96373,4.452954
2025-04-03 17:00:00+00:00,70.20104,4.7827187
2025-04-03 18:00:00+00:00,109.440125,3.244996
2025-04-03 19:00:00+00:00,101.3099,1.835647
2025-04-03 20:00:00+00:00,182.3859,4.323748
2025-04-03 21:00:00+00:00,146.88864,4.942631
2025-04-03 22:00:00+00:00,123.690094,1.2979984
2025-04-03 23:00:00+00:00,110.55613,3.0758414
2025-04-04 00:00:00+00:00,103.49575,4.6277857
2025-04-04 01:00:00+00:00,35.311302,5.293959
2025-04-04 02:00:00+00:00,63.435013,3.62243
2025-04-04 03:00:00+00:00,53.13002,1.8
2025-04-04 04:00:00+00:00,287.3541,3.01735
2025-04-04 05:00:00+00:00,268.02512,5.223103
2025-04-04 06:00:00+00:00,264.2895,7.2359104
2025-04-04 07:00:00+00:00,271.3019,7.922045
2025-04-04 08:00:00+00:00,266.0549,10.464798
2025-04-04 09:00:00+00:00,273.43356,9.016185
2025-04-04 10:00:00+00:00,245.77226,3.9477081
2025-04-04 11:00:00+00:00,103.32455,7.029225
2025-04-04 12:00:00+00:00,184.76355,2.1674871
2025-04-04 13:00:00+00:00,140.19447,5.6233797
2025-04-04 14:00:00+00:00,201.16133,5.9834766
2025-04-04 15:00:00+00:00,162.80138,7.9138603
2025-04-04 16:00:00+00:00,164.47583,6.725354
2025-04-04 17:00:00+00:00,135.90929,8.019601
2025-04-04 18:00:00+00:00,65.85446,5.7204895
2025-04-04 19:00:00+00:00,91.06089,9.721666
2025-04-04 20:00:00+00:00,35.537766,3.096837
2025-04-04 21:00:00+00:00,32.471172,4.6938257
2025-04-04 22:00:00+00:00,61.189304,4.1085763
2025-04-04 23:00:00+00:00,71.564964,1.7076298
2025-04-05 00:00:00+00:00,79.69521,2.0124612
2025-04-05 01:00:00+00:00,84.55976,3.7971036
2025-04-05 02:00:00+00:00,47.290634,3.1845248
2025-04-05 03:00:00+00:00,68.19853,2.907989
2025-04-05 04:00:00+00:00,129.80553,2.8116899
2025-04-05 05:00:00+00:00,236.3099,2.5959969
2025-04-05 06:00:00+00:00,250.11475,8.996398
2025-04-05 07:00:00+00:00,273.9908,7.7588143
2025-04-05 08:00:00+00:00,232.3737,10.908951
2025-04-05 09:00:00+00:00,243.9967,8.211235
2025-04-05 10:00:00+00:00,223.02507,7.386582
2025-04-05 11:00:00+00:00,258.23172,4.412754
2025-04-05 12:00:00+00:00,140.52757,3.9640884
2025-04-05 13:00:00+00:00,139.08571,3.572898
2025-04-05 14:00:00+00:00,125.21768,3.745557
2025-04-05 15:00:00+00:00,115.01687,2.97953
2025-04-05 16:00:00+00:00,107.74477,4.724786
2025-04-05 17:00:00+00:00,104.420815,6.5049515
2025-04-05 18:00:00+00:00,121.50421,6.544677
2025-04-05 19:00:00+00:00,130.91429,7.145796
2025-04-05 20:00:00+00:00,132.5104,5.8603754
2025-04-05 21:00:00+00:00,159.44388,3.0758414
2025-04-05 22:00:00+00:00,165.96373,0.742159
2025-04-05 23:00:00+00:00,151.38963,2.2553935
2025-04-06 00:00:00+00:00,131.18582,5.7402787
2025-04-06 01:00:00+00:00,5.7105074,1.8089776
2025-04-06 02:00:00+00:00,360.0,1.98
2025-04-06 03:00:00+00:00,336.8014,1.3708391
2025-04-06 04:00:00+00:00,300.57913,4.599695
2025-04-06 05:00:00+00:00,288.43503,5.12289
2025-04-06 06:00:00+00:00,274.08554,7.579261
2025-04-06 07:00:00+00:00,259.3804,8.790563
2025-04-06 08:00:00+00:00,286.46008,8.2584505
2025-04-06 09:00:00+00:00,260.53775,10.948973
2025-04-06 10:00:00+00:00,232.12495,8.209263
2025-04-06 11:00:00+00:00,6.0089183,3.438895
2025-04-06 12:00:00+00:00,55.09743,9.437563
2025-04-06 13:00:00+00:00,75.25639,3.536439
2025-04-06 14:00:00+00:00,93.46816,5.950899
2025-04-06 15:00:00+00:00,121.60746,5.495161
2025-04-06 16:00:00+00:00,133.60289,5.22
2025-04-06 17:00:00+00:00,113.962494,5.318383
2025-04-06 18:00:00+00:00,38.157276,6.4096174
2025-04-06 19:00:00+00:00,32.275623,4.0449967
2025-04-06 20:00:00+00:00,29.054508,1.8532133
2025-04-06 21:00:00+00:00,101.3099,0.9178235
2025-04-06 22:00:00+00:00,206.56499,0.40249225
2025-04-06 23:00:00+00:00,176.98727,3.4247334
2025-04-07 00:00:00+00:00,123.690094,5.8409934
2025-04-07 01:00:00+00:00,42.878906,3.4388947
2025-04-07 02:00:00+00:00,69.67678,5.1826253
2025-04-07 03:00:00+00:00,48.814175,3.8268526
2025-04-07 04:00:00+00:00,5.7105074,1.8089776
2025-04-07 05:00:00+00:00,292.24908,4.278551
2025-04-07 06:00:00+00:00,282.01144,8.649369
2025-04-07 07:00:00+00:00,267.95465,10.086427
2025-04-07 08:00:00+00:00,272.04535,10.086427
2025-04-07 09:00:00+00:00,280.0079,9.321845
2025-04-07 10:00:00+00:00,272.41946,12.791403
2025-04-07 11:00:00+00:00,256.86597,11.090103
2025-04-07 12:00:00+00:00,214.07724,7.388775
2025-04-07 13:00:00+00:00,259.31512,9.708326
2025-04-07 14:00:00+00:00,280.1246,5.1197267
2025-04-07 15:00:00+00:00,305.83774,3.9966483
2025-04-07 16:00:00+00:00,333.43503,4.4274144
2025-04-07 17:00:00+00:00,8.8805895,5.8298883
2025-04-07 18:00:00+00:00,52.695976,4.752136
2025-04-07 19:00:00+00:00,79.11452,4.7657523
2025-04-07 20:00:00+00:00,167.61925,7.555712
2025-04-07 21:00:00+00:00,199.65392,2.6758924
2025-04-07 22:00:00+00:00,324.46225,1.5484185
2025-04-07 23:00:00+00:00,14.470333,5.7628117
2025-04-08 00:00:00+00:00,16.46009,8.2584505
2025-04-08 01:00:00+00:00,17.969234,7.0015144
2025-04-08 02:00:00+00:00,34.3804,8.287822
2025-04-08 03:00:00+00:00,38.047092,5.257109
2025-04-08 04:00:00+00:00,7.12493,2.9024127
2025-04-08 05:00:00+00:00,263.9911,3.438895
2025-04-08 06:00:00+00:00,259.82455,7.1321807
2025-04-08 07:00:00+00:00,258.4862,9.919618
2025-04-08 08:00:00+00:00,261.87,11.45513
2025-04-08 09:00:00+00:00,266.42374,14.428097
2025-04-08 10:00:00+00:00,264.5227,13.200273
2025-04-08 11:00:00+00:00,239.32278,12.348052
2025-04-08 12:00:00+00:00,223.45189,4.7110505
2025-04-08 13:00:00+00:00,246.3706,6.28713
2025-04-08 14:00:00+00:00,17.52567,3.5864744
2025-04-08 15:00:00+00:00,355.42615,4.514377
2025-04-08 16:00:00+00:00,59.53454,7.10031
2025-04-08 17:00:00+00:00,67.963715,8.155807
2025-04-08 18:00:00+00:00,105.945465,6.5520988
2025-04-08 19:00:00+00:00,156.29735,8.0599
2025-04-08 20:00:00+00:00,160.34608,8.027677
2025-04-08 21:00:00+00:00,143.13002,3.6
2025-04-08 22:00:00+00:00,20.772345,11.165805
2025-04-08 23:00:00+00:00,40.814987,5.2323985
2025-04-09 00:00:00+00:00,90.0,3.6
2025-04-09 01:00:00+00:00,144.46223,3.096837
2025-04-09 02:00:00+00:00,124.992096,2.19718
2025-04-09 03:00:00+00:00,116.56499,2.0124612
2025-04-09 04:00:00+00:00,189.46225,1.0948973
2025-04-09 05:00:00+00:00,267.79745,4.6834598
2025-04-09 06:00:00+00:00,264.92047,8.131936
2025-04-09 07:00:00+00:00,262.61404,9.801326
2025-04-09 08:00:00+00:00,251.27411,11.213581
2025-04-09 09:00:00+00:00,246.57129,11.770403
2025-04-09 10:00:00+00:00,244.1337,13.202726
2025-04-09 11:00:00+00:00,236.97612,12.881008
2025-04-09 12:00:00+00:00,241.0491,9.668195
2025-04-09 13:00:00+00:00,253.44284,6.9480934
2025-04-09 14:00:00+00:00,336.0375,1.7727944
2025-04-09 15:00:00+00:00,181.30193,7.922045
2025-04-09 16:00:00+00:00,140.82635,6.269067
2025-04-09 17:00:00+00:00,152.10283,3.4623692
2025-04-09 18:00:00+00:00,109.98319,6.320538
2025-04-09 19:00:00+00:00,110.55613,6.151683
2025-04-09 20:00:00+00:00,94.08554,7.579261
2025-04-09 21:00:00+00:00,92.4895,4.143911
2025-04-09 22:00:00+00:00,83.99109,3.438895
2025-04-09 23:00:00+00:00,90.0,3.2399998
2025-04-10 00:00:00+00:00,55.304783,2.8460495
2025-04-10 01:00:00+00:00,295.5599,4.5891175
2025-04-10 02:00:00+00:00,33.6901,1.9469976
2025-04-10 03:00:00+00:00,2.8623457,3.604497
2025-04-10 04:00:00+00:00,344.7448,2.0523157
2025-04-10 05:00:00+00:00,271.73566,5.9427266
2025-04-10 06:00:00+00:00,261.70294,8.731392
2025-04-10 07:00:00+00:00,257.36664,10.699028
2025-04-10 08:00:00+00:00,251.25856,10.644379
2025-04-10 09:00:00+00:00,248.89508,10.99769
2025-04-10 10:00:00+00:00,248.66307,12.367716
2025-04-10 11:00:00+00:00,246.0375,10.636766
2025-04-10 12:00:00+00:00,251.56496,9.676569
2025-04-10 13:00:00+00:00,264.80566,3.9763298
2025-04-10 14:00:00+00:00,262.40546,2.7238941
2025-04-10 15:00:00+00:00,274.39862,2.3469126
2025-04-10 16:00:00+00:00,255.96373,1.484318
2025-04-10 17:00:00+00:00,333.43503,0.40249225
2025-04-10 18:00:00+00:00,44.999897,0.25455844
2025-04-10 19:00:00+00:00,194.03627,0.742159
2025-04-10 20:00:00+00:00,113.19862,1.3708391
2025-04-10 21:00:00+00:00,59.264584,7.748368
2025-04-10 22:00:00+00:00,66.801384,1.3708391
2025-04-10 23:00:00+00:00,50.194473,2.8116899
2025-04-11 00:00:00+00:00,59.03632,6.297428
2025-04-11 01:00:00+00:00,180.0,1.26
2025-04-11 02:00:00+00:00,308.15726,3.2048087
2025-04-11 03:00:00+00:00,305.53775,1.5484185
2025-04-11 04:00:00+00:00,343.61038,3.189608
2025-04-11 05:00:00+00:00,299.4758,4.755544
2025-04-11 06:00:00+00:00,279.46225,7.6642804
2025-04-11 07:00:00+00:00,269.029,10.621525
2025-04-11 08:00:00+00:00,263.85345,11.767651
2025-04-11 09:00:00+00:00,258.5413,13.590894
2025-04-11 10:00:00+00:00,270.0,11.159999
2025-04-11 11:00:00+00:00,266.186,5.4119864
2025-04-11 12:00:00+00:00,226.68465,8.65873
2025-04-11 13:00:00+00:00,243.94656,9.016185
2025-04-11 14:00:00+00:00,244.59233,7.970972
2025-04-11 15:00:00+00:00,191.68935,5.3305535
2025-04-11 16:00:00+00:00,96.340096,3.2599385
2025-04-11 17:00:00+00:00,77.4712,6.638072
2025-04-11 18:00:00+00:00,78.6901,3.671294
2025-04-11 19:00:00+00:00,83.29026,3.0811036
2025-04-11 20:00:00+00:00,155.22488,2.5772076
2025-04-11 21:00:00+00:00,160.34608,2.6758924
2025-04-11 22:00:00+00:00,153.97047,8.61371
2025-04-11 23:00:00+00:00,151.2603,6.3639607
2025-04-12 00:00:00+00:00,141.1155,7.1684303
2025-04-12 01:00:00+00:00,132.5104,5.8603754
2025-04-12 02:00:00+00:00,127.18479,6.552099
2025-04-12 03:00:00+00:00,146.3099,7.1389914
2025-04-12 04:00:00+00:00,173.04713,7.4346757
2025-04-12 05:00:00+00:00,202.01134,9.12513
2025-04-12 06:00:00+00:00,218.92755,12.031756
2025-04-12 07:00:00+00:00,224.9999,13.237038
2025-04-12 08:00:00+00:00,233.13002,10.799999
2025-04-12 09:00:00+00:00,246.13982,10.234705
2025-04-12 10:00:00+00:00,284.32275,8.731391
2025-04-12 11:00:00+00:00,293.6294,9.430695
2025-04-12 12:00:00+00:00,274.08554,10.105681
2025-04-12 13:00:00+00:00,273.01273,3.4247334
2025-04-12 14:00:00+00:00,258.6901,3.671294
2025-04-12 15:00:00+00:00,272.86234,3.604497
2025-04-12 16:00:00+00:00,328.5705,3.7971041
2025-04-12 17:00:00+00:00,316.5481,4.7110505
2025-04-12 18:00:00+00:00,325.4914,3.494968
2025-04-12 19:00:00+00:00,22.61991,4.6800003
2025-04-12 20:00:00+00:00,42.510403,5.8603754
2025-04-12 21:00:00+00:00,206.21132,13.040997
2025-04-12 22:00:00+00:00,320.52756,3.9640884
2025-04-12 23:00:00+00:00,11.3098955,2.7534704
2025-04-13 00:00:00+00:00,9.462248,1.0948973
2025-04-13 01:00:00+00:00,356.6336,3.0652895
2025-04-13 02:00:00+00:00,50.710617,5.1165614
2025-04-13 03:00:00+00:00,51.952908,5.257109
2025-04-13 04:00:00+00:00,18.435053,3.9844694
2025-04-13 05:00:00+00:00,327.84772,7.44121
2025-04-13 06:00:00+00:00,317.02136,10.825469
2025-04-13 07:00:00+00:00,298.68604,10.874742
2025-04-13 08:00:00+00:00,295.42682,12.157663
2025-04-13 09:00:00+00:00,292.4259,12.267763
2025-04-13 10:00:00+00:00,300.69965,13.397612
2025-04-13 11:00:00+00:00,288.71182,11.7827835
2025-04-13 12:00:00+00:00,296.13095,10.6261
2025-04-13 13:00:00+00:00,315.0001,7.891311
2025-04-13 14:00:00+00:00,319.574,6.384293
2025-04-13 15:00:00+00:00,340.14468,6.889557
2025-04-13 16:00:00+00:00,358.09088,5.4029994
2025-04-13 17:00:00+00:00,29.475794,4.755544
2025-04-13 18:00:00+00:00,37.694313,5.004518
2025-04-13 19:00:00+00:00,59.03632,4.198285
2025-04-13 20:00:00+00:00,72.18102,5.2939587
2025-04-13 21:00:00+00:00,93.945114,5.232399
2025-04-13 22:00:00+00:00,88.363464,6.302571
2025-04-13 23:00:00+00:00,75.96373,5.937272
2025-04-14 00:00:00+00:00,75.46551,5.020677
2025-04-14 01:00:00+00:00,13.736293,8.338489
2025-04-14 02:00:00+00:00,10.61961,5.8603754
2025-04-14 03:00:00+00:00,353.79663,8.32877
2025-04-14 04:00:00+00:00,340.70987,3.8141315
2025-04-14 05:00:00+00:00,288.92474,6.66
2025-04-14 06:00:00+00:00,281.3099,9.178235
2025-04-14 07:00:00+00:00,293.86017,10.234705
2025-04-14 08:00:00+00:00,283.82867,12.049249
2025-04-14 09:00:00+00:00,296.2113,13.040997
2025-04-14 10:00:00+00:00,284.58896,13.577776
2025-04-14 11:00:00+00:00,343.11313,10.534229
2025-04-14 12:00:00+00:00,318.53238,10.32924
2025-04-14 13:00:00+00:00,347.98853,8.649369
2025-04-14 14:00:00+00:00,5.7105074,5.426933
2025-04-14 15:00:00+00:00,34.159744,6.090812
2025-04-14 16:00:00+00:00,59.420856,4.599695
2025-04-14 17:00:00+00:00,78.6901,4.5891175
2025-04-14 18:00:00+00:00,85.42616,4.514377
2025-04-14 19:00:00+00:00,82.56869,4.175069
2025-04-14 20:00:00+00:00,148.39255,16.485485
2025-04-14 21:00:00+00:00,77.319626,7.3799996
2025-04-14 22:00:00+00:00,81.86999,1.2727921
2025-04-14 23:00:00+00:00,63.435013,3.219938
2025-04-15 00:00:00+00:00,23.749514,4.91634
2025-04-15 01:00:00+00:00,323.13004,2.6999998
2025-04-15 02:00:00+00:00,6.3401003,1.6299692
2025-04-15 03:00:00+00:00,347.19574,4.060985
2025-04-15 04:00:00+00:00,313.4519,4.7110505
2025-04-15 05:00:00+00:00,296.56497,7.24486
2025-04-15 06:00:00+00:00,285.80258,9.914717
2025-04-15 07:00:00+00:00,285.25516,10.261579
2025-04-15 08:00:00+00:00,279.32352,12.221456
2025-04-15 09:00:00+00:00,273.3664,12.261158
2025-04-15 10:00:00+00:00,286.04,14.98331
2025-04-15 11:00:00+00:00,289.74692,14.917212
2025-04-15 12:00:00+00:00,293.2946,14.1102085
2025-04-15 13:00:00+00:00,287.52567,10.759423
2025-04-15 14:00:00+00:00,290.43292,9.796366
2025-04-15 15:00:00+00:00,311.18582,3.8268526
2025-04-15 16:00:00+00:00,133.87679,6.4924874
2025-04-15 17:00:00+00:00,234.46223,3.096837
2025-04-15 18:00:00+00:00,112.61991,4.6800003
2025-04-15 19:00:00+00:00,116.56499,4.829907
2025-04-15 20:00:00+00:00,112.61991,4.6800003
2025-04-15 21:00:00+00:00,108.43504,5.12289
2025-04-15 22:00:00+00:00,117.29949,6.279395
2025-04-15 23:00:00+00:00,129.80553,5.6233797
2025-04-16 00:00:00+00:00,125.753975,5.5450516
2025-04-16 01:00:00+00:00,82.234924,3.9966488
2025-04-16 02:00:00+00:00,53.471054,6.048107
2025-04-16 03:00:00+00:00,76.50425,4.6277857
2025-04-16 04:00:00+00:00,296.56497,1.609969
2025-04-16 05:00:00+00:00,271.68463,6.122647
2025-04-16 06:00:00+00:00,262.7469,9.979859
2025-04-16 07:00:00+00:00,266.3087,11.183201
2025-04-16 08:00:00+00:00,274.3322,11.9140415
2025-04-16 09:00:00+00:00,283.28488,13.31635
2025-04-16 10:00:00+00:00,298.61035,11.276968
2025-04-16 11:00:00+00:00,291.03757,10.028439
2025-04-16 12:00:00+00:00,313.6029,10.44
2025-04-16 13:00:00+00:00,310.36444,9.449572
2025-04-16 14:00:00+00:00,308.65982,6.9153743
2025-04-16 15:00:00+00:00,321.5819,6.6624317
2025-04-16 16:00:00+00:00,325.6196,4.143911
2025-04-16 17:00:00+00:00,356.186,2.7059932
2025-04-16 18:00:00+00:00,28.072395,3.06
2025-04-16 19:00:00+00:00,57.724377,4.0449967
2025-04-16 20:00:00+00:00,77.90526,5.1544156
2025-04-16 21:00:00+00:00,82.234924,7.9932976
2025-04-16 22:00:00+00:00,87.5105,4.143911
2025-04-16 23:00:00+00:00,97.12492,1.4512063
2025-04-17 00:00:00+00:00,57.99466,1.6981165
2025-04-17 01:00:00+00:00,132.0891,7.519175
2025-04-17 02:00:00+00:00,5.19435,1.9881649
2025-04-17 03:00:00+00:00,23.198618,5.4833565
2025-04-17 04:00:00+00:00,351.02744,3.462369
2025-04-17 05:00:00+00:00,289.0257,5.5216303
2025-04-17 06:00:00+00:00,284.93146,8.383054
2025-04-17 07:00:00+00:00,283.0919,7.9465466
2025-04-17 08:00:00+00:00,282.30798,10.132897
2025-04-17 09:00:00+00:00,284.74362,10.609316
2025-04-17 10:00:00+00:00,278.13,12.7279215
2025-04-17 11:00:00+00:00,294.04422,12.81165
2025-04-17 12:00:00+00:00,300.11365,10.404249
2025-04-17 13:00:00+00:00,298.1785,5.7176566
2025-04-17 14:00:00+00:00,279.78235,5.297018
2025-04-17 15:00:00+00:00,100.84026,8.613709
2025-04-17 16:00:00+00:00,167.73524,4.2366967
2025-04-17 17:00:00+00:00,122.828545,6.6405115
2025-04-17 18:00:00+00:00,234.46223,1.5484185
2025-04-17 19:00:00+00:00,63.435013,0.40249225
2025-04-17 20:00:00+00:00,360.0,0.17999999
2025-04-17 21:00:00+00:00,329.03632,1.0495713
2025-04-17 22:00:00+00:00,63.435013,0.8049845
2025-04-17 23:00:00+00:00,80.53775,2.1897945
2025-04-18 00:00:00+00:00,72.75845,5.4656014
2025-04-18 01:00:00+00:00,73.07241,4.327493
2025-04-18 02:00:00+00:00,90.0,3.6
2025-04-18 03:00:00+00:00,86.82024,3.244996
2025-04-18 04:00:00+00:00,338.9624,2.5071096
2025-04-18 05:00:00+00:00,284.67642,7.8149853
2025-04-18 06:00:00+00:00,276.0089,10.316686
2025-04-18 07:00:00+00:00,277.8532,10.538843
2025-04-18 08:00:00+00:00,277.01642,11.788281
2025-04-18 09:00:00+00:00,281.3099,11.013882
2025-04-18 10:00:00+00:00,261.57312,9.826088
2025-04-18 11:00:00+00:00,288.43503,8.538149
2025-04-18 12:00:00+00:00,245.77226,7.8954163
2025-04-18 13:00:00+00:00,255.96373,2.968636
2025-04-18 14:00:00+00:00,360.0,2.34
2025-04-18 15:00:00+00:00,34.3804,4.143911
2025-04-18 16:00:00+00:00,180.0,3.6
2025-04-18 17:00:00+00:00,120.256355,5.00128
2025-04-18 18:00:00+00:00,112.1664,5.2478566
2025-04-18 19:00:00+00:00,104.62092,4.278551
2025-04-18 20:00:00+00:00,92.12105,4.8633323
2025-04-18 21:00:00+00:00,76.60749,3.8856654
2025-04-18 22:00:00+00:00,85.23644,4.3349743
2025-04-18 23:00:00+00:00,92.72626,3.7842832
2025-04-19 00:00:00+00:00,90.0,4.14
2025-04-19 01:00:00+00:00,104.03627,3.710795
2025-04-19 02:00:00+00:00,76.42955,5.3699164
2025-04-19 03:00:00+00:00,68.19853,1.9386592
2025-04-19 04:00:00+00:00,284.03625,2.226477
2025-04-19 05:00:00+00:00,282.875,6.4624763
2025-04-19 06:00:00+00:00,273.57626,8.656858
2025-04-19 07:00:00+00:00,277.72174,10.717182
2025-04-19 08:00:00+00:00,284.99512,10.435344
2025-04-19 09:00:00+00:00,284.78278,13.403656
2025-04-19 10:00:00+00:00,284.5002,10.783487
2025-04-19 11:00:00+00:00,281.3099,10.096059
2025-04-19 12:00:00+00:00,305.13428,5.9427266
2025-04-19 13:00:00+00:00,290.659,11.734564
2025-04-19 14:00:00+00:00,303.6901,9.734988
2025-04-19 15:00:00+00:00,322.25314,7.056826
2025-04-19 16:00:00+00:00,54.605125,8.39078
2025-04-19 17:00:00+00:00,81.02746,3.462369
2025-04-19 18:00:00+00:00,98.97255,3.462369
2025-04-19 19:00:00+00:00,103.49575,4.6277857
2025-04-19 20:00:00+00:00,92.385895,4.323748
2025-04-19 21:00:00+00:00,102.5288,4.9785542
2025-04-19 22:00:00+00:00,135.0001,3.3092594
2025-04-19 23:00:00+00:00,105.25517,4.1046314
2025-04-20 00:00:00+00:00,83.15732,4.5322843
2025-04-20 01:00:00+00:00,69.67678,5.1826253
2025-04-20 02:00:00+00:00,75.068535,5.5887027
2025-04-20 03:00:00+00:00,81.46932,3.6402748
2025-04-20 04:00:00+00:00,281.3099,0.9178235
2025-04-20 05:00:00+00:00,281.6336,6.2483597
2025-04-20 06:00:00+00:00,278.6731,10.742848
2025-04-20 07:00:00+00:00,276.70975,12.324414
2025-04-20 08:00:00+00:00,280.82297,12.461669
2025-04-20 09:00:00+00:00,280.52072,12.815443
2025-04-20 10:00:00+00:00,277.69595,6.7205353
2025-04-20 11:00:00+00:00,291.80148,7.754637
2025-04-20 12:00:00+00:00,309.28937,5.1165614
2025-04-20 13:00:00+00:00,291.29742,11.39842
2025-04-20 14:00:00+00:00,295.64096,9.983106
2025-04-20 15:00:00+00:00,315.0001,9.418662
2025-04-20 16:00:00+00:00,332.74475,6.6818557
2025-04-20 17:00:00+00:00,335.69547,6.1226463
2025-04-20 18:00:00+00:00,349.8754,5.1197267
2025-04-20 19:00:00+00:00,16.504446,5.068846
2025-04-20 20:00:00+00:00,30.963696,5.2478566
2025-04-20 21:00:00+00:00,64.98315,5.95906
2025-04-20 22:00:00+00:00,80.07382,7.3094187
2025-04-20 23:00:00+00:00,75.57919,6.5049515
2025-04-21 00:00:00+00:00,85.23644,6.5024605
2025-04-21 01:00:00+00:00,83.15732,4.5322843
2025-04-21 02:00:00+00:00,68.025444,11.063778
2025-04-21 03:00:00+00:00,50.906155,3.710795
2025-04-21 04:00:00+00:00,332.44727,4.669604
2025-04-21 05:00:00+00:00,299.57773,7.6579366
2025-04-21 06:00:00+00:00,284.7968,9.867218
2025-04-21 07:00:00+00:00,279.46225,12.043869
2025-04-21 08:00:00+00:00,278.74606,11.837651
2025-04-21 09:00:00+00:00,278.74606,11.837651
2025-04-21 10:00:00+00:00,282.63336,10.699028
2025-04-21 11:00:00+00:00,283.1906,11.832176
2025-04-21 12:00:00+00:00,295.7099,10.787993
2025-04-21 13:00:00+00:00,275.7105,7.2359104
2025-04-21 14:00:00+00:00,156.42528,10.8015
2025-04-21 15:00:00+00:00,241.38963,2.2553935
2025-04-21 16:00:00+00:00,190.6196,2.9301877
2025-04-21 17:00:00+00:00,90.0,1.08
2025-04-21 18:00:00+00:00,84.805664,1.9881649
2025-04-21 19:00:00+00:00,74.054535,2.6208394
2025-04-21 20:00:00+00:00,77.90526,2.5772078
2025-04-21 21:00:00+00:00,83.29026,6.162207
2025-04-21 22:00:00+00:00,84.17376,8.865799
2025-04-21 23:00:00+00:00,76.42955,5.3699164
2025-04-22 00:00:00+00:00,60.524208,4.755544
2025-04-22 01:00:00+00:00,90.0,2.52
2025-04-22 02:00:00+00:00,100.88548,4.7657523
2025-04-22 03:00:00+00:00,129.28938,2.5582807
2025-04-22 04:00:00+00:00,211.60745,2.7475805
2025-04-22 05:00:00+00:00,236.88864,4.942631
2025-04-22 06:00:00+00:00,248.42863,8.322932
2025-04-22 07:00:00+00:00,258.0239,12.144331
2025-04-22 08:00:00+00:00,256.8094,11.832176
2025-04-22 09:00:00+00:00,266.42374,11.542478
2025-04-22 10:00:00+00:00,246.21796,11.605464
2025-04-22 11:00:00+00:00,297.0308,9.901636
2025-04-22 12:00:00+00:00,292.3802,3.3092597
2025-04-22 13:00:00+00:00,154.44008,9.178235
2025-04-22 14:00:00+00:00,125.311295,5.293959
2025-04-22 15:00:00+00:00,119.74479,5.8048253
2025-04-22 16:00:00+00:00,124.11452,6.7397914
2025-04-22 17:00:00+00:00,144.78232,11.236671
2025-04-22 18:00:00+00:00,141.34016,9.220499
2025-04-22 19:00:00+00:00,133.95847,7.001514
2025-04-22 20:00:00+00:00,109.98319,4.2136917
2025-04-22 21:00:00+00:00,85.23644,2.1674871
2025-04-22 22:00:00+00:00,74.054535,2.6208394
2025-04-22 23:00:00+00:00,97.12492,4.353619
2025-04-23 00:00:00+00:00,111.801476,4.846648
2025-04-23 01:00:00+00:00,113.19862,1.3708391
2025-04-23 02:00:00+00:00,85.23644,2.1674871
2025-04-23 03:00:00+00:00,98.74608,2.36753
2025-04-23 04:00:00+00:00,188.13002,1.2727921
2025-04-23 05:00:00+00:00,244.44008,4.5891175
2025-04-23 06:00:00+00:00,251.20001,8.936777
2025-04-23 07:00:00+00:00,252.1496,11.157097
2025-04-23 08:00:00+00:00,262.30405,13.441071
2025-04-23 09:00:00+00:00,266.58347,12.081472
2025-04-23 10:00:00+00:00,265.03033,12.466867
2025-04-23 11:00:00+00:00,284.99512,10.435344
2025-04-23 12:00:00+00:00,202.6199,4.6800003
2025-04-23 13:00:00+00:00,289.1791,4.3832865
2025-04-23 14:00:00+00:00,301.4295,3.7971041
2025-04-23 15:00:00+00:00,351.87,1.2727921
2025-04-23 16:00:00+00:00,360.0,0.54
2025-04-23 17:00:00+00:00,336.8014,1.3708391
2025-04-23 18:00:00+00:00,13.5704565,5.3699164
2025-04-23 19:00:00+00:00,74.47583,6.725354
2025-04-23 20:00:00+00:00,69.67678,5.1826253
2025-04-23 21:00:00+00:00,106.38962,3.189608
2025-04-23 22:00:00+00:00,116.56499,5.2323985
2025-04-23 23:00:00+00:00,124.3804,4.143911
2025-04-24 00:00:00+00:00,87.5105,4.143911
2025-04-24 01:00:00+00:00,57.264786,2.995797
2025-04-24 02:00:00+00:00,313.4519,4.7110505
2025-04-24 03:00:00+00:00,15.945477,2.6208394
2025-04-24 04:00:00+00:00,285.06854,4.8466477
2025-04-24 05:00:00+00:00,276.95285,7.4346757
2025-04-24 06:00:00+00:00,273.814,8.11798
2025-04-24 07:00:00+00:00,272.04535,10.086427
2025-04-24 08:00:00+00:00,271.76236,11.705537
2025-04-24 09:00:00+00:00,275.10208,10.120098
2025-04-24 10:00:00+00:00,288.43503,6.2613096
2025-04-24 11:00:00+00:00,278.61557,6.0077944
2025-04-24 12:00:00+00:00,311.98712,4.8433046
2025-04-24 13:00:00+00:00,158.19853,0.9693296
2025-04-24 14:00:00+00:00,176.42374,2.8856194
2025-04-24 15:00:00+00:00,138.57643,4.080882
2025-04-24 16:00:00+00:00,164.74483,8.209263
2025-04-24 17:00:00+00:00,238.39255,5.495161
2025-04-24 18:00:00+00:00,214.50858,3.494968
2025-04-24 19:00:00+00:00,248.19853,0.9693296
2025-04-24 20:00:00+00:00,91.46877,7.0223074
2025-04-24 21:00:00+00:00,118.30067,5.315336
2025-04-24 22:00:00+00:00,91.06089,9.721666
2025-04-24 23:00:00+00:00,87.67852,13.330941
2025-04-25 00:00:00+00:00,95.85592,7.0568266
2025-04-25 01:00:00+00:00,155.22488,2.5772076
2025-04-25 02:00:00+00:00,140.52757,3.9640884
2025-04-25 03:00:00+00:00,165.96373,2.226477
2025-04-25 04:00:00+00:00,258.6901,3.671294
2025-04-25 05:00:00+00:00,261.02747,6.924738
2025-04-25 06:00:00+00:00,250.34608,10.703569
2025-04-25 07:00:00+00:00,244.65387,11.35285
2025-04-25 08:00:00+00:00,253.66388,10.8792095
2025-04-25 09:00:00+00:00,246.64441,8.626865
2025-04-25 10:00:00+00:00,249.07542,6.5520988
2025-04-25 11:00:00+00:00,258.6901,9.178235
2025-04-25 12:00:00+00:00,259.3804,2.9301877
2025-04-25 13:00:00+00:00,32.005356,1.6981165
2025-04-25 14:00:00+00:00,105.42222,5.4149795
2025-04-25 15:00:00+00:00,91.73567,5.9427266
2025-04-25 16:00:00+00:00,82.14678,5.2694216
2025-04-25 17:00:00+00:00,82.56869,4.175069
2025-04-25 18:00:00+00:00,64.79892,3.381893
2025-04-25 19:00:00+00:00,72.34979,4.1556225
2025-04-25 20:00:00+00:00,56.3099,1.9469976
2025-04-25 21:00:00+00:00,33.6901,0.6489992
2025-04-25 22:00:00+00:00,105.945465,1.3104197
2025-04-25 23:00:00+00:00,71.564964,3.4152596
2025-04-26 00:00:00+00:00,104.743614,3.536439
2025-04-26 01:00:00+00:00,147.26479,2.995797
2025-04-26 02:00:00+00:00,138.81418,1.9134263
2025-04-26 03:00:00+00:00,63.435013,0.8049845
2025-04-26 04:00:00+00:00,251.56496,1.1384199
2025-04-26 05:00:00+00:00,254.3577,4.6730714
2025-04-26 06:00:00+00:00,253.77974,10.310403
2025-04-26 07:00:00+00:00,252.78384,13.379461
2025-04-26 08:00:00+00:00,247.78236,13.8049555
2025-04-26 09:00:00+00:00,188.25935,11.276968
2025-04-26 10:00:00+00:00,208.68605,10.874742
2025-04-26 11:00:00+00:00,208.85556,10.070353
2025-04-26 12:00:00+00:00,223.99501,7.256032
2025-04-26 13:00:00+00:00,144.46223,13.935767
2025-04-26 14:00:00+00:00,142.12495,6.156947
2025-04-26 15:00:00+00:00,50.389355,6.7757506
2025-04-26 16:00:00+00:00,116.56499,4.0249224
2025-04-26 17:00:00+00:00,94.23632,4.8733153
2025-04-26 18:00:00+00:00,94.08554,2.5264204
2025-04-26 19:00:00+00:00,150.2552,2.9024127
2025-04-26 20:00:00+00:00,63.435013,2.4149535
2025-04-26 21:00:00+00:00,84.805664,3.9763298
2025-04-26 22:00:00+00:00,87.95464,10.086427
2025-04-26 23:00:00+00:00,67.01126,6.452441
2025-04-27 00:00:00+00:00,107.35411,6.0347
2025-04-27 01:00:00+00:00,104.03627,0.742159
2025-04-27 02:00:00+00:00,81.86999,1.2727921
2025-04-27 03:00:00+00:00,26.564985,2.0124612
2025-04-27 04:00:00+00:00,311.18582,1.9134263
2025-04-27 05:00:00+00:00,259.21576,3.84796
2025-04-27 06:00:00+00:00,251.11382,7.229191
2025-04-27 07:00:00+00:00,243.43501,12.879752
2025-04-27 08:00:00+00:00,236.7251,13.779114
2025-04-27 09:00:00+00:00,240.42226,7.6579366
2025-04-27 10:00:00+00:00,237.38077,10.685391
2025-04-27 11:00:00+00:00,236.65927,8.187527
2025-04-27 12:00:00+00:00,294.10223,7.4932766
2025-04-27 13:00:00+00:00,135.0001,2.8001428
2025-04-27 14:00:00+00:00,123.6901,4.542994
2025-04-27 15:00:00+00:00,90.0,2.8799999
2025-04-27 16:00:00+00:00,63.435013,2.8174455
2025-04-27 17:00:00+00:00,81.86999,1.2727921
2025-04-27 18:00:00+00:00,63.435013,0.40249225
2025-04-27 19:00:00+00:00,63.435013,2.4149535
2025-04-27 20:00:00+00:00,58.392544,5.495161
2025-04-27 21:00:00+00:00,75.96373,5.195113
2025-04-27 22:00:00+00:00,94.57384,4.514377
2025-04-27 23:00:00+00:00,86.63361,3.0652895
2025-04-28 00:00:00+00:00,92.72626,3.7842832
2025-04-28 01:00:00+00:00,180.0,6.8399997
2025-04-28 02:00:00+00:00,141.58191,6.6624317
2025-04-28 03:00:00+00:00,143.88057,16.489416
2025-04-28 04:00:00+00:00,114.44395,2.1749482
2025-04-28 05:00:00+00:00,146.88864,4.942631
2025-04-28 06:00:00+00:00,170.53775,3.2846913
2025-04-28 07:00:00+00:00,231.07245,6.015878
2025-04-28 08:00:00+00:00,237.26477,8.9873905
2025-04-28 09:00:00+00:00,231.34016,11.525623
2025-04-28 10:00:00+00:00,230.52757,7.928177
2025-04-28 11:00:00+00:00,232.43134,8.856658
2025-04-28 12:00:00+00:00,236.88864,4.942631
2025-04-28 13:00:00+00:00,194.03627,0.742159
2025-04-28 14:00:00+00:00,53.471054,12.096214
2025-04-28 15:00:00+00:00,124.69522,11.384198
2025-04-28 16:00:00+00:00,68.96242,2.5071096
2025-04-28 17:00:00+00:00,102.5288,1.659518
2025-04-28 18:00:00+00:00,151.38963,2.2553935
2025-04-28 19:00:00+00:00,154.5367,4.186693
2025-04-28 20:00:00+00:00,155.22488,5.154415
2025-04-28 21:00:00+00:00,154.17906,6.198903
2025-04-28 22:00:00+00:00,143.13002,5.3999996
2025-04-28 23:00:00+00:00,136.90913,7.6409945
2025-04-29 00:00:00+00:00,124.3804,4.143911
2025-04-29 01:00:00+00:00,54.246033,5.5450516
2025-04-29 02:00:00+00:00,93.366394,6.130579
2025-04-29 03:00:00+00:00,102.99462,4.802999
2025-04-29 04:00:00+00:00,101.3099,1.835647
2025-04-29 05:00:00+00:00,291.03757,2.5071096
2025-04-29 06:00:00+00:00,252.89719,7.3447943
2025-04-29 07:00:00+00:00,247.98866,9.12513
2025-04-29 08:00:00+00:00,247.79646,9.526405
2025-04-29 09:00:00+00:00,226.36386,10.694485
2025-04-29 10:00:00+00:00,219.47243,7.928177
2025-04-29 11:00:00+00:00,210.0685,7.9036193
2025-04-29 12:00:00+00:00,33.6901,0.6489992
2025-04-29 13:00:00+00:00,96.340096,3.2599385
2025-04-29 14:00:00+00:00,135.0001,4.072935
2025-04-29 15:00:00+00:00,77.00539,2.4014995
2025-04-29 16:00:00+00:00,111.03758,5.0142193
2025-04-29 17:00:00+00:00,144.29323,7.0934615
2025-04-29 18:00:00+00:00,156.80139,4.1125174
2025-04-29 19:00:00+00:00,178.53123,7.0223074
2025-04-29 20:00:00+00:00,155.69547,6.1226463
2025-04-29 21:00:00+00:00,153.43501,6.439876
2025-04-29 22:00:00+00:00,144.24602,5.5450516
2025-04-29 23:00:00+00:00,123.6901,3.8939953
2025-04-30 00:00:00+00:00,94.57384,4.514377
2025-04-30 01:00:00+00:00,135.0001,1.2727921
2025-04-30 02:00:00+00:00,90.0,3.4199998
2025-04-30 03:00:00+00:00,139.18501,5.2323985
2025-04-30 04:00:00+00:00,164.05453,5.2416787
2025-04-30 05:00:00+00:00,188.13002,3.8183763
2025-04-30 06:00:00+00:00,236.76828,6.2405767
2025-04-30 07:00:00+00:00,238.67136,9.693296
2025-04-30 08:00:00+00:00,234.78232,11.236671
2025-04-30 09:00:00+00:00,227.54485,11.466438
2025-04-30 10:00:00+00:00,216.67444,10.548061
2025-04-30 11:00:00+00:00,270.0,1.4399999
2025-04-30 12:00:00+00:00,220.81499,5.2323985
2025-04-30 13:00:00+00:00,334.98312,2.97953
2025-04-30 14:00:00+00:00,80.53775,3.2846913
2025-04-30 15:00:00+00:00,76.42955,5.3699164
2025-04-30 16:00:00+00:00,127.694305,5.004518
2025-04-30 17:00:00+00:00,140.82635,6.269067
2025-04-30 18:00:00+00:00,149.8587,12.904882
2025-04-30 19:00:00+00:00,146.65927,8.187527
2025-04-30 20:00:00+00:00,135.0001,5.6002855
2025-04-30 21:00:00+00:00,138.57643,8.161764
2025-04-30 22:00:00+00:00,138.50363,6.248359
2025-04-30 23:00:00+00:00,128.15727,6.4096174
2025-05-01 00:00:00+00:00,122.61923,5.3426957
2025-05-01 01:00:00+00:00,145.0079,4.39436
2025-05-01 02:00:00+00:00,147.99466,3.396233
2025-05-01 03:00:00+00:00,156.3706,3.143565
2025-05-01 04:00:00+00:00,144.46223,1.5484185
2025-05-01 05:00:00+00:00,258.6901,3.671294
2025-05-01 06:00:00+00:00,275.5721,7.415038
2025-05-01 07:00:00+00:00,267.6141,8.647496
2025-05-01 08:00:00+00:00,283.81503,11.307095
2025-05-01 09:00:00+00:00,277.23682,11.431063
2025-05-01 10:00:00+00:00,267.31628,11.53265
2025-05-01 11:00:00+00:00,267.6141,8.647496
2025-05-01 12:00:00+00:00,270.0,7.02
2025-05-01 13:00:00+00:00,16.389616,3.189608
2025-05-01 14:00:00+00:00,73.300674,5.637765
2025-05-01 15:00:00+00:00,109.025696,5.5216303
2025-05-01 16:00:00+00:00,117.47435,5.072041
2025-05-01 17:00:00+00:00,101.768265,4.412754
2025-05-01 18:00:00+00:00,74.47583,3.362677
2025-05-01 19:00:00+00:00,86.63361,3.0652895
2025-05-01 20:00:00+00:00,74.74483,2.0523157
2025-05-01 21:00:00+00:00,151.1893,4.1085763
2025-05-01 22:00:00+00:00,132.5104,2.9301877
2025-05-01 23:00:00+00:00,114.22774,3.9477081
2025-05-02 00:00:00+00:00,116.56499,4.0249224
2025-05-02 01:00:00+00:00,87.87895,4.8633323
2025-05-02 02:00:00+00:00,87.79745,4.6834598
2025-05-02 03:00:00+00:00,86.82024,3.244996
2025-05-02 04:00:00+00:00,261.87,1.2727921
2025-05-02 05:00:00+00:00,245.22488,5.154415
2025-05-02 06:00:00+00:00,252.29948,8.880405
2025-05-02 07:00:00+00:00,260.21765,10.594036
2025-05-02 08:00:00+00:00,260.18076,9.499157
2025-05-02 09:00:00+00:00,258.87085,11.190442
2025-05-02 10:00:00+00:00,49.085716,3.572898
2025-05-02 11:00:00+00:00,120.0685,3.9518096
2025-05-02 12:00:00+00:00,116.56499,2.4149535
2025-05-02 13:00:00+00:00,148.90276,13.243156
2025-05-02 14:00:00+00:00,141.92717,13.719023
2025-05-02 15:00:00+00:00,128.43733,14.477417
2025-05-02 16:00:00+00:00,86.633606,9.195868
2025-05-02 17:00:00+00:00,130.85529,8.805294
2025-05-02 18:00:00+00:00,104.03627,5.195113
2025-05-02 19:00:00+00:00,95.7105,7.2359104
2025-05-02 20:00:00+00:00,103.706985,7.596341
2025-05-02 21:00:00+00:00,106.55715,6.9480934
2025-05-02 22:00:00+00:00,114.44395,6.5248446
2025-05-02 23:00:00+00:00,129.17365,6.269067
2025-05-03 00:00:00+00:00,107.650215,4.1556225
2025-05-03 01:00:00+00:00,88.264336,5.9427266
2025-05-03 02:00:00+00:00,100.88548,4.7657523
2025-05-03 03:00:00+00:00,138.01286,4.8433046
2025-05-03 04:00:00+00:00,222.5104,2.9301877
2025-05-03 05:00:00+00:00,252.07199,6.4323244
2025-05-03 06:00:00+00:00,254.93146,9.6932955
2025-05-03 07:00:00+00:00,266.4786,11.722133
2025-05-03 08:00:00+00:00,271.68463,12.245294
2025-05-03 09:00:00+00:00,280.1542,12.2519045
2025-05-03 10:00:00+00:00,279.46225,12.043869
2025-05-03 11:00:00+00:00,278.13,7.6367526
2025-05-03 12:00:00+00:00,280.53912,7.8728137
2025-05-03 13:00:00+00:00,283.44864,8.513448
2025-05-03 14:00:00+00:00,285.94547,10.483357
2025-05-03 15:00:00+00:00,294.56717,6.9270773
2025-05-03 16:00:00+00:00,14.4208145,6.5049515
2025-05-03 17:00:00+00:00,50.194473,5.6233797
2025-05-03 18:00:00+00:00,157.75093,4.278551
2025-05-03 19:00:00+00:00,90.0,4.32
2025-05-03 20:00:00+00:00,26.564985,0.40249225
2025-05-03 21:00:00+00:00,21.54104,7.353611
2025-05-03 22:00:00+00:00,55.09743,9.437563
2025-05-03 23:00:00+00:00,91.97489,5.223103
2025-05-04 00:00:00+00:00,87.95464,5.0432134
2025-05-04 01:00:00+00:00,66.037506,7.0911775
2025-05-04 02:00:00+00:00,62.65021,5.8769383
2025-05-04 03:00:00+00:00,34.69522,5.692099
2025-05-04 04:00:00+00:00,360.0,6.4799995
2025-05-04 05:00:00+00:00,327.72437,8.0899935
2025-05-04 06:00:00+00:00,295.67676,10.385547
2025-05-04 07:00:00+00:00,284.74362,14.145756
2025-05-04 08:00:00+00:00,292.71445,16.78156
2025-05-04 09:00:00+00:00,293.52322,16.68669
2025-05-04 10:00:00+00:00,297.75842,15.459054
2025-05-04 11:00:00+00:00,310.0302,11.753876
2025-05-04 12:00:00+00:00,302.53503,12.383424
2025-05-04 13:00:00+00:00,308.65982,11.525623
2025-05-04 14:00:00+00:00,310.10083,8.942214
2025-05-04 15:00:00+00:00,306.02747,7.344794
2025-05-04 16:00:00+00:00,315.0001,4.8366103
2025-05-04 17:00:00+00:00,6.70975,3.0811036
2025-05-04 18:00:00+00:00,49.76371,3.0652893
2025-05-04 19:00:00+00:00,55.0079,2.19718
2025-05-04 20:00:00+00:00,38.65983,1.1525624
2025-05-04 21:00:00+00:00,44.999897,1.2727921
2025-05-04 22:00:00+00:00,343.3007,1.8792552
2025-05-04 23:00:00+00:00,327.99466,5.09435
2025-05-05 00:00:00+00:00,11.76827,4.412754
2025-05-05 01:00:00+00:00,330.25522,2.9024127
2025-05-05 02:00:00+00:00,324.46225,3.096837
2025-05-05 03:00:00+00:00,341.56494,1.1384199
2025-05-05 04:00:00+00:00,260.13425,4.2021422
2025-05-05 05:00:00+00:00,271.46878,7.0223074
2025-05-05 06:00:00+00:00,259.50858,9.885262
2025-05-05 07:00:00+00:00,255.42574,9.299225
2025-05-05 08:00:00+00:00,258.6901,10.096059
2025-05-05 09:00:00+00:00,270.0,11.7
2025-05-05 10:00:00+00:00,270.0,9.36
2025-05-05 11:00:00+00:00,283.29858,10.172787
2025-05-05 12:00:00+00:00,298.00906,9.582358
2025-05-05 13:00:00+00:00,257.90524,2.5772078
2025-05-05 14:00:00+00:00,171.86998,2.5455842
2025-05-05 15:00:00+00:00,143.13002,0.9
2025-05-05 16:00:00+00:00,111.16133,5.9834766
2025-05-05 17:00:00+00:00,143.13002,5.3999996
2025-05-05 18:00:00+00:00,130.36446,4.724786
2025-05-05 19:00:00+00:00,94.76356,2.1674871
2025-05-05 20:00:00+00:00,90.0,0.35999998
2025-05-05 21:00:00+00:00,44.999897,0.5091169
2025-05-05 22:00:00+00:00,93.945114,5.232399
2025-05-05 23:00:00+00:00,105.25517,4.1046314
2025-05-06 00:00:00+00:00,114.44395,2.1749482
2025-05-06 01:00:00+00:00,90.0,3.6
2025-05-06 02:00:00+00:00,49.085716,3.572898
2025-05-06 03:00:00+00:00,360.0,4.68
2025-05-06 04:00:00+00:00,330.64233,6.6087217
2025-05-06 05:00:00+00:00,304.5626,9.835975
2025-05-06 06:00:00+00:00,286.62082,12.585848
2025-05-06 07:00:00+00:00,287.0491,14.120539
2025-05-06 08:00:00+00:00,286.95538,15.430736
2025-05-06 09:00:00+00:00,298.20154,14.092978
2025-05-06 10:00:00+00:00,311.98712,14.529915
2025-05-06 11:00:00+00:00,332.9495,9.499158
2025-05-06 12:00:00+00:00,358.56793,7.2022495
2025-05-06 13:00:00+00:00,311.98712,7.2649574
2025-05-06 14:00:00+00:00,327.52884,4.6938257
2025-05-06 15:00:00+00:00,336.0375,3.5455887
2025-05-06 16:00:00+00:00,14.036275,2.226477
2025-05-06 17:00:00+00:00,74.16755,12.535548
2025-05-06 18:00:00+00:00,126.68982,11.448055
2025-05-06 19:00:00+00:00,111.44781,5.414979
2025-05-06 20:00:00+00:00,82.09293,6.542201
2025-05-06 21:00:00+00:00,82.875084,7.256032
2025-05-06 22:00:00+00:00,91.21885,8.461914
2025-05-06 23:00:00+00:00,83.659904,6.519877
2025-05-07 00:00:00+00:00,61.821507,5.7176566
2025-05-07 01:00:00+00:00,38.418083,6.6624317
2025-05-07 02:00:00+00:00,32.82854,6.6405115
2025-05-07 03:00:00+00:00,6.7888846,7.613382
2025-05-07 04:00:00+00:00,332.1525,10.7894945
2025-05-07 05:00:00+00:00,313.3317,13.115319
2025-05-07 06:00:00+00:00,298.4428,14.73913
2025-05-07 07:00:00+00:00,299.42737,16.1198
2025-05-07 08:00:00+00:00,294.49857,15.62686
2025-05-07 09:00:00+00:00,293.52322,16.68669
2025-05-07 10:00:00+00:00,291.1399,14.474059
2025-05-07 11:00:00+00:00,285.83246,12.535548
2025-05-07 12:00:00+00:00,294.5901,11.679213
2025-05-07 13:00:00+00:00,300.96368,3.148714
2025-05-07 14:00:00+00:00,100.00792,3.1072817
2025-05-07 15:00:00+00:00,104.79681,9.867218
2025-05-07 16:00:00+00:00,115.67677,10.385547
2025-05-07 17:00:00+00:00,115.34614,7.5685663
2025-05-07 18:00:00+00:00,94.96966,4.1556225
2025-05-07 19:00:00+00:00,116.56499,3.62243
2025-05-07 20:00:00+00:00,94.39862,2.3469126
2025-05-07 21:00:00+00:00,87.27374,3.7842832
2025-05-07 22:00:00+00:00,106.38962,3.189608
2025-05-07 23:00:00+00:00,99.46225,2.1897945
2025-05-08 00:00:00+00:00,159.44388,1.5379207
2025-05-08 01:00:00+00:00,67.75093,4.278551
2025-05-08 02:00:00+00:00,65.22488,5.154415
2025-05-08 03:00:00+00:00,78.11137,3.4949677
2025-05-08 04:00:00+00:00,354.2895,1.8089776
2025-05-08 05:00:00+00:00,290.55612,4.613762
2025-05-08 06:00:00+00:00,283.44864,8.513448
2025-05-08 07:00:00+00:00,282.72437,11.440978
2025-05-08 08:00:00+00:00,277.69595,13.441071
2025-05-08 09:00:00+00:00,273.05283,13.519186
2025-05-08 10:00:00+00:00,277.30566,14.154915
2025-05-08 11:00:00+00:00,282.23608,15.287288
2025-05-08 12:00:00+00:00,296.2413,14.248452
2025-05-08 13:00:00+00:00,306.86996,9.0
2025-05-08 14:00:00+00:00,306.86996,7.2
2025-05-08 15:00:00+00:00,311.05472,7.3997297
2025-05-08 16:00:00+00:00,315.0001,7.127636
2025-05-08 17:00:00+00:00,335.55606,6.5248446
2025-05-08 18:00:00+00:00,5.527458,5.6060677
2025-05-08 19:00:00+00:00,37.476254,6.804381
2025-05-08 20:00:00+00:00,57.528828,7.0407386
2025-05-08 21:00:00+00:00,62.744755,6.6818557
2025-05-08 22:00:00+00:00,62.744755,6.6818557
2025-05-08 23:00:00+00:00,67.83361,5.2478566
2025-05-09 00:00:00+00:00,71.564964,2.8460498
2025-05-09 01:00:00+00:00,38.367523,5.509882
2025-05-09 02:00:00+00:00,38.65983,5.7628117
2025-05-09 03:00:00+00:00,14.381432,7.247096
2025-05-09 04:00:00+00:00,345.9637,8.905908
2025-05-09 05:00:00+00:00,318.62158,10.075177
2025-05-09 06:00:00+00:00,299.27515,13.619471
2025-05-09 07:00:00+00:00,297.672,16.666288
2025-05-09 08:00:00+00:00,297.621,17.471132
2025-05-09 09:00:00+00:00,296.30096,17.468348
2025-05-09 10:00:00+00:00,295.78726,17.791796
2025-05-09 11:00:00+00:00,298.99585,17.081041
2025-05-09 12:00:00+00:00,299.35767,16.521803
2025-05-09 13:00:00+00:00,295.8663,13.202726
2025-05-09 14:00:00+00:00,301.90805,11.238113
2025-05-09 15:00:00+00:00,311.18582,9.567131
2025-05-09 16:00:00+00:00,314.145,8.528657
2025-05-09 17:00:00+00:00,317.91092,7.519175
2025-05-09 18:00:00+00:00,329.53452,7.10031
2025-05-09 19:00:00+00:00,350.21765,5.297018
2025-05-09 20:00:00+00:00,8.130019,5.0911684
2025-05-09 21:00:00+00:00,36.86998,5.3999996
2025-05-09 22:00:00+00:00,68.83867,5.9834766
2025-05-09 23:00:00+00:00,82.50424,6.898956
2025-05-10 00:00:00+00:00,91.50741,6.8423676
2025-05-10 01:00:00+00:00,83.08887,5.9834766
2025-05-10 02:00:00+00:00,79.87539,5.1197267
2025-05-10 03:00:00+00:00,7.12493,2.9024127
2025-05-10 04:00:00+00:00,330.9455,3.7064266
2025-05-10 05:00:00+00:00,291.16132,5.9834766
2025-05-10 06:00:00+00:00,282.09473,10.308831
2025-05-10 07:00:00+00:00,279.46225,13.138765
2025-05-10 08:00:00+00:00,279.3446,14.411245
2025-05-10 09:00:00+00:00,284.38144,14.494192
2025-05-10 10:00:00+00:00,288.88617,14.458382
2025-05-10 11:00:00+00:00,289.1198,14.288191
2025-05-10 12:00:00+00:00,292.98874,12.904882
2025-05-10 13:00:00+00:00,297.7184,11.996699
2025-05-10 14:00:00+00:00,302.8557,10.285232
2025-05-10 15:00:00+00:00,306.25394,10.04458
2025-05-10 16:00:00+00:00,311.72943,8.92408
2025-05-10 17:00:00+00:00,316.9749,7.386582
2025-05-10 18:00:00+00:00,329.3494,5.6492476
2025-05-10 19:00:00+00:00,360.0,4.32
2025-05-10 20:00:00+00:00,34.3804,4.143911
2025-05-10 21:00:00+00:00,59.349415,5.6492476
2025-05-10 22:00:00+00:00,81.86999,6.3639607
2025-05-10 23:00:00+00:00,97.59455,5.4477882
2025-05-11 00:00:00+00:00,93.814,5.4119864
2025-05-11 01:00:00+00:00,57.804302,5.7431
2025-05-11 02:00:00+00:00,76.42955,5.3699164
2025-05-11 03:00:00+00:00,87.3975,3.964089
2025-05-11 04:00:00+00:00,341.56494,1.7076298
2025-05-11 05:00:00+00:00,288.92474,6.66
2025-05-11 06:00:00+00:00,275.19434,11.928989
2025-05-11 07:00:00+00:00,270.74405,13.861168
2025-05-11 08:00:00+00:00,265.5445,13.902014
2025-05-11 09:00:00+00:00,262.6263,15.427586
2025-05-11 10:00:00+00:00,266.7481,15.865546
2025-05-11 11:00:00+00:00,270.66617,15.481048
2025-05-11 12:00:00+00:00,274.23633,14.619946
2025-05-11 13:00:00+00:00,265.07297,10.478722
2025-05-11 14:00:00+00:00,270.0,8.28
2025-05-11 15:00:00+00:00,271.14572,9.0018
2025-05-11 16:00:00+00:00,271.14572,9.0018
2025-05-11 17:00:00+00:00,263.51703,7.970972
2025-05-11 18:00:00+00:00,258.23172,8.825508
2025-05-11 19:00:00+00:00,252.64589,3.01735
2025-05-11 20:00:00+00:00,16.389616,3.189608
2025-05-11 21:00:00+00:00,38.290207,4.3573384
2025-05-11 22:00:00+00:00,113.02553,7.823272
2025-05-11 23:00:00+00:00,70.346085,2.6758924
2025-05-12 00:00:00+00:00,81.25392,2.36753
2025-05-12 01:00:00+00:00,50.194473,5.6233797
2025-05-12 02:00:00+00:00,65.22488,5.154415
2025-05-12 03:00:00+00:00,293.1986,1.3708391
2025-05-12 04:00:00+00:00,270.0,6.12
2025-05-12 05:00:00+00:00,270.0,8.099999
2025-05-12 06:00:00+00:00,270.0,9.0
2025-05-12 07:00:00+00:00,273.17978,9.734988
2025-05-12 08:00:00+00:00,266.42374,11.542478
2025-05-12 09:00:00+00:00,264.99945,14.455019
2025-05-12 10:00:00+00:00,266.77554,12.800265
2025-05-12 11:00:00+00:00,270.0,10.62
2025-05-12 12:00:00+00:00,278.32556,7.458606
2025-05-12 13:00:00+00:00,270.0,9.179999
2025-05-12 14:00:00+00:00,280.6196,5.8603754
2025-05-12 15:00:00+00:00,253.41258,8.827343
2025-05-12 16:00:00+00:00,180.0,7.02
2025-05-12 17:00:00+00:00,146.76828,6.2405767
2025-05-12 18:00:00+00:00,124.04598,8.037761
2025-05-12 19:00:00+00:00,102.33907,5.896202
2025-05-12 20:00:00+00:00,76.75947,6.28713
2025-05-12 21:00:00+00:00,76.75947,3.143565
2025-05-12 22:00:00+00:00,101.3099,4.5891175
2025-05-12 23:00:00+00:00,92.60251,3.964089
2025-05-13 00:00:00+00:00,147.38077,5.3426957
2025-05-13 01:00:00+00:00,176.6336,9.195868
2025-05-13 02:00:00+00:00,130.48593,9.703319
2025-05-13 03:00:00+00:00,141.34016,6.9153743
2025-05-13 04:00:00+00:00,232.12495,4.1046314
2025-05-13 05:00:00+00:00,176.6336,3.0652895
2025-05-13 06:00:00+00:00,261.52893,8.553314
2025-05-13 07:00:00+00:00,272.8155,10.993271
2025-05-13 08:00:00+00:00,278.88058,11.659777
2025-05-13 09:00:00+00:00,277.59454,13.619471
2025-05-13 10:00:00+00:00,282.93805,13.666967
2025-05-13 11:00:00+00:00,287.61267,11.897714
2025-05-13 12:00:00+00:00,291.94876,13.00243
2025-05-13 13:00:00+00:00,306.11945,8.244708
2025-05-13 14:00:00+00:00,355.81516,7.3997297
2025-05-13 15:00:00+00:00,6.3401003,6.519877
2025-05-13 16:00:00+00:00,13.134034,5.5450516
2025-05-13 17:00:00+00:00,347.4712,3.319036
2025-05-13 18:00:00+00:00,13.134034,5.5450516
2025-05-13 19:00:00+00:00,82.09293,6.542201
2025-05-13 20:00:00+00:00,101.3099,5.506941
2025-05-13 21:00:00+00:00,135.0001,3.563818
2025-05-13 22:00:00+00:00,97.853226,5.2694216
2025-05-13 23:00:00+00:00,56.3099,3.244996
2025-05-14 00:00:00+00:00,68.83867,5.9834766
2025-05-14 01:00:00+00:00,75.37909,4.278551
2025-05-14 02:00:00+00:00,62.59251,5.4744864
2025-05-14 03:00:00+00:00,71.564964,1.7076298
2025-05-14 04:00:00+00:00,305.13428,5.9427266
2025-05-14 05:00:00+00:00,289.35907,7.0591216
2025-05-14 06:00:00+00:00,278.91486,9.292254
2025-05-14 07:00:00+00:00,271.90912,10.805999
2025-05-14 08:00:00+00:00,276.0541,11.9466305
2025-05-14 09:00:00+00:00,288.99673,11.612441
2025-05-14 10:00:00+00:00,282.26477,12.710091
2025-05-14 11:00:00+00:00,296.56497,8.854829
2025-05-14 12:00:00+00:00,236.3099,6.489992
2025-05-14 13:00:00+00:00,296.56497,6.037383
2025-05-14 14:00:00+00:00,318.1799,4.5891175
2025-05-14 15:00:00+00:00,11.3098955,0.9178235
2025-05-14 16:00:00+00:00,335.55606,2.1749482
2025-05-14 17:00:00+00:00,15.255177,2.0523157
2025-05-14 18:00:00+00:00,98.13002,1.2727921
2025-05-14 19:00:00+00:00,360.0,0.17999999
2025-05-14 20:00:00+00:00,360.0,1.08
2025-05-14 21:00:00+00:00,11.3098955,0.9178235
2025-05-14 22:00:00+00:00,270.0,0.17999999
2025-05-14 23:00:00+00:00,246.80138,1.3708391
2025-05-15 00:00:00+00:00,187.12492,1.4512063
2025-05-15 01:00:00+00:00,95.906044,5.2478566
2025-05-15 02:00:00+00:00,90.0,5.04
2025-05-15 03:00:00+00:00,70.01681,4.2136917
2025-05-15 04:00:00+00:00,16.389616,3.189608
2025-05-15 05:00:00+00:00,315.0001,4.8366103
2025-05-15 06:00:00+00:00,282.26477,8.473393
2025-05-15 07:00:00+00:00,275.52744,11.212135
2025-05-15 08:00:00+00:00,276.91113,11.966953
2025-05-15 09:00:00+00:00,270.0,12.24
2025-05-15 10:00:00+00:00,280.3888,10.98
2025-05-15 11:00:00+00:00,282.43954,12.534257
2025-05-15 12:00:00+00:00,283.7608,9.080639
2025-05-15 13:00:00+00:00,299.1675,8.863972
2025-05-15 14:00:00+00:00,336.2505,4.91634
2025-05-15 15:00:00+00:00,26.564985,4.0249224
2025-05-15 16:00:00+00:00,71.564964,7.968939
2025-05-15 17:00:00+00:00,86.308685,5.5916004
2025-05-15 18:00:00+00:00,97.59455,5.4477882
2025-05-15 19:00:00+00:00,116.56499,4.829907
2025-05-15 20:00:00+00:00,143.13002,3.6
2025-05-15 21:00:00+00:00,138.01286,2.4216523
2025-05-15 22:00:00+00:00,165.06853,2.7943513
2025-05-15 23:00:00+00:00,150.2552,1.4512063
2025-05-16 00:00:00+00:00,104.03627,1.484318
2025-05-16 01:00:00+00:00,71.564964,7.3997297
2025-05-16 02:00:00+00:00,84.644264,5.7852573
2025-05-16 03:00:00+00:00,123.690094,2.5959969
2025-05-16 04:00:00+00:00,244.35904,4.991553
2025-05-16 05:00:00+00:00,258.40784,7.1661706
2025-05-16 06:00:00+00:00,257.36664,10.699028
2025-05-16 07:00:00+00:00,256.84244,14.2336645
2025-05-16 08:00:00+00:00,263.6599,14.669724
2025-05-16 09:00:00+00:00,281.14285,12.108261
2025-05-16 10:00:00+00:00,284.74362,10.609316
2025-05-16 11:00:00+00:00,279.75235,11.688918
2025-05-16 12:00:00+00:00,294.94388,8.536252
2025-05-16 13:00:00+00:00,292.3802,3.3092597
2025-05-16 14:00:00+00:00,322.12494,2.0523157
2025-05-16 15:00:00+00:00,333.43503,2.0124612
2025-05-16 16:00:00+00:00,21.037588,2.5071096
2025-05-16 17:00:00+00:00,14.036275,2.226477
2025-05-16 18:00:00+00:00,90.0,0.17999999
2025-05-16 19:00:00+00:00,210.96368,4.198285
2025-05-16 20:00:00+00:00,334.8852,6.361415
2025-05-16 21:00:00+00:00,243.43501,2.4149535
2025-05-16 22:00:00+00:00,258.31067,5.3305535
2025-05-16 23:00:00+00:00,258.6901,6.424764
2025-05-17 00:00:00+00:00,257.4712,1.659518
2025-05-17 01:00:00+00:00,2.1210518,4.8633323
2025-05-17 02:00:00+00:00,337.3801,2.3400002
2025-05-17 03:00:00+00:00,90.0,0.17999999
2025-05-17 04:00:00+00:00,230.19447,4.2175345
2025-05-17 05:00:00+00:00,219.09384,3.710795
2025-05-17 06:00:00+00:00,249.59003,8.2584505
2025-05-17 07:00:00+00:00,262.8751,10.158444
2025-05-17 08:00:00+00:00,273.46817,5.950899
2025-05-17 09:00:00+00:00,278.32556,7.458606
2025-05-17 10:00:00+00:00,294.67685,7.329338
2025-05-17 11:00:00+00:00,288.10385,9.847496
2025-05-17 12:00:00+00:00,281.3099,9.178235
2025-05-17 13:00:00+00:00,331.38962,4.510787
2025-05-17 14:00:00+00:00,360.0,0.17999999
2025-05-17 15:00:00+00:00,73.81073,5.8104043
2025-05-17 16:00:00+00:00,90.0,6.4799995
2025-05-17 17:00:00+00:00,59.03632,4.198285
2025-05-17 18:00:00+00:00,86.186005,2.7059932
2025-05-17 19:00:00+00:00,94.57384,4.514377
2025-05-17 20:00:00+00:00,85.91447,5.0528407
2025-05-17 21:00:00+00:00,65.897766,7.4932766
2025-05-17 22:00:00+00:00,60.94549,7.4128532
2025-05-17 23:00:00+00:00,52.431335,5.904439
2025-05-18 00:00:00+00:00,70.20104,4.7827187
2025-05-18 01:00:00+00:00,32.73523,5.991594
2025-05-18 02:00:00+00:00,35.75398,5.5450516
2025-05-18 03:00:00+00:00,38.65983,5.7628117
2025-05-18 04:00:00+00:00,336.0375,1.7727944
2025-05-18 05:00:00+00:00,254.19742,9.914717
2025-05-18 06:00:00+00:00,283.0693,10.3480425
2025-05-18 07:00:00+00:00,280.92276,10.449306
2025-05-18 08:00:00+00:00,298.36896,10.228373
2025-05-18 09:00:00+00:00,296.56497,9.659814
2025-05-18 10:00:00+00:00,295.40768,7.970972
2025-05-18 11:00:00+00:00,288.43503,7.3997297
2025-05-18 12:00:00+00:00,303.02386,4.293669
2025-05-18 13:00:00+00:00,260.53775,2.1897945
2025-05-18 14:00:00+00:00,360.0,1.08
2025-05-18 15:00:00+00:00,63.435013,2.4149535
2025-05-18 16:00:00+00:00,310.2363,3.0652893
2025-05-18 17:00:00+00:00,12.528798,3.319036
2025-05-18 18:00:00+00:00,71.564964,3.4152596
2025-05-18 19:00:00+00:00,85.60138,2.3469126
2025-05-18 20:00:00+00:00,146.3099,0.6489992
2025-05-18 21:00:00+00:00,158.19853,1.9386592
2025-05-18 22:00:00+00:00,43.152412,3.9477081
2025-05-18 23:00:00+00:00,40.601215,3.319036
2025-05-19 00:00:00+00:00,84.805664,9.9408245
2025-05-19 01:00:00+00:00,108.43504,2.2768397
2025-05-19 02:00:00+00:00,142.12495,4.1046314
2025-05-19 03:00:00+00:00,123.690094,5.1919937
2025-05-19 04:00:00+00:00,135.0001,4.3274937
2025-05-19 05:00:00+00:00,174.95764,6.1437774
2025-05-19 06:00:00+00:00,189.86574,8.4042845
2025-05-19 07:00:00+00:00,207.43964,10.546525
2025-05-19 08:00:00+00:00,218.3952,12.172312
2025-05-19 09:00:00+00:00,215.53777,13.935767
2025-05-19 10:00:00+00:00,199.48622,12.410866
2025-05-19 11:00:00+00:00,188.3658,6.1858225
2025-05-19 12:00:00+00:00,197.59251,7.7420926
2025-05-19 13:00:00+00:00,213.6901,9.734988
2025-05-19 14:00:00+00:00,202.89058,8.792405
2025-05-19 15:00:00+00:00,185.07951,8.131936
2025-05-19 16:00:00+00:00,173.04713,7.4346757
2025-05-19 17:00:00+00:00,162.89719,4.896529
2025-05-19 18:00:00+00:00,138.57643,4.080882
2025-05-19 19:00:00+00:00,150.64235,3.3043609
2025-05-19 20:00:00+00:00,190.78426,3.84796
2025-05-19 21:00:00+00:00,189.16228,5.6521144
2025-05-19 22:00:00+00:00,245.77226,3.9477081
2025-05-19 23:00:00+00:00,265.4623,11.375658
2025-05-20 00:00:00+00:00,268.93912,9.721666
2025-05-20 01:00:00+00:00,256.50424,9.255571
2025-05-20 02:00:00+00:00,295.20108,10.1456785
2025-05-20 03:00:00+00:00,324.6887,10.587918
2025-05-20 04:00:00+00:00,342.29947,8.880405
2025-05-20 05:00:00+00:00,309.0194,13.437455
2025-05-20 06:00:00+00:00,298.4211,17.396793
2025-05-20 07:00:00+00:00,304.62424,18.374111
2025-05-20 08:00:00+00:00,299.26788,18.777029
2025-05-20 09:00:00+00:00,307.3256,18.108572
2025-05-20 10:00:00+00:00,310.46216,16.08761
2025-05-20 11:00:00+00:00,287.9126,18.727785
2025-05-20 12:00:00+00:00,300.19153,11.453715
2025-05-20 13:00:00+00:00,321.34018,12.678185
2025-05-20 14:00:00+00:00,336.3706,6.28713
2025-05-20 15:00:00+00:00,320.7106,2.5582807
2025-05-20 16:00:00+00:00,15.945477,1.3104197
2025-05-20 17:00:00+00:00,70.01681,4.2136917
2025-05-20 18:00:00+00:00,65.55606,6.5248446
2025-05-20 19:00:00+00:00,84.805664,7.9526596
2025-05-20 20:00:00+00:00,72.89719,4.896529
2025-05-20 21:00:00+00:00,162.89719,2.4482646
2025-05-20 22:00:00+00:00,299.74478,1.4512063
2025-05-20 23:00:00+00:00,90.0,2.34
2025-05-21 00:00:00+00:00,206.56499,0.40249225
2025-05-21 01:00:00+00:00,29.744795,2.9024127
2025-05-21 02:00:00+00:00,84.47256,5.6060677
2025-05-21 03:00:00+00:00,47.290634,3.1845248
2025-05-21 04:00:00+00:00,308.65982,1.1525624
2025-05-21 05:00:00+00:00,270.0,3.2399998
2025-05-21 06:00:00+00:00,248.6293,8.891344
2025-05-21 07:00:00+00:00,254.74483,10.261579
2025-05-21 08:00:00+00:00,270.0,15.299999
2025-05-21 09:00:00+00:00,271.76236,11.705537
2025-05-21 10:00:00+00:00,270.88138,11.701385
2025-05-21 11:00:00+00:00,279.78235,10.594036
2025-05-21 12:00:00+00:00,303.23172,12.4811535
2025-05-21 13:00:00+00:00,302.61923,10.685391
2025-05-21 14:00:00+00:00,300.4257,13.151091
2025-05-21 15:00:00+00:00,306.68982,11.448055
2025-05-21 16:00:00+00:00,320.1945,7.029225
2025-05-21 17:00:00+00:00,342.5527,6.603817
2025-05-21 18:00:00+00:00,14.4208145,6.5049515
2025-05-21 19:00:00+00:00,338.9624,2.5071096
2025-05-21 20:00:00+00:00,12.26477,4.2366967
2025-05-21 21:00:00+00:00,30.579157,4.599695
2025-05-21 22:00:00+00:00,61.389645,2.2553935
2025-05-21 23:00:00+00:00,66.80139,4.1125174
2025-05-22 00:00:00+00:00,305.53775,1.5484185
2025-05-22 01:00:00+00:00,33.6901,3.244996
2025-05-22 02:00:00+00:00,19.440128,3.244996
2025-05-22 03:00:00+00:00,73.300674,3.7585104
2025-05-22 04:00:00+00:00,140.71062,2.5582807
2025-05-22 05:00:00+00:00,153.43501,3.219938
2025-05-22 06:00:00+00:00,252.89719,2.4482646
2025-05-22 07:00:00+00:00,261.87,6.3639607
2025-05-22 08:00:00+00:00,257.4712,8.297589
2025-05-22 09:00:00+00:00,262.7251,8.528657
2025-05-22 10:00:00+00:00,275.35574,5.7852573
2025-05-22 11:00:00+00:00,296.56497,7.6473517
2025-05-22 12:00:00+00:00,295.97433,7.8087645
2025-05-22 13:00:00+00:00,303.6901,2.5959969
2025-05-22 14:00:00+00:00,326.3099,1.2979984
2025-05-22 15:00:00+00:00,153.43501,0.40249225
2025-05-22 16:00:00+00:00,59.03632,1.0495713
2025-05-22 17:00:00+00:00,153.43501,0.8049845
2025-05-22 18:00:00+00:00,135.0001,0.76367533
2025-05-22 19:00:00+00:00,258.6901,0.9178235
2025-05-22 20:00:00+00:00,113.19862,2.7416782
2025-05-22 21:00:00+00:00,97.12492,5.8048253
2025-05-22 22:00:00+00:00,108.43504,3.9844694
2025-05-22 23:00:00+00:00,147.52882,2.3469129
2025-05-23 00:00:00+00:00,144.16226,3.9966483
2025-05-23 01:00:00+00:00,96.952866,7.4346757
2025-05-23 02:00:00+00:00,126.027466,4.8965297
2025-05-23 03:00:00+00:00,160.0168,6.320538
2025-05-23 04:00:00+00:00,157.1663,7.42159
2025-05-23 05:00:00+00:00,185.35573,5.7852573
2025-05-23 06:00:00+00:00,219.61066,13.551501
2025-05-23 07:00:00+00:00,250.61539,10.304115
2025-05-23 08:00:00+00:00,255.37909,8.557102
2025-05-23 09:00:00+00:00,255.21722,13.403656
2025-05-23 10:00:00+00:00,223.06943,11.334285
2025-05-23 11:00:00+00:00,234.46223,7.7420926
2025-05-23 12:00:00+00:00,245.34412,12.081473
2025-05-23 13:00:00+00:00,257.00537,9.605998
2025-05-23 14:00:00+00:00,261.6342,12.371645
2025-05-23 15:00:00+00:00,232.12495,2.0523157
2025-05-23 16:00:00+00:00,325.0079,4.39436
2025-05-23 17:00:00+00:00,214.9921,4.39436
2025-05-23 18:00:00+00:00,142.12495,2.0523157
2025-05-23 19:00:00+00:00,243.43501,1.609969
2025-05-23 20:00:00+00:00,178.26433,5.9427266
2025-05-23 21:00:00+00:00,230.01317,7.282774
2025-05-23 22:00:00+00:00,233.79045,12.492829
2025-05-23 23:00:00+00:00,232.59456,11.556504
2025-05-24 00:00:00+00:00,228.01286,9.686609
2025-05-24 01:00:00+00:00,120.01828,9.354806
2025-05-24 02:00:00+00:00,99.68872,7.486788
2025-05-24 03:00:00+00:00,111.16133,11.966953
2025-05-24 04:00:00+00:00,124.992096,8.78872
2025-05-24 05:00:00+00:00,126.86999,6.299999
2025-05-24 06:00:00+00:00,212.38066,8.738811
2025-05-24 07:00:00+00:00,232.206,11.161451
2025-05-24 08:00:00+00:00,254.5213,12.140329
2025-05-24 09:00:00+00:00,229.76372,9.1958685
2025-05-24 10:00:00+00:00,235.59148,15.926694
2025-05-24 11:00:00+00:00,257.692,20.265795
2025-05-24 12:00:00+00:00,250.50685,21.576738
2025-05-24 13:00:00+00:00,261.38443,18.023384
2025-05-24 14:00:00+00:00,239.53453,10.650465
2025-05-24 15:00:00+00:00,257.56046,12.534257
2025-05-24 16:00:00+00:00,260.21765,5.297018
2025-05-24 17:00:00+00:00,258.92984,16.87398
2025-05-24 18:00:00+00:00,252.69939,11.500296
2025-05-24 19:00:00+00:00,251.22186,9.505977
2025-05-24 20:00:00+00:00,238.20113,10.589448
2025-05-24 21:00:00+00:00,241.29414,8.6193495
2025-05-24 22:00:00+00:00,256.39944,11.481968
2025-05-24 23:00:00+00:00,239.38147,10.248941
2025-05-25 00:00:00+00:00,238.32457,9.9408245
2025-05-25 01:00:00+00:00,224.9999,12.218805
2025-05-25 02:00:00+00:00,167.4712,6.638072
2025-05-25 03:00:00+00:00,186.84268,9.0645685
2025-05-25 04:00:00+00:00,187.38596,9.801326
2025-05-25 05:00:00+00:00,228.57643,12.242646
2025-05-25 06:00:00+00:00,225.50697,14.383114
2025-05-25 07:00:00+00:00,246.3998,20.232191
2025-05-25 08:00:00+00:00,249.30446,17.31746
2025-05-25 09:00:00+00:00,248.53227,17.214249
2025-05-25 10:00:00+00:00,256.0752,22.43944
2025-05-25 11:00:00+00:00,253.97406,17.604147
2025-05-25 12:00:00+00:00,270.0,25.919998
2025-05-25 13:00:00+00:00,263.21112,15.226764
2025-05-25 14:00:00+00:00,261.87,7.6367526
2025-05-25 15:00:00+00:00,271.78986,5.7628117
2025-05-25 16:00:00+00:00,311.63345,13.004922
2025-05-25 17:00:00+00:00,294.69153,17.23588
2025-05-25 18:00:00+00:00,259.9921,12.429127
2025-05-25 19:00:00+00:00,275.19434,13.917154
2025-05-25 20:00:00+00:00,247.249,12.10157
2025-05-25 21:00:00+00:00,258.23172,17.651016
2025-05-25 22:00:00+00:00,260.0959,23.023119
2025-05-25 23:00:00+00:00,255.82762,18.3794
2025-05-26 00:00:00+00:00,250.0168,14.747921
2025-05-26 01:00:00+00:00,263.19876,19.759048
2025-05-26 02:00:00+00:00,261.58774,25.837994
2025-05-26 03:00:00+00:00,266.1084,26.521152
2025-05-26 04:00:00+00:00,270.77948,26.462446
2025-05-26 05:00:00+00:00,267.01343,20.728153
2025-05-26 06:00:00+00:00,268.36346,18.907713
2025-05-26 07:00:00+00:00,258.33127,16.909464
2025-05-26 08:00:00+00:00,256.67545,21.087673
2025-05-26 09:00:00+00:00,269.20978,26.102482
2025-05-26 10:00:00+00:00,266.8452,22.894697
2025-05-26 11:00:00+00:00,266.12155,21.288757
2025-05-26 12:00:00+00:00,268.66782,23.226276
2025-05-26 13:00:00+00:00,273.1302,23.074429
2025-05-26 14:00:00+00:00,286.22745,25.120804
2025-05-26 15:00:00+00:00,288.658,29.257614
2025-05-26 16:00:00+00:00,293.45233,26.684355
2025-05-26 17:00:00+00:00,292.30624,22.763416
2025-05-26 18:00:00+00:00,298.78653,18.689688
2025-05-26 19:00:00+00:00,288.1722,24.817818
2025-05-26 20:00:00+00:00,272.06378,19.99297
2025-05-26 21:00:00+00:00,271.4086,21.966637
2025-05-26 22:00:00+00:00,262.40546,19.067259
2025-05-26 23:00:00+00:00,268.10666,21.791899
2025-05-27 00:00:00+00:00,271.8328,22.511517
2025-05-27 01:00:00+00:00,56.309914,2.5959969
2025-05-27 02:00:00+00:00,328.13406,7.841887
2025-05-27 03:00:00+00:00,325.91107,21.517342
2025-05-27 04:00:00+00:00,277.0283,26.478973
2025-05-27 05:00:00+00:00,288.2395,16.67795
2025-05-27 06:00:00+00:00,280.17545,21.396542
2025-05-27 07:00:00+00:00,305.99158,21.134483
2025-05-27 08:00:00+00:00,280.25677,19.206936
2025-05-27 09:00:00+00:00,286.3018,19.879206
2025-05-27 10:00:00+00:00,289.11307,19.240644
2025-05-27 11:00:00+00:00,280.069,19.561287
2025-05-27 12:00:00+00:00,270.52563,19.620825
2025-05-27 13:00:00+00:00,275.1363,16.084589
2025-05-27 14:00:00+00:00,263.6599,21.1896
2025-05-27 15:00:00+00:00,275.28116,21.511318
2025-05-27 16:00:00+00:00,280.42575,22.877708
2025-05-27 17:00:00+00:00,297.24164,20.448032
2025-05-27 18:00:00+00:00,287.86017,17.020235
2025-05-27 19:00:00+00:00,285.25516,16.418526
2025-05-27 20:00:00+00:00,277.55624,17.794527
2025-05-27 21:00:00+00:00,275.77423,16.1017
2025-05-27 22:00:00+00:00,267.0493,17.483181
2025-05-27 23:00:00+00:00,271.82794,16.928614
2025-05-28 00:00:00+00:00,270.0,15.4800005
2025-05-28 01:00:00+00:00,281.3099,24.781233
2025-05-28 02:00:00+00:00,272.08252,19.813087
2025-05-28 03:00:00+00:00,275.75446,23.337606
2025-05-28 04:00:00+00:00,273.17978,22.714973
2025-05-28 05:00:00+00:00,266.42374,23.084955
2025-05-28 06:00:00+00:00,271.5911,25.929996
2025-05-28 07:00:00+00:00,278.5086,23.11441
2025-05-28 08:00:00+00:00,273.3664,24.522316
2025-05-28 09:00:00+00:00,290.05032,26.251009
2025-05-28 10:00:00+00:00,281.65927,23.157824
2025-05-28 11:00:00+00:00,281.74994,22.981565
2025-05-28 12:00:00+00:00,282.06128,21.535404
2025-05-28 13:00:00+00:00,262.73685,18.508516
2025-05-28 14:00:00+00:00,278.5086,23.11441
2025-05-28 15:00:00+00:00,279.7275,19.175703
2025-05-28 16:00:00+00:00,294.69153,17.23588
2025-05-28 17:00:00+00:00,293.6002,20.232191
2025-05-28 18:00:00+00:00,302.00534,8.490582
2025-05-28 19:00:00+00:00,265.31418,11.016824
2025-05-28 20:00:00+00:00,294.12097,13.213764
2025-05-28 21:00:00+00:00,277.66672,9.444426
2025-05-28 22:00:00+00:00,281.3099,12.849528
2025-05-28 23:00:00+00:00,271.5074,13.684735
2025-05-29 00:00:00+00:00,285.56155,14.761098
2025-05-29 01:00:00+00:00,271.0809,9.5416975
2025-05-29 02:00:00+00:00,244.17906,6.198903
2025-05-29 03:00:00+00:00,261.02747,6.924738
2025-05-29 04:00:00+00:00,276.67978,20.11656
2025-05-29 05:00:00+00:00,261.74756,23.826725
2025-05-29 06:00:00+00:00,256.7092,23.489136
2025-05-29 07:00:00+00:00,252.5906,22.259676
2025-05-29 08:00:00+00:00,261.00293,21.869074
2025-05-29 09:00:00+00:00,262.08258,27.44159
2025-05-29 10:00:00+00:00,264.7693,25.66689
2025-05-29 11:00:00+00:00,259.35437,24.35926
2025-05-29 12:00:00+00:00,260.87717,24.975931
2025-05-29 13:00:00+00:00,281.3099,26.616882
2025-05-29 14:00:00+00:00,284.8135,22.528782
2025-05-29 15:00:00+00:00,276.88162,21.03152
2025-05-29 16:00:00+00:00,276.3401,19.559633
2025-05-29 17:00:00+00:00,266.55786,23.983269
2025-05-29 18:00:00+00:00,267.10147,28.47643
2025-05-29 19:00:00+00:00,279.6686,24.650143
2025-05-29 20:00:00+00:00,263.91156,27.153164
2025-05-29 21:00:00+00:00,265.91446,22.737783
2025-05-29 22:00:00+00:00,263.80618,23.356342
2025-05-29 23:00:00+00:00,268.73636,24.485954
2025-05-30 00:00:00+00:00,265.53925,25.457117
2025-05-30 01:00:00+00:00,280.09744,13.346729
2025-05-30 02:00:00+00:00,288.01477,23.281315
2025-05-30 03:00:00+00:00,280.55176,18.675812
2025-05-30 04:00:00+00:00,262.68106,19.781172
2025-05-30 05:00:00+00:00,282.99463,21.613495
2025-05-30 06:00:00+00:00,273.01273,17.123669
2025-05-30 07:00:00+00:00,275.39764,22.96182
2025-05-30 08:00:00+00:00,295.27768,21.498512
2025-05-30 09:00:00+00:00,304.8754,14.480773
2025-05-30 10:00:00+00:00,307.8228,17.318394
2025-05-30 11:00:00+00:00,303.07068,18.472595
2025-05-30 12:00:00+00:00,298.72604,21.347271
2025-05-30 13:00:00+00:00,324.63745,13.684735
2025-05-30 14:00:00+00:00,330.9455,16.67892
2025-05-30 15:00:00+00:00,330.8026,7.0107627
2025-05-30 16:00:00+00:00,326.82147,5.5916004
2025-05-30 17:00:00+00:00,296.56497,11.672275
2025-05-30 18:00:00+00:00,340.25308,7.458606
2025-05-30 19:00:00+00:00,353.04715,7.4346757
2025-05-30 20:00:00+00:00,348.95908,7.519175
2025-05-30 21:00:00+00:00,325.1246,7.2403865
2025-05-30 22:00:00+00:00,308.4181,6.6624317
2025-05-30 23:00:00+00:00,310.60123,9.957108
2025-05-31 00:00:00+00:00,330.01843,5.402999
2025-05-31 01:00:00+00:00,44.999897,5.854844
2025-05-31 02:00:00+00:00,81.86999,10.182337
2025-05-31 03:00:00+00:00,92.544754,8.107996
2025-05-31 04:00:00+00:00,82.33328,9.444426
2025-05-31 05:00:00+00:00,94.57384,4.514377
2025-05-31 06:00:00+00:00,119.74479,2.9024127
2025-05-31 07:00:00+00:00,257.73523,4.2366967
2025-05-31 08:00:00+00:00,305.88223,10.441551
2025-05-31 09:00:00+00:00,298.7202,14.98331
2025-05-31 10:00:00+00:00,293.1986,17.82091
2025-05-31 11:00:00+00:00,292.6714,15.410776
2025-05-31 12:00:00+00:00,290.40997,16.516901
2025-05-31 13:00:00+00:00,268.02512,10.446206
2025-05-31 14:00:00+00:00,312.39737,5.6060677
2025-05-31 15:00:00+00:00,290.77234,5.5829024
2025-05-31 16:00:00+00:00,303.11136,4.942631
2025-05-31 17:00:00+00:00,305.7068,7.0934615
2025-05-31 18:00:00+00:00,284.03625,7.42159
2025-05-31 19:00:00+00:00,315.6902,10.564941
2025-05-31 20:00:00+00:00,343.3007,9.3962755
2025-05-31 21:00:00+00:00,1.397161,7.3821945
2025-05-31 22:00:00+00:00,38.65983,8.067936
2025-05-31 23:00:00+00:00,41.877792,7.0107627
2025-06-01 00:00:00+00:00,51.34017,6.9153743
2025-06-01 01:00:00+00:00,63.970474,8.61371
2025-06-01 02:00:00+00:00,73.14152,6.206738
2025-06-01 03:00:00+00:00,42.13753,5.0975285
2025-06-01 04:00:00+00:00,330.8325,8.863972
2025-06-01 05:00:00+00:00,311.03525,12.886039
2025-06-01 06:00:00+00:00,306.41647,13.644427
2025-06-01 07:00:00+00:00,303.51105,15.975444
2025-06-01 08:00:00+00:00,300.21124,16.454992
2025-06-01 09:00:00+00:00,298.5513,13.934605
2025-06-01 10:00:00+00:00,304.93936,16.029099
2025-06-01 11:00:00+00:00,303.5245,17.273436
2025-06-01 12:00:00+00:00,302.9387,15.22783
2025-06-01 13:00:00+00:00,300.4257,13.151091
2025-06-01 14:00:00+00:00,312.4208,14.14232
2025-06-01 15:00:00+00:00,315.0001,8.400428
2025-06-01 16:00:00+00:00,356.6982,9.375563
2025-06-01 17:00:00+00:00,327.84772,7.44121
2025-06-01 18:00:00+00:00,343.4651,12.016938
2025-06-01 19:00:00+00:00,3.2704222,6.310277
2025-06-01 20:00:00+00:00,47.72637,5.3517847
2025-06-01 21:00:00+00:00,77.692,10.132897
2025-06-01 22:00:00+00:00,65.09527,5.5567255
2025-06-01 23:00:00+00:00,37.694313,5.004518
2025-06-02 00:00:00+00:00,47.290634,3.1845248
2025-06-02 01:00:00+00:00,10.304792,2.0124612
2025-06-02 02:00:00+00:00,19.653913,2.6758924
2025-06-02 03:00:00+00:00,8.746089,2.36753
2025-06-02 04:00:00+00:00,296.56497,1.609969
2025-06-02 05:00:00+00:00,283.49576,4.6277857
2025-06-02 06:00:00+00:00,273.57626,8.656858
2025-06-02 07:00:00+00:00,260.04944,10.4166975
2025-06-02 08:00:00+00:00,258.51804,11.755254
2025-06-02 09:00:00+00:00,260.66507,13.31635
2025-06-02 10:00:00+00:00,273.40637,15.146761
2025-06-02 11:00:00+00:00,283.39252,11.656998
2025-06-02 12:00:00+00:00,342.64587,6.0347
2025-06-02 13:00:00+00:00,234.78232,3.745557
2025-06-02 14:00:00+00:00,215.53777,3.096837
2025-06-02 15:00:00+00:00,297.55273,9.339208
2025-06-02 16:00:00+00:00,254.74483,2.0523157
2025-06-02 17:00:00+00:00,159.44388,1.5379207
2025-06-02 18:00:00+00:00,293.55228,7.6579366
2025-06-02 19:00:00+00:00,313.0251,3.693291
2025-06-02 20:00:00+00:00,5.19435,1.9881649
2025-06-02 21:00:00+00:00,70.253075,7.458606
2025-06-02 22:00:00+00:00,328.67136,4.846648
2025-06-02 23:00:00+00:00,54.865723,5.9427266
2025-06-03 00:00:00+00:00,69.717354,8.827344
2025-06-03 01:00:00+00:00,88.363464,6.302571
2025-06-03 02:00:00+00:00,5.7105074,3.6179552
2025-06-03 03:00:00+00:00,334.2307,5.7964473
2025-06-03 04:00:00+00:00,339.14545,4.0449963
2025-06-03 05:00:00+00:00,312.8789,3.4388947
2025-06-03 06:00:00+00:00,273.814,5.4119864
2025-06-03 07:00:00+00:00,282.09473,10.308831
2025-06-03 08:00:00+00:00,283.57043,10.739833
2025-06-03 09:00:00+00:00,285.4222,10.829959
2025-06-03 10:00:00+00:00,292.5431,10.32924
2025-06-03 11:00:00+00:00,292.93213,10.163227
2025-06-03 12:00:00+00:00,277.88306,11.811622
2025-06-03 13:00:00+00:00,339.1931,9.627896
2025-06-03 14:00:00+00:00,2.4894993,4.143911
2025-06-03 15:00:00+00:00,295.30136,10.950452
2025-06-03 16:00:00+00:00,324.63745,6.8423676
2025-06-03 17:00:00+00:00,50.194473,2.8116899
2025-06-03 18:00:00+00:00,14.826528,6.330782
2025-06-03 19:00:00+00:00,67.75093,8.557102
2025-06-03 20:00:00+00:00,52.431335,2.9522195
2025-06-03 21:00:00+00:00,109.98319,2.1068459
2025-06-03 22:00:00+00:00,138.36655,2.1674871
2025-06-03 23:00:00+00:00,168.69011,5.506941
2025-06-04 00:00:00+00:00,152.6502,5.8769383
2025-06-04 01:00:00+00:00,281.68933,5.3305535
2025-06-04 02:00:00+00:00,1.7898695,5.7628117
2025-06-04 03:00:00+00:00,10.304792,6.037383
2025-06-04 04:00:00+00:00,270.0,0.17999999
2025-06-04 05:00:00+00:00,275.19434,3.9763298
2025-06-04 06:00:00+00:00,275.19434,5.9644947
2025-06-04 07:00:00+00:00,256.2637,8.338489
2025-06-04 08:00:00+00:00,257.00537,9.605998
2025-06-04 09:00:00+00:00,270.93918,10.981475
2025-06-04 10:00:00+00:00,282.63336,10.699028
2025-06-04 11:00:00+00:00,287.1028,9.793058
2025-06-04 12:00:00+00:00,285.46127,8.777653
2025-06-04 13:00:00+00:00,305.07382,10.337078
2025-06-04 14:00:00+00:00,316.3971,10.44
2025-06-04 15:00:00+00:00,342.5527,6.603817
2025-06-04 16:00:00+00:00,14.036275,3.710795
2025-06-04 17:00:00+00:00,37.875053,4.1046314
2025-06-04 18:00:00+00:00,65.22488,5.154415
2025-06-04 19:00:00+00:00,92.29056,4.503598
2025-06-04 20:00:00+00:00,26.564985,0.40249225
2025-06-04 21:00:00+00:00,283.24054,3.143565
2025-06-04 22:00:00+00:00,90.0,0.71999997
2025-06-04 23:00:00+00:00,98.13002,1.2727921
2025-06-05 00:00:00+00:00,59.03632,2.0991426
2025-06-05 01:00:00+00:00,12.804273,4.060985
2025-06-05 02:00:00+00:00,352.14676,5.2694216
2025-06-05 03:00:00+00:00,334.65387,7.5685663
2025-06-05 04:00:00+00:00,326.3099,7.1389914
2025-06-05 05:00:00+00:00,314.27487,10.055864
2025-06-05 06:00:00+00:00,298.1785,11.435313
2025-06-05 07:00:00+00:00,287.71588,13.605189
2025-06-05 08:00:00+00:00,283.49576,13.883356
2025-06-05 09:00:00+00:00,287.71588,13.605189
2025-06-05 10:00:00+00:00,291.1399,14.474059
2025-06-05 11:00:00+00:00,294.67685,14.658676
2025-06-05 12:00:00+00:00,300.0332,13.306615
2025-06-05 13:00:00+00:00,292.01132,9.12513
2025-06-05 14:00:00+00:00,305.36255,6.8423676
2025-06-05 15:00:00+00:00,324.6887,5.293959
2025-06-05 16:00:00+00:00,332.6502,5.8769383
2025-06-05 17:00:00+00:00,320.90613,7.42159
2025-06-05 18:00:00+00:00,316.90915,7.6409945
2025-06-05 19:00:00+00:00,302.3474,6.391901
2025-06-05 20:00:00+00:00,25.114815,12.72283
2025-06-05 21:00:00+00:00,78.31066,5.3305535
2025-06-05 22:00:00+00:00,75.96373,7.42159
2025-06-05 23:00:00+00:00,59.03632,6.297428
2025-06-06 00:00:00+00:00,48.814175,5.7402787
2025-06-06 01:00:00+00:00,65.22488,7.731623
2025-06-06 02:00:00+00:00,43.83095,6.2379804
2025-06-06 03:00:00+00:00,36.86998,5.3999996
2025-06-06 04:00:00+00:00,329.2646,7.748368
2025-06-06 05:00:00+00:00,309.8055,9.840914
2025-06-06 06:00:00+00:00,298.76755,10.472535
2025-06-06 07:00:00+00:00,290.37653,13.441071
2025-06-06 08:00:00+00:00,288.43503,15.3686695
2025-06-06 09:00:00+00:00,290.19443,16.685717
2025-06-06 10:00:00+00:00,290.0373,16.285772
2025-06-06 11:00:00+00:00,292.34814,17.515581
2025-06-06 12:00:00+00:00,297.75842,15.459054
2025-06-06 13:00:00+00:00,296.56497,10.464797
2025-06-06 14:00:00+00:00,305.0959,8.139901
2025-06-06 15:00:00+00:00,310.10083,8.942214
2025-06-06 16:00:00+00:00,299.85892,11.207801
2025-06-06 17:00:00+00:00,306.02747,12.241323
2025-06-06 18:00:00+00:00,322.02835,9.361731
2025-06-06 19:00:00+00:00,357.20734,7.388775
2025-06-06 20:00:00+00:00,90.0,1.98
2025-06-06 21:00:00+00:00,58.134064,7.841887
2025-06-06 22:00:00+00:00,40.601215,3.319036
2025-06-06 23:00:00+00:00,87.95464,10.086427
2025-06-07 00:00:00+00:00,106.38962,6.379216
2025-06-07 01:00:00+00:00,101.560104,8.083983
2025-06-07 02:00:00+00:00,109.798965,4.7827187
2025-06-07 03:00:00+00:00,98.13002,1.2727921
2025-06-07 04:00:00+00:00,280.0079,3.1072817
2025-06-07 05:00:00+00:00,283.53586,9.9977
2025-06-07 06:00:00+00:00,285.31287,15.676542
2025-06-07 07:00:00+00:00,297.8972,13.849477
2025-06-07 08:00:00+00:00,295.97433,15.617529
2025-06-07 09:00:00+00:00,295.98917,16.019999
2025-06-07 10:00:00+00:00,299.81998,17.012617
2025-06-07 11:00:00+00:00,298.25793,16.348322
2025-06-07 12:00:00+00:00,300.25635,15.0038395
2025-06-07 13:00:00+00:00,296.56497,11.269782
2025-06-07 14:00:00+00:00,306.6562,9.648067
2025-06-07 15:00:00+00:00,311.90585,9.432412
2025-06-07 16:00:00+00:00,314.256,9.801326
2025-06-07 17:00:00+00:00,322.73352,10.404249
2025-06-07 18:00:00+00:00,322.206,11.161451
2025-06-07 19:00:00+00:00,309.3517,11.638917
2025-06-07 20:00:00+00:00,332.4028,8.936778
2025-06-07 21:00:00+00:00,332.1028,6.9247384
2025-06-07 22:00:00+00:00,326.54666,12.081473
2025-06-07 23:00:00+00:00,3.0127327,6.849467
2025-06-08 00:00:00+00:00,47.385983,6.114703
2025-06-08 01:00:00+00:00,67.8905,6.21717
2025-06-08 02:00:00+00:00,62.02062,6.5223618
2025-06-08 03:00:00+00:00,56.88865,4.942631
2025-06-08 04:00:00+00:00,7.3522935,5.6262593
2025-06-08 05:00:00+00:00,319.1447,8.805294
2025-06-08 06:00:00+00:00,308.10764,11.666721
2025-06-08 07:00:00+00:00,297.3238,12.156331
2025-06-08 08:00:00+00:00,295.20108,13.527572
2025-06-08 09:00:00+00:00,291.80148,14.539945
2025-06-08 10:00:00+00:00,289.92566,15.316933
2025-06-08 11:00:00+00:00,293.70264,16.1198
2025-06-08 12:00:00+00:00,295.37772,15.539537
2025-06-08 13:00:00+00:00,296.56497,11.269782
2025-06-08 14:00:00+00:00,315.6902,10.564941
2025-06-08 15:00:00+00:00,8.130019,8.909545
2025-06-08 16:00:00+00:00,270.0,0.54
2025-06-08 17:00:00+00:00,125.537766,4.6452556
2025-06-08 18:00:00+00:00,56.3099,1.9469976
2025-06-08 19:00:00+00:00,59.743652,2.50064
2025-06-08 20:00:00+00:00,90.0,8.82
2025-06-08 21:00:00+00:00,98.74608,7.102591
2025-06-08 22:00:00+00:00,73.300674,9.3962755
2025-06-08 23:00:00+00:00,75.4998,10.783487
2025-06-09 00:00:00+00:00,78.40785,7.1661706
2025-06-09 01:00:00+00:00,41.82009,9.178235
2025-06-09 02:00:00+00:00,38.157276,9.614426
2025-06-09 03:00:00+00:00,19.983198,8.427383
2025-06-09 04:00:00+00:00,341.1752,8.36758
2025-06-09 05:00:00+00:00,331.03244,11.521406
2025-06-09 06:00:00+00:00,323.97253,14.689588
2025-06-09 07:00:00+00:00,314.15756,17.311846
2025-06-09 08:00:00+00:00,310.8553,17.610588
2025-06-09 09:00:00+00:00,304.50858,17.47484
2025-06-09 10:00:00+00:00,303.23172,18.72173
2025-06-09 11:00:00+00:00,308.48022,17.935081
2025-06-09 12:00:00+00:00,307.64767,15.9134655
2025-06-09 13:00:00+00:00,292.3802,9.927779
2025-06-09 14:00:00+00:00,301.86594,7.841887
2025-06-09 15:00:00+00:00,315.0001,10.436895
2025-06-09 16:00:00+00:00,315.61597,11.837651
2025-06-09 17:00:00+00:00,311.78442,11.345712
2025-06-09 18:00:00+00:00,323.34378,9.648067
2025-06-09 19:00:00+00:00,329.47037,8.149847
2025-06-09 20:00:00+00:00,309.9575,8.688613
2025-06-09 21:00:00+00:00,334.98312,8.93859
2025-06-09 22:00:00+00:00,344.9816,7.6409945
2025-06-09 23:00:00+00:00,2.1210518,4.8633323
2025-06-10 00:00:00+00:00,81.86999,3.8183763
2025-06-10 01:00:00+00:00,353.29025,3.0811036
2025-06-10 02:00:00+00:00,302.7352,5.991594
2025-06-10 03:00:00+00:00,320.38934,6.7757506
2025-06-10 04:00:00+00:00,309.9363,10.094454
2025-06-10 05:00:00+00:00,296.27414,15.858398
2025-06-10 06:00:00+00:00,298.70584,8.6193495
2025-06-10 07:00:00+00:00,294.30453,12.245293
2025-06-10 08:00:00+00:00,304.9921,10.9859
2025-06-10 09:00:00+00:00,298.5399,11.679212
2025-06-10 10:00:00+00:00,304.7779,15.778516
2025-06-10 11:00:00+00:00,299.39597,14.668619
2025-06-10 12:00:00+00:00,306.6562,9.648067
2025-06-10 13:00:00+00:00,328.76083,12.841963
2025-06-10 14:00:00+00:00,316.9749,14.773164
2025-06-10 15:00:00+00:00,327.18863,16.276815
2025-06-10 16:00:00+00:00,325.9806,17.373497
2025-06-10 17:00:00+00:00,322.81522,13.104198
2025-06-10 18:00:00+00:00,355.76367,4.8733153
2025-06-10 19:00:00+00:00,314.06088,7.7650757
2025-06-10 20:00:00+00:00,326.3099,5.1919937
2025-06-10 21:00:00+00:00,335.05612,8.536252
2025-06-10 22:00:00+00:00,35.166515,9.688281
2025-06-10 23:00:00+00:00,100.20392,9.144637
2025-06-11 00:00:00+00:00,117.095474,8.694204
2025-06-11 01:00:00+00:00,265.60138,4.6938252
2025-06-11 02:00:00+00:00,345.25638,3.536439
2025-06-11 03:00:00+00:00,354.80566,5.9644947
2025-06-11 04:00:00+00:00,29.357658,3.3043609
2025-06-11 05:00:00+00:00,317.35333,9.299225
2025-06-11 06:00:00+00:00,300.81564,11.9466305
2025-06-11 07:00:00+00:00,303.05582,13.529966
2025-06-11 08:00:00+00:00,290.82864,17.71789
2025-06-11 09:00:00+00:00,299.93143,13.70839
2025-06-11 10:00:00+00:00,301.8424,20.12944
2025-06-11 11:00:00+00:00,305.53775,15.484185
2025-06-11 12:00:00+00:00,286.44046,11.448055
2025-06-11 13:00:00+00:00,303.13562,15.476859
2025-06-11 14:00:00+00:00,300.46545,14.20062
2025-06-11 15:00:00+00:00,305.9422,8.893166
2025-06-11 16:00:00+00:00,293.58704,13.945064
2025-06-11 17:00:00+00:00,292.16638,10.495713
2025-06-11 18:00:00+00:00,316.04153,7.001514
2025-06-11 19:00:00+00:00,306.86996,4.5
2025-06-11 20:00:00+00:00,301.23917,12.841963
2025-06-11 21:00:00+00:00,303.40784,10.134495
2025-06-11 22:00:00+00:00,321.6048,12.172312
2025-06-11 23:00:00+00:00,319.89914,8.942214
2025-06-12 00:00:00+00:00,304.21576,5.441838
2025-06-12 01:00:00+00:00,341.2,8.936777
2025-06-12 02:00:00+00:00,8.841739,8.197414
2025-06-12 03:00:00+00:00,318.9006,11.226575
2025-06-12 04:00:00+00:00,326.3099,9.734988
2025-06-12 05:00:00+00:00,319.63553,9.449572
2025-06-12 06:00:00+00:00,298.1415,8.777654
2025-06-12 07:00:00+00:00,292.8737,12.5032
2025-06-12 08:00:00+00:00,269.10486,11.521406
2025-06-12 09:00:00+00:00,287.68448,13.036026
2025-06-12 10:00:00+00:00,293.1986,17.82091
2025-06-12 11:00:00+00:00,283.7716,18.903427
2025-06-12 12:00:00+00:00,297.12122,16.58346
2025-06-12 13:00:00+00:00,297.75842,11.594292
2025-06-12 14:00:00+00:00,303.9063,13.229693
2025-06-12 15:00:00+00:00,348.6901,2.7534704
2025-06-12 16:00:00+00:00,315.0001,1.781909
2025-06-12 17:00:00+00:00,29.357658,3.3043609
2025-06-12 18:00:00+00:00,348.6901,1.835647
2025-06-12 19:00:00+00:00,248.19853,1.9386592
2025-06-12 20:00:00+00:00,218.50067,10.120099
2025-06-12 21:00:00+00:00,241.55716,14.73913
2025-06-12 22:00:00+00:00,245.55606,10.874741
2025-06-12 23:00:00+00:00,235.84026,6.090812
2025-06-13 00:00:00+00:00,230.19447,7.029225
2025-06-13 01:00:00+00:00,144.16226,7.9932966
2025-06-13 02:00:00+00:00,212.3196,10.436895
2025-06-13 03:00:00+00:00,227.9109,7.519175
2025-06-13 04:00:00+00:00,241.38963,9.021574
2025-06-13 05:00:00+00:00,272.2457,9.187056
2025-06-13 06:00:00+00:00,264.75827,19.702394
2025-06-13 07:00:00+00:00,259.2421,18.32202
2025-06-13 08:00:00+00:00,252.27667,18.329973
2025-06-13 09:00:00+00:00,269.4383,18.360882
2025-06-13 10:00:00+00:00,263.90424,18.645428
2025-06-13 11:00:00+00:00,264.4279,14.830076
2025-06-13 12:00:00+00:00,257.08218,20.12944
2025-06-13 13:00:00+00:00,293.58704,13.945064
2025-06-13 14:00:00+00:00,30.963696,2.0991426
2025-06-13 15:00:00+00:00,254.47583,10.088033
2025-06-13 16:00:00+00:00,249.14546,8.089993
2025-06-13 17:00:00+00:00,279.80603,14.796175
2025-06-13 18:00:00+00:00,275.31445,15.546833
2025-06-13 19:00:00+00:00,281.16483,13.943901
2025-06-13 20:00:00+00:00,279.95056,10.4166975
2025-06-13 21:00:00+00:00,269.1575,12.241323
2025-06-13 22:00:00+00:00,272.35324,13.151091
2025-06-13 23:00:00+00:00,253.0091,13.5515
2025-06-14 00:00:00+00:00,253.24417,17.482254
2025-06-14 01:00:00+00:00,248.19853,9.693296
2025-06-14 02:00:00+00:00,236.54666,12.081473
2025-06-14 03:00:00+00:00,252.1597,16.451052
2025-06-14 04:00:00+00:00,248.65414,16.813387
2025-06-14 05:00:00+00:00,258.91748,17.791796
2025-06-14 06:00:00+00:00,271.4144,14.584445
2025-06-14 07:00:00+00:00,267.4832,16.395817
2025-06-14 08:00:00+00:00,273.27042,18.930832
2025-06-14 09:00:00+00:00,270.0,16.56
2025-06-14 10:00:00+00:00,279.46225,15.328561
2025-06-14 11:00:00+00:00,281.68933,10.661107
2025-06-14 12:00:00+00:00,261.51114,12.193588
2025-06-14 13:00:00+00:00,321.5819,6.6624317
2025-06-14 14:00:00+00:00,270.0,3.6
2025-06-14 15:00:00+00:00,161.56496,0.56920993
2025-06-14 16:00:00+00:00,279.1301,10.209348
2025-06-14 17:00:00+00:00,293.70264,8.0599
2025-06-14 18:00:00+00:00,270.0,1.8
2025-06-14 19:00:00+00:00,287.1028,2.4482646
2025-06-14 20:00:00+00:00,255.42574,9.299225
2025-06-14 21:00:00+00:00,264.2895,1.8089776
2025-06-14 22:00:00+00:00,252.1496,11.157097
2025-06-14 23:00:00+00:00,272.86234,10.813492
2025-06-15 00:00:00+00:00,254.55362,14.192631
2025-06-15 01:00:00+00:00,250.38203,19.300331
2025-06-15 02:00:00+00:00,264.92047,16.263872
2025-06-15 03:00:00+00:00,236.49654,15.3264475
2025-06-15 04:00:00+00:00,249.51956,15.94804
2025-06-15 05:00:00+00:00,238.06935,14.634343
2025-06-15 06:00:00+00:00,231.45879,13.577776
2025-06-15 07:00:00+00:00,231.22581,14.083778
2025-06-15 08:00:00+00:00,259.17703,12.461669
2025-06-15 09:00:00+00:00,252.25523,18.899143
2025-06-15 10:00:00+00:00,247.13545,16.213993
2025-06-15 11:00:00+00:00,247.77032,22.362055
2025-06-15 12:00:00+00:00,242.20964,15.056652
2025-06-15 13:00:00+00:00,258.4952,20.757051
2025-06-15 14:00:00+00:00,275.029,22.58695
2025-06-15 15:00:00+00:00,270.0,23.039999
2025-06-15 16:00:00+00:00,274.15958,19.852295
2025-06-15 17:00:00+00:00,278.42688,14.739132
2025-06-15 18:00:00+00:00,272.9507,17.483181
2025-06-15 19:00:00+00:00,276.2634,14.848635
2025-06-15 20:00:00+00:00,256.079,21.697279
2025-06-15 21:00:00+00:00,265.17932,14.993038
2025-06-15 22:00:00+00:00,266.48633,20.558647
2025-06-15 23:00:00+00:00,271.5275,13.504799
2025-06-16 00:00:00+00:00,250.76923,16.394829
2025-06-16 01:00:00+00:00,260.38034,10.7714615
2025-06-16 02:00:00+00:00,251.56496,5.6920996
2025-06-16 03:00:00+00:00,261.983,12.906138
2025-06-16 04:00:00+00:00,280.30478,18.11215
2025-06-16 05:00:00+00:00,253.61038,19.137648
2025-06-16 06:00:00+00:00,264.61078,19.164719
2025-06-16 07:00:00+00:00,268.78116,16.923828
2025-06-16 08:00:00+00:00,267.76886,13.870515
2025-06-16 09:00:00+00:00,304.28693,9.585739
2025-06-16 10:00:00+00:00,321.63248,16.529644
2025-06-16 11:00:00+00:00,338.6293,8.891344
2025-06-16 12:00:00+00:00,288.1781,12.69351
2025-06-16 13:00:00+00:00,238.39255,10.990322
2025-06-16 14:00:00+00:00,228.81418,7.653705
2025-06-16 15:00:00+00:00,300.06848,3.9518096
2025-06-16 16:00:00+00:00,270.0,9.179999
2025-06-16 17:00:00+00:00,248.70258,11.39842
2025-06-16 18:00:00+00:00,249.62347,6.7205353
2025-06-16 19:00:00+00:00,233.13002,8.099999
2025-06-16 20:00:00+00:00,205.64096,4.991553
2025-06-16 21:00:00+00:00,253.21727,11.844492
2025-06-16 22:00:00+00:00,308.21106,10.766949
2025-06-16 23:00:00+00:00,63.435013,3.219938
2025-06-17 00:00:00+00:00,302.7352,2.995797
2025-06-17 01:00:00+00:00,315.0001,2.5455842
2025-06-17 02:00:00+00:00,250.9064,4.952453
2025-06-17 03:00:00+00:00,281.3099,1.835647
2025-06-17 04:00:00+00:00,282.9074,8.863972
2025-06-17 05:00:00+00:00,273.17978,12.979984
2025-06-17 06:00:00+00:00,272.04535,10.086427
2025-06-17 07:00:00+00:00,287.47485,10.1902895
2025-06-17 08:00:00+00:00,271.3803,14.944336
2025-06-17 09:00:00+00:00,268.29022,12.0653715
2025-06-17 10:00:00+00:00,290.97357,11.566313
2025-06-17 11:00:00+00:00,283.7608,9.080639
2025-06-17 12:00:00+00:00,285.46127,17.555305
2025-06-17 13:00:00+00:00,9.462261,5.4744864
2025-06-17 14:00:00+00:00,360.0,7.3799996
2025-06-17 15:00:00+00:00,8.454946,13.466357
2025-06-17 16:00:00+00:00,62.10283,3.4623692
2025-06-17 17:00:00+00:00,16.699326,1.8792552
2025-06-17 18:00:00+00:00,39.289394,5.1165614
2025-06-17 19:00:00+00:00,59.03632,7.3469996
2025-06-17 20:00:00+00:00,55.222095,7.889258
2025-06-17 21:00:00+00:00,74.054535,7.8625183
2025-06-17 22:00:00+00:00,75.96373,5.937272
2025-06-17 23:00:00+00:00,87.79745,4.6834598
2025-06-18 00:00:00+00:00,74.47583,3.362677
2025-06-18 01:00:00+00:00,75.96373,11.132385
2025-06-18 02:00:00+00:00,113.962494,7.0911775
2025-06-18 03:00:00+00:00,74.74483,6.1569467
2025-06-18 04:00:00+00:00,78.231735,4.412754
2025-06-18 05:00:00+00:00,163.30067,1.8792552
2025-06-18 06:00:00+00:00,324.86572,5.9427266
2025-06-18 07:00:00+00:00,352.40543,2.7238941
2025-06-18 08:00:00+00:00,304.1145,6.7397914
2025-06-18 09:00:00+00:00,297.21603,7.0843205
2025-06-18 10:00:00+00:00,299.29126,8.461914
2025-06-18 11:00:00+00:00,291.80148,5.815978
2025-06-18 12:00:00+00:00,284.47034,5.7628117
2025-06-18 13:00:00+00:00,350.53775,4.379589
2025-06-18 14:00:00+00:00,98.13002,2.5455842
2025-06-18 15:00:00+00:00,73.61038,3.189608
2025-06-18 16:00:00+00:00,51.34017,3.4576871
2025-06-18 17:00:00+00:00,59.93151,3.9518096
2025-06-18 18:00:00+00:00,44.999897,3.0547013
2025-06-18 19:00:00+00:00,356.98727,3.4247334
2025-06-18 20:00:00+00:00,15.945477,5.2416787
2025-06-18 21:00:00+00:00,12.99463,7.2044983
2025-06-18 22:00:00+00:00,22.036283,8.155807
2025-06-18 23:00:00+00:00,345.9637,4.452954
2025-06-19 00:00:00+00:00,32.471172,2.3469129
2025-06-19 01:00:00+00:00,145.84026,6.090812
2025-06-19 02:00:00+00:00,122.90524,3.6447225
2025-06-19 03:00:00+00:00,127.568665,2.9522195
2025-06-19 04:00:00+00:00,254.05453,1.3104197
2025-06-19 05:00:00+00:00,321.9529,5.257109
2025-06-19 06:00:00+00:00,291.5015,6.384293
2025-06-19 07:00:00+00:00,281.76825,8.825508
2025-06-19 08:00:00+00:00,286.8215,8.085988
2025-06-19 09:00:00+00:00,293.3556,8.626865
2025-06-19 10:00:00+00:00,284.74362,10.609316
2025-06-19 11:00:00+00:00,283.7608,9.080639
2025-06-19 12:00:00+00:00,295.90643,7.0038276
2025-06-19 13:00:00+00:00,316.5481,4.7110505
2025-06-19 14:00:00+00:00,74.054535,3.9312592
2025-06-19 15:00:00+00:00,100.784256,7.69592
2025-06-19 16:00:00+00:00,122.34742,6.391901
2025-06-19 17:00:00+00:00,83.29026,3.0811036
2025-06-19 18:00:00+00:00,64.5367,4.186693
2025-06-19 19:00:00+00:00,49.899166,4.471107
2025-06-19 20:00:00+00:00,62.17599,7.327127
2025-06-19 21:00:00+00:00,66.801384,5.4833565
2025-06-19 22:00:00+00:00,85.91447,5.0528407
2025-06-19 23:00:00+00:00,91.59111,6.482499
2025-06-20 00:00:00+00:00,109.440125,6.489992
2025-06-20 01:00:00+00:00,56.3099,3.244996
2025-06-20 02:00:00+00:00,69.44387,1.5379207
2025-06-20 03:00:00+00:00,26.564985,4.829907
2025-06-20 04:00:00+00:00,270.0,1.26
2025-06-20 05:00:00+00:00,288.92474,6.66
2025-06-20 06:00:00+00:00,288.99673,11.612441
2025-06-20 07:00:00+00:00,277.59454,13.619471
2025-06-20 08:00:00+00:00,281.9293,13.062098
2025-06-20 09:00:00+00:00,284.4208,13.009903
2025-06-20 10:00:00+00:00,285.25516,8.209263
2025-06-20 11:00:00+00:00,278.74606,7.102591
2025-06-20 12:00:00+00:00,275.31445,7.7734165
2025-06-20 13:00:00+00:00,272.45398,12.611567
2025-06-20 14:00:00+00:00,288.43503,2.8460498
2025-06-20 15:00:00+00:00,38.65983,11.525623
2025-06-20 16:00:00+00:00,81.08515,9.292254
2025-06-20 17:00:00+00:00,71.564964,2.8460498
2025-06-20 18:00:00+00:00,84.2895,1.8089776
2025-06-20 19:00:00+00:00,41.185837,1.9134263
2025-06-20 20:00:00+00:00,21.801476,1.9386592
2025-06-20 21:00:00+00:00,6.3401003,4.8899083
2025-06-20 22:00:00+00:00,327.99466,5.09435
2025-06-20 23:00:00+00:00,338.19852,5.815978
2025-06-21 00:00:00+00:00,350.53775,2.1897945
2025-06-21 01:00:00+00:00,51.952908,5.257109
2025-06-21 02:00:00+00:00,113.962494,7.0911775
2025-06-21 03:00:00+00:00,112.751015,6.050785
2025-06-21 04:00:00+00:00,137.72638,2.6758924
2025-06-21 05:00:00+00:00,278.42688,9.826088
2025-06-21 06:00:00+00:00,264.80566,3.9763298
2025-06-21 07:00:00+00:00,271.90912,5.4029994
2025-06-21 08:00:00+00:00,263.6599,4.8899083
2025-06-21 09:00:00+00:00,287.41806,9.621163
2025-06-21 10:00:00+00:00,288.10385,9.847496
2025-06-21 11:00:00+00:00,289.53674,11.841756
2025-06-21 12:00:00+00:00,287.52567,10.759423
2025-06-21 13:00:00+00:00,303.9965,9.335737
2025-06-21 14:00:00+00:00,312.1375,5.0975285
2025-06-21 15:00:00+00:00,321.1155,7.1684303
2025-06-21 16:00:00+00:00,56.309914,5.1919937
2025-06-21 17:00:00+00:00,57.42595,7.689603
2025-06-21 18:00:00+00:00,348.6901,5.506941
2025-06-21 19:00:00+00:00,330.8026,7.0107627
2025-06-21 20:00:00+00:00,27.645891,4.2671766
2025-06-21 21:00:00+00:00,66.03751,5.318383
2025-06-21 22:00:00+00:00,88.363464,6.302571
2025-06-21 23:00:00+00:00,96.63242,7.79215
2025-06-22 00:00:00+00:00,107.96923,7.0015144
2025-06-22 01:00:00+00:00,93.87845,10.644379
2025-06-22 02:00:00+00:00,101.0409,7.519175
2025-06-22 03:00:00+00:00,116.56499,4.4274144
2025-06-22 04:00:00+00:00,283.32455,7.029225
2025-06-22 05:00:00+00:00,266.6336,6.130579
2025-06-22 06:00:00+00:00,254.05453,9.172938
2025-06-22 07:00:00+00:00,257.4712,8.297589
2025-06-22 08:00:00+00:00,270.0,9.54
2025-06-22 09:00:00+00:00,254.47583,6.725354
2025-06-22 10:00:00+00:00,277.66672,9.444426
2025-06-22 11:00:00+00:00,281.5138,9.919618
2025-06-22 12:00:00+00:00,318.44748,10.583326
2025-06-22 13:00:00+00:00,345.06854,8.383054
2025-06-22 14:00:00+00:00,45.939102,7.7650757
2025-06-22 15:00:00+00:00,9.782338,5.297018
2025-06-22 16:00:00+00:00,3.179772,3.244996
2025-06-22 17:00:00+00:00,2.2905633,4.503598
2025-06-22 18:00:00+00:00,13.240531,6.28713
2025-06-22 19:00:00+00:00,81.25392,4.73506
2025-06-22 20:00:00+00:00,57.99466,3.396233
2025-06-22 21:00:00+00:00,31.75944,4.4456716
2025-06-22 22:00:00+00:00,349.3804,2.9301877
2025-06-22 23:00:00+00:00,8.97255,3.462369
2025-06-23 00:00:00+00:00,23.198618,2.7416782
2025-06-23 01:00:00+00:00,48.366554,4.3349743
2025-06-23 02:00:00+00:00,64.855255,9.743304
2025-06-23 03:00:00+00:00,90.0,5.5799994
2025-06-23 04:00:00+00:00,329.03632,3.148714
2025-06-23 05:00:00+00:00,288.74142,10.644379
2025-06-23 06:00:00+00:00,286.18927,11.620809
2025-06-23 07:00:00+00:00,286.6993,13.154786
2025-06-23 08:00:00+00:00,283.67133,13.708391
2025-06-23 09:00:00+00:00,289.51596,15.086748
2025-06-23 10:00:00+00:00,289.47665,15.655861
2025-06-23 11:00:00+00:00,293.2946,14.1102085
2025-06-23 12:00:00+00:00,296.23187,13.845967
2025-06-23 13:00:00+00:00,317.86246,5.0975285
2025-06-23 14:00:00+00:00,333.06055,12.3165245
2025-06-23 15:00:00+00:00,64.79892,3.381893
2025-06-23 16:00:00+00:00,12.528798,3.319036
2025-06-23 17:00:00+00:00,33.310646,7.538541
2025-06-23 18:00:00+00:00,61.821507,5.7176566
2025-06-23 19:00:00+00:00,71.075264,6.66
2025-06-23 20:00:00+00:00,101.3099,4.5891175
2025-06-23 21:00:00+00:00,342.8972,2.4482646
2025-06-23 22:00:00+00:00,274.18484,7.3997297
2025-06-23 23:00:00+00:00,262.26648,14.713831
2025-06-24 00:00:00+00:00,273.50345,8.836514
2025-06-24 01:00:00+00:00,263.29025,12.324414
2025-06-24 02:00:00+00:00,276.3401,14.669724
2025-06-24 03:00:00+00:00,291.19412,9.459852
2025-06-24 04:00:00+00:00,300.11365,10.404249
2025-06-24 05:00:00+00:00,296.56497,7.6473517
2025-06-24 06:00:00+00:00,299.83545,14.110209
2025-06-24 07:00:00+00:00,342.64587,9.05205
2025-06-24 08:00:00+00:00,299.12396,14.423605
2025-06-24 09:00:00+00:00,312.32452,13.633737
2025-06-24 10:00:00+00:00,315.5456,13.3649235
2025-06-24 11:00:00+00:00,298.1561,14.49531
2025-06-24 12:00:00+00:00,307.8228,17.318394
2025-06-24 13:00:00+00:00,277.92685,14.357185
2025-06-24 14:00:00+00:00,290.22495,18.22361
2025-06-24 15:00:00+00:00,307.87503,12.313894
2025-06-24 16:00:00+00:00,338.19852,3.8773184
2025-06-24 17:00:00+00:00,12.757541,9.781473
2025-06-24 18:00:00+00:00,66.29735,8.0599
2025-06-24 19:00:00+00:00,77.00539,2.4014995
2025-06-24 20:00:00+00:00,67.75093,4.278551
2025-06-24 21:00:00+00:00,67.61982,6.6185193
2025-06-24 22:00:00+00:00,54.865723,5.9427266
2025-06-24 23:00:00+00:00,58.46526,9.292255
2025-06-25 00:00:00+00:00,53.67309,7.596341
2025-06-25 01:00:00+00:00,255.52966,17.288435
2025-06-25 02:00:00+00:00,236.62215,18.32202
2025-06-25 03:00:00+00:00,250.0835,13.210087
2025-06-25 04:00:00+00:00,304.62424,9.187056
2025-06-25 05:00:00+00:00,327.09476,3.6447225
2025-06-25 06:00:00+00:00,268.85425,9.0018
2025-06-25 07:00:00+00:00,296.56497,13.684735
2025-06-25 08:00:00+00:00,298.4428,9.826088
2025-06-25 09:00:00+00:00,319.93927,10.348043
2025-06-25 10:00:00+00:00,277.2531,9.979859
2025-06-25 11:00:00+00:00,301.73346,16.084589
2025-06-25 12:00:00+00:00,306.52896,12.096214
2025-06-25 13:00:00+00:00,341.56494,4.5536795
2025-06-25 14:00:00+00:00,318.69147,7.9077177
2025-06-25 15:00:00+00:00,22.249071,8.557102
2025-06-25 16:00:00+00:00,53.972538,2.4482648
2025-06-25 17:00:00+00:00,51.34017,4.6102495
2025-06-25 18:00:00+00:00,90.0,9.0
2025-06-25 19:00:00+00:00,104.03627,5.937272
2025-06-25 20:00:00+00:00,87.13766,7.208994
2025-06-25 21:00:00+00:00,99.039406,8.019601
2025-06-25 22:00:00+00:00,102.5288,3.319036
2025-06-25 23:00:00+00:00,111.801476,4.846648
2025-06-26 00:00:00+00:00,112.833694,3.710795
2025-06-26 01:00:00+00:00,127.694305,5.004518
2025-06-26 02:00:00+00:00,116.56499,9.659814
2025-06-26 03:00:00+00:00,72.64589,6.0347
2025-06-26 04:00:00+00:00,69.04415,9.059205
2025-06-26 05:00:00+00:00,66.80139,6.8541956
2025-06-26 06:00:00+00:00,86.98728,3.4247334
2025-06-26 07:00:00+00:00,285.25516,4.1046314
2025-06-26 08:00:00+00:00,317.64258,8.281956
2025-06-26 09:00:00+00:00,295.01685,5.95906
2025-06-26 10:00:00+00:00,266.6336,6.130579
2025-06-26 11:00:00+00:00,295.64096,4.991553
2025-06-26 12:00:00+00:00,305.83774,3.9966483
2025-06-26 13:00:00+00:00,317.6026,5.6060677
2025-06-26 14:00:00+00:00,95.7105,3.6179552
2025-06-26 15:00:00+00:00,166.86597,5.5450516
2025-06-26 16:00:00+00:00,232.12495,2.0523157
2025-06-26 17:00:00+00:00,147.61934,8.738811
2025-06-26 18:00:00+00:00,165.2564,3.536439
2025-06-26 19:00:00+00:00,86.423744,2.8856194
2025-06-26 20:00:00+00:00,235.0079,2.19718
2025-06-26 21:00:00+00:00,350.53775,1.0948973
2025-06-26 22:00:00+00:00,23.198618,2.7416782
2025-06-26 23:00:00+00:00,70.20104,4.7827187
2025-06-27 00:00:00+00:00,84.55976,7.5942073
2025-06-27 01:00:00+00:00,41.054726,7.3997297
2025-06-27 02:00:00+00:00,56.309914,8.43699
2025-06-27 03:00:00+00:00,53.67309,7.596341
2025-06-27 04:00:00+00:00,43.667847,5.4744864
2025-06-27 05:00:00+00:00,345.52966,5.7628117
2025-06-27 06:00:00+00:00,287.19864,7.9138603
2025-06-27 07:00:00+00:00,270.0,8.82
2025-06-27 08:00:00+00:00,278.84174,8.197414
2025-06-27 09:00:00+00:00,287.7005,8.880405
2025-06-27 10:00:00+00:00,288.8248,8.36758
2025-06-27 11:00:00+00:00,283.70697,7.596341
2025-06-27 12:00:00+00:00,270.0,5.9399996
2025-06-27 13:00:00+00:00,299.13422,12.570394
2025-06-27 14:00:00+00:00,308.65982,11.525623
2025-06-27 15:00:00+00:00,305.83774,15.986593
2025-06-27 16:00:00+00:00,316.10162,13.239486
2025-06-27 17:00:00+00:00,335.22488,7.731623
2025-06-27 18:00:00+00:00,352.87506,7.256032
2025-06-27 19:00:00+00:00,40.030197,5.876938
2025-06-27 20:00:00+00:00,74.054535,7.8625183
2025-06-27 21:00:00+00:00,85.23644,6.5024605
2025-06-27 22:00:00+00:00,82.875084,5.8048253
2025-06-27 23:00:00+00:00,93.17977,3.244996
2025-06-28 00:00:00+00:00,196.69933,1.8792552
2025-06-28 01:00:00+00:00,72.47434,7.172949
2025-06-28 02:00:00+00:00,101.63361,6.2483597
2025-06-28 03:00:00+00:00,307.87503,2.0523157
2025-06-28 04:00:00+00:00,244.65387,7.5685663
2025-06-28 05:00:00+00:00,301.75943,8.891343
2025-06-28 06:00:00+00:00,318.91833,9.313152
2025-06-28 07:00:00+00:00,308.92755,6.015878
2025-06-28 08:00:00+00:00,303.36636,8.836514
2025-06-28 09:00:00+00:00,314.3098,10.564941
2025-06-28 10:00:00+00:00,276.70975,9.243311
2025-06-28 11:00:00+00:00,300.96368,8.39657
2025-06-28 12:00:00+00:00,293.6294,9.430695
2025-06-28 13:00:00+00:00,337.01126,6.452441
2025-06-28 14:00:00+00:00,323.97253,2.4482648
2025-06-28 15:00:00+00:00,311.18582,3.8268526
2025-06-28 16:00:00+00:00,236.3099,2.5959969
2025-06-28 17:00:00+00:00,243.43501,4.829907
2025-06-28 18:00:00+00:00,90.0,4.5
2025-06-28 19:00:00+00:00,325.4914,3.494968
2025-06-28 20:00:00+00:00,310.91428,3.572898
2025-06-28 21:00:00+00:00,33.6901,3.8939953
2025-06-28 22:00:00+00:00,40.236294,6.1305785
2025-06-28 23:00:00+00:00,76.328674,6.8541956
2025-06-29 00:00:00+00:00,86.82024,6.489992
2025-06-29 01:00:00+00:00,65.65892,8.297589
2025-06-29 02:00:00+00:00,82.010765,10.360559
2025-06-29 03:00:00+00:00,81.6342,6.1858225
2025-06-29 04:00:00+00:00,85.23644,6.5024605
2025-06-29 05:00:00+00:00,97.12492,5.8048253
2025-06-29 06:00:00+00:00,86.98728,3.4247334
2025-06-29 07:00:00+00:00,70.01681,2.1068459
2025-06-29 08:00:00+00:00,30.963696,2.0991426
2025-06-29 09:00:00+00:00,309.8055,1.4058449
2025-06-29 10:00:00+00:00,296.56497,3.62243
2025-06-29 11:00:00+00:00,291.3707,4.445672
2025-06-29 12:00:00+00:00,286.9909,6.77575
2025-06-29 13:00:00+00:00,286.9909,6.77575
2025-06-29 14:00:00+00:00,308.0471,5.257109
2025-06-29 15:00:00+00:00,321.34018,5.7628117
2025-06-29 16:00:00+00:00,341.56494,3.9844694
2025-06-29 17:00:00+00:00,333.43503,4.829907
2025-06-29 18:00:00+00:00,330.1012,8.305396
2025-06-29 19:00:00+00:00,330.8026,7.0107627
2025-06-29 20:00:00+00:00,337.5205,5.6492476
2025-06-29 21:00:00+00:00,5.7105074,3.6179552
2025-06-29 22:00:00+00:00,352.87506,4.353619
2025-06-29 23:00:00+00:00,342.52515,10.1902895
2025-06-30 00:00:00+00:00,10.784258,7.69592
2025-06-30 01:00:00+00:00,20.556128,3.0758414
2025-06-30 02:00:00+00:00,341.56494,7.3997297
2025-06-30 03:00:00+00:00,358.29022,12.0653715
2025-06-30 04:00:00+00:00,333.43503,11.269782
2025-06-30 05:00:00+00:00,320.1945,9.840914
2025-06-30 06:00:00+00:00,302.90524,10.934166
2025-06-30 07:00:00+00:00,294.14554,11.440979
2025-06-30 08:00:00+00:00,292.5206,15.978484
2025-06-30 09:00:00+00:00,290.29764,14.009968
2025-06-30 10:00:00+00:00,287.31174,14.517644
2025-06-30 11:00:00+00:00,284.5603,14.319901
2025-06-30 12:00:00+00:00,309.15543,16.248924
2025-06-30 13:00:00+00:00,327.72437,12.13499
2025-06-30 14:00:00+00:00,1.2730018,8.101999
2025-06-30 15:00:00+00:00,355.68405,9.567131
2025-06-30 16:00:00+00:00,339.07544,13.1041975
2025-06-30 17:00:00+00:00,44.999897,6.618519
2025-06-30 18:00:00+00:00,59.03632,3.148714
2025-06-30 19:00:00+00:00,75.96373,3.710795
2025-06-30 20:00:00+00:00,338.19852,5.815978
2025-06-30 21:00:00+00:00,44.999897,4.3274937
2025-06-30 22:00:00+00:00,296.56497,1.609969
2025-06-30 23:00:00+00:00,349.8754,5.1197267
2025-07-01 00:00:00+00:00,78.996506,6.601363
2025-07-01 01:00:00+00:00,78.6901,3.671294
2025-07-01 02:00:00+00:00,100.00792,6.2145634
2025-07-01 03:00:00+00:00,25.346138,3.7842832
2025-07-01 04:00:00+00:00,90.0,3.6
2025-07-01 05:00:00+00:00,321.34018,1.1525624
2025-07-01 06:00:00+00:00,290.85452,12.134992
2025-07-01 07:00:00+00:00,278.91486,9.292254
2025-07-01 08:00:00+00:00,284.5002,10.783487
2025-07-01 09:00:00+00:00,296.56497,12.47726
2025-07-01 10:00:00+00:00,303.45334,12.081473
2025-07-01 11:00:00+00:00,296.91647,13.121493
2025-07-01 12:00:00+00:00,296.56497,12.074766
2025-07-01 13:00:00+00:00,333.43503,4.4274144
2025-07-01 14:00:00+00:00,319.89914,4.471107
2025-07-01 15:00:00+00:00,347.73523,4.2366967
2025-07-01 16:00:00+00:00,345.5559,12.267762
2025-07-01 17:00:00+00:00,20.37652,6.7205353
2025-07-01 18:00:00+00:00,27.40749,5.4744864
2025-07-01 19:00:00+00:00,79.04598,5.6835546
2025-07-01 20:00:00+00:00,49.085716,3.572898
2025-07-01 21:00:00+00:00,116.56499,1.609969
2025-07-01 22:00:00+00:00,14.931467,2.7943513
2025-07-01 23:00:00+00:00,309.52258,18.668005
2025-07-02 00:00:00+00:00,337.30615,10.730778
2025-07-02 01:00:00+00:00,92.12105,9.726665
2025-07-02 02:00:00+00:00,312.64667,9.299225
2025-07-02 03:00:00+00:00,34.69522,2.8460495
2025-07-02 04:00:00+00:00,25.866312,6.601363
2025-07-02 05:00:00+00:00,340.0168,4.2136917
2025-07-02 06:00:00+00:00,269.24615,13.681183
2025-07-02 07:00:00+00:00,284.5002,10.783487
2025-07-02 08:00:00+00:00,298.61035,11.276968
2025-07-02 09:00:00+00:00,313.66785,10.948973
2025-07-02 10:00:00+00:00,300.71884,14.447172
2025-07-02 11:00:00+00:00,323.31018,11.448055
2025-07-02 12:00:00+00:00,290.0953,7.8583965
2025-07-02 13:00:00+00:00,34.33027,8.936778
2025-07-02 14:00:00+00:00,53.880566,8.244708
2025-07-02 15:00:00+00:00,72.12121,5.8631387
2025-07-02 16:00:00+00:00,25.559923,4.5891175
2025-07-02 17:00:00+00:00,16.389616,3.189608
2025-07-02 18:00:00+00:00,47.290634,3.1845248
2025-07-02 19:00:00+00:00,347.4712,9.9571085
2025-07-02 20:00:00+00:00,313.4089,9.167638
2025-07-02 21:00:00+00:00,335.77228,7.8954163
2025-07-02 22:00:00+00:00,357.5634,8.467655
2025-07-02 23:00:00+00:00,22.109503,6.21717
2025-07-03 00:00:00+00:00,335.55606,2.1749482
2025-07-03 01:00:00+00:00,93.366394,3.0652895
2025-07-03 02:00:00+00:00,84.2895,7.2359104
2025-07-03 03:00:00+00:00,97.59455,5.4477882
2025-07-03 04:00:00+00:00,87.27374,3.7842832
2025-07-03 05:00:00+00:00,296.56497,1.2074767
2025-07-03 06:00:00+00:00,293.6294,6.28713
2025-07-03 07:00:00+00:00,297.1496,7.889259
2025-07-03 08:00:00+00:00,298.0724,9.179999
2025-07-03 09:00:00+00:00,296.56497,11.672275
2025-07-03 10:00:00+00:00,301.75943,13.337016
2025-07-03 11:00:00+00:00,303.05582,13.529966
2025-07-03 12:00:00+00:00,302.1957,11.4862
2025-07-03 13:00:00+00:00,300.1413,6.452441
2025-07-03 14:00:00+00:00,335.55606,2.1749482
2025-07-03 15:00:00+00:00,335.22488,2.5772076
2025-07-03 16:00:00+00:00,24.443953,2.1749482
2025-07-03 17:00:00+00:00,27.377628,11.351422
2025-07-03 18:00:00+00:00,33.27491,6.889557
2025-07-03 19:00:00+00:00,57.264786,5.991594
2025-07-03 20:00:00+00:00,109.440125,3.244996
2025-07-03 21:00:00+00:00,104.03627,4.452954
2025-07-03 22:00:00+00:00,94.76356,4.3349743
2025-07-03 23:00:00+00:00,62.10283,3.4623692
2025-07-04 00:00:00+00:00,17.650223,4.1556225
2025-07-04 01:00:00+00:00,90.0,6.2999997
2025-07-04 02:00:00+00:00,81.86999,7.6367526
2025-07-04 03:00:00+00:00,65.55606,6.5248446
2025-07-04 04:00:00+00:00,65.55606,4.3498964
2025-07-04 05:00:00+00:00,296.02954,8.61371
2025-07-04 06:00:00+00:00,307.47626,6.804381
2025-07-04 07:00:00+00:00,303.2749,6.889557
2025-07-04 08:00:00+00:00,299.8988,8.305396
2025-07-04 09:00:00+00:00,292.3802,9.927779
2025-07-04 10:00:00+00:00,280.20392,9.144637
2025-07-04 11:00:00+00:00,283.49576,9.255571
2025-07-04 12:00:00+00:00,292.0363,8.155807
2025-07-04 13:00:00+00:00,316.16904,6.2379804
2025-07-04 14:00:00+00:00,340.0168,4.2136917
2025-07-04 15:00:00+00:00,38.65983,2.3051248
2025-07-04 16:00:00+00:00,78.11137,3.4949677
2025-07-04 17:00:00+00:00,91.90912,5.4029994
2025-07-04 18:00:00+00:00,336.3706,9.430695
2025-07-04 19:00:00+00:00,358.4926,6.8423676
2025-07-04 20:00:00+00:00,12.875007,6.4624763
2025-07-04 21:00:00+00:00,17.818983,5.2939587
2025-07-04 22:00:00+00:00,56.309914,5.1919937
2025-07-04 23:00:00+00:00,63.435013,4.4274144
2025-07-05 00:00:00+00:00,66.801384,2.7416782
2025-07-05 01:00:00+00:00,87.20736,7.388775
2025-07-05 02:00:00+00:00,53.392834,7.8480825
2025-07-05 03:00:00+00:00,21.54104,7.353611
2025-07-05 04:00:00+00:00,338.19852,4.846648
2025-07-05 05:00:00+00:00,311.0994,11.226575
2025-07-05 06:00:00+00:00,298.61035,9.021574
2025-07-05 07:00:00+00:00,297.43964,10.546525
2025-07-05 08:00:00+00:00,296.56497,9.659814
2025-07-05 09:00:00+00:00,288.43503,10.24578
2025-07-05 10:00:00+00:00,283.65045,12.966248
2025-07-05 11:00:00+00:00,292.5431,10.32924
2025-07-05 12:00:00+00:00,295.7099,10.787993
2025-07-05 13:00:00+00:00,349.11453,4.7657523
2025-07-05 14:00:00+00:00,15.255177,4.1046314
2025-07-05 15:00:00+00:00,63.435013,2.0124612
2025-07-05 16:00:00+00:00,32.61924,5.3426957
2025-07-05 17:00:00+00:00,66.80139,8.225035
2025-07-05 18:00:00+00:00,65.55606,6.5248446
2025-07-05 19:00:00+00:00,330.25522,7.256032
2025-07-05 20:00:00+00:00,40.10085,4.471107
2025-07-05 21:00:00+00:00,64.48618,8.775807
2025-07-05 22:00:00+00:00,54.46224,7.7420926
2025-07-05 23:00:00+00:00,47.862484,5.0975285
2025-07-06 00:00:00+00:00,59.93151,3.9518096
2025-07-06 01:00:00+00:00,105.64231,9.346143
2025-07-06 02:00:00+00:00,148.24057,4.4456716
2025-07-06 03:00:00+00:00,292.30624,7.587806
2025-07-06 04:00:00+00:00,270.0,6.66
2025-07-06 05:00:00+00:00,281.00348,6.601363
2025-07-06 06:00:00+00:00,327.72437,8.0899935
2025-07-06 07:00:00+00:00,292.4428,8.958504
2025-07-06 08:00:00+00:00,278.45493,13.466357
2025-07-06 09:00:00+00:00,294.49857,15.62686
2025-07-06 10:00:00+00:00,295.52966,13.3649235
2025-07-06 11:00:00+00:00,300.84653,15.095336
2025-07-06 12:00:00+00:00,304.69522,14.230248
2025-07-06 13:00:00+00:00,283.28488,13.31635
2025-07-06 14:00:00+00:00,283.60056,11.481968
2025-07-06 15:00:00+00:00,328.5359,14.138882
2025-07-06 16:00:00+00:00,116.56499,0.40249225
2025-07-06 17:00:00+00:00,77.735245,8.473393
2025-07-06 18:00:00+00:00,78.6901,6.424764
2025-07-06 19:00:00+00:00,57.804302,5.7431
2025-07-06 20:00:00+00:00,61.69934,5.315336
2025-07-06 21:00:00+00:00,86.63361,3.0652895
2025-07-06 22:00:00+00:00,64.79892,3.381893
2025-07-06 23:00:00+00:00,25.640957,4.991553
2025-07-07 00:00:00+00:00,24.623547,4.7521367
2025-07-07 01:00:00+00:00,7.907082,6.542201
2025-07-07 02:00:00+00:00,29.475794,4.755544
2025-07-07 03:00:00+00:00,49.236485,6.8919086
2025-07-07 04:00:00+00:00,10.491434,4.942631
2025-07-07 05:00:00+00:00,346.293,7.596341
2025-07-07 06:00:00+00:00,324.3235,8.641874
2025-07-07 07:00:00+00:00,310.33307,12.514855
2025-07-07 08:00:00+00:00,305.1808,13.433838
2025-07-07 09:00:00+00:00,307.5192,12.708815
2025-07-07 10:00:00+00:00,305.28683,14.33347
2025-07-07 11:00:00+00:00,306.72418,14.148046
2025-07-07 12:00:00+00:00,303.91745,12.5807
2025-07-07 13:00:00+00:00,317.4896,5.8603754
2025-07-07 14:00:00+00:00,311.42358,4.080882
2025-07-07 15:00:00+00:00,313.36346,4.4565907
2025-07-07 16:00:00+00:00,303.6901,1.9469976
2025-07-07 17:00:00+00:00,9.659832,8.581677
2025-07-07 18:00:00+00:00,40.601215,4.978554
2025-07-07 19:00:00+00:00,66.03751,5.318383
2025-07-07 20:00:00+00:00,60.255207,7.256032
2025-07-07 21:00:00+00:00,26.564985,6.037383
2025-07-07 22:00:00+00:00,68.19853,2.907989
2025-07-07 23:00:00+00:00,87.3975,3.964089
2025-07-08 00:00:00+00:00,104.03627,2.226477
2025-07-08 01:00:00+00:00,350.13425,4.2021422
2025-07-08 02:00:00+00:00,14.036275,2.226477
2025-07-08 03:00:00+00:00,116.56499,0.8049845
2025-07-08 04:00:00+00:00,339.22766,5.5829024
2025-07-08 05:00:00+00:00,315.0001,11.45513
2025-07-08 06:00:00+00:00,304.3804,12.431733
2025-07-08 07:00:00+00:00,306.75378,17.748037
2025-07-08 08:00:00+00:00,306.44452,14.544401
2025-07-08 09:00:00+00:00,306.5912,14.796175
2025-07-08 10:00:00+00:00,299.4758,14.266632
2025-07-08 11:00:00+00:00,302.1372,16.580532
2025-07-08 12:00:00+00:00,306.86996,17.1
2025-07-08 13:00:00+00:00,301.72354,11.638917
2025-07-08 14:00:00+00:00,320.0637,10.094454
2025-07-08 15:00:00+00:00,329.03632,8.39657
2025-07-08 16:00:00+00:00,329.8587,12.904882
2025-07-08 17:00:00+00:00,343.1415,6.206738
2025-07-08 18:00:00+00:00,32.96941,7.9383874
2025-07-08 19:00:00+00:00,55.0079,6.59154
2025-07-08 20:00:00+00:00,30.963696,2.0991426
2025-07-08 21:00:00+00:00,343.49554,5.068846
2025-07-08 22:00:00+00:00,341.56494,5.6920996
2025-07-08 23:00:00+00:00,10.954029,5.6835546
2025-07-09 00:00:00+00:00,24.34109,8.297589
2025-07-09 01:00:00+00:00,42.878906,10.316686
2025-07-09 02:00:00+00:00,59.589005,9.600937
2025-07-09 03:00:00+00:00,75.25639,7.072878
2025-07-09 04:00:00+00:00,7.9433913,7.814986
2025-07-09 05:00:00+00:00,327.09476,10.934166
2025-07-09 06:00:00+00:00,316.1232,12.984975
2025-07-09 07:00:00+00:00,321.2258,14.083778
2025-07-09 08:00:00+00:00,304.21576,16.325514
2025-07-09 09:00:00+00:00,307.8158,15.266079
2025-07-09 10:00:00+00:00,303.3263,15.726067
2025-07-09 11:00:00+00:00,301.93063,14.634343
2025-07-09 12:00:00+00:00,300.57913,13.799087
2025-07-09 13:00:00+00:00,308.90414,13.184308
2025-07-09 14:00:00+00:00,337.4794,7.989242
2025-07-09 15:00:00+00:00,353.29025,9.243311
2025-07-09 16:00:00+00:00,33.340725,8.187527
2025-07-09 17:00:00+00:00,13.671325,6.8541956
2025-07-09 18:00:00+00:00,67.963715,8.155807
2025-07-09 19:00:00+00:00,330.01843,5.402999
2025-07-09 20:00:00+00:00,339.04413,9.059205
2025-07-09 21:00:00+00:00,345.42575,9.299225
2025-07-09 22:00:00+00:00,5.1172233,12.108261
2025-07-09 23:00:00+00:00,1.1457417,9.0018
2025-07-10 00:00:00+00:00,25.513834,8.775807
2025-07-10 01:00:00+00:00,38.853382,8.320986
2025-07-10 02:00:00+00:00,353.08887,5.9834766
2025-07-10 03:00:00+00:00,344.57776,10.829959
2025-07-10 04:00:00+00:00,357.91748,9.906544
2025-07-10 05:00:00+00:00,321.2258,14.083778
2025-07-10 06:00:00+00:00,316.63654,8.913181
2025-07-10 07:00:00+00:00,315.0001,12.98248
2025-07-10 08:00:00+00:00,307.46063,17.460928
2025-07-10 09:00:00+00:00,307.30402,14.25641
2025-07-10 10:00:00+00:00,302.15228,14.88242
2025-07-10 11:00:00+00:00,301.08743,14.292725
2025-07-10 12:00:00+00:00,308.0728,13.719023
2025-07-10 13:00:00+00:00,318.36655,10.837435
2025-07-10 14:00:00+00:00,310.2363,12.261157
2025-07-10 15:00:00+00:00,322.88306,8.3520775
2025-07-10 16:00:00+00:00,338.89508,10.99769
2025-07-10 17:00:00+00:00,13.671325,6.8541956
2025-07-10 18:00:00+00:00,17.744766,4.724786
2025-07-10 19:00:00+00:00,33.6901,5.8409934
2025-07-10 20:00:00+00:00,46.97493,3.693291
2025-07-10 21:00:00+00:00,28.610369,2.2553935
2025-07-10 22:00:00+00:00,68.19853,2.907989
2025-07-10 23:00:00+00:00,344.47583,3.362677
2025-07-11 00:00:00+00:00,297.75842,3.8647635
2025-07-11 01:00:00+00:00,61.189304,4.1085763
2025-07-11 02:00:00+00:00,68.498505,6.384293
2025-07-11 03:00:00+00:00,92.12105,4.8633323
2025-07-11 04:00:00+00:00,25.346138,3.7842832
2025-07-11 05:00:00+00:00,318.36655,4.3349743
2025-07-11 06:00:00+00:00,295.08356,9.340941
2025-07-11 07:00:00+00:00,288.1528,11.555102
2025-07-11 08:00:00+00:00,293.11423,16.048288
2025-07-11 09:00:00+00:00,297.64587,17.068707
2025-07-11 10:00:00+00:00,295.62195,19.56377
2025-07-11 11:00:00+00:00,301.0716,16.391863
2025-07-11 12:00:00+00:00,309.90784,12.906138
2025-07-11 13:00:00+00:00,298.7202,14.98331
2025-07-11 14:00:00+00:00,332.14044,14.251863
2025-07-11 15:00:00+00:00,315.74396,9.801326
2025-07-11 16:00:00+00:00,297.47433,5.072041
2025-07-11 17:00:00+00:00,276.22574,9.9587345
2025-07-11 18:00:00+00:00,292.01132,9.12513
2025-07-11 19:00:00+00:00,344.82703,11.003581
2025-07-11 20:00:00+00:00,318.1799,4.5891175
2025-07-11 21:00:00+00:00,35.706783,7.0934615
2025-07-11 22:00:00+00:00,57.724377,4.0449967
2025-07-11 23:00:00+00:00,54.090195,6.444905
2025-07-12 00:00:00+00:00,41.185825,5.7402787
2025-07-12 01:00:00+00:00,324.27252,12.638512
2025-07-12 02:00:00+00:00,318.15494,16.188995
2025-07-12 03:00:00+00:00,338.6631,12.367716
2025-07-12 04:00:00+00:00,336.8014,16.45007
2025-07-12 05:00:00+00:00,338.3253,15.10821
2025-07-12 06:00:00+00:00,319.39877,18.254698
2025-07-12 07:00:00+00:00,316.5074,19.35314
2025-07-12 08:00:00+00:00,310.2057,19.797543
2025-07-12 09:00:00+00:00,309.01184,18.300787
2025-07-12 10:00:00+00:00,311.08167,18.626305
2025-07-12 11:00:00+00:00,305.03625,19.125793
2025-07-12 12:00:00+00:00,303.51105,15.975444
2025-07-12 13:00:00+00:00,279.18875,12.399113
2025-07-12 14:00:00+00:00,299.0545,11.119281
2025-07-12 15:00:00+00:00,298.70584,8.6193495
2025-07-12 16:00:00+00:00,303.6901,2.5959969
2025-07-12 17:00:00+00:00,323.13,7.2
2025-07-12 18:00:00+00:00,339.8636,5.7515564
2025-07-12 19:00:00+00:00,257.19574,4.060985
2025-07-12 20:00:00+00:00,287.1028,9.793058
2025-07-12 21:00:00+00:00,289.82254,16.454994
2025-07-12 22:00:00+00:00,310.6839,13.529966
2025-07-12 23:00:00+00:00,315.78473,9.292254
2025-07-13 00:00:00+00:00,330.70874,8.461914
2025-07-13 01:00:00+00:00,41.63345,6.502461
2025-07-13 02:00:00+00:00,7.4313188,8.350138
2025-07-13 03:00:00+00:00,3.3664,6.130579
2025-07-13 04:00:00+00:00,292.16638,5.2478566
2025-07-13 05:00:00+00:00,281.113,10.272623
2025-07-13 06:00:00+00:00,294.0755,9.266067
2025-07-13 07:00:00+00:00,293.00888,14.275713
2025-07-13 08:00:00+00:00,302.09256,12.535549
2025-07-13 09:00:00+00:00,310.426,12.768586
2025-07-13 10:00:00+00:00,310.52502,14.681866
2025-07-13 11:00:00+00:00,302.07397,15.931779
2025-07-13 12:00:00+00:00,311.56625,12.750811
2025-07-13 13:00:00+00:00,345.9637,8.905908
2025-07-13 14:00:00+00:00,317.62646,13.888023
2025-07-13 15:00:00+00:00,331.69934,10.630672
2025-07-13 16:00:00+00:00,332.8504,7.889259
2025-07-13 17:00:00+00:00,323.88055,8.244708
2025-07-13 18:00:00+00:00,313.63614,10.694485
2025-07-13 19:00:00+00:00,315.0001,7.891311
2025-07-13 20:00:00+00:00,301.7014,7.193247
2025-07-13 21:00:00+00:00,291.29742,11.39842
2025-07-13 22:00:00+00:00,263.82993,6.698806
2025-07-13 23:00:00+00:00,282.17145,9.391102
2025-07-14 00:00:00+00:00,323.74606,3.3481934
2025-07-14 01:00:00+00:00,299.44534,12.815443
2025-07-14 02:00:00+00:00,293.31772,11.368535
2025-07-14 03:00:00+00:00,293.0255,7.823272
2025-07-14 04:00:00+00:00,287.928,6.4323244
2025-07-14 05:00:00+00:00,281.3099,9.178235
2025-07-14 06:00:00+00:00,279.86575,12.606426
2025-07-14 07:00:00+00:00,287.87878,17.589418
2025-07-14 08:00:00+00:00,302.96942,15.876775
2025-07-14 09:00:00+00:00,294.04422,12.81165
2025-07-14 10:00:00+00:00,282.80426,16.24394
2025-07-14 11:00:00+00:00,287.3541,18.1041
2025-07-14 12:00:00+00:00,299.5387,12.413477
2025-07-14 13:00:00+00:00,332.928,9.096681
2025-07-14 14:00:00+00:00,304.41843,11.782784
2025-07-14 15:00:00+00:00,351.34753,8.37532
2025-07-14 16:00:00+00:00,30.6506,5.6492476
2025-07-14 17:00:00+00:00,76.50425,9.255571
2025-07-14 18:00:00+00:00,174.80566,3.9763298
2025-07-14 19:00:00+00:00,283.39252,7.771331
2025-07-14 20:00:00+00:00,313.1524,7.8954163
2025-07-14 21:00:00+00:00,305.9606,11.341428
2025-07-14 22:00:00+00:00,298.35486,12.886039
2025-07-14 23:00:00+00:00,304.5626,9.835975
2025-07-15 00:00:00+00:00,349.59235,8.967541
2025-07-15 01:00:00+00:00,305.21768,14.982228
2025-07-15 02:00:00+00:00,321.80902,17.176563
2025-07-15 03:00:00+00:00,321.24188,16.388897
2025-07-15 04:00:00+00:00,337.3194,13.070776
2025-07-15 05:00:00+00:00,325.40765,19.023027
2025-07-15 06:00:00+00:00,332.83508,15.376045
2025-07-15 07:00:00+00:00,327.3997,18.374994
2025-07-15 08:00:00+00:00,326.6336,17.673029
2025-07-15 09:00:00+00:00,326.12915,15.825675
2025-07-15 10:00:00+00:00,322.12494,16.418526
2025-07-15 11:00:00+00:00,318.31104,15.426535
2025-07-15 12:00:00+00:00,315.0001,16.29174
2025-07-15 13:00:00+00:00,316.4202,15.405519
2025-07-15 14:00:00+00:00,318.01285,14.529915
2025-07-15 15:00:00+00:00,340.76923,8.197414
2025-07-15 16:00:00+00:00,360.0,5.5799994
2025-07-15 17:00:00+00:00,35.837746,3.9966483
2025-07-15 18:00:00+00:00,305.9098,6.444905
2025-07-15 19:00:00+00:00,311.71066,11.091564
2025-07-15 20:00:00+00:00,323.34378,9.648067
2025-07-15 21:00:00+00:00,344.05453,3.9312592
2025-07-15 22:00:00+00:00,345.4655,5.020677
2025-07-15 23:00:00+00:00,344.7448,4.1046314
2025-07-16 00:00:00+00:00,356.49652,8.836514
2025-07-16 01:00:00+00:00,360.0,7.92
2025-07-16 02:00:00+00:00,5.8559217,7.0568266
2025-07-16 03:00:00+00:00,314.19315,9.037721
2025-07-16 04:00:00+00:00,301.21835,13.891522
2025-07-16 05:00:00+00:00,305.36255,6.8423676
2025-07-16 06:00:00+00:00,298.0244,12.642357
2025-07-16 07:00:00+00:00,318.81415,13.393983
2025-07-16 08:00:00+00:00,304.47226,14.628807
2025-07-16 09:00:00+00:00,317.52087,20.256998
2025-07-16 10:00:00+00:00,304.74326,13.581354
2025-07-16 11:00:00+00:00,313.4519,18.844202
2025-07-16 12:00:00+00:00,318.05298,19.119015
2025-07-16 13:00:00+00:00,302.8557,20.570463
2025-07-16 14:00:00+00:00,305.46994,17.681278
2025-07-16 15:00:00+00:00,306.57312,13.896187
2025-07-16 16:00:00+00:00,313.64688,16.16897
2025-07-16 17:00:00+00:00,308.19873,13.971757
2025-07-16 18:00:00+00:00,312.92996,10.571074
2025-07-16 19:00:00+00:00,347.66092,5.896202
2025-07-16 20:00:00+00:00,339.90466,7.8583965
2025-07-16 21:00:00+00:00,349.21573,7.69592
2025-07-16 22:00:00+00:00,334.1337,6.601363
2025-07-16 23:00:00+00:00,315.0001,3.8183763
2025-07-17 00:00:00+00:00,329.30035,6.698806
2025-07-17 01:00:00+00:00,351.02744,6.924738
2025-07-17 02:00:00+00:00,12.528798,6.638072
2025-07-17 03:00:00+00:00,332.3541,8.534353
2025-07-17 04:00:00+00:00,322.59457,11.556504
2025-07-17 05:00:00+00:00,322.23685,16.165964
2025-07-17 06:00:00+00:00,321.70978,17.429354
2025-07-17 07:00:00+00:00,313.81482,18.459436
2025-07-17 08:00:00+00:00,314.18164,17.82091
2025-07-17 09:00:00+00:00,309.72607,16.616642
2025-07-17 10:00:00+00:00,306.22504,19.189217
2025-07-17 11:00:00+00:00,310.52502,14.681866
2025-07-17 12:00:00+00:00,303.19757,17.423777
2025-07-17 13:00:00+00:00,325.65384,13.0806875
2025-07-17 14:00:00+00:00,327.45,10.036512
2025-07-17 15:00:00+00:00,322.0578,13.466357
2025-07-17 16:00:00+00:00,343.0724,8.654986
2025-07-17 17:00:00+00:00,327.72437,8.0899935
2025-07-17 18:00:00+00:00,317.93573,9.9408245
2025-07-17 19:00:00+00:00,322.43134,11.808878
2025-07-17 20:00:00+00:00,310.9554,12.632101
2025-07-17 21:00:00+00:00,314.52655,15.401311
2025-07-17 22:00:00+00:00,322.72174,15.156384
2025-07-17 23:00:00+00:00,311.112,13.14
2025-07-18 00:00:00+00:00,312.06424,9.9408245
2025-07-18 01:00:00+00:00,319.15973,14.037692
2025-07-18 02:00:00+00:00,328.90274,13.243156
2025-07-18 03:00:00+00:00,324.63745,13.684735
2025-07-18 04:00:00+00:00,326.86438,15.476859
2025-07-18 05:00:00+00:00,319.574,12.768586
2025-07-18 06:00:00+00:00,317.4896,11.720751
2025-07-18 07:00:00+00:00,305.81125,17.534992
2025-07-18 08:00:00+00:00,298.61035,15.787753
2025-07-18 09:00:00+00:00,298.90225,19.73854
2025-07-18 10:00:00+00:00,295.01685,20.85671
2025-07-18 11:00:00+00:00,299.5387,18.620214
2025-07-18 12:00:00+00:00,293.38525,21.768095
2025-07-18 13:00:00+00:00,327.15494,16.925743
2025-07-18 14:00:00+00:00,321.80902,17.176563
2025-07-18 15:00:00+00:00,315.0001,18.328207
2025-07-18 16:00:00+00:00,322.88306,16.704155
2025-07-18 17:00:00+00:00,319.4557,19.660416
2025-07-18 18:00:00+00:00,320.38934,13.551501
2025-07-18 19:00:00+00:00,311.30853,15.815435
2025-07-18 20:00:00+00:00,308.0471,15.771329
2025-07-18 21:00:00+00:00,321.9529,15.771329
2025-07-18 22:00:00+00:00,307.93332,15.518672
2025-07-18 23:00:00+00:00,312.2072,20.898613
2025-07-19 00:00:00+00:00,304.3544,17.224598
2025-07-19 01:00:00+00:00,305.07382,20.674156
2025-07-19 02:00:00+00:00,303.6901,14.926983
2025-07-19 03:00:00+00:00,309.22565,11.385622
2025-07-19 04:00:00+00:00,306.7143,13.248049
2025-07-19 05:00:00+00:00,307.74686,14.113652
2025-07-19 06:00:00+00:00,302.692,14.330079
2025-07-19 07:00:00+00:00,282.80426,16.24394
2025-07-19 08:00:00+00:00,286.46008,16.516901
2025-07-19 09:00:00+00:00,293.5654,18.459436
2025-07-19 10:00:00+00:00,288.43503,18.78393
2025-07-19 11:00:00+00:00,293.91232,20.871464
2025-07-19 12:00:00+00:00,288.92474,19.98
2025-07-19 13:00:00+00:00,316.3971,15.659999
2025-07-19 14:00:00+00:00,315.0001,16.546299
2025-07-19 15:00:00+00:00,306.20953,12.492829
2025-07-19 16:00:00+00:00,300.65057,16.947744
2025-07-19 17:00:00+00:00,297.69937,8.131936
2025-07-19 18:00:00+00:00,313.36346,13.369771
2025-07-19 19:00:00+00:00,306.25394,13.392774
2025-07-19 20:00:00+00:00,314.40942,12.346741
2025-07-19 21:00:00+00:00,319.9698,17.630814
2025-07-19 22:00:00+00:00,304.7779,15.778516
2025-07-19 23:00:00+00:00,302.57404,15.379206
2025-07-20 00:00:00+00:00,305.98077,16.237955
2025-07-20 01:00:00+00:00,302.87625,17.574675
2025-07-20 02:00:00+00:00,309.47244,11.892265
2025-07-20 03:00:00+00:00,317.17474,10.062305
2025-07-20 04:00:00+00:00,316.27295,5.728979
2025-07-20 05:00:00+00:00,312.99045,14.51876
2025-07-20 06:00:00+00:00,301.10873,12.193589
2025-07-20 07:00:00+00:00,282.8356,14.584443
2025-07-20 08:00:00+00:00,287.71588,13.605189
2025-07-20 09:00:00+00:00,295.0674,12.320471
2025-07-20 10:00:00+00:00,298.41257,12.483748
2025-07-20 11:00:00+00:00,296.17523,11.833546
2025-07-20 12:00:00+00:00,290.22495,14.578888
2025-07-20 13:00:00+00:00,318.36655,10.837435
2025-07-20 14:00:00+00:00,312.27362,13.379461
2025-07-20 15:00:00+00:00,319.53784,8.043805
2025-07-20 16:00:00+00:00,327.99466,3.396233
2025-07-20 17:00:00+00:00,354.55975,3.7971036
2025-07-20 18:00:00+00:00,311.53168,8.415842
2025-07-20 19:00:00+00:00,296.0753,9.418661
2025-07-20 20:00:00+00:00,288.77814,9.505977
2025-07-20 21:00:00+00:00,271.43207,7.2022495
2025-07-20 22:00:00+00:00,244.39786,9.580668
2025-07-20 23:00:00+00:00,265.38943,11.196231
2025-07-21 00:00:00+00:00,270.90936,11.341428
2025-07-21 01:00:00+00:00,69.44387,1.5379207
2025-07-21 02:00:00+00:00,80.53775,4.379589
2025-07-21 03:00:00+00:00,327.52884,2.3469129
2025-07-21 04:00:00+00:00,307.6943,5.004518
2025-07-21 05:00:00+00:00,295.64096,9.983106
2025-07-21 06:00:00+00:00,292.13553,11.465024
2025-07-21 07:00:00+00:00,284.03625,10.390226
2025-07-21 08:00:00+00:00,289.6042,13.948548
2025-07-21 09:00:00+00:00,291.68234,16.077536
2025-07-21 10:00:00+00:00,285.78082,17.208603
2025-07-21 11:00:00+00:00,296.56497,13.282243
2025-07-21 12:00:00+00:00,284.47034,11.525623
2025-07-21 13:00:00+00:00,311.009,5.48631
2025-07-21 14:00:00+00:00,304.9921,6.59154
2025-07-21 15:00:00+00:00,312.08908,7.519175
2025-07-21 16:00:00+00:00,356.26868,8.297589
2025-07-21 17:00:00+00:00,19.798973,4.7827187
2025-07-21 18:00:00+00:00,43.36347,4.4565907
2025-07-21 19:00:00+00:00,57.99466,3.396233
2025-07-21 20:00:00+00:00,360.0,1.4399999
2025-07-21 21:00:00+00:00,345.9637,6.6794305
2025-07-21 22:00:00+00:00,336.0375,3.5455887
2025-07-21 23:00:00+00:00,299.24872,5.1575575
2025-07-22 00:00:00+00:00,354.2895,1.8089776
2025-07-22 01:00:00+00:00,219.6678,9.587428
2025-07-22 02:00:00+00:00,234.09018,6.444905
2025-07-22 03:00:00+00:00,244.91644,9.340941
2025-07-22 04:00:00+00:00,271.14572,9.0018
2025-07-22 05:00:00+00:00,298.0724,3.06
2025-07-22 06:00:00+00:00,263.4803,6.341009
2025-07-22 07:00:00+00:00,274.08554,10.105681
2025-07-22 08:00:00+00:00,284.03625,11.874544
2025-07-22 09:00:00+00:00,270.0,9.54
2025-07-22 10:00:00+00:00,261.57312,14.739132
2025-07-22 11:00:00+00:00,268.3865,12.785069
2025-07-22 12:00:00+00:00,282.43954,12.534257
2025-07-22 13:00:00+00:00,276.25394,13.218668
2025-07-22 14:00:00+00:00,284.03625,8.905908
2025-07-22 15:00:00+00:00,309.64413,8.181589
2025-07-22 16:00:00+00:00,277.8532,5.2694216
2025-07-22 17:00:00+00:00,327.8043,5.7431
2025-07-22 18:00:00+00:00,307.97165,9.361731
2025-07-22 19:00:00+00:00,325.66974,8.936778
2025-07-22 20:00:00+00:00,303.6901,3.8939953
2025-07-22 21:00:00+00:00,258.5305,12.673074
2025-07-22 22:00:00+00:00,272.08252,9.906544
2025-07-22 23:00:00+00:00,276.1465,11.767651
2025-07-23 00:00:00+00:00,286.55716,13.896187
2025-07-23 01:00:00+00:00,294.7024,9.906544
2025-07-23 02:00:00+00:00,287.1028,7.3447943
2025-07-23 03:00:00+00:00,254.74483,12.313893
2025-07-23 04:00:00+00:00,270.0,9.179999
2025-07-23 05:00:00+00:00,283.60056,11.481968
2025-07-23 06:00:00+00:00,288.64963,15.198012
2025-07-23 07:00:00+00:00,289.72235,10.134496
2025-07-23 08:00:00+00:00,271.97488,15.669307
2025-07-23 09:00:00+00:00,283.15753,14.2336645
2025-07-23 10:00:00+00:00,287.1028,14.689589
2025-07-23 11:00:00+00:00,302.42105,15.779543
2025-07-23 12:00:00+00:00,287.71588,13.605189
2025-07-23 13:00:00+00:00,298.49554,14.336861
2025-07-23 14:00:00+00:00,280.88547,14.297258
2025-07-23 15:00:00+00:00,273.66772,14.068817
2025-07-23 16:00:00+00:00,280.9722,17.968472
2025-07-23 17:00:00+00:00,283.86972,15.017871
2025-07-23 18:00:00+00:00,292.56705,15.009236
2025-07-23 19:00:00+00:00,293.6294,15.717823
2025-07-23 20:00:00+00:00,301.29297,10.742848
2025-07-23 21:00:00+00:00,309.47244,11.892265
2025-07-23 22:00:00+00:00,309.90784,12.906138
2025-07-23 23:00:00+00:00,334.98312,5.95906
2025-07-24 00:00:00+00:00,305.75397,5.5450516
2025-07-24 01:00:00+00:00,283.57043,10.739833
2025-07-24 02:00:00+00:00,300.57913,18.39878
2025-07-24 03:00:00+00:00,312.7803,16.431347
2025-07-24 04:00:00+00:00,315.41214,17.692268
2025-07-24 05:00:00+00:00,307.18478,19.656296
2025-07-24 06:00:00+00:00,298.03375,15.702356
2025-07-24 07:00:00+00:00,288.12195,20.833395
2025-07-24 08:00:00+00:00,288.43503,14.799459
2025-07-24 09:00:00+00:00,297.96213,16.50709
2025-07-24 10:00:00+00:00,297.2286,20.850496
2025-07-24 11:00:00+00:00,289.31644,18.501513
2025-07-24 12:00:00+00:00,302.00534,15.283048
2025-07-24 13:00:00+00:00,299.3099,11.7662735
2025-07-24 14:00:00+00:00,280.04196,17.548845
2025-07-24 15:00:00+00:00,281.18875,16.697365
2025-07-24 16:00:00+00:00,301.32864,19.386593
2025-07-24 17:00:00+00:00,308.11832,14.87153
2025-07-24 18:00:00+00:00,313.4926,9.67657
2025-07-24 19:00:00+00:00,317.5336,14.396625
2025-07-24 20:00:00+00:00,329.03632,9.446141
2025-07-24 21:00:00+00:00,24.775122,2.5772076
2025-07-24 22:00:00+00:00,56.3099,1.9469976
2025-07-24 23:00:00+00:00,180.0,0.17999999
2025-07-25 00:00:00+00:00,290.3232,5.1826253
2025-07-25 01:00:00+00:00,216.09837,10.692969
2025-07-25 02:00:00+00:00,163.81073,5.8104043
2025-07-25 03:00:00+00:00,218.04709,5.257109
2025-07-25 04:00:00+00:00,253.61038,9.568824
2025-07-25 05:00:00+00:00,277.0283,13.239487
2025-07-25 06:00:00+00:00,273.52136,11.722133
2025-07-25 07:00:00+00:00,262.7251,8.528657
2025-07-25 08:00:00+00:00,265.29224,15.351793
2025-07-25 09:00:00+00:00,261.95102,17.9973
2025-07-25 10:00:00+00:00,258.08487,20.05203
2025-07-25 11:00:00+00:00,263.26407,23.018896
2025-07-25 12:00:00+00:00,263.6599,13.039754
2025-07-25 13:00:00+00:00,296.56497,18.514643
2025-07-25 14:00:00+00:00,324.65982,12.136325
2025-07-25 15:00:00+00:00,291.25058,6.9527545
2025-07-25 16:00:00+00:00,245.22488,2.5772076
2025-07-25 17:00:00+00:00,308.82983,9.473541
2025-07-25 18:00:00+00:00,281.65927,11.578912
2025-07-25 19:00:00+00:00,276.5462,11.052058
2025-07-25 20:00:00+00:00,267.08923,10.63372
2025-07-25 21:00:00+00:00,302.7352,2.995797
2025-07-25 22:00:00+00:00,280.6196,2.9301877
2025-07-25 23:00:00+00:00,293.3556,8.626865
2025-07-26 00:00:00+00:00,301.39023,12.440851
2025-07-26 01:00:00+00:00,314.13205,16.802786
2025-07-26 02:00:00+00:00,288.43503,11.384199
2025-07-26 03:00:00+00:00,291.29742,22.79684
2025-07-26 04:00:00+00:00,301.13892,20.188908
2025-07-26 05:00:00+00:00,296.89615,13.926464
2025-07-26 06:00:00+00:00,313.7812,11.966954
2025-07-26 07:00:00+00:00,317.43668,11.975074
2025-07-26 08:00:00+00:00,298.9887,15.22783
2025-07-26 09:00:00+00:00,285.78082,17.208603
2025-07-26 10:00:00+00:00,281.74994,22.981565
2025-07-26 11:00:00+00:00,274.59418,20.224983
2025-07-26 12:00:00+00:00,280.14548,17.371632
2025-07-26 13:00:00+00:00,321.34018,2.3051248
2025-07-26 14:00:00+00:00,158.19853,0.9693296
2025-07-26 15:00:00+00:00,81.25392,4.73506
2025-07-26 16:00:00+00:00,77.660934,5.896202
2025-07-26 17:00:00+00:00,74.98159,7.6409945
2025-07-26 18:00:00+00:00,63.435013,7.6473517
2025-07-26 19:00:00+00:00,55.922764,7.388775
2025-07-26 20:00:00+00:00,50.013176,7.282774
2025-07-26 21:00:00+00:00,72.47434,7.172949
2025-07-26 22:00:00+00:00,78.231735,8.825508
2025-07-26 23:00:00+00:00,93.73133,8.297589
2025-07-27 00:00:00+00:00,52.431335,2.9522195
2025-07-27 01:00:00+00:00,135.0001,7.127636
2025-07-27 02:00:00+00:00,67.3801,2.3400002
2025-07-27 03:00:00+00:00,10.304792,6.037383
2025-07-27 04:00:00+00:00,360.0,3.7799997
2025-07-27 05:00:00+00:00,264.09396,5.2478566
2025-07-27 06:00:00+00:00,259.21576,11.543881
2025-07-27 07:00:00+00:00,320.63068,9.080639
2025-07-27 08:00:00+00:00,307.87503,6.156947
2025-07-27 09:00:00+00:00,300.25635,10.00256
2025-07-27 10:00:00+00:00,326.3099,9.734988
2025-07-27 11:00:00+00:00,319.39877,9.957108
2025-07-27 12:00:00+00:00,325.954,8.037761
2025-07-27 13:00:00+00:00,311.7602,6.7565966
2025-07-27 14:00:00+00:00,315.0001,6.1094027
2025-07-27 15:00:00+00:00,339.14545,4.0449963
2025-07-27 16:00:00+00:00,5.572114,7.415038
2025-07-27 17:00:00+00:00,36.86999,7.2
2025-07-27 18:00:00+00:00,37.476254,6.804381
2025-07-27 19:00:00+00:00,22.61991,7.0199995
2025-07-27 20:00:00+00:00,46.90914,7.6409945
2025-07-27 21:00:00+00:00,42.397392,5.6060677
2025-07-27 22:00:00+00:00,34.9921,2.19718
2025-07-27 23:00:00+00:00,345.3791,4.278551
2025-07-28 00:00:00+00:00,336.2505,4.91634
2025-07-28 01:00:00+00:00,10.784258,7.69592
2025-07-28 02:00:00+00:00,20.854538,8.089993
2025-07-28 03:00:00+00:00,3.5034683,8.836514
2025-07-28 04:00:00+00:00,347.125,12.9249525
2025-07-28 05:00:00+00:00,328.5359,14.138882
2025-07-28 06:00:00+00:00,319.46722,16.341381
2025-07-28 07:00:00+00:00,312.23608,18.47698
2025-07-28 08:00:00+00:00,312.73947,19.361507
2025-07-28 09:00:00+00:00,314.6155,18.96503
2025-07-28 10:00:00+00:00,314.24625,19.348114
2025-07-28 11:00:00+00:00,319.22232,19.016214
2025-07-28 12:00:00+00:00,319.1447,17.610588
2025-07-28 13:00:00+00:00,331.96625,15.702356
2025-07-28 14:00:00+00:00,337.78235,13.8049555
2025-07-28 15:00:00+00:00,325.68484,13.729647
2025-07-28 16:00:00+00:00,323.55545,14.544401
2025-07-28 17:00:00+00:00,319.28925,10.210936
2025-07-28 18:00:00+00:00,319.1447,8.805294
2025-07-28 19:00:00+00:00,321.7661,7.562142
2025-07-28 20:00:00+00:00,323.13,8.099999
2025-07-28 21:00:00+00:00,323.42688,13.896187
2025-07-28 22:00:00+00:00,331.78275,8.37532
2025-07-28 23:00:00+00:00,323.8067,9.144637
2025-07-29 00:00:00+00:00,326.61145,9.485504
2025-07-29 01:00:00+00:00,11.76827,8.825508
2025-07-29 02:00:00+00:00,347.84506,11.968308
2025-07-29 03:00:00+00:00,348.147,14.897651
2025-07-29 04:00:00+00:00,339.9689,18.392618
2025-07-29 05:00:00+00:00,333.43503,20.12461
2025-07-29 06:00:00+00:00,323.97253,22.034382
2025-07-29 07:00:00+00:00,325.04526,22.620636
2025-07-29 08:00:00+00:00,319.15396,22.842985
2025-07-29 09:00:00+00:00,316.53152,23.809721
2025-07-29 10:00:00+00:00,312.97864,21.650938
2025-07-29 11:00:00+00:00,309.1605,22.517992
2025-07-29 12:00:00+00:00,315.40063,18.201374
2025-07-29 13:00:00+00:00,329.62094,12.10157
2025-07-29 14:00:00+00:00,331.31393,10.874742
2025-07-29 15:00:00+00:00,336.2505,9.83268
2025-07-29 16:00:00+00:00,343.41257,8.827343
2025-07-29 17:00:00+00:00,357.27374,7.5685663
2025-07-29 18:00:00+00:00,351.52893,8.553314
2025-07-29 19:00:00+00:00,345.4655,10.041354
2025-07-29 20:00:00+00:00,1.1934711,8.641874
2025-07-29 21:00:00+00:00,6.3401003,8.149847
2025-07-29 22:00:00+00:00,354.2895,7.2359104
2025-07-29 23:00:00+00:00,324.3235,8.641874
2025-07-30 00:00:00+00:00,337.06787,10.163227
2025-07-30 01:00:00+00:00,347.82855,9.391102
2025-07-30 02:00:00+00:00,348.3664,12.496719
2025-07-30 03:00:00+00:00,350.39487,11.866355
2025-07-30 04:00:00+00:00,338.83865,11.966953
2025-07-30 05:00:00+00:00,322.72174,15.156384
2025-07-30 06:00:00+00:00,314.02905,15.021105
2025-07-30 07:00:00+00:00,304.40854,15.926694
2025-07-30 08:00:00+00:00,297.40747,16.42346
2025-07-30 09:00:00+00:00,289.32327,14.687382
2025-07-30 10:00:00+00:00,293.4287,17.655605
2025-07-30 11:00:00+00:00,297.69937,16.263872
2025-07-30 12:00:00+00:00,299.56024,13.864674
2025-07-30 13:00:00+00:00,301.60745,10.990322
2025-07-30 14:00:00+00:00,310.3998,11.1090765
2025-07-30 15:00:00+00:00,316.7899,8.149847
2025-07-30 16:00:00+00:00,301.60745,10.990322
2025-07-30 17:00:00+00:00,324.16226,11.989946
2025-07-30 18:00:00+00:00,323.8417,11.592894
2025-07-30 19:00:00+00:00,13.069325,10.3480425
2025-07-30 20:00:00+00:00,27.149609,7.889259
2025-07-30 21:00:00+00:00,13.5704565,5.3699164
2025-07-30 22:00:00+00:00,49.969803,5.876938
2025-07-30 23:00:00+00:00,29.475794,4.755544
2025-07-31 00:00:00+00:00,17.87879,5.8631387
2025-07-31 01:00:00+00:00,312.7688,9.807935
2025-07-31 02:00:00+00:00,301.86594,7.841887
2025-07-31 03:00:00+00:00,309.9575,8.688613
2025-07-31 04:00:00+00:00,306.67444,10.548061
2025-07-31 05:00:00+00:00,304.41843,11.782784
2025-07-31 06:00:00+00:00,298.61035,13.53236
2025-07-31 07:00:00+00:00,301.07898,15.342294
2025-07-31 08:00:00+00:00,299.45358,17.570988
2025-07-31 09:00:00+00:00,298.9399,17.483181
2025-07-31 10:00:00+00:00,306.3573,16.092644
2025-07-31 11:00:00+00:00,304.03217,16.724508
2025-07-31 12:00:00+00:00,307.74686,14.113652
2025-07-31 13:00:00+00:00,309.05313,12.284918
2025-07-31 14:00:00+00:00,316.30188,11.203464
2025-07-31 15:00:00+00:00,318.6523,11.988594
2025-07-31 16:00:00+00:00,329.53452,10.650465
2025-07-31 17:00:00+00:00,337.79648,9.526405
2025-07-31 18:00:00+00:00,324.58286,9.939196
2025-07-31 19:00:00+00:00,322.1842,15.266079
2025-07-31 20:00:00+00:00,326.76828,12.4811535
2025-07-31 21:00:00+00:00,319.3324,16.848999
2025-07-31 22:00:00+00:00,324.8192,13.433838
2025-07-31 23:00:00+00:00,333.43503,10.062305
2025-08-01 00:00:00+00:00,329.03632,11.545284
2025-08-01 01:00:00+00:00,336.44772,7.6579366
2025-08-01 02:00:00+00:00,338.38516,10.261579
2025-08-01 03:00:00+00:00,330.39563,9.109138
2025-08-01 04:00:00+00:00,313.8066,12.221457
2025-08-01 05:00:00+00:00,304.41843,11.782784
2025-08-01 06:00:00+00:00,296.25018,14.650938
2025-08-01 07:00:00+00:00,290.22495,14.578888
2025-08-01 08:00:00+00:00,290.64706,13.272482
2025-08-01 09:00:00+00:00,296.89615,13.926464
2025-08-01 10:00:00+00:00,298.99585,17.081041
2025-08-01 11:00:00+00:00,305.69016,15.735336
2025-08-01 12:00:00+00:00,298.92633,15.629971
2025-08-01 13:00:00+00:00,307.72504,12.061343
2025-08-01 14:00:00+00:00,320.64825,11.638917
2025-08-01 15:00:00+00:00,312.22076,13.125196
2025-08-01 16:00:00+00:00,323.61554,12.744457
2025-08-01 17:00:00+00:00,313.0251,14.773164
2025-08-01 18:00:00+00:00,302.3666,15.130711
2025-08-01 19:00:00+00:00,322.3343,12.961249
2025-08-01 20:00:00+00:00,327.40744,13.032298
2025-08-01 21:00:00+00:00,321.34018,11.525623
2025-08-01 22:00:00+00:00,322.99738,15.552041
2025-08-01 23:00:00+00:00,322.869,15.804164
2025-08-02 00:00:00+00:00,320.1945,15.4642935
2025-08-02 01:00:00+00:00,302.68054,11.334285
2025-08-02 02:00:00+00:00,305.53775,12.387348
2025-08-02 03:00:00+00:00,299.27515,13.619471
2025-08-02 04:00:00+00:00,293.80594,13.37825
2025-08-02 05:00:00+00:00,298.7797,14.581111
2025-08-02 06:00:00+00:00,295.42682,12.157663
2025-08-02 07:00:00+00:00,297.3498,17.630812
2025-08-02 08:00:00+00:00,290.62997,16.34832
2025-08-02 09:00:00+00:00,290.7091,15.779543
2025-08-02 10:00:00+00:00,298.7397,19.091883
2025-08-02 11:00:00+00:00,305.81125,17.534992
2025-08-02 12:00:00+00:00,307.97165,18.723461
2025-08-02 13:00:00+00:00,323.97253,7.344794
2025-08-02 14:00:00+00:00,303.02386,4.293669
2025-08-02 15:00:00+00:00,333.43503,7.6473517
2025-08-02 16:00:00+00:00,344.05453,5.2416787
2025-08-02 17:00:00+00:00,356.42374,5.771239
2025-08-02 18:00:00+00:00,320.38934,6.7757506
2025-08-02 19:00:00+00:00,322.65057,8.604301
2025-08-02 20:00:00+00:00,320.9806,13.437455
2025-08-02 21:00:00+00:00,331.4601,11.679212
2025-08-02 22:00:00+00:00,321.78894,10.766949
2025-08-02 23:00:00+00:00,321.07245,12.031756
2025-08-03 00:00:00+00:00,316.2188,11.966954
2025-08-03 01:00:00+00:00,356.98727,6.849467
2025-08-03 02:00:00+00:00,315.0001,4.072935
2025-08-03 03:00:00+00:00,307.64767,7.9567327
2025-08-03 04:00:00+00:00,301.8274,6.1437774
2025-08-03 05:00:00+00:00,275.85593,14.113653
2025-08-03 06:00:00+00:00,280.9806,12.284916
2025-08-03 07:00:00+00:00,273.0664,10.094454
2025-08-03 08:00:00+00:00,267.02634,13.878688
2025-08-03 09:00:00+00:00,273.44733,14.967083
2025-08-03 10:00:00+00:00,290.63763,14.810401
2025-08-03 11:00:00+00:00,287.74475,14.174356
2025-08-03 12:00:00+00:00,307.0305,12.85205
2025-08-03 13:00:00+00:00,268.15244,11.165805
2025-08-03 14:00:00+00:00,296.11386,10.223619
2025-08-03 15:00:00+00:00,304.07724,7.388775
2025-08-03 16:00:00+00:00,309.09384,7.42159
2025-08-03 17:00:00+00:00,340.4268,8.596766
2025-08-03 18:00:00+00:00,37.746864,7.056826
2025-08-03 19:00:00+00:00,41.82009,4.5891175
2025-08-03 20:00:00+00:00,346.42953,5.3699164
2025-08-03 21:00:00+00:00,25.866312,6.601363
2025-08-03 22:00:00+00:00,40.601215,4.978554
2025-08-03 23:00:00+00:00,58.392544,5.495161
2025-08-04 00:00:00+00:00,24.227736,3.9477081
2025-08-04 01:00:00+00:00,26.995766,10.706596
2025-08-04 02:00:00+00:00,15.255177,12.313893
2025-08-04 03:00:00+00:00,360.0,13.5
2025-08-04 04:00:00+00:00,345.74994,11.700001
2025-08-04 05:00:00+00:00,324.95053,14.731435
2025-08-04 06:00:00+00:00,311.39142,14.156058
2025-08-04 07:00:00+00:00,297.75842,15.459054
2025-08-04 08:00:00+00:00,294.44394,15.224637
2025-08-04 09:00:00+00:00,293.83875,16.92383
2025-08-04 10:00:00+00:00,301.09723,13.243156
2025-08-04 11:00:00+00:00,295.76926,11.592895
2025-08-04 12:00:00+00:00,290.89783,10.597094
2025-08-04 13:00:00+00:00,284.93146,11.177405
2025-08-04 14:00:00+00:00,295.60214,9.580668
2025-08-04 15:00:00+00:00,297.1496,7.889259
2025-08-04 16:00:00+00:00,282.75754,9.781473
2025-08-04 17:00:00+00:00,288.00424,7.570707
2025-08-04 18:00:00+00:00,296.56497,8.049845
2025-08-04 19:00:00+00:00,322.76508,5.6521144
2025-08-04 20:00:00+00:00,322.52374,6.804381
2025-08-04 21:00:00+00:00,316.04153,7.001514
2025-08-04 22:00:00+00:00,297.97937,6.5223618
2025-08-04 23:00:00+00:00,303.6901,6.489992
2025-08-05 00:00:00+00:00,299.98157,10.805998
2025-08-05 01:00:00+00:00,300.96368,5.2478566
2025-08-05 02:00:00+00:00,293.1986,6.8541956
2025-08-05 03:00:00+00:00,295.34613,7.5685663
2025-08-05 04:00:00+00:00,267.13766,7.208994
2025-08-05 05:00:00+00:00,289.35907,7.0591216
2025-08-05 06:00:00+00:00,283.44864,8.513448
2025-08-05 07:00:00+00:00,282.65256,9.039514
2025-08-05 08:00:00+00:00,282.875,12.9249525
2025-08-05 09:00:00+00:00,274.14453,12.452566
2025-08-05 10:00:00+00:00,279.21094,13.493999
2025-08-05 11:00:00+00:00,280.30478,14.087228
2025-08-05 12:00:00+00:00,280.2221,11.157096
2025-08-05 13:00:00+00:00,313.72705,11.457958
2025-08-05 14:00:00+00:00,322.43134,8.856658
2025-08-05 15:00:00+00:00,330.25522,8.707237
2025-08-05 16:00:00+00:00,349.28693,6.778141
2025-08-05 17:00:00+00:00,348.05585,9.56713
2025-08-05 18:00:00+00:00,338.74942,10.429132
2025-08-05 19:00:00+00:00,331.9276,9.179999
2025-08-05 20:00:00+00:00,348.6901,7.342588
2025-08-05 21:00:00+00:00,352.50424,6.898956
2025-08-05 22:00:00+00:00,4.23632,4.8733153
2025-08-05 23:00:00+00:00,11.888645,3.4949677
2025-08-06 00:00:00+00:00,57.264786,2.995797
2025-08-06 01:00:00+00:00,9.462261,5.4744864
2025-08-06 02:00:00+00:00,360.0,6.4799995
2025-08-06 03:00:00+00:00,331.0491,9.668195
2025-08-06 04:00:00+00:00,320.94687,12.284918
2025-08-06 05:00:00+00:00,305.53775,13.935767
2025-08-06 06:00:00+00:00,300.52963,16.299694
2025-08-06 07:00:00+00:00,300.12424,16.85669
2025-08-06 08:00:00+00:00,296.8278,17.548845
2025-08-06 09:00:00+00:00,298.8107,16.434305
2025-08-06 10:00:00+00:00,297.40747,16.42346
2025-08-06 11:00:00+00:00,296.26657,15.455911
2025-08-06 12:00:00+00:00,298.5513,13.934605
2025-08-06 13:00:00+00:00,299.74478,11.609651
2025-08-06 14:00:00+00:00,308.33337,9.867218
2025-08-06 15:00:00+00:00,313.4519,9.422101
2025-08-06 16:00:00+00:00,318.57642,8.161764
2025-08-06 17:00:00+00:00,317.5638,8.536252
2025-08-06 18:00:00+00:00,323.13,9.9
2025-08-06 19:00:00+00:00,335.32315,7.329338
2025-08-06 20:00:00+00:00,346.32867,6.8541956
2025-08-06 21:00:00+00:00,334.1337,6.601363
2025-08-06 22:00:00+00:00,334.65387,7.5685663
2025-08-06 23:00:00+00:00,339.71735,8.827344
2025-08-07 00:00:00+00:00,345.9637,8.163749
2025-08-07 01:00:00+00:00,339.77505,7.289444
2025-08-07 02:00:00+00:00,350.53775,5.4744864
2025-08-07 03:00:00+00:00,260.53775,1.0948973
2025-08-07 04:00:00+00:00,281.3099,5.506941
2025-08-07 05:00:00+00:00,279.2932,10.03167
2025-08-07 06:00:00+00:00,278.13,11.45513
2025-08-07 07:00:00+00:00,287.71588,13.605189
2025-08-07 08:00:00+00:00,288.43503,15.3686695
2025-08-07 09:00:00+00:00,286.12766,15.552041
2025-08-07 10:00:00+00:00,284.03625,16.327497
2025-08-07 11:00:00+00:00,287.8403,16.451052
2025-08-07 12:00:00+00:00,293.9625,12.409561
2025-08-07 13:00:00+00:00,291.61484,10.261579
2025-08-07 14:00:00+00:00,295.94223,7.406295
2025-08-07 15:00:00+00:00,306.52896,6.048107
2025-08-07 16:00:00+00:00,321.63248,5.509882
2025-08-07 17:00:00+00:00,337.75092,4.278551
2025-08-07 18:00:00+00:00,344.93146,4.8466477
2025-08-07 19:00:00+00:00,352.40543,5.4477882
2025-08-07 20:00:00+00:00,18.435053,4.5536795
2025-08-07 21:00:00+00:00,1.9091109,5.4029994
2025-08-07 22:00:00+00:00,349.3804,2.9301877
2025-08-07 23:00:00+00:00,320.1945,2.8116899
2025-08-08 00:00:00+00:00,248.19853,1.9386592
2025-08-08 01:00:00+00:00,26.564985,2.4149535
2025-08-08 02:00:00+00:00,24.775122,2.5772076
2025-08-08 03:00:00+00:00,322.59457,3.8521678
2025-08-08 04:00:00+00:00,282.99463,7.2044983
2025-08-08 05:00:00+00:00,273.3018,9.375563
2025-08-08 06:00:00+00:00,264.61078,9.582359
2025-08-08 07:00:00+00:00,258.1976,12.32047
2025-08-08 08:00:00+00:00,250.34608,10.703569
2025-08-08 09:00:00+00:00,272.68372,11.53265
2025-08-08 10:00:00+00:00,272.45398,12.611567
2025-08-08 11:00:00+00:00,265.10098,12.6462
2025-08-08 12:00:00+00:00,275.7105,10.853866
2025-08-08 13:00:00+00:00,297.69937,8.131936
2025-08-08 14:00:00+00:00,305.36255,6.8423676
2025-08-08 15:00:00+00:00,315.0001,4.8366103
2025-08-08 16:00:00+00:00,335.37646,4.7521367
2025-08-08 17:00:00+00:00,3.179772,3.244996
2025-08-08 18:00:00+00:00,343.3007,3.7585104
2025-08-08 19:00:00+00:00,63.435013,1.609969
2025-08-08 20:00:00+00:00,270.0,0.9
2025-08-08 21:00:00+00:00,288.92474,6.66
2025-08-08 22:00:00+00:00,261.57312,4.913044
2025-08-08 23:00:00+00:00,297.97937,6.5223618
2025-08-09 00:00:00+00:00,341.56494,1.1384199
2025-08-09 01:00:00+00:00,284.93146,2.7943513
2025-08-09 02:00:00+00:00,304.28693,4.7928696
2025-08-09 03:00:00+00:00,351.02744,3.462369
2025-08-09 04:00:00+00:00,284.03625,5.195113
2025-08-09 05:00:00+00:00,287.2816,8.482947
2025-08-09 06:00:00+00:00,284.34937,7.989243
2025-08-09 07:00:00+00:00,268.85425,9.0018
2025-08-09 08:00:00+00:00,251.25856,10.644379
2025-08-09 09:00:00+00:00,259.8754,10.239453
2025-08-09 10:00:00+00:00,275.19434,11.928989
2025-08-09 11:00:00+00:00,268.85425,9.0018
2025-08-09 12:00:00+00:00,282.9074,8.863972
2025-08-09 13:00:00+00:00,332.3541,4.2671766
2025-08-09 14:00:00+00:00,356.82022,3.244996
2025-08-09 15:00:00+00:00,59.743652,5.00128
2025-08-09 16:00:00+00:00,14.826528,6.330782
2025-08-09 17:00:00+00:00,46.54811,4.7110505
2025-08-09 18:00:00+00:00,34.215755,5.441838
2025-08-09 19:00:00+00:00,43.667847,5.4744864
2025-08-09 20:00:00+00:00,44.999897,5.0911684
2025-08-09 21:00:00+00:00,30.256361,2.50064
2025-08-09 22:00:00+00:00,37.875053,2.0523157
2025-08-09 23:00:00+00:00,90.0,0.35999998
2025-08-10 00:00:00+00:00,188.13002,1.2727921
2025-08-10 01:00:00+00:00,277.76508,3.9966488
2025-08-10 02:00:00+00:00,224.9999,3.3092594
2025-08-10 03:00:00+00:00,209.7448,2.9024127
2025-08-10 04:00:00+00:00,224.9999,3.563818
2025-08-10 05:00:00+00:00,227.4896,5.8603754
2025-08-10 06:00:00+00:00,236.68936,7.538541
2025-08-10 07:00:00+00:00,242.15251,10.7894945
2025-08-10 08:00:00+00:00,248.9076,13.504799
2025-08-10 09:00:00+00:00,256.50424,13.883356
2025-08-10 10:00:00+00:00,250.09616,11.103243
2025-08-10 11:00:00+00:00,256.2005,10.564941
2025-08-10 12:00:00+00:00,243.43501,6.037383
2025-08-10 13:00:00+00:00,272.12103,4.8633323
2025-08-10 14:00:00+00:00,343.0724,4.327493
2025-08-10 15:00:00+00:00,59.53454,7.10031
2025-08-10 16:00:00+00:00,41.347687,5.994297
2025-08-10 17:00:00+00:00,68.74943,3.4763772
2025-08-10 18:00:00+00:00,47.385983,6.114703
2025-08-10 19:00:00+00:00,74.98159,7.6409945
2025-08-10 20:00:00+00:00,95.355736,5.7852573
2025-08-10 21:00:00+00:00,125.537766,1.5484185
2025-08-10 22:00:00+00:00,108.43504,3.4152596
2025-08-10 23:00:00+00:00,63.435013,3.219938
2025-08-11 00:00:00+00:00,56.3099,1.9469976
2025-08-11 01:00:00+00:00,80.83774,5.6521144
2025-08-11 02:00:00+00:00,81.46932,7.2805495
2025-08-11 03:00:00+00:00,83.08887,5.9834766
2025-08-11 04:00:00+00:00,56.309914,1.2979984
2025-08-11 05:00:00+00:00,270.0,3.4199998
2025-08-11 06:00:00+00:00,274.76355,6.5024605
2025-08-11 07:00:00+00:00,264.89792,10.120098
2025-08-11 08:00:00+00:00,248.00882,10.094454
2025-08-11 09:00:00+00:00,247.8905,12.43434
2025-08-11 10:00:00+00:00,254.5213,12.140329
2025-08-11 11:00:00+00:00,254.57777,10.829959
2025-08-11 12:00:00+00:00,262.61404,9.801326
2025-08-11 13:00:00+00:00,276.98096,8.885877
2025-08-11 14:00:00+00:00,281.82147,7.9077177
2025-08-11 15:00:00+00:00,270.0,7.02
2025-08-11 16:00:00+00:00,276.11542,5.0688457
2025-08-11 17:00:00+00:00,322.12494,2.0523157
2025-08-11 18:00:00+00:00,16.699326,1.8792552
2025-08-11 19:00:00+00:00,71.564964,2.8460498
2025-08-11 20:00:00+00:00,277.1249,1.4512063
2025-08-11 21:00:00+00:00,360.0,1.08
2025-08-11 22:00:00+00:00,71.564964,2.8460498
2025-08-11 23:00:00+00:00,92.935616,7.029225
2025-08-12 00:00:00+00:00,97.12492,4.353619
2025-08-12 01:00:00+00:00,83.29026,3.0811036
2025-08-12 02:00:00+00:00,200.55612,1.5379207
2025-08-12 03:00:00+00:00,310.81497,5.2323985
2025-08-12 04:00:00+00:00,298.0244,12.642357
2025-08-12 05:00:00+00:00,316.3971,10.44
2025-08-12 06:00:00+00:00,308.21106,10.766949
2025-08-12 07:00:00+00:00,290.22495,10.934166
2025-08-12 08:00:00+00:00,290.18588,13.040997
2025-08-12 09:00:00+00:00,281.00348,13.202726
2025-08-12 10:00:00+00:00,284.5345,15.062033
2025-08-12 11:00:00+00:00,278.74606,16.572712
2025-08-12 12:00:00+00:00,292.93213,15.244842
2025-08-12 13:00:00+00:00,284.78278,13.403656
2025-08-12 14:00:00+00:00,295.31284,14.734735
2025-08-12 15:00:00+00:00,288.03436,8.139901
2025-08-12 16:00:00+00:00,297.3238,12.156331
2025-08-12 17:00:00+00:00,287.81897,5.2939587
2025-08-12 18:00:00+00:00,340.55988,3.244996
2025-08-12 19:00:00+00:00,324.63745,6.8423676
2025-08-12 20:00:00+00:00,322.43134,8.856658
2025-08-12 21:00:00+00:00,335.22488,7.731623
2025-08-12 22:00:00+00:00,318.46832,8.415842
2025-08-12 23:00:00+00:00,325.56094,7.6388745
2025-08-13 00:00:00+00:00,300.81564,11.9466305
2025-08-13 01:00:00+00:00,301.56177,14.787414
2025-08-13 02:00:00+00:00,316.3971,10.44
2025-08-13 03:00:00+00:00,309.89777,14.31198
2025-08-13 04:00:00+00:00,314.06088,15.530151
2025-08-13 05:00:00+00:00,308.3456,15.3771
2025-08-13 06:00:00+00:00,304.40854,15.926694
2025-08-13 07:00:00+00:00,311.68213,17.594023
2025-08-13 08:00:00+00:00,307.34943,17.208603
2025-08-13 09:00:00+00:00,298.4428,9.826088
2025-08-13 10:00:00+00:00,304.69522,11.384198
2025-08-13 11:00:00+00:00,298.35486,12.886039
2025-08-13 12:00:00+00:00,305.13428,11.885453
2025-08-13 13:00:00+00:00,289.3349,10.873251
2025-08-13 14:00:00+00:00,313.95847,14.003028
2025-08-13 15:00:00+00:00,324.72748,9.039514
2025-08-13 16:00:00+00:00,309.28937,7.674842
2025-08-13 17:00:00+00:00,309.34048,14.197196
2025-08-13 18:00:00+00:00,325.53912,11.13384
2025-08-13 19:00:00+00:00,357.27374,3.7842832
2025-08-13 20:00:00+00:00,339.77505,3.644722
2025-08-13 21:00:00+00:00,337.1663,7.42159
2025-08-13 22:00:00+00:00,3.5762644,5.771239
2025-08-13 23:00:00+00:00,34.215755,5.441838
2025-08-14 00:00:00+00:00,105.945465,2.6208394
2025-08-14 01:00:00+00:00,56.309914,0.6489992
2025-08-14 02:00:00+00:00,220.15593,7.5363917
2025-08-14 03:00:00+00:00,251.56496,6.830519
2025-08-14 04:00:00+00:00,276.3401,4.8899083
2025-08-14 05:00:00+00:00,321.54626,7.8149853
2025-08-14 06:00:00+00:00,327.21573,12.632101
2025-08-14 07:00:00+00:00,293.83875,8.461915
2025-08-14 08:00:00+00:00,285.94547,9.172938
2025-08-14 09:00:00+00:00,297.072,9.096681
2025-08-14 10:00:00+00:00,286.38962,9.568824
2025-08-14 11:00:00+00:00,294.34106,8.297589
2025-08-14 12:00:00+00:00,296.56497,8.854829
2025-08-14 13:00:00+00:00,281.9761,18.216497
2025-08-14 14:00:00+00:00,308.25446,11.919479
2025-08-14 15:00:00+00:00,313.85434,12.730467
2025-08-14 16:00:00+00:00,296.25018,14.650938
2025-08-14 17:00:00+00:00,329.9315,7.9036193
2025-08-14 18:00:00+00:00,358.80652,8.641874
2025-08-14 19:00:00+00:00,30.735416,7.748368
2025-08-14 20:00:00+00:00,43.36347,4.4565907
2025-08-14 21:00:00+00:00,18.435053,3.9844694
2025-08-14 22:00:00+00:00,355.68405,9.567131
2025-08-14 23:00:00+00:00,12.528798,6.638072
2025-08-15 00:00:00+00:00,338.19852,1.9386592
2025-08-15 01:00:00+00:00,309.28937,10.233123
2025-08-15 02:00:00+00:00,300.06848,7.9036193
2025-08-15 03:00:00+00:00,292.47946,11.298495
2025-08-15 04:00:00+00:00,306.72418,14.148046
2025-08-15 05:00:00+00:00,309.1226,17.401447
2025-08-15 06:00:00+00:00,313.8066,12.221457
2025-08-15 07:00:00+00:00,301.30405,15.589497
2025-08-15 08:00:00+00:00,286.3559,17.258425
2025-08-15 09:00:00+00:00,291.68912,17.046865
2025-08-15 10:00:00+00:00,290.34418,17.085783
2025-08-15 11:00:00+00:00,293.28607,15.481046
2025-08-15 12:00:00+00:00,294.9812,17.47484
2025-08-15 13:00:00+00:00,256.82745,8.688613
2025-08-15 14:00:00+00:00,323.6427,16.092644
2025-08-15 15:00:00+00:00,322.01645,16.671148
2025-08-15 16:00:00+00:00,314.29276,10.310402
2025-08-15 17:00:00+00:00,324.5542,13.036026
2025-08-15 18:00:00+00:00,338.19852,6.7853074
2025-08-15 19:00:00+00:00,315.0001,9.673221
2025-08-15 20:00:00+00:00,320.82635,12.538134
2025-08-15 21:00:00+00:00,308.86777,15.489414
2025-08-15 22:00:00+00:00,346.75946,6.28713
2025-08-15 23:00:00+00:00,23.198618,6.8541956
2025-08-16 00:00:00+00:00,318.6523,5.994297
2025-08-16 01:00:00+00:00,298.85556,10.070353
2025-08-16 02:00:00+00:00,339.71735,8.827344
2025-08-16 03:00:00+00:00,325.954,16.075521
2025-08-16 04:00:00+00:00,288.88617,7.229191
2025-08-16 05:00:00+00:00,14.4208145,6.5049515
2025-08-16 06:00:00+00:00,302.9387,15.22783
2025-08-16 07:00:00+00:00,303.06186,22.766264
2025-08-16 08:00:00+00:00,302.6003,18.374994
2025-08-16 09:00:00+00:00,296.81088,18.75631
2025-08-16 10:00:00+00:00,295.75043,16.986889
2025-08-16 11:00:00+00:00,292.34814,17.515581
2025-08-16 12:00:00+00:00,292.6806,13.070776
2025-08-16 13:00:00+00:00,303.15793,16.12583
2025-08-16 14:00:00+00:00,312.10864,12.616702
2025-08-16 15:00:00+00:00,304.43906,15.277749
2025-08-16 16:00:00+00:00,303.4654,12.730468
2025-08-16 17:00:00+00:00,311.93344,14.275713
2025-08-16 18:00:00+00:00,319.89914,8.942214
2025-08-16 19:00:00+00:00,320.96448,8.574123
2025-08-16 20:00:00+00:00,316.2188,5.983477
2025-08-16 21:00:00+00:00,317.91092,7.519175
2025-08-16 22:00:00+00:00,316.00497,7.256032
2025-08-16 23:00:00+00:00,351.38443,6.0077944
2025-08-17 00:00:00+00:00,335.09525,5.5567255
2025-08-17 01:00:00+00:00,315.61597,11.837651
2025-08-17 02:00:00+00:00,293.45905,10.399576
2025-08-17 03:00:00+00:00,283.53586,9.9977
2025-08-17 04:00:00+00:00,298.66385,15.385525
2025-08-17 05:00:00+00:00,277.90707,13.084402
2025-08-17 06:00:00+00:00,279.70657,13.878688
2025-08-17 07:00:00+00:00,283.627,18.33616
2025-08-17 08:00:00+00:00,281.57516,15.2501545
2025-08-17 09:00:00+00:00,279.80603,14.796175
2025-08-17 10:00:00+00:00,291.99118,20.188908
2025-08-17 11:00:00+00:00,315.0001,11.964246
2025-08-17 12:00:00+00:00,343.1785,8.085988
2025-08-17 13:00:00+00:00,303.6901,11.032987
2025-08-17 14:00:00+00:00,331.87634,11.837652
2025-08-17 15:00:00+00:00,347.66092,11.792404
2025-08-17 16:00:00+00:00,357.66275,8.827344
2025-08-17 17:00:00+00:00,29.29127,8.461914
2025-08-17 18:00:00+00:00,66.37061,6.28713
2025-08-17 19:00:00+00:00,40.814987,5.2323985
2025-08-17 20:00:00+00:00,57.094753,3.6447225
2025-08-17 21:00:00+00:00,306.02747,4.8965297
2025-08-17 22:00:00+00:00,315.0001,9.418662
2025-08-17 23:00:00+00:00,29.931421,6.854195
2025-08-18 00:00:00+00:00,36.253937,6.696387
2025-08-18 01:00:00+00:00,348.11136,3.4949677
2025-08-18 02:00:00+00:00,22.442802,8.958504
2025-08-18 03:00:00+00:00,36.158287,5.796447
2025-08-18 04:00:00+00:00,26.564985,3.62243
2025-08-18 05:00:00+00:00,337.30615,10.730778
2025-08-18 06:00:00+00:00,323.97253,9.793059
2025-08-18 07:00:00+00:00,305.0959,8.139901
2025-08-18 08:00:00+00:00,316.63654,8.913181
2025-08-18 09:00:00+00:00,301.1224,11.144021
2025-08-18 10:00:00+00:00,305.1665,9.688281
2025-08-18 11:00:00+00:00,292.24908,8.557102
2025-08-18 12:00:00+00:00,286.8585,6.206738
2025-08-18 13:00:00+00:00,286.29413,12.189602
2025-08-18 14:00:00+00:00,318.94528,7.3997297
2025-08-18 15:00:00+00:00,299.24872,10.315115
2025-08-18 16:00:00+00:00,300.32352,11.052058
2025-08-18 17:00:00+00:00,320.35587,8.181589
2025-08-18 18:00:00+00:00,7.12493,5.8048253
2025-08-18 19:00:00+00:00,29.981556,5.402999
2025-08-18 20:00:00+00:00,46.27295,5.728979
2025-08-18 21:00:00+00:00,65.85446,5.7204895
2025-08-18 22:00:00+00:00,68.19853,5.815978
2025-08-18 23:00:00+00:00,82.14678,5.2694216
2025-08-19 00:00:00+00:00,101.97612,6.0721655
2025-08-19 01:00:00+00:00,116.56499,1.2074767
2025-08-19 02:00:00+00:00,116.56499,3.62243
2025-08-19 03:00:00+00:00,250.0168,2.1068459
2025-08-19 04:00:00+00:00,317.38596,6.114703
2025-08-19 05:00:00+00:00,308.08884,8.461915
2025-08-19 06:00:00+00:00,300.34317,8.55142
2025-08-19 07:00:00+00:00,297.80136,11.19189
2025-08-19 08:00:00+00:00,292.9058,13.874019
2025-08-19 09:00:00+00:00,284.88632,14.713829
2025-08-19 10:00:00+00:00,287.87878,17.589418
2025-08-19 11:00:00+00:00,291.34586,16.813387
2025-08-19 12:00:00+00:00,302.33017,16.828796
2025-08-19 13:00:00+00:00,315.67395,10.819482
2025-08-19 14:00:00+00:00,336.16125,8.461915
2025-08-19 15:00:00+00:00,3.2704222,6.310277
2025-08-19 16:00:00+00:00,21.037588,5.0142193
2025-08-19 17:00:00+00:00,32.905247,3.6447225
2025-08-19 18:00:00+00:00,354.2895,3.6179552
2025-08-19 19:00:00+00:00,315.0001,7.891311
2025-08-19 20:00:00+00:00,358.31534,6.122647
2025-08-19 21:00:00+00:00,349.50858,4.942631
2025-08-19 22:00:00+00:00,351.11942,5.8298883
2025-08-19 23:00:00+00:00,17.818983,5.2939587
2025-08-20 00:00:00+00:00,49.185013,5.2323985
2025-08-20 01:00:00+00:00,51.34017,5.7628117
2025-08-20 02:00:00+00:00,323.13,9.0
2025-08-20 03:00:00+00:00,313.36346,8.913181
2025-08-20 04:00:00+00:00,319.53784,8.043805
2025-08-20 05:00:00+00:00,317.91092,7.519175
2025-08-20 06:00:00+00:00,301.21835,6.945761
2025-08-20 07:00:00+00:00,300.96368,9.446141
2025-08-20 08:00:00+00:00,296.56497,11.672275
2025-08-20 09:00:00+00:00,287.57135,11.328566
2025-08-20 10:00:00+00:00,291.61484,10.261579
2025-08-20 11:00:00+00:00,301.6754,9.9408245
2025-08-20 12:00:00+00:00,312.4362,8.536252
2025-08-20 13:00:00+00:00,322.81522,6.552099
2025-08-20 14:00:00+00:00,334.72232,7.16617
2025-08-20 15:00:00+00:00,348.11136,6.9899354
2025-08-20 16:00:00+00:00,360.0,7.7400002
2025-08-20 17:00:00+00:00,14.036275,5.937272
2025-08-20 18:00:00+00:00,21.44781,5.414979
2025-08-20 19:00:00+00:00,10.885482,4.7657523
2025-08-20 20:00:00+00:00,2.6025116,3.964089
2025-08-20 21:00:00+00:00,11.3098955,3.671294
2025-08-20 22:00:00+00:00,10.885482,4.7657523
2025-08-20 23:00:00+00:00,22.166399,5.2478566
2025-08-21 00:00:00+00:00,33.6901,5.1919937
2025-08-21 01:00:00+00:00,350.8377,5.6521144
2025-08-21 02:00:00+00:00,352.50424,6.898956
2025-08-21 03:00:00+00:00,336.0375,8.863972
2025-08-21 04:00:00+00:00,321.009,9.726664
2025-08-21 05:00:00+00:00,305.53775,12.387348
2025-08-21 06:00:00+00:00,297.27667,12.96125
2025-08-21 07:00:00+00:00,296.56497,14.087229
2025-08-21 08:00:00+00:00,297.18103,14.973577
2025-08-21 09:00:00+00:00,292.0363,16.311613
2025-08-21 10:00:00+00:00,300.57913,13.799087
2025-08-21 11:00:00+00:00,306.86996,14.4
2025-08-21 12:00:00+00:00,310.10083,13.413321
2025-08-21 13:00:00+00:00,313.72705,11.457958
2025-08-21 14:00:00+00:00,320.44037,10.739832
2025-08-21 15:00:00+00:00,331.31393,10.874742
2025-08-21 16:00:00+00:00,332.44727,9.339208
2025-08-21 17:00:00+00:00,328.84076,9.044888
2025-08-21 18:00:00+00:00,326.61145,9.485504
2025-08-21 19:00:00+00:00,329.98172,9.354806
2025-08-21 20:00:00+00:00,332.1525,10.7894945
2025-08-21 21:00:00+00:00,340.1678,11.672275
2025-08-21 22:00:00+00:00,334.204,11.995349
2025-08-21 23:00:00+00:00,338.5522,10.829958
2025-08-22 00:00:00+00:00,347.90527,10.308831
2025-08-22 01:00:00+00:00,332.30063,8.131936
2025-08-22 02:00:00+00:00,312.5104,11.720751
2025-08-22 03:00:00+00:00,345.9637,6.6794305
2025-08-22 04:00:00+00:00,322.792,12.204212
2025-08-22 05:00:00+00:00,321.17017,9.473541
2025-08-22 06:00:00+00:00,308.8114,10.626099
2025-08-22 07:00:00+00:00,298.35486,12.886039
2025-08-22 08:00:00+00:00,295.52966,13.3649235
2025-08-22 09:00:00+00:00,292.19034,14.7742605
2025-08-22 10:00:00+00:00,300.71884,14.447172
2025-08-22 11:00:00+00:00,302.1712,13.184308
2025-08-22 12:00:00+00:00,308.65982,13.830749
2025-08-22 13:00:00+00:00,301.32864,9.693296
2025-08-22 14:00:00+00:00,315.90927,8.019601
2025-08-22 15:00:00+00:00,325.954,8.037761
2025-08-22 16:00:00+00:00,340.0168,6.320538
2025-08-22 17:00:00+00:00,338.4985,6.384293
2025-08-22 18:00:00+00:00,336.8014,6.8541956
2025-08-22 19:00:00+00:00,334.2307,5.7964473
2025-08-22 20:00:00+00:00,326.7251,6.889557
2025-08-22 21:00:00+00:00,326.3099,8.43699
2025-08-22 22:00:00+00:00,328.84076,9.044888
2025-08-22 23:00:00+00:00,344.7448,8.209263
2025-08-23 00:00:00+00:00,346.60748,7.771331
2025-08-23 01:00:00+00:00,349.79608,9.144637
2025-08-23 02:00:00+00:00,353.21112,7.613382
2025-08-23 03:00:00+00:00,355.48608,6.8612823
2025-08-23 04:00:00+00:00,327.3391,8.338489
2025-08-23 05:00:00+00:00,307.87503,10.261579
2025-08-23 06:00:00+00:00,309.42776,10.486448
2025-08-23 07:00:00+00:00,297.68097,12.399113
2025-08-23 08:00:00+00:00,291.80148,13.570615
2025-08-23 09:00:00+00:00,293.1986,13.708391
2025-08-23 10:00:00+00:00,292.72977,14.4415655
2025-08-23 11:00:00+00:00,295.61545,14.572221
2025-08-23 12:00:00+00:00,296.88684,14.328949
2025-08-23 13:00:00+00:00,295.08356,9.340941
2025-08-23 14:00:00+00:00,296.56497,8.452336
2025-08-23 15:00:00+00:00,297.5972,8.936778
2025-08-23 16:00:00+00:00,305.53775,6.193674
2025-08-23 17:00:00+00:00,320.82635,6.269067
2025-08-23 18:00:00+00:00,350.13425,4.2021422
2025-08-23 19:00:00+00:00,344.47583,3.362677
2025-08-23 20:00:00+00:00,348.6901,4.5891175
2025-08-23 21:00:00+00:00,335.37646,4.7521367
2025-08-23 22:00:00+00:00,330.64233,6.6087217
2025-08-23 23:00:00+00:00,332.78397,7.0843205
2025-08-24 00:00:00+00:00,335.32315,7.329338
2025-08-24 01:00:00+00:00,20.224945,7.289444
2025-08-24 02:00:00+00:00,20.924576,6.5520988
2025-08-24 03:00:00+00:00,349.3804,5.8603754
2025-08-24 04:00:00+00:00,317.72638,8.027678
2025-08-24 05:00:00+00:00,303.9766,9.984729
2025-08-24 06:00:00+00:00,293.53235,12.172312
2025-08-24 07:00:00+00:00,290.64706,13.272482
2025-08-24 08:00:00+00:00,288.90466,13.88919
2025-08-24 09:00:00+00:00,289.9832,14.747921
2025-08-24 10:00:00+00:00,292.72977,14.4415655
2025-08-24 11:00:00+00:00,293.00888,14.275713
2025-08-24 12:00:00+00:00,295.4975,12.9625
2025-08-24 13:00:00+00:00,290.55612,10.765445
2025-08-24 14:00:00+00:00,294.62354,9.504273
2025-08-24 15:00:00+00:00,328.2986,7.193247
2025-08-24 16:00:00+00:00,354.47253,5.6060677
2025-08-24 17:00:00+00:00,4.23632,4.8733153
2025-08-24 18:00:00+00:00,3.691312,5.5916004
2025-08-24 19:00:00+00:00,3.9451082,5.232399
2025-08-24 20:00:00+00:00,6.842679,4.5322843
2025-08-24 21:00:00+00:00,14.620926,4.278551
2025-08-24 22:00:00+00:00,28.442837,4.913044
2025-08-24 23:00:00+00:00,43.53127,4.965521
2025-08-25 00:00:00+00:00,50.194473,5.6233797
2025-08-25 01:00:00+00:00,44.999897,4.8366103
2025-08-25 02:00:00+00:00,29.981556,5.402999
2025-08-25 03:00:00+00:00,346.82742,8.688613
2025-08-25 04:00:00+00:00,332.56036,10.546525
2025-08-25 05:00:00+00:00,316.6683,13.115319
2025-08-25 06:00:00+00:00,308.3456,15.3771
2025-08-25 07:00:00+00:00,306.38446,16.992609
2025-08-25 08:00:00+00:00,303.19757,17.423777
2025-08-25 09:00:00+00:00,307.43167,18.360882
2025-08-25 10:00:00+00:00,305.6046,17.932373
2025-08-25 11:00:00+00:00,303.3263,15.726067
2025-08-25 12:00:00+00:00,301.93063,14.634343
2025-08-25 13:00:00+00:00,308.10764,11.666721
2025-08-25 14:00:00+00:00,308.65982,9.220499
2025-08-25 15:00:00+00:00,303.6901,7.1389914
2025-08-25 16:00:00+00:00,302.96942,7.9383874
2025-08-25 17:00:00+00:00,303.34073,8.187527
2025-08-25 18:00:00+00:00,302.00534,8.490582
2025-08-25 19:00:00+00:00,297.75842,7.729527
2025-08-25 20:00:00+00:00,296.56497,8.854829
2025-08-25 21:00:00+00:00,298.3929,7.570707
2025-08-25 22:00:00+00:00,301.21835,6.945761
2025-08-25 23:00:00+00:00,307.23492,5.6521144
2025-08-26 00:00:00+00:00,315.0001,3.563818
2025-08-26 01:00:00+00:00,40.314034,7.7900705
2025-08-26 02:00:00+00:00,54.782326,7.491114
2025-08-26 03:00:00+00:00,22.751022,6.050785
2025-08-26 04:00:00+00:00,325.56094,7.6388745
2025-08-26 05:00:00+00:00,299.74478,10.158444
2025-08-26 06:00:00+00:00,287.1028,12.241323
2025-08-26 07:00:00+00:00,279.80603,14.796175
2025-08-26 08:00:00+00:00,277.4313,16.700275
2025-08-26 09:00:00+00:00,282.26477,16.946787
2025-08-26 10:00:00+00:00,285.31287,15.676542
2025-08-26 11:00:00+00:00,290.92456,13.1041975
2025-08-26 12:00:00+00:00,294.77512,15.463246
2025-08-26 13:00:00+00:00,289.88525,8.996398
2025-08-26 14:00:00+00:00,297.8972,6.9247384
2025-08-26 15:00:00+00:00,289.6539,5.3517847
2025-08-26 16:00:00+00:00,328.13406,15.683774
2025-08-26 17:00:00+00:00,347.5926,9.215226
2025-08-26 18:00:00+00:00,343.73972,4.5
2025-08-26 19:00:00+00:00,297.2995,6.279395
2025-08-26 20:00:00+00:00,276.84268,4.5322843
2025-08-26 21:00:00+00:00,300.52963,8.149847
2025-08-26 22:00:00+00:00,305.9422,8.893166
2025-08-26 23:00:00+00:00,336.0375,3.5455887
2025-08-27 00:00:00+00:00,315.0001,6.1094027
2025-08-27 01:00:00+00:00,355.42615,4.514377
2025-08-27 02:00:00+00:00,351.87,2.5455842
2025-08-27 03:00:00+00:00,63.435013,4.829907
2025-08-27 04:00:00+00:00,30.963696,3.148714
2025-08-27 05:00:00+00:00,296.56497,4.0249224
2025-08-27 06:00:00+00:00,295.01685,5.95906
2025-08-27 07:00:00+00:00,278.74606,11.837651
2025-08-27 08:00:00+00:00,285.5726,11.39842
2025-08-27 09:00:00+00:00,283.7995,10.564941
2025-08-27 10:00:00+00:00,267.58054,12.791403
2025-08-27 11:00:00+00:00,282.61932,12.358542
2025-08-27 12:00:00+00:00,257.19574,8.12197
2025-08-27 13:00:00+00:00,285.94547,14.414617
2025-08-27 14:00:00+00:00,292.98874,19.357323
2025-08-27 15:00:00+00:00,296.88684,14.328949
2025-08-27 16:00:00+00:00,281.0409,15.03835
2025-08-27 17:00:00+00:00,303.3263,15.726067
2025-08-27 18:00:00+00:00,285.25516,14.36621
2025-08-27 19:00:00+00:00,297.97937,13.0447235
2025-08-27 20:00:00+00:00,300.1413,6.452441
2025-08-27 21:00:00+00:00,282.33908,5.896202
2025-08-27 22:00:00+00:00,261.02747,13.849476
2025-08-27 23:00:00+00:00,264.40076,9.224011
2025-08-28 00:00:00+00:00,265.71094,7.2202215
2025-08-28 01:00:00+00:00,310.60123,3.319036
2025-08-28 02:00:00+00:00,247.3801,2.3400002
2025-08-28 03:00:00+00:00,255.96373,3.710795
2025-08-28 04:00:00+00:00,250.07433,15.316933
2025-08-28 05:00:00+00:00,241.69934,13.288341
2025-08-28 06:00:00+00:00,250.07433,15.316933
2025-08-28 07:00:00+00:00,253.87234,15.552041
2025-08-28 08:00:00+00:00,259.7779,22.314192
2025-08-28 09:00:00+00:00,258.0239,18.216497
2025-08-28 10:00:00+00:00,262.3161,22.885498
2025-08-28 11:00:00+00:00,275.44025,18.98552
2025-08-28 12:00:00+00:00,272.8063,18.382044
2025-08-28 13:00:00+00:00,303.86374,16.474672
2025-08-28 14:00:00+00:00,302.06192,19.32801
2025-08-28 15:00:00+00:00,294.10223,14.986553
2025-08-28 16:00:00+00:00,303.9063,13.229693
2025-08-28 17:00:00+00:00,312.56332,11.975074
2025-08-28 18:00:00+00:00,313.53125,9.931042
2025-08-28 19:00:00+00:00,294.04422,12.81165
2025-08-28 20:00:00+00:00,295.58148,18.758902
2025-08-28 21:00:00+00:00,287.78397,10.018743
2025-08-28 22:00:00+00:00,311.93344,14.275713
2025-08-28 23:00:00+00:00,325.66974,8.936778
2025-08-29 00:00:00+00:00,340.3461,8.027677
2025-08-29 01:00:00+00:00,34.9921,2.19718
2025-08-29 02:00:00+00:00,43.26433,4.2021427
2025-08-29 03:00:00+00:00,337.3801,4.6800003
2025-08-29 04:00:00+00:00,310.6012,11.616626
2025-08-29 05:00:00+00:00,304.8754,14.480773
2025-08-29 06:00:00+00:00,292.22507,18.083506
2025-08-29 07:00:00+00:00,296.04178,17.629896
2025-08-29 08:00:00+00:00,278.88058,17.489666
2025-08-29 09:00:00+00:00,278.79047,17.66753
2025-08-29 10:00:00+00:00,275.024,16.443174
2025-08-29 11:00:00+00:00,277.51205,16.521805
2025-08-29 12:00:00+00:00,280.49142,14.827893
2025-08-29 13:00:00+00:00,312.5104,11.720751
2025-08-29 14:00:00+00:00,320.52756,11.892265
2025-08-29 15:00:00+00:00,323.36578,8.748075
2025-08-29 16:00:00+00:00,326.3099,5.8409934
2025-08-29 17:00:00+00:00,321.981,12.566526
2025-08-29 18:00:00+00:00,318.991,5.48631
2025-08-29 19:00:00+00:00,330.75128,5.1575575
2025-08-29 20:00:00+00:00,274.68582,11.016824
2025-08-29 21:00:00+00:00,268.8309,8.821836
2025-08-29 22:00:00+00:00,341.56494,8.538149
2025-08-29 23:00:00+00:00,360.0,7.5599995
2025-08-30 00:00:00+00:00,40.10085,4.471107
2025-08-30 01:00:00+00:00,345.9637,4.452954
2025-08-30 02:00:00+00:00,339.6768,5.1826253
2025-08-30 03:00:00+00:00,278.13,2.5455842
2025-08-30 04:00:00+00:00,264.40076,9.224011
2025-08-30 05:00:00+00:00,308.991,9.726664
2025-08-30 06:00:00+00:00,279.27252,8.936778
2025-08-30 07:00:00+00:00,284.03625,12.616703
2025-08-30 08:00:00+00:00,282.9465,16.068466
2025-08-30 09:00:00+00:00,275.1363,16.084589
2025-08-30 10:00:00+00:00,286.5741,15.7754345
2025-08-30 11:00:00+00:00,279.3529,15.506141
2025-08-30 12:00:00+00:00,277.21417,14.33347
2025-08-30 13:00:00+00:00,321.1466,8.320986
2025-08-30 14:00:00+00:00,344.05453,9.172938
2025-08-30 15:00:00+00:00,342.40747,7.7420926
2025-08-30 16:00:00+00:00,10.713074,6.778141
2025-08-30 17:00:00+00:00,350.53775,8.759178
2025-08-30 18:00:00+00:00,34.9921,6.59154
2025-08-30 19:00:00+00:00,17.650223,4.1556225
2025-08-30 20:00:00+00:00,332.176,7.327127
2025-08-30 21:00:00+00:00,315.72513,10.055864
2025-08-30 22:00:00+00:00,348.9063,9.354806
2025-08-30 23:00:00+00:00,9.462261,6.5693827
2025-08-31 00:00:00+00:00,24.567156,6.9270773
2025-08-31 01:00:00+00:00,339.14545,8.089993
2025-08-31 02:00:00+00:00,324.86572,11.885453
2025-08-31 03:00:00+00:00,326.76828,12.4811535
2025-08-31 04:00:00+00:00,311.25693,13.647988
2025-08-31 05:00:00+00:00,308.90414,13.184308
2025-08-31 06:00:00+00:00,310.91428,14.291592
2025-08-31 07:00:00+00:00,306.86996,14.4
2025-08-31 08:00:00+00:00,303.51804,16.62444
2025-08-31 09:00:00+00:00,297.13507,16.180988
2025-08-31 10:00:00+00:00,293.1986,15.079229
2025-08-31 11:00:00+00:00,292.3195,18.484869
2025-08-31 12:00:00+00:00,297.08347,17.790886
2025-08-31 13:00:00+00:00,300.35803,14.602204
2025-08-31 14:00:00+00:00,318.87863,15.053425
2025-08-31 15:00:00+00:00,333.43503,12.074766
2025-08-31 16:00:00+00:00,324.22385,15.086748
2025-08-31 17:00:00+00:00,319.87396,16.478603
2025-08-31 18:00:00+00:00,332.3541,12.801531
2025-08-31 19:00:00+00:00,327.03058,7.9383874
2025-08-31 20:00:00+00:00,321.48303,11.272657
2025-08-31 21:00:00+00:00,328.3393,12.688404
2025-08-31 22:00:00+00:00,315.0001,13.746156
2025-08-31 23:00:00+00:00,335.89777,14.986553
2025-09-01 00:00:00+00:00,334.17905,12.397806
2025-09-01 01:00:00+00:00,334.53668,12.56008
2025-09-01 02:00:00+00:00,330.6901,11.7662735
2025-09-01 03:00:00+00:00,327.26477,11.983188
2025-09-01 04:00:00+00:00,318.96475,12.886039
2025-09-01 05:00:00+00:00,319.7202,13.920647
2025-09-01 06:00:00+00:00,325.1246,14.480773
2025-09-01 07:00:00+00:00,317.96832,17.205778
2025-09-01 08:00:00+00:00,312.64667,18.59845
2025-09-01 09:00:00+00:00,309.32257,21.872036
2025-09-01 10:00:00+00:00,304.7892,20.821728
2025-09-01 11:00:00+00:00,305.14874,21.573734
2025-09-01 12:00:00+00:00,308.4181,19.987295
2025-09-01 13:00:00+00:00,318.54486,14.410121
2025-09-01 14:00:00+00:00,316.14566,12.730467
2025-09-01 15:00:00+00:00,326.3099,15.575981
2025-09-01 16:00:00+00:00,335.7387,14.01806
2025-09-01 17:00:00+00:00,333.82477,11.833546
2025-09-01 18:00:00+00:00,339.30447,8.65873
2025-09-01 19:00:00+00:00,334.69864,10.950452
2025-09-01 20:00:00+00:00,331.1893,12.325728
2025-09-01 21:00:00+00:00,322.25314,14.113652
2025-09-01 22:00:00+00:00,330.08646,15.159591
2025-09-01 23:00:00+00:00,339.52765,14.410121
2025-09-02 00:00:00+00:00,333.43503,11.269782
2025-09-02 01:00:00+00:00,358.69806,7.922045
2025-09-02 02:00:00+00:00,4.5139127,6.8612823
2025-09-02 03:00:00+00:00,21.801476,5.815978
2025-09-02 04:00:00+00:00,316.4202,15.405519
2025-09-02 05:00:00+00:00,317.1611,13.5012
2025-09-02 06:00:00+00:00,308.84085,17.794525
2025-09-02 07:00:00+00:00,303.83054,20.36865
2025-09-02 08:00:00+00:00,306.33948,19.440832
2025-09-02 09:00:00+00:00,303.07068,18.472595
2025-09-02 10:00:00+00:00,296.84042,16.74387
2025-09-02 11:00:00+00:00,302.6609,16.676977
2025-09-02 12:00:00+00:00,304.43906,15.277749
2025-09-02 13:00:00+00:00,321.49933,10.120099
2025-09-02 14:00:00+00:00,316.3971,10.44
2025-09-02 15:00:00+00:00,320.4774,9.3340025
2025-09-02 16:00:00+00:00,318.46832,8.415842
2025-09-02 17:00:00+00:00,303.6901,9.734988
2025-09-02 18:00:00+00:00,295.14474,9.743304
2025-09-02 19:00:00+00:00,340.86627,9.335737
2025-09-02 20:00:00+00:00,349.26114,10.6261
2025-09-02 21:00:00+00:00,340.6651,10.873251
2025-09-02 22:00:00+00:00,341.31256,12.921192
2025-09-02 23:00:00+00:00,330.60403,14.668619
2025-09-03 00:00:00+00:00,342.8972,12.241323
2025-09-03 01:00:00+00:00,342.40747,7.7420926
2025-09-03 02:00:00+00:00,325.3888,15.528064
2025-09-03 03:00:00+00:00,335.32315,7.329338
2025-09-03 04:00:00+00:00,305.78906,9.5416975
2025-09-03 05:00:00+00:00,300.83777,14.045767
2025-09-03 06:00:00+00:00,307.1999,18.75631
2025-09-03 07:00:00+00:00,309.50766,13.298089
2025-09-03 08:00:00+00:00,308.9458,16.895088
2025-09-03 09:00:00+00:00,297.42865,16.021011
2025-09-03 10:00:00+00:00,297.29947,18.838184
2025-09-03 11:00:00+00:00,300.84653,15.095336
2025-09-03 12:00:00+00:00,293.4287,11.770403
2025-09-03 13:00:00+00:00,290.55612,10.765445
2025-09-03 14:00:00+00:00,312.64667,9.299225
2025-09-03 15:00:00+00:00,42.08909,7.519175
2025-09-03 16:00:00+00:00,58.570484,7.5942082
2025-09-03 17:00:00+00:00,64.440094,9.178235
2025-09-03 18:00:00+00:00,98.74608,7.102591
2025-09-03 19:00:00+00:00,60.75127,5.1575575
2025-09-03 20:00:00+00:00,68.68202,7.9220443
2025-09-03 21:00:00+00:00,82.40546,5.4477882
2025-09-03 22:00:00+00:00,52.695976,4.752136
2025-09-03 23:00:00+00:00,25.201094,3.381893
2025-09-04 00:00:00+00:00,3.179772,9.734988
2025-09-04 01:00:00+00:00,322.12494,2.0523157
2025-09-04 02:00:00+00:00,34.9921,4.39436
2025-09-04 03:00:00+00:00,342.34976,8.311245
2025-09-04 04:00:00+00:00,353.41815,4.7110505
2025-09-04 05:00:00+00:00,331.38962,11.276968
2025-09-04 06:00:00+00:00,311.71066,11.091564
2025-09-04 07:00:00+00:00,312.84702,16.940096
2025-09-04 08:00:00+00:00,310.40936,17.49337
2025-09-04 09:00:00+00:00,306.15826,17.389341
2025-09-04 10:00:00+00:00,306.60718,15.696165
2025-09-04 11:00:00+00:00,303.08487,14.178927
2025-09-04 12:00:00+00:00,305.7068,14.186923
2025-09-04 13:00:00+00:00,311.08167,9.313152
2025-09-04 14:00:00+00:00,319.39877,8.297589
2025-09-04 15:00:00+00:00,328.78165,6.945761
2025-09-04 16:00:00+00:00,322.25314,7.056826
2025-09-04 17:00:00+00:00,335.09525,5.5567255
2025-09-04 18:00:00+00:00,360.0,5.5799994
2025-09-04 19:00:00+00:00,331.31393,10.874742
2025-09-04 20:00:00+00:00,337.5205,5.6492476
2025-09-04 21:00:00+00:00,356.3087,5.5916004
2025-09-04 22:00:00+00:00,355.60138,2.3469126
2025-09-04 23:00:00+00:00,278.13,5.0911684
2025-09-05 00:00:00+00:00,316.5481,4.7110505
2025-09-05 01:00:00+00:00,308.50067,10.120099
2025-09-05 02:00:00+00:00,338.19852,9.693296
2025-09-05 03:00:00+00:00,357.3975,7.928178
2025-09-05 04:00:00+00:00,354.14407,7.0568266
2025-09-05 05:00:00+00:00,314.23618,9.54679
2025-09-05 06:00:00+00:00,295.64096,9.983106
2025-09-05 07:00:00+00:00,288.1781,12.69351
2025-09-05 08:00:00+00:00,294.5074,13.451914
2025-09-05 09:00:00+00:00,291.80145,12.601285
2025-09-05 10:00:00+00:00,288.43503,13.091829
2025-09-05 11:00:00+00:00,295.24048,13.929953
2025-09-05 12:00:00+00:00,296.93945,12.3165245
2025-09-05 13:00:00+00:00,295.46332,12.56008
2025-09-05 14:00:00+00:00,299.4758,9.511088
2025-09-05 15:00:00+00:00,338.6293,4.445672
2025-09-05 16:00:00+00:00,35.75398,5.5450516
2025-09-05 17:00:00+00:00,43.602894,5.22
2025-09-05 18:00:00+00:00,72.75845,5.4656014
2025-09-05 19:00:00+00:00,66.801384,5.4833565
2025-09-05 20:00:00+00:00,50.906155,3.710795
2025-09-05 21:00:00+00:00,60.255207,2.9024127
2025-09-05 22:00:00+00:00,65.55606,4.3498964
2025-09-05 23:00:00+00:00,69.775055,3.644722
2025-09-06 00:00:00+00:00,59.743652,2.50064
2025-09-06 01:00:00+00:00,36.027473,2.4482648
2025-09-06 02:00:00+00:00,39.09386,3.710795
2025-09-06 03:00:00+00:00,330.75128,5.1575575
2025-09-06 04:00:00+00:00,315.0001,6.873078
2025-09-06 05:00:00+00:00,300.96368,7.3469996
2025-09-06 06:00:00+00:00,291.80148,9.693296
2025-09-06 07:00:00+00:00,287.87878,11.726277
2025-09-06 08:00:00+00:00,283.05524,12.74954
2025-09-06 09:00:00+00:00,281.4587,13.590894
2025-09-06 10:00:00+00:00,283.69006,14.450537
2025-09-06 11:00:00+00:00,284.58896,13.577776
2025-09-06 12:00:00+00:00,289.4862,12.410866
2025-09-06 13:00:00+00:00,287.47485,10.1902895
2025-09-06 14:00:00+00:00,297.0505,9.499158
2025-09-06 15:00:00+00:00,297.5972,8.936778
2025-09-06 16:00:00+00:00,302.00534,8.490582
2025-09-06 17:00:00+00:00,308.48022,8.967541
2025-09-06 18:00:00+00:00,341.02948,6.0908127
2025-09-06 19:00:00+00:00,353.41815,4.7110505
2025-09-06 20:00:00+00:00,319.23648,6.8919086
2025-09-06 21:00:00+00:00,326.3099,5.8409934
2025-09-06 22:00:00+00:00,319.28925,10.210936
2025-09-06 23:00:00+00:00,338.9624,5.0142193
2025-09-07 00:00:00+00:00,335.6589,8.297589
2025-09-07 01:00:00+00:00,18.435053,4.5536795
2025-09-07 02:00:00+00:00,356.6336,6.130579
2025-09-07 03:00:00+00:00,7.59456,5.4477882
2025-09-07 04:00:00+00:00,327.17145,6.6405115
2025-09-07 05:00:00+00:00,308.8114,10.626099
2025-09-07 06:00:00+00:00,294.32556,14.420235
2025-09-07 07:00:00+00:00,293.8865,13.78029
2025-09-07 08:00:00+00:00,297.45093,15.618566
2025-09-07 09:00:00+00:00,295.6881,15.779543
2025-09-07 10:00:00+00:00,298.1785,17.15297
2025-09-07 11:00:00+00:00,300.7499,16.546299
2025-09-07 12:00:00+00:00,307.8158,15.266079
2025-09-07 13:00:00+00:00,304.59235,12.682018
2025-09-07 14:00:00+00:00,315.0001,11.45513
2025-09-07 15:00:00+00:00,320.94687,12.284918
2025-09-07 16:00:00+00:00,322.792,12.204212
2025-09-07 17:00:00+00:00,326.76828,12.4811535
2025-09-07 18:00:00+00:00,336.92957,10.564942
2025-09-07 19:00:00+00:00,339.44388,10.765445
2025-09-07 20:00:00+00:00,340.4268,8.596766
2025-09-07 21:00:00+00:00,340.3461,8.027677
2025-09-07 22:00:00+00:00,351.67444,7.458606
2025-09-07 23:00:00+00:00,344.6237,7.4672885
2025-09-08 00:00:00+00:00,352.09293,6.542201
2025-09-08 01:00:00+00:00,355.76367,4.8733153
2025-09-08 02:00:00+00:00,360.0,5.5799994
2025-09-08 03:00:00+00:00,348.17853,7.9077177
2025-09-08 04:00:00+00:00,329.589,9.600937
2025-09-08 05:00:00+00:00,314.34152,11.074023
2025-09-08 06:00:00+00:00,300.35803,14.602204
2025-09-08 07:00:00+00:00,295.0576,15.299999
2025-09-08 08:00:00+00:00,294.86368,16.267857
2025-09-08 09:00:00+00:00,295.2328,17.311846
2025-09-08 10:00:00+00:00,298.61035,18.043148
2025-09-08 11:00:00+00:00,306.86996,18.9
2025-09-08 12:00:00+00:00,313.2101,16.299694
2025-09-08 13:00:00+00:00,308.01898,12.566526
2025-09-08 14:00:00+00:00,311.98712,12.108261
2025-09-08 15:00:00+00:00,317.95087,12.362475
2025-09-08 16:00:00+00:00,326.3099,11.681987
2025-09-08 17:00:00+00:00,333.43503,10.464797
2025-09-08 18:00:00+00:00,339.6768,10.365251
2025-09-08 19:00:00+00:00,348.2749,9.743305
2025-09-08 20:00:00+00:00,347.692,10.132897
2025-09-08 21:00:00+00:00,356.186,8.11798
2025-09-08 22:00:00+00:00,10.61961,5.8603754
2025-09-08 23:00:00+00:00,41.63345,4.3349743
2025-09-09 00:00:00+00:00,57.724377,4.0449967
2025-09-09 01:00:00+00:00,19.653913,5.3517847
2025-09-09 02:00:00+00:00,12.339083,5.896202
2025-09-09 03:00:00+00:00,360.0,6.4799995
2025-09-09 04:00:00+00:00,319.39877,6.638072
2025-09-09 05:00:00+00:00,297.5119,9.741642
2025-09-09 06:00:00+00:00,289.1791,13.149859
2025-09-09 07:00:00+00:00,292.45697,14.607751
2025-09-09 08:00:00+00:00,291.55713,15.676544
2025-09-09 09:00:00+00:00,289.06927,15.426537
2025-09-09 10:00:00+00:00,292.30624,15.175612
2025-09-09 11:00:00+00:00,295.24048,13.929953
2025-09-09 12:00:00+00:00,298.84256,14.178927
2025-09-09 13:00:00+00:00,311.3477,11.988594
2025-09-09 14:00:00+00:00,309.8055,9.840914
2025-09-09 15:00:00+00:00,330.25522,7.256032
2025-09-09 16:00:00+00:00,26.564985,2.8174455
2025-09-09 17:00:00+00:00,44.999897,1.781909
2025-09-09 18:00:00+00:00,47.12111,3.4388947
2025-09-09 19:00:00+00:00,52.124958,2.0523157
2025-09-09 20:00:00+00:00,71.564964,1.7076298
2025-09-09 21:00:00+00:00,75.96373,2.226477
2025-09-09 22:00:00+00:00,56.309914,1.2979984
2025-09-09 23:00:00+00:00,63.435013,5.2323985
2025-09-10 00:00:00+00:00,71.564964,5.6920996
2025-09-10 01:00:00+00:00,63.435013,2.0124612
2025-09-10 02:00:00+00:00,34.9921,2.19718
2025-09-10 03:00:00+00:00,341.56494,4.5536795
2025-09-10 04:00:00+00:00,311.82007,9.178235
2025-09-10 05:00:00+00:00,293.05133,9.194106
2025-09-10 06:00:00+00:00,292.16638,10.495713
2025-09-10 07:00:00+00:00,293.08514,11.935778
2025-09-10 08:00:00+00:00,287.61267,11.897714
2025-09-10 09:00:00+00:00,284.6209,12.835653
2025-09-10 10:00:00+00:00,286.55716,13.896187
2025-09-10 11:00:00+00:00,291.80148,11.631956
2025-09-10 12:00:00+00:00,296.9521,11.9140415
2025-09-10 13:00:00+00:00,294.67685,7.329338
2025-09-10 14:00:00+00:00,308.65982,6.9153743
2025-09-10 15:00:00+00:00,323.97253,4.8965297
2025-09-10 16:00:00+00:00,325.71307,4.7928696
2025-09-10 17:00:00+00:00,360.0,3.2399998
2025-09-10 18:00:00+00:00,23.198618,2.7416782
2025-09-10 19:00:00+00:00,46.005,7.256032
2025-09-10 20:00:00+00:00,61.69934,2.657668
2025-09-10 21:00:00+00:00,7.4313188,4.175069
2025-09-10 22:00:00+00:00,335.55606,4.3498964
2025-09-10 23:00:00+00:00,350.31128,7.486788
2025-09-11 00:00:00+00:00,344.3577,9.346143
2025-09-11 01:00:00+00:00,344.87595,6.8989563
2025-09-11 02:00:00+00:00,338.80588,9.459852
2025-09-11 03:00:00+00:00,340.9064,9.904906
2025-09-11 04:00:00+00:00,331.03244,11.521406
2025-09-11 05:00:00+00:00,315.52557,13.874019
2025-09-11 06:00:00+00:00,307.98355,16.671148
2025-09-11 07:00:00+00:00,306.99536,16.45204
2025-09-11 08:00:00+00:00,306.38446,16.992609
2025-09-11 09:00:00+00:00,300.3026,16.053335
2025-09-11 10:00:00+00:00,300.60632,14.848635
2025-09-11 11:00:00+00:00,293.6294,12.57426
2025-09-11 12:00:00+00:00,291.80148,11.631956
2025-09-11 13:00:00+00:00,301.53473,9.292255
2025-09-11 14:00:00+00:00,315.9391,7.7650757
2025-09-11 15:00:00+00:00,326.3099,6.489992
2025-09-11 16:00:00+00:00,329.3494,5.6492476
2025-09-11 17:00:00+00:00,321.8427,6.4096174
2025-09-11 18:00:00+00:00,328.13406,7.841887
2025-09-11 19:00:00+00:00,336.2505,9.83268
2025-09-11 20:00:00+00:00,338.5522,10.829958
2025-09-11 21:00:00+00:00,337.86444,11.465024
2025-09-11 22:00:00+00:00,342.1496,11.157097
2025-09-11 23:00:00+00:00,349.07724,10.449306
2025-09-12 00:00:00+00:00,360.0,9.54
2025-09-12 01:00:00+00:00,8.426887,4.913044
2025-09-12 02:00:00+00:00,356.72958,6.310277
2025-09-12 03:00:00+00:00,332.9874,10.304114
2025-09-12 04:00:00+00:00,315.53537,13.619472
2025-09-12 05:00:00+00:00,313.09085,15.281989
2025-09-12 06:00:00+00:00,311.05472,14.799459
2025-09-12 07:00:00+00:00,306.02747,14.689588
2025-09-12 08:00:00+00:00,304.40854,15.926694
2025-09-12 09:00:00+00:00,305.21768,14.982228
2025-09-12 10:00:00+00:00,300.49976,15.2501545
2025-09-12 11:00:00+00:00,302.47116,14.081477
2025-09-12 12:00:00+00:00,302.00534,13.584932
2025-09-12 13:00:00+00:00,298.1415,8.777654
2025-09-12 14:00:00+00:00,308.65982,5.7628117
2025-09-12 15:00:00+00:00,302.27563,4.0449967
2025-09-12 16:00:00+00:00,312.39737,5.6060677
2025-09-12 17:00:00+00:00,300.7354,7.748368
2025-09-12 18:00:00+00:00,305.78906,9.5416975
2025-09-12 19:00:00+00:00,312.39737,11.212135
2025-09-12 20:00:00+00:00,321.1886,10.626099
2025-09-12 21:00:00+00:00,333.43503,9.659814
2025-09-12 22:00:00+00:00,349.07724,10.449306
2025-09-12 23:00:00+00:00,360.0,8.459999
2025-09-13 00:00:00+00:00,10.175456,7.1321807
2025-09-13 01:00:00+00:00,8.615564,6.0077944
2025-09-13 02:00:00+00:00,1.397161,7.3821945
2025-09-13 03:00:00+00:00,360.0,7.7400002
2025-09-13 04:00:00+00:00,326.61145,9.485504
2025-09-13 05:00:00+00:00,307.87503,12.313894
2025-09-13 06:00:00+00:00,298.9091,13.776762
2025-09-13 07:00:00+00:00,292.93213,15.244842
2025-09-13 08:00:00+00:00,289.92566,15.316933
2025-09-13 09:00:00+00:00,288.01987,15.710607
2025-09-13 10:00:00+00:00,283.54794,15.367616
2025-09-13 11:00:00+00:00,284.88632,14.713829
2025-09-13 12:00:00+00:00,288.6768,13.4903965
2025-09-13 13:00:00+00:00,294.77512,10.30883
2025-09-13 14:00:00+00:00,292.24908,8.557102
2025-09-13 15:00:00+00:00,295.20108,6.763786
2025-09-13 16:00:00+00:00,305.75397,5.5450516
2025-09-13 17:00:00+00:00,313.4519,4.7110505
2025-09-13 18:00:00+00:00,357.27374,3.7842832
2025-09-13 19:00:00+00:00,15.124064,6.8989563
2025-09-13 20:00:00+00:00,34.159744,6.090812
2025-09-13 21:00:00+00:00,32.905247,3.6447225
2025-09-13 22:00:00+00:00,53.972538,2.4482648
2025-09-13 23:00:00+00:00,24.775122,2.5772076
2025-09-14 00:00:00+00:00,36.86998,2.6999998
2025-09-14 01:00:00+00:00,57.99466,3.396233
2025-09-14 02:00:00+00:00,50.906155,3.710795
2025-09-14 03:00:00+00:00,41.185837,3.8268526
2025-09-14 04:00:00+00:00,334.79892,3.381893
2025-09-14 05:00:00+00:00,297.75842,7.729527
2025-09-14 06:00:00+00:00,285.06854,9.6932955
2025-09-14 07:00:00+00:00,275.90604,10.495713
2025-09-14 08:00:00+00:00,275.35574,11.570515
2025-09-14 09:00:00+00:00,270.81842,12.601285
2025-09-14 10:00:00+00:00,272.8155,10.993271
2025-09-14 11:00:00+00:00,269.09064,11.341428
2025-09-14 12:00:00+00:00,258.23172,8.825508
2025-09-14 13:00:00+00:00,246.0375,5.318383
2025-09-14 14:00:00+00:00,262.1468,5.2694216
2025-09-14 15:00:00+00:00,302.27563,4.0449967
2025-09-14 16:00:00+00:00,298.30066,2.657668
2025-09-14 17:00:00+00:00,309.28937,5.1165614
2025-09-14 18:00:00+00:00,332.6502,5.8769383
2025-09-14 19:00:00+00:00,355.60138,2.3469126
2025-09-14 20:00:00+00:00,27.552727,4.669604
2025-09-14 21:00:00+00:00,16.699326,1.8792552
2025-09-14 22:00:00+00:00,360.0,1.08
2025-09-14 23:00:00+00:00,345.9637,0.742159
2025-09-15 00:00:00+00:00,299.74478,1.4512063
2025-09-15 01:00:00+00:00,102.99462,2.4014995
2025-09-15 02:00:00+00:00,266.42374,2.8856194
2025-09-15 03:00:00+00:00,294.44394,6.5248446
2025-09-15 04:00:00+00:00,301.21835,6.945761
2025-09-15 05:00:00+00:00,295.46332,8.373386
2025-09-15 06:00:00+00:00,303.45334,12.081473
2025-09-15 07:00:00+00:00,303.6901,12.979984
2025-09-15 08:00:00+00:00,295.01685,14.897651
2025-09-15 09:00:00+00:00,290.72565,14.24163
2025-09-15 10:00:00+00:00,285.25516,14.36621
2025-09-15 11:00:00+00:00,288.43503,13.661038
2025-09-15 12:00:00+00:00,291.47684,11.799271
2025-09-15 13:00:00+00:00,292.47946,11.298495
2025-09-15 14:00:00+00:00,304.046,8.037761
2025-09-15 15:00:00+00:00,350.53775,3.2846913
2025-09-15 16:00:00+00:00,44.999897,5.854844
2025-09-15 17:00:00+00:00,72.12121,5.8631387
2025-09-15 18:00:00+00:00,340.0168,2.1068459
2025-09-15 19:00:00+00:00,285.7087,11.966954
2025-09-15 20:00:00+00:00,259.21576,15.39184
2025-09-15 21:00:00+00:00,316.36386,10.694485
2025-09-15 22:00:00+00:00,339.30447,8.65873
2025-09-15 23:00:00+00:00,7.9433913,7.814986
2025-09-16 00:00:00+00:00,65.37646,4.7521367
2025-09-16 01:00:00+00:00,70.1447,6.889557
2025-09-16 02:00:00+00:00,60.255207,5.8048253
2025-09-16 03:00:00+00:00,86.423744,2.8856194
2025-09-16 04:00:00+00:00,21.801476,1.9386592
2025-09-16 05:00:00+00:00,245.85446,5.7204895
2025-09-16 06:00:00+00:00,264.17374,8.865799
2025-09-16 07:00:00+00:00,265.73218,12.093534
2025-09-16 08:00:00+00:00,270.0,12.599999
2025-09-16 09:00:00+00:00,287.74475,9.449572
2025-09-16 10:00:00+00:00,285.10114,11.745604
2025-09-16 11:00:00+00:00,291.59537,9.292255
2025-09-16 12:00:00+00:00,270.0,8.82
2025-09-16 13:00:00+00:00,251.56496,1.7076298
2025-09-16 14:00:00+00:00,311.63345,2.1674871
2025-09-16 15:00:00+00:00,322.69595,4.752136
2025-09-16 16:00:00+00:00,355.91446,5.0528407
2025-09-16 17:00:00+00:00,320.7106,7.674842
2025-09-16 18:00:00+00:00,14.931467,5.5887027
2025-09-16 19:00:00+00:00,348.11136,3.4949677
2025-09-16 20:00:00+00:00,331.69934,5.315336
2025-09-16 21:00:00+00:00,354.2895,7.2359104
2025-09-16 22:00:00+00:00,319.39877,1.659518
2025-09-16 23:00:00+00:00,14.743609,3.536439
2025-09-17 00:00:00+00:00,37.875053,4.1046314
2025-09-17 01:00:00+00:00,315.0001,2.8001428
2025-09-17 02:00:00+00:00,342.34976,8.311245
2025-09-17 03:00:00+00:00,38.290207,4.3573384
2025-09-17 04:00:00+00:00,313.53125,4.965521
2025-09-17 05:00:00+00:00,295.7099,5.3939967
2025-09-17 06:00:00+00:00,278.74606,9.47012
2025-09-17 07:00:00+00:00,282.03058,11.226575
2025-09-17 08:00:00+00:00,282.38074,15.111424
2025-09-17 09:00:00+00:00,282.42593,10.874741
2025-09-17 10:00:00+00:00,293.45905,10.399576
2025-09-17 11:00:00+00:00,313.09085,7.6409945
2025-09-17 12:00:00+00:00,308.8845,7.1684303
2025-09-17 13:00:00+00:00,335.55606,6.5248446
2025-09-17 14:00:00+00:00,31.328646,4.846648
2025-09-17 15:00:00+00:00,66.37061,3.143565
2025-09-17 16:00:00+00:00,4.23632,4.8733153
2025-09-17 17:00:00+00:00,36.86999,7.2
2025-09-17 18:00:00+00:00,55.0079,4.39436
2025-09-17 19:00:00+00:00,26.564985,4.0249224
2025-09-17 20:00:00+00:00,36.253937,3.3481934
2025-09-17 21:00:00+00:00,22.61991,2.3400002
2025-09-17 22:00:00+00:00,18.435053,2.8460498
2025-09-17 23:00:00+00:00,360.0,2.34
2025-09-18 00:00:00+00:00,12.99463,4.802999
2025-09-18 01:00:00+00:00,339.22766,5.5829024
2025-09-18 02:00:00+00:00,358.4926,6.8423676
2025-09-18 03:00:00+00:00,337.1663,7.42159
2025-09-18 04:00:00+00:00,327.6526,6.391901
2025-09-18 05:00:00+00:00,304.8754,7.2403865
2025-09-18 06:00:00+00:00,287.03784,11.672275
2025-09-18 07:00:00+00:00,285.25516,10.261579
2025-09-18 08:00:00+00:00,284.5002,10.783487
2025-09-18 09:00:00+00:00,285.94547,10.483357
2025-09-18 10:00:00+00:00,282.8477,10.5234585
2025-09-18 11:00:00+00:00,282.8477,10.5234585
2025-09-18 12:00:00+00:00,293.07043,10.564942
2025-09-18 13:00:00+00:00,311.3477,11.988594
2025-09-18 14:00:00+00:00,317.86246,10.195057
2025-09-18 15:00:00+00:00,321.1155,7.1684303
2025-09-18 16:00:00+00:00,329.03632,8.39657
2025-09-18 17:00:00+00:00,18.924751,6.66
2025-09-18 18:00:00+00:00,357.13766,3.604497
2025-09-18 19:00:00+00:00,1.6365454,6.302571
2025-09-18 20:00:00+00:00,330.70874,8.461914
2025-09-18 21:00:00+00:00,306.34756,11.844492
2025-09-18 22:00:00+00:00,323.97253,4.8965297
2025-09-18 23:00:00+00:00,34.50859,3.494968
2025-09-19 00:00:00+00:00,26.564985,2.4149535
2025-09-19 01:00:00+00:00,333.43503,3.62243
2025-09-19 02:00:00+00:00,327.38077,5.3426957
2025-09-19 03:00:00+00:00,318.81415,3.8268526
2025-09-19 04:00:00+00:00,290.77234,5.5829024
2025-09-19 05:00:00+00:00,284.32275,8.731391
2025-09-19 06:00:00+00:00,279.65982,8.581677
2025-09-19 07:00:00+00:00,288.43503,9.676569
2025-09-19 08:00:00+00:00,273.3664,9.195868
2025-09-19 09:00:00+00:00,278.8203,10.564942
2025-09-19 10:00:00+00:00,278.97253,10.387107
2025-09-19 11:00:00+00:00,278.74606,9.47012
2025-09-19 12:00:00+00:00,289.9832,8.427383
2025-09-19 13:00:00+00:00,322.81522,6.552099
2025-09-19 14:00:00+00:00,360.0,3.96
2025-09-19 15:00:00+00:00,16.389616,3.189608
2025-09-19 16:00:00+00:00,19.983198,4.2136917
2025-09-19 17:00:00+00:00,50.194473,2.8116899
2025-09-19 18:00:00+00:00,48.366554,2.1674871
2025-09-19 19:00:00+00:00,68.19853,1.9386592
2025-09-19 20:00:00+00:00,60.94549,1.8532133
2025-09-19 21:00:00+00:00,353.6599,3.2599385
2025-09-19 22:00:00+00:00,351.11942,5.8298883
2025-09-19 23:00:00+00:00,6.3401003,3.2599385
2025-09-20 00:00:00+00:00,356.98727,3.4247334
2025-09-20 01:00:00+00:00,22.751022,6.050785
2025-09-20 02:00:00+00:00,40.236294,6.1305785
2025-09-20 03:00:00+00:00,42.397392,5.6060677
2025-09-20 04:00:00+00:00,352.5687,4.175069
2025-09-20 05:00:00+00:00,305.36255,6.8423676
2025-09-20 06:00:00+00:00,288.08353,9.278297
2025-09-20 07:00:00+00:00,279.30988,11.126562
2025-09-20 08:00:00+00:00,280.45984,11.897714
2025-09-20 09:00:00+00:00,275.04236,12.287555
2025-09-20 10:00:00+00:00,279.0902,13.671707
2025-09-20 11:00:00+00:00,288.12195,10.4166975
2025-09-20 12:00:00+00:00,297.37762,11.351422
2025-09-20 13:00:00+00:00,313.995,7.256032
2025-09-20 14:00:00+00:00,318.991,5.48631
2025-09-20 15:00:00+00:00,342.8972,4.896529
2025-09-20 16:00:00+00:00,360.0,3.4199998
2025-09-20 17:00:00+00:00,23.962492,3.5455887
2025-09-20 18:00:00+00:00,41.185837,3.8268526
2025-09-20 19:00:00+00:00,50.906155,3.710795
2025-09-20 20:00:00+00:00,66.801384,5.4833565
2025-09-20 21:00:00+00:00,62.525658,5.072041
2025-09-20 22:00:00+00:00,54.16227,3.9966483
2025-09-20 23:00:00+00:00,56.3099,1.9469976
2025-09-21 00:00:00+00:00,15.524177,3.362677
2025-09-21 01:00:00+00:00,47.290634,3.1845248
2025-09-21 02:00:00+00:00,37.694313,5.004518
2025-09-21 03:00:00+00:00,41.185837,1.9134263
2025-09-21 04:00:00+00:00,282.5288,3.319036
2025-09-21 05:00:00+00:00,285.5726,11.39842
2025-09-21 06:00:00+00:00,287.2816,8.482947
2025-09-21 07:00:00+00:00,270.0,11.159999
2025-09-21 08:00:00+00:00,270.0,11.159999
2025-09-21 09:00:00+00:00,264.55975,11.391313
2025-09-21 10:00:00+00:00,266.77554,12.800265
2025-09-21 11:00:00+00:00,267.1845,10.993271
2025-09-21 12:00:00+00:00,267.27374,7.5685663
2025-09-21 13:00:00+00:00,283.39252,7.771331
2025-09-21 14:00:00+00:00,272.29056,4.503598
2025-09-21 15:00:00+00:00,360.0,1.6199999
2025-09-21 16:00:00+00:00,2.4894993,4.143911
2025-09-21 17:00:00+00:00,205.94225,7.406295
2025-09-21 18:00:00+00:00,321.8427,3.2048087
2025-09-21 19:00:00+00:00,326.3099,5.8409934
2025-09-21 20:00:00+00:00,339.62347,6.7205353
2025-09-21 21:00:00+00:00,330.25522,5.8048253
2025-09-21 22:00:00+00:00,61.60708,7.570707
2025-09-21 23:00:00+00:00,83.48029,6.341009
2025-09-22 00:00:00+00:00,82.875084,4.353619
2025-09-22 01:00:00+00:00,8.746089,4.73506
2025-09-22 02:00:00+00:00,25.407679,7.970972
2025-09-22 03:00:00+00:00,29.577742,7.6579366
2025-09-22 04:00:00+00:00,11.3098955,6.424764
2025-09-22 05:00:00+00:00,314.06088,7.7650757
2025-09-22 06:00:00+00:00,294.51962,11.276967
2025-09-22 07:00:00+00:00,293.09686,13.306615
2025-09-22 08:00:00+00:00,283.49576,13.883356
2025-09-22 09:00:00+00:00,276.93427,13.418153
2025-09-22 10:00:00+00:00,282.26477,12.710091
2025-09-22 11:00:00+00:00,281.48196,11.755254
2025-09-22 12:00:00+00:00,284.7968,9.867218
2025-09-22 13:00:00+00:00,299.74478,8.707237
2025-09-22 14:00:00+00:00,299.8988,8.305396
2025-09-22 15:00:00+00:00,301.60745,8.242743
2025-09-22 16:00:00+00:00,296.56497,6.8423676
2025-09-22 17:00:00+00:00,310.91428,7.145796
2025-09-22 18:00:00+00:00,22.93213,5.0816135
2025-09-22 19:00:00+00:00,23.629398,3.143565
2025-09-22 20:00:00+00:00,25.820946,6.198903
2025-09-22 21:00:00+00:00,59.300358,6.698806
2025-09-22 22:00:00+00:00,326.3099,0.6489992
2025-09-22 23:00:00+00:00,347.19574,4.060985
2025-09-23 00:00:00+00:00,300.25635,2.50064
2025-09-23 01:00:00+00:00,349.28693,6.778141
2025-09-23 02:00:00+00:00,342.072,12.864649
2025-09-23 03:00:00+00:00,325.1246,7.2403865
2025-09-23 04:00:00+00:00,340.0168,4.2136917
2025-09-23 05:00:00+00:00,338.9624,5.0142193
2025-09-23 06:00:00+00:00,299.74478,8.707237
2025-09-23 07:00:00+00:00,291.80148,7.754637
2025-09-23 08:00:00+00:00,287.41806,9.621163
2025-09-23 09:00:00+00:00,294.36243,10.472536
2025-09-23 10:00:00+00:00,281.113,10.272623
2025-09-23 11:00:00+00:00,270.86804,11.881363
2025-09-23 12:00:00+00:00,264.64426,11.570515
2025-09-23 13:00:00+00:00,292.24908,8.557102
2025-09-23 14:00:00+00:00,307.87503,4.1046314
2025-09-23 15:00:00+00:00,35.537766,1.5484185
2025-09-23 16:00:00+00:00,287.74475,4.724786
2025-09-23 17:00:00+00:00,287.74475,4.724786
2025-09-23 18:00:00+00:00,235.92276,7.388775
2025-09-23 19:00:00+00:00,274.39862,7.040739
2025-09-23 20:00:00+00:00,315.67395,10.819482
2025-09-23 21:00:00+00:00,319.1447,8.805294
2025-09-23 22:00:00+00:00,294.67685,7.329338
2025-09-23 23:00:00+00:00,280.08054,8.227004
2025-09-24 00:00:00+00:00,302.96942,7.9383874
2025-09-24 01:00:00+00:00,59.264584,7.748368
2025-09-24 02:00:00+00:00,66.97448,7.823272
2025-09-24 03:00:00+00:00,68.5522,5.414979
2025-09-24 04:00:00+00:00,47.12111,3.4388947
2025-09-24 05:00:00+00:00,330.25522,4.3536186
2025-09-24 06:00:00+00:00,289.35907,7.0591216
2025-09-24 07:00:00+00:00,273.43356,9.016185
2025-09-24 08:00:00+00:00,268.93912,9.721666
2025-09-24 09:00:00+00:00,269.076,11.16145
2025-09-24 10:00:00+00:00,268.51218,13.864674
2025-09-24 11:00:00+00:00,265.23645,13.004921
2025-09-24 12:00:00+00:00,256.42953,10.739833
2025-09-24 13:00:00+00:00,291.80148,4.846648
2025-09-24 14:00:00+00:00,291.80148,4.846648
2025-09-24 15:00:00+00:00,288.88617,7.229191
2025-09-24 16:00:00+00:00,280.71307,6.778141
2025-09-24 17:00:00+00:00,291.80148,10.662626
2025-09-24 18:00:00+00:00,343.3007,11.27553
2025-09-24 19:00:00+00:00,321.9529,5.257109
2025-09-24 20:00:00+00:00,321.70978,4.3573384
2025-09-24 21:00:00+00:00,46.041542,7.001514
2025-09-24 22:00:00+00:00,46.468742,4.965521
2025-09-24 23:00:00+00:00,147.99466,1.6981165
2025-09-25 00:00:00+00:00,67.52052,5.6492476
2025-09-25 01:00:00+00:00,54.63746,6.8423676
2025-09-25 02:00:00+00:00,128.15727,3.2048087
2025-09-25 03:00:00+00:00,220.60121,4.978554
2025-09-25 04:00:00+00:00,328.39255,2.7475805
2025-09-25 05:00:00+00:00,275.85593,7.0568266
2025-09-25 06:00:00+00:00,282.2251,11.050591
2025-09-25 07:00:00+00:00,290.28265,8.827344
2025-09-25 08:00:00+00:00,271.00507,10.261578
2025-09-25 09:00:00+00:00,255.96373,15.585337
2025-09-25 10:00:00+00:00,266.72958,12.620554
2025-09-25 11:00:00+00:00,266.87793,9.914717
2025-09-25 12:00:00+00:00,257.19574,8.12197
2025-09-25 13:00:00+00:00,246.80139,12.337553
2025-09-25 14:00:00+00:00,293.28607,15.481046
2025-09-25 15:00:00+00:00,328.86108,10.094454
2025-09-25 16:00:00+00:00,345.9637,7.42159
2025-09-25 17:00:00+00:00,23.86019,10.234705
2025-09-25 18:00:00+00:00,42.709366,3.1845248
2025-09-25 19:00:00+00:00,346.60748,3.8856654
2025-09-25 20:00:00+00:00,44.999897,4.8366103
2025-09-25 21:00:00+00:00,318.1799,4.5891175
2025-09-25 22:00:00+00:00,320.01315,7.282774
2025-09-25 23:00:00+00:00,343.1785,8.085988
2025-09-26 00:00:00+00:00,13.760814,9.080639
2025-09-26 01:00:00+00:00,63.435013,1.609969
2025-09-26 02:00:00+00:00,84.2895,5.426933
2025-09-26 03:00:00+00:00,44.999897,2.2910259
2025-09-26 04:00:00+00:00,69.44387,3.0758414
2025-09-26 05:00:00+00:00,319.18503,5.2323985
2025-09-26 06:00:00+00:00,296.56497,10.464797
2025-09-26 07:00:00+00:00,288.19925,13.83192
2025-09-26 08:00:00+00:00,275.06354,14.275713
2025-09-26 09:00:00+00:00,266.186,13.529966
2025-09-26 10:00:00+00:00,274.52875,18.23694
2025-09-26 11:00:00+00:00,280.5735,13.733186
2025-09-26 12:00:00+00:00,272.86234,10.813492
2025-09-26 13:00:00+00:00,143.61555,4.2481523
2025-09-26 14:00:00+00:00,128.65984,1.1525624
2025-09-26 15:00:00+00:00,263.6599,1.6299692
2025-09-26 16:00:00+00:00,157.3801,2.3400002
2025-09-26 17:00:00+00:00,7.12493,2.9024127
2025-09-26 18:00:00+00:00,48.2398,6.7565966
2025-09-26 19:00:00+00:00,282.09473,2.5772078
2025-09-26 20:00:00+00:00,360.0,5.04
2025-09-26 21:00:00+00:00,350.53775,3.2846913
2025-09-26 22:00:00+00:00,325.71307,4.7928696
2025-09-26 23:00:00+00:00,312.39737,5.6060677
2025-09-27 00:00:00+00:00,325.17545,5.0432134
2025-09-27 01:00:00+00:00,49.085716,3.572898
2025-09-27 02:00:00+00:00,318.36655,8.669949
2025-09-27 03:00:00+00:00,323.13004,5.3999996
2025-09-27 04:00:00+00:00,287.21616,13.379461
2025-09-27 05:00:00+00:00,296.56497,7.6473517
2025-09-27 06:00:00+00:00,300.46545,10.650465
2025-09-27 07:00:00+00:00,285.61105,12.708816
2025-09-27 08:00:00+00:00,289.32327,14.687382
2025-09-27 09:00:00+00:00,285.6796,10.656547
2025-09-27 10:00:00+00:00,287.24155,10.931203
2025-09-27 11:00:00+00:00,288.24594,17.247156
2025-09-27 12:00:00+00:00,293.27896,16.851885
2025-09-27 13:00:00+00:00,265.71094,14.440443
2025-09-27 14:00:00+00:00,319.39877,4.978554
2025-09-27 15:00:00+00:00,40.601215,4.978554
2025-09-27 16:00:00+00:00,295.64096,9.983106
2025-09-27 17:00:00+00:00,337.69376,7.587806
2025-09-27 18:00:00+00:00,358.21014,5.7628117
2025-09-27 19:00:00+00:00,336.0375,3.5455887
2025-09-27 20:00:00+00:00,4.763556,4.3349743
2025-09-27 21:00:00+00:00,40.814987,5.2323985
2025-09-27 22:00:00+00:00,26.564985,2.4149535
2025-09-27 23:00:00+00:00,18.435053,2.8460498
2025-09-28 00:00:00+00:00,15.945477,2.6208394
2025-09-28 01:00:00+00:00,155.22488,2.5772076
2025-09-28 02:00:00+00:00,107.650215,4.1556225
2025-09-28 03:00:00+00:00,209.98155,5.402999
2025-09-28 04:00:00+00:00,294.90472,5.5567255
2025-09-28 05:00:00+00:00,280.6196,2.9301877
2025-09-28 06:00:00+00:00,290.55612,4.613762
2025-09-28 07:00:00+00:00,284.6209,8.557102
2025-09-28 08:00:00+00:00,288.12195,10.4166975
2025-09-28 09:00:00+00:00,283.15753,14.2336645
2025-09-28 10:00:00+00:00,299.659,14.913952
2025-09-28 11:00:00+00:00,285.94547,13.1041975
2025-09-28 12:00:00+00:00,279.95056,10.4166975
2025-09-28 13:00:00+00:00,311.2846,9.82114
2025-09-28 14:00:00+00:00,272.04535,5.0432134
2025-09-28 15:00:00+00:00,116.56499,0.8049845
2025-09-28 16:00:00+00:00,8.130019,8.909545
2025-09-28 17:00:00+00:00,68.74943,6.9527545
2025-09-28 18:00:00+00:00,95.906044,5.2478566
2025-09-28 19:00:00+00:00,128.65984,3.4576871
2025-09-28 20:00:00+00:00,237.99466,3.396233
2025-09-28 21:00:00+00:00,260.53775,4.379589
2025-09-28 22:00:00+00:00,279.65982,8.581677
2025-09-28 23:00:00+00:00,326.97614,4.293669
2025-09-29 00:00:00+00:00,360.0,5.3999996
2025-09-29 01:00:00+00:00,310.1559,7.5363917
2025-09-29 02:00:00+00:00,345.9637,2.968636
2025-09-29 03:00:00+00:00,330.5242,4.755544
2025-09-29 04:00:00+00:00,35.134277,5.9427266
2025-09-29 05:00:00+00:00,291.80148,4.846648
2025-09-29 06:00:00+00:00,288.2086,14.401124
2025-09-29 07:00:00+00:00,287.6762,17.19165
2025-09-29 08:00:00+00:00,289.6921,18.162169
2025-09-29 09:00:00+00:00,292.57962,19.689238
2025-09-29 10:00:00+00:00,293.1986,19.191748
2025-09-29 11:00:00+00:00,298.00906,19.164717
2025-09-29 12:00:00+00:00,300.15997,15.405519
2025-09-29 13:00:00+00:00,303.6901,12.979984
2025-09-29 14:00:00+00:00,303.92984,11.931705
2025-09-29 15:00:00+00:00,311.0994,11.226575
2025-09-29 16:00:00+00:00,315.0001,11.964246
2025-09-29 17:00:00+00:00,317.86246,10.195057
2025-09-29 18:00:00+00:00,330.5242,9.511088
2025-09-29 19:00:00+00:00,347.0926,8.863972
2025-09-29 20:00:00+00:00,15.75124,7.293888
2025-09-29 21:00:00+00:00,7.12493,2.9024127
2025-09-29 22:00:00+00:00,353.9911,3.438895
2025-09-29 23:00:00+00:00,333.43503,6.8423676
2025-09-30 00:00:00+00:00,340.9743,5.5216303
2025-09-30 01:00:00+00:00,75.96373,7.42159
2025-09-30 02:00:00+00:00,94.28908,7.2202215
2025-09-30 03:00:00+00:00,79.99209,3.1072817
2025-09-30 04:00:00+00:00,255.96373,1.484318
2025-09-30 05:00:00+00:00,297.1496,7.889259
2025-09-30 06:00:00+00:00,294.2744,10.070353
2025-09-30 07:00:00+00:00,299.21915,12.16832
2025-09-30 08:00:00+00:00,293.1986,15.079229
2025-09-30 09:00:00+00:00,290.22495,14.578888
2025-09-30 10:00:00+00:00,295.61545,14.572221
2025-09-30 11:00:00+00:00,300.20316,13.954354
2025-09-30 12:00:00+00:00,299.5387,12.413477
2025-09-30 13:00:00+00:00,306.46933,10.296251
2025-09-30 14:00:00+00:00,309.28937,10.233123
2025-09-30 15:00:00+00:00,315.80682,9.037721
2025-09-30 16:00:00+00:00,315.90927,8.019601
2025-09-30 17:00:00+00:00,320.90613,7.42159
2025-09-30 18:00:00+00:00,339.62347,6.7205353
2025-09-30 19:00:00+00:00,353.88458,5.0688457
2025-09-30 20:00:00+00:00,348.6901,4.5891175
2025-09-30 21:00:00+00:00,353.88458,5.0688457
2025-09-30 22:00:00+00:00,354.92047,8.131936
2025-09-30 23:00:00+00:00,4.6353807,6.6818557
2025-10-01 00:00:00+00:00,48.57643,8.161764
2025-10-01 01:00:00+00:00,333.43503,1.2074767
2025-10-01 02:00:00+00:00,79.04598,5.6835546
2025-10-01 03:00:00+00:00,79.21575,3.84796
2025-10-01 04:00:00+00:00,301.75943,4.4456716
2025-10-01 05:00:00+00:00,277.66672,9.444426
2025-10-01 06:00:00+00:00,283.49576,9.255571
2025-10-01 07:00:00+00:00,287.03784,11.672275
2025-10-01 08:00:00+00:00,283.81503,11.307095
2025-10-01 09:00:00+00:00,283.39252,11.656998
2025-10-01 10:00:00+00:00,290.44962,11.334285
2025-10-01 11:00:00+00:00,294.0755,9.266067
2025-10-01 12:00:00+00:00,288.13818,10.9859
2025-10-01 13:00:00+00:00,301.60745,10.990322
2025-10-01 14:00:00+00:00,300.61853,10.248941
2025-10-01 15:00:00+00:00,298.1785,5.7176566
2025-10-01 16:00:00+00:00,313.83093,6.2379804
2025-10-01 17:00:00+00:00,350.13425,4.2021422
2025-10-01 18:00:00+00:00,336.0375,3.5455887
2025-10-01 19:00:00+00:00,22.833694,3.710795
2025-10-01 20:00:00+00:00,71.564964,3.9844694
2025-10-01 21:00:00+00:00,66.80139,6.8541956
2025-10-01 22:00:00+00:00,81.70294,8.731392
2025-10-01 23:00:00+00:00,90.0,6.4799995
2025-10-02 00:00:00+00:00,83.29026,6.162207
2025-10-02 01:00:00+00:00,88.264336,5.9427266
2025-10-02 02:00:00+00:00,79.69521,6.037383
2025-10-02 03:00:00+00:00,94.96966,4.1556225
2025-10-02 04:00:00+00:00,308.65982,3.4576871
2025-10-02 05:00:00+00:00,268.49258,6.8423676
2025-10-02 06:00:00+00:00,285.25516,8.209263
2025-10-02 07:00:00+00:00,278.97253,3.462369
2025-10-02 08:00:00+00:00,276.20334,8.32877
2025-10-02 09:00:00+00:00,276.24182,11.588701
2025-10-02 10:00:00+00:00,287.9495,13.433838
2025-10-02 11:00:00+00:00,284.03625,10.390226
2025-10-02 12:00:00+00:00,290.17075,9.3962755
2025-10-02 13:00:00+00:00,308.36752,5.509882
2025-10-02 14:00:00+00:00,315.0001,4.5820518
2025-10-02 15:00:00+00:00,329.03632,5.2478566
2025-10-02 16:00:00+00:00,327.99466,3.396233
2025-10-02 17:00:00+00:00,317.1211,3.4388947
2025-10-02 18:00:00+00:00,333.43503,0.8049845
2025-10-02 19:00:00+00:00,278.97253,6.924738
2025-10-02 20:00:00+00:00,351.2539,2.36753
2025-10-02 21:00:00+00:00,16.927603,4.327493
2025-10-02 22:00:00+00:00,32.005356,5.09435
2025-10-02 23:00:00+00:00,43.53127,4.965521
2025-10-03 00:00:00+00:00,44.999897,2.8001428
2025-10-03 01:00:00+00:00,65.77226,3.9477081
2025-10-03 02:00:00+00:00,24.227736,3.9477081
2025-10-03 03:00:00+00:00,30.963696,4.198285
2025-10-03 04:00:00+00:00,351.4693,3.6402748
2025-10-03 05:00:00+00:00,292.1095,6.21717
2025-10-03 06:00:00+00:00,284.74362,7.072878
2025-10-03 07:00:00+00:00,273.12207,9.914717
2025-10-03 08:00:00+00:00,276.3401,11.409785
2025-10-03 09:00:00+00:00,278.68628,13.110376
2025-10-03 10:00:00+00:00,287.61267,11.897714
2025-10-03 11:00:00+00:00,288.43503,9.676569
2025-10-03 12:00:00+00:00,293.9625,10.636766
2025-10-03 13:00:00+00:00,293.83875,8.461915
2025-10-03 14:00:00+00:00,300.52963,8.149847
2025-10-03 15:00:00+00:00,313.66785,5.4744864
2025-10-03 16:00:00+00:00,335.55606,4.3498964
2025-10-03 17:00:00+00:00,331.38962,4.510787
2025-10-03 18:00:00+00:00,28.072395,3.06
2025-10-03 19:00:00+00:00,360.0,1.98
2025-10-03 20:00:00+00:00,44.999897,1.781909
2025-10-03 21:00:00+00:00,16.313938,7.689603
2025-10-03 22:00:00+00:00,347.4712,4.9785542
2025-10-03 23:00:00+00:00,14.743609,3.536439
2025-10-04 00:00:00+00:00,39.289394,2.5582807
2025-10-04 01:00:00+00:00,47.72637,2.6758924
2025-10-04 02:00:00+00:00,51.34017,3.4576871
2025-10-04 03:00:00+00:00,336.0375,3.5455887
2025-10-04 04:00:00+00:00,346.373,6.1120534
2025-10-04 05:00:00+00:00,337.5205,5.6492476
2025-10-04 06:00:00+00:00,300.37906,6.050785
2025-10-04 07:00:00+00:00,291.80148,7.754637
2025-10-04 08:00:00+00:00,283.49576,9.255571
2025-10-04 09:00:00+00:00,307.40543,7.7043357
2025-10-04 10:00:00+00:00,317.29062,6.3690495
2025-10-04 11:00:00+00:00,315.97092,7.5105524
2025-10-04 12:00:00+00:00,296.99576,10.706596
2025-10-04 13:00:00+00:00,283.627,6.1120534
2025-10-04 14:00:00+00:00,316.9749,3.693291
2025-10-04 15:00:00+00:00,322.59457,3.8521678
2025-10-04 16:00:00+00:00,338.19852,3.8773184
2025-10-04 17:00:00+00:00,39.400646,6.522361
2025-10-04 18:00:00+00:00,59.743652,5.00128
2025-10-04 19:00:00+00:00,112.751015,6.050785
2025-10-04 20:00:00+00:00,41.00899,5.48631
2025-10-04 21:00:00+00:00,21.501507,6.384293
2025-10-04 22:00:00+00:00,27.758451,7.729527
2025-10-04 23:00:00+00:00,26.564985,5.2323985
2025-10-05 00:00:00+00:00,135.0001,1.0182338
2025-10-05 01:00:00+00:00,135.0001,2.8001428
2025-10-05 02:00:00+00:00,104.03627,3.710795
2025-10-05 03:00:00+00:00,296.56497,1.609969
2025-10-05 04:00:00+00:00,286.38962,3.189608
2025-10-05 05:00:00+00:00,268.85425,9.0018
2025-10-05 06:00:00+00:00,280.52072,12.815443
2025-10-05 07:00:00+00:00,290.55612,10.765445
2025-10-05 08:00:00+00:00,296.91647,13.121493
2025-10-05 09:00:00+00:00,294.7174,12.483749
2025-10-05 10:00:00+00:00,299.21915,12.16832
2025-10-05 11:00:00+00:00,301.13892,10.094454
2025-10-05 12:00:00+00:00,314.0907,8.019601
2025-10-05 13:00:00+00:00,327.84772,7.44121
2025-10-05 14:00:00+00:00,358.40887,6.482499
2025-10-05 15:00:00+00:00,32.005356,3.396233
2025-10-05 16:00:00+00:00,65.22488,2.5772076
2025-10-05 17:00:00+00:00,74.74483,2.0523157
2025-10-05 18:00:00+00:00,85.23644,4.3349743
2025-10-05 19:00:00+00:00,90.0,1.98
2025-10-05 20:00:00+00:00,18.435053,2.2768397
2025-10-05 21:00:00+00:00,29.054508,1.8532133
2025-10-05 22:00:00+00:00,344.05453,2.6208394
2025-10-05 23:00:00+00:00,11.3098955,1.835647
2025-10-06 00:00:00+00:00,37.568665,5.904439
2025-10-06 01:00:00+00:00,28.610369,4.510787
2025-10-06 02:00:00+00:00,4.969664,4.1556225
2025-10-06 03:00:00+00:00,355.42615,4.514377
2025-10-06 04:00:00+00:00,319.574,6.384293
2025-10-06 05:00:00+00:00,304.69522,8.53815
2025-10-06 06:00:00+00:00,302.10623,10.837435
2025-10-06 07:00:00+00:00,292.13553,11.465024
2025-10-06 08:00:00+00:00,287.68448,13.036026
2025-10-06 09:00:00+00:00,289.6987,15.486278
2025-10-06 10:00:00+00:00,294.67685,14.658676
2025-10-06 11:00:00+00:00,302.692,14.330079
2025-10-06 12:00:00+00:00,312.04913,12.362475
2025-10-06 13:00:00+00:00,318.81415,9.567131
2025-10-06 14:00:00+00:00,320.79282,8.827344
2025-10-06 15:00:00+00:00,333.43503,7.6473517
2025-10-06 16:00:00+00:00,341.9656,8.139901
2025-10-06 17:00:00+00:00,345.9637,8.905908
2025-10-06 18:00:00+00:00,358.727,8.101999
2025-10-06 19:00:00+00:00,2.4366064,8.467655
2025-10-06 20:00:00+00:00,7.9433913,7.814986
2025-10-06 21:00:00+00:00,9.462261,7.6642804
2025-10-06 22:00:00+00:00,28.495539,7.1684303
2025-10-06 23:00:00+00:00,52.001225,7.3094187
2025-10-07 00:00:00+00:00,46.468742,4.965521
2025-10-07 01:00:00+00:00,44.999897,2.0364676
2025-10-07 02:00:00+00:00,75.96373,4.452954
2025-10-07 03:00:00+00:00,68.74943,3.4763772
2025-10-07 04:00:00+00:00,325.0079,6.59154
2025-10-07 05:00:00+00:00,315.0001,11.45513
2025-10-07 06:00:00+00:00,315.0001,14.255272
2025-10-07 07:00:00+00:00,308.8534,16.641972
2025-10-07 08:00:00+00:00,308.56528,17.035456
2025-10-07 09:00:00+00:00,310.46216,16.08761
2025-10-07 10:00:00+00:00,317.32785,15.668273
2025-10-07 11:00:00+00:00,321.34018,14.98331
2025-10-07 12:00:00+00:00,327.5877,13.432632
2025-10-07 13:00:00+00:00,332.3541,12.801531
2025-10-07 14:00:00+00:00,334.204,11.995349
2025-10-07 15:00:00+00:00,344.05453,11.793777
2025-10-07 16:00:00+00:00,1.1232841,9.181765
2025-10-07 17:00:00+00:00,7.495768,6.898956
2025-10-07 18:00:00+00:00,347.61926,7.555712
2025-10-07 19:00:00+00:00,351.70294,8.731392
2025-10-07 20:00:00+00:00,5.0795207,8.131936
2025-10-07 21:00:00+00:00,23.962492,7.0911775
2025-10-07 22:00:00+00:00,36.86999,6.299999
2025-10-07 23:00:00+00:00,38.157276,6.4096174
2025-10-08 00:00:00+00:00,32.73523,5.991594
2025-10-08 01:00:00+00:00,46.97493,3.693291
2025-10-08 02:00:00+00:00,51.34017,5.7628117
2025-10-08 03:00:00+00:00,46.468742,4.965521
2025-10-08 04:00:00+00:00,357.70944,4.503598
2025-10-08 05:00:00+00:00,311.49637,6.248359
2025-10-08 06:00:00+00:00,289.1791,8.766573
2025-10-08 07:00:00+00:00,282.4074,9.215226
2025-10-08 08:00:00+00:00,277.59454,10.8955765
2025-10-08 09:00:00+00:00,272.77014,11.173057
2025-10-08 10:00:00+00:00,285.52417,6.725354
2025-10-08 11:00:00+00:00,295.94223,7.406295
2025-10-08 12:00:00+00:00,289.72235,10.134496
2025-10-08 13:00:00+00:00,306.52896,6.048107
2025-10-08 14:00:00+00:00,349.21573,3.84796
2025-10-08 15:00:00+00:00,16.699326,3.7585104
2025-10-08 16:00:00+00:00,62.525658,5.072041
2025-10-08 17:00:00+00:00,81.6342,6.1858225
2025-10-08 18:00:00+00:00,60.708733,8.461914
2025-10-08 19:00:00+00:00,74.875946,6.8989563
2025-10-08 20:00:00+00:00,79.824554,7.1321807
2025-10-08 21:00:00+00:00,81.46932,3.6402748
2025-10-08 22:00:00+00:00,72.25524,4.724786
2025-10-08 23:00:00+00:00,63.435013,4.0249224
2025-10-09 00:00:00+00:00,135.0001,4.072935
2025-10-09 01:00:00+00:00,143.47105,6.048107
2025-10-09 02:00:00+00:00,184.08554,5.0528407
2025-10-09 03:00:00+00:00,279.09018,4.5572357
2025-10-09 04:00:00+00:00,252.47433,3.5864744
2025-10-09 05:00:00+00:00,277.59454,5.4477882
2025-10-09 06:00:00+00:00,266.6336,3.0652895
2025-10-09 07:00:00+00:00,257.34744,9.039514
2025-10-09 08:00:00+00:00,257.692,10.132897
2025-10-09 09:00:00+00:00,263.23392,10.694485
2025-10-09 10:00:00+00:00,257.4712,6.638072
2025-10-09 11:00:00+00:00,235.71307,4.7928696
2025-10-09 12:00:00+00:00,220.60121,1.659518
2025-10-09 13:00:00+00:00,90.0,5.5799994
2025-10-09 14:00:00+00:00,92.544754,8.107996
2025-10-09 15:00:00+00:00,78.6901,5.506941
2025-10-09 16:00:00+00:00,81.25392,2.36753
2025-10-09 17:00:00+00:00,180.0,1.4399999
2025-10-09 18:00:00+00:00,296.56497,2.8174455
2025-10-09 19:00:00+00:00,135.0001,0.5091169
2025-10-09 20:00:00+00:00,66.037506,3.5455887
2025-10-09 21:00:00+00:00,68.74943,3.4763772
2025-10-09 22:00:00+00:00,59.03632,5.2478566
2025-10-09 23:00:00+00:00,114.22774,3.9477081
2025-10-10 00:00:00+00:00,68.19853,3.8773184
2025-10-10 01:00:00+00:00,46.39711,5.22
2025-10-10 02:00:00+00:00,40.364468,4.724786
2025-10-10 03:00:00+00:00,48.01287,2.4216523
2025-10-10 04:00:00+00:00,206.56499,0.40249225
2025-10-10 05:00:00+00:00,249.44388,4.613762
2025-10-10 06:00:00+00:00,244.1337,6.601363
2025-10-10 07:00:00+00:00,240.64233,9.913082
2025-10-10 08:00:00+00:00,234.92616,10.337078
2025-10-10 09:00:00+00:00,245.29759,9.906544
2025-10-10 10:00:00+00:00,247.4569,10.32924
2025-10-10 11:00:00+00:00,228.01286,9.686609
2025-10-10 12:00:00+00:00,237.45,10.036512
2025-10-10 13:00:00+00:00,210.0685,3.9518096
2025-10-10 14:00:00+00:00,192.26476,4.2366967
2025-10-10 15:00:00+00:00,146.3099,3.8939953
2025-10-10 16:00:00+00:00,80.53775,6.5693827
2025-10-10 17:00:00+00:00,68.19853,7.754637
2025-10-10 18:00:00+00:00,126.63421,8.748075
2025-10-10 19:00:00+00:00,121.60746,2.7475805
2025-10-10 20:00:00+00:00,92.68372,11.53265
2025-10-10 21:00:00+00:00,86.82024,9.734988
2025-10-10 22:00:00+00:00,73.49557,5.068846
2025-10-10 23:00:00+00:00,62.48809,9.741642
2025-10-11 00:00:00+00:00,33.178535,5.5916004
2025-10-11 01:00:00+00:00,29.054508,5.5596404
2025-10-11 02:00:00+00:00,26.564985,5.634891
2025-10-11 03:00:00+00:00,358.21014,5.7628117
2025-10-11 04:00:00+00:00,356.09958,7.9383874
2025-10-11 05:00:00+00:00,350.8377,5.6521144
2025-10-11 06:00:00+00:00,316.5481,4.7110505
2025-10-11 07:00:00+00:00,304.9921,6.59154
2025-10-11 08:00:00+00:00,285.75125,7.293888
2025-10-11 09:00:00+00:00,272.6425,11.712455
2025-10-11 10:00:00+00:00,282.875,12.9249525
2025-10-11 11:00:00+00:00,296.98016,11.1090765
2025-10-11 12:00:00+00:00,289.9832,8.427383
2025-10-11 13:00:00+00:00,297.8972,6.9247384
2025-10-11 14:00:00+00:00,311.49637,6.248359
2025-10-11 15:00:00+00:00,306.02747,4.8965297
2025-10-11 16:00:00+00:00,323.74606,3.3481934
2025-10-11 17:00:00+00:00,11.888645,3.4949677
2025-10-11 18:00:00+00:00,61.92762,6.12
2025-10-11 19:00:00+00:00,66.80139,4.1125174
2025-10-11 20:00:00+00:00,72.89719,2.4482646
2025-10-11 21:00:00+00:00,26.564985,2.8174455
2025-10-11 22:00:00+00:00,24.227736,3.9477081
2025-10-11 23:00:00+00:00,11.76827,4.412754
2025-10-12 00:00:00+00:00,24.443953,6.5248446
2025-10-12 01:00:00+00:00,53.74608,3.3481934
2025-10-12 02:00:00+00:00,150.2552,1.4512063
2025-10-12 03:00:00+00:00,180.0,1.08
2025-10-12 04:00:00+00:00,210.25635,2.50064
2025-10-12 05:00:00+00:00,228.50363,6.248359
2025-10-12 06:00:00+00:00,231.1155,7.1684303
2025-10-12 07:00:00+00:00,241.14444,10.070353
2025-10-12 08:00:00+00:00,253.0091,13.5515
2025-10-12 09:00:00+00:00,241.1893,16.434305
2025-10-12 10:00:00+00:00,235.0079,13.18308
2025-10-12 11:00:00+00:00,230.57222,10.486448
2025-10-12 12:00:00+00:00,162.89719,4.896529
2025-10-12 13:00:00+00:00,88.21013,11.525623
2025-10-12 14:00:00+00:00,79.919464,8.227004
2025-10-12 15:00:00+00:00,88.15243,5.5829024
2025-10-12 16:00:00+00:00,144.86572,5.9427266
2025-10-12 17:00:00+00:00,129.80553,7.029225
2025-10-12 18:00:00+00:00,141.34016,8.067936
2025-10-12 19:00:00+00:00,95.19434,5.9644947
2025-10-12 20:00:00+00:00,140.7106,7.674842
2025-10-12 21:00:00+00:00,135.0001,5.3457265
2025-10-12 22:00:00+00:00,143.3438,9.648067
2025-10-12 23:00:00+00:00,81.528946,8.553314
2025-10-13 00:00:00+00:00,33.6901,0.6489992
2025-10-13 01:00:00+00:00,50.194473,4.2175345
2025-10-13 02:00:00+00:00,36.86998,5.3999996
2025-10-13 03:00:00+00:00,15.945477,3.9312592
2025-10-13 04:00:00+00:00,334.35904,4.991553
2025-10-13 05:00:00+00:00,304.046,8.037761
2025-10-13 06:00:00+00:00,299.35767,9.913082
2025-10-13 07:00:00+00:00,278.6731,10.742848
2025-10-13 08:00:00+00:00,278.65247,8.37532
2025-10-13 09:00:00+00:00,285.25516,8.209263
2025-10-13 10:00:00+00:00,297.824,7.327127
2025-10-13 11:00:00+00:00,308.65982,6.9153743
2025-10-13 12:00:00+00:00,308.65982,6.9153743
2025-10-13 13:00:00+00:00,335.55606,4.3498964
2025-10-13 14:00:00+00:00,15.255177,6.1569467
2025-10-13 15:00:00+00:00,46.468742,4.965521
2025-10-13 16:00:00+00:00,44.999897,3.3092594
2025-10-13 17:00:00+00:00,66.37061,3.143565
2025-10-13 18:00:00+00:00,95.906044,5.2478566
2025-10-13 19:00:00+00:00,90.0,2.34
2025-10-13 20:00:00+00:00,90.0,1.8
2025-10-13 21:00:00+00:00,59.03632,1.0495713
2025-10-13 22:00:00+00:00,33.6901,1.9469976
2025-10-13 23:00:00+00:00,44.999897,2.0364676
2025-10-14 00:00:00+00:00,35.537766,1.5484185
2025-10-14 01:00:00+00:00,34.9921,2.19718
2025-10-14 02:00:00+00:00,59.743652,2.50064
2025-10-14 03:00:00+00:00,195.94547,1.3104197
2025-10-14 04:00:00+00:00,194.03627,3.710795
2025-10-14 05:00:00+00:00,212.61923,5.3426957
2025-10-14 06:00:00+00:00,224.0609,7.7650757
2025-10-14 07:00:00+00:00,243.9967,8.211235
2025-10-14 08:00:00+00:00,231.84273,6.4096174
2025-10-14 09:00:00+00:00,222.56331,11.975074
2025-10-14 10:00:00+00:00,133.09087,7.6409945
2025-10-14 11:00:00+00:00,167.4712,8.297589
2025-10-14 12:00:00+00:00,169.24908,14.474059
2025-10-14 13:00:00+00:00,157.61983,9.927779
2025-10-14 14:00:00+00:00,132.70937,6.3690495
2025-10-14 15:00:00+00:00,102.5288,8.297589
2025-10-14 16:00:00+00:00,57.652576,6.391901
2025-10-14 17:00:00+00:00,75.52967,5.7628117
2025-10-14 18:00:00+00:00,102.33907,5.896202
2025-10-14 19:00:00+00:00,128.15727,6.4096174
2025-10-14 20:00:00+00:00,65.29759,9.906544
2025-10-14 21:00:00+00:00,87.3975,7.928178
2025-10-14 22:00:00+00:00,82.30404,6.7205353
2025-10-14 23:00:00+00:00,56.309914,5.1919937
2025-10-15 00:00:00+00:00,48.01287,4.8433046
2025-10-15 01:00:00+00:00,57.264786,5.991594
2025-10-15 02:00:00+00:00,56.3099,6.489992
2025-10-15 03:00:00+00:00,48.814175,3.8268526
2025-10-15 04:00:00+00:00,12.528798,3.319036
2025-10-15 05:00:00+00:00,322.76508,5.6521144
2025-10-15 06:00:00+00:00,303.6901,7.1389914
2025-10-15 07:00:00+00:00,292.4428,8.958504
2025-10-15 08:00:00+00:00,288.43503,10.814989
2025-10-15 09:00:00+00:00,304.24908,10.234705
2025-10-15 10:00:00+00:00,304.3804,8.287822
2025-10-15 11:00:00+00:00,319.26797,8.55142
2025-10-15 12:00:00+00:00,332.90454,8.694204
2025-10-15 13:00:00+00:00,10.304792,6.037383
2025-10-15 14:00:00+00:00,57.264786,2.995797
2025-10-15 15:00:00+00:00,90.0,0.54
2025-10-15 16:00:00+00:00,296.56497,0.40249225
2025-10-15 17:00:00+00:00,14.036275,0.742159
2025-10-15 18:00:00+00:00,30.963696,1.0495713
2025-10-15 19:00:00+00:00,27.979382,6.5223618
2025-10-15 20:00:00+00:00,59.349415,5.6492476
2025-10-15 21:00:00+00:00,49.76371,3.0652893
2025-10-15 22:00:00+00:00,20.556128,1.5379207
2025-10-15 23:00:00+00:00,59.03632,1.0495713
2025-10-16 00:00:00+00:00,323.74606,3.3481934
2025-10-16 01:00:00+00:00,28.442837,4.913044
2025-10-16 02:00:00+00:00,94.23632,4.8733153
2025-10-16 03:00:00+00:00,123.6901,3.244996
2025-10-16 04:00:00+00:00,149.34941,5.6492476
2025-10-16 05:00:00+00:00,158.19853,4.846648
2025-10-16 06:00:00+00:00,194.03627,5.937272
2025-10-16 07:00:00+00:00,195.94547,6.5520988
2025-10-16 08:00:00+00:00,209.0545,11.119281
2025-10-16 09:00:00+00:00,209.44533,12.815443
2025-10-16 10:00:00+00:00,171.86998,12.7279215
2025-10-16 11:00:00+00:00,168.27492,9.743305
2025-10-16 12:00:00+00:00,151.92761,6.12
2025-10-16 13:00:00+00:00,173.6599,8.149847
2025-10-16 14:00:00+00:00,188.13002,1.2727921
2025-10-16 15:00:00+00:00,94.76356,2.1674871
2025-10-16 16:00:00+00:00,48.366554,4.3349743
2025-10-16 17:00:00+00:00,86.82024,3.244996
2025-10-16 18:00:00+00:00,24.443953,4.3498964
2025-10-16 19:00:00+00:00,2.385899,4.323748
2025-10-16 20:00:00+00:00,60.802605,7.0107627
2025-10-16 21:00:00+00:00,51.842735,3.2048087
2025-10-16 22:00:00+00:00,68.19853,1.9386592
2025-10-16 23:00:00+00:00,71.564964,2.8460498
2025-10-17 00:00:00+00:00,53.13002,3.6
2025-10-17 01:00:00+00:00,85.23644,4.3349743
2025-10-17 02:00:00+00:00,106.14441,7.1208143
2025-10-17 03:00:00+00:00,133.91916,6.7469993
2025-10-17 04:00:00+00:00,123.17853,5.5916004
2025-10-17 05:00:00+00:00,158.4985,6.384293
2025-10-17 06:00:00+00:00,267.87894,4.8633323
2025-10-17 07:00:00+00:00,252.07199,6.4323244
2025-10-17 08:00:00+00:00,219.98683,7.282774
2025-10-17 09:00:00+00:00,219.80553,7.029225
2025-10-17 10:00:00+00:00,184.23631,9.746631
2025-10-17 11:00:00+00:00,193.0919,7.9465466
2025-10-17 12:00:00+00:00,171.15826,8.197414
2025-10-17 13:00:00+00:00,98.88058,5.8298883
2025-10-17 14:00:00+00:00,113.962494,3.5455887
2025-10-17 15:00:00+00:00,166.50426,4.6277857
2025-10-17 16:00:00+00:00,166.55138,8.513448
2025-10-17 17:00:00+00:00,44.999897,3.0547013
2025-10-17 18:00:00+00:00,93.57626,5.771239
2025-10-17 19:00:00+00:00,130.85529,8.805294
2025-10-17 20:00:00+00:00,147.84773,7.44121
2025-10-17 21:00:00+00:00,108.43504,5.12289
2025-10-17 22:00:00+00:00,110.854546,8.089993
2025-10-17 23:00:00+00:00,153.43501,5.634891
2025-10-18 00:00:00+00:00,139.53786,8.043805
2025-10-18 01:00:00+00:00,116.56499,5.2323985
2025-10-18 02:00:00+00:00,90.0,4.32
2025-10-18 03:00:00+00:00,113.962494,1.7727944
2025-10-18 04:00:00+00:00,68.19853,0.9693296
2025-10-18 05:00:00+00:00,191.30989,7.342588
2025-10-18 06:00:00+00:00,197.10281,7.3447943
2025-10-18 07:00:00+00:00,168.23174,4.412754
2025-10-18 08:00:00+00:00,209.16751,8.863972
2025-10-18 09:00:00+00:00,209.98155,10.805998
2025-10-18 10:00:00+00:00,206.56499,12.47726
2025-10-18 11:00:00+00:00,181.21884,8.461914
2025-10-18 12:00:00+00:00,147.09476,7.289445
2025-10-18 13:00:00+00:00,119.74479,5.8048253
2025-10-18 14:00:00+00:00,130.23628,6.1305785
2025-10-18 15:00:00+00:00,103.73629,8.338489
2025-10-18 16:00:00+00:00,95.7105,7.2359104
2025-10-18 17:00:00+00:00,100.43742,6.9550843
2025-10-18 18:00:00+00:00,50.906155,7.42159
2025-10-18 19:00:00+00:00,81.86999,2.5455842
2025-10-18 20:00:00+00:00,138.01286,4.8433046
2025-10-18 21:00:00+00:00,116.56499,2.4149535
2025-10-18 22:00:00+00:00,66.37061,3.143565
2025-10-18 23:00:00+00:00,80.53775,3.2846913
2025-10-19 00:00:00+00:00,203.6294,3.143565
2025-10-19 01:00:00+00:00,146.3099,1.9469976
2025-10-19 02:00:00+00:00,138.91835,9.313152
2025-10-19 03:00:00+00:00,145.1246,7.2403865
2025-10-19 04:00:00+00:00,131.82008,9.178235
2025-10-19 05:00:00+00:00,128.85338,8.320986
2025-10-19 06:00:00+00:00,151.85849,8.777654
2025-10-19 07:00:00+00:00,164.84589,8.951267
2025-10-19 08:00:00+00:00,203.6294,6.28713
2025-10-19 09:00:00+00:00,228.23979,13.513193
2025-10-19 10:00:00+00:00,217.56866,14.761098
2025-10-19 11:00:00+00:00,204.22774,11.843124
2025-10-19 12:00:00+00:00,206.56499,8.854829
2025-10-19 13:00:00+00:00,162.25523,9.449572
2025-10-19 14:00:00+00:00,102.90741,8.863972
2025-10-19 15:00:00+00:00,123.43989,11.43248
2025-10-19 16:00:00+00:00,115.906456,7.0038276
2025-10-19 17:00:00+00:00,110.55613,7.689603
2025-10-19 18:00:00+00:00,107.10281,7.3447943
2025-10-19 19:00:00+00:00,92.8155,10.993271
2025-10-19 20:00:00+00:00,111.64449,12.20023
2025-10-19 21:00:00+00:00,90.0,9.0
2025-10-19 22:00:00+00:00,79.31514,9.708326
2025-10-19 23:00:00+00:00,103.32455,7.029225
2025-10-20 00:00:00+00:00,95.44024,7.5942073
2025-10-20 01:00:00+00:00,99.72751,6.391901
2025-10-20 02:00:00+00:00,102.80426,4.060985
2025-10-20 03:00:00+00:00,98.13002,2.5455842
2025-10-20 04:00:00+00:00,151.69934,2.657668
2025-10-20 05:00:00+00:00,188.13002,5.0911684
2025-10-20 06:00:00+00:00,237.72438,4.0449967
2025-10-20 07:00:00+00:00,254.87593,6.8989563
2025-10-20 08:00:00+00:00,246.97447,7.823272
2025-10-20 09:00:00+00:00,218.65982,10.373061
2025-10-20 10:00:00+00:00,131.00899,5.48631
2025-10-20 11:00:00+00:00,150.42226,7.6579366
2025-10-20 12:00:00+00:00,104.300316,9.473541
2025-10-20 13:00:00+00:00,122.38066,8.738811
2025-10-20 14:00:00+00:00,114.775116,7.731623
2025-10-20 15:00:00+00:00,103.627014,6.1120534
2025-10-20 16:00:00+00:00,112.24908,4.278551
2025-10-20 17:00:00+00:00,119.98155,5.402999
2025-10-20 18:00:00+00:00,158.96242,2.5071096
2025-10-20 19:00:00+00:00,136.73567,4.2021427
2025-10-20 20:00:00+00:00,156.2505,4.91634
2025-10-20 21:00:00+00:00,130.76352,6.8919086
2025-10-20 22:00:00+00:00,124.07724,7.388775
2025-10-20 23:00:00+00:00,96.340096,6.519877
2025-10-21 00:00:00+00:00,91.78987,5.7628117
2025-10-21 01:00:00+00:00,85.76369,4.8733153
2025-10-21 02:00:00+00:00,100.12462,5.1197267
2025-10-21 03:00:00+00:00,113.198616,4.1125174
2025-10-21 04:00:00+00:00,126.46933,5.1481256
2025-10-21 05:00:00+00:00,142.43134,5.904439
2025-10-21 06:00:00+00:00,145.71307,4.7928696
2025-10-21 07:00:00+00:00,143.74608,3.3481934
2025-10-21 08:00:00+00:00,138.81418,3.8268526
2025-10-21 09:00:00+00:00,154.65387,3.7842832
2025-10-21 10:00:00+00:00,191.30989,4.5891175
2025-10-21 11:00:00+00:00,197.10281,7.3447943
2025-10-21 12:00:00+00:00,154.7989,6.763786
2025-10-21 13:00:00+00:00,157.52052,5.6492476
2025-10-21 14:00:00+00:00,154.8852,6.361415
2025-10-21 15:00:00+00:00,139.63554,4.724786
2025-10-21 16:00:00+00:00,135.88132,8.274128
2025-10-21 17:00:00+00:00,134.09071,8.019601
2025-10-21 18:00:00+00:00,145.9806,8.6867485
2025-10-21 19:00:00+00:00,144.63745,6.8423676
2025-10-21 20:00:00+00:00,114.30454,6.1226463
2025-10-21 21:00:00+00:00,102.99462,4.802999
2025-10-21 22:00:00+00:00,83.48029,6.341009
2025-10-21 23:00:00+00:00,97.69597,6.7205353
2025-10-22 00:00:00+00:00,139.39879,8.297589
2025-10-22 01:00:00+00:00,150.9455,7.4128532
2025-10-22 02:00:00+00:00,148.8776,11.144021
2025-10-22 03:00:00+00:00,160.90642,9.904906
2025-10-22 04:00:00+00:00,148.49579,6.544677
2025-10-22 05:00:00+00:00,176.00917,7.7588143
2025-10-22 06:00:00+00:00,196.9276,8.654986
2025-10-22 07:00:00+00:00,206.56499,6.439876
2025-10-22 08:00:00+00:00,206.56499,14.087229
2025-10-22 09:00:00+00:00,209.53868,12.413477
2025-10-22 10:00:00+00:00,206.09537,19.64228
2025-10-22 11:00:00+00:00,200.48044,15.94804
2025-10-22 12:00:00+00:00,188.90164,15.122143
2025-10-22 13:00:00+00:00,189.96375,13.523978
2025-10-22 14:00:00+00:00,180.7073,14.581113
2025-10-22 15:00:00+00:00,148.8776,11.144021
2025-10-22 16:00:00+00:00,165.52966,11.525623
2025-10-22 17:00:00+00:00,143.13002,11.7
2025-10-22 18:00:00+00:00,162.64589,12.0694
2025-10-22 19:00:00+00:00,180.98773,10.441552
2025-10-22 20:00:00+00:00,140.90616,7.42159
2025-10-22 21:00:00+00:00,198.43504,5.12289
2025-10-22 22:00:00+00:00,180.0,8.459999
2025-10-22 23:00:00+00:00,173.23392,10.694485
2025-10-23 00:00:00+00:00,150.25522,10.158444
2025-10-23 01:00:00+00:00,130.06073,10.348043
2025-10-23 02:00:00+00:00,111.99118,10.094454
2025-10-23 03:00:00+00:00,131.69804,13.259049
2025-10-23 04:00:00+00:00,138.90059,11.226575
2025-10-23 05:00:00+00:00,153.09398,13.523978
2025-10-23 06:00:00+00:00,173.24652,13.775586
2025-10-23 07:00:00+00:00,180.0,14.58
2025-10-23 08:00:00+00:00,174.24184,21.528631
2025-10-23 09:00:00+00:00,174.2895,18.089775
2025-10-23 10:00:00+00:00,171.09836,15.122143
2025-10-23 11:00:00+00:00,178.43068,13.14493
2025-10-23 12:00:00+00:00,168.17854,7.9077177
2025-10-23 13:00:00+00:00,162.07199,6.4323244
2025-10-23 14:00:00+00:00,113.38525,7.256032
2025-10-23 15:00:00+00:00,115.67677,10.385547
2025-10-23 16:00:00+00:00,185.52745,11.212135
2025-10-23 17:00:00+00:00,146.04091,10.63372
2025-10-23 18:00:00+00:00,180.0,8.64
2025-10-23 19:00:00+00:00,146.97614,4.293669
2025-10-23 20:00:00+00:00,120.61853,10.248941
2025-10-23 21:00:00+00:00,138.57643,12.242646
2025-10-23 22:00:00+00:00,136.77144,12.351987
2025-10-23 23:00:00+00:00,129.80553,11.246759
2025-10-24 00:00:00+00:00,119.21915,12.16832
2025-10-24 01:00:00+00:00,128.53021,12.425216
2025-10-24 02:00:00+00:00,149.26459,15.496736
2025-10-24 03:00:00+00:00,153.43501,8.452336
2025-10-24 04:00:00+00:00,180.0,9.0
2025-10-24 05:00:00+00:00,213.4763,13.379461
2025-10-24 06:00:00+00:00,180.0,6.4799995
2025-10-24 07:00:00+00:00,137.86247,5.0975285
2025-10-24 08:00:00+00:00,157.01126,6.452441
2025-10-24 09:00:00+00:00,183.69131,5.5916004
2025-10-24 10:00:00+00:00,165.96373,6.6794305
2025-10-24 11:00:00+00:00,154.8852,6.361415
2025-10-24 12:00:00+00:00,142.43134,5.904439
2025-10-24 13:00:00+00:00,83.34567,10.873252
2025-10-24 14:00:00+00:00,106.29412,12.189602
2025-10-24 15:00:00+00:00,115.906456,7.0038276
2025-10-24 16:00:00+00:00,180.0,10.440001
2025-10-24 17:00:00+00:00,147.3391,8.338489
2025-10-24 18:00:00+00:00,117.89718,6.9247384
2025-10-24 19:00:00+00:00,117.69938,8.131936
2025-10-24 20:00:00+00:00,109.50254,9.165871
2025-10-24 21:00:00+00:00,108.43504,6.830519
2025-10-24 22:00:00+00:00,119.57774,7.6579366
2025-10-24 23:00:00+00:00,136.12321,6.4924874
2025-10-25 00:00:00+00:00,125.16652,9.688281
2025-10-25 01:00:00+00:00,114.51963,11.276967
2025-10-25 02:00:00+00:00,142.04572,11.414043
2025-10-25 03:00:00+00:00,126.430954,9.396275
2025-10-25 04:00:00+00:00,156.19405,6.689125
2025-10-25 05:00:00+00:00,169.8754,5.1197267
2025-10-25 06:00:00+00:00,154.35904,4.991553
2025-10-25 07:00:00+00:00,212.39983,11.08572
2025-10-25 08:00:00+00:00,214.24908,10.234705
2025-10-25 09:00:00+00:00,223.3317,13.115319
2025-10-25 10:00:00+00:00,223.66785,10.948973
2025-10-25 11:00:00+00:00,217.56866,8.856658
2025-10-25 12:00:00+00:00,209.3099,11.7662735
2025-10-25 13:00:00+00:00,200.55612,7.689603
2025-10-25 14:00:00+00:00,188.74608,4.73506
2025-10-25 15:00:00+00:00,160.82089,4.3832865
2025-10-25 16:00:00+00:00,135.0001,4.072935
2025-10-25 17:00:00+00:00,108.43504,6.2613096
2025-10-25 18:00:00+00:00,107.818985,5.2939587
2025-10-25 19:00:00+00:00,95.19434,5.9644947
2025-10-25 20:00:00+00:00,90.0,7.2
2025-10-25 21:00:00+00:00,97.76508,7.9932976
2025-10-25 22:00:00+00:00,108.00426,7.570707
2025-10-25 23:00:00+00:00,121.218346,6.945761
2025-10-26 00:00:00+00:00,118.495544,7.1684303
2025-10-26 01:00:00+00:00,139.08571,7.145796
2025-10-26 02:00:00+00:00,132.76881,9.807935
2025-10-26 03:00:00+00:00,143.13002,9.0
2025-10-26 04:00:00+00:00,169.46088,7.8728137
2025-10-26 05:00:00+00:00,202.6199,9.360001
2025-10-26 06:00:00+00:00,215.16652,9.688281
2025-10-26 07:00:00+00:00,222.87889,10.316686
2025-10-26 08:00:00+00:00,228.73149,11.734564
2025-10-26 09:00:00+00:00,224.9999,11.45513
2025-10-26 10:00:00+00:00,227.23119,9.807935
2025-10-26 11:00:00+00:00,225.64366,11.328566
2025-10-26 12:00:00+00:00,199.0578,10.474082
2025-10-26 13:00:00+00:00,193.24052,9.430694
2025-10-26 14:00:00+00:00,199.50253,9.165871
2025-10-26 15:00:00+00:00,198.10385,9.847496
2025-10-26 16:00:00+00:00,195.35019,9.5196
2025-10-26 17:00:00+00:00,205.60214,9.580668
2025-10-26 18:00:00+00:00,205.27768,7.16617
2025-10-26 19:00:00+00:00,180.0,4.14
2025-10-26 20:00:00+00:00,156.2505,4.91634
2025-10-26 21:00:00+00:00,153.43501,3.219938
2025-10-26 22:00:00+00:00,47.72637,2.6758924
2025-10-26 23:00:00+00:00,285.52417,3.362677
2025-10-27 00:00:00+00:00,279.46225,12.043869
2025-10-27 01:00:00+00:00,115.01687,2.97953
2025-10-27 02:00:00+00:00,10.304792,4.0249224
2025-10-27 03:00:00+00:00,82.14678,5.2694216
2025-10-27 04:00:00+00:00,57.99466,6.792466
2025-10-27 05:00:00+00:00,360.0,1.98
2025-10-27 06:00:00+00:00,18.435053,3.9844694
2025-10-27 07:00:00+00:00,54.293217,7.0934615
2025-10-27 08:00:00+00:00,53.3658,8.748075
2025-10-27 09:00:00+00:00,81.02746,6.924738
2025-10-27 10:00:00+00:00,80.53775,2.1897945
2025-10-27 11:00:00+00:00,32.38066,8.738811
2025-10-27 12:00:00+00:00,354.80566,1.9881649
2025-10-27 13:00:00+00:00,46.636536,4.4565907
2025-10-27 14:00:00+00:00,67.61982,3.3092597
2025-10-27 15:00:00+00:00,50.710617,2.5582807
2025-10-27 16:00:00+00:00,41.185837,1.9134263
2025-10-27 17:00:00+00:00,36.86999,1.8
2025-10-27 18:00:00+00:00,42.878906,6.8777895
2025-10-27 19:00:00+00:00,88.4089,6.482499
2025-10-27 20:00:00+00:00,109.09359,4.952453
2025-10-27 21:00:00+00:00,265.23645,2.1674871
2025-10-27 22:00:00+00:00,308.8845,7.1684303
2025-10-27 23:00:00+00:00,299.27515,13.619471
2025-10-28 00:00:00+00:00,213.6901,3.8939953
2025-10-28 01:00:00+00:00,144.16226,3.9966483
2025-10-28 02:00:00+00:00,125.36255,6.8423676
2025-10-28 03:00:00+00:00,341.56494,3.4152596
2025-10-28 04:00:00+00:00,304.74326,13.581354
2025-10-28 05:00:00+00:00,317.6026,5.6060677
2025-10-28 06:00:00+00:00,187.49576,6.898956
2025-10-28 07:00:00+00:00,276.11542,5.0688457
2025-10-28 08:00:00+00:00,57.99466,6.792466
2025-10-28 09:00:00+00:00,53.13002,9.0
2025-10-28 10:00:00+00:00,26.564985,6.439876
2025-10-28 11:00:00+00:00,2.2025495,4.6834598
2025-10-28 12:00:00+00:00,264.2895,14.471821
2025-10-28 13:00:00+00:00,270.0,11.7
2025-10-28 14:00:00+00:00,276.42865,12.860871
2025-10-28 15:00:00+00:00,288.06055,8.709098
2025-10-28 16:00:00+00:00,292.30624,7.587806
2025-10-28 17:00:00+00:00,331.38962,4.510787
2025-10-28 18:00:00+00:00,270.0,11.7
2025-10-28 19:00:00+00:00,233.97253,2.4482648
2025-10-28 20:00:00+00:00,254.05453,3.9312592
2025-10-28 21:00:00+00:00,249.44386,3.0758414
2025-10-28 22:00:00+00:00,96.70974,3.0811036
2025-10-28 23:00:00+00:00,1.4687687,7.0223074
2025-10-29 00:00:00+00:00,300.96368,1.0495713
2025-10-29 01:00:00+00:00,104.03627,7.42159
2025-10-29 02:00:00+00:00,18.435053,0.56920993
2025-10-29 03:00:00+00:00,90.0,4.14
2025-10-29 04:00:00+00:00,142.59457,3.8521678
2025-10-29 05:00:00+00:00,238.73633,5.896202
2025-10-29 06:00:00+00:00,256.34955,12.966248
2025-10-29 07:00:00+00:00,247.0362,11.534054
2025-10-29 08:00:00+00:00,248.66307,12.367716
2025-10-29 09:00:00+00:00,256.75946,15.717823
2025-10-29 10:00:00+00:00,259.9921,15.536408
2025-10-29 11:00:00+00:00,262.69434,14.154915
2025-10-29 12:00:00+00:00,300.25635,7.5019197
2025-10-29 13:00:00+00:00,291.80148,0.9693296
2025-10-29 14:00:00+00:00,135.0001,0.25455844
2025-10-29 15:00:00+00:00,80.909805,4.5572357
2025-10-29 16:00:00+00:00,84.17376,8.865799
2025-10-29 17:00:00+00:00,76.908104,7.9465466
2025-10-29 18:00:00+00:00,90.0,8.64
2025-10-29 19:00:00+00:00,87.70944,9.007196
2025-10-29 20:00:00+00:00,91.273,8.101999
2025-10-29 21:00:00+00:00,95.44024,7.5942073
2025-10-29 22:00:00+00:00,88.60285,7.3821945
2025-10-29 23:00:00+00:00,88.60285,7.3821945
2025-10-30 00:00:00+00:00,79.99209,6.2145634
2025-10-30 01:00:00+00:00,90.0,7.02
2025-10-30 02:00:00+00:00,82.30404,6.7205353
2025-10-30 03:00:00+00:00,94.89901,6.3231
2025-10-30 04:00:00+00:00,135.0001,3.0547013
2025-10-30 05:00:00+00:00,254.93146,4.8466477
2025-10-30 06:00:00+00:00,293.1986,4.1125174
2025-10-30 07:00:00+00:00,277.69595,6.7205353
2025-10-30 08:00:00+00:00,273.814,8.11798
2025-10-30 09:00:00+00:00,268.75467,8.281956
2025-10-30 10:00:00+00:00,266.26868,8.297589
2025-10-30 11:00:00+00:00,264.55975,7.5942073
2025-10-30 12:00:00+00:00,278.42688,4.913044
2025-10-30 13:00:00+00:00,270.0,3.2399998
2025-10-30 14:00:00+00:00,284.03625,1.484318
2025-10-30 15:00:00+00:00,341.56494,0.56920993
2025-10-30 16:00:00+00:00,71.564964,0.56920993
2025-10-30 17:00:00+00:00,75.068535,2.7943513
2025-10-30 18:00:00+00:00,95.52745,5.6060677
2025-10-30 19:00:00+00:00,88.264336,5.9427266
2025-10-30 20:00:00+00:00,90.0,4.32
2025-10-30 21:00:00+00:00,90.0,3.4199998
2025-10-30 22:00:00+00:00,90.0,3.6
2025-10-30 23:00:00+00:00,85.42616,4.514377
2025-10-31 00:00:00+00:00,81.86999,6.3639607
2025-10-31 01:00:00+00:00,84.093956,5.2478566
2025-10-31 02:00:00+00:00,63.435013,4.0249224
2025-10-31 03:00:00+00:00,68.74943,3.4763772
2025-10-31 04:00:00+00:00,36.86999,0.9
2025-10-31 05:00:00+00:00,294.22772,3.9477081
2025-10-31 06:00:00+00:00,296.56497,5.634891
2025-10-31 07:00:00+00:00,286.8215,8.085988
2025-10-31 08:00:00+00:00,280.92276,10.449306
2025-10-31 09:00:00+00:00,273.9451,10.464798
2025-10-31 10:00:00+00:00,272.00952,10.266314
2025-10-31 11:00:00+00:00,276.11542,10.1376915
2025-10-31 12:00:00+00:00,290.69553,8.65873
2025-10-31 13:00:00+00:00,293.9625,7.0911775
2025-10-31 14:00:00+00:00,299.98157,5.402999
2025-10-31 15:00:00+00:00,306.02747,4.8965297
2025-10-31 16:00:00+00:00,306.46933,5.1481256
2025-10-31 17:00:00+00:00,320.7106,5.1165614
2025-10-31 18:00:00+00:00,318.1799,4.5891175
2025-10-31 19:00:00+00:00,345.25638,3.536439
2025-10-31 20:00:00+00:00,22.380184,3.3092597
2025-10-31 21:00:00+00:00,44.999897,4.3274937
2025-10-31 22:00:00+00:00,57.99466,5.09435
2025-10-31 23:00:00+00:00,67.24899,6.050785
2025-11-01 00:00:00+00:00,79.69521,8.049845
2025-11-01 01:00:00+00:00,71.564964,7.3997297
2025-11-01 02:00:00+00:00,65.55606,6.5248446
2025-11-01 03:00:00+00:00,59.420856,4.599695
2025-11-01 04:00:00+00:00,8.97255,3.462369
2025-11-01 05:00:00+00:00,307.47626,6.804381
2025-11-01 06:00:00+00:00,316.8476,7.8954163
2025-11-01 07:00:00+00:00,303.42484,10.783486
2025-11-01 08:00:00+00:00,291.5015,12.768586
2025-11-01 09:00:00+00:00,286.55716,13.896187
2025-11-01 10:00:00+00:00,293.2946,14.1102085
2025-11-01 11:00:00+00:00,298.30066,13.288341
2025-11-01 12:00:00+00:00,297.95087,9.984729
2025-11-01 13:00:00+00:00,299.57773,7.6579366
2025-11-01 14:00:00+00:00,306.86996,8.099999
2025-11-01 15:00:00+00:00,306.25394,6.696387
2025-11-01 16:00:00+00:00,302.90524,7.289445
2025-11-01 17:00:00+00:00,312.08908,7.519175
2025-11-01 18:00:00+00:00,312.7974,6.623413
2025-11-01 19:00:00+00:00,325.30478,5.692099
2025-11-01 20:00:00+00:00,351.57312,4.913044
2025-11-01 21:00:00+00:00,14.036275,5.195113
2025-11-01 22:00:00+00:00,26.564985,6.037383
2025-11-01 23:00:00+00:00,42.797382,6.623413
2025-11-02 00:00:00+00:00,69.27436,7.120815
2025-11-02 01:00:00+00:00,81.6342,6.1858225
2025-11-02 02:00:00+00:00,79.99209,6.2145634
2025-11-02 03:00:00+00:00,64.79892,6.763786
2025-11-02 04:00:00+00:00,48.01287,4.8433046
2025-11-02 05:00:00+00:00,321.1466,8.320986
2025-11-02 06:00:00+00:00,311.98712,9.686609
2025-11-02 07:00:00+00:00,303.94363,11.282711
2025-11-02 08:00:00+00:00,297.8972,13.849477
2025-11-02 09:00:00+00:00,300.96368,14.693999
2025-11-02 10:00:00+00:00,307.9422,13.466357
2025-11-02 11:00:00+00:00,313.7812,11.966954
2025-11-02 12:00:00+00:00,321.91116,8.461915
2025-11-02 13:00:00+00:00,337.3801,7.0199995
2025-11-02 14:00:00+00:00,335.55606,6.5248446
2025-11-02 15:00:00+00:00,354.4279,7.415038
2025-11-02 16:00:00+00:00,29.577742,7.6579366
2025-11-02 17:00:00+00:00,44.999897,7.6367526
2025-11-02 18:00:00+00:00,40.236294,6.1305785
2025-11-02 19:00:00+00:00,51.34017,6.9153743
2025-11-02 20:00:00+00:00,57.724377,8.0899935
2025-11-02 21:00:00+00:00,63.435013,9.659814
2025-11-02 22:00:00+00:00,70.8209,8.766573
2025-11-02 23:00:00+00:00,67.93205,7.186487
2025-11-03 00:00:00+00:00,64.8852,6.361415
2025-11-03 01:00:00+00:00,61.821507,5.7176566
2025-11-03 02:00:00+00:00,48.366554,6.502461
2025-11-03 03:00:00+00:00,50.194473,5.6233797
2025-11-03 04:00:00+00:00,33.111355,4.942631
2025-11-03 05:00:00+00:00,318.12222,7.0107627
2025-11-03 06:00:00+00:00,309.22565,11.385622
2025-11-03 07:00:00+00:00,297.27667,12.96125
2025-11-03 08:00:00+00:00,302.15228,14.88242
2025-11-03 09:00:00+00:00,299.22797,17.325874
2025-11-03 10:00:00+00:00,299.22797,17.325874
2025-11-03 11:00:00+00:00,299.8988,16.610792
2025-11-03 12:00:00+00:00,310.91428,14.291592
2025-11-03 13:00:00+00:00,313.89838,13.239486
2025-11-03 14:00:00+00:00,316.88815,11.5887
2025-11-03 15:00:00+00:00,323.53067,10.296251
2025-11-03 16:00:00+00:00,325.4914,10.484903
2025-11-03 17:00:00+00:00,331.0491,9.668195
2025-11-03 18:00:00+00:00,319.28925,10.210936
2025-11-03 19:00:00+00:00,307.87503,8.209263
2025-11-03 20:00:00+00:00,304.69522,8.53815
2025-11-03 21:00:00+00:00,316.04153,7.001514
2025-11-03 22:00:00+00:00,334.05774,7.406295
2025-11-03 23:00:00+00:00,3.3664,6.130579
2025-11-04 00:00:00+00:00,334.1337,6.601363
2025-11-04 01:00:00+00:00,341.1752,8.36758
2025-11-04 02:00:00+00:00,3.5762644,8.656858
2025-11-04 03:00:00+00:00,18.853252,7.7983837
2025-11-04 04:00:00+00:00,6.3401003,6.519877
2025-11-04 05:00:00+00:00,327.84772,7.44121
2025-11-04 06:00:00+00:00,315.0001,7.891311
2025-11-04 07:00:00+00:00,295.64096,9.983106
2025-11-04 08:00:00+00:00,296.1615,11.431062
2025-11-04 09:00:00+00:00,307.6943,15.013554
2025-11-04 10:00:00+00:00,305.9422,17.786331
2025-11-04 11:00:00+00:00,308.75165,17.54146
2025-11-04 12:00:00+00:00,303.6901,13.6289835
2025-11-04 13:00:00+00:00,309.69904,12.399113
2025-11-04 14:00:00+00:00,311.56625,12.750811
2025-11-04 15:00:00+00:00,314.4328,12.855831
2025-11-04 16:00:00+00:00,326.6336,8.836514
2025-11-04 17:00:00+00:00,333.43503,4.4274144
2025-11-04 18:00:00+00:00,346.60748,3.8856654
2025-11-04 19:00:00+00:00,26.564985,4.0249224
2025-11-04 20:00:00+00:00,54.688713,5.293959
2025-11-04 21:00:00+00:00,307.87503,2.0523157
2025-11-04 22:00:00+00:00,16.699326,3.7585104
2025-11-04 23:00:00+00:00,305.53775,3.096837
2025-11-05 00:00:00+00:00,75.96373,2.226477
2025-11-05 01:00:00+00:00,74.054535,2.6208394
2025-11-05 02:00:00+00:00,82.875084,2.9024127
2025-11-05 03:00:00+00:00,360.0,1.08
2025-11-05 04:00:00+00:00,304.9921,4.39436
2025-11-05 05:00:00+00:00,300.51016,11.7
2025-11-05 06:00:00+00:00,287.57135,11.328566
2025-11-05 07:00:00+00:00,286.6993,13.154786
2025-11-05 08:00:00+00:00,299.81998,17.012617
2025-11-05 09:00:00+00:00,303.54614,19.869423
2025-11-05 10:00:00+00:00,308.74597,18.694021
2025-11-05 11:00:00+00:00,311.7754,18.102308
2025-11-05 12:00:00+00:00,312.27362,16.055355
2025-11-05 13:00:00+00:00,317.95087,12.362475
2025-11-05 14:00:00+00:00,323.32556,10.548061
2025-11-05 15:00:00+00:00,332.928,9.096681
2025-11-05 16:00:00+00:00,335.77228,7.8954163
2025-11-05 17:00:00+00:00,340.14468,6.889557
2025-11-05 18:00:00+00:00,332.90454,8.694204
2025-11-05 19:00:00+00:00,322.4958,9.7565975
2025-11-05 20:00:00+00:00,319.63553,9.449572
2025-11-05 21:00:00+00:00,331.9909,9.582358
2025-11-05 22:00:00+00:00,338.74942,6.9527545
2025-11-05 23:00:00+00:00,356.42374,5.771239
2025-11-06 00:00:00+00:00,342.03076,7.0015144
2025-11-06 01:00:00+00:00,353.21112,7.613382
2025-11-06 02:00:00+00:00,7.12493,7.256032
2025-11-06 03:00:00+00:00,12.094739,7.731622
2025-11-06 04:00:00+00:00,2.8623457,7.208994
2025-11-06 05:00:00+00:00,339.59003,8.2584505
2025-11-06 06:00:00+00:00,309.3693,9.080639
2025-11-06 07:00:00+00:00,292.8737,12.5032
2025-11-06 08:00:00+00:00,294.56717,13.854155
2025-11-06 09:00:00+00:00,300.25635,15.0038395
2025-11-06 10:00:00+00:00,299.659,14.913952
2025-11-06 11:00:00+00:00,302.3073,14.481893
2025-11-06 12:00:00+00:00,306.02747,12.241323
2025-11-06 13:00:00+00:00,316.5481,9.422101
2025-11-06 14:00:00+00:00,327.84772,7.44121
2025-11-06 15:00:00+00:00,337.01126,6.452441
2025-11-06 16:00:00+00:00,1.4320632,7.2022495
2025-11-06 17:00:00+00:00,32.82854,6.6405115
2025-11-06 18:00:00+00:00,64.133705,6.601363
2025-11-06 19:00:00+00:00,61.92762,6.12
2025-11-06 20:00:00+00:00,71.564964,5.12289
2025-11-06 21:00:00+00:00,75.96373,5.195113
2025-11-06 22:00:00+00:00,74.054535,5.2416787
2025-11-06 23:00:00+00:00,81.25392,4.73506
2025-11-07 00:00:00+00:00,51.072456,6.015878
2025-11-07 01:00:00+00:00,69.62349,6.7205353
2025-11-07 02:00:00+00:00,65.85446,5.7204895
2025-11-07 03:00:00+00:00,53.84173,5.796447
2025-11-07 04:00:00+00:00,337.3801,7.0199995
2025-11-07 05:00:00+00:00,314.3098,10.564941
2025-11-07 06:00:00+00:00,309.90784,12.906138
2025-11-07 07:00:00+00:00,307.01074,14.652045
2025-11-07 08:00:00+00:00,306.11945,16.489416
2025-11-07 09:00:00+00:00,304.73492,16.427402
2025-11-07 10:00:00+00:00,304.21576,16.325514
2025-11-07 11:00:00+00:00,310.67484,15.189484
2025-11-07 12:00:00+00:00,316.1934,12.221457
2025-11-07 13:00:00+00:00,327.99466,11.886816
2025-11-07 14:00:00+00:00,328.39255,10.990322
2025-11-07 15:00:00+00:00,329.38147,10.248941
2025-11-07 16:00:00+00:00,341.22186,9.505977
2025-11-07 17:00:00+00:00,346.82742,8.688613
2025-11-07 18:00:00+00:00,6.0089183,6.87779
2025-11-07 19:00:00+00:00,21.161337,5.9834766
2025-11-07 20:00:00+00:00,28.178495,5.7176566
2025-11-07 21:00:00+00:00,34.82457,5.0432134
2025-11-07 22:00:00+00:00,28.30066,5.315336
2025-11-07 23:00:00+00:00,26.564985,4.4274144
2025-11-08 00:00:00+00:00,41.63345,6.502461
2025-11-08 01:00:00+00:00,44.999897,5.6002855
2025-11-08 02:00:00+00:00,42.397392,5.6060677
2025-11-08 03:00:00+00:00,346.90808,7.9465466
2025-11-08 04:00:00+00:00,329.03632,8.39657
2025-11-08 05:00:00+00:00,315.0001,9.92778
2025-11-08 06:00:00+00:00,306.09836,10.692969
2025-11-08 07:00:00+00:00,303.05582,13.529966
2025-11-08 08:00:00+00:00,304.06094,15.426535
2025-11-08 09:00:00+00:00,301.2826,16.63905
2025-11-08 10:00:00+00:00,300.8608,17.194475
2025-11-08 11:00:00+00:00,307.49274,16.560978
2025-11-08 12:00:00+00:00,322.0578,13.466357
2025-11-08 13:00:00+00:00,324.11777,10.441551
2025-11-08 14:00:00+00:00,338.58694,9.860649
2025-11-08 15:00:00+00:00,357.33707,7.748368
2025-11-08 16:00:00+00:00,354.2895,3.6179552
2025-11-08 17:00:00+00:00,14.036275,1.484318
2025-11-08 18:00:00+00:00,325.4914,6.989936
2025-11-08 19:00:00+00:00,35.217674,3.745557
2025-11-08 20:00:00+00:00,66.801384,5.4833565
2025-11-08 21:00:00+00:00,99.46225,1.0948973
2025-11-08 22:00:00+00:00,90.0,2.52
2025-11-08 23:00:00+00:00,87.95464,5.0432134
2025-11-09 00:00:00+00:00,104.743614,3.536439
2025-11-09 01:00:00+00:00,360.0,0.17999999
2025-11-09 02:00:00+00:00,90.0,2.34
2025-11-09 03:00:00+00:00,191.30989,0.9178235
2025-11-09 04:00:00+00:00,315.0001,2.2910259
2025-11-09 05:00:00+00:00,302.47116,2.3469129
2025-11-09 06:00:00+00:00,244.98314,2.97953
2025-11-09 07:00:00+00:00,248.6293,4.445672
2025-11-09 08:00:00+00:00,234.60512,8.39078
2025-11-09 09:00:00+00:00,220.81499,10.464797
2025-11-09 10:00:00+00:00,229.89915,8.942214
2025-11-09 11:00:00+00:00,217.11694,8.3520775
2025-11-09 12:00:00+00:00,147.61934,8.738811
2025-11-09 13:00:00+00:00,128.08882,8.461915
2025-11-09 14:00:00+00:00,145.88548,6.7397914
2025-11-09 15:00:00+00:00,160.64091,7.0591216
2025-11-09 16:00:00+00:00,153.43501,6.037383
2025-11-09 17:00:00+00:00,141.34016,5.7628117
2025-11-09 18:00:00+00:00,135.0001,6.3639607
2025-11-09 19:00:00+00:00,131.00899,5.48631
2025-11-09 20:00:00+00:00,94.76356,2.1674871
2025-11-09 21:00:00+00:00,36.86999,0.9
2025-11-09 22:00:00+00:00,136.46873,4.965521
2025-11-09 23:00:00+00:00,93.945114,5.232399
2025-11-10 00:00:00+00:00,119.74479,7.256032
2025-11-10 01:00:00+00:00,118.30067,7.973005
2025-11-10 02:00:00+00:00,107.52566,7.172949
2025-11-10 03:00:00+00:00,115.46331,8.373386
2025-11-10 04:00:00+00:00,123.6901,3.8939953
2025-11-10 05:00:00+00:00,170.13426,4.2021422
2025-11-10 06:00:00+00:00,221.18582,5.7402787
2025-11-10 07:00:00+00:00,231.84273,6.4096174
2025-11-10 08:00:00+00:00,242.74475,6.6818557
2025-11-10 09:00:00+00:00,229.63554,4.724786
2025-11-10 10:00:00+00:00,181.84756,5.5829024
2025-11-10 11:00:00+00:00,152.10283,6.9247384
2025-11-10 12:00:00+00:00,122.27562,4.0449967
2025-11-10 13:00:00+00:00,123.690094,2.5959969
2025-11-10 14:00:00+00:00,143.13002,2.6999998
2025-11-10 15:00:00+00:00,90.0,2.34
2025-11-10 16:00:00+00:00,93.17977,3.244996
2025-11-10 17:00:00+00:00,125.311295,5.293959
2025-11-10 18:00:00+00:00,72.89719,7.3447943
2025-11-10 19:00:00+00:00,81.46932,7.2805495
2025-11-10 20:00:00+00:00,70.640915,7.0591216
2025-11-10 21:00:00+00:00,70.559875,6.489992
2025-11-10 22:00:00+00:00,265.60138,2.3469126
2025-11-10 23:00:00+00:00,22.833694,7.42159
2025-11-11 00:00:00+00:00,357.6141,8.647496
2025-11-11 01:00:00+00:00,41.49638,6.248359
2025-11-11 02:00:00+00:00,29.427368,8.0599
2025-11-11 03:00:00+00:00,59.03632,5.2478566
2025-11-11 04:00:00+00:00,50.52757,3.9640884
2025-11-11 05:00:00+00:00,300.96368,4.198285
2025-11-11 06:00:00+00:00,296.05344,9.016185
2025-11-11 07:00:00+00:00,289.53674,11.841756
2025-11-11 08:00:00+00:00,290.04532,14.178928
2025-11-11 09:00:00+00:00,289.6042,13.948548
2025-11-11 10:00:00+00:00,293.49857,9.028754
2025-11-11 11:00:00+00:00,305.2725,9.039514
2025-11-11 12:00:00+00:00,332.24155,7.729527
2025-11-11 13:00:00+00:00,7.12493,4.353619
2025-11-11 14:00:00+00:00,35.75398,5.5450516
2025-11-11 15:00:00+00:00,88.56794,7.2022495
2025-11-11 16:00:00+00:00,101.59215,7.1661706
2025-11-11 17:00:00+00:00,107.92801,6.4323244
2025-11-11 18:00:00+00:00,118.61037,6.76618
2025-11-11 19:00:00+00:00,72.18102,5.2939587
2025-11-11 20:00:00+00:00,59.03632,5.2478566
2025-11-11 21:00:00+00:00,62.59251,5.4744864
2025-11-11 22:00:00+00:00,56.3099,3.8939953
2025-11-11 23:00:00+00:00,66.2505,4.91634
2025-11-12 00:00:00+00:00,39.805527,2.8116899
2025-11-12 01:00:00+00:00,43.152412,3.9477081
2025-11-12 02:00:00+00:00,43.53127,4.965521
2025-11-12 03:00:00+00:00,34.3804,4.143911
2025-11-12 04:00:00+00:00,343.8107,5.8104043
2025-11-12 05:00:00+00:00,314.0907,8.019601
2025-11-12 06:00:00+00:00,306.02747,9.793059
2025-11-12 07:00:00+00:00,299.21915,12.16832
2025-11-12 08:00:00+00:00,301.56177,14.787414
2025-11-12 09:00:00+00:00,293.8865,13.78029
2025-11-12 10:00:00+00:00,290.55612,13.841286
2025-11-12 11:00:00+00:00,294.36243,10.472536
2025-11-12 12:00:00+00:00,309.28937,10.233123
2025-11-12 13:00:00+00:00,331.69934,5.315336
2025-11-12 14:00:00+00:00,28.610369,2.2553935
2025-11-12 15:00:00+00:00,32.905247,3.6447225
2025-11-12 16:00:00+00:00,71.564964,4.5536795
2025-11-12 17:00:00+00:00,84.093956,5.2478566
2025-11-12 18:00:00+00:00,266.0549,5.232399
2025-11-12 19:00:00+00:00,195.94547,1.3104197
2025-11-12 20:00:00+00:00,44.999897,0.25455844
2025-11-12 21:00:00+00:00,75.96373,0.742159
2025-11-12 22:00:00+00:00,90.0,0.54
2025-11-12 23:00:00+00:00,84.2895,1.8089776
2025-11-13 00:00:00+00:00,33.023872,4.293669
2025-11-13 01:00:00+00:00,48.814175,3.8268526
2025-11-13 02:00:00+00:00,37.405437,3.8521678
2025-11-13 03:00:00+00:00,38.65983,3.4576871
2025-11-13 04:00:00+00:00,326.3099,1.2979984
2025-11-13 05:00:00+00:00,264.80566,3.9763298
2025-11-13 06:00:00+00:00,253.49556,5.068846
2025-11-13 07:00:00+00:00,267.6141,8.647496
2025-11-13 08:00:00+00:00,272.20255,9.3669195
2025-11-13 09:00:00+00:00,268.80655,8.641874
2025-11-13 10:00:00+00:00,244.17906,12.397806
2025-11-13 11:00:00+00:00,237.99466,10.1887
2025-11-13 12:00:00+00:00,163.49556,5.068846
2025-11-13 13:00:00+00:00,115.76928,5.7964473
2025-11-13 14:00:00+00:00,115.20109,6.763786
2025-11-13 15:00:00+00:00,125.13428,5.9427266
2025-11-13 16:00:00+00:00,133.02507,3.693291
2025-11-13 17:00:00+00:00,107.10281,2.4482646
2025-11-13 18:00:00+00:00,344.05453,3.9312592
2025-11-13 19:00:00+00:00,82.50424,6.898956
2025-11-13 20:00:00+00:00,61.92762,6.12
2025-11-13 21:00:00+00:00,25.709915,5.3939967
2025-11-13 22:00:00+00:00,5.527458,5.6060677
2025-11-13 23:00:00+00:00,8.8805895,5.8298883
2025-11-14 00:00:00+00:00,14.620926,4.278551
2025-11-14 01:00:00+00:00,353.41815,4.7110505
2025-11-14 02:00:00+00:00,2.2025495,4.6834598
2025-11-14 03:00:00+00:00,41.185837,3.8268526
2025-11-14 04:00:00+00:00,274.39862,4.6938252
2025-11-14 05:00:00+00:00,273.17978,6.489992
2025-11-14 06:00:00+00:00,267.27374,7.5685663
2025-11-14 07:00:00+00:00,284.03625,9.6480665
2025-11-14 08:00:00+00:00,286.22028,10.310403
2025-11-14 09:00:00+00:00,289.13373,9.335737
2025-11-14 10:00:00+00:00,314.27487,10.055864
2025-11-14 11:00:00+00:00,350.8699,10.209348
2025-11-14 12:00:00+00:00,55.304783,5.692099
2025-11-14 13:00:00+00:00,115.20109,3.381893
2025-11-14 14:00:00+00:00,115.40768,7.970972
2025-11-14 15:00:00+00:00,138.17992,9.178235
2025-11-14 16:00:00+00:00,161.56496,7.968939
2025-11-14 17:00:00+00:00,147.99466,8.490582
2025-11-14 18:00:00+00:00,154.72232,7.16617
2025-11-14 19:00:00+00:00,141.63248,5.509882
2025-11-14 20:00:00+00:00,127.568665,5.904439
2025-11-14 21:00:00+00:00,121.75944,4.4456716
2025-11-14 22:00:00+00:00,97.853226,5.2694216
2025-11-14 23:00:00+00:00,123.6901,4.542994
2025-11-15 00:00:00+00:00,129.28938,5.1165614
2025-11-15 01:00:00+00:00,124.50858,3.494968
2025-11-15 02:00:00+00:00,135.0001,3.8183763
2025-11-15 03:00:00+00:00,149.53453,3.550155
2025-11-15 04:00:00+00:00,138.81418,1.9134263
2025-11-15 05:00:00+00:00,216.15828,5.796447
2025-11-15 06:00:00+00:00,227.9109,7.519175
2025-11-15 07:00:00+00:00,238.57048,7.5942082
2025-11-15 08:00:00+00:00,261.2539,7.102591
2025-11-15 09:00:00+00:00,273.46817,5.950899
2025-11-15 10:00:00+00:00,252.03076,7.0015144
2025-11-15 11:00:00+00:00,247.249,6.050785
2025-11-15 12:00:00+00:00,333.43503,2.0124612
2025-11-15 13:00:00+00:00,64.65388,3.7842832
2025-11-15 14:00:00+00:00,109.798965,4.7827187
2025-11-15 15:00:00+00:00,142.43134,5.904439
2025-11-15 16:00:00+00:00,151.8215,5.7176566
2025-11-15 17:00:00+00:00,144.46223,6.193674
2025-11-15 18:00:00+00:00,137.29063,6.3690495
2025-11-15 19:00:00+00:00,146.68936,7.538541
2025-11-15 20:00:00+00:00,111.03758,7.5213294
2025-11-15 21:00:00+00:00,75.96373,2.226477
2025-11-15 22:00:00+00:00,97.76508,3.9966488
2025-11-15 23:00:00+00:00,118.88649,5.9617786
2025-11-16 00:00:00+00:00,84.2895,1.8089776
2025-11-16 01:00:00+00:00,55.175446,5.0432134
2025-11-16 02:00:00+00:00,59.743652,5.00128
2025-11-16 03:00:00+00:00,60.94549,3.7064266
2025-11-16 04:00:00+00:00,104.03627,1.484318
2025-11-16 05:00:00+00:00,251.56496,1.1384199
2025-11-16 06:00:00+00:00,274.76355,4.3349743
2025-11-16 07:00:00+00:00,278.97253,6.924738
2025-11-16 08:00:00+00:00,278.91486,9.292254
2025-11-16 09:00:00+00:00,266.82022,9.734988
2025-11-16 10:00:00+00:00,260.8699,10.209348
2025-11-16 11:00:00+00:00,266.76038,9.555271
2025-11-16 12:00:00+00:00,271.63654,6.302571
2025-11-16 13:00:00+00:00,296.56497,6.037383
2025-11-16 14:00:00+00:00,356.186,2.7059932
2025-11-16 15:00:00+00:00,30.579157,4.599695
2025-11-16 16:00:00+00:00,157.20345,13.472372
2025-11-16 17:00:00+00:00,84.805664,1.9881649
2025-11-16 18:00:00+00:00,66.80139,6.8541956
2025-11-16 19:00:00+00:00,84.92049,8.131936
2025-11-16 20:00:00+00:00,67.16631,7.42159
2025-11-16 21:00:00+00:00,109.290146,3.8141315
2025-11-16 22:00:00+00:00,65.55606,2.1749482
2025-11-16 23:00:00+00:00,74.054535,3.9312592
2025-11-17 00:00:00+00:00,160.34608,2.6758924
2025-11-17 01:00:00+00:00,75.96373,1.484318
2025-11-17 02:00:00+00:00,52.124958,2.0523157
2025-11-17 03:00:00+00:00,48.814175,1.9134263
2025-11-17 04:00:00+00:00,327.99466,1.6981165
2025-11-17 05:00:00+00:00,280.30478,4.0249224
2025-11-17 06:00:00+00:00,261.46933,7.2805495
2025-11-17 07:00:00+00:00,296.56497,4.4274144
2025-11-17 08:00:00+00:00,188.13002,2.5455842
2025-11-17 09:00:00+00:00,135.0001,2.0364676
2025-11-17 10:00:00+00:00,175.71092,7.2202215
2025-11-17 11:00:00+00:00,151.38963,4.510787
2025-11-17 12:00:00+00:00,150.2552,4.3536186
2025-11-17 13:00:00+00:00,112.93214,5.0816135
2025-11-17 14:00:00+00:00,103.24053,3.143565
2025-11-17 15:00:00+00:00,146.3099,0.6489992
2025-11-17 16:00:00+00:00,151.38963,2.2553935
2025-11-17 17:00:00+00:00,146.3099,1.9469976
2025-11-17 18:00:00+00:00,80.53775,1.0948973
2025-11-17 19:00:00+00:00,101.3099,3.671294
2025-11-17 20:00:00+00:00,111.124794,8.490582
2025-11-17 21:00:00+00:00,125.837746,3.9966483
2025-11-17 22:00:00+00:00,128.65984,2.3051248
2025-11-17 23:00:00+00:00,95.7105,1.8089776
2025-11-18 00:00:00+00:00,146.3099,1.2979984
2025-11-18 01:00:00+00:00,168.11136,3.4949677
2025-11-18 02:00:00+00:00,180.0,2.52
2025-11-18 03:00:00+00:00,184.76355,2.1674871
2025-11-18 04:00:00+00:00,173.6599,1.6299692
2025-11-18 05:00:00+00:00,205.4633,4.186693
2025-11-18 06:00:00+00:00,239.34941,5.6492476
2025-11-18 07:00:00+00:00,240.75127,10.315115
2025-11-18 08:00:00+00:00,205.14474,9.743304
2025-11-18 09:00:00+00:00,192.99461,12.007498
2025-11-18 10:00:00+00:00,191.68935,10.661107
2025-11-18 11:00:00+00:00,180.8425,12.241323
2025-11-18 12:00:00+00:00,159.67677,10.365251
2025-11-18 13:00:00+00:00,112.38018,6.6185193
2025-11-18 14:00:00+00:00,125.36255,6.8423676
2025-11-18 15:00:00+00:00,115.64096,4.991553
2025-11-18 16:00:00+00:00,126.027466,7.344794
2025-11-18 17:00:00+00:00,98.88058,5.8298883
2025-11-18 18:00:00+00:00,112.24908,4.278551
2025-11-18 19:00:00+00:00,140.90616,3.710795
2025-11-18 20:00:00+00:00,114.775116,2.5772076
2025-11-18 21:00:00+00:00,102.99462,2.4014995
2025-11-18 22:00:00+00:00,75.96373,5.195113
2025-11-18 23:00:00+00:00,59.620956,6.050785
2025-11-19 00:00:00+00:00,59.420856,4.599695
2025-11-19 01:00:00+00:00,73.61038,3.189608
2025-11-19 02:00:00+00:00,73.300674,3.7585104
2025-11-19 03:00:00+00:00,60.94549,1.8532133
2025-11-19 04:00:00+00:00,354.80566,1.9881649
2025-11-19 05:00:00+00:00,285.94547,3.9312592
2025-11-19 06:00:00+00:00,290.55612,4.613762
2025-11-19 07:00:00+00:00,271.97488,5.223103
2025-11-19 08:00:00+00:00,263.04712,7.4346757
2025-11-19 09:00:00+00:00,252.29948,8.880405
2025-11-19 10:00:00+00:00,244.5367,8.373386
2025-11-19 11:00:00+00:00,240.57263,8.0599
2025-11-19 12:00:00+00:00,218.65984,6.9153743
2025-11-19 13:00:00+00:00,49.398785,4.978554
2025-11-19 14:00:00+00:00,64.98315,2.97953
2025-11-19 15:00:00+00:00,147.72438,4.0449967
2025-11-19 16:00:00+00:00,122.1957,5.7431
2025-11-19 17:00:00+00:00,104.93147,5.5887027
2025-11-19 18:00:00+00:00,36.027473,7.344794
2025-11-19 19:00:00+00:00,106.11349,8.431228
2025-11-19 20:00:00+00:00,36.86999,1.8
2025-11-19 21:00:00+00:00,41.42357,4.080882
2025-11-19 22:00:00+00:00,42.27363,2.6758924
2025-11-19 23:00:00+00:00,32.905247,3.6447225
2025-11-20 00:00:00+00:00,27.255245,6.6818557
2025-11-20 01:00:00+00:00,337.6198,3.3092597
2025-11-20 02:00:00+00:00,26.564985,4.0249224
2025-11-20 03:00:00+00:00,18.435053,3.4152596
2025-11-20 04:00:00+00:00,319.7637,3.0652893
2025-11-20 05:00:00+00:00,275.85593,7.0568266
2025-11-20 06:00:00+00:00,275.5721,7.415038
2025-11-20 07:00:00+00:00,262.47626,9.6228485
2025-11-20 08:00:00+00:00,253.11313,10.534229
2025-11-20 09:00:00+00:00,255.71887,10.215693
2025-11-20 10:00:00+00:00,240.64233,9.913082
2025-11-20 11:00:00+00:00,237.99466,8.490582
2025-11-20 12:00:00+00:00,284.03625,5.195113
2025-11-20 13:00:00+00:00,307.40543,3.8521678
2025-11-20 14:00:00+00:00,312.70938,3.1845248
2025-11-20 15:00:00+00:00,315.0001,2.0364676
2025-11-20 16:00:00+00:00,32.005356,1.6981165
2025-11-20 17:00:00+00:00,337.75092,4.278551
2025-11-20 18:00:00+00:00,349.5626,6.9550843
2025-11-20 19:00:00+00:00,16.699326,3.7585104
2025-11-20 20:00:00+00:00,3.8140097,5.4119864
2025-11-20 21:00:00+00:00,26.029541,8.61371
2025-11-20 22:00:00+00:00,351.2539,4.73506
2025-11-20 23:00:00+00:00,335.85446,5.7204895
2025-11-21 00:00:00+00:00,344.93146,4.8466477
2025-11-21 01:00:00+00:00,21.801476,4.846648
2025-11-21 02:00:00+00:00,42.13753,5.0975285
2025-11-21 03:00:00+00:00,348.6901,3.671294
2025-11-21 04:00:00+00:00,318.36655,2.1674871
2025-11-21 05:00:00+00:00,289.29013,3.8141315
2025-11-21 06:00:00+00:00,296.56497,5.634891
2025-11-21 07:00:00+00:00,292.47946,5.6492476
2025-11-21 08:00:00+00:00,273.17978,6.489992
2025-11-21 09:00:00+00:00,308.8114,10.626099
2025-11-21 10:00:00+00:00,306.02747,12.241323
2025-11-21 11:00:00+00:00,306.52896,12.096214
2025-11-21 12:00:00+00:00,321.80127,13.971757
2025-11-21 13:00:00+00:00,356.09958,7.9383874
2025-11-21 14:00:00+00:00,44.999897,4.072935
2025-11-21 15:00:00+00:00,83.659904,1.6299692
2025-11-21 16:00:00+00:00,98.74608,4.73506
2025-11-21 17:00:00+00:00,110.854546,4.0449963
2025-11-21 18:00:00+00:00,4.763556,2.1674871
2025-11-21 19:00:00+00:00,72.64589,3.01735
2025-11-21 20:00:00+00:00,84.4279,7.415038
2025-11-21 21:00:00+00:00,188.74608,7.102591
2025-11-21 22:00:00+00:00,187.90707,6.542201
2025-11-21 23:00:00+00:00,152.24155,3.8647635
2025-11-22 00:00:00+00:00,26.564985,0.40249225
2025-11-22 01:00:00+00:00,43.451904,4.7110505
2025-11-22 02:00:00+00:00,43.7812,5.983477
2025-11-22 03:00:00+00:00,23.498587,4.514377
2025-11-22 04:00:00+00:00,33.6901,2.5959969
2025-11-22 05:00:00+00:00,128.65984,1.1525624
2025-11-22 06:00:00+00:00,257.27563,5.720489
2025-11-22 07:00:00+00:00,251.1752,8.36758
2025-11-22 08:00:00+00:00,246.0375,8.863972
2025-11-22 09:00:00+00:00,220.60121,8.297589
2025-11-22 10:00:00+00:00,167.27565,5.720489
2025-11-22 11:00:00+00:00,155.55606,6.5248446
2025-11-22 12:00:00+00:00,141.49933,10.120099
2025-11-22 13:00:00+00:00,145.30478,8.53815
2025-11-22 14:00:00+00:00,138.57643,8.161764
2025-11-22 15:00:00+00:00,112.1664,5.2478566
2025-11-22 16:00:00+00:00,63.435013,2.0124612
2025-11-22 17:00:00+00:00,26.564985,2.4149535
2025-11-22 18:00:00+00:00,42.27363,2.6758924
2025-11-22 19:00:00+00:00,14.931467,5.5887027
2025-11-22 20:00:00+00:00,1.397161,7.3821945
2025-11-22 21:00:00+00:00,342.75845,5.4656014
2025-11-22 22:00:00+00:00,324.6887,5.293959
2025-11-22 23:00:00+00:00,26.564985,0.40249225
2025-11-23 00:00:00+00:00,335.22488,2.5772076
2025-11-23 01:00:00+00:00,326.76828,6.2405767
2025-11-23 02:00:00+00:00,333.43503,6.037383
2025-11-23 03:00:00+00:00,331.9276,6.12
2025-11-23 04:00:00+00:00,347.73523,4.2366967
2025-11-23 05:00:00+00:00,30.256361,2.50064
2025-11-23 06:00:00+00:00,319.0857,3.572898
2025-11-23 07:00:00+00:00,278.13,2.5455842
2025-11-23 08:00:00+00:00,175.60138,4.6938252
2025-11-23 09:00:00+00:00,109.290146,7.628263
2025-11-23 10:00:00+00:00,112.5431,10.32924
2025-11-23 11:00:00+00:00,80.53775,7.6642804
2025-11-23 12:00:00+00:00,63.435013,4.829907
2025-11-23 13:00:00+00:00,125.537766,3.096837
2025-11-23 14:00:00+00:00,212.00534,3.396233
2025-11-23 15:00:00+00:00,195.94547,3.9312592
2025-11-23 16:00:00+00:00,196.50444,5.068846
2025-11-23 17:00:00+00:00,206.56499,0.40249225
2025-11-23 18:00:00+00:00,270.0,2.8799999
2025-11-23 19:00:00+00:00,306.02747,2.4482648
2025-11-23 20:00:00+00:00,352.40543,2.7238941
2025-11-23 21:00:00+00:00,360.0,4.32
2025-11-23 22:00:00+00:00,5.4402504,3.7971036
2025-11-23 23:00:00+00:00,360.0,3.6
2025-11-24 00:00:00+00:00,12.528798,1.659518
2025-11-24 01:00:00+00:00,326.3099,1.2979984
2025-11-24 02:00:00+00:00,24.227736,3.9477081
2025-11-24 03:00:00+00:00,32.905247,7.289445
2025-11-24 04:00:00+00:00,29.054508,1.8532133
2025-11-24 05:00:00+00:00,308.65982,1.1525624
2025-11-24 06:00:00+00:00,271.5074,6.8423676
2025-11-24 07:00:00+00:00,260.69012,11.126562
2025-11-24 08:00:00+00:00,269.076,11.16145
2025-11-24 09:00:00+00:00,280.78424,11.543881
2025-11-24 10:00:00+00:00,313.56796,10.185519
2025-11-24 11:00:00+00:00,360.0,8.64
2025-11-24 12:00:00+00:00,302.00534,1.6981165
2025-11-24 13:00:00+00:00,44.999897,0.25455844
2025-11-24 14:00:00+00:00,70.01681,4.2136917
2025-11-24 15:00:00+00:00,90.0,4.68
2025-11-24 16:00:00+00:00,33.6901,0.6489992
2025-11-24 17:00:00+00:00,348.6901,0.9178235
2025-11-24 18:00:00+00:00,348.6901,0.9178235
2025-11-24 19:00:00+00:00,355.91446,2.5264204
2025-11-24 20:00:00+00:00,342.64587,3.01735
2025-11-24 21:00:00+00:00,335.22488,5.154415
2025-11-24 22:00:00+00:00,338.19852,3.8773184
2025-11-24 23:00:00+00:00,352.87506,5.8048253
2025-11-25 00:00:00+00:00,344.7448,2.0523157
2025-11-25 01:00:00+00:00,360.0,2.8799999
2025-11-25 02:00:00+00:00,19.093594,4.952453
2025-11-25 03:00:00+00:00,25.463305,4.186693
2025-11-25 04:00:00+00:00,349.3804,2.9301877
2025-11-25 05:00:00+00:00,318.57642,4.080882
2025-11-25 06:00:00+00:00,291.5015,6.384293
2025-11-25 07:00:00+00:00,283.67133,6.8541956
2025-11-25 08:00:00+00:00,268.2101,5.7628117
2025-11-25 09:00:00+00:00,259.3804,5.8603754
2025-11-25 10:00:00+00:00,224.9999,5.6002855
2025-11-25 11:00:00+00:00,256.86597,5.5450516
2025-11-25 12:00:00+00:00,303.2749,6.889557
2025-11-25 13:00:00+00:00,304.9921,2.19718
2025-11-25 14:00:00+00:00,90.0,0.17999999
2025-11-25 15:00:00+00:00,127.875046,6.156947
2025-11-25 16:00:00+00:00,140.19447,5.6233797
2025-11-25 17:00:00+00:00,129.28938,5.1165614
2025-11-25 18:00:00+00:00,113.962494,3.5455887
2025-11-25 19:00:00+00:00,82.64771,5.6262593
2025-11-25 20:00:00+00:00,77.660934,5.896202
2025-11-25 21:00:00+00:00,84.4279,7.415038
2025-11-25 22:00:00+00:00,80.75397,7.841888
2025-11-25 23:00:00+00:00,86.729576,6.310277
2025-11-26 00:00:00+00:00,67.963715,8.155807
2025-11-26 01:00:00+00:00,54.688713,5.293959
2025-11-26 02:00:00+00:00,47.385983,6.114703
2025-11-26 03:00:00+00:00,65.09527,5.5567255
2025-11-26 04:00:00+00:00,67.06787,5.0816135
2025-11-26 05:00:00+00:00,51.34017,2.3051248
2025-11-26 06:00:00+00:00,324.86572,5.9427266
2025-11-26 07:00:00+00:00,294.44394,6.5248446
2025-11-26 08:00:00+00:00,263.6599,6.519877
2025-11-26 09:00:00+00:00,227.9109,7.519175
2025-11-26 10:00:00+00:00,210.25635,10.00256
2025-11-26 11:00:00+00:00,233.13002,9.0
2025-11-26 12:00:00+00:00,264.4279,7.415038
2025-11-26 13:00:00+00:00,268.45187,6.6624317
2025-11-26 14:00:00+00:00,326.88864,4.942631
2025-11-26 15:00:00+00:00,290.55612,1.5379207
2025-11-26 16:00:00+00:00,116.56499,0.40249225
2025-11-26 17:00:00+00:00,115.01687,2.97953
2025-11-26 18:00:00+00:00,128.36752,5.509882
2025-11-26 19:00:00+00:00,122.471176,7.0407386
2025-11-26 20:00:00+00:00,101.97612,6.0721655
2025-11-26 21:00:00+00:00,83.659904,4.8899083
2025-11-26 22:00:00+00:00,86.05489,5.232399
2025-11-26 23:00:00+00:00,79.99209,3.1072817
2025-11-27 00:00:00+00:00,70.8209,4.3832865
2025-11-27 01:00:00+00:00,69.44388,4.613762
2025-11-27 02:00:00+00:00,46.332153,5.4744864
2025-11-27 03:00:00+00:00,35.311302,5.293959
2025-11-27 04:00:00+00:00,55.6196,4.143911
2025-11-27 05:00:00+00:00,26.564985,2.0124612
2025-11-27 06:00:00+00:00,3.3664,3.0652895
2025-11-27 07:00:00+00:00,310.91428,3.572898
2025-11-27 08:00:00+00:00,293.4287,5.8852015
2025-11-27 09:00:00+00:00,287.5925,7.7420926
2025-11-27 10:00:00+00:00,264.47256,5.6060677
2025-11-27 11:00:00+00:00,243.9967,8.211235
2025-11-27 12:00:00+00:00,211.26367,5.896202
2025-11-27 13:00:00+00:00,219.28938,5.1165614
2025-11-27 14:00:00+00:00,223.53127,4.965521
2025-11-27 15:00:00+00:00,226.97493,3.693291
2025-11-27 16:00:00+00:00,235.49141,3.494968
2025-11-27 17:00:00+00:00,281.3099,3.671294
2025-11-27 18:00:00+00:00,25.277687,7.16617
2025-11-27 19:00:00+00:00,37.694313,5.004518
2025-11-27 20:00:00+00:00,45.939102,7.7650757
2025-11-27 21:00:00+00:00,45.88132,8.274128
2025-11-27 22:00:00+00:00,40.485935,9.703319
2025-11-27 23:00:00+00:00,46.54811,9.422101
2025-11-28 00:00:00+00:00,37.146767,7.4520864
2025-11-28 01:00:00+00:00,23.385246,7.256032
2025-11-28 02:00:00+00:00,26.130941,10.6261
2025-11-28 03:00:00+00:00,28.950893,9.668195
2025-11-28 04:00:00+00:00,43.315353,8.65873
2025-11-28 05:00:00+00:00,73.61038,9.568824
2025-11-28 06:00:00+00:00,68.87521,8.490582
2025-11-28 07:00:00+00:00,51.34017,6.9153743
2025-11-28 08:00:00+00:00,34.69522,5.692099
2025-11-28 09:00:00+00:00,15.708701,5.983477
2025-11-28 10:00:00+00:00,23.629398,6.28713
2025-11-28 11:00:00+00:00,30.465475,3.550155
2025-11-28 12:00:00+00:00,33.178535,5.5916004
2025-11-28 13:00:00+00:00,29.744795,4.3536186
2025-11-28 14:00:00+00:00,22.380184,3.3092597
2025-11-28 15:00:00+00:00,36.253937,3.3481934
2025-11-28 16:00:00+00:00,44.999897,3.3092594
2025-11-28 17:00:00+00:00,41.98713,2.4216523
2025-11-28 18:00:00+00:00,60.75127,5.1575575
2025-11-28 19:00:00+00:00,39.805527,1.4058449
2025-11-28 20:00:00+00:00,70.01681,6.320538
2025-11-28 21:00:00+00:00,77.19574,4.060985
2025-11-28 22:00:00+00:00,102.09474,2.5772078
2025-11-28 23:00:00+00:00,87.3975,3.964089
2025-11-29 00:00:00+00:00,100.30479,4.0249224
2025-11-29 01:00:00+00:00,21.801476,2.907989
2025-11-29 02:00:00+00:00,28.442837,4.913044
2025-11-29 03:00:00+00:00,33.6901,4.542994
2025-11-29 04:00:00+00:00,23.198618,2.7416782
2025-11-29 05:00:00+00:00,285.94547,1.3104197
2025-11-29 06:00:00+00:00,227.72638,2.6758924
2025-11-29 07:00:00+00:00,191.30989,0.9178235
2025-11-29 08:00:00+00:00,159.44388,1.5379207
2025-11-29 09:00:00+00:00,183.17976,3.244996
2025-11-29 10:00:00+00:00,216.86998,3.6
2025-11-29 11:00:00+00:00,216.02747,2.4482648
2025-11-29 12:00:00+00:00,84.4279,7.415038
2025-11-29 13:00:00+00:00,93.691315,5.5916004
2025-11-29 14:00:00+00:00,112.24908,4.278551
2025-11-29 15:00:00+00:00,90.0,4.32
2025-11-29 16:00:00+00:00,93.691315,5.5916004
2025-11-29 17:00:00+00:00,84.2895,5.426933
2025-11-29 18:00:00+00:00,72.75845,5.4656014
2025-11-29 19:00:00+00:00,77.00539,2.4014995
2025-11-29 20:00:00+00:00,74.74483,2.0523157
2025-11-29 21:00:00+00:00,85.23644,2.1674871
2025-11-29 22:00:00+00:00,97.59455,2.7238941
2025-11-29 23:00:00+00:00,97.43131,4.175069
2025-11-30 00:00:00+00:00,70.559875,3.244996
2025-11-30 01:00:00+00:00,143.97253,2.4482648
2025-11-30 02:00:00+00:00,101.88863,3.4949677
2025-11-30 03:00:00+00:00,57.264786,2.995797
2025-11-30 04:00:00+00:00,360.0,3.96
2025-11-30 05:00:00+00:00,331.1893,4.1085763
2025-11-30 06:00:00+00:00,298.70584,8.6193495
2025-11-30 07:00:00+00:00,292.93213,10.163227
2025-11-30 08:00:00+00:00,279.75235,11.688918
2025-11-30 09:00:00+00:00,273.87845,10.644379
2025-11-30 10:00:00+00:00,282.9074,8.863972
2025-11-30 11:00:00+00:00,278.88058,11.659777
2025-11-30 12:00:00+00:00,293.86017,10.234705
2025-11-30 13:00:00+00:00,303.2749,6.889557
2025-11-30 14:00:00+00:00,296.56497,4.829907
2025-11-30 15:00:00+00:00,274.57382,4.514377
2025-11-30 16:00:00+00:00,265.91446,5.0528407
2025-11-30 17:00:00+00:00,261.87,5.0911684
2025-11-30 18:00:00+00:00,261.2539,4.73506
2025-11-30 19:00:00+00:00,280.1246,5.1197267
2025-11-30 20:00:00+00:00,299.35767,3.3043609
2025-11-30 21:00:00+00:00,335.55606,2.1749482
2025-11-30 22:00:00+00:00,30.068504,3.9518096
2025-11-30 23:00:00+00:00,53.13002,5.3999996
2025-12-01 00:00:00+00:00,88.31535,6.122647
2025-12-01 01:00:00+00:00,90.0,3.06
2025-12-01 02:00:00+00:00,82.56869,4.175069
2025-12-01 03:00:00+00:00,104.03627,3.710795
2025-12-01 04:00:00+00:00,111.801476,1.9386592
2025-12-01 05:00:00+00:00,237.52882,2.3469129
2025-12-01 06:00:00+00:00,261.87,5.0911684
2025-12-01 07:00:00+00:00,261.02747,6.924738
2025-12-01 08:00:00+00:00,260.72748,8.936778
2025-12-01 09:00:00+00:00,250.20103,9.565437
2025-12-01 10:00:00+00:00,246.92957,10.564942
2025-12-01 11:00:00+00:00,250.09616,11.103243
2025-12-01 12:00:00+00:00,249.14546,8.089993
2025-12-01 13:00:00+00:00,246.80139,4.1125174
2025-12-01 14:00:00+00:00,252.47433,3.5864744
2025-12-01 15:00:00+00:00,250.0168,2.1068459
2025-12-01 16:00:00+00:00,205.01686,2.97953
2025-12-01 17:00:00+00:00,270.0,1.26
2025-12-01 18:00:00+00:00,325.2221,7.889258
2025-12-01 19:00:00+00:00,310.91428,3.572898
2025-12-01 20:00:00+00:00,338.19852,0.9693296
2025-12-01 21:00:00+00:00,38.290207,4.3573384
2025-12-01 22:00:00+00:00,38.829834,9.473541
2025-12-01 23:00:00+00:00,34.215755,10.883676
2025-12-02 00:00:00+00:00,50.440376,5.369916
2025-12-02 01:00:00+00:00,62.354122,4.2671766
2025-12-02 02:00:00+00:00,73.61038,3.189608
2025-12-02 03:00:00+00:00,41.98713,2.4216523
2025-12-02 04:00:00+00:00,284.03625,0.742159
2025-12-02 05:00:00+00:00,252.47433,3.5864744
2025-12-02 06:00:00+00:00,247.8905,6.21717
2025-12-02 07:00:00+00:00,242.90453,8.694204
2025-12-02 08:00:00+00:00,246.42528,10.8015
2025-12-02 09:00:00+00:00,243.82477,11.833546
2025-12-02 10:00:00+00:00,246.12471,12.007498
2025-12-02 11:00:00+00:00,227.86247,10.195057
2025-12-02 12:00:00+00:00,248.80588,9.459852
2025-12-02 13:00:00+00:00,202.8337,3.710795
2025-12-02 14:00:00+00:00,120.96369,2.0991426
2025-12-02 15:00:00+00:00,99.21095,6.7469993
2025-12-02 16:00:00+00:00,96.48298,7.970972
2025-12-02 17:00:00+00:00,88.667816,7.7420926
2025-12-02 18:00:00+00:00,112.833694,7.42159
2025-12-02 19:00:00+00:00,90.0,4.68
2025-12-02 20:00:00+00:00,99.865746,4.2021422
2025-12-02 21:00:00+00:00,64.440094,4.5891175
2025-12-02 22:00:00+00:00,63.435013,3.219938
2025-12-02 23:00:00+00:00,62.354122,8.534353
2025-12-03 00:00:00+00:00,76.75947,6.28713
2025-12-03 01:00:00+00:00,72.64589,6.0347
2025-12-03 02:00:00+00:00,85.71093,7.2202215
2025-12-03 03:00:00+00:00,92.86235,7.208994
2025-12-03 04:00:00+00:00,82.56869,4.175069
2025-12-03 05:00:00+00:00,75.96373,2.226477
2025-12-03 06:00:00+00:00,44.999897,2.0364676
2025-12-03 07:00:00+00:00,24.623547,4.7521367
2025-12-03 08:00:00+00:00,51.842735,6.4096174
2025-12-03 09:00:00+00:00,130.10085,4.471107
2025-12-03 10:00:00+00:00,224.9999,1.781909
2025-12-03 11:00:00+00:00,25.201094,3.381893
2025-12-03 12:00:00+00:00,130.23628,6.1305785
2025-12-03 13:00:00+00:00,155.69547,6.1226463
2025-12-03 14:00:00+00:00,142.12495,6.156947
2025-12-03 15:00:00+00:00,122.471176,2.3469129
2025-12-03 16:00:00+00:00,86.98728,3.4247334
2025-12-03 17:00:00+00:00,62.525658,5.072041
2025-12-03 18:00:00+00:00,70.01681,4.2136917
2025-12-03 19:00:00+00:00,62.354122,4.2671766
2025-12-03 20:00:00+00:00,59.53454,3.550155
2025-12-03 21:00:00+00:00,17.650223,4.1556225
2025-12-03 22:00:00+00:00,351.87,3.8183763
2025-12-03 23:00:00+00:00,37.875053,2.0523157
2025-12-04 00:00:00+00:00,144.46223,1.5484185
2025-12-04 01:00:00+00:00,123.34073,8.187527
2025-12-04 02:00:00+00:00,128.15727,6.4096174
2025-12-04 03:00:00+00:00,141.63248,5.509882
2025-12-04 04:00:00+00:00,157.8905,6.21717
2025-12-04 05:00:00+00:00,168.69011,6.424764
2025-12-04 06:00:00+00:00,210.46547,3.550155
2025-12-04 07:00:00+00:00,246.0375,7.0911775
2025-12-04 08:00:00+00:00,250.9422,10.474082
2025-12-04 09:00:00+00:00,165.96373,6.6794305
2025-12-04 10:00:00+00:00,145.17545,5.0432134
2025-12-04 11:00:00+00:00,191.5601,8.083983
2025-12-04 12:00:00+00:00,181.84756,5.5829024
2025-12-04 13:00:00+00:00,122.471176,7.0407386
2025-12-04 14:00:00+00:00,75.46551,5.020677
2025-12-04 15:00:00+00:00,87.33706,7.748368
2025-12-04 16:00:00+00:00,80.53775,4.379589
2025-12-04 17:00:00+00:00,50.52757,3.9640884
2025-12-04 18:00:00+00:00,63.435013,1.609969
2025-12-04 19:00:00+00:00,34.286938,4.7928696
2025-12-04 20:00:00+00:00,20.323217,5.1826253
2025-12-04 21:00:00+00:00,11.888645,3.4949677
2025-12-04 22:00:00+00:00,15.642312,4.6730714
2025-12-04 23:00:00+00:00,33.6901,3.8939953
2025-12-05 00:00:00+00:00,107.10281,2.4482646
2025-12-05 01:00:00+00:00,70.20104,4.7827187
2025-12-05 02:00:00+00:00,58.495792,6.544677
2025-12-05 03:00:00+00:00,105.25517,4.1046314
2025-12-05 04:00:00+00:00,180.0,5.3999996
2025-12-05 05:00:00+00:00,180.0,3.7799997
2025-12-05 06:00:00+00:00,280.6196,5.8603754
2025-12-05 07:00:00+00:00,295.8663,6.601363
2025-12-05 08:00:00+00:00,285.12405,6.8989563
2025-12-05 09:00:00+00:00,271.39716,7.3821945
2025-12-05 10:00:00+00:00,242.87877,8.29173
2025-12-05 11:00:00+00:00,217.6943,5.004518
2025-12-05 12:00:00+00:00,204.44394,2.1749482
2025-12-05 13:00:00+00:00,338.19852,0.9693296
2025-12-05 14:00:00+00:00,54.688713,5.293959
2025-12-05 15:00:00+00:00,107.10281,2.4482646
2025-12-05 16:00:00+00:00,135.0001,2.5455842
2025-12-05 17:00:00+00:00,56.309914,0.6489992
2025-12-05 18:00:00+00:00,94.76356,2.1674871
2025-12-05 19:00:00+00:00,110.55613,1.5379207
2025-12-05 20:00:00+00:00,158.19853,2.907989
2025-12-05 21:00:00+00:00,168.3664,6.2483597
2025-12-05 22:00:00+00:00,140.19447,2.8116899
2025-12-05 23:00:00+00:00,99.46225,2.1897945
2025-12-06 00:00:00+00:00,86.186005,2.7059932
2025-12-06 01:00:00+00:00,98.13002,1.2727921
2025-12-06 02:00:00+00:00,122.00535,1.6981165
2025-12-06 03:00:00+00:00,210.96368,2.0991426
2025-12-06 04:00:00+00:00,278.36578,6.1858225
2025-12-06 05:00:00+00:00,286.96622,11.103243
2025-12-06 06:00:00+00:00,302.15228,7.44121
2025-12-06 07:00:00+00:00,270.0,8.28
2025-12-06 08:00:00+00:00,248.19853,10.662626
2025-12-06 09:00:00+00:00,254.87593,6.8989563
2025-12-06 10:00:00+00:00,271.73566,5.9427266
2025-12-06 11:00:00+00:00,250.55988,6.489992
2025-12-06 12:00:00+00:00,317.1211,6.8777895
2025-12-06 13:00:00+00:00,299.74478,4.3536186
2025-12-06 14:00:00+00:00,299.35767,3.3043609
2025-12-06 15:00:00+00:00,18.435053,0.56920993
2025-12-06 16:00:00+00:00,90.0,0.9
2025-12-06 17:00:00+00:00,58.392544,2.7475805
2025-12-06 18:00:00+00:00,88.4089,6.482499
2025-12-06 19:00:00+00:00,72.64589,3.01735
2025-12-06 20:00:00+00:00,43.26433,4.2021427
2025-12-06 21:00:00+00:00,51.34017,5.7628117
2025-12-06 22:00:00+00:00,90.0,2.6999998
2025-12-06 23:00:00+00:00,97.76508,3.9966488
2025-12-07 00:00:00+00:00,81.25392,4.73506
2025-12-07 01:00:00+00:00,92.385895,4.323748
2025-12-07 02:00:00+00:00,87.70944,4.503598
2025-12-07 03:00:00+00:00,101.3099,2.7534704
2025-12-07 04:00:00+00:00,215.53777,1.5484185
2025-12-07 05:00:00+00:00,290.55612,4.613762
2025-12-07 06:00:00+00:00,291.318,7.9220443
2025-12-07 07:00:00+00:00,282.2251,11.050591
2025-12-07 08:00:00+00:00,286.06006,12.362475
2025-12-07 09:00:00+00:00,270.0,12.599999
2025-12-07 10:00:00+00:00,280.3758,12.992458
2025-12-07 11:00:00+00:00,294.04422,12.81165
2025-12-07 12:00:00+00:00,319.48468,13.022349
2025-12-07 13:00:00+00:00,307.87503,8.209263
2025-12-07 14:00:00+00:00,293.1986,4.1125174
2025-12-07 15:00:00+00:00,345.9637,0.742159
2025-12-07 16:00:00+00:00,75.96373,2.226477
2025-12-07 17:00:00+00:00,52.3057,5.004518
2025-12-07 18:00:00+00:00,77.4712,8.297589
2025-12-07 19:00:00+00:00,99.24603,7.841888
2025-12-07 20:00:00+00:00,83.659904,6.519877
2025-12-07 21:00:00+00:00,137.72638,5.3517847
2025-12-07 22:00:00+00:00,119.05451,5.5596404
2025-12-07 23:00:00+00:00,92.12105,4.8633323
2025-12-08 00:00:00+00:00,87.87895,4.8633323
2025-12-08 01:00:00+00:00,81.57312,4.913044
2025-12-08 02:00:00+00:00,59.03632,6.297428
2025-12-08 03:00:00+00:00,63.435013,4.829907
2025-12-08 04:00:00+00:00,57.528828,4.6938257
2025-12-08 05:00:00+00:00,4.763556,2.1674871
2025-12-08 06:00:00+00:00,326.3099,4.542994
2025-12-08 07:00:00+00:00,303.11136,4.942631
2025-12-08 08:00:00+00:00,280.30478,6.037383
2025-12-08 09:00:00+00:00,266.42374,8.656858
2025-12-08 10:00:00+00:00,276.24182,11.588701
2025-12-08 11:00:00+00:00,282.30798,10.132897
2025-12-08 12:00:00+00:00,306.02747,12.241323
2025-12-08 13:00:00+00:00,295.34613,11.35285
2025-12-08 14:00:00+00:00,296.0753,9.418661
2025-12-08 15:00:00+00:00,304.9921,6.59154
2025-12-08 16:00:00+00:00,339.6768,5.1826253
2025-12-08 17:00:00+00:00,48.814175,5.7402787
2025-12-08 18:00:00+00:00,87.13766,7.208994
2025-12-08 19:00:00+00:00,107.241554,5.4656014
2025-12-08 20:00:00+00:00,107.74477,4.724786
2025-12-08 21:00:00+00:00,77.27565,5.720489
2025-12-08 22:00:00+00:00,86.308685,5.5916004
2025-12-08 23:00:00+00:00,102.5288,4.9785542
2025-12-09 00:00:00+00:00,88.4926,6.8423676
2025-12-09 01:00:00+00:00,86.98728,6.849467
2025-12-09 02:00:00+00:00,82.694336,7.0774574
2025-12-09 03:00:00+00:00,80.53775,5.4744864
2025-12-09 04:00:00+00:00,86.05489,5.232399
2025-12-09 05:00:00+00:00,96.00892,3.438895
2025-12-09 06:00:00+00:00,104.03627,1.484318
2025-12-09 07:00:00+00:00,257.4712,1.659518
2025-12-09 08:00:00+00:00,267.87894,4.8633323
2025-12-09 09:00:00+00:00,254.62369,7.4672885
2025-12-09 10:00:00+00:00,244.48618,8.775807
2025-12-09 11:00:00+00:00,235.37578,9.187056
2025-12-09 12:00:00+00:00,249.19313,9.627896
2025-12-09 13:00:00+00:00,232.69597,4.752136
2025-12-09 14:00:00+00:00,234.46223,1.5484185
2025-12-09 15:00:00+00:00,68.19853,0.9693296
2025-12-09 16:00:00+00:00,74.054535,1.3104197
2025-12-09 17:00:00+00:00,68.19853,0.9693296
2025-12-09 18:00:00+00:00,55.0079,2.19718
2025-12-09 19:00:00+00:00,57.724377,4.0449967
2025-12-09 20:00:00+00:00,44.999897,1.781909
2025-12-09 21:00:00+00:00,348.6901,7.342588
2025-12-09 22:00:00+00:00,288.43503,2.2768397
2025-12-09 23:00:00+00:00,122.00535,1.6981165
2025-12-10 00:00:00+00:00,75.068535,2.7943513
2025-12-10 01:00:00+00:00,74.47583,3.362677
2025-12-10 02:00:00+00:00,70.70986,3.8141315
2025-12-10 03:00:00+00:00,73.300674,1.8792552
2025-12-10 04:00:00+00:00,29.744795,1.4512063
2025-12-10 05:00:00+00:00,281.88864,3.4949677
2025-12-10 06:00:00+00:00,324.46225,3.096837
2025-12-10 07:00:00+00:00,270.0,1.8
2025-12-10 08:00:00+00:00,229.89915,4.471107
2025-12-10 09:00:00+00:00,231.84273,6.4096174
2025-12-10 10:00:00+00:00,248.87521,8.490582
2025-12-10 11:00:00+00:00,238.73633,5.896202
2025-12-10 12:00:00+00:00,254.62369,7.4672885
2025-12-10 13:00:00+00:00,251.56496,6.830519
2025-12-10 14:00:00+00:00,272.20255,4.6834598
2025-12-10 15:00:00+00:00,289.6539,2.6758924
2025-12-10 16:00:00+00:00,263.6599,1.6299692
2025-12-10 17:00:00+00:00,254.05453,1.3104197
2025-12-10 18:00:00+00:00,100.00792,3.1072817
2025-12-10 19:00:00+00:00,90.0,8.099999
2025-12-10 20:00:00+00:00,70.76923,8.197414
2025-12-10 21:00:00+00:00,58.392544,8.242743
2025-12-10 22:00:00+00:00,64.025665,7.8087645
2025-12-10 23:00:00+00:00,57.030594,7.9383874
2025-12-11 00:00:00+00:00,51.072456,6.015878
2025-12-11 01:00:00+00:00,42.878906,3.4388947
2025-12-11 02:00:00+00:00,51.709793,4.3573384
2025-12-11 03:00:00+00:00,50.906155,3.710795
2025-12-11 04:00:00+00:00,44.999897,5.6002855
2025-12-11 05:00:00+00:00,40.601215,6.638072
2025-12-11 06:00:00+00:00,44.999897,8.14587
2025-12-11 07:00:00+00:00,44.999897,7.127636
2025-12-11 08:00:00+00:00,39.55964,5.369916
2025-12-11 09:00:00+00:00,56.976128,4.293669
2025-12-11 10:00:00+00:00,194.03627,1.484318
2025-12-11 11:00:00+00:00,228.28934,11.091564
2025-12-11 12:00:00+00:00,231.91118,8.461915
2025-12-11 13:00:00+00:00,199.9832,6.320538
2025-12-11 14:00:00+00:00,165.37909,4.278551
2025-12-11 15:00:00+00:00,130.60121,1.659518
2025-12-11 16:00:00+00:00,104.03627,1.484318
2025-12-11 17:00:00+00:00,98.13002,2.5455842
2025-12-11 18:00:00+00:00,103.24053,3.143565
2025-12-11 19:00:00+00:00,93.57626,2.8856194
2025-12-11 20:00:00+00:00,72.64589,3.01735
2025-12-11 21:00:00+00:00,86.98728,3.4247334
2025-12-11 22:00:00+00:00,97.12492,2.9024127
2025-12-11 23:00:00+00:00,81.25392,2.36753
2025-12-12 00:00:00+00:00,95.19434,7.9526596
2025-12-12 01:00:00+00:00,60.802605,7.0107627
2025-12-12 02:00:00+00:00,37.184795,6.552099
2025-12-12 03:00:00+00:00,31.429514,3.7971041
2025-12-12 04:00:00+00:00,6.3401003,3.2599385
2025-12-12 05:00:00+00:00,323.13,4.5
2025-12-12 06:00:00+00:00,309.98682,7.282774
2025-12-12 07:00:00+00:00,288.8248,8.36758
2025-12-12 08:00:00+00:00,271.273,8.101999
2025-12-12 09:00:00+00:00,264.68555,7.7734165
2025-12-12 10:00:00+00:00,241.63104,10.228373
2025-12-12 11:00:00+00:00,248.19853,11.631956
2025-12-12 12:00:00+00:00,280.78424,7.69592
2025-12-12 13:00:00+00:00,286.6993,5.637765
2025-12-12 14:00:00+00:00,262.8751,4.353619
2025-12-12 15:00:00+00:00,296.56497,3.219938
2025-12-12 16:00:00+00:00,333.43503,1.2074767
2025-12-12 17:00:00+00:00,285.94547,1.3104197
2025-12-12 18:00:00+00:00,68.19853,2.907989
2025-12-12 19:00:00+00:00,98.97255,6.924738
2025-12-12 20:00:00+00:00,90.0,4.86
2025-12-12 21:00:00+00:00,75.96373,3.710795
2025-12-12 22:00:00+00:00,75.25639,3.536439
2025-12-12 23:00:00+00:00,68.19853,3.8773184
2025-12-13 00:00:00+00:00,72.89719,4.896529
2025-12-13 01:00:00+00:00,71.564964,7.3997297
2025-12-13 02:00:00+00:00,59.470375,8.149847
2025-12-13 03:00:00+00:00,44.999897,6.618519
2025-12-13 04:00:00+00:00,35.537766,6.193674
2025-12-13 05:00:00+00:00,12.528798,4.9785542
2025-12-13 06:00:00+00:00,339.8636,5.7515564
2025-12-13 07:00:00+00:00,300.1413,6.452441
2025-12-13 08:00:00+00:00,276.3401,8.149847
2025-12-13 09:00:00+00:00,266.6336,9.195868
2025-12-13 10:00:00+00:00,241.03244,11.521406
2025-12-13 11:00:00+00:00,226.63654,13.369771
2025-12-13 12:00:00+00:00,277.1249,10.158444
2025-12-13 13:00:00+00:00,265.76367,4.8733153
2025-12-13 14:00:00+00:00,256.50424,4.6277857
2025-12-13 15:00:00+00:00,151.38963,2.2553935
2025-12-13 16:00:00+00:00,123.6901,3.8939953
2025-12-13 17:00:00+00:00,175.60138,2.3469126
2025-12-13 18:00:00+00:00,194.03627,1.484318
2025-12-13 19:00:00+00:00,90.0,0.9
2025-12-13 20:00:00+00:00,74.054535,3.9312592
2025-12-13 21:00:00+00:00,113.962494,3.5455887
2025-12-13 22:00:00+00:00,90.0,6.12
2025-12-13 23:00:00+00:00,83.29026,9.243311
2025-12-14 00:00:00+00:00,104.85866,9.12513
2025-12-14 01:00:00+00:00,75.42574,9.299225
2025-12-14 02:00:00+00:00,63.996716,8.211235
2025-12-14 03:00:00+00:00,68.74943,6.9527545
2025-12-14 04:00:00+00:00,73.61038,6.379216
2025-12-14 05:00:00+00:00,59.53454,3.550155
2025-12-14 06:00:00+00:00,7.59456,2.7238941
2025-12-14 07:00:00+00:00,317.29062,3.1845248
2025-12-14 08:00:00+00:00,278.36578,6.1858225
2025-12-14 09:00:00+00:00,254.93146,9.6932955
2025-12-14 10:00:00+00:00,246.0375,12.409561
2025-12-14 11:00:00+00:00,240.5242,14.266632
2025-12-14 12:00:00+00:00,244.69865,10.950452
2025-12-14 13:00:00+00:00,244.02565,7.8087645
2025-12-14 14:00:00+00:00,220.81499,5.2323985
2025-12-14 15:00:00+00:00,180.0,4.5
2025-12-14 16:00:00+00:00,169.6952,4.0249224
2025-12-14 17:00:00+00:00,150.9455,3.7064266
2025-12-14 18:00:00+00:00,109.98319,8.427383
2025-12-14 19:00:00+00:00,97.12492,7.256032
2025-12-14 20:00:00+00:00,71.075264,6.66
2025-12-14 21:00:00+00:00,60.802605,7.0107627
2025-12-14 22:00:00+00:00,53.392834,7.8480825
2025-12-14 23:00:00+00:00,55.840256,6.090812
2025-12-15 00:00:00+00:00,47.91091,7.519175
2025-12-15 01:00:00+00:00,44.999897,5.6002855
2025-12-15 02:00:00+00:00,58.134064,7.841887
2025-12-15 03:00:00+00:00,64.98315,5.95906
2025-12-15 04:00:00+00:00,58.1726,6.1437774
2025-12-15 05:00:00+00:00,37.875053,4.1046314
2025-12-15 06:00:00+00:00,347.19574,4.060985
2025-12-15 07:00:00+00:00,286.38962,6.379216
2025-12-15 08:00:00+00:00,266.00916,7.7588143
2025-12-15 09:00:00+00:00,251.89613,9.847496
2025-12-15 10:00:00+00:00,242.35411,12.801531
2025-12-15 11:00:00+00:00,233.29706,12.348051
2025-12-15 12:00:00+00:00,243.88614,10.223619
2025-12-15 13:00:00+00:00,225.9391,7.7650757
2025-12-15 14:00:00+00:00,264.55975,3.7971036
2025-12-15 15:00:00+00:00,315.0001,2.0364676
2025-12-15 16:00:00+00:00,122.00535,1.6981165
2025-12-15 17:00:00+00:00,112.61991,7.0199995
2025-12-15 18:00:00+00:00,82.875084,7.256032
2025-12-15 19:00:00+00:00,64.23073,5.7964473
2025-12-15 20:00:00+00:00,82.234924,3.9966488
2025-12-15 21:00:00+00:00,76.60749,3.8856654
2025-12-15 22:00:00+00:00,33.6901,5.1919937
2025-12-15 23:00:00+00:00,23.962492,3.5455887
2025-12-16 00:00:00+00:00,50.59937,6.522361
2025-12-16 01:00:00+00:00,53.13002,5.3999996
2025-12-16 02:00:00+00:00,35.134277,5.9427266
2025-12-16 03:00:00+00:00,360.0,3.6
2025-12-16 04:00:00+00:00,336.61475,7.256032
2025-12-16 05:00:00+00:00,315.0001,8.14587
2025-12-16 06:00:00+00:00,296.02954,8.61371
2025-12-16 07:00:00+00:00,285.94547,13.1041975
2025-12-16 08:00:00+00:00,264.8637,16.084589
2025-12-16 09:00:00+00:00,263.03183,16.32055
2025-12-16 10:00:00+00:00,276.3401,14.669724
2025-12-16 11:00:00+00:00,282.99463,12.007498
2025-12-16 12:00:00+00:00,298.30066,13.288341
2025-12-16 13:00:00+00:00,304.33026,8.936778
2025-12-16 14:00:00+00:00,316.63654,8.913181
2025-12-16 15:00:00+00:00,289.9832,8.427383
2025-12-16 16:00:00+00:00,284.03625,3.710795
2025-12-16 17:00:00+00:00,18.435053,1.1384199
2025-12-16 18:00:00+00:00,53.13002,2.6999998
2025-12-16 19:00:00+00:00,50.194473,1.4058449
2025-12-16 20:00:00+00:00,360.0,3.2399998
2025-12-16 21:00:00+00:00,348.11136,3.4949677
2025-12-16 22:00:00+00:00,11.3098955,2.7534704
2025-12-16 23:00:00+00:00,68.19853,0.9693296
2025-12-17 00:00:00+00:00,36.38445,4.2481523
2025-12-17 01:00:00+00:00,59.03632,2.0991426
2025-12-17 02:00:00+00:00,53.13002,0.9
2025-12-17 03:00:00+00:00,7.12493,1.4512063
2025-12-17 04:00:00+00:00,10.304792,4.0249224
2025-12-17 05:00:00+00:00,21.801476,3.8773184
2025-12-17 06:00:00+00:00,321.70978,4.3573384
2025-12-17 07:00:00+00:00,282.5288,4.9785542
2025-12-17 08:00:00+00:00,235.0079,6.59154
2025-12-17 09:00:00+00:00,224.11868,8.274128
2025-12-17 10:00:00+00:00,216.09837,10.692969
2025-12-17 11:00:00+00:00,231.58191,13.324863
2025-12-17 12:00:00+00:00,258.17853,7.9077177
2025-12-17 13:00:00+00:00,268.36346,6.302571
2025-12-17 14:00:00+00:00,273.3664,6.130579
2025-12-17 15:00:00+00:00,241.8215,5.7176566
2025-12-17 16:00:00+00:00,228.81418,3.8268526
2025-12-17 17:00:00+00:00,221.82008,4.5891175
2025-12-17 18:00:00+00:00,233.13002,3.6
2025-12-17 19:00:00+00:00,285.94547,1.3104197
2025-12-17 20:00:00+00:00,90.0,0.71999997
2025-12-17 21:00:00+00:00,99.46225,2.1897945
2025-12-17 22:00:00+00:00,81.86999,3.8183763
2025-12-17 23:00:00+00:00,65.22488,5.154415
2025-12-18 00:00:00+00:00,86.531845,5.950899
2025-12-18 01:00:00+00:00,72.18102,5.2939587
2025-12-18 02:00:00+00:00,50.194473,5.6233797
2025-12-18 03:00:00+00:00,48.366554,2.1674871
2025-12-18 04:00:00+00:00,323.13,1.8
2025-12-18 05:00:00+00:00,311.42358,4.080882
2025-12-18 06:00:00+00:00,337.8336,5.2478566
2025-12-18 07:00:00+00:00,308.4181,6.6624317
2025-12-18 08:00:00+00:00,270.0,10.440001
2025-12-18 09:00:00+00:00,256.60748,11.656998
2025-12-18 10:00:00+00:00,257.34744,9.039514
2025-12-18 11:00:00+00:00,260.72748,8.936778
2025-12-18 12:00:00+00:00,265.42615,9.028754
2025-12-18 13:00:00+00:00,200.22495,7.289444
2025-12-18 14:00:00+00:00,156.0375,3.5455887
2025-12-18 15:00:00+00:00,84.2895,3.6179552
2025-12-18 16:00:00+00:00,66.97448,7.823272
2025-12-18 17:00:00+00:00,81.67444,7.458606
2025-12-18 18:00:00+00:00,109.722374,10.134496
2025-12-18 19:00:00+00:00,112.5431,10.32924
2025-12-18 20:00:00+00:00,86.09958,7.9383874
2025-12-18 21:00:00+00:00,68.96242,7.5213294
2025-12-18 22:00:00+00:00,75.46551,5.020677
2025-12-18 23:00:00+00:00,73.300674,3.7585104
2025-12-19 00:00:00+00:00,46.636536,4.4565907
2025-12-19 01:00:00+00:00,51.709793,4.3573384
2025-12-19 02:00:00+00:00,72.12121,5.8631387
2025-12-19 03:00:00+00:00,60.64234,6.6087217
2025-12-19 04:00:00+00:00,54.63746,6.8423676
2025-12-19 05:00:00+00:00,73.300674,5.637765
2025-12-19 06:00:00+00:00,43.02507,3.693291
2025-12-19 07:00:00+00:00,322.12494,2.0523157
2025-12-19 08:00:00+00:00,252.47433,7.172949
2025-12-19 09:00:00+00:00,252.89719,12.241323
2025-12-19 10:00:00+00:00,257.6375,13.451914
2025-12-19 11:00:00+00:00,251.07526,13.32
2025-12-19 12:00:00+00:00,252.18102,10.587917
2025-12-19 13:00:00+00:00,246.0375,8.863972
2025-12-19 14:00:00+00:00,236.3099,5.1919937
2025-12-19 15:00:00+00:00,236.3099,4.542994
2025-12-19 16:00:00+00:00,221.63345,2.1674871
2025-12-19 17:00:00+00:00,113.749504,4.91634
2025-12-19 18:00:00+00:00,108.8248,8.36758
2025-12-19 19:00:00+00:00,86.423744,5.771239
2025-12-19 20:00:00+00:00,71.564964,5.6920996
2025-12-19 21:00:00+00:00,68.19853,6.7853074
2025-12-19 22:00:00+00:00,64.79892,6.763786
2025-12-19 23:00:00+00:00,67.01126,6.452441
2025-12-20 00:00:00+00:00,56.3099,6.489992
2025-12-20 01:00:00+00:00,48.179924,4.5891175
2025-12-20 02:00:00+00:00,64.2901,5.3939967
2025-12-20 03:00:00+00:00,79.21575,3.84796
2025-12-20 04:00:00+00:00,81.86999,2.5455842
2025-12-20 05:00:00+00:00,26.564985,2.0124612
2025-12-20 06:00:00+00:00,4.085537,2.5264204
2025-12-20 07:00:00+00:00,319.39877,3.319036
2025-12-20 08:00:00+00:00,263.29025,6.162207
2025-12-20 09:00:00+00:00,249.86362,11.503113
2025-12-20 10:00:00+00:00,248.33397,14.138882
2025-12-20 11:00:00+00:00,244.5367,12.56008
2025-12-20 12:00:00+00:00,243.03436,11.511559
2025-12-20 13:00:00+00:00,234.46223,4.6452556
2025-12-20 14:00:00+00:00,215.53777,3.096837
2025-12-20 15:00:00+00:00,234.16226,3.9966483
2025-12-20 16:00:00+00:00,86.98728,6.849467
2025-12-20 17:00:00+00:00,130.73203,8.55142
2025-12-20 18:00:00+00:00,136.2188,5.983477
2025-12-20 19:00:00+00:00,87.20736,7.388775
2025-12-20 20:00:00+00:00,71.564964,7.3997297
2025-12-20 21:00:00+00:00,88.363464,6.302571
2025-12-20 22:00:00+00:00,99.090195,4.5572357
2025-12-20 23:00:00+00:00,87.13766,3.604497
2025-12-21 00:00:00+00:00,85.91447,5.0528407
2025-12-21 01:00:00+00:00,76.42955,5.3699164
2025-12-21 02:00:00+00:00,90.0,6.12
2025-12-21 03:00:00+00:00,109.17911,4.3832865
2025-12-21 04:00:00+00:00,115.46331,4.186693
2025-12-21 05:00:00+00:00,141.34016,3.4576871
2025-12-21 06:00:00+00:00,288.43503,1.1384199
2025-12-21 07:00:00+00:00,277.69595,6.7205353
2025-12-21 08:00:00+00:00,271.87784,10.9859
2025-12-21 09:00:00+00:00,270.0,11.7
2025-12-21 10:00:00+00:00,261.87,10.182337
2025-12-21 11:00:00+00:00,264.50778,9.403169
2025-12-21 12:00:00+00:00,272.3859,8.647496
2025-12-21 13:00:00+00:00,261.11942,5.8298883
2025-12-21 14:00:00+00:00,274.57382,4.514377
2025-12-21 15:00:00+00:00,15.945477,1.3104197
2025-12-21 16:00:00+00:00,354.2895,1.8089776
2025-12-21 17:00:00+00:00,296.56497,5.2323985
2025-12-21 18:00:00+00:00,76.75947,3.143565
2025-12-21 19:00:00+00:00,92.29056,4.503598
2025-12-21 20:00:00+00:00,85.03035,4.1556225
2025-12-21 21:00:00+00:00,62.70051,6.279395
2025-12-21 22:00:00+00:00,62.59251,5.4744864
2025-12-21 23:00:00+00:00,55.0079,4.39436
2025-12-22 00:00:00+00:00,60.75127,5.1575575
2025-12-22 01:00:00+00:00,65.695465,6.1226463
2025-12-22 02:00:00+00:00,65.13633,8.133928
2025-12-22 03:00:00+00:00,73.009094,6.77575
2025-12-22 04:00:00+00:00,80.83774,5.6521144
2025-12-22 05:00:00+00:00,102.09474,5.1544156
2025-12-22 06:00:00+00:00,68.96242,5.0142193
2025-12-22 07:00:00+00:00,44.999897,1.2727921
2025-12-22 08:00:00+00:00,270.0,3.06
2025-12-22 09:00:00+00:00,262.0566,7.814986
2025-12-22 10:00:00+00:00,257.56046,12.534257
2025-12-22 11:00:00+00:00,252.55272,13.207634
2025-12-22 12:00:00+00:00,256.50424,9.255571
2025-12-22 13:00:00+00:00,261.87,6.3639607
2025-12-22 14:00:00+00:00,249.44388,4.613762
2025-12-22 15:00:00+00:00,56.3099,1.9469976
2025-12-22 16:00:00+00:00,77.00539,2.4014995
2025-12-22 17:00:00+00:00,125.537766,1.5484185
2025-12-22 18:00:00+00:00,84.805664,3.9763298
2025-12-22 19:00:00+00:00,91.301926,7.922045
2025-12-22 20:00:00+00:00,91.14574,9.0018
2025-12-22 21:00:00+00:00,82.056625,7.814986
2025-12-22 22:00:00+00:00,74.875946,6.8989563
2025-12-22 23:00:00+00:00,79.87539,5.1197267
2025-12-23 00:00:00+00:00,88.31535,6.122647
2025-12-23 01:00:00+00:00,84.093956,5.2478566
2025-12-23 02:00:00+00:00,75.32356,7.8149853
2025-12-23 03:00:00+00:00,62.818974,7.4867883
2025-12-23 04:00:00+00:00,66.37061,6.28713
2025-12-23 05:00:00+00:00,60.524208,4.755544
2025-12-23 06:00:00+00:00,5.7105074,3.6179552
2025-12-23 07:00:00+00:00,298.88647,5.9617786
2025-12-23 08:00:00+00:00,284.5345,10.041354
2025-12-23 09:00:00+00:00,277.4313,12.525207
2025-12-23 10:00:00+00:00,273.17978,12.979984
2025-12-23 11:00:00+00:00,271.66025,12.425216
2025-12-23 12:00:00+00:00,278.48886,12.193588
2025-12-23 13:00:00+00:00,291.61484,10.261579
2025-12-23 14:00:00+00:00,295.60214,9.580668
2025-12-23 15:00:00+00:00,301.13892,10.094454
2025-12-23 16:00:00+00:00,352.87506,4.353619
2025-12-23 17:00:00+00:00,58.671368,4.846648
2025-12-23 18:00:00+00:00,79.69521,6.037383
2025-12-23 19:00:00+00:00,83.659904,3.2599385
2025-12-23 20:00:00+00:00,98.13002,3.8183763
2025-12-23 21:00:00+00:00,98.530685,3.6402748
2025-12-23 22:00:00+00:00,77.4712,3.319036
2025-12-23 23:00:00+00:00,77.4712,4.9785542
2025-12-24 00:00:00+00:00,84.2895,5.426933
2025-12-24 01:00:00+00:00,55.954018,8.037761
2025-12-24 02:00:00+00:00,58.627052,8.643749
2025-12-24 03:00:00+00:00,69.775055,7.289444
2025-12-24 04:00:00+00:00,73.009094,6.77575
2025-12-24 05:00:00+00:00,70.90642,4.952453
2025-12-24 06:00:00+00:00,43.02507,3.693291
2025-12-24 07:00:00+00:00,309.28937,5.1165614
2025-12-24 08:00:00+00:00,284.99512,10.435344
2025-12-24 09:00:00+00:00,278.68628,13.110376
2025-12-24 10:00:00+00:00,281.15463,13.026081
2025-12-24 11:00:00+00:00,280.45984,11.897714
2025-12-24 12:00:00+00:00,272.04535,10.086427
2025-12-24 13:00:00+00:00,266.00916,7.7588143
2025-12-24 14:00:00+00:00,279.46225,5.4744864
2025-12-24 15:00:00+00:00,287.928,6.4323244
2025-12-24 16:00:00+00:00,285.94547,5.2416787
2025-12-24 17:00:00+00:00,128.04709,5.257109
2025-12-24 18:00:00+00:00,140.52757,3.9640884
2025-12-24 19:00:00+00:00,120.46546,3.550155
2025-12-24 20:00:00+00:00,110.55613,3.0758414
2025-12-24 21:00:00+00:00,135.0001,3.0547013
2025-12-24 22:00:00+00:00,119.05451,3.7064266
2025-12-24 23:00:00+00:00,87.79745,4.6834598
2025-12-25 00:00:00+00:00,44.999897,3.8183763
2025-12-25 01:00:00+00:00,58.1726,6.1437774
2025-12-25 02:00:00+00:00,57.094753,7.289445
2025-12-25 03:00:00+00:00,38.65983,4.6102495
2025-12-25 04:00:00+00:00,25.016869,2.97953
2025-12-25 05:00:00+00:00,90.0,0.35999998
2025-12-25 06:00:00+00:00,315.0001,0.5091169
2025-12-25 07:00:00+00:00,261.57312,4.913044
2025-12-25 08:00:00+00:00,251.8472,11.555102
2025-12-25 09:00:00+00:00,247.20345,13.472372
2025-12-25 10:00:00+00:00,255.01831,13.229694
2025-12-25 11:00:00+00:00,261.0695,12.7546215
2025-12-25 12:00:00+00:00,270.0,9.0
2025-12-25 13:00:00+00:00,275.44025,7.5942073
2025-12-25 14:00:00+00:00,281.00348,6.601363
2025-12-25 15:00:00+00:00,271.68463,6.122647
2025-12-25 16:00:00+00:00,277.5237,9.6228485
2025-12-25 17:00:00+00:00,321.34018,1.1525624
2025-12-25 18:00:00+00:00,97.12492,1.4512063
2025-12-25 19:00:00+00:00,123.6901,1.9469976
2025-12-25 20:00:00+00:00,94.76356,2.1674871
2025-12-25 21:00:00+00:00,85.91447,2.5264204
2025-12-25 22:00:00+00:00,77.735245,4.2366967
2025-12-25 23:00:00+00:00,72.89719,4.896529
2025-12-26 00:00:00+00:00,75.57919,6.5049515
2025-12-26 01:00:00+00:00,76.75947,6.28713
2025-12-26 02:00:00+00:00,88.31535,6.122647
2025-12-26 03:00:00+00:00,68.19853,4.846648
2025-12-26 04:00:00+00:00,69.44387,3.0758414
2025-12-26 05:00:00+00:00,224.9999,1.5273507
2025-12-26 06:00:00+00:00,248.5522,5.414979
2025-12-26 07:00:00+00:00,255.12427,11.91948
2025-12-26 08:00:00+00:00,254.85896,15.8502245
2025-12-26 09:00:00+00:00,246.64441,17.25373
2025-12-26 10:00:00+00:00,240.2552,17.414474
2025-12-26 11:00:00+00:00,248.74942,17.381886
2025-12-26 12:00:00+00:00,259.75598,15.182015
2025-12-26 13:00:00+00:00,260.98074,11.481968
2025-12-26 14:00:00+00:00,252.47433,3.5864744
2025-12-26 15:00:00+00:00,213.6901,0.6489992
2025-12-26 16:00:00+00:00,96.340096,1.6299692
2025-12-26 17:00:00+00:00,109.653915,5.3517847
2025-12-26 18:00:00+00:00,85.76369,4.8733153
2025-12-26 19:00:00+00:00,74.407135,8.035746
2025-12-26 20:00:00+00:00,69.44388,4.613762
2025-12-26 21:00:00+00:00,73.61038,3.189608
2025-12-26 22:00:00+00:00,112.61991,2.3400002
2025-12-26 23:00:00+00:00,113.19862,2.7416782
2025-12-27 00:00:00+00:00,68.96242,5.0142193
2025-12-27 01:00:00+00:00,80.31129,7.486788
2025-12-27 02:00:00+00:00,77.619255,7.555712
2025-12-27 03:00:00+00:00,83.659904,6.519877
2025-12-27 04:00:00+00:00,77.735245,8.473393
2025-12-27 05:00:00+00:00,73.88651,8.431228
2025-12-27 06:00:00+00:00,61.504463,7.1684303
2025-12-27 07:00:00+00:00,11.3098955,3.671294
2025-12-27 08:00:00+00:00,284.74362,7.072878
2025-12-27 09:00:00+00:00,258.559,15.426535
2025-12-27 10:00:00+00:00,252.13982,17.020235
2025-12-27 11:00:00+00:00,261.20267,15.299999
2025-12-27 12:00:00+00:00,282.42593,10.874741
2025-12-27 13:00:00+00:00,275.28998,9.761578
2025-12-27 14:00:00+00:00,296.0753,9.418661
2025-12-27 15:00:00+00:00,302.27563,8.0899935
2025-12-27 16:00:00+00:00,308.0471,5.257109
2025-12-27 17:00:00+00:00,224.9999,2.0364676
2025-12-27 18:00:00+00:00,197.10281,2.4482646
2025-12-27 19:00:00+00:00,345.06854,2.7943513
2025-12-27 20:00:00+00:00,82.40546,5.4477882
2025-12-27 21:00:00+00:00,182.12105,4.8633323
2025-12-27 22:00:00+00:00,307.87503,4.1046314
2025-12-27 23:00:00+00:00,120.963684,6.297428
2025-12-28 00:00:00+00:00,131.98714,4.8433046
2025-12-28 01:00:00+00:00,109.440125,3.244996
2025-12-28 02:00:00+00:00,62.70051,6.279395
2025-12-28 03:00:00+00:00,64.72231,7.16617
2025-12-28 04:00:00+00:00,75.96373,5.937272
2025-12-28 05:00:00+00:00,98.530685,3.6402748
2025-12-28 06:00:00+00:00,111.801476,1.9386592
2025-12-28 07:00:00+00:00,262.8751,2.9024127
2025-12-28 08:00:00+00:00,276.5462,11.052058
2025-12-28 09:00:00+00:00,272.12103,14.589996
2025-12-28 10:00:00+00:00,260.31128,14.973576
2025-12-28 11:00:00+00:00,250.20103,14.348156
2025-12-28 12:00:00+00:00,264.2895,12.662843
2025-12-28 13:00:00+00:00,266.6336,9.195868
2025-12-28 14:00:00+00:00,273.01273,6.849467
2025-12-28 15:00:00+00:00,290.55612,4.613762
2025-12-28 16:00:00+00:00,334.35904,4.991553
2025-12-28 17:00:00+00:00,71.564964,0.56920993
2025-12-28 18:00:00+00:00,84.2895,1.8089776
2025-12-28 19:00:00+00:00,90.0,4.32
2025-12-28 20:00:00+00:00,95.19434,3.9763298
2025-12-28 21:00:00+00:00,90.0,3.2399998
2025-12-28 22:00:00+00:00,92.385895,4.323748
2025-12-28 23:00:00+00:00,100.17545,7.1321807
2025-12-29 00:00:00+00:00,91.97489,5.223103
2025-12-29 01:00:00+00:00,63.435013,6.037383
2025-12-29 02:00:00+00:00,68.428635,8.322932
2025-12-29 03:00:00+00:00,80.07382,7.3094187
2025-12-29 04:00:00+00:00,80.07382,7.3094187
2025-12-29 05:00:00+00:00,79.69521,4.0249224
2025-12-29 06:00:00+00:00,333.43503,2.0124612
2025-12-29 07:00:00+00:00,282.68036,7.3799996
2025-12-29 08:00:00+00:00,267.58054,12.791403
2025-12-29 09:00:00+00:00,262.26648,14.713831
2025-12-29 10:00:00+00:00,261.31372,13.110376
2025-12-29 11:00:00+00:00,258.6901,11.9317045
2025-12-29 12:00:00+00:00,254.57777,10.829959
2025-12-29 13:00:00+00:00,246.29735,8.0599
2025-12-29 14:00:00+00:00,274.96964,8.311245
2025-12-29 15:00:00+00:00,306.11945,8.244708
2025-12-29 16:00:00+00:00,320.90613,7.42159
2025-12-29 17:00:00+00:00,309.8055,2.8116899
2025-12-29 18:00:00+00:00,360.0,2.16
2025-12-29 19:00:00+00:00,22.249071,4.278551
2025-12-29 20:00:00+00:00,38.65983,4.6102495
2025-12-29 21:00:00+00:00,22.47948,5.6492476
2025-12-29 22:00:00+00:00,15.642312,4.6730714
2025-12-29 23:00:00+00:00,17.354122,6.0347
2025-12-30 00:00:00+00:00,68.96242,2.5071096
2025-12-30 01:00:00+00:00,116.56499,2.4149535
2025-12-30 02:00:00+00:00,96.340096,4.8899083
2025-12-30 03:00:00+00:00,90.0,4.5
2025-12-30 04:00:00+00:00,59.03632,3.148714
2025-12-30 05:00:00+00:00,5.7105074,1.8089776
2025-12-30 06:00:00+00:00,331.69934,2.657668
2025-12-30 07:00:00+00:00,285.94547,5.2416787
2025-12-30 08:00:00+00:00,275.7105,10.853866
2025-12-30 09:00:00+00:00,278.02713,14.178928
2025-12-30 10:00:00+00:00,279.21094,13.493999
2025-12-30 11:00:00+00:00,282.66507,16.419512
2025-12-30 12:00:00+00:00,295.92484,14.410121
2025-12-30 13:00:00+00:00,300.1413,12.904882
2025-12-30 14:00:00+00:00,305.9606,11.341428
2025-12-30 15:00:00+00:00,325.0079,6.59154
2025-12-30 16:00:00+00:00,34.9921,4.39436
2025-12-30 17:00:00+00:00,41.98713,4.8433046
2025-12-30 18:00:00+00:00,5.19435,3.9763298
2025-12-30 19:00:00+00:00,23.962492,5.318383
2025-12-30 20:00:00+00:00,34.3804,4.143911
2025-12-30 21:00:00+00:00,40.364468,4.724786
2025-12-30 22:00:00+00:00,43.876797,6.4924874
2025-12-30 23:00:00+00:00,92.60251,3.964089
2025-12-31 00:00:00+00:00,209.4758,4.755544
2025-12-31 01:00:00+00:00,353.9911,3.438895
2025-12-31 02:00:00+00:00,340.70987,3.8141315
2025-12-31 03:00:00+00:00,329.74365,5.00128
2025-12-31 04:00:00+00:00,306.60718,7.8480825
2025-12-31 05:00:00+00:00,289.13373,9.335737
2025-12-31 06:00:00+00:00,283.34872,10.914888
2025-12-31 07:00:00+00:00,279.70657,13.878688
2025-12-31 08:00:00+00:00,277.03784,14.690691
2025-12-31 09:00:00+00:00,279.24603,15.683776
2025-12-31 10:00:00+00:00,283.04562,15.151039
2025-12-31 11:00:00+00:00,286.7713,13.723745
2025-12-31 12:00:00+00:00,281.76825,13.238261
2025-12-31 13:00:00+00:00,292.4428,8.958504
2025-12-31 14:00:00+00:00,295.7099,10.787993
2025-12-31 15:00:00+00:00,329.74365,5.00128
2025-12-31 16:00:00+00:00,35.134277,5.9427266
2025-12-31 17:00:00+00:00,54.46224,7.7420926
2025-12-31 18:00:00+00:00,59.93151,7.9036193
2025-12-31 19:00:00+00:00,35.75398,5.5450516
2025-12-31 20:00:00+00:00,26.564985,4.829907
2025-12-31 21:00:00+00:00,46.636536,4.4565907
2025-12-31 22:00:00+00:00,49.398785,6.638072
2025-12-31 23:00:00+00:00,46.2188,5.983477
