date,wind_direction_10m,wind_speed_10m
2025-01-01 00:00:00+00:00,323.13,4.5
2025-01-01 01:00:00+00:00,318.991,5.48631
2025-01-01 02:00:00+00:00,315.0001,4.3274937
2025-01-01 03:00:00+00:00,323.97253,4.8965297
2025-01-01 04:00:00+00:00,311.63345,4.3349743
2025-01-01 05:00:00+00:00,308.991,4.863332
2025-01-01 06:00:00+00:00,299.0545,5.5596404
2025-01-01 07:00:00+00:00,304.59235,6.341009
2025-01-01 08:00:00+00:00,319.39877,6.638072
2025-01-01 09:00:00+00:00,333.43503,7.24486
2025-01-01 10:00:00+00:00,350.53775,7.6642804
2025-01-01 11:00:00+00:00,352.0566,7.814986
2025-01-01 12:00:00+00:00,356.98727,6.849467
2025-01-01 13:00:00+00:00,6.581848,4.7110505
2025-01-01 14:00:00+00:00,340.46326,5.920878
2025-01-01 15:00:00+00:00,327.38077,5.3426957
2025-01-01 16:00:00+00:00,324.46225,4.6452556
2025-01-01 17:00:00+00:00,324.46225,4.6452556
2025-01-01 18:00:00+00:00,323.61554,4.2481523
2025-01-01 19:00:00+00:00,323.13,4.5
2025-01-01 20:00:00+00:00,324.6887,5.293959
2025-01-01 21:00:00+00:00,323.13004,5.3999996
2025-01-01 22:00:00+00:00,332.5925,5.4744864
2025-01-01 23:00:00+00:00,338.5522,5.414979
2025-01-02 00:00:00+00:00,329.03632,4.198285
2025-01-02 01:00:00+00:00,332.3541,4.2671766
2025-01-02 02:00:00+00:00,331.8215,5.7176566
2025-01-02 03:00:00+00:00,329.8587,6.452441
2025-01-02 04:00:00+00:00,332.78397,7.0843205
2025-01-02 05:00:00+00:00,323.13,7.2
2025-01-02 06:00:00+00:00,330.42227,7.6579366
2025-01-02 07:00:00+00:00,345.00485,10.435344
2025-01-02 08:00:00+00:00,354.2895,9.044888
2025-01-02 09:00:00+00:00,2.7926505,7.388775
2025-01-02 10:00:00+00:00,337.01126,6.452441
2025-01-02 11:00:00+00:00,327.52884,7.0407386
2025-01-02 12:00:00+00:00,349.69522,4.0249224
2025-01-02 13:00:00+00:00,9.462261,3.2846913
2025-01-02 14:00:00+00:00,348.6901,2.7534704
2025-01-02 15:00:00+00:00,345.3791,4.278551
2025-01-02 16:00:00+00:00,1.8475709,5.5829024
2025-01-02 17:00:00+00:00,11.3098955,6.424764
2025-01-02 18:00:00+00:00,9.462248,4.379589
2025-01-02 19:00:00+00:00,358.21014,5.7628117
2025-01-02 20:00:00+00:00,354.47253,5.6060677
2025-01-02 21:00:00+00:00,2.93562,7.029225
2025-01-02 22:00:00+00:00,6.9528637,7.4346757
2025-01-02 23:00:00+00:00,7.4313188,8.350138
2025-01-03 00:00:00+00:00,6.980963,8.885877
2025-01-03 01:00:00+00:00,8.652461,8.37532
2025-01-03 02:00:00+00:00,11.07017,8.43699
2025-01-03 03:00:00+00:00,11.821464,7.9077177
2025-01-03 04:00:00+00:00,14.381432,7.247096
2025-01-03 05:00:00+00:00,1.5481218,6.6624317
2025-01-03 06:00:00+00:00,9.246045,7.841888
2025-01-03 07:00:00+00:00,1.1232841,9.181765
2025-01-03 08:00:00+00:00,4.8990126,6.3231
2025-01-03 09:00:00+00:00,6.3401003,4.8899083
2025-01-03 10:00:00+00:00,19.536749,5.920878
2025-01-03 11:00:00+00:00,19.093594,4.952453
2025-01-03 12:00:00+00:00,24.775122,2.5772076
2025-01-03 13:00:00+00:00,24.443953,6.5248446
2025-01-03 14:00:00+00:00,25.114815,6.361415
2025-01-03 15:00:00+00:00,21.801476,5.815978
2025-01-03 16:00:00+00:00,20.556128,6.151683
2025-01-03 17:00:00+00:00,22.751022,6.050785
2025-01-03 18:00:00+00:00,25.114815,6.361415
2025-01-03 19:00:00+00:00,21.801476,5.815978
2025-01-03 20:00:00+00:00,23.428713,5.8852015
2025-01-03 21:00:00+00:00,18.924751,6.66
2025-01-03 22:00:00+00:00,19.983198,8.427383
2025-01-03 23:00:00+00:00,18.824812,8.36758
2025-01-04 00:00:00+00:00,23.198618,8.225035
2025-01-04 01:00:00+00:00,16.58742,8.827343
2025-01-04 02:00:00+00:00,17.354122,9.05205
2025-01-04 03:00:00+00:00,14.620926,8.557102
2025-01-04 04:00:00+00:00,8.841739,8.197414
2025-01-04 05:00:00+00:00,360.0,5.5799994
2025-01-04 06:00:00+00:00,303.02386,4.293669
2025-01-04 07:00:00+00:00,271.63654,6.302571
2025-01-04 08:00:00+00:00,279.21094,6.7469993
2025-01-04 09:00:00+00:00,281.68933,5.3305535
2025-01-04 10:00:00+00:00,263.6599,3.2599385
2025-01-04 11:00:00+00:00,322.43134,2.9522195
2025-01-04 12:00:00+00:00,6.5197067,6.341009
2025-01-04 13:00:00+00:00,20.07162,9.965239
2025-01-04 14:00:00+00:00,20.924576,13.1041975
2025-01-04 15:00:00+00:00,23.404713,13.141232
2025-01-04 16:00:00+00:00,16.771315,13.723745
2025-01-04 17:00:00+00:00,13.828678,12.049249
2025-01-04 18:00:00+00:00,5.599257,9.224011
2025-01-04 19:00:00+00:00,11.725089,9.743305
2025-01-04 20:00:00+00:00,11.3098955,9.178235
2025-01-04 21:00:00+00:00,3.5034683,8.836514
2025-01-04 22:00:00+00:00,354.80566,7.9526596
2025-01-04 23:00:00+00:00,356.6336,6.130579
2025-01-05 00:00:00+00:00,330.25522,5.8048253
2025-01-05 01:00:00+00:00,318.36655,6.502461
2025-01-05 02:00:00+00:00,342.03076,7.0015144
2025-01-05 03:00:00+00:00,332.6502,5.8769383
2025-01-05 04:00:00+00:00,331.11353,5.9617786
2025-01-05 05:00:00+00:00,301.32864,4.846648
2025-01-05 06:00:00+00:00,261.02747,6.924738
2025-01-05 07:00:00+00:00,244.7989,10.1456785
2025-01-05 08:00:00+00:00,250.34608,8.027677
2025-01-05 09:00:00+00:00,235.1246,7.2403865
2025-01-05 10:00:00+00:00,259.21576,3.84796
2025-01-05 11:00:00+00:00,320.1945,5.6233797
2025-01-05 12:00:00+00:00,357.22983,11.173057
2025-01-05 13:00:00+00:00,1.5274947,13.504799
2025-01-05 14:00:00+00:00,14.364615,15.236338
2025-01-05 15:00:00+00:00,29.388927,17.972979
2025-01-05 16:00:00+00:00,29.109764,18.13003
2025-01-05 17:00:00+00:00,28.83541,18.287502
2025-01-05 18:00:00+00:00,27.108055,16.985933
2025-01-05 19:00:00+00:00,27.40749,16.42346
2025-01-05 20:00:00+00:00,27.962143,16.50709
2025-01-05 21:00:00+00:00,25.463305,16.746773
2025-01-05 22:00:00+00:00,26.564985,16.904673
2025-01-05 23:00:00+00:00,26.833973,17.146358
2025-01-06 00:00:00+00:00,29.427368,16.1198
2025-01-06 01:00:00+00:00,22.217653,13.8049555
2025-01-06 02:00:00+00:00,21.801476,14.539945
2025-01-06 03:00:00+00:00,21.25058,13.905509
2025-01-06 04:00:00+00:00,20.647078,13.272482
2025-01-06 05:00:00+00:00,31.429514,11.391313
2025-01-06 06:00:00+00:00,37.794006,11.161451
2025-01-06 07:00:00+00:00,49.28924,10.210936
2025-01-06 08:00:00+00:00,47.93576,9.9408245
2025-01-06 09:00:00+00:00,49.398785,9.957108
2025-01-06 10:00:00+00:00,43.567978,10.185519
2025-01-06 11:00:00+00:00,33.6901,10.383987
2025-01-06 12:00:00+00:00,29.638298,12.011544
2025-01-06 13:00:00+00:00,25.640957,9.983106
2025-01-06 14:00:00+00:00,26.564985,9.257321
2025-01-06 15:00:00+00:00,21.31798,7.9220443
2025-01-06 16:00:00+00:00,23.198618,8.225035
2025-01-06 17:00:00+00:00,32.005356,10.1887
2025-01-06 18:00:00+00:00,32.005356,10.1887
2025-01-06 19:00:00+00:00,31.328646,9.693296
2025-01-06 20:00:00+00:00,31.372961,8.643749
2025-01-06 21:00:00+00:00,30.343174,8.55142
2025-01-06 22:00:00+00:00,29.898815,8.305396
2025-01-06 23:00:00+00:00,31.429514,7.5942082
2025-01-07 00:00:00+00:00,39.400646,6.522361
2025-01-07 01:00:00+00:00,39.644142,8.181589
2025-01-07 02:00:00+00:00,46.90914,7.6409945
2025-01-07 03:00:00+00:00,46.2188,5.983477
2025-01-07 04:00:00+00:00,47.72637,5.3517847
2025-01-07 05:00:00+00:00,94.76356,2.1674871
2025-01-07 06:00:00+00:00,231.34016,1.1525624
2025-01-07 07:00:00+00:00,156.0375,1.7727944
2025-01-07 08:00:00+00:00,202.38017,3.3092597
2025-01-07 09:00:00+00:00,261.87,1.2727921
2025-01-07 10:00:00+00:00,258.6901,1.835647
2025-01-07 11:00:00+00:00,288.43503,3.4152596
2025-01-07 12:00:00+00:00,5.9060555,5.2478566
2025-01-07 13:00:00+00:00,8.130019,6.3639607
2025-01-07 14:00:00+00:00,7.495768,6.898956
2025-01-07 15:00:00+00:00,355.91446,7.579261
2025-01-07 16:00:00+00:00,5.3144655,7.7734165
2025-01-07 17:00:00+00:00,1.3321922,7.7420926
2025-01-07 18:00:00+00:00,360.0,8.099999
2025-01-07 19:00:00+00:00,360.0,8.099999
2025-01-07 20:00:00+00:00,1.218852,8.461914
2025-01-07 21:00:00+00:00,360.0,8.28
2025-01-07 22:00:00+00:00,358.75467,8.281956
2025-01-07 23:00:00+00:00,354.92047,8.131936
2025-01-08 00:00:00+00:00,357.45523,8.107996
2025-01-08 01:00:00+00:00,357.33707,7.748368
2025-01-08 02:00:00+00:00,354.2895,7.2359104
2025-01-08 03:00:00+00:00,351.2539,7.102591
2025-01-08 04:00:00+00:00,349.82455,7.1321807
2025-01-08 05:00:00+00:00,348.95908,7.519175
2025-01-08 06:00:00+00:00,341.56494,7.968939
2025-01-08 07:00:00+00:00,327.52884,7.0407386
2025-01-08 08:00:00+00:00,310.60123,8.297589
2025-01-08 09:00:00+00:00,313.36346,8.913181
2025-01-08 10:00:00+00:00,325.2221,7.889258
2025-01-08 11:00:00+00:00,329.74365,7.5019197
2025-01-08 12:00:00+00:00,358.60284,7.3821945
2025-01-08 13:00:00+00:00,347.79953,6.8138976
2025-01-08 14:00:00+00:00,354.4279,7.415038
2025-01-08 15:00:00+00:00,2.6025116,7.928178
2025-01-08 16:00:00+00:00,1.3321922,7.7420926
2025-01-08 17:00:00+00:00,360.0,7.92
2025-01-08 18:00:00+00:00,2.4366064,8.467655
2025-01-08 19:00:00+00:00,4.6667724,8.849339
2025-01-08 20:00:00+00:00,5.8262515,8.865799
2025-01-08 21:00:00+00:00,5.8262515,8.865799
2025-01-08 22:00:00+00:00,6.20336,8.32877
2025-01-08 23:00:00+00:00,5.0795207,8.131936
2025-01-09 00:00:00+00:00,5.0795207,8.131936
2025-01-09 01:00:00+00:00,358.83087,8.821836
2025-01-09 02:00:00+00:00,358.78116,8.461914
2025-01-09 03:00:00+00:00,1.2453395,8.281956
2025-01-09 04:00:00+00:00,358.66782,7.7420926
2025-01-09 05:00:00+00:00,2.385899,8.647496
2025-01-09 06:00:00+00:00,351.15826,8.197414
2025-01-09 07:00:00+00:00,339.44388,7.689603
2025-01-09 08:00:00+00:00,332.81897,7.4867883
2025-01-09 09:00:00+00:00,327.42596,7.689603
2025-01-09 10:00:00+00:00,329.2646,7.748368
2025-01-09 11:00:00+00:00,340.14468,6.889557
2025-01-09 12:00:00+00:00,358.66782,7.7420926
2025-01-09 13:00:00+00:00,4.5738406,9.028754
2025-01-09 14:00:00+00:00,1.218852,8.461914
2025-01-09 15:00:00+00:00,3.9004252,7.9383874
2025-01-09 16:00:00+00:00,6.6324186,7.79215
2025-01-09 17:00:00+00:00,10.840266,8.613709
2025-01-09 18:00:00+00:00,11.5345955,9.0018
2025-01-09 19:00:00+00:00,12.171442,9.391102
2025-01-09 20:00:00+00:00,11.94416,9.56713
2025-01-09 21:00:00+00:00,11.093693,9.354806
2025-01-09 22:00:00+00:00,10.61961,8.790563
2025-01-09 23:00:00+00:00,10.0805435,8.227004
2025-01-10 00:00:00+00:00,10.304792,8.049845
2025-01-10 01:00:00+00:00,2.3372545,8.827344
2025-01-10 02:00:00+00:00,13.17257,8.688613
2025-01-10 03:00:00+00:00,16.113499,8.431228
2025-01-10 04:00:00+00:00,18.060568,8.709098
2025-01-10 05:00:00+00:00,19.573223,8.596766
2025-01-10 06:00:00+00:00,13.324542,7.029225
2025-01-10 07:00:00+00:00,13.706991,7.596341
2025-01-10 08:00:00+00:00,17.447285,6.603817
2025-01-10 09:00:00+00:00,16.699326,5.637765
2025-01-10 10:00:00+00:00,25.201094,6.763786
2025-01-10 11:00:00+00:00,31.798878,10.589448
2025-01-10 12:00:00+00:00,31.390213,12.440851
2025-01-10 13:00:00+00:00,26.916481,13.121493
2025-01-10 14:00:00+00:00,25.38787,11.755254
2025-01-10 15:00:00+00:00,22.93213,10.163227
2025-01-10 16:00:00+00:00,20.806877,9.627896
2025-01-10 17:00:00+00:00,20.07162,9.965239
2025-01-10 18:00:00+00:00,21.037588,10.028439
2025-01-10 19:00:00+00:00,21.413042,9.860649
2025-01-10 20:00:00+00:00,22.380184,9.927779
2025-01-10 21:00:00+00:00,21.991192,10.094454
2025-01-10 22:00:00+00:00,22.78244,9.761578
2025-01-10 23:00:00+00:00,23.198618,9.595874
2025-01-11 00:00:00+00:00,23.198618,9.595874
2025-01-11 01:00:00+00:00,20.556128,10.765445
2025-01-11 02:00:00+00:00,23.749514,9.83268
2025-01-11 03:00:00+00:00,28.072395,9.179999
2025-01-11 04:00:00+00:00,15.376317,7.4672885
2025-01-11 05:00:00+00:00,23.198618,4.1125174
2025-01-11 06:00:00+00:00,278.74606,4.73506
2025-01-11 07:00:00+00:00,304.9921,6.59154
2025-01-11 08:00:00+00:00,304.9921,6.59154
2025-01-11 09:00:00+00:00,329.62094,6.050785
2025-01-11 10:00:00+00:00,296.56497,5.2323985
2025-01-11 11:00:00+00:00,344.57776,5.4149795
2025-01-11 12:00:00+00:00,18.435053,3.4152596
2025-01-11 13:00:00+00:00,28.610369,11.276968
2025-01-11 14:00:00+00:00,27.680971,12.399113
2025-01-11 15:00:00+00:00,27.012596,10.304114
2025-01-11 16:00:00+00:00,31.138918,10.094454
2025-01-11 17:00:00+00:00,32.399826,11.08572
2025-01-11 18:00:00+00:00,24.842371,10.711135
2025-01-11 19:00:00+00:00,22.380184,9.927779
2025-01-11 20:00:00+00:00,19.133741,9.335737
2025-01-11 21:00:00+00:00,9.462261,6.5693827
2025-01-11 22:00:00+00:00,20.72564,7.120815
2025-01-11 23:00:00+00:00,20.224945,7.289444
2025-01-12 00:00:00+00:00,27.979382,6.5223618
2025-01-12 01:00:00+00:00,15.780828,8.604301
2025-01-12 02:00:00+00:00,20.323217,5.1826253
2025-01-12 03:00:00+00:00,29.931421,6.854195
2025-01-12 04:00:00+00:00,8.130019,3.8183763
2025-01-12 05:00:00+00:00,245.22488,2.5772076
2025-01-12 06:00:00+00:00,279.46225,5.4744864
2025-01-12 07:00:00+00:00,273.27042,6.310277
2025-01-12 08:00:00+00:00,270.0,6.2999997
2025-01-12 09:00:00+00:00,270.0,5.5799994
2025-01-12 10:00:00+00:00,264.2895,5.426933
2025-01-12 11:00:00+00:00,260.53775,4.379589
2025-01-12 12:00:00+00:00,273.57626,2.8856194
2025-01-12 13:00:00+00:00,56.309914,0.6489992
2025-01-12 14:00:00+00:00,32.96941,7.9383874
2025-01-12 15:00:00+00:00,29.29127,8.461914
2025-01-12 16:00:00+00:00,36.027473,7.344794
2025-01-12 17:00:00+00:00,37.405437,7.7043357
2025-01-12 18:00:00+00:00,35.75398,5.5450516
2025-01-12 19:00:00+00:00,30.963696,6.297428
2025-01-12 20:00:00+00:00,27.758451,7.729527
2025-01-12 21:00:00+00:00,17.87879,5.8631387
2025-01-12 22:00:00+00:00,28.495539,7.1684303
2025-01-12 23:00:00+00:00,17.354122,6.0347
2025-01-13 00:00:00+00:00,25.114815,6.361415
2025-01-13 01:00:00+00:00,35.537766,7.7420926
2025-01-13 02:00:00+00:00,33.6901,5.1919937
2025-01-13 03:00:00+00:00,33.6901,3.244996
2025-01-13 04:00:00+00:00,30.963696,1.0495713
2025-01-13 05:00:00+00:00,196.69933,1.8792552
2025-01-13 06:00:00+00:00,243.43501,1.609969
2025-01-13 07:00:00+00:00,266.186,2.7059932
2025-01-13 08:00:00+00:00,299.35767,3.3043609
2025-01-13 09:00:00+00:00,310.91428,3.572898
2025-01-13 10:00:00+00:00,281.88864,3.4949677
2025-01-13 11:00:00+00:00,315.0001,2.5455842
2025-01-13 12:00:00+00:00,23.962492,5.318383
2025-01-13 13:00:00+00:00,26.564985,7.6473517
2025-01-13 14:00:00+00:00,25.016869,8.93859
2025-01-13 15:00:00+00:00,25.559923,9.178235
2025-01-13 16:00:00+00:00,20.695532,8.65873
2025-01-13 17:00:00+00:00,16.58742,8.827343
2025-01-13 18:00:00+00:00,13.448633,8.513448
2025-01-13 19:00:00+00:00,13.17257,8.688613
2025-01-13 20:00:00+00:00,11.76827,8.825508
2025-01-13 21:00:00+00:00,9.462248,8.759178
2025-01-13 22:00:00+00:00,11.3098955,9.178235
2025-01-13 23:00:00+00:00,10.61961,8.790563
2025-01-14 00:00:00+00:00,12.171442,9.391102
2025-01-14 01:00:00+00:00,6.70975,9.243311
2025-01-14 02:00:00+00:00,11.07017,8.43699
2025-01-14 03:00:00+00:00,6.6324186,7.79215
2025-01-14 04:00:00+00:00,1.3321922,7.7420926
2025-01-14 05:00:00+00:00,355.91446,7.579261
2025-01-14 06:00:00+00:00,338.6293,8.891344
2025-01-14 07:00:00+00:00,345.3791,8.557102
2025-01-14 08:00:00+00:00,350.9098,9.114471
2025-01-14 09:00:00+00:00,2.0095148,10.266314
2025-01-14 10:00:00+00:00,10.61961,11.720751
2025-01-14 11:00:00+00:00,17.571348,11.328566
2025-01-14 12:00:00+00:00,20.353325,11.903159
2025-01-14 13:00:00+00:00,20.820974,13.672893
2025-01-14 14:00:00+00:00,19.60419,13.948548
2025-01-14 15:00:00+00:00,18.924751,13.32
2025-01-14 16:00:00+00:00,17.684484,13.036026
2025-01-14 17:00:00+00:00,17.715889,13.605189
2025-01-14 18:00:00+00:00,18.904669,13.88919
2025-01-14 19:00:00+00:00,20.472363,14.410121
2025-01-14 20:00:00+00:00,20.637625,14.810401
2025-01-14 21:00:00+00:00,18.869099,15.027575
2025-01-14 22:00:00+00:00,18.64963,15.198012
2025-01-14 23:00:00+00:00,18.00426,15.141414
2025-01-15 00:00:00+00:00,18.435053,15.3686695
2025-01-15 01:00:00+00:00,14.588961,13.577776
2025-01-15 02:00:00+00:00,14.036275,13.358861
2025-01-15 03:00:00+00:00,13.840727,12.791403
2025-01-15 04:00:00+00:00,13.431052,12.399112
2025-01-15 05:00:00+00:00,11.929298,13.062098
2025-01-15 06:00:00+00:00,8.857885,14.027302
2025-01-15 07:00:00+00:00,8.027157,14.178928
2025-01-15 08:00:00+00:00,1.7356651,11.885453
2025-01-15 09:00:00+00:00,358.78116,8.461914
2025-01-15 10:00:00+00:00,351.11942,5.8298883
2025-01-15 11:00:00+00:00,8.130019,6.3639607
2025-01-15 12:00:00+00:00,24.775122,10.30883
2025-01-15 13:00:00+00:00,23.962492,12.409561
2025-01-15 14:00:00+00:00,27.149609,15.778518
2025-01-15 15:00:00+00:00,26.840433,16.74387
2025-01-15 16:00:00+00:00,26.2882,16.663372
2025-01-15 17:00:00+00:00,23.772354,16.521803
2025-01-15 18:00:00+00:00,24.087458,16.759342
2025-01-15 19:00:00+00:00,24.599777,16.431347
2025-01-15 20:00:00+00:00,23.772354,16.521803
2025-01-15 21:00:00+00:00,24.904745,16.670176
2025-01-15 22:00:00+00:00,26.016727,16.824945
2025-01-15 23:00:00+00:00,26.29473,17.065859
2025-01-16 00:00:00+00:00,27.645891,17.068707
2025-01-16 01:00:00+00:00,32.73523,17.974781
2025-01-16 02:00:00+00:00,24.943882,17.072504
2025-01-16 03:00:00+00:00,30.465475,14.20062
2025-01-16 04:00:00+00:00,34.939384,16.029099
2025-01-16 05:00:00+00:00,42.46639,14.396625
2025-01-16 06:00:00+00:00,35.75398,16.635157
2025-01-16 07:00:00+00:00,23.552286,15.315873
2025-01-16 08:00:00+00:00,22.217653,13.8049555
2025-01-16 09:00:00+00:00,22.203527,9.526405
2025-01-16 10:00:00+00:00,2.2905633,4.503598
2025-01-16 11:00:00+00:00,19.290138,7.628263
2025-01-16 12:00:00+00:00,35.166515,9.688281
2025-01-16 13:00:00+00:00,1.6365454,6.302571
2025-01-16 14:00:00+00:00,23.838743,8.461915
2025-01-16 15:00:00+00:00,24.775122,10.30883
2025-01-16 16:00:00+00:00,26.564985,10.464797
2025-01-16 17:00:00+00:00,25.38787,11.755254
2025-01-16 18:00:00+00:00,21.161337,11.966953
2025-01-16 19:00:00+00:00,13.815059,11.307095
2025-01-16 20:00:00+00:00,10.22212,11.157096
2025-01-16 21:00:00+00:00,6.65433,10.873252
2025-01-16 22:00:00+00:00,4.84392,10.658068
2025-01-16 23:00:00+00:00,3.9451082,10.464798
2025-01-17 00:00:00+00:00,5.102074,10.120098
2025-01-17 01:00:00+00:00,10.304792,10.062305
2025-01-17 02:00:00+00:00,10.007925,9.321845
2025-01-17 03:00:00+00:00,9.865748,8.4042845
2025-01-17 04:00:00+00:00,12.26477,8.473393
2025-01-17 05:00:00+00:00,9.865748,8.4042845
2025-01-17 06:00:00+00:00,4.184834,7.3997297
2025-01-17 07:00:00+00:00,14.349371,7.989243
2025-01-17 08:00:00+00:00,22.714453,8.39078
2025-01-17 09:00:00+00:00,30.784075,9.847496
2025-01-17 10:00:00+00:00,31.908066,11.238113
2025-01-17 11:00:00+00:00,30.963696,12.594856
2025-01-17 12:00:00+00:00,29.275164,13.619471
2025-01-17 13:00:00+00:00,25.958725,15.215058
2025-01-17 14:00:00+00:00,23.008904,14.275713
2025-01-17 15:00:00+00:00,19.916494,13.210087
2025-01-17 16:00:00+00:00,18.178116,12.69351
2025-01-17 17:00:00+00:00,17.684484,13.036026
2025-01-17 18:00:00+00:00,15.843147,13.845967
2025-01-17 19:00:00+00:00,17.488089,13.776763
2025-01-17 20:00:00+00:00,17.049126,14.120539
2025-01-17 21:00:00+00:00,15.068535,14.539945
2025-01-17 22:00:00+00:00,17.311733,14.517644
2025-01-17 23:00:00+00:00,16.04002,14.98331
2025-01-18 00:00:00+00:00,15.561579,14.761098
2025-01-18 01:00:00+00:00,16.837555,14.292725
2025-01-18 02:00:00+00:00,15.945477,14.414617
2025-01-18 03:00:00+00:00,13.85145,13.533558
2025-01-18 04:00:00+00:00,11.3098955,12.849528
2025-01-18 05:00:00+00:00,9.963748,13.523978
2025-01-18 06:00:00+00:00,12.236096,15.287288
2025-01-18 07:00:00+00:00,12.938063,13.666967
2025-01-18 08:00:00+00:00,6.2257357,9.9587345
2025-01-18 09:00:00+00:00,17.418066,9.621163
2025-01-18 10:00:00+00:00,27.149609,7.889259
2025-01-18 11:00:00+00:00,25.346138,7.5685663
2025-01-18 12:00:00+00:00,31.723568,11.638917
2025-01-18 13:00:00+00:00,30.1413,12.904882
2025-01-18 14:00:00+00:00,26.564985,13.282243
2025-01-18 15:00:00+00:00,27.680971,12.399113
2025-01-18 16:00:00+00:00,22.249084,12.835653
2025-01-18 17:00:00+00:00,16.29413,12.189602
2025-01-18 18:00:00+00:00,17.949495,13.433838
2025-01-18 19:00:00+00:00,16.837555,14.292725
2025-01-18 20:00:00+00:00,19.983198,14.747921
2025-01-18 21:00:00+00:00,19.06929,15.426537
2025-01-18 22:00:00+00:00,20.94273,15.611304
2025-01-18 23:00:00+00:00,22.77042,15.812363
2025-01-19 00:00:00+00:00,18.657991,14.628807
2025-01-19 01:00:00+00:00,16.232428,14.810401
2025-01-19 02:00:00+00:00,15.76725,15.898188
2025-01-19 03:00:00+00:00,15.668225,15.329618
2025-01-19 04:00:00+00:00,12.042557,13.8037815
2025-01-19 05:00:00+00:00,352.87506,11.609651
2025-01-19 06:00:00+00:00,331.0491,9.668195
2025-01-19 07:00:00+00:00,318.27057,8.92408
2025-01-19 08:00:00+00:00,315.9391,7.7650757
2025-01-19 09:00:00+00:00,337.28555,8.39078
2025-01-19 10:00:00+00:00,342.216,10.018743
2025-01-19 11:00:00+00:00,350.21765,10.594036
2025-01-19 12:00:00+00:00,5.2738123,11.749741
2025-01-19 13:00:00+00:00,8.22664,15.095336
2025-01-19 14:00:00+00:00,16.574087,15.7754345
2025-01-19 15:00:00+00:00,20.772345,16.748707
2025-01-19 16:00:00+00:00,20.695532,17.31746
2025-01-19 17:00:00+00:00,17.145638,17.706913
2025-01-19 18:00:00+00:00,17.354122,18.1041
2025-01-19 19:00:00+00:00,16.189287,17.431213
2025-01-19 20:00:00+00:00,12.319439,16.029097
2025-01-19 21:00:00+00:00,7.8289857,14.535487
2025-01-19 22:00:00+00:00,4.4555283,13.902014
2025-01-19 23:00:00+00:00,2.93562,14.05845
2025-01-20 00:00:00+00:00,2.2604558,13.690654
2025-01-20 01:00:00+00:00,10.491434,14.827893
2025-01-20 02:00:00+00:00,11.956565,15.639297
2025-01-20 03:00:00+00:00,12.236096,15.287288
2025-01-20 04:00:00+00:00,11.449314,14.508715
2025-01-20 05:00:00+00:00,359.25595,13.861168
2025-01-20 06:00:00+00:00,352.9543,16.141893
2025-01-20 07:00:00+00:00,343.57062,14.637663
2025-01-20 08:00:00+00:00,336.3706,12.57426
2025-01-20 09:00:00+00:00,317.89133,12.616702
2025-01-20 10:00:00+00:00,304.24908,10.234705
2025-01-20 11:00:00+00:00,292.83368,7.42159
2025-01-20 12:00:00+00:00,351.38443,6.0077944
2025-01-20 13:00:00+00:00,356.26868,8.297589
2025-01-20 14:00:00+00:00,9.950565,10.4166975
2025-01-20 15:00:00+00:00,18.166054,12.124307
2025-01-20 16:00:00+00:00,18.435053,14.230248
2025-01-20 17:00:00+00:00,25.958725,15.215058
2025-01-20 18:00:00+00:00,26.564985,16.09969
2025-01-20 19:00:00+00:00,24.026505,16.357237
2025-01-20 20:00:00+00:00,20.772345,16.748707
2025-01-20 21:00:00+00:00,19.006084,17.134071
2025-01-20 22:00:00+00:00,19.204079,16.963984
2025-01-20 23:00:00+00:00,20.772345,16.748707
2025-01-21 00:00:00+00:00,20.90806,17.14919
2025-01-21 01:00:00+00:00,21.801476,16.478603
2025-01-21 02:00:00+00:00,19.046724,15.99571
2025-01-21 03:00:00+00:00,17.98743,14.572219
2025-01-21 04:00:00+00:00,15.732075,13.277364
2025-01-21 05:00:00+00:00,9.752367,11.688918
2025-01-21 06:00:00+00:00,352.76315,11.431063
2025-01-21 07:00:00+00:00,343.03375,11.103243
2025-01-21 08:00:00+00:00,341.56494,10.814989
2025-01-21 09:00:00+00:00,344.7448,8.209263
2025-01-21 10:00:00+00:00,357.79745,4.6834598
2025-01-21 11:00:00+00:00,13.392516,3.8856654
2025-01-21 12:00:00+00:00,37.725063,12.061343
2025-01-21 13:00:00+00:00,33.524498,17.273436
2025-01-21 14:00:00+00:00,32.660904,16.676977
2025-01-21 15:00:00+00:00,33.518036,16.62444
2025-01-21 16:00:00+00:00,31.200457,14.941085
2025-01-21 17:00:00+00:00,31.464104,14.138882
2025-01-21 18:00:00+00:00,28.249653,13.690653
2025-01-21 19:00:00+00:00,26.906017,13.523978
2025-01-21 20:00:00+00:00,22.61991,14.039999
2025-01-21 21:00:00+00:00,21.666033,14.138882
2025-01-21 22:00:00+00:00,19.746927,14.917212
2025-01-21 23:00:00+00:00,18.435053,14.799459
2025-01-22 00:00:00+00:00,18.00426,15.141414
2025-01-22 01:00:00+00:00,17.560366,14.915039
2025-01-22 02:00:00+00:00,15.851998,15.156386
2025-01-22 03:00:00+00:00,14.886319,14.713829
2025-01-22 04:00:00+00:00,14.226004,13.184308
2025-01-22 05:00:00+00:00,5.6174936,11.032987
2025-01-22 06:00:00+00:00,354.09393,10.495713
2025-01-22 07:00:00+00:00,350.72748,8.936778
2025-01-22 08:00:00+00:00,328.78165,6.945761
2025-01-22 09:00:00+00:00,295.8663,6.601363
2025-01-22 10:00:00+00:00,284.34937,7.989243
2025-01-22 11:00:00+00:00,312.18436,7.7734165
2025-01-22 12:00:00+00:00,342.8972,7.3447943
2025-01-22 13:00:00+00:00,349.82455,7.1321807
2025-01-22 14:00:00+00:00,22.28564,11.866355
2025-01-22 15:00:00+00:00,25.277687,14.33234
2025-01-22 16:00:00+00:00,23.749514,14.74902
2025-01-22 17:00:00+00:00,25.05759,15.299999
2025-01-22 18:00:00+00:00,22.067963,14.372974
2025-01-22 19:00:00+00:00,21.2093,12.936227
2025-01-22 20:00:00+00:00,20.462362,12.872201
2025-01-22 21:00:00+00:00,20.056185,12.072083
2025-01-22 22:00:00+00:00,20.772345,11.165805
2025-01-22 23:00:00+00:00,22.78244,9.761578
2025-01-23 00:00:00+00:00,23.962492,8.863972
2025-01-23 01:00:00+00:00,25.559923,9.178235
2025-01-23 02:00:00+00:00,25.346138,7.5685663
2025-01-23 03:00:00+00:00,19.536749,5.920878
2025-01-23 04:00:00+00:00,20.224945,7.289444
2025-01-23 05:00:00+00:00,348.31067,5.3305535
2025-01-23 06:00:00+00:00,328.17258,6.1437774
2025-01-23 07:00:00+00:00,326.7251,6.889557
2025-01-23 08:00:00+00:00,326.68936,7.538541
2025-01-23 09:00:00+00:00,320.52756,7.928177
2025-01-23 10:00:00+00:00,323.61554,8.4963045
2025-01-23 11:00:00+00:00,343.1785,8.085988
2025-01-23 12:00:00+00:00,2.4366064,8.467655
2025-01-23 13:00:00+00:00,10.684865,9.708326
2025-01-23 14:00:00+00:00,3.5762644,8.656858
2025-01-23 15:00:00+00:00,347.3196,7.3799996
2025-01-23 16:00:00+00:00,340.6409,7.0591216
2025-01-23 17:00:00+00:00,340.25308,7.458606
2025-01-23 18:00:00+00:00,339.77505,7.289444
2025-01-23 19:00:00+00:00,341.1138,7.229191
2025-01-23 20:00:00+00:00,338.19852,6.7853074
2025-01-23 21:00:00+00:00,339.62347,6.7205353
2025-01-23 22:00:00+00:00,336.3706,6.28713
2025-01-23 23:00:00+00:00,344.05453,6.5520988
2025-01-24 00:00:00+00:00,345.5792,6.5049515
2025-01-24 01:00:00+00:00,346.67545,7.029225
2025-01-24 02:00:00+00:00,352.30405,6.7205353
2025-01-24 03:00:00+00:00,350.2725,6.391901
2025-01-24 04:00:00+00:00,336.3706,6.28713
2025-01-24 05:00:00+00:00,303.6901,6.489992
2025-01-24 06:00:00+00:00,287.7005,8.880405
2025-01-24 07:00:00+00:00,296.11386,10.223619
2025-01-24 08:00:00+00:00,295.7099,10.787993
2025-01-24 09:00:00+00:00,297.84747,10.7894945
2025-01-24 10:00:00+00:00,297.95087,9.984729
2025-01-24 11:00:00+00:00,288.06055,8.709098
2025-01-24 12:00:00+00:00,278.32556,7.458606
2025-01-24 13:00:00+00:00,308.15726,6.4096174
2025-01-24 14:00:00+00:00,348.9965,6.601363
2025-01-24 15:00:00+00:00,1.3019345,7.922045
2025-01-24 16:00:00+00:00,360.0,8.459999
2025-01-24 17:00:00+00:00,360.0,8.64
2025-01-24 18:00:00+00:00,360.0,8.82
2025-01-24 19:00:00+00:00,1.1232841,9.181765
2025-01-24 20:00:00+00:00,3.179772,9.734988
2025-01-24 21:00:00+00:00,3.1220706,9.914717
2025-01-24 22:00:00+00:00,4.085537,10.105681
2025-01-24 23:00:00+00:00,5.013036,10.299397
2025-01-25 00:00:00+00:00,6.1154146,10.1376915
2025-01-25 01:00:00+00:00,4.3159466,9.567131
2025-01-25 02:00:00+00:00,8.820306,10.564942
2025-01-25 03:00:00+00:00,7.523731,9.6228485
2025-01-25 04:00:00+00:00,358.6361,7.562142
2025-01-25 05:00:00+00:00,298.1785,5.7176566
2025-01-25 06:00:00+00:00,270.0,7.7400002
2025-01-25 07:00:00+00:00,271.3019,7.922045
2025-01-25 08:00:00+00:00,276.98096,8.885877
2025-01-25 09:00:00+00:00,274.48453,9.208192
2025-01-25 10:00:00+00:00,276.98096,8.885877
2025-01-25 11:00:00+00:00,279.68872,7.486788
2025-01-25 12:00:00+00:00,312.39737,5.6060677
2025-01-25 13:00:00+00:00,5.7105074,9.044888
2025-01-25 14:00:00+00:00,11.129155,11.190442
2025-01-25 15:00:00+00:00,10.388804,10.98
2025-01-25 16:00:00+00:00,6.3401003,9.779817
2025-01-25 17:00:00+00:00,1.1232841,9.181765
2025-01-25 18:00:00+00:00,1.1457417,9.0018
2025-01-25 19:00:00+00:00,360.0,9.0
2025-01-25 20:00:00+00:00,358.83087,8.821836
2025-01-25 21:00:00+00:00,360.0,8.82
2025-01-25 22:00:00+00:00,1.218852,8.461914
2025-01-25 23:00:00+00:00,360.0,8.099999
2025-01-26 00:00:00+00:00,360.0,8.099999
2025-01-26 01:00:00+00:00,352.72507,8.528657
2025-01-26 02:00:00+00:00,355.91446,7.579261
2025-01-26 03:00:00+00:00,348.6901,6.424764
2025-01-26 04:00:00+00:00,343.8107,5.8104043
2025-01-26 05:00:00+00:00,332.7005,6.279395
2025-01-26 06:00:00+00:00,313.0251,7.386582
2025-01-26 07:00:00+00:00,310.73203,8.55142
2025-01-26 08:00:00+00:00,319.39877,9.957108
2025-01-26 09:00:00+00:00,329.03632,9.446141
2025-01-26 10:00:00+00:00,327.26477,8.9873905
2025-01-26 11:00:00+00:00,330.57263,8.0599
2025-01-26 12:00:00+00:00,325.84024,6.090812
2025-01-26 13:00:00+00:00,342.75845,5.4656014
2025-01-26 14:00:00+00:00,347.125,6.4624763
2025-01-26 15:00:00+00:00,349.28693,6.778141
2025-01-26 16:00:00+00:00,355.48608,6.8612823
2025-01-26 17:00:00+00:00,357.0644,7.029225
2025-01-26 18:00:00+00:00,354.14407,7.0568266
2025-01-26 19:00:00+00:00,351.67444,7.458606
2025-01-26 20:00:00+00:00,347.61926,7.555712
2025-01-26 21:00:00+00:00,347.61926,7.555712
2025-01-26 22:00:00+00:00,345.9637,7.42159
2025-01-26 23:00:00+00:00,345.9637,7.42159
2025-01-27 00:00:00+00:00,345.9637,7.42159
2025-01-27 01:00:00+00:00,349.59235,8.967541
2025-01-27 02:00:00+00:00,345.06854,8.383054
2025-01-27 03:00:00+00:00,342.80136,7.9138603
2025-01-27 04:00:00+00:00,345.65063,7.989243
2025-01-27 05:00:00+00:00,344.24875,7.293888
2025-01-27 06:00:00+00:00,332.30063,8.131936
2025-01-27 07:00:00+00:00,339.71735,8.827344
2025-01-27 08:00:00+00:00,346.2637,8.338489
2025-01-27 09:00:00+00:00,350.53775,8.759178
2025-01-27 10:00:00+00:00,349.3804,8.790563
2025-01-27 11:00:00+00:00,358.75467,8.281956
2025-01-27 12:00:00+00:00,10.407656,8.967541
2025-01-27 13:00:00+00:00,12.804273,8.12197
2025-01-27 14:00:00+00:00,9.246045,7.841888
2025-01-27 15:00:00+00:00,15.945477,7.8625183
2025-01-27 16:00:00+00:00,11.888645,6.9899354
2025-01-27 17:00:00+00:00,6.5197067,6.341009
2025-01-27 18:00:00+00:00,1.5911111,6.482499
2025-01-27 19:00:00+00:00,355.36462,6.6818557
2025-01-27 20:00:00+00:00,357.27374,7.5685663
2025-01-27 21:00:00+00:00,356.186,8.11798
2025-01-27 22:00:00+00:00,356.09958,7.9383874
2025-01-27 23:00:00+00:00,360.0,8.099999
2025-01-28 00:00:00+00:00,360.0,8.099999
2025-01-28 01:00:00+00:00,356.186,8.11798
2025-01-28 02:00:00+00:00,353.9911,6.87779
2025-01-28 03:00:00+00:00,345.17346,6.330782
2025-01-28 04:00:00+00:00,344.05453,6.5520988
2025-01-28 05:00:00+00:00,323.88055,8.244708
2025-01-28 06:00:00+00:00,325.4374,9.835975
2025-01-28 07:00:00+00:00,335.22488,10.30883
2025-01-28 08:00:00+00:00,341.2741,11.213581
2025-01-28 09:00:00+00:00,340.78723,12.580699
2025-01-28 10:00:00+00:00,352.67368,12.703715
2025-01-28 11:00:00+00:00,10.459866,11.897714
2025-01-28 12:00:00+00:00,15.42223,10.829959
2025-01-28 13:00:00+00:00,24.145542,11.440979
2025-01-28 14:00:00+00:00,19.767267,12.241323
2025-01-28 15:00:00+00:00,8.673101,10.742848
2025-01-28 16:00:00+00:00,3.2396317,9.555271
2025-01-28 17:00:00+00:00,5.8262515,8.865799
2025-01-28 18:00:00+00:00,5.19435,7.9526596
2025-01-28 19:00:00+00:00,19.384613,10.304115
2025-01-28 20:00:00+00:00,23.498587,13.543131
2025-01-28 21:00:00+00:00,24.166634,15.388685
2025-01-28 22:00:00+00:00,28.926332,15.629971
2025-01-28 23:00:00+00:00,29.66663,16.365158
2025-01-29 00:00:00+00:00,26.878069,14.731437
2025-01-29 01:00:00+00:00,24.102238,14.986553
2025-01-29 02:00:00+00:00,23.198618,13.708391
2025-01-29 03:00:00+00:00,19.148233,13.719023
2025-01-29 04:00:00+00:00,18.138186,10.9859
2025-01-29 05:00:00+00:00,16.389616,12.758432
2025-01-29 06:00:00+00:00,5.7105074,12.662843
2025-01-29 07:00:00+00:00,0.8813861,11.701385
2025-01-29 08:00:00+00:00,346.15927,12.791403
2025-01-29 09:00:00+00:00,358.31534,12.245294
2025-01-29 10:00:00+00:00,12.528798,11.616627
2025-01-29 11:00:00+00:00,14.036275,11.874544
2025-01-29 12:00:00+00:00,9.16228,11.304229
2025-01-29 13:00:00+00:00,28.539894,11.679212
2025-01-29 14:00:00+00:00,27.511923,9.741642
2025-01-29 15:00:00+00:00,15.75124,7.293888
2025-01-29 16:00:00+00:00,8.130019,7.6367526
2025-01-29 17:00:00+00:00,15.5928755,8.035746
2025-01-29 18:00:00+00:00,22.442802,8.958504
2025-01-29 19:00:00+00:00,10.560966,10.8029995
2025-01-29 20:00:00+00:00,11.513804,9.919618
2025-01-29 21:00:00+00:00,4.3159466,9.567131
2025-01-29 22:00:00+00:00,5.19435,7.9526596
2025-01-29 23:00:00+00:00,350.53775,6.5693827
2025-01-30 00:00:00+00:00,328.73633,5.896202
2025-01-30 01:00:00+00:00,330.25522,5.8048253
2025-01-30 02:00:00+00:00,307.56866,5.904439
2025-01-30 03:00:00+00:00,331.8215,5.7176566
2025-01-30 04:00:00+00:00,325.30478,5.692099
2025-01-30 05:00:00+00:00,292.47946,5.6492476
2025-01-30 06:00:00+00:00,288.43503,6.830519
2025-01-30 07:00:00+00:00,302.47116,7.0407386
2025-01-30 08:00:00+00:00,296.56497,7.24486
2025-01-30 09:00:00+00:00,287.96924,7.0015144
2025-01-30 10:00:00+00:00,297.2995,6.279395
2025-01-30 11:00:00+00:00,307.30402,4.752136
2025-01-30 12:00:00+00:00,320.7106,5.1165614
2025-01-30 13:00:00+00:00,331.11353,5.9617786
2025-01-30 14:00:00+00:00,334.17905,6.198903
2025-01-30 15:00:00+00:00,340.6409,7.0591216
2025-01-30 16:00:00+00:00,345.9637,8.163749
2025-01-30 17:00:00+00:00,346.2637,8.338489
2025-01-30 18:00:00+00:00,345.06854,8.383054
2025-01-30 19:00:00+00:00,345.67725,8.731391
2025-01-30 20:00:00+00:00,346.82742,8.688613
2025-01-30 21:00:00+00:00,347.34744,9.039514
2025-01-30 22:00:00+00:00,348.05585,9.56713
2025-01-30 23:00:00+00:00,349.69522,10.062305
2025-01-31 00:00:00+00:00,347.90527,10.308831
2025-01-31 01:00:00+00:00,340.9064,9.904906
2025-01-31 02:00:00+00:00,342.58194,9.621163
2025-01-31 03:00:00+00:00,345.14133,9.12513
2025-01-31 04:00:00+00:00,333.43503,8.452336
2025-01-31 05:00:00+00:00,313.63614,10.694485
2025-01-31 06:00:00+00:00,317.02136,10.825469
2025-01-31 07:00:00+00:00,316.33215,10.948973
2025-01-31 08:00:00+00:00,323.8417,11.592894
2025-01-31 09:00:00+00:00,340.0835,13.210087
2025-01-31 10:00:00+00:00,348.26144,14.156058
2025-01-31 11:00:00+00:00,360.0,14.4
2025-01-31 12:00:00+00:00,4.6986012,13.184308
2025-01-31 13:00:00+00:00,12.771242,13.842457
2025-01-31 14:00:00+00:00,21.037588,12.535549
2025-01-31 15:00:00+00:00,20.72564,14.24163
2025-01-31 16:00:00+00:00,22.456984,14.607751
2025-01-31 17:00:00+00:00,20.472363,14.410121
2025-01-31 18:00:00+00:00,21.25058,13.905509
2025-01-31 19:00:00+00:00,22.729767,14.4415655
2025-01-31 20:00:00+00:00,20.15771,15.14783
2025-01-31 21:00:00+00:00,19.093594,14.857362
2025-01-31 22:00:00+00:00,19.558346,14.517644
2025-01-31 23:00:00+00:00,20.18589,13.040997
2025-02-01 00:00:00+00:00,20.556128,12.303366
2025-02-01 01:00:00+00:00,15.945463,11.793777
2025-02-01 02:00:00+00:00,14.931467,11.177405
2025-02-01 03:00:00+00:00,12.308005,10.132897
2025-02-01 04:00:00+00:00,7.666714,9.444426
2025-02-01 05:00:00+00:00,347.34744,9.039514
2025-02-01 06:00:00+00:00,329.38147,10.248941
2025-02-01 07:00:00+00:00,324.34457,10.1902895
2025-02-01 08:00:00+00:00,307.09293,9.252069
2025-02-01 09:00:00+00:00,304.69522,8.53815
2025-02-01 10:00:00+00:00,316.08084,6.7469993
2025-02-01 11:00:00+00:00,309.55963,5.369916
2025-02-01 12:00:00+00:00,326.76828,6.2405767
2025-02-01 13:00:00+00:00,6.0723705,8.507737
2025-02-01 14:00:00+00:00,16.06006,12.362475
2025-02-01 15:00:00+00:00,13.650437,12.966248
2025-02-01 16:00:00+00:00,13.46523,13.1412325
2025-02-01 17:00:00+00:00,15.321567,13.6242285
2025-02-01 18:00:00+00:00,13.671325,13.708391
2025-02-01 19:00:00+00:00,11.76827,13.238261
2025-02-01 20:00:00+00:00,12.69958,13.100489
2025-02-01 21:00:00+00:00,12.362483,13.451914
2025-02-01 22:00:00+00:00,11.929298,13.062098
2025-02-01 23:00:00+00:00,10.304792,12.074766
2025-02-02 00:00:00+00:00,9.90412,11.5115595
2025-02-02 01:00:00+00:00,13.600564,11.481968
2025-02-02 02:00:00+00:00,11.84205,11.402683
2025-02-02 03:00:00+00:00,9.462248,9.854075
2025-02-02 04:00:00+00:00,1.218852,8.461914
2025-02-02 05:00:00+00:00,338.19852,9.693296
2025-02-02 06:00:00+00:00,333.43503,12.074766
2025-02-02 07:00:00+00:00,327.09476,10.934166
2025-02-02 08:00:00+00:00,320.1945,9.840914
2025-02-02 09:00:00+00:00,311.53168,8.415842
2025-02-02 10:00:00+00:00,315.0001,7.891311
2025-02-02 11:00:00+00:00,327.17145,6.6405115
2025-02-02 12:00:00+00:00,339.14545,8.089993
2025-02-02 13:00:00+00:00,346.75946,9.430694
2025-02-02 14:00:00+00:00,355.15607,10.658068
2025-02-02 15:00:00+00:00,356.24832,11.003581
2025-02-02 16:00:00+00:00,357.22983,11.173057
2025-02-02 17:00:00+00:00,357.1845,10.993271
2025-02-02 18:00:00+00:00,358.15244,11.165805
2025-02-02 19:00:00+00:00,356.24832,11.003581
2025-02-02 20:00:00+00:00,355.15607,10.658068
2025-02-02 21:00:00+00:00,354.09393,10.495713
2025-02-02 22:00:00+00:00,352.87506,10.158444
2025-02-02 23:00:00+00:00,350.53775,9.854075
2025-02-03 00:00:00+00:00,350.53775,9.854075
2025-02-03 01:00:00+00:00,348.6901,10.096059
2025-02-03 02:00:00+00:00,355.07297,10.478722
2025-02-03 03:00:00+00:00,353.77426,9.9587345
2025-02-03 04:00:00+00:00,344.6498,9.5196
2025-02-03 05:00:00+00:00,318.81415,9.567131
2025-02-03 06:00:00+00:00,308.25446,11.919479
2025-02-03 07:00:00+00:00,315.60303,12.0921955
2025-02-03 08:00:00+00:00,308.991,9.726664
2025-02-03 09:00:00+00:00,272.43658,8.467655
2025-02-03 10:00:00+00:00,255.96373,8.163749
2025-02-03 11:00:00+00:00,260.07382,7.3094187
2025-02-03 12:00:00+00:00,288.43503,5.6920996
2025-02-03 13:00:00+00:00,306.52896,6.048107
2025-02-03 14:00:00+00:00,325.84024,6.090812
2025-02-03 15:00:00+00:00,309.8055,5.6233797
2025-02-03 16:00:00+00:00,281.6336,6.2483597
2025-02-03 17:00:00+00:00,280.71307,6.778141
2025-02-03 18:00:00+00:00,287.3541,6.0347
2025-02-03 19:00:00+00:00,260.83774,5.6521144
2025-02-03 20:00:00+00:00,244.8852,6.361415
2025-02-03 21:00:00+00:00,243.43501,7.24486
2025-02-03 22:00:00+00:00,243.43501,6.8423676
2025-02-03 23:00:00+00:00,248.4985,6.384293
2025-02-04 00:00:00+00:00,253.81071,5.8104043
2025-02-04 01:00:00+00:00,251.07526,6.66
2025-02-04 02:00:00+00:00,253.61038,6.379216
2025-02-04 03:00:00+00:00,259.69522,6.037383
2025-02-04 04:00:00+00:00,242.02061,6.5223618
2025-02-04 05:00:00+00:00,224.16977,8.783189
2025-02-04 06:00:00+00:00,224.9999,11.45513
2025-02-04 07:00:00+00:00,232.27495,12.061343
2025-02-04 08:00:00+00:00,232.95744,11.952054
2025-02-04 09:00:00+00:00,245.22488,10.30883
2025-02-04 10:00:00+00:00,245.32315,7.329338
2025-02-04 11:00:00+00:00,257.125,6.4624763
2025-02-04 12:00:00+00:00,252.25523,4.724786
2025-02-04 13:00:00+00:00,53.13002,3.6
2025-02-04 14:00:00+00:00,40.601215,11.616626
2025-02-04 15:00:00+00:00,32.412296,13.432632
2025-02-04 16:00:00+00:00,24.67685,14.658676
2025-02-04 17:00:00+00:00,25.61544,14.572221
2025-02-04 18:00:00+00:00,31.218353,13.891522
2025-02-04 19:00:00+00:00,29.123957,14.423605
2025-02-04 20:00:00+00:00,11.84205,11.402683
2025-02-04 21:00:00+00:00,7.523731,9.6228485
2025-02-04 22:00:00+00:00,25.083572,9.340941
2025-02-04 23:00:00+00:00,14.858671,9.12513
2025-02-05 00:00:00+00:00,12.011466,8.649369
2025-02-05 01:00:00+00:00,20.897842,10.597094
2025-02-05 02:00:00+00:00,24.227736,11.843124
2025-02-05 03:00:00+00:00,29.309916,11.7662735
2025-02-05 04:00:00+00:00,28.96756,11.521406
2025-02-05 05:00:00+00:00,11.3098955,6.424764
2025-02-05 06:00:00+00:00,331.1893,4.1085763
2025-02-05 07:00:00+00:00,295.46332,4.186693
2025-02-05 08:00:00+00:00,304.82455,5.0432134
2025-02-05 09:00:00+00:00,326.3099,7.7879906
2025-02-05 10:00:00+00:00,345.5792,6.5049515
2025-02-05 11:00:00+00:00,353.88458,5.0688457
2025-02-05 12:00:00+00:00,18.435053,2.8460498
2025-02-05 13:00:00+00:00,54.46224,4.6452556
2025-02-05 14:00:00+00:00,35.09589,8.139901
2025-02-05 15:00:00+00:00,33.111355,9.885262
2025-02-05 16:00:00+00:00,29.623667,10.560341
2025-02-05 17:00:00+00:00,26.564985,10.062305
2025-02-05 18:00:00+00:00,25.602148,9.580668
2025-02-05 19:00:00+00:00,21.194136,9.459852
2025-02-05 20:00:00+00:00,15.461285,8.777653
2025-02-05 21:00:00+00:00,17.281584,8.482947
2025-02-05 22:00:00+00:00,17.281584,8.482947
2025-02-05 23:00:00+00:00,14.349371,7.989243
2025-02-06 00:00:00+00:00,13.706991,7.596341
2025-02-06 01:00:00+00:00,13.781618,9.82279
2025-02-06 02:00:00+00:00,12.652561,9.039514
2025-02-06 03:00:00+00:00,9.462261,7.6642804
2025-02-06 04:00:00+00:00,14.4208145,6.5049515
2025-02-06 05:00:00+00:00,29.898815,8.305396
2025-02-06 06:00:00+00:00,16.313938,7.689603
2025-02-06 07:00:00+00:00,10.61961,8.790563
2025-02-06 08:00:00+00:00,12.425935,10.874741
2025-02-06 09:00:00+00:00,7.59456,10.8955765
2025-02-06 10:00:00+00:00,1.1232841,9.181765
2025-02-06 11:00:00+00:00,355.48608,6.8612823
2025-02-06 12:00:00+00:00,6.7888846,7.613382
2025-02-06 13:00:00+00:00,19.384613,10.304115
2025-02-06 14:00:00+00:00,16.220268,10.310403
2025-02-06 15:00:00+00:00,17.418066,9.621163
2025-02-06 16:00:00+00:00,21.571367,8.322932
2025-02-06 17:00:00+00:00,20.409975,8.2584505
2025-02-06 18:00:00+00:00,18.435053,8.538149
2025-02-06 19:00:00+00:00,18.435053,8.538149
2025-02-06 20:00:00+00:00,17.592522,7.7420926
2025-02-06 21:00:00+00:00,12.680387,7.3799996
2025-02-06 22:00:00+00:00,9.926182,7.3094187
2025-02-06 23:00:00+00:00,8.746089,7.102591
2025-02-07 00:00:00+00:00,11.3098955,7.342588
2025-02-07 01:00:00+00:00,12.528798,8.297589
2025-02-07 02:00:00+00:00,17.592522,7.7420926
2025-02-07 03:00:00+00:00,16.144413,7.1208143
2025-02-07 04:00:00+00:00,16.144413,7.1208143
2025-02-07 05:00:00+00:00,14.826528,6.330782
2025-02-07 06:00:00+00:00,2.6025116,3.964089
2025-02-07 07:00:00+00:00,315.0001,4.3274937
2025-02-07 08:00:00+00:00,317.38596,6.114703
2025-02-07 09:00:00+00:00,326.3099,5.8409934
2025-02-07 10:00:00+00:00,317.72638,5.3517847
2025-02-07 11:00:00+00:00,342.8972,4.896529
2025-02-07 12:00:00+00:00,1.8475709,5.5829024
2025-02-07 13:00:00+00:00,18.083544,9.278297
2025-02-07 14:00:00+00:00,8.652461,8.37532
2025-02-07 15:00:00+00:00,13.448633,8.513448
2025-02-07 16:00:00+00:00,12.907409,8.863972
2025-02-07 17:00:00+00:00,14.858671,9.12513
2025-02-07 18:00:00+00:00,13.495748,9.255571
2025-02-07 19:00:00+00:00,6.842679,9.0645685
2025-02-07 20:00:00+00:00,7.8152027,9.266067
2025-02-07 21:00:00+00:00,10.007925,9.321845
2025-02-07 22:00:00+00:00,10.407656,8.967541
2025-02-07 23:00:00+00:00,10.840266,8.613709
2025-02-08 00:00:00+00:00,8.471065,8.553314
2025-02-08 01:00:00+00:00,4.6667724,8.849339
2025-02-08 02:00:00+00:00,11.07017,8.43699
2025-02-08 03:00:00+00:00,15.945477,7.8625183
2025-02-08 04:00:00+00:00,18.03438,8.139901
2025-02-08 05:00:00+00:00,14.036275,7.42159
2025-02-08 06:00:00+00:00,344.2913,5.983477
2025-02-08 07:00:00+00:00,337.6198,6.6185193
2025-02-08 08:00:00+00:00,345.5792,6.5049515
2025-02-08 09:00:00+00:00,343.49554,5.068846
2025-02-08 10:00:00+00:00,338.6293,4.445672
2025-02-08 11:00:00+00:00,4.969664,4.1556225
2025-02-08 12:00:00+00:00,24.145542,5.7204895
2025-02-08 13:00:00+00:00,26.564985,7.6473517
2025-02-08 14:00:00+00:00,28.610369,6.76618
2025-02-08 15:00:00+00:00,35.217674,7.491114
2025-02-08 16:00:00+00:00,35.09589,8.139901
2025-02-08 17:00:00+00:00,32.195713,5.7431
2025-02-08 18:00:00+00:00,29.475794,4.755544
2025-02-08 19:00:00+00:00,32.195713,5.7431
2025-02-08 20:00:00+00:00,27.29949,6.279395
2025-02-08 21:00:00+00:00,19.855309,6.889557
2025-02-08 22:00:00+00:00,29.744795,7.256032
2025-02-08 23:00:00+00:00,29.054508,5.5596404
2025-02-09 00:00:00+00:00,34.045982,8.037761
2025-02-09 01:00:00+00:00,22.442802,8.958504
2025-02-09 02:00:00+00:00,18.435053,7.968939
2025-02-09 03:00:00+00:00,24.102238,7.4932766
2025-02-09 04:00:00+00:00,11.3098955,3.671294
2025-02-09 05:00:00+00:00,25.016869,2.97953
2025-02-09 06:00:00+00:00,3.8140097,2.7059932
2025-02-09 07:00:00+00:00,4.23632,4.8733153
2025-02-09 08:00:00+00:00,350.21765,5.297018
2025-02-09 09:00:00+00:00,352.50424,6.898956
2025-02-09 10:00:00+00:00,360.0,6.8399997
2025-02-09 11:00:00+00:00,356.82022,6.489992
2025-02-09 12:00:00+00:00,355.36462,6.6818557
2025-02-09 13:00:00+00:00,24.863682,8.133928
2025-02-09 14:00:00+00:00,24.227736,7.8954163
2025-02-09 15:00:00+00:00,18.435053,9.107359
2025-02-09 16:00:00+00:00,21.124796,8.490582
2025-02-09 17:00:00+00:00,19.653913,8.027677
2025-02-09 18:00:00+00:00,20.695532,8.65873
2025-02-09 19:00:00+00:00,19.885265,8.996398
2025-02-09 20:00:00+00:00,25.463305,8.373386
2025-02-09 21:00:00+00:00,30.018288,9.354806
2025-02-09 22:00:00+00:00,32.124966,9.139322
2025-02-09 23:00:00+00:00,33.6901,9.085988
2025-02-10 00:00:00+00:00,36.634212,8.748075
2025-02-10 01:00:00+00:00,31.75944,8.891343
2025-02-10 02:00:00+00:00,35.6765,8.641874
2025-02-10 03:00:00+00:00,39.805527,8.435069
2025-02-10 04:00:00+00:00,37.568665,5.904439
2025-02-10 05:00:00+00:00,26.564985,5.2323985
2025-02-10 06:00:00+00:00,11.3098955,4.5891175
2025-02-10 07:00:00+00:00,360.0,2.8799999
2025-02-10 08:00:00+00:00,20.854538,4.0449963
2025-02-10 09:00:00+00:00,357.95462,5.0432134
2025-02-10 10:00:00+00:00,346.86597,5.5450516
2025-02-10 11:00:00+00:00,346.42953,5.3699164
2025-02-10 12:00:00+00:00,18.435053,2.8460498
2025-02-10 13:00:00+00:00,24.775122,7.731623
2025-02-10 14:00:00+00:00,26.564985,8.452336
2025-02-10 15:00:00+00:00,26.564985,9.659814
2025-02-10 16:00:00+00:00,25.083572,9.340941
2025-02-10 17:00:00+00:00,12.528798,8.297589
2025-02-10 18:00:00+00:00,17.92802,6.4323244
2025-02-10 19:00:00+00:00,25.942251,7.406295
2025-02-10 20:00:00+00:00,17.102825,7.3447943
2025-02-10 21:00:00+00:00,1.5911111,6.482499
2025-02-10 22:00:00+00:00,10.304792,6.037383
2025-02-10 23:00:00+00:00,11.976112,6.0721655
2025-02-11 00:00:00+00:00,20.695532,8.65873
2025-02-11 01:00:00+00:00,12.99463,7.2044983
2025-02-11 02:00:00+00:00,13.392516,7.771331
2025-02-11 03:00:00+00:00,22.93213,5.0816135
2025-02-11 04:00:00+00:00,3.5762644,2.8856194
2025-02-11 05:00:00+00:00,74.054535,2.6208394
2025-02-11 06:00:00+00:00,330.25522,1.4512063
2025-02-11 07:00:00+00:00,346.50424,4.6277857
2025-02-11 08:00:00+00:00,306.15826,5.796447
2025-02-11 09:00:00+00:00,320.7106,7.674842
2025-02-11 10:00:00+00:00,324.63745,6.8423676
2025-02-11 11:00:00+00:00,329.23734,8.797931
2025-02-11 12:00:00+00:00,356.12155,10.644379
2025-02-11 13:00:00+00:00,3.9004252,7.9383874
2025-02-11 14:00:00+00:00,360.0,7.02
2025-02-11 15:00:00+00:00,342.5527,6.603817
2025-02-11 16:00:00+00:00,357.0644,7.029225
2025-02-11 17:00:00+00:00,14.676441,7.8149853
2025-02-11 18:00:00+00:00,353.82993,6.698806
2025-02-11 19:00:00+00:00,337.01126,6.452441
2025-02-11 20:00:00+00:00,333.43503,3.62243
2025-02-11 21:00:00+00:00,299.4758,4.755544
2025-02-11 22:00:00+00:00,323.8417,5.796447
2025-02-11 23:00:00+00:00,327.99466,5.09435
2025-02-12 00:00:00+00:00,312.1375,5.0975285
2025-02-12 01:00:00+00:00,323.53067,5.1481256
2025-02-12 02:00:00+00:00,297.47433,5.072041
2025-02-12 03:00:00+00:00,313.53125,4.965521
2025-02-12 04:00:00+00:00,321.009,4.863332
2025-02-12 05:00:00+00:00,330.01843,5.402999
2025-02-12 06:00:00+00:00,302.3474,6.391901
2025-02-12 07:00:00+00:00,316.9749,7.386582
2025-02-12 08:00:00+00:00,334.44006,9.178235
2025-02-12 09:00:00+00:00,343.49554,10.137692
2025-02-12 10:00:00+00:00,341.89615,9.847496
2025-02-12 11:00:00+00:00,346.4641,9.9977
2025-02-12 12:00:00+00:00,348.23172,8.825508
2025-02-12 13:00:00+00:00,6.3401003,8.149847
2025-02-12 14:00:00+00:00,343.3007,7.5170207
2025-02-12 15:00:00+00:00,315.0001,6.618519
2025-02-12 16:00:00+00:00,310.76352,6.8919086
2025-02-12 17:00:00+00:00,317.2026,6.623413
2025-02-12 18:00:00+00:00,318.50363,6.248359
2025-02-12 19:00:00+00:00,320.82635,6.269067
2025-02-12 20:00:00+00:00,325.40765,6.341009
2025-02-12 21:00:00+00:00,330.4613,6.2067385
2025-02-12 22:00:00+00:00,332.6502,5.8769383
2025-02-12 23:00:00+00:00,334.2307,5.7964473
2025-02-13 00:00:00+00:00,331.8215,5.7176566
2025-02-13 01:00:00+00:00,337.5205,5.6492476
2025-02-13 02:00:00+00:00,328.73633,5.896202
2025-02-13 03:00:00+00:00,341.02948,6.0908127
2025-02-13 04:00:00+00:00,355.36462,6.6818557
2025-02-13 05:00:00+00:00,349.8754,5.1197267
2025-02-13 06:00:00+00:00,330.5242,4.755544
2025-02-13 07:00:00+00:00,316.46872,4.965521
2025-02-13 08:00:00+00:00,318.6523,5.994297
2025-02-13 09:00:00+00:00,325.84024,6.090812
2025-02-13 10:00:00+00:00,326.3099,5.1919937
2025-02-13 11:00:00+00:00,323.8417,5.796447
2025-02-13 12:00:00+00:00,291.4478,5.414979
2025-02-13 13:00:00+00:00,330.4613,6.2067385
2025-02-13 14:00:00+00:00,329.62094,6.050785
2025-02-13 15:00:00+00:00,349.21573,7.69592
2025-02-13 16:00:00+00:00,348.4399,8.083983
2025-02-13 17:00:00+00:00,347.90527,7.731622
2025-02-13 18:00:00+00:00,337.1663,7.42159
2025-02-13 19:00:00+00:00,343.3007,7.5170207
2025-02-13 20:00:00+00:00,346.293,7.596341
2025-02-13 21:00:00+00:00,346.293,7.596341
2025-02-13 22:00:00+00:00,348.6901,7.342588
2025-02-13 23:00:00+00:00,347.00537,7.2044983
2025-02-14 00:00:00+00:00,345.61856,7.247096
2025-02-14 01:00:00+00:00,338.45895,7.353611
2025-02-14 02:00:00+00:00,346.67545,7.029225
2025-02-14 03:00:00+00:00,345.5792,6.5049515
2025-02-14 04:00:00+00:00,341.56494,6.830519
2025-02-14 05:00:00+00:00,328.73633,5.896202
2025-02-14 06:00:00+00:00,327.26477,5.991594
2025-02-14 07:00:00+00:00,313.87677,6.4924874
2025-02-14 08:00:00+00:00,325.84024,6.090812
2025-02-14 09:00:00+00:00,331.26028,6.3639607
2025-02-14 10:00:00+00:00,336.0375,7.0911775
2025-02-14 11:00:00+00:00,326.76828,6.2405767
2025-02-14 12:00:00+00:00,304.15976,6.090812
2025-02-14 13:00:00+00:00,329.03632,8.39657
2025-02-14 14:00:00+00:00,331.8585,8.777654
2025-02-14 15:00:00+00:00,331.1893,8.217153
2025-02-14 16:00:00+00:00,341.2,8.936777
2025-02-14 17:00:00+00:00,339.59003,8.2584505
2025-02-14 18:00:00+00:00,342.97937,9.224011
2025-02-14 19:00:00+00:00,346.2392,9.080639
2025-02-14 20:00:00+00:00,346.2392,9.080639
2025-02-14 21:00:00+00:00,344.53873,8.777653
2025-02-14 22:00:00+00:00,343.1785,8.085988
2025-02-14 23:00:00+00:00,333.43503,6.8423676
2025-02-15 00:00:00+00:00,325.84024,6.090812
2025-02-15 01:00:00+00:00,352.72507,8.528657
2025-02-15 02:00:00+00:00,358.56793,7.2022495
2025-02-15 03:00:00+00:00,356.72958,6.310277
2025-02-15 04:00:00+00:00,343.8107,5.8104043
2025-02-15 05:00:00+00:00,341.99573,7.570707
2025-02-15 06:00:00+00:00,350.31128,7.486788
2025-02-15 07:00:00+00:00,330.64233,6.6087217
2025-02-15 08:00:00+00:00,321.1466,8.320986
2025-02-15 09:00:00+00:00,319.7637,9.1958685
2025-02-15 10:00:00+00:00,327.61935,8.738811
2025-02-15 11:00:00+00:00,315.0001,7.891311
2025-02-15 12:00:00+00:00,349.50858,4.942631
2025-02-15 13:00:00+00:00,11.888645,3.4949677
2025-02-15 14:00:00+00:00,27.255245,6.6818557
2025-02-15 15:00:00+00:00,26.564985,7.24486
2025-02-15 16:00:00+00:00,18.435053,6.830519
2025-02-15 17:00:00+00:00,6.3401003,6.519877
2025-02-15 18:00:00+00:00,4.289077,7.2202215
2025-02-15 19:00:00+00:00,357.0644,7.029225
2025-02-15 20:00:00+00:00,355.36462,6.6818557
2025-02-15 21:00:00+00:00,348.6901,6.424764
2025-02-15 22:00:00+00:00,350.53775,6.5693827
2025-02-15 23:00:00+00:00,352.6477,5.6262593
2025-02-16 00:00:00+00:00,349.8754,5.1197267
2025-02-16 01:00:00+00:00,315.0001,5.854844
2025-02-16 02:00:00+00:00,319.39877,6.638072
2025-02-16 03:00:00+00:00,324.09018,6.444905
2025-02-16 04:00:00+00:00,344.05453,7.8625183
2025-02-16 05:00:00+00:00,354.09393,10.495713
2025-02-16 06:00:00+00:00,1.8475709,11.165805
2025-02-16 07:00:00+00:00,1.6365454,12.605142
2025-02-16 08:00:00+00:00,7.7335134,14.713831
2025-02-16 09:00:00+00:00,9.090207,13.671707
2025-02-16 10:00:00+00:00,8.130019,12.7279215
2025-02-16 11:00:00+00:00,15.524177,13.450708
2025-02-16 12:00:00+00:00,22.503578,13.638489
2025-02-16 13:00:00+00:00,25.346138,11.35285
2025-02-16 14:00:00+00:00,11.513804,9.919618
2025-02-16 15:00:00+00:00,12.804273,8.12197
2025-02-16 16:00:00+00:00,23.838743,8.461915
2025-02-16 17:00:00+00:00,16.313938,7.689603
2025-02-16 18:00:00+00:00,17.102825,7.3447943
2025-02-16 19:00:00+00:00,6.9528637,7.4346757
2025-02-16 20:00:00+00:00,354.2895,7.2359104
2025-02-16 21:00:00+00:00,354.92047,8.131936
2025-02-16 22:00:00+00:00,5.0795207,8.131936
2025-02-16 23:00:00+00:00,354.55975,7.5942073
2025-02-17 00:00:00+00:00,350.53775,7.6642804
2025-02-17 01:00:00+00:00,348.95908,7.519175
2025-02-17 02:00:00+00:00,339.62347,6.7205353
2025-02-17 03:00:00+00:00,350.2725,6.391901
2025-02-17 04:00:00+00:00,1.1457417,9.0018
2025-02-17 05:00:00+00:00,358.78116,8.461914
2025-02-17 06:00:00+00:00,355.23645,8.669949
2025-02-17 07:00:00+00:00,2.8623457,10.813492
2025-02-17 08:00:00+00:00,357.83896,9.54679
2025-02-17 09:00:00+00:00,0.9240338,11.16145
2025-02-17 10:00:00+00:00,6.7660856,10.694485
2025-02-17 11:00:00+00:00,5.389229,9.582359
2025-02-17 12:00:00+00:00,13.495748,9.255571
2025-02-17 13:00:00+00:00,18.79999,8.936777
2025-02-17 14:00:00+00:00,9.246045,7.841888
2025-02-17 15:00:00+00:00,342.072,6.4323244
2025-02-17 16:00:00+00:00,343.1415,6.206738
2025-02-17 17:00:00+00:00,351.2539,7.102591
2025-02-17 18:00:00+00:00,355.81516,7.3997297
2025-02-17 19:00:00+00:00,358.60284,7.3821945
2025-02-17 20:00:00+00:00,355.71094,7.2202215
2025-02-17 21:00:00+00:00,358.4926,6.8423676
2025-02-17 22:00:00+00:00,1.7898695,5.7628117
2025-02-17 23:00:00+00:00,7.12493,5.8048253
2025-02-18 00:00:00+00:00,18.924751,6.66
2025-02-18 01:00:00+00:00,16.313938,7.689603
2025-02-18 02:00:00+00:00,25.346138,7.5685663
2025-02-18 03:00:00+00:00,29.744795,7.256032
2025-02-18 04:00:00+00:00,28.178495,5.7176566
2025-02-18 05:00:00+00:00,33.6901,3.8939953
2025-02-18 06:00:00+00:00,17.102825,2.4482646
2025-02-18 07:00:00+00:00,354.55975,3.7971036
2025-02-18 08:00:00+00:00,343.3007,3.7585104
2025-02-18 09:00:00+00:00,345.9637,2.968636
2025-02-18 10:00:00+00:00,356.6336,3.0652895
2025-02-18 11:00:00+00:00,28.610369,4.510787
2025-02-18 12:00:00+00:00,32.57405,7.689603
2025-02-18 13:00:00+00:00,38.088825,8.461915
2025-02-18 14:00:00+00:00,36.634212,8.748075
2025-02-18 15:00:00+00:00,35.942207,8.893166
2025-02-18 16:00:00+00:00,33.996506,9.335737
2025-02-18 17:00:00+00:00,29.29127,8.461914
2025-02-18 18:00:00+00:00,22.249071,8.557102
2025-02-18 19:00:00+00:00,28.009092,9.582358
2025-02-18 20:00:00+00:00,18.79999,8.936777
2025-02-18 21:00:00+00:00,16.927603,8.654986
2025-02-18 22:00:00+00:00,18.060568,8.709098
2025-02-18 23:00:00+00:00,19.653913,8.027677
2025-02-19 00:00:00+00:00,23.025528,7.823272
2025-02-19 01:00:00+00:00,21.801476,8.723967
2025-02-19 02:00:00+00:00,30.963696,8.39657
2025-02-19 03:00:00+00:00,34.777905,7.889258
2025-02-19 04:00:00+00:00,34.8754,7.2403865
2025-02-19 05:00:00+00:00,35.537766,6.193674
2025-02-19 06:00:00+00:00,30.465475,3.550155
2025-02-19 07:00:00+00:00,355.60138,2.3469126
2025-02-19 08:00:00+00:00,334.98312,2.97953
2025-02-19 09:00:00+00:00,325.30478,2.8460495
2025-02-19 10:00:00+00:00,298.0724,3.06
2025-02-19 11:00:00+00:00,318.991,5.48631
2025-02-19 12:00:00+00:00,360.0,7.2
2025-02-19 13:00:00+00:00,19.057802,10.474082
2025-02-19 14:00:00+00:00,22.96381,11.534054
2025-02-19 15:00:00+00:00,24.05735,11.038858
2025-02-19 16:00:00+00:00,26.564985,10.8672905
2025-02-19 17:00:00+00:00,23.198618,10.966713
2025-02-19 18:00:00+00:00,27.377628,11.351422
2025-02-19 19:00:00+00:00,24.145542,11.440979
2025-02-19 20:00:00+00:00,26.564985,11.672275
2025-02-19 21:00:00+00:00,30.815645,11.9466305
2025-02-19 22:00:00+00:00,29.744795,13.060857
2025-02-19 23:00:00+00:00,27.19805,14.571108
2025-02-20 00:00:00+00:00,28.442837,14.73913
2025-02-20 01:00:00+00:00,27.323807,12.156331
2025-02-20 02:00:00+00:00,29.511406,10.962281
2025-02-20 03:00:00+00:00,33.6901,11.032987
2025-02-20 04:00:00+00:00,30.815645,11.9466305
2025-02-20 05:00:00+00:00,38.955917,10.8792095
2025-02-20 06:00:00+00:00,25.463305,8.373386
2025-02-20 07:00:00+00:00,3.46817,11.901798
2025-02-20 08:00:00+00:00,23.085169,11.935778
2025-02-20 09:00:00+00:00,36.86999,11.7
2025-02-20 10:00:00+00:00,35.537766,10.83893
2025-02-20 11:00:00+00:00,46.005,7.256032
2025-02-20 12:00:00+00:00,32.471172,11.734564
2025-02-20 13:00:00+00:00,32.94922,11.583109
2025-02-20 14:00:00+00:00,45.60303,12.0921955
2025-02-20 15:00:00+00:00,35.960606,11.341428
2025-02-20 16:00:00+00:00,29.953526,12.257194
2025-02-20 17:00:00+00:00,23.875284,12.007498
2025-02-20 18:00:00+00:00,19.384613,10.304115
2025-02-20 19:00:00+00:00,7.8152027,9.266067
2025-02-20 20:00:00+00:00,7.907082,6.542201
2025-02-20 21:00:00+00:00,58.392544,5.495161
2025-02-20 22:00:00+00:00,54.865723,5.9427266
2025-02-20 23:00:00+00:00,31.607454,8.242743
2025-02-21 00:00:00+00:00,25.114815,6.361415
2025-02-21 01:00:00+00:00,28.30066,7.973005
2025-02-21 02:00:00+00:00,34.50859,6.989936
2025-02-21 03:00:00+00:00,34.43906,7.6388745
2025-02-21 04:00:00+00:00,31.218353,6.945761
2025-02-21 05:00:00+00:00,44.999897,2.8001428
2025-02-21 06:00:00+00:00,64.98315,2.97953
2025-02-21 07:00:00+00:00,30.963696,2.0991426
2025-02-21 08:00:00+00:00,23.198618,4.1125174
2025-02-21 09:00:00+00:00,16.699326,3.7585104
2025-02-21 10:00:00+00:00,360.0,1.6199999
2025-02-21 11:00:00+00:00,16.389616,3.189608
2025-02-21 12:00:00+00:00,35.537766,4.6452556
2025-02-21 13:00:00+00:00,21.801476,5.815978
2025-02-21 14:00:00+00:00,34.159744,6.090812
2025-02-21 15:00:00+00:00,34.045982,8.037761
2025-02-21 16:00:00+00:00,35.942207,8.893166
2025-02-21 17:00:00+00:00,39.289394,7.674842
2025-02-21 18:00:00+00:00,36.607166,7.8480825
2025-02-21 19:00:00+00:00,34.90257,9.437563
2025-02-21 20:00:00+00:00,33.6901,9.085988
2025-02-21 21:00:00+00:00,35.6765,8.641874
2025-02-21 22:00:00+00:00,33.366394,8.836514
2025-02-21 23:00:00+00:00,34.69522,8.53815
2025-02-22 00:00:00+00:00,41.185837,7.653705
2025-02-22 01:00:00+00:00,35.272507,9.039514
2025-02-22 02:00:00+00:00,34.9921,8.78872
2025-02-22 03:00:00+00:00,40.732014,8.55142
2025-02-22 04:00:00+00:00,46.39711,5.22
2025-02-22 05:00:00+00:00,75.96373,4.452954
2025-02-22 06:00:00+00:00,105.945465,1.3104197
2025-02-22 07:00:00+00:00,30.963696,3.148714
2025-02-22 08:00:00+00:00,109.98319,2.1068459
2025-02-22 09:00:00+00:00,82.40546,5.4477882
2025-02-22 10:00:00+00:00,98.13002,3.8183763
2025-02-22 11:00:00+00:00,146.3099,1.2979984
2025-02-22 12:00:00+00:00,29.054508,5.5596404
2025-02-22 13:00:00+00:00,27.979382,6.5223618
2025-02-22 14:00:00+00:00,30.735416,7.748368
2025-02-22 15:00:00+00:00,30.735416,7.748368
2025-02-22 16:00:00+00:00,26.564985,4.829907
2025-02-22 17:00:00+00:00,23.805958,6.689125
2025-02-22 18:00:00+00:00,28.495539,7.1684303
2025-02-22 19:00:00+00:00,34.43906,7.6388745
2025-02-22 20:00:00+00:00,36.86999,9.0
2025-02-22 21:00:00+00:00,38.853382,8.320986
2025-02-22 22:00:00+00:00,40.732014,8.55142
2025-02-22 23:00:00+00:00,46.90914,7.6409945
2025-02-23 00:00:00+00:00,47.045418,7.1321807
2025-02-23 01:00:00+00:00,39.805527,8.435069
2025-02-23 02:00:00+00:00,48.366554,6.502461
2025-02-23 03:00:00+00:00,50.906155,3.710795
2025-02-23 04:00:00+00:00,93.57626,2.8856194
2025-02-23 05:00:00+00:00,123.6901,1.9469976
2025-02-23 06:00:00+00:00,114.44395,2.1749482
2025-02-23 07:00:00+00:00,143.13002,0.9
2025-02-23 08:00:00+00:00,206.56499,0.40249225
2025-02-23 09:00:00+00:00,300.96368,1.0495713
2025-02-23 10:00:00+00:00,251.56496,1.7076298
2025-02-23 11:00:00+00:00,252.89719,2.4482646
2025-02-23 12:00:00+00:00,293.1986,1.3708391
2025-02-23 13:00:00+00:00,360.0,1.8
2025-02-23 14:00:00+00:00,28.072395,6.12
2025-02-23 15:00:00+00:00,32.005356,8.490582
2025-02-23 16:00:00+00:00,30.579157,9.19939
2025-02-23 17:00:00+00:00,35.39489,8.39078
2025-02-23 18:00:00+00:00,33.340725,8.187527
2025-02-23 19:00:00+00:00,34.69522,8.53815
2025-02-23 20:00:00+00:00,39.47243,7.928177
2025-02-23 21:00:00+00:00,40.314034,7.7900705
2025-02-23 22:00:00+00:00,42.797382,6.623413
2025-02-23 23:00:00+00:00,49.398785,4.978554
2025-02-24 00:00:00+00:00,54.46224,4.6452556
2025-02-24 01:00:00+00:00,42.797382,6.623413
2025-02-24 02:00:00+00:00,53.84173,5.796447
2025-02-24 03:00:00+00:00,65.77226,3.9477081
2025-02-24 04:00:00+00:00,98.13002,2.5455842
2025-02-24 05:00:00+00:00,150.9455,1.8532133
2025-02-24 06:00:00+00:00,125.537766,1.5484185
2025-02-24 07:00:00+00:00,128.65984,1.1525624
2025-02-24 08:00:00+00:00,213.6901,0.6489992
2025-02-24 09:00:00+00:00,172.87508,1.4512063
2025-02-24 10:00:00+00:00,206.56499,1.609969
2025-02-24 11:00:00+00:00,236.3099,1.2979984
2025-02-24 12:00:00+00:00,308.65982,3.4576871
2025-02-24 13:00:00+00:00,4.763556,2.1674871
2025-02-24 14:00:00+00:00,26.564985,7.24486
2025-02-24 15:00:00+00:00,26.564985,7.6473517
2025-02-24 16:00:00+00:00,32.275623,8.0899935
2025-02-24 17:00:00+00:00,23.838743,8.461915
2025-02-24 18:00:00+00:00,30.529623,8.149847
2025-02-24 19:00:00+00:00,29.197395,7.0107627
2025-02-24 20:00:00+00:00,23.962492,7.0911775
2025-02-24 21:00:00+00:00,27.216026,7.0843205
2025-02-24 22:00:00+00:00,6.9111314,5.9834766
2025-02-24 23:00:00+00:00,28.217264,8.37532
2025-02-25 00:00:00+00:00,34.114517,6.7397914
2025-02-25 01:00:00+00:00,28.392921,7.570707
2025-02-25 02:00:00+00:00,16.699326,5.637765
2025-02-25 03:00:00+00:00,7.695961,6.7205353
2025-02-25 04:00:00+00:00,342.12122,5.8631387
2025-02-25 05:00:00+00:00,303.6901,2.5959969
2025-02-25 06:00:00+00:00,315.0001,5.3457265
2025-02-25 07:00:00+00:00,299.98157,5.402999
2025-02-25 08:00:00+00:00,360.0,3.96
2025-02-25 09:00:00+00:00,304.9921,2.19718
2025-02-25 10:00:00+00:00,350.07382,7.3094187
2025-02-25 11:00:00+00:00,348.92984,8.43699
2025-02-25 12:00:00+00:00,349.91946,8.227004
2025-02-25 13:00:00+00:00,12.680387,7.3799996
2025-02-25 14:00:00+00:00,7.12493,7.256032
2025-02-25 15:00:00+00:00,23.498587,9.028754
2025-02-25 16:00:00+00:00,39.644142,8.181589
2025-02-25 17:00:00+00:00,347.19574,4.060985
2025-02-25 18:00:00+00:00,23.552286,7.6579366
2025-02-25 19:00:00+00:00,29.054508,7.4128532
2025-02-25 20:00:00+00:00,25.407679,7.970972
2025-02-25 21:00:00+00:00,21.614847,10.261579
2025-02-25 22:00:00+00:00,20.282646,8.827344
2025-02-25 23:00:00+00:00,31.534754,9.292255
2025-02-26 00:00:00+00:00,16.966234,11.103243
2025-02-26 01:00:00+00:00,25.740664,11.190442
2025-02-26 02:00:00+00:00,23.6821,11.203464
2025-02-26 03:00:00+00:00,13.815059,11.307095
2025-02-26 04:00:00+00:00,29.309916,11.7662735
2025-02-26 05:00:00+00:00,41.49638,12.496718
2025-02-26 06:00:00+00:00,42.878906,10.316686
2025-02-26 07:00:00+00:00,50.355858,8.181589
2025-02-26 08:00:00+00:00,36.43096,9.396275
2025-02-26 09:00:00+00:00,34.919483,11.634741
2025-02-26 10:00:00+00:00,24.376457,12.647482
2025-02-26 11:00:00+00:00,43.7812,11.966954
2025-02-26 12:00:00+00:00,49.044586,12.632101
2025-02-26 13:00:00+00:00,32.171192,13.184308
2025-02-26 14:00:00+00:00,28.610369,13.53236
2025-02-26 15:00:00+00:00,27.979382,13.0447235
2025-02-26 16:00:00+00:00,31.239157,12.841963
2025-02-26 17:00:00+00:00,24.92846,14.092977
2025-02-26 18:00:00+00:00,30.31114,13.552696
2025-02-26 19:00:00+00:00,28.20154,14.092978
2025-02-26 20:00:00+00:00,28.354864,12.886039
2025-02-26 21:00:00+00:00,23.962492,12.409561
2025-02-26 22:00:00+00:00,21.801476,10.662626
2025-02-26 23:00:00+00:00,23.198618,10.966713
2025-02-27 00:00:00+00:00,22.28564,11.866355
2025-02-27 01:00:00+00:00,18.103857,9.847496
2025-02-27 02:00:00+00:00,25.676775,10.385547
2025-02-27 03:00:00+00:00,25.795975,11.995349
2025-02-27 04:00:00+00:00,29.744795,13.060857
2025-02-27 05:00:00+00:00,15.708701,11.966954
2025-02-27 06:00:00+00:00,3.8784592,10.644379
2025-02-27 07:00:00+00:00,31.723568,11.638917
2025-02-27 08:00:00+00:00,44.19317,9.037721
2025-02-27 09:00:00+00:00,17.162003,12.810386
2025-02-27 10:00:00+00:00,35.628006,13.287122
2025-02-27 11:00:00+00:00,22.380184,9.927779
2025-02-27 12:00:00+00:00,25.201094,10.1456785
2025-02-27 13:00:00+00:00,14.036275,12.616703
2025-02-27 14:00:00+00:00,28.30066,10.630672
2025-02-27 15:00:00+00:00,34.159744,12.181624
2025-02-27 16:00:00+00:00,14.036275,11.874544
2025-02-27 17:00:00+00:00,14.500209,10.783487
2025-02-27 18:00:00+00:00,14.300317,9.473541
2025-02-27 19:00:00+00:00,352.72507,8.528657
2025-02-27 20:00:00+00:00,354.2895,10.853866
2025-02-27 21:00:00+00:00,2.385899,8.647496
2025-02-27 22:00:00+00:00,353.517,7.970972
2025-02-27 23:00:00+00:00,357.70944,9.007196
2025-02-28 00:00:00+00:00,9.637469,9.67657
2025-02-28 01:00:00+00:00,355.71094,7.2202215
2025-02-28 02:00:00+00:00,12.339083,5.896202
2025-02-28 03:00:00+00:00,12.528798,6.638072
2025-02-28 04:00:00+00:00,2.4894993,8.287822
2025-02-28 05:00:00+00:00,14.826528,6.330782
2025-02-28 06:00:00+00:00,345.25638,7.072878
2025-02-28 07:00:00+00:00,341.9656,8.139901
2025-02-28 08:00:00+00:00,348.17853,7.9077177
2025-02-28 09:00:00+00:00,15.172969,11.003581
2025-02-28 10:00:00+00:00,38.418083,6.6624317
2025-02-28 11:00:00+00:00,352.40543,5.4477882
2025-02-28 12:00:00+00:00,15.642312,14.019216
2025-02-28 13:00:00+00:00,10.358997,17.01738
2025-02-28 14:00:00+00:00,25.942251,14.81259
2025-02-28 15:00:00+00:00,35.628006,13.287122
2025-02-28 16:00:00+00:00,24.443953,10.874741
2025-02-28 17:00:00+00:00,28.178495,11.435313
2025-02-28 18:00:00+00:00,34.095036,14.128566
2025-02-28 19:00:00+00:00,30.699654,13.397612
2025-02-28 20:00:00+00:00,29.638298,12.011544
2025-02-28 21:00:00+00:00,28.610369,11.276968
2025-02-28 22:00:00+00:00,29.147985,10.717182
2025-02-28 23:00:00+00:00,24.537718,9.102021
2025-03-01 00:00:00+00:00,23.552286,7.6579366
2025-03-01 01:00:00+00:00,25.083572,9.340941
2025-03-01 02:00:00+00:00,10.784258,7.69592
2025-03-01 03:00:00+00:00,354.4279,7.415038
2025-03-01 04:00:00+00:00,345.61856,7.247096
2025-03-01 05:00:00+00:00,1.218852,8.461914
2025-03-01 06:00:00+00:00,11.5345955,9.0018
2025-03-01 07:00:00+00:00,5.19435,9.9408245
2025-03-01 08:00:00+00:00,3.179772,9.734988
2025-03-01 09:00:00+00:00,357.91748,9.906544
2025-03-01 10:00:00+00:00,355.68405,9.567131
2025-03-01 11:00:00+00:00,356.6982,9.375563
2025-03-01 12:00:00+00:00,360.0,7.92
2025-03-01 13:00:00+00:00,5.492242,9.403169
2025-03-01 14:00:00+00:00,348.4399,8.083983
2025-03-01 15:00:00+00:00,344.6237,7.4672885
2025-03-01 16:00:00+00:00,346.67545,7.029225
2025-03-01 17:00:00+00:00,346.60748,7.771331
2025-03-01 18:00:00+00:00,346.60748,7.771331
2025-03-01 19:00:00+00:00,348.17853,7.9077177
2025-03-01 20:00:00+00:00,350.53775,7.6642804
2025-03-01 21:00:00+00:00,348.95908,7.519175
2025-03-01 22:00:00+00:00,344.9816,7.6409945
2025-03-01 23:00:00+00:00,346.60748,7.771331
2025-03-02 00:00:00+00:00,344.24875,7.293888
2025-03-02 01:00:00+00:00,353.517,7.970972
2025-03-02 02:00:00+00:00,348.95908,7.519175
2025-03-02 03:00:00+00:00,341.1138,7.229191
2025-03-02 04:00:00+00:00,331.50446,7.1684303
2025-03-02 05:00:00+00:00,323.13,7.2
2025-03-02 06:00:00+00:00,323.88055,8.244708
2025-03-02 07:00:00+00:00,323.36578,8.748075
2025-03-02 08:00:00+00:00,313.26434,8.404285
2025-03-02 09:00:00+00:00,309.20718,8.827344
2025-03-02 10:00:00+00:00,326.6336,8.836514
2025-03-02 11:00:00+00:00,324.16226,7.9932966
2025-03-02 12:00:00+00:00,320.90613,7.42159
2025-03-02 13:00:00+00:00,353.29025,9.243311
2025-03-02 14:00:00+00:00,354.98697,10.299397
2025-03-02 15:00:00+00:00,354.19336,10.674773
2025-03-02 16:00:00+00:00,353.23392,10.694485
2025-03-02 17:00:00+00:00,355.07297,10.478722
2025-03-02 18:00:00+00:00,355.15607,10.658068
2025-03-02 19:00:00+00:00,357.13766,10.813492
2025-03-02 20:00:00+00:00,354.71,9.761578
2025-03-02 21:00:00+00:00,350.8699,10.209348
2025-03-02 22:00:00+00:00,350.8699,10.209348
2025-03-02 23:00:00+00:00,349.8754,10.239453
2025-03-03 00:00:00+00:00,354.19336,10.674773
2025-03-03 01:00:00+00:00,358.977,10.081606
2025-03-03 02:00:00+00:00,9.782338,10.594036
2025-03-03 03:00:00+00:00,11.3098955,11.013882
2025-03-03 04:00:00+00:00,6.1154146,10.1376915
2025-03-03 05:00:00+00:00,322.12494,8.209263
2025-03-03 06:00:00+00:00,326.68936,7.538541
2025-03-03 07:00:00+00:00,310.46216,8.043805
2025-03-03 08:00:00+00:00,300.96368,8.39657
2025-03-03 09:00:00+00:00,278.74606,9.47012
2025-03-03 10:00:00+00:00,297.072,9.096681
2025-03-03 11:00:00+00:00,333.43503,10.464797
2025-03-03 12:00:00+00:00,343.3007,11.27553
2025-03-03 13:00:00+00:00,349.69522,16.09969
2025-03-03 14:00:00+00:00,355.36462,13.363711
2025-03-03 15:00:00+00:00,6.0541067,11.9466305
2025-03-03 16:00:00+00:00,11.3098955,12.849528
2025-03-03 17:00:00+00:00,16.771315,13.723745
2025-03-03 18:00:00+00:00,4.3322434,11.9140415
2025-03-03 19:00:00+00:00,12.042557,13.8037815
2025-03-03 20:00:00+00:00,3.6677206,14.068817
2025-03-03 21:00:00+00:00,11.441022,15.426535
2025-03-03 22:00:00+00:00,5.3144655,15.546833
2025-03-03 23:00:00+00:00,0.68205386,15.12107
2025-03-04 00:00:00+00:00,9.272532,8.936778
2025-03-04 01:00:00+00:00,2.1610355,9.54679
2025-03-04 02:00:00+00:00,4.763556,8.669949
2025-03-04 03:00:00+00:00,14.743609,10.609316
2025-03-04 04:00:00+00:00,4.5376954,11.375658
2025-03-04 05:00:00+00:00,356.72958,12.620554
2025-03-04 06:00:00+00:00,347.66092,11.792404
2025-03-04 07:00:00+00:00,325.53912,11.13384
2025-03-04 08:00:00+00:00,326.3099,10.383987
2025-03-04 09:00:00+00:00,338.19852,11.631956
2025-03-04 10:00:00+00:00,350.53775,10.948973
2025-03-04 11:00:00+00:00,344.05453,10.483357
2025-03-04 12:00:00+00:00,342.97937,9.224011
2025-03-04 13:00:00+00:00,10.885482,4.7657523
2025-03-04 14:00:00+00:00,343.73972,4.5
2025-03-04 15:00:00+00:00,349.04596,5.6835546
2025-03-04 16:00:00+00:00,338.19852,5.815978
2025-03-04 17:00:00+00:00,338.9624,7.5213294
2025-03-04 18:00:00+00:00,337.1663,7.42159
2025-03-04 19:00:00+00:00,334.8852,6.361415
2025-03-04 20:00:00+00:00,329.8587,6.452441
2025-03-04 21:00:00+00:00,333.43503,6.037383
2025-03-04 22:00:00+00:00,339.22766,5.5829024
2025-03-04 23:00:00+00:00,335.22488,5.154415
2025-03-05 00:00:00+00:00,345.9637,5.195113
2025-03-05 01:00:00+00:00,307.30402,4.752136
2025-03-05 02:00:00+00:00,348.6901,3.671294
2025-03-05 03:00:00+00:00,348.6901,2.7534704
2025-03-05 04:00:00+00:00,287.3541,3.01735
2025-03-05 05:00:00+00:00,265.60138,4.6938252
2025-03-05 06:00:00+00:00,247.52052,5.6492476
2025-03-05 07:00:00+00:00,240.4613,6.2067385
2025-03-05 08:00:00+00:00,247.01126,6.452441
2025-03-05 09:00:00+00:00,258.11136,6.9899354
2025-03-05 10:00:00+00:00,264.95764,6.1437774
2025-03-05 11:00:00+00:00,265.10098,6.3231
2025-03-05 12:00:00+00:00,283.13403,5.5450516
2025-03-05 13:00:00+00:00,330.9455,3.7064266
2025-03-05 14:00:00+00:00,340.46326,5.920878
2025-03-05 15:00:00+00:00,348.11136,6.9899354
2025-03-05 16:00:00+00:00,347.00537,7.2044983
2025-03-05 17:00:00+00:00,351.2539,7.102591
2025-03-05 18:00:00+00:00,358.69806,7.922045
2025-03-05 19:00:00+00:00,358.727,8.101999
2025-03-05 20:00:00+00:00,351.87,7.6367526
2025-03-05 21:00:00+00:00,351.4693,7.2805495
2025-03-05 22:00:00+00:00,353.82993,6.698806
2025-03-05 23:00:00+00:00,358.60284,7.3821945
2025-03-06 00:00:00+00:00,358.66782,7.7420926
2025-03-06 01:00:00+00:00,356.34784,8.477216
2025-03-06 02:00:00+00:00,1.397161,7.3821945
2025-03-06 03:00:00+00:00,360.0,5.04
2025-03-06 04:00:00+00:00,2.0453732,5.0432134
2025-03-06 05:00:00+00:00,8.365798,6.1858225
2025-03-06 06:00:00+00:00,352.40543,5.4477882
2025-03-06 07:00:00+00:00,331.9276,6.12
2025-03-06 08:00:00+00:00,321.34018,8.067936
2025-03-06 09:00:00+00:00,312.27362,8.027678
2025-03-06 10:00:00+00:00,324.63745,6.8423676
2025-03-06 11:00:00+00:00,312.39737,5.6060677
2025-03-06 12:00:00+00:00,291.80148,3.8773184
2025-03-06 13:00:00+00:00,338.19852,1.9386592
2025-03-06 14:00:00+00:00,17.241547,5.4656014
2025-03-06 15:00:00+00:00,13.627024,6.1120534
2025-03-06 16:00:00+00:00,360.0,5.5799994
2025-03-06 17:00:00+00:00,356.42374,5.771239
2025-03-06 18:00:00+00:00,354.80566,5.9644947
2025-03-06 19:00:00+00:00,344.05453,6.5520988
2025-03-06 20:00:00+00:00,350.53775,6.5693827
2025-03-06 21:00:00+00:00,345.17346,6.330782
2025-03-06 22:00:00+00:00,344.05453,7.8625183
2025-03-06 23:00:00+00:00,347.3196,7.3799996
2025-03-07 00:00:00+00:00,342.8972,7.3447943
2025-03-07 01:00:00+00:00,347.90527,7.731622
2025-03-07 02:00:00+00:00,353.82993,6.698806
2025-03-07 03:00:00+00:00,341.56494,6.2613096
2025-03-07 04:00:00+00:00,342.072,6.4323244
2025-03-07 05:00:00+00:00,332.7005,6.279395
2025-03-07 06:00:00+00:00,333.43503,6.439876
2025-03-07 07:00:00+00:00,315.0001,7.382195
2025-03-07 08:00:00+00:00,315.90927,8.019601
2025-03-07 09:00:00+00:00,311.18582,7.653705
2025-03-07 10:00:00+00:00,323.67307,7.596341
2025-03-07 11:00:00+00:00,305.53775,4.6452556
2025-03-07 12:00:00+00:00,255.96373,2.226477
2025-03-07 13:00:00+00:00,13.495748,4.6277857
2025-03-07 14:00:00+00:00,31.504223,6.544677
2025-03-07 15:00:00+00:00,357.70944,4.503598
2025-03-07 16:00:00+00:00,15.642312,4.6730714
2025-03-07 17:00:00+00:00,44.999897,6.1094027
2025-03-07 18:00:00+00:00,50.194473,7.029225
2025-03-07 19:00:00+00:00,52.853233,7.4520864
2025-03-07 20:00:00+00:00,98.97255,3.462369
2025-03-07 21:00:00+00:00,82.56869,4.175069
2025-03-07 22:00:00+00:00,54.46224,4.6452556
2025-03-07 23:00:00+00:00,36.86999,6.299999
2025-03-08 00:00:00+00:00,37.64769,7.9567327
2025-03-08 01:00:00+00:00,35.217674,7.491114
2025-03-08 02:00:00+00:00,47.045418,7.1321807
2025-03-08 03:00:00+00:00,55.0079,4.39436
2025-03-08 04:00:00+00:00,158.19853,0.9693296
2025-03-08 05:00:00+00:00,216.86998,0.9
2025-03-08 06:00:00+00:00,180.0,0.9
2025-03-08 07:00:00+00:00,210.96368,2.0991426
2025-03-08 08:00:00+00:00,270.0,1.6199999
2025-03-08 09:00:00+00:00,281.3099,2.7534704
2025-03-08 10:00:00+00:00,298.0724,3.06
2025-03-08 11:00:00+00:00,298.0724,3.06
2025-03-08 12:00:00+00:00,345.9637,2.968636
2025-03-08 13:00:00+00:00,23.198618,5.4833565
2025-03-08 14:00:00+00:00,16.144413,7.1208143
2025-03-08 15:00:00+00:00,17.969234,7.0015144
2025-03-08 16:00:00+00:00,11.888645,6.9899354
2025-03-08 17:00:00+00:00,18.435053,6.830519
2025-03-08 18:00:00+00:00,16.990906,6.77575
2025-03-08 19:00:00+00:00,21.801476,6.7853074
2025-03-08 20:00:00+00:00,24.443953,6.5248446
2025-03-08 21:00:00+00:00,27.255245,6.6818557
2025-03-08 22:00:00+00:00,20.136398,5.7515564
2025-03-08 23:00:00+00:00,22.751022,6.050785
2025-03-09 00:00:00+00:00,27.349789,5.8769383
2025-03-09 01:00:00+00:00,16.389616,6.379216
2025-03-09 02:00:00+00:00,19.983198,6.320538
2025-03-09 03:00:00+00:00,13.134034,5.5450516
2025-03-09 04:00:00+00:00,10.61961,5.8603754
2025-03-09 05:00:00+00:00,350.21765,5.297018
2025-03-09 06:00:00+00:00,348.6901,4.5891175
2025-03-09 07:00:00+00:00,345.4655,5.020677
2025-03-09 08:00:00+00:00,327.72437,4.0449967
2025-03-09 09:00:00+00:00,330.5242,4.755544
2025-03-09 10:00:00+00:00,343.49554,5.068846
2025-03-09 11:00:00+00:00,304.28693,4.7928696
2025-03-09 12:00:00+00:00,297.47433,5.072041
2025-03-09 13:00:00+00:00,346.42953,5.3699164
2025-03-09 14:00:00+00:00,356.72958,6.310277
2025-03-09 15:00:00+00:00,7.12493,7.256032
2025-03-09 16:00:00+00:00,6.20336,8.32877
2025-03-09 17:00:00+00:00,1.3321922,7.7420926
2025-03-09 18:00:00+00:00,336.8014,6.8541956
2025-03-09 19:00:00+00:00,334.79892,6.763786
2025-03-09 20:00:00+00:00,1.5481218,6.6624317
2025-03-09 21:00:00+00:00,354.80566,7.9526596
2025-03-09 22:00:00+00:00,331.69934,7.973005
2025-03-09 23:00:00+00:00,338.19852,5.815978
2025-03-10 00:00:00+00:00,354.55975,3.7971036
2025-03-10 01:00:00+00:00,4.398633,7.040739
2025-03-10 02:00:00+00:00,358.40887,6.482499
2025-03-10 03:00:00+00:00,11.592147,7.1661706
2025-03-10 04:00:00+00:00,354.2895,7.2359104
2025-03-10 05:00:00+00:00,353.92764,8.507737
2025-03-10 06:00:00+00:00,358.4926,6.8423676
2025-03-10 07:00:00+00:00,339.44388,6.151683
2025-03-10 08:00:00+00:00,319.26797,8.55142
2025-03-10 09:00:00+00:00,334.05774,7.406295
2025-03-10 10:00:00+00:00,337.01126,6.452441
2025-03-10 11:00:00+00:00,348.9965,6.601363
2025-03-10 12:00:00+00:00,14.931467,5.5887027
2025-03-10 13:00:00+00:00,11.821464,7.9077177
2025-03-10 14:00:00+00:00,15.524177,6.725354
2025-03-10 15:00:00+00:00,32.471172,7.0407386
2025-03-10 16:00:00+00:00,32.005356,6.792466
2025-03-10 17:00:00+00:00,35.75398,5.5450516
2025-03-10 18:00:00+00:00,30.1413,6.452441
2025-03-10 19:00:00+00:00,10.124612,5.1197267
2025-03-10 20:00:00+00:00,354.80566,3.9763298
2025-03-10 21:00:00+00:00,75.96373,1.484318
2025-03-10 22:00:00+00:00,10.61961,5.8603754
2025-03-10 23:00:00+00:00,318.01288,4.8433046
2025-03-11 00:00:00+00:00,8.746089,2.36753
2025-03-11 01:00:00+00:00,327.99466,3.396233
2025-03-11 02:00:00+00:00,333.43503,4.0249224
2025-03-11 03:00:00+00:00,339.44388,1.5379207
2025-03-11 04:00:00+00:00,31.328646,4.846648
2025-03-11 05:00:00+00:00,37.875053,2.0523157
2025-03-11 06:00:00+00:00,28.30066,2.657668
2025-03-11 07:00:00+00:00,360.0,3.7799997
2025-03-11 08:00:00+00:00,334.2901,5.3939967
2025-03-11 09:00:00+00:00,339.27435,7.120815
2025-03-11 10:00:00+00:00,341.1138,7.229191
2025-03-11 11:00:00+00:00,313.4519,4.7110505
2025-03-11 12:00:00+00:00,335.09525,5.5567255
2025-03-11 13:00:00+00:00,5.7105074,7.2359104
2025-03-11 14:00:00+00:00,3.46817,5.950899
2025-03-11 15:00:00+00:00,30.699654,6.698806
2025-03-11 16:00:00+00:00,8.130019,5.0911684
2025-03-11 17:00:00+00:00,349.04596,5.6835546
2025-03-11 18:00:00+00:00,2.1210518,4.8633323
2025-03-11 19:00:00+00:00,347.00537,2.4014995
2025-03-11 20:00:00+00:00,19.983198,2.1068459
2025-03-11 21:00:00+00:00,34.9921,4.39436
2025-03-11 22:00:00+00:00,44.999897,2.2910259
2025-03-11 23:00:00+00:00,38.157276,6.4096174
2025-03-12 00:00:00+00:00,27.29949,6.279395
2025-03-12 01:00:00+00:00,6.842679,4.5322843
2025-03-12 02:00:00+00:00,356.3087,5.5916004
2025-03-12 03:00:00+00:00,357.20734,7.388775
2025-03-12 04:00:00+00:00,352.23492,7.9932976
2025-03-12 05:00:00+00:00,7.12493,7.256032
2025-03-12 06:00:00+00:00,358.4926,6.8423676
2025-03-12 07:00:00+00:00,6.6324186,7.79215
2025-03-12 08:00:00+00:00,350.78906,6.7469993
2025-03-12 09:00:00+00:00,360.0,7.7400002
2025-03-12 10:00:00+00:00,4.3159466,9.567131
2025-03-12 11:00:00+00:00,6.0723705,8.507737
2025-03-12 12:00:00+00:00,1.7356651,5.9427266
2025-03-12 13:00:00+00:00,14.036275,8.905908
2025-03-12 14:00:00+00:00,355.48608,6.8612823
2025-03-12 15:00:00+00:00,10.954029,5.6835546
2025-03-12 16:00:00+00:00,23.749514,4.91634
2025-03-12 17:00:00+00:00,29.744795,7.256032
2025-03-12 18:00:00+00:00,27.699385,8.131936
2025-03-12 19:00:00+00:00,26.564985,6.8423676
2025-03-12 20:00:00+00:00,21.801476,4.846648
2025-03-12 21:00:00+00:00,23.962492,3.5455887
2025-03-12 22:00:00+00:00,357.27374,3.7842832
2025-03-12 23:00:00+00:00,338.74942,3.4763772
2025-03-13 00:00:00+00:00,29.357658,6.6087217
2025-03-13 01:00:00+00:00,16.699326,5.637765
2025-03-13 02:00:00+00:00,336.8014,4.1125174
2025-03-13 03:00:00+00:00,28.442837,4.913044
2025-03-13 04:00:00+00:00,22.109503,6.21717
2025-03-13 05:00:00+00:00,14.676441,7.8149853
2025-03-13 06:00:00+00:00,52.853233,7.4520864
2025-03-13 07:00:00+00:00,58.81509,7.995323
2025-03-13 08:00:00+00:00,60.255207,8.707237
2025-03-13 09:00:00+00:00,38.047092,5.257109
2025-03-13 10:00:00+00:00,44.999897,3.563818
2025-03-13 11:00:00+00:00,44.999897,5.6002855
2025-03-13 12:00:00+00:00,99.46225,2.1897945
2025-03-13 13:00:00+00:00,20.772345,5.5829024
2025-03-13 14:00:00+00:00,330.5242,4.755544
2025-03-13 15:00:00+00:00,341.02948,6.0908127
2025-03-13 16:00:00+00:00,337.06787,5.0816135
2025-03-13 17:00:00+00:00,315.0001,4.072935
2025-03-13 18:00:00+00:00,360.0,2.8799999
2025-03-13 19:00:00+00:00,360.0,2.8799999
2025-03-13 20:00:00+00:00,345.06854,2.7943513
2025-03-13 21:00:00+00:00,349.21573,3.84796
2025-03-13 22:00:00+00:00,12.528798,6.638072
2025-03-13 23:00:00+00:00,344.7448,4.1046314
2025-03-14 00:00:00+00:00,355.23645,4.3349743
2025-03-14 01:00:00+00:00,4.398633,7.040739
2025-03-14 02:00:00+00:00,340.20102,4.7827187
2025-03-14 03:00:00+00:00,31.701384,7.193247
2025-03-14 04:00:00+00:00,31.75944,4.4456716
2025-03-14 05:00:00+00:00,5.7105074,3.6179552
2025-03-14 06:00:00+00:00,18.435053,5.12289
2025-03-14 07:00:00+00:00,20.772345,5.5829024
2025-03-14 08:00:00+00:00,4.085537,5.0528407
2025-03-14 09:00:00+00:00,26.564985,0.40249225
2025-03-14 10:00:00+00:00,346.60748,3.8856654
2025-03-14 11:00:00+00:00,19.722366,10.134496
2025-03-14 12:00:00+00:00,18.435053,8.538149
2025-03-14 13:00:00+00:00,22.988754,12.904882
2025-03-14 14:00:00+00:00,26.200048,12.638513
2025-03-14 15:00:00+00:00,29.84584,12.659004
2025-03-14 16:00:00+00:00,27.645891,12.801531
2025-03-14 17:00:00+00:00,26.09537,9.82114
2025-03-14 18:00:00+00:00,18.03438,8.139901
2025-03-14 19:00:00+00:00,23.552286,7.6579366
2025-03-14 20:00:00+00:00,24.075504,9.266067
2025-03-14 21:00:00+00:00,31.675428,9.9408245
2025-03-14 22:00:00+00:00,30.963696,9.446141
2025-03-14 23:00:00+00:00,22.714453,8.39078
2025-03-15 00:00:00+00:00,21.801476,6.7853074
2025-03-15 01:00:00+00:00,24.05735,11.038858
2025-03-15 02:00:00+00:00,33.231728,12.4811535
2025-03-15 03:00:00+00:00,22.340693,14.206323
2025-03-15 04:00:00+00:00,23.8865,13.78029
2025-03-15 05:00:00+00:00,30.815645,11.9466305
2025-03-15 06:00:00+00:00,27.645891,12.801531
2025-03-15 07:00:00+00:00,22.729767,14.4415655
2025-03-15 08:00:00+00:00,7.2141733,14.33347
2025-03-15 09:00:00+00:00,20.67451,10.196647
2025-03-15 10:00:00+00:00,19.653913,10.703569
2025-03-15 11:00:00+00:00,16.58742,8.827343
2025-03-15 12:00:00+00:00,29.357658,9.913082
2025-03-15 13:00:00+00:00,34.460888,11.13384
2025-03-15 14:00:00+00:00,34.114517,13.479583
2025-03-15 15:00:00+00:00,37.030487,12.85205
2025-03-15 16:00:00+00:00,33.6901,10.383987
2025-03-15 17:00:00+00:00,25.083572,9.340941
2025-03-15 18:00:00+00:00,22.036283,8.155807
2025-03-15 19:00:00+00:00,23.962492,8.863972
2025-03-15 20:00:00+00:00,17.418066,9.621163
2025-03-15 21:00:00+00:00,18.758749,10.075177
2025-03-15 22:00:00+00:00,13.17257,8.688613
2025-03-15 23:00:00+00:00,20.806877,9.627896
2025-03-16 00:00:00+00:00,25.602148,9.580668
2025-03-16 01:00:00+00:00,22.47948,11.298495
2025-03-16 02:00:00+00:00,21.801476,8.723967
2025-03-16 03:00:00+00:00,29.898815,8.305396
2025-03-16 04:00:00+00:00,19.653913,5.3517847
2025-03-16 05:00:00+00:00,15.068549,4.8466477
2025-03-16 06:00:00+00:00,322.12494,2.0523157
2025-03-16 07:00:00+00:00,347.19574,4.060985
2025-03-16 08:00:00+00:00,293.6294,3.143565
2025-03-16 09:00:00+00:00,260.53775,3.2846913
2025-03-16 10:00:00+00:00,243.43501,2.4149535
2025-03-16 11:00:00+00:00,251.56496,2.2768397
2025-03-16 12:00:00+00:00,288.43503,2.2768397
2025-03-16 13:00:00+00:00,6.3401003,3.2599385
2025-03-16 14:00:00+00:00,9.782338,5.297018
2025-03-16 15:00:00+00:00,24.537718,9.102021
2025-03-16 16:00:00+00:00,28.810698,8.217153
2025-03-16 17:00:00+00:00,33.366394,8.836514
2025-03-16 18:00:00+00:00,32.38066,8.738811
2025-03-16 19:00:00+00:00,34.777905,7.889258
2025-03-16 20:00:00+00:00,35.706783,7.0934615
2025-03-16 21:00:00+00:00,33.178535,5.5916004
2025-03-16 22:00:00+00:00,36.158287,5.796447
2025-03-16 23:00:00+00:00,39.805527,5.6233797
2025-03-17 00:00:00+00:00,41.00899,5.48631
2025-03-17 01:00:00+00:00,34.592358,6.341009
2025-03-17 02:00:00+00:00,33.6901,5.1919937
2025-03-17 03:00:00+00:00,39.805527,2.8116899
2025-03-17 04:00:00+00:00,180.0,1.4399999
2025-03-17 05:00:00+00:00,170.53775,2.1897945
2025-03-17 06:00:00+00:00,186.3401,3.2599385
2025-03-17 07:00:00+00:00,206.56499,3.219938
2025-03-17 08:00:00+00:00,236.3099,3.8939953
2025-03-17 09:00:00+00:00,234.46223,4.6452556
2025-03-17 10:00:00+00:00,223.1524,3.9477081
2025-03-17 11:00:00+00:00,224.9999,3.3092594
2025-03-17 12:00:00+00:00,206.56499,2.8174455
2025-03-17 13:00:00+00:00,44.999897,3.0547013
2025-03-17 14:00:00+00:00,27.121223,8.29173
2025-03-17 15:00:00+00:00,26.564985,8.452336
2025-03-17 16:00:00+00:00,25.90646,7.0038276
2025-03-17 17:00:00+00:00,28.141502,8.777654
2025-03-17 18:00:00+00:00,28.392921,7.570707
2025-03-17 19:00:00+00:00,30.963696,8.39657
2025-03-17 20:00:00+00:00,25.407679,7.970972
2025-03-17 21:00:00+00:00,25.407679,7.970972
2025-03-17 22:00:00+00:00,22.306253,7.587806
2025-03-17 23:00:00+00:00,23.552286,7.6579366
2025-03-18 00:00:00+00:00,15.708701,5.983477
2025-03-18 01:00:00+00:00,18.03438,8.139901
2025-03-18 02:00:00+00:00,22.61991,7.0199995
2025-03-18 03:00:00+00:00,25.016869,5.95906
2025-03-18 04:00:00+00:00,352.87506,1.4512063
2025-03-18 05:00:00+00:00,296.56497,1.2074767
2025-03-18 06:00:00+00:00,256.50424,4.6277857
2025-03-18 07:00:00+00:00,268.31534,6.122647
2025-03-18 08:00:00+00:00,273.3664,6.130579
2025-03-18 09:00:00+00:00,277.8532,5.2694216
2025-03-18 10:00:00+00:00,272.12103,4.8633323
2025-03-18 11:00:00+00:00,297.75842,3.8647635
2025-03-18 12:00:00+00:00,313.36346,4.4565907
2025-03-18 13:00:00+00:00,14.036275,5.937272
2025-03-18 14:00:00+00:00,9.462261,7.6642804
2025-03-18 15:00:00+00:00,15.5928755,8.035746
2025-03-18 16:00:00+00:00,15.018415,7.6409945
2025-03-18 17:00:00+00:00,13.091906,7.9465466
2025-03-18 18:00:00+00:00,15.780828,8.604301
2025-03-18 19:00:00+00:00,12.26477,8.473393
2025-03-18 20:00:00+00:00,15.780828,8.604301
2025-03-18 21:00:00+00:00,16.113499,8.431228
2025-03-18 22:00:00+00:00,19.573223,8.596766
2025-03-18 23:00:00+00:00,18.824812,8.36758
2025-03-19 00:00:00+00:00,23.838743,8.461915
2025-03-19 01:00:00+00:00,21.037588,10.028439
2025-03-19 02:00:00+00:00,22.714453,8.39078
2025-03-19 03:00:00+00:00,26.564985,6.8423676
2025-03-19 04:00:00+00:00,16.927603,4.327493
2025-03-19 05:00:00+00:00,54.46224,3.096837
2025-03-19 06:00:00+00:00,122.00535,1.6981165
2025-03-19 07:00:00+00:00,210.96368,1.0495713
2025-03-19 08:00:00+00:00,243.43501,1.609969
2025-03-19 09:00:00+00:00,243.43501,0.40249225
2025-03-19 10:00:00+00:00,153.43501,0.8049845
2025-03-19 11:00:00+00:00,158.19853,1.9386592
2025-03-19 12:00:00+00:00,116.56499,2.8174455
2025-03-19 13:00:00+00:00,39.805527,2.8116899
2025-03-19 14:00:00+00:00,37.405437,7.7043357
2025-03-19 15:00:00+00:00,31.372961,8.643749
2025-03-19 16:00:00+00:00,26.564985,7.6473517
2025-03-19 17:00:00+00:00,29.427368,8.0599
2025-03-19 18:00:00+00:00,27.645891,8.534353
2025-03-19 19:00:00+00:00,28.072395,9.179999
2025-03-19 20:00:00+00:00,29.16752,8.863972
2025-03-19 21:00:00+00:00,31.159245,9.044888
2025-03-19 22:00:00+00:00,30.343174,8.55142
2025-03-19 23:00:00+00:00,30.529623,8.149847
2025-03-20 00:00:00+00:00,34.43906,7.6388745
2025-03-20 01:00:00+00:00,27.474344,10.144082
2025-03-20 02:00:00+00:00,35.837746,7.9932966
2025-03-20 03:00:00+00:00,48.2398,6.7565966
2025-03-20 04:00:00+00:00,73.49557,5.068846
2025-03-20 05:00:00+00:00,63.435013,6.439876
2025-03-20 06:00:00+00:00,52.124958,6.156947
2025-03-20 07:00:00+00:00,41.82009,4.5891175
2025-03-20 08:00:00+00:00,49.635548,4.724786
2025-03-20 09:00:00+00:00,26.564985,2.8174455
2025-03-20 10:00:00+00:00,360.0,0.71999997
2025-03-20 11:00:00+00:00,104.03627,0.742159
2025-03-20 12:00:00+00:00,40.814987,5.2323985
2025-03-20 13:00:00+00:00,24.443953,8.699793
2025-03-20 14:00:00+00:00,27.216026,7.0843205
2025-03-20 15:00:00+00:00,11.3098955,5.506941
2025-03-20 16:00:00+00:00,13.627024,6.1120534
2025-03-20 17:00:00+00:00,20.556128,7.689603
2025-03-20 18:00:00+00:00,25.114815,6.361415
2025-03-20 19:00:00+00:00,27.181028,7.4867883
2025-03-20 20:00:00+00:00,30.529623,8.149847
2025-03-20 21:00:00+00:00,32.660904,8.338489
2025-03-20 22:00:00+00:00,30.529623,8.149847
2025-03-20 23:00:00+00:00,35.537766,6.193674
2025-03-21 00:00:00+00:00,3.8140097,2.7059932
2025-03-21 01:00:00+00:00,32.471172,4.6938257
2025-03-21 02:00:00+00:00,54.46224,4.6452556
2025-03-21 03:00:00+00:00,160.0168,2.1068459
2025-03-21 04:00:00+00:00,143.13002,2.6999998
2025-03-21 05:00:00+00:00,154.98314,2.97953
2025-03-21 06:00:00+00:00,168.69011,2.7534704
2025-03-21 07:00:00+00:00,214.9921,2.19718
2025-03-21 08:00:00+00:00,238.39255,2.7475805
2025-03-21 09:00:00+00:00,246.3706,3.143565
2025-03-21 10:00:00+00:00,279.46225,4.379589
2025-03-21 11:00:00+00:00,279.16226,5.6521144
2025-03-21 12:00:00+00:00,239.9315,3.9518096
2025-03-21 13:00:00+00:00,253.61038,3.189608
2025-03-21 14:00:00+00:00,315.0001,0.25455844
2025-03-21 15:00:00+00:00,42.614033,6.114703
2025-03-21 16:00:00+00:00,50.710617,5.1165614
2025-03-21 17:00:00+00:00,40.10085,4.471107
2025-03-21 18:00:00+00:00,39.805527,5.6233797
2025-03-21 19:00:00+00:00,32.82854,6.6405115
2025-03-21 20:00:00+00:00,37.146767,7.4520864
2025-03-21 21:00:00+00:00,35.39489,8.39078
2025-03-21 22:00:00+00:00,34.33027,8.936778
2025-03-21 23:00:00+00:00,35.417145,9.939196
2025-03-22 00:00:00+00:00,35.655422,10.1902895
2025-03-22 01:00:00+00:00,34.18618,11.53265
2025-03-22 02:00:00+00:00,37.073162,10.152064
2025-03-22 03:00:00+00:00,37.405437,7.7043357
2025-03-22 04:00:00+00:00,46.73567,4.2021427
2025-03-22 05:00:00+00:00,173.6599,3.2599385
2025-03-22 06:00:00+00:00,167.90526,5.1544156
2025-03-22 07:00:00+00:00,174.47255,5.6060677
2025-03-22 08:00:00+00:00,176.42374,5.771239
2025-03-22 09:00:00+00:00,180.0,5.3999996
2025-03-22 10:00:00+00:00,175.91446,5.0528407
2025-03-22 11:00:00+00:00,154.5367,4.186693
2025-03-22 12:00:00+00:00,111.3707,4.445672
2025-03-22 13:00:00+00:00,60.255207,7.256032
2025-03-22 14:00:00+00:00,44.396984,12.0921955
2025-03-22 15:00:00+00:00,35.340195,12.136325
2025-03-22 16:00:00+00:00,31.798878,10.589448
2025-03-22 17:00:00+00:00,34.33027,8.936778
2025-03-22 18:00:00+00:00,43.09086,7.6409945
2025-03-22 19:00:00+00:00,48.814175,7.653705
2025-03-22 20:00:00+00:00,55.491425,6.989936
2025-03-22 21:00:00+00:00,58.495792,6.544677
2025-03-22 22:00:00+00:00,52.81522,6.552099
2025-03-22 23:00:00+00:00,47.12111,6.8777895
2025-03-23 00:00:00+00:00,41.185825,5.7402787
2025-03-23 01:00:00+00:00,47.385983,6.114703
2025-03-23 02:00:00+00:00,46.636536,4.4565907
2025-03-23 03:00:00+00:00,52.431335,2.9522195
2025-03-23 04:00:00+00:00,174.80566,1.9881649
2025-03-23 05:00:00+00:00,163.61038,3.189608
2025-03-23 06:00:00+00:00,196.69933,3.7585104
2025-03-23 07:00:00+00:00,198.43504,3.9844694
2025-03-23 08:00:00+00:00,219.80553,4.2175345
2025-03-23 09:00:00+00:00,270.0,6.8399997
2025-03-23 10:00:00+00:00,232.12495,4.1046314
2025-03-23 11:00:00+00:00,194.03627,4.452954
2025-03-23 12:00:00+00:00,156.80138,2.7416782
2025-03-23 13:00:00+00:00,120.96369,1.0495713
2025-03-23 14:00:00+00:00,40.314034,7.7900705
2025-03-23 15:00:00+00:00,28.30066,5.315336
2025-03-23 16:00:00+00:00,23.962492,7.0911775
2025-03-23 17:00:00+00:00,37.875042,6.156947
2025-03-23 18:00:00+00:00,44.999897,5.6002855
2025-03-23 19:00:00+00:00,37.405437,3.8521678
2025-03-23 20:00:00+00:00,48.01287,4.8433046
2025-03-23 21:00:00+00:00,40.364468,4.724786
2025-03-23 22:00:00+00:00,36.86999,4.5
2025-03-23 23:00:00+00:00,49.635548,4.724786
2025-03-24 00:00:00+00:00,41.82009,4.5891175
2025-03-24 01:00:00+00:00,42.397392,5.6060677
2025-03-24 02:00:00+00:00,40.9143,3.572898
2025-03-24 03:00:00+00:00,18.435053,1.1384199
2025-03-24 04:00:00+00:00,180.0,1.08
2025-03-24 05:00:00+00:00,153.43501,3.219938
2025-03-24 06:00:00+00:00,204.77512,2.5772076
2025-03-24 07:00:00+00:00,221.18582,1.9134263
2025-03-24 08:00:00+00:00,232.12495,2.0523157
2025-03-24 09:00:00+00:00,206.56499,1.609969
2025-03-24 10:00:00+00:00,198.43504,0.56920993
2025-03-24 11:00:00+00:00,258.6901,0.9178235
2025-03-24 12:00:00+00:00,5.4402504,3.7971036
2025-03-24 13:00:00+00:00,2.385899,4.323748
2025-03-24 14:00:00+00:00,354.55975,3.7971036
2025-03-24 15:00:00+00:00,14.036275,4.452954
2025-03-24 16:00:00+00:00,344.05453,2.6208394
2025-03-24 17:00:00+00:00,291.80148,1.9386592
2025-03-24 18:00:00+00:00,311.98712,2.4216523
2025-03-24 19:00:00+00:00,9.090207,4.5572357
2025-03-24 20:00:00+00:00,21.801476,6.7853074
2025-03-24 21:00:00+00:00,14.036275,6.6794305
2025-03-24 22:00:00+00:00,13.671325,6.8541956
2025-03-24 23:00:00+00:00,3.5762644,5.771239
2025-03-25 00:00:00+00:00,17.447285,6.603817
2025-03-25 01:00:00+00:00,12.26477,8.473393
2025-03-25 02:00:00+00:00,3.0127327,6.849467
2025-03-25 03:00:00+00:00,17.447285,6.603817
2025-03-25 04:00:00+00:00,12.99463,7.2044983
2025-03-25 05:00:00+00:00,334.8852,6.361415
2025-03-25 06:00:00+00:00,350.31128,7.486788
2025-03-25 07:00:00+00:00,349.69522,8.049845
2025-03-25 08:00:00+00:00,348.23172,8.825508
2025-03-25 09:00:00+00:00,338.6293,8.891344
2025-03-25 10:00:00+00:00,339.59003,8.2584505
2025-03-25 11:00:00+00:00,328.67136,4.846648
2025-03-25 12:00:00+00:00,255.96373,3.710795
2025-03-25 13:00:00+00:00,18.886187,7.229191
2025-03-25 14:00:00+00:00,291.16132,5.9834766
2025-03-25 15:00:00+00:00,337.3801,4.6800003
2025-03-25 16:00:00+00:00,6.842679,4.5322843
2025-03-25 17:00:00+00:00,326.3099,3.8939953
2025-03-25 18:00:00+00:00,338.6293,4.445672
2025-03-25 19:00:00+00:00,323.13,3.6
2025-03-25 20:00:00+00:00,350.9098,4.5572357
2025-03-25 21:00:00+00:00,358.31534,6.122647
2025-03-25 22:00:00+00:00,346.373,6.1120534
2025-03-25 23:00:00+00:00,340.46326,5.920878
2025-03-26 00:00:00+00:00,331.11353,5.9617786
2025-03-26 01:00:00+00:00,342.34976,4.1556225
2025-03-26 02:00:00+00:00,323.13,3.6
2025-03-26 03:00:00+00:00,5.19435,3.9763298
2025-03-26 04:00:00+00:00,304.9921,2.19718
2025-03-26 05:00:00+00:00,304.21576,5.441838
2025-03-26 06:00:00+00:00,319.39877,4.978554
2025-03-26 07:00:00+00:00,329.42084,4.599695
2025-03-26 08:00:00+00:00,294.44394,4.3498964
2025-03-26 09:00:00+00:00,285.52417,3.362677
2025-03-26 10:00:00+00:00,343.61038,3.189608
2025-03-26 11:00:00+00:00,13.240531,6.28713
2025-03-26 12:00:00+00:00,352.6477,5.6262593
2025-03-26 13:00:00+00:00,43.408916,9.167638
2025-03-26 14:00:00+00:00,31.328646,9.693296
2025-03-26 15:00:00+00:00,23.198618,8.225035
2025-03-26 16:00:00+00:00,25.083572,9.340941
2025-03-26 17:00:00+00:00,18.435053,10.24578
2025-03-26 18:00:00+00:00,15.068549,9.6932955
2025-03-26 19:00:00+00:00,12.652561,9.039514
2025-03-26 20:00:00+00:00,26.564985,8.854829
2025-03-26 21:00:00+00:00,18.435053,10.24578
2025-03-26 22:00:00+00:00,19.653913,10.703569
2025-03-26 23:00:00+00:00,8.275804,10.004178
2025-03-27 00:00:00+00:00,13.799514,10.564941
2025-03-27 01:00:00+00:00,21.801476,9.693296
2025-03-27 02:00:00+00:00,23.962492,8.863972
2025-03-27 03:00:00+00:00,28.30066,10.630672
2025-03-27 04:00:00+00:00,27.349789,11.753877
2025-03-27 05:00:00+00:00,24.567156,13.854155
2025-03-27 06:00:00+00:00,37.042564,11.952054
2025-03-27 07:00:00+00:00,56.82148,11.183201
2025-03-27 08:00:00+00:00,74.931465,9.6932955
2025-03-27 09:00:00+00:00,64.5367,8.373386
2025-03-27 10:00:00+00:00,33.6901,9.085988
2025-03-27 11:00:00+00:00,5.7105074,14.471821
2025-03-27 12:00:00+00:00,12.680387,14.759999
2025-03-27 13:00:00+00:00,195.5726,11.39842
2025-03-27 14:00:00+00:00,219.28938,10.233123
2025-03-27 15:00:00+00:00,229.39879,8.297589
2025-03-27 16:00:00+00:00,245.43285,6.9270773
2025-03-27 17:00:00+00:00,288.43503,4.5536795
2025-03-27 18:00:00+00:00,12.99463,7.2044983
2025-03-27 19:00:00+00:00,32.471172,9.387651
2025-03-27 20:00:00+00:00,31.723568,11.638917
2025-03-27 21:00:00+00:00,28.779716,14.581111
2025-03-27 22:00:00+00:00,23.198618,12.337553
2025-03-27 23:00:00+00:00,22.796566,13.472372
2025-03-28 00:00:00+00:00,20.647078,13.272482
2025-03-28 01:00:00+00:00,5.492242,9.403169
2025-03-28 02:00:00+00:00,11.3098955,11.013882
2025-03-28 03:00:00+00:00,16.164576,12.931218
2025-03-28 04:00:00+00:00,359.1697,12.421304
2025-03-28 05:00:00+00:00,317.1211,10.316686
2025-03-28 06:00:00+00:00,270.0,4.86
2025-03-28 07:00:00+00:00,280.17545,7.1321807
2025-03-28 08:00:00+00:00,315.74396,9.801326
2025-03-28 09:00:00+00:00,291.99118,10.094454
2025-03-28 10:00:00+00:00,285.25516,10.261579
2025-03-28 11:00:00+00:00,307.794,11.161451
2025-03-28 12:00:00+00:00,334.09354,14.007655
2025-03-28 13:00:00+00:00,352.9543,16.141893
2025-03-28 14:00:00+00:00,349.28693,13.556282
2025-03-28 15:00:00+00:00,343.49554,10.137692
2025-03-28 16:00:00+00:00,1.0230169,10.081606
2025-03-28 17:00:00+00:00,9.323526,12.221456
2025-03-28 18:00:00+00:00,8.569064,13.288341
2025-03-28 19:00:00+00:00,359.19308,12.781267
2025-03-28 20:00:00+00:00,353.29025,12.324414
2025-03-28 21:00:00+00:00,347.4712,11.616627
2025-03-28 22:00:00+00:00,351.2539,11.837651
2025-03-28 23:00:00+00:00,357.43628,12.0720825
2025-03-29 00:00:00+00:00,358.26434,11.885453
2025-03-29 01:00:00+00:00,360.0,10.799999
2025-03-29 02:00:00+00:00,353.6599,9.779817
2025-03-29 03:00:00+00:00,354.2895,9.044888
2025-03-29 04:00:00+00:00,354.89792,10.120098
2025-03-29 05:00:00+00:00,356.93356,10.094454
2025-03-29 06:00:00+00:00,360.0,10.08
2025-03-29 07:00:00+00:00,5.29,9.761578
2025-03-29 08:00:00+00:00,5.7105074,10.853866
2025-03-29 09:00:00+00:00,2.8155043,10.993271
2025-03-29 10:00:00+00:00,360.0,10.62
2025-03-29 11:00:00+00:00,3.9451082,10.464798
2025-03-29 12:00:00+00:00,14.743609,10.609316
2025-03-29 13:00:00+00:00,26.995766,10.706596
2025-03-29 14:00:00+00:00,29.638298,12.011544
2025-03-29 15:00:00+00:00,28.886486,11.923557
2025-03-29 16:00:00+00:00,27.349789,11.753877
2025-03-29 17:00:00+00:00,23.6821,11.203464
2025-03-29 18:00:00+00:00,19.057802,10.474082
2025-03-29 19:00:00+00:00,15.524177,10.088033
2025-03-29 20:00:00+00:00,12.99463,9.605998
2025-03-29 21:00:00+00:00,12.99463,9.605998
2025-03-29 22:00:00+00:00,13.535882,9.9977
2025-03-29 23:00:00+00:00,16.88688,10.534229
2025-03-30 00:00:00+00:00,16.607063,10.706595
2025-03-30 01:00:00+00:00,19.832224,11.672275
2025-03-30 02:00:00+00:00,18.152803,11.555102
2025-03-30 03:00:00+00:00,18.71184,11.7827835
2025-03-30 04:00:00+00:00,17.402794,12.638512
2025-03-30 05:00:00+00:00,17.216166,13.379461
2025-03-30 06:00:00+00:00,20.984982,14.0734215
2025-03-30 07:00:00+00:00,20.65899,11.734564
2025-03-30 08:00:00+00:00,23.6821,11.203464
2025-03-30 09:00:00+00:00,15.802589,9.914717
2025-03-30 10:00:00+00:00,24.775122,7.731623
2025-03-30 11:00:00+00:00,40.763515,6.8919086
2025-03-30 12:00:00+00:00,60.124096,9.7565975
2025-03-30 13:00:00+00:00,52.791996,12.204212
2025-03-30 14:00:00+00:00,50.59937,13.044722
2025-03-30 15:00:00+00:00,44.999897,12.98248
2025-03-30 16:00:00+00:00,40.236294,12.261157
2025-03-30 17:00:00+00:00,38.65983,11.525623
2025-03-30 18:00:00+00:00,37.073162,10.152064
2025-03-30 19:00:00+00:00,31.328646,9.693296
2025-03-30 20:00:00+00:00,29.604366,9.109138
2025-03-30 21:00:00+00:00,22.442802,8.958504
2025-03-30 22:00:00+00:00,18.03438,8.139901
2025-03-30 23:00:00+00:00,10.539137,7.8728137
2025-03-31 00:00:00+00:00,6.7888846,7.613382
2025-03-31 01:00:00+00:00,26.564985,7.6473517
2025-03-31 02:00:00+00:00,23.629398,6.28713
2025-03-31 03:00:00+00:00,34.777905,7.889258
2025-03-31 04:00:00+00:00,28.495539,7.1684303
2025-03-31 05:00:00+00:00,28.610369,6.76618
2025-03-31 06:00:00+00:00,32.005356,8.490582
2025-03-31 07:00:00+00:00,28.523024,9.4238205
2025-03-31 08:00:00+00:00,22.714453,8.39078
2025-03-31 09:00:00+00:00,14.349371,7.989243
2025-03-31 10:00:00+00:00,4.289077,7.2202215
2025-03-31 11:00:00+00:00,355.10098,6.3231
2025-03-31 12:00:00+00:00,1.8475709,5.5829024
2025-03-31 13:00:00+00:00,27.255245,6.6818557
2025-03-31 14:00:00+00:00,35.217674,7.491114
2025-03-31 15:00:00+00:00,31.607454,5.495161
2025-03-31 16:00:00+00:00,24.904745,5.5567255
2025-03-31 17:00:00+00:00,32.73523,5.991594
2025-03-31 18:00:00+00:00,34.8754,7.2403865
2025-03-31 19:00:00+00:00,33.996506,9.335737
2025-03-31 20:00:00+00:00,33.023872,8.587338
2025-03-31 21:00:00+00:00,32.275623,8.0899935
2025-03-31 22:00:00+00:00,30.068504,7.9036193
2025-03-31 23:00:00+00:00,34.045982,8.037761
2025-04-01 00:00:00+00:00,36.326923,7.596341
2025-04-01 01:00:00+00:00,41.877792,7.0107627
2025-04-01 02:00:00+00:00,47.045418,7.1321807
2025-04-01 03:00:00+00:00,79.69521,2.0124612
2025-04-01 04:00:00+00:00,156.80139,4.1125174
2025-04-01 05:00:00+00:00,163.61038,3.189608
2025-04-01 06:00:00+00:00,222.27362,2.6758924
2025-04-01 07:00:00+00:00,264.80566,3.9763298
2025-04-01 08:00:00+00:00,289.9832,2.1068459
2025-04-01 09:00:00+00:00,321.34018,2.3051248
2025-04-01 10:00:00+00:00,346.60748,3.8856654
2025-04-01 11:00:00+00:00,356.186,2.7059932
2025-04-01 12:00:00+00:00,255.96373,1.484318
2025-04-01 13:00:00+00:00,29.5387,6.2067385
2025-04-01 14:00:00+00:00,32.471172,7.0407386
2025-04-01 15:00:00+00:00,29.357658,9.913082
2025-04-01 16:00:00+00:00,32.005356,10.1887
2025-04-01 17:00:00+00:00,30.618525,10.248941
2025-04-01 18:00:00+00:00,31.798878,10.589448
2025-04-01 19:00:00+00:00,31.607454,10.990322
2025-04-01 20:00:00+00:00,29.248732,10.315115
2025-04-01 21:00:00+00:00,29.875906,9.7565975
2025-04-01 22:00:00+00:00,33.959103,10.63372
2025-04-01 23:00:00+00:00,33.407852,10.134495
2025-04-02 00:00:00+00:00,35.166515,9.688281
2025-04-02 01:00:00+00:00,32.005356,10.1887
2025-04-02 02:00:00+00:00,37.875053,8.209263
2025-04-02 03:00:00+00:00,63.435013,4.4274144
2025-04-02 04:00:00+00:00,90.0,3.96
2025-04-02 05:00:00+00:00,90.0,3.2399998
2025-04-02 06:00:00+00:00,69.775055,3.644722
2025-04-02 07:00:00+00:00,44.999897,5.854844
2025-04-02 08:00:00+00:00,47.72637,5.3517847
2025-04-02 09:00:00+00:00,41.347687,5.994297
2025-04-02 10:00:00+00:00,37.234917,5.6521144
2025-04-02 11:00:00+00:00,126.027466,2.4482648
2025-04-02 12:00:00+00:00,77.27565,5.720489
2025-04-02 13:00:00+00:00,39.936325,10.094454
2025-04-02 14:00:00+00:00,48.468323,8.415842
2025-04-02 15:00:00+00:00,53.13002,6.299999
2025-04-02 16:00:00+00:00,39.805527,8.435069
2025-04-02 17:00:00+00:00,36.656208,9.648067
2025-04-02 18:00:00+00:00,36.634212,8.748075
2025-04-02 19:00:00+00:00,36.38445,8.4963045
2025-04-02 20:00:00+00:00,34.33027,8.936778
2025-04-02 21:00:00+00:00,33.6901,9.085988
2025-04-02 22:00:00+00:00,35.78906,9.5416975
2025-04-02 23:00:00+00:00,37.97166,9.361731
2025-04-03 00:00:00+00:00,41.729427,8.92408
2025-04-03 01:00:00+00:00,37.97166,9.361731
2025-04-03 02:00:00+00:00,60.64234,6.6087217
2025-04-03 03:00:00+00:00,73.73973,4.5
2025-04-03 04:00:00+00:00,113.19862,5.4833565
2025-04-03 05:00:00+00:00,95.355736,5.7852573
2025-04-03 06:00:00+00:00,96.84268,4.5322843
2025-04-03 07:00:00+00:00,79.87539,5.1197267
2025-04-03 08:00:00+00:00,80.13426,4.2021422
2025-04-03 09:00:00+00:00,90.0,3.96
2025-04-03 10:00:00+00:00,108.43504,3.9844694
2025-04-03 11:00:00+00:00,115.01687,2.97953
2025-04-03 12:00:00+00:00,73.73973,4.5
2025-04-03 13:00:00+00:00,44.999897,5.854844
2025-04-03 14:00:00+00:00,212.00534,1.6981165
2025-04-03 15:00:00+00:00,48.366554,6.502461
2025-04-03 16:00:00+00:00,44.999897,9.673221
2025-04-03 17:00:00+00:00,46.684647,8.65873
2025-04-03 18:00:00+00:00,53.67309,7.596341
2025-04-03 19:00:00+00:00,48.814175,7.653705
2025-04-03 20:00:00+00:00,46.73567,8.404285
2025-04-03 21:00:00+00:00,46.5911,9.167638
2025-04-03 22:00:00+00:00,46.684647,8.65873
2025-04-03 23:00:00+00:00,47.72637,8.027678
2025-04-04 00:00:00+00:00,53.392834,7.8480825
2025-04-04 01:00:00+00:00,44.27486,10.055864
2025-04-04 02:00:00+00:00,61.504463,7.1684303
2025-04-04 03:00:00+00:00,99.78234,5.297018
2025-04-04 04:00:00+00:00,108.92474,6.66
2025-04-04 05:00:00+00:00,99.46225,6.5693827
2025-04-04 06:00:00+00:00,102.5288,4.9785542
2025-04-04 07:00:00+00:00,92.20255,4.6834598
2025-04-04 08:00:00+00:00,88.15243,5.5829024
2025-04-04 09:00:00+00:00,90.0,6.12
2025-04-04 10:00:00+00:00,95.04236,6.1437774
2025-04-04 11:00:00+00:00,99.46225,6.5693827
2025-04-04 12:00:00+00:00,105.75124,7.293888
2025-04-04 13:00:00+00:00,124.69522,5.692099
2025-04-04 14:00:00+00:00,85.101,6.3231
2025-04-04 15:00:00+00:00,63.435013,6.037383
2025-04-04 16:00:00+00:00,51.632477,5.509882
2025-04-04 17:00:00+00:00,46.636536,8.913181
2025-04-04 18:00:00+00:00,51.766144,7.562142
2025-04-04 19:00:00+00:00,56.3099,6.489992
2025-04-04 20:00:00+00:00,50.630707,9.080639
2025-04-04 21:00:00+00:00,47.563812,8.536252
2025-04-04 22:00:00+00:00,54.46224,7.7420926
2025-04-04 23:00:00+00:00,52.001225,7.3094187
2025-04-05 00:00:00+00:00,54.293217,7.0934615
2025-04-05 01:00:00+00:00,57.42595,7.689603
2025-04-05 02:00:00+00:00,68.19853,5.815978
2025-04-05 03:00:00+00:00,99.46225,4.379589
2025-04-05 04:00:00+00:00,154.2901,5.3939967
2025-04-05 05:00:00+00:00,155.85446,5.7204895
2025-04-05 06:00:00+00:00,150.46132,6.2067385
2025-04-05 07:00:00+00:00,159.86362,5.7515564
2025-04-05 08:00:00+00:00,157.8336,5.2478566
2025-04-05 09:00:00+00:00,168.31065,5.3305535
2025-04-05 10:00:00+00:00,173.41815,4.7110505
2025-04-05 11:00:00+00:00,201.80147,2.907989
2025-04-05 12:00:00+00:00,248.19853,2.907989
2025-04-05 13:00:00+00:00,83.15732,4.5322843
2025-04-05 14:00:00+00:00,75.96373,0.742159
2025-04-05 15:00:00+00:00,44.06091,7.7650757
2025-04-05 16:00:00+00:00,39.03552,8.574123
2025-04-05 17:00:00+00:00,41.63345,6.502461
2025-04-05 18:00:00+00:00,44.999897,6.1094027
2025-04-05 19:00:00+00:00,46.041542,7.001514
2025-04-05 20:00:00+00:00,47.20262,6.623413
2025-04-05 21:00:00+00:00,57.652576,6.391901
2025-04-05 22:00:00+00:00,52.3057,5.004518
2025-04-05 23:00:00+00:00,52.124958,6.156947
2025-04-06 00:00:00+00:00,74.3577,4.6730714
2025-04-06 01:00:00+00:00,72.25524,4.724786
2025-04-06 02:00:00+00:00,87.27374,3.7842832
2025-04-06 03:00:00+00:00,121.75944,4.4456716
2025-04-06 04:00:00+00:00,143.97253,4.8965297
2025-04-06 05:00:00+00:00,140.44037,5.369916
2025-04-06 06:00:00+00:00,131.82008,4.5891175
2025-04-06 07:00:00+00:00,128.65984,4.6102495
2025-04-06 08:00:00+00:00,135.0001,5.6002855
2025-04-06 09:00:00+00:00,133.83095,6.2379804
2025-04-06 10:00:00+00:00,132.5104,5.8603754
2025-04-06 11:00:00+00:00,126.86998,5.3999996
2025-04-06 12:00:00+00:00,130.36446,4.724786
2025-04-06 13:00:00+00:00,61.821507,5.7176566
2025-04-06 14:00:00+00:00,55.0079,6.59154
2025-04-06 15:00:00+00:00,48.01287,7.2649574
2025-04-06 16:00:00+00:00,44.029083,7.5105524
2025-04-06 17:00:00+00:00,38.367523,5.509882
2025-04-06 18:00:00+00:00,40.236294,6.1305785
2025-04-06 19:00:00+00:00,37.184795,6.552099
2025-04-06 20:00:00+00:00,55.0079,6.59154
2025-04-06 21:00:00+00:00,53.13002,6.299999
2025-04-06 22:00:00+00:00,54.293217,7.0934615
2025-04-06 23:00:00+00:00,69.67678,5.1826253
2025-04-07 00:00:00+00:00,61.504463,7.1684303
2025-04-07 01:00:00+00:00,52.853233,7.4520864
2025-04-07 02:00:00+00:00,80.909805,4.5572357
2025-04-07 03:00:00+00:00,119.74479,4.3536186
2025-04-07 04:00:00+00:00,116.56499,4.829907
2025-04-07 05:00:00+00:00,107.92801,6.4323244
2025-04-07 06:00:00+00:00,109.798965,4.7827187
2025-04-07 07:00:00+00:00,124.286934,4.7928696
2025-04-07 08:00:00+00:00,126.86999,3.6
2025-04-07 09:00:00+00:00,125.21768,3.745557
2025-04-07 10:00:00+00:00,107.52566,3.5864744
2025-04-07 11:00:00+00:00,97.76508,3.9966488
2025-04-07 12:00:00+00:00,92.60251,3.964089
2025-04-07 13:00:00+00:00,80.53775,2.1897945
2025-04-07 14:00:00+00:00,48.01287,2.4216523
2025-04-07 15:00:00+00:00,42.878906,3.4388947
2025-04-07 16:00:00+00:00,44.999897,3.563818
2025-04-07 17:00:00+00:00,41.63345,2.1674871
2025-04-07 18:00:00+00:00,41.185837,1.9134263
2025-04-07 19:00:00+00:00,50.710617,2.5582807
2025-04-07 20:00:00+00:00,60.255207,1.4512063
2025-04-07 21:00:00+00:00,35.537766,1.5484185
2025-04-07 22:00:00+00:00,53.13002,1.8
2025-04-07 23:00:00+00:00,63.435013,1.2074767
2025-04-08 00:00:00+00:00,44.999897,2.0364676
2025-04-08 01:00:00+00:00,49.398785,1.659518
2025-04-08 02:00:00+00:00,81.46932,3.6402748
2025-04-08 03:00:00+00:00,113.962494,3.5455887
2025-04-08 04:00:00+00:00,115.70991,5.3939967
2025-04-08 05:00:00+00:00,113.19862,5.4833565
2025-04-08 06:00:00+00:00,99.46225,5.4744864
2025-04-08 07:00:00+00:00,99.46225,4.379589
2025-04-08 08:00:00+00:00,94.96966,4.1556225
2025-04-08 09:00:00+00:00,83.99109,3.438895
2025-04-08 10:00:00+00:00,79.99209,3.1072817
2025-04-08 11:00:00+00:00,74.931465,4.8466477
2025-04-08 12:00:00+00:00,70.8209,4.3832865
2025-04-08 13:00:00+00:00,60.64234,3.3043609
2025-04-08 14:00:00+00:00,53.972538,2.4482648
2025-04-08 15:00:00+00:00,49.398785,3.319036
2025-04-08 16:00:00+00:00,50.194473,1.4058449
2025-04-08 17:00:00+00:00,48.366554,2.1674871
2025-04-08 18:00:00+00:00,66.037506,1.7727944
2025-04-08 19:00:00+00:00,57.99466,1.6981165
2025-04-08 20:00:00+00:00,50.194473,2.8116899
2025-04-08 21:00:00+00:00,51.34017,2.3051248
2025-04-08 22:00:00+00:00,63.435013,1.609969
2025-04-08 23:00:00+00:00,61.389645,2.2553935
2025-04-09 00:00:00+00:00,59.03632,3.148714
2025-04-09 01:00:00+00:00,56.976128,4.293669
2025-04-09 02:00:00+00:00,97.12492,4.353619
2025-04-09 03:00:00+00:00,118.61037,2.2553935
2025-04-09 04:00:00+00:00,94.39862,2.3469126
2025-04-09 05:00:00+00:00,98.74608,2.36753
2025-04-09 06:00:00+00:00,94.08554,2.5264204
2025-04-09 07:00:00+00:00,86.423744,2.8856194
2025-04-09 08:00:00+00:00,110.22495,3.644722
2025-04-09 09:00:00+00:00,108.43504,3.4152596
2025-04-09 10:00:00+00:00,213.6901,0.6489992
2025-04-09 11:00:00+00:00,295.1148,6.361415
2025-04-09 12:00:00+00:00,108.43504,0.56920993
2025-04-09 13:00:00+00:00,296.56497,2.4149535
2025-04-09 14:00:00+00:00,108.43504,1.1384199
2025-04-09 15:00:00+00:00,53.74608,3.3481934
2025-04-09 16:00:00+00:00,52.431335,2.9522195
2025-04-09 17:00:00+00:00,59.03632,2.0991426
2025-04-09 18:00:00+00:00,60.94549,1.8532133
2025-04-09 19:00:00+00:00,53.13002,2.6999998
2025-04-09 20:00:00+00:00,44.999897,2.2910259
2025-04-09 21:00:00+00:00,44.999897,1.0182338
2025-04-09 22:00:00+00:00,41.98713,2.4216523
2025-04-09 23:00:00+00:00,44.999897,3.0547013
2025-04-10 00:00:00+00:00,47.72637,2.6758924
2025-04-10 01:00:00+00:00,41.185837,3.8268526
2025-04-10 02:00:00+00:00,67.75093,4.278551
2025-04-10 03:00:00+00:00,125.753975,5.5450516
2025-04-10 04:00:00+00:00,128.991,4.863332
2025-04-10 05:00:00+00:00,136.8476,3.9477081
2025-04-10 06:00:00+00:00,117.75845,3.8647635
2025-04-10 07:00:00+00:00,114.44395,2.1749482
2025-04-10 08:00:00+00:00,93.57626,2.8856194
2025-04-10 09:00:00+00:00,56.976128,4.293669
2025-04-10 10:00:00+00:00,57.094753,3.6447225
2025-04-10 11:00:00+00:00,191.30989,2.7534704
2025-04-10 12:00:00+00:00,84.805664,3.9763298
2025-04-10 13:00:00+00:00,206.56499,0.40249225
2025-04-10 14:00:00+00:00,221.18582,1.9134263
2025-04-10 15:00:00+00:00,209.7448,1.4512063
2025-04-10 16:00:00+00:00,135.0001,0.5091169
2025-04-10 17:00:00+00:00,11.3098955,0.9178235
2025-04-10 18:00:00+00:00,44.999897,3.563818
2025-04-10 19:00:00+00:00,64.5367,4.186693
2025-04-10 20:00:00+00:00,55.491425,3.494968
2025-04-10 21:00:00+00:00,44.999897,4.8366103
2025-04-10 22:00:00+00:00,50.710617,2.5582807
2025-04-10 23:00:00+00:00,63.435013,3.62243
2025-04-11 00:00:00+00:00,62.24156,3.8647635
2025-04-11 01:00:00+00:00,16.699326,3.7585104
2025-04-11 02:00:00+00:00,60.94549,3.7064266
2025-04-11 03:00:00+00:00,119.357666,3.3043609
2025-04-11 04:00:00+00:00,128.65984,6.9153743
2025-04-11 05:00:00+00:00,159.86362,5.7515564
2025-04-11 06:00:00+00:00,215.21768,3.745557
2025-04-11 07:00:00+00:00,126.86999,0.9
2025-04-11 08:00:00+00:00,128.65984,2.3051248
2025-04-11 09:00:00+00:00,94.39862,2.3469126
2025-04-11 10:00:00+00:00,67.3801,2.3400002
2025-04-11 11:00:00+00:00,50.194473,5.6233797
2025-04-11 12:00:00+00:00,46.005,7.256032
2025-04-11 13:00:00+00:00,26.564985,6.037383
2025-04-11 14:00:00+00:00,36.86999,6.299999
2025-04-11 15:00:00+00:00,38.65983,3.4576871
2025-04-11 16:00:00+00:00,42.27363,2.6758924
2025-04-11 17:00:00+00:00,40.9143,3.572898
2025-04-11 18:00:00+00:00,41.42357,4.080882
2025-04-11 19:00:00+00:00,40.9143,3.572898
2025-04-11 20:00:00+00:00,51.842735,3.2048087
2025-04-11 21:00:00+00:00,50.194473,2.8116899
2025-04-11 22:00:00+00:00,49.398785,1.659518
2025-04-11 23:00:00+00:00,82.875084,1.4512063
2025-04-12 00:00:00+00:00,75.96373,2.226477
2025-04-12 01:00:00+00:00,330.9455,1.8532133
2025-04-12 02:00:00+00:00,108.43504,1.1384199
2025-04-12 03:00:00+00:00,162.12122,5.8631387
2025-04-12 04:00:00+00:00,161.56496,5.6920996
2025-04-12 05:00:00+00:00,168.69011,4.5891175
2025-04-12 06:00:00+00:00,187.43132,4.175069
2025-04-12 07:00:00+00:00,203.19861,4.1125174
2025-04-12 08:00:00+00:00,245.69547,6.1226463
2025-04-12 09:00:00+00:00,250.46326,5.920878
2025-04-12 10:00:00+00:00,234.78232,3.745557
2025-04-12 11:00:00+00:00,265.76367,4.8733153
2025-04-12 12:00:00+00:00,240.94548,3.7064266
2025-04-12 13:00:00+00:00,139.39879,1.659518
2025-04-12 14:00:00+00:00,102.5288,1.659518
2025-04-12 15:00:00+00:00,51.34017,1.1525624
2025-04-12 16:00:00+00:00,38.65983,1.1525624
2025-04-12 17:00:00+00:00,40.601215,1.659518
2025-04-12 18:00:00+00:00,32.005356,1.6981165
2025-04-12 19:00:00+00:00,44.999897,0.25455844
2025-04-12 20:00:00+00:00,71.564964,0.56920993
2025-04-12 21:00:00+00:00,90.0,0.9
2025-04-12 22:00:00+00:00,74.74483,2.0523157
2025-04-12 23:00:00+00:00,144.46223,1.5484185
2025-04-13 00:00:00+00:00,90.0,1.6199999
2025-04-13 01:00:00+00:00,65.55606,2.1749482
2025-04-13 02:00:00+00:00,136.46873,4.965521
2025-04-13 03:00:00+00:00,171.38443,6.0077944
2025-04-13 04:00:00+00:00,172.05663,7.814986
2025-04-13 05:00:00+00:00,178.45187,6.6624317
2025-04-13 06:00:00+00:00,176.53185,5.950899
2025-04-13 07:00:00+00:00,176.30869,5.5916004
2025-04-13 08:00:00+00:00,158.83867,5.9834766
2025-04-13 09:00:00+00:00,159.62349,6.7205353
2025-04-13 10:00:00+00:00,159.86362,5.7515564
2025-04-13 11:00:00+00:00,173.4803,6.341009
2025-04-13 12:00:00+00:00,163.14153,6.206738
2025-04-13 13:00:00+00:00,169.6952,2.0124612
2025-04-13 14:00:00+00:00,75.068535,2.7943513
2025-04-13 15:00:00+00:00,46.27295,5.728979
2025-04-13 16:00:00+00:00,44.999897,2.8001428
2025-04-13 17:00:00+00:00,42.878906,3.4388947
2025-04-13 18:00:00+00:00,41.98713,2.4216523
2025-04-13 19:00:00+00:00,48.366554,2.1674871
2025-04-13 20:00:00+00:00,49.398785,3.319036
2025-04-13 21:00:00+00:00,48.814175,1.9134263
2025-04-13 22:00:00+00:00,59.03632,1.0495713
2025-04-13 23:00:00+00:00,69.44387,1.5379207
2025-04-14 00:00:00+00:00,90.0,1.6199999
2025-04-14 01:00:00+00:00,116.56499,2.0124612
2025-04-14 02:00:00+00:00,119.24873,5.1575575
2025-04-14 03:00:00+00:00,157.06787,5.0816135
2025-04-14 04:00:00+00:00,165.4655,5.020677
2025-04-14 05:00:00+00:00,173.41815,4.7110505
2025-04-14 06:00:00+00:00,177.6141,4.323748
2025-04-14 07:00:00+00:00,174.2895,3.6179552
2025-04-14 08:00:00+00:00,161.56496,3.4152596
2025-04-14 09:00:00+00:00,150.64235,3.3043609
2025-04-14 10:00:00+00:00,164.05453,2.6208394
2025-04-14 11:00:00+00:00,175.60138,2.3469126
2025-04-14 12:00:00+00:00,162.64589,3.01735
2025-04-14 13:00:00+00:00,224.9999,1.0182338
2025-04-14 14:00:00+00:00,360.0,0.17999999
2025-04-14 15:00:00+00:00,37.184795,6.552099
2025-04-14 16:00:00+00:00,35.311302,5.293959
2025-04-14 17:00:00+00:00,38.157276,3.2048087
2025-04-14 18:00:00+00:00,38.157276,3.2048087
2025-04-14 19:00:00+00:00,39.289394,2.5582807
2025-04-14 20:00:00+00:00,36.86999,0.9
2025-04-14 21:00:00+00:00,44.999897,0.5091169
2025-04-14 22:00:00+00:00,51.34017,1.1525624
2025-04-14 23:00:00+00:00,50.194473,1.4058449
2025-04-15 00:00:00+00:00,101.3099,0.9178235
2025-04-15 01:00:00+00:00,81.25392,2.36753
2025-04-15 02:00:00+00:00,112.61991,4.6800003
2025-04-15 03:00:00+00:00,165.37909,4.278551
2025-04-15 04:00:00+00:00,170.13426,4.2021422
2025-04-15 05:00:00+00:00,168.69011,4.5891175
2025-04-15 06:00:00+00:00,156.0375,5.318383
2025-04-15 07:00:00+00:00,155.37645,4.7521367
2025-04-15 08:00:00+00:00,175.23645,6.5024605
2025-04-15 09:00:00+00:00,171.11942,5.8298883
2025-04-15 10:00:00+00:00,185.52745,5.6060677
2025-04-15 11:00:00+00:00,184.76355,8.669949
2025-04-15 12:00:00+00:00,171.70294,8.731392
2025-04-15 13:00:00+00:00,213.6901,0.6489992
2025-04-15 14:00:00+00:00,26.564985,0.40249225
2025-04-15 15:00:00+00:00,33.6901,3.244996
2025-04-15 16:00:00+00:00,33.6901,1.9469976
2025-04-15 17:00:00+00:00,38.65983,2.3051248
2025-04-15 18:00:00+00:00,38.65983,2.3051248
2025-04-15 19:00:00+00:00,36.86999,0.9
2025-04-15 20:00:00+00:00,38.65983,1.1525624
2025-04-15 21:00:00+00:00,36.86999,0.9
2025-04-15 22:00:00+00:00,44.999897,0.5091169
2025-04-15 23:00:00+00:00,36.86999,0.9
2025-04-16 00:00:00+00:00,35.537766,1.5484185
2025-04-16 01:00:00+00:00,44.999897,1.0182338
2025-04-16 02:00:00+00:00,58.570484,3.7971041
2025-04-16 03:00:00+00:00,135.0001,4.072935
2025-04-16 04:00:00+00:00,109.17911,4.3832865
2025-04-16 05:00:00+00:00,108.43504,3.9844694
2025-04-16 06:00:00+00:00,98.97255,3.462369
2025-04-16 07:00:00+00:00,90.0,2.34
2025-04-16 08:00:00+00:00,36.86999,3.6
2025-04-16 09:00:00+00:00,35.134277,5.9427266
2025-04-16 10:00:00+00:00,44.999897,7.382195
2025-04-16 11:00:00+00:00,67.3801,4.6800003
2025-04-16 12:00:00+00:00,93.57626,2.8856194
2025-04-16 13:00:00+00:00,146.3099,0.6489992
2025-04-16 14:00:00+00:00,90.0,0.9
2025-04-16 15:00:00+00:00,44.999897,0.5091169
2025-04-16 16:00:00+00:00,14.036275,2.226477
2025-04-16 17:00:00+00:00,328.67136,4.846648
2025-04-16 18:00:00+00:00,335.09525,5.5567255
2025-04-16 19:00:00+00:00,323.74606,3.3481934
2025-04-16 20:00:00+00:00,301.60745,2.7475805
2025-04-16 21:00:00+00:00,290.85452,4.0449963
2025-04-16 22:00:00+00:00,307.40543,3.8521678
2025-04-16 23:00:00+00:00,306.86996,0.9
2025-04-17 00:00:00+00:00,153.43501,0.40249225
2025-04-17 01:00:00+00:00,180.0,0.17999999
2025-04-17 02:00:00+00:00,126.86998,2.6999998
2025-04-17 03:00:00+00:00,138.36655,2.1674871
2025-04-17 04:00:00+00:00,137.29063,3.1845248
2025-04-17 05:00:00+00:00,122.90524,3.6447225
2025-04-17 06:00:00+00:00,124.50858,3.494968
2025-04-17 07:00:00+00:00,126.86998,2.6999998
2025-04-17 08:00:00+00:00,124.992096,2.19718
2025-04-17 09:00:00+00:00,126.86999,1.8
2025-04-17 10:00:00+00:00,143.13002,1.8
2025-04-17 11:00:00+00:00,188.53069,3.6402748
2025-04-17 12:00:00+00:00,189.86574,4.2021422
2025-04-17 13:00:00+00:00,190.95403,5.6835546
2025-04-17 14:00:00+00:00,147.99466,1.6981165
2025-04-17 15:00:00+00:00,95.19434,1.9881649
2025-04-17 16:00:00+00:00,51.34017,4.6102495
2025-04-17 17:00:00+00:00,40.814987,5.2323985
2025-04-17 18:00:00+00:00,41.185837,3.8268526
2025-04-17 19:00:00+00:00,42.878906,3.4388947
2025-04-17 20:00:00+00:00,44.999897,3.3092594
2025-04-17 21:00:00+00:00,46.636536,4.4565907
2025-04-17 22:00:00+00:00,46.636536,4.4565907
2025-04-17 23:00:00+00:00,46.8476,3.9477081
2025-04-18 00:00:00+00:00,46.8476,3.9477081
2025-04-18 01:00:00+00:00,39.805527,4.2175345
2025-04-18 02:00:00+00:00,54.782326,3.745557
2025-04-18 03:00:00+00:00,108.43504,4.5536795
2025-04-18 04:00:00+00:00,87.87895,4.8633323
2025-04-18 05:00:00+00:00,52.695976,4.752136
2025-04-18 06:00:00+00:00,21.161337,5.9834766
2025-04-18 07:00:00+00:00,4.184834,7.3997297
2025-04-18 08:00:00+00:00,325.78424,5.441838
2025-04-18 09:00:00+00:00,299.74478,2.9024127
2025-04-18 10:00:00+00:00,23.198618,4.1125174
2025-04-18 11:00:00+00:00,40.236294,3.0652893
2025-04-18 12:00:00+00:00,50.906155,3.710795
2025-04-18 13:00:00+00:00,135.0001,0.25455844
2025-04-18 14:00:00+00:00,296.56497,0.8049845
2025-04-18 15:00:00+00:00,206.56499,0.40249225
2025-04-18 16:00:00+00:00,254.05453,1.3104197
2025-04-18 17:00:00+00:00,313.0251,3.693291
2025-04-18 18:00:00+00:00,21.801476,1.9386592
2025-04-18 19:00:00+00:00,52.124958,2.0523157
2025-04-18 20:00:00+00:00,42.27363,2.6758924
2025-04-18 21:00:00+00:00,37.875053,4.1046314
2025-04-18 22:00:00+00:00,39.47243,3.9640884
2025-04-18 23:00:00+00:00,56.309914,1.2979984
2025-04-19 00:00:00+00:00,35.837746,3.9966483
2025-04-19 01:00:00+00:00,25.016869,5.95906
2025-04-19 02:00:00+00:00,354.14407,7.0568266
2025-04-19 03:00:00+00:00,66.929565,10.564942
2025-04-19 04:00:00+00:00,68.19853,10.662626
2025-04-19 05:00:00+00:00,47.174767,10.062305
2025-04-19 06:00:00+00:00,44.999897,8.909545
2025-04-19 07:00:00+00:00,25.974339,7.8087645
2025-04-19 08:00:00+00:00,45.806843,9.037721
2025-04-19 09:00:00+00:00,45.72514,10.055864
2025-04-19 10:00:00+00:00,37.405437,11.556504
2025-04-19 11:00:00+00:00,43.479294,14.387619
2025-04-19 12:00:00+00:00,60.8658,12.570394
2025-04-19 13:00:00+00:00,34.9921,8.78872
2025-04-19 14:00:00+00:00,36.158287,5.796447
2025-04-19 15:00:00+00:00,22.109503,6.21717
2025-04-19 16:00:00+00:00,32.471172,7.0407386
2025-04-19 17:00:00+00:00,43.72705,5.728979
2025-04-19 18:00:00+00:00,33.6901,6.489992
2025-04-19 19:00:00+00:00,29.427368,8.0599
2025-04-19 20:00:00+00:00,40.314034,7.7900705
2025-04-19 21:00:00+00:00,29.744795,7.256032
2025-04-19 22:00:00+00:00,34.592358,6.341009
2025-04-19 23:00:00+00:00,30.963696,5.2478566
2025-04-20 00:00:00+00:00,35.217674,3.745557
2025-04-20 01:00:00+00:00,18.853252,7.7983837
2025-04-20 02:00:00+00:00,14.381432,7.247096
2025-04-20 03:00:00+00:00,59.300358,6.698806
2025-04-20 04:00:00+00:00,40.030197,5.876938
2025-04-20 05:00:00+00:00,347.19574,4.060985
2025-04-20 06:00:00+00:00,360.0,5.5799994
2025-04-20 07:00:00+00:00,344.2913,5.983477
2025-04-20 08:00:00+00:00,347.79953,6.8138976
2025-04-20 09:00:00+00:00,7.12493,5.8048253
2025-04-20 10:00:00+00:00,349.8754,5.1197267
2025-04-20 11:00:00+00:00,348.31067,5.3305535
2025-04-20 12:00:00+00:00,14.931467,2.7943513
2025-04-20 13:00:00+00:00,31.701384,7.193247
2025-04-20 14:00:00+00:00,35.217674,7.491114
2025-04-20 15:00:00+00:00,32.61924,5.3426957
2025-04-20 16:00:00+00:00,22.93213,5.0816135
2025-04-20 17:00:00+00:00,27.149609,7.889259
2025-04-20 18:00:00+00:00,22.61991,7.0199995
2025-04-20 19:00:00+00:00,25.114815,6.361415
2025-04-20 20:00:00+00:00,27.349789,5.8769383
2025-04-20 21:00:00+00:00,13.392516,3.8856654
2025-04-20 22:00:00+00:00,28.178495,5.7176566
2025-04-20 23:00:00+00:00,8.746089,2.36753
2025-04-21 00:00:00+00:00,350.53775,2.1897945
2025-04-21 01:00:00+00:00,20.772345,5.5829024
2025-04-21 02:00:00+00:00,9.090207,4.5572357
2025-04-21 03:00:00+00:00,350.53775,6.5693827
2025-04-21 04:00:00+00:00,360.0,5.04
2025-04-21 05:00:00+00:00,347.4712,3.319036
2025-04-21 06:00:00+00:00,341.93942,8.709098
2025-04-21 07:00:00+00:00,357.27374,11.35285
2025-04-21 08:00:00+00:00,356.4786,11.722133
2025-04-21 09:00:00+00:00,2.231127,13.870515
2025-04-21 10:00:00+00:00,15.321567,13.6242285
2025-04-21 11:00:00+00:00,10.713074,13.556282
2025-04-21 12:00:00+00:00,17.447285,13.207634
2025-04-21 13:00:00+00:00,345.61856,7.247096
2025-04-21 14:00:00+00:00,351.38443,6.0077944
2025-04-21 15:00:00+00:00,8.426887,4.913044
2025-04-21 16:00:00+00:00,26.564985,6.8423676
2025-04-21 17:00:00+00:00,26.564985,5.2323985
2025-04-21 18:00:00+00:00,19.093594,4.952453
2025-04-21 19:00:00+00:00,11.3098955,4.5891175
2025-04-21 20:00:00+00:00,2.7262611,3.7842832
2025-04-21 21:00:00+00:00,14.036275,3.710795
2025-04-21 22:00:00+00:00,4.085537,2.5264204
2025-04-21 23:00:00+00:00,2.4894993,4.143911
2025-04-22 00:00:00+00:00,17.52567,3.5864744
2025-04-22 01:00:00+00:00,19.093594,4.952453
2025-04-22 02:00:00+00:00,8.130019,3.8183763
2025-04-22 03:00:00+00:00,31.328646,4.846648
2025-04-22 04:00:00+00:00,18.435053,2.8460498
2025-04-22 05:00:00+00:00,312.5104,2.9301877
2025-04-22 06:00:00+00:00,318.01288,4.8433046
2025-04-22 07:00:00+00:00,322.76508,5.6521144
2025-04-22 08:00:00+00:00,332.8504,7.889259
2025-04-22 09:00:00+00:00,339.3255,10.196647
2025-04-22 10:00:00+00:00,348.11136,10.484902
2025-04-22 11:00:00+00:00,352.0305,9.087772
2025-04-22 12:00:00+00:00,354.89792,10.120098
2025-04-22 13:00:00+00:00,351.4693,3.6402748
2025-04-22 14:00:00+00:00,233.13002,0.9
2025-04-22 15:00:00+00:00,146.3099,0.6489992
2025-04-22 16:00:00+00:00,40.814987,5.2323985
2025-04-22 17:00:00+00:00,28.442837,4.913044
2025-04-22 18:00:00+00:00,27.758451,3.8647635
2025-04-22 19:00:00+00:00,25.640957,4.991553
2025-04-22 20:00:00+00:00,335.22488,2.5772076
2025-04-22 21:00:00+00:00,345.06854,2.7943513
2025-04-22 22:00:00+00:00,12.094739,2.5772078
2025-04-22 23:00:00+00:00,8.130019,3.8183763
2025-04-23 00:00:00+00:00,339.44388,4.613762
2025-04-23 01:00:00+00:00,357.6141,4.323748
2025-04-23 02:00:00+00:00,343.3007,5.637765
2025-04-23 03:00:00+00:00,343.3007,3.7585104
2025-04-23 04:00:00+00:00,322.69595,4.752136
2025-04-23 05:00:00+00:00,331.38962,6.76618
2025-04-23 06:00:00+00:00,327.03058,7.9383874
2025-04-23 07:00:00+00:00,333.43503,8.049845
2025-04-23 08:00:00+00:00,331.07367,7.8149853
2025-04-23 09:00:00+00:00,339.59003,8.2584505
2025-04-23 10:00:00+00:00,338.00882,10.094454
2025-04-23 11:00:00+00:00,341.2741,11.213581
2025-04-23 12:00:00+00:00,356.24832,11.003581
2025-04-23 13:00:00+00:00,20.224945,7.289444
2025-04-23 14:00:00+00:00,30.579157,4.599695
2025-04-23 15:00:00+00:00,333.43503,1.2074767
2025-04-23 16:00:00+00:00,270.0,0.54
2025-04-23 17:00:00+00:00,296.56497,0.8049845
2025-04-23 18:00:00+00:00,35.311302,5.293959
2025-04-23 19:00:00+00:00,24.775122,2.5772076
2025-04-23 20:00:00+00:00,22.833694,3.710795
2025-04-23 21:00:00+00:00,28.810698,4.1085763
2025-04-23 22:00:00+00:00,24.227736,3.9477081
2025-04-23 23:00:00+00:00,19.983198,4.2136917
2025-04-24 00:00:00+00:00,21.25058,3.4763772
2025-04-24 01:00:00+00:00,26.564985,2.8174455
2025-04-24 02:00:00+00:00,63.435013,2.0124612
2025-04-24 03:00:00+00:00,122.471176,2.3469129
2025-04-24 04:00:00+00:00,119.74479,1.4512063
2025-04-24 05:00:00+00:00,206.56499,0.40249225
2025-04-24 06:00:00+00:00,309.8055,2.8116899
2025-04-24 07:00:00+00:00,345.52966,5.7628117
2025-04-24 08:00:00+00:00,337.3801,7.0199995
2025-04-24 09:00:00+00:00,333.43503,7.6473517
2025-04-24 10:00:00+00:00,328.4958,6.544677
2025-04-24 11:00:00+00:00,330.39563,9.109138
2025-04-24 12:00:00+00:00,346.18494,11.307095
2025-04-24 13:00:00+00:00,311.42358,4.080882
2025-04-24 14:00:00+00:00,303.6901,4.542994
2025-04-24 15:00:00+00:00,243.43501,0.8049845
2025-04-24 16:00:00+00:00,180.0,0.54
2025-04-24 17:00:00+00:00,270.0,0.54
2025-04-24 18:00:00+00:00,24.227736,3.9477081
2025-04-24 19:00:00+00:00,30.068504,3.9518096
2025-04-24 20:00:00+00:00,21.801476,2.907989
2025-04-24 21:00:00+00:00,31.75944,4.4456716
2025-04-24 22:00:00+00:00,21.801476,2.907989
2025-04-24 23:00:00+00:00,30.068504,3.9518096
2025-04-25 00:00:00+00:00,34.286938,4.7928696
2025-04-25 01:00:00+00:00,33.111355,4.942631
2025-04-25 02:00:00+00:00,6.3401003,3.2599385
2025-04-25 03:00:00+00:00,32.005356,1.6981165
2025-04-25 04:00:00+00:00,353.6599,1.6299692
2025-04-25 05:00:00+00:00,323.13,3.6
2025-04-25 06:00:00+00:00,310.81497,5.2323985
2025-04-25 07:00:00+00:00,302.7352,5.991594
2025-04-25 08:00:00+00:00,296.56497,6.439876
2025-04-25 09:00:00+00:00,299.8988,8.305396
2025-04-25 10:00:00+00:00,303.6901,6.489992
2025-04-25 11:00:00+00:00,289.29013,3.8141315
2025-04-25 12:00:00+00:00,165.96373,2.226477
2025-04-25 13:00:00+00:00,131.63345,2.1674871
2025-04-25 14:00:00+00:00,63.435013,4.4274144
2025-04-25 15:00:00+00:00,44.999897,3.8183763
2025-04-25 16:00:00+00:00,40.601215,3.319036
2025-04-25 17:00:00+00:00,38.65983,3.4576871
2025-04-25 18:00:00+00:00,36.38445,4.2481523
2025-04-25 19:00:00+00:00,30.963696,3.148714
2025-04-25 20:00:00+00:00,30.465475,3.550155
2025-04-25 21:00:00+00:00,33.6901,2.5959969
2025-04-25 22:00:00+00:00,38.157276,3.2048087
2025-04-25 23:00:00+00:00,33.6901,0.6489992
2025-04-26 00:00:00+00:00,40.236294,3.0652893
2025-04-26 01:00:00+00:00,44.999897,3.563818
2025-04-26 02:00:00+00:00,94.57384,4.514377
2025-04-26 03:00:00+00:00,157.3801,4.6800003
2025-04-26 04:00:00+00:00,161.56496,3.4152596
2025-04-26 05:00:00+00:00,150.64235,3.3043609
2025-04-26 06:00:00+00:00,158.96242,2.5071096
2025-04-26 07:00:00+00:00,163.30067,1.8792552
2025-04-26 08:00:00+00:00,188.13002,1.2727921
2025-04-26 09:00:00+00:00,289.9832,2.1068459
2025-04-26 10:00:00+00:00,339.14545,4.0449963
2025-04-26 11:00:00+00:00,344.3577,4.6730714
2025-04-26 12:00:00+00:00,333.43503,6.439876
2025-04-26 13:00:00+00:00,348.6901,6.424764
2025-04-26 14:00:00+00:00,4.085537,5.0528407
2025-04-26 15:00:00+00:00,360.0,1.6199999
2025-04-26 16:00:00+00:00,8.130019,1.2727921
2025-04-26 17:00:00+00:00,34.50859,3.494968
2025-04-26 18:00:00+00:00,28.610369,2.2553935
2025-04-26 19:00:00+00:00,28.30066,2.657668
2025-04-26 20:00:00+00:00,26.564985,1.2074767
2025-04-26 21:00:00+00:00,37.875053,2.0523157
2025-04-26 22:00:00+00:00,37.875053,2.0523157
2025-04-26 23:00:00+00:00,39.289394,2.5582807
2025-04-27 00:00:00+00:00,35.537766,1.5484185
2025-04-27 01:00:00+00:00,39.09386,3.710795
2025-04-27 02:00:00+00:00,69.775055,3.644722
2025-04-27 03:00:00+00:00,175.23645,4.3349743
2025-04-27 04:00:00+00:00,182.4895,4.143911
2025-04-27 05:00:00+00:00,187.12492,4.353619
2025-04-27 06:00:00+00:00,193.49574,4.6277857
2025-04-27 07:00:00+00:00,190.88548,4.7657523
2025-04-27 08:00:00+00:00,187.76508,3.9966488
2025-04-27 09:00:00+00:00,165.96373,2.968636
2025-04-27 10:00:00+00:00,180.0,1.26
2025-04-27 11:00:00+00:00,190.3048,2.0124612
2025-04-27 12:00:00+00:00,156.80138,1.3708391
2025-04-27 13:00:00+00:00,35.311302,5.293959
2025-04-27 14:00:00+00:00,27.824009,7.327127
2025-04-27 15:00:00+00:00,32.124966,9.139322
2025-04-27 16:00:00+00:00,34.159744,6.090812
2025-04-27 17:00:00+00:00,35.537766,4.6452556
2025-04-27 18:00:00+00:00,37.875053,4.1046314
2025-04-27 19:00:00+00:00,39.47243,3.9640884
2025-04-27 20:00:00+00:00,37.405437,3.8521678
2025-04-27 21:00:00+00:00,38.157276,3.2048087
2025-04-27 22:00:00+00:00,40.601215,3.319036
2025-04-27 23:00:00+00:00,42.709366,3.1845248
2025-04-28 00:00:00+00:00,44.999897,3.3092594
2025-04-28 01:00:00+00:00,48.57643,4.080882
2025-04-28 02:00:00+00:00,78.231735,4.412754
2025-04-28 03:00:00+00:00,157.249,6.050785
2025-04-28 04:00:00+00:00,163.61038,6.379216
2025-04-28 05:00:00+00:00,171.38443,6.0077944
2025-04-28 06:00:00+00:00,175.03035,4.1556225
2025-04-28 07:00:00+00:00,161.56496,2.8460498
2025-04-28 08:00:00+00:00,158.96242,2.5071096
2025-04-28 09:00:00+00:00,161.56496,1.1384199
2025-04-28 10:00:00+00:00,12.99463,4.802999
2025-04-28 11:00:00+00:00,30.762655,8.797931
2025-04-28 12:00:00+00:00,49.68598,7.7900705
2025-04-28 13:00:00+00:00,360.0,3.2399998
2025-04-28 14:00:00+00:00,31.218353,6.945761
2025-04-28 15:00:00+00:00,34.8754,7.2403865
2025-04-28 16:00:00+00:00,38.65983,5.7628117
2025-04-28 17:00:00+00:00,37.30404,4.752136
2025-04-28 18:00:00+00:00,38.290207,4.3573384
2025-04-28 19:00:00+00:00,36.027473,4.8965297
2025-04-28 20:00:00+00:00,36.027473,4.8965297
2025-04-28 21:00:00+00:00,38.65983,4.6102495
2025-04-28 22:00:00+00:00,38.65983,4.6102495
2025-04-28 23:00:00+00:00,38.990997,4.863332
2025-04-29 00:00:00+00:00,39.289394,5.1165614
2025-04-29 01:00:00+00:00,40.030197,5.876938
2025-04-29 02:00:00+00:00,56.3099,7.1389914
2025-04-29 03:00:00+00:00,144.24602,5.5450516
2025-04-29 04:00:00+00:00,163.81073,5.8104043
2025-04-29 05:00:00+00:00,177.95464,5.0432134
2025-04-29 06:00:00+00:00,194.62091,4.278551
2025-04-29 07:00:00+00:00,203.6294,3.143565
2025-04-29 08:00:00+00:00,224.9999,1.5273507
2025-04-29 09:00:00+00:00,266.42374,2.8856194
2025-04-29 10:00:00+00:00,262.23492,3.9966488
2025-04-29 11:00:00+00:00,243.43501,3.219938
2025-04-29 12:00:00+00:00,235.0079,2.19718
2025-04-29 13:00:00+00:00,270.0,0.54
2025-04-29 14:00:00+00:00,49.398785,3.319036
2025-04-29 15:00:00+00:00,36.86999,6.299999
2025-04-29 16:00:00+00:00,37.30404,4.752136
2025-04-29 17:00:00+00:00,40.601215,3.319036
2025-04-29 18:00:00+00:00,39.09386,3.710795
2025-04-29 19:00:00+00:00,37.875053,4.1046314
2025-04-29 20:00:00+00:00,35.837746,3.9966483
2025-04-29 21:00:00+00:00,33.6901,3.8939953
2025-04-29 22:00:00+00:00,32.905247,3.6447225
2025-04-29 23:00:00+00:00,33.6901,3.244996
2025-04-30 00:00:00+00:00,35.537766,3.096837
2025-04-30 01:00:00+00:00,42.510403,2.9301877
2025-04-30 02:00:00+00:00,60.94549,3.7064266
2025-04-30 03:00:00+00:00,151.55717,4.913044
2025-04-30 04:00:00+00:00,159.44388,4.613762
2025-04-30 05:00:00+00:00,164.05453,3.9312592
2025-04-30 06:00:00+00:00,176.186,2.7059932
2025-04-30 07:00:00+00:00,191.30989,0.9178235
2025-04-30 08:00:00+00:00,198.43504,0.56920993
2025-04-30 09:00:00+00:00,90.0,1.8
2025-04-30 10:00:00+00:00,50.194473,1.4058449
2025-04-30 11:00:00+00:00,307.56866,2.9522195
2025-04-30 12:00:00+00:00,298.30066,2.657668
2025-04-30 13:00:00+00:00,23.749514,4.91634
2025-04-30 14:00:00+00:00,35.39489,8.39078
2025-04-30 15:00:00+00:00,33.6901,7.7879906
2025-04-30 16:00:00+00:00,35.311302,5.293959
2025-04-30 17:00:00+00:00,38.047092,5.257109
2025-04-30 18:00:00+00:00,34.9921,4.39436
2025-04-30 19:00:00+00:00,35.837746,3.9966483
2025-04-30 20:00:00+00:00,34.50859,3.494968
2025-04-30 21:00:00+00:00,33.6901,2.5959969
2025-04-30 22:00:00+00:00,34.69522,2.8460495
2025-04-30 23:00:00+00:00,34.9921,2.19718
2025-05-01 00:00:00+00:00,32.005356,1.6981165
2025-05-01 01:00:00+00:00,39.805527,1.4058449
2025-05-01 02:00:00+00:00,66.037506,1.7727944
2025-05-01 03:00:00+00:00,176.82024,3.244996
2025-05-01 04:00:00+00:00,174.55975,3.7971036
2025-05-01 05:00:00+00:00,173.99109,3.438895
2025-05-01 06:00:00+00:00,180.0,3.06
2025-05-01 07:00:00+00:00,176.186,2.7059932
2025-05-01 08:00:00+00:00,161.56496,2.8460498
2025-05-01 09:00:00+00:00,153.43501,2.4149535
2025-05-01 10:00:00+00:00,158.96242,2.5071096
2025-05-01 11:00:00+00:00,168.11136,3.4949677
2025-05-01 12:00:00+00:00,164.05453,3.9312592
2025-05-01 13:00:00+00:00,143.13002,0.9
2025-05-01 14:00:00+00:00,52.695976,4.752136
2025-05-01 15:00:00+00:00,39.61066,6.7757506
2025-05-01 16:00:00+00:00,35.217674,3.745557
2025-05-01 17:00:00+00:00,34.69522,2.8460495
2025-05-01 18:00:00+00:00,38.157276,3.2048087
2025-05-01 19:00:00+00:00,37.568665,2.9522195
2025-05-01 20:00:00+00:00,34.9921,2.19718
2025-05-01 21:00:00+00:00,44.999897,0.76367533
2025-05-01 22:00:00+00:00,35.537766,1.5484185
2025-05-01 23:00:00+00:00,33.6901,1.2979984
2025-05-02 00:00:00+00:00,26.564985,0.40249225
2025-05-02 01:00:00+00:00,40.601215,1.659518
2025-05-02 02:00:00+00:00,79.380394,2.9301877
2025-05-02 03:00:00+00:00,161.56496,3.9844694
2025-05-02 04:00:00+00:00,180.0,2.6999998
2025-05-02 05:00:00+00:00,209.7448,2.9024127
2025-05-02 06:00:00+00:00,232.43134,2.9522195
2025-05-02 07:00:00+00:00,239.0363,2.0991426
2025-05-02 08:00:00+00:00,248.19853,0.9693296
2025-05-02 09:00:00+00:00,38.157276,3.2048087
2025-05-02 10:00:00+00:00,12.094739,5.1544156
2025-05-02 11:00:00+00:00,357.27374,7.5685663
2025-05-02 12:00:00+00:00,20.323217,10.365251
2025-05-02 13:00:00+00:00,18.435053,5.12289
2025-05-02 14:00:00+00:00,32.61924,5.3426957
2025-05-02 15:00:00+00:00,20.556128,4.613762
2025-05-02 16:00:00+00:00,318.6523,5.994297
2025-05-02 17:00:00+00:00,328.5705,3.7971041
2025-05-02 18:00:00+00:00,20.556128,1.5379207
2025-05-02 19:00:00+00:00,44.999897,0.25455844
2025-05-02 20:00:00+00:00,63.435013,0.40249225
2025-05-02 21:00:00+00:00,44.999897,1.5273507
2025-05-02 22:00:00+00:00,44.999897,0.76367533
2025-05-02 23:00:00+00:00,360.0,0.17999999
2025-05-03 00:00:00+00:00,44.999897,0.5091169
2025-05-03 01:00:00+00:00,34.9921,2.19718
2025-05-03 02:00:00+00:00,145.30478,2.8460495
2025-05-03 03:00:00+00:00,184.08554,2.5264204
2025-05-03 04:00:00+00:00,197.6502,4.1556225
2025-05-03 05:00:00+00:00,221.18582,3.8268526
2025-05-03 06:00:00+00:00,249.86362,5.7515564
2025-05-03 07:00:00+00:00,155.55606,2.1749482
2025-05-03 08:00:00+00:00,170.07382,7.3094187
2025-05-03 09:00:00+00:00,168.69011,5.506941
2025-05-03 10:00:00+00:00,205.2011,3.381893
2025-05-03 11:00:00+00:00,182.04536,5.0432134
2025-05-03 12:00:00+00:00,206.56499,5.2323985
2025-05-03 13:00:00+00:00,199.0257,5.5216303
2025-05-03 14:00:00+00:00,54.46224,3.096837
2025-05-03 15:00:00+00:00,18.435053,1.1384199
2025-05-03 16:00:00+00:00,56.3099,1.9469976
2025-05-03 17:00:00+00:00,52.124958,2.0523157
2025-05-03 18:00:00+00:00,56.3099,1.9469976
2025-05-03 19:00:00+00:00,105.945465,1.3104197
2025-05-03 20:00:00+00:00,251.56496,0.56920993
2025-05-03 21:00:00+00:00,191.30989,0.9178235
2025-05-03 22:00:00+00:00,170.53775,1.0948973
2025-05-03 23:00:00+00:00,158.19853,0.9693296
2025-05-04 00:00:00+00:00,233.13002,0.9
2025-05-04 01:00:00+00:00,191.30989,1.835647
2025-05-04 02:00:00+00:00,170.9098,4.5572357
2025-05-04 03:00:00+00:00,212.61923,5.3426957
2025-05-04 04:00:00+00:00,223.87679,6.4924874
2025-05-04 05:00:00+00:00,224.9999,6.618519
2025-05-04 06:00:00+00:00,235.30478,5.692099
2025-05-04 07:00:00+00:00,224.9999,5.6002855
2025-05-04 08:00:00+00:00,201.4478,5.414979
2025-05-04 09:00:00+00:00,188.13002,3.8183763
2025-05-04 10:00:00+00:00,161.56496,5.6920996
2025-05-04 11:00:00+00:00,165.96373,5.195113
2025-05-04 12:00:00+00:00,173.6599,4.8899083
2025-05-04 13:00:00+00:00,210.96368,3.148714
2025-05-04 14:00:00+00:00,192.5288,1.659518
2025-05-04 15:00:00+00:00,113.19862,1.3708391
2025-05-04 16:00:00+00:00,68.19853,1.9386592
2025-05-04 17:00:00+00:00,90.0,1.26
2025-05-04 18:00:00+00:00,53.13002,0.9
2025-05-04 19:00:00+00:00,39.805527,1.4058449
2025-05-04 20:00:00+00:00,44.999897,0.5091169
2025-05-04 21:00:00+00:00,44.999897,0.25455844
2025-05-04 22:00:00+00:00,44.999897,0.5091169
2025-05-04 23:00:00+00:00,53.13002,1.8
2025-05-05 00:00:00+00:00,59.03632,2.0991426
2025-05-05 01:00:00+00:00,56.309914,0.6489992
2025-05-05 02:00:00+00:00,183.17976,3.244996
2025-05-05 03:00:00+00:00,194.03627,4.452954
2025-05-05 04:00:00+00:00,199.17911,4.3832865
2025-05-05 05:00:00+00:00,180.0,3.7799997
2025-05-05 06:00:00+00:00,188.13002,3.8183763
2025-05-05 07:00:00+00:00,209.7448,2.9024127
2025-05-05 08:00:00+00:00,206.56499,2.4149535
2025-05-05 09:00:00+00:00,270.0,1.98
2025-05-05 10:00:00+00:00,313.53125,4.965521
2025-05-05 11:00:00+00:00,294.77512,5.154415
2025-05-05 12:00:00+00:00,283.24054,6.28713
2025-05-05 13:00:00+00:00,271.68463,6.122647
2025-05-05 14:00:00+00:00,312.8789,3.4388947
2025-05-05 15:00:00+00:00,353.29025,3.0811036
2025-05-05 16:00:00+00:00,26.564985,0.8049845
2025-05-05 17:00:00+00:00,360.0,0.54
2025-05-05 18:00:00+00:00,270.0,0.0
2025-05-05 19:00:00+00:00,26.564985,0.40249225
2025-05-05 20:00:00+00:00,360.0,0.17999999
2025-05-05 21:00:00+00:00,44.999897,0.25455844
2025-05-05 22:00:00+00:00,44.999897,0.25455844
2025-05-05 23:00:00+00:00,90.0,0.35999998
2025-05-06 00:00:00+00:00,180.0,0.54
2025-05-06 01:00:00+00:00,44.999897,0.25455844
2025-05-06 02:00:00+00:00,189.46225,3.2846913
2025-05-06 03:00:00+00:00,189.78233,5.297018
2025-05-06 04:00:00+00:00,194.47034,5.7628117
2025-05-06 05:00:00+00:00,197.87878,5.8631387
2025-05-06 06:00:00+00:00,198.43504,5.6920996
2025-05-06 07:00:00+00:00,190.6196,5.8603754
2025-05-06 08:00:00+00:00,189.21095,6.7469993
2025-05-06 09:00:00+00:00,184.899,6.3231
2025-05-06 10:00:00+00:00,191.0035,6.601363
2025-05-06 11:00:00+00:00,190.17545,7.1321807
2025-05-06 12:00:00+00:00,178.56793,7.2022495
2025-05-06 13:00:00+00:00,201.80147,1.9386592
2025-05-06 14:00:00+00:00,81.86999,1.2727921
2025-05-06 15:00:00+00:00,44.999897,5.0911684
2025-05-06 16:00:00+00:00,35.537766,3.096837
2025-05-06 17:00:00+00:00,33.6901,1.2979984
2025-05-06 18:00:00+00:00,30.963696,1.0495713
2025-05-06 19:00:00+00:00,360.0,0.17999999
2025-05-06 20:00:00+00:00,26.564985,0.40249225
2025-05-06 21:00:00+00:00,44.999897,0.25455844
2025-05-06 22:00:00+00:00,44.999897,0.25455844
2025-05-06 23:00:00+00:00,44.999897,0.5091169
2025-05-07 00:00:00+00:00,44.999897,0.5091169
2025-05-07 01:00:00+00:00,40.601215,1.659518
2025-05-07 02:00:00+00:00,155.22488,2.5772076
2025-05-07 03:00:00+00:00,185.7105,5.426933
2025-05-07 04:00:00+00:00,189.72751,6.391901
2025-05-07 05:00:00+00:00,194.82652,6.330782
2025-05-07 06:00:00+00:00,195.7087,5.983477
2025-05-07 07:00:00+00:00,192.33908,5.896202
2025-05-07 08:00:00+00:00,198.43504,3.9844694
2025-05-07 09:00:00+00:00,221.18582,1.9134263
2025-05-07 10:00:00+00:00,284.03625,2.226477
2025-05-07 11:00:00+00:00,294.44394,2.1749482
2025-05-07 12:00:00+00:00,246.80138,1.3708391
2025-05-07 13:00:00+00:00,270.0,1.08
2025-05-07 14:00:00+00:00,36.86999,0.9
2025-05-07 15:00:00+00:00,39.09386,7.42159
2025-05-07 16:00:00+00:00,31.827414,6.1437774
2025-05-07 17:00:00+00:00,30.963696,3.148714
2025-05-07 18:00:00+00:00,33.6901,2.5959969
2025-05-07 19:00:00+00:00,36.86998,2.6999998
2025-05-07 20:00:00+00:00,26.564985,0.8049845
2025-05-07 21:00:00+00:00,44.999897,0.25455844
2025-05-07 22:00:00+00:00,123.690094,0.6489992
2025-05-07 23:00:00+00:00,180.0,0.35999998
2025-05-08 00:00:00+00:00,71.564964,0.56920993
2025-05-08 01:00:00+00:00,44.999897,0.5091169
2025-05-08 02:00:00+00:00,184.08554,2.5264204
2025-05-08 03:00:00+00:00,206.56499,4.0249224
2025-05-08 04:00:00+00:00,203.7495,4.91634
2025-05-08 05:00:00+00:00,215.13428,5.9427266
2025-05-08 06:00:00+00:00,220.60121,6.638072
2025-05-08 07:00:00+00:00,223.72705,5.728979
2025-05-08 08:00:00+00:00,254.05453,9.172938
2025-05-08 09:00:00+00:00,280.36627,15.004919
2025-05-08 10:00:00+00:00,285.52417,13.450708
2025-05-08 11:00:00+00:00,263.15732,9.0645685
2025-05-08 12:00:00+00:00,220.15593,7.5363917
2025-05-08 13:00:00+00:00,194.03627,2.226477
2025-05-08 14:00:00+00:00,188.53069,3.6402748
2025-05-08 15:00:00+00:00,215.53777,1.5484185
2025-05-08 16:00:00+00:00,170.53775,2.1897945
2025-05-08 17:00:00+00:00,158.19853,0.9693296
2025-05-08 18:00:00+00:00,71.564964,1.1384199
2025-05-08 19:00:00+00:00,71.564964,0.56920993
2025-05-08 20:00:00+00:00,236.3099,0.6489992
2025-05-08 21:00:00+00:00,180.0,0.71999997
2025-05-08 22:00:00+00:00,165.96373,0.742159
2025-05-08 23:00:00+00:00,206.56499,0.40249225
2025-05-09 00:00:00+00:00,180.0,0.17999999
2025-05-09 01:00:00+00:00,42.709366,3.1845248
2025-05-09 02:00:00+00:00,156.0375,1.7727944
2025-05-09 03:00:00+00:00,206.56499,0.40249225
2025-05-09 04:00:00+00:00,258.6901,0.9178235
2025-05-09 05:00:00+00:00,277.1249,1.4512063
2025-05-09 06:00:00+00:00,284.5345,5.020677
2025-05-09 07:00:00+00:00,254.47583,3.362677
2025-05-09 08:00:00+00:00,180.0,4.14
2025-05-09 09:00:00+00:00,201.80147,4.846648
2025-05-09 10:00:00+00:00,224.9999,3.3092594
2025-05-09 11:00:00+00:00,128.65984,2.3051248
2025-05-09 12:00:00+00:00,224.9999,3.0547013
2025-05-09 13:00:00+00:00,231.34016,4.6102495
2025-05-09 14:00:00+00:00,126.86998,2.6999998
2025-05-09 15:00:00+00:00,219.28938,2.5582807
2025-05-09 16:00:00+00:00,78.6901,4.5891175
2025-05-09 17:00:00+00:00,104.03627,0.742159
2025-05-09 18:00:00+00:00,112.61991,2.3400002
2025-05-09 19:00:00+00:00,51.34017,2.3051248
2025-05-09 20:00:00+00:00,61.69934,2.657668
2025-05-09 21:00:00+00:00,68.19853,2.907989
2025-05-09 22:00:00+00:00,66.801384,2.7416782
2025-05-09 23:00:00+00:00,40.601215,1.659518
2025-05-10 00:00:00+00:00,49.76371,3.0652893
2025-05-10 01:00:00+00:00,38.65983,4.6102495
2025-05-10 02:00:00+00:00,126.25393,3.3481934
2025-05-10 03:00:00+00:00,124.82456,5.0432134
2025-05-10 04:00:00+00:00,110.55612,4.613762
2025-05-10 05:00:00+00:00,124.69522,2.8460495
2025-05-10 06:00:00+00:00,122.471176,2.3469129
2025-05-10 07:00:00+00:00,125.13428,5.9427266
2025-05-10 08:00:00+00:00,184.23631,4.8733153
2025-05-10 09:00:00+00:00,283.81503,11.307095
2025-05-10 10:00:00+00:00,120.96369,4.198285
2025-05-10 11:00:00+00:00,154.48618,8.775807
2025-05-10 12:00:00+00:00,151.69934,7.973005
2025-05-10 13:00:00+00:00,138.01286,7.2649574
2025-05-10 14:00:00+00:00,129.09386,3.710795
2025-05-10 15:00:00+00:00,141.34016,2.3051248
2025-05-10 16:00:00+00:00,143.13002,3.6
2025-05-10 17:00:00+00:00,77.4712,1.659518
2025-05-10 18:00:00+00:00,41.185837,1.9134263
2025-05-10 19:00:00+00:00,34.9921,2.19718
2025-05-10 20:00:00+00:00,30.256361,2.50064
2025-05-10 21:00:00+00:00,22.61991,2.3400002
2025-05-10 22:00:00+00:00,18.435053,0.56920993
2025-05-10 23:00:00+00:00,59.03632,2.0991426
2025-05-11 00:00:00+00:00,34.69522,2.8460495
2025-05-11 01:00:00+00:00,28.610369,2.2553935
2025-05-11 02:00:00+00:00,198.43504,2.8460498
2025-05-11 03:00:00+00:00,219.80553,2.8116899
2025-05-11 04:00:00+00:00,255.2564,3.536439
2025-05-11 05:00:00+00:00,239.0363,2.0991426
2025-05-11 06:00:00+00:00,180.0,2.6999998
2025-05-11 07:00:00+00:00,226.54811,4.7110505
2025-05-11 08:00:00+00:00,180.0,4.5
2025-05-11 09:00:00+00:00,164.24876,7.293888
2025-05-11 10:00:00+00:00,154.59233,7.970972
2025-05-11 11:00:00+00:00,189.46225,4.379589
2025-05-11 12:00:00+00:00,198.43504,3.9844694
2025-05-11 13:00:00+00:00,174.09395,5.2478566
2025-05-11 14:00:00+00:00,213.6901,0.6489992
2025-05-11 15:00:00+00:00,198.43504,0.56920993
2025-05-11 16:00:00+00:00,270.0,0.35999998
2025-05-11 17:00:00+00:00,360.0,0.17999999
2025-05-11 18:00:00+00:00,33.6901,3.244996
2025-05-11 19:00:00+00:00,32.73523,2.995797
2025-05-11 20:00:00+00:00,26.564985,0.8049845
2025-05-11 21:00:00+00:00,38.65983,1.1525624
2025-05-11 22:00:00+00:00,135.0001,0.76367533
2025-05-11 23:00:00+00:00,333.43503,0.40249225
2025-05-12 00:00:00+00:00,116.56499,0.40249225
2025-05-12 01:00:00+00:00,270.0,1.08
2025-05-12 02:00:00+00:00,273.57626,2.8856194
2025-05-12 03:00:00+00:00,251.56496,1.7076298
2025-05-12 04:00:00+00:00,135.0001,0.5091169
2025-05-12 05:00:00+00:00,306.86996,2.6999998
2025-05-12 06:00:00+00:00,263.6599,4.8899083
2025-05-12 07:00:00+00:00,244.98314,5.95906
2025-05-12 08:00:00+00:00,216.86998,6.299999
2025-05-12 09:00:00+00:00,198.43504,4.5536795
2025-05-12 10:00:00+00:00,173.99109,6.87779
2025-05-12 11:00:00+00:00,144.46223,6.193674
2025-05-12 12:00:00+00:00,133.21011,8.149847
2025-05-12 13:00:00+00:00,159.77505,7.289444
2025-05-12 14:00:00+00:00,110.854546,4.0449963
2025-05-12 15:00:00+00:00,187.59456,2.7238941
2025-05-12 16:00:00+00:00,198.43504,1.7076298
2025-05-12 17:00:00+00:00,145.0079,2.19718
2025-05-12 18:00:00+00:00,64.65388,3.7842832
2025-05-12 19:00:00+00:00,53.13002,3.6
2025-05-12 20:00:00+00:00,63.435013,2.0124612
2025-05-12 21:00:00+00:00,47.12111,3.4388947
2025-05-12 22:00:00+00:00,60.255207,2.9024127
2025-05-12 23:00:00+00:00,70.01681,2.1068459
2025-05-13 00:00:00+00:00,53.13002,2.6999998
2025-05-13 01:00:00+00:00,46.73567,4.2021427
2025-05-13 02:00:00+00:00,172.87508,1.4512063
2025-05-13 03:00:00+00:00,156.80138,2.7416782
2025-05-13 04:00:00+00:00,162.89719,2.4482646
2025-05-13 05:00:00+00:00,160.70985,3.8141315
2025-05-13 06:00:00+00:00,154.44008,4.5891175
2025-05-13 07:00:00+00:00,149.03632,6.297428
2025-05-13 08:00:00+00:00,159.77505,3.644722
2025-05-13 09:00:00+00:00,163.85559,7.1208143
2025-05-13 10:00:00+00:00,155.77226,3.9477081
2025-05-13 11:00:00+00:00,160.70985,3.8141315
2025-05-13 12:00:00+00:00,141.63248,5.509882
2025-05-13 13:00:00+00:00,205.55992,4.5891175
2025-05-13 14:00:00+00:00,147.52882,2.3469129
2025-05-13 15:00:00+00:00,180.0,1.6199999
2025-05-13 16:00:00+00:00,270.0,0.17999999
2025-05-13 17:00:00+00:00,22.833694,3.710795
2025-05-13 18:00:00+00:00,33.6901,4.542994
2025-05-13 19:00:00+00:00,27.758451,3.8647635
2025-05-13 20:00:00+00:00,21.25058,3.4763772
2025-05-13 21:00:00+00:00,25.201094,3.381893
2025-05-13 22:00:00+00:00,26.564985,1.609969
2025-05-13 23:00:00+00:00,30.963696,2.0991426
2025-05-14 00:00:00+00:00,26.564985,1.2074767
2025-05-14 01:00:00+00:00,303.6901,1.9469976
2025-05-14 02:00:00+00:00,199.17911,4.3832865
2025-05-14 03:00:00+00:00,170.83772,5.6521144
2025-05-14 04:00:00+00:00,160.0168,4.2136917
2025-05-14 05:00:00+00:00,146.3099,3.244996
2025-05-14 06:00:00+00:00,188.74608,2.36753
2025-05-14 07:00:00+00:00,241.11351,5.9617786
2025-05-14 08:00:00+00:00,265.81516,7.3997297
2025-05-14 09:00:00+00:00,301.29297,10.742848
2025-05-14 10:00:00+00:00,287.162,12.810386
2025-05-14 11:00:00+00:00,290.3232,10.365251
2025-05-14 12:00:00+00:00,301.6754,9.9408245
2025-05-14 13:00:00+00:00,303.02386,8.587338
2025-05-14 14:00:00+00:00,304.3804,4.143911
2025-05-14 15:00:00+00:00,282.5288,1.659518
2025-05-14 16:00:00+00:00,333.43503,1.2074767
2025-05-14 17:00:00+00:00,22.380184,3.3092597
2025-05-14 18:00:00+00:00,23.498587,4.514377
2025-05-14 19:00:00+00:00,19.290138,3.8141315
2025-05-14 20:00:00+00:00,25.016869,2.97953
2025-05-14 21:00:00+00:00,29.357658,3.3043609
2025-05-14 22:00:00+00:00,30.256361,2.50064
2025-05-14 23:00:00+00:00,29.054508,1.8532133
2025-05-15 00:00:00+00:00,32.471172,2.3469129
2025-05-15 01:00:00+00:00,341.56494,0.56920993
2025-05-15 02:00:00+00:00,252.47433,3.5864744
2025-05-15 03:00:00+00:00,235.17543,5.0432134
2025-05-15 04:00:00+00:00,202.24907,4.278551
2025-05-15 05:00:00+00:00,170.53775,4.379589
2025-05-15 06:00:00+00:00,155.22488,5.154415
2025-05-15 07:00:00+00:00,150.01845,5.402999
2025-05-15 08:00:00+00:00,139.63554,4.724786
2025-05-15 09:00:00+00:00,186.70975,3.0811036
2025-05-15 10:00:00+00:00,221.18582,5.7402787
2025-05-15 11:00:00+00:00,240.83249,8.863972
2025-05-15 12:00:00+00:00,237.6804,10.436895
2025-05-15 13:00:00+00:00,108.43504,6.2613096
2025-05-15 14:00:00+00:00,63.435013,8.854829
2025-05-15 15:00:00+00:00,55.1246,7.2403865
2025-05-15 16:00:00+00:00,42.27363,5.3517847
2025-05-15 17:00:00+00:00,37.405437,3.8521678
2025-05-15 18:00:00+00:00,37.405437,3.8521678
2025-05-15 19:00:00+00:00,37.875053,4.1046314
2025-05-15 20:00:00+00:00,36.253937,3.3481934
2025-05-15 21:00:00+00:00,36.253937,3.3481934
2025-05-15 22:00:00+00:00,33.6901,3.8939953
2025-05-15 23:00:00+00:00,35.217674,3.745557
2025-05-16 00:00:00+00:00,35.217674,3.745557
2025-05-16 01:00:00+00:00,33.6901,2.5959969
2025-05-16 02:00:00+00:00,224.9999,2.8001428
2025-05-16 03:00:00+00:00,221.63345,4.3349743
2025-05-16 04:00:00+00:00,211.75943,4.4456716
2025-05-16 05:00:00+00:00,180.0,2.8799999
2025-05-16 06:00:00+00:00,203.6294,3.143565
2025-05-16 07:00:00+00:00,233.97253,4.8965297
2025-05-16 08:00:00+00:00,255.96373,8.905908
2025-05-16 09:00:00+00:00,262.8751,10.158444
2025-05-16 10:00:00+00:00,269.25595,13.861168
2025-05-16 11:00:00+00:00,275.47726,13.200273
2025-05-16 12:00:00+00:00,280.53912,7.8728137
2025-05-16 13:00:00+00:00,256.67545,7.029225
2025-05-16 14:00:00+00:00,251.56496,2.8460498
2025-05-16 15:00:00+00:00,224.9999,0.25455844
2025-05-16 16:00:00+00:00,53.13002,1.8
2025-05-16 17:00:00+00:00,42.27363,5.3517847
2025-05-16 18:00:00+00:00,37.875053,4.1046314
2025-05-16 19:00:00+00:00,38.290207,4.3573384
2025-05-16 20:00:00+00:00,33.023872,4.293669
2025-05-16 21:00:00+00:00,34.9921,4.39436
2025-05-16 22:00:00+00:00,34.50859,3.494968
2025-05-16 23:00:00+00:00,36.253937,3.3481934
2025-05-17 00:00:00+00:00,40.236294,3.0652893
2025-05-17 01:00:00+00:00,34.9921,2.19718
2025-05-17 02:00:00+00:00,184.08554,2.5264204
2025-05-17 03:00:00+00:00,192.99461,4.802999
2025-05-17 04:00:00+00:00,189.78233,5.297018
2025-05-17 05:00:00+00:00,180.0,5.7599998
2025-05-17 06:00:00+00:00,166.50426,4.6277857
2025-05-17 07:00:00+00:00,136.73567,4.2021427
2025-05-17 08:00:00+00:00,167.00539,2.4014995
2025-05-17 09:00:00+00:00,341.56494,1.7076298
2025-05-17 10:00:00+00:00,343.44284,6.9480934
2025-05-17 11:00:00+00:00,344.05453,6.5520988
2025-05-17 12:00:00+00:00,338.83865,5.9834766
2025-05-17 13:00:00+00:00,26.564985,11.269782
2025-05-17 14:00:00+00:00,26.564985,4.0249224
2025-05-17 15:00:00+00:00,279.46225,1.0948973
2025-05-17 16:00:00+00:00,26.564985,1.609969
2025-05-17 17:00:00+00:00,33.023872,4.293669
2025-05-17 18:00:00+00:00,35.217674,3.745557
2025-05-17 19:00:00+00:00,33.6901,2.5959969
2025-05-17 20:00:00+00:00,32.005356,3.396233
2025-05-17 21:00:00+00:00,30.256361,2.50064
2025-05-17 22:00:00+00:00,36.027473,2.4482648
2025-05-17 23:00:00+00:00,39.289394,2.5582807
2025-05-18 00:00:00+00:00,36.86999,1.8
2025-05-18 01:00:00+00:00,26.564985,0.40249225
2025-05-18 02:00:00+00:00,212.27562,4.0449967
2025-05-18 03:00:00+00:00,211.32863,4.846648
2025-05-18 04:00:00+00:00,197.24155,5.4656014
2025-05-18 05:00:00+00:00,191.6336,6.2483597
2025-05-18 06:00:00+00:00,188.74608,4.73506
2025-05-18 07:00:00+00:00,210.96368,6.297428
2025-05-18 08:00:00+00:00,223.99501,7.256032
2025-05-18 09:00:00+00:00,241.69934,5.315336
2025-05-18 10:00:00+00:00,254.98158,7.6409945
2025-05-18 11:00:00+00:00,269.04517,10.801499
2025-05-18 12:00:00+00:00,276.88162,10.51576
2025-05-18 13:00:00+00:00,292.4428,8.958504
2025-05-18 14:00:00+00:00,294.56717,6.9270773
2025-05-18 15:00:00+00:00,321.5819,6.6624317
2025-05-18 16:00:00+00:00,345.52966,5.7628117
2025-05-18 17:00:00+00:00,344.93146,4.8466477
2025-05-18 18:00:00+00:00,341.56494,2.8460498
2025-05-18 19:00:00+00:00,10.304792,2.0124612
2025-05-18 20:00:00+00:00,41.63345,2.1674871
2025-05-18 21:00:00+00:00,44.999897,0.76367533
2025-05-18 22:00:00+00:00,44.999897,1.2727921
2025-05-18 23:00:00+00:00,34.69522,2.8460495
2025-05-19 00:00:00+00:00,23.962492,1.7727944
2025-05-19 01:00:00+00:00,14.036275,1.484318
2025-05-19 02:00:00+00:00,299.74478,2.9024127
2025-05-19 03:00:00+00:00,259.69522,2.0124612
2025-05-19 04:00:00+00:00,329.03632,4.198285
2025-05-19 05:00:00+00:00,355.60138,4.6938252
2025-05-19 06:00:00+00:00,17.650223,4.1556225
2025-05-19 07:00:00+00:00,294.94388,8.536252
2025-05-19 08:00:00+00:00,301.72354,11.638917
2025-05-19 09:00:00+00:00,311.49637,12.496718
2025-05-19 10:00:00+00:00,278.61557,12.015589
2025-05-19 11:00:00+00:00,228.7154,9.82114
2025-05-19 12:00:00+00:00,156.19405,6.689125
2025-05-19 13:00:00+00:00,112.1664,10.495713
2025-05-19 14:00:00+00:00,83.829926,6.698806
2025-05-19 15:00:00+00:00,84.805664,1.9881649
2025-05-19 16:00:00+00:00,236.3099,0.6489992
2025-05-19 17:00:00+00:00,56.309914,0.6489992
2025-05-19 18:00:00+00:00,44.999897,1.781909
2025-05-19 19:00:00+00:00,53.13002,0.9
2025-05-19 20:00:00+00:00,90.0,0.54
2025-05-19 21:00:00+00:00,63.435013,0.8049845
2025-05-19 22:00:00+00:00,36.253937,3.3481934
2025-05-19 23:00:00+00:00,26.564985,0.40249225
2025-05-20 00:00:00+00:00,315.0001,0.25455844
2025-05-20 01:00:00+00:00,216.86998,0.9
2025-05-20 02:00:00+00:00,163.0724,4.327493
2025-05-20 03:00:00+00:00,153.43501,6.439876
2025-05-20 04:00:00+00:00,154.98314,5.95906
2025-05-20 05:00:00+00:00,168.69011,6.424764
2025-05-20 06:00:00+00:00,178.45187,6.6624317
2025-05-20 07:00:00+00:00,175.60138,4.6938252
2025-05-20 08:00:00+00:00,186.58185,4.7110505
2025-05-20 09:00:00+00:00,203.19861,4.1125174
2025-05-20 10:00:00+00:00,231.7098,4.3573384
2025-05-20 11:00:00+00:00,226.46873,4.965521
2025-05-20 12:00:00+00:00,205.76927,5.7964473
2025-05-20 13:00:00+00:00,201.4478,5.414979
2025-05-20 14:00:00+00:00,156.80138,1.3708391
2025-05-20 15:00:00+00:00,48.366554,2.1674871
2025-05-20 16:00:00+00:00,35.217674,3.745557
2025-05-20 17:00:00+00:00,35.537766,3.096837
2025-05-20 18:00:00+00:00,39.805527,2.8116899
2025-05-20 19:00:00+00:00,37.405437,3.8521678
2025-05-20 20:00:00+00:00,36.38445,4.2481523
2025-05-20 21:00:00+00:00,35.217674,3.745557
2025-05-20 22:00:00+00:00,36.86999,3.6
2025-05-20 23:00:00+00:00,35.537766,3.096837
2025-05-21 00:00:00+00:00,28.610369,2.2553935
2025-05-21 01:00:00+00:00,36.86999,1.8
2025-05-21 02:00:00+00:00,218.65984,3.4576871
2025-05-21 03:00:00+00:00,219.80553,4.2175345
2025-05-21 04:00:00+00:00,195.6423,4.6730714
2025-05-21 05:00:00+00:00,182.12105,4.8633323
2025-05-21 06:00:00+00:00,180.0,4.5
2025-05-21 07:00:00+00:00,190.49142,4.942631
2025-05-21 08:00:00+00:00,216.02747,4.8965297
2025-05-21 09:00:00+00:00,237.09476,7.289445
2025-05-21 10:00:00+00:00,249.14546,8.089993
2025-05-21 11:00:00+00:00,259.91946,8.227004
2025-05-21 12:00:00+00:00,273.01273,6.849467
2025-05-21 13:00:00+00:00,292.93213,5.0816135
2025-05-21 14:00:00+00:00,224.9999,0.25455844
2025-05-21 15:00:00+00:00,59.420856,4.599695
2025-05-21 16:00:00+00:00,40.314034,7.7900705
2025-05-21 17:00:00+00:00,34.50859,6.989936
2025-05-21 18:00:00+00:00,34.82457,5.0432134
2025-05-21 19:00:00+00:00,32.275623,4.0449967
2025-05-21 20:00:00+00:00,35.217674,3.745557
2025-05-21 21:00:00+00:00,37.405437,3.8521678
2025-05-21 22:00:00+00:00,37.875053,4.1046314
2025-05-21 23:00:00+00:00,35.837746,3.9966483
2025-05-22 00:00:00+00:00,38.65983,3.4576871
2025-05-22 01:00:00+00:00,42.878906,3.4388947
2025-05-22 02:00:00+00:00,159.14546,4.0449963
2025-05-22 03:00:00+00:00,167.79955,6.8138976
2025-05-22 04:00:00+00:00,173.82993,6.698806
2025-05-22 05:00:00+00:00,172.30405,6.7205353
2025-05-22 06:00:00+00:00,166.32867,6.8541956
2025-05-22 07:00:00+00:00,159.62349,6.7205353
2025-05-22 08:00:00+00:00,157.249,6.050785
2025-05-22 09:00:00+00:00,165.37909,4.278551
2025-05-22 10:00:00+00:00,185.7105,3.6179552
2025-05-22 11:00:00+00:00,188.53069,3.6402748
2025-05-22 12:00:00+00:00,188.53069,3.6402748
2025-05-22 13:00:00+00:00,171.86998,1.2727921
2025-05-22 14:00:00+00:00,66.801384,1.3708391
2025-05-22 15:00:00+00:00,41.185837,7.653705
2025-05-22 16:00:00+00:00,39.805527,8.435069
2025-05-22 17:00:00+00:00,38.65983,6.9153743
2025-05-22 18:00:00+00:00,37.234917,5.6521144
2025-05-22 19:00:00+00:00,36.027473,4.8965297
2025-05-22 20:00:00+00:00,33.023872,4.293669
2025-05-22 21:00:00+00:00,30.068504,3.9518096
2025-05-22 22:00:00+00:00,30.068504,3.9518096
2025-05-22 23:00:00+00:00,30.963696,4.198285
2025-05-23 00:00:00+00:00,32.275623,4.0449967
2025-05-23 01:00:00+00:00,34.9921,6.59154
2025-05-23 02:00:00+00:00,68.96242,2.5071096
2025-05-23 03:00:00+00:00,153.43501,4.4274144
2025-05-23 04:00:00+00:00,162.89719,4.896529
2025-05-23 05:00:00+00:00,164.74483,6.1569467
2025-05-23 06:00:00+00:00,165.96373,7.42159
2025-05-23 07:00:00+00:00,166.67546,7.029225
2025-05-23 08:00:00+00:00,185.59924,9.224011
2025-05-23 09:00:00+00:00,181.84756,11.165805
2025-05-23 10:00:00+00:00,140.04251,8.688613
2025-05-23 11:00:00+00:00,135.0001,7.6367526
2025-05-23 12:00:00+00:00,136.54811,4.7110505
2025-05-23 13:00:00+00:00,176.906,6.6697226
2025-05-23 14:00:00+00:00,180.0,2.34
2025-05-23 15:00:00+00:00,191.30989,0.9178235
2025-05-23 16:00:00+00:00,57.99466,1.6981165
2025-05-23 17:00:00+00:00,39.55964,5.369916
2025-05-23 18:00:00+00:00,33.6901,3.244996
2025-05-23 19:00:00+00:00,36.86998,2.6999998
2025-05-23 20:00:00+00:00,35.217674,3.745557
2025-05-23 21:00:00+00:00,32.905247,3.6447225
2025-05-23 22:00:00+00:00,34.50859,3.494968
2025-05-23 23:00:00+00:00,30.256361,2.50064
2025-05-24 00:00:00+00:00,29.744795,1.4512063
2025-05-24 01:00:00+00:00,33.6901,2.5959969
2025-05-24 02:00:00+00:00,208.61037,2.2553935
2025-05-24 03:00:00+00:00,189.0902,4.5572357
2025-05-24 04:00:00+00:00,180.0,5.04
2025-05-24 05:00:00+00:00,172.56868,4.175069
2025-05-24 06:00:00+00:00,168.11136,3.4949677
2025-05-24 07:00:00+00:00,212.73521,2.995797
2025-05-24 08:00:00+00:00,241.11351,5.9617786
2025-05-24 09:00:00+00:00,243.43501,8.049845
2025-05-24 10:00:00+00:00,214.21576,5.441838
2025-05-24 11:00:00+00:00,178.21013,5.7628117
2025-05-24 12:00:00+00:00,187.8152,9.266067
2025-05-24 13:00:00+00:00,272.79263,7.388775
2025-05-24 14:00:00+00:00,201.80147,0.9693296
2025-05-24 15:00:00+00:00,224.9999,0.25455844
2025-05-24 16:00:00+00:00,270.0,0.0
2025-05-24 17:00:00+00:00,26.564985,1.609969
2025-05-24 18:00:00+00:00,36.86999,3.6
2025-05-24 19:00:00+00:00,38.65983,2.3051248
2025-05-24 20:00:00+00:00,26.564985,2.4149535
2025-05-24 21:00:00+00:00,357.5105,4.143911
2025-05-24 22:00:00+00:00,346.50424,4.6277857
2025-05-24 23:00:00+00:00,2.4894993,4.143911
2025-05-25 00:00:00+00:00,15.524177,3.362677
2025-05-25 01:00:00+00:00,293.55228,7.6579366
2025-05-25 02:00:00+00:00,297.64587,8.534353
2025-05-25 03:00:00+00:00,275.52744,5.6060677
2025-05-25 04:00:00+00:00,195.6423,4.6730714
2025-05-25 05:00:00+00:00,155.55606,6.5248446
2025-05-25 06:00:00+00:00,155.85446,5.7204895
2025-05-25 07:00:00+00:00,180.0,6.2999997
2025-05-25 08:00:00+00:00,201.5015,6.384293
2025-05-25 09:00:00+00:00,199.65392,5.3517847
2025-05-25 10:00:00+00:00,215.75398,5.5450516
2025-05-25 11:00:00+00:00,227.60262,5.6060677
2025-05-25 12:00:00+00:00,173.08887,5.9834766
2025-05-25 13:00:00+00:00,143.13002,6.299999
2025-05-25 14:00:00+00:00,111.44781,5.414979
2025-05-25 15:00:00+00:00,53.74608,3.3481934
2025-05-25 16:00:00+00:00,33.6901,4.542994
2025-05-25 17:00:00+00:00,37.694313,5.004518
2025-05-25 18:00:00+00:00,36.86999,3.6
2025-05-25 19:00:00+00:00,38.290207,4.3573384
2025-05-25 20:00:00+00:00,36.86999,4.5
2025-05-25 21:00:00+00:00,33.6901,3.244996
2025-05-25 22:00:00+00:00,35.537766,3.096837
2025-05-25 23:00:00+00:00,34.69522,2.8460495
2025-05-26 00:00:00+00:00,32.005356,1.6981165
2025-05-26 01:00:00+00:00,32.005356,1.6981165
2025-05-26 02:00:00+00:00,206.56499,3.219938
2025-05-26 03:00:00+00:00,194.03627,5.195113
2025-05-26 04:00:00+00:00,192.875,6.4624763
2025-05-26 05:00:00+00:00,191.30989,8.260411
2025-05-26 06:00:00+00:00,193.17256,8.688613
2025-05-26 07:00:00+00:00,197.28159,8.482947
2025-05-26 08:00:00+00:00,211.32863,9.693296
2025-05-26 09:00:00+00:00,225.69019,10.564941
2025-05-26 10:00:00+00:00,236.3099,10.383987
2025-05-26 11:00:00+00:00,238.49579,6.544677
2025-05-26 12:00:00+00:00,196.38962,3.189608
2025-05-26 13:00:00+00:00,211.32863,4.846648
2025-05-26 14:00:00+00:00,198.43504,1.1384199
2025-05-26 15:00:00+00:00,68.19853,1.9386592
2025-05-26 16:00:00+00:00,38.92756,6.015878
2025-05-26 17:00:00+00:00,34.3804,4.143911
2025-05-26 18:00:00+00:00,35.537766,4.6452556
2025-05-26 19:00:00+00:00,33.6901,4.542994
2025-05-26 20:00:00+00:00,32.005356,3.396233
2025-05-26 21:00:00+00:00,32.73523,2.995797
2025-05-26 22:00:00+00:00,31.607454,2.7475805
2025-05-26 23:00:00+00:00,30.256361,2.50064
2025-05-27 00:00:00+00:00,26.564985,2.0124612
2025-05-27 01:00:00+00:00,28.30066,2.657668
2025-05-27 02:00:00+00:00,206.56499,1.609969
2025-05-27 03:00:00+00:00,201.25058,3.4763772
2025-05-27 04:00:00+00:00,212.00534,1.6981165
2025-05-27 05:00:00+00:00,204.77512,2.5772076
2025-05-27 06:00:00+00:00,180.0,1.4399999
2025-05-27 07:00:00+00:00,98.13002,2.5455842
2025-05-27 08:00:00+00:00,90.0,8.099999
2025-05-27 09:00:00+00:00,118.14151,8.777654
2025-05-27 10:00:00+00:00,160.34608,5.3517847
2025-05-27 11:00:00+00:00,338.80588,9.459852
2025-05-27 12:00:00+00:00,319.70792,10.855358
2025-05-27 13:00:00+00:00,223.83095,6.2379804
2025-05-27 14:00:00+00:00,170.53775,1.0948973
2025-05-27 15:00:00+00:00,251.56496,0.56920993
2025-05-27 16:00:00+00:00,282.5288,1.659518
2025-05-27 17:00:00+00:00,331.69934,2.657668
2025-05-27 18:00:00+00:00,355.60138,2.3469126
2025-05-27 19:00:00+00:00,278.13,2.5455842
2025-05-27 20:00:00+00:00,287.74475,4.724786
2025-05-27 21:00:00+00:00,291.80148,4.846648
2025-05-27 22:00:00+00:00,323.74606,3.3481934
2025-05-27 23:00:00+00:00,302.47116,2.3469129
2025-05-28 00:00:00+00:00,285.25516,2.0523157
2025-05-28 01:00:00+00:00,274.18484,7.3997297
2025-05-28 02:00:00+00:00,305.21768,7.491114
2025-05-28 03:00:00+00:00,289.9832,4.2136917
2025-05-28 04:00:00+00:00,318.36655,4.3349743
2025-05-28 05:00:00+00:00,228.36655,2.1674871
2025-05-28 06:00:00+00:00,255.06853,2.7943513
2025-05-28 07:00:00+00:00,115.820946,6.198903
2025-05-28 08:00:00+00:00,159.14546,4.0449963
2025-05-28 09:00:00+00:00,188.13002,2.5455842
2025-05-28 10:00:00+00:00,219.09384,7.42159
2025-05-28 11:00:00+00:00,231.17017,9.473541
2025-05-28 12:00:00+00:00,237.26477,8.9873905
2025-05-28 13:00:00+00:00,297.43964,10.546525
2025-05-28 14:00:00+00:00,333.43503,4.829907
2025-05-28 15:00:00+00:00,330.9455,1.8532133
2025-05-28 16:00:00+00:00,255.96373,0.742159
2025-05-28 17:00:00+00:00,243.43501,0.40249225
2025-05-28 18:00:00+00:00,35.537766,3.096837
2025-05-28 19:00:00+00:00,34.9921,4.39436
2025-05-28 20:00:00+00:00,31.75944,4.4456716
2025-05-28 21:00:00+00:00,31.429514,3.7971041
2025-05-28 22:00:00+00:00,21.801476,1.9386592
2025-05-28 23:00:00+00:00,36.027473,2.4482648
2025-05-29 00:00:00+00:00,34.9921,2.19718
2025-05-29 01:00:00+00:00,288.43503,2.8460498
2025-05-29 02:00:00+00:00,244.98314,2.97953
2025-05-29 03:00:00+00:00,184.96965,4.1556225
2025-05-29 04:00:00+00:00,159.44388,6.151683
2025-05-29 05:00:00+00:00,169.6952,6.037383
2025-05-29 06:00:00+00:00,177.5105,8.287822
2025-05-29 07:00:00+00:00,183.65215,8.477216
2025-05-29 08:00:00+00:00,181.5074,6.8423676
2025-05-29 09:00:00+00:00,174.64427,5.7852573
2025-05-29 10:00:00+00:00,212.47118,2.3469129
2025-05-29 11:00:00+00:00,226.63654,4.4565907
2025-05-29 12:00:00+00:00,229.18501,5.2323985
2025-05-29 13:00:00+00:00,278.42688,9.826088
2025-05-29 14:00:00+00:00,258.6901,3.671294
2025-05-29 15:00:00+00:00,299.74478,2.9024127
2025-05-29 16:00:00+00:00,306.86996,0.9
2025-05-29 17:00:00+00:00,270.0,0.35999998
2025-05-29 18:00:00+00:00,15.945477,2.6208394
2025-05-29 19:00:00+00:00,30.963696,2.0991426
2025-05-29 20:00:00+00:00,270.0,1.08
2025-05-29 21:00:00+00:00,158.19853,0.9693296
2025-05-29 22:00:00+00:00,29.054508,1.8532133
2025-05-29 23:00:00+00:00,164.05453,1.3104197
2025-05-30 00:00:00+00:00,57.99466,1.6981165
2025-05-30 01:00:00+00:00,224.9999,0.25455844
2025-05-30 02:00:00+00:00,173.29025,3.0811036
2025-05-30 03:00:00+00:00,188.97255,3.462369
2025-05-30 04:00:00+00:00,210.46547,3.550155
2025-05-30 05:00:00+00:00,95.7105,1.8089776
2025-05-30 06:00:00+00:00,59.03632,6.297428
2025-05-30 07:00:00+00:00,98.97255,6.924738
2025-05-30 08:00:00+00:00,180.0,2.34
2025-05-30 09:00:00+00:00,278.13,2.5455842
2025-05-30 10:00:00+00:00,312.1375,5.0975285
2025-05-30 11:00:00+00:00,246.80138,1.3708391
2025-05-30 12:00:00+00:00,256.60748,7.771331
2025-05-30 13:00:00+00:00,263.5413,9.600937
2025-05-30 14:00:00+00:00,280.6196,5.8603754
2025-05-30 15:00:00+00:00,306.38446,4.2481523
2025-05-30 16:00:00+00:00,303.02386,4.293669
2025-05-30 17:00:00+00:00,289.0936,4.952453
2025-05-30 18:00:00+00:00,324.24603,5.5450516
2025-05-30 19:00:00+00:00,356.186,2.7059932
2025-05-30 20:00:00+00:00,239.0363,1.0495713
2025-05-30 21:00:00+00:00,224.9999,0.25455844
2025-05-30 22:00:00+00:00,53.13002,2.6999998
2025-05-30 23:00:00+00:00,60.255207,1.4512063
2025-05-31 00:00:00+00:00,97.12492,1.4512063
2025-05-31 01:00:00+00:00,161.56496,3.4152596
2025-05-31 02:00:00+00:00,194.03627,1.484318
2025-05-31 03:00:00+00:00,90.0,1.6199999
2025-05-31 04:00:00+00:00,233.13002,0.9
2025-05-31 05:00:00+00:00,262.8751,1.4512063
2025-05-31 06:00:00+00:00,299.74478,1.4512063
2025-05-31 07:00:00+00:00,161.56496,0.56920993
2025-05-31 08:00:00+00:00,125.537766,4.6452556
2025-05-31 09:00:00+00:00,118.442825,9.826088
2025-05-31 10:00:00+00:00,96.17008,6.698806
2025-05-31 11:00:00+00:00,140.19447,1.4058449
2025-05-31 12:00:00+00:00,102.200455,6.8138976
2025-05-31 13:00:00+00:00,135.0001,1.2727921
2025-05-31 14:00:00+00:00,104.62092,4.278551
2025-05-31 15:00:00+00:00,62.354122,4.2671766
2025-05-31 16:00:00+00:00,67.16631,3.710795
2025-05-31 17:00:00+00:00,224.9999,2.0364676
2025-05-31 18:00:00+00:00,251.56496,0.56920993
2025-05-31 19:00:00+00:00,38.157276,3.2048087
2025-05-31 20:00:00+00:00,65.55606,2.1749482
2025-05-31 21:00:00+00:00,105.25517,2.0523157
2025-05-31 22:00:00+00:00,147.99466,1.6981165
2025-05-31 23:00:00+00:00,180.0,0.54
2025-06-01 00:00:00+00:00,198.43504,0.56920993
2025-06-01 01:00:00+00:00,247.3801,2.3400002
2025-06-01 02:00:00+00:00,240.2552,1.4512063
2025-06-01 03:00:00+00:00,262.8751,1.4512063
2025-06-01 04:00:00+00:00,218.65984,1.1525624
2025-06-01 05:00:00+00:00,180.0,0.35999998
2025-06-01 06:00:00+00:00,184.39862,2.3469126
2025-06-01 07:00:00+00:00,185.7105,5.426933
2025-06-01 08:00:00+00:00,197.52567,7.172949
2025-06-01 09:00:00+00:00,288.9705,6.0908127
2025-06-01 10:00:00+00:00,302.57404,7.689603
2025-06-01 11:00:00+00:00,256.42953,5.3699164
2025-06-01 12:00:00+00:00,229.39879,4.978554
2025-06-01 13:00:00+00:00,119.53869,6.2067385
2025-06-01 14:00:00+00:00,153.43501,5.2323985
2025-06-01 15:00:00+00:00,188.3658,6.1858225
2025-06-01 16:00:00+00:00,144.78232,3.745557
2025-06-01 17:00:00+00:00,149.03632,3.148714
2025-06-01 18:00:00+00:00,168.69011,1.835647
2025-06-01 19:00:00+00:00,119.74479,1.4512063
2025-06-01 20:00:00+00:00,107.52566,3.5864744
2025-06-01 21:00:00+00:00,144.46223,3.096837
2025-06-01 22:00:00+00:00,157.3801,2.3400002
2025-06-01 23:00:00+00:00,103.24053,3.143565
2025-06-02 00:00:00+00:00,109.17911,4.3832865
2025-06-02 01:00:00+00:00,165.96373,0.742159
2025-06-02 02:00:00+00:00,151.92761,3.06
2025-06-02 03:00:00+00:00,150.2552,4.3536186
2025-06-02 04:00:00+00:00,153.43501,6.037383
2025-06-02 05:00:00+00:00,152.02061,6.5223618
2025-06-02 06:00:00+00:00,165.17348,6.330782
2025-06-02 07:00:00+00:00,157.5572,8.958504
2025-06-02 08:00:00+00:00,150.57263,8.0599
2025-06-02 09:00:00+00:00,196.58742,8.827343
2025-06-02 10:00:00+00:00,137.86247,5.0975285
2025-06-02 11:00:00+00:00,233.13002,4.5
2025-06-02 12:00:00+00:00,251.56496,1.7076298
2025-06-02 13:00:00+00:00,178.21013,5.7628117
2025-06-02 14:00:00+00:00,136.63654,4.4565907
2025-06-02 15:00:00+00:00,126.027466,4.8965297
2025-06-02 16:00:00+00:00,164.05453,3.9312592
2025-06-02 17:00:00+00:00,126.86999,1.8
2025-06-02 18:00:00+00:00,123.6901,1.9469976
2025-06-02 19:00:00+00:00,60.94549,1.8532133
2025-06-02 20:00:00+00:00,224.9999,0.5091169
2025-06-02 21:00:00+00:00,147.99466,1.6981165
2025-06-02 22:00:00+00:00,60.94549,1.8532133
2025-06-02 23:00:00+00:00,26.564985,2.4149535
2025-06-03 00:00:00+00:00,26.564985,2.4149535
2025-06-03 01:00:00+00:00,24.102238,7.4932766
2025-06-03 02:00:00+00:00,246.80138,1.3708391
2025-06-03 03:00:00+00:00,251.56496,1.1384199
2025-06-03 04:00:00+00:00,243.43501,2.0124612
2025-06-03 05:00:00+00:00,250.0168,2.1068459
2025-06-03 06:00:00+00:00,253.30067,1.8792552
2025-06-03 07:00:00+00:00,206.56499,1.609969
2025-06-03 08:00:00+00:00,136.8476,3.9477081
2025-06-03 09:00:00+00:00,160.64091,7.0591216
2025-06-03 10:00:00+00:00,190.84026,8.613709
2025-06-03 11:00:00+00:00,224.9999,4.072935
2025-06-03 12:00:00+00:00,175.60138,2.3469126
2025-06-03 13:00:00+00:00,296.56497,0.8049845
2025-06-03 14:00:00+00:00,232.43134,2.9522195
2025-06-03 15:00:00+00:00,106.50443,5.068846
2025-06-03 16:00:00+00:00,198.43504,1.1384199
2025-06-03 17:00:00+00:00,128.65984,1.1525624
2025-06-03 18:00:00+00:00,119.05451,1.8532133
2025-06-03 19:00:00+00:00,135.0001,1.5273507
2025-06-03 20:00:00+00:00,114.44395,2.1749482
2025-06-03 21:00:00+00:00,104.03627,1.484318
2025-06-03 22:00:00+00:00,135.0001,2.5455842
2025-06-03 23:00:00+00:00,119.05451,1.8532133
2025-06-04 00:00:00+00:00,119.74479,2.9024127
2025-06-04 01:00:00+00:00,24.775122,2.5772076
2025-06-04 02:00:00+00:00,172.87508,1.4512063
2025-06-04 03:00:00+00:00,185.7105,1.8089776
2025-06-04 04:00:00+00:00,165.96373,2.226477
2025-06-04 05:00:00+00:00,160.34608,2.6758924
2025-06-04 06:00:00+00:00,176.98727,3.4247334
2025-06-04 07:00:00+00:00,156.2505,4.91634
2025-06-04 08:00:00+00:00,159.07542,6.5520988
2025-06-04 09:00:00+00:00,173.51703,7.970972
2025-06-04 10:00:00+00:00,145.40765,6.341009
2025-06-04 11:00:00+00:00,146.3099,6.489992
2025-06-04 12:00:00+00:00,224.9999,8.14587
2025-06-04 13:00:00+00:00,152.81897,7.4867883
2025-06-04 14:00:00+00:00,213.17853,5.5916004
2025-06-04 15:00:00+00:00,206.56499,0.8049845
2025-06-04 16:00:00+00:00,26.564985,3.62243
2025-06-04 17:00:00+00:00,51.842735,3.2048087
2025-06-04 18:00:00+00:00,102.5288,1.659518
2025-06-04 19:00:00+00:00,153.43501,0.40249225
2025-06-04 20:00:00+00:00,44.999897,1.0182338
2025-06-04 21:00:00+00:00,198.43504,0.56920993
2025-06-04 22:00:00+00:00,135.0001,0.76367533
2025-06-04 23:00:00+00:00,180.0,1.08
2025-06-05 00:00:00+00:00,158.19853,0.9693296
2025-06-05 01:00:00+00:00,146.3099,2.5959969
2025-06-05 02:00:00+00:00,135.0001,3.3092594
2025-06-05 03:00:00+00:00,147.26479,2.995797
2025-06-05 04:00:00+00:00,164.74483,4.1046314
2025-06-05 05:00:00+00:00,176.98727,3.4247334
2025-06-05 06:00:00+00:00,226.97493,3.693291
2025-06-05 07:00:00+00:00,240.2552,4.3536186
2025-06-05 08:00:00+00:00,258.6901,4.5891175
2025-06-05 09:00:00+00:00,203.6294,3.143565
2025-06-05 10:00:00+00:00,231.63248,5.509882
2025-06-05 11:00:00+00:00,239.0363,5.2478566
2025-06-05 12:00:00+00:00,116.56499,5.634891
2025-06-05 13:00:00+00:00,91.63654,12.605142
2025-06-05 14:00:00+00:00,62.24156,3.8647635
2025-06-05 15:00:00+00:00,30.963696,2.0991426
2025-06-05 16:00:00+00:00,44.999897,2.5455842
2025-06-05 17:00:00+00:00,39.289394,2.5582807
2025-06-05 18:00:00+00:00,38.65983,2.3051248
2025-06-05 19:00:00+00:00,42.878906,3.4388947
2025-06-05 20:00:00+00:00,44.999897,2.5455842
2025-06-05 21:00:00+00:00,46.97493,3.693291
2025-06-05 22:00:00+00:00,47.72637,2.6758924
2025-06-05 23:00:00+00:00,50.194473,1.4058449
2025-06-06 00:00:00+00:00,51.842735,3.2048087
2025-06-06 01:00:00+00:00,71.564964,2.8460498
2025-06-06 02:00:00+00:00,154.7989,6.763786
2025-06-06 03:00:00+00:00,172.87508,7.256032
2025-06-06 04:00:00+00:00,174.55975,7.5942073
2025-06-06 05:00:00+00:00,172.23492,7.9932976
2025-06-06 06:00:00+00:00,168.4399,8.083983
2025-06-06 07:00:00+00:00,165.32356,7.8149853
2025-06-06 08:00:00+00:00,164.40714,8.035746
2025-06-06 09:00:00+00:00,163.73972,9.0
2025-06-06 10:00:00+00:00,162.58194,9.621163
2025-06-06 11:00:00+00:00,163.90912,9.741642
2025-06-06 12:00:00+00:00,165.42575,9.299225
2025-06-06 13:00:00+00:00,176.186,5.4119864
2025-06-06 14:00:00+00:00,153.43501,1.2074767
2025-06-06 15:00:00+00:00,55.6196,4.143911
2025-06-06 16:00:00+00:00,42.397392,5.6060677
2025-06-06 17:00:00+00:00,37.694313,5.004518
2025-06-06 18:00:00+00:00,33.6901,3.8939953
2025-06-06 19:00:00+00:00,35.217674,3.745557
2025-06-06 20:00:00+00:00,32.73523,2.995797
2025-06-06 21:00:00+00:00,32.73523,2.995797
2025-06-06 22:00:00+00:00,31.607454,2.7475805
2025-06-06 23:00:00+00:00,34.69522,2.8460495
2025-06-07 00:00:00+00:00,32.73523,2.995797
2025-06-07 01:00:00+00:00,35.217674,3.745557
2025-06-07 02:00:00+00:00,90.0,2.6999998
2025-06-07 03:00:00+00:00,157.75093,4.278551
2025-06-07 04:00:00+00:00,175.23645,4.3349743
2025-06-07 05:00:00+00:00,173.6599,4.8899083
2025-06-07 06:00:00+00:00,167.90526,5.1544156
2025-06-07 07:00:00+00:00,165.06853,5.5887027
2025-06-07 08:00:00+00:00,167.27565,5.720489
2025-06-07 09:00:00+00:00,163.0724,4.327493
2025-06-07 10:00:00+00:00,206.56499,1.609969
2025-06-07 11:00:00+00:00,254.05453,2.6208394
2025-06-07 12:00:00+00:00,213.6901,3.244996
2025-06-07 13:00:00+00:00,209.0545,3.7064266
2025-06-07 14:00:00+00:00,300.96368,1.0495713
2025-06-07 15:00:00+00:00,22.61991,2.3400002
2025-06-07 16:00:00+00:00,33.6901,3.8939953
2025-06-07 17:00:00+00:00,30.068504,3.9518096
2025-06-07 18:00:00+00:00,33.6901,3.244996
2025-06-07 19:00:00+00:00,35.537766,3.096837
2025-06-07 20:00:00+00:00,38.65983,3.4576871
2025-06-07 21:00:00+00:00,34.9921,4.39436
2025-06-07 22:00:00+00:00,33.6901,2.5959969
2025-06-07 23:00:00+00:00,25.016869,2.97953
2025-06-08 00:00:00+00:00,23.198618,2.7416782
2025-06-08 01:00:00+00:00,26.564985,2.4149535
2025-06-08 02:00:00+00:00,201.03758,2.5071096
2025-06-08 03:00:00+00:00,203.9625,3.5455887
2025-06-08 04:00:00+00:00,212.73521,2.995797
2025-06-08 05:00:00+00:00,206.56499,2.4149535
2025-06-08 06:00:00+00:00,196.38962,3.189608
2025-06-08 07:00:00+00:00,169.6952,2.0124612
2025-06-08 08:00:00+00:00,103.24053,3.143565
2025-06-08 09:00:00+00:00,110.55612,4.613762
2025-06-08 10:00:00+00:00,132.70937,9.5535755
2025-06-08 11:00:00+00:00,144.16226,11.989946
2025-06-08 12:00:00+00:00,147.26479,8.9873905
2025-06-08 13:00:00+00:00,158.19853,6.7853074
2025-06-08 14:00:00+00:00,180.0,0.54
2025-06-08 15:00:00+00:00,290.55612,1.5379207
2025-06-08 16:00:00+00:00,360.0,0.71999997
2025-06-08 17:00:00+00:00,38.65983,3.4576871
2025-06-08 18:00:00+00:00,38.157276,3.2048087
2025-06-08 19:00:00+00:00,34.69522,2.8460495
2025-06-08 20:00:00+00:00,36.86998,2.6999998
2025-06-08 21:00:00+00:00,39.805527,2.8116899
2025-06-08 22:00:00+00:00,35.537766,1.5484185
2025-06-08 23:00:00+00:00,38.65983,1.1525624
2025-06-09 00:00:00+00:00,38.65983,1.1525624
2025-06-09 01:00:00+00:00,39.805527,1.4058449
2025-06-09 02:00:00+00:00,182.72626,3.7842832
2025-06-09 03:00:00+00:00,198.43504,4.5536795
2025-06-09 04:00:00+00:00,208.30066,5.315336
2025-06-09 05:00:00+00:00,210.37904,6.050785
2025-06-09 06:00:00+00:00,210.65059,5.6492476
2025-06-09 07:00:00+00:00,198.43504,4.5536795
2025-06-09 08:00:00+00:00,194.03627,3.710795
2025-06-09 09:00:00+00:00,205.34613,3.7842832
2025-06-09 10:00:00+00:00,234.46223,4.6452556
2025-06-09 11:00:00+00:00,233.74606,3.3481934
2025-06-09 12:00:00+00:00,246.0375,8.863972
2025-06-09 13:00:00+00:00,233.88057,8.244708
2025-06-09 14:00:00+00:00,224.9999,3.0547013
2025-06-09 15:00:00+00:00,243.43501,0.8049845
2025-06-09 16:00:00+00:00,360.0,0.17999999
2025-06-09 17:00:00+00:00,38.157276,3.2048087
2025-06-09 18:00:00+00:00,32.471172,2.3469129
2025-06-09 19:00:00+00:00,33.6901,2.5959969
2025-06-09 20:00:00+00:00,36.027473,2.4482648
2025-06-09 21:00:00+00:00,34.9921,2.19718
2025-06-09 22:00:00+00:00,30.963696,1.0495713
2025-06-09 23:00:00+00:00,32.005356,1.6981165
2025-06-10 00:00:00+00:00,38.65983,1.1525624
2025-06-10 01:00:00+00:00,251.56496,0.56920993
2025-06-10 02:00:00+00:00,194.93147,2.7943513
2025-06-10 03:00:00+00:00,163.30067,3.7585104
2025-06-10 04:00:00+00:00,180.0,3.2399998
2025-06-10 05:00:00+00:00,183.17976,3.244996
2025-06-10 06:00:00+00:00,199.44012,3.244996
2025-06-10 07:00:00+00:00,224.9999,2.0364676
2025-06-10 08:00:00+00:00,224.9999,2.0364676
2025-06-10 09:00:00+00:00,131.18582,1.9134263
2025-06-10 10:00:00+00:00,256.86597,5.5450516
2025-06-10 11:00:00+00:00,285.14102,15.8502245
2025-06-10 12:00:00+00:00,293.9625,12.409561
2025-06-10 13:00:00+00:00,291.59537,9.292255
2025-06-10 14:00:00+00:00,284.93146,2.7943513
2025-06-10 15:00:00+00:00,277.59454,2.7238941
2025-06-10 16:00:00+00:00,276.3401,1.6299692
2025-06-10 17:00:00+00:00,180.0,0.35999998
2025-06-10 18:00:00+00:00,71.564964,1.1384199
2025-06-10 19:00:00+00:00,90.0,1.08
2025-06-10 20:00:00+00:00,69.44387,1.5379207
2025-06-10 21:00:00+00:00,44.999897,2.5455842
2025-06-10 22:00:00+00:00,36.86999,1.8
2025-06-10 23:00:00+00:00,37.875053,2.0523157
2025-06-11 00:00:00+00:00,78.6901,0.9178235
2025-06-11 01:00:00+00:00,198.43504,0.56920993
2025-06-11 02:00:00+00:00,172.40544,2.7238941
2025-06-11 03:00:00+00:00,206.56499,2.8174455
2025-06-11 04:00:00+00:00,233.13002,4.5
2025-06-11 05:00:00+00:00,228.81418,5.7402787
2025-06-11 06:00:00+00:00,211.26367,5.896202
2025-06-11 07:00:00+00:00,209.7448,5.8048253
2025-06-11 08:00:00+00:00,223.26433,4.2021427
2025-06-11 09:00:00+00:00,233.97253,2.4482648
2025-06-11 10:00:00+00:00,240.2552,2.9024127
2025-06-11 11:00:00+00:00,214.82455,5.0432134
2025-06-11 12:00:00+00:00,207.55272,9.339208
2025-06-11 13:00:00+00:00,201.54105,7.353611
2025-06-11 14:00:00+00:00,171.25392,2.36753
2025-06-11 15:00:00+00:00,123.6901,1.9469976
2025-06-11 16:00:00+00:00,108.43504,1.1384199
2025-06-11 17:00:00+00:00,50.710617,2.5582807
2025-06-11 18:00:00+00:00,42.27363,2.6758924
2025-06-11 19:00:00+00:00,270.0,0.0
2025-06-11 20:00:00+00:00,323.13,0.9
2025-06-11 21:00:00+00:00,49.398785,1.659518
2025-06-11 22:00:00+00:00,33.6901,0.6489992
2025-06-11 23:00:00+00:00,243.43501,0.40249225
2025-06-12 00:00:00+00:00,44.999897,1.781909
2025-06-12 01:00:00+00:00,194.03627,0.742159
2025-06-12 02:00:00+00:00,180.0,3.7799997
2025-06-12 03:00:00+00:00,194.03627,3.710795
2025-06-12 04:00:00+00:00,222.13753,5.0975285
2025-06-12 05:00:00+00:00,229.76372,6.1305785
2025-06-12 06:00:00+00:00,227.20262,6.623413
2025-06-12 07:00:00+00:00,235.0079,6.59154
2025-06-12 08:00:00+00:00,248.19853,4.846648
2025-06-12 09:00:00+00:00,224.9999,3.0547013
2025-06-12 10:00:00+00:00,187.12492,2.9024127
2025-06-12 11:00:00+00:00,143.74608,3.3481934
2025-06-12 12:00:00+00:00,223.7812,5.983477
2025-06-12 13:00:00+00:00,220.46214,8.043805
2025-06-12 14:00:00+00:00,206.56499,1.609969
2025-06-12 15:00:00+00:00,231.34016,1.1525624
2025-06-12 16:00:00+00:00,224.9999,0.25455844
2025-06-12 17:00:00+00:00,63.435013,1.2074767
2025-06-12 18:00:00+00:00,75.96373,0.742159
2025-06-12 19:00:00+00:00,180.0,0.54
2025-06-12 20:00:00+00:00,90.0,1.26
2025-06-12 21:00:00+00:00,56.3099,1.9469976
2025-06-12 22:00:00+00:00,52.124958,2.0523157
2025-06-12 23:00:00+00:00,60.255207,1.4512063
2025-06-13 00:00:00+00:00,90.0,1.08
2025-06-13 01:00:00+00:00,206.56499,0.40249225
2025-06-13 02:00:00+00:00,180.0,1.4399999
2025-06-13 03:00:00+00:00,246.3706,3.143565
2025-06-13 04:00:00+00:00,255.4655,5.020677
2025-06-13 05:00:00+00:00,248.83867,5.9834766
2025-06-13 06:00:00+00:00,242.74475,6.6818557
2025-06-13 07:00:00+00:00,215.83774,3.9966483
2025-06-13 08:00:00+00:00,160.34608,2.6758924
2025-06-13 09:00:00+00:00,173.6599,3.2599385
2025-06-13 10:00:00+00:00,176.186,2.7059932
2025-06-13 11:00:00+00:00,162.75845,5.4656014
2025-06-13 12:00:00+00:00,190.95403,5.6835546
2025-06-13 13:00:00+00:00,234.90411,8.139901
2025-06-13 14:00:00+00:00,262.6477,5.6262593
2025-06-13 15:00:00+00:00,261.87,1.2727921
2025-06-13 16:00:00+00:00,180.0,0.35999998
2025-06-13 17:00:00+00:00,296.56497,0.8049845
2025-06-13 18:00:00+00:00,340.3461,2.6758924
2025-06-13 19:00:00+00:00,326.3099,0.6489992
2025-06-13 20:00:00+00:00,270.0,0.0
2025-06-13 21:00:00+00:00,153.43501,0.8049845
2025-06-13 22:00:00+00:00,101.3099,0.9178235
2025-06-13 23:00:00+00:00,101.3099,0.9178235
2025-06-14 00:00:00+00:00,126.86999,0.9
2025-06-14 01:00:00+00:00,198.43504,0.56920993
2025-06-14 02:00:00+00:00,171.86998,1.2727921
2025-06-14 03:00:00+00:00,249.44386,1.5379207
2025-06-14 04:00:00+00:00,229.39879,1.659518
2025-06-14 05:00:00+00:00,174.2895,1.8089776
2025-06-14 06:00:00+00:00,149.53453,3.550155
2025-06-14 07:00:00+00:00,136.39711,5.22
2025-06-14 08:00:00+00:00,137.29063,6.3690495
2025-06-14 09:00:00+00:00,146.3099,6.489992
2025-06-14 10:00:00+00:00,124.992096,8.78872
2025-06-14 11:00:00+00:00,123.6901,12.330985
2025-06-14 12:00:00+00:00,119.953514,12.257194
2025-06-14 13:00:00+00:00,119.24873,10.315115
2025-06-14 14:00:00+00:00,87.70944,4.503598
2025-06-14 15:00:00+00:00,94.76356,2.1674871
2025-06-14 16:00:00+00:00,216.86998,0.9
2025-06-14 17:00:00+00:00,270.0,2.16
2025-06-14 18:00:00+00:00,279.86575,4.2021422
2025-06-14 19:00:00+00:00,274.08554,2.5264204
2025-06-14 20:00:00+00:00,263.6599,1.6299692
2025-06-14 21:00:00+00:00,243.43501,0.8049845
2025-06-14 22:00:00+00:00,248.19853,0.9693296
2025-06-14 23:00:00+00:00,279.46225,1.0948973
2025-06-15 00:00:00+00:00,180.0,0.35999998
2025-06-15 01:00:00+00:00,341.56494,1.7076298
2025-06-15 02:00:00+00:00,279.86575,4.2021422
2025-06-15 03:00:00+00:00,299.5387,6.2067385
2025-06-15 04:00:00+00:00,283.39252,3.8856654
2025-06-15 05:00:00+00:00,230.19447,1.4058449
2025-06-15 06:00:00+00:00,126.86999,1.8
2025-06-15 07:00:00+00:00,135.0001,3.8183763
2025-06-15 08:00:00+00:00,155.09526,5.5567255
2025-06-15 09:00:00+00:00,166.42955,5.3699164
2025-06-15 10:00:00+00:00,170.83772,5.6521144
2025-06-15 11:00:00+00:00,189.65982,8.581677
2025-06-15 12:00:00+00:00,212.82854,6.6405115
2025-06-15 13:00:00+00:00,280.78424,11.543881
2025-06-15 14:00:00+00:00,288.85324,7.7983837
2025-06-15 15:00:00+00:00,271.3639,7.562142
2025-06-15 16:00:00+00:00,250.55988,3.244996
2025-06-15 17:00:00+00:00,213.6901,1.2979984
2025-06-15 18:00:00+00:00,143.13002,4.5
2025-06-15 19:00:00+00:00,114.102234,7.4932766
2025-06-15 20:00:00+00:00,91.59111,6.482499
2025-06-15 21:00:00+00:00,135.0001,1.5273507
2025-06-15 22:00:00+00:00,194.03627,0.742159
2025-06-15 23:00:00+00:00,120.256355,2.50064
2025-06-16 00:00:00+00:00,47.12111,3.4388947
2025-06-16 01:00:00+00:00,54.090195,6.444905
2025-06-16 02:00:00+00:00,122.00535,5.09435
2025-06-16 03:00:00+00:00,139.39879,3.319036
2025-06-16 04:00:00+00:00,164.05453,3.9312592
2025-06-16 05:00:00+00:00,188.13002,1.2727921
2025-06-16 06:00:00+00:00,266.186,2.7059932
2025-06-16 07:00:00+00:00,266.186,8.11798
2025-06-16 08:00:00+00:00,294.65588,12.081473
2025-06-16 09:00:00+00:00,275.06354,14.275713
2025-06-16 10:00:00+00:00,278.13,12.7279215
2025-06-16 11:00:00+00:00,275.2738,11.749741
2025-06-16 12:00:00+00:00,262.23492,7.9932976
2025-06-16 13:00:00+00:00,256.32867,6.8541956
2025-06-16 14:00:00+00:00,230.19447,4.2175345
2025-06-16 15:00:00+00:00,244.98314,2.97953
2025-06-16 16:00:00+00:00,275.7105,3.6179552
2025-06-16 17:00:00+00:00,291.80148,2.907989
2025-06-16 18:00:00+00:00,83.88459,5.0688457
2025-06-16 19:00:00+00:00,96.340096,3.2599385
2025-06-16 20:00:00+00:00,243.43501,0.40249225
2025-06-16 21:00:00+00:00,327.26477,5.991594
2025-06-16 22:00:00+00:00,307.6943,5.004518
2025-06-16 23:00:00+00:00,254.74483,2.0523157
2025-06-17 00:00:00+00:00,155.22488,2.5772076
2025-06-17 01:00:00+00:00,97.43131,4.175069
2025-06-17 02:00:00+00:00,119.98155,5.402999
2025-06-17 03:00:00+00:00,119.74479,5.8048253
2025-06-17 04:00:00+00:00,165.2564,3.536439
2025-06-17 05:00:00+00:00,162.3498,4.1556225
2025-06-17 06:00:00+00:00,145.92276,7.388775
2025-06-17 07:00:00+00:00,156.0375,7.0911775
2025-06-17 08:00:00+00:00,178.31535,6.122647
2025-06-17 09:00:00+00:00,141.34016,4.6102495
2025-06-17 10:00:00+00:00,131.63345,4.3349743
2025-06-17 11:00:00+00:00,147.72438,4.0449967
2025-06-17 12:00:00+00:00,174.2895,3.6179552
2025-06-17 13:00:00+00:00,195.94547,2.6208394
2025-06-17 14:00:00+00:00,165.96373,2.968636
2025-06-17 15:00:00+00:00,204.44394,2.1749482
2025-06-17 16:00:00+00:00,135.0001,1.0182338
2025-06-17 17:00:00+00:00,97.12492,1.4512063
2025-06-17 18:00:00+00:00,104.03627,2.968636
2025-06-17 19:00:00+00:00,70.01681,4.2136917
2025-06-17 20:00:00+00:00,120.46546,3.550155
2025-06-17 21:00:00+00:00,111.801476,2.907989
2025-06-17 22:00:00+00:00,107.10281,2.4482646
2025-06-17 23:00:00+00:00,63.435013,0.8049845
2025-06-18 00:00:00+00:00,53.13002,0.9
2025-06-18 01:00:00+00:00,158.19853,1.9386592
2025-06-18 02:00:00+00:00,195.94547,3.9312592
2025-06-18 03:00:00+00:00,197.81898,5.2939587
2025-06-18 04:00:00+00:00,221.42357,4.080882
2025-06-18 05:00:00+00:00,210.25635,5.00128
2025-06-18 06:00:00+00:00,204.30453,6.1226463
2025-06-18 07:00:00+00:00,228.57643,8.161764
2025-06-18 08:00:00+00:00,238.13406,7.841887
2025-06-18 09:00:00+00:00,235.56094,7.6388745
2025-06-18 10:00:00+00:00,252.97939,9.224011
2025-06-18 11:00:00+00:00,278.42688,9.826088
2025-06-18 12:00:00+00:00,271.21884,8.461914
2025-06-18 13:00:00+00:00,275.10208,10.120098
2025-06-18 14:00:00+00:00,267.95465,5.0432134
2025-06-18 15:00:00+00:00,251.56496,0.56920993
2025-06-18 16:00:00+00:00,44.999897,1.781909
2025-06-18 17:00:00+00:00,41.00899,5.48631
2025-06-18 18:00:00+00:00,48.814175,3.8268526
2025-06-18 19:00:00+00:00,41.42357,4.080882
2025-06-18 20:00:00+00:00,37.405437,3.8521678
2025-06-18 21:00:00+00:00,40.10085,4.471107
2025-06-18 22:00:00+00:00,40.364468,4.724786
2025-06-18 23:00:00+00:00,39.805527,4.2175345
2025-06-19 00:00:00+00:00,35.837746,3.9966483
2025-06-19 01:00:00+00:00,39.47243,3.9640884
2025-06-19 02:00:00+00:00,167.4712,3.319036
2025-06-19 03:00:00+00:00,180.0,6.8399997
2025-06-19 04:00:00+00:00,185.5721,7.415038
2025-06-19 05:00:00+00:00,190.78426,7.69592
2025-06-19 06:00:00+00:00,196.31393,7.689603
2025-06-19 07:00:00+00:00,203.19861,6.8541956
2025-06-19 08:00:00+00:00,221.63345,4.3349743
2025-06-19 09:00:00+00:00,241.69934,2.657668
2025-06-19 10:00:00+00:00,309.8055,2.8116899
2025-06-19 11:00:00+00:00,6.70975,6.162207
2025-06-19 12:00:00+00:00,8.130019,6.3639607
2025-06-19 13:00:00+00:00,24.443953,8.699793
2025-06-19 14:00:00+00:00,31.263678,5.896202
2025-06-19 15:00:00+00:00,34.777905,7.889258
2025-06-19 16:00:00+00:00,36.253937,6.696387
2025-06-19 17:00:00+00:00,30.379045,6.050785
2025-06-19 18:00:00+00:00,29.475794,4.755544
2025-06-19 19:00:00+00:00,30.465475,3.550155
2025-06-19 20:00:00+00:00,30.068504,3.9518096
2025-06-19 21:00:00+00:00,28.30066,2.657668
2025-06-19 22:00:00+00:00,28.30066,2.657668
2025-06-19 23:00:00+00:00,26.564985,2.8174455
2025-06-20 00:00:00+00:00,29.054508,1.8532133
2025-06-20 01:00:00+00:00,26.564985,0.8049845
2025-06-20 02:00:00+00:00,183.814,2.7059932
2025-06-20 03:00:00+00:00,198.43504,3.9844694
2025-06-20 04:00:00+00:00,203.42871,5.8852015
2025-06-20 05:00:00+00:00,208.88649,5.9617786
2025-06-20 06:00:00+00:00,212.57405,7.689603
2025-06-20 07:00:00+00:00,218.23386,7.562142
2025-06-20 08:00:00+00:00,223.87679,6.4924874
2025-06-20 09:00:00+00:00,239.03632,7.3469996
2025-06-20 10:00:00+00:00,251.56496,9.107359
2025-06-20 11:00:00+00:00,247.3801,9.360001
2025-06-20 12:00:00+00:00,235.1246,7.2403865
2025-06-20 13:00:00+00:00,211.50421,6.544677
2025-06-20 14:00:00+00:00,180.0,2.16
2025-06-20 15:00:00+00:00,126.86999,0.9
2025-06-20 16:00:00+00:00,46.97493,3.693291
2025-06-20 17:00:00+00:00,38.157276,3.2048087
2025-06-20 18:00:00+00:00,34.9921,4.39436
2025-06-20 19:00:00+00:00,33.6901,4.542994
2025-06-20 20:00:00+00:00,29.744795,2.9024127
2025-06-20 21:00:00+00:00,30.963696,2.0991426
2025-06-20 22:00:00+00:00,29.744795,1.4512063
2025-06-20 23:00:00+00:00,33.6901,1.2979984
2025-06-21 00:00:00+00:00,36.86999,0.9
2025-06-21 01:00:00+00:00,44.999897,1.781909
2025-06-21 02:00:00+00:00,185.19434,3.9763298
2025-06-21 03:00:00+00:00,175.60138,4.6938252
2025-06-21 04:00:00+00:00,175.42616,4.514377
2025-06-21 05:00:00+00:00,203.7495,4.91634
2025-06-21 06:00:00+00:00,203.42871,5.8852015
2025-06-21 07:00:00+00:00,212.19571,5.7431
2025-06-21 08:00:00+00:00,223.45189,4.7110505
2025-06-21 09:00:00+00:00,251.56496,3.9844694
2025-06-21 10:00:00+00:00,247.3801,2.3400002
2025-06-21 11:00:00+00:00,288.03436,8.139901
2025-06-21 12:00:00+00:00,267.22986,11.173057
2025-06-21 13:00:00+00:00,241.2603,6.3639607
2025-06-21 14:00:00+00:00,185.7105,1.8089776
2025-06-21 15:00:00+00:00,180.0,1.26
2025-06-21 16:00:00+00:00,224.9999,0.5091169
2025-06-21 17:00:00+00:00,224.9999,0.25455844
2025-06-21 18:00:00+00:00,180.0,0.17999999
2025-06-21 19:00:00+00:00,135.0001,0.76367533
2025-06-21 20:00:00+00:00,104.03627,1.484318
2025-06-21 21:00:00+00:00,71.564964,2.2768397
2025-06-21 22:00:00+00:00,63.435013,2.4149535
2025-06-21 23:00:00+00:00,50.52757,3.9640884
2025-06-22 00:00:00+00:00,63.435013,1.609969
2025-06-22 01:00:00+00:00,56.3099,3.244996
2025-06-22 02:00:00+00:00,135.0001,3.0547013
2025-06-22 03:00:00+00:00,141.34016,2.3051248
2025-06-22 04:00:00+00:00,188.74608,2.36753
2025-06-22 05:00:00+00:00,195.94547,2.6208394
2025-06-22 06:00:00+00:00,172.87508,1.4512063
2025-06-22 07:00:00+00:00,168.69011,0.9178235
2025-06-22 08:00:00+00:00,323.61554,4.2481523
2025-06-22 09:00:00+00:00,285.06854,4.8466477
2025-06-22 10:00:00+00:00,260.21765,5.297018
2025-06-22 11:00:00+00:00,290.55612,12.303366
2025-06-22 12:00:00+00:00,294.38635,14.822429
2025-06-22 13:00:00+00:00,302.1957,11.4862
2025-06-22 14:00:00+00:00,294.22772,7.8954163
2025-06-22 15:00:00+00:00,298.8107,8.217153
2025-06-22 16:00:00+00:00,304.21576,5.441838
2025-06-22 17:00:00+00:00,300.96368,4.198285
2025-06-22 18:00:00+00:00,246.80138,1.3708391
2025-06-22 19:00:00+00:00,206.56499,2.0124612
2025-06-22 20:00:00+00:00,185.19434,1.9881649
2025-06-22 21:00:00+00:00,159.44388,3.0758414
2025-06-22 22:00:00+00:00,143.74608,3.3481934
2025-06-22 23:00:00+00:00,143.97253,2.4482648
2025-06-23 00:00:00+00:00,128.65984,3.4576871
2025-06-23 01:00:00+00:00,177.95464,5.0432134
2025-06-23 02:00:00+00:00,137.72638,5.3517847
2025-06-23 03:00:00+00:00,159.62349,6.7205353
2025-06-23 04:00:00+00:00,180.0,5.9399996
2025-06-23 05:00:00+00:00,199.8553,6.889557
2025-06-23 06:00:00+00:00,212.6609,8.338489
2025-06-23 07:00:00+00:00,216.38445,8.4963045
2025-06-23 08:00:00+00:00,224.9999,7.6367526
2025-06-23 09:00:00+00:00,229.51407,9.703319
2025-06-23 10:00:00+00:00,234.83348,9.688281
2025-06-23 11:00:00+00:00,224.9999,9.418662
2025-06-23 12:00:00+00:00,191.6336,6.2483597
2025-06-23 13:00:00+00:00,186.3401,6.519877
2025-06-23 14:00:00+00:00,174.80566,3.9763298
2025-06-23 15:00:00+00:00,180.0,1.6199999
2025-06-23 16:00:00+00:00,99.46225,1.0948973
2025-06-23 17:00:00+00:00,33.6901,0.6489992
2025-06-23 18:00:00+00:00,37.875053,2.0523157
2025-06-23 19:00:00+00:00,36.86998,2.6999998
2025-06-23 20:00:00+00:00,37.875053,2.0523157
2025-06-23 21:00:00+00:00,41.63345,2.1674871
2025-06-23 22:00:00+00:00,40.601215,3.319036
2025-06-23 23:00:00+00:00,37.875053,2.0523157
2025-06-24 00:00:00+00:00,39.805527,1.4058449
2025-06-24 01:00:00+00:00,44.999897,0.25455844
2025-06-24 02:00:00+00:00,177.39749,3.964089
2025-06-24 03:00:00+00:00,191.30989,5.506941
2025-06-24 04:00:00+00:00,209.0545,7.4128532
2025-06-24 05:00:00+00:00,207.55272,9.339208
2025-06-24 06:00:00+00:00,206.0753,9.418661
2025-06-24 07:00:00+00:00,202.52061,7.989242
2025-06-24 08:00:00+00:00,213.6901,8.43699
2025-06-24 09:00:00+00:00,222.08908,7.519175
2025-06-24 10:00:00+00:00,229.68597,7.7900705
2025-06-24 11:00:00+00:00,209.0545,5.5596404
2025-06-24 12:00:00+00:00,210.0685,3.9518096
2025-06-24 13:00:00+00:00,213.6901,1.9469976
2025-06-24 14:00:00+00:00,206.56499,1.2074767
2025-06-24 15:00:00+00:00,206.56499,0.40249225
2025-06-24 16:00:00+00:00,43.451904,4.7110505
2025-06-24 17:00:00+00:00,38.157276,3.2048087
2025-06-24 18:00:00+00:00,37.568665,2.9522195
2025-06-24 19:00:00+00:00,35.217674,3.745557
2025-06-24 20:00:00+00:00,33.6901,3.244996
2025-06-24 21:00:00+00:00,31.607454,2.7475805
2025-06-24 22:00:00+00:00,33.6901,1.9469976
2025-06-24 23:00:00+00:00,36.86999,0.9
2025-06-25 00:00:00+00:00,36.86999,0.9
2025-06-25 01:00:00+00:00,41.185837,1.9134263
2025-06-25 02:00:00+00:00,188.53069,3.6402748
2025-06-25 03:00:00+00:00,193.57045,5.3699164
2025-06-25 04:00:00+00:00,216.02747,7.344794
2025-06-25 05:00:00+00:00,213.6901,7.7879906
2025-06-25 06:00:00+00:00,205.34613,7.5685663
2025-06-25 07:00:00+00:00,215.70677,7.0934615
2025-06-25 08:00:00+00:00,228.01286,7.2649574
2025-06-25 09:00:00+00:00,248.19853,9.693296
2025-06-25 10:00:00+00:00,253.55954,11.448055
2025-06-25 11:00:00+00:00,257.00537,14.408997
2025-06-25 12:00:00+00:00,268.6197,14.944336
2025-06-25 13:00:00+00:00,244.7989,6.763786
2025-06-25 14:00:00+00:00,241.69934,2.657668
2025-06-25 15:00:00+00:00,257.4712,1.659518
2025-06-25 16:00:00+00:00,213.6901,0.6489992
2025-06-25 17:00:00+00:00,194.03627,0.742159
2025-06-25 18:00:00+00:00,270.0,0.71999997
2025-06-25 19:00:00+00:00,224.9999,0.25455844
2025-06-25 20:00:00+00:00,90.0,0.71999997
2025-06-25 21:00:00+00:00,104.03627,0.742159
2025-06-25 22:00:00+00:00,65.22488,2.5772076
2025-06-25 23:00:00+00:00,63.435013,1.2074767
2025-06-26 00:00:00+00:00,180.0,0.54
2025-06-26 01:00:00+00:00,123.690094,0.6489992
2025-06-26 02:00:00+00:00,172.40544,2.7238941
2025-06-26 03:00:00+00:00,180.0,3.96
2025-06-26 04:00:00+00:00,182.60251,3.964089
2025-06-26 05:00:00+00:00,198.43504,4.5536795
2025-06-26 06:00:00+00:00,213.11136,4.942631
2025-06-26 07:00:00+00:00,210.96368,5.2478566
2025-06-26 08:00:00+00:00,207.47435,5.072041
2025-06-26 09:00:00+00:00,226.97493,7.386582
2025-06-26 10:00:00+00:00,253.81071,11.620809
2025-06-26 11:00:00+00:00,265.36462,13.363711
2025-06-26 12:00:00+00:00,263.08887,11.966953
2025-06-26 13:00:00+00:00,234.58286,9.939196
2025-06-26 14:00:00+00:00,224.9999,4.8366103
2025-06-26 15:00:00+00:00,259.9921,3.1072817
2025-06-26 16:00:00+00:00,284.03625,3.710795
2025-06-26 17:00:00+00:00,264.80566,1.9881649
2025-06-26 18:00:00+00:00,246.0375,1.7727944
2025-06-26 19:00:00+00:00,201.80147,0.9693296
2025-06-26 20:00:00+00:00,167.4712,1.659518
2025-06-26 21:00:00+00:00,150.2552,1.4512063
2025-06-26 22:00:00+00:00,141.34016,1.1525624
2025-06-26 23:00:00+00:00,161.56496,1.1384199
2025-06-27 00:00:00+00:00,96.340096,1.6299692
2025-06-27 01:00:00+00:00,164.74483,2.0523157
2025-06-27 02:00:00+00:00,139.08571,3.572898
2025-06-27 03:00:00+00:00,209.7448,2.9024127
2025-06-27 04:00:00+00:00,253.30067,5.637765
2025-06-27 05:00:00+00:00,270.0,7.5599995
2025-06-27 06:00:00+00:00,255.4655,5.020677
2025-06-27 07:00:00+00:00,255.96373,4.452954
2025-06-27 08:00:00+00:00,257.00537,4.802999
2025-06-27 09:00:00+00:00,280.6196,5.8603754
2025-06-27 10:00:00+00:00,301.60745,10.990322
2025-06-27 11:00:00+00:00,265.3014,13.184308
2025-06-27 12:00:00+00:00,298.4428,14.73913
2025-06-27 13:00:00+00:00,297.8972,13.849477
2025-06-27 14:00:00+00:00,300.57913,13.799087
2025-06-27 15:00:00+00:00,303.6901,8.43699
2025-06-27 16:00:00+00:00,311.3477,5.994297
2025-06-27 17:00:00+00:00,301.32864,4.846648
2025-06-27 18:00:00+00:00,270.0,1.26
2025-06-27 19:00:00+00:00,198.43504,0.56920993
2025-06-27 20:00:00+00:00,180.0,1.6199999
2025-06-27 21:00:00+00:00,137.72638,2.6758924
2025-06-27 22:00:00+00:00,105.52418,3.362677
2025-06-27 23:00:00+00:00,58.570484,3.7971041
2025-06-28 00:00:00+00:00,47.72637,2.6758924
2025-06-28 01:00:00+00:00,160.55988,3.244996
2025-06-28 02:00:00+00:00,169.3804,2.9301877
2025-06-28 03:00:00+00:00,168.23174,4.412754
2025-06-28 04:00:00+00:00,172.64772,5.6262593
2025-06-28 05:00:00+00:00,184.18483,7.3997297
2025-06-28 06:00:00+00:00,190.00792,9.321845
2025-06-28 07:00:00+00:00,190.43742,6.9550843
2025-06-28 08:00:00+00:00,197.10281,4.896529
2025-06-28 09:00:00+00:00,230.19447,5.6233797
2025-06-28 10:00:00+00:00,238.13406,7.841887
2025-06-28 11:00:00+00:00,233.3438,9.648067
2025-06-28 12:00:00+00:00,235.37578,9.187056
2025-06-28 13:00:00+00:00,227.29063,9.5535755
2025-06-28 14:00:00+00:00,209.35765,3.3043609
2025-06-28 15:00:00+00:00,189.46225,2.1897945
2025-06-28 16:00:00+00:00,206.56499,1.2074767
2025-06-28 17:00:00+00:00,194.03627,0.742159
2025-06-28 18:00:00+00:00,135.0001,1.0182338
2025-06-28 19:00:00+00:00,161.56496,0.56920993
2025-06-28 20:00:00+00:00,180.0,0.71999997
2025-06-28 21:00:00+00:00,180.0,0.54
2025-06-28 22:00:00+00:00,141.34016,1.1525624
2025-06-28 23:00:00+00:00,108.43504,1.1384199
2025-06-29 00:00:00+00:00,51.34017,1.1525624
2025-06-29 01:00:00+00:00,26.564985,0.40249225
2025-06-29 02:00:00+00:00,186.70975,3.0811036
2025-06-29 03:00:00+00:00,195.52417,3.362677
2025-06-29 04:00:00+00:00,199.17911,4.3832865
2025-06-29 05:00:00+00:00,206.56499,5.634891
2025-06-29 06:00:00+00:00,207.21602,7.0843205
2025-06-29 07:00:00+00:00,220.15593,7.5363917
2025-06-29 08:00:00+00:00,242.40279,8.936778
2025-06-29 09:00:00+00:00,260.04944,10.4166975
2025-06-29 10:00:00+00:00,272.68372,11.53265
2025-06-29 11:00:00+00:00,280.78424,15.39184
2025-06-29 12:00:00+00:00,281.18875,16.697365
2025-06-29 13:00:00+00:00,274.18484,14.799459
2025-06-29 14:00:00+00:00,275.19434,5.9644947
2025-06-29 15:00:00+00:00,259.1145,4.7657523
2025-06-29 16:00:00+00:00,255.96373,3.710795
2025-06-29 17:00:00+00:00,263.9911,3.438895
2025-06-29 18:00:00+00:00,246.0375,1.7727944
2025-06-29 19:00:00+00:00,224.9999,0.76367533
2025-06-29 20:00:00+00:00,206.56499,0.40249225
2025-06-29 21:00:00+00:00,194.03627,0.742159
2025-06-29 22:00:00+00:00,180.0,0.71999997
2025-06-29 23:00:00+00:00,120.96369,1.0495713
2025-06-30 00:00:00+00:00,77.4712,1.659518
2025-06-30 01:00:00+00:00,167.4712,1.659518
2025-06-30 02:00:00+00:00,154.7989,3.381893
2025-06-30 03:00:00+00:00,194.03627,2.968636
2025-06-30 04:00:00+00:00,218.15727,3.2048087
2025-06-30 05:00:00+00:00,214.50858,3.494968
2025-06-30 06:00:00+00:00,236.82147,5.5916004
2025-06-30 07:00:00+00:00,256.55136,8.513448
2025-06-30 08:00:00+00:00,277.76508,11.989945
2025-06-30 09:00:00+00:00,289.1198,14.288191
2025-06-30 10:00:00+00:00,292.71445,16.78156
2025-06-30 11:00:00+00:00,270.62274,16.560978
2025-06-30 12:00:00+00:00,276.98096,17.771753
2025-06-30 13:00:00+00:00,285.30618,17.728857
2025-06-30 14:00:00+00:00,259.69522,14.087228
2025-06-30 15:00:00+00:00,261.46933,7.2805495
2025-06-30 16:00:00+00:00,264.2895,3.6179552
2025-06-30 17:00:00+00:00,260.53775,2.1897945
2025-06-30 18:00:00+00:00,243.43501,1.609969
2025-06-30 19:00:00+00:00,224.9999,0.5091169
2025-06-30 20:00:00+00:00,153.43501,0.8049845
2025-06-30 21:00:00+00:00,97.12492,1.4512063
2025-06-30 22:00:00+00:00,104.03627,1.484318
2025-06-30 23:00:00+00:00,158.19853,0.9693296
2025-07-01 00:00:00+00:00,74.054535,1.3104197
2025-07-01 01:00:00+00:00,161.56496,0.56920993
2025-07-01 02:00:00+00:00,119.74479,2.9024127
2025-07-01 03:00:00+00:00,183.01273,3.4247334
2025-07-01 04:00:00+00:00,199.0257,5.5216303
2025-07-01 05:00:00+00:00,191.88864,6.9899354
2025-07-01 06:00:00+00:00,190.08054,8.227004
2025-07-01 07:00:00+00:00,198.00426,7.570707
2025-07-01 08:00:00+00:00,207.18103,7.4867883
2025-07-01 09:00:00+00:00,212.6609,8.338489
2025-07-01 10:00:00+00:00,207.5972,8.936778
2025-07-01 11:00:00+00:00,206.11385,10.223619
2025-07-01 12:00:00+00:00,218.36752,11.019764
2025-07-01 13:00:00+00:00,224.14499,8.528657
2025-07-01 14:00:00+00:00,185.19434,3.9763298
2025-07-01 15:00:00+00:00,180.0,1.98
2025-07-01 16:00:00+00:00,198.43504,0.56920993
2025-07-01 17:00:00+00:00,180.0,0.35999998
2025-07-01 18:00:00+00:00,90.0,0.35999998
2025-07-01 19:00:00+00:00,270.0,0.0
2025-07-01 20:00:00+00:00,44.999897,0.5091169
2025-07-01 21:00:00+00:00,56.309914,0.6489992
2025-07-01 22:00:00+00:00,135.0001,0.76367533
2025-07-01 23:00:00+00:00,73.300674,1.8792552
2025-07-02 00:00:00+00:00,49.76371,3.0652893
2025-07-02 01:00:00+00:00,108.43504,1.1384199
2025-07-02 02:00:00+00:00,143.61555,4.2481523
2025-07-02 03:00:00+00:00,162.25523,4.724786
2025-07-02 04:00:00+00:00,177.95464,5.0432134
2025-07-02 05:00:00+00:00,175.91446,5.0528407
2025-07-02 06:00:00+00:00,158.19853,3.8773184
2025-07-02 07:00:00+00:00,168.69011,2.7534704
2025-07-02 08:00:00+00:00,180.0,0.35999998
2025-07-02 09:00:00+00:00,264.09396,5.2478566
2025-07-02 10:00:00+00:00,280.71307,13.556282
2025-07-02 11:00:00+00:00,281.88864,13.979871
2025-07-02 12:00:00+00:00,245.17067,13.288341
2025-07-02 13:00:00+00:00,198.43504,7.968939
2025-07-02 14:00:00+00:00,226.97493,3.693291
2025-07-02 15:00:00+00:00,218.65984,1.1525624
2025-07-02 16:00:00+00:00,216.86998,0.9
2025-07-02 17:00:00+00:00,243.43501,0.8049845
2025-07-02 18:00:00+00:00,198.43504,0.56920993
2025-07-02 19:00:00+00:00,116.56499,0.8049845
2025-07-02 20:00:00+00:00,198.43504,0.56920993
2025-07-02 21:00:00+00:00,146.3099,0.6489992
2025-07-02 22:00:00+00:00,158.19853,0.9693296
2025-07-02 23:00:00+00:00,128.65984,1.1525624
2025-07-03 00:00:00+00:00,67.3801,2.3400002
2025-07-03 01:00:00+00:00,151.69934,2.657668
2025-07-03 02:00:00+00:00,136.8476,3.9477081
2025-07-03 03:00:00+00:00,180.0,4.86
2025-07-03 04:00:00+00:00,190.43742,6.9550843
2025-07-03 05:00:00+00:00,193.44862,8.513448
2025-07-03 06:00:00+00:00,205.27768,7.16617
2025-07-03 07:00:00+00:00,231.84273,6.4096174
2025-07-03 08:00:00+00:00,245.65892,8.297589
2025-07-03 09:00:00+00:00,245.34412,12.081473
2025-07-03 10:00:00+00:00,256.56897,12.399112
2025-07-03 11:00:00+00:00,262.8751,10.158444
2025-07-03 12:00:00+00:00,243.43501,6.8423676
2025-07-03 13:00:00+00:00,194.93147,2.7943513
2025-07-03 14:00:00+00:00,131.82008,4.5891175
2025-07-03 15:00:00+00:00,82.64771,5.6262593
2025-07-03 16:00:00+00:00,32.275623,4.0449967
2025-07-03 17:00:00+00:00,28.610369,4.510787
2025-07-03 18:00:00+00:00,32.005356,5.09435
2025-07-03 19:00:00+00:00,32.275623,4.0449967
2025-07-03 20:00:00+00:00,31.75944,4.4456716
2025-07-03 21:00:00+00:00,31.328646,4.846648
2025-07-03 22:00:00+00:00,31.328646,4.846648
2025-07-03 23:00:00+00:00,33.6901,4.542994
2025-07-04 00:00:00+00:00,35.537766,4.6452556
2025-07-04 01:00:00+00:00,34.592358,6.341009
2025-07-04 02:00:00+00:00,98.13002,2.5455842
2025-07-04 03:00:00+00:00,174.64427,5.7852573
2025-07-04 04:00:00+00:00,184.08554,7.579261
2025-07-04 05:00:00+00:00,188.65247,8.37532
2025-07-04 06:00:00+00:00,193.24052,9.430694
2025-07-04 07:00:00+00:00,194.5345,10.041354
2025-07-04 08:00:00+00:00,190.49142,9.885262
2025-07-04 09:00:00+00:00,184.28908,7.2202215
2025-07-04 10:00:00+00:00,160.0168,2.1068459
2025-07-04 11:00:00+00:00,18.435053,4.5536795
2025-07-04 12:00:00+00:00,303.6901,3.244996
2025-07-04 13:00:00+00:00,293.7495,4.91634
2025-07-04 14:00:00+00:00,270.0,0.9
2025-07-04 15:00:00+00:00,50.194473,1.4058449
2025-07-04 16:00:00+00:00,40.236294,6.1305785
2025-07-04 17:00:00+00:00,38.65983,5.7628117
2025-07-04 18:00:00+00:00,34.82457,5.0432134
2025-07-04 19:00:00+00:00,33.6901,5.1919937
2025-07-04 20:00:00+00:00,33.231728,6.2405767
2025-07-04 21:00:00+00:00,32.347424,6.391901
2025-07-04 22:00:00+00:00,32.195713,5.7431
2025-07-04 23:00:00+00:00,33.6901,5.1919937
2025-07-05 00:00:00+00:00,36.469334,5.1481256
2025-07-05 01:00:00+00:00,36.528946,6.048107
2025-07-05 02:00:00+00:00,106.38962,3.189608
2025-07-05 03:00:00+00:00,165.2564,7.072878
2025-07-05 04:00:00+00:00,177.39749,7.928178
2025-07-05 05:00:00+00:00,189.92618,7.3094187
2025-07-05 06:00:00+00:00,192.20045,6.8138976
2025-07-05 07:00:00+00:00,197.44728,6.603817
2025-07-05 08:00:00+00:00,194.03627,4.452954
2025-07-05 09:00:00+00:00,161.56496,2.2768397
2025-07-05 10:00:00+00:00,109.98319,4.2136917
2025-07-05 11:00:00+00:00,105.64231,4.6730714
2025-07-05 12:00:00+00:00,142.43134,2.9522195
2025-07-05 13:00:00+00:00,248.19853,0.9693296
2025-07-05 14:00:00+00:00,224.9999,0.76367533
2025-07-05 15:00:00+00:00,105.945465,1.3104197
2025-07-05 16:00:00+00:00,47.602623,5.6060677
2025-07-05 17:00:00+00:00,43.451904,4.7110505
2025-07-05 18:00:00+00:00,35.537766,4.6452556
2025-07-05 19:00:00+00:00,32.275623,4.0449967
2025-07-05 20:00:00+00:00,34.69522,2.8460495
2025-07-05 21:00:00+00:00,33.6901,3.8939953
2025-07-05 22:00:00+00:00,34.3804,4.143911
2025-07-05 23:00:00+00:00,35.837746,3.9966483
2025-07-06 00:00:00+00:00,28.810698,4.1085763
2025-07-06 01:00:00+00:00,36.38445,4.2481523
2025-07-06 02:00:00+00:00,66.801384,1.3708391
2025-07-06 03:00:00+00:00,198.43504,6.2613096
2025-07-06 04:00:00+00:00,192.20045,6.8138976
2025-07-06 05:00:00+00:00,185.85593,7.0568266
2025-07-06 06:00:00+00:00,183.73132,8.297589
2025-07-06 07:00:00+00:00,183.814,8.11798
2025-07-06 08:00:00+00:00,180.0,7.92
2025-07-06 09:00:00+00:00,171.15826,8.197414
2025-07-06 10:00:00+00:00,187.96953,9.087772
2025-07-06 11:00:00+00:00,211.4295,11.391313
2025-07-06 12:00:00+00:00,228.81418,5.7402787
2025-07-06 13:00:00+00:00,213.6901,1.2979984
2025-07-06 14:00:00+00:00,180.0,0.35999998
2025-07-06 15:00:00+00:00,29.054508,3.7064266
2025-07-06 16:00:00+00:00,353.88458,5.0688457
2025-07-06 17:00:00+00:00,310.76352,6.8919086
2025-07-06 18:00:00+00:00,318.57642,4.080882
2025-07-06 19:00:00+00:00,307.87503,2.0523157
2025-07-06 20:00:00+00:00,326.3099,0.6489992
2025-07-06 21:00:00+00:00,44.999897,0.25455844
2025-07-06 22:00:00+00:00,63.435013,0.40249225
2025-07-06 23:00:00+00:00,44.999897,0.76367533
2025-07-07 00:00:00+00:00,44.999897,0.5091169
2025-07-07 01:00:00+00:00,224.9999,0.5091169
2025-07-07 02:00:00+00:00,210.46547,3.550155
2025-07-07 03:00:00+00:00,216.15828,5.796447
2025-07-07 04:00:00+00:00,217.11694,8.3520775
2025-07-07 05:00:00+00:00,210.17343,8.953078
2025-07-07 06:00:00+00:00,208.14151,8.777654
2025-07-07 07:00:00+00:00,217.87505,8.209263
2025-07-07 08:00:00+00:00,238.46526,9.292255
2025-07-07 09:00:00+00:00,254.82703,11.003581
2025-07-07 10:00:00+00:00,272.77014,11.173057
2025-07-07 11:00:00+00:00,321.09586,13.184308
2025-07-07 12:00:00+00:00,315.0001,9.1641035
2025-07-07 13:00:00+00:00,211.60745,5.495161
2025-07-07 14:00:00+00:00,199.29015,3.8141315
2025-07-07 15:00:00+00:00,232.12495,2.0523157
2025-07-07 16:00:00+00:00,296.56497,7.6473517
2025-07-07 17:00:00+00:00,311.63345,6.502461
2025-07-07 18:00:00+00:00,329.03632,6.297428
2025-07-07 19:00:00+00:00,315.0001,2.2910259
2025-07-07 20:00:00+00:00,236.3099,0.6489992
2025-07-07 21:00:00+00:00,206.56499,0.40249225
2025-07-07 22:00:00+00:00,206.56499,0.40249225
2025-07-07 23:00:00+00:00,180.0,0.17999999
2025-07-08 00:00:00+00:00,52.124958,2.0523157
2025-07-08 01:00:00+00:00,173.6599,4.8899083
2025-07-08 02:00:00+00:00,153.43501,5.634891
2025-07-08 03:00:00+00:00,164.05453,5.2416787
2025-07-08 04:00:00+00:00,238.39255,2.7475805
2025-07-08 05:00:00+00:00,219.47243,3.9640884
2025-07-08 06:00:00+00:00,210.0685,3.9518096
2025-07-08 07:00:00+00:00,186.58185,4.7110505
2025-07-08 08:00:00+00:00,175.60138,4.6938252
2025-07-08 09:00:00+00:00,170.1665,13.701299
2025-07-08 10:00:00+00:00,243.94656,9.016185
2025-07-08 11:00:00+00:00,311.98712,2.4216523
2025-07-08 12:00:00+00:00,232.85323,7.4520864
2025-07-08 13:00:00+00:00,195.3956,12.882267
2025-07-08 14:00:00+00:00,119.953514,12.257194
2025-07-08 15:00:00+00:00,108.43504,8.538149
2025-07-08 16:00:00+00:00,132.5104,2.9301877
2025-07-08 17:00:00+00:00,82.875084,1.4512063
2025-07-08 18:00:00+00:00,140.19447,1.4058449
2025-07-08 19:00:00+00:00,135.0001,1.5273507
2025-07-08 20:00:00+00:00,155.55606,2.1749482
2025-07-08 21:00:00+00:00,100.30479,2.0124612
2025-07-08 22:00:00+00:00,248.19853,0.9693296
2025-07-08 23:00:00+00:00,86.423744,2.8856194
2025-07-09 00:00:00+00:00,135.0001,1.5273507
2025-07-09 01:00:00+00:00,180.0,2.16
2025-07-09 02:00:00+00:00,147.99466,3.396233
2025-07-09 03:00:00+00:00,174.80566,1.9881649
2025-07-09 04:00:00+00:00,171.02745,3.462369
2025-07-09 05:00:00+00:00,173.6599,3.2599385
2025-07-09 06:00:00+00:00,130.60121,3.319036
2025-07-09 07:00:00+00:00,147.38077,5.3426957
2025-07-09 08:00:00+00:00,162.47433,3.5864744
2025-07-09 09:00:00+00:00,226.2188,5.983477
2025-07-09 10:00:00+00:00,320.9374,15.995712
2025-07-09 11:00:00+00:00,241.29414,8.6193495
2025-07-09 12:00:00+00:00,245.15764,10.711135
2025-07-09 13:00:00+00:00,226.46873,9.931042
2025-07-09 14:00:00+00:00,151.38963,4.510787
2025-07-09 15:00:00+00:00,190.3048,6.037383
2025-07-09 16:00:00+00:00,103.49575,4.6277857
2025-07-09 17:00:00+00:00,152.35411,4.2671766
2025-07-09 18:00:00+00:00,100.30479,4.0249224
2025-07-09 19:00:00+00:00,130.60121,1.659518
2025-07-09 20:00:00+00:00,121.60746,2.7475805
2025-07-09 21:00:00+00:00,147.26479,2.995797
2025-07-09 22:00:00+00:00,66.037506,1.7727944
2025-07-09 23:00:00+00:00,74.054535,3.9312592
2025-07-10 00:00:00+00:00,66.037506,1.7727944
2025-07-10 01:00:00+00:00,92.86235,3.604497
2025-07-10 02:00:00+00:00,97.59455,5.4477882
2025-07-10 03:00:00+00:00,86.186005,2.7059932
2025-07-10 04:00:00+00:00,103.24053,3.143565
2025-07-10 05:00:00+00:00,187.12492,1.4512063
2025-07-10 06:00:00+00:00,246.0375,3.5455887
2025-07-10 07:00:00+00:00,293.1986,2.7416782
2025-07-10 08:00:00+00:00,313.0251,3.693291
2025-07-10 09:00:00+00:00,252.89719,4.896529
2025-07-10 10:00:00+00:00,342.3238,17.19165
2025-07-10 11:00:00+00:00,254.74483,4.1046314
2025-07-10 12:00:00+00:00,260.75397,7.841888
2025-07-10 13:00:00+00:00,174.2895,3.6179552
2025-07-10 14:00:00+00:00,115.906456,7.0038276
2025-07-10 15:00:00+00:00,106.85848,6.206738
2025-07-10 16:00:00+00:00,109.98319,4.2136917
2025-07-10 17:00:00+00:00,77.4712,4.9785542
2025-07-10 18:00:00+00:00,106.85848,6.206738
2025-07-10 19:00:00+00:00,104.62092,4.278551
2025-07-10 20:00:00+00:00,77.4712,3.319036
2025-07-10 21:00:00+00:00,87.27374,3.7842832
2025-07-10 22:00:00+00:00,79.380394,2.9301877
2025-07-10 23:00:00+00:00,68.19853,0.9693296
2025-07-11 00:00:00+00:00,44.999897,3.0547013
2025-07-11 01:00:00+00:00,46.54811,4.7110505
2025-07-11 02:00:00+00:00,97.12492,1.4512063
2025-07-11 03:00:00+00:00,192.09474,2.5772078
2025-07-11 04:00:00+00:00,227.4896,2.9301877
2025-07-11 05:00:00+00:00,224.9999,2.5455842
2025-07-11 06:00:00+00:00,284.47034,5.7628117
2025-07-11 07:00:00+00:00,284.4208,6.5049515
2025-07-11 08:00:00+00:00,288.43503,7.3997297
2025-07-11 09:00:00+00:00,277.9434,7.814986
2025-07-11 10:00:00+00:00,262.47626,9.6228485
2025-07-11 11:00:00+00:00,265.81516,7.3997297
2025-07-11 12:00:00+00:00,285.25516,6.1569467
2025-07-11 13:00:00+00:00,183.57626,2.8856194
2025-07-11 14:00:00+00:00,111.801476,2.907989
2025-07-11 15:00:00+00:00,104.03627,2.968636
2025-07-11 16:00:00+00:00,113.19862,1.3708391
2025-07-11 17:00:00+00:00,79.69521,2.0124612
2025-07-11 18:00:00+00:00,75.96373,0.742159
2025-07-11 19:00:00+00:00,90.0,0.35999998
2025-07-11 20:00:00+00:00,135.0001,0.25455844
2025-07-11 21:00:00+00:00,206.56499,0.40249225
2025-07-11 22:00:00+00:00,198.43504,0.56920993
2025-07-11 23:00:00+00:00,180.0,0.71999997
2025-07-12 00:00:00+00:00,153.43501,0.8049845
2025-07-12 01:00:00+00:00,15.255177,2.0523157
2025-07-12 02:00:00+00:00,180.0,0.71999997
2025-07-12 03:00:00+00:00,291.25058,3.4763772
2025-07-12 04:00:00+00:00,300.96368,7.3469996
2025-07-12 05:00:00+00:00,299.24872,10.315115
2025-07-12 06:00:00+00:00,295.01685,8.93859
2025-07-12 07:00:00+00:00,285.94547,3.9312592
2025-07-12 08:00:00+00:00,265.60138,2.3469126
2025-07-12 09:00:00+00:00,284.47034,5.7628117
2025-07-12 10:00:00+00:00,278.84174,8.197414
2025-07-12 11:00:00+00:00,286.60706,10.706595
2025-07-12 12:00:00+00:00,281.88864,10.484902
2025-07-12 13:00:00+00:00,272.04535,10.086427
2025-07-12 14:00:00+00:00,224.9999,3.0547013
2025-07-12 15:00:00+00:00,200.55612,1.5379207
2025-07-12 16:00:00+00:00,201.03758,2.5071096
2025-07-12 17:00:00+00:00,195.25517,2.0523157
2025-07-12 18:00:00+00:00,138.36655,4.3349743
2025-07-12 19:00:00+00:00,104.03627,5.195113
2025-07-12 20:00:00+00:00,131.63345,2.1674871
2025-07-12 21:00:00+00:00,168.69011,0.9178235
2025-07-12 22:00:00+00:00,224.9999,1.2727921
2025-07-12 23:00:00+00:00,339.44388,3.0758414
2025-07-13 00:00:00+00:00,277.1249,1.4512063
2025-07-13 01:00:00+00:00,224.9999,1.0182338
2025-07-13 02:00:00+00:00,216.02747,2.4482648
2025-07-13 03:00:00+00:00,224.9999,5.0911684
2025-07-13 04:00:00+00:00,233.42688,6.9480934
2025-07-13 05:00:00+00:00,205.27768,7.16617
2025-07-13 06:00:00+00:00,171.08516,9.292254
2025-07-13 07:00:00+00:00,153.86906,10.6261
2025-07-13 08:00:00+00:00,147.3391,8.338489
2025-07-13 09:00:00+00:00,156.29735,8.0599
2025-07-13 10:00:00+00:00,171.38443,6.0077944
2025-07-13 11:00:00+00:00,202.47948,5.6492476
2025-07-13 12:00:00+00:00,180.0,4.32
2025-07-13 13:00:00+00:00,165.96373,5.195113
2025-07-13 14:00:00+00:00,101.3099,3.671294
2025-07-13 15:00:00+00:00,90.0,1.4399999
2025-07-13 16:00:00+00:00,170.53775,1.0948973
2025-07-13 17:00:00+00:00,77.4712,1.659518
2025-07-13 18:00:00+00:00,60.255207,1.4512063
2025-07-13 19:00:00+00:00,150.2552,2.9024127
2025-07-13 20:00:00+00:00,81.86999,5.0911684
2025-07-13 21:00:00+00:00,135.0001,0.76367533
2025-07-13 22:00:00+00:00,44.999897,1.5273507
2025-07-13 23:00:00+00:00,26.564985,2.4149535
2025-07-14 00:00:00+00:00,303.6901,0.6489992
2025-07-14 01:00:00+00:00,75.96373,4.452954
2025-07-14 02:00:00+00:00,123.690094,2.5959969
2025-07-14 03:00:00+00:00,164.05453,1.3104197
2025-07-14 04:00:00+00:00,180.0,1.26
2025-07-14 05:00:00+00:00,233.13002,0.9
2025-07-14 06:00:00+00:00,180.0,2.6999998
2025-07-14 07:00:00+00:00,203.19862,2.7416782
2025-07-14 08:00:00+00:00,186.1154,5.0688457
2025-07-14 09:00:00+00:00,162.25523,9.449572
2025-07-14 10:00:00+00:00,122.34742,6.391901
2025-07-14 11:00:00+00:00,234.29321,7.0934615
2025-07-14 12:00:00+00:00,308.8845,7.1684303
2025-07-14 13:00:00+00:00,170.31128,7.486788
2025-07-14 14:00:00+00:00,116.56499,4.4274144
2025-07-14 15:00:00+00:00,137.86247,5.0975285
2025-07-14 16:00:00+00:00,138.57643,4.080882
2025-07-14 17:00:00+00:00,105.25517,4.1046314
2025-07-14 18:00:00+00:00,126.86999,4.5
2025-07-14 19:00:00+00:00,128.65984,3.4576871
2025-07-14 20:00:00+00:00,114.44395,4.3498964
2025-07-14 21:00:00+00:00,98.13002,2.5455842
2025-07-14 22:00:00+00:00,76.75947,3.143565
2025-07-14 23:00:00+00:00,71.564964,2.8460498
2025-07-15 00:00:00+00:00,246.80138,1.3708391
2025-07-15 01:00:00+00:00,98.13002,3.8183763
2025-07-15 02:00:00+00:00,103.24053,3.143565
2025-07-15 03:00:00+00:00,114.775116,2.5772076
2025-07-15 04:00:00+00:00,169.3804,2.9301877
2025-07-15 05:00:00+00:00,182.4895,4.143911
2025-07-15 06:00:00+00:00,214.3804,4.143911
2025-07-15 07:00:00+00:00,213.6901,5.8409934
2025-07-15 08:00:00+00:00,195.25517,4.1046314
2025-07-15 09:00:00+00:00,188.13002,3.8183763
2025-07-15 10:00:00+00:00,236.7251,6.889557
2025-07-15 11:00:00+00:00,237.84773,7.44121
2025-07-15 12:00:00+00:00,170.21767,5.297018
2025-07-15 13:00:00+00:00,161.56496,6.830519
2025-07-15 14:00:00+00:00,159.67677,5.1826253
2025-07-15 15:00:00+00:00,126.86998,2.6999998
2025-07-15 16:00:00+00:00,153.43501,4.0249224
2025-07-15 17:00:00+00:00,139.76372,3.0652893
2025-07-15 18:00:00+00:00,127.40543,3.8521678
2025-07-15 19:00:00+00:00,123.6901,3.8939953
2025-07-15 20:00:00+00:00,50.194473,2.8116899
2025-07-15 21:00:00+00:00,75.96373,0.742159
2025-07-15 22:00:00+00:00,44.999897,0.5091169
2025-07-15 23:00:00+00:00,32.471172,2.3469129
2025-07-16 00:00:00+00:00,14.931467,2.7943513
2025-07-16 01:00:00+00:00,19.440128,3.244996
2025-07-16 02:00:00+00:00,150.9455,3.7064266
2025-07-16 03:00:00+00:00,140.19447,4.2175345
2025-07-16 04:00:00+00:00,158.19853,3.8773184
2025-07-16 05:00:00+00:00,173.6599,3.2599385
2025-07-16 06:00:00+00:00,197.10281,2.4482646
2025-07-16 07:00:00+00:00,201.80147,2.907989
2025-07-16 08:00:00+00:00,214.50858,3.494968
2025-07-16 09:00:00+00:00,244.65387,3.7842832
2025-07-16 10:00:00+00:00,252.07199,6.4323244
2025-07-16 11:00:00+00:00,295.40768,7.970972
2025-07-16 12:00:00+00:00,278.36578,12.371645
2025-07-16 13:00:00+00:00,303.9591,10.63372
2025-07-16 14:00:00+00:00,281.3099,0.9178235
2025-07-16 15:00:00+00:00,198.43504,0.56920993
2025-07-16 16:00:00+00:00,180.0,2.34
2025-07-16 17:00:00+00:00,139.08571,3.572898
2025-07-16 18:00:00+00:00,159.44388,1.5379207
2025-07-16 19:00:00+00:00,126.86999,1.8
2025-07-16 20:00:00+00:00,108.43504,1.7076298
2025-07-16 21:00:00+00:00,90.0,1.08
2025-07-16 22:00:00+00:00,32.005356,1.6981165
2025-07-16 23:00:00+00:00,36.86999,1.8
2025-07-17 00:00:00+00:00,36.027473,2.4482648
2025-07-17 01:00:00+00:00,33.023872,4.293669
2025-07-17 02:00:00+00:00,141.84273,3.2048087
2025-07-17 03:00:00+00:00,164.47583,3.362677
2025-07-17 04:00:00+00:00,184.57384,4.514377
2025-07-17 05:00:00+00:00,188.74608,4.73506
2025-07-17 06:00:00+00:00,201.80147,3.8773184
2025-07-17 07:00:00+00:00,205.4633,4.186693
2025-07-17 08:00:00+00:00,226.33215,5.4744864
2025-07-17 09:00:00+00:00,254.24875,7.293888
2025-07-17 10:00:00+00:00,273.3018,9.375563
2025-07-17 11:00:00+00:00,277.59454,16.343367
2025-07-17 12:00:00+00:00,298.1561,14.49531
2025-07-17 13:00:00+00:00,285.17297,11.003581
2025-07-17 14:00:00+00:00,330.9455,7.4128532
2025-07-17 15:00:00+00:00,296.56497,6.439876
2025-07-17 16:00:00+00:00,301.75943,4.4456716
2025-07-17 17:00:00+00:00,274.08554,2.5264204
2025-07-17 18:00:00+00:00,280.30478,2.0124612
2025-07-17 19:00:00+00:00,260.53775,1.0948973
2025-07-17 20:00:00+00:00,158.19853,0.9693296
2025-07-17 21:00:00+00:00,90.0,0.54
2025-07-17 22:00:00+00:00,315.0001,0.5091169
2025-07-17 23:00:00+00:00,161.56496,0.56920993
2025-07-18 00:00:00+00:00,44.999897,0.5091169
2025-07-18 01:00:00+00:00,86.423744,2.8856194
2025-07-18 02:00:00+00:00,199.09358,4.952453
2025-07-18 03:00:00+00:00,208.88649,5.9617786
2025-07-18 04:00:00+00:00,208.49554,7.1684303
2025-07-18 05:00:00+00:00,210.25635,7.5019197
2025-07-18 06:00:00+00:00,205.1148,6.361415
2025-07-18 07:00:00+00:00,193.62701,6.1120534
2025-07-18 08:00:00+00:00,186.58185,4.7110505
2025-07-18 09:00:00+00:00,119.4758,14.266632
2025-07-18 10:00:00+00:00,279.86575,8.4042845
2025-07-18 11:00:00+00:00,242.78397,7.0843205
2025-07-18 12:00:00+00:00,125.537766,1.5484185
2025-07-18 13:00:00+00:00,174.95764,6.1437774
2025-07-18 14:00:00+00:00,112.833694,3.710795
2025-07-18 15:00:00+00:00,96.84268,4.5322843
2025-07-18 16:00:00+00:00,74.054535,3.9312592
2025-07-18 17:00:00+00:00,83.15732,4.5322843
2025-07-18 18:00:00+00:00,139.39879,1.659518
2025-07-18 19:00:00+00:00,126.86999,3.6
2025-07-18 20:00:00+00:00,146.3099,1.9469976
2025-07-18 21:00:00+00:00,161.56496,3.9844694
2025-07-18 22:00:00+00:00,169.99208,3.1072817
2025-07-18 23:00:00+00:00,191.30989,0.9178235
2025-07-19 00:00:00+00:00,243.43501,0.40249225
2025-07-19 01:00:00+00:00,183.814,2.7059932
2025-07-19 02:00:00+00:00,191.88864,3.4949677
2025-07-19 03:00:00+00:00,195.94547,3.9312592
2025-07-19 04:00:00+00:00,195.6423,4.6730714
2025-07-19 05:00:00+00:00,175.42616,4.514377
2025-07-19 06:00:00+00:00,199.65392,2.6758924
2025-07-19 07:00:00+00:00,224.9999,4.8366103
2025-07-19 08:00:00+00:00,229.18501,5.2323985
2025-07-19 09:00:00+00:00,224.9999,4.3274937
2025-07-19 10:00:00+00:00,213.6901,3.8939953
2025-07-19 11:00:00+00:00,243.43501,15.2947035
2025-07-19 12:00:00+00:00,324.3235,8.641874
2025-07-19 13:00:00+00:00,206.56499,0.40249225
2025-07-19 14:00:00+00:00,30.963696,2.0991426
2025-07-19 15:00:00+00:00,74.3577,4.6730714
2025-07-19 16:00:00+00:00,100.491425,4.942631
2025-07-19 17:00:00+00:00,84.55976,3.7971036
2025-07-19 18:00:00+00:00,49.398785,1.659518
2025-07-19 19:00:00+00:00,63.435013,0.8049845
2025-07-19 20:00:00+00:00,81.86999,1.2727921
2025-07-19 21:00:00+00:00,79.69521,2.0124612
2025-07-19 22:00:00+00:00,191.30989,0.9178235
2025-07-19 23:00:00+00:00,158.19853,0.9693296
2025-07-20 00:00:00+00:00,206.56499,1.2074767
2025-07-20 01:00:00+00:00,139.08571,3.572898
2025-07-20 02:00:00+00:00,159.22766,5.5829024
2025-07-20 03:00:00+00:00,176.42374,5.771239
2025-07-20 04:00:00+00:00,197.24155,5.4656014
2025-07-20 05:00:00+00:00,213.17853,5.5916004
2025-07-20 06:00:00+00:00,229.23648,6.8919086
2025-07-20 07:00:00+00:00,223.87679,6.4924874
2025-07-20 08:00:00+00:00,170.21767,5.297018
2025-07-20 09:00:00+00:00,232.12495,6.156947
2025-07-20 10:00:00+00:00,311.49637,6.248359
2025-07-20 11:00:00+00:00,247.1663,3.710795
2025-07-20 12:00:00+00:00,289.1791,8.766573
2025-07-20 13:00:00+00:00,273.87845,10.644379
2025-07-20 14:00:00+00:00,286.38962,3.189608
2025-07-20 15:00:00+00:00,335.22488,2.5772076
2025-07-20 16:00:00+00:00,350.53775,1.0948973
2025-07-20 17:00:00+00:00,224.9999,0.76367533
2025-07-20 18:00:00+00:00,180.0,0.54
2025-07-20 19:00:00+00:00,108.43504,1.1384199
2025-07-20 20:00:00+00:00,101.3099,1.835647
2025-07-20 21:00:00+00:00,78.6901,3.671294
2025-07-20 22:00:00+00:00,71.564964,1.1384199
2025-07-20 23:00:00+00:00,104.03627,1.484318
2025-07-21 00:00:00+00:00,146.3099,1.2979984
2025-07-21 01:00:00+00:00,130.91429,3.572898
2025-07-21 02:00:00+00:00,169.99208,6.2145634
2025-07-21 03:00:00+00:00,180.0,5.9399996
2025-07-21 04:00:00+00:00,204.90474,5.5567255
2025-07-21 05:00:00+00:00,221.49637,6.248359
2025-07-21 06:00:00+00:00,227.29063,6.3690495
2025-07-21 07:00:00+00:00,243.43501,6.8423676
2025-07-21 08:00:00+00:00,273.17978,9.734988
2025-07-21 09:00:00+00:00,348.3664,12.496719
2025-07-21 10:00:00+00:00,315.72513,10.055864
2025-07-21 11:00:00+00:00,284.8265,6.330782
2025-07-21 12:00:00+00:00,10.491434,14.827893
2025-07-21 13:00:00+00:00,15.42223,5.4149795
2025-07-21 14:00:00+00:00,243.43501,0.40249225
2025-07-21 15:00:00+00:00,213.6901,0.6489992
2025-07-21 16:00:00+00:00,248.19853,0.9693296
2025-07-21 17:00:00+00:00,224.9999,0.76367533
2025-07-21 18:00:00+00:00,190.3048,2.0124612
2025-07-21 19:00:00+00:00,206.56499,0.8049845
2025-07-21 20:00:00+00:00,114.775116,2.5772076
2025-07-21 21:00:00+00:00,96.11541,5.0688457
2025-07-21 22:00:00+00:00,108.43504,2.8460498
2025-07-21 23:00:00+00:00,119.05451,1.8532133
2025-07-22 00:00:00+00:00,63.435013,1.609969
2025-07-22 01:00:00+00:00,236.3099,0.6489992
2025-07-22 02:00:00+00:00,224.9999,4.5820518
2025-07-22 03:00:00+00:00,175.03035,4.1556225
2025-07-22 04:00:00+00:00,215.83774,3.9966483
2025-07-22 05:00:00+00:00,236.3099,4.542994
2025-07-22 06:00:00+00:00,245.85446,5.7204895
2025-07-22 07:00:00+00:00,204.62355,4.7521367
2025-07-22 08:00:00+00:00,270.0,2.52
2025-07-22 09:00:00+00:00,156.2505,4.91634
2025-07-22 10:00:00+00:00,258.40784,7.1661706
2025-07-22 11:00:00+00:00,277.90707,6.542201
2025-07-22 12:00:00+00:00,224.9999,4.3274937
2025-07-22 13:00:00+00:00,149.03632,4.198285
2025-07-22 14:00:00+00:00,171.02745,3.462369
2025-07-22 15:00:00+00:00,153.43501,4.4274144
2025-07-22 16:00:00+00:00,138.17992,4.5891175
2025-07-22 17:00:00+00:00,137.72638,2.6758924
2025-07-22 18:00:00+00:00,158.96242,2.5071096
2025-07-22 19:00:00+00:00,180.0,1.6199999
2025-07-22 20:00:00+00:00,191.30989,0.9178235
2025-07-22 21:00:00+00:00,270.0,0.0
2025-07-22 22:00:00+00:00,77.00539,2.4014995
2025-07-22 23:00:00+00:00,126.86999,1.8
2025-07-23 00:00:00+00:00,146.3099,0.6489992
2025-07-23 01:00:00+00:00,17.744766,4.724786
2025-07-23 02:00:00+00:00,115.20109,3.381893
2025-07-23 03:00:00+00:00,128.65984,5.7628117
2025-07-23 04:00:00+00:00,137.29063,6.3690495
2025-07-23 05:00:00+00:00,135.0001,5.854844
2025-07-23 06:00:00+00:00,145.1246,7.2403865
2025-07-23 07:00:00+00:00,168.69011,8.260411
2025-07-23 08:00:00+00:00,169.04597,5.6835546
2025-07-23 09:00:00+00:00,231.58191,6.6624317
2025-07-23 10:00:00+00:00,261.3269,10.742848
2025-07-23 11:00:00+00:00,244.20403,11.995349
2025-07-23 12:00:00+00:00,235.84026,12.181624
2025-07-23 13:00:00+00:00,279.68872,7.486788
2025-07-23 14:00:00+00:00,246.19405,6.689125
2025-07-23 15:00:00+00:00,233.13002,1.8
2025-07-23 16:00:00+00:00,246.3706,3.143565
2025-07-23 17:00:00+00:00,218.15727,3.2048087
2025-07-23 18:00:00+00:00,224.9999,2.5455842
2025-07-23 19:00:00+00:00,191.30989,1.835647
2025-07-23 20:00:00+00:00,165.96373,0.742159
2025-07-23 21:00:00+00:00,128.65984,1.1525624
2025-07-23 22:00:00+00:00,155.55606,2.1749482
2025-07-23 23:00:00+00:00,143.13002,2.6999998
2025-07-24 00:00:00+00:00,74.74483,2.0523157
2025-07-24 01:00:00+00:00,52.3057,5.004518
2025-07-24 02:00:00+00:00,165.96373,2.968636
2025-07-24 03:00:00+00:00,141.7098,4.3573384
2025-07-24 04:00:00+00:00,153.43501,4.0249224
2025-07-24 05:00:00+00:00,158.74942,3.4763772
2025-07-24 06:00:00+00:00,235.0079,2.19718
2025-07-24 07:00:00+00:00,232.43134,2.9522195
2025-07-24 08:00:00+00:00,260.53775,2.1897945
2025-07-24 09:00:00+00:00,264.95764,12.287555
2025-07-24 10:00:00+00:00,296.56497,6.8423676
2025-07-24 11:00:00+00:00,267.45526,8.107996
2025-07-24 12:00:00+00:00,264.93646,14.275713
2025-07-24 13:00:00+00:00,254.05453,3.9312592
2025-07-24 14:00:00+00:00,192.99461,2.4014995
2025-07-24 15:00:00+00:00,213.6901,1.2979984
2025-07-24 16:00:00+00:00,224.9999,1.0182338
2025-07-24 17:00:00+00:00,224.9999,0.25455844
2025-07-24 18:00:00+00:00,153.43501,0.40249225
2025-07-24 19:00:00+00:00,56.309914,1.2979984
2025-07-24 20:00:00+00:00,206.56499,0.8049845
2025-07-24 21:00:00+00:00,315.0001,0.25455844
2025-07-24 22:00:00+00:00,168.69011,0.9178235
2025-07-24 23:00:00+00:00,191.30989,0.9178235
2025-07-25 00:00:00+00:00,90.0,0.54
2025-07-25 01:00:00+00:00,63.435013,1.609969
2025-07-25 02:00:00+00:00,160.0168,4.2136917
2025-07-25 03:00:00+00:00,149.03632,4.198285
2025-07-25 04:00:00+00:00,151.1893,4.1085763
2025-07-25 05:00:00+00:00,180.0,2.52
2025-07-25 06:00:00+00:00,198.43504,3.9844694
2025-07-25 07:00:00+00:00,171.86998,6.3639607
2025-07-25 08:00:00+00:00,144.86572,5.9427266
2025-07-25 09:00:00+00:00,213.6901,1.9469976
2025-07-25 10:00:00+00:00,288.43503,14.230248
2025-07-25 11:00:00+00:00,311.63345,10.837435
2025-07-25 12:00:00+00:00,278.25934,11.276968
2025-07-25 13:00:00+00:00,274.96964,8.311245
2025-07-25 14:00:00+00:00,276.3401,4.8899083
2025-07-25 15:00:00+00:00,296.56497,2.4149535
2025-07-25 16:00:00+00:00,206.56499,1.2074767
2025-07-25 17:00:00+00:00,206.56499,0.8049845
2025-07-25 18:00:00+00:00,33.6901,0.6489992
2025-07-25 19:00:00+00:00,26.564985,1.609969
2025-07-25 20:00:00+00:00,63.435013,0.40249225
2025-07-25 21:00:00+00:00,191.30989,0.9178235
2025-07-25 22:00:00+00:00,153.43501,0.40249225
2025-07-25 23:00:00+00:00,37.875053,2.0523157
2025-07-26 00:00:00+00:00,41.63345,2.1674871
2025-07-26 01:00:00+00:00,341.56494,1.1384199
2025-07-26 02:00:00+00:00,227.12111,3.4388947
2025-07-26 03:00:00+00:00,201.37068,4.445672
2025-07-26 04:00:00+00:00,210.57915,4.599695
2025-07-26 05:00:00+00:00,256.60748,3.8856654
2025-07-26 06:00:00+00:00,274.76355,6.5024605
2025-07-26 07:00:00+00:00,268.36346,6.302571
2025-07-26 08:00:00+00:00,277.69595,6.7205353
2025-07-26 09:00:00+00:00,277.1249,7.256032
2025-07-26 10:00:00+00:00,285.1541,8.951267
2025-07-26 11:00:00+00:00,288.43503,7.968939
2025-07-26 12:00:00+00:00,292.01132,9.12513
2025-07-26 13:00:00+00:00,267.6141,4.323748
2025-07-26 14:00:00+00:00,153.43501,0.8049845
2025-07-26 15:00:00+00:00,96.70974,3.0811036
2025-07-26 16:00:00+00:00,168.69011,0.9178235
2025-07-26 17:00:00+00:00,243.43501,0.40249225
2025-07-26 18:00:00+00:00,33.6901,0.6489992
2025-07-26 19:00:00+00:00,30.963696,1.0495713
2025-07-26 20:00:00+00:00,360.0,0.35999998
2025-07-26 21:00:00+00:00,270.0,0.0
2025-07-26 22:00:00+00:00,36.86999,0.9
2025-07-26 23:00:00+00:00,348.6901,0.9178235
2025-07-27 00:00:00+00:00,18.435053,1.7076298
2025-07-27 01:00:00+00:00,338.19852,1.9386592
2025-07-27 02:00:00+00:00,281.76825,4.412754
2025-07-27 03:00:00+00:00,255.5792,6.5049515
2025-07-27 04:00:00+00:00,259.3804,5.8603754
2025-07-27 05:00:00+00:00,238.24055,4.4456716
2025-07-27 06:00:00+00:00,232.69597,4.752136
2025-07-27 07:00:00+00:00,232.43134,2.9522195
2025-07-27 08:00:00+00:00,248.19853,5.815978
2025-07-27 09:00:00+00:00,260.9098,9.114471
2025-07-27 10:00:00+00:00,283.32455,7.029225
2025-07-27 11:00:00+00:00,277.72174,10.717182
2025-07-27 12:00:00+00:00,277.1249,5.8048253
2025-07-27 13:00:00+00:00,278.53067,3.6402748
2025-07-27 14:00:00+00:00,71.564964,3.9844694
2025-07-27 15:00:00+00:00,185.7105,1.8089776
2025-07-27 16:00:00+00:00,206.56499,0.8049845
2025-07-27 17:00:00+00:00,26.564985,0.40249225
2025-07-27 18:00:00+00:00,40.236294,3.0652893
2025-07-27 19:00:00+00:00,44.999897,1.5273507
2025-07-27 20:00:00+00:00,44.999897,1.0182338
2025-07-27 21:00:00+00:00,41.185837,1.9134263
2025-07-27 22:00:00+00:00,63.435013,1.2074767
2025-07-27 23:00:00+00:00,270.0,0.35999998
2025-07-28 00:00:00+00:00,33.6901,0.6489992
2025-07-28 01:00:00+00:00,33.6901,0.6489992
2025-07-28 02:00:00+00:00,248.19853,1.9386592
2025-07-28 03:00:00+00:00,206.56499,3.62243
2025-07-28 04:00:00+00:00,207.75845,3.8647635
2025-07-28 05:00:00+00:00,231.34016,4.6102495
2025-07-28 06:00:00+00:00,249.77505,7.289444
2025-07-28 07:00:00+00:00,258.9591,7.519175
2025-07-28 08:00:00+00:00,267.0644,7.029225
2025-07-28 09:00:00+00:00,272.86234,7.208994
2025-07-28 10:00:00+00:00,303.36636,8.836514
2025-07-28 11:00:00+00:00,285.81924,11.225132
2025-07-28 12:00:00+00:00,263.23392,10.694485
2025-07-28 13:00:00+00:00,255.61856,7.247096
2025-07-28 14:00:00+00:00,215.53777,1.5484185
2025-07-28 15:00:00+00:00,210.96368,1.0495713
2025-07-28 16:00:00+00:00,251.56496,0.56920993
2025-07-28 17:00:00+00:00,270.0,0.0
2025-07-28 18:00:00+00:00,108.43504,0.56920993
2025-07-28 19:00:00+00:00,63.435013,0.40249225
2025-07-28 20:00:00+00:00,44.999897,0.25455844
2025-07-28 21:00:00+00:00,44.999897,1.2727921
2025-07-28 22:00:00+00:00,36.86999,0.9
2025-07-28 23:00:00+00:00,44.999897,0.25455844
2025-07-29 00:00:00+00:00,26.564985,0.8049845
2025-07-29 01:00:00+00:00,44.999897,0.5091169
2025-07-29 02:00:00+00:00,229.39879,3.319036
2025-07-29 03:00:00+00:00,203.7495,4.91634
2025-07-29 04:00:00+00:00,221.18582,5.7402787
2025-07-29 05:00:00+00:00,239.53453,7.10031
2025-07-29 06:00:00+00:00,246.0375,7.0911775
2025-07-29 07:00:00+00:00,257.00537,7.2044983
2025-07-29 08:00:00+00:00,274.08554,7.579261
2025-07-29 09:00:00+00:00,271.0416,9.901636
2025-07-29 10:00:00+00:00,284.03625,8.905908
2025-07-29 11:00:00+00:00,279.78235,10.594036
2025-07-29 12:00:00+00:00,275.38922,9.582359
2025-07-29 13:00:00+00:00,259.1145,9.531505
2025-07-29 14:00:00+00:00,224.9999,1.5273507
2025-07-29 15:00:00+00:00,219.80553,1.4058449
2025-07-29 16:00:00+00:00,224.9999,2.8001428
2025-07-29 17:00:00+00:00,215.53777,1.5484185
2025-07-29 18:00:00+00:00,195.25517,2.0523157
2025-07-29 19:00:00+00:00,180.0,2.34
2025-07-29 20:00:00+00:00,151.92761,3.06
2025-07-29 21:00:00+00:00,165.96373,5.195113
2025-07-29 22:00:00+00:00,131.98714,2.4216523
2025-07-29 23:00:00+00:00,161.56496,1.7076298
2025-07-30 00:00:00+00:00,98.530685,3.6402748
2025-07-30 01:00:00+00:00,53.530666,5.1481256
2025-07-30 02:00:00+00:00,149.03632,1.0495713
2025-07-30 03:00:00+00:00,143.13002,0.9
2025-07-30 04:00:00+00:00,224.9999,1.2727921
2025-07-30 05:00:00+00:00,207.89717,3.4623692
2025-07-30 06:00:00+00:00,235.30478,2.8460495
2025-07-30 07:00:00+00:00,259.69522,6.037383
2025-07-30 08:00:00+00:00,283.34872,10.914888
2025-07-30 09:00:00+00:00,286.47696,13.327294
2025-07-30 10:00:00+00:00,282.7453,15.501959
2025-07-30 11:00:00+00:00,292.24908,12.835653
2025-07-30 12:00:00+00:00,275.092,18.252037
2025-07-30 13:00:00+00:00,272.6025,11.892265
2025-07-30 14:00:00+00:00,299.0545,7.4128532
2025-07-30 15:00:00+00:00,194.03627,1.484318
2025-07-30 16:00:00+00:00,151.38963,2.2553935
2025-07-30 17:00:00+00:00,138.81418,3.8268526
2025-07-30 18:00:00+00:00,74.47583,3.362677
2025-07-30 19:00:00+00:00,65.55606,2.1749482
2025-07-30 20:00:00+00:00,57.528828,2.3469129
2025-07-30 21:00:00+00:00,44.999897,1.2727921
2025-07-30 22:00:00+00:00,63.435013,1.2074767
2025-07-30 23:00:00+00:00,60.255207,1.4512063
2025-07-31 00:00:00+00:00,38.157276,3.2048087
2025-07-31 01:00:00+00:00,42.709366,3.1845248
2025-07-31 02:00:00+00:00,158.19853,1.9386592
2025-07-31 03:00:00+00:00,190.3048,2.0124612
2025-07-31 04:00:00+00:00,199.29015,3.8141315
2025-07-31 05:00:00+00:00,212.00534,3.396233
2025-07-31 06:00:00+00:00,241.92761,3.06
2025-07-31 07:00:00+00:00,264.95764,6.1437774
2025-07-31 08:00:00+00:00,253.85559,7.1208143
2025-07-31 09:00:00+00:00,258.6901,7.342588
2025-07-31 10:00:00+00:00,259.33026,12.638512
2025-07-31 11:00:00+00:00,278.42688,9.826088
2025-07-31 12:00:00+00:00,280.08054,8.227004
2025-07-31 13:00:00+00:00,231.7098,4.3573384
2025-07-31 14:00:00+00:00,141.34016,3.4576871
2025-07-31 15:00:00+00:00,112.61991,4.6800003
2025-07-31 16:00:00+00:00,79.50858,4.942631
2025-07-31 17:00:00+00:00,54.782326,3.745557
2025-07-31 18:00:00+00:00,135.0001,1.0182338
2025-07-31 19:00:00+00:00,180.0,0.71999997
2025-07-31 20:00:00+00:00,123.690094,1.2979984
2025-07-31 21:00:00+00:00,69.44387,1.5379207
2025-07-31 22:00:00+00:00,44.999897,1.781909
2025-07-31 23:00:00+00:00,34.286938,4.7928696
2025-08-01 00:00:00+00:00,36.027473,2.4482648
2025-08-01 01:00:00+00:00,315.0001,0.25455844
2025-08-01 02:00:00+00:00,122.00535,1.6981165
2025-08-01 03:00:00+00:00,169.6952,2.0124612
2025-08-01 04:00:00+00:00,197.10281,2.4482646
2025-08-01 05:00:00+00:00,194.03627,3.710795
2025-08-01 06:00:00+00:00,182.72626,3.7842832
2025-08-01 07:00:00+00:00,192.09474,2.5772078
2025-08-01 08:00:00+00:00,203.49858,4.514377
2025-08-01 09:00:00+00:00,185.04236,6.1437774
2025-08-01 10:00:00+00:00,182.60251,3.964089
2025-08-01 11:00:00+00:00,198.43504,3.4152596
2025-08-01 12:00:00+00:00,220.60121,3.319036
2025-08-01 13:00:00+00:00,155.55606,4.3498964
2025-08-01 14:00:00+00:00,129.55963,5.369916
2025-08-01 15:00:00+00:00,109.440125,6.489992
2025-08-01 16:00:00+00:00,93.012726,3.4247334
2025-08-01 17:00:00+00:00,67.16631,3.710795
2025-08-01 18:00:00+00:00,87.27374,3.7842832
2025-08-01 19:00:00+00:00,57.99466,3.396233
2025-08-01 20:00:00+00:00,53.972538,2.4482648
2025-08-01 21:00:00+00:00,44.999897,3.0547013
2025-08-01 22:00:00+00:00,49.76371,3.0652893
2025-08-01 23:00:00+00:00,49.76371,3.0652893
2025-08-02 00:00:00+00:00,66.37061,3.143565
2025-08-02 01:00:00+00:00,48.814175,3.8268526
2025-08-02 02:00:00+00:00,90.0,4.68
2025-08-02 03:00:00+00:00,133.26433,4.2021427
2025-08-02 04:00:00+00:00,163.0724,4.327493
2025-08-02 05:00:00+00:00,162.89719,2.4482646
2025-08-02 06:00:00+00:00,201.25058,3.4763772
2025-08-02 07:00:00+00:00,302.00534,6.792466
2025-08-02 08:00:00+00:00,331.55716,4.913044
2025-08-02 09:00:00+00:00,281.88864,3.4949677
2025-08-02 10:00:00+00:00,257.19574,4.060985
2025-08-02 11:00:00+00:00,263.88458,5.0688457
2025-08-02 12:00:00+00:00,224.9999,2.2910259
2025-08-02 13:00:00+00:00,140.19447,4.2175345
2025-08-02 14:00:00+00:00,79.69521,4.0249224
2025-08-02 15:00:00+00:00,153.43501,0.40249225
2025-08-02 16:00:00+00:00,69.775055,3.644722
2025-08-02 17:00:00+00:00,104.03627,2.968636
2025-08-02 18:00:00+00:00,93.57626,2.8856194
2025-08-02 19:00:00+00:00,40.364468,4.724786
2025-08-02 20:00:00+00:00,47.12111,3.4388947
2025-08-02 21:00:00+00:00,108.43504,1.7076298
2025-08-02 22:00:00+00:00,86.82024,3.244996
2025-08-02 23:00:00+00:00,96.340096,3.2599385
2025-08-03 00:00:00+00:00,90.0,2.16
2025-08-03 01:00:00+00:00,27.181028,7.4867883
2025-08-03 02:00:00+00:00,18.435053,3.9844694
2025-08-03 03:00:00+00:00,161.56496,1.7076298
2025-08-03 04:00:00+00:00,221.18582,1.9134263
2025-08-03 05:00:00+00:00,251.56496,3.4152596
2025-08-03 06:00:00+00:00,243.43501,4.0249224
2025-08-03 07:00:00+00:00,275.7105,3.6179552
2025-08-03 08:00:00+00:00,272.72626,3.7842832
2025-08-03 09:00:00+00:00,274.08554,5.0528407
2025-08-03 10:00:00+00:00,284.03625,6.6794305
2025-08-03 11:00:00+00:00,261.87,7.6367526
2025-08-03 12:00:00+00:00,271.33218,7.7420926
2025-08-03 13:00:00+00:00,213.6901,3.244996
2025-08-03 14:00:00+00:00,180.0,1.08
2025-08-03 15:00:00+00:00,180.0,0.9
2025-08-03 16:00:00+00:00,206.56499,0.40249225
2025-08-03 17:00:00+00:00,243.43501,0.40249225
2025-08-03 18:00:00+00:00,180.0,0.17999999
2025-08-03 19:00:00+00:00,194.03627,0.742159
2025-08-03 20:00:00+00:00,164.05453,1.3104197
2025-08-03 21:00:00+00:00,86.186005,2.7059932
2025-08-03 22:00:00+00:00,70.01681,2.1068459
2025-08-03 23:00:00+00:00,48.01287,2.4216523
2025-08-04 00:00:00+00:00,30.963696,2.0991426
2025-08-04 01:00:00+00:00,51.34017,3.4576871
2025-08-04 02:00:00+00:00,203.6294,3.143565
2025-08-04 03:00:00+00:00,186.00891,3.438895
2025-08-04 04:00:00+00:00,189.86574,4.2021422
2025-08-04 05:00:00+00:00,236.3099,3.244996
2025-08-04 06:00:00+00:00,229.89915,4.471107
2025-08-04 07:00:00+00:00,223.26433,4.2021427
2025-08-04 08:00:00+00:00,252.3498,4.1556225
2025-08-04 09:00:00+00:00,261.57312,4.913044
2025-08-04 10:00:00+00:00,264.80566,7.9526596
2025-08-04 11:00:00+00:00,261.52893,8.553314
2025-08-04 12:00:00+00:00,221.18582,5.7402787
2025-08-04 13:00:00+00:00,207.97939,6.5223618
2025-08-04 14:00:00+00:00,194.93147,2.7943513
2025-08-04 15:00:00+00:00,201.80147,0.9693296
2025-08-04 16:00:00+00:00,270.0,0.17999999
2025-08-04 17:00:00+00:00,270.0,0.35999998
2025-08-04 18:00:00+00:00,206.56499,0.40249225
2025-08-04 19:00:00+00:00,224.9999,0.25455844
2025-08-04 20:00:00+00:00,44.999897,1.5273507
2025-08-04 21:00:00+00:00,30.963696,2.0991426
2025-08-04 22:00:00+00:00,44.999897,1.2727921
2025-08-04 23:00:00+00:00,32.005356,1.6981165
2025-08-05 00:00:00+00:00,30.963696,1.0495713
2025-08-05 01:00:00+00:00,14.036275,2.226477
2025-08-05 02:00:00+00:00,257.00537,2.4014995
2025-08-05 03:00:00+00:00,246.3706,3.143565
2025-08-05 04:00:00+00:00,258.6901,3.671294
2025-08-05 05:00:00+00:00,239.0363,4.198285
2025-08-05 06:00:00+00:00,264.2895,5.426933
2025-08-05 07:00:00+00:00,270.0,6.12
2025-08-05 08:00:00+00:00,267.66275,8.827344
2025-08-05 09:00:00+00:00,251.87805,10.4166975
2025-08-05 10:00:00+00:00,243.81195,12.236029
2025-08-05 11:00:00+00:00,231.49931,10.120099
2025-08-05 12:00:00+00:00,210.25635,7.5019197
2025-08-05 13:00:00+00:00,226.12321,6.4924874
2025-08-05 14:00:00+00:00,157.3801,2.3400002
2025-08-05 15:00:00+00:00,128.65984,1.1525624
2025-08-05 16:00:00+00:00,180.0,0.54
2025-08-05 17:00:00+00:00,135.0001,0.5091169
2025-08-05 18:00:00+00:00,198.43504,0.56920993
2025-08-05 19:00:00+00:00,270.0,0.17999999
2025-08-05 20:00:00+00:00,38.65983,1.1525624
2025-08-05 21:00:00+00:00,44.999897,0.5091169
2025-08-05 22:00:00+00:00,56.309914,1.2979984
2025-08-05 23:00:00+00:00,41.63345,2.1674871
2025-08-06 00:00:00+00:00,39.289394,2.5582807
2025-08-06 01:00:00+00:00,33.6901,0.6489992
2025-08-06 02:00:00+00:00,116.56499,2.0124612
2025-08-06 03:00:00+00:00,203.9625,1.7727944
2025-08-06 04:00:00+00:00,246.80138,1.3708391
2025-08-06 05:00:00+00:00,244.5367,4.186693
2025-08-06 06:00:00+00:00,257.4712,4.9785542
2025-08-06 07:00:00+00:00,246.3706,3.143565
2025-08-06 08:00:00+00:00,286.55716,6.9480934
2025-08-06 09:00:00+00:00,289.53674,5.920878
2025-08-06 10:00:00+00:00,260.18076,9.499157
2025-08-06 11:00:00+00:00,255.80142,15.410774
2025-08-06 12:00:00+00:00,273.9451,10.464798
2025-08-06 13:00:00+00:00,268.49258,6.8423676
2025-08-06 14:00:00+00:00,262.30405,6.7205353
2025-08-06 15:00:00+00:00,280.4374,6.9550843
2025-08-06 16:00:00+00:00,294.22772,7.8954163
2025-08-06 17:00:00+00:00,293.55228,7.6579366
2025-08-06 18:00:00+00:00,287.74475,4.724786
2025-08-06 19:00:00+00:00,293.1986,1.3708391
2025-08-06 20:00:00+00:00,341.56494,0.56920993
2025-08-06 21:00:00+00:00,56.309914,0.6489992
2025-08-06 22:00:00+00:00,38.65983,2.3051248
2025-08-06 23:00:00+00:00,23.198618,1.3708391
2025-08-07 00:00:00+00:00,26.564985,0.40249225
2025-08-07 01:00:00+00:00,26.564985,3.219938
2025-08-07 02:00:00+00:00,255.06853,2.7943513
2025-08-07 03:00:00+00:00,245.22488,5.154415
2025-08-07 04:00:00+00:00,258.3664,6.2483597
2025-08-07 05:00:00+00:00,265.84042,9.926147
2025-08-07 06:00:00+00:00,260.8699,10.209348
2025-08-07 07:00:00+00:00,253.8865,8.431228
2025-08-07 08:00:00+00:00,258.6901,7.342588
2025-08-07 09:00:00+00:00,256.29303,7.596341
2025-08-07 10:00:00+00:00,236.68936,7.538541
2025-08-07 11:00:00+00:00,252.80138,7.9138603
2025-08-07 12:00:00+00:00,239.74365,7.5019197
2025-08-07 13:00:00+00:00,199.9832,4.2136917
2025-08-07 14:00:00+00:00,201.80147,1.9386592
2025-08-07 15:00:00+00:00,206.56499,1.2074767
2025-08-07 16:00:00+00:00,224.9999,0.5091169
2025-08-07 17:00:00+00:00,224.9999,0.25455844
2025-08-07 18:00:00+00:00,180.0,0.35999998
2025-08-07 19:00:00+00:00,270.0,0.54
2025-08-07 20:00:00+00:00,33.6901,0.6489992
2025-08-07 21:00:00+00:00,30.963696,1.0495713
2025-08-07 22:00:00+00:00,26.564985,1.2074767
2025-08-07 23:00:00+00:00,360.0,0.35999998
2025-08-08 00:00:00+00:00,333.43503,0.40249225
2025-08-08 01:00:00+00:00,23.962492,1.7727944
2025-08-08 02:00:00+00:00,236.3099,1.2979984
2025-08-08 03:00:00+00:00,217.87505,2.0523157
2025-08-08 04:00:00+00:00,218.15727,3.2048087
2025-08-08 05:00:00+00:00,235.0079,4.39436
2025-08-08 06:00:00+00:00,237.38077,5.3426957
2025-08-08 07:00:00+00:00,257.90524,5.1544156
2025-08-08 08:00:00+00:00,267.70944,4.503598
2025-08-08 09:00:00+00:00,299.74478,4.3536186
2025-08-08 10:00:00+00:00,331.9276,6.12
2025-08-08 11:00:00+00:00,268.977,10.081606
2025-08-08 12:00:00+00:00,248.80588,9.459852
2025-08-08 13:00:00+00:00,218.2902,4.3573384
2025-08-08 14:00:00+00:00,123.690094,1.2979984
2025-08-08 15:00:00+00:00,58.392544,2.7475805
2025-08-08 16:00:00+00:00,224.9999,0.76367533
2025-08-08 17:00:00+00:00,260.53775,1.0948973
2025-08-08 18:00:00+00:00,270.0,0.71999997
2025-08-08 19:00:00+00:00,255.96373,0.742159
2025-08-08 20:00:00+00:00,270.0,0.54
2025-08-08 21:00:00+00:00,135.0001,0.25455844
2025-08-08 22:00:00+00:00,104.03627,0.742159
2025-08-08 23:00:00+00:00,90.0,0.71999997
2025-08-09 00:00:00+00:00,60.255207,1.4512063
2025-08-09 01:00:00+00:00,333.43503,0.40249225
2025-08-09 02:00:00+00:00,208.30066,2.657668
2025-08-09 03:00:00+00:00,199.17911,4.3832865
2025-08-09 04:00:00+00:00,206.56499,4.829907
2025-08-09 05:00:00+00:00,212.00534,5.09435
2025-08-09 06:00:00+00:00,218.2902,4.3573384
2025-08-09 07:00:00+00:00,215.3113,5.293959
2025-08-09 08:00:00+00:00,192.99461,4.802999
2025-08-09 09:00:00+00:00,224.9999,5.6002855
2025-08-09 10:00:00+00:00,261.72418,10.004178
2025-08-09 11:00:00+00:00,265.60138,14.081478
2025-08-09 12:00:00+00:00,249.30446,8.65873
2025-08-09 13:00:00+00:00,226.39711,5.22
2025-08-09 14:00:00+00:00,209.7448,1.4512063
2025-08-09 15:00:00+00:00,246.80138,1.3708391
2025-08-09 16:00:00+00:00,251.56496,1.7076298
2025-08-09 17:00:00+00:00,270.0,1.08
2025-08-09 18:00:00+00:00,206.56499,0.40249225
2025-08-09 19:00:00+00:00,281.3099,0.9178235
2025-08-09 20:00:00+00:00,180.0,0.54
2025-08-09 21:00:00+00:00,63.435013,0.40249225
2025-08-09 22:00:00+00:00,53.13002,0.9
2025-08-09 23:00:00+00:00,53.13002,0.9
2025-08-10 00:00:00+00:00,56.309914,0.6489992
2025-08-10 01:00:00+00:00,44.999897,0.5091169
2025-08-10 02:00:00+00:00,175.91446,2.5264204
2025-08-10 03:00:00+00:00,208.44283,4.913044
2025-08-10 04:00:00+00:00,227.20262,6.623413
2025-08-10 05:00:00+00:00,245.89777,7.4932766
2025-08-10 06:00:00+00:00,250.76923,8.197414
2025-08-10 07:00:00+00:00,258.4654,9.0018
2025-08-10 08:00:00+00:00,249.90468,7.8583965
2025-08-10 09:00:00+00:00,253.8865,8.431228
2025-08-10 10:00:00+00:00,265.4623,11.375658
2025-08-10 11:00:00+00:00,278.74606,11.837651
2025-08-10 12:00:00+00:00,277.65054,12.168319
2025-08-10 13:00:00+00:00,254.3577,9.346143
2025-08-10 14:00:00+00:00,232.69597,4.752136
2025-08-10 15:00:00+00:00,242.52565,5.072041
2025-08-10 16:00:00+00:00,254.05453,3.9312592
2025-08-10 17:00:00+00:00,247.3801,2.3400002
2025-08-10 18:00:00+00:00,233.13002,0.9
2025-08-10 19:00:00+00:00,236.3099,0.6489992
2025-08-10 20:00:00+00:00,180.0,0.35999998
2025-08-10 21:00:00+00:00,153.43501,0.40249225
2025-08-10 22:00:00+00:00,63.435013,0.40249225
2025-08-10 23:00:00+00:00,44.999897,0.25455844
2025-08-11 00:00:00+00:00,108.43504,0.56920993
2025-08-11 01:00:00+00:00,44.999897,0.25455844
2025-08-11 02:00:00+00:00,197.35411,3.01735
2025-08-11 03:00:00+00:00,206.56499,5.2323985
2025-08-11 04:00:00+00:00,222.95459,7.1321807
2025-08-11 05:00:00+00:00,227.81563,7.7734165
2025-08-11 06:00:00+00:00,224.9999,7.891311
2025-08-11 07:00:00+00:00,227.6426,8.281956
2025-08-11 08:00:00+00:00,227.4896,8.790563
2025-08-11 09:00:00+00:00,251.28816,11.7827835
2025-08-11 10:00:00+00:00,257.1644,14.584443
2025-08-11 11:00:00+00:00,261.06052,16.21699
2025-08-11 12:00:00+00:00,333.43503,15.2947035
2025-08-11 13:00:00+00:00,266.08182,13.170786
2025-08-11 14:00:00+00:00,290.28265,8.827344
2025-08-11 15:00:00+00:00,299.1974,7.0107627
2025-08-11 16:00:00+00:00,310.0302,5.876938
2025-08-11 17:00:00+00:00,326.97614,4.293669
2025-08-11 18:00:00+00:00,296.56497,1.2074767
2025-08-11 19:00:00+00:00,248.19853,0.9693296
2025-08-11 20:00:00+00:00,288.43503,0.56920993
2025-08-11 21:00:00+00:00,108.43504,0.56920993
2025-08-11 22:00:00+00:00,75.96373,0.742159
2025-08-11 23:00:00+00:00,68.19853,0.9693296
2025-08-12 00:00:00+00:00,63.435013,0.8049845
2025-08-12 01:00:00+00:00,333.43503,0.40249225
2025-08-12 02:00:00+00:00,209.35765,3.3043609
2025-08-12 03:00:00+00:00,223.7812,5.983477
2025-08-12 04:00:00+00:00,230.90614,7.42159
2025-08-12 05:00:00+00:00,210.46547,7.10031
2025-08-12 06:00:00+00:00,196.14441,7.1208143
2025-08-12 07:00:00+00:00,205.34613,7.5685663
2025-08-12 08:00:00+00:00,207.824,7.327127
2025-08-12 09:00:00+00:00,215.83774,7.9932966
2025-08-12 10:00:00+00:00,216.11943,8.244708
2025-08-12 11:00:00+00:00,340.70987,7.628263
2025-08-12 12:00:00+00:00,258.17853,7.9077177
2025-08-12 13:00:00+00:00,254.24875,7.293888
2025-08-12 14:00:00+00:00,203.19862,2.7416782
2025-08-12 15:00:00+00:00,175.60138,2.3469126
2025-08-12 16:00:00+00:00,157.61983,3.3092597
2025-08-12 17:00:00+00:00,126.86999,4.5
2025-08-12 18:00:00+00:00,123.690094,0.6489992
2025-08-12 19:00:00+00:00,161.56496,0.56920993
2025-08-12 20:00:00+00:00,165.96373,0.742159
2025-08-12 21:00:00+00:00,116.56499,1.2074767
2025-08-12 22:00:00+00:00,104.03627,0.742159
2025-08-12 23:00:00+00:00,180.0,0.71999997
2025-08-13 00:00:00+00:00,108.43504,0.56920993
2025-08-13 01:00:00+00:00,187.12492,1.4512063
2025-08-13 02:00:00+00:00,187.76508,3.9966488
2025-08-13 03:00:00+00:00,195.42223,5.4149795
2025-08-13 04:00:00+00:00,209.35765,6.6087217
2025-08-13 05:00:00+00:00,205.90645,7.0038276
2025-08-13 06:00:00+00:00,200.28264,8.827344
2025-08-13 07:00:00+00:00,206.56499,8.854829
2025-08-13 08:00:00+00:00,214.11452,6.7397914
2025-08-13 09:00:00+00:00,243.43501,0.8049845
2025-08-13 10:00:00+00:00,338.9624,5.0142193
2025-08-13 11:00:00+00:00,279.65982,8.581677
2025-08-13 12:00:00+00:00,331.27975,14.98331
2025-08-13 13:00:00+00:00,284.5345,15.062033
2025-08-13 14:00:00+00:00,283.7363,8.338489
2025-08-13 15:00:00+00:00,294.62354,4.7521367
2025-08-13 16:00:00+00:00,254.47583,3.362677
2025-08-13 17:00:00+00:00,220.60121,1.659518
2025-08-13 18:00:00+00:00,210.96368,2.0991426
2025-08-13 19:00:00+00:00,220.60121,1.659518
2025-08-13 20:00:00+00:00,213.6901,0.6489992
2025-08-13 21:00:00+00:00,194.03627,0.742159
2025-08-13 22:00:00+00:00,161.56496,1.1384199
2025-08-13 23:00:00+00:00,146.3099,1.2979984
2025-08-14 00:00:00+00:00,79.380394,2.9301877
2025-08-14 01:00:00+00:00,210.96368,1.0495713
2025-08-14 02:00:00+00:00,152.59251,5.4744864
2025-08-14 03:00:00+00:00,153.43501,2.8174455
2025-08-14 04:00:00+00:00,189.46225,2.1897945
2025-08-14 05:00:00+00:00,199.65392,2.6758924
2025-08-14 06:00:00+00:00,198.43504,3.9844694
2025-08-14 07:00:00+00:00,189.46225,5.4744864
2025-08-14 08:00:00+00:00,222.13753,5.0975285
2025-08-14 09:00:00+00:00,206.56499,8.049845
2025-08-14 10:00:00+00:00,241.1893,12.325728
2025-08-14 11:00:00+00:00,334.53668,12.56008
2025-08-14 12:00:00+00:00,290.99292,16.580532
2025-08-14 13:00:00+00:00,219.64413,8.181589
2025-08-14 14:00:00+00:00,155.9245,9.266067
2025-08-14 15:00:00+00:00,112.714455,8.39078
2025-08-14 16:00:00+00:00,75.96373,8.163749
2025-08-14 17:00:00+00:00,124.992096,4.39436
2025-08-14 18:00:00+00:00,110.55612,4.613762
2025-08-14 19:00:00+00:00,103.39252,3.8856654
2025-08-14 20:00:00+00:00,71.564964,2.2768397
2025-08-14 21:00:00+00:00,108.43504,1.1384199
2025-08-14 22:00:00+00:00,116.56499,1.2074767
2025-08-14 23:00:00+00:00,123.690094,0.6489992
2025-08-15 00:00:00+00:00,153.43501,0.40249225
2025-08-15 01:00:00+00:00,180.0,0.54
2025-08-15 02:00:00+00:00,201.80147,0.9693296
2025-08-15 03:00:00+00:00,229.08571,3.572898
2025-08-15 04:00:00+00:00,196.69933,3.7585104
2025-08-15 05:00:00+00:00,183.01273,3.4247334
2025-08-15 06:00:00+00:00,202.8337,3.710795
2025-08-15 07:00:00+00:00,196.85847,6.206738
2025-08-15 08:00:00+00:00,192.80426,4.060985
2025-08-15 09:00:00+00:00,244.65387,7.5685663
2025-08-15 10:00:00+00:00,253.14151,6.206738
2025-08-15 11:00:00+00:00,251.93944,8.709098
2025-08-15 12:00:00+00:00,235.08052,11.634741
2025-08-15 13:00:00+00:00,308.8845,7.1684303
2025-08-15 14:00:00+00:00,207.64589,8.534353
2025-08-15 15:00:00+00:00,149.74365,5.00128
2025-08-15 16:00:00+00:00,142.00122,7.3094187
2025-08-15 17:00:00+00:00,107.52566,3.5864744
2025-08-15 18:00:00+00:00,96.00892,3.438895
2025-08-15 19:00:00+00:00,112.38018,3.3092597
2025-08-15 20:00:00+00:00,147.52882,2.3469129
2025-08-15 21:00:00+00:00,140.71062,2.5582807
2025-08-15 22:00:00+00:00,180.0,0.54
2025-08-15 23:00:00+00:00,180.0,0.71999997
2025-08-16 00:00:00+00:00,180.0,0.9
2025-08-16 01:00:00+00:00,90.0,2.8799999
2025-08-16 02:00:00+00:00,155.55606,2.1749482
2025-08-16 03:00:00+00:00,180.0,2.6999998
2025-08-16 04:00:00+00:00,172.56868,4.175069
2025-08-16 05:00:00+00:00,204.44394,4.3498964
2025-08-16 06:00:00+00:00,202.93213,5.0816135
2025-08-16 07:00:00+00:00,226.73567,4.2021427
2025-08-16 08:00:00+00:00,259.69522,6.037383
2025-08-16 09:00:00+00:00,283.32455,7.029225
2025-08-16 10:00:00+00:00,267.5105,8.287822
2025-08-16 11:00:00+00:00,261.41647,9.6480665
2025-08-16 12:00:00+00:00,264.17374,8.865799
2025-08-16 13:00:00+00:00,224.9999,2.8001428
2025-08-16 14:00:00+00:00,143.13002,1.8
2025-08-16 15:00:00+00:00,86.186005,5.4119864
2025-08-16 16:00:00+00:00,59.03632,3.148714
2025-08-16 17:00:00+00:00,360.0,0.17999999
2025-08-16 18:00:00+00:00,345.9637,0.742159
2025-08-16 19:00:00+00:00,41.42357,4.080882
2025-08-16 20:00:00+00:00,56.3099,1.9469976
2025-08-16 21:00:00+00:00,60.94549,1.8532133
2025-08-16 22:00:00+00:00,48.366554,2.1674871
2025-08-16 23:00:00+00:00,44.999897,2.8001428
2025-08-17 00:00:00+00:00,48.814175,1.9134263
2025-08-17 01:00:00+00:00,32.471172,2.3469129
2025-08-17 02:00:00+00:00,78.6901,2.7534704
2025-08-17 03:00:00+00:00,168.69011,1.835647
2025-08-17 04:00:00+00:00,195.94547,1.3104197
2025-08-17 05:00:00+00:00,236.3099,2.5959969
2025-08-17 06:00:00+00:00,258.6901,2.7534704
2025-08-17 07:00:00+00:00,279.09018,4.5572357
2025-08-17 08:00:00+00:00,301.26367,5.896202
2025-08-17 09:00:00+00:00,284.30032,9.473541
2025-08-17 10:00:00+00:00,296.2113,13.040997
2025-08-17 11:00:00+00:00,314.02905,15.021105
2025-08-17 12:00:00+00:00,305.83774,15.986593
2025-08-17 13:00:00+00:00,296.0753,9.418661
2025-08-17 14:00:00+00:00,254.05453,1.3104197
2025-08-17 15:00:00+00:00,259.69522,2.0124612
2025-08-17 16:00:00+00:00,264.80566,1.9881649
2025-08-17 17:00:00+00:00,251.56496,1.1384199
2025-08-17 18:00:00+00:00,248.19853,0.9693296
2025-08-17 19:00:00+00:00,248.19853,0.9693296
2025-08-17 20:00:00+00:00,248.19853,0.9693296
2025-08-17 21:00:00+00:00,206.56499,0.40249225
2025-08-17 22:00:00+00:00,206.56499,0.40249225
2025-08-17 23:00:00+00:00,149.03632,1.0495713
2025-08-18 00:00:00+00:00,66.037506,1.7727944
2025-08-18 01:00:00+00:00,180.0,0.17999999
2025-08-18 02:00:00+00:00,164.05453,1.3104197
2025-08-18 03:00:00+00:00,247.3801,2.3400002
2025-08-18 04:00:00+00:00,255.96373,4.452954
2025-08-18 05:00:00+00:00,274.39862,4.6938252
2025-08-18 06:00:00+00:00,280.1246,5.1197267
2025-08-18 07:00:00+00:00,285.25516,4.1046314
2025-08-18 08:00:00+00:00,289.1791,4.3832865
2025-08-18 09:00:00+00:00,293.4287,5.8852015
2025-08-18 10:00:00+00:00,296.99576,10.706596
2025-08-18 11:00:00+00:00,318.87863,15.053425
2025-08-18 12:00:00+00:00,307.27826,15.156384
2025-08-18 13:00:00+00:00,281.0937,9.354806
2025-08-18 14:00:00+00:00,274.08554,5.0528407
2025-08-18 15:00:00+00:00,270.0,2.8799999
2025-08-18 16:00:00+00:00,216.86998,0.9
2025-08-18 17:00:00+00:00,138.36655,2.1674871
2025-08-18 18:00:00+00:00,71.564964,1.1384199
2025-08-18 19:00:00+00:00,270.0,0.0
2025-08-18 20:00:00+00:00,323.13,0.9
2025-08-18 21:00:00+00:00,279.46225,1.0948973
2025-08-18 22:00:00+00:00,21.801476,0.9693296
2025-08-18 23:00:00+00:00,42.510403,2.9301877
2025-08-19 00:00:00+00:00,52.431335,2.9522195
2025-08-19 01:00:00+00:00,54.865723,5.9427266
2025-08-19 02:00:00+00:00,121.42952,3.7971041
2025-08-19 03:00:00+00:00,135.0001,3.3092594
2025-08-19 04:00:00+00:00,158.96242,2.5071096
2025-08-19 05:00:00+00:00,206.56499,0.40249225
2025-08-19 06:00:00+00:00,264.80566,1.9881649
2025-08-19 07:00:00+00:00,272.72626,3.7842832
2025-08-19 08:00:00+00:00,271.97488,5.223103
2025-08-19 09:00:00+00:00,262.40546,5.4477882
2025-08-19 10:00:00+00:00,246.19405,6.689125
2025-08-19 11:00:00+00:00,242.176,7.327127
2025-08-19 12:00:00+00:00,255.32356,7.8149853
2025-08-19 13:00:00+00:00,277.30566,7.0774574
2025-08-19 14:00:00+00:00,201.80147,2.907989
2025-08-19 15:00:00+00:00,180.0,1.6199999
2025-08-19 16:00:00+00:00,162.89719,2.4482646
2025-08-19 17:00:00+00:00,164.05453,1.3104197
2025-08-19 18:00:00+00:00,180.0,0.35999998
2025-08-19 19:00:00+00:00,236.3099,0.6489992
2025-08-19 20:00:00+00:00,194.03627,1.484318
2025-08-19 21:00:00+00:00,165.96373,3.710795
2025-08-19 22:00:00+00:00,139.08571,3.572898
2025-08-19 23:00:00+00:00,147.72438,4.0449967
2025-08-20 00:00:00+00:00,129.09386,3.710795
2025-08-20 01:00:00+00:00,115.76928,5.7964473
2025-08-20 02:00:00+00:00,139.76372,6.1305785
2025-08-20 03:00:00+00:00,134.0609,7.7650757
2025-08-20 04:00:00+00:00,142.59457,7.7043357
2025-08-20 05:00:00+00:00,139.84407,7.5363917
2025-08-20 06:00:00+00:00,144.86572,5.9427266
2025-08-20 07:00:00+00:00,162.3498,4.1556225
2025-08-20 08:00:00+00:00,221.18582,5.7402787
2025-08-20 09:00:00+00:00,246.80139,6.8541956
2025-08-20 10:00:00+00:00,235.30478,5.692099
2025-08-20 11:00:00+00:00,216.86998,3.6
2025-08-20 12:00:00+00:00,155.55606,2.1749482
2025-08-20 13:00:00+00:00,138.50363,6.248359
2025-08-20 14:00:00+00:00,119.74479,4.3536186
2025-08-20 15:00:00+00:00,77.90526,2.5772078
2025-08-20 16:00:00+00:00,123.690094,0.6489992
2025-08-20 17:00:00+00:00,270.0,0.17999999
2025-08-20 18:00:00+00:00,41.185837,1.9134263
2025-08-20 19:00:00+00:00,38.65983,1.1525624
2025-08-20 20:00:00+00:00,36.86999,0.9
2025-08-20 21:00:00+00:00,270.0,0.0
2025-08-20 22:00:00+00:00,341.56494,0.56920993
2025-08-20 23:00:00+00:00,44.999897,4.072935
2025-08-21 00:00:00+00:00,39.289394,2.5582807
2025-08-21 01:00:00+00:00,56.309914,0.6489992
2025-08-21 02:00:00+00:00,118.30067,2.657668
2025-08-21 03:00:00+00:00,160.20103,4.7827187
2025-08-21 04:00:00+00:00,182.12105,4.8633323
2025-08-21 05:00:00+00:00,199.44012,6.489992
2025-08-21 06:00:00+00:00,205.82094,6.198903
2025-08-21 07:00:00+00:00,203.19862,5.4833565
2025-08-21 08:00:00+00:00,218.65984,4.6102495
2025-08-21 09:00:00+00:00,252.07199,6.4323244
2025-08-21 10:00:00+00:00,268.80655,8.641874
2025-08-21 11:00:00+00:00,253.8865,8.431228
2025-08-21 12:00:00+00:00,242.48808,9.741642
2025-08-21 13:00:00+00:00,204.30453,6.1226463
2025-08-21 14:00:00+00:00,169.6952,2.0124612
2025-08-21 15:00:00+00:00,113.19862,1.3708391
2025-08-21 16:00:00+00:00,158.19853,0.9693296
2025-08-21 17:00:00+00:00,135.0001,1.0182338
2025-08-21 18:00:00+00:00,48.814175,1.9134263
2025-08-21 19:00:00+00:00,44.999897,1.2727921
2025-08-21 20:00:00+00:00,39.805527,1.4058449
2025-08-21 21:00:00+00:00,36.86999,0.9
2025-08-21 22:00:00+00:00,26.564985,0.40249225
2025-08-21 23:00:00+00:00,44.999897,0.25455844
2025-08-22 00:00:00+00:00,36.86999,0.9
2025-08-22 01:00:00+00:00,360.0,0.17999999
2025-08-22 02:00:00+00:00,171.25392,2.36753
2025-08-22 03:00:00+00:00,194.5345,5.020677
2025-08-22 04:00:00+00:00,211.82741,6.1437774
2025-08-22 05:00:00+00:00,216.86998,8.099999
2025-08-22 06:00:00+00:00,208.52303,9.4238205
2025-08-22 07:00:00+00:00,207.95087,9.984729
2025-08-22 08:00:00+00:00,212.85571,10.285232
2025-08-22 09:00:00+00:00,223.69812,11.203464
2025-08-22 10:00:00+00:00,225.59058,12.346741
2025-08-22 11:00:00+00:00,217.34943,8.604301
2025-08-22 12:00:00+00:00,226.04153,7.001514
2025-08-22 13:00:00+00:00,237.52882,4.6938257
2025-08-22 14:00:00+00:00,258.6901,1.835647
2025-08-22 15:00:00+00:00,284.03625,0.742159
2025-08-22 16:00:00+00:00,270.0,0.0
2025-08-22 17:00:00+00:00,44.999897,1.2727921
2025-08-22 18:00:00+00:00,44.999897,2.8001428
2025-08-22 19:00:00+00:00,44.999897,2.5455842
2025-08-22 20:00:00+00:00,36.86998,2.6999998
2025-08-22 21:00:00+00:00,35.537766,1.5484185
2025-08-22 22:00:00+00:00,44.999897,0.5091169
2025-08-22 23:00:00+00:00,39.805527,1.4058449
2025-08-23 00:00:00+00:00,44.999897,0.25455844
2025-08-23 01:00:00+00:00,37.875053,2.0523157
2025-08-23 02:00:00+00:00,30.963696,1.0495713
2025-08-23 03:00:00+00:00,180.0,4.68
2025-08-23 04:00:00+00:00,195.6423,4.6730714
2025-08-23 05:00:00+00:00,190.78426,3.84796
2025-08-23 06:00:00+00:00,197.74477,4.724786
2025-08-23 07:00:00+00:00,224.9999,4.072935
2025-08-23 08:00:00+00:00,263.41815,4.7110505
2025-08-23 09:00:00+00:00,285.75125,7.293888
2025-08-23 10:00:00+00:00,262.30405,6.7205353
2025-08-23 11:00:00+00:00,290.80685,9.627896
2025-08-23 12:00:00+00:00,292.83368,11.132385
2025-08-23 13:00:00+00:00,261.2539,2.36753
2025-08-23 14:00:00+00:00,180.0,0.71999997
2025-08-23 15:00:00+00:00,287.24155,5.4656014
2025-08-23 16:00:00+00:00,315.78473,9.292254
2025-08-23 17:00:00+00:00,307.74686,7.056826
2025-08-23 18:00:00+00:00,311.05472,7.3997297
2025-08-23 19:00:00+00:00,252.64589,3.01735
2025-08-23 20:00:00+00:00,189.46225,3.2846913
2025-08-23 21:00:00+00:00,164.05453,5.2416787
2025-08-23 22:00:00+00:00,132.95459,7.1321807
2025-08-23 23:00:00+00:00,91.59111,6.482499
2025-08-24 00:00:00+00:00,135.0001,0.76367533
2025-08-24 01:00:00+00:00,74.054535,3.9312592
2025-08-24 02:00:00+00:00,80.909805,4.5572357
2025-08-24 03:00:00+00:00,122.90524,3.6447225
2025-08-24 04:00:00+00:00,110.55613,3.0758414
2025-08-24 05:00:00+00:00,122.00535,1.6981165
2025-08-24 06:00:00+00:00,111.801476,1.9386592
2025-08-24 07:00:00+00:00,308.65982,2.3051248
2025-08-24 08:00:00+00:00,296.56497,2.4149535
2025-08-24 09:00:00+00:00,324.46225,3.096837
2025-08-24 10:00:00+00:00,316.5481,4.7110505
2025-08-24 11:00:00+00:00,321.8427,3.2048087
2025-08-24 12:00:00+00:00,198.43504,0.56920993
2025-08-24 13:00:00+00:00,327.99466,3.396233
2025-08-24 14:00:00+00:00,143.13002,0.9
2025-08-24 15:00:00+00:00,91.73567,5.9427266
2025-08-24 16:00:00+00:00,85.03035,4.1556225
2025-08-24 17:00:00+00:00,112.38018,3.3092597
2025-08-24 18:00:00+00:00,97.59455,2.7238941
2025-08-24 19:00:00+00:00,107.35411,3.01735
2025-08-24 20:00:00+00:00,93.012726,3.4247334
2025-08-24 21:00:00+00:00,115.20109,3.381893
2025-08-24 22:00:00+00:00,119.4758,4.755544
2025-08-24 23:00:00+00:00,114.62355,4.7521367
2025-08-25 00:00:00+00:00,120.46546,3.550155
2025-08-25 01:00:00+00:00,305.53775,3.096837
2025-08-25 02:00:00+00:00,316.46872,4.965521
2025-08-25 03:00:00+00:00,292.98874,6.452441
2025-08-25 04:00:00+00:00,292.47946,5.6492476
2025-08-25 05:00:00+00:00,282.5288,4.9785542
2025-08-25 06:00:00+00:00,283.49576,4.6277857
2025-08-25 07:00:00+00:00,293.6294,6.28713
2025-08-25 08:00:00+00:00,289.44012,6.489992
2025-08-25 09:00:00+00:00,286.8585,6.206738
2025-08-25 10:00:00+00:00,253.49556,5.068846
2025-08-25 11:00:00+00:00,208.07239,3.06
2025-08-25 12:00:00+00:00,175.03035,4.1556225
2025-08-25 13:00:00+00:00,189.46225,1.0948973
2025-08-25 14:00:00+00:00,144.46223,3.096837
2025-08-25 15:00:00+00:00,113.62939,3.143565
2025-08-25 16:00:00+00:00,119.357666,3.3043609
2025-08-25 17:00:00+00:00,150.9455,1.8532133
2025-08-25 18:00:00+00:00,131.18582,1.9134263
2025-08-25 19:00:00+00:00,281.3099,0.9178235
2025-08-25 20:00:00+00:00,12.99463,2.4014995
2025-08-25 21:00:00+00:00,288.43503,1.7076298
2025-08-25 22:00:00+00:00,198.43504,2.2768397
2025-08-25 23:00:00+00:00,171.46931,3.6402748
2025-08-26 00:00:00+00:00,138.99101,5.48631
2025-08-26 01:00:00+00:00,267.3975,3.964089
2025-08-26 02:00:00+00:00,224.9999,2.2910259
2025-08-26 03:00:00+00:00,224.9999,1.5273507
2025-08-26 04:00:00+00:00,247.61981,3.3092597
2025-08-26 05:00:00+00:00,260.53775,4.379589
2025-08-26 06:00:00+00:00,272.04535,5.0432134
2025-08-26 07:00:00+00:00,274.08554,5.0528407
2025-08-26 08:00:00+00:00,277.1249,7.256032
2025-08-26 09:00:00+00:00,267.33704,7.748368
2025-08-26 10:00:00+00:00,271.68463,6.122647
2025-08-26 11:00:00+00:00,271.73566,5.9427266
2025-08-26 12:00:00+00:00,263.6599,4.8899083
2025-08-26 13:00:00+00:00,287.1028,4.896529
2025-08-26 14:00:00+00:00,284.03625,5.937272
2025-08-26 15:00:00+00:00,196.69933,1.8792552
2025-08-26 16:00:00+00:00,249.44386,3.0758414
2025-08-26 17:00:00+00:00,289.6539,2.6758924
2025-08-26 18:00:00+00:00,180.0,0.35999998
2025-08-26 19:00:00+00:00,254.05453,1.3104197
2025-08-26 20:00:00+00:00,235.0079,2.19718
2025-08-26 21:00:00+00:00,270.0,0.17999999
2025-08-26 22:00:00+00:00,251.56496,1.1384199
2025-08-26 23:00:00+00:00,160.0168,2.1068459
2025-08-27 00:00:00+00:00,165.96373,1.484318
2025-08-27 01:00:00+00:00,291.80148,2.907989
2025-08-27 02:00:00+00:00,288.43503,3.9844694
2025-08-27 03:00:00+00:00,257.19574,4.060985
2025-08-27 04:00:00+00:00,244.7989,3.381893
2025-08-27 05:00:00+00:00,260.53775,4.379589
2025-08-27 06:00:00+00:00,271.97488,5.223103
2025-08-27 07:00:00+00:00,265.23645,4.3349743
2025-08-27 08:00:00+00:00,272.20255,4.6834598
2025-08-27 09:00:00+00:00,277.3523,5.6262593
2025-08-27 10:00:00+00:00,267.87894,4.8633323
2025-08-27 11:00:00+00:00,275.35574,5.7852573
2025-08-27 12:00:00+00:00,270.0,4.14
2025-08-27 13:00:00+00:00,270.0,2.34
2025-08-27 14:00:00+00:00,255.96373,0.742159
2025-08-27 15:00:00+00:00,192.5288,1.659518
2025-08-27 16:00:00+00:00,213.6901,0.6489992
2025-08-27 17:00:00+00:00,116.56499,0.40249225
2025-08-27 18:00:00+00:00,345.9637,0.742159
2025-08-27 19:00:00+00:00,44.999897,0.25455844
2025-08-27 20:00:00+00:00,33.6901,1.2979984
2025-08-27 21:00:00+00:00,35.537766,1.5484185
2025-08-27 22:00:00+00:00,44.999897,0.25455844
2025-08-27 23:00:00+00:00,30.963696,1.0495713
2025-08-28 00:00:00+00:00,34.9921,2.19718
2025-08-28 01:00:00+00:00,37.875053,4.1046314
2025-08-28 02:00:00+00:00,42.709366,3.1845248
2025-08-28 03:00:00+00:00,135.0001,2.8001428
2025-08-28 04:00:00+00:00,145.0079,2.19718
2025-08-28 05:00:00+00:00,165.96373,1.484318
2025-08-28 06:00:00+00:00,105.25517,2.0523157
2025-08-28 07:00:00+00:00,10.007925,3.1072817
2025-08-28 08:00:00+00:00,351.87,6.3639607
2025-08-28 09:00:00+00:00,334.98312,8.93859
2025-08-28 10:00:00+00:00,325.17545,10.086427
2025-08-28 11:00:00+00:00,324.21094,9.5416975
2025-08-28 12:00:00+00:00,318.6523,5.994297
2025-08-28 13:00:00+00:00,26.564985,2.0124612
2025-08-28 14:00:00+00:00,28.30066,2.657668
2025-08-28 15:00:00+00:00,32.73523,2.995797
2025-08-28 16:00:00+00:00,26.564985,1.2074767
2025-08-28 17:00:00+00:00,18.435053,0.56920993
2025-08-28 18:00:00+00:00,360.0,0.35999998
2025-08-28 19:00:00+00:00,341.56494,0.56920993
2025-08-28 20:00:00+00:00,18.435053,0.56920993
2025-08-28 21:00:00+00:00,33.6901,0.6489992
2025-08-28 22:00:00+00:00,33.6901,0.6489992
2025-08-28 23:00:00+00:00,44.999897,0.5091169
2025-08-29 00:00:00+00:00,44.999897,0.5091169
2025-08-29 01:00:00+00:00,20.556128,1.5379207
2025-08-29 02:00:00+00:00,355.60138,2.3469126
2025-08-29 03:00:00+00:00,224.9999,2.5455842
2025-08-29 04:00:00+00:00,216.86998,1.8
2025-08-29 05:00:00+00:00,259.69522,2.0124612
2025-08-29 06:00:00+00:00,345.9637,2.968636
2025-08-29 07:00:00+00:00,7.59456,5.4477882
2025-08-29 08:00:00+00:00,7.9433913,7.814986
2025-08-29 09:00:00+00:00,2.385899,8.647496
2025-08-29 10:00:00+00:00,10.304792,10.062305
2025-08-29 11:00:00+00:00,14.036275,9.6480665
2025-08-29 12:00:00+00:00,21.801476,7.754637
2025-08-29 13:00:00+00:00,38.884502,7.1684303
2025-08-29 14:00:00+00:00,32.347424,6.391901
2025-08-29 15:00:00+00:00,30.963696,5.2478566
2025-08-29 16:00:00+00:00,30.068504,3.9518096
2025-08-29 17:00:00+00:00,25.201094,3.381893
2025-08-29 18:00:00+00:00,28.610369,2.2553935
2025-08-29 19:00:00+00:00,33.6901,0.6489992
2025-08-29 20:00:00+00:00,34.69522,2.8460495
2025-08-29 21:00:00+00:00,36.86999,0.9
2025-08-29 22:00:00+00:00,36.86999,0.9
2025-08-29 23:00:00+00:00,33.6901,0.6489992
2025-08-30 00:00:00+00:00,44.999897,0.76367533
2025-08-30 01:00:00+00:00,20.556128,1.5379207
2025-08-30 02:00:00+00:00,26.564985,0.8049845
2025-08-30 03:00:00+00:00,212.47118,2.3469129
2025-08-30 04:00:00+00:00,227.72638,2.6758924
2025-08-30 05:00:00+00:00,251.56496,2.2768397
2025-08-30 06:00:00+00:00,261.87,1.2727921
2025-08-30 07:00:00+00:00,322.43134,2.9522195
2025-08-30 08:00:00+00:00,330.25522,4.3536186
2025-08-30 09:00:00+00:00,318.01288,4.8433046
2025-08-30 10:00:00+00:00,305.13428,5.9427266
2025-08-30 11:00:00+00:00,287.74475,4.724786
2025-08-30 12:00:00+00:00,257.4712,3.319036
2025-08-30 13:00:00+00:00,329.03632,2.0991426
2025-08-30 14:00:00+00:00,27.645891,4.2671766
2025-08-30 15:00:00+00:00,29.475794,4.755544
2025-08-30 16:00:00+00:00,29.054508,3.7064266
2025-08-30 17:00:00+00:00,16.389616,3.189608
2025-08-30 18:00:00+00:00,23.198618,2.7416782
2025-08-30 19:00:00+00:00,26.564985,1.609969
2025-08-30 20:00:00+00:00,18.435053,0.56920993
2025-08-30 21:00:00+00:00,360.0,0.35999998
2025-08-30 22:00:00+00:00,345.9637,0.742159
2025-08-30 23:00:00+00:00,26.564985,1.609969
2025-08-31 00:00:00+00:00,348.6901,0.9178235
2025-08-31 01:00:00+00:00,315.0001,2.8001428
2025-08-31 02:00:00+00:00,334.35904,4.991553
2025-08-31 03:00:00+00:00,307.36673,12.456468
2025-08-31 04:00:00+00:00,317.83417,12.870944
2025-08-31 05:00:00+00:00,319.28925,10.210936
2025-08-31 06:00:00+00:00,333.43503,4.829907
2025-08-31 07:00:00+00:00,136.73567,4.2021427
2025-08-31 08:00:00+00:00,137.20262,6.623413
2025-08-31 09:00:00+00:00,159.07542,6.5520988
2025-08-31 10:00:00+00:00,176.30869,5.5916004
2025-08-31 11:00:00+00:00,192.5288,4.9785542
2025-08-31 12:00:00+00:00,209.0545,3.7064266
2025-08-31 13:00:00+00:00,128.65984,2.3051248
2025-08-31 14:00:00+00:00,61.189304,4.1085763
2025-08-31 15:00:00+00:00,49.398785,3.319036
2025-08-31 16:00:00+00:00,323.13,0.9
2025-08-31 17:00:00+00:00,293.1986,1.3708391
2025-08-31 18:00:00+00:00,306.86996,1.8
2025-08-31 19:00:00+00:00,284.03625,2.226477
2025-08-31 20:00:00+00:00,153.43501,0.40249225
2025-08-31 21:00:00+00:00,129.80553,1.4058449
2025-08-31 22:00:00+00:00,93.814,2.7059932
2025-08-31 23:00:00+00:00,128.65984,1.1525624
2025-09-01 00:00:00+00:00,201.80147,0.9693296
2025-09-01 01:00:00+00:00,180.0,0.54
2025-09-01 02:00:00+00:00,184.08554,2.5264204
2025-09-01 03:00:00+00:00,185.44025,3.7971036
2025-09-01 04:00:00+00:00,177.87895,4.8633323
2025-09-01 05:00:00+00:00,163.0091,6.77575
2025-09-01 06:00:00+00:00,175.36462,6.6818557
2025-09-01 07:00:00+00:00,148.78166,6.945761
2025-09-01 08:00:00+00:00,172.40544,5.4477882
2025-09-01 09:00:00+00:00,166.32867,6.8541956
2025-09-01 10:00:00+00:00,162.47433,7.172949
2025-09-01 11:00:00+00:00,174.47255,5.6060677
2025-09-01 12:00:00+00:00,177.27374,3.7842832
2025-09-01 13:00:00+00:00,153.43501,2.4149535
2025-09-01 14:00:00+00:00,109.290146,3.8141315
2025-09-01 15:00:00+00:00,34.69522,2.8460495
2025-09-01 16:00:00+00:00,360.0,0.9
2025-09-01 17:00:00+00:00,333.43503,0.8049845
2025-09-01 18:00:00+00:00,224.9999,0.25455844
2025-09-01 19:00:00+00:00,206.56499,0.40249225
2025-09-01 20:00:00+00:00,270.0,0.0
2025-09-01 21:00:00+00:00,270.0,2.34
2025-09-01 22:00:00+00:00,303.6901,2.5959969
2025-09-01 23:00:00+00:00,353.29025,3.0811036
2025-09-02 00:00:00+00:00,353.6599,3.2599385
2025-09-02 01:00:00+00:00,4.085537,2.5264204
2025-09-02 02:00:00+00:00,352.87506,1.4512063
2025-09-02 03:00:00+00:00,220.60121,3.319036
2025-09-02 04:00:00+00:00,192.80426,4.060985
2025-09-02 05:00:00+00:00,211.75943,4.4456716
2025-09-02 06:00:00+00:00,239.53453,3.550155
2025-09-02 07:00:00+00:00,302.27563,4.0449967
2025-09-02 08:00:00+00:00,210.46547,3.550155
2025-09-02 09:00:00+00:00,217.87505,4.1046314
2025-09-02 10:00:00+00:00,228.36655,4.3349743
2025-09-02 11:00:00+00:00,212.73521,2.995797
2025-09-02 12:00:00+00:00,231.34016,2.3051248
2025-09-02 13:00:00+00:00,281.9761,6.0721655
2025-09-02 14:00:00+00:00,180.0,1.08
2025-09-02 15:00:00+00:00,131.42357,4.080882
2025-09-02 16:00:00+00:00,111.801476,3.8773184
2025-09-02 17:00:00+00:00,53.13002,3.6
2025-09-02 18:00:00+00:00,81.46932,3.6402748
2025-09-02 19:00:00+00:00,97.59455,2.7238941
2025-09-02 20:00:00+00:00,64.79892,3.381893
2025-09-02 21:00:00+00:00,68.19853,2.907989
2025-09-02 22:00:00+00:00,40.9143,3.572898
2025-09-02 23:00:00+00:00,43.451904,4.7110505
2025-09-03 00:00:00+00:00,36.86999,4.5
2025-09-03 01:00:00+00:00,21.44781,5.414979
2025-09-03 02:00:00+00:00,114.44395,2.1749482
2025-09-03 03:00:00+00:00,44.999897,5.6002855
2025-09-03 04:00:00+00:00,43.26433,4.2021427
2025-09-03 05:00:00+00:00,108.43504,3.9844694
2025-09-03 06:00:00+00:00,100.30479,6.037383
2025-09-03 07:00:00+00:00,43.876797,6.4924874
2025-09-03 08:00:00+00:00,63.435013,5.634891
2025-09-03 09:00:00+00:00,16.189287,5.8104043
2025-09-03 10:00:00+00:00,358.09088,5.4029994
2025-09-03 11:00:00+00:00,18.435053,3.9844694
2025-09-03 12:00:00+00:00,53.13002,4.5
2025-09-03 13:00:00+00:00,55.304783,2.8460495
2025-09-03 14:00:00+00:00,47.290634,3.1845248
2025-09-03 15:00:00+00:00,40.9143,3.572898
2025-09-03 16:00:00+00:00,33.023872,4.293669
2025-09-03 17:00:00+00:00,26.564985,3.62243
2025-09-03 18:00:00+00:00,26.564985,4.829907
2025-09-03 19:00:00+00:00,34.50859,3.494968
2025-09-03 20:00:00+00:00,32.005356,3.396233
2025-09-03 21:00:00+00:00,47.290634,3.1845248
2025-09-03 22:00:00+00:00,75.96373,2.968636
2025-09-03 23:00:00+00:00,56.3099,3.8939953
2025-09-04 00:00:00+00:00,48.179924,4.5891175
2025-09-04 01:00:00+00:00,44.999897,6.618519
2025-09-04 02:00:00+00:00,60.255207,2.9024127
2025-09-04 03:00:00+00:00,143.53067,5.1481256
2025-09-04 04:00:00+00:00,154.44008,4.5891175
2025-09-04 05:00:00+00:00,189.0902,4.5572357
2025-09-04 06:00:00+00:00,196.69933,3.7585104
2025-09-04 07:00:00+00:00,219.80553,4.2175345
2025-09-04 08:00:00+00:00,227.20262,6.623413
2025-09-04 09:00:00+00:00,211.82741,6.1437774
2025-09-04 10:00:00+00:00,203.6294,3.143565
2025-09-04 11:00:00+00:00,186.70975,3.0811036
2025-09-04 12:00:00+00:00,153.43501,4.0249224
2025-09-04 13:00:00+00:00,146.3099,3.244996
2025-09-04 14:00:00+00:00,64.98315,2.97953
2025-09-04 15:00:00+00:00,44.999897,1.781909
2025-09-04 16:00:00+00:00,31.607454,2.7475805
2025-09-04 17:00:00+00:00,9.462248,1.0948973
2025-09-04 18:00:00+00:00,26.564985,0.40249225
2025-09-04 19:00:00+00:00,30.963696,2.0991426
2025-09-04 20:00:00+00:00,33.6901,0.6489992
2025-09-04 21:00:00+00:00,296.56497,0.40249225
2025-09-04 22:00:00+00:00,56.309914,0.6489992
2025-09-04 23:00:00+00:00,60.255207,1.4512063
2025-09-05 00:00:00+00:00,168.69011,0.9178235
2025-09-05 01:00:00+00:00,26.564985,0.8049845
2025-09-05 02:00:00+00:00,194.93147,2.7943513
2025-09-05 03:00:00+00:00,180.0,4.68
2025-09-05 04:00:00+00:00,187.12492,4.353619
2025-09-05 05:00:00+00:00,175.23645,4.3349743
2025-09-05 06:00:00+00:00,184.39862,4.6938252
2025-09-05 07:00:00+00:00,207.55272,4.669604
2025-09-05 08:00:00+00:00,226.12321,6.4924874
2025-09-05 09:00:00+00:00,236.7251,6.889557
2025-09-05 10:00:00+00:00,253.68607,7.689603
2025-09-05 11:00:00+00:00,245.37645,4.7521367
2025-09-05 12:00:00+00:00,201.80147,2.907989
2025-09-05 13:00:00+00:00,126.86998,2.6999998
2025-09-05 14:00:00+00:00,66.037506,3.5455887
2025-09-05 15:00:00+00:00,44.999897,1.2727921
2025-09-05 16:00:00+00:00,33.6901,2.5959969
2025-09-05 17:00:00+00:00,19.653913,2.6758924
2025-09-05 18:00:00+00:00,32.005356,1.6981165
2025-09-05 19:00:00+00:00,11.3098955,0.9178235
2025-09-05 20:00:00+00:00,303.6901,0.6489992
2025-09-05 21:00:00+00:00,30.963696,1.0495713
2025-09-05 22:00:00+00:00,36.86999,1.8
2025-09-05 23:00:00+00:00,44.999897,0.76367533
2025-09-06 00:00:00+00:00,135.0001,0.76367533
2025-09-06 01:00:00+00:00,20.556128,1.5379207
2025-09-06 02:00:00+00:00,173.6599,1.6299692
2025-09-06 03:00:00+00:00,143.53067,5.1481256
2025-09-06 04:00:00+00:00,152.10283,3.4623692
2025-09-06 05:00:00+00:00,194.03627,2.226477
2025-09-06 06:00:00+00:00,213.6901,3.244996
2025-09-06 07:00:00+00:00,230.19447,4.2175345
2025-09-06 08:00:00+00:00,246.3706,6.28713
2025-09-06 09:00:00+00:00,235.30478,8.53815
2025-09-06 10:00:00+00:00,220.60121,8.297589
2025-09-06 11:00:00+00:00,221.42357,8.161764
2025-09-06 12:00:00+00:00,205.55992,4.5891175
2025-09-06 13:00:00+00:00,135.0001,0.5091169
2025-09-06 14:00:00+00:00,74.054535,3.9312592
2025-09-06 15:00:00+00:00,43.72705,5.728979
2025-09-06 16:00:00+00:00,30.963696,1.0495713
2025-09-06 17:00:00+00:00,270.0,0.35999998
2025-09-06 18:00:00+00:00,30.963696,1.0495713
2025-09-06 19:00:00+00:00,43.152412,3.9477081
2025-09-06 20:00:00+00:00,38.65983,1.1525624
2025-09-06 21:00:00+00:00,260.53775,2.1897945
2025-09-06 22:00:00+00:00,299.24872,5.1575575
2025-09-06 23:00:00+00:00,302.7352,2.995797
2025-09-07 00:00:00+00:00,251.56496,0.56920993
2025-09-07 01:00:00+00:00,344.05453,1.3104197
2025-09-07 02:00:00+00:00,329.9315,3.9518096
2025-09-07 03:00:00+00:00,260.13425,4.2021422
2025-09-07 04:00:00+00:00,271.63654,6.302571
2025-09-07 05:00:00+00:00,280.53912,7.8728137
2025-09-07 06:00:00+00:00,278.13,7.6367526
2025-09-07 07:00:00+00:00,270.0,9.54
2025-09-07 08:00:00+00:00,262.23492,7.9932976
2025-09-07 09:00:00+00:00,268.05856,10.6261
2025-09-07 10:00:00+00:00,288.88617,7.229191
2025-09-07 11:00:00+00:00,216.02747,2.4482648
2025-09-07 12:00:00+00:00,270.0,0.9
2025-09-07 13:00:00+00:00,250.34608,2.6758924
2025-09-07 14:00:00+00:00,201.80147,0.9693296
2025-09-07 15:00:00+00:00,180.0,1.6199999
2025-09-07 16:00:00+00:00,158.19853,0.9693296
2025-09-07 17:00:00+00:00,251.56496,0.56920993
2025-09-07 18:00:00+00:00,329.03632,2.0991426
2025-09-07 19:00:00+00:00,328.39255,2.7475805
2025-09-07 20:00:00+00:00,330.25522,2.9024127
2025-09-07 21:00:00+00:00,344.05453,2.6208394
2025-09-07 22:00:00+00:00,15.255177,2.0523157
2025-09-07 23:00:00+00:00,90.0,2.34
2025-09-08 00:00:00+00:00,44.999897,2.8001428
2025-09-08 01:00:00+00:00,19.653913,5.3517847
2025-09-08 02:00:00+00:00,22.833694,3.710795
2025-09-08 03:00:00+00:00,2.8623457,3.604497
2025-09-08 04:00:00+00:00,294.77512,2.5772076
2025-09-08 05:00:00+00:00,310.36444,4.724786
2025-09-08 06:00:00+00:00,312.18436,7.7734165
2025-09-08 07:00:00+00:00,293.1986,6.8541956
2025-09-08 08:00:00+00:00,298.8107,8.217153
2025-09-08 09:00:00+00:00,282.926,11.265469
2025-09-08 10:00:00+00:00,280.1542,12.2519045
2025-09-08 11:00:00+00:00,271.68463,6.122647
2025-09-08 12:00:00+00:00,163.49556,5.068846
2025-09-08 13:00:00+00:00,156.0375,1.7727944
2025-09-08 14:00:00+00:00,102.5288,3.319036
2025-09-08 15:00:00+00:00,90.0,1.08
2025-09-08 16:00:00+00:00,93.17977,3.244996
2025-09-08 17:00:00+00:00,126.86999,1.8
2025-09-08 18:00:00+00:00,63.435013,4.4274144
2025-09-08 19:00:00+00:00,105.945465,3.9312592
2025-09-08 20:00:00+00:00,95.44024,3.7971036
2025-09-08 21:00:00+00:00,98.97255,3.462369
2025-09-08 22:00:00+00:00,90.0,4.32
2025-09-08 23:00:00+00:00,69.775055,3.644722
2025-09-09 00:00:00+00:00,102.09474,2.5772078
2025-09-09 01:00:00+00:00,87.13766,3.604497
2025-09-09 02:00:00+00:00,122.61923,5.3426957
2025-09-09 03:00:00+00:00,120.46546,3.550155
2025-09-09 04:00:00+00:00,145.0079,2.19718
2025-09-09 05:00:00+00:00,203.9625,1.7727944
2025-09-09 06:00:00+00:00,190.3048,2.0124612
2025-09-09 07:00:00+00:00,256.50424,4.6277857
2025-09-09 08:00:00+00:00,299.29126,8.461914
2025-09-09 09:00:00+00:00,294.22772,11.843124
2025-09-09 10:00:00+00:00,285.52417,6.725354
2025-09-09 11:00:00+00:00,260.75397,7.841888
2025-09-09 12:00:00+00:00,224.9999,0.5091169
2025-09-09 13:00:00+00:00,56.309914,2.5959969
2025-09-09 14:00:00+00:00,160.55988,3.244996
2025-09-09 15:00:00+00:00,213.6901,0.6489992
2025-09-09 16:00:00+00:00,180.0,0.54
2025-09-09 17:00:00+00:00,81.86999,2.5455842
2025-09-09 18:00:00+00:00,90.0,1.08
2025-09-09 19:00:00+00:00,37.875053,2.0523157
2025-09-09 20:00:00+00:00,44.999897,3.3092594
2025-09-09 21:00:00+00:00,44.999897,2.0364676
2025-09-09 22:00:00+00:00,29.744795,1.4512063
2025-09-09 23:00:00+00:00,37.568665,2.9522195
2025-09-10 00:00:00+00:00,34.69522,2.8460495
2025-09-10 01:00:00+00:00,26.564985,4.4274144
2025-09-10 02:00:00+00:00,44.999897,0.5091169
2025-09-10 03:00:00+00:00,218.65984,2.3051248
2025-09-10 04:00:00+00:00,235.0079,4.39436
2025-09-10 05:00:00+00:00,230.71062,5.1165614
2025-09-10 06:00:00+00:00,231.34016,4.6102495
2025-09-10 07:00:00+00:00,226.39711,5.22
2025-09-10 08:00:00+00:00,216.46933,5.1481256
2025-09-10 09:00:00+00:00,213.02386,4.293669
2025-09-10 10:00:00+00:00,232.59457,3.8521678
2025-09-10 11:00:00+00:00,240.5242,4.755544
2025-09-10 12:00:00+00:00,203.19861,4.1125174
2025-09-10 13:00:00+00:00,167.73524,4.2366967
2025-09-10 14:00:00+00:00,180.0,1.6199999
2025-09-10 15:00:00+00:00,101.3099,0.9178235
2025-09-10 16:00:00+00:00,44.999897,0.76367533
2025-09-10 17:00:00+00:00,56.309914,0.6489992
2025-09-10 18:00:00+00:00,33.6901,0.6489992
2025-09-10 19:00:00+00:00,29.054508,1.8532133
2025-09-10 20:00:00+00:00,28.610369,2.2553935
2025-09-10 21:00:00+00:00,26.564985,1.609969
2025-09-10 22:00:00+00:00,29.744795,1.4512063
2025-09-10 23:00:00+00:00,29.054508,1.8532133
2025-09-11 00:00:00+00:00,26.564985,1.609969
2025-09-11 01:00:00+00:00,30.256361,2.50064
2025-09-11 02:00:00+00:00,28.610369,2.2553935
2025-09-11 03:00:00+00:00,194.62091,4.278551
2025-09-11 04:00:00+00:00,206.56499,4.4274144
2025-09-11 05:00:00+00:00,223.7812,5.983477
2025-09-11 06:00:00+00:00,229.84407,7.5363917
2025-09-11 07:00:00+00:00,239.26459,7.748368
2025-09-11 08:00:00+00:00,249.77505,7.289444
2025-09-11 09:00:00+00:00,249.14546,8.089993
2025-09-11 10:00:00+00:00,248.6293,8.891344
2025-09-11 11:00:00+00:00,260.72748,8.936778
2025-09-11 12:00:00+00:00,278.74606,4.73506
2025-09-11 13:00:00+00:00,277.1249,1.4512063
2025-09-11 14:00:00+00:00,303.6901,0.6489992
2025-09-11 15:00:00+00:00,33.6901,1.2979984
2025-09-11 16:00:00+00:00,35.837746,3.9966483
2025-09-11 17:00:00+00:00,33.6901,2.5959969
2025-09-11 18:00:00+00:00,38.157276,3.2048087
2025-09-11 19:00:00+00:00,31.429514,3.7971041
2025-09-11 20:00:00+00:00,25.016869,2.97953
2025-09-11 21:00:00+00:00,26.564985,1.609969
2025-09-11 22:00:00+00:00,24.443953,2.1749482
2025-09-11 23:00:00+00:00,28.610369,2.2553935
2025-09-12 00:00:00+00:00,20.556128,1.5379207
2025-09-12 01:00:00+00:00,28.610369,2.2553935
2025-09-12 02:00:00+00:00,30.963696,1.0495713
2025-09-12 03:00:00+00:00,195.94547,3.9312592
2025-09-12 04:00:00+00:00,201.80147,4.846648
2025-09-12 05:00:00+00:00,207.40749,5.4744864
2025-09-12 06:00:00+00:00,216.52895,6.048107
2025-09-12 07:00:00+00:00,235.49141,6.989936
2025-09-12 08:00:00+00:00,251.56496,7.968939
2025-09-12 09:00:00+00:00,259.91946,8.227004
2025-09-12 10:00:00+00:00,261.02747,6.924738
2025-09-12 11:00:00+00:00,264.2895,7.2359104
2025-09-12 12:00:00+00:00,239.53453,3.550155
2025-09-12 13:00:00+00:00,135.0001,1.5273507
2025-09-12 14:00:00+00:00,123.690094,0.6489992
2025-09-12 15:00:00+00:00,33.6901,0.6489992
2025-09-12 16:00:00+00:00,33.6901,1.9469976
2025-09-12 17:00:00+00:00,37.875053,2.0523157
2025-09-12 18:00:00+00:00,29.357658,3.3043609
2025-09-12 19:00:00+00:00,24.775122,2.5772076
2025-09-12 20:00:00+00:00,24.443953,2.1749482
2025-09-12 21:00:00+00:00,26.564985,2.0124612
2025-09-12 22:00:00+00:00,30.963696,2.0991426
2025-09-12 23:00:00+00:00,30.963696,2.0991426
2025-09-13 00:00:00+00:00,26.564985,1.2074767
2025-09-13 01:00:00+00:00,26.564985,2.4149535
2025-09-13 02:00:00+00:00,30.963696,1.0495713
2025-09-13 03:00:00+00:00,180.0,3.6
2025-09-13 04:00:00+00:00,183.57626,2.8856194
2025-09-13 05:00:00+00:00,196.38962,3.189608
2025-09-13 06:00:00+00:00,206.56499,2.8174455
2025-09-13 07:00:00+00:00,233.97253,2.4482648
2025-09-13 08:00:00+00:00,296.56497,4.829907
2025-09-13 09:00:00+00:00,288.9705,6.0908127
2025-09-13 10:00:00+00:00,277.1249,8.707238
2025-09-13 11:00:00+00:00,290.55612,9.227524
2025-09-13 12:00:00+00:00,251.56496,3.4152596
2025-09-13 13:00:00+00:00,146.3099,1.2979984
2025-09-13 14:00:00+00:00,79.380394,2.9301877
2025-09-13 15:00:00+00:00,56.3099,4.542994
2025-09-13 16:00:00+00:00,46.73567,4.2021427
2025-09-13 17:00:00+00:00,47.72637,2.6758924
2025-09-13 18:00:00+00:00,44.999897,2.0364676
2025-09-13 19:00:00+00:00,39.289394,2.5582807
2025-09-13 20:00:00+00:00,41.185837,1.9134263
2025-09-13 21:00:00+00:00,36.027473,2.4482648
2025-09-13 22:00:00+00:00,32.471172,2.3469129
2025-09-13 23:00:00+00:00,35.537766,1.5484185
2025-09-14 00:00:00+00:00,36.86999,0.9
2025-09-14 01:00:00+00:00,38.65983,1.1525624
2025-09-14 02:00:00+00:00,55.0079,2.19718
2025-09-14 03:00:00+00:00,175.60138,2.3469126
2025-09-14 04:00:00+00:00,226.97493,3.693291
2025-09-14 05:00:00+00:00,236.3099,4.542994
2025-09-14 06:00:00+00:00,237.52882,4.6938257
2025-09-14 07:00:00+00:00,259.8754,5.1197267
2025-09-14 08:00:00+00:00,268.26434,5.9427266
2025-09-14 09:00:00+00:00,268.02512,5.223103
2025-09-14 10:00:00+00:00,268.4089,6.482499
2025-09-14 11:00:00+00:00,263.36758,7.79215
2025-09-14 12:00:00+00:00,238.39255,2.7475805
2025-09-14 13:00:00+00:00,143.13002,0.9
2025-09-14 14:00:00+00:00,71.564964,2.8460498
2025-09-14 15:00:00+00:00,59.743652,2.50064
2025-09-14 16:00:00+00:00,44.999897,0.5091169
2025-09-14 17:00:00+00:00,18.435053,0.56920993
2025-09-14 18:00:00+00:00,36.86999,1.8
2025-09-14 19:00:00+00:00,34.9921,2.19718
2025-09-14 20:00:00+00:00,36.86999,1.8
2025-09-14 21:00:00+00:00,53.13002,0.9
2025-09-14 22:00:00+00:00,44.999897,1.0182338
2025-09-14 23:00:00+00:00,18.435053,0.56920993
2025-09-15 00:00:00+00:00,26.564985,0.40249225
2025-09-15 01:00:00+00:00,40.601215,1.659518
2025-09-15 02:00:00+00:00,63.435013,1.609969
2025-09-15 03:00:00+00:00,153.43501,3.219938
2025-09-15 04:00:00+00:00,183.3664,3.0652895
2025-09-15 05:00:00+00:00,210.25635,2.50064
2025-09-15 06:00:00+00:00,229.08571,3.572898
2025-09-15 07:00:00+00:00,237.72438,4.0449967
2025-09-15 08:00:00+00:00,239.9315,3.9518096
2025-09-15 09:00:00+00:00,275.90604,5.2478566
2025-09-15 10:00:00+00:00,321.70978,8.714677
2025-09-15 11:00:00+00:00,336.42526,10.8015
2025-09-15 12:00:00+00:00,324.86572,5.9427266
2025-09-15 13:00:00+00:00,135.0001,1.5273507
2025-09-15 14:00:00+00:00,96.70974,3.0811036
2025-09-15 15:00:00+00:00,53.972538,2.4482648
2025-09-15 16:00:00+00:00,47.72637,2.6758924
2025-09-15 17:00:00+00:00,43.26433,4.2021427
2025-09-15 18:00:00+00:00,42.709366,3.1845248
2025-09-15 19:00:00+00:00,44.999897,2.5455842
2025-09-15 20:00:00+00:00,48.01287,2.4216523
2025-09-15 21:00:00+00:00,47.290634,3.1845248
2025-09-15 22:00:00+00:00,42.510403,2.9301877
2025-09-15 23:00:00+00:00,44.999897,2.0364676
2025-09-16 00:00:00+00:00,44.999897,1.5273507
2025-09-16 01:00:00+00:00,30.963696,3.148714
2025-09-16 02:00:00+00:00,99.46225,1.0948973
2025-09-16 03:00:00+00:00,153.43501,0.8049845
2025-09-16 04:00:00+00:00,285.25516,2.0523157
2025-09-16 05:00:00+00:00,284.03625,2.968636
2025-09-16 06:00:00+00:00,288.43503,3.4152596
2025-09-16 07:00:00+00:00,313.4519,4.7110505
2025-09-16 08:00:00+00:00,251.56496,5.12289
2025-09-16 09:00:00+00:00,240.4613,12.413477
2025-09-16 10:00:00+00:00,293.09686,13.306615
2025-09-16 11:00:00+00:00,335.35324,16.833609
2025-09-16 12:00:00+00:00,342.5527,13.207634
2025-09-16 13:00:00+00:00,15.255177,4.1046314
2025-09-16 14:00:00+00:00,328.67136,4.846648
2025-09-16 15:00:00+00:00,336.8014,4.1125174
2025-09-16 16:00:00+00:00,308.65982,2.3051248
2025-09-16 17:00:00+00:00,261.87,1.2727921
2025-09-16 18:00:00+00:00,224.9999,0.5091169
2025-09-16 19:00:00+00:00,206.56499,0.40249225
2025-09-16 20:00:00+00:00,153.43501,0.40249225
2025-09-16 21:00:00+00:00,63.435013,0.8049845
2025-09-16 22:00:00+00:00,51.34017,1.1525624
2025-09-16 23:00:00+00:00,44.999897,1.2727921
2025-09-17 00:00:00+00:00,50.194473,1.4058449
2025-09-17 01:00:00+00:00,36.86999,0.9
2025-09-17 02:00:00+00:00,126.86999,1.8
2025-09-17 03:00:00+00:00,138.36655,2.1674871
2025-09-17 04:00:00+00:00,206.56499,1.2074767
2025-09-17 05:00:00+00:00,214.69522,2.8460495
2025-09-17 06:00:00+00:00,241.69934,2.657668
2025-09-17 07:00:00+00:00,284.03625,2.968636
2025-09-17 08:00:00+00:00,310.2363,3.0652893
2025-09-17 09:00:00+00:00,311.63345,2.1674871
2025-09-17 10:00:00+00:00,307.56866,2.9522195
2025-09-17 11:00:00+00:00,255.96373,3.710795
2025-09-17 12:00:00+00:00,210.96368,2.0991426
2025-09-17 13:00:00+00:00,138.81418,3.8268526
2025-09-17 14:00:00+00:00,135.0001,1.2727921
2025-09-17 15:00:00+00:00,90.0,0.9
2025-09-17 16:00:00+00:00,49.398785,1.659518
2025-09-17 17:00:00+00:00,42.878906,3.4388947
2025-09-17 18:00:00+00:00,44.999897,4.5820518
2025-09-17 19:00:00+00:00,48.366554,2.1674871
2025-09-17 20:00:00+00:00,44.999897,1.2727921
2025-09-17 21:00:00+00:00,39.289394,2.5582807
2025-09-17 22:00:00+00:00,38.65983,2.3051248
2025-09-17 23:00:00+00:00,44.999897,1.2727921
2025-09-18 00:00:00+00:00,56.309914,1.2979984
2025-09-18 01:00:00+00:00,28.072395,3.06
2025-09-18 02:00:00+00:00,90.0,0.17999999
2025-09-18 03:00:00+00:00,279.46225,2.1897945
2025-09-18 04:00:00+00:00,326.3099,3.8939953
2025-09-18 05:00:00+00:00,319.0857,3.572898
2025-09-18 06:00:00+00:00,18.435053,4.5536795
2025-09-18 07:00:00+00:00,33.6901,7.7879906
2025-09-18 08:00:00+00:00,185.19434,1.9881649
2025-09-18 09:00:00+00:00,236.3099,1.9469976
2025-09-18 10:00:00+00:00,237.99466,1.6981165
2025-09-18 11:00:00+00:00,180.0,2.8799999
2025-09-18 12:00:00+00:00,206.56499,2.4149535
2025-09-18 13:00:00+00:00,75.96373,2.226477
2025-09-18 14:00:00+00:00,50.52757,3.9640884
2025-09-18 15:00:00+00:00,44.999897,0.25455844
2025-09-18 16:00:00+00:00,308.65982,1.1525624
2025-09-18 17:00:00+00:00,330.25522,2.9024127
2025-09-18 18:00:00+00:00,322.59457,3.8521678
2025-09-18 19:00:00+00:00,303.6901,3.244996
2025-09-18 20:00:00+00:00,281.3099,2.7534704
2025-09-18 21:00:00+00:00,270.0,1.26
2025-09-18 22:00:00+00:00,251.56496,0.56920993
2025-09-18 23:00:00+00:00,270.0,0.0
2025-09-19 00:00:00+00:00,26.564985,1.609969
2025-09-19 01:00:00+00:00,260.53775,2.1897945
2025-09-19 02:00:00+00:00,222.70937,3.1845248
2025-09-19 03:00:00+00:00,231.34016,1.1525624
2025-09-19 04:00:00+00:00,284.74362,3.536439
2025-09-19 05:00:00+00:00,274.57382,4.514377
2025-09-19 06:00:00+00:00,280.88547,4.7657523
2025-09-19 07:00:00+00:00,307.64767,7.9567327
2025-09-19 08:00:00+00:00,306.52896,6.048107
2025-09-19 09:00:00+00:00,270.0,4.32
2025-09-19 10:00:00+00:00,293.49857,4.514377
2025-09-19 11:00:00+00:00,265.60138,9.3876505
2025-09-19 12:00:00+00:00,253.85559,7.1208143
2025-09-19 13:00:00+00:00,303.6901,0.6489992
2025-09-19 14:00:00+00:00,66.037506,1.7727944
2025-09-19 15:00:00+00:00,57.528828,2.3469129
2025-09-19 16:00:00+00:00,50.194473,2.8116899
2025-09-19 17:00:00+00:00,48.01287,2.4216523
2025-09-19 18:00:00+00:00,48.01287,2.4216523
2025-09-19 19:00:00+00:00,52.124958,2.0523157
2025-09-19 20:00:00+00:00,54.46224,1.5484185
2025-09-19 21:00:00+00:00,48.814175,1.9134263
2025-09-19 22:00:00+00:00,44.999897,2.2910259
2025-09-19 23:00:00+00:00,40.601215,1.659518
2025-09-20 00:00:00+00:00,51.34017,1.1525624
2025-09-20 01:00:00+00:00,270.0,0.0
2025-09-20 02:00:00+00:00,113.962494,1.7727944
2025-09-20 03:00:00+00:00,129.80553,1.4058449
2025-09-20 04:00:00+00:00,206.56499,0.8049845
2025-09-20 05:00:00+00:00,200.55612,1.5379207
2025-09-20 06:00:00+00:00,247.1663,3.710795
2025-09-20 07:00:00+00:00,277.3523,5.6262593
2025-09-20 08:00:00+00:00,287.81897,5.2939587
2025-09-20 09:00:00+00:00,274.08554,5.0528407
2025-09-20 10:00:00+00:00,241.11351,5.9617786
2025-09-20 11:00:00+00:00,214.69522,5.692099
2025-09-20 12:00:00+00:00,201.37068,4.445672
2025-09-20 13:00:00+00:00,171.86998,1.2727921
2025-09-20 14:00:00+00:00,101.3099,4.5891175
2025-09-20 15:00:00+00:00,60.75127,5.1575575
2025-09-20 16:00:00+00:00,49.76371,3.0652893
2025-09-20 17:00:00+00:00,44.999897,0.25455844
2025-09-20 18:00:00+00:00,44.999897,1.2727921
2025-09-20 19:00:00+00:00,42.878906,3.4388947
2025-09-20 20:00:00+00:00,44.999897,2.8001428
2025-09-20 21:00:00+00:00,39.805527,1.4058449
2025-09-20 22:00:00+00:00,40.601215,1.659518
2025-09-20 23:00:00+00:00,33.6901,1.9469976
2025-09-21 00:00:00+00:00,39.805527,1.4058449
2025-09-21 01:00:00+00:00,18.435053,0.56920993
2025-09-21 02:00:00+00:00,251.56496,0.56920993
2025-09-21 03:00:00+00:00,176.186,2.7059932
2025-09-21 04:00:00+00:00,177.5105,4.143911
2025-09-21 05:00:00+00:00,189.46225,4.379589
2025-09-21 06:00:00+00:00,204.44394,4.3498964
2025-09-21 07:00:00+00:00,205.55992,4.5891175
2025-09-21 08:00:00+00:00,214.50858,3.494968
2025-09-21 09:00:00+00:00,249.44388,4.613762
2025-09-21 10:00:00+00:00,263.41815,4.7110505
2025-09-21 11:00:00+00:00,274.39862,2.3469126
2025-09-21 12:00:00+00:00,135.0001,0.5091169
2025-09-21 13:00:00+00:00,93.366394,3.0652895
2025-09-21 14:00:00+00:00,55.491425,3.494968
2025-09-21 15:00:00+00:00,48.814175,1.9134263
2025-09-21 16:00:00+00:00,48.01287,2.4216523
2025-09-21 17:00:00+00:00,47.72637,2.6758924
2025-09-21 18:00:00+00:00,36.027473,2.4482648
2025-09-21 19:00:00+00:00,32.905247,3.6447225
2025-09-21 20:00:00+00:00,32.471172,2.3469129
2025-09-21 21:00:00+00:00,30.963696,2.0991426
2025-09-21 22:00:00+00:00,32.005356,1.6981165
2025-09-21 23:00:00+00:00,360.0,0.17999999
2025-09-22 00:00:00+00:00,14.036275,0.742159
2025-09-22 01:00:00+00:00,29.744795,1.4512063
2025-09-22 02:00:00+00:00,360.0,0.35999998
2025-09-22 03:00:00+00:00,175.91446,2.5264204
2025-09-22 04:00:00+00:00,171.86998,2.5455842
2025-09-22 05:00:00+00:00,200.55612,3.0758414
2025-09-22 06:00:00+00:00,205.01686,2.97953
2025-09-22 07:00:00+00:00,210.46547,3.550155
2025-09-22 08:00:00+00:00,238.39255,2.7475805
2025-09-22 09:00:00+00:00,280.30478,4.0249224
2025-09-22 10:00:00+00:00,285.6423,4.6730714
2025-09-22 11:00:00+00:00,280.78424,3.84796
2025-09-22 12:00:00+00:00,171.86998,1.2727921
2025-09-22 13:00:00+00:00,113.62939,3.143565
2025-09-22 14:00:00+00:00,67.3801,2.3400002
2025-09-22 15:00:00+00:00,51.34017,2.3051248
2025-09-22 16:00:00+00:00,44.999897,3.0547013
2025-09-22 17:00:00+00:00,43.02507,3.693291
2025-09-22 18:00:00+00:00,44.999897,2.2910259
2025-09-22 19:00:00+00:00,41.185837,1.9134263
2025-09-22 20:00:00+00:00,42.510403,2.9301877
2025-09-22 21:00:00+00:00,42.27363,2.6758924
2025-09-22 22:00:00+00:00,41.98713,2.4216523
2025-09-22 23:00:00+00:00,44.999897,2.0364676
2025-09-23 00:00:00+00:00,48.814175,1.9134263
2025-09-23 01:00:00+00:00,32.471172,2.3469129
2025-09-23 02:00:00+00:00,59.03632,1.0495713
2025-09-23 03:00:00+00:00,116.56499,2.0124612
2025-09-23 04:00:00+00:00,191.30989,0.9178235
2025-09-23 05:00:00+00:00,206.56499,0.40249225
2025-09-23 06:00:00+00:00,213.6901,0.6489992
2025-09-23 07:00:00+00:00,356.186,2.7059932
2025-09-23 08:00:00+00:00,345.4655,5.020677
2025-09-23 09:00:00+00:00,344.47583,6.725354
2025-09-23 10:00:00+00:00,360.0,6.12
2025-09-23 11:00:00+00:00,315.0001,3.0547013
2025-09-23 12:00:00+00:00,319.18503,5.2323985
2025-09-23 13:00:00+00:00,323.13,6.299999
2025-09-23 14:00:00+00:00,349.5626,6.9550843
2025-09-23 15:00:00+00:00,349.21573,3.84796
2025-09-23 16:00:00+00:00,340.55988,3.244996
2025-09-23 17:00:00+00:00,353.29025,3.0811036
2025-09-23 18:00:00+00:00,345.9637,2.226477
2025-09-23 19:00:00+00:00,315.0001,1.0182338
2025-09-23 20:00:00+00:00,224.9999,0.5091169
2025-09-23 21:00:00+00:00,108.43504,0.56920993
2025-09-23 22:00:00+00:00,90.0,0.54
2025-09-23 23:00:00+00:00,38.65983,1.1525624
2025-09-24 00:00:00+00:00,44.999897,1.2727921
2025-09-24 01:00:00+00:00,350.53775,1.0948973
2025-09-24 02:00:00+00:00,180.0,0.71999997
2025-09-24 03:00:00+00:00,201.80147,0.9693296
2025-09-24 04:00:00+00:00,266.6336,3.0652895
2025-09-24 05:00:00+00:00,259.9921,3.1072817
2025-09-24 06:00:00+00:00,263.29025,3.0811036
2025-09-24 07:00:00+00:00,296.56497,4.829907
2025-09-24 08:00:00+00:00,329.03632,8.39657
2025-09-24 09:00:00+00:00,331.8585,8.777654
2025-09-24 10:00:00+00:00,329.62094,6.050785
2025-09-24 11:00:00+00:00,308.82983,9.473541
2025-09-24 12:00:00+00:00,332.9495,9.499158
2025-09-24 13:00:00+00:00,291.80148,0.9693296
2025-09-24 14:00:00+00:00,18.435053,1.7076298
2025-09-24 15:00:00+00:00,56.309914,1.2979984
2025-09-24 16:00:00+00:00,135.0001,0.76367533
2025-09-24 17:00:00+00:00,54.46224,1.5484185
2025-09-24 18:00:00+00:00,41.98713,2.4216523
2025-09-24 19:00:00+00:00,38.65983,2.3051248
2025-09-24 20:00:00+00:00,41.185837,1.9134263
2025-09-24 21:00:00+00:00,44.999897,1.5273507
2025-09-24 22:00:00+00:00,49.398785,1.659518
2025-09-24 23:00:00+00:00,40.601215,1.659518
2025-09-25 00:00:00+00:00,37.875053,2.0523157
2025-09-25 01:00:00+00:00,26.564985,3.219938
2025-09-25 02:00:00+00:00,44.999897,0.76367533
2025-09-25 03:00:00+00:00,224.9999,0.5091169
2025-09-25 04:00:00+00:00,312.8789,3.4388947
2025-09-25 05:00:00+00:00,294.77512,2.5772076
2025-09-25 06:00:00+00:00,318.81415,1.9134263
2025-09-25 07:00:00+00:00,19.983198,4.2136917
2025-09-25 08:00:00+00:00,51.34017,3.4576871
2025-09-25 09:00:00+00:00,185.44025,3.7971036
2025-09-25 10:00:00+00:00,229.08571,3.572898
2025-09-25 11:00:00+00:00,227.38597,6.114703
2025-09-25 12:00:00+00:00,236.3099,4.542994
2025-09-25 13:00:00+00:00,258.6901,0.9178235
2025-09-25 14:00:00+00:00,350.53775,2.1897945
2025-09-25 15:00:00+00:00,3.5762644,2.8856194
2025-09-25 16:00:00+00:00,354.80566,3.9763298
2025-09-25 17:00:00+00:00,344.05453,5.2416787
2025-09-25 18:00:00+00:00,324.78232,3.745557
2025-09-25 19:00:00+00:00,298.30066,2.657668
2025-09-25 20:00:00+00:00,257.4712,1.659518
2025-09-25 21:00:00+00:00,270.0,0.71999997
2025-09-25 22:00:00+00:00,360.0,0.17999999
2025-09-25 23:00:00+00:00,29.744795,1.4512063
2025-09-26 00:00:00+00:00,23.198618,1.3708391
2025-09-26 01:00:00+00:00,355.23645,2.1674871
2025-09-26 02:00:00+00:00,333.43503,1.609969
2025-09-26 03:00:00+00:00,285.25516,2.0523157
2025-09-26 04:00:00+00:00,327.26477,2.995797
2025-09-26 05:00:00+00:00,319.7637,3.0652893
2025-09-26 06:00:00+00:00,324.16226,3.9966483
2025-09-26 07:00:00+00:00,319.63553,4.724786
2025-09-26 08:00:00+00:00,321.70978,4.3573384
2025-09-26 09:00:00+00:00,11.976112,6.0721655
2025-09-26 10:00:00+00:00,56.309914,5.8409934
2025-09-26 11:00:00+00:00,133.72705,5.728979
2025-09-26 12:00:00+00:00,156.2505,4.91634
2025-09-26 13:00:00+00:00,53.13002,0.9
2025-09-26 14:00:00+00:00,28.072395,3.06
2025-09-26 15:00:00+00:00,40.601215,1.659518
2025-09-26 16:00:00+00:00,90.0,0.9
2025-09-26 17:00:00+00:00,63.435013,1.609969
2025-09-26 18:00:00+00:00,50.710617,2.5582807
2025-09-26 19:00:00+00:00,44.999897,3.563818
2025-09-26 20:00:00+00:00,41.63345,2.1674871
2025-09-26 21:00:00+00:00,33.6901,1.2979984
2025-09-26 22:00:00+00:00,39.805527,1.4058449
2025-09-26 23:00:00+00:00,44.999897,1.5273507
2025-09-27 00:00:00+00:00,52.124958,2.0523157
2025-09-27 01:00:00+00:00,24.443953,2.1749482
2025-09-27 02:00:00+00:00,270.0,0.0
2025-09-27 03:00:00+00:00,135.0001,1.0182338
2025-09-27 04:00:00+00:00,251.56496,1.1384199
2025-09-27 05:00:00+00:00,270.0,1.98
2025-09-27 06:00:00+00:00,254.74483,2.0523157
2025-09-27 07:00:00+00:00,281.3099,2.7534704
2025-09-27 08:00:00+00:00,355.91446,5.0528407
2025-09-27 09:00:00+00:00,11.689341,5.3305535
2025-09-27 10:00:00+00:00,239.0363,1.0495713
2025-09-27 11:00:00+00:00,298.61035,4.510787
2025-09-27 12:00:00+00:00,329.82657,8.953078
2025-09-27 13:00:00+00:00,213.6901,0.6489992
2025-09-27 14:00:00+00:00,116.56499,0.8049845
2025-09-27 15:00:00+00:00,81.02746,3.462369
2025-09-27 16:00:00+00:00,67.61982,3.3092597
2025-09-27 17:00:00+00:00,48.366554,4.3349743
2025-09-27 18:00:00+00:00,40.364468,4.724786
2025-09-27 19:00:00+00:00,38.157276,3.2048087
2025-09-27 20:00:00+00:00,36.86999,1.8
2025-09-27 21:00:00+00:00,26.564985,2.0124612
2025-09-27 22:00:00+00:00,8.130019,1.2727921
2025-09-27 23:00:00+00:00,348.6901,0.9178235
2025-09-28 00:00:00+00:00,35.537766,1.5484185
2025-09-28 01:00:00+00:00,26.564985,2.0124612
2025-09-28 02:00:00+00:00,243.43501,0.40249225
2025-09-28 03:00:00+00:00,230.19447,1.4058449
2025-09-28 04:00:00+00:00,233.13002,2.6999998
2025-09-28 05:00:00+00:00,228.01286,2.4216523
2025-09-28 06:00:00+00:00,239.03632,3.148714
2025-09-28 07:00:00+00:00,262.8751,2.9024127
2025-09-28 08:00:00+00:00,300.96368,3.148714
2025-09-28 09:00:00+00:00,315.0001,3.8183763
2025-09-28 10:00:00+00:00,299.35767,3.3043609
2025-09-28 11:00:00+00:00,75.068535,2.7943513
2025-09-28 12:00:00+00:00,94.76356,2.1674871
2025-09-28 13:00:00+00:00,111.801476,0.9693296
2025-09-28 14:00:00+00:00,71.564964,1.1384199
2025-09-28 15:00:00+00:00,116.56499,0.8049845
2025-09-28 16:00:00+00:00,56.309914,1.2979984
2025-09-28 17:00:00+00:00,36.86998,2.6999998
2025-09-28 18:00:00+00:00,35.537766,3.096837
2025-09-28 19:00:00+00:00,41.63345,2.1674871
2025-09-28 20:00:00+00:00,32.005356,1.6981165
2025-09-28 21:00:00+00:00,23.962492,1.7727944
2025-09-28 22:00:00+00:00,345.9637,1.484318
2025-09-28 23:00:00+00:00,36.86999,1.8
2025-09-29 00:00:00+00:00,35.537766,1.5484185
2025-09-29 01:00:00+00:00,16.389616,3.189608
2025-09-29 02:00:00+00:00,345.9637,1.484318
2025-09-29 03:00:00+00:00,313.1524,3.9477081
2025-09-29 04:00:00+00:00,318.23978,6.7565966
2025-09-29 05:00:00+00:00,322.59457,7.7043357
2025-09-29 06:00:00+00:00,319.53784,8.043805
2025-09-29 07:00:00+00:00,327.99466,8.490582
2025-09-29 08:00:00+00:00,256.60748,7.771331
2025-09-29 09:00:00+00:00,260.1665,13.701299
2025-09-29 10:00:00+00:00,272.5168,16.395817
2025-09-29 11:00:00+00:00,280.56094,21.605999
2025-09-29 12:00:00+00:00,304.9921,15.3802595
2025-09-29 13:00:00+00:00,324.8335,9.688281
2025-09-29 14:00:00+00:00,310.46216,8.043805
2025-09-29 15:00:00+00:00,313.1524,7.8954163
2025-09-29 16:00:00+00:00,336.19403,6.689125
2025-09-29 17:00:00+00:00,337.93204,7.186487
2025-09-29 18:00:00+00:00,336.0375,8.863972
2025-09-29 19:00:00+00:00,327.26477,8.9873905
2025-09-29 20:00:00+00:00,323.13004,5.3999996
2025-09-29 21:00:00+00:00,307.56866,2.9522195
2025-09-29 22:00:00+00:00,285.94547,1.3104197
2025-09-29 23:00:00+00:00,251.56496,0.56920993
2025-09-30 00:00:00+00:00,90.0,0.17999999
2025-09-30 01:00:00+00:00,360.0,0.71999997
2025-09-30 02:00:00+00:00,201.80147,0.9693296
2025-09-30 03:00:00+00:00,200.55612,1.5379207
2025-09-30 04:00:00+00:00,199.9832,2.1068459
2025-09-30 05:00:00+00:00,202.6199,2.3400002
2025-09-30 06:00:00+00:00,203.9625,3.5455887
2025-09-30 07:00:00+00:00,215.53777,3.096837
2025-09-30 08:00:00+00:00,236.3099,1.9469976
2025-09-30 09:00:00+00:00,297.8972,3.4623692
2025-09-30 10:00:00+00:00,295.8663,6.601363
2025-09-30 11:00:00+00:00,310.91428,7.145796
2025-09-30 12:00:00+00:00,319.84406,7.5363917
2025-09-30 13:00:00+00:00,296.56497,2.0124612
2025-09-30 14:00:00+00:00,180.0,0.35999998
2025-09-30 15:00:00+00:00,143.13002,0.9
2025-09-30 16:00:00+00:00,49.398785,1.659518
2025-09-30 17:00:00+00:00,35.837746,3.9966483
2025-09-30 18:00:00+00:00,49.398785,1.659518
2025-09-30 19:00:00+00:00,33.6901,0.6489992
2025-09-30 20:00:00+00:00,20.556128,1.5379207
2025-09-30 21:00:00+00:00,26.564985,0.40249225
2025-09-30 22:00:00+00:00,26.564985,0.40249225
2025-09-30 23:00:00+00:00,30.963696,1.0495713
2025-10-01 00:00:00+00:00,347.4712,1.659518
2025-10-01 01:00:00+00:00,352.87506,1.4512063
2025-10-01 02:00:00+00:00,360.0,0.54
2025-10-01 03:00:00+00:00,276.84268,4.5322843
2025-10-01 04:00:00+00:00,285.06854,4.8466477
2025-10-01 05:00:00+00:00,266.186,2.7059932
2025-10-01 06:00:00+00:00,351.02744,3.462369
2025-10-01 07:00:00+00:00,319.63553,4.724786
2025-10-01 08:00:00+00:00,330.25522,7.256032
2025-10-01 09:00:00+00:00,337.75092,8.557102
2025-10-01 10:00:00+00:00,339.71735,8.827344
2025-10-01 11:00:00+00:00,336.0375,7.0911775
2025-10-01 12:00:00+00:00,13.134034,5.5450516
2025-10-01 13:00:00+00:00,213.6901,0.6489992
2025-10-01 14:00:00+00:00,135.0001,0.25455844
2025-10-01 15:00:00+00:00,105.945465,1.3104197
2025-10-01 16:00:00+00:00,53.972538,2.4482648
2025-10-01 17:00:00+00:00,47.290634,3.1845248
2025-10-01 18:00:00+00:00,34.9921,2.19718
2025-10-01 19:00:00+00:00,36.253937,3.3481934
2025-10-01 20:00:00+00:00,28.610369,2.2553935
2025-10-01 21:00:00+00:00,23.962492,1.7727944
2025-10-01 22:00:00+00:00,18.435053,1.1384199
2025-10-01 23:00:00+00:00,33.6901,0.6489992
2025-10-02 00:00:00+00:00,12.528798,1.659518
2025-10-02 01:00:00+00:00,18.435053,1.7076298
2025-10-02 02:00:00+00:00,345.9637,0.742159
2025-10-02 03:00:00+00:00,302.47116,4.6938257
2025-10-02 04:00:00+00:00,312.9546,7.1321807
2025-10-02 05:00:00+00:00,298.0724,6.12
2025-10-02 06:00:00+00:00,349.99207,6.2145634
2025-10-02 07:00:00+00:00,328.67136,4.846648
2025-10-02 08:00:00+00:00,248.96242,5.0142193
2025-10-02 09:00:00+00:00,246.64441,8.626865
2025-10-02 10:00:00+00:00,297.12122,8.29173
2025-10-02 11:00:00+00:00,339.62347,13.441071
2025-10-02 12:00:00+00:00,353.9911,10.316686
2025-10-02 13:00:00+00:00,340.3461,5.3517847
2025-10-02 14:00:00+00:00,340.9064,4.952453
2025-10-02 15:00:00+00:00,321.34018,3.4576871
2025-10-02 16:00:00+00:00,305.53775,3.096837
2025-10-02 17:00:00+00:00,331.1893,4.1085763
2025-10-02 18:00:00+00:00,343.3007,1.8792552
2025-10-02 19:00:00+00:00,344.05453,2.6208394
2025-10-02 20:00:00+00:00,293.9625,1.7727944
2025-10-02 21:00:00+00:00,275.7105,1.8089776
2025-10-02 22:00:00+00:00,251.56496,1.1384199
2025-10-02 23:00:00+00:00,341.56494,0.56920993
2025-10-03 00:00:00+00:00,351.87,1.2727921
2025-10-03 01:00:00+00:00,360.0,1.4399999
2025-10-03 02:00:00+00:00,9.462248,1.0948973
2025-10-03 03:00:00+00:00,318.57642,4.080882
2025-10-03 04:00:00+00:00,310.60123,3.319036
2025-10-03 05:00:00+00:00,305.53775,1.5484185
2025-10-03 06:00:00+00:00,26.564985,3.62243
2025-10-03 07:00:00+00:00,311.42358,4.080882
2025-10-03 08:00:00+00:00,244.2901,5.3939967
2025-10-03 09:00:00+00:00,296.09537,9.82114
2025-10-03 10:00:00+00:00,309.44003,14.450535
2025-10-03 11:00:00+00:00,292.20352,9.526405
2025-10-03 12:00:00+00:00,270.0,3.4199998
2025-10-03 13:00:00+00:00,180.0,0.17999999
2025-10-03 14:00:00+00:00,258.6901,0.9178235
2025-10-03 15:00:00+00:00,213.6901,0.6489992
2025-10-03 16:00:00+00:00,216.86998,0.9
2025-10-03 17:00:00+00:00,243.43501,0.40249225
2025-10-03 18:00:00+00:00,300.96368,2.0991426
2025-10-03 19:00:00+00:00,270.0,1.4399999
2025-10-03 20:00:00+00:00,270.0,1.8
2025-10-03 21:00:00+00:00,270.0,0.9
2025-10-03 22:00:00+00:00,180.0,0.17999999
2025-10-03 23:00:00+00:00,224.9999,0.25455844
2025-10-04 00:00:00+00:00,350.53775,1.0948973
2025-10-04 01:00:00+00:00,243.43501,0.40249225
2025-10-04 02:00:00+00:00,249.44386,1.5379207
2025-10-04 03:00:00+00:00,218.65984,1.1525624
2025-10-04 04:00:00+00:00,171.25392,2.36753
2025-10-04 05:00:00+00:00,142.3057,5.004518
2025-10-04 06:00:00+00:00,125.537766,3.096837
2025-10-04 07:00:00+00:00,108.43504,2.2768397
2025-10-04 08:00:00+00:00,135.0001,3.3092594
2025-10-04 09:00:00+00:00,129.28938,5.1165614
2025-10-04 10:00:00+00:00,165.96373,1.484318
2025-10-04 11:00:00+00:00,208.30066,2.657668
2025-10-04 12:00:00+00:00,228.94528,7.3997297
2025-10-04 13:00:00+00:00,216.38445,4.2481523
2025-10-04 14:00:00+00:00,234.46223,3.096837
2025-10-04 15:00:00+00:00,215.53777,1.5484185
2025-10-04 16:00:00+00:00,251.56496,0.56920993
2025-10-04 17:00:00+00:00,270.0,1.26
2025-10-04 18:00:00+00:00,284.03625,0.742159
2025-10-04 19:00:00+00:00,270.0,0.9
2025-10-04 20:00:00+00:00,270.0,1.08
2025-10-04 21:00:00+00:00,180.0,0.17999999
2025-10-04 22:00:00+00:00,198.43504,0.56920993
2025-10-04 23:00:00+00:00,243.43501,0.40249225
2025-10-05 00:00:00+00:00,360.0,0.71999997
2025-10-05 01:00:00+00:00,251.56496,0.56920993
2025-10-05 02:00:00+00:00,21.801476,0.9693296
2025-10-05 03:00:00+00:00,295.5599,4.5891175
2025-10-05 04:00:00+00:00,338.6293,8.891344
2025-10-05 05:00:00+00:00,345.9637,9.6480665
2025-10-05 06:00:00+00:00,349.11453,4.7657523
2025-10-05 07:00:00+00:00,340.9064,9.904906
2025-10-05 08:00:00+00:00,308.65982,12.678185
2025-10-05 09:00:00+00:00,311.55252,10.583326
2025-10-05 10:00:00+00:00,339.94382,12.072083
2025-10-05 11:00:00+00:00,358.36346,12.605142
2025-10-05 12:00:00+00:00,335.77228,3.9477081
2025-10-05 13:00:00+00:00,294.77512,2.5772076
2025-10-05 14:00:00+00:00,296.56497,0.8049845
2025-10-05 15:00:00+00:00,296.56497,0.8049845
2025-10-05 16:00:00+00:00,251.56496,0.56920993
2025-10-05 17:00:00+00:00,270.0,0.9
2025-10-05 18:00:00+00:00,360.0,1.4399999
2025-10-05 19:00:00+00:00,224.9999,0.76367533
2025-10-05 20:00:00+00:00,56.309914,1.2979984
2025-10-05 21:00:00+00:00,78.6901,1.835647
2025-10-05 22:00:00+00:00,135.0001,0.76367533
2025-10-05 23:00:00+00:00,56.309914,1.2979984
2025-10-06 00:00:00+00:00,355.91446,2.5264204
2025-10-06 01:00:00+00:00,165.96373,0.742159
2025-10-06 02:00:00+00:00,35.217674,3.745557
2025-10-06 03:00:00+00:00,37.568665,8.856658
2025-10-06 04:00:00+00:00,70.20104,4.7827187
2025-10-06 05:00:00+00:00,65.55606,6.5248446
2025-10-06 06:00:00+00:00,52.001225,7.3094187
2025-10-06 07:00:00+00:00,7.3056703,7.0774574
2025-10-06 08:00:00+00:00,358.31534,12.245294
2025-10-06 09:00:00+00:00,17.92802,12.864649
2025-10-06 10:00:00+00:00,8.8805895,11.659777
2025-10-06 11:00:00+00:00,351.11942,5.8298883
2025-10-06 12:00:00+00:00,14.995138,10.435344
2025-10-06 13:00:00+00:00,14.620926,4.278551
2025-10-06 14:00:00+00:00,13.392516,3.8856654
2025-10-06 15:00:00+00:00,57.99466,1.6981165
2025-10-06 16:00:00+00:00,24.775122,2.5772076
2025-10-06 17:00:00+00:00,38.65983,2.3051248
2025-10-06 18:00:00+00:00,2.0453732,5.0432134
2025-10-06 19:00:00+00:00,33.023872,4.293669
2025-10-06 20:00:00+00:00,28.178495,5.7176566
2025-10-06 21:00:00+00:00,19.290138,3.8141315
2025-10-06 22:00:00+00:00,59.03632,3.148714
2025-10-06 23:00:00+00:00,40.763515,6.8919086
2025-10-07 00:00:00+00:00,14.036275,8.163749
2025-10-07 01:00:00+00:00,12.875007,6.4624763
2025-10-07 02:00:00+00:00,18.03438,8.139901
2025-10-07 03:00:00+00:00,19.855309,6.889557
2025-10-07 04:00:00+00:00,5.19435,9.9408245
2025-10-07 05:00:00+00:00,17.418066,9.621163
2025-10-07 06:00:00+00:00,39.61066,6.7757506
2025-10-07 07:00:00+00:00,316.33215,16.423458
2025-10-07 08:00:00+00:00,348.6901,4.5891175
2025-10-07 09:00:00+00:00,360.0,5.04
2025-10-07 10:00:00+00:00,4.5738406,4.514377
2025-10-07 11:00:00+00:00,255.96373,0.742159
2025-10-07 12:00:00+00:00,128.65984,1.1525624
2025-10-07 13:00:00+00:00,59.03632,3.148714
2025-10-07 14:00:00+00:00,37.30404,4.752136
2025-10-07 15:00:00+00:00,37.30404,4.752136
2025-10-07 16:00:00+00:00,42.709366,3.1845248
2025-10-07 17:00:00+00:00,39.47243,3.9640884
2025-10-07 18:00:00+00:00,12.094739,5.1544156
2025-10-07 19:00:00+00:00,34.9921,4.39436
2025-10-07 20:00:00+00:00,34.3804,4.143911
2025-10-07 21:00:00+00:00,41.63345,2.1674871
2025-10-07 22:00:00+00:00,168.69011,0.9178235
2025-10-07 23:00:00+00:00,47.290634,3.1845248
2025-10-08 00:00:00+00:00,347.00537,2.4014995
2025-10-08 01:00:00+00:00,14.036275,2.226477
2025-10-08 02:00:00+00:00,19.983198,2.1068459
2025-10-08 03:00:00+00:00,194.03627,0.742159
2025-10-08 04:00:00+00:00,100.88548,4.7657523
2025-10-08 05:00:00+00:00,81.02746,3.462369
2025-10-08 06:00:00+00:00,23.962492,1.7727944
2025-10-08 07:00:00+00:00,8.130019,2.5455842
2025-10-08 08:00:00+00:00,44.999897,2.5455842
2025-10-08 09:00:00+00:00,44.999897,3.0547013
2025-10-08 10:00:00+00:00,44.999897,3.3092594
2025-10-08 11:00:00+00:00,24.443953,2.1749482
2025-10-08 12:00:00+00:00,25.346138,3.7842832
2025-10-08 13:00:00+00:00,38.65983,3.4576871
2025-10-08 14:00:00+00:00,40.601215,1.659518
2025-10-08 15:00:00+00:00,52.431335,2.9522195
2025-10-08 16:00:00+00:00,49.635548,4.724786
2025-10-08 17:00:00+00:00,44.999897,5.854844
2025-10-08 18:00:00+00:00,18.435053,2.2768397
2025-10-08 19:00:00+00:00,36.528946,6.048107
2025-10-08 20:00:00+00:00,41.63345,4.3349743
2025-10-08 21:00:00+00:00,39.805527,4.2175345
2025-10-08 22:00:00+00:00,36.253937,3.3481934
2025-10-08 23:00:00+00:00,39.805527,2.8116899
2025-10-09 00:00:00+00:00,360.0,1.4399999
2025-10-09 01:00:00+00:00,18.435053,1.7076298
2025-10-09 02:00:00+00:00,360.0,1.08
2025-10-09 03:00:00+00:00,135.0001,0.5091169
2025-10-09 04:00:00+00:00,138.01286,2.4216523
2025-10-09 05:00:00+00:00,125.21768,3.745557
2025-10-09 06:00:00+00:00,108.43504,1.7076298
2025-10-09 07:00:00+00:00,114.44395,2.1749482
2025-10-09 08:00:00+00:00,119.357666,3.3043609
2025-10-09 09:00:00+00:00,127.694305,5.004518
2025-10-09 10:00:00+00:00,143.47105,6.048107
2025-10-09 11:00:00+00:00,128.36752,5.509882
2025-10-09 12:00:00+00:00,97.59455,2.7238941
2025-10-09 13:00:00+00:00,55.0079,2.19718
2025-10-09 14:00:00+00:00,47.72637,2.6758924
2025-10-09 15:00:00+00:00,36.86999,4.5
2025-10-09 16:00:00+00:00,37.30404,4.752136
2025-10-09 17:00:00+00:00,47.489597,2.9301877
2025-10-09 18:00:00+00:00,360.0,2.6999998
2025-10-09 19:00:00+00:00,40.601215,3.319036
2025-10-09 20:00:00+00:00,57.094753,3.6447225
2025-10-09 21:00:00+00:00,56.976128,4.293669
2025-10-09 22:00:00+00:00,63.435013,3.62243
2025-10-09 23:00:00+00:00,77.90526,2.5772078
2025-10-10 00:00:00+00:00,360.0,0.9
2025-10-10 01:00:00+00:00,44.999897,1.2727921
2025-10-10 02:00:00+00:00,62.65021,5.8769383
2025-10-10 03:00:00+00:00,93.57626,5.771239
2025-10-10 04:00:00+00:00,90.0,6.2999997
2025-10-10 05:00:00+00:00,93.46816,5.950899
2025-10-10 06:00:00+00:00,83.659904,3.2599385
2025-10-10 07:00:00+00:00,81.86999,5.0911684
2025-10-10 08:00:00+00:00,79.69521,6.037383
2025-10-10 09:00:00+00:00,87.064384,7.029225
2025-10-10 10:00:00+00:00,92.544754,8.107996
2025-10-10 11:00:00+00:00,98.65246,8.37532
2025-10-10 12:00:00+00:00,79.69521,4.0249224
2025-10-10 13:00:00+00:00,46.468742,4.965521
2025-10-10 14:00:00+00:00,62.447273,4.669604
2025-10-10 15:00:00+00:00,70.559875,3.244996
2025-10-10 16:00:00+00:00,71.564964,3.4152596
2025-10-10 17:00:00+00:00,94.39862,2.3469126
2025-10-10 18:00:00+00:00,360.0,0.9
2025-10-10 19:00:00+00:00,61.389645,2.2553935
2025-10-10 20:00:00+00:00,83.99109,3.438895
2025-10-10 21:00:00+00:00,98.13002,3.8183763
2025-10-10 22:00:00+00:00,92.29056,4.503598
2025-10-10 23:00:00+00:00,111.3707,4.445672
2025-10-11 00:00:00+00:00,36.86999,0.9
2025-10-11 01:00:00+00:00,122.27562,4.0449967
2025-10-11 02:00:00+00:00,129.2894,7.674842
2025-10-11 03:00:00+00:00,140.82635,6.269067
2025-10-11 04:00:00+00:00,149.53453,7.10031
2025-10-11 05:00:00+00:00,145.84026,6.090812
2025-10-11 06:00:00+00:00,169.3804,2.9301877
2025-10-11 07:00:00+00:00,172.56868,4.175069
2025-10-11 08:00:00+00:00,177.39749,3.964089
2025-10-11 09:00:00+00:00,169.21574,3.84796
2025-10-11 10:00:00+00:00,162.47433,3.5864744
2025-10-11 11:00:00+00:00,169.3804,2.9301877
2025-10-11 12:00:00+00:00,360.0,0.17999999
2025-10-11 13:00:00+00:00,270.0,0.0
2025-10-11 14:00:00+00:00,52.124958,2.0523157
2025-10-11 15:00:00+00:00,39.805527,2.8116899
2025-10-11 16:00:00+00:00,39.805527,1.4058449
2025-10-11 17:00:00+00:00,36.86999,0.9
2025-10-11 18:00:00+00:00,344.05453,1.3104197
2025-10-11 19:00:00+00:00,85.23644,2.1674871
2025-10-11 20:00:00+00:00,90.0,1.98
2025-10-11 21:00:00+00:00,146.3099,1.2979984
2025-10-11 22:00:00+00:00,141.34016,1.1525624
2025-10-11 23:00:00+00:00,105.945465,1.3104197
2025-10-12 00:00:00+00:00,71.564964,1.1384199
2025-10-12 01:00:00+00:00,173.6599,1.6299692
2025-10-12 02:00:00+00:00,160.70985,3.8141315
2025-10-12 03:00:00+00:00,141.63248,5.509882
2025-10-12 04:00:00+00:00,146.76828,6.2405767
2025-10-12 05:00:00+00:00,144.09018,6.444905
2025-10-12 06:00:00+00:00,156.80139,4.1125174
2025-10-12 07:00:00+00:00,141.07245,6.015878
2025-10-12 08:00:00+00:00,146.76828,6.2405767
2025-10-12 09:00:00+00:00,139.39879,6.638072
2025-10-12 10:00:00+00:00,138.50363,6.248359
2025-10-12 11:00:00+00:00,138.50363,6.248359
2025-10-12 12:00:00+00:00,79.69521,2.0124612
2025-10-12 13:00:00+00:00,57.99466,1.6981165
2025-10-12 14:00:00+00:00,50.710617,2.5582807
2025-10-12 15:00:00+00:00,44.999897,1.5273507
2025-10-12 16:00:00+00:00,54.46224,1.5484185
2025-10-12 17:00:00+00:00,57.99466,1.6981165
2025-10-12 18:00:00+00:00,360.0,0.9
2025-10-12 19:00:00+00:00,57.99466,1.6981165
2025-10-12 20:00:00+00:00,69.44387,1.5379207
2025-10-12 21:00:00+00:00,113.19862,1.3708391
2025-10-12 22:00:00+00:00,105.945465,1.3104197
2025-10-12 23:00:00+00:00,75.96373,1.484318
2025-10-13 00:00:00+00:00,26.564985,0.40249225
2025-10-13 01:00:00+00:00,90.0,0.71999997
2025-10-13 02:00:00+00:00,109.440125,3.244996
2025-10-13 03:00:00+00:00,140.19447,4.2175345
2025-10-13 04:00:00+00:00,145.71307,4.7928696
2025-10-13 05:00:00+00:00,143.84172,5.796447
2025-10-13 06:00:00+00:00,143.13002,4.5
2025-10-13 07:00:00+00:00,128.15727,6.4096174
2025-10-13 08:00:00+00:00,137.29063,6.3690495
2025-10-13 09:00:00+00:00,136.2188,5.983477
2025-10-13 10:00:00+00:00,142.76509,5.6521144
2025-10-13 11:00:00+00:00,145.71307,4.7928696
2025-10-13 12:00:00+00:00,71.564964,1.7076298
2025-10-13 13:00:00+00:00,56.309914,2.5959969
2025-10-13 14:00:00+00:00,44.999897,3.3092594
2025-10-13 15:00:00+00:00,42.510403,2.9301877
2025-10-13 16:00:00+00:00,44.999897,1.0182338
2025-10-13 17:00:00+00:00,40.601215,1.659518
2025-10-13 18:00:00+00:00,14.036275,0.742159
2025-10-13 19:00:00+00:00,60.255207,1.4512063
2025-10-13 20:00:00+00:00,77.4712,1.659518
2025-10-13 21:00:00+00:00,140.19447,1.4058449
2025-10-13 22:00:00+00:00,90.0,1.08
2025-10-13 23:00:00+00:00,71.564964,1.1384199
2025-10-14 00:00:00+00:00,18.435053,0.56920993
2025-10-14 01:00:00+00:00,108.43504,1.1384199
2025-10-14 02:00:00+00:00,90.0,2.6999998
2025-10-14 03:00:00+00:00,127.30403,4.752136
2025-10-14 04:00:00+00:00,139.39879,4.978554
2025-10-14 05:00:00+00:00,139.18501,5.2323985
2025-10-14 06:00:00+00:00,119.05451,3.7064266
2025-10-14 07:00:00+00:00,123.11135,4.942631
2025-10-14 08:00:00+00:00,123.17853,5.5916004
2025-10-14 09:00:00+00:00,119.74479,5.8048253
2025-10-14 10:00:00+00:00,113.749504,4.91634
2025-10-14 11:00:00+00:00,109.17911,4.3832865
2025-10-14 12:00:00+00:00,41.98713,2.4216523
2025-10-14 13:00:00+00:00,39.09386,3.710795
2025-10-14 14:00:00+00:00,52.124958,2.0523157
2025-10-14 15:00:00+00:00,53.972538,2.4482648
2025-10-14 16:00:00+00:00,56.309914,2.5959969
2025-10-14 17:00:00+00:00,59.743652,2.50064
2025-10-14 18:00:00+00:00,14.036275,1.484318
2025-10-14 19:00:00+00:00,36.86998,2.6999998
2025-10-14 20:00:00+00:00,53.972538,2.4482648
2025-10-14 21:00:00+00:00,54.46224,3.096837
2025-10-14 22:00:00+00:00,61.69934,2.657668
2025-10-14 23:00:00+00:00,61.69934,2.657668
2025-10-15 00:00:00+00:00,6.3401003,1.6299692
2025-10-15 01:00:00+00:00,37.568665,2.9522195
2025-10-15 02:00:00+00:00,53.74608,3.3481934
2025-10-15 03:00:00+00:00,92.385895,4.323748
2025-10-15 04:00:00+00:00,92.60251,3.964089
2025-10-15 05:00:00+00:00,85.23644,4.3349743
2025-10-15 06:00:00+00:00,54.782326,3.745557
2025-10-15 07:00:00+00:00,48.65233,5.994297
2025-10-15 08:00:00+00:00,37.476254,6.804381
2025-10-15 09:00:00+00:00,35.537766,6.193674
2025-10-15 10:00:00+00:00,12.804273,4.060985
2025-10-15 11:00:00+00:00,24.443953,6.5248446
2025-10-15 12:00:00+00:00,47.489597,2.9301877
2025-10-15 13:00:00+00:00,56.309914,1.2979984
2025-10-15 14:00:00+00:00,53.13002,0.9
2025-10-15 15:00:00+00:00,29.744795,2.9024127
2025-10-15 16:00:00+00:00,37.875053,2.0523157
2025-10-15 17:00:00+00:00,180.0,0.35999998
2025-10-15 18:00:00+00:00,18.435053,1.7076298
2025-10-15 19:00:00+00:00,41.98713,2.4216523
2025-10-15 20:00:00+00:00,96.340096,1.6299692
2025-10-15 21:00:00+00:00,75.96373,2.226477
2025-10-15 22:00:00+00:00,56.309914,2.5959969
2025-10-15 23:00:00+00:00,50.710617,2.5582807
2025-10-16 00:00:00+00:00,9.462248,1.0948973
2025-10-16 01:00:00+00:00,48.366554,2.1674871
2025-10-16 02:00:00+00:00,47.72637,2.6758924
2025-10-16 03:00:00+00:00,159.67677,5.1826253
2025-10-16 04:00:00+00:00,160.90642,4.952453
2025-10-16 05:00:00+00:00,171.46931,3.6402748
2025-10-16 06:00:00+00:00,150.9455,1.8532133
2025-10-16 07:00:00+00:00,132.87889,3.4388947
2025-10-16 08:00:00+00:00,137.4896,2.9301877
2025-10-16 09:00:00+00:00,138.01286,2.4216523
2025-10-16 10:00:00+00:00,180.0,0.54
2025-10-16 11:00:00+00:00,265.60138,2.3469126
2025-10-16 12:00:00+00:00,338.19852,1.9386592
2025-10-16 13:00:00+00:00,23.198618,2.7416782
2025-10-16 14:00:00+00:00,34.159744,6.090812
2025-10-16 15:00:00+00:00,34.624226,9.187056
2025-10-16 16:00:00+00:00,34.69522,5.692099
2025-10-16 17:00:00+00:00,35.537766,4.6452556
2025-10-16 18:00:00+00:00,21.801476,2.907989
2025-10-16 19:00:00+00:00,36.38445,4.2481523
2025-10-16 20:00:00+00:00,36.253937,3.3481934
2025-10-16 21:00:00+00:00,39.805527,2.8116899
2025-10-16 22:00:00+00:00,39.47243,3.9640884
2025-10-16 23:00:00+00:00,41.185837,3.8268526
2025-10-17 00:00:00+00:00,11.3098955,1.835647
2025-10-17 01:00:00+00:00,40.601215,3.319036
2025-10-17 02:00:00+00:00,39.805527,2.8116899
2025-10-17 03:00:00+00:00,159.14546,4.0449963
2025-10-17 04:00:00+00:00,156.80139,4.1125174
2025-10-17 05:00:00+00:00,164.47583,3.362677
2025-10-17 06:00:00+00:00,218.65984,1.1525624
2025-10-17 07:00:00+00:00,139.39879,1.659518
2025-10-17 08:00:00+00:00,194.03627,0.742159
2025-10-17 09:00:00+00:00,180.0,0.54
2025-10-17 10:00:00+00:00,224.9999,0.25455844
2025-10-17 11:00:00+00:00,206.56499,0.8049845
2025-10-17 12:00:00+00:00,75.96373,0.742159
2025-10-17 13:00:00+00:00,55.491425,3.494968
2025-10-17 14:00:00+00:00,39.173653,6.269067
2025-10-17 15:00:00+00:00,34.592358,6.341009
2025-10-17 16:00:00+00:00,36.86998,5.3999996
2025-10-17 17:00:00+00:00,34.82457,5.0432134
2025-10-17 18:00:00+00:00,19.653913,2.6758924
2025-10-17 19:00:00+00:00,37.405437,3.8521678
2025-10-17 20:00:00+00:00,34.69522,2.8460495
2025-10-17 21:00:00+00:00,32.905247,3.6447225
2025-10-17 22:00:00+00:00,34.69522,2.8460495
2025-10-17 23:00:00+00:00,38.65983,3.4576871
2025-10-18 00:00:00+00:00,360.0,1.26
2025-10-18 01:00:00+00:00,39.289394,2.5582807
2025-10-18 02:00:00+00:00,40.601215,3.319036
2025-10-18 03:00:00+00:00,174.80566,3.9763298
2025-10-18 04:00:00+00:00,150.2552,2.9024127
2025-10-18 05:00:00+00:00,163.30067,1.8792552
2025-10-18 06:00:00+00:00,255.06853,2.7943513
2025-10-18 07:00:00+00:00,224.9999,2.2910259
2025-10-18 08:00:00+00:00,216.86998,1.8
2025-10-18 09:00:00+00:00,180.0,0.9
2025-10-18 10:00:00+00:00,180.0,0.35999998
2025-10-18 11:00:00+00:00,191.30989,1.835647
2025-10-18 12:00:00+00:00,165.96373,0.742159
2025-10-18 13:00:00+00:00,110.55613,1.5379207
2025-10-18 14:00:00+00:00,56.3099,3.8939953
2025-10-18 15:00:00+00:00,43.602894,5.22
2025-10-18 16:00:00+00:00,38.047092,5.257109
2025-10-18 17:00:00+00:00,39.09386,3.710795
2025-10-18 18:00:00+00:00,14.036275,1.484318
2025-10-18 19:00:00+00:00,39.805527,2.8116899
2025-10-18 20:00:00+00:00,38.65983,3.4576871
2025-10-18 21:00:00+00:00,35.837746,3.9966483
2025-10-18 22:00:00+00:00,40.601215,1.659518
2025-10-18 23:00:00+00:00,34.69522,2.8460495
2025-10-19 00:00:00+00:00,360.0,1.98
2025-10-19 01:00:00+00:00,29.744795,1.4512063
2025-10-19 02:00:00+00:00,21.801476,0.9693296
2025-10-19 03:00:00+00:00,140.71062,2.5582807
2025-10-19 04:00:00+00:00,154.7989,3.381893
2025-10-19 05:00:00+00:00,143.97253,2.4482648
2025-10-19 06:00:00+00:00,120.96369,1.0495713
2025-10-19 07:00:00+00:00,255.96373,0.742159
2025-10-19 08:00:00+00:00,305.53775,3.096837
2025-10-19 09:00:00+00:00,348.6901,5.506941
2025-10-19 10:00:00+00:00,29.054508,9.2660675
2025-10-19 11:00:00+00:00,40.763515,6.8919086
2025-10-19 12:00:00+00:00,29.744795,1.4512063
2025-10-19 13:00:00+00:00,9.462248,1.0948973
2025-10-19 14:00:00+00:00,360.0,0.71999997
2025-10-19 15:00:00+00:00,360.0,0.17999999
2025-10-19 16:00:00+00:00,33.6901,1.9469976
2025-10-19 17:00:00+00:00,26.564985,3.219938
2025-10-19 18:00:00+00:00,351.2539,2.36753
2025-10-19 19:00:00+00:00,12.99463,2.4014995
2025-10-19 20:00:00+00:00,360.0,1.4399999
2025-10-19 21:00:00+00:00,353.6599,1.6299692
2025-10-19 22:00:00+00:00,345.9637,1.484318
2025-10-19 23:00:00+00:00,360.0,1.4399999
2025-10-20 00:00:00+00:00,353.29025,3.0811036
2025-10-20 01:00:00+00:00,11.3098955,3.671294
2025-10-20 02:00:00+00:00,16.927603,4.327493
2025-10-20 03:00:00+00:00,25.769283,5.7964473
2025-10-20 04:00:00+00:00,317.4896,2.9301877
2025-10-20 05:00:00+00:00,1.7356651,5.9427266
2025-10-20 06:00:00+00:00,15.42223,5.4149795
2025-10-20 07:00:00+00:00,14.036275,10.390226
2025-10-20 08:00:00+00:00,1.397161,7.3821945
2025-10-20 09:00:00+00:00,350.8377,5.6521144
2025-10-20 10:00:00+00:00,237.17146,6.6405115
2025-10-20 11:00:00+00:00,267.6141,4.323748
2025-10-20 12:00:00+00:00,25.346138,3.7842832
2025-10-20 13:00:00+00:00,26.564985,1.609969
2025-10-20 14:00:00+00:00,336.0375,1.7727944
2025-10-20 15:00:00+00:00,18.435053,2.2768397
2025-10-20 16:00:00+00:00,351.87,1.2727921
2025-10-20 17:00:00+00:00,270.0,0.17999999
2025-10-20 18:00:00+00:00,342.8972,2.4482646
2025-10-20 19:00:00+00:00,21.801476,2.907989
2025-10-20 20:00:00+00:00,16.699326,1.8792552
2025-10-20 21:00:00+00:00,353.6599,1.6299692
2025-10-20 22:00:00+00:00,348.6901,1.835647
2025-10-20 23:00:00+00:00,349.69522,2.0124612
2025-10-21 00:00:00+00:00,353.9911,3.438895
2025-10-21 01:00:00+00:00,15.945477,5.2416787
2025-10-21 02:00:00+00:00,13.5704565,5.3699164
2025-10-21 03:00:00+00:00,20.72564,7.120815
2025-10-21 04:00:00+00:00,16.58742,8.827343
2025-10-21 05:00:00+00:00,29.638298,12.011544
2025-10-21 06:00:00+00:00,21.801476,2.907989
2025-10-21 07:00:00+00:00,347.66092,5.896202
2025-10-21 08:00:00+00:00,352.40543,5.4477882
2025-10-21 09:00:00+00:00,357.87894,4.8633323
2025-10-21 10:00:00+00:00,315.70724,10.310402
2025-10-21 11:00:00+00:00,355.60138,9.3876505
2025-10-21 12:00:00+00:00,17.650223,4.1556225
2025-10-21 13:00:00+00:00,22.306253,7.587806
2025-10-21 14:00:00+00:00,30.068504,7.9036193
2025-10-21 15:00:00+00:00,31.263678,5.896202
2025-10-21 16:00:00+00:00,19.653913,5.3517847
2025-10-21 17:00:00+00:00,4.085537,2.5264204
2025-10-21 18:00:00+00:00,345.9637,0.742159
2025-10-21 19:00:00+00:00,240.2552,1.4512063
2025-10-21 20:00:00+00:00,180.0,0.35999998
2025-10-21 21:00:00+00:00,37.568665,2.9522195
2025-10-21 22:00:00+00:00,360.0,0.17999999
2025-10-21 23:00:00+00:00,38.65983,1.1525624
2025-10-22 00:00:00+00:00,355.23645,2.1674871
2025-10-22 01:00:00+00:00,21.801476,1.9386592
2025-10-22 02:00:00+00:00,39.805527,2.8116899
2025-10-22 03:00:00+00:00,188.74608,2.36753
2025-10-22 04:00:00+00:00,139.76372,3.0652893
2025-10-22 05:00:00+00:00,81.86999,2.5455842
2025-10-22 06:00:00+00:00,129.47243,3.9640884
2025-10-22 07:00:00+00:00,111.03758,5.0142193
2025-10-22 08:00:00+00:00,162.89719,2.4482646
2025-10-22 09:00:00+00:00,245.22488,2.5772076
2025-10-22 10:00:00+00:00,184.76355,2.1674871
2025-10-22 11:00:00+00:00,162.03076,7.0015144
2025-10-22 12:00:00+00:00,176.186,2.7059932
2025-10-22 13:00:00+00:00,287.52567,3.5864744
2025-10-22 14:00:00+00:00,212.47118,2.3469129
2025-10-22 15:00:00+00:00,191.30989,0.9178235
2025-10-22 16:00:00+00:00,224.9999,0.76367533
2025-10-22 17:00:00+00:00,224.9999,0.5091169
2025-10-22 18:00:00+00:00,270.0,0.0
2025-10-22 19:00:00+00:00,60.94549,1.8532133
2025-10-22 20:00:00+00:00,81.46932,3.6402748
2025-10-22 21:00:00+00:00,93.366394,3.0652895
2025-10-22 22:00:00+00:00,60.255207,2.9024127
2025-10-22 23:00:00+00:00,94.76356,2.1674871
2025-10-23 00:00:00+00:00,360.0,0.35999998
2025-10-23 01:00:00+00:00,26.564985,0.8049845
2025-10-23 02:00:00+00:00,71.564964,0.56920993
2025-10-23 03:00:00+00:00,164.05453,1.3104197
2025-10-23 04:00:00+00:00,165.96373,2.226477
2025-10-23 05:00:00+00:00,146.3099,2.5959969
2025-10-23 06:00:00+00:00,210.96368,1.0495713
2025-10-23 07:00:00+00:00,53.13002,1.8
2025-10-23 08:00:00+00:00,194.03627,0.742159
2025-10-23 09:00:00+00:00,180.0,1.08
2025-10-23 10:00:00+00:00,206.56499,0.40249225
2025-10-23 11:00:00+00:00,236.3099,0.6489992
2025-10-23 12:00:00+00:00,360.0,0.17999999
2025-10-23 13:00:00+00:00,198.43504,0.56920993
2025-10-23 14:00:00+00:00,36.86999,0.9
2025-10-23 15:00:00+00:00,38.65983,2.3051248
2025-10-23 16:00:00+00:00,32.005356,1.6981165
2025-10-23 17:00:00+00:00,32.005356,3.396233
2025-10-23 18:00:00+00:00,26.564985,1.609969
2025-10-23 19:00:00+00:00,28.610369,2.2553935
2025-10-23 20:00:00+00:00,26.564985,1.609969
2025-10-23 21:00:00+00:00,29.744795,1.4512063
2025-10-23 22:00:00+00:00,44.999897,0.25455844
2025-10-23 23:00:00+00:00,33.6901,0.6489992
2025-10-24 00:00:00+00:00,8.746089,2.36753
2025-10-24 01:00:00+00:00,27.897186,3.4623692
2025-10-24 02:00:00+00:00,30.963696,2.0991426
2025-10-24 03:00:00+00:00,201.80147,0.9693296
2025-10-24 04:00:00+00:00,164.74483,2.0523157
2025-10-24 05:00:00+00:00,173.6599,1.6299692
2025-10-24 06:00:00+00:00,277.76508,3.9966488
2025-10-24 07:00:00+00:00,264.2895,1.8089776
2025-10-24 08:00:00+00:00,233.13002,1.8
2025-10-24 09:00:00+00:00,228.81418,3.8268526
2025-10-24 10:00:00+00:00,234.78232,3.745557
2025-10-24 11:00:00+00:00,252.64589,3.01735
2025-10-24 12:00:00+00:00,345.9637,0.742159
2025-10-24 13:00:00+00:00,333.43503,0.8049845
2025-10-24 14:00:00+00:00,25.559923,4.5891175
2025-10-24 15:00:00+00:00,30.256361,2.50064
2025-10-24 16:00:00+00:00,31.607454,2.7475805
2025-10-24 17:00:00+00:00,28.810698,4.1085763
2025-10-24 18:00:00+00:00,28.072395,3.06
2025-10-24 19:00:00+00:00,28.610369,2.2553935
2025-10-24 20:00:00+00:00,31.607454,2.7475805
2025-10-24 21:00:00+00:00,33.6901,2.5959969
2025-10-24 22:00:00+00:00,29.744795,2.9024127
2025-10-24 23:00:00+00:00,29.054508,1.8532133
2025-10-25 00:00:00+00:00,353.6599,1.6299692
2025-10-25 01:00:00+00:00,23.629398,3.143565
2025-10-25 02:00:00+00:00,32.005356,1.6981165
2025-10-25 03:00:00+00:00,194.03627,2.226477
2025-10-25 04:00:00+00:00,176.82024,3.244996
2025-10-25 05:00:00+00:00,165.37909,4.278551
2025-10-25 06:00:00+00:00,194.03627,2.226477
2025-10-25 07:00:00+00:00,162.64589,3.01735
2025-10-25 08:00:00+00:00,175.23645,2.1674871
2025-10-25 09:00:00+00:00,211.60745,2.7475805
2025-10-25 10:00:00+00:00,228.01286,2.4216523
2025-10-25 11:00:00+00:00,214.69522,2.8460495
2025-10-25 12:00:00+00:00,237.99466,1.6981165
2025-10-25 13:00:00+00:00,218.65984,1.1525624
2025-10-25 14:00:00+00:00,44.999897,0.5091169
2025-10-25 15:00:00+00:00,38.290207,4.3573384
2025-10-25 16:00:00+00:00,37.405437,3.8521678
2025-10-25 17:00:00+00:00,34.9921,2.19718
2025-10-25 18:00:00+00:00,10.304792,2.0124612
2025-10-25 19:00:00+00:00,33.111355,4.942631
2025-10-25 20:00:00+00:00,30.068504,3.9518096
2025-10-25 21:00:00+00:00,28.810698,4.1085763
2025-10-25 22:00:00+00:00,25.016869,2.97953
2025-10-25 23:00:00+00:00,28.30066,2.657668
2025-10-26 00:00:00+00:00,32.005356,3.396233
2025-10-26 01:00:00+00:00,29.054508,3.7064266
2025-10-26 02:00:00+00:00,21.801476,1.9386592
2025-10-26 03:00:00+00:00,224.9999,0.25455844
2025-10-26 04:00:00+00:00,127.568665,2.9522195
2025-10-26 05:00:00+00:00,104.03627,2.226477
2025-10-26 06:00:00+00:00,135.0001,0.76367533
2025-10-26 07:00:00+00:00,224.9999,0.5091169
2025-10-26 08:00:00+00:00,272.72626,3.7842832
2025-10-26 09:00:00+00:00,304.9921,6.59154
2025-10-26 10:00:00+00:00,335.63754,10.472536
2025-10-26 11:00:00+00:00,357.27374,11.35285
2025-10-26 12:00:00+00:00,357.5105,4.143911
2025-10-26 13:00:00+00:00,28.442837,4.913044
2025-10-26 14:00:00+00:00,25.016869,2.97953
2025-10-26 15:00:00+00:00,23.198618,4.1125174
2025-10-26 16:00:00+00:00,19.093594,4.952453
2025-10-26 17:00:00+00:00,16.927603,4.327493
2025-10-26 18:00:00+00:00,17.744766,4.724786
2025-10-26 19:00:00+00:00,20.772345,5.5829024
2025-10-26 20:00:00+00:00,21.44781,5.414979
2025-10-26 21:00:00+00:00,17.102825,4.896529
2025-10-26 22:00:00+00:00,16.26028,4.5
2025-10-26 23:00:00+00:00,15.255177,4.1046314
2025-10-27 00:00:00+00:00,16.699326,3.7585104
2025-10-27 01:00:00+00:00,16.389616,3.189608
2025-10-27 02:00:00+00:00,15.945477,3.9312592
2025-10-27 03:00:00+00:00,357.6141,4.323748
2025-10-27 04:00:00+00:00,355.60138,7.040739
2025-10-27 05:00:00+00:00,16.504446,10.137692
2025-10-27 06:00:00+00:00,343.8556,7.1208143
2025-10-27 07:00:00+00:00,352.76315,11.431063
2025-10-27 08:00:00+00:00,344.18073,11.225132
2025-10-27 09:00:00+00:00,312.7688,9.807935
2025-10-27 10:00:00+00:00,295.0674,12.320471
2025-10-27 11:00:00+00:00,319.49722,11.362834
2025-10-27 12:00:00+00:00,12.339083,5.896202
2025-10-27 13:00:00+00:00,30.579157,9.19939
2025-10-27 14:00:00+00:00,29.931421,6.854195
2025-10-27 15:00:00+00:00,17.241547,5.4656014
2025-10-27 16:00:00+00:00,14.036275,2.968636
2025-10-27 17:00:00+00:00,15.945477,2.6208394
2025-10-27 18:00:00+00:00,345.25638,3.536439
2025-10-27 19:00:00+00:00,345.06854,2.7943513
2025-10-27 20:00:00+00:00,323.97253,2.4482648
2025-10-27 21:00:00+00:00,341.56494,2.8460498
2025-10-27 22:00:00+00:00,349.3804,2.9301877
2025-10-27 23:00:00+00:00,356.42374,2.8856194
2025-10-28 00:00:00+00:00,348.6901,3.671294
2025-10-28 01:00:00+00:00,8.130019,2.5455842
2025-10-28 02:00:00+00:00,14.036275,3.710795
2025-10-28 03:00:00+00:00,322.69595,4.752136
2025-10-28 04:00:00+00:00,306.11945,8.244708
2025-10-28 05:00:00+00:00,321.34018,9.220499
2025-10-28 06:00:00+00:00,307.6943,10.009036
2025-10-28 07:00:00+00:00,303.45334,12.081473
2025-10-28 08:00:00+00:00,308.4181,13.324863
2025-10-28 09:00:00+00:00,322.25314,14.113652
2025-10-28 10:00:00+00:00,331.69934,13.288341
2025-10-28 11:00:00+00:00,339.341,11.734564
2025-10-28 12:00:00+00:00,355.42615,4.514377
2025-10-28 13:00:00+00:00,12.094739,2.5772078
2025-10-28 14:00:00+00:00,344.05453,1.3104197
2025-10-28 15:00:00+00:00,360.0,0.54
2025-10-28 16:00:00+00:00,7.12493,1.4512063
2025-10-28 17:00:00+00:00,11.3098955,2.7534704
2025-10-28 18:00:00+00:00,360.0,2.52
2025-10-28 19:00:00+00:00,15.945477,3.9312592
2025-10-28 20:00:00+00:00,19.798973,4.7827187
2025-10-28 21:00:00+00:00,19.093594,4.952453
2025-10-28 22:00:00+00:00,17.650223,4.1556225
2025-10-28 23:00:00+00:00,26.564985,3.219938
2025-10-29 00:00:00+00:00,356.98727,3.4247334
2025-10-29 01:00:00+00:00,18.435053,3.9844694
2025-10-29 02:00:00+00:00,21.801476,3.8773184
2025-10-29 03:00:00+00:00,13.134034,5.5450516
2025-10-29 04:00:00+00:00,270.0,1.8
2025-10-29 05:00:00+00:00,3.8140097,2.7059932
2025-10-29 06:00:00+00:00,357.79745,4.6834598
2025-10-29 07:00:00+00:00,1.1457417,9.0018
2025-10-29 08:00:00+00:00,358.9584,9.901636
2025-10-29 09:00:00+00:00,3.8140097,10.823973
2025-10-29 10:00:00+00:00,18.71184,11.7827835
2025-10-29 11:00:00+00:00,31.372961,8.643749
2025-10-29 12:00:00+00:00,35.537766,3.096837
2025-10-29 13:00:00+00:00,26.564985,5.634891
2025-10-29 14:00:00+00:00,25.640957,4.991553
2025-10-29 15:00:00+00:00,23.198618,4.1125174
2025-10-29 16:00:00+00:00,17.354122,3.01735
2025-10-29 17:00:00+00:00,11.3098955,1.835647
2025-10-29 18:00:00+00:00,348.6901,2.7534704
2025-10-29 19:00:00+00:00,13.240531,3.143565
2025-10-29 20:00:00+00:00,336.8014,1.3708391
2025-10-29 21:00:00+00:00,324.46225,1.5484185
2025-10-29 22:00:00+00:00,360.0,1.8
2025-10-29 23:00:00+00:00,300.96368,1.0495713
2025-10-30 00:00:00+00:00,349.3804,2.9301877
2025-10-30 01:00:00+00:00,8.746089,2.36753
2025-10-30 02:00:00+00:00,243.43501,0.40249225
2025-10-30 03:00:00+00:00,198.43504,0.56920993
2025-10-30 04:00:00+00:00,203.19862,1.3708391
2025-10-30 05:00:00+00:00,180.0,0.35999998
2025-10-30 06:00:00+00:00,34.9921,4.39436
2025-10-30 07:00:00+00:00,355.60138,4.6938252
2025-10-30 08:00:00+00:00,321.70978,4.3573384
2025-10-30 09:00:00+00:00,329.30035,6.698806
2025-10-30 10:00:00+00:00,324.2932,7.0934615
2025-10-30 11:00:00+00:00,293.9625,3.5455887
2025-10-30 12:00:00+00:00,26.564985,0.40249225
2025-10-30 13:00:00+00:00,35.537766,1.5484185
2025-10-30 14:00:00+00:00,32.471172,2.3469129
2025-10-30 15:00:00+00:00,27.897186,3.4623692
2025-10-30 16:00:00+00:00,28.072395,3.06
2025-10-30 17:00:00+00:00,26.564985,3.219938
2025-10-30 18:00:00+00:00,8.746089,2.36753
2025-10-30 19:00:00+00:00,27.758451,3.8647635
2025-10-30 20:00:00+00:00,26.564985,3.219938
2025-10-30 21:00:00+00:00,27.758451,3.8647635
2025-10-30 22:00:00+00:00,28.610369,2.2553935
2025-10-30 23:00:00+00:00,30.963696,2.0991426
2025-10-31 00:00:00+00:00,3.5762644,2.8856194
2025-10-31 01:00:00+00:00,29.357658,3.3043609
2025-10-31 02:00:00+00:00,29.357658,3.3043609
2025-10-31 03:00:00+00:00,44.999897,1.781909
2025-10-31 04:00:00+00:00,191.30989,2.7534704
2025-10-31 05:00:00+00:00,180.0,2.34
2025-10-31 06:00:00+00:00,315.0001,0.76367533
2025-10-31 07:00:00+00:00,278.13,2.5455842
2025-10-31 08:00:00+00:00,274.39862,4.6938252
2025-10-31 09:00:00+00:00,284.8265,6.330782
2025-10-31 10:00:00+00:00,297.75842,7.729527
2025-10-31 11:00:00+00:00,297.4075,5.4744864
2025-10-31 12:00:00+00:00,345.9637,1.484318
2025-10-31 13:00:00+00:00,14.036275,2.226477
2025-10-31 14:00:00+00:00,25.769283,5.7964473
2025-10-31 15:00:00+00:00,25.559923,4.5891175
2025-10-31 16:00:00+00:00,27.645891,4.2671766
2025-10-31 17:00:00+00:00,28.610369,4.510787
2025-10-31 18:00:00+00:00,12.094739,2.5772078
2025-10-31 19:00:00+00:00,26.564985,4.0249224
2025-10-31 20:00:00+00:00,24.775122,2.5772076
2025-10-31 21:00:00+00:00,23.962492,3.5455887
2025-10-31 22:00:00+00:00,26.564985,2.8174455
2025-10-31 23:00:00+00:00,24.775122,2.5772076
2025-11-01 00:00:00+00:00,356.42374,2.8856194
2025-11-01 01:00:00+00:00,14.931467,2.7943513
2025-11-01 02:00:00+00:00,19.653913,2.6758924
2025-11-01 03:00:00+00:00,30.465475,3.550155
2025-11-01 04:00:00+00:00,263.6599,1.6299692
2025-11-01 05:00:00+00:00,315.0001,2.0364676
2025-11-01 06:00:00+00:00,322.69595,4.752136
2025-11-01 07:00:00+00:00,327.26477,8.9873905
2025-11-01 08:00:00+00:00,336.3179,11.203464
2025-11-01 09:00:00+00:00,345.74994,11.700001
2025-11-01 10:00:00+00:00,0.8302963,12.421304
2025-11-01 11:00:00+00:00,20.136398,5.7515564
2025-11-01 12:00:00+00:00,23.629398,3.143565
2025-11-01 13:00:00+00:00,21.801476,4.846648
2025-11-01 14:00:00+00:00,19.653913,2.6758924
2025-11-01 15:00:00+00:00,360.0,1.4399999
2025-11-01 16:00:00+00:00,360.0,1.4399999
2025-11-01 17:00:00+00:00,15.945477,1.3104197
2025-11-01 18:00:00+00:00,351.2539,2.36753
2025-11-01 19:00:00+00:00,347.90527,2.5772078
2025-11-01 20:00:00+00:00,293.1986,1.3708391
2025-11-01 21:00:00+00:00,306.86996,0.9
2025-11-01 22:00:00+00:00,350.53775,1.0948973
2025-11-01 23:00:00+00:00,9.462248,2.1897945
2025-11-02 00:00:00+00:00,336.8014,2.7416782
2025-11-02 01:00:00+00:00,309.8055,1.4058449
2025-11-02 02:00:00+00:00,296.56497,0.8049845
2025-11-02 03:00:00+00:00,257.4712,1.659518
2025-11-02 04:00:00+00:00,295.34613,3.7842832
2025-11-02 05:00:00+00:00,284.74362,3.536439
2025-11-02 06:00:00+00:00,289.44012,6.489992
2025-11-02 07:00:00+00:00,296.56497,8.049845
2025-11-02 08:00:00+00:00,309.8055,8.435069
2025-11-02 09:00:00+00:00,326.97614,8.587338
2025-11-02 10:00:00+00:00,339.82925,9.3962755
2025-11-02 11:00:00+00:00,349.69522,6.037383
2025-11-02 12:00:00+00:00,309.8055,2.8116899
2025-11-02 13:00:00+00:00,302.00534,1.6981165
2025-11-02 14:00:00+00:00,351.2539,2.36753
2025-11-02 15:00:00+00:00,342.8972,2.4482646
2025-11-02 16:00:00+00:00,329.74365,2.50064
2025-11-02 17:00:00+00:00,317.72638,2.6758924
2025-11-02 18:00:00+00:00,322.59457,3.8521678
2025-11-02 19:00:00+00:00,331.1893,4.1085763
2025-11-02 20:00:00+00:00,322.43134,2.9522195
2025-11-02 21:00:00+00:00,304.69522,2.8460495
2025-11-02 22:00:00+00:00,317.29062,3.1845248
2025-11-02 23:00:00+00:00,325.4914,3.494968
2025-11-03 00:00:00+00:00,327.99466,5.09435
2025-11-03 01:00:00+00:00,337.8336,5.2478566
2025-11-03 02:00:00+00:00,347.90527,5.1544156
2025-11-03 03:00:00+00:00,326.68936,7.538541
2025-11-03 04:00:00+00:00,322.73352,10.404249
2025-11-03 05:00:00+00:00,319.0857,10.718693
2025-11-03 06:00:00+00:00,290.22495,10.934166
2025-11-03 07:00:00+00:00,311.3477,11.988594
2025-11-03 08:00:00+00:00,316.8476,11.843124
2025-11-03 09:00:00+00:00,314.35632,11.328566
2025-11-03 10:00:00+00:00,265.82965,17.325876
2025-11-03 11:00:00+00:00,310.60123,6.638072
2025-11-03 12:00:00+00:00,273.094,6.6697226
2025-11-03 13:00:00+00:00,286.46008,8.2584505
2025-11-03 14:00:00+00:00,273.094,6.6697226
2025-11-03 15:00:00+00:00,296.56497,5.2323985
2025-11-03 16:00:00+00:00,327.99466,5.09435
2025-11-03 17:00:00+00:00,348.23172,4.412754
2025-11-03 18:00:00+00:00,307.40543,3.8521678
2025-11-03 19:00:00+00:00,325.71307,4.7928696
2025-11-03 20:00:00+00:00,324.86572,5.9427266
2025-11-03 21:00:00+00:00,319.574,6.384293
2025-11-03 22:00:00+00:00,321.8427,6.4096174
2025-11-03 23:00:00+00:00,327.99466,6.792466
2025-11-04 00:00:00+00:00,306.86996,4.5
2025-11-04 01:00:00+00:00,320.1945,4.2175345
2025-11-04 02:00:00+00:00,346.42953,5.3699164
2025-11-04 03:00:00+00:00,344.47583,10.088033
2025-11-04 04:00:00+00:00,317.83417,12.870944
2025-11-04 05:00:00+00:00,285.94547,10.483357
2025-11-04 06:00:00+00:00,239.64195,14.602204
2025-11-04 07:00:00+00:00,254.53873,17.555305
2025-11-04 08:00:00+00:00,268.47925,20.347166
2025-11-04 09:00:00+00:00,263.3793,20.29535
2025-11-04 10:00:00+00:00,269.49744,20.520788
2025-11-04 11:00:00+00:00,293.52322,16.68669
2025-11-04 12:00:00+00:00,286.60706,10.706595
2025-11-04 13:00:00+00:00,302.00534,10.1887
2025-11-04 14:00:00+00:00,303.11136,9.885262
2025-11-04 15:00:00+00:00,261.02747,6.924738
2025-11-04 16:00:00+00:00,270.0,2.16
2025-11-04 17:00:00+00:00,291.03757,5.0142193
2025-11-04 18:00:00+00:00,291.80148,3.8773184
2025-11-04 19:00:00+00:00,248.19853,0.9693296
2025-11-04 20:00:00+00:00,66.03751,5.318383
2025-11-04 21:00:00+00:00,42.797382,6.623413
2025-11-04 22:00:00+00:00,30.1413,6.452441
2025-11-04 23:00:00+00:00,28.072395,6.12
2025-11-05 00:00:00+00:00,6.3401003,6.519877
2025-11-05 01:00:00+00:00,13.736293,8.338489
2025-11-05 02:00:00+00:00,5.7105074,10.853866
2025-11-05 03:00:00+00:00,349.3804,11.720751
2025-11-05 04:00:00+00:00,339.02643,11.566313
2025-11-05 05:00:00+00:00,333.86905,10.6261
2025-11-05 06:00:00+00:00,353.6599,8.149847
2025-11-05 07:00:00+00:00,325.71307,9.585739
2025-11-05 08:00:00+00:00,319.63553,9.449572
2025-11-05 09:00:00+00:00,318.6523,11.988594
2025-11-05 10:00:00+00:00,337.09418,13.874019
2025-11-05 11:00:00+00:00,346.86597,11.090103
2025-11-05 12:00:00+00:00,10.885482,4.7657523
2025-11-05 13:00:00+00:00,356.82022,6.489992
2025-11-05 14:00:00+00:00,351.38443,6.0077944
2025-11-05 15:00:00+00:00,345.9637,5.195113
2025-11-05 16:00:00+00:00,340.8209,4.3832865
2025-11-05 17:00:00+00:00,349.69522,6.037383
2025-11-05 18:00:00+00:00,352.87506,2.9024127
2025-11-05 19:00:00+00:00,346.60748,3.8856654
2025-11-05 20:00:00+00:00,307.56866,2.9522195
2025-11-05 21:00:00+00:00,301.60745,2.7475805
2025-11-05 22:00:00+00:00,302.00534,3.396233
2025-11-05 23:00:00+00:00,295.20108,3.381893
2025-11-06 00:00:00+00:00,326.88864,4.942631
2025-11-06 01:00:00+00:00,315.0001,2.0364676
2025-11-06 02:00:00+00:00,198.43504,0.56920993
2025-11-06 03:00:00+00:00,180.0,1.4399999
2025-11-06 04:00:00+00:00,194.7436,3.536439
2025-11-06 05:00:00+00:00,172.40544,2.7238941
2025-11-06 06:00:00+00:00,140.19447,1.4058449
2025-11-06 07:00:00+00:00,259.69522,2.0124612
2025-11-06 08:00:00+00:00,266.98727,3.4247334
2025-11-06 09:00:00+00:00,270.0,4.5
2025-11-06 10:00:00+00:00,302.82855,6.6405115
2025-11-06 11:00:00+00:00,310.31403,7.7900705
2025-11-06 12:00:00+00:00,306.86996,2.6999998
2025-11-06 13:00:00+00:00,334.98312,2.97953
2025-11-06 14:00:00+00:00,353.29025,3.0811036
2025-11-06 15:00:00+00:00,17.354122,3.01735
2025-11-06 16:00:00+00:00,29.744795,1.4512063
2025-11-06 17:00:00+00:00,26.564985,0.8049845
2025-11-06 18:00:00+00:00,345.06854,2.7943513
2025-11-06 19:00:00+00:00,6.3401003,1.6299692
2025-11-06 20:00:00+00:00,315.0001,0.76367533
2025-11-06 21:00:00+00:00,14.036275,0.742159
2025-11-06 22:00:00+00:00,21.801476,0.9693296
2025-11-06 23:00:00+00:00,15.945477,1.3104197
2025-11-07 00:00:00+00:00,336.3706,3.143565
2025-11-07 01:00:00+00:00,336.8014,1.3708391
2025-11-07 02:00:00+00:00,14.036275,1.484318
2025-11-07 03:00:00+00:00,59.743652,2.50064
2025-11-07 04:00:00+00:00,185.19434,1.9881649
2025-11-07 05:00:00+00:00,187.12492,1.4512063
2025-11-07 06:00:00+00:00,153.43501,0.8049845
2025-11-07 07:00:00+00:00,265.91446,2.5264204
2025-11-07 08:00:00+00:00,290.85452,4.0449963
2025-11-07 09:00:00+00:00,317.29062,6.3690495
2025-11-07 10:00:00+00:00,317.72638,8.027678
2025-11-07 11:00:00+00:00,306.25394,3.3481934
2025-11-07 12:00:00+00:00,360.0,0.54
2025-11-07 13:00:00+00:00,26.564985,0.8049845
2025-11-07 14:00:00+00:00,36.86999,0.9
2025-11-07 15:00:00+00:00,38.65983,2.3051248
2025-11-07 16:00:00+00:00,36.027473,2.4482648
2025-11-07 17:00:00+00:00,33.6901,1.2979984
2025-11-07 18:00:00+00:00,342.8972,2.4482646
2025-11-07 19:00:00+00:00,24.775122,2.5772076
2025-11-07 20:00:00+00:00,20.556128,1.5379207
2025-11-07 21:00:00+00:00,16.699326,1.8792552
2025-11-07 22:00:00+00:00,351.87,1.2727921
2025-11-07 23:00:00+00:00,343.3007,1.8792552
2025-11-08 00:00:00+00:00,345.9637,3.710795
2025-11-08 01:00:00+00:00,5.4402504,3.7971036
2025-11-08 02:00:00+00:00,352.87506,4.353619
2025-11-08 03:00:00+00:00,7.9433913,7.814986
2025-11-08 04:00:00+00:00,350.9098,4.5572357
2025-11-08 05:00:00+00:00,1.5911111,6.482499
2025-11-08 06:00:00+00:00,6.980963,8.885877
2025-11-08 07:00:00+00:00,350.94217,12.576836
2025-11-08 08:00:00+00:00,338.00882,10.094454
2025-11-08 09:00:00+00:00,266.36713,11.362834
2025-11-08 10:00:00+00:00,296.8472,16.341383
2025-11-08 11:00:00+00:00,338.19852,11.631956
2025-11-08 12:00:00+00:00,355.71094,7.2202215
2025-11-08 13:00:00+00:00,360.0,8.099999
2025-11-08 14:00:00+00:00,347.4712,6.638072
2025-11-08 15:00:00+00:00,335.77228,3.9477081
2025-11-08 16:00:00+00:00,287.1028,2.4482646
2025-11-08 17:00:00+00:00,246.0375,1.7727944
2025-11-08 18:00:00+00:00,320.7106,2.5582807
2025-11-08 19:00:00+00:00,284.03625,0.742159
2025-11-08 20:00:00+00:00,243.43501,0.8049845
2025-11-08 21:00:00+00:00,251.56496,0.56920993
2025-11-08 22:00:00+00:00,270.0,0.35999998
2025-11-08 23:00:00+00:00,270.0,0.0
2025-11-09 00:00:00+00:00,331.69934,2.657668
2025-11-09 01:00:00+00:00,351.87,1.2727921
2025-11-09 02:00:00+00:00,360.0,0.17999999
2025-11-09 03:00:00+00:00,54.16227,3.9966483
2025-11-09 04:00:00+00:00,164.74483,2.0523157
2025-11-09 05:00:00+00:00,131.18582,1.9134263
2025-11-09 06:00:00+00:00,9.462248,1.0948973
2025-11-09 07:00:00+00:00,304.28693,4.7928696
2025-11-09 08:00:00+00:00,323.74606,6.696387
2025-11-09 09:00:00+00:00,325.8855,6.7397914
2025-11-09 10:00:00+00:00,336.19403,6.689125
2025-11-09 11:00:00+00:00,360.0,4.14
2025-11-09 12:00:00+00:00,28.610369,2.2553935
2025-11-09 13:00:00+00:00,34.50859,3.494968
2025-11-09 14:00:00+00:00,23.962492,1.7727944
2025-11-09 15:00:00+00:00,350.53775,1.0948973
2025-11-09 16:00:00+00:00,350.53775,1.0948973
2025-11-09 17:00:00+00:00,353.6599,1.6299692
2025-11-09 18:00:00+00:00,333.43503,3.219938
2025-11-09 19:00:00+00:00,356.186,2.7059932
2025-11-09 20:00:00+00:00,306.86996,1.8
2025-11-09 21:00:00+00:00,302.00534,1.6981165
2025-11-09 22:00:00+00:00,318.01288,2.4216523
2025-11-09 23:00:00+00:00,331.9276,3.06
2025-11-10 00:00:00+00:00,335.37646,4.7521367
2025-11-10 01:00:00+00:00,354.80566,3.9763298
2025-11-10 02:00:00+00:00,360.0,4.14
2025-11-10 03:00:00+00:00,20.955858,9.059205
2025-11-10 04:00:00+00:00,360.0,7.3799996
2025-11-10 05:00:00+00:00,5.19435,7.9526596
2025-11-10 06:00:00+00:00,8.746089,7.102591
2025-11-10 07:00:00+00:00,339.1931,9.627896
2025-11-10 08:00:00+00:00,287.7005,8.880405
2025-11-10 09:00:00+00:00,265.60138,11.734564
2025-11-10 10:00:00+00:00,293.03946,17.01738
2025-11-10 11:00:00+00:00,330.5929,11.364259
2025-11-10 12:00:00+00:00,351.02744,6.924738
2025-11-10 13:00:00+00:00,360.0,9.54
2025-11-10 14:00:00+00:00,6.3401003,8.149847
2025-11-10 15:00:00+00:00,14.826528,6.330782
2025-11-10 16:00:00+00:00,12.26477,4.2366967
2025-11-10 17:00:00+00:00,8.746089,2.36753
2025-11-10 18:00:00+00:00,334.98312,2.97953
2025-11-10 19:00:00+00:00,347.00537,2.4014995
2025-11-10 20:00:00+00:00,296.56497,1.2074767
2025-11-10 21:00:00+00:00,270.0,0.71999997
2025-11-10 22:00:00+00:00,306.86996,0.9
2025-11-10 23:00:00+00:00,338.19852,1.9386592
2025-11-11 00:00:00+00:00,337.75092,4.278551
2025-11-11 01:00:00+00:00,355.60138,2.3469126
2025-11-11 02:00:00+00:00,340.0168,2.1068459
2025-11-11 03:00:00+00:00,356.53183,5.950899
2025-11-11 04:00:00+00:00,316.63654,4.4565907
2025-11-11 05:00:00+00:00,310.10083,4.471107
2025-11-11 06:00:00+00:00,329.65683,8.55142
2025-11-11 07:00:00+00:00,324.24603,11.090103
2025-11-11 08:00:00+00:00,327.61935,8.738811
2025-11-11 09:00:00+00:00,315.83023,8.783189
2025-11-11 10:00:00+00:00,325.09744,9.437563
2025-11-11 11:00:00+00:00,344.7448,6.1569467
2025-11-11 12:00:00+00:00,347.4712,1.659518
2025-11-11 13:00:00+00:00,310.2363,3.0652893
2025-11-11 14:00:00+00:00,333.43503,2.4149535
2025-11-11 15:00:00+00:00,18.435053,2.2768397
2025-11-11 16:00:00+00:00,18.435053,2.8460498
2025-11-11 17:00:00+00:00,20.224945,3.644722
2025-11-11 18:00:00+00:00,347.19574,4.060985
2025-11-11 19:00:00+00:00,23.498587,4.514377
2025-11-11 20:00:00+00:00,26.564985,4.0249224
2025-11-11 21:00:00+00:00,24.227736,3.9477081
2025-11-11 22:00:00+00:00,22.833694,3.710795
2025-11-11 23:00:00+00:00,22.833694,3.710795
2025-11-12 00:00:00+00:00,349.8754,5.1197267
2025-11-12 01:00:00+00:00,13.495748,4.6277857
2025-11-12 02:00:00+00:00,14.036275,4.452954
2025-11-12 03:00:00+00:00,18.886187,7.229191
2025-11-12 04:00:00+00:00,310.60123,3.319036
2025-11-12 05:00:00+00:00,1.7898695,5.7628117
2025-11-12 06:00:00+00:00,14.4208145,6.5049515
2025-11-12 07:00:00+00:00,4.5376954,11.375658
2025-11-12 08:00:00+00:00,356.42374,11.542478
2025-11-12 09:00:00+00:00,345.73544,10.957847
2025-11-12 10:00:00+00:00,341.25854,10.644379
2025-11-12 11:00:00+00:00,4.289077,7.2202215
2025-11-12 12:00:00+00:00,4.763556,2.1674871
2025-11-12 13:00:00+00:00,32.195713,5.7431
2025-11-12 14:00:00+00:00,33.111355,4.942631
2025-11-12 15:00:00+00:00,27.897186,3.4623692
2025-11-12 16:00:00+00:00,23.198618,2.7416782
2025-11-12 17:00:00+00:00,30.465475,3.550155
2025-11-12 18:00:00+00:00,360.0,3.4199998
2025-11-12 19:00:00+00:00,27.645891,4.2671766
2025-11-12 20:00:00+00:00,22.380184,3.3092597
2025-11-12 21:00:00+00:00,26.564985,4.4274144
2025-11-12 22:00:00+00:00,25.201094,3.381893
2025-11-12 23:00:00+00:00,25.016869,2.97953
2025-11-13 00:00:00+00:00,345.9637,2.226477
2025-11-13 01:00:00+00:00,11.3098955,0.9178235
2025-11-13 02:00:00+00:00,14.036275,0.742159
2025-11-13 03:00:00+00:00,241.69934,2.657668
2025-11-13 04:00:00+00:00,231.95291,5.257109
2025-11-13 05:00:00+00:00,235.49141,6.989936
2025-11-13 06:00:00+00:00,241.92761,6.12
2025-11-13 07:00:00+00:00,249.44386,7.689603
2025-11-13 08:00:00+00:00,253.0724,8.654986
2025-11-13 09:00:00+00:00,263.15732,9.0645685
2025-11-13 10:00:00+00:00,278.74606,9.47012
2025-11-13 11:00:00+00:00,284.5345,5.020677
2025-11-13 12:00:00+00:00,318.81415,1.9134263
2025-11-13 13:00:00+00:00,290.55612,1.5379207
2025-11-13 14:00:00+00:00,21.801476,0.9693296
2025-11-13 15:00:00+00:00,35.537766,3.096837
2025-11-13 16:00:00+00:00,36.86998,2.6999998
2025-11-13 17:00:00+00:00,37.875053,2.0523157
2025-11-13 18:00:00+00:00,8.130019,2.5455842
2025-11-13 19:00:00+00:00,30.963696,2.0991426
2025-11-13 20:00:00+00:00,33.6901,1.9469976
2025-11-13 21:00:00+00:00,32.005356,1.6981165
2025-11-13 22:00:00+00:00,31.607454,2.7475805
2025-11-13 23:00:00+00:00,30.256361,2.50064
2025-11-14 00:00:00+00:00,360.0,1.8
2025-11-14 01:00:00+00:00,38.65983,2.3051248
2025-11-14 02:00:00+00:00,35.537766,3.096837
2025-11-14 03:00:00+00:00,64.65388,3.7842832
2025-11-14 04:00:00+00:00,180.0,4.86
2025-11-14 05:00:00+00:00,191.30989,4.5891175
2025-11-14 06:00:00+00:00,191.30989,4.5891175
2025-11-14 07:00:00+00:00,197.87878,5.8631387
2025-11-14 08:00:00+00:00,232.43134,5.904439
2025-11-14 09:00:00+00:00,255.96373,6.6794305
2025-11-14 10:00:00+00:00,271.46878,7.0223074
2025-11-14 11:00:00+00:00,294.22772,3.9477081
2025-11-14 12:00:00+00:00,352.87506,1.4512063
2025-11-14 13:00:00+00:00,352.40543,2.7238941
2025-11-14 14:00:00+00:00,360.0,3.06
2025-11-14 15:00:00+00:00,6.70975,3.0811036
2025-11-14 16:00:00+00:00,21.25058,3.4763772
2025-11-14 17:00:00+00:00,23.198618,4.1125174
2025-11-14 18:00:00+00:00,351.02744,3.462369
2025-11-14 19:00:00+00:00,14.931467,2.7943513
2025-11-14 20:00:00+00:00,21.801476,1.9386592
2025-11-14 21:00:00+00:00,29.054508,1.8532133
2025-11-14 22:00:00+00:00,26.564985,0.40249225
2025-11-14 23:00:00+00:00,30.963696,1.0495713
2025-11-15 00:00:00+00:00,326.3099,1.9469976
2025-11-15 01:00:00+00:00,306.86996,0.9
2025-11-15 02:00:00+00:00,36.86999,0.9
2025-11-15 03:00:00+00:00,49.76371,3.0652893
2025-11-15 04:00:00+00:00,176.82024,3.244996
2025-11-15 05:00:00+00:00,174.2895,3.6179552
2025-11-15 06:00:00+00:00,201.80147,2.907989
2025-11-15 07:00:00+00:00,208.30066,2.657668
2025-11-15 08:00:00+00:00,231.84273,3.2048087
2025-11-15 09:00:00+00:00,248.19853,3.8773184
2025-11-15 10:00:00+00:00,238.39255,2.7475805
2025-11-15 11:00:00+00:00,206.56499,0.40249225
2025-11-15 12:00:00+00:00,71.564964,0.56920993
2025-11-15 13:00:00+00:00,108.43504,0.56920993
2025-11-15 14:00:00+00:00,59.03632,1.0495713
2025-11-15 15:00:00+00:00,44.999897,1.0182338
2025-11-15 16:00:00+00:00,50.194473,1.4058449
2025-11-15 17:00:00+00:00,38.157276,3.2048087
2025-11-15 18:00:00+00:00,351.87,1.2727921
2025-11-15 19:00:00+00:00,40.601215,1.659518
2025-11-15 20:00:00+00:00,36.86999,0.9
2025-11-15 21:00:00+00:00,360.0,0.35999998
2025-11-15 22:00:00+00:00,360.0,0.35999998
2025-11-15 23:00:00+00:00,32.005356,1.6981165
2025-11-16 00:00:00+00:00,348.6901,0.9178235
2025-11-16 01:00:00+00:00,63.435013,0.40249225
2025-11-16 02:00:00+00:00,48.814175,1.9134263
2025-11-16 03:00:00+00:00,102.5288,3.319036
2025-11-16 04:00:00+00:00,164.47583,6.725354
2025-11-16 05:00:00+00:00,172.50424,6.898956
2025-11-16 06:00:00+00:00,188.61557,6.0077944
2025-11-16 07:00:00+00:00,210.65059,5.6492476
2025-11-16 08:00:00+00:00,242.6502,5.8769383
2025-11-16 09:00:00+00:00,253.30067,5.637765
2025-11-16 10:00:00+00:00,262.8751,5.8048253
2025-11-16 11:00:00+00:00,250.70985,3.8141315
2025-11-16 12:00:00+00:00,333.43503,0.40249225
2025-11-16 13:00:00+00:00,315.0001,1.2727921
2025-11-16 14:00:00+00:00,348.6901,0.9178235
2025-11-16 15:00:00+00:00,32.005356,1.6981165
2025-11-16 16:00:00+00:00,32.005356,1.6981165
2025-11-16 17:00:00+00:00,29.744795,1.4512063
2025-11-16 18:00:00+00:00,347.4712,1.659518
2025-11-16 19:00:00+00:00,12.528798,1.659518
2025-11-16 20:00:00+00:00,33.6901,0.6489992
2025-11-16 21:00:00+00:00,44.999897,0.5091169
2025-11-16 22:00:00+00:00,57.99466,1.6981165
2025-11-16 23:00:00+00:00,60.255207,1.4512063
2025-11-17 00:00:00+00:00,347.4712,1.659518
2025-11-17 01:00:00+00:00,351.87,1.2727921
2025-11-17 02:00:00+00:00,36.86999,0.9
2025-11-17 03:00:00+00:00,30.963696,4.198285
2025-11-17 04:00:00+00:00,206.56499,0.40249225
2025-11-17 05:00:00+00:00,198.43504,0.56920993
2025-11-17 06:00:00+00:00,251.56496,0.56920993
2025-11-17 07:00:00+00:00,302.7352,2.995797
2025-11-17 08:00:00+00:00,344.05453,5.2416787
2025-11-17 09:00:00+00:00,327.99466,5.09435
2025-11-17 10:00:00+00:00,337.75092,4.278551
2025-11-17 11:00:00+00:00,284.03625,0.742159
2025-11-17 12:00:00+00:00,23.198618,1.3708391
2025-11-17 13:00:00+00:00,21.037588,2.5071096
2025-11-17 14:00:00+00:00,9.462248,1.0948973
2025-11-17 15:00:00+00:00,26.564985,0.40249225
2025-11-17 16:00:00+00:00,18.435053,0.56920993
2025-11-17 17:00:00+00:00,30.963696,1.0495713
2025-11-17 18:00:00+00:00,360.0,1.6199999
2025-11-17 19:00:00+00:00,9.462248,1.0948973
2025-11-17 20:00:00+00:00,360.0,0.17999999
2025-11-17 21:00:00+00:00,26.564985,1.2074767
2025-11-17 22:00:00+00:00,35.537766,1.5484185
2025-11-17 23:00:00+00:00,44.999897,1.0182338
2025-11-18 00:00:00+00:00,350.53775,1.0948973
2025-11-18 01:00:00+00:00,44.999897,0.76367533
2025-11-18 02:00:00+00:00,40.601215,1.659518
2025-11-18 03:00:00+00:00,42.510403,5.8603754
2025-11-18 04:00:00+00:00,139.89915,4.471107
2025-11-18 05:00:00+00:00,144.78232,3.745557
2025-11-18 06:00:00+00:00,200.55612,3.0758414
2025-11-18 07:00:00+00:00,227.72638,2.6758924
2025-11-18 08:00:00+00:00,239.53453,3.550155
2025-11-18 09:00:00+00:00,270.0,4.32
2025-11-18 10:00:00+00:00,282.80426,4.060985
2025-11-18 11:00:00+00:00,270.0,0.71999997
2025-11-18 12:00:00+00:00,360.0,0.54
2025-11-18 13:00:00+00:00,360.0,0.35999998
2025-11-18 14:00:00+00:00,26.564985,0.40249225
2025-11-18 15:00:00+00:00,35.537766,1.5484185
2025-11-18 16:00:00+00:00,32.471172,2.3469129
2025-11-18 17:00:00+00:00,29.744795,2.9024127
2025-11-18 18:00:00+00:00,349.69522,2.0124612
2025-11-18 19:00:00+00:00,4.398633,2.3469126
2025-11-18 20:00:00+00:00,345.9637,0.742159
2025-11-18 21:00:00+00:00,18.435053,1.7076298
2025-11-18 22:00:00+00:00,18.435053,2.2768397
2025-11-18 23:00:00+00:00,360.0,1.08
2025-11-19 00:00:00+00:00,21.801476,0.9693296
2025-11-19 01:00:00+00:00,18.435053,1.1384199
2025-11-19 02:00:00+00:00,24.443953,2.1749482
2025-11-19 03:00:00+00:00,23.962492,3.5455887
2025-11-19 04:00:00+00:00,274.76355,2.1674871
2025-11-19 05:00:00+00:00,284.03625,2.968636
2025-11-19 06:00:00+00:00,320.1945,2.8116899
2025-11-19 07:00:00+00:00,319.89914,4.471107
2025-11-19 08:00:00+00:00,351.2539,7.102591
2025-11-19 09:00:00+00:00,355.48608,6.8612823
2025-11-19 10:00:00+00:00,321.009,4.863332
2025-11-19 11:00:00+00:00,251.56496,0.56920993
2025-11-19 12:00:00+00:00,360.0,1.6199999
2025-11-19 13:00:00+00:00,14.931467,2.7943513
2025-11-19 14:00:00+00:00,18.435053,1.7076298
2025-11-19 15:00:00+00:00,18.435053,1.7076298
2025-11-19 16:00:00+00:00,360.0,2.16
2025-11-19 17:00:00+00:00,347.90527,2.5772078
2025-11-19 18:00:00+00:00,329.53452,3.550155
2025-11-19 19:00:00+00:00,347.73523,4.2366967
2025-11-19 20:00:00+00:00,333.43503,3.219938
2025-11-19 21:00:00+00:00,319.7637,3.0652893
2025-11-19 22:00:00+00:00,323.74606,3.3481934
2025-11-19 23:00:00+00:00,327.72437,4.0449967
2025-11-20 00:00:00+00:00,325.78424,5.441838
2025-11-20 01:00:00+00:00,339.22766,5.5829024
2025-11-20 02:00:00+00:00,345.4655,5.020677
2025-11-20 03:00:00+00:00,344.40714,8.035746
2025-11-20 04:00:00+00:00,330.25522,10.158444
2025-11-20 05:00:00+00:00,335.15762,10.711135
2025-11-20 06:00:00+00:00,325.71307,9.585739
2025-11-20 07:00:00+00:00,326.3099,12.330985
2025-11-20 08:00:00+00:00,331.03244,11.521406
2025-11-20 09:00:00+00:00,339.6768,10.365251
2025-11-20 10:00:00+00:00,289.0936,14.857362
2025-11-20 11:00:00+00:00,336.92957,10.564942
2025-11-20 12:00:00+00:00,11.76827,4.412754
2025-11-20 13:00:00+00:00,16.189287,5.8104043
2025-11-20 14:00:00+00:00,7.695961,6.7205353
2025-11-20 15:00:00+00:00,356.0549,5.232399
2025-11-20 16:00:00+00:00,360.0,5.3999996
2025-11-20 17:00:00+00:00,360.0,5.3999996
2025-11-20 18:00:00+00:00,335.55606,4.3498964
2025-11-20 19:00:00+00:00,354.09393,5.2478566
2025-11-20 20:00:00+00:00,344.3577,4.6730714
2025-11-20 21:00:00+00:00,329.42084,4.599695
2025-11-20 22:00:00+00:00,318.36655,4.3349743
2025-11-20 23:00:00+00:00,316.73566,4.2021427
2025-11-21 00:00:00+00:00,334.35904,4.991553
2025-11-21 01:00:00+00:00,349.99207,3.1072817
2025-11-21 02:00:00+00:00,340.0168,2.1068459
2025-11-21 03:00:00+00:00,360.0,4.68
2025-11-21 04:00:00+00:00,320.35587,8.181589
2025-11-21 05:00:00+00:00,323.34378,9.648067
2025-11-21 06:00:00+00:00,326.3099,10.383987
2025-11-21 07:00:00+00:00,322.3343,12.961249
2025-11-21 08:00:00+00:00,331.11353,11.923557
2025-11-21 09:00:00+00:00,326.3099,14.277983
2025-11-21 10:00:00+00:00,332.03787,16.50709
2025-11-21 11:00:00+00:00,336.66592,9.997699
2025-11-21 12:00:00+00:00,333.43503,4.0249224
2025-11-21 13:00:00+00:00,321.34018,5.7628117
2025-11-21 14:00:00+00:00,331.38962,4.510787
2025-11-21 15:00:00+00:00,344.47583,3.362677
2025-11-21 16:00:00+00:00,339.44388,3.0758414
2025-11-21 17:00:00+00:00,333.43503,3.219938
2025-11-21 18:00:00+00:00,333.43503,3.219938
2025-11-21 19:00:00+00:00,334.98312,2.97953
2025-11-21 20:00:00+00:00,327.52884,2.3469129
2025-11-21 21:00:00+00:00,349.3804,2.9301877
2025-11-21 22:00:00+00:00,353.6599,3.2599385
2025-11-21 23:00:00+00:00,341.56494,2.2768397
2025-11-22 00:00:00+00:00,340.3461,2.6758924
2025-11-22 01:00:00+00:00,319.39877,1.659518
2025-11-22 02:00:00+00:00,336.8014,1.3708391
2025-11-22 03:00:00+00:00,264.2895,3.6179552
2025-11-22 04:00:00+00:00,242.5925,5.4744864
2025-11-22 05:00:00+00:00,235.84026,6.090812
2025-11-22 06:00:00+00:00,243.43501,4.0249224
2025-11-22 07:00:00+00:00,252.47433,3.5864744
2025-11-22 08:00:00+00:00,283.49576,4.6277857
2025-11-22 09:00:00+00:00,315.97092,7.5105524
2025-11-22 10:00:00+00:00,338.19852,8.723967
2025-11-22 11:00:00+00:00,325.6196,4.143911
2025-11-22 12:00:00+00:00,354.55975,3.7971036
2025-11-22 13:00:00+00:00,17.87879,5.8631387
2025-11-22 14:00:00+00:00,20.556128,6.151683
2025-11-22 15:00:00+00:00,27.349789,5.8769383
2025-11-22 16:00:00+00:00,27.40749,5.4744864
2025-11-22 17:00:00+00:00,24.623547,4.7521367
2025-11-22 18:00:00+00:00,12.26477,4.2366967
2025-11-22 19:00:00+00:00,26.564985,5.2323985
2025-11-22 20:00:00+00:00,27.645891,4.2671766
2025-11-22 21:00:00+00:00,24.227736,3.9477081
2025-11-22 22:00:00+00:00,26.564985,4.0249224
2025-11-22 23:00:00+00:00,27.645891,4.2671766
2025-11-23 00:00:00+00:00,14.036275,4.452954
2025-11-23 01:00:00+00:00,32.61924,5.3426957
2025-11-23 02:00:00+00:00,31.75944,4.4456716
2025-11-23 03:00:00+00:00,33.6901,5.8409934
2025-11-23 04:00:00+00:00,213.6901,2.5959969
2025-11-23 05:00:00+00:00,204.44394,2.1749482
2025-11-23 06:00:00+00:00,104.93147,2.7943513
2025-11-23 07:00:00+00:00,129.09386,3.710795
2025-11-23 08:00:00+00:00,135.0001,4.3274937
2025-11-23 09:00:00+00:00,131.98714,2.4216523
2025-11-23 10:00:00+00:00,296.56497,2.8174455
2025-11-23 11:00:00+00:00,317.6026,5.6060677
2025-11-23 12:00:00+00:00,7.12493,4.353619
2025-11-23 13:00:00+00:00,19.746927,7.458606
2025-11-23 14:00:00+00:00,23.198618,6.8541956
2025-11-23 15:00:00+00:00,29.744795,5.8048253
2025-11-23 16:00:00+00:00,29.5387,6.2067385
2025-11-23 17:00:00+00:00,28.886486,5.9617786
2025-11-23 18:00:00+00:00,20.854538,4.0449963
2025-11-23 19:00:00+00:00,32.73523,5.991594
2025-11-23 20:00:00+00:00,30.465475,3.550155
2025-11-23 21:00:00+00:00,29.054508,3.7064266
2025-11-23 22:00:00+00:00,28.072395,3.06
2025-11-23 23:00:00+00:00,24.775122,2.5772076
2025-11-24 00:00:00+00:00,3.179772,3.244996
2025-11-24 01:00:00+00:00,25.201094,3.381893
2025-11-24 02:00:00+00:00,21.801476,1.9386592
2025-11-24 03:00:00+00:00,341.56494,2.2768397
2025-11-24 04:00:00+00:00,252.47433,3.5864744
2025-11-24 05:00:00+00:00,255.2564,3.536439
2025-11-24 06:00:00+00:00,277.59454,2.7238941
2025-11-24 07:00:00+00:00,279.86575,4.2021422
2025-11-24 08:00:00+00:00,286.8585,6.206738
2025-11-24 09:00:00+00:00,305.53775,7.7420926
2025-11-24 10:00:00+00:00,303.6901,6.489992
2025-11-24 11:00:00+00:00,254.74483,2.0523157
2025-11-24 12:00:00+00:00,299.74478,1.4512063
2025-11-24 13:00:00+00:00,315.0001,1.5273507
2025-11-24 14:00:00+00:00,26.564985,0.8049845
2025-11-24 15:00:00+00:00,23.198618,1.3708391
2025-11-24 16:00:00+00:00,20.556128,4.613762
2025-11-24 17:00:00+00:00,15.524177,3.362677
2025-11-24 18:00:00+00:00,360.0,2.16
2025-11-24 19:00:00+00:00,33.6901,1.9469976
2025-11-24 20:00:00+00:00,26.564985,1.609969
2025-11-24 21:00:00+00:00,23.962492,1.7727944
2025-11-24 22:00:00+00:00,9.462248,1.0948973
2025-11-24 23:00:00+00:00,18.435053,1.1384199
2025-11-25 00:00:00+00:00,349.69522,2.0124612
2025-11-25 01:00:00+00:00,26.564985,1.2074767
2025-11-25 02:00:00+00:00,33.6901,1.2979984
2025-11-25 03:00:00+00:00,236.3099,0.6489992
2025-11-25 04:00:00+00:00,201.37068,4.445672
2025-11-25 05:00:00+00:00,189.0902,4.5572357
2025-11-25 06:00:00+00:00,207.64589,4.2671766
2025-11-25 07:00:00+00:00,220.60121,6.638072
2025-11-25 08:00:00+00:00,223.95847,7.001514
2025-11-25 09:00:00+00:00,223.7812,5.983477
2025-11-25 10:00:00+00:00,224.9999,5.0911684
2025-11-25 11:00:00+00:00,240.2552,1.4512063
2025-11-25 12:00:00+00:00,8.130019,1.2727921
2025-11-25 13:00:00+00:00,28.178495,5.7176566
2025-11-25 14:00:00+00:00,29.357658,6.6087217
2025-11-25 15:00:00+00:00,30.1413,6.452441
2025-11-25 16:00:00+00:00,33.6901,5.1919937
2025-11-25 17:00:00+00:00,34.286938,4.7928696
2025-11-25 18:00:00+00:00,19.179106,4.3832865
2025-11-25 19:00:00+00:00,34.3804,4.143911
2025-11-25 20:00:00+00:00,39.09386,3.710795
2025-11-25 21:00:00+00:00,38.290207,4.3573384
2025-11-25 22:00:00+00:00,40.814987,5.2323985
2025-11-25 23:00:00+00:00,41.347687,5.994297
2025-11-26 00:00:00+00:00,22.47948,5.6492476
2025-11-26 01:00:00+00:00,44.029083,7.5105524
2025-11-26 02:00:00+00:00,42.954597,7.1321807
2025-11-26 03:00:00+00:00,44.999897,9.673221
2025-11-26 04:00:00+00:00,87.27374,3.7842832
2025-11-26 05:00:00+00:00,108.43504,5.6920996
2025-11-26 06:00:00+00:00,90.0,7.5599995
2025-11-26 07:00:00+00:00,94.39862,7.040739
2025-11-26 08:00:00+00:00,128.2902,4.3573384
2025-11-26 09:00:00+00:00,153.43501,3.219938
2025-11-26 10:00:00+00:00,167.90526,2.5772078
2025-11-26 11:00:00+00:00,306.86996,0.9
2025-11-26 12:00:00+00:00,7.7650824,3.9966488
2025-11-26 13:00:00+00:00,28.072395,9.179999
2025-11-26 14:00:00+00:00,27.824009,7.327127
2025-11-26 15:00:00+00:00,24.145542,5.7204895
2025-11-26 16:00:00+00:00,26.564985,6.037383
2025-11-26 17:00:00+00:00,25.769283,5.7964473
2025-11-26 18:00:00+00:00,9.782338,5.297018
2025-11-26 19:00:00+00:00,24.145542,5.7204895
2025-11-26 20:00:00+00:00,25.559923,4.5891175
2025-11-26 21:00:00+00:00,27.645891,4.2671766
2025-11-26 22:00:00+00:00,28.810698,4.1085763
2025-11-26 23:00:00+00:00,27.552727,4.669604
2025-11-27 00:00:00+00:00,356.42374,2.8856194
2025-11-27 01:00:00+00:00,20.556128,3.0758414
2025-11-27 02:00:00+00:00,33.6901,3.8939953
2025-11-27 03:00:00+00:00,40.364468,4.724786
2025-11-27 04:00:00+00:00,135.0001,2.5455842
2025-11-27 05:00:00+00:00,114.775116,2.5772076
2025-11-27 06:00:00+00:00,53.13002,3.6
2025-11-27 07:00:00+00:00,347.4712,3.319036
2025-11-27 08:00:00+00:00,340.55988,3.244996
2025-11-27 09:00:00+00:00,339.77505,3.644722
2025-11-27 10:00:00+00:00,306.02747,2.4482648
2025-11-27 11:00:00+00:00,180.0,0.17999999
2025-11-27 12:00:00+00:00,16.699326,1.8792552
2025-11-27 13:00:00+00:00,31.328646,4.846648
2025-11-27 14:00:00+00:00,28.610369,2.2553935
2025-11-27 15:00:00+00:00,36.027473,2.4482648
2025-11-27 16:00:00+00:00,39.289394,2.5582807
2025-11-27 17:00:00+00:00,33.6901,3.244996
2025-11-27 18:00:00+00:00,352.87506,2.9024127
2025-11-27 19:00:00+00:00,17.354122,3.01735
2025-11-27 20:00:00+00:00,23.198618,2.7416782
2025-11-27 21:00:00+00:00,26.564985,2.8174455
2025-11-27 22:00:00+00:00,22.61991,2.3400002
2025-11-27 23:00:00+00:00,24.775122,2.5772076
2025-11-28 00:00:00+00:00,348.6901,2.7534704
2025-11-28 01:00:00+00:00,20.556128,3.0758414
2025-11-28 02:00:00+00:00,23.198618,2.7416782
2025-11-28 03:00:00+00:00,21.25058,3.4763772
2025-11-28 04:00:00+00:00,236.3099,0.6489992
2025-11-28 05:00:00+00:00,71.564964,2.2768397
2025-11-28 06:00:00+00:00,90.0,3.2399998
2025-11-28 07:00:00+00:00,118.30067,2.657668
2025-11-28 08:00:00+00:00,77.4712,4.9785542
2025-11-28 09:00:00+00:00,51.632477,5.509882
2025-11-28 10:00:00+00:00,270.0,1.8
2025-11-28 11:00:00+00:00,254.05453,1.3104197
2025-11-28 12:00:00+00:00,349.69522,2.0124612
2025-11-28 13:00:00+00:00,29.054508,3.7064266
2025-11-28 14:00:00+00:00,30.256361,5.00128
2025-11-28 15:00:00+00:00,29.475794,4.755544
2025-11-28 16:00:00+00:00,28.810698,4.1085763
2025-11-28 17:00:00+00:00,25.346138,3.7842832
2025-11-28 18:00:00+00:00,355.03033,4.1556225
2025-11-28 19:00:00+00:00,15.524177,3.362677
2025-11-28 20:00:00+00:00,9.462248,2.1897945
2025-11-28 21:00:00+00:00,14.036275,2.226477
2025-11-28 22:00:00+00:00,16.699326,1.8792552
2025-11-28 23:00:00+00:00,12.528798,1.659518
2025-11-29 00:00:00+00:00,345.25638,3.536439
2025-11-29 01:00:00+00:00,352.40543,2.7238941
2025-11-29 02:00:00+00:00,343.3007,1.8792552
2025-11-29 03:00:00+00:00,356.186,2.7059932
2025-11-29 04:00:00+00:00,291.03757,2.5071096
2025-11-29 05:00:00+00:00,322.12494,4.1046314
2025-11-29 06:00:00+00:00,360.0,5.2200003
2025-11-29 07:00:00+00:00,332.44727,9.339208
2025-11-29 08:00:00+00:00,339.10217,10.597094
2025-11-29 09:00:00+00:00,332.4028,8.936778
2025-11-29 10:00:00+00:00,321.1466,8.320986
2025-11-29 11:00:00+00:00,329.9315,3.9518096
2025-11-29 12:00:00+00:00,335.55606,2.1749482
2025-11-29 13:00:00+00:00,23.962492,3.5455887
2025-11-29 14:00:00+00:00,28.178495,5.7176566
2025-11-29 15:00:00+00:00,21.161337,5.9834766
2025-11-29 16:00:00+00:00,20.136398,5.7515564
2025-11-29 17:00:00+00:00,24.775122,5.154415
2025-11-29 18:00:00+00:00,355.91446,5.0528407
2025-11-29 19:00:00+00:00,13.5704565,5.3699164
2025-11-29 20:00:00+00:00,12.7243595,5.720489
2025-11-29 21:00:00+00:00,14.036275,5.937272
2025-11-29 22:00:00+00:00,15.255177,6.1569467
2025-11-29 23:00:00+00:00,15.708701,5.983477
2025-11-30 00:00:00+00:00,360.0,5.5799994
2025-11-30 01:00:00+00:00,18.970512,6.0908127
2025-11-30 02:00:00+00:00,16.389616,6.379216
2025-11-30 03:00:00+00:00,14.381432,7.247096
2025-11-30 04:00:00+00:00,326.6336,8.836514
2025-11-30 05:00:00+00:00,315.0001,13.491598
2025-11-30 06:00:00+00:00,267.76886,13.870515
2025-11-30 07:00:00+00:00,297.8972,13.849477
2025-11-30 08:00:00+00:00,295.51382,17.551615
2025-11-30 09:00:00+00:00,306.0695,18.037762
2025-11-30 10:00:00+00:00,277.67886,16.16496
2025-11-30 11:00:00+00:00,312.56332,11.975074
2025-11-30 12:00:00+00:00,308.48022,8.967541
2025-11-30 13:00:00+00:00,314.16977,8.783189
2025-11-30 14:00:00+00:00,317.72638,2.6758924
2025-11-30 15:00:00+00:00,347.00537,2.4014995
2025-11-30 16:00:00+00:00,19.093594,4.952453
2025-11-30 17:00:00+00:00,20.136398,5.7515564
2025-11-30 18:00:00+00:00,346.60748,3.8856654
2025-11-30 19:00:00+00:00,9.090207,4.5572357
2025-11-30 20:00:00+00:00,16.858482,6.206738
2025-11-30 21:00:00+00:00,18.435053,6.830519
2025-11-30 22:00:00+00:00,28.739704,6.3639607
2025-11-30 23:00:00+00:00,34.592358,6.341009
2025-12-01 00:00:00+00:00,21.370695,4.445672
2025-12-01 01:00:00+00:00,33.6901,7.7879906
2025-12-01 02:00:00+00:00,39.61066,6.7757506
2025-12-01 03:00:00+00:00,44.118694,8.274128
2025-12-01 04:00:00+00:00,55.66973,8.936778
2025-12-01 05:00:00+00:00,50.063675,10.094454
2025-12-01 06:00:00+00:00,53.13002,9.0
2025-12-01 07:00:00+00:00,53.3658,8.748075
2025-12-01 08:00:00+00:00,43.958473,7.001514
2025-12-01 09:00:00+00:00,16.144413,7.1208143
2025-12-01 10:00:00+00:00,18.03438,8.139901
2025-12-01 11:00:00+00:00,9.865748,4.2021422
2025-12-01 12:00:00+00:00,18.435053,2.2768397
2025-12-01 13:00:00+00:00,32.275623,4.0449967
2025-12-01 14:00:00+00:00,36.86998,2.6999998
2025-12-01 15:00:00+00:00,31.607454,5.495161
2025-12-01 16:00:00+00:00,30.6506,5.6492476
2025-12-01 17:00:00+00:00,32.347424,6.391901
2025-12-01 18:00:00+00:00,9.462248,4.379589
2025-12-01 19:00:00+00:00,32.73523,5.991594
2025-12-01 20:00:00+00:00,41.00899,5.48631
2025-12-01 21:00:00+00:00,37.568665,5.904439
2025-12-01 22:00:00+00:00,46.8476,3.9477081
2025-12-01 23:00:00+00:00,48.99101,5.48631
2025-12-02 00:00:00+00:00,7.12493,2.9024127
2025-12-02 01:00:00+00:00,32.73523,5.991594
2025-12-02 02:00:00+00:00,34.82457,5.0432134
2025-12-02 03:00:00+00:00,38.65983,6.9153743
2025-12-02 04:00:00+00:00,40.814987,5.2323985
2025-12-02 05:00:00+00:00,66.50142,4.514377
2025-12-02 06:00:00+00:00,79.87539,5.1197267
2025-12-02 07:00:00+00:00,70.559875,3.244996
2025-12-02 08:00:00+00:00,44.999897,1.781909
2025-12-02 09:00:00+00:00,353.6599,3.2599385
2025-12-02 10:00:00+00:00,25.640957,4.991553
2025-12-02 11:00:00+00:00,360.0,0.71999997
2025-12-02 12:00:00+00:00,44.999897,0.25455844
2025-12-02 13:00:00+00:00,38.047092,5.257109
2025-12-02 14:00:00+00:00,41.63345,2.1674871
2025-12-02 15:00:00+00:00,108.43504,0.56920993
2025-12-02 16:00:00+00:00,28.072395,3.06
2025-12-02 17:00:00+00:00,345.9637,0.742159
2025-12-02 18:00:00+00:00,339.44388,1.5379207
2025-12-02 19:00:00+00:00,23.962492,1.7727944
2025-12-02 20:00:00+00:00,44.999897,0.76367533
2025-12-02 21:00:00+00:00,50.194473,1.4058449
2025-12-02 22:00:00+00:00,33.6901,3.8939953
2025-12-02 23:00:00+00:00,33.6901,2.5959969
2025-12-03 00:00:00+00:00,347.90527,2.5772078
2025-12-03 01:00:00+00:00,23.198618,2.7416782
2025-12-03 02:00:00+00:00,33.6901,1.9469976
2025-12-03 03:00:00+00:00,40.364468,4.724786
2025-12-03 04:00:00+00:00,153.43501,2.0124612
2025-12-03 05:00:00+00:00,126.027466,2.4482648
2025-12-03 06:00:00+00:00,107.10281,2.4482646
2025-12-03 07:00:00+00:00,135.0001,1.0182338
2025-12-03 08:00:00+00:00,180.0,0.35999998
2025-12-03 09:00:00+00:00,216.86998,0.9
2025-12-03 10:00:00+00:00,216.86998,0.9
2025-12-03 11:00:00+00:00,153.43501,0.40249225
2025-12-03 12:00:00+00:00,51.34017,1.1525624
2025-12-03 13:00:00+00:00,44.999897,0.5091169
2025-12-03 14:00:00+00:00,44.999897,0.5091169
2025-12-03 15:00:00+00:00,48.366554,2.1674871
2025-12-03 16:00:00+00:00,47.12111,3.4388947
2025-12-03 17:00:00+00:00,50.194473,4.2175345
2025-12-03 18:00:00+00:00,5.7105074,1.8089776
2025-12-03 19:00:00+00:00,44.999897,1.0182338
2025-12-03 20:00:00+00:00,56.309914,0.6489992
2025-12-03 21:00:00+00:00,35.537766,1.5484185
2025-12-03 22:00:00+00:00,50.194473,1.4058449
2025-12-03 23:00:00+00:00,296.56497,0.40249225
2025-12-04 00:00:00+00:00,354.2895,1.8089776
2025-12-04 01:00:00+00:00,10.304792,2.0124612
2025-12-04 02:00:00+00:00,29.744795,1.4512063
2025-12-04 03:00:00+00:00,243.43501,1.2074767
2025-12-04 04:00:00+00:00,198.43504,1.1384199
2025-12-04 05:00:00+00:00,180.0,2.52
2025-12-04 06:00:00+00:00,344.05453,1.3104197
2025-12-04 07:00:00+00:00,319.39877,4.978554
2025-12-04 08:00:00+00:00,322.43134,5.904439
2025-12-04 09:00:00+00:00,325.78424,5.441838
2025-12-04 10:00:00+00:00,328.24057,4.4456716
2025-12-04 11:00:00+00:00,309.8055,1.4058449
2025-12-04 12:00:00+00:00,14.036275,1.484318
2025-12-04 13:00:00+00:00,26.564985,1.2074767
2025-12-04 14:00:00+00:00,32.471172,2.3469129
2025-12-04 15:00:00+00:00,29.248732,5.1575575
2025-12-04 16:00:00+00:00,29.475794,4.755544
2025-12-04 17:00:00+00:00,25.640957,4.991553
2025-12-04 18:00:00+00:00,360.0,4.5
2025-12-04 19:00:00+00:00,16.699326,5.637765
2025-12-04 20:00:00+00:00,21.801476,5.815978
2025-12-04 21:00:00+00:00,19.653913,5.3517847
2025-12-04 22:00:00+00:00,17.744766,4.724786
2025-12-04 23:00:00+00:00,14.036275,5.195113
2025-12-05 00:00:00+00:00,357.3975,3.964089
2025-12-05 01:00:00+00:00,14.931467,5.5887027
2025-12-05 02:00:00+00:00,24.623547,4.7521367
2025-12-05 03:00:00+00:00,16.389616,6.379216
2025-12-05 04:00:00+00:00,5.599257,9.224011
2025-12-05 05:00:00+00:00,3.9004252,7.9383874
2025-12-05 06:00:00+00:00,8.130019,6.3639607
2025-12-05 07:00:00+00:00,338.5522,5.414979
2025-12-05 08:00:00+00:00,280.78424,3.84796
2025-12-05 09:00:00+00:00,236.88864,4.942631
2025-12-05 10:00:00+00:00,296.56497,4.4274144
2025-12-05 11:00:00+00:00,338.19852,4.846648
2025-12-05 12:00:00+00:00,15.945477,2.6208394
2025-12-05 13:00:00+00:00,14.036275,3.710795
2025-12-05 14:00:00+00:00,12.094739,5.1544156
2025-12-05 15:00:00+00:00,358.15244,5.5829024
2025-12-05 16:00:00+00:00,336.8014,5.4833565
2025-12-05 17:00:00+00:00,323.13,3.6
2025-12-05 18:00:00+00:00,329.74365,5.00128
2025-12-05 19:00:00+00:00,315.0001,3.563818
2025-12-05 20:00:00+00:00,310.60123,3.319036
2025-12-05 21:00:00+00:00,310.2363,3.0652893
2025-12-05 22:00:00+00:00,303.6901,2.5959969
2025-12-05 23:00:00+00:00,306.02747,2.4482648
2025-12-06 00:00:00+00:00,332.3541,4.2671766
2025-12-06 01:00:00+00:00,340.55988,3.244996
2025-12-06 02:00:00+00:00,341.56494,2.8460498
2025-12-06 03:00:00+00:00,327.99466,6.792466
2025-12-06 04:00:00+00:00,323.13,7.2
2025-12-06 05:00:00+00:00,335.55606,6.5248446
2025-12-06 06:00:00+00:00,334.98312,5.95906
2025-12-06 07:00:00+00:00,332.48807,9.741642
2025-12-06 08:00:00+00:00,343.41257,8.827343
2025-12-06 09:00:00+00:00,329.82657,8.953078
2025-12-06 10:00:00+00:00,337.06787,10.163227
2025-12-06 11:00:00+00:00,6.0089183,6.87779
2025-12-06 12:00:00+00:00,9.462248,4.379589
2025-12-06 13:00:00+00:00,32.005356,6.792466
2025-12-06 14:00:00+00:00,29.357658,6.6087217
2025-12-06 15:00:00+00:00,30.1413,6.452441
2025-12-06 16:00:00+00:00,32.73523,5.991594
2025-12-06 17:00:00+00:00,31.827414,6.1437774
2025-12-06 18:00:00+00:00,4.763556,4.3349743
2025-12-06 19:00:00+00:00,30.963696,5.2478566
2025-12-06 20:00:00+00:00,30.579157,4.599695
2025-12-06 21:00:00+00:00,32.471172,4.6938257
2025-12-06 22:00:00+00:00,34.286938,4.7928696
2025-12-06 23:00:00+00:00,32.471172,4.6938257
2025-12-07 00:00:00+00:00,360.0,4.32
2025-12-07 01:00:00+00:00,27.29949,6.279395
2025-12-07 02:00:00+00:00,30.6506,5.6492476
2025-12-07 03:00:00+00:00,32.82854,6.6405115
2025-12-07 04:00:00+00:00,14.381432,7.247096
2025-12-07 05:00:00+00:00,8.652461,8.37532
2025-12-07 06:00:00+00:00,19.536749,5.920878
2025-12-07 07:00:00+00:00,290.55612,4.613762
2025-12-07 08:00:00+00:00,321.34018,5.7628117
2025-12-07 09:00:00+00:00,22.61991,4.6800003
2025-12-07 10:00:00+00:00,345.9637,2.968636
2025-12-07 11:00:00+00:00,285.25516,2.0523157
2025-12-07 12:00:00+00:00,70.01681,2.1068459
2025-12-07 13:00:00+00:00,35.217674,3.745557
2025-12-07 14:00:00+00:00,32.471172,2.3469129
2025-12-07 15:00:00+00:00,26.564985,3.62243
2025-12-07 16:00:00+00:00,7.853233,5.2694216
2025-12-07 17:00:00+00:00,345.9637,5.937272
2025-12-07 18:00:00+00:00,340.0168,2.1068459
2025-12-07 19:00:00+00:00,18.435053,5.12289
2025-12-07 20:00:00+00:00,302.47116,2.3469129
2025-12-07 21:00:00+00:00,360.0,2.6999998
2025-12-07 22:00:00+00:00,19.983198,4.2136917
2025-12-07 23:00:00+00:00,17.650223,4.1556225
2025-12-08 00:00:00+00:00,342.8972,2.4482646
2025-12-08 01:00:00+00:00,26.564985,4.4274144
2025-12-08 02:00:00+00:00,36.86998,2.6999998
2025-12-08 03:00:00+00:00,43.602894,5.22
2025-12-08 04:00:00+00:00,61.92762,3.06
2025-12-08 05:00:00+00:00,104.03627,2.226477
2025-12-08 06:00:00+00:00,87.3975,3.964089
2025-12-08 07:00:00+00:00,90.0,2.8799999
2025-12-08 08:00:00+00:00,194.03627,0.742159
2025-12-08 09:00:00+00:00,255.2564,3.536439
2025-12-08 10:00:00+00:00,257.4712,3.319036
2025-12-08 11:00:00+00:00,284.03625,0.742159
2025-12-08 12:00:00+00:00,53.13002,0.9
2025-12-08 13:00:00+00:00,44.999897,0.25455844
2025-12-08 14:00:00+00:00,47.489597,2.9301877
2025-12-08 15:00:00+00:00,41.63345,2.1674871
2025-12-08 16:00:00+00:00,37.875053,2.0523157
2025-12-08 17:00:00+00:00,44.999897,1.0182338
2025-12-08 18:00:00+00:00,345.9637,1.484318
2025-12-08 19:00:00+00:00,63.435013,0.8049845
2025-12-08 20:00:00+00:00,69.44387,1.5379207
2025-12-08 21:00:00+00:00,59.03632,2.0991426
2025-12-08 22:00:00+00:00,56.309914,2.5959969
2025-12-08 23:00:00+00:00,79.69521,2.0124612
2025-12-09 00:00:00+00:00,360.0,0.9
2025-12-09 01:00:00+00:00,90.0,1.26
2025-12-09 02:00:00+00:00,66.037506,1.7727944
2025-12-09 03:00:00+00:00,86.63361,3.0652895
2025-12-09 04:00:00+00:00,172.87508,4.353619
2025-12-09 05:00:00+00:00,148.67137,4.846648
2025-12-09 06:00:00+00:00,222.27362,2.6758924
2025-12-09 07:00:00+00:00,228.81418,1.9134263
2025-12-09 08:00:00+00:00,176.98727,3.4247334
2025-12-09 09:00:00+00:00,165.96373,3.710795
2025-12-09 10:00:00+00:00,190.3048,2.0124612
2025-12-09 11:00:00+00:00,224.9999,0.76367533
2025-12-09 12:00:00+00:00,345.9637,0.742159
2025-12-09 13:00:00+00:00,326.3099,0.6489992
2025-12-09 14:00:00+00:00,26.564985,1.609969
2025-12-09 15:00:00+00:00,28.610369,2.2553935
2025-12-09 16:00:00+00:00,20.556128,3.0758414
2025-12-09 17:00:00+00:00,29.744795,1.4512063
2025-12-09 18:00:00+00:00,345.06854,2.7943513
2025-12-09 19:00:00+00:00,356.6336,3.0652895
2025-12-09 20:00:00+00:00,305.53775,1.5484185
2025-12-09 21:00:00+00:00,360.0,1.4399999
2025-12-09 22:00:00+00:00,255.96373,0.742159
2025-12-09 23:00:00+00:00,270.0,0.71999997
2025-12-10 00:00:00+00:00,320.1945,1.4058449
2025-12-10 01:00:00+00:00,296.56497,1.2074767
2025-12-10 02:00:00+00:00,315.0001,0.5091169
2025-12-10 03:00:00+00:00,30.963696,3.148714
2025-12-10 04:00:00+00:00,231.34016,1.1525624
2025-12-10 05:00:00+00:00,286.6993,1.8792552
2025-12-10 06:00:00+00:00,301.4295,3.7971041
2025-12-10 07:00:00+00:00,297.25525,6.6818557
2025-12-10 08:00:00+00:00,285.06854,4.8466477
2025-12-10 09:00:00+00:00,264.80566,3.9763298
2025-12-10 10:00:00+00:00,283.32455,7.029225
2025-12-10 11:00:00+00:00,294.44394,2.1749482
2025-12-10 12:00:00+00:00,360.0,1.08
2025-12-10 13:00:00+00:00,333.43503,1.2074767
2025-12-10 14:00:00+00:00,360.0,0.9
2025-12-10 15:00:00+00:00,36.86999,0.9
2025-12-10 16:00:00+00:00,33.6901,1.9469976
2025-12-10 17:00:00+00:00,44.999897,1.2727921
2025-12-10 18:00:00+00:00,336.8014,1.3708391
2025-12-10 19:00:00+00:00,90.0,0.71999997
2025-12-10 20:00:00+00:00,61.92762,3.06
2025-12-10 21:00:00+00:00,20.556128,1.5379207
2025-12-10 22:00:00+00:00,20.556128,1.5379207
2025-12-10 23:00:00+00:00,90.0,1.08
2025-12-11 00:00:00+00:00,348.6901,0.9178235
2025-12-11 01:00:00+00:00,30.963696,1.0495713
2025-12-11 02:00:00+00:00,56.309914,1.2979984
2025-12-11 03:00:00+00:00,165.96373,0.742159
2025-12-11 04:00:00+00:00,120.256355,2.50064
2025-12-11 05:00:00+00:00,150.9455,3.7064266
2025-12-11 06:00:00+00:00,229.39879,3.319036
2025-12-11 07:00:00+00:00,238.39255,2.7475805
2025-12-11 08:00:00+00:00,216.38445,4.2481523
2025-12-11 09:00:00+00:00,236.3099,4.542994
2025-12-11 10:00:00+00:00,248.96242,5.0142193
2025-12-11 11:00:00+00:00,243.43501,2.8174455
2025-12-11 12:00:00+00:00,333.43503,0.8049845
2025-12-11 13:00:00+00:00,308.65982,1.1525624
2025-12-11 14:00:00+00:00,15.945477,1.3104197
2025-12-11 15:00:00+00:00,35.537766,1.5484185
2025-12-11 16:00:00+00:00,26.564985,0.8049845
2025-12-11 17:00:00+00:00,30.963696,1.0495713
2025-12-11 18:00:00+00:00,352.87506,1.4512063
2025-12-11 19:00:00+00:00,18.435053,0.56920993
2025-12-11 20:00:00+00:00,18.435053,0.56920993
2025-12-11 21:00:00+00:00,26.564985,0.40249225
2025-12-11 22:00:00+00:00,360.0,0.17999999
2025-12-11 23:00:00+00:00,18.435053,0.56920993
2025-12-12 00:00:00+00:00,347.4712,1.659518
2025-12-12 01:00:00+00:00,44.999897,0.25455844
2025-12-12 02:00:00+00:00,44.999897,0.25455844
2025-12-12 03:00:00+00:00,44.999897,0.25455844
2025-12-12 04:00:00+00:00,176.42374,2.8856194
2025-12-12 05:00:00+00:00,180.0,4.68
2025-12-12 06:00:00+00:00,227.12111,3.4388947
2025-12-12 07:00:00+00:00,235.0079,4.39436
2025-12-12 08:00:00+00:00,242.52565,5.072041
2025-12-12 09:00:00+00:00,249.22766,5.5829024
2025-12-12 10:00:00+00:00,251.56496,5.12289
2025-12-12 11:00:00+00:00,245.22488,2.5772076
2025-12-12 12:00:00+00:00,333.43503,0.8049845
2025-12-12 13:00:00+00:00,341.56494,1.1384199
2025-12-12 14:00:00+00:00,26.564985,1.609969
2025-12-12 15:00:00+00:00,21.801476,1.9386592
2025-12-12 16:00:00+00:00,40.601215,1.659518
2025-12-12 17:00:00+00:00,42.510403,2.9301877
2025-12-12 18:00:00+00:00,360.0,1.98
2025-12-12 19:00:00+00:00,29.744795,1.4512063
2025-12-12 20:00:00+00:00,38.65983,1.1525624
2025-12-12 21:00:00+00:00,30.256361,2.50064
2025-12-12 22:00:00+00:00,30.963696,2.0991426
2025-12-12 23:00:00+00:00,14.036275,1.484318
2025-12-13 00:00:00+00:00,351.2539,2.36753
2025-12-13 01:00:00+00:00,360.0,1.8
2025-12-13 02:00:00+00:00,360.0,2.52
2025-12-13 03:00:00+00:00,360.0,2.52
2025-12-13 04:00:00+00:00,354.2895,3.6179552
2025-12-13 05:00:00+00:00,303.6901,2.5959969
2025-12-13 06:00:00+00:00,347.19574,4.060985
2025-12-13 07:00:00+00:00,331.6071,7.570707
2025-12-13 08:00:00+00:00,358.75467,8.281956
2025-12-13 09:00:00+00:00,360.0,3.7799997
2025-12-13 10:00:00+00:00,20.136398,5.7515564
2025-12-13 11:00:00+00:00,8.130019,3.8183763
2025-12-13 12:00:00+00:00,16.389616,3.189608
2025-12-13 13:00:00+00:00,31.328646,4.846648
2025-12-13 14:00:00+00:00,29.357658,3.3043609
2025-12-13 15:00:00+00:00,29.744795,1.4512063
2025-12-13 16:00:00+00:00,38.65983,2.3051248
2025-12-13 17:00:00+00:00,39.805527,2.8116899
2025-12-13 18:00:00+00:00,53.13002,1.8
2025-12-13 19:00:00+00:00,59.743652,2.50064
2025-12-13 20:00:00+00:00,68.74943,3.4763772
2025-12-13 21:00:00+00:00,43.36347,4.4565907
2025-12-13 22:00:00+00:00,40.364468,4.724786
2025-12-13 23:00:00+00:00,50.710617,2.5582807
2025-12-14 00:00:00+00:00,64.98315,2.97953
2025-12-14 01:00:00+00:00,55.0079,2.19718
2025-12-14 02:00:00+00:00,47.72637,2.6758924
2025-12-14 03:00:00+00:00,49.899166,4.471107
2025-12-14 04:00:00+00:00,52.35232,7.9567327
2025-12-14 05:00:00+00:00,79.11452,4.7657523
2025-12-14 06:00:00+00:00,71.564964,4.5536795
2025-12-14 07:00:00+00:00,74.74483,4.1046314
2025-12-14 08:00:00+00:00,90.0,4.14
2025-12-14 09:00:00+00:00,69.22767,5.5829024
2025-12-14 10:00:00+00:00,96.581856,4.7110505
2025-12-14 11:00:00+00:00,146.3099,0.6489992
2025-12-14 12:00:00+00:00,320.1945,1.4058449
2025-12-14 13:00:00+00:00,348.6901,1.835647
2025-12-14 14:00:00+00:00,339.44388,1.5379207
2025-12-14 15:00:00+00:00,308.65982,1.1525624
2025-12-14 16:00:00+00:00,29.054508,1.8532133
2025-12-14 17:00:00+00:00,296.56497,1.2074767
2025-12-14 18:00:00+00:00,348.6901,0.9178235
2025-12-14 19:00:00+00:00,66.801384,1.3708391
2025-12-14 20:00:00+00:00,19.983198,2.1068459
2025-12-14 21:00:00+00:00,17.354122,3.01735
2025-12-14 22:00:00+00:00,31.429514,3.7971041
2025-12-14 23:00:00+00:00,33.6901,1.9469976
2025-12-15 00:00:00+00:00,41.63345,2.1674871
2025-12-15 01:00:00+00:00,59.53454,3.550155
2025-12-15 02:00:00+00:00,70.01681,2.1068459
2025-12-15 03:00:00+00:00,44.999897,1.781909
2025-12-15 04:00:00+00:00,48.179924,4.5891175
2025-12-15 05:00:00+00:00,72.89719,4.896529
2025-12-15 06:00:00+00:00,72.18102,5.2939587
2025-12-15 07:00:00+00:00,52.594578,3.8521678
2025-12-15 08:00:00+00:00,92.60251,3.964089
2025-12-15 09:00:00+00:00,57.528828,4.6938257
2025-12-15 10:00:00+00:00,48.57643,4.080882
2025-12-15 11:00:00+00:00,189.46225,1.0948973
2025-12-15 12:00:00+00:00,323.13,0.9
2025-12-15 13:00:00+00:00,339.44388,1.5379207
2025-12-15 14:00:00+00:00,360.0,3.4199998
2025-12-15 15:00:00+00:00,326.3099,3.244996
2025-12-15 16:00:00+00:00,321.34018,3.4576871
2025-12-15 17:00:00+00:00,312.5104,2.9301877
2025-12-15 18:00:00+00:00,319.7637,3.0652893
2025-12-15 19:00:00+00:00,318.36655,2.1674871
2025-12-15 20:00:00+00:00,336.3706,3.143565
2025-12-15 21:00:00+00:00,329.74365,2.50064
2025-12-15 22:00:00+00:00,296.56497,2.0124612
2025-12-15 23:00:00+00:00,299.0545,1.8532133
2025-12-16 00:00:00+00:00,319.0857,3.572898
2025-12-16 01:00:00+00:00,278.13,2.5455842
2025-12-16 02:00:00+00:00,285.94547,1.3104197
2025-12-16 03:00:00+00:00,296.56497,1.609969
2025-12-16 04:00:00+00:00,263.6599,1.6299692
2025-12-16 05:00:00+00:00,270.0,1.6199999
2025-12-16 06:00:00+00:00,289.6539,5.3517847
2025-12-16 07:00:00+00:00,281.3099,6.424764
2025-12-16 08:00:00+00:00,277.8532,5.2694216
2025-12-16 09:00:00+00:00,280.954,5.6835546
2025-12-16 10:00:00+00:00,283.67133,6.8541956
2025-12-16 11:00:00+00:00,281.3099,3.671294
2025-12-16 12:00:00+00:00,327.99466,1.6981165
2025-12-16 13:00:00+00:00,333.43503,1.609969
2025-12-16 14:00:00+00:00,360.0,0.9
2025-12-16 15:00:00+00:00,18.435053,2.8460498
2025-12-16 16:00:00+00:00,5.19435,1.9881649
2025-12-16 17:00:00+00:00,3.8140097,2.7059932
2025-12-16 18:00:00+00:00,349.69522,2.0124612
2025-12-16 19:00:00+00:00,360.0,1.6199999
2025-12-16 20:00:00+00:00,15.945477,1.3104197
2025-12-16 21:00:00+00:00,29.744795,1.4512063
2025-12-16 22:00:00+00:00,18.435053,0.56920993
2025-12-16 23:00:00+00:00,23.198618,1.3708391
2025-12-17 00:00:00+00:00,343.3007,1.8792552
2025-12-17 01:00:00+00:00,333.43503,1.609969
2025-12-17 02:00:00+00:00,344.7448,2.0523157
2025-12-17 03:00:00+00:00,318.36655,2.1674871
2025-12-17 04:00:00+00:00,333.43503,6.439876
2025-12-17 05:00:00+00:00,296.56497,5.2323985
2025-12-17 06:00:00+00:00,303.6901,5.8409934
2025-12-17 07:00:00+00:00,304.3804,8.287822
2025-12-17 08:00:00+00:00,329.2646,7.748368
2025-12-17 09:00:00+00:00,330.57263,8.0599
2025-12-17 10:00:00+00:00,332.8504,7.889259
2025-12-17 11:00:00+00:00,2.2905633,4.503598
2025-12-17 12:00:00+00:00,345.9637,2.226477
2025-12-17 13:00:00+00:00,10.304792,4.0249224
2025-12-17 14:00:00+00:00,6.0089183,3.438895
2025-12-17 15:00:00+00:00,355.42615,4.514377
2025-12-17 16:00:00+00:00,338.6293,4.445672
2025-12-17 17:00:00+00:00,327.72437,4.0449967
2025-12-17 18:00:00+00:00,332.24155,3.8647635
2025-12-17 19:00:00+00:00,334.79892,3.381893
2025-12-17 20:00:00+00:00,323.74606,3.3481934
2025-12-17 21:00:00+00:00,321.8427,3.2048087
2025-12-17 22:00:00+00:00,310.60123,3.319036
2025-12-17 23:00:00+00:00,317.1211,3.4388947
2025-12-18 00:00:00+00:00,332.24155,3.8647635
2025-12-18 01:00:00+00:00,319.39877,3.319036
2025-12-18 02:00:00+00:00,325.6196,4.143911
2025-12-18 03:00:00+00:00,334.2901,5.3939967
2025-12-18 04:00:00+00:00,324.21094,9.5416975
2025-12-18 05:00:00+00:00,327.38077,10.685391
2025-12-18 06:00:00+00:00,329.38147,10.248941
2025-12-18 07:00:00+00:00,335.7387,14.01806
2025-12-18 08:00:00+00:00,340.0835,13.210087
2025-12-18 09:00:00+00:00,2.2604558,13.690654
2025-12-18 10:00:00+00:00,22.01134,9.12513
2025-12-18 11:00:00+00:00,14.470333,5.7628117
2025-12-18 12:00:00+00:00,360.0,5.7599998
2025-12-18 13:00:00+00:00,22.751022,6.050785
2025-12-18 14:00:00+00:00,354.09393,5.2478566
2025-12-18 15:00:00+00:00,319.89914,4.471107
2025-12-18 16:00:00+00:00,309.8055,4.2175345
2025-12-18 17:00:00+00:00,319.89914,4.471107
2025-12-18 18:00:00+00:00,331.38962,4.510787
2025-12-18 19:00:00+00:00,355.23645,4.3349743
2025-12-18 20:00:00+00:00,357.6141,4.323748
2025-12-18 21:00:00+00:00,357.6141,4.323748
2025-12-18 22:00:00+00:00,351.87,5.0911684
2025-12-18 23:00:00+00:00,350.9098,4.5572357
2025-12-19 00:00:00+00:00,336.2505,4.91634
2025-12-19 01:00:00+00:00,345.9637,4.452954
2025-12-19 02:00:00+00:00,346.75946,3.143565
2025-12-19 03:00:00+00:00,329.9315,3.9518096
2025-12-19 04:00:00+00:00,306.52896,6.048107
2025-12-19 05:00:00+00:00,304.7779,7.889258
2025-12-19 06:00:00+00:00,306.86996,9.0
2025-12-19 07:00:00+00:00,309.3517,11.638917
2025-12-19 08:00:00+00:00,322.69595,9.504272
2025-12-19 09:00:00+00:00,308.8534,8.320986
2025-12-19 10:00:00+00:00,323.13,8.099999
2025-12-19 11:00:00+00:00,315.0001,2.0364676
2025-12-19 12:00:00+00:00,329.03632,1.0495713
2025-12-19 13:00:00+00:00,11.3098955,1.835647
2025-12-19 14:00:00+00:00,23.629398,3.143565
2025-12-19 15:00:00+00:00,23.962492,5.318383
2025-12-19 16:00:00+00:00,13.5704565,5.3699164
2025-12-19 17:00:00+00:00,6.3401003,4.8899083
2025-12-19 18:00:00+00:00,340.0168,4.2136917
2025-12-19 19:00:00+00:00,351.4693,3.6402748
2025-12-19 20:00:00+00:00,348.11136,3.4949677
2025-12-19 21:00:00+00:00,360.0,4.32
2025-12-19 22:00:00+00:00,353.41815,4.7110505
2025-12-19 23:00:00+00:00,350.13425,4.2021422
2025-12-20 00:00:00+00:00,345.4655,5.020677
2025-12-20 01:00:00+00:00,4.5738406,4.514377
2025-12-20 02:00:00+00:00,360.0,5.04
2025-12-20 03:00:00+00:00,345.9637,5.937272
2025-12-20 04:00:00+00:00,330.70874,8.461914
2025-12-20 05:00:00+00:00,332.48807,9.741642
2025-12-20 06:00:00+00:00,330.25522,8.707237
2025-12-20 07:00:00+00:00,339.55035,11.334285
2025-12-20 08:00:00+00:00,345.7627,12.442153
2025-12-20 09:00:00+00:00,322.4958,9.7565975
2025-12-20 10:00:00+00:00,292.24908,8.557102
2025-12-20 11:00:00+00:00,317.17474,10.062305
2025-12-20 12:00:00+00:00,291.80148,9.693296
2025-12-20 13:00:00+00:00,299.1675,8.863972
2025-12-20 14:00:00+00:00,306.86996,7.2
2025-12-20 15:00:00+00:00,347.125,6.4624763
2025-12-20 16:00:00+00:00,357.20734,7.388775
2025-12-20 17:00:00+00:00,5.572114,7.415038
2025-12-20 18:00:00+00:00,333.43503,4.0249224
2025-12-20 19:00:00+00:00,351.4693,7.2805495
2025-12-20 20:00:00+00:00,346.32867,6.8541956
2025-12-20 21:00:00+00:00,348.6901,8.260411
2025-12-20 22:00:00+00:00,355.51547,9.208192
2025-12-20 23:00:00+00:00,2.1610355,9.54679
2025-12-21 00:00:00+00:00,358.53122,7.0223074
2025-12-21 01:00:00+00:00,15.461285,8.777653
2025-12-21 02:00:00+00:00,10.175456,7.1321807
2025-12-21 03:00:00+00:00,11.976112,6.0721655
2025-12-21 04:00:00+00:00,323.13,0.9
2025-12-21 05:00:00+00:00,240.2552,1.4512063
2025-12-21 06:00:00+00:00,325.4914,3.494968
2025-12-21 07:00:00+00:00,335.55606,4.3498964
2025-12-21 08:00:00+00:00,320.59937,6.522361
2025-12-21 09:00:00+00:00,314.0907,8.019601
2025-12-21 10:00:00+00:00,233.13002,0.9
2025-12-21 11:00:00+00:00,328.2986,7.193247
2025-12-21 12:00:00+00:00,309.28937,2.5582807
2025-12-21 13:00:00+00:00,323.13,7.2
2025-12-21 14:00:00+00:00,340.14468,6.889557
2025-12-21 15:00:00+00:00,324.24603,5.5450516
2025-12-21 16:00:00+00:00,317.29062,6.3690495
2025-12-21 17:00:00+00:00,315.0001,5.0911684
2025-12-21 18:00:00+00:00,302.90524,3.6447225
2025-12-21 19:00:00+00:00,299.57773,7.6579366
2025-12-21 20:00:00+00:00,323.88055,8.244708
2025-12-21 21:00:00+00:00,345.42575,9.299225
2025-12-21 22:00:00+00:00,358.05856,10.6261
2025-12-21 23:00:00+00:00,6.8816385,10.51576
2025-12-22 00:00:00+00:00,358.69806,7.922045
2025-12-22 01:00:00+00:00,4.085537,10.105681
2025-12-22 02:00:00+00:00,12.99463,9.605998
2025-12-22 03:00:00+00:00,19.133741,9.335737
2025-12-22 04:00:00+00:00,13.448633,8.513448
2025-12-22 05:00:00+00:00,343.0091,6.77575
2025-12-22 06:00:00+00:00,302.61923,10.685391
2025-12-22 07:00:00+00:00,280.6196,5.8603754
2025-12-22 08:00:00+00:00,249.62347,6.7205353
2025-12-22 09:00:00+00:00,240.10118,8.305396
2025-12-22 10:00:00+00:00,215.53777,4.6452556
2025-12-22 11:00:00+00:00,251.56496,3.4152596
2025-12-22 12:00:00+00:00,270.0,2.52
2025-12-22 13:00:00+00:00,333.43503,1.609969
2025-12-22 14:00:00+00:00,38.990997,4.863332
2025-12-22 15:00:00+00:00,34.592358,6.341009
2025-12-22 16:00:00+00:00,33.6901,7.1389914
2025-12-22 17:00:00+00:00,32.275623,8.0899935
2025-12-22 18:00:00+00:00,18.435053,6.2613096
2025-12-22 19:00:00+00:00,28.610369,6.76618
2025-12-22 20:00:00+00:00,28.178495,5.7176566
2025-12-22 21:00:00+00:00,21.801476,6.7853074
2025-12-22 22:00:00+00:00,22.61991,7.0199995
2025-12-22 23:00:00+00:00,16.144413,7.1208143
2025-12-23 00:00:00+00:00,3.5762644,5.771239
2025-12-23 01:00:00+00:00,16.189287,5.8104043
2025-12-23 02:00:00+00:00,3.8140097,5.4119864
2025-12-23 03:00:00+00:00,354.64426,5.7852573
2025-12-23 04:00:00+00:00,356.0549,5.232399
2025-12-23 05:00:00+00:00,349.99207,3.1072817
2025-12-23 06:00:00+00:00,30.963696,5.2478566
2025-12-23 07:00:00+00:00,3.5762644,2.8856194
2025-12-23 08:00:00+00:00,2.6025116,3.964089
2025-12-23 09:00:00+00:00,360.0,5.2200003
2025-12-23 10:00:00+00:00,358.21014,5.7628117
2025-12-23 11:00:00+00:00,6.3401003,6.519877
2025-12-23 12:00:00+00:00,353.41815,4.7110505
2025-12-23 13:00:00+00:00,19.653913,5.3517847
2025-12-23 14:00:00+00:00,21.25058,3.4763772
2025-12-23 15:00:00+00:00,13.392516,3.8856654
2025-12-23 16:00:00+00:00,4.969664,4.1556225
2025-12-23 17:00:00+00:00,360.0,3.96
2025-12-23 18:00:00+00:00,347.4712,4.9785542
2025-12-23 19:00:00+00:00,357.79745,4.6834598
2025-12-23 20:00:00+00:00,2.385899,4.323748
2025-12-23 21:00:00+00:00,12.528798,4.9785542
2025-12-23 22:00:00+00:00,15.255177,4.1046314
2025-12-23 23:00:00+00:00,14.743609,3.536439
2025-12-24 00:00:00+00:00,353.29025,3.0811036
2025-12-24 01:00:00+00:00,360.0,3.4199998
2025-12-24 02:00:00+00:00,338.9624,2.5071096
2025-12-24 03:00:00+00:00,345.06854,2.7943513
2025-12-24 04:00:00+00:00,318.01288,2.4216523
2025-12-24 05:00:00+00:00,303.02386,4.293669
2025-12-24 06:00:00+00:00,312.27362,8.027678
2025-12-24 07:00:00+00:00,305.75397,5.5450516
2025-12-24 08:00:00+00:00,304.28693,4.7928696
2025-12-24 09:00:00+00:00,285.06854,4.8466477
2025-12-24 10:00:00+00:00,274.96964,4.1556225
2025-12-24 11:00:00+00:00,265.91446,2.5264204
2025-12-24 12:00:00+00:00,341.56494,2.2768397
2025-12-24 13:00:00+00:00,349.69522,2.0124612
2025-12-24 14:00:00+00:00,11.3098955,1.835647
2025-12-24 15:00:00+00:00,15.945477,2.6208394
2025-12-24 16:00:00+00:00,10.61961,2.9301877
2025-12-24 17:00:00+00:00,4.085537,2.5264204
2025-12-24 18:00:00+00:00,338.19852,2.907989
2025-12-24 19:00:00+00:00,348.6901,1.835647
2025-12-24 20:00:00+00:00,19.983198,2.1068459
2025-12-24 21:00:00+00:00,26.564985,2.0124612
2025-12-24 22:00:00+00:00,23.962492,1.7727944
2025-12-24 23:00:00+00:00,28.610369,2.2553935
2025-12-25 00:00:00+00:00,351.2539,2.36753
2025-12-25 01:00:00+00:00,9.462248,2.1897945
2025-12-25 02:00:00+00:00,26.564985,2.4149535
2025-12-25 03:00:00+00:00,22.61991,2.3400002
2025-12-25 04:00:00+00:00,19.983198,2.1068459
2025-12-25 05:00:00+00:00,360.0,0.9
2025-12-25 06:00:00+00:00,17.744766,4.724786
2025-12-25 07:00:00+00:00,360.0,3.6
2025-12-25 08:00:00+00:00,7.7650824,3.9966488
2025-12-25 09:00:00+00:00,10.491434,4.942631
2025-12-25 10:00:00+00:00,8.130019,3.8183763
2025-12-25 11:00:00+00:00,14.036275,3.710795
2025-12-25 12:00:00+00:00,8.97255,3.462369
2025-12-25 13:00:00+00:00,16.927603,4.327493
2025-12-25 14:00:00+00:00,12.528798,4.9785542
2025-12-25 15:00:00+00:00,11.689341,5.3305535
2025-12-25 16:00:00+00:00,6.581848,4.7110505
2025-12-25 17:00:00+00:00,2.1210518,4.8633323
2025-12-25 18:00:00+00:00,341.56494,4.5536795
2025-12-25 19:00:00+00:00,348.6901,4.5891175
2025-12-25 20:00:00+00:00,345.9637,4.452954
2025-12-25 21:00:00+00:00,337.3801,4.6800003
2025-12-25 22:00:00+00:00,336.2505,4.91634
2025-12-25 23:00:00+00:00,337.06787,5.0816135
2025-12-26 00:00:00+00:00,340.9064,4.952453
2025-12-26 01:00:00+00:00,358.15244,5.5829024
2025-12-26 02:00:00+00:00,360.0,5.2200003
2025-12-26 03:00:00+00:00,358.15244,5.5829024
2025-12-26 04:00:00+00:00,4.398633,7.040739
2025-12-26 05:00:00+00:00,18.853252,7.7983837
2025-12-26 06:00:00+00:00,6.8816385,10.51576
2025-12-26 07:00:00+00:00,12.99463,7.2044983
2025-12-26 08:00:00+00:00,8.365798,6.1858225
2025-12-26 09:00:00+00:00,341.56494,5.6920996
2025-12-26 10:00:00+00:00,335.09525,5.5567255
2025-12-26 11:00:00+00:00,351.87,2.5455842
2025-12-26 12:00:00+00:00,20.556128,3.0758414
2025-12-26 13:00:00+00:00,35.217674,3.745557
2025-12-26 14:00:00+00:00,36.027473,2.4482648
2025-12-26 15:00:00+00:00,31.607454,2.7475805
2025-12-26 16:00:00+00:00,29.357658,3.3043609
2025-12-26 17:00:00+00:00,26.564985,3.62243
2025-12-26 18:00:00+00:00,343.61038,3.189608
2025-12-26 19:00:00+00:00,8.130019,1.2727921
2025-12-26 20:00:00+00:00,14.036275,0.742159
2025-12-26 21:00:00+00:00,33.6901,3.244996
2025-12-26 22:00:00+00:00,28.610369,2.2553935
2025-12-26 23:00:00+00:00,18.435053,1.7076298
2025-12-27 00:00:00+00:00,344.47583,3.362677
2025-12-27 01:00:00+00:00,354.80566,1.9881649
2025-12-27 02:00:00+00:00,14.036275,2.226477
2025-12-27 03:00:00+00:00,18.435053,2.2768397
2025-12-27 04:00:00+00:00,350.53775,2.1897945
2025-12-27 05:00:00+00:00,299.74478,1.4512063
2025-12-27 06:00:00+00:00,323.8417,5.796447
2025-12-27 07:00:00+00:00,320.7106,5.1165614
2025-12-27 08:00:00+00:00,329.03632,4.198285
2025-12-27 09:00:00+00:00,339.14545,4.0449963
2025-12-27 10:00:00+00:00,333.43503,4.0249224
2025-12-27 11:00:00+00:00,355.60138,2.3469126
2025-12-27 12:00:00+00:00,14.931467,2.7943513
2025-12-27 13:00:00+00:00,30.963696,3.148714
2025-12-27 14:00:00+00:00,33.6901,1.9469976
2025-12-27 15:00:00+00:00,32.471172,2.3469129
2025-12-27 16:00:00+00:00,24.443953,2.1749482
2025-12-27 17:00:00+00:00,26.564985,2.4149535
2025-12-27 18:00:00+00:00,349.3804,2.9301877
2025-12-27 19:00:00+00:00,8.130019,2.5455842
2025-12-27 20:00:00+00:00,12.528798,1.659518
2025-12-27 21:00:00+00:00,26.564985,2.4149535
2025-12-27 22:00:00+00:00,29.054508,1.8532133
2025-12-27 23:00:00+00:00,39.289394,2.5582807
2025-12-28 00:00:00+00:00,360.0,2.16
2025-12-28 01:00:00+00:00,31.607454,2.7475805
2025-12-28 02:00:00+00:00,37.568665,2.9522195
2025-12-28 03:00:00+00:00,44.999897,3.8183763
2025-12-28 04:00:00+00:00,65.77226,3.9477081
2025-12-28 05:00:00+00:00,121.60746,2.7475805
2025-12-28 06:00:00+00:00,44.999897,2.8001428
2025-12-28 07:00:00+00:00,9.865748,4.2021422
2025-12-28 08:00:00+00:00,26.564985,6.439876
2025-12-28 09:00:00+00:00,31.429514,7.5942082
2025-12-28 10:00:00+00:00,25.407679,7.970972
2025-12-28 11:00:00+00:00,20.323217,5.1826253
2025-12-28 12:00:00+00:00,24.227736,3.9477081
2025-12-28 13:00:00+00:00,31.263678,5.896202
2025-12-28 14:00:00+00:00,30.963696,5.2478566
2025-12-28 15:00:00+00:00,28.442837,4.913044
2025-12-28 16:00:00+00:00,35.217674,3.745557
2025-12-28 17:00:00+00:00,33.6901,2.5959969
2025-12-28 18:00:00+00:00,12.99463,2.4014995
2025-12-28 19:00:00+00:00,31.328646,4.846648
2025-12-28 20:00:00+00:00,42.27363,2.6758924
2025-12-28 21:00:00+00:00,41.98713,2.4216523
2025-12-28 22:00:00+00:00,42.27363,2.6758924
2025-12-28 23:00:00+00:00,44.999897,2.2910259
2025-12-29 00:00:00+00:00,353.29025,3.0811036
2025-12-29 01:00:00+00:00,21.801476,3.8773184
2025-12-29 02:00:00+00:00,28.610369,2.2553935
2025-12-29 03:00:00+00:00,38.157276,3.2048087
2025-12-29 04:00:00+00:00,36.38445,4.2481523
2025-12-29 05:00:00+00:00,66.37061,3.143565
2025-12-29 06:00:00+00:00,11.3098955,3.671294
2025-12-29 07:00:00+00:00,338.19852,3.8773184
2025-12-29 08:00:00+00:00,345.9637,5.937272
2025-12-29 09:00:00+00:00,353.6599,6.519877
2025-12-29 10:00:00+00:00,358.36346,6.302571
2025-12-29 11:00:00+00:00,353.88458,5.0688457
2025-12-29 12:00:00+00:00,10.304792,2.0124612
2025-12-29 13:00:00+00:00,20.556128,1.5379207
2025-12-29 14:00:00+00:00,26.564985,0.8049845
2025-12-29 15:00:00+00:00,36.86999,3.6
2025-12-29 16:00:00+00:00,36.253937,3.3481934
2025-12-29 17:00:00+00:00,34.50859,3.494968
2025-12-29 18:00:00+00:00,350.53775,2.1897945
2025-12-29 19:00:00+00:00,24.775122,2.5772076
2025-12-29 20:00:00+00:00,44.999897,0.25455844
2025-12-29 21:00:00+00:00,29.054508,1.8532133
2025-12-29 22:00:00+00:00,30.256361,2.50064
2025-12-29 23:00:00+00:00,360.0,0.54
2025-12-30 00:00:00+00:00,345.9637,2.226477
2025-12-30 01:00:00+00:00,12.528798,1.659518
2025-12-30 02:00:00+00:00,90.0,0.17999999
2025-12-30 03:00:00+00:00,90.0,1.26
2025-12-30 04:00:00+00:00,49.76371,3.0652893
2025-12-30 05:00:00+00:00,93.366394,3.0652895
2025-12-30 06:00:00+00:00,339.14545,4.0449963
2025-12-30 07:00:00+00:00,343.3007,1.8792552
2025-12-30 08:00:00+00:00,48.366554,2.1674871
2025-12-30 09:00:00+00:00,340.0168,2.1068459
2025-12-30 10:00:00+00:00,310.60123,1.659518
2025-12-30 11:00:00+00:00,353.29025,3.0811036
2025-12-30 12:00:00+00:00,3.5762644,2.8856194
2025-12-30 13:00:00+00:00,22.93213,5.0816135
2025-12-30 14:00:00+00:00,25.559923,4.5891175
2025-12-30 15:00:00+00:00,21.501507,6.384293
2025-12-30 16:00:00+00:00,22.751022,6.050785
2025-12-30 17:00:00+00:00,350.53775,2.1897945
2025-12-30 18:00:00+00:00,355.23645,2.1674871
2025-12-30 19:00:00+00:00,24.623547,4.7521367
2025-12-30 20:00:00+00:00,33.6901,3.8939953
2025-12-30 21:00:00+00:00,29.744795,4.3536186
2025-12-30 22:00:00+00:00,11.3098955,2.7534704
2025-12-30 23:00:00+00:00,322.12494,2.0523157
2025-12-31 00:00:00+00:00,331.38962,2.2553935
2025-12-31 01:00:00+00:00,3.3664,3.0652895
2025-12-31 02:00:00+00:00,338.74942,3.4763772
2025-12-31 03:00:00+00:00,10.954029,5.6835546
2025-12-31 04:00:00+00:00,334.53668,4.186693
2025-12-31 05:00:00+00:00,360.0,3.7799997
2025-12-31 06:00:00+00:00,7.3522935,5.6262593
2025-12-31 07:00:00+00:00,10.304792,6.037383
2025-12-31 08:00:00+00:00,14.036275,5.937272
2025-12-31 09:00:00+00:00,15.945477,3.9312592
2025-12-31 10:00:00+00:00,23.629398,3.143565
2025-12-31 11:00:00+00:00,37.405437,3.8521678
2025-12-31 12:00:00+00:00,30.963696,2.0991426
2025-12-31 13:00:00+00:00,30.465475,3.550155
2025-12-31 14:00:00+00:00,31.328646,4.846648
2025-12-31 15:00:00+00:00,40.364468,4.724786
2025-12-31 16:00:00+00:00,46.27295,5.728979
2025-12-31 17:00:00+00:00,33.6901,5.8409934
2025-12-31 18:00:00+00:00,4.763556,2.1674871
2025-12-31 19:00:00+00:00,32.82854,6.6405115
2025-12-31 20:00:00+00:00,29.981556,5.402999
2025-12-31 21:00:00+00:00,30.256361,5.00128
2025-12-31 22:00:00+00:00,35.537766,4.6452556
2025-12-31 23:00:00+00:00,29.248732,5.1575575
