date,wind_speed_10m,wind_direction_10m
2025-01-01 00:00:00+00:00,4.1556225,355.03033
2025-01-01 01:00:00+00:00,3.9763298,354.80566
2025-01-01 02:00:00+00:00,3.7971036,354.55975
2025-01-01 03:00:00+00:00,3.6402748,351.4693
2025-01-01 04:00:00+00:00,3.462369,351.02744
2025-01-01 05:00:00+00:00,3.4949677,348.11136
2025-01-01 06:00:00+00:00,3.143565,346.75946
2025-01-01 07:00:00+00:00,2.7943513,345.06854
2025-01-01 08:00:00+00:00,2.3469126,355.60138
2025-01-01 09:00:00+00:00,2.3469126,4.398633
2025-01-01 10:00:00+00:00,3.5864744,342.47433
2025-01-01 11:00:00+00:00,2.968636,345.9637
2025-01-01 12:00:00+00:00,2.5455842,351.87
2025-01-01 13:00:00+00:00,2.7534704,348.6901
2025-01-01 14:00:00+00:00,2.968636,345.9637
2025-01-01 15:00:00+00:00,3.319036,347.4712
2025-01-01 16:00:00+00:00,3.2846913,350.53775
2025-01-01 17:00:00+00:00,3.319036,347.4712
2025-01-01 18:00:00+00:00,3.462369,351.02744
2025-01-01 19:00:00+00:00,3.2846913,350.53775
2025-01-01 20:00:00+00:00,3.0811036,353.29025
2025-01-01 21:00:00+00:00,2.8856194,356.42374
2025-01-01 22:00:00+00:00,3.6179552,354.2895
2025-01-01 23:00:00+00:00,3.2399998,360.0
2025-01-02 00:00:00+00:00,2.8856194,356.42374
2025-01-02 01:00:00+00:00,2.9024127,352.87506
2025-01-02 02:00:00+00:00,2.8856194,356.42374
2025-01-02 03:00:00+00:00,2.9024127,352.87506
2025-01-02 04:00:00+00:00,2.7238941,352.40543
2025-01-02 05:00:00+00:00,2.8799999,360.0
2025-01-02 06:00:00+00:00,2.52,360.0
2025-01-02 07:00:00+00:00,1.8089776,354.2895
2025-01-02 08:00:00+00:00,1.8,360.0
2025-01-02 09:00:00+00:00,1.4399999,360.0
2025-01-02 10:00:00+00:00,2.0991426,329.03632
2025-01-02 11:00:00+00:00,1.9134263,318.81415
2025-01-02 12:00:00+00:00,2.0991426,329.03632
2025-01-02 13:00:00+00:00,2.2553935,331.38962
2025-01-02 14:00:00+00:00,2.5772076,335.22488
2025-01-02 15:00:00+00:00,2.50064,329.74365
2025-01-02 16:00:00+00:00,2.1749482,335.55606
2025-01-02 17:00:00+00:00,2.19718,325.0079
2025-01-02 18:00:00+00:00,2.0991426,329.03632
2025-01-02 19:00:00+00:00,2.0991426,329.03632
2025-01-02 20:00:00+00:00,2.0991426,329.03632
2025-01-02 21:00:00+00:00,2.0991426,329.03632
2025-01-02 22:00:00+00:00,2.657668,331.69934
2025-01-02 23:00:00+00:00,2.2553935,331.38962
2025-01-03 00:00:00+00:00,2.0991426,329.03632
2025-01-03 01:00:00+00:00,1.9469976,326.3099
2025-01-03 02:00:00+00:00,1.9469976,326.3099
2025-01-03 03:00:00+00:00,1.9469976,326.3099
2025-01-03 04:00:00+00:00,1.8,323.13
2025-01-03 05:00:00+00:00,1.781909,315.0001
2025-01-03 06:00:00+00:00,1.6981165,302.00534
2025-01-03 07:00:00+00:00,1.659518,282.5288
2025-01-03 08:00:00+00:00,1.835647,258.6901
2025-01-03 09:00:00+00:00,1.5379207,249.44386
2025-01-03 10:00:00+00:00,1.5379207,290.55612
2025-01-03 11:00:00+00:00,1.4512063,299.74478
2025-01-03 12:00:00+00:00,1.2979984,326.3099
2025-01-03 13:00:00+00:00,1.609969,333.43503
2025-01-03 14:00:00+00:00,1.7076298,341.56494
2025-01-03 15:00:00+00:00,1.835647,348.6901
2025-01-03 16:00:00+00:00,2.0124612,349.69522
2025-01-03 17:00:00+00:00,2.0523157,344.7448
2025-01-03 18:00:00+00:00,1.9881649,354.80566
2025-01-03 19:00:00+00:00,1.9881649,354.80566
2025-01-03 20:00:00+00:00,1.98,360.0
2025-01-03 21:00:00+00:00,1.98,360.0
2025-01-03 22:00:00+00:00,2.1674871,4.763556
2025-01-03 23:00:00+00:00,1.6299692,6.3401003
2025-01-04 00:00:00+00:00,1.659518,12.528798
2025-01-04 01:00:00+00:00,1.4512063,7.12493
2025-01-04 02:00:00+00:00,1.26,360.0
2025-01-04 03:00:00+00:00,1.26,360.0
2025-01-04 04:00:00+00:00,0.9,360.0
2025-01-04 05:00:00+00:00,0.54,360.0
2025-01-04 06:00:00+00:00,0.17999999,90.0
2025-01-04 07:00:00+00:00,1.4512063,150.2552
2025-01-04 08:00:00+00:00,2.7238941,172.40544
2025-01-04 09:00:00+00:00,2.8856194,183.57626
2025-01-04 10:00:00+00:00,2.995797,212.73521
2025-01-04 11:00:00+00:00,0.8049845,206.56499
2025-01-04 12:00:00+00:00,0.9693296,158.19853
2025-01-04 13:00:00+00:00,0.9,180.0
2025-01-04 14:00:00+00:00,0.742159,165.96373
2025-01-04 15:00:00+00:00,0.71999997,180.0
2025-01-04 16:00:00+00:00,0.35999998,180.0
2025-01-04 17:00:00+00:00,0.40249225,116.56499
2025-01-04 18:00:00+00:00,0.25455844,135.0001
2025-01-04 19:00:00+00:00,0.40249225,333.43503
2025-01-04 20:00:00+00:00,0.40249225,333.43503
2025-01-04 21:00:00+00:00,0.40249225,333.43503
2025-01-04 22:00:00+00:00,1.0495713,300.96368
2025-01-04 23:00:00+00:00,0.56920993,341.56494
2025-01-05 00:00:00+00:00,0.56920993,18.435053
2025-01-05 01:00:00+00:00,0.40249225,26.564985
2025-01-05 02:00:00+00:00,0.5091169,44.999897
2025-01-05 03:00:00+00:00,0.40249225,26.564985
2025-01-05 04:00:00+00:00,0.5091169,44.999897
2025-01-05 05:00:00+00:00,0.56920993,71.564964
2025-01-05 06:00:00+00:00,1.6981165,122.00535
2025-01-05 07:00:00+00:00,3.1845248,137.29063
2025-01-05 08:00:00+00:00,3.572898,139.08571
2025-01-05 09:00:00+00:00,3.9640884,140.52757
2025-01-05 10:00:00+00:00,1.9469976,146.3099
2025-01-05 11:00:00+00:00,1.609969,116.56499
2025-01-05 12:00:00+00:00,0.9693296,68.19853
2025-01-05 13:00:00+00:00,0.5091169,44.999897
2025-01-05 14:00:00+00:00,1.4399999,360.0
2025-01-05 15:00:00+00:00,1.6299692,6.3401003
2025-01-05 16:00:00+00:00,1.8089776,5.7105074
2025-01-05 17:00:00+00:00,1.8089776,5.7105074
2025-01-05 18:00:00+00:00,1.98,360.0
2025-01-05 19:00:00+00:00,1.7076298,341.56494
2025-01-05 20:00:00+00:00,1.7727944,336.0375
2025-01-05 21:00:00+00:00,2.2768397,341.56494
2025-01-05 22:00:00+00:00,3.0811036,353.29025
2025-01-05 23:00:00+00:00,2.8856194,356.42374
2025-01-06 00:00:00+00:00,2.8856194,356.42374
2025-01-06 01:00:00+00:00,3.0652895,356.6336
2025-01-06 02:00:00+00:00,2.9024127,352.87506
2025-01-06 03:00:00+00:00,2.8856194,356.42374
2025-01-06 04:00:00+00:00,2.5772078,347.90527
2025-01-06 05:00:00+00:00,2.4014995,347.00537
2025-01-06 06:00:00+00:00,1.659518,347.4712
2025-01-06 07:00:00+00:00,1.3708391,336.8014
2025-01-06 08:00:00+00:00,0.9,323.13
2025-01-06 09:00:00+00:00,0.742159,284.03625
2025-01-06 10:00:00+00:00,1.1525624,321.34018
2025-01-06 11:00:00+00:00,1.8,323.13
2025-01-06 12:00:00+00:00,1.8,323.13
2025-01-06 13:00:00+00:00,2.2553935,331.38962
2025-01-06 14:00:00+00:00,2.97953,334.98312
2025-01-06 15:00:00+00:00,3.3092597,337.6198
2025-01-06 16:00:00+00:00,3.644722,339.77505
2025-01-06 17:00:00+00:00,3.7585104,343.3007
2025-01-06 18:00:00+00:00,3.710795,345.9637
2025-01-06 19:00:00+00:00,3.4949677,348.11136
2025-01-06 20:00:00+00:00,3.4949677,348.11136
2025-01-06 21:00:00+00:00,3.671294,348.6901
2025-01-06 22:00:00+00:00,5.1197267,349.8754
2025-01-06 23:00:00+00:00,4.0249224,349.69522
2025-01-07 00:00:00+00:00,4.060985,347.19574
2025-01-07 01:00:00+00:00,3.536439,345.25638
2025-01-07 02:00:00+00:00,3.362677,344.47583
2025-01-07 03:00:00+00:00,3.5864744,342.47433
2025-01-07 04:00:00+00:00,3.2846913,350.53775
2025-01-07 05:00:00+00:00,3.362677,344.47583
2025-01-07 06:00:00+00:00,3.5455887,336.0375
2025-01-07 07:00:00+00:00,3.244996,340.55988
2025-01-07 08:00:00+00:00,3.01735,342.64587
2025-01-07 09:00:00+00:00,2.6758924,340.3461
2025-01-07 10:00:00+00:00,3.4152596,341.56494
2025-01-07 11:00:00+00:00,2.907989,338.19852
2025-01-07 12:00:00+00:00,3.01735,342.64587
2025-01-07 13:00:00+00:00,3.4152596,341.56494
2025-01-07 14:00:00+00:00,3.536439,345.25638
2025-01-07 15:00:00+00:00,3.84796,349.21573
2025-01-07 16:00:00+00:00,3.9966488,352.23492
2025-01-07 17:00:00+00:00,4.175069,352.5687
2025-01-07 18:00:00+00:00,4.175069,352.5687
2025-01-07 19:00:00+00:00,4.353619,352.87506
2025-01-07 20:00:00+00:00,4.5322843,353.15732
2025-01-07 21:00:00+00:00,4.5322843,353.15732
2025-01-07 22:00:00+00:00,5.6060677,354.47253
2025-01-07 23:00:00+00:00,5.2694216,352.14676
2025-01-08 00:00:00+00:00,5.2478566,354.09393
2025-01-08 01:00:00+00:00,5.0911684,351.87
2025-01-08 02:00:00+00:00,4.913044,351.57312
2025-01-08 03:00:00+00:00,4.7657523,349.11453
2025-01-08 04:00:00+00:00,4.5891175,348.6901
2025-01-08 05:00:00+00:00,4.412754,348.23172
2025-01-08 06:00:00+00:00,4.2366967,347.73523
2025-01-08 07:00:00+00:00,3.8856654,346.60748
2025-01-08 08:00:00+00:00,3.4152596,341.56494
2025-01-08 09:00:00+00:00,3.244996,340.55988
2025-01-08 10:00:00+00:00,3.189608,343.61038
2025-01-08 11:00:00+00:00,3.143565,346.75946
2025-01-08 12:00:00+00:00,3.462369,351.02744
2025-01-08 13:00:00+00:00,3.8183763,351.87
2025-01-08 14:00:00+00:00,3.9966488,352.23492
2025-01-08 15:00:00+00:00,4.353619,352.87506
2025-01-08 16:00:00+00:00,4.7110505,353.41815
2025-01-08 17:00:00+00:00,4.7110505,353.41815
2025-01-08 18:00:00+00:00,4.8899083,353.6599
2025-01-08 19:00:00+00:00,4.8899083,353.6599
2025-01-08 20:00:00+00:00,4.8899083,353.6599
2025-01-08 21:00:00+00:00,4.8899083,353.6599
2025-01-08 22:00:00+00:00,5.297018,350.21765
2025-01-08 23:00:00+00:00,5.1197267,349.8754
2025-01-09 00:00:00+00:00,5.2694216,352.14676
2025-01-09 01:00:00+00:00,5.1197267,349.8754
2025-01-09 02:00:00+00:00,5.1197267,349.8754
2025-01-09 03:00:00+00:00,5.1197267,349.8754
2025-01-09 04:00:00+00:00,5.1544156,347.90527
2025-01-09 05:00:00+00:00,4.5891175,348.6901
2025-01-09 06:00:00+00:00,4.2021422,350.13425
2025-01-09 07:00:00+00:00,4.060985,347.19574
2025-01-09 08:00:00+00:00,3.7585104,343.3007
2025-01-09 09:00:00+00:00,3.536439,345.25638
2025-01-09 10:00:00+00:00,3.671294,348.6901
2025-01-09 11:00:00+00:00,3.536439,345.25638
2025-01-09 12:00:00+00:00,3.84796,349.21573
2025-01-09 13:00:00+00:00,4.0249224,349.69522
2025-01-09 14:00:00+00:00,4.353619,352.87506
2025-01-09 15:00:00+00:00,4.5572357,350.9098
2025-01-09 16:00:00+00:00,4.73506,351.2539
2025-01-09 17:00:00+00:00,4.913044,351.57312
2025-01-09 18:00:00+00:00,4.913044,351.57312
2025-01-09 19:00:00+00:00,5.0911684,351.87
2025-01-09 20:00:00+00:00,5.0911684,351.87
2025-01-09 21:00:00+00:00,5.0911684,351.87
2025-01-09 22:00:00+00:00,5.5916004,356.3087
2025-01-09 23:00:00+00:00,5.0688457,353.88458
2025-01-10 00:00:00+00:00,5.0688457,353.88458
2025-01-10 01:00:00+00:00,5.0911684,351.87
2025-01-10 02:00:00+00:00,5.0911684,351.87
2025-01-10 03:00:00+00:00,4.913044,351.57312
2025-01-10 04:00:00+00:00,4.913044,351.57312
2025-01-10 05:00:00+00:00,4.5322843,353.15732
2025-01-10 06:00:00+00:00,4.379589,350.53775
2025-01-10 07:00:00+00:00,4.2021422,350.13425
2025-01-10 08:00:00+00:00,4.0249224,349.69522
2025-01-10 09:00:00+00:00,3.84796,349.21573
2025-01-10 10:00:00+00:00,3.8183763,351.87
2025-01-10 11:00:00+00:00,3.710795,345.9637
2025-01-10 12:00:00+00:00,3.8183763,351.87
2025-01-10 13:00:00+00:00,4.175069,352.5687
2025-01-10 14:00:00+00:00,4.353619,352.87506
2025-01-10 15:00:00+00:00,4.5322843,353.15732
2025-01-10 16:00:00+00:00,4.6938252,355.60138
2025-01-10 17:00:00+00:00,4.8733153,355.76367
2025-01-10 18:00:00+00:00,5.0528407,355.91446
2025-01-10 19:00:00+00:00,5.0528407,355.91446
2025-01-10 20:00:00+00:00,5.0528407,355.91446
2025-01-10 21:00:00+00:00,5.0528407,355.91446
2025-01-10 22:00:00+00:00,5.4119864,356.186
2025-01-10 23:00:00+00:00,5.232399,356.0549
2025-01-11 00:00:00+00:00,5.2478566,354.09393
2025-01-11 01:00:00+00:00,5.0528407,355.91446
2025-01-11 02:00:00+00:00,4.8899083,353.6599
2025-01-11 03:00:00+00:00,4.8733153,355.76367
2025-01-11 04:00:00+00:00,4.8733153,355.76367
2025-01-11 05:00:00+00:00,4.514377,355.42615
2025-01-11 06:00:00+00:00,4.353619,352.87506
2025-01-11 07:00:00+00:00,4.175069,352.5687
2025-01-11 08:00:00+00:00,4.0249224,349.69522
2025-01-11 09:00:00+00:00,3.671294,348.6901
2025-01-11 10:00:00+00:00,3.671294,348.6901
2025-01-11 11:00:00+00:00,3.8183763,351.87
2025-01-11 12:00:00+00:00,3.8183763,351.87
2025-01-11 13:00:00+00:00,3.671294,348.6901
2025-01-11 14:00:00+00:00,3.9763298,354.80566
2025-01-11 15:00:00+00:00,4.1556225,355.03033
2025-01-11 16:00:00+00:00,4.175069,352.5687
2025-01-11 17:00:00+00:00,3.9763298,354.80566
2025-01-11 18:00:00+00:00,3.9966488,352.23492
2025-01-11 19:00:00+00:00,3.9966488,352.23492
2025-01-11 20:00:00+00:00,3.9966488,352.23492
2025-01-11 21:00:00+00:00,4.0249224,349.69522
2025-01-11 22:00:00+00:00,3.9763298,354.80566
2025-01-11 23:00:00+00:00,3.8183763,351.87
2025-01-12 00:00:00+00:00,3.8183763,351.87
2025-01-12 01:00:00+00:00,3.6179552,354.2895
2025-01-12 02:00:00+00:00,3.7971036,354.55975
2025-01-12 03:00:00+00:00,3.8183763,351.87
2025-01-12 04:00:00+00:00,3.6402748,351.4693
2025-01-12 05:00:00+00:00,3.2846913,350.53775
2025-01-12 06:00:00+00:00,3.2846913,350.53775
2025-01-12 07:00:00+00:00,3.189608,343.61038
2025-01-12 08:00:00+00:00,2.907989,338.19852
2025-01-12 09:00:00+00:00,2.5772076,335.22488
2025-01-12 10:00:00+00:00,2.3469129,327.52884
2025-01-12 11:00:00+00:00,2.1068459,340.0168
2025-01-12 12:00:00+00:00,2.1068459,340.0168
2025-01-12 13:00:00+00:00,2.4482646,342.8972
2025-01-12 14:00:00+00:00,2.9301877,349.3804
2025-01-12 15:00:00+00:00,3.2846913,350.53775
2025-01-12 16:00:00+00:00,3.6179552,354.2895
2025-01-12 17:00:00+00:00,3.7842832,357.27374
2025-01-12 18:00:00+00:00,3.9763298,354.80566
2025-01-12 19:00:00+00:00,3.964089,357.3975
2025-01-12 20:00:00+00:00,4.143911,357.5105
2025-01-12 21:00:00+00:00,3.96,360.0
2025-01-12 22:00:00+00:00,4.68,360.0
2025-01-12 23:00:00+00:00,4.32,360.0
2025-01-13 00:00:00+00:00,4.14,360.0
2025-01-13 01:00:00+00:00,3.7842832,357.27374
2025-01-13 02:00:00+00:00,3.7971036,354.55975
2025-01-13 03:00:00+00:00,3.8183763,351.87
2025-01-13 04:00:00+00:00,3.9966488,352.23492
2025-01-13 05:00:00+00:00,3.6179552,354.2895
2025-01-13 06:00:00+00:00,3.6179552,354.2895
2025-01-13 07:00:00+00:00,3.6402748,351.4693
2025-01-13 08:00:00+00:00,3.462369,351.02744
2025-01-13 09:00:00+00:00,3.143565,346.75946
2025-01-13 10:00:00+00:00,2.968636,345.9637
2025-01-13 11:00:00+00:00,2.8460498,341.56494
2025-01-13 12:00:00+00:00,3.143565,346.75946
2025-01-13 13:00:00+00:00,3.462369,351.02744
2025-01-13 14:00:00+00:00,3.8183763,351.87
2025-01-13 15:00:00+00:00,3.9763298,354.80566
2025-01-13 16:00:00+00:00,4.3349743,355.23645
2025-01-13 17:00:00+00:00,4.3349743,355.23645
2025-01-13 18:00:00+00:00,4.514377,355.42615
2025-01-13 19:00:00+00:00,4.514377,355.42615
2025-01-13 20:00:00+00:00,4.6938252,355.60138
2025-01-13 21:00:00+00:00,4.6938252,355.60138
2025-01-13 22:00:00+00:00,5.0432134,357.95462
2025-01-13 23:00:00+00:00,5.232399,356.0549
2025-01-14 00:00:00+00:00,5.0528407,355.91446
2025-01-14 01:00:00+00:00,5.0528407,355.91446
2025-01-14 02:00:00+00:00,4.8899083,353.6599
2025-01-14 03:00:00+00:00,4.8899083,353.6599
2025-01-14 04:00:00+00:00,4.5572357,350.9098
2025-01-14 05:00:00+00:00,4.353619,352.87506
2025-01-14 06:00:00+00:00,4.2021422,350.13425
2025-01-14 07:00:00+00:00,3.84796,349.21573
2025-01-14 08:00:00+00:00,3.84796,349.21573
2025-01-14 09:00:00+00:00,3.4949677,348.11136
2025-01-14 10:00:00+00:00,3.2846913,350.53775
2025-01-14 11:00:00+00:00,3.319036,347.4712
2025-01-14 12:00:00+00:00,3.2846913,350.53775
2025-01-14 13:00:00+00:00,3.6402748,351.4693
2025-01-14 14:00:00+00:00,3.7971036,354.55975
2025-01-14 15:00:00+00:00,3.9763298,354.80566
2025-01-14 16:00:00+00:00,4.3349743,355.23645
2025-01-14 17:00:00+00:00,4.514377,355.42615
2025-01-14 18:00:00+00:00,4.514377,355.42615
2025-01-14 19:00:00+00:00,4.6938252,355.60138
2025-01-14 20:00:00+00:00,4.8733153,355.76367
2025-01-14 21:00:00+00:00,4.8733153,355.76367
2025-01-14 22:00:00+00:00,5.04,360.0
2025-01-14 23:00:00+00:00,5.0432134,357.95462
2025-01-15 00:00:00+00:00,4.8633323,357.87894
2025-01-15 01:00:00+00:00,4.8633323,357.87894
2025-01-15 02:00:00+00:00,4.8633323,357.87894
2025-01-15 03:00:00+00:00,4.8633323,357.87894
2025-01-15 04:00:00+00:00,4.6938252,355.60138
2025-01-15 05:00:00+00:00,4.514377,355.42615
2025-01-15 06:00:00+00:00,4.323748,357.6141
2025-01-15 07:00:00+00:00,4.143911,357.5105
2025-01-15 08:00:00+00:00,3.964089,357.3975
2025-01-15 09:00:00+00:00,3.7842832,357.27374
2025-01-15 10:00:00+00:00,3.604497,357.13766
2025-01-15 11:00:00+00:00,3.4247334,356.98727
2025-01-15 12:00:00+00:00,3.7799997,360.0
2025-01-15 13:00:00+00:00,4.14,360.0
2025-01-15 14:00:00+00:00,4.5,360.0
2025-01-15 15:00:00+00:00,4.68,360.0
2025-01-15 16:00:00+00:00,4.86,360.0
2025-01-15 17:00:00+00:00,4.86,360.0
2025-01-15 18:00:00+00:00,5.0432134,357.95462
2025-01-15 19:00:00+00:00,5.0528407,355.91446
2025-01-15 20:00:00+00:00,5.223103,358.0251
2025-01-15 21:00:00+00:00,5.223103,358.0251
2025-01-15 22:00:00+00:00,5.0528407,355.91446
2025-01-15 23:00:00+00:00,5.2200003,360.0
2025-01-16 00:00:00+00:00,5.3999996,360.0
2025-01-16 01:00:00+00:00,5.3999996,360.0
2025-01-16 02:00:00+00:00,5.0432134,357.95462
2025-01-16 03:00:00+00:00,5.0432134,357.95462
2025-01-16 04:00:00+00:00,4.8633323,357.87894
2025-01-16 05:00:00+00:00,4.514377,355.42615
2025-01-16 06:00:00+00:00,4.3349743,355.23645
2025-01-16 07:00:00+00:00,3.84796,349.21573
2025-01-16 08:00:00+00:00,3.8141315,340.70987
2025-01-16 09:00:00+00:00,3.8647635,332.24155
2025-01-16 10:00:00+00:00,4.198285,329.03632
2025-01-16 11:00:00+00:00,3.4388947,317.1211
2025-01-16 12:00:00+00:00,3.1845248,312.70938
2025-01-16 13:00:00+00:00,2.9301877,317.4896
2025-01-16 14:00:00+00:00,2.5959969,326.3099
2025-01-16 15:00:00+00:00,2.1749482,335.55606
2025-01-16 16:00:00+00:00,2.0523157,344.7448
2025-01-16 17:00:00+00:00,2.226477,345.9637
2025-01-16 18:00:00+00:00,2.6208394,344.05453
2025-01-16 19:00:00+00:00,3.189608,343.61038
2025-01-16 20:00:00+00:00,3.710795,345.9637
2025-01-16 21:00:00+00:00,4.060985,347.19574
2025-01-16 22:00:00+00:00,4.5891175,348.6901
2025-01-16 23:00:00+00:00,4.5891175,348.6901
2025-01-17 00:00:00+00:00,4.412754,348.23172
2025-01-17 01:00:00+00:00,4.2366967,347.73523
2025-01-17 02:00:00+00:00,4.1046314,344.7448
2025-01-17 03:00:00+00:00,4.060985,347.19574
2025-01-17 04:00:00+00:00,4.060985,347.19574
2025-01-17 05:00:00+00:00,3.536439,345.25638
2025-01-17 06:00:00+00:00,3.4949677,348.11136
2025-01-17 07:00:00+00:00,3.1072817,349.99207
2025-01-17 08:00:00+00:00,2.7238941,352.40543
2025-01-17 09:00:00+00:00,2.5772078,347.90527
2025-01-17 10:00:00+00:00,3.0811036,353.29025
2025-01-17 11:00:00+00:00,2.7943513,345.06854
2025-01-17 12:00:00+00:00,2.968636,345.9637
2025-01-17 13:00:00+00:00,3.143565,346.75946
2025-01-17 14:00:00+00:00,3.462369,351.02744
2025-01-17 15:00:00+00:00,3.671294,348.6901
2025-01-17 16:00:00+00:00,3.6179552,354.2895
2025-01-17 17:00:00+00:00,3.6179552,354.2895
2025-01-17 18:00:00+00:00,3.8183763,351.87
2025-01-17 19:00:00+00:00,3.8183763,351.87
2025-01-17 20:00:00+00:00,3.7971036,354.55975
2025-01-17 21:00:00+00:00,3.7971036,354.55975
2025-01-17 22:00:00+00:00,4.2021422,350.13425
2025-01-17 23:00:00+00:00,3.9966488,352.23492
2025-01-18 00:00:00+00:00,3.7971036,354.55975
2025-01-18 01:00:00+00:00,3.6402748,351.4693
2025-01-18 02:00:00+00:00,3.6402748,351.4693
2025-01-18 03:00:00+00:00,3.462369,351.02744
2025-01-18 04:00:00+00:00,3.1072817,349.99207
2025-01-18 05:00:00+00:00,2.9024127,352.87506
2025-01-18 06:00:00+00:00,2.36753,351.2539
2025-01-18 07:00:00+00:00,1.609969,333.43503
2025-01-18 08:00:00+00:00,1.4512063,299.74478
2025-01-18 09:00:00+00:00,1.8089776,264.2895
2025-01-18 10:00:00+00:00,1.7076298,288.43503
2025-01-18 11:00:00+00:00,1.8792552,286.6993
2025-01-18 12:00:00+00:00,1.4512063,299.74478
2025-01-18 13:00:00+00:00,1.659518,310.60123
2025-01-18 14:00:00+00:00,1.6981165,327.99466
2025-01-18 15:00:00+00:00,1.8532133,330.9455
2025-01-18 16:00:00+00:00,2.0991426,329.03632
2025-01-18 17:00:00+00:00,2.0124612,333.43503
2025-01-18 18:00:00+00:00,1.9386592,338.19852
2025-01-18 19:00:00+00:00,1.9386592,338.19852
2025-01-18 20:00:00+00:00,2.2768397,341.56494
2025-01-18 21:00:00+00:00,2.1068459,340.0168
2025-01-18 22:00:00+00:00,2.2768397,341.56494
2025-01-18 23:00:00+00:00,2.226477,345.9637
2025-01-19 00:00:00+00:00,2.1068459,340.0168
2025-01-19 01:00:00+00:00,1.9386592,338.19852
2025-01-19 02:00:00+00:00,2.0523157,344.7448
2025-01-19 03:00:00+00:00,2.0124612,349.69522
2025-01-19 04:00:00+00:00,1.659518,347.4712
2025-01-19 05:00:00+00:00,1.1384199,341.56494
2025-01-19 06:00:00+00:00,0.56920993,341.56494
2025-01-19 07:00:00+00:00,1.3708391,203.19862
2025-01-19 08:00:00+00:00,3.381893,205.2011
2025-01-19 09:00:00+00:00,3.550155,210.46547
2025-01-19 10:00:00+00:00,2.9301877,222.5104
2025-01-19 11:00:00+00:00,2.50064,210.25635
2025-01-19 12:00:00+00:00,2.0124612,206.56499
2025-01-19 13:00:00+00:00,2.0523157,217.87505
2025-01-19 14:00:00+00:00,1.659518,229.39879
2025-01-19 15:00:00+00:00,1.2074767,243.43501
2025-01-19 16:00:00+00:00,0.9178235,281.3099
2025-01-19 17:00:00+00:00,1.2074767,296.56497
2025-01-19 18:00:00+00:00,1.2727921,315.0001
2025-01-19 19:00:00+00:00,1.5484185,324.46225
2025-01-19 20:00:00+00:00,1.8532133,330.9455
2025-01-19 21:00:00+00:00,2.0124612,333.43503
2025-01-19 22:00:00+00:00,2.3051248,321.34018
2025-01-19 23:00:00+00:00,2.657668,331.69934
2025-01-20 00:00:00+00:00,2.7416782,336.8014
2025-01-20 01:00:00+00:00,3.189608,343.61038
2025-01-20 02:00:00+00:00,3.362677,344.47583
2025-01-20 03:00:00+00:00,3.189608,343.61038
2025-01-20 04:00:00+00:00,2.907989,338.19852
2025-01-20 05:00:00+00:00,2.2768397,341.56494
2025-01-20 06:00:00+00:00,2.1749482,335.55606
2025-01-20 07:00:00+00:00,2.0523157,322.12494
2025-01-20 08:00:00+00:00,1.9134263,311.18582
2025-01-20 09:00:00+00:00,1.9469976,303.6901
2025-01-20 10:00:00+00:00,1.6299692,276.3401
2025-01-20 11:00:00+00:00,0.9,306.86996
2025-01-20 12:00:00+00:00,0.9693296,338.19852
2025-01-20 13:00:00+00:00,1.4512063,330.25522
2025-01-20 14:00:00+00:00,1.7076298,341.56494
2025-01-20 15:00:00+00:00,1.7727944,336.0375
2025-01-20 16:00:00+00:00,2.1749482,335.55606
2025-01-20 17:00:00+00:00,2.4149535,333.43503
2025-01-20 18:00:00+00:00,2.4149535,333.43503
2025-01-20 19:00:00+00:00,2.4149535,333.43503
2025-01-20 20:00:00+00:00,2.3400002,337.3801
2025-01-20 21:00:00+00:00,2.4482646,342.8972
2025-01-20 22:00:00+00:00,2.7943513,345.06854
2025-01-20 23:00:00+00:00,2.9301877,349.3804
2025-01-21 00:00:00+00:00,2.7534704,348.6901
2025-01-21 01:00:00+00:00,2.9024127,352.87506
2025-01-21 02:00:00+00:00,3.2599385,353.6599
2025-01-21 03:00:00+00:00,3.2846913,350.53775
2025-01-21 04:00:00+00:00,3.1072817,349.99207
2025-01-21 05:00:00+00:00,2.7238941,352.40543
2025-01-21 06:00:00+00:00,2.3469126,355.60138
2025-01-21 07:00:00+00:00,2.16,360.0
2025-01-21 08:00:00+00:00,1.4512063,7.12493
2025-01-21 09:00:00+00:00,0.742159,14.036275
2025-01-21 10:00:00+00:00,0.742159,14.036275
2025-01-21 11:00:00+00:00,1.08,360.0
2025-01-21 12:00:00+00:00,1.3104197,344.05453
2025-01-21 13:00:00+00:00,1.9386592,338.19852
2025-01-21 14:00:00+00:00,2.4482646,342.8972
2025-01-21 15:00:00+00:00,2.7534704,348.6901
2025-01-21 16:00:00+00:00,3.1072817,349.99207
2025-01-21 17:00:00+00:00,3.2846913,350.53775
2025-01-21 18:00:00+00:00,3.462369,351.02744
2025-01-21 19:00:00+00:00,3.4949677,348.11136
2025-01-21 20:00:00+00:00,3.319036,347.4712
2025-01-21 21:00:00+00:00,3.2846913,350.53775
2025-01-21 22:00:00+00:00,3.438895,353.9911
2025-01-21 23:00:00+00:00,3.462369,351.02744
2025-01-22 00:00:00+00:00,3.6402748,351.4693
2025-01-22 01:00:00+00:00,3.6402748,351.4693
2025-01-22 02:00:00+00:00,3.6402748,351.4693
2025-01-22 03:00:00+00:00,3.6402748,351.4693
2025-01-22 04:00:00+00:00,3.6402748,351.4693
2025-01-22 05:00:00+00:00,2.7238941,352.40543
2025-01-22 06:00:00+00:00,2.5264204,355.91446
2025-01-22 07:00:00+00:00,2.52,360.0
2025-01-22 08:00:00+00:00,2.16,360.0
2025-01-22 09:00:00+00:00,2.1897945,9.462248
2025-01-22 10:00:00+00:00,1.8,360.0
2025-01-22 11:00:00+00:00,1.835647,348.6901
2025-01-22 12:00:00+00:00,2.226477,345.9637
2025-01-22 13:00:00+00:00,2.7534704,348.6901
2025-01-22 14:00:00+00:00,3.1072817,349.99207
2025-01-22 15:00:00+00:00,3.1072817,349.99207
2025-01-22 16:00:00+00:00,3.319036,347.4712
2025-01-22 17:00:00+00:00,3.2846913,350.53775
2025-01-22 18:00:00+00:00,3.4949677,348.11136
2025-01-22 19:00:00+00:00,3.536439,345.25638
2025-01-22 20:00:00+00:00,3.5864744,342.47433
2025-01-22 21:00:00+00:00,3.5864744,342.47433
2025-01-22 22:00:00+00:00,3.5864744,342.47433
2025-01-22 23:00:00+00:00,3.5864744,342.47433
2025-01-23 00:00:00+00:00,3.536439,345.25638
2025-01-23 01:00:00+00:00,3.244996,340.55988
2025-01-23 02:00:00+00:00,3.4152596,341.56494
2025-01-23 03:00:00+00:00,3.01735,342.64587
2025-01-23 04:00:00+00:00,2.5071096,338.9624
2025-01-23 05:00:00+00:00,2.1068459,340.0168
2025-01-23 06:00:00+00:00,1.7727944,336.0375
2025-01-23 07:00:00+00:00,1.5484185,305.53775
2025-01-23 08:00:00+00:00,2.1897945,260.53775
2025-01-23 09:00:00+00:00,2.4149535,243.43501
2025-01-23 10:00:00+00:00,2.3469129,237.52882
2025-01-23 11:00:00+00:00,1.484318,255.96373
2025-01-23 12:00:00+00:00,1.7727944,293.9625
2025-01-23 13:00:00+00:00,2.19718,325.0079
2025-01-23 14:00:00+00:00,2.6758924,340.3461
2025-01-23 15:00:00+00:00,3.01735,342.64587
2025-01-23 16:00:00+00:00,3.536439,345.25638
2025-01-23 17:00:00+00:00,3.710795,345.9637
2025-01-23 18:00:00+00:00,3.84796,349.21573
2025-01-23 19:00:00+00:00,4.060985,347.19574
2025-01-23 20:00:00+00:00,4.2021422,350.13425
2025-01-23 21:00:00+00:00,4.2366967,347.73523
2025-01-23 22:00:00+00:00,4.5891175,348.6901
2025-01-23 23:00:00+00:00,4.73506,351.2539
2025-01-24 00:00:00+00:00,4.7110505,353.41815
2025-01-24 01:00:00+00:00,4.913044,351.57312
2025-01-24 02:00:00+00:00,4.8899083,353.6599
2025-01-24 03:00:00+00:00,4.73506,351.2539
2025-01-24 04:00:00+00:00,4.2021422,350.13425
2025-01-24 05:00:00+00:00,3.84796,349.21573
2025-01-24 06:00:00+00:00,3.4949677,348.11136
2025-01-24 07:00:00+00:00,3.189608,343.61038
2025-01-24 08:00:00+00:00,2.8174455,333.43503
2025-01-24 09:00:00+00:00,2.50064,329.74365
2025-01-24 10:00:00+00:00,2.3469129,327.52884
2025-01-24 11:00:00+00:00,2.4149535,333.43503
2025-01-24 12:00:00+00:00,2.5071096,338.9624
2025-01-24 13:00:00+00:00,2.968636,345.9637
2025-01-24 14:00:00+00:00,3.2846913,350.53775
2025-01-24 15:00:00+00:00,3.6402748,351.4693
2025-01-24 16:00:00+00:00,3.9966488,352.23492
2025-01-24 17:00:00+00:00,4.2021422,350.13425
2025-01-24 18:00:00+00:00,4.379589,350.53775
2025-01-24 19:00:00+00:00,4.5572357,350.9098
2025-01-24 20:00:00+00:00,4.5572357,350.9098
2025-01-24 21:00:00+00:00,4.73506,351.2539
2025-01-24 22:00:00+00:00,4.8899083,353.6599
2025-01-24 23:00:00+00:00,4.6938252,355.60138
2025-01-25 00:00:00+00:00,4.73506,351.2539
2025-01-25 01:00:00+00:00,4.7110505,353.41815
2025-01-25 02:00:00+00:00,4.7110505,353.41815
2025-01-25 03:00:00+00:00,4.5322843,353.15732
2025-01-25 04:00:00+00:00,4.5322843,353.15732
2025-01-25 05:00:00+00:00,4.175069,352.5687
2025-01-25 06:00:00+00:00,3.9966488,352.23492
2025-01-25 07:00:00+00:00,3.6179552,354.2895
2025-01-25 08:00:00+00:00,3.2846913,350.53775
2025-01-25 09:00:00+00:00,3.2599385,353.6599
2025-01-25 10:00:00+00:00,2.9301877,349.3804
2025-01-25 11:00:00+00:00,2.968636,345.9637
2025-01-25 12:00:00+00:00,3.2846913,350.53775
2025-01-25 13:00:00+00:00,3.462369,351.02744
2025-01-25 14:00:00+00:00,3.7971036,354.55975
2025-01-25 15:00:00+00:00,4.1556225,355.03033
2025-01-25 16:00:00+00:00,4.3349743,355.23645
2025-01-25 17:00:00+00:00,4.514377,355.42615
2025-01-25 18:00:00+00:00,4.6938252,355.60138
2025-01-25 19:00:00+00:00,4.8733153,355.76367
2025-01-25 20:00:00+00:00,4.8733153,355.76367
2025-01-25 21:00:00+00:00,4.8899083,353.6599
2025-01-25 22:00:00+00:00,5.0688457,353.88458
2025-01-25 23:00:00+00:00,4.8899083,353.6599
2025-01-26 00:00:00+00:00,4.8899083,353.6599
2025-01-26 01:00:00+00:00,4.8899083,353.6599
2025-01-26 02:00:00+00:00,5.0911684,351.87
2025-01-26 03:00:00+00:00,4.913044,351.57312
2025-01-26 04:00:00+00:00,4.913044,351.57312
2025-01-26 05:00:00+00:00,4.5322843,353.15732
2025-01-26 06:00:00+00:00,4.2021422,350.13425
2025-01-26 07:00:00+00:00,4.0249224,349.69522
2025-01-26 08:00:00+00:00,3.671294,348.6901
2025-01-26 09:00:00+00:00,3.319036,347.4712
2025-01-26 10:00:00+00:00,3.4152596,341.56494
2025-01-26 11:00:00+00:00,3.143565,346.75946
2025-01-26 12:00:00+00:00,3.319036,347.4712
2025-01-26 13:00:00+00:00,3.84796,349.21573
2025-01-26 14:00:00+00:00,4.175069,352.5687
2025-01-26 15:00:00+00:00,4.353619,352.87506
2025-01-26 16:00:00+00:00,4.6938252,355.60138
2025-01-26 17:00:00+00:00,4.7110505,353.41815
2025-01-26 18:00:00+00:00,4.8899083,353.6599
2025-01-26 19:00:00+00:00,4.913044,351.57312
2025-01-26 20:00:00+00:00,5.0911684,351.87
2025-01-26 21:00:00+00:00,5.0911684,351.87
2025-01-26 22:00:00+00:00,5.6060677,354.47253
2025-01-26 23:00:00+00:00,5.4119864,356.186
2025-01-27 00:00:00+00:00,5.2478566,354.09393
2025-01-27 01:00:00+00:00,5.0688457,353.88458
2025-01-27 02:00:00+00:00,5.2478566,354.09393
2025-01-27 03:00:00+00:00,5.0911684,351.87
2025-01-27 04:00:00+00:00,5.0911684,351.87
2025-01-27 05:00:00+00:00,4.5322843,353.15732
2025-01-27 06:00:00+00:00,4.353619,352.87506
2025-01-27 07:00:00+00:00,4.0249224,349.69522
2025-01-27 08:00:00+00:00,3.671294,348.6901
2025-01-27 09:00:00+00:00,3.362677,344.47583
2025-01-27 10:00:00+00:00,2.907989,338.19852
2025-01-27 11:00:00+00:00,3.01735,342.64587
2025-01-27 12:00:00+00:00,3.143565,346.75946
2025-01-27 13:00:00+00:00,3.671294,348.6901
2025-01-27 14:00:00+00:00,3.9966488,352.23492
2025-01-27 15:00:00+00:00,4.353619,352.87506
2025-01-27 16:00:00+00:00,4.353619,352.87506
2025-01-27 17:00:00+00:00,4.73506,351.2539
2025-01-27 18:00:00+00:00,4.7110505,353.41815
2025-01-27 19:00:00+00:00,4.8733153,355.76367
2025-01-27 20:00:00+00:00,4.8733153,355.76367
2025-01-27 21:00:00+00:00,4.8899083,353.6599
2025-01-27 22:00:00+00:00,5.426933,354.2895
2025-01-27 23:00:00+00:00,5.2694216,352.14676
2025-01-28 00:00:00+00:00,5.2478566,354.09393
2025-01-28 01:00:00+00:00,5.2478566,354.09393
2025-01-28 02:00:00+00:00,5.2478566,354.09393
2025-01-28 03:00:00+00:00,5.0688457,353.88458
2025-01-28 04:00:00+00:00,4.8899083,353.6599
2025-01-28 05:00:00+00:00,4.5322843,353.15732
2025-01-28 06:00:00+00:00,4.175069,352.5687
2025-01-28 07:00:00+00:00,3.8183763,351.87
2025-01-28 08:00:00+00:00,3.438895,353.9911
2025-01-28 09:00:00+00:00,3.2599385,353.6599
2025-01-28 10:00:00+00:00,3.143565,346.75946
2025-01-28 11:00:00+00:00,3.01735,342.64587
2025-01-28 12:00:00+00:00,3.319036,347.4712
2025-01-28 13:00:00+00:00,3.462369,351.02744
2025-01-28 14:00:00+00:00,3.6179552,354.2895
2025-01-28 15:00:00+00:00,3.6179552,354.2895
2025-01-28 16:00:00+00:00,3.6402748,351.4693
2025-01-28 17:00:00+00:00,3.6402748,351.4693
2025-01-28 18:00:00+00:00,3.4949677,348.11136
2025-01-28 19:00:00+00:00,3.536439,345.25638
2025-01-28 20:00:00+00:00,3.362677,344.47583
2025-01-28 21:00:00+00:00,3.362677,344.47583
2025-01-28 22:00:00+00:00,3.362677,344.47583
2025-01-28 23:00:00+00:00,2.968636,345.9637
2025-01-29 00:00:00+00:00,3.143565,346.75946
2025-01-29 01:00:00+00:00,2.968636,345.9637
2025-01-29 02:00:00+00:00,2.6208394,344.05453
2025-01-29 03:00:00+00:00,2.7416782,336.8014
2025-01-29 04:00:00+00:00,2.19718,325.0079
2025-01-29 05:00:00+00:00,1.8,306.86996
2025-01-29 06:00:00+00:00,2.6208394,254.05453
2025-01-29 07:00:00+00:00,3.745557,234.78232
2025-01-29 08:00:00+00:00,4.3573384,231.7098
2025-01-29 09:00:00+00:00,4.0449967,237.72438
2025-01-29 10:00:00+00:00,3.9477081,245.77226
2025-01-29 11:00:00+00:00,3.4763772,248.74942
2025-01-29 12:00:00+00:00,3.319036,257.4712
2025-01-29 13:00:00+00:00,3.1072817,259.9921
2025-01-29 14:00:00+00:00,2.4482646,252.89719
2025-01-29 15:00:00+00:00,2.0523157,254.74483
2025-01-29 16:00:00+00:00,1.659518,257.4712
2025-01-29 17:00:00+00:00,1.8089776,264.2895
2025-01-29 18:00:00+00:00,1.6299692,263.6599
2025-01-29 19:00:00+00:00,1.835647,281.3099
2025-01-29 20:00:00+00:00,2.0523157,307.87503
2025-01-29 21:00:00+00:00,2.4216523,318.01288
2025-01-29 22:00:00+00:00,2.6758924,340.3461
2025-01-29 23:00:00+00:00,3.244996,340.55988
2025-01-30 00:00:00+00:00,2.907989,338.19852
2025-01-30 01:00:00+00:00,2.8460498,341.56494
2025-01-30 02:00:00+00:00,2.6208394,344.05453
2025-01-30 03:00:00+00:00,2.5772078,347.90527
2025-01-30 04:00:00+00:00,2.5772078,347.90527
2025-01-30 05:00:00+00:00,2.1068459,340.0168
2025-01-30 06:00:00+00:00,1.5273507,315.0001
2025-01-30 07:00:00+00:00,1.9881649,264.80566
2025-01-30 08:00:00+00:00,2.7943513,255.06853
2025-01-30 09:00:00+00:00,3.4152596,251.56496
2025-01-30 10:00:00+00:00,3.4949677,258.11136
2025-01-30 11:00:00+00:00,2.5264204,274.08554
2025-01-30 12:00:00+00:00,2.3469126,274.39862
2025-01-30 13:00:00+00:00,1.8532133,299.0545
2025-01-30 14:00:00+00:00,2.0364676,315.0001
2025-01-30 15:00:00+00:00,2.4482648,323.97253
2025-01-30 16:00:00+00:00,2.657668,331.69934
2025-01-30 17:00:00+00:00,2.8174455,333.43503
2025-01-30 18:00:00+00:00,2.97953,334.98312
2025-01-30 19:00:00+00:00,3.219938,333.43503
2025-01-30 20:00:00+00:00,3.143565,336.3706
2025-01-30 21:00:00+00:00,3.381893,334.79892
2025-01-30 22:00:00+00:00,3.148714,329.03632
2025-01-30 23:00:00+00:00,3.244996,340.55988
2025-01-31 00:00:00+00:00,3.3092597,337.6198
2025-01-31 01:00:00+00:00,3.3092597,337.6198
2025-01-31 02:00:00+00:00,3.244996,340.55988
2025-01-31 03:00:00+00:00,3.0758414,339.44388
2025-01-31 04:00:00+00:00,2.8460498,341.56494
2025-01-31 05:00:00+00:00,2.3400002,337.3801
2025-01-31 06:00:00+00:00,2.0991426,329.03632
2025-01-31 07:00:00+00:00,1.659518,319.39877
2025-01-31 08:00:00+00:00,1.3708391,293.1986
2025-01-31 09:00:00+00:00,1.4399999,270.0
2025-01-31 10:00:00+00:00,1.7076298,288.43503
2025-01-31 11:00:00+00:00,1.609969,296.56497
2025-01-31 12:00:00+00:00,2.0991426,300.96368
2025-01-31 13:00:00+00:00,2.1674871,318.36655
2025-01-31 14:00:00+00:00,2.3051248,321.34018
2025-01-31 15:00:00+00:00,2.4149535,333.43503
2025-01-31 16:00:00+00:00,2.8460498,341.56494
2025-01-31 17:00:00+00:00,3.01735,342.64587
2025-01-31 18:00:00+00:00,3.189608,343.61038
2025-01-31 19:00:00+00:00,3.143565,346.75946
2025-01-31 20:00:00+00:00,3.143565,346.75946
2025-01-31 21:00:00+00:00,3.143565,346.75946
2025-01-31 22:00:00+00:00,2.7534704,348.6901
2025-01-31 23:00:00+00:00,3.1072817,349.99207
2025-02-01 00:00:00+00:00,2.6758924,340.3461
2025-02-01 01:00:00+00:00,2.6208394,344.05453
2025-02-01 02:00:00+00:00,2.4482646,342.8972
2025-02-01 03:00:00+00:00,2.3400002,337.3801
2025-02-01 04:00:00+00:00,2.1749482,335.55606
2025-02-01 05:00:00+00:00,1.4512063,330.25522
2025-02-01 06:00:00+00:00,1.0495713,300.96368
2025-02-01 07:00:00+00:00,0.56920993,251.56496
2025-02-01 08:00:00+00:00,1.2074767,206.56499
2025-02-01 09:00:00+00:00,1.3708391,203.19862
2025-02-01 10:00:00+00:00,1.5379207,200.55612
2025-02-01 11:00:00+00:00,0.54,270.0
2025-02-01 12:00:00+00:00,0.742159,284.03625
2025-02-01 13:00:00+00:00,1.0182338,315.0001
2025-02-01 14:00:00+00:00,1.6299692,353.6599
2025-02-01 15:00:00+00:00,1.9881649,354.80566
2025-02-01 16:00:00+00:00,2.3469126,355.60138
2025-02-01 17:00:00+00:00,2.34,360.0
2025-02-01 18:00:00+00:00,2.7059932,3.8140097
2025-02-01 19:00:00+00:00,2.6999998,360.0
2025-02-01 20:00:00+00:00,2.6999998,360.0
2025-02-01 21:00:00+00:00,2.7059932,356.186
2025-02-01 22:00:00+00:00,2.9024127,352.87506
2025-02-01 23:00:00+00:00,3.0652895,356.6336
2025-02-02 00:00:00+00:00,2.8799999,360.0
2025-02-02 01:00:00+00:00,2.8856194,356.42374
2025-02-02 02:00:00+00:00,2.8799999,360.0
2025-02-02 03:00:00+00:00,3.0652895,356.6336
2025-02-02 04:00:00+00:00,2.6999998,360.0
2025-02-02 05:00:00+00:00,2.3469126,4.398633
2025-02-02 06:00:00+00:00,1.98,360.0
2025-02-02 07:00:00+00:00,1.4512063,352.87506
2025-02-02 08:00:00+00:00,0.9693296,338.19852
2025-02-02 09:00:00+00:00,0.76367533,315.0001
2025-02-02 10:00:00+00:00,1.2979984,303.6901
2025-02-02 11:00:00+00:00,1.1525624,321.34018
2025-02-02 12:00:00+00:00,1.5379207,339.44388
2025-02-02 13:00:00+00:00,2.1068459,340.0168
2025-02-02 14:00:00+00:00,2.5455842,351.87
2025-02-02 15:00:00+00:00,2.8856194,356.42374
2025-02-02 16:00:00+00:00,3.0811036,353.29025
2025-02-02 17:00:00+00:00,3.438895,353.9911
2025-02-02 18:00:00+00:00,3.6179552,354.2895
2025-02-02 19:00:00+00:00,3.9763298,354.80566
2025-02-02 20:00:00+00:00,4.143911,357.5105
2025-02-02 21:00:00+00:00,4.323748,357.6141
2025-02-02 22:00:00+00:00,4.8733153,355.76367
2025-02-02 23:00:00+00:00,4.6834598,357.79745
2025-02-03 00:00:00+00:00,4.68,360.0
2025-02-03 01:00:00+00:00,4.8633323,357.87894
2025-02-03 02:00:00+00:00,4.8633323,357.87894
2025-02-03 03:00:00+00:00,4.8733153,355.76367
2025-02-03 04:00:00+00:00,5.0432134,357.95462
2025-02-03 05:00:00+00:00,4.6834598,357.79745
2025-02-03 06:00:00+00:00,4.6834598,357.79745
2025-02-03 07:00:00+00:00,4.503598,357.70944
2025-02-03 08:00:00+00:00,4.323748,357.6141
2025-02-03 09:00:00+00:00,4.143911,357.5105
2025-02-03 10:00:00+00:00,3.7971036,354.55975
2025-02-03 11:00:00+00:00,3.7971036,354.55975
2025-02-03 12:00:00+00:00,4.143911,357.5105
2025-02-03 13:00:00+00:00,4.323748,357.6141
2025-02-03 14:00:00+00:00,4.503598,357.70944
2025-02-03 15:00:00+00:00,4.6834598,357.79745
2025-02-03 16:00:00+00:00,4.6834598,357.79745
2025-02-03 17:00:00+00:00,4.6834598,357.79745
2025-02-03 18:00:00+00:00,4.8633323,357.87894
2025-02-03 19:00:00+00:00,4.8733153,355.76367
2025-02-03 20:00:00+00:00,4.8733153,355.76367
2025-02-03 21:00:00+00:00,4.7110505,353.41815
2025-02-03 22:00:00+00:00,4.5572357,350.9098
2025-02-03 23:00:00+00:00,4.353619,352.87506
2025-02-04 00:00:00+00:00,4.6938252,355.60138
2025-02-04 01:00:00+00:00,4.7110505,353.41815
2025-02-04 02:00:00+00:00,4.7110505,353.41815
2025-02-04 03:00:00+00:00,4.5322843,353.15732
2025-02-04 04:00:00+00:00,4.5322843,353.15732
2025-02-04 05:00:00+00:00,4.2021422,350.13425
2025-02-04 06:00:00+00:00,3.84796,349.21573
2025-02-04 07:00:00+00:00,3.710795,345.9637
2025-02-04 08:00:00+00:00,3.5864744,342.47433
2025-02-04 09:00:00+00:00,3.5455887,336.0375
2025-02-04 10:00:00+00:00,2.8460495,325.30478
2025-02-04 11:00:00+00:00,2.8174455,333.43503
2025-02-04 12:00:00+00:00,3.143565,346.75946
2025-02-04 13:00:00+00:00,3.438895,353.9911
2025-02-04 14:00:00+00:00,3.4199998,360.0
2025-02-04 15:00:00+00:00,3.7799997,360.0
2025-02-04 16:00:00+00:00,3.604497,357.13766
2025-02-04 17:00:00+00:00,3.462369,351.02744
2025-02-04 18:00:00+00:00,3.462369,351.02744
2025-02-04 19:00:00+00:00,3.2846913,350.53775
2025-02-04 20:00:00+00:00,3.319036,347.4712
2025-02-04 21:00:00+00:00,3.244996,340.55988
2025-02-04 22:00:00+00:00,3.62243,333.43503
2025-02-04 23:00:00+00:00,4.3832865,340.8209
2025-02-05 00:00:00+00:00,3.8773184,338.19852
2025-02-05 01:00:00+00:00,3.8141315,340.70987
2025-02-05 02:00:00+00:00,3.644722,339.77505
2025-02-05 03:00:00+00:00,3.244996,340.55988
2025-02-05 04:00:00+00:00,2.7943513,345.06854
2025-02-05 05:00:00+00:00,2.6208394,344.05453
2025-02-05 06:00:00+00:00,2.9024127,330.25522
2025-02-05 07:00:00+00:00,3.0547013,315.0001
2025-02-05 08:00:00+00:00,3.396233,302.00534
2025-02-05 09:00:00+00:00,3.4623692,297.8972
2025-02-05 10:00:00+00:00,3.06,298.0724
2025-02-05 11:00:00+00:00,0.8049845,296.56497
2025-02-05 12:00:00+00:00,0.6489992,326.3099
2025-02-05 13:00:00+00:00,1.26,360.0
2025-02-05 14:00:00+00:00,1.8,360.0
2025-02-05 15:00:00+00:00,2.1674871,355.23645
2025-02-05 16:00:00+00:00,2.3469126,355.60138
2025-02-05 17:00:00+00:00,2.7238941,352.40543
2025-02-05 18:00:00+00:00,2.8856194,356.42374
2025-02-05 19:00:00+00:00,3.2846913,350.53775
2025-02-05 20:00:00+00:00,3.462369,351.02744
2025-02-05 21:00:00+00:00,3.462369,351.02744
2025-02-05 22:00:00+00:00,3.0652895,3.3664
2025-02-05 23:00:00+00:00,3.604497,2.8623457
2025-02-06 00:00:00+00:00,3.7799997,360.0
2025-02-06 01:00:00+00:00,3.7842832,357.27374
2025-02-06 02:00:00+00:00,3.7842832,357.27374
2025-02-06 03:00:00+00:00,3.604497,357.13766
2025-02-06 04:00:00+00:00,3.604497,357.13766
2025-02-06 05:00:00+00:00,3.4247334,356.98727
2025-02-06 06:00:00+00:00,2.8856194,356.42374
2025-02-06 07:00:00+00:00,2.36753,351.2539
2025-02-06 08:00:00+00:00,2.0523157,344.7448
2025-02-06 09:00:00+00:00,1.4512063,330.25522
2025-02-06 10:00:00+00:00,1.2979984,236.3099
2025-02-06 11:00:00+00:00,0.9693296,338.19852
2025-02-06 12:00:00+00:00,1.5379207,339.44388
2025-02-06 13:00:00+00:00,2.4014995,347.00537
2025-02-06 14:00:00+00:00,2.7238941,352.40543
2025-02-06 15:00:00+00:00,3.0811036,353.29025
2025-02-06 16:00:00+00:00,3.462369,351.02744
2025-02-06 17:00:00+00:00,3.6402748,351.4693
2025-02-06 18:00:00+00:00,3.8183763,351.87
2025-02-06 19:00:00+00:00,3.84796,349.21573
2025-02-06 20:00:00+00:00,3.9966488,352.23492
2025-02-06 21:00:00+00:00,4.2021422,350.13425
2025-02-06 22:00:00+00:00,4.379589,350.53775
2025-02-06 23:00:00+00:00,4.514377,355.42615
2025-02-07 00:00:00+00:00,4.3349743,355.23645
2025-02-07 01:00:00+00:00,4.5322843,353.15732
2025-02-07 02:00:00+00:00,4.7110505,353.41815
2025-02-07 03:00:00+00:00,4.7110505,353.41815
2025-02-07 04:00:00+00:00,4.6938252,355.60138
2025-02-07 05:00:00+00:00,4.353619,352.87506
2025-02-07 06:00:00+00:00,3.9763298,354.80566
2025-02-07 07:00:00+00:00,3.7971036,354.55975
2025-02-07 08:00:00+00:00,3.6179552,354.2895
2025-02-07 09:00:00+00:00,3.2599385,353.6599
2025-02-07 10:00:00+00:00,2.9024127,352.87506
2025-02-07 11:00:00+00:00,2.7534704,348.6901
2025-02-07 12:00:00+00:00,3.1072817,349.99207
2025-02-07 13:00:00+00:00,3.438895,353.9911
2025-02-07 14:00:00+00:00,3.6179552,354.2895
2025-02-07 15:00:00+00:00,3.7971036,354.55975
2025-02-07 16:00:00+00:00,3.9763298,354.80566
2025-02-07 17:00:00+00:00,4.1556225,355.03033
2025-02-07 18:00:00+00:00,4.3349743,355.23645
2025-02-07 19:00:00+00:00,4.353619,352.87506
2025-02-07 20:00:00+00:00,4.5322843,353.15732
2025-02-07 21:00:00+00:00,4.5572357,350.9098
2025-02-07 22:00:00+00:00,4.5322843,353.15732
2025-02-07 23:00:00+00:00,4.7110505,353.41815
2025-02-08 00:00:00+00:00,4.5322843,353.15732
2025-02-08 01:00:00+00:00,4.7110505,353.41815
2025-02-08 02:00:00+00:00,4.5322843,353.15732
2025-02-08 03:00:00+00:00,4.5322843,353.15732
2025-02-08 04:00:00+00:00,4.73506,351.2539
2025-02-08 05:00:00+00:00,4.175069,352.5687
2025-02-08 06:00:00+00:00,3.8183763,351.87
2025-02-08 07:00:00+00:00,3.462369,351.02744
2025-02-08 08:00:00+00:00,3.2846913,350.53775
2025-02-08 09:00:00+00:00,3.1072817,349.99207
2025-02-08 10:00:00+00:00,2.9024127,352.87506
2025-02-08 11:00:00+00:00,2.6208394,344.05453
2025-02-08 12:00:00+00:00,2.5772078,347.90527
2025-02-08 13:00:00+00:00,2.7238941,352.40543
2025-02-08 14:00:00+00:00,2.8856194,356.42374
2025-02-08 15:00:00+00:00,3.0652895,356.6336
2025-02-08 16:00:00+00:00,3.2399998,360.0
2025-02-08 17:00:00+00:00,3.604497,357.13766
2025-02-08 18:00:00+00:00,3.6,360.0
2025-02-08 19:00:00+00:00,3.7799997,360.0
2025-02-08 20:00:00+00:00,3.7842832,357.27374
2025-02-08 21:00:00+00:00,3.7842832,357.27374
2025-02-08 22:00:00+00:00,3.604497,357.13766
2025-02-08 23:00:00+00:00,3.6,360.0
2025-02-09 00:00:00+00:00,3.6,360.0
2025-02-09 01:00:00+00:00,3.604497,357.13766
2025-02-09 02:00:00+00:00,3.4247334,356.98727
2025-02-09 03:00:00+00:00,3.244996,356.82022
2025-02-09 04:00:00+00:00,3.0652895,356.6336
2025-02-09 05:00:00+00:00,2.6999998,360.0
2025-02-09 06:00:00+00:00,2.34,360.0
2025-02-09 07:00:00+00:00,1.8792552,16.699326
2025-02-09 08:00:00+00:00,1.7727944,23.962492
2025-02-09 09:00:00+00:00,1.6981165,32.005356
2025-02-09 10:00:00+00:00,1.4512063,119.74479
2025-02-09 11:00:00+00:00,1.0948973,9.462248
2025-02-09 12:00:00+00:00,1.9881649,354.80566
2025-02-09 13:00:00+00:00,2.3469126,355.60138
2025-02-09 14:00:00+00:00,2.5264204,355.91446
2025-02-09 15:00:00+00:00,2.7238941,352.40543
2025-02-09 16:00:00+00:00,3.0811036,353.29025
2025-02-09 17:00:00+00:00,3.2599385,353.6599
2025-02-09 18:00:00+00:00,3.2599385,353.6599
2025-02-09 19:00:00+00:00,3.438895,353.9911
2025-02-09 20:00:00+00:00,3.2599385,353.6599
2025-02-09 21:00:00+00:00,3.462369,351.02744
2025-02-09 22:00:00+00:00,2.9301877,349.3804
2025-02-09 23:00:00+00:00,3.244996,356.82022
2025-02-10 00:00:00+00:00,3.0652895,356.6336
2025-02-10 01:00:00+00:00,3.0652895,356.6336
2025-02-10 02:00:00+00:00,2.8856194,356.42374
2025-02-10 03:00:00+00:00,2.8799999,360.0
2025-02-10 04:00:00+00:00,2.52,360.0
2025-02-10 05:00:00+00:00,1.835647,11.3098955
2025-02-10 06:00:00+00:00,1.659518,40.601215
2025-02-10 07:00:00+00:00,1.7076298,71.564964
2025-02-10 08:00:00+00:00,1.609969,63.435013
2025-02-10 09:00:00+00:00,1.2074767,26.564985
2025-02-10 10:00:00+00:00,1.08,360.0
2025-02-10 11:00:00+00:00,1.8,360.0
2025-02-10 12:00:00+00:00,1.659518,347.4712
2025-02-10 13:00:00+00:00,1.8792552,343.3007
2025-02-10 14:00:00+00:00,2.1068459,340.0168
2025-02-10 15:00:00+00:00,2.0124612,349.69522
2025-02-10 16:00:00+00:00,2.0523157,344.7448
2025-02-10 17:00:00+00:00,2.1749482,335.55606
2025-02-10 18:00:00+00:00,2.0523157,344.7448
2025-02-10 19:00:00+00:00,2.1068459,340.0168
2025-02-10 20:00:00+00:00,2.2768397,341.56494
2025-02-10 21:00:00+00:00,2.2768397,341.56494
2025-02-10 22:00:00+00:00,1.4512063,7.12493
2025-02-10 23:00:00+00:00,1.98,360.0
2025-02-11 00:00:00+00:00,2.16,360.0
2025-02-11 01:00:00+00:00,2.1897945,350.53775
2025-02-11 02:00:00+00:00,2.34,360.0
2025-02-11 03:00:00+00:00,2.16,360.0
2025-02-11 04:00:00+00:00,2.1674871,4.763556
2025-02-11 05:00:00+00:00,1.7727944,23.962492
2025-02-11 06:00:00+00:00,1.7727944,66.037506
2025-02-11 07:00:00+00:00,1.98,90.0
2025-02-11 08:00:00+00:00,1.5484185,125.537766
2025-02-11 09:00:00+00:00,1.8532133,150.9455
2025-02-11 10:00:00+00:00,2.0523157,164.74483
2025-02-11 11:00:00+00:00,0.25455844,135.0001
2025-02-11 12:00:00+00:00,0.742159,14.036275
2025-02-11 13:00:00+00:00,1.484318,345.9637
2025-02-11 14:00:00+00:00,2.0523157,344.7448
2025-02-11 15:00:00+00:00,2.1068459,340.0168
2025-02-11 16:00:00+00:00,2.0523157,344.7448
2025-02-11 17:00:00+00:00,2.226477,345.9637
2025-02-11 18:00:00+00:00,2.4482646,342.8972
2025-02-11 19:00:00+00:00,2.4482646,342.8972
2025-02-11 20:00:00+00:00,2.5071096,338.9624
2025-02-11 21:00:00+00:00,2.2553935,331.38962
2025-02-11 22:00:00+00:00,2.1068459,340.0168
2025-02-11 23:00:00+00:00,1.9386592,338.19852
2025-02-12 00:00:00+00:00,1.9386592,338.19852
2025-02-12 01:00:00+00:00,2.1749482,335.55606
2025-02-12 02:00:00+00:00,1.9386592,338.19852
2025-02-12 03:00:00+00:00,2.0124612,333.43503
2025-02-12 04:00:00+00:00,1.6981165,327.99466
2025-02-12 05:00:00+00:00,1.1525624,308.65982
2025-02-12 06:00:00+00:00,0.9693296,248.19853
2025-02-12 07:00:00+00:00,2.3400002,202.6199
2025-02-12 08:00:00+00:00,2.7475805,211.60745
2025-02-12 09:00:00+00:00,2.9522195,217.56866
2025-02-12 10:00:00+00:00,2.7475805,211.60745
2025-02-12 11:00:00+00:00,1.6981165,237.99466
2025-02-12 12:00:00+00:00,1.2727921,278.13
2025-02-12 13:00:00+00:00,1.2074767,296.56497
2025-02-12 14:00:00+00:00,1.659518,319.39877
2025-02-12 15:00:00+00:00,1.8,323.13
2025-02-12 16:00:00+00:00,2.0124612,333.43503
2025-02-12 17:00:00+00:00,2.50064,329.74365
2025-02-12 18:00:00+00:00,2.50064,329.74365
2025-02-12 19:00:00+00:00,2.6999998,323.13004
2025-02-12 20:00:00+00:00,2.6758924,317.72638
2025-02-12 21:00:00+00:00,3.0547013,315.0001
2025-02-12 22:00:00+00:00,3.2048087,308.15726
2025-02-12 23:00:00+00:00,3.1845248,312.70938
2025-02-13 00:00:00+00:00,3.0652893,310.2363
2025-02-13 01:00:00+00:00,3.0547013,315.0001
2025-02-13 02:00:00+00:00,2.9301877,317.4896
2025-02-13 03:00:00+00:00,2.9522195,322.43134
2025-02-13 04:00:00+00:00,2.5582807,320.7106
2025-02-13 05:00:00+00:00,2.1674871,311.63345
2025-02-13 06:00:00+00:00,1.6981165,302.00534
2025-02-13 07:00:00+00:00,1.7076298,288.43503
2025-02-13 08:00:00+00:00,2.1897945,279.46225
2025-02-13 09:00:00+00:00,2.1674871,274.76355
2025-02-13 10:00:00+00:00,1.8792552,286.6993
2025-02-13 11:00:00+00:00,1.6981165,302.00534
2025-02-13 12:00:00+00:00,1.4058449,320.1945
2025-02-13 13:00:00+00:00,2.1749482,335.55606
2025-02-13 14:00:00+00:00,2.7943513,345.06854
2025-02-13 15:00:00+00:00,3.01735,342.64587
2025-02-13 16:00:00+00:00,3.319036,347.4712
2025-02-13 17:00:00+00:00,3.4949677,348.11136
2025-02-13 18:00:00+00:00,3.84796,349.21573
2025-02-13 19:00:00+00:00,3.8183763,351.87
2025-02-13 20:00:00+00:00,4.0249224,349.69522
2025-02-13 21:00:00+00:00,4.2021422,350.13425
2025-02-13 22:00:00+00:00,4.5891175,348.6901
2025-02-13 23:00:00+00:00,4.7657523,349.11453
2025-02-14 00:00:00+00:00,4.353619,352.87506
2025-02-14 01:00:00+00:00,4.412754,348.23172
2025-02-14 02:00:00+00:00,4.353619,352.87506
2025-02-14 03:00:00+00:00,4.2021422,350.13425
2025-02-14 04:00:00+00:00,3.9966488,352.23492
2025-02-14 05:00:00+00:00,3.462369,351.02744
2025-02-14 06:00:00+00:00,3.319036,347.4712
2025-02-14 07:00:00+00:00,2.8460498,341.56494
2025-02-14 08:00:00+00:00,2.2768397,341.56494
2025-02-14 09:00:00+00:00,2.1749482,335.55606
2025-02-14 10:00:00+00:00,2.1068459,340.0168
2025-02-14 11:00:00+00:00,2.1068459,340.0168
2025-02-14 12:00:00+00:00,2.36753,351.2539
2025-02-14 13:00:00+00:00,2.7238941,352.40543
2025-02-14 14:00:00+00:00,3.0811036,353.29025
2025-02-14 15:00:00+00:00,3.604497,357.13766
2025-02-14 16:00:00+00:00,3.8183763,351.87
2025-02-14 17:00:00+00:00,3.9763298,354.80566
2025-02-14 18:00:00+00:00,4.1556225,355.03033
2025-02-14 19:00:00+00:00,4.175069,352.5687
2025-02-14 20:00:00+00:00,4.175069,352.5687
2025-02-14 21:00:00+00:00,4.175069,352.5687
2025-02-14 22:00:00+00:00,3.964089,357.3975
2025-02-14 23:00:00+00:00,3.9763298,354.80566
2025-02-15 00:00:00+00:00,3.96,360.0
2025-02-15 01:00:00+00:00,3.7842832,357.27374
2025-02-15 02:00:00+00:00,3.7842832,357.27374
2025-02-15 03:00:00+00:00,3.7971036,354.55975
2025-02-15 04:00:00+00:00,3.438895,353.9911
2025-02-15 05:00:00+00:00,3.0652895,356.6336
2025-02-15 06:00:00+00:00,2.5455842,351.87
2025-02-15 07:00:00+00:00,2.2768397,341.56494
2025-02-15 08:00:00+00:00,2.0523157,322.12494
2025-02-15 09:00:00+00:00,2.0364676,315.0001
2025-02-15 10:00:00+00:00,1.9469976,303.6901
2025-02-15 11:00:00+00:00,1.2979984,326.3099
2025-02-15 12:00:00+00:00,1.3708391,336.8014
2025-02-15 13:00:00+00:00,2.1068459,340.0168
2025-02-15 14:00:00+00:00,2.7534704,348.6901
2025-02-15 15:00:00+00:00,3.0811036,353.29025
2025-02-15 16:00:00+00:00,3.2846913,350.53775
2025-02-15 17:00:00+00:00,3.462369,351.02744
2025-02-15 18:00:00+00:00,3.4247334,356.98727
2025-02-15 19:00:00+00:00,3.438895,353.9911
2025-02-15 20:00:00+00:00,3.4247334,356.98727
2025-02-15 21:00:00+00:00,3.438895,353.9911
2025-02-15 22:00:00+00:00,2.4014995,12.99463
2025-02-15 23:00:00+00:00,2.5455842,8.130019
2025-02-16 00:00:00+00:00,2.7059932,3.8140097
2025-02-16 01:00:00+00:00,2.52,360.0
2025-02-16 02:00:00+00:00,2.52,360.0
2025-02-16 03:00:00+00:00,2.5455842,351.87
2025-02-16 04:00:00+00:00,2.3469126,355.60138
2025-02-16 05:00:00+00:00,1.98,360.0
2025-02-16 06:00:00+00:00,1.8089776,5.7105074
2025-02-16 07:00:00+00:00,1.3708391,23.198618
2025-02-16 08:00:00+00:00,0.25455844,315.0001
2025-02-16 09:00:00+00:00,0.6489992,236.3099
2025-02-16 10:00:00+00:00,1.2979984,236.3099
2025-02-16 11:00:00+00:00,0.71999997,270.0
2025-02-16 12:00:00+00:00,1.08,270.0
2025-02-16 13:00:00+00:00,1.2727921,315.0001
2025-02-16 14:00:00+00:00,1.7727944,336.0375
2025-02-16 15:00:00+00:00,2.1068459,340.0168
2025-02-16 16:00:00+00:00,2.0124612,333.43503
2025-02-16 17:00:00+00:00,1.9469976,326.3099
2025-02-16 18:00:00+00:00,2.0523157,322.12494
2025-02-16 19:00:00+00:00,2.1674871,318.36655
2025-02-16 20:00:00+00:00,2.3051248,321.34018
2025-02-16 21:00:00+00:00,2.6758924,312.27362
2025-02-16 22:00:00+00:00,2.3469129,327.52884
2025-02-16 23:00:00+00:00,2.4149535,333.43503
2025-02-17 00:00:00+00:00,2.4149535,333.43503
2025-02-17 01:00:00+00:00,2.2553935,331.38962
2025-02-17 02:00:00+00:00,2.2553935,331.38962
2025-02-17 03:00:00+00:00,2.0991426,329.03632
2025-02-17 04:00:00+00:00,1.5484185,324.46225
2025-02-17 05:00:00+00:00,1.0182338,315.0001
2025-02-17 06:00:00+00:00,0.8049845,243.43501
2025-02-17 07:00:00+00:00,2.2768397,198.43504
2025-02-17 08:00:00+00:00,2.2768397,198.43504
2025-02-17 09:00:00+00:00,2.5772076,204.77512
2025-02-17 10:00:00+00:00,2.5772078,192.09474
2025-02-17 11:00:00+00:00,1.3104197,195.94547
2025-02-17 12:00:00+00:00,0.6489992,303.6901
2025-02-17 13:00:00+00:00,1.7727944,336.0375
2025-02-17 14:00:00+00:00,2.2768397,341.56494
2025-02-17 15:00:00+00:00,2.6208394,344.05453
2025-02-17 16:00:00+00:00,2.7943513,345.06854
2025-02-17 17:00:00+00:00,3.189608,343.61038
2025-02-17 18:00:00+00:00,3.319036,347.4712
2025-02-17 19:00:00+00:00,3.319036,347.4712
2025-02-17 20:00:00+00:00,3.4949677,348.11136
2025-02-17 21:00:00+00:00,3.671294,348.6901
2025-02-17 22:00:00+00:00,3.6402748,351.4693
2025-02-17 23:00:00+00:00,3.6402748,351.4693
2025-02-18 00:00:00+00:00,4.0249224,349.69522
2025-02-18 01:00:00+00:00,4.2021422,350.13425
2025-02-18 02:00:00+00:00,4.353619,352.87506
2025-02-18 03:00:00+00:00,4.175069,352.5687
2025-02-18 04:00:00+00:00,3.9966488,352.23492
2025-02-18 05:00:00+00:00,3.244996,356.82022
2025-02-18 06:00:00+00:00,2.6999998,360.0
2025-02-18 07:00:00+00:00,2.36753,8.746089
2025-02-18 08:00:00+00:00,2.0124612,10.304792
2025-02-18 09:00:00+00:00,1.8089776,5.7105074
2025-02-18 10:00:00+00:00,0.9178235,78.6901
2025-02-18 11:00:00+00:00,1.3708391,23.198618
2025-02-18 12:00:00+00:00,1.8792552,16.699326
2025-02-18 13:00:00+00:00,2.7238941,7.59456
2025-02-18 14:00:00+00:00,3.0652895,3.3664
2025-02-18 15:00:00+00:00,3.244996,3.179772
2025-02-18 16:00:00+00:00,3.604497,2.8623457
2025-02-18 17:00:00+00:00,3.6,360.0
2025-02-18 18:00:00+00:00,3.7799997,360.0
2025-02-18 19:00:00+00:00,3.7799997,360.0
2025-02-18 20:00:00+00:00,3.96,360.0
2025-02-18 21:00:00+00:00,3.96,360.0
2025-02-18 22:00:00+00:00,3.7971036,5.4402504
2025-02-18 23:00:00+00:00,3.6179552,5.7105074
2025-02-19 00:00:00+00:00,3.6179552,5.7105074
2025-02-19 01:00:00+00:00,3.604497,2.8623457
2025-02-19 02:00:00+00:00,3.7842832,2.7262611
2025-02-19 03:00:00+00:00,3.604497,2.8623457
2025-02-19 04:00:00+00:00,3.438895,6.0089183
2025-02-19 05:00:00+00:00,2.7534704,11.3098955
2025-02-19 06:00:00+00:00,2.7943513,14.931467
2025-02-19 07:00:00+00:00,2.6758924,19.653913
2025-02-19 08:00:00+00:00,2.5772076,24.775122
2025-02-19 09:00:00+00:00,2.50064,30.256361
2025-02-19 10:00:00+00:00,2.3469129,57.528828
2025-02-19 11:00:00+00:00,1.9134263,41.185837
2025-02-19 12:00:00+00:00,2.4014995,12.99463
2025-02-19 13:00:00+00:00,2.6999998,360.0
2025-02-19 14:00:00+00:00,3.438895,6.0089183
2025-02-19 15:00:00+00:00,3.604497,2.8623457
2025-02-19 16:00:00+00:00,3.7971036,5.4402504
2025-02-19 17:00:00+00:00,3.7842832,2.7262611
2025-02-19 18:00:00+00:00,3.7799997,360.0
2025-02-19 19:00:00+00:00,3.9763298,5.19435
2025-02-19 20:00:00+00:00,3.7842832,2.7262611
2025-02-19 21:00:00+00:00,3.9763298,5.19435
2025-02-19 22:00:00+00:00,3.6402748,8.530692
2025-02-19 23:00:00+00:00,3.462369,8.97255
2025-02-20 00:00:00+00:00,3.6179552,5.7105074
2025-02-20 01:00:00+00:00,3.438895,6.0089183
2025-02-20 02:00:00+00:00,3.2599385,6.3401003
2025-02-20 03:00:00+00:00,3.362677,15.524177
2025-02-20 04:00:00+00:00,2.9024127,7.12493
2025-02-20 05:00:00+00:00,2.5264204,4.085537
2025-02-20 06:00:00+00:00,2.3469126,4.398633
2025-02-20 07:00:00+00:00,2.1068459,19.983198
2025-02-20 08:00:00+00:00,1.609969,63.435013
2025-02-20 09:00:00+00:00,2.1674871,94.76356
2025-02-20 10:00:00+00:00,1.2727921,81.86999
2025-02-20 11:00:00+00:00,1.5484185,54.46224
2025-02-20 12:00:00+00:00,2.4482648,36.027473
2025-02-20 13:00:00+00:00,2.8001428,44.999897
2025-02-20 14:00:00+00:00,2.5959969,33.6901
2025-02-20 15:00:00+00:00,2.36753,351.2539
2025-02-20 16:00:00+00:00,2.5772078,347.90527
2025-02-20 17:00:00+00:00,2.34,360.0
2025-02-20 18:00:00+00:00,3.0758414,20.556128
2025-02-20 19:00:00+00:00,2.4014995,12.99463
2025-02-20 20:00:00+00:00,2.1674871,355.23645
2025-02-20 21:00:00+00:00,1.8792552,343.3007
2025-02-20 22:00:00+00:00,2.3051248,321.34018
2025-02-20 23:00:00+00:00,2.1674871,311.63345
2025-02-21 00:00:00+00:00,2.1674871,311.63345
2025-02-21 01:00:00+00:00,2.0364676,315.0001
2025-02-21 02:00:00+00:00,2.3051248,321.34018
2025-02-21 03:00:00+00:00,2.19718,325.0079
2025-02-21 04:00:00+00:00,1.9469976,326.3099
2025-02-21 05:00:00+00:00,1.659518,319.39877
2025-02-21 06:00:00+00:00,1.26,270.0
2025-02-21 07:00:00+00:00,1.2727921,224.9999
2025-02-21 08:00:00+00:00,1.4058449,219.80553
2025-02-21 09:00:00+00:00,1.4058449,230.19447
2025-02-21 10:00:00+00:00,1.2727921,261.87
2025-02-21 11:00:00+00:00,1.0495713,300.96368
2025-02-21 12:00:00+00:00,1.2727921,315.0001
2025-02-21 13:00:00+00:00,1.9386592,338.19852
2025-02-21 14:00:00+00:00,2.2768397,341.56494
2025-02-21 15:00:00+00:00,2.4014995,347.00537
2025-02-21 16:00:00+00:00,2.5264204,355.91446
2025-02-21 17:00:00+00:00,2.8856194,356.42374
2025-02-21 18:00:00+00:00,3.0652895,356.6336
2025-02-21 19:00:00+00:00,3.244996,356.82022
2025-02-21 20:00:00+00:00,3.4199998,360.0
2025-02-21 21:00:00+00:00,3.4199998,360.0
2025-02-21 22:00:00+00:00,3.2399998,360.0
2025-02-21 23:00:00+00:00,3.2399998,360.0
2025-02-22 00:00:00+00:00,3.4199998,360.0
2025-02-22 01:00:00+00:00,3.2399998,360.0
2025-02-22 02:00:00+00:00,3.4199998,360.0
2025-02-22 03:00:00+00:00,3.2399998,360.0
2025-02-22 04:00:00+00:00,2.8856194,3.5762644
2025-02-22 05:00:00+00:00,2.7059932,3.8140097
2025-02-22 06:00:00+00:00,1.9881649,5.19435
2025-02-22 07:00:00+00:00,1.4512063,7.12493
2025-02-22 08:00:00+00:00,1.1384199,341.56494
2025-02-22 09:00:00+00:00,1.4512063,330.25522
2025-02-22 10:00:00+00:00,1.5379207,290.55612
2025-02-22 11:00:00+00:00,1.4058449,320.1945
2025-02-22 12:00:00+00:00,1.4512063,330.25522
2025-02-22 13:00:00+00:00,1.7076298,341.56494
2025-02-22 14:00:00+00:00,2.0523157,344.7448
2025-02-22 15:00:00+00:00,2.4482646,342.8972
2025-02-22 16:00:00+00:00,2.5772078,347.90527
2025-02-22 17:00:00+00:00,2.7943513,345.06854
2025-02-22 18:00:00+00:00,2.968636,345.9637
2025-02-22 19:00:00+00:00,2.968636,345.9637
2025-02-22 20:00:00+00:00,3.143565,346.75946
2025-02-22 21:00:00+00:00,3.362677,344.47583
2025-02-22 22:00:00+00:00,3.143565,346.75946
2025-02-22 23:00:00+00:00,3.4949677,348.11136
2025-02-23 00:00:00+00:00,3.462369,351.02744
2025-02-23 01:00:00+00:00,3.710795,345.9637
2025-02-23 02:00:00+00:00,3.536439,345.25638
2025-02-23 03:00:00+00:00,3.4152596,341.56494
2025-02-23 04:00:00+00:00,3.189608,343.61038
2025-02-23 05:00:00+00:00,3.0758414,339.44388
2025-02-23 06:00:00+00:00,2.7943513,345.06854
2025-02-23 07:00:00+00:00,2.5455842,351.87
2025-02-23 08:00:00+00:00,2.0124612,349.69522
2025-02-23 09:00:00+00:00,2.0523157,344.7448
2025-02-23 10:00:00+00:00,1.9134263,318.81415
2025-02-23 11:00:00+00:00,2.0523157,322.12494
2025-02-23 12:00:00+00:00,1.9134263,318.81415
2025-02-23 13:00:00+00:00,2.0124612,333.43503
2025-02-23 14:00:00+00:00,2.4014995,347.00537
2025-02-23 15:00:00+00:00,2.7238941,352.40543
2025-02-23 16:00:00+00:00,3.0811036,353.29025
2025-02-23 17:00:00+00:00,3.2599385,353.6599
2025-02-23 18:00:00+00:00,3.4247334,356.98727
2025-02-23 19:00:00+00:00,3.7842832,357.27374
2025-02-23 20:00:00+00:00,3.964089,357.3975
2025-02-23 21:00:00+00:00,3.964089,357.3975
2025-02-23 22:00:00+00:00,4.32,360.0
2025-02-23 23:00:00+00:00,4.14,360.0
2025-02-24 00:00:00+00:00,3.96,360.0
2025-02-24 01:00:00+00:00,3.7799997,360.0
2025-02-24 02:00:00+00:00,3.6,360.0
2025-02-24 03:00:00+00:00,3.4247334,3.0127327
2025-02-24 04:00:00+00:00,3.2399998,360.0
2025-02-24 05:00:00+00:00,2.7059932,3.8140097
2025-02-24 06:00:00+00:00,2.3469126,4.398633
2025-02-24 07:00:00+00:00,2.4014995,12.99463
2025-02-24 08:00:00+00:00,2.1897945,9.462248
2025-02-24 09:00:00+00:00,2.1674871,4.763556
2025-02-24 10:00:00+00:00,1.6299692,6.3401003
2025-02-24 11:00:00+00:00,1.8,360.0
2025-02-24 12:00:00+00:00,2.1674871,355.23645
2025-02-24 13:00:00+00:00,2.7059932,356.186
2025-02-24 14:00:00+00:00,3.0652895,356.6336
2025-02-24 15:00:00+00:00,3.4247334,356.98727
2025-02-24 16:00:00+00:00,3.7799997,360.0
2025-02-24 17:00:00+00:00,3.9763298,354.80566
2025-02-24 18:00:00+00:00,3.96,360.0
2025-02-24 19:00:00+00:00,4.143911,357.5105
2025-02-24 20:00:00+00:00,4.323748,357.6141
2025-02-24 21:00:00+00:00,4.323748,357.6141
2025-02-24 22:00:00+00:00,4.6834598,2.2025495
2025-02-24 23:00:00+00:00,4.32,360.0
2025-02-25 00:00:00+00:00,4.32,360.0
2025-02-25 01:00:00+00:00,4.5322843,6.842679
2025-02-25 02:00:00+00:00,4.323748,2.385899
2025-02-25 03:00:00+00:00,4.503598,2.2905633
2025-02-25 04:00:00+00:00,4.14,360.0
2025-02-25 05:00:00+00:00,3.964089,2.6025116
2025-02-25 06:00:00+00:00,3.84796,10.784258
2025-02-25 07:00:00+00:00,3.462369,8.97255
2025-02-25 08:00:00+00:00,3.0652895,356.6336
2025-02-25 09:00:00+00:00,3.0811036,353.29025
2025-02-25 10:00:00+00:00,3.319036,347.4712
2025-02-25 11:00:00+00:00,3.0758414,339.44388
2025-02-25 12:00:00+00:00,2.9024127,352.87506
2025-02-25 13:00:00+00:00,2.7059932,3.8140097
2025-02-25 14:00:00+00:00,3.0652895,3.3664
2025-02-25 15:00:00+00:00,3.2846913,350.53775
2025-02-25 16:00:00+00:00,3.244996,356.82022
2025-02-25 17:00:00+00:00,3.2599385,6.3401003
2025-02-25 18:00:00+00:00,3.06,360.0
2025-02-25 19:00:00+00:00,3.0652895,3.3664
2025-02-25 20:00:00+00:00,3.2399998,360.0
2025-02-25 21:00:00+00:00,3.244996,3.179772
2025-02-25 22:00:00+00:00,2.7238941,7.59456
2025-02-25 23:00:00+00:00,2.5772078,12.094739
2025-02-26 00:00:00+00:00,2.7238941,352.40543
2025-02-26 01:00:00+00:00,2.5264204,4.085537
2025-02-26 02:00:00+00:00,2.226477,14.036275
2025-02-26 03:00:00+00:00,2.36753,351.2539
2025-02-26 04:00:00+00:00,2.226477,345.9637
2025-02-26 05:00:00+00:00,1.1384199,341.56494
2025-02-26 06:00:00+00:00,1.1384199,341.56494
2025-02-26 07:00:00+00:00,0.9,306.86996
2025-02-26 08:00:00+00:00,2.5772078,257.90524
2025-02-26 09:00:00+00:00,2.7416782,246.80138
2025-02-26 10:00:00+00:00,2.3400002,247.3801
2025-02-26 11:00:00+00:00,0.25455844,224.9999
2025-02-26 12:00:00+00:00,1.1525624,231.34016
2025-02-26 13:00:00+00:00,1.4058449,230.19447
2025-02-26 14:00:00+00:00,1.8,233.13002
2025-02-26 15:00:00+00:00,1.1525624,231.34016
2025-02-26 16:00:00+00:00,1.2727921,224.9999
2025-02-26 17:00:00+00:00,0.8049845,206.56499
2025-02-26 18:00:00+00:00,1.0495713,210.96368
2025-02-26 19:00:00+00:00,1.3708391,246.80138
2025-02-26 20:00:00+00:00,1.3708391,246.80138
2025-02-26 21:00:00+00:00,1.2074767,243.43501
2025-02-26 22:00:00+00:00,0.9178235,281.3099
2025-02-26 23:00:00+00:00,0.8049845,296.56497
2025-02-27 00:00:00+00:00,1.4399999,270.0
2025-02-27 01:00:00+00:00,0.9178235,281.3099
2025-02-27 02:00:00+00:00,0.40249225,333.43503
2025-02-27 03:00:00+00:00,0.25455844,44.999897
2025-02-27 04:00:00+00:00,0.17999999,270.0
2025-02-27 05:00:00+00:00,0.6489992,213.6901
2025-02-27 06:00:00+00:00,2.5455842,188.13002
2025-02-27 07:00:00+00:00,2.6208394,195.94547
2025-02-27 08:00:00+00:00,2.5772078,192.09474
2025-02-27 09:00:00+00:00,2.5455842,224.9999
2025-02-27 10:00:00+00:00,3.2599385,263.6599
2025-02-27 11:00:00+00:00,0.9178235,168.69011
2025-02-27 12:00:00+00:00,1.6299692,173.6599
2025-02-27 13:00:00+00:00,0.5091169,224.9999
2025-02-27 14:00:00+00:00,0.9178235,258.6901
2025-02-27 15:00:00+00:00,1.8532133,240.94548
2025-02-27 16:00:00+00:00,2.5959969,236.3099
2025-02-27 17:00:00+00:00,2.8001428,224.9999
2025-02-27 18:00:00+00:00,2.8116899,230.19447
2025-02-27 19:00:00+00:00,2.4482648,233.97253
2025-02-27 20:00:00+00:00,2.19718,235.0079
2025-02-27 21:00:00+00:00,2.50064,239.74365
2025-02-27 22:00:00+00:00,3.2399998,270.0
2025-02-27 23:00:00+00:00,2.6758924,289.6539
2025-02-28 00:00:00+00:00,2.226477,284.03625
2025-02-28 01:00:00+00:00,2.5772076,294.77512
2025-02-28 02:00:00+00:00,1.6981165,302.00534
2025-02-28 03:00:00+00:00,2.7416782,293.1986
2025-02-28 04:00:00+00:00,2.1068459,289.9832
2025-02-28 05:00:00+00:00,2.3469126,274.39862
2025-02-28 06:00:00+00:00,3.964089,267.3975
2025-02-28 07:00:00+00:00,4.323748,267.6141
2025-02-28 08:00:00+00:00,4.68,270.0
2025-02-28 09:00:00+00:00,4.942631,280.49142
2025-02-28 10:00:00+00:00,5.0432134,267.95465
2025-02-28 11:00:00+00:00,4.1556225,274.96964
2025-02-28 12:00:00+00:00,4.1046314,254.74483
2025-02-28 13:00:00+00:00,2.4482648,233.97253
2025-02-28 14:00:00+00:00,2.1674871,228.36655
2025-02-28 15:00:00+00:00,1.659518,229.39879
2025-02-28 16:00:00+00:00,1.2074767,243.43501
2025-02-28 17:00:00+00:00,0.9178235,281.3099
2025-02-28 18:00:00+00:00,1.5273507,315.0001
2025-02-28 19:00:00+00:00,1.6981165,327.99466
2025-02-28 20:00:00+00:00,1.6981165,327.99466
2025-02-28 21:00:00+00:00,1.9469976,326.3099
2025-02-28 22:00:00+00:00,1.2727921,315.0001
2025-02-28 23:00:00+00:00,1.5484185,305.53775
2025-03-01 00:00:00+00:00,1.781909,315.0001
2025-03-01 01:00:00+00:00,2.0364676,315.0001
2025-03-01 02:00:00+00:00,2.3051248,321.34018
2025-03-01 03:00:00+00:00,2.3051248,321.34018
2025-03-01 04:00:00+00:00,2.3051248,321.34018
2025-03-01 05:00:00+00:00,2.0364676,315.0001
2025-03-01 06:00:00+00:00,1.9469976,303.6901
2025-03-01 07:00:00+00:00,1.7727944,293.9625
2025-03-01 08:00:00+00:00,1.835647,281.3099
2025-03-01 09:00:00+00:00,1.8089776,275.7105
2025-03-01 10:00:00+00:00,2.1897945,279.46225
2025-03-01 11:00:00+00:00,1.7727944,293.9625
2025-03-01 12:00:00+00:00,1.781909,315.0001
2025-03-01 13:00:00+00:00,2.4149535,333.43503
2025-03-01 14:00:00+00:00,2.907989,338.19852
2025-03-01 15:00:00+00:00,3.01735,342.64587
2025-03-01 16:00:00+00:00,3.319036,347.4712
2025-03-01 17:00:00+00:00,3.4949677,348.11136
2025-03-01 18:00:00+00:00,3.6402748,351.4693
2025-03-01 19:00:00+00:00,3.9966488,352.23492
2025-03-01 20:00:00+00:00,3.9763298,354.80566
2025-03-01 21:00:00+00:00,4.143911,357.5105
2025-03-01 22:00:00+00:00,4.503598,357.70944
2025-03-01 23:00:00+00:00,4.6834598,2.2025495
2025-03-02 00:00:00+00:00,4.6834598,2.2025495
2025-03-02 01:00:00+00:00,4.5,360.0
2025-03-02 02:00:00+00:00,4.5,360.0
2025-03-02 03:00:00+00:00,4.143911,357.5105
2025-03-02 04:00:00+00:00,3.964089,357.3975
2025-03-02 05:00:00+00:00,3.6179552,354.2895
2025-03-02 06:00:00+00:00,3.462369,351.02744
2025-03-02 07:00:00+00:00,3.2846913,350.53775
2025-03-02 08:00:00+00:00,3.143565,346.75946
2025-03-02 09:00:00+00:00,2.9301877,349.3804
2025-03-02 10:00:00+00:00,3.01735,342.64587
2025-03-02 11:00:00+00:00,2.7534704,348.6901
2025-03-02 12:00:00+00:00,3.1072817,349.99207
2025-03-02 13:00:00+00:00,3.143565,346.75946
2025-03-02 14:00:00+00:00,3.6179552,354.2895
2025-03-02 15:00:00+00:00,3.8183763,351.87
2025-03-02 16:00:00+00:00,3.9966488,352.23492
2025-03-02 17:00:00+00:00,3.9966488,352.23492
2025-03-02 18:00:00+00:00,4.175069,352.5687
2025-03-02 19:00:00+00:00,4.175069,352.5687
2025-03-02 20:00:00+00:00,4.175069,352.5687
2025-03-02 21:00:00+00:00,4.175069,352.5687
2025-03-02 22:00:00+00:00,4.3349743,355.23645
2025-03-02 23:00:00+00:00,3.6402748,351.4693
2025-03-03 00:00:00+00:00,3.7971036,354.55975
2025-03-03 01:00:00+00:00,3.6179552,354.2895
2025-03-03 02:00:00+00:00,3.438895,353.9911
2025-03-03 03:00:00+00:00,2.8856194,356.42374
2025-03-03 04:00:00+00:00,2.7059932,356.186
2025-03-03 05:00:00+00:00,2.0124612,349.69522
2025-03-03 06:00:00+00:00,1.5484185,324.46225
2025-03-03 07:00:00+00:00,1.5484185,305.53775
2025-03-03 08:00:00+00:00,1.7076298,288.43503
2025-03-03 09:00:00+00:00,1.8,270.0
2025-03-03 10:00:00+00:00,2.34,270.0
2025-03-03 11:00:00+00:00,1.6299692,276.3401
2025-03-03 12:00:00+00:00,1.5484185,305.53775
2025-03-03 13:00:00+00:00,1.5484185,324.46225
2025-03-03 14:00:00+00:00,1.7727944,336.0375
2025-03-03 15:00:00+00:00,2.0523157,344.7448
2025-03-03 16:00:00+00:00,2.4149535,333.43503
2025-03-03 17:00:00+00:00,2.0991426,329.03632
2025-03-03 18:00:00+00:00,2.0991426,329.03632
2025-03-03 19:00:00+00:00,2.2768397,341.56494
2025-03-03 20:00:00+00:00,2.226477,345.9637
2025-03-03 21:00:00+00:00,2.3469126,355.60138
2025-03-03 22:00:00+00:00,2.3469126,355.60138
2025-03-03 23:00:00+00:00,2.4216523,318.01288
2025-03-04 00:00:00+00:00,2.9301877,312.5104
2025-03-04 01:00:00+00:00,2.995797,302.7352
2025-03-04 02:00:00+00:00,3.0652893,310.2363
2025-03-04 03:00:00+00:00,3.148714,329.03632
2025-03-04 04:00:00+00:00,2.995797,327.26477
2025-03-04 05:00:00+00:00,2.5582807,309.28937
2025-03-04 06:00:00+00:00,2.2768397,288.43503
2025-03-04 07:00:00+00:00,2.8856194,266.42374
2025-03-04 08:00:00+00:00,3.4949677,258.11136
2025-03-04 09:00:00+00:00,3.143565,256.75946
2025-03-04 10:00:00+00:00,4.445672,248.6293
2025-03-04 11:00:00+00:00,2.4482648,233.97253
2025-03-04 12:00:00+00:00,1.4512063,240.2552
2025-03-04 13:00:00+00:00,1.6981165,302.00534
2025-03-04 14:00:00+00:00,2.0523157,322.12494
2025-03-04 15:00:00+00:00,2.4149535,333.43503
2025-03-04 16:00:00+00:00,2.7416782,336.8014
2025-03-04 17:00:00+00:00,2.907989,338.19852
2025-03-04 18:00:00+00:00,3.0758414,339.44388
2025-03-04 19:00:00+00:00,3.3092597,337.6198
2025-03-04 20:00:00+00:00,3.244996,340.55988
2025-03-04 21:00:00+00:00,3.244996,340.55988
2025-03-04 22:00:00+00:00,4.1556225,342.34976
2025-03-04 23:00:00+00:00,3.9844694,341.56494
2025-03-05 00:00:00+00:00,3.9312592,344.05453
2025-03-05 01:00:00+00:00,3.7585104,343.3007
2025-03-05 02:00:00+00:00,3.8856654,346.60748
2025-03-05 03:00:00+00:00,3.710795,345.9637
2025-03-05 04:00:00+00:00,3.5864744,342.47433
2025-03-05 05:00:00+00:00,3.4763772,338.74942
2025-03-05 06:00:00+00:00,3.0758414,339.44388
2025-03-05 07:00:00+00:00,3.01735,342.64587
2025-03-05 08:00:00+00:00,2.8460498,341.56494
2025-03-05 09:00:00+00:00,2.907989,338.19852
2025-03-05 10:00:00+00:00,3.01735,342.64587
2025-03-05 11:00:00+00:00,2.8460498,341.56494
2025-03-05 12:00:00+00:00,2.968636,345.9637
2025-03-05 13:00:00+00:00,3.438895,353.9911
2025-03-05 14:00:00+00:00,3.6402748,351.4693
2025-03-05 15:00:00+00:00,3.7971036,354.55975
2025-03-05 16:00:00+00:00,3.9763298,354.80566
2025-03-05 17:00:00+00:00,3.9966488,352.23492
2025-03-05 18:00:00+00:00,4.175069,352.5687
2025-03-05 19:00:00+00:00,4.1556225,355.03033
2025-03-05 20:00:00+00:00,4.175069,352.5687
2025-03-05 21:00:00+00:00,4.175069,352.5687
2025-03-05 22:00:00+00:00,4.353619,352.87506
2025-03-05 23:00:00+00:00,4.5322843,353.15732
2025-03-06 00:00:00+00:00,4.5322843,353.15732
2025-03-06 01:00:00+00:00,4.7110505,353.41815
2025-03-06 02:00:00+00:00,4.353619,352.87506
2025-03-06 03:00:00+00:00,4.175069,352.5687
2025-03-06 04:00:00+00:00,4.2366967,347.73523
2025-03-06 05:00:00+00:00,3.536439,345.25638
2025-03-06 06:00:00+00:00,3.4152596,341.56494
2025-03-06 07:00:00+00:00,3.0758414,339.44388
2025-03-06 08:00:00+00:00,2.657668,331.69934
2025-03-06 09:00:00+00:00,2.4149535,333.43503
2025-03-06 10:00:00+00:00,2.5071096,338.9624
2025-03-06 11:00:00+00:00,2.5772076,335.22488
2025-03-06 12:00:00+00:00,2.5772076,335.22488
2025-03-06 13:00:00+00:00,2.968636,345.9637
2025-03-06 14:00:00+00:00,3.2846913,350.53775
2025-03-06 15:00:00+00:00,3.462369,351.02744
2025-03-06 16:00:00+00:00,3.671294,348.6901
2025-03-06 17:00:00+00:00,4.0249224,349.69522
2025-03-06 18:00:00+00:00,4.0249224,349.69522
2025-03-06 19:00:00+00:00,4.2366967,347.73523
2025-03-06 20:00:00+00:00,4.2021422,350.13425
2025-03-06 21:00:00+00:00,4.412754,348.23172
2025-03-06 22:00:00+00:00,4.5572357,350.9098
2025-03-06 23:00:00+00:00,4.5572357,350.9098
2025-03-07 00:00:00+00:00,4.5322843,353.15732
2025-03-07 01:00:00+00:00,4.913044,351.57312
2025-03-07 02:00:00+00:00,4.5322843,353.15732
2025-03-07 03:00:00+00:00,4.5322843,353.15732
2025-03-07 04:00:00+00:00,3.9763298,354.80566
2025-03-07 05:00:00+00:00,3.4247334,356.98727
2025-03-07 06:00:00+00:00,2.8856194,356.42374
2025-03-07 07:00:00+00:00,2.5455842,351.87
2025-03-07 08:00:00+00:00,2.5071096,338.9624
2025-03-07 09:00:00+00:00,2.3400002,337.3801
2025-03-07 10:00:00+00:00,1.4512063,330.25522
2025-03-07 11:00:00+00:00,2.1068459,340.0168
2025-03-07 12:00:00+00:00,2.4014995,347.00537
2025-03-07 13:00:00+00:00,2.7238941,352.40543
2025-03-07 14:00:00+00:00,3.462369,351.02744
2025-03-07 15:00:00+00:00,3.8856654,346.60748
2025-03-07 16:00:00+00:00,3.8856654,346.60748
2025-03-07 17:00:00+00:00,4.278551,345.3791
2025-03-07 18:00:00+00:00,4.2021422,350.13425
2025-03-07 19:00:00+00:00,4.353619,352.87506
2025-03-07 20:00:00+00:00,4.3349743,355.23645
2025-03-07 21:00:00+00:00,4.5322843,353.15732
2025-03-07 22:00:00+00:00,4.379589,350.53775
2025-03-07 23:00:00+00:00,4.5891175,348.6901
2025-03-08 00:00:00+00:00,4.6938252,355.60138
2025-03-08 01:00:00+00:00,4.503598,357.70944
2025-03-08 02:00:00+00:00,4.323748,357.6141
2025-03-08 03:00:00+00:00,4.3349743,355.23645
2025-03-08 04:00:00+00:00,4.1556225,355.03033
2025-03-08 05:00:00+00:00,3.7971036,354.55975
2025-03-08 06:00:00+00:00,3.438895,353.9911
2025-03-08 07:00:00+00:00,3.2599385,353.6599
2025-03-08 08:00:00+00:00,2.9301877,349.3804
2025-03-08 09:00:00+00:00,3.01735,342.64587
2025-03-08 10:00:00+00:00,2.5071096,338.9624
2025-03-08 11:00:00+00:00,2.9301877,349.3804
2025-03-08 12:00:00+00:00,3.143565,346.75946
2025-03-08 13:00:00+00:00,3.6402748,351.4693
2025-03-08 14:00:00+00:00,3.8183763,351.87
2025-03-08 15:00:00+00:00,3.9966488,352.23492
2025-03-08 16:00:00+00:00,4.2021422,350.13425
2025-03-08 17:00:00+00:00,4.353619,352.87506
2025-03-08 18:00:00+00:00,4.353619,352.87506
2025-03-08 19:00:00+00:00,4.5572357,350.9098
2025-03-08 20:00:00+00:00,4.73506,351.2539
2025-03-08 21:00:00+00:00,4.73506,351.2539
2025-03-08 22:00:00+00:00,4.379589,350.53775
2025-03-08 23:00:00+00:00,4.73506,351.2539
2025-03-09 00:00:00+00:00,4.73506,351.2539
2025-03-09 01:00:00+00:00,4.73506,351.2539
2025-03-09 02:00:00+00:00,4.73506,351.2539
2025-03-09 03:00:00+00:00,4.5572357,350.9098
2025-03-09 04:00:00+00:00,4.412754,348.23172
2025-03-09 05:00:00+00:00,4.0249224,349.69522
2025-03-09 06:00:00+00:00,3.671294,348.6901
2025-03-09 07:00:00+00:00,3.462369,351.02744
2025-03-09 08:00:00+00:00,3.1072817,349.99207
2025-03-09 09:00:00+00:00,3.189608,343.61038
2025-03-09 10:00:00+00:00,2.5071096,338.9624
2025-03-09 11:00:00+00:00,2.5455842,351.87
2025-03-09 12:00:00+00:00,2.7943513,345.06854
2025-03-09 13:00:00+00:00,3.319036,347.4712
2025-03-09 14:00:00+00:00,3.462369,351.02744
2025-03-09 15:00:00+00:00,3.319036,347.4712
2025-03-09 16:00:00+00:00,3.4949677,348.11136
2025-03-09 17:00:00+00:00,3.319036,347.4712
2025-03-09 18:00:00+00:00,3.143565,346.75946
2025-03-09 19:00:00+00:00,3.143565,346.75946
2025-03-09 20:00:00+00:00,2.9024127,352.87506
2025-03-09 21:00:00+00:00,3.319036,347.4712
2025-03-09 22:00:00+00:00,3.244996,340.55988
2025-03-09 23:00:00+00:00,3.189608,343.61038
2025-03-10 00:00:00+00:00,2.9301877,349.3804
2025-03-10 01:00:00+00:00,2.7059932,356.186
2025-03-10 02:00:00+00:00,3.0811036,353.29025
2025-03-10 03:00:00+00:00,3.2846913,350.53775
2025-03-10 04:00:00+00:00,2.968636,345.9637
2025-03-10 05:00:00+00:00,2.4014995,347.00537
2025-03-10 06:00:00+00:00,2.1674871,355.23645
2025-03-10 07:00:00+00:00,2.226477,345.9637
2025-03-10 08:00:00+00:00,1.6299692,353.6599
2025-03-10 09:00:00+00:00,2.4149535,333.43503
2025-03-10 10:00:00+00:00,2.2553935,331.38962
2025-03-10 11:00:00+00:00,2.4149535,333.43503
2025-03-10 12:00:00+00:00,2.2768397,341.56494
2025-03-10 13:00:00+00:00,2.0523157,344.7448
2025-03-10 14:00:00+00:00,2.1674871,355.23645
2025-03-10 15:00:00+00:00,2.7943513,345.06854
2025-03-10 16:00:00+00:00,2.9301877,349.3804
2025-03-10 17:00:00+00:00,2.968636,345.9637
2025-03-10 18:00:00+00:00,2.9301877,349.3804
2025-03-10 19:00:00+00:00,2.7238941,352.40543
2025-03-10 20:00:00+00:00,2.9301877,349.3804
2025-03-10 21:00:00+00:00,2.7943513,345.06854
2025-03-10 22:00:00+00:00,2.7416782,336.8014
2025-03-10 23:00:00+00:00,2.5772078,347.90527
2025-03-11 00:00:00+00:00,2.4014995,347.00537
2025-03-11 01:00:00+00:00,2.3400002,337.3801
2025-03-11 02:00:00+00:00,2.0523157,344.7448
2025-03-11 03:00:00+00:00,1.8792552,343.3007
2025-03-11 04:00:00+00:00,1.484318,345.9637
2025-03-11 05:00:00+00:00,1.1384199,341.56494
2025-03-11 06:00:00+00:00,0.9,270.0
2025-03-11 07:00:00+00:00,1.8,233.13002
2025-03-11 08:00:00+00:00,2.8460498,251.56496
2025-03-11 09:00:00+00:00,2.9024127,262.8751
2025-03-11 10:00:00+00:00,2.9024127,277.1249
2025-03-11 11:00:00+00:00,2.7238941,277.59454
2025-03-11 12:00:00+00:00,1.9469976,303.6901
2025-03-11 13:00:00+00:00,2.1674871,318.36655
2025-03-11 14:00:00+00:00,2.4149535,333.43503
2025-03-11 15:00:00+00:00,2.7416782,336.8014
2025-03-11 16:00:00+00:00,2.907989,338.19852
2025-03-11 17:00:00+00:00,3.01735,342.64587
2025-03-11 18:00:00+00:00,3.0758414,339.44388
2025-03-11 19:00:00+00:00,3.189608,343.61038
2025-03-11 20:00:00+00:00,3.143565,346.75946
2025-03-11 21:00:00+00:00,2.9301877,349.3804
2025-03-11 22:00:00+00:00,2.16,360.0
2025-03-11 23:00:00+00:00,1.8,360.0
2025-03-12 00:00:00+00:00,1.6199999,360.0
2025-03-12 01:00:00+00:00,1.4512063,7.12493
2025-03-12 02:00:00+00:00,1.08,360.0
2025-03-12 03:00:00+00:00,0.71999997,360.0
2025-03-12 04:00:00+00:00,0.742159,14.036275
2025-03-12 05:00:00+00:00,0.8049845,296.56497
2025-03-12 06:00:00+00:00,0.742159,255.96373
2025-03-12 07:00:00+00:00,0.9,233.13002
2025-03-12 08:00:00+00:00,1.8792552,253.30067
2025-03-12 09:00:00+00:00,1.8,270.0
2025-03-12 10:00:00+00:00,2.36753,261.2539
2025-03-12 11:00:00+00:00,1.6199999,270.0
2025-03-12 12:00:00+00:00,1.4512063,277.1249
2025-03-12 13:00:00+00:00,1.2727921,315.0001
2025-03-12 14:00:00+00:00,1.781909,315.0001
2025-03-12 15:00:00+00:00,2.3051248,321.34018
2025-03-12 16:00:00+00:00,2.50064,329.74365
2025-03-12 17:00:00+00:00,2.657668,331.69934
2025-03-12 18:00:00+00:00,2.8174455,333.43503
2025-03-12 19:00:00+00:00,2.6758924,340.3461
2025-03-12 20:00:00+00:00,2.968636,345.9637
2025-03-12 21:00:00+00:00,2.7534704,348.6901
2025-03-12 22:00:00+00:00,1.8089776,354.2895
2025-03-12 23:00:00+00:00,2.1674871,355.23645
2025-03-13 00:00:00+00:00,2.3469126,355.60138
2025-03-13 01:00:00+00:00,2.52,360.0
2025-03-13 02:00:00+00:00,2.34,360.0
2025-03-13 03:00:00+00:00,2.1674871,355.23645
2025-03-13 04:00:00+00:00,1.6199999,360.0
2025-03-13 05:00:00+00:00,0.9,360.0
2025-03-13 06:00:00+00:00,0.6489992,213.6901
2025-03-13 07:00:00+00:00,2.16,180.0
2025-03-13 08:00:00+00:00,2.5772078,192.09474
2025-03-13 09:00:00+00:00,2.6758924,199.65392
2025-03-13 10:00:00+00:00,1.26,180.0
2025-03-13 11:00:00+00:00,0.0,270.0
2025-03-13 12:00:00+00:00,0.56920993,251.56496
2025-03-13 13:00:00+00:00,0.54,270.0
2025-03-13 14:00:00+00:00,0.9178235,348.6901
2025-03-13 15:00:00+00:00,1.0948973,350.53775
2025-03-13 16:00:00+00:00,0.9,323.13
2025-03-13 17:00:00+00:00,1.1525624,321.34018
2025-03-13 18:00:00+00:00,1.1525624,321.34018
2025-03-13 19:00:00+00:00,1.2979984,326.3099
2025-03-13 20:00:00+00:00,1.4512063,330.25522
2025-03-13 21:00:00+00:00,1.4058449,320.1945
2025-03-13 22:00:00+00:00,0.9,306.86996
2025-03-13 23:00:00+00:00,1.0495713,300.96368
2025-03-14 00:00:00+00:00,1.5484185,305.53775
2025-03-14 01:00:00+00:00,1.659518,319.39877
2025-03-14 02:00:00+00:00,1.9386592,338.19852
2025-03-14 03:00:00+00:00,2.0523157,344.7448
2025-03-14 04:00:00+00:00,1.9881649,354.80566
2025-03-14 05:00:00+00:00,1.2727921,351.87
2025-03-14 06:00:00+00:00,0.54,360.0
2025-03-14 07:00:00+00:00,0.35999998,180.0
2025-03-14 08:00:00+00:00,0.9178235,168.69011
2025-03-14 09:00:00+00:00,0.8049845,153.43501
2025-03-14 10:00:00+00:00,0.742159,75.96373
2025-03-14 11:00:00+00:00,0.9178235,11.3098955
2025-03-14 12:00:00+00:00,0.9,306.86996
2025-03-14 13:00:00+00:00,1.26,360.0
2025-03-14 14:00:00+00:00,1.6199999,360.0
2025-03-14 15:00:00+00:00,1.98,360.0
2025-03-14 16:00:00+00:00,2.1674871,4.763556
2025-03-14 17:00:00+00:00,2.3469126,4.398633
2025-03-14 18:00:00+00:00,2.1674871,4.763556
2025-03-14 19:00:00+00:00,2.16,360.0
2025-03-14 20:00:00+00:00,2.3469126,4.398633
2025-03-14 21:00:00+00:00,2.3469126,4.398633
2025-03-14 22:00:00+00:00,2.7238941,7.59456
2025-03-14 23:00:00+00:00,2.5772078,12.094739
2025-03-15 00:00:00+00:00,2.4014995,12.99463
2025-03-15 01:00:00+00:00,2.226477,14.036275
2025-03-15 02:00:00+00:00,2.1068459,19.983198
2025-03-15 03:00:00+00:00,1.7076298,18.435053
2025-03-15 04:00:00+00:00,0.9,36.86999
2025-03-15 05:00:00+00:00,0.8049845,63.435013
2025-03-15 06:00:00+00:00,0.17999999,90.0
2025-03-15 07:00:00+00:00,0.6489992,236.3099
2025-03-15 08:00:00+00:00,1.6299692,276.3401
2025-03-15 09:00:00+00:00,2.3469126,274.39862
2025-03-15 10:00:00+00:00,2.3400002,292.6199
2025-03-15 11:00:00+00:00,2.0523157,285.25516
2025-03-15 12:00:00+00:00,1.609969,296.56497
2025-03-15 13:00:00+00:00,1.9134263,318.81415
2025-03-15 14:00:00+00:00,2.1749482,335.55606
2025-03-15 15:00:00+00:00,2.4149535,333.43503
2025-03-15 16:00:00+00:00,2.5071096,338.9624
2025-03-15 17:00:00+00:00,2.6758924,340.3461
2025-03-15 18:00:00+00:00,2.8460498,341.56494
2025-03-15 19:00:00+00:00,3.244996,340.55988
2025-03-15 20:00:00+00:00,3.4152596,341.56494
2025-03-15 21:00:00+00:00,3.644722,339.77505
2025-03-15 22:00:00+00:00,3.8141315,340.70987
2025-03-15 23:00:00+00:00,3.9312592,344.05453
2025-03-16 00:00:00+00:00,3.9844694,341.56494
2025-03-16 01:00:00+00:00,3.9844694,341.56494
2025-03-16 02:00:00+00:00,3.8856654,346.60748
2025-03-16 03:00:00+00:00,3.536439,345.25638
2025-03-16 04:00:00+00:00,3.143565,346.75946
2025-03-16 05:00:00+00:00,2.6208394,344.05453
2025-03-16 06:00:00+00:00,1.9386592,338.19852
2025-03-16 07:00:00+00:00,1.4512063,330.25522
2025-03-16 08:00:00+00:00,1.4058449,309.8055
2025-03-16 09:00:00+00:00,1.8,306.86996
2025-03-16 10:00:00+00:00,2.3400002,337.3801
2025-03-16 11:00:00+00:00,1.7727944,336.0375
2025-03-16 12:00:00+00:00,2.0991426,329.03632
2025-03-16 13:00:00+00:00,2.2768397,341.56494
2025-03-16 14:00:00+00:00,2.6208394,344.05453
2025-03-16 15:00:00+00:00,2.9301877,349.3804
2025-03-16 16:00:00+00:00,3.2846913,350.53775
2025-03-16 17:00:00+00:00,3.604497,357.13766
2025-03-16 18:00:00+00:00,3.6179552,354.2895
2025-03-16 19:00:00+00:00,3.96,360.0
2025-03-16 20:00:00+00:00,4.323748,2.385899
2025-03-16 21:00:00+00:00,4.3349743,4.763556
2025-03-16 22:00:00+00:00,4.514377,4.5738406
2025-03-16 23:00:00+00:00,4.5322843,6.842679
2025-03-17 00:00:00+00:00,4.5572357,9.090207
2025-03-17 01:00:00+00:00,4.1556225,4.969664
2025-03-17 02:00:00+00:00,3.964089,2.6025116
2025-03-17 03:00:00+00:00,3.964089,357.3975
2025-03-17 04:00:00+00:00,3.7971036,354.55975
2025-03-17 05:00:00+00:00,3.6179552,354.2895
2025-03-17 06:00:00+00:00,3.0811036,353.29025
2025-03-17 07:00:00+00:00,2.7238941,352.40543
2025-03-17 08:00:00+00:00,2.4482646,342.8972
2025-03-17 09:00:00+00:00,2.1068459,340.0168
2025-03-17 10:00:00+00:00,1.609969,333.43503
2025-03-17 11:00:00+00:00,2.0124612,333.43503
2025-03-17 12:00:00+00:00,2.4482646,342.8972
2025-03-17 13:00:00+00:00,2.7534704,348.6901
2025-03-17 14:00:00+00:00,3.1072817,349.99207
2025-03-17 15:00:00+00:00,3.438895,353.9911
2025-03-17 16:00:00+00:00,3.6402748,351.4693
2025-03-17 17:00:00+00:00,3.9763298,354.80566
2025-03-17 18:00:00+00:00,4.1556225,355.03033
2025-03-17 19:00:00+00:00,4.3349743,355.23645
2025-03-17 20:00:00+00:00,4.353619,352.87506
2025-03-17 21:00:00+00:00,4.5322843,353.15732
2025-03-17 22:00:00+00:00,4.514377,355.42615
2025-03-17 23:00:00+00:00,4.6938252,355.60138
2025-03-18 00:00:00+00:00,4.5322843,353.15732
2025-03-18 01:00:00+00:00,4.5322843,353.15732
2025-03-18 02:00:00+00:00,4.353619,352.87506
2025-03-18 03:00:00+00:00,4.175069,352.5687
2025-03-18 04:00:00+00:00,4.175069,352.5687
2025-03-18 05:00:00+00:00,3.438895,353.9911
2025-03-18 06:00:00+00:00,3.0811036,353.29025
2025-03-18 07:00:00+00:00,2.8856194,356.42374
2025-03-18 08:00:00+00:00,2.5264204,355.91446
2025-03-18 09:00:00+00:00,2.36753,351.2539
2025-03-18 10:00:00+00:00,1.8792552,343.3007
2025-03-18 11:00:00+00:00,2.1897945,350.53775
2025-03-18 12:00:00+00:00,2.5455842,351.87
2025-03-18 13:00:00+00:00,3.0811036,353.29025
2025-03-18 14:00:00+00:00,3.6179552,354.2895
2025-03-18 15:00:00+00:00,3.7971036,354.55975
2025-03-18 16:00:00+00:00,3.9763298,354.80566
2025-03-18 17:00:00+00:00,4.1556225,355.03033
2025-03-18 18:00:00+00:00,4.1556225,355.03033
2025-03-18 19:00:00+00:00,4.503598,357.70944
2025-03-18 20:00:00+00:00,4.503598,357.70944
2025-03-18 21:00:00+00:00,4.514377,355.42615
2025-03-18 22:00:00+00:00,4.503598,357.70944
2025-03-18 23:00:00+00:00,4.323748,357.6141
2025-03-19 00:00:00+00:00,4.3349743,355.23645
2025-03-19 01:00:00+00:00,4.323748,357.6141
2025-03-19 02:00:00+00:00,4.503598,357.70944
2025-03-19 03:00:00+00:00,4.3349743,355.23645
2025-03-19 04:00:00+00:00,4.175069,352.5687
2025-03-19 05:00:00+00:00,3.438895,353.9911
2025-03-19 06:00:00+00:00,3.0652895,356.6336
2025-03-19 07:00:00+00:00,2.7238941,352.40543
2025-03-19 08:00:00+00:00,2.36753,351.2539
2025-03-19 09:00:00+00:00,2.0523157,344.7448
2025-03-19 10:00:00+00:00,1.6299692,353.6599
2025-03-19 11:00:00+00:00,1.659518,347.4712
2025-03-19 12:00:00+00:00,1.98,360.0
2025-03-19 13:00:00+00:00,2.34,360.0
2025-03-19 14:00:00+00:00,2.8856194,356.42374
2025-03-19 15:00:00+00:00,3.244996,356.82022
2025-03-19 16:00:00+00:00,3.4247334,356.98727
2025-03-19 17:00:00+00:00,3.6179552,354.2895
2025-03-19 18:00:00+00:00,3.604497,357.13766
2025-03-19 19:00:00+00:00,3.7842832,357.27374
2025-03-19 20:00:00+00:00,3.7842832,357.27374
2025-03-19 21:00:00+00:00,3.9763298,354.80566
2025-03-19 22:00:00+00:00,3.6,360.0
2025-03-19 23:00:00+00:00,3.7799997,360.0
2025-03-20 00:00:00+00:00,3.7799997,360.0
2025-03-20 01:00:00+00:00,3.7842832,357.27374
2025-03-20 02:00:00+00:00,3.604497,357.13766
2025-03-20 03:00:00+00:00,3.6179552,354.2895
2025-03-20 04:00:00+00:00,3.0652895,356.6336
2025-03-20 05:00:00+00:00,2.7059932,356.186
2025-03-20 06:00:00+00:00,2.36753,351.2539
2025-03-20 07:00:00+00:00,1.7076298,341.56494
2025-03-20 08:00:00+00:00,1.1525624,321.34018
2025-03-20 09:00:00+00:00,1.2074767,296.56497
2025-03-20 10:00:00+00:00,0.742159,284.03625
2025-03-20 11:00:00+00:00,1.659518,347.4712
2025-03-20 12:00:00+00:00,2.0523157,344.7448
2025-03-20 13:00:00+00:00,2.5772078,347.90527
2025-03-20 14:00:00+00:00,2.9024127,352.87506
2025-03-20 15:00:00+00:00,3.2599385,353.6599
2025-03-20 16:00:00+00:00,3.438895,353.9911
2025-03-20 17:00:00+00:00,3.6179552,354.2895
2025-03-20 18:00:00+00:00,3.6179552,354.2895
2025-03-20 19:00:00+00:00,3.6402748,351.4693
2025-03-20 20:00:00+00:00,3.6402748,351.4693
2025-03-20 21:00:00+00:00,3.4949677,348.11136
2025-03-20 22:00:00+00:00,3.319036,347.4712
2025-03-20 23:00:00+00:00,3.0811036,353.29025
2025-03-21 00:00:00+00:00,3.1072817,349.99207
2025-03-21 01:00:00+00:00,3.2846913,350.53775
2025-03-21 02:00:00+00:00,3.2599385,353.6599
2025-03-21 03:00:00+00:00,2.9024127,352.87506
2025-03-21 04:00:00+00:00,3.1072817,349.99207
2025-03-21 05:00:00+00:00,2.6208394,344.05453
2025-03-21 06:00:00+00:00,2.4149535,333.43503
2025-03-21 07:00:00+00:00,1.9134263,318.81415
2025-03-21 08:00:00+00:00,2.2553935,298.61035
2025-03-21 09:00:00+00:00,2.2553935,298.61035
2025-03-21 10:00:00+00:00,2.0523157,232.12495
2025-03-21 11:00:00+00:00,0.9,233.13002
2025-03-21 12:00:00+00:00,1.0182338,315.0001
2025-03-21 13:00:00+00:00,1.8792552,343.3007
2025-03-21 14:00:00+00:00,2.36753,351.2539
2025-03-21 15:00:00+00:00,2.9301877,349.3804
2025-03-21 16:00:00+00:00,3.438895,353.9911
2025-03-21 17:00:00+00:00,3.8183763,351.87
2025-03-21 18:00:00+00:00,4.175069,352.5687
2025-03-21 19:00:00+00:00,4.3349743,355.23645
2025-03-21 20:00:00+00:00,4.3349743,355.23645
2025-03-21 21:00:00+00:00,4.514377,355.42615
2025-03-21 22:00:00+00:00,3.9966488,352.23492
2025-03-21 23:00:00+00:00,4.323748,357.6141
2025-03-22 00:00:00+00:00,4.503598,357.70944
2025-03-22 01:00:00+00:00,4.6834598,357.79745
2025-03-22 02:00:00+00:00,4.6834598,357.79745
2025-03-22 03:00:00+00:00,4.6834598,357.79745
2025-03-22 04:00:00+00:00,4.68,360.0
2025-03-22 05:00:00+00:00,4.3349743,4.763556
2025-03-22 06:00:00+00:00,3.9966488,7.7650824
2025-03-22 07:00:00+00:00,3.9966488,7.7650824
2025-03-22 08:00:00+00:00,3.8183763,8.130019
2025-03-22 09:00:00+00:00,3.7971036,5.4402504
2025-03-22 10:00:00+00:00,2.9301877,10.61961
2025-03-22 11:00:00+00:00,2.968636,14.036275
2025-03-22 12:00:00+00:00,3.143565,13.240531
2025-03-22 13:00:00+00:00,3.4247334,3.0127327
2025-03-22 14:00:00+00:00,3.6179552,354.2895
2025-03-22 15:00:00+00:00,3.9966488,352.23492
2025-03-22 16:00:00+00:00,3.9966488,352.23492
2025-03-22 17:00:00+00:00,4.175069,352.5687
2025-03-22 18:00:00+00:00,4.1556225,355.03033
2025-03-22 19:00:00+00:00,4.3349743,355.23645
2025-03-22 20:00:00+00:00,4.323748,357.6141
2025-03-22 21:00:00+00:00,4.503598,357.70944
2025-03-22 22:00:00+00:00,5.0432134,357.95462
2025-03-22 23:00:00+00:00,5.0432134,357.95462
2025-03-23 00:00:00+00:00,5.223103,358.0251
2025-03-23 01:00:00+00:00,5.0528407,355.91446
2025-03-23 02:00:00+00:00,5.0528407,355.91446
2025-03-23 03:00:00+00:00,5.0688457,353.88458
2025-03-23 04:00:00+00:00,4.5322843,353.15732
2025-03-23 05:00:00+00:00,4.175069,352.5687
2025-03-23 06:00:00+00:00,4.2021422,350.13425
2025-03-23 07:00:00+00:00,3.7585104,343.3007
2025-03-23 08:00:00+00:00,3.189608,343.61038
2025-03-23 09:00:00+00:00,2.9301877,349.3804
2025-03-23 10:00:00+00:00,2.5455842,351.87
2025-03-23 11:00:00+00:00,2.7534704,348.6901
2025-03-23 12:00:00+00:00,3.189608,343.61038
2025-03-23 13:00:00+00:00,3.710795,345.9637
2025-03-23 14:00:00+00:00,3.9966488,352.23492
2025-03-23 15:00:00+00:00,4.175069,352.5687
2025-03-23 16:00:00+00:00,4.379589,350.53775
2025-03-23 17:00:00+00:00,4.5572357,350.9098
2025-03-23 18:00:00+00:00,4.5572357,350.9098
2025-03-23 19:00:00+00:00,4.5322843,353.15732
2025-03-23 20:00:00+00:00,4.73506,351.2539
2025-03-23 21:00:00+00:00,4.73506,351.2539
2025-03-23 22:00:00+00:00,4.942631,349.50858
2025-03-23 23:00:00+00:00,4.8899083,353.6599
2025-03-24 00:00:00+00:00,4.73506,351.2539
2025-03-24 01:00:00+00:00,4.913044,351.57312
2025-03-24 02:00:00+00:00,4.913044,351.57312
2025-03-24 03:00:00+00:00,4.5891175,348.6901
2025-03-24 04:00:00+00:00,4.5572357,350.9098
2025-03-24 05:00:00+00:00,3.8183763,351.87
2025-03-24 06:00:00+00:00,3.4949677,348.11136
2025-03-24 07:00:00+00:00,3.189608,343.61038
2025-03-24 08:00:00+00:00,3.189608,343.61038
2025-03-24 09:00:00+00:00,2.7943513,345.06854
2025-03-24 10:00:00+00:00,2.3400002,337.3801
2025-03-24 11:00:00+00:00,2.5772078,347.90527
2025-03-24 12:00:00+00:00,2.7943513,345.06854
2025-03-24 13:00:00+00:00,3.319036,347.4712
2025-03-24 14:00:00+00:00,3.462369,351.02744
2025-03-24 15:00:00+00:00,3.7971036,354.55975
2025-03-24 16:00:00+00:00,3.8183763,351.87
2025-03-24 17:00:00+00:00,3.8183763,351.87
2025-03-24 18:00:00+00:00,3.9763298,354.80566
2025-03-24 19:00:00+00:00,3.9763298,354.80566
2025-03-24 20:00:00+00:00,3.9763298,354.80566
2025-03-24 21:00:00+00:00,3.9966488,352.23492
2025-03-24 22:00:00+00:00,3.964089,357.3975
2025-03-24 23:00:00+00:00,4.323748,357.6141
2025-03-25 00:00:00+00:00,3.84796,349.21573
2025-03-25 01:00:00+00:00,3.84796,349.21573
2025-03-25 02:00:00+00:00,3.7799997,360.0
2025-03-25 03:00:00+00:00,3.4247334,356.98727
2025-03-25 04:00:00+00:00,2.9024127,352.87506
2025-03-25 05:00:00+00:00,2.36753,351.2539
2025-03-25 06:00:00+00:00,2.226477,345.9637
2025-03-25 07:00:00+00:00,1.8532133,330.9455
2025-03-25 08:00:00+00:00,1.659518,319.39877
2025-03-25 09:00:00+00:00,1.2979984,303.6901
2025-03-25 10:00:00+00:00,1.5379207,249.44386
2025-03-25 11:00:00+00:00,1.3104197,254.05453
2025-03-25 12:00:00+00:00,0.9,306.86996
2025-03-25 13:00:00+00:00,1.1525624,321.34018
2025-03-25 14:00:00+00:00,1.2727921,351.87
2025-03-25 15:00:00+00:00,1.484318,345.9637
2025-03-25 16:00:00+00:00,1.7076298,341.56494
2025-03-25 17:00:00+00:00,1.3104197,344.05453
2025-03-25 18:00:00+00:00,1.4512063,330.25522
2025-03-25 19:00:00+00:00,1.5484185,324.46225
2025-03-25 20:00:00+00:00,1.659518,319.39877
2025-03-25 21:00:00+00:00,1.609969,333.43503
2025-03-25 22:00:00+00:00,1.659518,319.39877
2025-03-25 23:00:00+00:00,1.609969,333.43503
2025-03-26 00:00:00+00:00,1.609969,333.43503
2025-03-26 01:00:00+00:00,1.7076298,341.56494
2025-03-26 02:00:00+00:00,1.7076298,341.56494
2025-03-26 03:00:00+00:00,1.5484185,324.46225
2025-03-26 04:00:00+00:00,1.2979984,326.3099
2025-03-26 05:00:00+00:00,0.76367533,315.0001
2025-03-26 06:00:00+00:00,0.56920993,198.43504
2025-03-26 07:00:00+00:00,2.0991426,210.96368
2025-03-26 08:00:00+00:00,3.4388947,222.87889
2025-03-26 09:00:00+00:00,3.550155,239.53453
2025-03-26 10:00:00+00:00,2.7416782,246.80138
2025-03-26 11:00:00+00:00,2.36753,261.2539
2025-03-26 12:00:00+00:00,2.1749482,245.55606
2025-03-26 13:00:00+00:00,1.659518,257.4712
2025-03-26 14:00:00+00:00,1.0948973,279.46225
2025-03-26 15:00:00+00:00,1.3708391,336.8014
2025-03-26 16:00:00+00:00,1.6299692,6.3401003
2025-03-26 17:00:00+00:00,1.484318,345.9637
2025-03-26 18:00:00+00:00,1.0948973,350.53775
2025-03-26 19:00:00+00:00,1.2727921,351.87
2025-03-26 20:00:00+00:00,1.7076298,18.435053
2025-03-26 21:00:00+00:00,1.609969,26.564985
2025-03-26 22:00:00+00:00,1.7727944,23.962492
2025-03-26 23:00:00+00:00,1.6981165,32.005356
2025-03-27 00:00:00+00:00,1.609969,26.564985
2025-03-27 01:00:00+00:00,1.8,53.13002
2025-03-27 02:00:00+00:00,1.6981165,57.99466
2025-03-27 03:00:00+00:00,1.4512063,60.255207
2025-03-27 04:00:00+00:00,1.3708391,66.801384
2025-03-27 05:00:00+00:00,2.34,90.0
2025-03-27 06:00:00+00:00,2.9301877,100.619606
2025-03-27 07:00:00+00:00,3.0758414,110.55613
2025-03-27 08:00:00+00:00,2.9301877,132.5104
2025-03-27 09:00:00+00:00,2.4482648,126.027466
2025-03-27 10:00:00+00:00,2.5071096,158.96242
2025-03-27 11:00:00+00:00,1.4512063,82.875084
2025-03-27 12:00:00+00:00,1.0182338,135.0001
2025-03-27 13:00:00+00:00,0.9,90.0
2025-03-27 14:00:00+00:00,1.4512063,82.875084
2025-03-27 15:00:00+00:00,2.1897945,80.53775
2025-03-27 16:00:00+00:00,1.9881649,95.19434
2025-03-27 17:00:00+00:00,1.3104197,105.945465
2025-03-27 18:00:00+00:00,1.6299692,83.659904
2025-03-27 19:00:00+00:00,1.9881649,95.19434
2025-03-27 20:00:00+00:00,3.189608,106.38962
2025-03-27 21:00:00+00:00,4.2671766,117.64589
2025-03-27 22:00:00+00:00,4.8366103,135.0001
2025-03-27 23:00:00+00:00,4.0249224,116.56499
2025-03-28 00:00:00+00:00,2.5071096,111.03758
2025-03-28 01:00:00+00:00,2.3469126,94.39862
2025-03-28 02:00:00+00:00,2.3469126,94.39862
2025-03-28 03:00:00+00:00,1.98,90.0
2025-03-28 04:00:00+00:00,1.98,90.0
2025-03-28 05:00:00+00:00,2.4482648,126.027466
2025-03-28 06:00:00+00:00,3.244996,146.3099
2025-03-28 07:00:00+00:00,5.4744864,189.46225
2025-03-28 08:00:00+00:00,6.0908127,198.9705
2025-03-28 09:00:00+00:00,4.5536795,198.43504
2025-03-28 10:00:00+00:00,5.020677,194.5345
2025-03-28 11:00:00+00:00,4.724786,197.74477
2025-03-28 12:00:00+00:00,3.5864744,197.52567
2025-03-28 13:00:00+00:00,2.4482646,197.10281
2025-03-28 14:00:00+00:00,1.6981165,212.00534
2025-03-28 15:00:00+00:00,1.4058449,230.19447
2025-03-28 16:00:00+00:00,1.8532133,240.94548
2025-03-28 17:00:00+00:00,1.835647,258.6901
2025-03-28 18:00:00+00:00,1.8089776,264.2895
2025-03-28 19:00:00+00:00,1.835647,281.3099
2025-03-28 20:00:00+00:00,2.1749482,294.44394
2025-03-28 21:00:00+00:00,2.3469129,302.47116
2025-03-28 22:00:00+00:00,2.8460495,304.69522
2025-03-28 23:00:00+00:00,2.3051248,308.65982
2025-03-29 00:00:00+00:00,2.4216523,318.01288
2025-03-29 01:00:00+00:00,2.8174455,333.43503
2025-03-29 02:00:00+00:00,2.7416782,336.8014
2025-03-29 03:00:00+00:00,2.8460498,341.56494
2025-03-29 04:00:00+00:00,2.4482646,342.8972
2025-03-29 05:00:00+00:00,2.226477,345.9637
2025-03-29 06:00:00+00:00,1.835647,348.6901
2025-03-29 07:00:00+00:00,1.484318,345.9637
2025-03-29 08:00:00+00:00,1.2727921,351.87
2025-03-29 09:00:00+00:00,0.9693296,338.19852
2025-03-29 10:00:00+00:00,1.2074767,333.43503
2025-03-29 11:00:00+00:00,1.3708391,336.8014
2025-03-29 12:00:00+00:00,1.835647,348.6901
2025-03-29 13:00:00+00:00,2.36753,351.2539
2025-03-29 14:00:00+00:00,2.9024127,352.87506
2025-03-29 15:00:00+00:00,3.2599385,353.6599
2025-03-29 16:00:00+00:00,3.438895,353.9911
2025-03-29 17:00:00+00:00,3.438895,353.9911
2025-03-29 18:00:00+00:00,3.462369,351.02744
2025-03-29 19:00:00+00:00,3.462369,351.02744
2025-03-29 20:00:00+00:00,3.438895,353.9911
2025-03-29 21:00:00+00:00,3.462369,351.02744
2025-03-29 22:00:00+00:00,3.438895,353.9911
2025-03-29 23:00:00+00:00,3.438895,353.9911
2025-03-30 00:00:00+00:00,3.438895,353.9911
2025-03-30 01:00:00+00:00,3.6402748,351.4693
2025-03-30 02:00:00+00:00,3.462369,351.02744
2025-03-30 03:00:00+00:00,3.2846913,350.53775
2025-03-30 04:00:00+00:00,2.7534704,348.6901
2025-03-30 05:00:00+00:00,2.2768397,341.56494
2025-03-30 06:00:00+00:00,1.609969,333.43503
2025-03-30 07:00:00+00:00,1.2074767,296.56497
2025-03-30 08:00:00+00:00,1.3104197,254.05453
2025-03-30 09:00:00+00:00,1.4512063,240.2552
2025-03-30 10:00:00+00:00,1.8532133,240.94548
2025-03-30 11:00:00+00:00,0.9693296,248.19853
2025-03-30 12:00:00+00:00,0.9178235,258.6901
2025-03-30 13:00:00+00:00,0.9693296,291.80148
2025-03-30 14:00:00+00:00,1.1525624,321.34018
2025-03-30 15:00:00+00:00,1.7727944,336.0375
2025-03-30 16:00:00+00:00,2.1749482,335.55606
2025-03-30 17:00:00+00:00,2.5071096,338.9624
2025-03-30 18:00:00+00:00,2.6758924,340.3461
2025-03-30 19:00:00+00:00,2.907989,338.19852
2025-03-30 20:00:00+00:00,3.244996,340.55988
2025-03-30 21:00:00+00:00,3.4152596,341.56494
2025-03-30 22:00:00+00:00,3.143565,346.75946
2025-03-30 23:00:00+00:00,3.319036,347.4712
2025-03-31 00:00:00+00:00,3.4949677,348.11136
2025-03-31 01:00:00+00:00,3.671294,348.6901
2025-03-31 02:00:00+00:00,3.536439,345.25638
2025-03-31 03:00:00+00:00,3.319036,347.4712
2025-03-31 04:00:00+00:00,2.7943513,345.06854
2025-03-31 05:00:00+00:00,2.1068459,340.0168
2025-03-31 06:00:00+00:00,1.2074767,333.43503
2025-03-31 07:00:00+00:00,0.8049845,243.43501
2025-03-31 08:00:00+00:00,1.1525624,218.65984
2025-03-31 09:00:00+00:00,1.2979984,213.6901
2025-03-31 10:00:00+00:00,1.8792552,196.69933
2025-03-31 11:00:00+00:00,0.25455844,224.9999
2025-03-31 12:00:00+00:00,0.9693296,338.19852
2025-03-31 13:00:00+00:00,1.7727944,336.0375
2025-03-31 14:00:00+00:00,2.226477,345.9637
2025-03-31 15:00:00+00:00,2.7238941,352.40543
2025-03-31 16:00:00+00:00,2.8856194,356.42374
2025-03-31 17:00:00+00:00,3.0652895,356.6336
2025-03-31 18:00:00+00:00,3.2399998,360.0
2025-03-31 19:00:00+00:00,3.244996,3.179772
2025-03-31 20:00:00+00:00,3.438895,6.0089183
2025-03-31 21:00:00+00:00,3.462369,8.97255
2025-03-31 22:00:00+00:00,3.8183763,8.130019
2025-03-31 23:00:00+00:00,3.8183763,8.130019
2025-04-01 00:00:00+00:00,3.6179552,5.7105074
2025-04-01 01:00:00+00:00,3.6179552,5.7105074
2025-04-01 02:00:00+00:00,3.604497,2.8623457
2025-04-01 03:00:00+00:00,3.244996,3.179772
2025-04-01 04:00:00+00:00,2.8856194,3.5762644
2025-04-01 05:00:00+00:00,2.7059932,3.8140097
2025-04-01 06:00:00+00:00,2.5455842,8.130019
2025-04-01 07:00:00+00:00,2.16,360.0
2025-04-01 08:00:00+00:00,2.1674871,355.23645
2025-04-01 09:00:00+00:00,2.36753,351.2539
2025-04-01 10:00:00+00:00,1.8089776,5.7105074
2025-04-01 11:00:00+00:00,2.3469126,4.398633
2025-04-01 12:00:00+00:00,2.0124612,349.69522
2025-04-01 13:00:00+00:00,2.4482646,342.8972
2025-04-01 14:00:00+00:00,3.1072817,349.99207
2025-04-01 15:00:00+00:00,3.438895,353.9911
2025-04-01 16:00:00+00:00,3.7971036,354.55975
2025-04-01 17:00:00+00:00,3.9763298,354.80566
2025-04-01 18:00:00+00:00,4.1556225,355.03033
2025-04-01 19:00:00+00:00,4.143911,357.5105
2025-04-01 20:00:00+00:00,4.32,360.0
2025-04-01 21:00:00+00:00,4.503598,2.2905633
2025-04-01 22:00:00+00:00,3.8141315,19.290138
2025-04-01 23:00:00+00:00,3.9312592,15.945477
2025-04-02 00:00:00+00:00,4.1046314,15.255177
2025-04-02 01:00:00+00:00,4.1556225,17.650223
2025-04-02 02:00:00+00:00,4.060985,12.804273
2025-04-02 03:00:00+00:00,3.710795,14.036275
2025-04-02 04:00:00+00:00,3.143565,13.240531
2025-04-02 05:00:00+00:00,2.7416782,23.198618
2025-04-02 06:00:00+00:00,2.19718,34.9921
2025-04-02 07:00:00+00:00,1.8,53.13002
2025-04-02 08:00:00+00:00,1.7727944,66.037506
2025-04-02 09:00:00+00:00,1.5379207,69.44387
2025-04-02 10:00:00+00:00,1.484318,75.96373
2025-04-02 11:00:00+00:00,1.3708391,23.198618
2025-04-02 12:00:00+00:00,2.0124612,349.69522
2025-04-02 13:00:00+00:00,2.7943513,345.06854
2025-04-02 14:00:00+00:00,3.1072817,349.99207
2025-04-02 15:00:00+00:00,3.438895,353.9911
2025-04-02 16:00:00+00:00,3.6179552,354.2895
2025-04-02 17:00:00+00:00,3.7971036,354.55975
2025-04-02 18:00:00+00:00,3.7842832,357.27374
2025-04-02 19:00:00+00:00,4.143911,357.5105
2025-04-02 20:00:00+00:00,4.14,360.0
2025-04-02 21:00:00+00:00,4.323748,357.6141
2025-04-02 22:00:00+00:00,3.96,360.0
2025-04-02 23:00:00+00:00,4.143911,2.4894993
2025-04-03 00:00:00+00:00,3.964089,2.6025116
2025-04-03 01:00:00+00:00,3.7842832,2.7262611
2025-04-03 02:00:00+00:00,3.604497,2.8623457
2025-04-03 03:00:00+00:00,3.2399998,360.0
2025-04-03 04:00:00+00:00,2.7238941,7.59456
2025-04-03 05:00:00+00:00,2.4482646,17.102825
2025-04-03 06:00:00+00:00,2.0124612,26.564985
2025-04-03 07:00:00+00:00,1.659518,40.601215
2025-04-03 08:00:00+00:00,1.6981165,57.99466
2025-04-03 09:00:00+00:00,2.0991426,59.03632
2025-04-03 10:00:00+00:00,2.0991426,59.03632
2025-04-03 11:00:00+00:00,2.0124612,26.564985
2025-04-03 12:00:00+00:00,2.3469126,355.60138
2025-04-03 13:00:00+00:00,2.5772078,347.90527
2025-04-03 14:00:00+00:00,2.9301877,349.3804
2025-04-03 15:00:00+00:00,3.2599385,353.6599
2025-04-03 16:00:00+00:00,3.438895,353.9911
2025-04-03 17:00:00+00:00,3.6179552,354.2895
2025-04-03 18:00:00+00:00,3.7971036,354.55975
2025-04-03 19:00:00+00:00,3.964089,357.3975
2025-04-03 20:00:00+00:00,3.964089,357.3975
2025-04-03 21:00:00+00:00,4.143911,357.5105
2025-04-03 22:00:00+00:00,4.32,360.0
2025-04-03 23:00:00+00:00,4.14,360.0
2025-04-04 00:00:00+00:00,4.6834598,357.79745
2025-04-04 01:00:00+00:00,4.514377,355.42615
2025-04-04 02:00:00+00:00,4.3349743,355.23645
2025-04-04 03:00:00+00:00,3.6179552,354.2895
2025-04-04 04:00:00+00:00,3.2399998,360.0
2025-04-04 05:00:00+00:00,2.7059932,3.8140097
2025-04-04 06:00:00+00:00,2.0124612,10.304792
2025-04-04 07:00:00+00:00,1.26,360.0
2025-04-04 08:00:00+00:00,1.4512063,330.25522
2025-04-04 09:00:00+00:00,2.0523157,322.12494
2025-04-04 10:00:00+00:00,1.4512063,299.74478
2025-04-04 11:00:00+00:00,1.7727944,336.0375
2025-04-04 12:00:00+00:00,1.9881649,354.80566
2025-04-04 13:00:00+00:00,2.34,360.0
2025-04-04 14:00:00+00:00,2.8799999,360.0
2025-04-04 15:00:00+00:00,3.2399998,360.0
2025-04-04 16:00:00+00:00,3.4247334,356.98727
2025-04-04 17:00:00+00:00,3.6179552,354.2895
2025-04-04 18:00:00+00:00,3.7971036,354.55975
2025-04-04 19:00:00+00:00,3.964089,357.3975
2025-04-04 20:00:00+00:00,3.96,360.0
2025-04-04 21:00:00+00:00,4.143911,357.5105
2025-04-04 22:00:00+00:00,4.503598,357.70944
2025-04-04 23:00:00+00:00,4.503598,2.2905633
2025-04-05 00:00:00+00:00,4.5322843,6.842679
2025-04-05 01:00:00+00:00,4.503598,2.2905633
2025-04-05 02:00:00+00:00,4.1556225,4.969664
2025-04-05 03:00:00+00:00,3.9763298,5.19435
2025-04-05 04:00:00+00:00,3.8183763,8.130019
2025-04-05 05:00:00+00:00,3.604497,2.8623457
2025-04-05 06:00:00+00:00,3.7842832,2.7262611
2025-04-05 07:00:00+00:00,3.244996,3.179772
2025-04-05 08:00:00+00:00,2.1674871,4.763556
2025-04-05 09:00:00+00:00,1.8,360.0
2025-04-05 10:00:00+00:00,1.9386592,338.19852
2025-04-05 11:00:00+00:00,2.1068459,340.0168
2025-04-05 12:00:00+00:00,2.226477,345.9637
2025-04-05 13:00:00+00:00,2.8460498,341.56494
2025-04-05 14:00:00+00:00,3.2846913,350.53775
2025-04-05 15:00:00+00:00,3.6179552,354.2895
2025-04-05 16:00:00+00:00,3.8183763,351.87
2025-04-05 17:00:00+00:00,3.9966488,352.23492
2025-04-05 18:00:00+00:00,4.1556225,355.03033
2025-04-05 19:00:00+00:00,4.3349743,355.23645
2025-04-05 20:00:00+00:00,4.5322843,353.15732
2025-04-05 21:00:00+00:00,4.5322843,353.15732
2025-04-05 22:00:00+00:00,4.6938252,355.60138
2025-04-05 23:00:00+00:00,4.6834598,357.79745
2025-04-06 00:00:00+00:00,4.913044,351.57312
2025-04-06 01:00:00+00:00,5.0528407,355.91446
2025-04-06 02:00:00+00:00,4.8633323,357.87894
2025-04-06 03:00:00+00:00,4.1556225,355.03033
2025-04-06 04:00:00+00:00,3.8183763,351.87
2025-04-06 05:00:00+00:00,3.2599385,353.6599
2025-04-06 06:00:00+00:00,2.8799999,360.0
2025-04-06 07:00:00+00:00,1.8792552,16.699326
2025-04-06 08:00:00+00:00,1.609969,26.564985
2025-04-06 09:00:00+00:00,1.4512063,7.12493
2025-04-06 10:00:00+00:00,1.6981165,327.99466
2025-04-06 11:00:00+00:00,2.1749482,335.55606
2025-04-06 12:00:00+00:00,2.0523157,344.7448
2025-04-06 13:00:00+00:00,2.5455842,351.87
2025-04-06 14:00:00+00:00,3.244996,356.82022
2025-04-06 15:00:00+00:00,3.604497,357.13766
2025-04-06 16:00:00+00:00,3.9763298,354.80566
2025-04-06 17:00:00+00:00,4.175069,352.5687
2025-04-06 18:00:00+00:00,3.964089,357.3975
2025-04-06 19:00:00+00:00,4.143911,357.5105
2025-04-06 20:00:00+00:00,4.323748,357.6141
2025-04-06 21:00:00+00:00,4.5322843,353.15732
2025-04-06 22:00:00+00:00,4.6938252,355.60138
2025-04-06 23:00:00+00:00,4.32,360.0
2025-04-07 00:00:00+00:00,4.913044,351.57312
2025-04-07 01:00:00+00:00,4.5572357,350.9098
2025-04-07 02:00:00+00:00,4.175069,352.5687
2025-04-07 03:00:00+00:00,3.7842832,357.27374
2025-04-07 04:00:00+00:00,3.438895,353.9911
2025-04-07 05:00:00+00:00,3.1072817,349.99207
2025-04-07 06:00:00+00:00,2.7943513,345.06854
2025-04-07 07:00:00+00:00,2.36753,351.2539
2025-04-07 08:00:00+00:00,2.7943513,345.06854
2025-04-07 09:00:00+00:00,2.7943513,345.06854
2025-04-07 10:00:00+00:00,1.0495713,329.03632
2025-04-07 11:00:00+00:00,0.9,306.86996
2025-04-07 12:00:00+00:00,1.1384199,341.56494
2025-04-07 13:00:00+00:00,1.6299692,353.6599
2025-04-07 14:00:00+00:00,2.36753,351.2539
2025-04-07 15:00:00+00:00,3.2599385,353.6599
2025-04-07 16:00:00+00:00,3.7842832,357.27374
2025-04-07 17:00:00+00:00,3.964089,357.3975
2025-04-07 18:00:00+00:00,3.9763298,354.80566
2025-04-07 19:00:00+00:00,3.9763298,354.80566
2025-04-07 20:00:00+00:00,4.1556225,355.03033
2025-04-07 21:00:00+00:00,4.3349743,355.23645
2025-04-07 22:00:00+00:00,4.323748,357.6141
2025-04-07 23:00:00+00:00,4.14,360.0
2025-04-08 00:00:00+00:00,4.3349743,355.23645
2025-04-08 01:00:00+00:00,4.353619,352.87506
2025-04-08 02:00:00+00:00,4.353619,352.87506
2025-04-08 03:00:00+00:00,3.7971036,354.55975
2025-04-08 04:00:00+00:00,3.244996,356.82022
2025-04-08 05:00:00+00:00,2.34,360.0
2025-04-08 06:00:00+00:00,1.659518,12.528798
2025-04-08 07:00:00+00:00,0.76367533,44.999897
2025-04-08 08:00:00+00:00,0.5091169,44.999897
2025-04-08 09:00:00+00:00,0.9,323.13
2025-04-08 10:00:00+00:00,1.0948973,260.53775
2025-04-08 11:00:00+00:00,0.9178235,348.6901
2025-04-08 12:00:00+00:00,1.2727921,351.87
2025-04-08 13:00:00+00:00,1.609969,333.43503
2025-04-08 14:00:00+00:00,2.1674871,355.23645
2025-04-08 15:00:00+00:00,2.7059932,3.8140097
2025-04-08 16:00:00+00:00,2.8799999,360.0
2025-04-08 17:00:00+00:00,3.4247334,356.98727
2025-04-08 18:00:00+00:00,3.9763298,354.80566
2025-04-08 19:00:00+00:00,3.9966488,352.23492
2025-04-08 20:00:00+00:00,4.0249224,349.69522
2025-04-08 21:00:00+00:00,4.0249224,349.69522
2025-04-08 22:00:00+00:00,4.6277857,346.50424
2025-04-08 23:00:00+00:00,3.536439,345.25638
2025-04-09 00:00:00+00:00,3.143565,346.75946
2025-04-09 01:00:00+00:00,3.319036,347.4712
2025-04-09 02:00:00+00:00,3.536439,345.25638
2025-04-09 03:00:00+00:00,3.536439,345.25638
2025-04-09 04:00:00+00:00,3.01735,342.64587
2025-04-09 05:00:00+00:00,2.1068459,340.0168
2025-04-09 06:00:00+00:00,1.1525624,321.34018
2025-04-09 07:00:00+00:00,0.9178235,281.3099
2025-04-09 08:00:00+00:00,0.9693296,291.80148
2025-04-09 09:00:00+00:00,1.0495713,329.03632
2025-04-09 10:00:00+00:00,1.98,270.0
2025-04-09 11:00:00+00:00,2.34,270.0
2025-04-09 12:00:00+00:00,2.5455842,261.87
2025-04-09 13:00:00+00:00,1.8532133,299.0545
2025-04-09 14:00:00+00:00,1.5379207,339.44388
2025-04-09 15:00:00+00:00,2.226477,345.9637
2025-04-09 16:00:00+00:00,2.5455842,351.87
2025-04-09 17:00:00+00:00,2.7059932,356.186
2025-04-09 18:00:00+00:00,3.244996,356.82022
2025-04-09 19:00:00+00:00,3.604497,357.13766
2025-04-09 20:00:00+00:00,3.7842832,357.27374
2025-04-09 21:00:00+00:00,3.7842832,357.27374
2025-04-09 22:00:00+00:00,4.353619,352.87506
2025-04-09 23:00:00+00:00,3.964089,357.3975
2025-04-10 00:00:00+00:00,3.671294,348.6901
2025-04-10 01:00:00+00:00,3.319036,347.4712
2025-04-10 02:00:00+00:00,2.9301877,349.3804
2025-04-10 03:00:00+00:00,2.5455842,351.87
2025-04-10 04:00:00+00:00,1.6299692,6.3401003
2025-04-10 05:00:00+00:00,0.9178235,101.3099
2025-04-10 06:00:00+00:00,1.7727944,156.0375
2025-04-10 07:00:00+00:00,2.0523157,164.74483
2025-04-10 08:00:00+00:00,1.7076298,161.56496
2025-04-10 09:00:00+00:00,1.1384199,161.56496
2025-04-10 10:00:00+00:00,1.6299692,173.6599
2025-04-10 11:00:00+00:00,2.52,270.0
2025-04-10 12:00:00+00:00,3.01735,287.3541
2025-04-10 13:00:00+00:00,2.7416782,293.1986
2025-04-10 14:00:00+00:00,1.5379207,290.55612
2025-04-10 15:00:00+00:00,1.4058449,320.1945
2025-04-10 16:00:00+00:00,1.5379207,339.44388
2025-04-10 17:00:00+00:00,1.6299692,353.6599
2025-04-10 18:00:00+00:00,2.16,360.0
2025-04-10 19:00:00+00:00,2.5264204,4.085537
2025-04-10 20:00:00+00:00,3.244996,356.82022
2025-04-10 21:00:00+00:00,3.7971036,354.55975
2025-04-10 22:00:00+00:00,3.604497,357.13766
2025-04-10 23:00:00+00:00,3.604497,2.8623457
2025-04-11 00:00:00+00:00,3.7842832,2.7262611
2025-04-11 01:00:00+00:00,4.32,360.0
2025-04-11 02:00:00+00:00,3.964089,2.6025116
2025-04-11 03:00:00+00:00,3.438895,6.0089183
2025-04-11 04:00:00+00:00,2.6758924,42.27363
2025-04-11 05:00:00+00:00,1.9386592,68.19853
2025-04-11 06:00:00+00:00,1.4399999,90.0
2025-04-11 07:00:00+00:00,1.5273507,135.0001
2025-04-11 08:00:00+00:00,1.4058449,140.19447
2025-04-11 09:00:00+00:00,1.609969,116.56499
2025-04-11 10:00:00+00:00,2.7059932,86.186005
2025-04-11 11:00:00+00:00,2.1068459,70.01681
2025-04-11 12:00:00+00:00,0.6489992,326.3099
2025-04-11 13:00:00+00:00,1.659518,282.5288
2025-04-11 14:00:00+00:00,1.3708391,336.8014
2025-04-11 15:00:00+00:00,1.659518,12.528798
2025-04-11 16:00:00+00:00,1.6299692,353.6599
2025-04-11 17:00:00+00:00,2.36753,8.746089
2025-04-11 18:00:00+00:00,2.7059932,3.8140097
2025-04-11 19:00:00+00:00,2.6999998,360.0
2025-04-11 20:00:00+00:00,2.52,360.0
2025-04-11 21:00:00+00:00,3.143565,346.75946
2025-04-11 22:00:00+00:00,3.462369,351.02744
2025-04-11 23:00:00+00:00,2.8856194,356.42374
2025-04-12 00:00:00+00:00,2.9024127,352.87506
2025-04-12 01:00:00+00:00,3.143565,346.75946
2025-04-12 02:00:00+00:00,2.907989,338.19852
2025-04-12 03:00:00+00:00,2.8460495,325.30478
2025-04-12 04:00:00+00:00,2.8001428,315.0001
2025-04-12 05:00:00+00:00,3.3043609,299.35767
2025-04-12 06:00:00+00:00,3.143565,283.24054
2025-04-12 07:00:00+00:00,3.2846913,279.46225
2025-04-12 08:00:00+00:00,3.671294,281.3099
2025-04-12 09:00:00+00:00,3.7971036,275.44025
2025-04-12 10:00:00+00:00,4.060985,282.80426
2025-04-12 11:00:00+00:00,3.244996,273.17978
2025-04-12 12:00:00+00:00,2.5455842,261.87
2025-04-12 13:00:00+00:00,1.4399999,270.0
2025-04-12 14:00:00+00:00,1.2074767,296.56497
2025-04-12 15:00:00+00:00,1.5484185,324.46225
2025-04-12 16:00:00+00:00,1.7727944,336.0375
2025-04-12 17:00:00+00:00,2.1068459,340.0168
2025-04-12 18:00:00+00:00,2.2768397,341.56494
2025-04-12 19:00:00+00:00,2.5071096,338.9624
2025-04-12 20:00:00+00:00,2.968636,345.9637
2025-04-12 21:00:00+00:00,3.462369,351.02744
2025-04-12 22:00:00+00:00,3.462369,351.02744
2025-04-12 23:00:00+00:00,4.175069,352.5687
2025-04-13 00:00:00+00:00,4.323748,357.6141
2025-04-13 01:00:00+00:00,4.6834598,357.79745
2025-04-13 02:00:00+00:00,4.68,360.0
2025-04-13 03:00:00+00:00,5.2694216,7.853233
2025-04-13 04:00:00+00:00,4.452954,14.036275
2025-04-13 05:00:00+00:00,4.060985,12.804273
2025-04-13 06:00:00+00:00,3.4949677,11.888645
2025-04-13 07:00:00+00:00,3.4199998,360.0
2025-04-13 08:00:00+00:00,3.244996,356.82022
2025-04-13 09:00:00+00:00,2.52,360.0
2025-04-13 10:00:00+00:00,1.0948973,350.53775
2025-04-13 11:00:00+00:00,2.2553935,331.38962
2025-04-13 12:00:00+00:00,2.1749482,335.55606
2025-04-13 13:00:00+00:00,2.1749482,335.55606
2025-04-13 14:00:00+00:00,2.5772078,347.90527
2025-04-13 15:00:00+00:00,2.8856194,356.42374
2025-04-13 16:00:00+00:00,3.244996,356.82022
2025-04-13 17:00:00+00:00,3.4247334,356.98727
2025-04-13 18:00:00+00:00,3.7842832,357.27374
2025-04-13 19:00:00+00:00,3.9763298,354.80566
2025-04-13 20:00:00+00:00,4.1556225,355.03033
2025-04-13 21:00:00+00:00,4.143911,357.5105
2025-04-13 22:00:00+00:00,4.7110505,353.41815
2025-04-13 23:00:00+00:00,4.7110505,353.41815
2025-04-14 00:00:00+00:00,4.8733153,355.76367
2025-04-14 01:00:00+00:00,5.0688457,353.88458
2025-04-14 02:00:00+00:00,5.0688457,353.88458
2025-04-14 03:00:00+00:00,4.7110505,353.41815
2025-04-14 04:00:00+00:00,3.8183763,351.87
2025-04-14 05:00:00+00:00,3.0811036,353.29025
2025-04-14 06:00:00+00:00,2.226477,345.9637
2025-04-14 07:00:00+00:00,2.0124612,333.43503
2025-04-14 08:00:00+00:00,2.1674871,318.36655
2025-04-14 09:00:00+00:00,2.19718,325.0079
2025-04-14 10:00:00+00:00,1.5379207,290.55612
2025-04-14 11:00:00+00:00,1.835647,281.3099
2025-04-14 12:00:00+00:00,1.8,306.86996
2025-04-14 13:00:00+00:00,1.5484185,324.46225
2025-04-14 14:00:00+00:00,2.0523157,344.7448
2025-04-14 15:00:00+00:00,2.7238941,352.40543
2025-04-14 16:00:00+00:00,3.0652895,356.6336
2025-04-14 17:00:00+00:00,3.4199998,360.0
2025-04-14 18:00:00+00:00,3.7842832,357.27374
2025-04-14 19:00:00+00:00,3.7842832,357.27374
2025-04-14 20:00:00+00:00,3.9763298,354.80566
2025-04-14 21:00:00+00:00,4.1556225,355.03033
2025-04-14 22:00:00+00:00,3.964089,357.3975
2025-04-14 23:00:00+00:00,3.7842832,357.27374
2025-04-15 00:00:00+00:00,3.964089,357.3975
2025-04-15 01:00:00+00:00,4.1556225,355.03033
2025-04-15 02:00:00+00:00,3.9966488,352.23492
2025-04-15 03:00:00+00:00,3.462369,351.02744
2025-04-15 04:00:00+00:00,2.7943513,345.06854
2025-04-15 05:00:00+00:00,2.1749482,335.55606
2025-04-15 06:00:00+00:00,1.5273507,315.0001
2025-04-15 07:00:00+00:00,1.4512063,277.1249
2025-04-15 08:00:00+00:00,2.0124612,280.30478
2025-04-15 09:00:00+00:00,2.0991426,300.96368
2025-04-15 10:00:00+00:00,1.0495713,239.0363
2025-04-15 11:00:00+00:00,1.4058449,230.19447
2025-04-15 12:00:00+00:00,0.35999998,180.0
2025-04-15 13:00:00+00:00,1.2727921,8.130019
2025-04-15 14:00:00+00:00,2.3469126,4.398633
2025-04-15 15:00:00+00:00,2.8856194,3.5762644
2025-04-15 16:00:00+00:00,3.244996,356.82022
2025-04-15 17:00:00+00:00,3.6179552,354.2895
2025-04-15 18:00:00+00:00,3.9763298,354.80566
2025-04-15 19:00:00+00:00,4.1556225,355.03033
2025-04-15 20:00:00+00:00,4.1556225,355.03033
2025-04-15 21:00:00+00:00,4.1556225,355.03033
2025-04-15 22:00:00+00:00,3.244996,3.179772
2025-04-15 23:00:00+00:00,3.7799997,360.0
2025-04-16 00:00:00+00:00,3.96,360.0
2025-04-16 01:00:00+00:00,4.323748,357.6141
2025-04-16 02:00:00+00:00,3.964089,357.3975
2025-04-16 03:00:00+00:00,3.244996,356.82022
2025-04-16 04:00:00+00:00,2.7059932,356.186
2025-04-16 05:00:00+00:00,1.98,360.0
2025-04-16 06:00:00+00:00,1.2727921,351.87
2025-04-16 07:00:00+00:00,0.76367533,315.0001
2025-04-16 08:00:00+00:00,0.9,306.86996
2025-04-16 09:00:00+00:00,1.0495713,300.96368
2025-04-16 10:00:00+00:00,0.71999997,360.0
2025-04-16 11:00:00+00:00,0.9,53.13002
2025-04-16 12:00:00+00:00,0.9178235,348.6901
2025-04-16 13:00:00+00:00,1.7076298,341.56494
2025-04-16 14:00:00+00:00,2.1749482,335.55606
2025-04-16 15:00:00+00:00,2.3400002,337.3801
2025-04-16 16:00:00+00:00,3.143565,336.3706
2025-04-16 17:00:00+00:00,2.657668,331.69934
2025-04-16 18:00:00+00:00,1.659518,319.39877
2025-04-16 19:00:00+00:00,1.3104197,344.05453
2025-04-16 20:00:00+00:00,1.7076298,341.56494
2025-04-16 21:00:00+00:00,2.0523157,344.7448
2025-04-16 22:00:00+00:00,3.381893,334.79892
2025-04-16 23:00:00+00:00,2.97953,334.98312
2025-04-17 00:00:00+00:00,2.907989,338.19852
2025-04-17 01:00:00+00:00,3.0758414,339.44388
2025-04-17 02:00:00+00:00,3.01735,342.64587
2025-04-17 03:00:00+00:00,3.0758414,339.44388
2025-04-17 04:00:00+00:00,2.4482646,342.8972
2025-04-17 05:00:00+00:00,1.7076298,341.56494
2025-04-17 06:00:00+00:00,1.5484185,324.46225
2025-04-17 07:00:00+00:00,1.4512063,330.25522
2025-04-17 08:00:00+00:00,0.9693296,338.19852
2025-04-17 09:00:00+00:00,0.76367533,315.0001
2025-04-17 10:00:00+00:00,2.657668,331.69934
2025-04-17 11:00:00+00:00,2.3400002,337.3801
2025-04-17 12:00:00+00:00,2.1897945,350.53775
2025-04-17 13:00:00+00:00,2.34,360.0
2025-04-17 14:00:00+00:00,3.06,360.0
2025-04-17 15:00:00+00:00,3.4247334,356.98727
2025-04-17 16:00:00+00:00,3.7842832,357.27374
2025-04-17 17:00:00+00:00,3.964089,2.6025116
2025-04-17 18:00:00+00:00,4.143911,2.4894993
2025-04-17 19:00:00+00:00,4.32,360.0
2025-04-17 20:00:00+00:00,4.5,360.0
2025-04-17 21:00:00+00:00,4.514377,4.5738406
2025-04-17 22:00:00+00:00,5.0688457,353.88458
2025-04-17 23:00:00+00:00,5.2200003,360.0
2025-04-18 00:00:00+00:00,4.68,360.0
2025-04-18 01:00:00+00:00,3.96,360.0
2025-04-18 02:00:00+00:00,3.6179552,354.2895
2025-04-18 03:00:00+00:00,2.7059932,356.186
2025-04-18 04:00:00+00:00,2.1068459,19.983198
2025-04-18 05:00:00+00:00,1.5484185,35.537766
2025-04-18 06:00:00+00:00,1.484318,14.036275
2025-04-18 07:00:00+00:00,1.781909,315.0001
2025-04-18 08:00:00+00:00,1.5273507,315.0001
2025-04-18 09:00:00+00:00,1.7076298,288.43503
2025-04-18 10:00:00+00:00,1.7727944,293.9625
2025-04-18 11:00:00+00:00,1.659518,12.528798
2025-04-18 12:00:00+00:00,1.9134263,318.81415
2025-04-18 13:00:00+00:00,0.9693296,291.80148
2025-04-18 14:00:00+00:00,1.1525624,38.65983
2025-04-18 15:00:00+00:00,1.0495713,30.963696
2025-04-18 16:00:00+00:00,1.1525624,38.65983
2025-04-18 17:00:00+00:00,0.76367533,44.999897
2025-04-18 18:00:00+00:00,0.9,53.13002
2025-04-18 19:00:00+00:00,0.8049845,296.56497
2025-04-18 20:00:00+00:00,1.26,270.0
2025-04-18 21:00:00+00:00,1.26,270.0
2025-04-18 22:00:00+00:00,0.742159,14.036275
2025-04-18 23:00:00+00:00,0.5091169,135.0001
2025-04-19 00:00:00+00:00,0.9,180.0
2025-04-19 01:00:00+00:00,1.4512063,209.7448
2025-04-19 02:00:00+00:00,0.9,180.0
2025-04-19 03:00:00+00:00,1.8,180.0
2025-04-19 04:00:00+00:00,3.462369,188.97255
2025-04-19 05:00:00+00:00,4.8733153,184.23631
2025-04-19 06:00:00+00:00,5.1197267,190.1246
2025-04-19 07:00:00+00:00,5.8852015,203.42871
2025-04-19 08:00:00+00:00,6.0721655,191.9761
2025-04-19 09:00:00+00:00,5.9399996,180.0
2025-04-19 10:00:00+00:00,4.2021422,189.86574
2025-04-19 11:00:00+00:00,2.3400002,202.6199
2025-04-19 12:00:00+00:00,2.0124612,206.56499
2025-04-19 13:00:00+00:00,2.0124612,190.3048
2025-04-19 14:00:00+00:00,2.0991426,149.03632
2025-04-19 15:00:00+00:00,3.189608,163.61038
2025-04-19 16:00:00+00:00,4.0249224,190.3048
2025-04-19 17:00:00+00:00,3.219938,206.56499
2025-04-19 18:00:00+00:00,4.1046314,217.87505
2025-04-19 19:00:00+00:00,3.3043609,209.35765
2025-04-19 20:00:00+00:00,1.8,216.86998
2025-04-19 21:00:00+00:00,0.6489992,146.3099
2025-04-19 22:00:00+00:00,1.4512063,150.2552
2025-04-19 23:00:00+00:00,0.54,180.0
2025-04-20 00:00:00+00:00,0.71999997,270.0
2025-04-20 01:00:00+00:00,1.3104197,285.94547
2025-04-20 02:00:00+00:00,1.835647,258.6901
2025-04-20 03:00:00+00:00,2.3469129,237.52882
2025-04-20 04:00:00+00:00,3.8183763,224.9999
2025-04-20 05:00:00+00:00,4.7110505,223.45189
2025-04-20 06:00:00+00:00,3.8521678,232.59457
2025-04-20 07:00:00+00:00,4.2021427,223.26433
2025-04-20 08:00:00+00:00,3.6447225,212.90524
2025-04-20 09:00:00+00:00,3.4623692,207.89717
2025-04-20 10:00:00+00:00,2.4216523,221.98714
2025-04-20 11:00:00+00:00,1.5484185,125.537766
2025-04-20 12:00:00+00:00,1.4512063,119.74479
2025-04-20 13:00:00+00:00,1.4512063,97.12492
2025-04-20 14:00:00+00:00,2.3400002,112.61991
2025-04-20 15:00:00+00:00,1.484318,104.03627
2025-04-20 16:00:00+00:00,0.6489992,213.6901
2025-04-20 17:00:00+00:00,1.5484185,234.46223
2025-04-20 18:00:00+00:00,1.5484185,215.53777
2025-04-20 19:00:00+00:00,0.40249225,243.43501
2025-04-20 20:00:00+00:00,0.9,306.86996
2025-04-20 21:00:00+00:00,1.0495713,329.03632
2025-04-20 22:00:00+00:00,1.4512063,7.12493
2025-04-20 23:00:00+00:00,1.6199999,360.0
2025-04-21 00:00:00+00:00,1.98,360.0
2025-04-21 01:00:00+00:00,1.9881649,354.80566
2025-04-21 02:00:00+00:00,1.9881649,354.80566
2025-04-21 03:00:00+00:00,1.6299692,353.6599
2025-04-21 04:00:00+00:00,0.9178235,11.3098955
2025-04-21 05:00:00+00:00,0.54,90.0
2025-04-21 06:00:00+00:00,1.0495713,149.03632
2025-04-21 07:00:00+00:00,1.98,180.0
2025-04-21 08:00:00+00:00,2.2768397,198.43504
2025-04-21 09:00:00+00:00,2.0124612,206.56499
2025-04-21 10:00:00+00:00,2.0364676,224.9999
2025-04-21 11:00:00+00:00,1.1525624,218.65984
2025-04-21 12:00:00+00:00,0.40249225,26.564985
2025-04-21 13:00:00+00:00,1.0948973,279.46225
2025-04-21 14:00:00+00:00,1.0495713,329.03632
2025-04-21 15:00:00+00:00,1.2074767,333.43503
2025-04-21 16:00:00+00:00,1.4058449,309.8055
2025-04-21 17:00:00+00:00,1.659518,310.60123
2025-04-21 18:00:00+00:00,1.1525624,308.65982
2025-04-21 19:00:00+00:00,1.9469976,326.3099
2025-04-21 20:00:00+00:00,1.9386592,338.19852
2025-04-21 21:00:00+00:00,2.2553935,331.38962
2025-04-21 22:00:00+00:00,2.36753,351.2539
2025-04-21 23:00:00+00:00,2.7059932,356.186
2025-04-22 00:00:00+00:00,2.8856194,356.42374
2025-04-22 01:00:00+00:00,3.0652895,356.6336
2025-04-22 02:00:00+00:00,2.8799999,360.0
2025-04-22 03:00:00+00:00,2.52,360.0
2025-04-22 04:00:00+00:00,1.8792552,16.699326
2025-04-22 05:00:00+00:00,1.0495713,59.03632
2025-04-22 06:00:00+00:00,1.659518,139.39879
2025-04-22 07:00:00+00:00,2.0124612,169.6952
2025-04-22 08:00:00+00:00,2.2768397,198.43504
2025-04-22 09:00:00+00:00,1.9134263,221.18582
2025-04-22 10:00:00+00:00,2.0124612,206.56499
2025-04-22 11:00:00+00:00,1.3708391,156.80138
2025-04-22 12:00:00+00:00,0.56920993,18.435053
2025-04-22 13:00:00+00:00,1.6299692,353.6599
2025-04-22 14:00:00+00:00,2.0124612,349.69522
2025-04-22 15:00:00+00:00,2.1674871,355.23645
2025-04-22 16:00:00+00:00,2.5455842,351.87
2025-04-22 17:00:00+00:00,2.9024127,352.87506
2025-04-22 18:00:00+00:00,2.9024127,352.87506
2025-04-22 19:00:00+00:00,2.9024127,352.87506
2025-04-22 20:00:00+00:00,2.9301877,349.3804
2025-04-22 21:00:00+00:00,2.9301877,349.3804
2025-04-22 22:00:00+00:00,2.6999998,360.0
2025-04-22 23:00:00+00:00,3.0811036,353.29025
2025-04-23 00:00:00+00:00,3.0811036,353.29025
2025-04-23 01:00:00+00:00,3.438895,353.9911
2025-04-23 02:00:00+00:00,3.4949677,348.11136
2025-04-23 03:00:00+00:00,2.6208394,344.05453
2025-04-23 04:00:00+00:00,1.7076298,341.56494
2025-04-23 05:00:00+00:00,0.17999999,360.0
2025-04-23 06:00:00+00:00,0.8049845,153.43501
2025-04-23 07:00:00+00:00,1.0495713,149.03632
2025-04-23 08:00:00+00:00,1.08,180.0
2025-04-23 09:00:00+00:00,0.9,180.0
2025-04-23 10:00:00+00:00,1.1525624,231.34016
2025-04-23 11:00:00+00:00,0.9178235,258.6901
2025-04-23 12:00:00+00:00,0.56920993,288.43503
2025-04-23 13:00:00+00:00,0.9,323.13
2025-04-23 14:00:00+00:00,1.4512063,7.12493
2025-04-23 15:00:00+00:00,1.98,360.0
2025-04-23 16:00:00+00:00,2.3469126,355.60138
2025-04-23 17:00:00+00:00,2.5455842,351.87
2025-04-23 18:00:00+00:00,2.7059932,356.186
2025-04-23 19:00:00+00:00,2.8856194,356.42374
2025-04-23 20:00:00+00:00,2.8799999,360.0
2025-04-23 21:00:00+00:00,3.0652895,3.3664
2025-04-23 22:00:00+00:00,2.9301877,10.61961
2025-04-23 23:00:00+00:00,3.1072817,10.007925
2025-04-24 00:00:00+00:00,3.462369,8.97255
2025-04-24 01:00:00+00:00,3.6179552,5.7105074
2025-04-24 02:00:00+00:00,3.4247334,3.0127327
2025-04-24 03:00:00+00:00,3.0811036,6.70975
2025-04-24 04:00:00+00:00,2.2768397,18.435053
2025-04-24 05:00:00+00:00,1.659518,49.398785
2025-04-24 06:00:00+00:00,0.56920993,71.564964
2025-04-24 07:00:00+00:00,1.08,180.0
2025-04-24 08:00:00+00:00,1.3708391,203.19862
2025-04-24 09:00:00+00:00,1.9386592,248.19853
2025-04-24 10:00:00+00:00,1.9386592,291.80148
2025-04-24 11:00:00+00:00,1.2727921,351.87
2025-04-24 12:00:00+00:00,2.0124612,349.69522
2025-04-24 13:00:00+00:00,2.0523157,322.12494
2025-04-24 14:00:00+00:00,1.659518,347.4712
2025-04-24 15:00:00+00:00,1.0948973,9.462248
2025-04-24 16:00:00+00:00,0.40249225,63.435013
2025-04-24 17:00:00+00:00,0.56920993,198.43504
2025-04-24 18:00:00+00:00,1.2979984,236.3099
2025-04-24 19:00:00+00:00,0.9693296,248.19853
2025-04-24 20:00:00+00:00,1.1384199,251.56496
2025-04-24 21:00:00+00:00,1.3708391,293.1986
2025-04-24 22:00:00+00:00,2.0523157,322.12494
2025-04-24 23:00:00+00:00,2.4149535,333.43503
2025-04-25 00:00:00+00:00,2.657668,331.69934
2025-04-25 01:00:00+00:00,2.5071096,338.9624
2025-04-25 02:00:00+00:00,2.8174455,333.43503
2025-04-25 03:00:00+00:00,2.657668,331.69934
2025-04-25 04:00:00+00:00,2.9024127,330.25522
2025-04-25 05:00:00+00:00,3.710795,320.90613
2025-04-25 06:00:00+00:00,3.710795,320.90613
2025-04-25 07:00:00+00:00,3.710795,309.09384
2025-04-25 08:00:00+00:00,3.8521678,307.40543
2025-04-25 09:00:00+00:00,3.8268526,311.18582
2025-04-25 10:00:00+00:00,2.5959969,303.6901
2025-04-25 11:00:00+00:00,1.2979984,326.3099
2025-04-25 12:00:00+00:00,1.1525624,38.65983
2025-04-25 13:00:00+00:00,1.7076298,18.435053
2025-04-25 14:00:00+00:00,2.36753,8.746089
2025-04-25 15:00:00+00:00,2.7059932,3.8140097
2025-04-25 16:00:00+00:00,3.244996,3.179772
2025-04-25 17:00:00+00:00,3.4199998,360.0
2025-04-25 18:00:00+00:00,3.6,360.0
2025-04-25 19:00:00+00:00,3.96,360.0
2025-04-25 20:00:00+00:00,3.96,360.0
2025-04-25 21:00:00+00:00,4.14,360.0
2025-04-25 22:00:00+00:00,4.6938252,355.60138
2025-04-25 23:00:00+00:00,4.8633323,357.87894
2025-04-26 00:00:00+00:00,4.8633323,357.87894
2025-04-26 01:00:00+00:00,5.2200003,360.0
2025-04-26 02:00:00+00:00,5.2200003,360.0
2025-04-26 03:00:00+00:00,5.2200003,360.0
2025-04-26 04:00:00+00:00,4.353619,7.12493
2025-04-26 05:00:00+00:00,3.9312592,15.945477
2025-04-26 06:00:00+00:00,3.7064266,29.054508
2025-04-26 07:00:00+00:00,3.550155,30.465475
2025-04-26 08:00:00+00:00,3.3092597,22.380184
2025-04-26 09:00:00+00:00,3.671294,11.3098955
2025-04-26 10:00:00+00:00,3.8856654,13.392516
2025-04-26 11:00:00+00:00,3.7842832,2.7262611
2025-04-26 12:00:00+00:00,3.536439,345.25638
2025-04-26 13:00:00+00:00,3.3092597,337.6198
2025-04-26 14:00:00+00:00,3.189608,343.61038
2025-04-26 15:00:00+00:00,3.143565,346.75946
2025-04-26 16:00:00+00:00,3.2846913,350.53775
2025-04-26 17:00:00+00:00,3.438895,353.9911
2025-04-26 18:00:00+00:00,3.604497,357.13766
2025-04-26 19:00:00+00:00,3.7842832,357.27374
2025-04-26 20:00:00+00:00,3.9763298,354.80566
2025-04-26 21:00:00+00:00,4.175069,352.5687
2025-04-26 22:00:00+00:00,4.503598,357.70944
2025-04-26 23:00:00+00:00,4.68,360.0
2025-04-27 00:00:00+00:00,4.8633323,357.87894
2025-04-27 01:00:00+00:00,5.04,360.0
2025-04-27 02:00:00+00:00,5.04,360.0
2025-04-27 03:00:00+00:00,4.8733153,4.23632
2025-04-27 04:00:00+00:00,4.5572357,9.090207
2025-04-27 05:00:00+00:00,4.2366967,12.26477
2025-04-27 06:00:00+00:00,4.412754,11.76827
2025-04-27 07:00:00+00:00,4.2366967,12.26477
2025-04-27 08:00:00+00:00,4.2021422,9.865748
2025-04-27 09:00:00+00:00,4.175069,7.4313188
2025-04-27 10:00:00+00:00,3.2399998,360.0
2025-04-27 11:00:00+00:00,3.2399998,360.0
2025-04-27 12:00:00+00:00,3.4247334,356.98727
2025-04-27 13:00:00+00:00,3.2599385,353.6599
2025-04-27 14:00:00+00:00,3.462369,351.02744
2025-04-27 15:00:00+00:00,3.8183763,351.87
2025-04-27 16:00:00+00:00,4.1556225,355.03033
2025-04-27 17:00:00+00:00,4.6938252,355.60138
2025-04-27 18:00:00+00:00,5.0528407,355.91446
2025-04-27 19:00:00+00:00,5.4119864,356.186
2025-04-27 20:00:00+00:00,5.771239,356.42374
2025-04-27 21:00:00+00:00,5.950899,356.53183
2025-04-27 22:00:00+00:00,6.3639607,351.87
2025-04-27 23:00:00+00:00,5.9427266,358.26434
2025-04-28 00:00:00+00:00,5.7599998,360.0
2025-04-28 01:00:00+00:00,5.5829024,1.8475709
2025-04-28 02:00:00+00:00,5.0432134,2.0453732
2025-04-28 03:00:00+00:00,5.0528407,4.085537
2025-04-28 04:00:00+00:00,4.73506,8.746089
2025-04-28 05:00:00+00:00,4.2366967,12.26477
2025-04-28 06:00:00+00:00,4.278551,14.620926
2025-04-28 07:00:00+00:00,4.278551,14.620926
2025-04-28 08:00:00+00:00,4.278551,14.620926
2025-04-28 09:00:00+00:00,3.7585104,16.699326
2025-04-28 10:00:00+00:00,2.9301877,10.61961
2025-04-28 11:00:00+00:00,3.1072817,10.007925
2025-04-28 12:00:00+00:00,3.244996,3.179772
2025-04-28 13:00:00+00:00,3.244996,3.179772
2025-04-28 14:00:00+00:00,3.604497,2.8623457
2025-04-28 15:00:00+00:00,3.964089,2.6025116
2025-04-28 16:00:00+00:00,4.143911,2.4894993
2025-04-28 17:00:00+00:00,4.503598,2.2905633
2025-04-28 18:00:00+00:00,4.8633323,2.1210518
2025-04-28 19:00:00+00:00,5.223103,1.9748993
2025-04-28 20:00:00+00:00,5.4029994,1.9091109
2025-04-28 21:00:00+00:00,5.3999996,360.0
2025-04-28 22:00:00+00:00,5.8048253,352.87506
2025-04-28 23:00:00+00:00,5.7628117,358.21014
2025-04-29 00:00:00+00:00,5.5916004,356.3087
2025-04-29 01:00:00+00:00,5.5829024,358.15244
2025-04-29 02:00:00+00:00,5.4029994,358.09088
2025-04-29 03:00:00+00:00,5.04,360.0
2025-04-29 04:00:00+00:00,4.8733153,4.23632
2025-04-29 05:00:00+00:00,4.6938252,4.398633
2025-04-29 06:00:00+00:00,4.5572357,9.090207
2025-04-29 07:00:00+00:00,4.5891175,11.3098955
2025-04-29 08:00:00+00:00,4.452954,14.036275
2025-04-29 09:00:00+00:00,4.1046314,15.255177
2025-04-29 10:00:00+00:00,3.219938,26.564985
2025-04-29 11:00:00+00:00,2.968636,14.036275
2025-04-29 12:00:00+00:00,2.8799999,360.0
2025-04-29 13:00:00+00:00,3.0811036,353.29025
2025-04-29 14:00:00+00:00,3.462369,351.02744
2025-04-29 15:00:00+00:00,3.7971036,354.55975
2025-04-29 16:00:00+00:00,4.3349743,355.23645
2025-04-29 17:00:00+00:00,4.6938252,355.60138
2025-04-29 18:00:00+00:00,5.232399,356.0549
2025-04-29 19:00:00+00:00,5.4119864,356.186
2025-04-29 20:00:00+00:00,5.771239,356.42374
2025-04-29 21:00:00+00:00,5.771239,356.42374
2025-04-29 22:00:00+00:00,5.7852573,354.64426
2025-04-29 23:00:00+00:00,5.7852573,354.64426
2025-04-30 00:00:00+00:00,5.6060677,354.47253
2025-04-30 01:00:00+00:00,5.426933,354.2895
2025-04-30 02:00:00+00:00,5.0432134,357.95462
2025-04-30 03:00:00+00:00,4.86,360.0
2025-04-30 04:00:00+00:00,4.6938252,4.398633
2025-04-30 05:00:00+00:00,4.6938252,4.398633
2025-04-30 06:00:00+00:00,4.5572357,9.090207
2025-04-30 07:00:00+00:00,4.379589,9.462248
2025-04-30 08:00:00+00:00,4.379589,9.462248
2025-04-30 09:00:00+00:00,4.060985,12.804273
2025-04-30 10:00:00+00:00,3.2846913,9.462261
2025-04-30 11:00:00+00:00,3.0652895,3.3664
2025-04-30 12:00:00+00:00,3.244996,3.179772
2025-04-30 13:00:00+00:00,3.244996,3.179772
2025-04-30 14:00:00+00:00,3.6,360.0
2025-04-30 15:00:00+00:00,3.964089,357.3975
2025-04-30 16:00:00+00:00,4.323748,357.6141
2025-04-30 17:00:00+00:00,4.503598,357.70944
2025-04-30 18:00:00+00:00,4.514377,355.42615
2025-04-30 19:00:00+00:00,4.6938252,355.60138
2025-04-30 20:00:00+00:00,4.503598,357.70944
2025-04-30 21:00:00+00:00,4.6834598,357.79745
2025-04-30 22:00:00+00:00,4.503598,357.70944
2025-04-30 23:00:00+00:00,4.6834598,357.79745
2025-05-01 00:00:00+00:00,4.6834598,357.79745
2025-05-01 01:00:00+00:00,4.6938252,355.60138
2025-05-01 02:00:00+00:00,4.3349743,355.23645
2025-05-01 03:00:00+00:00,3.6179552,354.2895
2025-05-01 04:00:00+00:00,3.604497,357.13766
2025-05-01 05:00:00+00:00,3.4199998,360.0
2025-05-01 06:00:00+00:00,3.4247334,3.0127327
2025-05-01 07:00:00+00:00,3.4247334,3.0127327
2025-05-01 08:00:00+00:00,3.6,360.0
2025-05-01 09:00:00+00:00,3.7842832,357.27374
2025-05-01 10:00:00+00:00,3.8856654,346.60748
2025-05-01 11:00:00+00:00,3.84796,349.21573
2025-05-01 12:00:00+00:00,3.4247334,356.98727
2025-05-01 13:00:00+00:00,3.2399998,360.0
2025-05-01 14:00:00+00:00,3.4949677,348.11136
2025-05-01 15:00:00+00:00,3.710795,345.9637
2025-05-01 16:00:00+00:00,4.0249224,349.69522
2025-05-01 17:00:00+00:00,4.353619,352.87506
2025-05-01 18:00:00+00:00,4.6834598,357.79745
2025-05-01 19:00:00+00:00,4.6938252,355.60138
2025-05-01 20:00:00+00:00,4.6938252,355.60138
2025-05-01 21:00:00+00:00,4.5322843,353.15732
2025-05-01 22:00:00+00:00,4.6834598,357.79745
2025-05-01 23:00:00+00:00,4.514377,4.5738406
2025-05-02 00:00:00+00:00,5.0911684,8.130019
2025-05-02 01:00:00+00:00,5.04,360.0
2025-05-02 02:00:00+00:00,4.8633323,2.1210518
2025-05-02 03:00:00+00:00,4.913044,8.426887
2025-05-02 04:00:00+00:00,4.412754,11.76827
2025-05-02 05:00:00+00:00,4.060985,12.804273
2025-05-02 06:00:00+00:00,3.9312592,15.945477
2025-05-02 07:00:00+00:00,4.0449963,20.854538
2025-05-02 08:00:00+00:00,3.8141315,19.290138
2025-05-02 09:00:00+00:00,4.1046314,15.255177
2025-05-02 10:00:00+00:00,4.896529,17.102825
2025-05-02 11:00:00+00:00,4.2366967,12.26477
2025-05-02 12:00:00+00:00,4.1556225,4.969664
2025-05-02 13:00:00+00:00,3.964089,357.3975
2025-05-02 14:00:00+00:00,3.9966488,352.23492
2025-05-02 15:00:00+00:00,3.84796,349.21573
2025-05-02 16:00:00+00:00,3.84796,349.21573
2025-05-02 17:00:00+00:00,3.6179552,354.2895
2025-05-02 18:00:00+00:00,3.6179552,354.2895
2025-05-02 19:00:00+00:00,3.604497,357.13766
2025-05-02 20:00:00+00:00,3.604497,2.8623457
2025-05-02 21:00:00+00:00,3.7971036,5.4402504
2025-05-02 22:00:00+00:00,3.96,360.0
2025-05-02 23:00:00+00:00,4.514377,4.5738406
2025-05-03 00:00:00+00:00,4.68,360.0
2025-05-03 01:00:00+00:00,4.503598,357.70944
2025-05-03 02:00:00+00:00,4.5,360.0
2025-05-03 03:00:00+00:00,4.323748,2.385899
2025-05-03 04:00:00+00:00,3.8183763,8.130019
2025-05-03 05:00:00+00:00,3.536439,14.743609
2025-05-03 06:00:00+00:00,3.7585104,16.699326
2025-05-03 07:00:00+00:00,3.9966488,7.7650824
2025-05-03 08:00:00+00:00,4.14,360.0
2025-05-03 09:00:00+00:00,4.060985,347.19574
2025-05-03 10:00:00+00:00,4.802999,347.00537
2025-05-03 11:00:00+00:00,4.186693,334.53668
2025-05-03 12:00:00+00:00,3.494968,304.50858
2025-05-03 13:00:00+00:00,3.06,298.0724
2025-05-03 14:00:00+00:00,2.3469129,302.47116
2025-05-03 15:00:00+00:00,2.0124612,333.43503
2025-05-03 16:00:00+00:00,2.52,360.0
2025-05-03 17:00:00+00:00,3.244996,356.82022
2025-05-03 18:00:00+00:00,3.6179552,354.2895
2025-05-03 19:00:00+00:00,3.7842832,357.27374
2025-05-03 20:00:00+00:00,3.96,360.0
2025-05-03 21:00:00+00:00,3.7971036,5.4402504
2025-05-03 22:00:00+00:00,3.8856654,13.392516
2025-05-03 23:00:00+00:00,3.8183763,8.130019
2025-05-04 00:00:00+00:00,3.9763298,5.19435
2025-05-04 01:00:00+00:00,3.964089,2.6025116
2025-05-04 02:00:00+00:00,4.1556225,4.969664
2025-05-04 03:00:00+00:00,3.84796,10.784258
2025-05-04 04:00:00+00:00,3.362677,15.524177
2025-05-04 05:00:00+00:00,2.968636,14.036275
2025-05-04 06:00:00+00:00,2.0124612,10.304792
2025-05-04 07:00:00+00:00,1.6299692,6.3401003
2025-05-04 08:00:00+00:00,1.0948973,350.53775
2025-05-04 09:00:00+00:00,2.5071096,338.9624
2025-05-04 10:00:00+00:00,3.396233,327.99466
2025-05-04 11:00:00+00:00,3.9477081,335.77228
2025-05-04 12:00:00+00:00,3.8647635,332.24155
2025-05-04 13:00:00+00:00,2.8460495,325.30478
2025-05-04 14:00:00+00:00,2.19718,325.0079
2025-05-04 15:00:00+00:00,2.5071096,338.9624
2025-05-04 16:00:00+00:00,2.8460498,341.56494
2025-05-04 17:00:00+00:00,3.1072817,349.99207
2025-05-04 18:00:00+00:00,3.2846913,350.53775
2025-05-04 19:00:00+00:00,3.362677,344.47583
2025-05-04 20:00:00+00:00,3.536439,345.25638
2025-05-04 21:00:00+00:00,3.462369,351.02744
2025-05-04 22:00:00+00:00,4.1556225,355.03033
2025-05-04 23:00:00+00:00,3.8856654,346.60748
2025-05-05 00:00:00+00:00,4.175069,352.5687
2025-05-05 01:00:00+00:00,4.143911,357.5105
2025-05-05 02:00:00+00:00,4.1556225,355.03033
2025-05-05 03:00:00+00:00,3.7971036,354.55975
2025-05-05 04:00:00+00:00,2.7238941,352.40543
2025-05-05 05:00:00+00:00,1.98,360.0
2025-05-05 06:00:00+00:00,2.16,360.0
2025-05-05 07:00:00+00:00,2.968636,14.036275
2025-05-05 08:00:00+00:00,2.9024127,7.12493
2025-05-05 09:00:00+00:00,3.0811036,353.29025
2025-05-05 10:00:00+00:00,3.644722,339.77505
2025-05-05 11:00:00+00:00,3.8939953,326.3099
2025-05-05 12:00:00+00:00,3.550155,329.53452
2025-05-05 13:00:00+00:00,3.148714,329.03632
2025-05-05 14:00:00+00:00,2.3469129,327.52884
2025-05-05 15:00:00+00:00,2.2768397,341.56494
2025-05-05 16:00:00+00:00,2.5772078,347.90527
2025-05-05 17:00:00+00:00,2.7534704,348.6901
2025-05-05 18:00:00+00:00,2.968636,345.9637
2025-05-05 19:00:00+00:00,2.968636,345.9637
2025-05-05 20:00:00+00:00,2.9301877,349.3804
2025-05-05 21:00:00+00:00,3.1072817,349.99207
2025-05-05 22:00:00+00:00,3.6,360.0
2025-05-05 23:00:00+00:00,3.6,360.0
2025-05-06 00:00:00+00:00,3.604497,357.13766
2025-05-06 01:00:00+00:00,3.438895,353.9911
2025-05-06 02:00:00+00:00,3.6402748,351.4693
2025-05-06 03:00:00+00:00,3.2599385,353.6599
2025-05-06 04:00:00+00:00,2.6999998,360.0
2025-05-06 05:00:00+00:00,2.7238941,7.59456
2025-05-06 06:00:00+00:00,2.7534704,11.3098955
2025-05-06 07:00:00+00:00,3.01735,17.354122
2025-05-06 08:00:00+00:00,3.01735,17.354122
2025-05-06 09:00:00+00:00,3.438895,6.0089183
2025-05-06 10:00:00+00:00,2.6208394,15.945477
2025-05-06 11:00:00+00:00,3.0811036,6.70975
2025-05-06 12:00:00+00:00,2.8799999,360.0
2025-05-06 13:00:00+00:00,2.2768397,341.56494
2025-05-06 14:00:00+00:00,2.19718,325.0079
2025-05-06 15:00:00+00:00,2.8460495,325.30478
2025-05-06 16:00:00+00:00,3.06,331.9276
2025-05-06 17:00:00+00:00,3.244996,340.55988
2025-05-06 18:00:00+00:00,3.7585104,343.3007
2025-05-06 19:00:00+00:00,4.2366967,347.73523
2025-05-06 20:00:00+00:00,4.5891175,348.6901
2025-05-06 21:00:00+00:00,4.5891175,348.6901
2025-05-06 22:00:00+00:00,4.5322843,353.15732
2025-05-06 23:00:00+00:00,4.5572357,350.9098
2025-05-07 00:00:00+00:00,4.8733153,355.76367
2025-05-07 01:00:00+00:00,4.514377,355.42615
2025-05-07 02:00:00+00:00,4.503598,2.2905633
2025-05-07 03:00:00+00:00,3.710795,14.036275
2025-05-07 04:00:00+00:00,3.096837,35.537766
2025-05-07 05:00:00+00:00,2.9024127,60.255207
2025-05-07 06:00:00+00:00,3.4623692,62.10283
2025-05-07 07:00:00+00:00,3.396233,57.99466
2025-05-07 08:00:00+00:00,3.710795,50.906155
2025-05-07 09:00:00+00:00,4.072935,44.999897
2025-05-07 10:00:00+00:00,4.4565907,43.36347
2025-05-07 11:00:00+00:00,4.510787,28.610369
2025-05-07 12:00:00+00:00,4.3832865,19.179106
2025-05-07 13:00:00+00:00,4.353619,7.12493
2025-05-07 14:00:00+00:00,4.6834598,2.2025495
2025-05-07 15:00:00+00:00,5.0432134,2.0453732
2025-05-07 16:00:00+00:00,5.5799994,360.0
2025-05-07 17:00:00+00:00,5.5829024,1.8475709
2025-05-07 18:00:00+00:00,5.5799994,360.0
2025-05-07 19:00:00+00:00,5.3999996,360.0
2025-05-07 20:00:00+00:00,5.223103,1.9748993
2025-05-07 21:00:00+00:00,5.232399,3.9451082
2025-05-07 22:00:00+00:00,4.379589,9.462248
2025-05-07 23:00:00+00:00,4.323748,357.6141
2025-05-08 00:00:00+00:00,4.503598,2.2905633
2025-05-08 01:00:00+00:00,4.503598,2.2905633
2025-05-08 02:00:00+00:00,3.9763298,5.19435
2025-05-08 03:00:00+00:00,3.2599385,6.3401003
2025-05-08 04:00:00+00:00,2.5071096,21.037588
2025-05-08 05:00:00+00:00,1.6981165,32.005356
2025-05-08 06:00:00+00:00,1.2979984,56.309914
2025-05-08 07:00:00+00:00,1.8792552,73.300674
2025-05-08 08:00:00+00:00,1.484318,75.96373
2025-05-08 09:00:00+00:00,1.835647,11.3098955
2025-05-08 10:00:00+00:00,2.4216523,318.01288
2025-05-08 11:00:00+00:00,3.6447225,302.90524
2025-05-08 12:00:00+00:00,4.080882,311.42358
2025-05-08 13:00:00+00:00,3.148714,300.96368
2025-05-08 14:00:00+00:00,2.2553935,298.61035
2025-05-08 15:00:00+00:00,2.19718,304.9921
2025-05-08 16:00:00+00:00,1.8,306.86996
2025-05-08 17:00:00+00:00,0.9,306.86996
2025-05-08 18:00:00+00:00,1.1384199,341.56494
2025-05-08 19:00:00+00:00,2.34,360.0
2025-05-08 20:00:00+00:00,2.7059932,3.8140097
2025-05-08 21:00:00+00:00,3.244996,3.179772
2025-05-08 22:00:00+00:00,3.2846913,9.462261
2025-05-08 23:00:00+00:00,3.8183763,8.130019
2025-05-09 00:00:00+00:00,3.9966488,7.7650824
2025-05-09 01:00:00+00:00,3.8183763,8.130019
2025-05-09 02:00:00+00:00,3.671294,11.3098955
2025-05-09 03:00:00+00:00,2.0364676,44.999897
2025-05-09 04:00:00+00:00,1.9881649,95.19434
2025-05-09 05:00:00+00:00,2.4014995,102.99462
2025-05-09 06:00:00+00:00,2.1068459,109.98319
2025-05-09 07:00:00+00:00,1.4058449,140.19447
2025-05-09 08:00:00+00:00,0.6489992,236.3099
2025-05-09 09:00:00+00:00,1.5379207,290.55612
2025-05-09 10:00:00+00:00,3.189608,286.38962
2025-05-09 11:00:00+00:00,3.148714,300.96368
2025-05-09 12:00:00+00:00,2.97953,295.01685
2025-05-09 13:00:00+00:00,3.4152596,288.43503
2025-05-09 14:00:00+00:00,2.6758924,289.6539
2025-05-09 15:00:00+00:00,1.6299692,276.3401
2025-05-09 16:00:00+00:00,2.3469129,327.52884
2025-05-09 17:00:00+00:00,1.9386592,338.19852
2025-05-09 18:00:00+00:00,1.7076298,341.56494
2025-05-09 19:00:00+00:00,1.659518,347.4712
2025-05-09 20:00:00+00:00,1.9881649,354.80566
2025-05-09 21:00:00+00:00,1.7076298,341.56494
2025-05-09 22:00:00+00:00,1.98,360.0
2025-05-09 23:00:00+00:00,2.1674871,355.23645
2025-05-10 00:00:00+00:00,2.5264204,4.085537
2025-05-10 01:00:00+00:00,1.659518,347.4712
2025-05-10 02:00:00+00:00,1.3104197,344.05453
2025-05-10 03:00:00+00:00,1.2979984,146.3099
2025-05-10 04:00:00+00:00,2.3469126,175.60138
2025-05-10 05:00:00+00:00,2.1068459,199.9832
2025-05-10 06:00:00+00:00,2.0523157,217.87505
2025-05-10 07:00:00+00:00,2.2553935,241.38963
2025-05-10 08:00:00+00:00,2.97953,244.98314
2025-05-10 09:00:00+00:00,3.438895,263.9911
2025-05-10 10:00:00+00:00,3.6,270.0
2025-05-10 11:00:00+00:00,4.353619,277.1249
2025-05-10 12:00:00+00:00,5.1575575,299.24872
2025-05-10 13:00:00+00:00,4.323748,272.3859
2025-05-10 14:00:00+00:00,2.1897945,279.46225
2025-05-10 15:00:00+00:00,0.17999999,360.0
2025-05-10 16:00:00+00:00,0.40249225,116.56499
2025-05-10 17:00:00+00:00,0.25455844,135.0001
2025-05-10 18:00:00+00:00,1.8792552,343.3007
2025-05-10 19:00:00+00:00,2.2768397,341.56494
2025-05-10 20:00:00+00:00,2.1897945,350.53775
2025-05-10 21:00:00+00:00,2.4014995,347.00537
2025-05-10 22:00:00+00:00,2.9024127,352.87506
2025-05-10 23:00:00+00:00,2.7059932,356.186
2025-05-11 00:00:00+00:00,2.8856194,356.42374
2025-05-11 01:00:00+00:00,2.6999998,360.0
2025-05-11 02:00:00+00:00,2.6999998,360.0
2025-05-11 03:00:00+00:00,0.25455844,44.999897
2025-05-11 04:00:00+00:00,1.7727944,203.9625
2025-05-11 05:00:00+00:00,2.1674871,221.63345
2025-05-11 06:00:00+00:00,2.8174455,243.43501
2025-05-11 07:00:00+00:00,3.189608,253.61038
2025-05-11 08:00:00+00:00,3.4199998,270.0
2025-05-11 09:00:00+00:00,3.644722,290.22495
2025-05-11 10:00:00+00:00,4.4565907,316.63654
2025-05-11 11:00:00+00:00,5.991594,327.26477
2025-05-11 12:00:00+00:00,5.315336,331.69934
2025-05-11 13:00:00+00:00,3.710795,337.1663
2025-05-11 14:00:00+00:00,1.9469976,326.3099
2025-05-11 15:00:00+00:00,1.4058449,320.1945
2025-05-11 16:00:00+00:00,1.835647,348.6901
2025-05-11 17:00:00+00:00,1.8089776,354.2895
2025-05-11 18:00:00+00:00,2.3469126,355.60138
2025-05-11 19:00:00+00:00,2.9024127,352.87506
2025-05-11 20:00:00+00:00,2.9024127,352.87506
2025-05-11 21:00:00+00:00,3.244996,356.82022
2025-05-11 22:00:00+00:00,3.244996,356.82022
2025-05-11 23:00:00+00:00,3.06,360.0
2025-05-12 00:00:00+00:00,3.4199998,360.0
2025-05-12 01:00:00+00:00,3.244996,3.179772
2025-05-12 02:00:00+00:00,2.8856194,3.5762644
2025-05-12 03:00:00+00:00,2.3469126,4.398633
2025-05-12 04:00:00+00:00,0.56920993,251.56496
2025-05-12 05:00:00+00:00,2.0523157,217.87505
2025-05-12 06:00:00+00:00,1.1384199,251.56496
2025-05-12 07:00:00+00:00,2.2768397,288.43503
2025-05-12 08:00:00+00:00,2.7416782,293.1986
2025-05-12 09:00:00+00:00,3.8268526,311.18582
2025-05-12 10:00:00+00:00,3.0811036,353.29025
2025-05-12 11:00:00+00:00,4.2481523,323.61554
2025-05-12 12:00:00+00:00,5.0432134,325.17545
2025-05-12 13:00:00+00:00,3.9844694,288.43503
2025-05-12 14:00:00+00:00,2.7059932,266.186
2025-05-12 15:00:00+00:00,1.5379207,249.44386
2025-05-12 16:00:00+00:00,1.0182338,224.9999
2025-05-12 17:00:00+00:00,1.4058449,309.8055
2025-05-12 18:00:00+00:00,0.9693296,338.19852
2025-05-12 19:00:00+00:00,1.3104197,344.05453
2025-05-12 20:00:00+00:00,1.7076298,341.56494
2025-05-12 21:00:00+00:00,1.8089776,354.2895
2025-05-12 22:00:00+00:00,2.6999998,360.0
2025-05-12 23:00:00+00:00,2.7238941,352.40543
2025-05-13 00:00:00+00:00,2.7238941,352.40543
2025-05-13 01:00:00+00:00,2.7059932,356.186
2025-05-13 02:00:00+00:00,1.8,360.0
2025-05-13 03:00:00+00:00,1.7727944,156.0375
2025-05-13 04:00:00+00:00,2.9024127,172.87508
2025-05-13 05:00:00+00:00,2.968636,194.03627
2025-05-13 06:00:00+00:00,2.3469129,212.47118
2025-05-13 07:00:00+00:00,2.0991426,239.0363
2025-05-13 08:00:00+00:00,3.2846913,260.53775
2025-05-13 09:00:00+00:00,3.4247334,266.98727
2025-05-13 10:00:00+00:00,3.7064266,299.0545
2025-05-13 11:00:00+00:00,3.5864744,287.52567
2025-05-13 12:00:00+00:00,3.0758414,290.55612
2025-05-13 13:00:00+00:00,3.096837,305.53775
2025-05-13 14:00:00+00:00,2.3400002,337.3801
2025-05-13 15:00:00+00:00,1.9881649,354.80566
2025-05-13 16:00:00+00:00,2.1674871,355.23645
2025-05-13 17:00:00+00:00,2.1897945,350.53775
2025-05-13 18:00:00+00:00,2.36753,351.2539
2025-05-13 19:00:00+00:00,2.5264204,355.91446
2025-05-13 20:00:00+00:00,2.9024127,352.87506
2025-05-13 21:00:00+00:00,3.6402748,351.4693
2025-05-13 22:00:00+00:00,3.319036,347.4712
2025-05-13 23:00:00+00:00,3.244996,356.82022
2025-05-14 00:00:00+00:00,3.4247334,356.98727
2025-05-14 01:00:00+00:00,4.323748,2.385899
2025-05-14 02:00:00+00:00,3.244996,3.179772
2025-05-14 03:00:00+00:00,0.9,360.0
2025-05-14 04:00:00+00:00,1.0948973,170.53775
2025-05-14 05:00:00+00:00,1.4058449,219.80553
2025-05-14 06:00:00+00:00,1.8792552,253.30067
2025-05-14 07:00:00+00:00,2.3469126,274.39862
2025-05-14 08:00:00+00:00,2.5772078,282.09473
2025-05-14 09:00:00+00:00,2.7943513,284.93146
2025-05-14 10:00:00+00:00,2.1674871,265.23645
2025-05-14 11:00:00+00:00,2.1897945,260.53775
2025-05-14 12:00:00+00:00,1.9386592,291.80148
2025-05-14 13:00:00+00:00,2.3051248,308.65982
2025-05-14 14:00:00+00:00,1.4058449,50.194473
2025-05-14 15:00:00+00:00,1.2727921,8.130019
2025-05-14 16:00:00+00:00,1.8,360.0
2025-05-14 17:00:00+00:00,2.16,360.0
2025-05-14 18:00:00+00:00,2.34,360.0
2025-05-14 19:00:00+00:00,2.5264204,355.91446
2025-05-14 20:00:00+00:00,2.9024127,352.87506
2025-05-14 21:00:00+00:00,3.462369,351.02744
2025-05-14 22:00:00+00:00,3.671294,348.6901
2025-05-14 23:00:00+00:00,4.175069,352.5687
2025-05-15 00:00:00+00:00,4.175069,352.5687
2025-05-15 01:00:00+00:00,4.3349743,355.23645
2025-05-15 02:00:00+00:00,3.7971036,5.4402504
2025-05-15 03:00:00+00:00,3.4152596,18.435053
2025-05-15 04:00:00+00:00,2.6999998,53.13002
2025-05-15 05:00:00+00:00,2.6999998,36.86998
2025-05-15 06:00:00+00:00,3.4199998,360.0
2025-05-15 07:00:00+00:00,3.8183763,351.87
2025-05-15 08:00:00+00:00,3.536439,345.25638
2025-05-15 09:00:00+00:00,3.244996,340.55988
2025-05-15 10:00:00+00:00,2.3051248,308.65982
2025-05-15 11:00:00+00:00,3.0652893,319.7637
2025-05-15 12:00:00+00:00,2.907989,338.19852
2025-05-15 13:00:00+00:00,2.4482646,342.8972
2025-05-15 14:00:00+00:00,1.4512063,7.12493
2025-05-15 15:00:00+00:00,2.1674871,4.763556
2025-05-15 16:00:00+00:00,2.6999998,360.0
2025-05-15 17:00:00+00:00,2.8856194,356.42374
2025-05-15 18:00:00+00:00,3.0811036,353.29025
2025-05-15 19:00:00+00:00,3.8183763,351.87
2025-05-15 20:00:00+00:00,4.0249224,349.69522
2025-05-15 21:00:00+00:00,4.412754,348.23172
2025-05-15 22:00:00+00:00,4.3349743,355.23645
2025-05-15 23:00:00+00:00,4.6938252,355.60138
2025-05-16 00:00:00+00:00,4.5322843,353.15732
2025-05-16 01:00:00+00:00,4.7110505,353.41815
2025-05-16 02:00:00+00:00,4.3349743,355.23645
2025-05-16 03:00:00+00:00,3.7799997,360.0
2025-05-16 04:00:00+00:00,3.06,360.0
2025-05-16 05:00:00+00:00,2.8856194,356.42374
2025-05-16 06:00:00+00:00,3.362677,344.47583
2025-05-16 07:00:00+00:00,4.278551,337.75092
2025-05-16 08:00:00+00:00,5.1826253,339.6768
2025-05-16 09:00:00+00:00,5.5887027,345.06854
2025-05-16 10:00:00+00:00,5.9644947,354.80566
2025-05-16 11:00:00+00:00,5.223103,358.0251
2025-05-16 12:00:00+00:00,4.8733153,355.76367
2025-05-16 13:00:00+00:00,3.319036,319.39877
2025-05-16 14:00:00+00:00,2.2910259,315.0001
2025-05-16 15:00:00+00:00,2.4014995,347.00537
2025-05-16 16:00:00+00:00,2.6999998,360.0
2025-05-16 17:00:00+00:00,2.8856194,356.42374
2025-05-16 18:00:00+00:00,3.0811036,353.29025
2025-05-16 19:00:00+00:00,3.2599385,353.6599
2025-05-16 20:00:00+00:00,3.462369,351.02744
2025-05-16 21:00:00+00:00,3.671294,348.6901
2025-05-16 22:00:00+00:00,3.6402748,351.4693
2025-05-16 23:00:00+00:00,3.6179552,354.2895
2025-05-17 00:00:00+00:00,3.9763298,354.80566
2025-05-17 01:00:00+00:00,3.8183763,351.87
2025-05-17 02:00:00+00:00,3.438895,353.9911
2025-05-17 03:00:00+00:00,3.244996,3.179772
2025-05-17 04:00:00+00:00,3.536439,14.743609
2025-05-17 05:00:00+00:00,3.8773184,21.801476
2025-05-17 06:00:00+00:00,3.710795,14.036275
2025-05-17 07:00:00+00:00,3.7799997,360.0
2025-05-17 08:00:00+00:00,3.3092597,337.6198
2025-05-17 09:00:00+00:00,3.8939953,326.3099
2025-05-17 10:00:00+00:00,4.3274937,315.0001
2025-05-17 11:00:00+00:00,3.8268526,311.18582
2025-05-17 12:00:00+00:00,2.9024127,330.25522
2025-05-17 13:00:00+00:00,2.6758924,340.3461
2025-05-17 14:00:00+00:00,1.6981165,327.99466
2025-05-17 15:00:00+00:00,2.0124612,333.43503
2025-05-17 16:00:00+00:00,2.226477,345.9637
2025-05-17 17:00:00+00:00,2.5772078,347.90527
2025-05-17 18:00:00+00:00,2.9024127,352.87506
2025-05-17 19:00:00+00:00,3.1072817,349.99207
2025-05-17 20:00:00+00:00,3.319036,347.4712
2025-05-17 21:00:00+00:00,3.536439,345.25638
2025-05-17 22:00:00+00:00,4.1046314,344.7448
2025-05-17 23:00:00+00:00,4.452954,345.9637
2025-05-18 00:00:00+00:00,4.278551,345.3791
2025-05-18 01:00:00+00:00,3.536439,345.25638
2025-05-18 02:00:00+00:00,3.01735,342.64587
2025-05-18 03:00:00+00:00,1.659518,319.39877
2025-05-18 04:00:00+00:00,1.484318,284.03625
2025-05-18 05:00:00+00:00,2.50064,300.25635
2025-05-18 06:00:00+00:00,3.4576871,308.65982
2025-05-18 07:00:00+00:00,3.9966483,305.83774
2025-05-18 08:00:00+00:00,5.257109,308.0471
2025-05-18 09:00:00+00:00,5.6060677,312.39737
2025-05-18 10:00:00+00:00,6.4924874,313.87677
2025-05-18 11:00:00+00:00,5.5450516,324.24603
2025-05-18 12:00:00+00:00,3.7971041,328.5705
2025-05-18 13:00:00+00:00,3.0652893,319.7637
2025-05-18 14:00:00+00:00,2.1674871,355.23645
2025-05-18 15:00:00+00:00,2.5772078,347.90527
2025-05-18 16:00:00+00:00,2.968636,345.9637
2025-05-18 17:00:00+00:00,3.7971036,354.55975
2025-05-18 18:00:00+00:00,3.9966488,352.23492
2025-05-18 19:00:00+00:00,4.353619,352.87506
2025-05-18 20:00:00+00:00,4.514377,355.42615
2025-05-18 21:00:00+00:00,4.5322843,353.15732
2025-05-18 22:00:00+00:00,4.379589,350.53775
2025-05-18 23:00:00+00:00,4.7657523,349.11453
2025-05-19 00:00:00+00:00,4.278551,345.3791
2025-05-19 01:00:00+00:00,3.2846913,350.53775
2025-05-19 02:00:00+00:00,2.7943513,345.06854
2025-05-19 03:00:00+00:00,2.9301877,317.4896
2025-05-19 04:00:00+00:00,2.8460498,288.43503
2025-05-19 05:00:00+00:00,3.01735,287.3541
2025-05-19 06:00:00+00:00,3.4152596,288.43503
2025-05-19 07:00:00+00:00,4.1556225,287.6502
2025-05-19 08:00:00+00:00,5.2478566,292.16638
2025-05-19 09:00:00+00:00,6.6405115,302.82855
2025-05-19 10:00:00+00:00,7.9567327,307.64767
2025-05-19 11:00:00+00:00,5.0975285,317.86246
2025-05-19 12:00:00+00:00,3.8773184,291.80148
2025-05-19 13:00:00+00:00,2.4014995,282.99463
2025-05-19 14:00:00+00:00,1.7076298,341.56494
2025-05-19 15:00:00+00:00,2.1897945,350.53775
2025-05-19 16:00:00+00:00,2.0523157,344.7448
2025-05-19 17:00:00+00:00,2.0124612,349.69522
2025-05-19 18:00:00+00:00,2.34,360.0
2025-05-19 19:00:00+00:00,2.3469126,355.60138
2025-05-19 20:00:00+00:00,2.8799999,360.0
2025-05-19 21:00:00+00:00,3.06,360.0
2025-05-19 22:00:00+00:00,3.0652895,356.6336
2025-05-19 23:00:00+00:00,3.4199998,360.0
2025-05-20 00:00:00+00:00,3.438895,353.9911
2025-05-20 01:00:00+00:00,3.8183763,351.87
2025-05-20 02:00:00+00:00,4.2021422,350.13425
2025-05-20 03:00:00+00:00,3.84796,349.21573
2025-05-20 04:00:00+00:00,2.5455842,351.87
2025-05-20 05:00:00+00:00,3.148714,329.03632
2025-05-20 06:00:00+00:00,3.319036,319.39877
2025-05-20 07:00:00+00:00,3.9640884,309.47244
2025-05-20 08:00:00+00:00,4.724786,310.36444
2025-05-20 09:00:00+00:00,5.0911684,315.0001
2025-05-20 10:00:00+00:00,5.1165614,320.7106
2025-05-20 11:00:00+00:00,4.471107,319.89914
2025-05-20 12:00:00+00:00,3.3092594,315.0001
2025-05-20 13:00:00+00:00,2.6758924,317.72638
2025-05-20 14:00:00+00:00,2.1674871,355.23645
2025-05-20 15:00:00+00:00,2.7059932,356.186
2025-05-20 16:00:00+00:00,2.7059932,356.186
2025-05-20 17:00:00+00:00,2.9301877,349.3804
2025-05-20 18:00:00+00:00,3.0811036,353.29025
2025-05-20 19:00:00+00:00,3.2599385,353.6599
2025-05-20 20:00:00+00:00,3.2846913,350.53775
2025-05-20 21:00:00+00:00,3.462369,351.02744
2025-05-20 22:00:00+00:00,3.244996,356.82022
2025-05-20 23:00:00+00:00,3.7842832,357.27374
2025-05-21 00:00:00+00:00,4.1556225,355.03033
2025-05-21 01:00:00+00:00,3.9966488,352.23492
2025-05-21 02:00:00+00:00,3.964089,357.3975
2025-05-21 03:00:00+00:00,3.462369,8.97255
2025-05-21 04:00:00+00:00,2.2553935,28.610369
2025-05-21 05:00:00+00:00,0.56920993,341.56494
2025-05-21 06:00:00+00:00,1.8532133,330.9455
2025-05-21 07:00:00+00:00,4.445672,338.6293
2025-05-21 08:00:00+00:00,5.7204895,335.85446
2025-05-21 09:00:00+00:00,5.815978,338.19852
2025-05-21 10:00:00+00:00,5.4744864,350.53775
2025-05-21 11:00:00+00:00,4.7110505,353.41815
2025-05-21 12:00:00+00:00,3.710795,345.9637
2025-05-21 13:00:00+00:00,3.5864744,342.47433
2025-05-21 14:00:00+00:00,2.8856194,356.42374
2025-05-21 15:00:00+00:00,2.8856194,356.42374
2025-05-21 16:00:00+00:00,2.8856194,356.42374
2025-05-21 17:00:00+00:00,3.2599385,353.6599
2025-05-21 18:00:00+00:00,3.462369,351.02744
2025-05-21 19:00:00+00:00,3.7971036,354.55975
2025-05-21 20:00:00+00:00,4.175069,352.5687
2025-05-21 21:00:00+00:00,4.353619,352.87506
2025-05-21 22:00:00+00:00,3.9763298,354.80566
2025-05-21 23:00:00+00:00,4.1556225,355.03033
2025-05-22 00:00:00+00:00,4.503598,357.70944
2025-05-22 01:00:00+00:00,4.503598,357.70944
2025-05-22 02:00:00+00:00,4.5322843,6.842679
2025-05-22 03:00:00+00:00,4.1556225,17.650223
2025-05-22 04:00:00+00:00,4.143911,34.3804
2025-05-22 05:00:00+00:00,4.3274937,44.999897
2025-05-22 06:00:00+00:00,4.5891175,41.82009
2025-05-22 07:00:00+00:00,4.752136,37.30404
2025-05-22 08:00:00+00:00,4.755544,29.475794
2025-05-22 09:00:00+00:00,4.991553,25.640957
2025-05-22 10:00:00+00:00,4.7521367,24.623547
2025-05-22 11:00:00+00:00,4.4274144,26.564985
2025-05-22 12:00:00+00:00,3.8647635,27.758451
2025-05-22 13:00:00+00:00,3.494968,34.50859
2025-05-22 14:00:00+00:00,3.2048087,38.157276
2025-05-22 15:00:00+00:00,3.143565,23.629398
2025-05-22 16:00:00+00:00,3.319036,12.528798
2025-05-22 17:00:00+00:00,3.438895,6.0089183
2025-05-22 18:00:00+00:00,3.6179552,5.7105074
2025-05-22 19:00:00+00:00,3.7971036,5.4402504
2025-05-22 20:00:00+00:00,3.964089,2.6025116
2025-05-22 21:00:00+00:00,3.96,360.0
2025-05-22 22:00:00+00:00,3.7842832,2.7262611
2025-05-22 23:00:00+00:00,4.143911,357.5105
2025-05-23 00:00:00+00:00,4.1556225,355.03033
2025-05-23 01:00:00+00:00,3.9966488,352.23492
2025-05-23 02:00:00+00:00,3.671294,11.3098955
2025-05-23 03:00:00+00:00,3.710795,39.09386
2025-05-23 04:00:00+00:00,4.293669,56.976128
2025-05-23 05:00:00+00:00,4.278551,67.75093
2025-05-23 06:00:00+00:00,4.278551,75.37909
2025-05-23 07:00:00+00:00,2.6208394,74.054535
2025-05-23 08:00:00+00:00,0.6489992,56.309914
2025-05-23 09:00:00+00:00,0.71999997,360.0
2025-05-23 10:00:00+00:00,1.9386592,21.801476
2025-05-23 11:00:00+00:00,2.1897945,80.53775
2025-05-23 12:00:00+00:00,2.968636,104.03627
2025-05-23 13:00:00+00:00,2.6208394,105.945465
2025-05-23 14:00:00+00:00,1.9469976,56.3099
2025-05-23 15:00:00+00:00,2.4149535,26.564985
2025-05-23 16:00:00+00:00,3.0652895,3.3664
2025-05-23 17:00:00+00:00,3.0652895,3.3664
2025-05-23 18:00:00+00:00,3.2399998,360.0
2025-05-23 19:00:00+00:00,3.4199998,360.0
2025-05-23 20:00:00+00:00,3.604497,357.13766
2025-05-23 21:00:00+00:00,3.6179552,354.2895
2025-05-23 22:00:00+00:00,2.5772078,12.094739
2025-05-23 23:00:00+00:00,3.0758414,20.556128
2025-05-24 00:00:00+00:00,3.0652895,3.3664
2025-05-24 01:00:00+00:00,3.2399998,360.0
2025-05-24 02:00:00+00:00,2.36753,8.746089
2025-05-24 03:00:00+00:00,0.8049845,116.56499
2025-05-24 04:00:00+00:00,1.2727921,188.13002
2025-05-24 05:00:00+00:00,1.0495713,210.96368
2025-05-24 06:00:00+00:00,1.5379207,249.44386
2025-05-24 07:00:00+00:00,1.2727921,278.13
2025-05-24 08:00:00+00:00,1.781909,315.0001
2025-05-24 09:00:00+00:00,2.907989,338.19852
2025-05-24 10:00:00+00:00,2.4149535,333.43503
2025-05-24 11:00:00+00:00,4.060985,347.19574
2025-05-24 12:00:00+00:00,4.5,343.73972
2025-05-24 13:00:00+00:00,3.362677,344.47583
2025-05-24 14:00:00+00:00,2.2553935,331.38962
2025-05-24 15:00:00+00:00,2.5455842,315.0001
2025-05-24 16:00:00+00:00,2.4216523,318.01288
2025-05-24 17:00:00+00:00,2.2910259,315.0001
2025-05-24 18:00:00+00:00,2.1674871,318.36655
2025-05-24 19:00:00+00:00,2.1674871,318.36655
2025-05-24 20:00:00+00:00,2.1674871,318.36655
2025-05-24 21:00:00+00:00,2.0124612,333.43503
2025-05-24 22:00:00+00:00,2.5071096,338.9624
2025-05-24 23:00:00+00:00,2.4014995,347.00537
2025-05-25 00:00:00+00:00,2.36753,351.2539
2025-05-25 01:00:00+00:00,2.2768397,341.56494
2025-05-25 02:00:00+00:00,2.4216523,318.01288
2025-05-25 03:00:00+00:00,2.0991426,300.96368
2025-05-25 04:00:00+00:00,1.8,306.86996
2025-05-25 05:00:00+00:00,2.6999998,323.13004
2025-05-25 06:00:00+00:00,4.3536186,330.25522
2025-05-25 07:00:00+00:00,5.896202,328.73633
2025-05-25 08:00:00+00:00,6.391901,327.6526
2025-05-25 09:00:00+00:00,7.10031,329.53452
2025-05-25 10:00:00+00:00,7.1389914,326.3099
2025-05-25 11:00:00+00:00,7.0107627,330.8026
2025-05-25 12:00:00+00:00,5.7964473,334.2307
2025-05-25 13:00:00+00:00,4.829907,333.43503
2025-05-25 14:00:00+00:00,3.9518096,329.9315
2025-05-25 15:00:00+00:00,2.7416782,336.8014
2025-05-25 16:00:00+00:00,2.4482646,342.8972
2025-05-25 17:00:00+00:00,2.5772078,347.90527
2025-05-25 18:00:00+00:00,2.7534704,348.6901
2025-05-25 19:00:00+00:00,3.1072817,349.99207
2025-05-25 20:00:00+00:00,3.2846913,350.53775
2025-05-25 21:00:00+00:00,3.438895,353.9911
2025-05-25 22:00:00+00:00,3.7799997,360.0
2025-05-25 23:00:00+00:00,4.14,360.0
2025-05-26 00:00:00+00:00,4.3349743,4.763556
2025-05-26 01:00:00+00:00,4.323748,2.385899
2025-05-26 02:00:00+00:00,4.175069,7.4313188
2025-05-26 03:00:00+00:00,3.644722,20.224945
2025-05-26 04:00:00+00:00,2.7475805,31.607454
2025-05-26 05:00:00+00:00,2.9522195,37.568665
2025-05-26 06:00:00+00:00,3.143565,23.629398
2025-05-26 07:00:00+00:00,3.9763298,5.19435
2025-05-26 08:00:00+00:00,5.0528407,355.91446
2025-05-26 09:00:00+00:00,5.506941,348.6901
2025-05-26 10:00:00+00:00,5.637765,343.3007
2025-05-26 11:00:00+00:00,5.6262593,352.6477
2025-05-26 12:00:00+00:00,4.8633323,2.1210518
2025-05-26 13:00:00+00:00,4.175069,352.5687
2025-05-26 14:00:00+00:00,3.462369,351.02744
2025-05-26 15:00:00+00:00,3.244996,356.82022
2025-05-26 16:00:00+00:00,3.4247334,356.98727
2025-05-26 17:00:00+00:00,3.7971036,354.55975
2025-05-26 18:00:00+00:00,3.8183763,351.87
2025-05-26 19:00:00+00:00,3.8183763,351.87
2025-05-26 20:00:00+00:00,3.9763298,354.80566
2025-05-26 21:00:00+00:00,4.143911,357.5105
2025-05-26 22:00:00+00:00,3.7842832,2.7262611
2025-05-26 23:00:00+00:00,4.323748,357.6141
2025-05-27 00:00:00+00:00,4.514377,355.42615
2025-05-27 01:00:00+00:00,4.323748,357.6141
2025-05-27 02:00:00+00:00,3.9763298,5.19435
2025-05-27 03:00:00+00:00,3.0758414,20.556128
2025-05-27 04:00:00+00:00,1.8532133,29.054508
2025-05-27 05:00:00+00:00,1.659518,347.4712
2025-05-27 06:00:00+00:00,1.7727944,336.0375
2025-05-27 07:00:00+00:00,2.9301877,317.4896
2025-05-27 08:00:00+00:00,3.9640884,320.52756
2025-05-27 09:00:00+00:00,5.441838,325.78424
2025-05-27 10:00:00+00:00,6.7397914,304.1145
2025-05-27 11:00:00+00:00,5.983477,313.7812
2025-05-27 12:00:00+00:00,5.22,316.3971
2025-05-27 13:00:00+00:00,4.8965297,323.97253
2025-05-27 14:00:00+00:00,3.745557,324.78232
2025-05-27 15:00:00+00:00,2.7475805,328.39255
2025-05-27 16:00:00+00:00,2.1749482,335.55606
2025-05-27 17:00:00+00:00,2.1749482,335.55606
2025-05-27 18:00:00+00:00,2.2553935,331.38962
2025-05-27 19:00:00+00:00,2.5959969,326.3099
2025-05-27 20:00:00+00:00,2.19718,325.0079
2025-05-27 21:00:00+00:00,2.0523157,322.12494
2025-05-27 22:00:00+00:00,3.096837,324.46225
2025-05-27 23:00:00+00:00,2.4482648,323.97253
2025-05-28 00:00:00+00:00,2.4149535,333.43503
2025-05-28 01:00:00+00:00,2.1749482,335.55606
2025-05-28 02:00:00+00:00,1.0495713,300.96368
2025-05-28 03:00:00+00:00,1.0495713,239.0363
2025-05-28 04:00:00+00:00,2.9522195,232.43134
2025-05-28 05:00:00+00:00,4.379589,260.53775
2025-05-28 06:00:00+00:00,5.8048253,277.1249
2025-05-28 07:00:00+00:00,6.8541956,283.67133
2025-05-28 08:00:00+00:00,6.8989563,285.12405
2025-05-28 09:00:00+00:00,6.9270773,294.56717
2025-05-28 10:00:00+00:00,5.8603754,312.5104
2025-05-28 11:00:00+00:00,5.3517847,317.72638
2025-05-28 12:00:00+00:00,4.471107,319.89914
2025-05-28 13:00:00+00:00,4.6452556,305.53775
2025-05-28 14:00:00+00:00,4.3573384,308.2902
2025-05-28 15:00:00+00:00,2.6999998,323.13004
2025-05-28 16:00:00+00:00,2.4014995,347.00537
2025-05-28 17:00:00+00:00,2.3469126,355.60138
2025-05-28 18:00:00+00:00,2.6999998,360.0
2025-05-28 19:00:00+00:00,2.7059932,3.8140097
2025-05-28 20:00:00+00:00,3.0652895,356.6336
2025-05-28 21:00:00+00:00,3.2399998,360.0
2025-05-28 22:00:00+00:00,3.189608,16.389616
2025-05-28 23:00:00+00:00,2.8856194,356.42374
2025-05-29 00:00:00+00:00,2.36753,8.746089
2025-05-29 01:00:00+00:00,2.0124612,10.304792
2025-05-29 02:00:00+00:00,1.8089776,354.2895
2025-05-29 03:00:00+00:00,1.2979984,303.6901
2025-05-29 04:00:00+00:00,1.26,270.0
2025-05-29 05:00:00+00:00,1.4512063,299.74478
2025-05-29 06:00:00+00:00,3.4576871,321.34018
2025-05-29 07:00:00+00:00,4.669604,332.44727
2025-05-29 08:00:00+00:00,5.5450516,324.24603
2025-05-29 09:00:00+00:00,5.692099,325.30478
2025-05-29 10:00:00+00:00,4.7110505,316.5481
2025-05-29 11:00:00+00:00,4.5,323.13
2025-05-29 12:00:00+00:00,5.48631,318.991
2025-05-29 13:00:00+00:00,5.509882,321.63248
2025-05-29 14:00:00+00:00,3.244996,303.6901
2025-05-29 15:00:00+00:00,1.2727921,278.13
2025-05-29 16:00:00+00:00,0.25455844,44.999897
2025-05-29 17:00:00+00:00,1.3708391,23.198618
2025-05-29 18:00:00+00:00,1.5379207,20.556128
2025-05-29 19:00:00+00:00,1.659518,12.528798
2025-05-29 20:00:00+00:00,1.6199999,360.0
2025-05-29 21:00:00+00:00,1.26,360.0
2025-05-29 22:00:00+00:00,2.7059932,356.186
2025-05-29 23:00:00+00:00,3.244996,3.179772
2025-05-30 00:00:00+00:00,2.8799999,360.0
2025-05-30 01:00:00+00:00,2.3469126,4.398633
2025-05-30 02:00:00+00:00,0.742159,14.036275
2025-05-30 03:00:00+00:00,2.50064,149.74365
2025-05-30 04:00:00+00:00,3.319036,167.4712
2025-05-30 05:00:00+00:00,2.968636,194.03627
2025-05-30 06:00:00+00:00,2.4482648,216.02747
2025-05-30 07:00:00+00:00,1.4058449,230.19447
2025-05-30 08:00:00+00:00,1.835647,258.6901
2025-05-30 09:00:00+00:00,3.536439,284.74362
2025-05-30 10:00:00+00:00,3.06,241.92761
2025-05-30 11:00:00+00:00,3.96,270.0
2025-05-30 12:00:00+00:00,3.7585104,286.6993
2025-05-30 13:00:00+00:00,4.846648,291.80148
2025-05-30 14:00:00+00:00,3.710795,320.90613
2025-05-30 15:00:00+00:00,2.968636,345.9637
2025-05-30 16:00:00+00:00,1.6199999,360.0
2025-05-30 17:00:00+00:00,1.4512063,352.87506
2025-05-30 18:00:00+00:00,1.835647,348.6901
2025-05-30 19:00:00+00:00,1.9386592,338.19852
2025-05-30 20:00:00+00:00,2.0124612,333.43503
2025-05-30 21:00:00+00:00,2.0124612,333.43503
2025-05-30 22:00:00+00:00,2.7238941,352.40543
2025-05-30 23:00:00+00:00,2.0523157,344.7448
2025-05-31 00:00:00+00:00,1.0495713,329.03632
2025-05-31 01:00:00+00:00,0.71999997,180.0
2025-05-31 02:00:00+00:00,4.412754,168.23174
2025-05-31 03:00:00+00:00,5.6262593,172.64772
2025-05-31 04:00:00+00:00,5.0911684,188.13002
2025-05-31 05:00:00+00:00,5.4656014,197.24155
2025-05-31 06:00:00+00:00,5.1826253,200.32323
2025-05-31 07:00:00+00:00,4.8965297,216.02747
2025-05-31 08:00:00+00:00,5.2478566,239.0363
2025-05-31 09:00:00+00:00,5.5450516,256.86597
2025-05-31 10:00:00+00:00,4.327493,286.92758
2025-05-31 11:00:00+00:00,4.379589,260.53775
2025-05-31 12:00:00+00:00,2.6208394,254.05453
2025-05-31 13:00:00+00:00,2.3400002,247.3801
2025-05-31 14:00:00+00:00,1.2727921,188.13002
2025-05-31 15:00:00+00:00,1.9134263,138.81418
2025-05-31 16:00:00+00:00,2.19718,145.0079
2025-05-31 17:00:00+00:00,1.659518,167.4712
2025-05-31 18:00:00+00:00,1.8089776,185.7105
2025-05-31 19:00:00+00:00,1.659518,192.5288
2025-05-31 20:00:00+00:00,1.3104197,195.94547
2025-05-31 21:00:00+00:00,1.3104197,195.94547
2025-05-31 22:00:00+00:00,0.71999997,360.0
2025-05-31 23:00:00+00:00,0.25455844,315.0001
2025-06-01 00:00:00+00:00,0.56920993,18.435053
2025-06-01 01:00:00+00:00,0.8049845,153.43501
2025-06-01 02:00:00+00:00,2.968636,165.96373
2025-06-01 03:00:00+00:00,3.6402748,171.46931
2025-06-01 04:00:00+00:00,3.189608,196.38962
2025-06-01 05:00:00+00:00,2.1749482,245.55606
2025-06-01 06:00:00+00:00,2.3400002,292.6199
2025-06-01 07:00:00+00:00,2.7475805,301.60745
2025-06-01 08:00:00+00:00,4.599695,300.57913
2025-06-01 09:00:00+00:00,5.7431,302.1957
2025-06-01 10:00:00+00:00,5.4744864,297.4075
2025-06-01 11:00:00+00:00,5.072041,297.47433
2025-06-01 12:00:00+00:00,4.3573384,308.2902
2025-06-01 13:00:00+00:00,3.563818,315.0001
2025-06-01 14:00:00+00:00,3.4623692,297.8972
2025-06-01 15:00:00+00:00,2.0124612,296.56497
2025-06-01 16:00:00+00:00,0.17999999,270.0
2025-06-01 17:00:00+00:00,0.742159,284.03625
2025-06-01 18:00:00+00:00,1.659518,310.60123
2025-06-01 19:00:00+00:00,1.2979984,303.6901
2025-06-01 20:00:00+00:00,2.1674871,311.63345
2025-06-01 21:00:00+00:00,1.5273507,315.0001
2025-06-01 22:00:00+00:00,1.2727921,315.0001
2025-06-01 23:00:00+00:00,1.4058449,309.8055
2025-06-02 00:00:00+00:00,1.5484185,305.53775
2025-06-02 01:00:00+00:00,1.98,270.0
2025-06-02 02:00:00+00:00,2.6208394,254.05453
2025-06-02 03:00:00+00:00,3.143565,246.3706
2025-06-02 04:00:00+00:00,2.8174455,243.43501
2025-06-02 05:00:00+00:00,2.5264204,274.08554
2025-06-02 06:00:00+00:00,2.9024127,299.74478
2025-06-02 07:00:00+00:00,3.710795,292.83368
2025-06-02 08:00:00+00:00,4.2671766,297.64587
2025-06-02 09:00:00+00:00,4.952453,289.0936
2025-06-02 10:00:00+00:00,3.671294,281.3099
2025-06-02 11:00:00+00:00,3.4247334,266.98727
2025-06-02 12:00:00+00:00,4.0449963,290.85452
2025-06-02 13:00:00+00:00,3.1845248,317.29062
2025-06-02 14:00:00+00:00,3.572898,319.0857
2025-06-02 15:00:00+00:00,2.1674871,311.63345
2025-06-02 16:00:00+00:00,2.0523157,307.87503
2025-06-02 17:00:00+00:00,2.0991426,300.96368
2025-06-02 18:00:00+00:00,1.7727944,293.9625
2025-06-02 19:00:00+00:00,1.659518,319.39877
2025-06-02 20:00:00+00:00,1.6981165,327.99466
2025-06-02 21:00:00+00:00,1.4058449,320.1945
2025-06-02 22:00:00+00:00,1.659518,347.4712
2025-06-02 23:00:00+00:00,1.3708391,336.8014
2025-06-03 00:00:00+00:00,0.742159,345.9637
2025-06-03 01:00:00+00:00,1.8,233.13002
2025-06-03 02:00:00+00:00,2.7416782,203.19862
2025-06-03 03:00:00+00:00,2.9024127,187.12492
2025-06-03 04:00:00+00:00,3.462369,171.02745
2025-06-03 05:00:00+00:00,3.362677,164.47583
2025-06-03 06:00:00+00:00,3.06,151.92761
2025-06-03 07:00:00+00:00,2.6208394,164.05453
2025-06-03 08:00:00+00:00,2.0991426,210.96368
2025-06-03 09:00:00+00:00,2.9522195,232.43134
2025-06-03 10:00:00+00:00,3.219938,206.56499
2025-06-03 11:00:00+00:00,3.143565,203.6294
2025-06-03 12:00:00+00:00,2.0991426,210.96368
2025-06-03 13:00:00+00:00,3.06,241.92761
2025-06-03 14:00:00+00:00,3.550155,239.53453
2025-06-03 15:00:00+00:00,2.995797,237.26477
2025-06-03 16:00:00+00:00,2.0523157,217.87505
2025-06-03 17:00:00+00:00,1.8792552,196.69933
2025-06-03 18:00:00+00:00,1.4512063,209.7448
2025-06-03 19:00:00+00:00,1.2727921,224.9999
2025-06-03 20:00:00+00:00,1.1525624,231.34016
2025-06-03 21:00:00+00:00,1.3708391,246.80138
2025-06-03 22:00:00+00:00,1.08,180.0
2025-06-03 23:00:00+00:00,1.08,180.0
2025-06-04 00:00:00+00:00,1.484318,165.96373
2025-06-04 01:00:00+00:00,3.7842832,177.27374
2025-06-04 02:00:00+00:00,4.323748,177.6141
2025-06-04 03:00:00+00:00,4.86,180.0
2025-06-04 04:00:00+00:00,4.68,180.0
2025-06-04 05:00:00+00:00,4.143911,182.4895
2025-06-04 06:00:00+00:00,3.0652895,183.3664
2025-06-04 07:00:00+00:00,2.2553935,208.61037
2025-06-04 08:00:00+00:00,1.2727921,278.13
2025-06-04 09:00:00+00:00,2.9301877,317.4896
2025-06-04 10:00:00+00:00,3.0652893,319.7637
2025-06-04 11:00:00+00:00,3.550155,329.53452
2025-06-04 12:00:00+00:00,4.1125174,336.8014
2025-06-04 13:00:00+00:00,4.6800003,292.6199
2025-06-04 14:00:00+00:00,3.0652895,273.3664
2025-06-04 15:00:00+00:00,2.5772076,245.22488
2025-06-04 16:00:00+00:00,2.16,270.0
2025-06-04 17:00:00+00:00,1.0948973,279.46225
2025-06-04 18:00:00+00:00,2.7475805,301.60745
2025-06-04 19:00:00+00:00,1.5484185,324.46225
2025-06-04 20:00:00+00:00,2.1674871,318.36655
2025-06-04 21:00:00+00:00,2.4216523,311.98712
2025-06-04 22:00:00+00:00,2.3469129,327.52884
2025-06-04 23:00:00+00:00,3.2048087,321.8427
2025-06-05 00:00:00+00:00,3.0652893,319.7637
2025-06-05 01:00:00+00:00,2.9522195,307.56866
2025-06-05 02:00:00+00:00,3.381893,295.20108
2025-06-05 03:00:00+00:00,3.189608,286.38962
2025-06-05 04:00:00+00:00,3.9312592,285.94547
2025-06-05 05:00:00+00:00,3.4763772,291.25058
2025-06-05 06:00:00+00:00,2.8460495,304.69522
2025-06-05 07:00:00+00:00,3.3481934,323.74606
2025-06-05 08:00:00+00:00,3.4623692,332.1028
2025-06-05 09:00:00+00:00,3.8939953,326.3099
2025-06-05 10:00:00+00:00,4.471107,310.10083
2025-06-05 11:00:00+00:00,4.1046314,307.87503
2025-06-05 12:00:00+00:00,3.1845248,312.70938
2025-06-05 13:00:00+00:00,1.8532133,330.9455
2025-06-05 14:00:00+00:00,1.1525624,38.65983
2025-06-05 15:00:00+00:00,1.9881649,5.19435
2025-06-05 16:00:00+00:00,2.52,360.0
2025-06-05 17:00:00+00:00,2.8856194,356.42374
2025-06-05 18:00:00+00:00,3.2599385,353.6599
2025-06-05 19:00:00+00:00,3.4247334,356.98727
2025-06-05 20:00:00+00:00,3.604497,357.13766
2025-06-05 21:00:00+00:00,3.7842832,357.27374
2025-06-05 22:00:00+00:00,3.96,360.0
2025-06-05 23:00:00+00:00,4.6938252,4.398633
2025-06-06 00:00:00+00:00,4.2021422,9.865748
2025-06-06 01:00:00+00:00,4.379589,9.462248
2025-06-06 02:00:00+00:00,3.3043609,29.357658
2025-06-06 03:00:00+00:00,3.096837,54.46224
2025-06-06 04:00:00+00:00,3.319036,77.4712
2025-06-06 05:00:00+00:00,3.2599385,83.659904
2025-06-06 06:00:00+00:00,3.438895,83.99109
2025-06-06 07:00:00+00:00,3.6402748,81.46932
2025-06-06 08:00:00+00:00,3.536439,75.25639
2025-06-06 09:00:00+00:00,3.8773184,68.19853
2025-06-06 10:00:00+00:00,3.4623692,62.10283
2025-06-06 11:00:00+00:00,3.550155,59.53454
2025-06-06 12:00:00+00:00,3.381893,64.79892
2025-06-06 13:00:00+00:00,3.0758414,69.44387
2025-06-06 14:00:00+00:00,2.5959969,56.309914
2025-06-06 15:00:00+00:00,2.97953,25.016869
2025-06-06 16:00:00+00:00,3.244996,19.440128
2025-06-06 17:00:00+00:00,3.5864744,17.52567
2025-06-06 18:00:00+00:00,3.710795,14.036275
2025-06-06 19:00:00+00:00,4.060985,12.804273
2025-06-06 20:00:00+00:00,4.060985,12.804273
2025-06-06 21:00:00+00:00,4.278551,14.620926
2025-06-06 22:00:00+00:00,4.1556225,17.650223
2025-06-06 23:00:00+00:00,4.327493,16.927603
2025-06-07 00:00:00+00:00,4.1046314,15.255177
2025-06-07 01:00:00+00:00,4.278551,14.620926
2025-06-07 02:00:00+00:00,4.0449963,20.854538
2025-06-07 03:00:00+00:00,3.8521678,37.405437
2025-06-07 04:00:00+00:00,3.8521678,52.594578
2025-06-07 05:00:00+00:00,4.0249224,63.435013
2025-06-07 06:00:00+00:00,4.278551,67.75093
2025-06-07 07:00:00+00:00,4.445672,68.62931
2025-06-07 08:00:00+00:00,4.278551,67.75093
2025-06-07 09:00:00+00:00,4.143911,55.6196
2025-06-07 10:00:00+00:00,3.9966483,35.837746
2025-06-07 11:00:00+00:00,4.080882,41.42357
2025-06-07 12:00:00+00:00,3.8268526,48.814175
2025-06-07 13:00:00+00:00,3.0652893,40.236294
2025-06-07 14:00:00+00:00,2.9522195,37.568665
2025-06-07 15:00:00+00:00,3.189608,16.389616
2025-06-07 16:00:00+00:00,3.2599385,6.3401003
2025-06-07 17:00:00+00:00,3.6179552,5.7105074
2025-06-07 18:00:00+00:00,3.6179552,5.7105074
2025-06-07 19:00:00+00:00,3.8183763,8.130019
2025-06-07 20:00:00+00:00,3.7971036,5.4402504
2025-06-07 21:00:00+00:00,4.143911,2.4894993
2025-06-07 22:00:00+00:00,4.3349743,4.763556
2025-06-07 23:00:00+00:00,4.514377,4.5738406
2025-06-08 00:00:00+00:00,4.6938252,4.398633
2025-06-08 01:00:00+00:00,4.5322843,6.842679
2025-06-08 02:00:00+00:00,4.2366967,12.26477
2025-06-08 03:00:00+00:00,3.8647635,27.758451
2025-06-08 04:00:00+00:00,3.319036,40.601215
2025-06-08 05:00:00+00:00,3.244996,56.3099
2025-06-08 06:00:00+00:00,3.244996,56.3099
2025-06-08 07:00:00+00:00,3.148714,59.03632
2025-06-08 08:00:00+00:00,2.5582807,50.710617
2025-06-08 09:00:00+00:00,2.8116899,39.805527
2025-06-08 10:00:00+00:00,3.4763772,21.25058
2025-06-08 11:00:00+00:00,4.293669,33.023872
2025-06-08 12:00:00+00:00,4.3536186,29.744795
2025-06-08 13:00:00+00:00,3.9518096,30.068504
2025-06-08 14:00:00+00:00,3.148714,30.963696
2025-06-08 15:00:00+00:00,3.3092597,22.380184
2025-06-08 16:00:00+00:00,3.2846913,9.462261
2025-06-08 17:00:00+00:00,3.4199998,360.0
2025-06-08 18:00:00+00:00,3.604497,357.13766
2025-06-08 19:00:00+00:00,3.6,360.0
2025-06-08 20:00:00+00:00,3.604497,2.8623457
2025-06-08 21:00:00+00:00,3.964089,2.6025116
2025-06-08 22:00:00+00:00,3.8183763,8.130019
2025-06-08 23:00:00+00:00,4.323748,2.385899
2025-06-09 00:00:00+00:00,4.6834598,2.2025495
2025-06-09 01:00:00+00:00,4.3349743,4.763556
2025-06-09 02:00:00+00:00,4.2021422,9.865748
2025-06-09 03:00:00+00:00,3.9844694,18.435053
2025-06-09 04:00:00+00:00,3.381893,25.201094
2025-06-09 05:00:00+00:00,3.4623692,27.897186
2025-06-09 06:00:00+00:00,3.7064266,29.054508
2025-06-09 07:00:00+00:00,4.0249224,26.564985
2025-06-09 08:00:00+00:00,3.5864744,17.52567
2025-06-09 09:00:00+00:00,3.8856654,13.392516
2025-06-09 10:00:00+00:00,4.1046314,37.875053
2025-06-09 11:00:00+00:00,4.4456716,31.75944
2025-06-09 12:00:00+00:00,4.0449967,32.275623
2025-06-09 13:00:00+00:00,3.6447225,32.905247
2025-06-09 14:00:00+00:00,2.995797,32.73523
2025-06-09 15:00:00+00:00,3.189608,16.389616
2025-06-09 16:00:00+00:00,3.4247334,3.0127327
2025-06-09 17:00:00+00:00,3.4199998,360.0
2025-06-09 18:00:00+00:00,3.4247334,3.0127327
2025-06-09 19:00:00+00:00,3.7971036,5.4402504
2025-06-09 20:00:00+00:00,4.3349743,4.763556
2025-06-09 21:00:00+00:00,4.503598,2.2905633
2025-06-09 22:00:00+00:00,4.68,360.0
2025-06-09 23:00:00+00:00,4.503598,2.2905633
2025-06-10 00:00:00+00:00,4.6834598,2.2025495
2025-06-10 01:00:00+00:00,4.6938252,4.398633
2025-06-10 02:00:00+00:00,4.175069,7.4313188
2025-06-10 03:00:00+00:00,3.536439,14.743609
2025-06-10 04:00:00+00:00,2.907989,21.801476
2025-06-10 05:00:00+00:00,2.6208394,15.945477
2025-06-10 06:00:00+00:00,2.7943513,14.931467
2025-06-10 07:00:00+00:00,2.8799999,360.0
2025-06-10 08:00:00+00:00,3.4247334,356.98727
2025-06-10 09:00:00+00:00,4.0449963,339.14545
2025-06-10 10:00:00+00:00,3.536439,14.743609
2025-06-10 11:00:00+00:00,4.802999,12.99463
2025-06-10 12:00:00+00:00,5.020677,14.534496
2025-06-10 13:00:00+00:00,4.0249224,10.304792
2025-06-10 14:00:00+00:00,3.6402748,8.530692
2025-06-10 15:00:00+00:00,3.7971036,5.4402504
2025-06-10 16:00:00+00:00,4.323748,2.385899
2025-06-10 17:00:00+00:00,4.32,360.0
2025-06-10 18:00:00+00:00,4.32,360.0
2025-06-10 19:00:00+00:00,4.5,360.0
2025-06-10 20:00:00+00:00,4.5,360.0
2025-06-10 21:00:00+00:00,4.8633323,357.87894
2025-06-10 22:00:00+00:00,4.323748,2.385899
2025-06-10 23:00:00+00:00,4.6834598,2.2025495
2025-06-11 00:00:00+00:00,4.68,360.0
2025-06-11 01:00:00+00:00,4.323748,2.385899
2025-06-11 02:00:00+00:00,3.9966488,7.7650824
2025-06-11 03:00:00+00:00,3.4152596,18.435053
2025-06-11 04:00:00+00:00,2.907989,21.801476
2025-06-11 05:00:00+00:00,2.968636,14.036275
2025-06-11 06:00:00+00:00,3.671294,11.3098955
2025-06-11 07:00:00+00:00,3.6402748,8.530692
2025-06-11 08:00:00+00:00,4.1556225,4.969664
2025-06-11 09:00:00+00:00,4.353619,7.12493
2025-06-11 10:00:00+00:00,5.154415,24.775122
2025-06-11 11:00:00+00:00,5.3517847,19.653913
2025-06-11 12:00:00+00:00,5.2323985,26.564985
2025-06-11 13:00:00+00:00,4.991553,25.640957
2025-06-11 14:00:00+00:00,4.514377,23.498587
2025-06-11 15:00:00+00:00,4.6730714,15.642312
2025-06-11 16:00:00+00:00,4.73506,8.746089
2025-06-11 17:00:00+00:00,4.8899083,6.3401003
2025-06-11 18:00:00+00:00,5.0688457,6.1154146
2025-06-11 19:00:00+00:00,5.0688457,6.1154146
2025-06-11 20:00:00+00:00,5.0688457,6.1154146
2025-06-11 21:00:00+00:00,5.2694216,7.853233
2025-06-11 22:00:00+00:00,5.1544156,12.094739
2025-06-11 23:00:00+00:00,4.5891175,11.3098955
2025-06-12 00:00:00+00:00,4.73506,8.746089
2025-06-12 01:00:00+00:00,4.73506,8.746089
2025-06-12 02:00:00+00:00,4.6277857,13.495748
2025-06-12 03:00:00+00:00,4.0449963,20.854538
2025-06-12 04:00:00+00:00,3.550155,30.465475
2025-06-12 05:00:00+00:00,3.5455887,23.962492
2025-06-12 06:00:00+00:00,3.8856654,13.392516
2025-06-12 07:00:00+00:00,4.2366967,12.26477
2025-06-12 08:00:00+00:00,4.6277857,13.495748
2025-06-12 09:00:00+00:00,4.73506,8.746089
2025-06-12 10:00:00+00:00,5.6521144,9.16228
2025-06-12 11:00:00+00:00,5.4833565,23.198618
2025-06-12 12:00:00+00:00,5.7964473,25.769283
2025-06-12 13:00:00+00:00,4.91634,23.749514
2025-06-12 14:00:00+00:00,4.5,16.26028
2025-06-12 15:00:00+00:00,4.5572357,9.090207
2025-06-12 16:00:00+00:00,4.8633323,2.1210518
2025-06-12 17:00:00+00:00,5.04,360.0
2025-06-12 18:00:00+00:00,5.04,360.0
2025-06-12 19:00:00+00:00,5.0432134,2.0453732
2025-06-12 20:00:00+00:00,5.223103,1.9748993
2025-06-12 21:00:00+00:00,5.223103,1.9748993
2025-06-12 22:00:00+00:00,4.514377,4.5738406
2025-06-12 23:00:00+00:00,4.6938252,4.398633
2025-06-13 00:00:00+00:00,5.0432134,2.0453732
2025-06-13 01:00:00+00:00,5.0432134,2.0453732
2025-06-13 02:00:00+00:00,4.503598,2.2905633
2025-06-13 03:00:00+00:00,3.9763298,5.19435
2025-06-13 04:00:00+00:00,3.462369,8.97255
2025-06-13 05:00:00+00:00,3.6179552,5.7105074
2025-06-13 06:00:00+00:00,3.6402748,8.530692
2025-06-13 07:00:00+00:00,3.671294,11.3098955
2025-06-13 08:00:00+00:00,4.445672,21.370695
2025-06-13 09:00:00+00:00,5.318383,23.962492
2025-06-13 10:00:00+00:00,5.495161,31.607454
2025-06-13 11:00:00+00:00,5.8769383,27.349789
2025-06-13 12:00:00+00:00,6.66,18.924751
2025-06-13 13:00:00+00:00,6.0347,17.354122
2025-06-13 14:00:00+00:00,5.2416787,15.945477
2025-06-13 15:00:00+00:00,4.913044,8.426887
2025-06-13 16:00:00+00:00,4.8633323,2.1210518
2025-06-13 17:00:00+00:00,4.8633323,357.87894
2025-06-13 18:00:00+00:00,5.0432134,357.95462
2025-06-13 19:00:00+00:00,4.8633323,357.87894
2025-06-13 20:00:00+00:00,4.8633323,357.87894
2025-06-13 21:00:00+00:00,4.86,360.0
2025-06-13 22:00:00+00:00,4.8633323,357.87894
2025-06-13 23:00:00+00:00,4.86,360.0
2025-06-14 00:00:00+00:00,4.68,360.0
2025-06-14 01:00:00+00:00,4.5,360.0
2025-06-14 02:00:00+00:00,3.7971036,5.4402504
2025-06-14 03:00:00+00:00,3.0652895,3.3664
2025-06-14 04:00:00+00:00,2.16,360.0
2025-06-14 05:00:00+00:00,2.1897945,9.462248
2025-06-14 06:00:00+00:00,1.659518,12.528798
2025-06-14 07:00:00+00:00,1.1384199,341.56494
2025-06-14 08:00:00+00:00,2.3469126,4.398633
2025-06-14 09:00:00+00:00,3.01735,342.64587
2025-06-14 10:00:00+00:00,3.319036,319.39877
2025-06-14 11:00:00+00:00,4.186693,295.46332
2025-06-14 12:00:00+00:00,4.198285,300.96368
2025-06-14 13:00:00+00:00,4.2671766,297.64587
2025-06-14 14:00:00+00:00,3.1845248,312.70938
2025-06-14 15:00:00+00:00,2.6758924,340.3461
2025-06-14 16:00:00+00:00,2.7534704,348.6901
2025-06-14 17:00:00+00:00,2.7534704,348.6901
2025-06-14 18:00:00+00:00,2.7943513,345.06854
2025-06-14 19:00:00+00:00,2.7534704,348.6901
2025-06-14 20:00:00+00:00,2.9024127,352.87506
2025-06-14 21:00:00+00:00,3.06,360.0
2025-06-14 22:00:00+00:00,3.244996,3.179772
2025-06-14 23:00:00+00:00,3.06,360.0
2025-06-15 00:00:00+00:00,3.7799997,360.0
2025-06-15 01:00:00+00:00,3.4247334,356.98727
2025-06-15 02:00:00+00:00,3.0652895,356.6336
2025-06-15 03:00:00+00:00,2.2553935,331.38962
2025-06-15 04:00:00+00:00,1.9469976,326.3099
2025-06-15 05:00:00+00:00,1.7076298,341.56494
2025-06-15 06:00:00+00:00,1.2979984,326.3099
2025-06-15 07:00:00+00:00,1.6981165,302.00534
2025-06-15 08:00:00+00:00,2.2553935,298.61035
2025-06-15 09:00:00+00:00,2.4216523,311.98712
2025-06-15 10:00:00+00:00,4.278551,337.75092
2025-06-15 11:00:00+00:00,5.6521144,350.8377
2025-06-15 12:00:00+00:00,6.122647,1.6846573
2025-06-15 13:00:00+00:00,5.195113,14.036275
2025-06-15 14:00:00+00:00,4.327493,16.927603
2025-06-15 15:00:00+00:00,4.0249224,10.304792
2025-06-15 16:00:00+00:00,3.964089,357.3975
2025-06-15 17:00:00+00:00,3.462369,351.02744
2025-06-15 18:00:00+00:00,3.2846913,350.53775
2025-06-15 19:00:00+00:00,2.9301877,349.3804
2025-06-15 20:00:00+00:00,2.7943513,345.06854
2025-06-15 21:00:00+00:00,2.6208394,344.05453
2025-06-15 22:00:00+00:00,2.2768397,341.56494
2025-06-15 23:00:00+00:00,2.4014995,347.00537
2025-06-16 00:00:00+00:00,1.484318,14.036275
2025-06-16 01:00:00+00:00,1.1525624,38.65983
2025-06-16 02:00:00+00:00,2.2768397,71.564964
2025-06-16 03:00:00+00:00,2.1897945,99.46225
2025-06-16 04:00:00+00:00,1.8,126.86999
2025-06-16 05:00:00+00:00,1.0948973,170.53775
2025-06-16 06:00:00+00:00,1.0948973,260.53775
2025-06-16 07:00:00+00:00,2.9301877,259.3804
2025-06-16 08:00:00+00:00,3.6402748,278.53067
2025-06-16 09:00:00+00:00,4.3498964,294.44394
2025-06-16 10:00:00+00:00,6.048107,306.52896
2025-06-16 11:00:00+00:00,7.42159,309.09384
2025-06-16 12:00:00+00:00,6.4096174,308.15726
2025-06-16 13:00:00+00:00,5.22,313.6029
2025-06-16 14:00:00+00:00,4.5891175,311.82007
2025-06-16 15:00:00+00:00,3.3481934,306.25394
2025-06-16 16:00:00+00:00,2.6758924,312.27362
2025-06-16 17:00:00+00:00,2.9522195,307.56866
2025-06-16 18:00:00+00:00,2.7475805,301.60745
2025-06-16 19:00:00+00:00,2.7475805,301.60745
2025-06-16 20:00:00+00:00,3.148714,300.96368
2025-06-16 21:00:00+00:00,2.7416782,293.1986
2025-06-16 22:00:00+00:00,2.9024127,299.74478
2025-06-16 23:00:00+00:00,2.8174455,296.56497
2025-06-17 00:00:00+00:00,2.19718,304.9921
2025-06-17 01:00:00+00:00,2.8460498,288.43503
2025-06-17 02:00:00+00:00,3.319036,282.5288
2025-06-17 03:00:00+00:00,3.710795,284.03625
2025-06-17 04:00:00+00:00,3.4199998,270.0
2025-06-17 05:00:00+00:00,3.0811036,276.70975
2025-06-17 06:00:00+00:00,4.6938252,274.39862
2025-06-17 07:00:00+00:00,3.9312592,285.94547
2025-06-17 08:00:00+00:00,4.7657523,280.88547
2025-06-17 09:00:00+00:00,4.5891175,295.5599
2025-06-17 10:00:00+00:00,4.6102495,308.65982
2025-06-17 11:00:00+00:00,3.572898,310.91428
2025-06-17 12:00:00+00:00,3.62243,296.56497
2025-06-17 13:00:00+00:00,2.19718,304.9921
2025-06-17 14:00:00+00:00,0.9,306.86996
2025-06-17 15:00:00+00:00,1.8089776,354.2895
2025-06-17 16:00:00+00:00,1.8,360.0
2025-06-17 17:00:00+00:00,1.659518,347.4712
2025-06-17 18:00:00+00:00,1.835647,348.6901
2025-06-17 19:00:00+00:00,1.98,360.0
2025-06-17 20:00:00+00:00,1.9881649,5.19435
2025-06-17 21:00:00+00:00,2.226477,14.036275
2025-06-17 22:00:00+00:00,3.0652895,3.3664
2025-06-17 23:00:00+00:00,2.9024127,352.87506
2025-06-18 00:00:00+00:00,2.16,360.0
2025-06-18 01:00:00+00:00,2.5455842,351.87
2025-06-18 02:00:00+00:00,2.7534704,348.6901
2025-06-18 03:00:00+00:00,2.8856194,356.42374
2025-06-18 04:00:00+00:00,3.1072817,10.007925
2025-06-18 05:00:00+00:00,3.2846913,9.462261
2025-06-18 06:00:00+00:00,4.14,360.0
2025-06-18 07:00:00+00:00,5.0688457,353.88458
2025-06-18 08:00:00+00:00,5.020677,345.4655
2025-06-18 09:00:00+00:00,5.2323985,333.43503
2025-06-18 10:00:00+00:00,5.1919937,326.3099
2025-06-18 11:00:00+00:00,5.154415,335.22488
2025-06-18 12:00:00+00:00,4.186693,334.53668
2025-06-18 13:00:00+00:00,3.244996,326.3099
2025-06-18 14:00:00+00:00,2.19718,325.0079
2025-06-18 15:00:00+00:00,1.5379207,339.44388
2025-06-18 16:00:00+00:00,2.52,360.0
2025-06-18 17:00:00+00:00,3.0652895,3.3664
2025-06-18 18:00:00+00:00,3.6179552,5.7105074
2025-06-18 19:00:00+00:00,3.9763298,5.19435
2025-06-18 20:00:00+00:00,4.379589,9.462248
2025-06-18 21:00:00+00:00,4.379589,9.462248
2025-06-18 22:00:00+00:00,4.379589,9.462248
2025-06-18 23:00:00+00:00,4.73506,8.746089
2025-06-19 00:00:00+00:00,4.9785542,12.528798
2025-06-19 01:00:00+00:00,4.6730714,15.642312
2025-06-19 02:00:00+00:00,5.402999,29.981556
2025-06-19 03:00:00+00:00,5.692099,34.69522
2025-06-19 04:00:00+00:00,5.257109,38.047092
2025-06-19 05:00:00+00:00,4.8965297,36.027473
2025-06-19 06:00:00+00:00,4.39436,34.9921
2025-06-19 07:00:00+00:00,4.3536186,29.744795
2025-06-19 08:00:00+00:00,4.445672,21.370695
2025-06-19 09:00:00+00:00,4.452954,14.036275
2025-06-19 10:00:00+00:00,5.2478566,5.9060555
2025-06-19 11:00:00+00:00,5.6262593,7.3522935
2025-06-19 12:00:00+00:00,5.0911684,8.130019
2025-06-19 13:00:00+00:00,4.0249224,10.304792
2025-06-19 14:00:00+00:00,3.2846913,9.462261
2025-06-19 15:00:00+00:00,3.2599385,6.3401003
2025-06-19 16:00:00+00:00,3.4247334,3.0127327
2025-06-19 17:00:00+00:00,3.4199998,360.0
2025-06-19 18:00:00+00:00,3.4199998,360.0
2025-06-19 19:00:00+00:00,3.7799997,360.0
2025-06-19 20:00:00+00:00,3.964089,357.3975
2025-06-19 21:00:00+00:00,4.143911,357.5105
2025-06-19 22:00:00+00:00,3.7799997,360.0
2025-06-19 23:00:00+00:00,4.32,360.0
2025-06-20 00:00:00+00:00,4.5,360.0
2025-06-20 01:00:00+00:00,4.143911,357.5105
2025-06-20 02:00:00+00:00,3.964089,2.6025116
2025-06-20 03:00:00+00:00,3.536439,14.743609
2025-06-20 04:00:00+00:00,2.8174455,26.564985
2025-06-20 05:00:00+00:00,2.3051248,38.65983
2025-06-20 06:00:00+00:00,1.781909,44.999897
2025-06-20 07:00:00+00:00,1.6299692,6.3401003
2025-06-20 08:00:00+00:00,2.907989,338.19852
2025-06-20 09:00:00+00:00,3.7064266,330.9455
2025-06-20 10:00:00+00:00,4.846648,338.19852
2025-06-20 11:00:00+00:00,4.724786,342.25522
2025-06-20 12:00:00+00:00,4.2366967,347.73523
2025-06-20 13:00:00+00:00,3.244996,3.179772
2025-06-20 14:00:00+00:00,2.1068459,19.983198
2025-06-20 15:00:00+00:00,2.4014995,12.99463
2025-06-20 16:00:00+00:00,2.7238941,7.59456
2025-06-20 17:00:00+00:00,3.0652895,3.3664
2025-06-20 18:00:00+00:00,3.604497,2.8623457
2025-06-20 19:00:00+00:00,3.7842832,2.7262611
2025-06-20 20:00:00+00:00,3.7842832,2.7262611
2025-06-20 21:00:00+00:00,3.964089,2.6025116
2025-06-20 22:00:00+00:00,3.671294,11.3098955
2025-06-20 23:00:00+00:00,3.8856654,13.392516
2025-06-21 00:00:00+00:00,3.9312592,15.945477
2025-06-21 01:00:00+00:00,3.8856654,13.392516
2025-06-21 02:00:00+00:00,3.244996,19.440128
2025-06-21 03:00:00+00:00,2.2553935,61.389645
2025-06-21 04:00:00+00:00,2.3469129,122.471176
2025-06-21 05:00:00+00:00,1.1384199,108.43504
2025-06-21 06:00:00+00:00,1.26,360.0
2025-06-21 07:00:00+00:00,3.0652895,3.3664
2025-06-21 08:00:00+00:00,2.3469129,327.52884
2025-06-21 09:00:00+00:00,2.7475805,301.60745
2025-06-21 10:00:00+00:00,5.991594,327.26477
2025-06-21 11:00:00+00:00,6.854195,330.06857
2025-06-21 12:00:00+00:00,6.9247384,332.1028
2025-06-21 13:00:00+00:00,5.7176566,331.8215
2025-06-21 14:00:00+00:00,3.62243,333.43503
2025-06-21 15:00:00+00:00,2.19718,325.0079
2025-06-21 16:00:00+00:00,2.0124612,333.43503
2025-06-21 17:00:00+00:00,1.8792552,343.3007
2025-06-21 18:00:00+00:00,2.1897945,350.53775
2025-06-21 19:00:00+00:00,2.3469126,355.60138
2025-06-21 20:00:00+00:00,2.6999998,360.0
2025-06-21 21:00:00+00:00,2.7059932,356.186
2025-06-21 22:00:00+00:00,2.8856194,356.42374
2025-06-21 23:00:00+00:00,3.0811036,353.29025
2025-06-22 00:00:00+00:00,3.2846913,350.53775
2025-06-22 01:00:00+00:00,3.1072817,349.99207
2025-06-22 02:00:00+00:00,2.4149535,333.43503
2025-06-22 03:00:00+00:00,2.5455842,261.87
2025-06-22 04:00:00+00:00,3.143565,246.3706
2025-06-22 05:00:00+00:00,3.396233,237.99466
2025-06-22 06:00:00+00:00,3.710795,247.1663
2025-06-22 07:00:00+00:00,4.5891175,258.6901
2025-06-22 08:00:00+00:00,5.5916004,266.3087
2025-06-22 09:00:00+00:00,6.2145634,280.0079
2025-06-22 10:00:00+00:00,6.696387,306.25394
2025-06-22 11:00:00+00:00,6.1437774,328.17258
2025-06-22 12:00:00+00:00,6.6185193,337.6198
2025-06-22 13:00:00+00:00,6.2483597,348.3664
2025-06-22 14:00:00+00:00,5.0528407,355.91446
2025-06-22 15:00:00+00:00,3.7799997,360.0
2025-06-22 16:00:00+00:00,2.8856194,356.42374
2025-06-22 17:00:00+00:00,2.36753,351.2539
2025-06-22 18:00:00+00:00,1.9881649,354.80566
2025-06-22 19:00:00+00:00,1.9881649,354.80566
2025-06-22 20:00:00+00:00,1.98,360.0
2025-06-22 21:00:00+00:00,2.1897945,9.462248
2025-06-22 22:00:00+00:00,2.1897945,350.53775
2025-06-22 23:00:00+00:00,2.7238941,352.40543
2025-06-23 00:00:00+00:00,3.4247334,356.98727
2025-06-23 01:00:00+00:00,3.1072817,349.99207
2025-06-23 02:00:00+00:00,2.5455842,351.87
2025-06-23 03:00:00+00:00,2.4014995,347.00537
2025-06-23 04:00:00+00:00,2.907989,338.19852
2025-06-23 05:00:00+00:00,3.494968,325.4914
2025-06-23 06:00:00+00:00,4.542994,326.3099
2025-06-23 07:00:00+00:00,4.7827187,340.20102
2025-06-23 08:00:00+00:00,6.1569467,344.7448
2025-06-23 09:00:00+00:00,6.424764,348.6901
2025-06-23 10:00:00+00:00,7.415038,354.4279
2025-06-23 11:00:00+00:00,6.849467,3.0127327
2025-06-23 12:00:00+00:00,6.122647,1.6846573
2025-06-23 13:00:00+00:00,5.232399,3.9451082
2025-06-23 14:00:00+00:00,4.175069,7.4313188
2025-06-23 15:00:00+00:00,3.2599385,6.3401003
2025-06-23 16:00:00+00:00,3.244996,3.179772
2025-06-23 17:00:00+00:00,3.6179552,5.7105074
2025-06-23 18:00:00+00:00,4.14,360.0
2025-06-23 19:00:00+00:00,4.323748,357.6141
2025-06-23 20:00:00+00:00,4.514377,355.42615
2025-06-23 21:00:00+00:00,4.6834598,357.79745
2025-06-23 22:00:00+00:00,4.6834598,357.79745
2025-06-23 23:00:00+00:00,5.5829024,358.15244
2025-06-24 00:00:00+00:00,5.5916004,356.3087
2025-06-24 01:00:00+00:00,5.4029994,358.09088
2025-06-24 02:00:00+00:00,5.04,360.0
2025-06-24 03:00:00+00:00,4.5322843,6.842679
2025-06-24 04:00:00+00:00,3.84796,10.784258
2025-06-24 05:00:00+00:00,3.9844694,18.435053
2025-06-24 06:00:00+00:00,4.060985,12.804273
2025-06-24 07:00:00+00:00,4.323748,357.6141
2025-06-24 08:00:00+00:00,5.297018,350.21765
2025-06-24 09:00:00+00:00,6.2145634,349.99207
2025-06-24 10:00:00+00:00,5.771239,356.42374
2025-06-24 11:00:00+00:00,6.1858225,351.63422
2025-06-24 12:00:00+00:00,6.130579,356.6336
2025-06-24 13:00:00+00:00,5.4029994,1.9091109
2025-06-24 14:00:00+00:00,4.175069,7.4313188
2025-06-24 15:00:00+00:00,3.604497,2.8623457
2025-06-24 16:00:00+00:00,3.4247334,356.98727
2025-06-24 17:00:00+00:00,3.4199998,360.0
2025-06-24 18:00:00+00:00,3.4247334,356.98727
2025-06-24 19:00:00+00:00,3.604497,357.13766
2025-06-24 20:00:00+00:00,3.6179552,354.2895
2025-06-24 21:00:00+00:00,3.8183763,351.87
2025-06-24 22:00:00+00:00,4.14,360.0
2025-06-24 23:00:00+00:00,4.323748,2.385899
2025-06-25 00:00:00+00:00,4.32,360.0
2025-06-25 01:00:00+00:00,3.96,360.0
2025-06-25 02:00:00+00:00,3.7842832,2.7262611
2025-06-25 03:00:00+00:00,2.7416782,336.8014
2025-06-25 04:00:00+00:00,2.7059932,273.814
2025-06-25 05:00:00+00:00,2.7059932,266.186
2025-06-25 06:00:00+00:00,3.148714,300.96368
2025-06-25 07:00:00+00:00,4.293669,326.97614
2025-06-25 08:00:00+00:00,5.318383,336.0375
2025-06-25 09:00:00+00:00,6.0908127,341.02948
2025-06-25 10:00:00+00:00,7.3094187,350.07382
2025-06-25 11:00:00+00:00,7.79215,353.36758
2025-06-25 12:00:00+00:00,6.924738,351.02744
2025-06-25 13:00:00+00:00,6.0721655,348.0239
2025-06-25 14:00:00+00:00,4.452954,345.9637
2025-06-25 15:00:00+00:00,3.84796,349.21573
2025-06-25 16:00:00+00:00,3.2399998,360.0
2025-06-25 17:00:00+00:00,3.7971036,354.55975
2025-06-25 18:00:00+00:00,4.5891175,348.6901
2025-06-25 19:00:00+00:00,4.379589,350.53775
2025-06-25 20:00:00+00:00,4.353619,352.87506
2025-06-25 21:00:00+00:00,4.5322843,353.15732
2025-06-25 22:00:00+00:00,4.514377,355.42615
2025-06-25 23:00:00+00:00,4.5572357,350.9098
2025-06-26 00:00:00+00:00,5.0688457,353.88458
2025-06-26 01:00:00+00:00,4.913044,351.57312
2025-06-26 02:00:00+00:00,4.2021422,350.13425
2025-06-26 03:00:00+00:00,3.3092597,337.6198
2025-06-26 04:00:00+00:00,3.3043609,299.35767
2025-06-26 05:00:00+00:00,3.7064266,299.0545
2025-06-26 06:00:00+00:00,4.2481523,306.38446
2025-06-26 07:00:00+00:00,5.22,316.3971
2025-06-26 08:00:00+00:00,5.904439,322.43134
2025-06-26 09:00:00+00:00,6.804381,322.52374
2025-06-26 10:00:00+00:00,7.729527,332.24155
2025-06-26 11:00:00+00:00,7.4932766,335.89777
2025-06-26 12:00:00+00:00,7.186487,337.93204
2025-06-26 13:00:00+00:00,6.6185193,337.6198
2025-06-26 14:00:00+00:00,5.414979,338.5522
2025-06-26 15:00:00+00:00,3.62243,333.43503
2025-06-26 16:00:00+00:00,2.9024127,330.25522
2025-06-26 17:00:00+00:00,2.7416782,336.8014
2025-06-26 18:00:00+00:00,2.968636,345.9637
2025-06-26 19:00:00+00:00,3.2846913,350.53775
2025-06-26 20:00:00+00:00,3.4949677,348.11136
2025-06-26 21:00:00+00:00,3.4949677,348.11136
2025-06-26 22:00:00+00:00,4.2021422,350.13425
2025-06-26 23:00:00+00:00,3.8856654,346.60748
2025-06-27 00:00:00+00:00,3.8856654,346.60748
2025-06-27 01:00:00+00:00,3.5864744,342.47433
2025-06-27 02:00:00+00:00,2.8174455,333.43503
2025-06-27 03:00:00+00:00,2.9301877,280.6196
2025-06-27 04:00:00+00:00,4.143911,267.5105
2025-06-27 05:00:00+00:00,5.426933,264.2895
2025-06-27 06:00:00+00:00,5.950899,266.53183
2025-06-27 07:00:00+00:00,6.122647,268.31534
2025-06-27 08:00:00+00:00,6.3639607,278.13
2025-06-27 09:00:00+00:00,7.289444,290.22495
2025-06-27 10:00:00+00:00,7.538541,303.31064
2025-06-27 11:00:00+00:00,7.973005,298.30066
2025-06-27 12:00:00+00:00,7.8087645,295.97433
2025-06-27 13:00:00+00:00,7.0107627,299.1974
2025-06-27 14:00:00+00:00,6.444905,305.9098
2025-06-27 15:00:00+00:00,4.471107,319.89914
2025-06-27 16:00:00+00:00,2.9522195,322.43134
2025-06-27 17:00:00+00:00,1.9134263,311.18582
2025-06-27 18:00:00+00:00,1.781909,315.0001
2025-06-27 19:00:00+00:00,2.3400002,337.3801
2025-06-27 20:00:00+00:00,2.7534704,348.6901
2025-06-27 21:00:00+00:00,2.968636,345.9637
2025-06-27 22:00:00+00:00,3.06,360.0
2025-06-27 23:00:00+00:00,3.2599385,353.6599
2025-06-28 00:00:00+00:00,3.1072817,349.99207
2025-06-28 01:00:00+00:00,3.0811036,353.29025
2025-06-28 02:00:00+00:00,2.0523157,344.7448
2025-06-28 03:00:00+00:00,2.7416782,293.1986
2025-06-28 04:00:00+00:00,3.6402748,278.53067
2025-06-28 05:00:00+00:00,4.175069,277.4313
2025-06-28 06:00:00+00:00,5.3305535,281.68933
2025-06-28 07:00:00+00:00,6.0908127,288.9705
2025-06-28 08:00:00+00:00,6.279395,297.2995
2025-06-28 09:00:00+00:00,6.384293,310.426
2025-06-28 10:00:00+00:00,7.0407386,327.52884
2025-06-28 11:00:00+00:00,6.5248446,335.55606
2025-06-28 12:00:00+00:00,6.21717,337.8905
2025-06-28 13:00:00+00:00,5.6492476,337.5205
2025-06-28 14:00:00+00:00,4.1556225,342.34976
2025-06-28 15:00:00+00:00,3.189608,343.61038
2025-06-28 16:00:00+00:00,3.189608,343.61038
2025-06-28 17:00:00+00:00,2.657668,331.69934
2025-06-28 18:00:00+00:00,2.4482646,342.8972
2025-06-28 19:00:00+00:00,2.6758924,340.3461
2025-06-28 20:00:00+00:00,2.7943513,345.06854
2025-06-28 21:00:00+00:00,3.6179552,354.2895
2025-06-28 22:00:00+00:00,4.143911,357.5105
2025-06-28 23:00:00+00:00,3.9966488,352.23492
2025-06-29 00:00:00+00:00,3.9763298,354.80566
2025-06-29 01:00:00+00:00,4.175069,352.5687
2025-06-29 02:00:00+00:00,3.7971036,354.55975
2025-06-29 03:00:00+00:00,3.01735,342.64587
2025-06-29 04:00:00+00:00,3.0652893,310.2363
2025-06-29 05:00:00+00:00,4.1085763,298.8107
2025-06-29 06:00:00+00:00,5.0142193,291.03757
2025-06-29 07:00:00+00:00,6.21717,292.1095
2025-06-29 08:00:00+00:00,7.1208143,286.1444
2025-06-29 09:00:00+00:00,6.8541956,283.67133
2025-06-29 10:00:00+00:00,5.257109,308.0471
2025-06-29 11:00:00+00:00,6.444905,305.9098
2025-06-29 12:00:00+00:00,7.0407386,302.47116
2025-06-29 13:00:00+00:00,5.315336,298.30066
2025-06-29 14:00:00+00:00,3.62243,296.56497
2025-06-29 15:00:00+00:00,3.244996,303.6901
2025-06-29 16:00:00+00:00,2.5772076,294.77512
2025-06-29 17:00:00+00:00,1.659518,282.5288
2025-06-29 18:00:00+00:00,1.2979984,303.6901
2025-06-29 19:00:00+00:00,2.2553935,331.38962
2025-06-29 20:00:00+00:00,2.4482646,342.8972
2025-06-29 21:00:00+00:00,2.968636,345.9637
2025-06-29 22:00:00+00:00,3.4763772,338.74942
2025-06-29 23:00:00+00:00,3.4152596,341.56494
2025-06-30 00:00:00+00:00,3.4152596,341.56494
2025-06-30 01:00:00+00:00,3.4763772,338.74942
2025-06-30 02:00:00+00:00,2.657668,331.69934
2025-06-30 03:00:00+00:00,2.50064,300.25635
2025-06-30 04:00:00+00:00,4.1046314,285.25516
2025-06-30 05:00:00+00:00,4.73506,278.74606
2025-06-30 06:00:00+00:00,5.9834766,276.91113
2025-06-30 07:00:00+00:00,6.7205353,277.69595
2025-06-30 08:00:00+00:00,7.415038,275.5721
2025-06-30 09:00:00+00:00,8.083983,281.5601
2025-06-30 10:00:00+00:00,7.406295,295.94223
2025-06-30 11:00:00+00:00,7.689603,302.57404
2025-06-30 12:00:00+00:00,7.8149853,298.92633
2025-06-30 13:00:00+00:00,6.59154,304.9921
2025-06-30 14:00:00+00:00,5.441838,304.21576
2025-06-30 15:00:00+00:00,3.01735,287.3541
2025-06-30 16:00:00+00:00,2.9024127,277.1249
2025-06-30 17:00:00+00:00,2.6999998,270.0
2025-06-30 18:00:00+00:00,1.8089776,275.7105
2025-06-30 19:00:00+00:00,1.5484185,305.53775
2025-06-30 20:00:00+00:00,2.0991426,329.03632
2025-06-30 21:00:00+00:00,2.5071096,338.9624
2025-06-30 22:00:00+00:00,3.319036,347.4712
2025-06-30 23:00:00+00:00,3.4949677,348.11136
2025-07-01 00:00:00+00:00,3.319036,347.4712
2025-07-01 01:00:00+00:00,3.362677,344.47583
2025-07-01 02:00:00+00:00,2.7416782,336.8014
2025-07-01 03:00:00+00:00,2.226477,284.03625
2025-07-01 04:00:00+00:00,3.0652895,273.3664
2025-07-01 05:00:00+00:00,3.4763772,291.25058
2025-07-01 06:00:00+00:00,4.542994,303.6901
2025-07-01 07:00:00+00:00,5.3999996,306.86996
2025-07-01 08:00:00+00:00,6.269067,309.17365
2025-07-01 09:00:00+00:00,7.1321807,312.9546
2025-07-01 10:00:00+00:00,8.93859,334.98312
2025-07-01 11:00:00+00:00,7.8583965,339.90466
2025-07-01 12:00:00+00:00,7.0015144,342.03076
2025-07-01 13:00:00+00:00,5.5216303,340.9743
2025-07-01 14:00:00+00:00,3.8773184,338.19852
2025-07-01 15:00:00+00:00,3.06,331.9276
2025-07-01 16:00:00+00:00,2.5582807,320.7106
2025-07-01 17:00:00+00:00,2.3051248,308.65982
2025-07-01 18:00:00+00:00,1.8,306.86996
2025-07-01 19:00:00+00:00,1.5273507,315.0001
2025-07-01 20:00:00+00:00,1.5484185,324.46225
2025-07-01 21:00:00+00:00,1.4512063,330.25522
2025-07-01 22:00:00+00:00,1.9386592,338.19852
2025-07-01 23:00:00+00:00,2.6208394,344.05453
2025-07-02 00:00:00+00:00,3.362677,344.47583
2025-07-02 01:00:00+00:00,3.319036,347.4712
2025-07-02 02:00:00+00:00,3.0652895,356.6336
2025-07-02 03:00:00+00:00,2.7943513,345.06854
2025-07-02 04:00:00+00:00,3.494968,304.50858
2025-07-02 05:00:00+00:00,4.846648,291.80148
2025-07-02 06:00:00+00:00,5.6920996,288.43503
2025-07-02 07:00:00+00:00,6.379216,286.38962
2025-07-02 08:00:00+00:00,7.0591216,289.35907
2025-07-02 09:00:00+00:00,7.329338,294.67685
2025-07-02 10:00:00+00:00,6.3639607,331.26028
2025-07-02 11:00:00+00:00,7.653705,318.81415
2025-07-02 12:00:00+00:00,7.8149853,321.54626
2025-07-02 13:00:00+00:00,6.9153743,321.34018
2025-07-02 14:00:00+00:00,5.7402787,318.81418
2025-07-02 15:00:00+00:00,5.0975285,317.86246
2025-07-02 16:00:00+00:00,4.3573384,308.2902
2025-07-02 17:00:00+00:00,3.143565,283.24054
2025-07-02 18:00:00+00:00,3.462369,278.97253
2025-07-02 19:00:00+00:00,2.7059932,273.814
2025-07-02 20:00:00+00:00,1.98,270.0
2025-07-02 21:00:00+00:00,1.4399999,270.0
2025-07-02 22:00:00+00:00,1.9134263,311.18582
2025-07-02 23:00:00+00:00,2.3051248,321.34018
2025-07-03 00:00:00+00:00,2.3051248,321.34018
2025-07-03 01:00:00+00:00,2.4149535,333.43503
2025-07-03 02:00:00+00:00,2.8001428,315.0001
2025-07-03 03:00:00+00:00,2.657668,298.30066
2025-07-03 04:00:00+00:00,2.9522195,307.56866
2025-07-03 05:00:00+00:00,3.9477081,313.1524
2025-07-03 06:00:00+00:00,5.22,313.6029
2025-07-03 07:00:00+00:00,6.384293,319.574
2025-07-03 08:00:00+00:00,7.256032,330.25522
2025-07-03 09:00:00+00:00,7.968939,341.56494
2025-07-03 10:00:00+00:00,7.79215,353.36758
2025-07-03 11:00:00+00:00,8.171683,352.40543
2025-07-03 12:00:00+00:00,8.101999,358.727
2025-07-03 13:00:00+00:00,6.482499,1.5911111
2025-07-03 14:00:00+00:00,4.0249224,10.304792
2025-07-03 15:00:00+00:00,3.3092597,22.380184
2025-07-03 16:00:00+00:00,2.7416782,23.198618
2025-07-03 17:00:00+00:00,2.7534704,11.3098955
2025-07-03 18:00:00+00:00,3.244996,3.179772
2025-07-03 19:00:00+00:00,3.4247334,3.0127327
2025-07-03 20:00:00+00:00,3.7971036,5.4402504
2025-07-03 21:00:00+00:00,3.9966488,7.7650824
2025-07-03 22:00:00+00:00,4.175069,7.4313188
2025-07-03 23:00:00+00:00,4.5891175,11.3098955
2025-07-04 00:00:00+00:00,4.379589,9.462248
2025-07-04 01:00:00+00:00,4.2366967,12.26477
2025-07-04 02:00:00+00:00,4.186693,25.463305
2025-07-04 03:00:00+00:00,4.4565907,46.636536
2025-07-04 04:00:00+00:00,4.3573384,51.709793
2025-07-04 05:00:00+00:00,4.1046314,52.124958
2025-07-04 06:00:00+00:00,4.072935,44.999897
2025-07-04 07:00:00+00:00,4.293669,33.023872
2025-07-04 08:00:00+00:00,4.6800003,22.61991
2025-07-04 09:00:00+00:00,5.5216303,19.025702
2025-07-04 10:00:00+00:00,6.130579,3.3664
2025-07-04 11:00:00+00:00,7.0774574,7.3056703
2025-07-04 12:00:00+00:00,6.7205353,7.695961
2025-07-04 13:00:00+00:00,5.4477882,7.59456
2025-07-04 14:00:00+00:00,2.9024127,7.12493
2025-07-04 15:00:00+00:00,2.4014995,12.99463
2025-07-04 16:00:00+00:00,3.0758414,20.556128
2025-07-04 17:00:00+00:00,3.4152596,18.435053
2025-07-04 18:00:00+00:00,3.644722,20.224945
2025-07-04 19:00:00+00:00,3.8773184,21.801476
2025-07-04 20:00:00+00:00,4.1125174,23.198618
2025-07-04 21:00:00+00:00,4.278551,22.249071
2025-07-04 22:00:00+00:00,4.2136917,19.983198
2025-07-04 23:00:00+00:00,4.327493,16.927603
2025-07-05 00:00:00+00:00,4.327493,16.927603
2025-07-05 01:00:00+00:00,4.1046314,15.255177
2025-07-05 02:00:00+00:00,4.293669,33.023872
2025-07-05 03:00:00+00:00,4.542994,56.3099
2025-07-05 04:00:00+00:00,4.3498964,65.55606
2025-07-05 05:00:00+00:00,4.1085763,61.189304
2025-07-05 06:00:00+00:00,4.846648,58.671368
2025-07-05 07:00:00+00:00,5.5450516,54.246033
2025-07-05 08:00:00+00:00,5.6060677,47.602623
2025-07-05 09:00:00+00:00,5.509882,38.367523
2025-07-05 10:00:00+00:00,6.151683,20.556128
2025-07-05 11:00:00+00:00,6.489992,19.440128
2025-07-05 12:00:00+00:00,5.7628117,14.470333
2025-07-05 13:00:00+00:00,4.5572357,9.090207
2025-07-05 14:00:00+00:00,3.462369,8.97255
2025-07-05 15:00:00+00:00,3.1072817,10.007925
2025-07-05 16:00:00+00:00,2.7534704,11.3098955
2025-07-05 17:00:00+00:00,2.7238941,7.59456
2025-07-05 18:00:00+00:00,2.7059932,3.8140097
2025-07-05 19:00:00+00:00,3.0652895,3.3664
2025-07-05 20:00:00+00:00,3.4199998,360.0
2025-07-05 21:00:00+00:00,3.6,360.0
2025-07-05 22:00:00+00:00,3.2599385,6.3401003
2025-07-05 23:00:00+00:00,3.4152596,18.435053
2025-07-06 00:00:00+00:00,4.0249224,349.69522
2025-07-06 01:00:00+00:00,3.8183763,8.130019
2025-07-06 02:00:00+00:00,3.4623692,27.897186
2025-07-06 03:00:00+00:00,2.9522195,37.568665
2025-07-06 04:00:00+00:00,2.2553935,61.389645
2025-07-06 05:00:00+00:00,2.1897945,80.53775
2025-07-06 06:00:00+00:00,1.8089776,95.7105
2025-07-06 07:00:00+00:00,0.40249225,26.564985
2025-07-06 08:00:00+00:00,1.9469976,303.6901
2025-07-06 09:00:00+00:00,3.62243,333.43503
2025-07-06 10:00:00+00:00,5.3699164,346.42953
2025-07-06 11:00:00+00:00,6.4799995,360.0
2025-07-06 12:00:00+00:00,6.5693827,9.462261
2025-07-06 13:00:00+00:00,5.7628117,14.470333
2025-07-06 14:00:00+00:00,3.710795,14.036275
2025-07-06 15:00:00+00:00,2.8856194,356.42374
2025-07-06 16:00:00+00:00,2.5959969,326.3099
2025-07-06 17:00:00+00:00,2.5455842,315.0001
2025-07-06 18:00:00+00:00,2.0364676,315.0001
2025-07-06 19:00:00+00:00,1.9469976,326.3099
2025-07-06 20:00:00+00:00,2.3400002,337.3801
2025-07-06 21:00:00+00:00,2.5071096,338.9624
2025-07-06 22:00:00+00:00,2.6758924,340.3461
2025-07-06 23:00:00+00:00,3.0758414,339.44388
2025-07-07 00:00:00+00:00,2.9301877,349.3804
2025-07-07 01:00:00+00:00,2.8460498,341.56494
2025-07-07 02:00:00+00:00,2.1674871,311.63345
2025-07-07 03:00:00+00:00,2.5264204,265.91446
2025-07-07 04:00:00+00:00,1.6299692,263.6599
2025-07-07 05:00:00+00:00,1.2074767,243.43501
2025-07-07 06:00:00+00:00,2.6758924,250.34608
2025-07-07 07:00:00+00:00,4.175069,262.5687
2025-07-07 08:00:00+00:00,5.7628117,284.47034
2025-07-07 09:00:00+00:00,5.896202,301.26367
2025-07-07 10:00:00+00:00,5.8603754,312.5104
2025-07-07 11:00:00+00:00,5.8769383,332.6502
2025-07-07 12:00:00+00:00,5.6492476,337.5205
2025-07-07 13:00:00+00:00,4.599695,329.42084
2025-07-07 14:00:00+00:00,3.9518096,300.06848
2025-07-07 15:00:00+00:00,4.9785542,282.5288
2025-07-07 16:00:00+00:00,6.1120534,283.627
2025-07-07 17:00:00+00:00,5.0528407,274.08554
2025-07-07 18:00:00+00:00,3.671294,258.6901
2025-07-07 19:00:00+00:00,2.8460498,251.56496
2025-07-07 20:00:00+00:00,2.1749482,245.55606
2025-07-07 21:00:00+00:00,1.609969,243.43501
2025-07-07 22:00:00+00:00,1.7727944,293.9625
2025-07-07 23:00:00+00:00,1.4058449,320.1945
2025-07-08 00:00:00+00:00,0.9178235,281.3099
2025-07-08 01:00:00+00:00,1.4399999,270.0
2025-07-08 02:00:00+00:00,3.6,270.0
2025-07-08 03:00:00+00:00,2.1068459,250.0168
2025-07-08 04:00:00+00:00,2.6758924,222.27362
2025-07-08 05:00:00+00:00,3.693291,226.97493
2025-07-08 06:00:00+00:00,4.3498964,245.55606
2025-07-08 07:00:00+00:00,4.802999,257.00537
2025-07-08 08:00:00+00:00,4.73506,261.2539
2025-07-08 09:00:00+00:00,4.8633323,272.12103
2025-07-08 10:00:00+00:00,5.6835546,280.954
2025-07-08 11:00:00+00:00,4.8733153,274.23633
2025-07-08 12:00:00+00:00,8.217153,298.8107
2025-07-08 13:00:00+00:00,5.414979,291.4478
2025-07-08 14:00:00+00:00,4.1556225,265.03033
2025-07-08 15:00:00+00:00,3.4247334,273.01273
2025-07-08 16:00:00+00:00,3.8856654,256.60748
2025-07-08 17:00:00+00:00,3.3043609,240.64233
2025-07-08 18:00:00+00:00,3.189608,253.61038
2025-07-08 19:00:00+00:00,2.5071096,248.96242
2025-07-08 20:00:00+00:00,2.36753,261.2539
2025-07-08 21:00:00+00:00,1.3104197,254.05453
2025-07-08 22:00:00+00:00,0.25455844,44.999897
2025-07-08 23:00:00+00:00,0.56920993,108.43504
2025-07-09 00:00:00+00:00,1.5484185,144.46223
2025-07-09 01:00:00+00:00,1.3104197,164.05453
2025-07-09 02:00:00+00:00,1.1384199,198.43504
2025-07-09 03:00:00+00:00,1.1384199,198.43504
2025-07-09 04:00:00+00:00,2.0991426,239.0363
2025-07-09 05:00:00+00:00,2.8116899,230.19447
2025-07-09 06:00:00+00:00,4.143911,214.3804
2025-07-09 07:00:00+00:00,4.471107,220.10085
2025-07-09 08:00:00+00:00,3.9518096,239.9315
2025-07-09 09:00:00+00:00,4.060985,257.19574
2025-07-09 10:00:00+00:00,4.613762,290.55612
2025-07-09 11:00:00+00:00,7.289444,290.22495
2025-07-09 12:00:00+00:00,5.637765,286.6993
2025-07-09 13:00:00+00:00,3.4623692,297.8972
2025-07-09 14:00:00+00:00,2.968636,255.96373
2025-07-09 15:00:00+00:00,2.7059932,266.186
2025-07-09 16:00:00+00:00,3.0758414,249.44386
2025-07-09 17:00:00+00:00,3.671294,258.6901
2025-07-09 18:00:00+00:00,4.0449963,249.14546
2025-07-09 19:00:00+00:00,3.536439,255.2564
2025-07-09 20:00:00+00:00,2.6758924,250.34608
2025-07-09 21:00:00+00:00,2.7238941,262.40546
2025-07-09 22:00:00+00:00,3.319036,310.60123
2025-07-09 23:00:00+00:00,2.8116899,309.8055
2025-07-10 00:00:00+00:00,1.8089776,275.7105
2025-07-10 01:00:00+00:00,2.8174455,243.43501
2025-07-10 02:00:00+00:00,3.8939953,236.3099
2025-07-10 03:00:00+00:00,4.6452556,234.46223
2025-07-10 04:00:00+00:00,5.2323985,229.18501
2025-07-10 05:00:00+00:00,5.5916004,236.82147
2025-07-10 06:00:00+00:00,5.95906,244.98314
2025-07-10 07:00:00+00:00,5.5567255,245.09526
2025-07-10 08:00:00+00:00,5.5829024,249.22766
2025-07-10 09:00:00+00:00,5.1197267,259.8754
2025-07-10 10:00:00+00:00,2.7416782,246.80138
2025-07-10 11:00:00+00:00,4.175069,262.5687
2025-07-10 12:00:00+00:00,3.381893,244.7989
2025-07-10 13:00:00+00:00,3.3043609,240.64233
2025-07-10 14:00:00+00:00,1.6981165,212.00534
2025-07-10 15:00:00+00:00,2.0124612,280.30478
2025-07-10 16:00:00+00:00,2.1068459,289.9832
2025-07-10 17:00:00+00:00,1.6981165,237.99466
2025-07-10 18:00:00+00:00,1.9134263,228.81418
2025-07-10 19:00:00+00:00,1.5484185,215.53777
2025-07-10 20:00:00+00:00,1.1525624,218.65984
2025-07-10 21:00:00+00:00,0.76367533,224.9999
2025-07-10 22:00:00+00:00,1.3708391,336.8014
2025-07-10 23:00:00+00:00,1.3708391,336.8014
2025-07-11 00:00:00+00:00,1.6981165,302.00534
2025-07-11 01:00:00+00:00,1.835647,258.6901
2025-07-11 02:00:00+00:00,2.8174455,243.43501
2025-07-11 03:00:00+00:00,2.50064,239.74365
2025-07-11 04:00:00+00:00,2.5959969,213.6901
2025-07-11 05:00:00+00:00,3.01735,197.35411
2025-07-11 06:00:00+00:00,3.6,216.86998
2025-07-11 07:00:00+00:00,4.186693,244.5367
2025-07-11 08:00:00+00:00,4.5572357,260.9098
2025-07-11 09:00:00+00:00,5.232399,266.0549
2025-07-11 10:00:00+00:00,6.206738,286.8585
2025-07-11 11:00:00+00:00,5.9644947,275.19434
2025-07-11 12:00:00+00:00,4.73506,261.2539
2025-07-11 13:00:00+00:00,2.5071096,248.96242
2025-07-11 14:00:00+00:00,1.6981165,147.99466
2025-07-11 15:00:00+00:00,2.0523157,142.12495
2025-07-11 16:00:00+00:00,1.8,143.13002
2025-07-11 17:00:00+00:00,1.484318,165.96373
2025-07-11 18:00:00+00:00,1.26,180.0
2025-07-11 19:00:00+00:00,0.9,180.0
2025-07-11 20:00:00+00:00,0.56920993,251.56496
2025-07-11 21:00:00+00:00,1.5484185,324.46225
2025-07-11 22:00:00+00:00,1.3708391,336.8014
2025-07-11 23:00:00+00:00,1.3104197,344.05453
2025-07-12 00:00:00+00:00,1.2074767,333.43503
2025-07-12 01:00:00+00:00,1.2074767,333.43503
2025-07-12 02:00:00+00:00,1.781909,224.9999
2025-07-12 03:00:00+00:00,3.4388947,222.87889
2025-07-12 04:00:00+00:00,3.6,216.86998
2025-07-12 05:00:00+00:00,3.693291,226.97493
2025-07-12 06:00:00+00:00,4.542994,236.3099
2025-07-12 07:00:00+00:00,4.186693,244.5367
2025-07-12 08:00:00+00:00,4.3349743,265.23645
2025-07-12 09:00:00+00:00,4.8466477,285.06854
2025-07-12 10:00:00+00:00,5.692099,304.69522
2025-07-12 11:00:00+00:00,4.752136,307.30402
2025-07-12 12:00:00+00:00,2.4482648,306.02747
2025-07-12 13:00:00+00:00,1.8532133,60.94549
2025-07-12 14:00:00+00:00,2.4014995,12.99463
2025-07-12 15:00:00+00:00,3.0758414,339.44388
2025-07-12 16:00:00+00:00,2.1897945,350.53775
2025-07-12 17:00:00+00:00,1.4512063,352.87506
2025-07-12 18:00:00+00:00,0.9,306.86996
2025-07-12 19:00:00+00:00,0.6489992,326.3099
2025-07-12 20:00:00+00:00,1.2727921,8.130019
2025-07-12 21:00:00+00:00,2.226477,14.036275
2025-07-12 22:00:00+00:00,2.34,360.0
2025-07-12 23:00:00+00:00,2.5264204,355.91446
2025-07-13 00:00:00+00:00,2.5455842,351.87
2025-07-13 01:00:00+00:00,2.6999998,360.0
2025-07-13 02:00:00+00:00,2.16,360.0
2025-07-13 03:00:00+00:00,1.8089776,354.2895
2025-07-13 04:00:00+00:00,0.9178235,348.6901
2025-07-13 05:00:00+00:00,0.25455844,224.9999
2025-07-13 06:00:00+00:00,2.3051248,218.65984
2025-07-13 07:00:00+00:00,3.0652893,229.76372
2025-07-13 08:00:00+00:00,2.8116899,230.19447
2025-07-13 09:00:00+00:00,3.494968,214.50858
2025-07-13 10:00:00+00:00,2.968636,194.03627
2025-07-13 11:00:00+00:00,2.4216523,228.01286
2025-07-13 12:00:00+00:00,2.8460495,235.30478
2025-07-13 13:00:00+00:00,1.1384199,198.43504
2025-07-13 14:00:00+00:00,2.1749482,155.55606
2025-07-13 15:00:00+00:00,2.1674871,138.36655
2025-07-13 16:00:00+00:00,2.3469129,147.52882
2025-07-13 17:00:00+00:00,1.4058449,129.80553
2025-07-13 18:00:00+00:00,1.4058449,50.194473
2025-07-13 19:00:00+00:00,1.4512063,29.744795
2025-07-13 20:00:00+00:00,1.08,360.0
2025-07-13 21:00:00+00:00,0.56920993,288.43503
2025-07-13 22:00:00+00:00,1.7727944,336.0375
2025-07-13 23:00:00+00:00,1.659518,310.60123
2025-07-14 00:00:00+00:00,0.9,306.86996
2025-07-14 01:00:00+00:00,1.8792552,286.6993
2025-07-14 02:00:00+00:00,2.5264204,265.91446
2025-07-14 03:00:00+00:00,3.362677,254.47583
2025-07-14 04:00:00+00:00,3.8856654,256.60748
2025-07-14 05:00:00+00:00,4.323748,267.6141
2025-07-14 06:00:00+00:00,5.020677,284.5345
2025-07-14 07:00:00+00:00,5.815978,291.80148
2025-07-14 08:00:00+00:00,5.6492476,292.47946
2025-07-14 09:00:00+00:00,5.5829024,290.77234
2025-07-14 10:00:00+00:00,3.9966488,277.76508
2025-07-14 11:00:00+00:00,5.414979,291.4478
2025-07-14 12:00:00+00:00,5.4119864,273.814
2025-07-14 13:00:00+00:00,5.09435,302.00534
2025-07-14 14:00:00+00:00,3.3092597,292.3802
2025-07-14 15:00:00+00:00,2.5455842,261.87
2025-07-14 16:00:00+00:00,2.0991426,239.0363
2025-07-14 17:00:00+00:00,1.8532133,209.0545
2025-07-14 18:00:00+00:00,2.0523157,195.25517
2025-07-14 19:00:00+00:00,2.0124612,206.56499
2025-07-14 20:00:00+00:00,1.5484185,215.53777
2025-07-14 21:00:00+00:00,1.659518,220.60121
2025-07-14 22:00:00+00:00,0.40249225,153.43501
2025-07-14 23:00:00+00:00,0.56920993,71.564964
2025-07-15 00:00:00+00:00,1.1525624,128.65984
2025-07-15 01:00:00+00:00,1.6981165,147.99466
2025-07-15 02:00:00+00:00,2.7943513,165.06853
2025-07-15 03:00:00+00:00,2.7059932,183.814
2025-07-15 04:00:00+00:00,2.4482646,197.10281
2025-07-15 05:00:00+00:00,2.8001428,224.9999
2025-07-15 06:00:00+00:00,2.995797,237.26477
2025-07-15 07:00:00+00:00,3.319036,229.39879
2025-07-15 08:00:00+00:00,3.4623692,207.89717
2025-07-15 09:00:00+00:00,3.7064266,209.0545
2025-07-15 10:00:00+00:00,3.06,241.92761
2025-07-15 11:00:00+00:00,5.22,316.3971
2025-07-15 12:00:00+00:00,2.4482646,252.89719
2025-07-15 13:00:00+00:00,2.2553935,241.38963
2025-07-15 14:00:00+00:00,3.6402748,261.46933
2025-07-15 15:00:00+00:00,3.4152596,251.56496
2025-07-15 16:00:00+00:00,2.5264204,274.08554
2025-07-15 17:00:00+00:00,1.2979984,236.3099
2025-07-15 18:00:00+00:00,1.9386592,201.80147
2025-07-15 19:00:00+00:00,1.7076298,198.43504
2025-07-15 20:00:00+00:00,1.4512063,150.2552
2025-07-15 21:00:00+00:00,1.4512063,150.2552
2025-07-15 22:00:00+00:00,1.484318,14.036275
2025-07-15 23:00:00+00:00,1.6299692,6.3401003
2025-07-16 00:00:00+00:00,2.16,360.0
2025-07-16 01:00:00+00:00,2.0124612,10.304792
2025-07-16 02:00:00+00:00,1.6299692,83.659904
2025-07-16 03:00:00+00:00,2.8001428,135.0001
2025-07-16 04:00:00+00:00,2.7238941,172.40544
2025-07-16 05:00:00+00:00,3.06,208.07239
2025-07-16 06:00:00+00:00,3.6,233.13002
2025-07-16 07:00:00+00:00,3.5455887,246.0375
2025-07-16 08:00:00+00:00,3.6447225,237.09476
2025-07-16 09:00:00+00:00,3.572898,229.08571
2025-07-16 10:00:00+00:00,5.004518,232.3057
2025-07-16 11:00:00+00:00,6.4624763,282.875
2025-07-16 12:00:00+00:00,6.87779,276.0089
2025-07-16 13:00:00+00:00,4.175069,262.5687
2025-07-16 14:00:00+00:00,3.9763298,264.80566
2025-07-16 15:00:00+00:00,3.2399998,270.0
2025-07-16 16:00:00+00:00,2.5264204,265.91446
2025-07-16 17:00:00+00:00,2.3400002,247.3801
2025-07-16 18:00:00+00:00,2.1749482,245.55606
2025-07-16 19:00:00+00:00,1.484318,255.96373
2025-07-16 20:00:00+00:00,1.0948973,260.53775
2025-07-16 21:00:00+00:00,1.0948973,279.46225
2025-07-16 22:00:00+00:00,0.9,323.13
2025-07-16 23:00:00+00:00,0.742159,284.03625
2025-07-17 00:00:00+00:00,1.0495713,300.96368
2025-07-17 01:00:00+00:00,2.0523157,285.25516
2025-07-17 02:00:00+00:00,3.0811036,263.29025
2025-07-17 03:00:00+00:00,3.438895,263.9911
2025-07-17 04:00:00+00:00,3.189608,253.61038
2025-07-17 05:00:00+00:00,3.319036,257.4712
2025-07-17 06:00:00+00:00,4.2021422,260.13425
2025-07-17 07:00:00+00:00,4.6938252,265.60138
2025-07-17 08:00:00+00:00,5.771239,273.57626
2025-07-17 09:00:00+00:00,6.3231,274.89902
2025-07-17 10:00:00+00:00,5.0688457,276.11542
2025-07-17 11:00:00+00:00,5.7628117,271.78986
2025-07-17 12:00:00+00:00,6.6794305,284.03625
2025-07-17 13:00:00+00:00,5.6492476,300.65057
2025-07-17 14:00:00+00:00,4.327493,286.92758
2025-07-17 15:00:00+00:00,1.6299692,263.6599
2025-07-17 16:00:00+00:00,1.5273507,224.9999
2025-07-17 17:00:00+00:00,1.4512063,240.2552
2025-07-17 18:00:00+00:00,0.9,306.86996
2025-07-17 19:00:00+00:00,1.08,360.0
2025-07-17 20:00:00+00:00,0.6489992,326.3099
2025-07-17 21:00:00+00:00,0.6489992,303.6901
2025-07-17 22:00:00+00:00,1.484318,345.9637
2025-07-17 23:00:00+00:00,1.4512063,330.25522
2025-07-18 00:00:00+00:00,1.609969,333.43503
2025-07-18 01:00:00+00:00,1.609969,333.43503
2025-07-18 02:00:00+00:00,2.1068459,289.9832
2025-07-18 03:00:00+00:00,3.5455887,293.9625
2025-07-18 04:00:00+00:00,3.6179552,275.7105
2025-07-18 05:00:00+00:00,4.7110505,276.58185
2025-07-18 06:00:00+00:00,5.1197267,280.1246
2025-07-18 07:00:00+00:00,5.020677,284.5345
2025-07-18 08:00:00+00:00,4.8466477,285.06854
2025-07-18 09:00:00+00:00,4.6800003,292.6199
2025-07-18 10:00:00+00:00,3.8183763,278.13
2025-07-18 11:00:00+00:00,4.0449967,237.72438
2025-07-18 12:00:00+00:00,1.5273507,315.0001
2025-07-18 13:00:00+00:00,3.219938,296.56497
2025-07-18 14:00:00+00:00,2.5582807,230.71062
2025-07-18 15:00:00+00:00,1.8,233.13002
2025-07-18 16:00:00+00:00,2.0523157,307.87503
2025-07-18 17:00:00+00:00,1.609969,63.435013
2025-07-18 18:00:00+00:00,1.7076298,108.43504
2025-07-18 19:00:00+00:00,2.1674871,138.36655
2025-07-18 20:00:00+00:00,2.1674871,138.36655
2025-07-18 21:00:00+00:00,2.50064,149.74365
2025-07-18 22:00:00+00:00,2.9024127,150.2552
2025-07-18 23:00:00+00:00,2.7416782,156.80138
2025-07-19 00:00:00+00:00,1.9469976,146.3099
2025-07-19 01:00:00+00:00,2.50064,149.74365
2025-07-19 02:00:00+00:00,3.3092597,157.61983
2025-07-19 03:00:00+00:00,3.01735,162.64589
2025-07-19 04:00:00+00:00,3.096837,144.46223
2025-07-19 05:00:00+00:00,2.9301877,132.5104
2025-07-19 06:00:00+00:00,2.3469129,147.52882
2025-07-19 07:00:00+00:00,1.8089776,174.2895
2025-07-19 08:00:00+00:00,1.4058449,230.19447
2025-07-19 09:00:00+00:00,2.5772078,257.90524
2025-07-19 10:00:00+00:00,1.2979984,303.6901
2025-07-19 11:00:00+00:00,3.710795,255.96373
2025-07-19 12:00:00+00:00,4.3832865,289.1791
2025-07-19 13:00:00+00:00,2.907989,291.80148
2025-07-19 14:00:00+00:00,3.462369,261.02747
2025-07-19 15:00:00+00:00,0.17999999,180.0
2025-07-19 16:00:00+00:00,0.9,323.13
2025-07-19 17:00:00+00:00,0.40249225,153.43501
2025-07-19 18:00:00+00:00,0.6489992,326.3099
2025-07-19 19:00:00+00:00,1.8,90.0
2025-07-19 20:00:00+00:00,1.2979984,56.309914
2025-07-19 21:00:00+00:00,0.9,36.86999
2025-07-19 22:00:00+00:00,0.8049845,116.56499
2025-07-19 23:00:00+00:00,1.659518,77.4712
2025-07-20 00:00:00+00:00,1.5484185,54.46224
2025-07-20 01:00:00+00:00,1.7727944,66.037506
2025-07-20 02:00:00+00:00,2.1068459,70.01681
2025-07-20 03:00:00+00:00,1.98,90.0
2025-07-20 04:00:00+00:00,1.6299692,96.340096
2025-07-20 05:00:00+00:00,0.76367533,135.0001
2025-07-20 06:00:00+00:00,2.0124612,259.69522
2025-07-20 07:00:00+00:00,2.8856194,273.57626
2025-07-20 08:00:00+00:00,2.5455842,261.87
2025-07-20 09:00:00+00:00,2.7534704,258.6901
2025-07-20 10:00:00+00:00,3.8647635,297.75842
2025-07-20 11:00:00+00:00,5.4744864,297.4075
2025-07-20 12:00:00+00:00,6.1858225,278.36578
2025-07-20 13:00:00+00:00,3.148714,300.96368
2025-07-20 14:00:00+00:00,3.604497,87.13766
2025-07-20 15:00:00+00:00,2.52,90.0
2025-07-20 16:00:00+00:00,2.19718,34.9921
2025-07-20 17:00:00+00:00,2.5772076,65.22488
2025-07-20 18:00:00+00:00,1.7727944,23.962492
2025-07-20 19:00:00+00:00,1.659518,40.601215
2025-07-20 20:00:00+00:00,2.19718,34.9921
2025-07-20 21:00:00+00:00,2.3051248,38.65983
2025-07-20 22:00:00+00:00,3.219938,26.564985
2025-07-20 23:00:00+00:00,2.8174455,26.564985
2025-07-21 00:00:00+00:00,2.6758924,19.653913
2025-07-21 01:00:00+00:00,2.7416782,23.198618
2025-07-21 02:00:00+00:00,3.2048087,38.157276
2025-07-21 03:00:00+00:00,2.9024127,60.255207
2025-07-21 04:00:00+00:00,2.9024127,97.12492
2025-07-21 05:00:00+00:00,2.0991426,120.96369
2025-07-21 06:00:00+00:00,0.9,216.86998
2025-07-21 07:00:00+00:00,3.7842832,267.27374
2025-07-21 08:00:00+00:00,4.6834598,267.79745
2025-07-21 09:00:00+00:00,4.8633323,267.87894
2025-07-21 10:00:00+00:00,5.369916,309.55963
2025-07-21 11:00:00+00:00,5.8852015,293.4287
2025-07-21 12:00:00+00:00,2.9522195,307.56866
2025-07-21 13:00:00+00:00,2.4482648,233.97253
2025-07-21 14:00:00+00:00,3.189608,286.38962
2025-07-21 15:00:00+00:00,1.5273507,135.0001
2025-07-21 16:00:00+00:00,1.7076298,251.56496
2025-07-21 17:00:00+00:00,2.2910259,315.0001
2025-07-21 18:00:00+00:00,1.1384199,71.564964
2025-07-21 19:00:00+00:00,0.56920993,341.56494
2025-07-21 20:00:00+00:00,1.1525624,321.34018
2025-07-21 21:00:00+00:00,0.76367533,315.0001
2025-07-21 22:00:00+00:00,0.9,323.13
2025-07-21 23:00:00+00:00,1.835647,348.6901
2025-07-22 00:00:00+00:00,1.5484185,324.46225
2025-07-22 01:00:00+00:00,1.08,270.0
2025-07-22 02:00:00+00:00,2.3469129,302.47116
2025-07-22 03:00:00+00:00,1.609969,333.43503
2025-07-22 04:00:00+00:00,1.3708391,66.801384
2025-07-22 05:00:00+00:00,3.671294,101.3099
2025-07-22 06:00:00+00:00,4.599695,120.57915
2025-07-22 07:00:00+00:00,4.143911,177.5105
2025-07-22 08:00:00+00:00,4.8466477,195.06854
2025-07-22 09:00:00+00:00,4.503598,267.70944
2025-07-22 10:00:00+00:00,3.8183763,278.13
2025-07-22 11:00:00+00:00,2.6999998,306.86996
2025-07-22 12:00:00+00:00,2.3400002,202.6199
2025-07-22 13:00:00+00:00,0.9,306.86996
2025-07-22 14:00:00+00:00,2.6758924,250.34608
2025-07-22 15:00:00+00:00,1.2727921,188.13002
2025-07-22 16:00:00+00:00,0.76367533,135.0001
2025-07-22 17:00:00+00:00,0.35999998,90.0
2025-07-22 18:00:00+00:00,0.71999997,90.0
2025-07-22 19:00:00+00:00,0.5091169,44.999897
2025-07-22 20:00:00+00:00,1.659518,12.528798
2025-07-22 21:00:00+00:00,2.0124612,26.564985
2025-07-22 22:00:00+00:00,3.438895,353.9911
2025-07-22 23:00:00+00:00,3.4247334,3.0127327
2025-07-23 00:00:00+00:00,3.8183763,8.130019
2025-07-23 01:00:00+00:00,2.9301877,10.61961
2025-07-23 02:00:00+00:00,2.2553935,28.610369
2025-07-23 03:00:00+00:00,2.1068459,70.01681
2025-07-23 04:00:00+00:00,2.6758924,132.27362
2025-07-23 05:00:00+00:00,3.3092597,157.61983
2025-07-23 06:00:00+00:00,3.62243,153.43501
2025-07-23 07:00:00+00:00,3.4388947,132.87889
2025-07-23 08:00:00+00:00,2.2910259,135.0001
2025-07-23 09:00:00+00:00,1.484318,194.03627
2025-07-23 10:00:00+00:00,2.3469126,265.60138
2025-07-23 11:00:00+00:00,2.968636,284.03625
2025-07-23 12:00:00+00:00,2.968636,255.96373
2025-07-23 13:00:00+00:00,3.494968,304.50858
2025-07-23 14:00:00+00:00,1.2727921,278.13
2025-07-23 15:00:00+00:00,0.742159,14.036275
2025-07-23 16:00:00+00:00,0.35999998,90.0
2025-07-23 17:00:00+00:00,0.25455844,44.999897
2025-07-23 18:00:00+00:00,1.1384199,341.56494
2025-07-23 19:00:00+00:00,1.4512063,7.12493
2025-07-23 20:00:00+00:00,2.5772078,12.094739
2025-07-23 21:00:00+00:00,2.3469126,4.398633
2025-07-23 22:00:00+00:00,2.52,360.0
2025-07-23 23:00:00+00:00,2.8856194,356.42374
2025-07-24 00:00:00+00:00,2.7059932,356.186
2025-07-24 01:00:00+00:00,2.5264204,355.91446
2025-07-24 02:00:00+00:00,1.4512063,352.87506
2025-07-24 03:00:00+00:00,0.54,270.0
2025-07-24 04:00:00+00:00,2.2768397,251.56496
2025-07-24 05:00:00+00:00,3.319036,257.4712
2025-07-24 06:00:00+00:00,4.1556225,252.3498
2025-07-24 07:00:00+00:00,4.4274144,243.43501
2025-07-24 08:00:00+00:00,4.327493,253.0724
2025-07-24 09:00:00+00:00,4.3274937,224.9999
2025-07-24 10:00:00+00:00,3.8183763,224.9999
2025-07-24 11:00:00+00:00,2.657668,208.30066
2025-07-24 12:00:00+00:00,3.06,241.92761
2025-07-24 13:00:00+00:00,2.4482648,306.02747
2025-07-24 14:00:00+00:00,3.0547013,315.0001
2025-07-24 15:00:00+00:00,0.35999998,180.0
2025-07-24 16:00:00+00:00,0.17999999,360.0
2025-07-24 17:00:00+00:00,1.5379207,339.44388
2025-07-24 18:00:00+00:00,1.3104197,344.05453
2025-07-24 19:00:00+00:00,0.54,360.0
2025-07-24 20:00:00+00:00,1.7076298,18.435053
2025-07-24 21:00:00+00:00,2.2768397,18.435053
2025-07-24 22:00:00+00:00,2.6208394,15.945477
2025-07-24 23:00:00+00:00,2.3469126,4.398633
2025-07-25 00:00:00+00:00,2.52,360.0
2025-07-25 01:00:00+00:00,2.5071096,21.037588
2025-07-25 02:00:00+00:00,1.6981165,32.005356
2025-07-25 03:00:00+00:00,0.742159,104.03627
2025-07-25 04:00:00+00:00,2.968636,194.03627
2025-07-25 05:00:00+00:00,3.0758414,200.55612
2025-07-25 06:00:00+00:00,3.3043609,209.35765
2025-07-25 07:00:00+00:00,4.3349743,221.63345
2025-07-25 08:00:00+00:00,5.293959,234.6887
2025-07-25 09:00:00+00:00,4.445672,248.6293
2025-07-25 10:00:00+00:00,4.5,253.73972
2025-07-25 11:00:00+00:00,2.8460495,235.30478
2025-07-25 12:00:00+00:00,4.5,270.0
2025-07-25 13:00:00+00:00,3.189608,253.61038
2025-07-25 14:00:00+00:00,1.9881649,264.80566
2025-07-25 15:00:00+00:00,1.2074767,243.43501
2025-07-25 16:00:00+00:00,0.9,180.0
2025-07-25 17:00:00+00:00,0.742159,255.96373
2025-07-25 18:00:00+00:00,1.4058449,320.1945
2025-07-25 19:00:00+00:00,1.4512063,330.25522
2025-07-25 20:00:00+00:00,1.484318,345.9637
2025-07-25 21:00:00+00:00,1.08,360.0
2025-07-25 22:00:00+00:00,2.5264204,4.085537
2025-07-25 23:00:00+00:00,1.659518,347.4712
2025-07-26 00:00:00+00:00,2.1897945,350.53775
2025-07-26 01:00:00+00:00,2.7534704,348.6901
2025-07-26 02:00:00+00:00,2.1068459,340.0168
2025-07-26 03:00:00+00:00,1.659518,282.5288
2025-07-26 04:00:00+00:00,2.4482646,252.89719
2025-07-26 05:00:00+00:00,3.096837,234.46223
2025-07-26 06:00:00+00:00,3.8939953,236.3099
2025-07-26 07:00:00+00:00,4.599695,239.42085
2025-07-26 08:00:00+00:00,4.1046314,254.74483
2025-07-26 09:00:00+00:00,4.5322843,276.84268
2025-07-26 10:00:00+00:00,4.8965297,306.02747
2025-07-26 11:00:00+00:00,4.829907,296.56497
2025-07-26 12:00:00+00:00,4.846648,291.80148
2025-07-26 13:00:00+00:00,3.550155,300.46545
2025-07-26 14:00:00+00:00,1.7076298,251.56496
2025-07-26 15:00:00+00:00,1.5273507,224.9999
2025-07-26 16:00:00+00:00,1.2727921,261.87
2025-07-26 17:00:00+00:00,1.5484185,305.53775
2025-07-26 18:00:00+00:00,1.4058449,320.1945
2025-07-26 19:00:00+00:00,1.3708391,336.8014
2025-07-26 20:00:00+00:00,1.3104197,344.05453
2025-07-26 21:00:00+00:00,1.5379207,339.44388
2025-07-26 22:00:00+00:00,2.0124612,10.304792
2025-07-26 23:00:00+00:00,1.8089776,354.2895
2025-07-27 00:00:00+00:00,1.9881649,354.80566
2025-07-27 01:00:00+00:00,2.226477,345.9637
2025-07-27 02:00:00+00:00,1.6981165,327.99466
2025-07-27 03:00:00+00:00,1.6299692,276.3401
2025-07-27 04:00:00+00:00,2.9301877,259.3804
2025-07-27 05:00:00+00:00,3.4949677,258.11136
2025-07-27 06:00:00+00:00,3.5864744,252.47433
2025-07-27 07:00:00+00:00,4.2136917,250.0168
2025-07-27 08:00:00+00:00,3.9844694,251.56496
2025-07-27 09:00:00+00:00,4.2366967,257.73523
2025-07-27 10:00:00+00:00,4.6834598,267.79745
2025-07-27 11:00:00+00:00,5.1575575,330.75128
2025-07-27 12:00:00+00:00,3.62243,296.56497
2025-07-27 13:00:00+00:00,3.244996,266.82022
2025-07-27 14:00:00+00:00,1.3708391,293.1986
2025-07-27 15:00:00+00:00,0.54,270.0
2025-07-27 16:00:00+00:00,0.40249225,116.56499
2025-07-27 17:00:00+00:00,0.17999999,90.0
2025-07-27 18:00:00+00:00,1.0495713,59.03632
2025-07-27 19:00:00+00:00,0.76367533,44.999897
2025-07-27 20:00:00+00:00,0.9178235,11.3098955
2025-07-27 21:00:00+00:00,1.26,360.0
2025-07-27 22:00:00+00:00,2.0991426,30.963696
2025-07-27 23:00:00+00:00,1.6199999,360.0
2025-07-28 00:00:00+00:00,2.16,360.0
2025-07-28 01:00:00+00:00,2.16,360.0
2025-07-28 02:00:00+00:00,1.7076298,18.435053
2025-07-28 03:00:00+00:00,1.2727921,135.0001
2025-07-28 04:00:00+00:00,2.5772078,192.09474
2025-07-28 05:00:00+00:00,3.710795,219.09384
2025-07-28 06:00:00+00:00,3.7064266,240.94548
2025-07-28 07:00:00+00:00,4.452954,255.96373
2025-07-28 08:00:00+00:00,5.0528407,274.08554
2025-07-28 09:00:00+00:00,4.829907,296.56497
2025-07-28 10:00:00+00:00,4.599695,300.57913
2025-07-28 11:00:00+00:00,3.8268526,318.81415
2025-07-28 12:00:00+00:00,4.080882,311.42358
2025-07-28 13:00:00+00:00,4.293669,326.97614
2025-07-28 14:00:00+00:00,2.4149535,333.43503
2025-07-28 15:00:00+00:00,1.4058449,309.8055
2025-07-28 16:00:00+00:00,0.9178235,281.3099
2025-07-28 17:00:00+00:00,1.1384199,288.43503
2025-07-28 18:00:00+00:00,1.1525624,321.34018
2025-07-28 19:00:00+00:00,1.7076298,341.56494
2025-07-28 20:00:00+00:00,1.9881649,354.80566
2025-07-28 21:00:00+00:00,2.1674871,355.23645
2025-07-28 22:00:00+00:00,2.5264204,355.91446
2025-07-28 23:00:00+00:00,2.5264204,355.91446
2025-07-29 00:00:00+00:00,2.5264204,355.91446
2025-07-29 01:00:00+00:00,2.8856194,3.5762644
2025-07-29 02:00:00+00:00,1.9881649,354.80566
2025-07-29 03:00:00+00:00,0.8049845,296.56497
2025-07-29 04:00:00+00:00,2.36753,261.2539
2025-07-29 05:00:00+00:00,3.143565,256.75946
2025-07-29 06:00:00+00:00,3.9312592,254.05453
2025-07-29 07:00:00+00:00,4.5891175,258.6901
2025-07-29 08:00:00+00:00,4.86,270.0
2025-07-29 09:00:00+00:00,5.4656014,287.24155
2025-07-29 10:00:00+00:00,5.3939967,295.7099
2025-07-29 11:00:00+00:00,5.2478566,300.96368
2025-07-29 12:00:00+00:00,6.77575,286.9909
2025-07-29 13:00:00+00:00,4.5,306.86996
2025-07-29 14:00:00+00:00,3.2048087,321.8427
2025-07-29 15:00:00+00:00,1.9134263,318.81415
2025-07-29 16:00:00+00:00,1.3104197,254.05453
2025-07-29 17:00:00+00:00,1.4512063,262.8751
2025-07-29 18:00:00+00:00,0.742159,255.96373
2025-07-29 19:00:00+00:00,0.8049845,296.56497
2025-07-29 20:00:00+00:00,1.3708391,336.8014
2025-07-29 21:00:00+00:00,1.659518,347.4712
2025-07-29 22:00:00+00:00,2.6208394,344.05453
2025-07-29 23:00:00+00:00,2.1749482,335.55606
2025-07-30 00:00:00+00:00,1.6299692,353.6599
2025-07-30 01:00:00+00:00,1.2074767,333.43503
2025-07-30 02:00:00+00:00,2.4482648,216.02747
2025-07-30 03:00:00+00:00,3.8939953,213.6901
2025-07-30 04:00:00+00:00,4.724786,220.36446
2025-07-30 05:00:00+00:00,4.669604,242.44727
2025-07-30 06:00:00+00:00,6.0347,252.64589
2025-07-30 07:00:00+00:00,6.7205353,262.30405
2025-07-30 08:00:00+00:00,7.3821945,271.39716
2025-07-30 09:00:00+00:00,7.3094187,279.92618
2025-07-30 10:00:00+00:00,6.544677,301.5042
2025-07-30 11:00:00+00:00,6.9899354,281.88864
2025-07-30 12:00:00+00:00,5.426933,275.7105
2025-07-30 13:00:00+00:00,5.0688457,276.11542
2025-07-30 14:00:00+00:00,3.438895,263.9911
2025-07-30 15:00:00+00:00,2.7943513,255.06853
2025-07-30 16:00:00+00:00,2.5772076,245.22488
2025-07-30 17:00:00+00:00,2.4216523,228.01286
2025-07-30 18:00:00+00:00,1.8,233.13002
2025-07-30 19:00:00+00:00,1.659518,229.39879
2025-07-30 20:00:00+00:00,1.3708391,246.80138
2025-07-30 21:00:00+00:00,1.26,270.0
2025-07-30 22:00:00+00:00,1.4512063,352.87506
2025-07-30 23:00:00+00:00,1.6199999,360.0
2025-07-31 00:00:00+00:00,1.2727921,351.87
2025-07-31 01:00:00+00:00,0.9178235,11.3098955
2025-07-31 02:00:00+00:00,0.5091169,135.0001
2025-07-31 03:00:00+00:00,2.5772078,192.09474
2025-07-31 04:00:00+00:00,4.198285,210.96368
2025-07-31 05:00:00+00:00,4.6452556,215.53777
2025-07-31 06:00:00+00:00,4.724786,229.63554
2025-07-31 07:00:00+00:00,4.514377,246.50142
2025-07-31 08:00:00+00:00,5.5799994,270.0
2025-07-31 09:00:00+00:00,7.0774574,277.30566
2025-07-31 10:00:00+00:00,7.1389914,303.6901
2025-07-31 11:00:00+00:00,7.029225,309.8055
2025-07-31 12:00:00+00:00,7.10031,300.46545
2025-07-31 13:00:00+00:00,5.9617786,298.88647
2025-07-31 14:00:00+00:00,3.62243,296.56497
2025-07-31 15:00:00+00:00,2.7534704,281.3099
2025-07-31 16:00:00+00:00,2.34,270.0
2025-07-31 17:00:00+00:00,2.1674871,265.23645
2025-07-31 18:00:00+00:00,1.98,270.0
2025-07-31 19:00:00+00:00,1.98,270.0
2025-07-31 20:00:00+00:00,1.98,270.0
2025-07-31 21:00:00+00:00,1.8,270.0
2025-07-31 22:00:00+00:00,1.9134263,311.18582
2025-07-31 23:00:00+00:00,1.3708391,336.8014
2025-08-01 00:00:00+00:00,1.0948973,350.53775
2025-08-01 01:00:00+00:00,1.2074767,333.43503
2025-08-01 02:00:00+00:00,1.2727921,261.87
2025-08-01 03:00:00+00:00,3.219938,243.43501
2025-08-01 04:00:00+00:00,4.2481523,233.61555
2025-08-01 05:00:00+00:00,4.5,233.13002
2025-08-01 06:00:00+00:00,5.293959,234.6887
2025-08-01 07:00:00+00:00,6.037383,243.43501
2025-08-01 08:00:00+00:00,6.452441,247.01126
2025-08-01 09:00:00+00:00,6.151683,249.44386
2025-08-01 10:00:00+00:00,6.341009,263.4803
2025-08-01 11:00:00+00:00,6.28713,256.75946
2025-08-01 12:00:00+00:00,5.4744864,260.53775
2025-08-01 13:00:00+00:00,5.2694216,262.1468
2025-08-01 14:00:00+00:00,3.7585104,253.30067
2025-08-01 15:00:00+00:00,2.9024127,240.2552
2025-08-01 16:00:00+00:00,2.3469129,237.52882
2025-08-01 17:00:00+00:00,1.8,233.13002
2025-08-01 18:00:00+00:00,1.9469976,213.6901
2025-08-01 19:00:00+00:00,1.8532133,209.0545
2025-08-01 20:00:00+00:00,1.8,216.86998
2025-08-01 21:00:00+00:00,1.2727921,224.9999
2025-08-01 22:00:00+00:00,0.6489992,213.6901
2025-08-01 23:00:00+00:00,1.4058449,219.80553
2025-08-02 00:00:00+00:00,1.6981165,212.00534
2025-08-02 01:00:00+00:00,2.0523157,217.87505
2025-08-02 02:00:00+00:00,2.0523157,254.74483
2025-08-02 03:00:00+00:00,2.8856194,273.57626
2025-08-02 04:00:00+00:00,4.5322843,276.84268
2025-08-02 05:00:00+00:00,5.3699164,283.57043
2025-08-02 06:00:00+00:00,5.637765,286.6993
2025-08-02 07:00:00+00:00,6.6794305,284.03625
2025-08-02 08:00:00+00:00,6.341009,276.5197
2025-08-02 09:00:00+00:00,6.122647,271.68463
2025-08-02 10:00:00+00:00,4.3349743,265.23645
2025-08-02 11:00:00+00:00,3.4949677,258.11136
2025-08-02 12:00:00+00:00,3.381893,244.7989
2025-08-02 13:00:00+00:00,2.9301877,227.4896
2025-08-02 14:00:00+00:00,2.4216523,228.01286
2025-08-02 15:00:00+00:00,2.1674871,221.63345
2025-08-02 16:00:00+00:00,1.609969,206.56499
2025-08-02 17:00:00+00:00,1.9386592,201.80147
2025-08-02 18:00:00+00:00,1.9386592,201.80147
2025-08-02 19:00:00+00:00,1.6981165,212.00534
2025-08-02 20:00:00+00:00,1.6981165,237.99466
2025-08-02 21:00:00+00:00,1.5484185,234.46223
2025-08-02 22:00:00+00:00,1.0948973,260.53775
2025-08-02 23:00:00+00:00,1.26,270.0
2025-08-03 00:00:00+00:00,1.2727921,261.87
2025-08-03 01:00:00+00:00,1.484318,255.96373
2025-08-03 02:00:00+00:00,1.9386592,248.19853
2025-08-03 03:00:00+00:00,3.2048087,231.84273
2025-08-03 04:00:00+00:00,4.143911,235.6196
2025-08-03 05:00:00+00:00,4.913044,241.55717
2025-08-03 06:00:00+00:00,5.8603754,259.3804
2025-08-03 07:00:00+00:00,6.1858225,261.6342
2025-08-03 08:00:00+00:00,6.310277,266.72958
2025-08-03 09:00:00+00:00,6.66,270.0
2025-08-03 10:00:00+00:00,5.896202,282.33908
2025-08-03 11:00:00+00:00,5.5916004,266.3087
2025-08-03 12:00:00+00:00,5.6835546,259.046
2025-08-03 13:00:00+00:00,4.4274144,243.43501
2025-08-03 14:00:00+00:00,3.693291,223.02507
2025-08-03 15:00:00+00:00,3.244996,213.6901
2025-08-03 16:00:00+00:00,2.9024127,209.7448
2025-08-03 17:00:00+00:00,2.5772076,204.77512
2025-08-03 18:00:00+00:00,1.9386592,201.80147
2025-08-03 19:00:00+00:00,1.7076298,198.43504
2025-08-03 20:00:00+00:00,1.5379207,200.55612
2025-08-03 21:00:00+00:00,1.484318,194.03627
2025-08-03 22:00:00+00:00,1.0948973,170.53775
2025-08-03 23:00:00+00:00,0.5091169,135.0001
2025-08-04 00:00:00+00:00,0.5091169,135.0001
2025-08-04 01:00:00+00:00,0.54,180.0
2025-08-04 02:00:00+00:00,2.4482648,216.02747
2025-08-04 03:00:00+00:00,3.319036,229.39879
2025-08-04 04:00:00+00:00,4.2481523,233.61555
2025-08-04 05:00:00+00:00,4.599695,239.42085
2025-08-04 06:00:00+00:00,5.4744864,242.5925
2025-08-04 07:00:00+00:00,6.2613096,251.56496
2025-08-04 08:00:00+00:00,6.2145634,259.9921
2025-08-04 09:00:00+00:00,7.02,270.0
2025-08-04 10:00:00+00:00,5.4477882,277.59454
2025-08-04 11:00:00+00:00,5.796447,306.15826
2025-08-04 12:00:00+00:00,5.983477,316.2188
2025-08-04 13:00:00+00:00,4.8366103,315.0001
2025-08-04 14:00:00+00:00,3.693291,313.0251
2025-08-04 15:00:00+00:00,3.0652893,310.2363
2025-08-04 16:00:00+00:00,2.3400002,292.6199
2025-08-04 17:00:00+00:00,1.6199999,270.0
2025-08-04 18:00:00+00:00,1.4512063,262.8751
2025-08-04 19:00:00+00:00,1.484318,284.03625
2025-08-04 20:00:00+00:00,1.6981165,302.00534
2025-08-04 21:00:00+00:00,2.1674871,311.63345
2025-08-04 22:00:00+00:00,3.189608,343.61038
2025-08-04 23:00:00+00:00,2.968636,345.9637
2025-08-05 00:00:00+00:00,2.9301877,349.3804
2025-08-05 01:00:00+00:00,2.968636,345.9637
2025-08-05 02:00:00+00:00,3.536439,345.25638
2025-08-05 03:00:00+00:00,3.0652893,310.2363
2025-08-05 04:00:00+00:00,3.2599385,276.3401
2025-08-05 05:00:00+00:00,4.14,270.0
2025-08-05 06:00:00+00:00,5.0688457,263.88458
2025-08-05 07:00:00+00:00,6.2145634,259.9921
2025-08-05 08:00:00+00:00,7.562142,271.3639
2025-08-05 09:00:00+00:00,8.163749,284.03625
2025-08-05 10:00:00+00:00,7.0107627,311.87778
2025-08-05 11:00:00+00:00,7.2649574,318.01285
2025-08-05 12:00:00+00:00,6.8777895,312.8789
2025-08-05 13:00:00+00:00,5.2323985,310.81497
2025-08-05 14:00:00+00:00,3.244996,303.6901
2025-08-05 15:00:00+00:00,2.226477,284.03625
2025-08-05 16:00:00+00:00,1.2727921,261.87
2025-08-05 17:00:00+00:00,1.1384199,251.56496
2025-08-05 18:00:00+00:00,0.71999997,270.0
2025-08-05 19:00:00+00:00,1.1384199,288.43503
2025-08-05 20:00:00+00:00,1.5484185,324.46225
2025-08-05 21:00:00+00:00,1.8532133,330.9455
2025-08-05 22:00:00+00:00,1.9386592,338.19852
2025-08-05 23:00:00+00:00,2.34,360.0
2025-08-06 00:00:00+00:00,2.1749482,335.55606
2025-08-06 01:00:00+00:00,2.1897945,350.53775
2025-08-06 02:00:00+00:00,1.2979984,303.6901
2025-08-06 03:00:00+00:00,2.1749482,245.55606
2025-08-06 04:00:00+00:00,3.2048087,231.84273
2025-08-06 05:00:00+00:00,3.8183763,224.9999
2025-08-06 06:00:00+00:00,4.080882,228.57643
2025-08-06 07:00:00+00:00,5.068846,253.49556
2025-08-06 08:00:00+00:00,6.310277,266.72958
2025-08-06 09:00:00+00:00,7.415038,275.5721
2025-08-06 10:00:00+00:00,7.072878,284.74362
2025-08-06 11:00:00+00:00,7.353611,291.54105
2025-08-06 12:00:00+00:00,7.056826,307.74686
2025-08-06 13:00:00+00:00,6.7469993,316.08084
2025-08-06 14:00:00+00:00,4.5,323.13
2025-08-06 15:00:00+00:00,3.693291,316.9749
2025-08-06 16:00:00+00:00,3.396233,302.00534
2025-08-06 17:00:00+00:00,2.7416782,293.1986
2025-08-06 18:00:00+00:00,2.3400002,292.6199
2025-08-06 19:00:00+00:00,1.7076298,288.43503
2025-08-06 20:00:00+00:00,1.5273507,315.0001
2025-08-06 21:00:00+00:00,1.6981165,327.99466
2025-08-06 22:00:00+00:00,1.6199999,360.0
2025-08-06 23:00:00+00:00,1.7076298,341.56494
2025-08-07 00:00:00+00:00,2.2768397,341.56494
2025-08-07 01:00:00+00:00,2.1749482,335.55606
2025-08-07 02:00:00+00:00,1.7727944,336.0375
2025-08-07 03:00:00+00:00,1.2727921,261.87
2025-08-07 04:00:00+00:00,2.3469129,237.52882
2025-08-07 05:00:00+00:00,2.5959969,236.3099
2025-08-07 06:00:00+00:00,3.6447225,237.09476
2025-08-07 07:00:00+00:00,4.942631,236.88864
2025-08-07 08:00:00+00:00,5.1826253,249.67677
2025-08-07 09:00:00+00:00,5.7628117,268.2101
2025-08-07 10:00:00+00:00,4.278551,292.24908
2025-08-07 11:00:00+00:00,4.7928696,304.28693
2025-08-07 12:00:00+00:00,5.6521144,322.76508
2025-08-07 13:00:00+00:00,5.4744864,350.53775
2025-08-07 14:00:00+00:00,3.8183763,351.87
2025-08-07 15:00:00+00:00,2.6208394,344.05453
2025-08-07 16:00:00+00:00,0.9178235,348.6901
2025-08-07 17:00:00+00:00,1.2979984,326.3099
2025-08-07 18:00:00+00:00,1.8,323.13
2025-08-07 19:00:00+00:00,1.8792552,343.3007
2025-08-07 20:00:00+00:00,2.0124612,349.69522
2025-08-07 21:00:00+00:00,2.34,360.0
2025-08-07 22:00:00+00:00,2.5455842,351.87
2025-08-07 23:00:00+00:00,2.5264204,355.91446
2025-08-08 00:00:00+00:00,2.34,360.0
2025-08-08 01:00:00+00:00,2.3469126,355.60138
2025-08-08 02:00:00+00:00,1.1384199,341.56494
2025-08-08 03:00:00+00:00,2.50064,210.25635
2025-08-08 04:00:00+00:00,3.6447225,212.90524
2025-08-08 05:00:00+00:00,4.143911,214.3804
2025-08-08 06:00:00+00:00,4.39436,214.9921
2025-08-08 07:00:00+00:00,5.0975285,222.13753
2025-08-08 08:00:00+00:00,5.509882,231.63248
2025-08-08 09:00:00+00:00,5.7628117,255.52966
2025-08-08 10:00:00+00:00,4.68,270.0
2025-08-08 11:00:00+00:00,6.489992,289.44012
2025-08-08 12:00:00+00:00,7.5685663,295.34613
2025-08-08 13:00:00+00:00,6.989936,304.50858
2025-08-08 14:00:00+00:00,5.796447,306.15826
2025-08-08 15:00:00+00:00,4.1125174,293.1986
2025-08-08 16:00:00+00:00,3.9312592,285.94547
2025-08-08 17:00:00+00:00,3.244996,273.17978
2025-08-08 18:00:00+00:00,2.9024127,277.1249
2025-08-08 19:00:00+00:00,2.226477,284.03625
2025-08-08 20:00:00+00:00,1.3104197,285.94547
2025-08-08 21:00:00+00:00,1.5484185,324.46225
2025-08-08 22:00:00+00:00,2.0523157,344.7448
2025-08-08 23:00:00+00:00,2.226477,345.9637
2025-08-09 00:00:00+00:00,2.5071096,338.9624
2025-08-09 01:00:00+00:00,2.5772078,347.90527
2025-08-09 02:00:00+00:00,2.3400002,337.3801
2025-08-09 03:00:00+00:00,1.9386592,291.80148
2025-08-09 04:00:00+00:00,1.835647,281.3099
2025-08-09 05:00:00+00:00,2.34,270.0
2025-08-09 06:00:00+00:00,3.0811036,276.70975
2025-08-09 07:00:00+00:00,3.8183763,278.13
2025-08-09 08:00:00+00:00,4.379589,279.46225
2025-08-09 09:00:00+00:00,5.5450516,283.13403
2025-08-09 10:00:00+00:00,7.293888,285.75125
2025-08-09 11:00:00+00:00,7.2,306.86996
2025-08-09 12:00:00+00:00,7.3997297,311.05472
2025-08-09 13:00:00+00:00,6.623413,312.7974
2025-08-09 14:00:00+00:00,4.4565907,313.36346
2025-08-09 15:00:00+00:00,2.5959969,326.3099
2025-08-09 16:00:00+00:00,1.4512063,299.74478
2025-08-09 17:00:00+00:00,1.9134263,311.18582
2025-08-09 18:00:00+00:00,1.4058449,309.8055
2025-08-09 19:00:00+00:00,1.4058449,320.1945
2025-08-09 20:00:00+00:00,1.609969,333.43503
2025-08-09 21:00:00+00:00,2.1749482,335.55606
2025-08-09 22:00:00+00:00,2.9301877,349.3804
2025-08-09 23:00:00+00:00,3.0758414,339.44388
2025-08-10 00:00:00+00:00,2.9301877,349.3804
2025-08-10 01:00:00+00:00,2.9024127,352.87506
2025-08-10 02:00:00+00:00,2.5772078,347.90527
2025-08-10 03:00:00+00:00,1.9134263,311.18582
2025-08-10 04:00:00+00:00,2.16,270.0
2025-08-10 05:00:00+00:00,2.5455842,261.87
2025-08-10 06:00:00+00:00,2.8856194,266.42374
2025-08-10 07:00:00+00:00,3.189608,286.38962
2025-08-10 08:00:00+00:00,3.8647635,297.75842
2025-08-10 09:00:00+00:00,5.8852015,293.4287
2025-08-10 10:00:00+00:00,6.1437774,301.8274
2025-08-10 11:00:00+00:00,8.089993,290.85452
2025-08-10 12:00:00+00:00,7.44121,302.15228
2025-08-10 13:00:00+00:00,5.876938,319.9698
2025-08-10 14:00:00+00:00,2.4014995,282.99463
2025-08-10 15:00:00+00:00,2.7416782,293.1986
2025-08-10 16:00:00+00:00,1.9881649,275.19434
2025-08-10 17:00:00+00:00,1.6199999,270.0
2025-08-10 18:00:00+00:00,1.08,270.0
2025-08-10 19:00:00+00:00,0.40249225,243.43501
2025-08-10 20:00:00+00:00,0.56920993,288.43503
2025-08-10 21:00:00+00:00,0.76367533,315.0001
2025-08-10 22:00:00+00:00,2.0124612,349.69522
2025-08-10 23:00:00+00:00,2.4014995,347.00537
2025-08-11 00:00:00+00:00,2.0523157,344.7448
2025-08-11 01:00:00+00:00,1.98,360.0
2025-08-11 02:00:00+00:00,1.4512063,7.12493
2025-08-11 03:00:00+00:00,1.0495713,30.963696
2025-08-11 04:00:00+00:00,1.2074767,26.564985
2025-08-11 05:00:00+00:00,0.8049845,63.435013
2025-08-11 06:00:00+00:00,0.56920993,341.56494
2025-08-11 07:00:00+00:00,2.0364676,315.0001
2025-08-11 08:00:00+00:00,4.2175345,320.1945
2025-08-11 09:00:00+00:00,5.369916,320.44037
2025-08-11 10:00:00+00:00,5.8769383,332.6502
2025-08-11 11:00:00+00:00,6.7469993,316.08084
2025-08-11 12:00:00+00:00,5.6060677,317.6026
2025-08-11 13:00:00+00:00,4.8965297,323.97253
2025-08-11 14:00:00+00:00,3.3043609,299.35767
2025-08-11 15:00:00+00:00,2.2553935,298.61035
2025-08-11 16:00:00+00:00,1.5379207,290.55612
2025-08-11 17:00:00+00:00,0.8049845,296.56497
2025-08-11 18:00:00+00:00,1.6981165,327.99466
2025-08-11 19:00:00+00:00,1.3708391,336.8014
2025-08-11 20:00:00+00:00,2.1674871,355.23645
2025-08-11 21:00:00+00:00,2.7059932,356.186
2025-08-11 22:00:00+00:00,2.9024127,352.87506
2025-08-11 23:00:00+00:00,2.8799999,360.0
2025-08-12 00:00:00+00:00,2.7059932,3.8140097
2025-08-12 01:00:00+00:00,2.5772078,12.094739
2025-08-12 02:00:00+00:00,2.5071096,21.037588
2025-08-12 03:00:00+00:00,3.0652893,40.236294
2025-08-12 04:00:00+00:00,2.9522195,52.431335
2025-08-12 05:00:00+00:00,3.143565,66.37061
2025-08-12 06:00:00+00:00,2.6758924,70.346085
2025-08-12 07:00:00+00:00,2.0991426,30.963696
2025-08-12 08:00:00+00:00,2.907989,338.19852
2025-08-12 09:00:00+00:00,4.445672,338.6293
2025-08-12 10:00:00+00:00,5.1826253,339.6768
2025-08-12 11:00:00+00:00,2.9301877,10.61961
2025-08-12 12:00:00+00:00,5.3699164,346.42953
2025-08-12 13:00:00+00:00,7.0843205,332.78397
2025-08-12 14:00:00+00:00,2.1897945,9.462248
2025-08-12 15:00:00+00:00,1.3708391,156.80138
2025-08-12 16:00:00+00:00,1.98,180.0
2025-08-12 17:00:00+00:00,2.9024127,119.74479
2025-08-12 18:00:00+00:00,2.0124612,100.30479
2025-08-12 19:00:00+00:00,1.4512063,82.875084
2025-08-12 20:00:00+00:00,1.5379207,69.44387
2025-08-12 21:00:00+00:00,1.6981165,57.99466
2025-08-12 22:00:00+00:00,1.5273507,44.999897
2025-08-12 23:00:00+00:00,1.6981165,57.99466
2025-08-13 00:00:00+00:00,2.0364676,44.999897
2025-08-13 01:00:00+00:00,2.0523157,37.875053
2025-08-13 02:00:00+00:00,2.226477,75.96373
2025-08-13 03:00:00+00:00,3.244996,93.17977
2025-08-13 04:00:00+00:00,3.710795,104.03627
2025-08-13 05:00:00+00:00,3.8939953,123.6901
2025-08-13 06:00:00+00:00,2.657668,151.69934
2025-08-13 07:00:00+00:00,1.5379207,200.55612
2025-08-13 08:00:00+00:00,2.0124612,280.30478
2025-08-13 09:00:00+00:00,3.4388947,312.8789
2025-08-13 10:00:00+00:00,4.8965297,323.97253
2025-08-13 11:00:00+00:00,5.509882,321.63248
2025-08-13 12:00:00+00:00,7.6473517,296.56497
2025-08-13 13:00:00+00:00,4.5572357,279.09018
2025-08-13 14:00:00+00:00,3.671294,281.3099
2025-08-13 15:00:00+00:00,1.659518,257.4712
2025-08-13 16:00:00+00:00,2.7943513,194.93147
2025-08-13 17:00:00+00:00,1.2727921,188.13002
2025-08-13 18:00:00+00:00,0.742159,165.96373
2025-08-13 19:00:00+00:00,0.9,180.0
2025-08-13 20:00:00+00:00,1.0948973,260.53775
2025-08-13 21:00:00+00:00,2.4482648,306.02747
2025-08-13 22:00:00+00:00,2.36753,351.2539
2025-08-13 23:00:00+00:00,1.4058449,50.194473
2025-08-14 00:00:00+00:00,1.8532133,29.054508
2025-08-14 01:00:00+00:00,1.4512063,7.12493
2025-08-14 02:00:00+00:00,0.6489992,303.6901
2025-08-14 03:00:00+00:00,1.2727921,188.13002
2025-08-14 04:00:00+00:00,2.34,180.0
2025-08-14 05:00:00+00:00,3.189608,196.38962
2025-08-14 06:00:00+00:00,3.563818,224.9999
2025-08-14 07:00:00+00:00,4.2481523,233.61555
2025-08-14 08:00:00+00:00,3.9477081,245.77226
2025-08-14 09:00:00+00:00,4.060985,257.19574
2025-08-14 10:00:00+00:00,5.6492476,247.52052
2025-08-14 11:00:00+00:00,6.849467,273.01273
2025-08-14 12:00:00+00:00,3.362677,344.47583
2025-08-14 13:00:00+00:00,2.5772078,282.09473
2025-08-14 14:00:00+00:00,3.4763772,201.25058
2025-08-14 15:00:00+00:00,2.657668,241.69934
2025-08-14 16:00:00+00:00,2.5264204,274.08554
2025-08-14 17:00:00+00:00,2.36753,278.74606
2025-08-14 18:00:00+00:00,1.8792552,163.30067
2025-08-14 19:00:00+00:00,1.3104197,164.05453
2025-08-14 20:00:00+00:00,1.2074767,243.43501
2025-08-14 21:00:00+00:00,2.4482648,216.02747
2025-08-14 22:00:00+00:00,1.781909,224.9999
2025-08-14 23:00:00+00:00,1.2727921,224.9999
2025-08-15 00:00:00+00:00,1.8,216.86998
2025-08-15 01:00:00+00:00,2.5582807,230.71062
2025-08-15 02:00:00+00:00,3.2048087,231.84273
2025-08-15 03:00:00+00:00,3.4388947,227.12111
2025-08-15 04:00:00+00:00,3.0652893,220.23628
2025-08-15 05:00:00+00:00,3.1845248,222.70937
2025-08-15 06:00:00+00:00,3.550155,239.53453
2025-08-15 07:00:00+00:00,3.7971041,238.57048
2025-08-15 08:00:00+00:00,3.745557,234.78232
2025-08-15 09:00:00+00:00,3.9518096,239.9315
2025-08-15 10:00:00+00:00,6.0347,287.3541
2025-08-15 11:00:00+00:00,4.5536795,251.56496
2025-08-15 12:00:00+00:00,3.7971041,238.57048
2025-08-15 13:00:00+00:00,3.693291,226.97493
2025-08-15 14:00:00+00:00,1.8532133,240.94548
2025-08-15 15:00:00+00:00,1.2074767,206.56499
2025-08-15 16:00:00+00:00,1.4399999,270.0
2025-08-15 17:00:00+00:00,2.5071096,291.03757
2025-08-15 18:00:00+00:00,1.2074767,296.56497
2025-08-15 19:00:00+00:00,1.5273507,224.9999
2025-08-15 20:00:00+00:00,1.4058449,219.80553
2025-08-15 21:00:00+00:00,1.0495713,239.0363
2025-08-15 22:00:00+00:00,1.659518,319.39877
2025-08-15 23:00:00+00:00,1.609969,296.56497
2025-08-16 00:00:00+00:00,1.4512063,209.7448
2025-08-16 01:00:00+00:00,1.9386592,201.80147
2025-08-16 02:00:00+00:00,3.0652893,220.23628
2025-08-16 03:00:00+00:00,3.3092597,247.61981
2025-08-16 04:00:00+00:00,4.1046314,254.74483
2025-08-16 05:00:00+00:00,4.952453,250.9064
2025-08-16 06:00:00+00:00,5.3699164,256.42953
2025-08-16 07:00:00+00:00,6.0077944,261.38443
2025-08-16 08:00:00+00:00,6.1437774,264.95764
2025-08-16 09:00:00+00:00,5.5799994,270.0
2025-08-16 10:00:00+00:00,5.3305535,281.68933
2025-08-16 11:00:00+00:00,5.3939967,295.7099
2025-08-16 12:00:00+00:00,5.495161,301.60745
2025-08-16 13:00:00+00:00,3.4152596,288.43503
2025-08-16 14:00:00+00:00,2.2768397,251.56496
2025-08-16 15:00:00+00:00,1.5484185,234.46223
2025-08-16 16:00:00+00:00,1.5484185,234.46223
2025-08-16 17:00:00+00:00,1.1384199,251.56496
2025-08-16 18:00:00+00:00,1.1384199,251.56496
2025-08-16 19:00:00+00:00,0.9178235,281.3099
2025-08-16 20:00:00+00:00,0.9,270.0
2025-08-16 21:00:00+00:00,0.9178235,281.3099
2025-08-16 22:00:00+00:00,1.5484185,324.46225
2025-08-16 23:00:00+00:00,1.5484185,305.53775
2025-08-17 00:00:00+00:00,1.659518,319.39877
2025-08-17 01:00:00+00:00,2.0124612,333.43503
2025-08-17 02:00:00+00:00,1.6981165,327.99466
2025-08-17 03:00:00+00:00,2.9301877,259.3804
2025-08-17 04:00:00+00:00,4.1125174,246.80139
2025-08-17 05:00:00+00:00,4.198285,239.0363
2025-08-17 06:00:00+00:00,4.7521367,245.37645
2025-08-17 07:00:00+00:00,5.6835546,259.046
2025-08-17 08:00:00+00:00,6.482499,268.4089
2025-08-17 09:00:00+00:00,6.3231,274.89902
2025-08-17 10:00:00+00:00,6.379216,286.38962
2025-08-17 11:00:00+00:00,5.720489,282.72437
2025-08-17 12:00:00+00:00,5.0911684,278.13
2025-08-17 13:00:00+00:00,3.0652895,266.6336
2025-08-17 14:00:00+00:00,1.781909,224.9999
2025-08-17 15:00:00+00:00,1.659518,220.60121
2025-08-17 16:00:00+00:00,1.4512063,240.2552
2025-08-17 17:00:00+00:00,1.7076298,251.56496
2025-08-17 18:00:00+00:00,1.7076298,251.56496
2025-08-17 19:00:00+00:00,1.659518,257.4712
2025-08-17 20:00:00+00:00,1.6299692,276.3401
2025-08-17 21:00:00+00:00,1.659518,282.5288
2025-08-17 22:00:00+00:00,1.9134263,311.18582
2025-08-17 23:00:00+00:00,1.5484185,305.53775
2025-08-18 00:00:00+00:00,1.4058449,309.8055
2025-08-18 01:00:00+00:00,1.781909,315.0001
2025-08-18 02:00:00+00:00,2.3469126,265.60138
2025-08-18 03:00:00+00:00,4.2671766,242.35411
2025-08-18 04:00:00+00:00,5.2478566,239.0363
2025-08-18 05:00:00+00:00,5.2478566,239.0363
2025-08-18 06:00:00+00:00,5.0142193,248.96242
2025-08-18 07:00:00+00:00,4.8899083,263.6599
2025-08-18 08:00:00+00:00,4.6834598,267.79745
2025-08-18 09:00:00+00:00,5.771239,273.57626
2025-08-18 10:00:00+00:00,7.2044983,282.99463
2025-08-18 11:00:00+00:00,7.029225,283.32455
2025-08-18 12:00:00+00:00,6.206738,286.8585
2025-08-18 13:00:00+00:00,5.12289,288.43503
2025-08-18 14:00:00+00:00,4.1046314,285.25516
2025-08-18 15:00:00+00:00,2.968636,284.03625
2025-08-18 16:00:00+00:00,2.52,270.0
2025-08-18 17:00:00+00:00,2.1068459,250.0168
2025-08-18 18:00:00+00:00,1.6981165,237.99466
2025-08-18 19:00:00+00:00,2.0124612,259.69522
2025-08-18 20:00:00+00:00,2.0124612,280.30478
2025-08-18 21:00:00+00:00,2.7534704,281.3099
2025-08-18 22:00:00+00:00,2.7416782,293.1986
2025-08-18 23:00:00+00:00,3.0652895,273.3664
2025-08-19 00:00:00+00:00,3.2846913,260.53775
2025-08-19 01:00:00+00:00,3.6179552,264.2895
2025-08-19 02:00:00+00:00,4.3349743,265.23645
2025-08-19 03:00:00+00:00,5.1544156,257.90524
2025-08-19 04:00:00+00:00,5.5450516,256.86597
2025-08-19 05:00:00+00:00,6.3231,265.10098
2025-08-19 06:00:00+00:00,6.130579,266.6336
2025-08-19 07:00:00+00:00,7.208994,267.13766
2025-08-19 08:00:00+00:00,7.5685663,272.72626
2025-08-19 09:00:00+00:00,7.9526596,275.19434
2025-08-19 10:00:00+00:00,7.579261,274.08554
2025-08-19 11:00:00+00:00,7.208994,272.86234
2025-08-19 12:00:00+00:00,5.426933,264.2895
2025-08-19 13:00:00+00:00,3.143565,256.75946
2025-08-19 14:00:00+00:00,1.609969,243.43501
2025-08-19 15:00:00+00:00,1.484318,255.96373
2025-08-19 16:00:00+00:00,1.6299692,263.6599
2025-08-19 17:00:00+00:00,1.98,270.0
2025-08-19 18:00:00+00:00,1.8,270.0
2025-08-19 19:00:00+00:00,1.484318,284.03625
2025-08-19 20:00:00+00:00,1.7076298,288.43503
2025-08-19 21:00:00+00:00,2.0124612,280.30478
2025-08-19 22:00:00+00:00,2.1749482,294.44394
2025-08-19 23:00:00+00:00,1.659518,282.5288
2025-08-20 00:00:00+00:00,1.835647,258.6901
2025-08-20 01:00:00+00:00,2.6208394,285.94547
2025-08-20 02:00:00+00:00,3.2599385,276.3401
2025-08-20 03:00:00+00:00,3.2846913,260.53775
2025-08-20 04:00:00+00:00,3.5864744,252.47433
2025-08-20 05:00:00+00:00,3.9763298,264.80566
2025-08-20 06:00:00+00:00,3.964089,272.6025
2025-08-20 07:00:00+00:00,4.1125174,293.1986
2025-08-20 08:00:00+00:00,4.198285,300.96368
2025-08-20 09:00:00+00:00,4.198285,300.96368
2025-08-20 10:00:00+00:00,5.2323985,296.56497
2025-08-20 11:00:00+00:00,5.257109,308.0471
2025-08-20 12:00:00+00:00,4.5891175,318.1799
2025-08-20 13:00:00+00:00,2.657668,331.69934
2025-08-20 14:00:00+00:00,0.742159,284.03625
2025-08-20 15:00:00+00:00,0.40249225,206.56499
2025-08-20 16:00:00+00:00,0.35999998,270.0
2025-08-20 17:00:00+00:00,0.5091169,315.0001
2025-08-20 18:00:00+00:00,0.8049845,333.43503
2025-08-20 19:00:00+00:00,1.6299692,353.6599
2025-08-20 20:00:00+00:00,2.1674871,355.23645
2025-08-20 21:00:00+00:00,2.34,360.0
2025-08-20 22:00:00+00:00,3.2599385,353.6599
2025-08-20 23:00:00+00:00,3.604497,357.13766
2025-08-21 00:00:00+00:00,3.6,360.0
2025-08-21 01:00:00+00:00,3.96,360.0
2025-08-21 02:00:00+00:00,3.9763298,5.19435
2025-08-21 03:00:00+00:00,3.4763772,21.25058
2025-08-21 04:00:00+00:00,2.4216523,48.01287
2025-08-21 05:00:00+00:00,0.54,270.0
2025-08-21 06:00:00+00:00,2.4482646,252.89719
2025-08-21 07:00:00+00:00,3.438895,276.0089
2025-08-21 08:00:00+00:00,3.8773184,291.80148
2025-08-21 09:00:00+00:00,4.4274144,296.56497
2025-08-21 10:00:00+00:00,3.148714,300.96368
2025-08-21 11:00:00+00:00,3.563818,315.0001
2025-08-21 12:00:00+00:00,3.4576871,321.34018
2025-08-21 13:00:00+00:00,1.5273507,315.0001
2025-08-21 14:00:00+00:00,0.56920993,161.56496
2025-08-21 15:00:00+00:00,0.35999998,180.0
2025-08-21 16:00:00+00:00,0.35999998,270.0
2025-08-21 17:00:00+00:00,1.0495713,329.03632
2025-08-21 18:00:00+00:00,1.8792552,343.3007
2025-08-21 19:00:00+00:00,2.3469126,355.60138
2025-08-21 20:00:00+00:00,2.7238941,352.40543
2025-08-21 21:00:00+00:00,3.0811036,353.29025
2025-08-21 22:00:00+00:00,3.438895,353.9911
2025-08-21 23:00:00+00:00,3.7971036,354.55975
2025-08-22 00:00:00+00:00,3.9763298,354.80566
2025-08-22 01:00:00+00:00,4.3349743,355.23645
2025-08-22 02:00:00+00:00,4.3349743,355.23645
2025-08-22 03:00:00+00:00,3.7842832,357.27374
2025-08-22 04:00:00+00:00,2.6208394,344.05453
2025-08-22 05:00:00+00:00,2.4482648,323.97253
2025-08-22 06:00:00+00:00,2.5582807,320.7106
2025-08-22 07:00:00+00:00,2.4216523,318.01288
2025-08-22 08:00:00+00:00,2.9301877,317.4896
2025-08-22 09:00:00+00:00,3.0652893,319.7637
2025-08-22 10:00:00+00:00,3.9640884,309.47244
2025-08-22 11:00:00+00:00,3.9640884,320.52756
2025-08-22 12:00:00+00:00,2.7416782,336.8014
2025-08-22 13:00:00+00:00,0.35999998,180.0
2025-08-22 14:00:00+00:00,1.0495713,149.03632
2025-08-22 15:00:00+00:00,0.40249225,116.56499
2025-08-22 16:00:00+00:00,0.6489992,303.6901
2025-08-22 17:00:00+00:00,1.7727944,336.0375
2025-08-22 18:00:00+00:00,2.2768397,341.56494
2025-08-22 19:00:00+00:00,2.5772078,347.90527
2025-08-22 20:00:00+00:00,2.7059932,356.186
2025-08-22 21:00:00+00:00,2.8856194,356.42374
2025-08-22 22:00:00+00:00,3.2599385,353.6599
2025-08-22 23:00:00+00:00,3.4247334,356.98727
2025-08-23 00:00:00+00:00,3.4949677,348.11136
2025-08-23 01:00:00+00:00,3.438895,353.9911
2025-08-23 02:00:00+00:00,2.7238941,352.40543
2025-08-23 03:00:00+00:00,1.4058449,320.1945
2025-08-23 04:00:00+00:00,1.5379207,249.44386
2025-08-23 05:00:00+00:00,2.5582807,230.71062
2025-08-23 06:00:00+00:00,2.8116899,219.80553
2025-08-23 07:00:00+00:00,3.0547013,224.9999
2025-08-23 08:00:00+00:00,4.6277857,256.50424
2025-08-23 09:00:00+00:00,6.898956,277.49576
2025-08-23 10:00:00+00:00,7.24486,296.56497
2025-08-23 11:00:00+00:00,6.763786,295.20108
2025-08-23 12:00:00+00:00,5.8852015,293.4287
2025-08-23 13:00:00+00:00,5.2478566,275.90604
2025-08-23 14:00:00+00:00,4.503598,272.29056
2025-08-23 15:00:00+00:00,4.8733153,274.23633
2025-08-23 16:00:00+00:00,4.8733153,265.76367
2025-08-23 17:00:00+00:00,4.0249224,259.69522
2025-08-23 18:00:00+00:00,3.5864744,252.47433
2025-08-23 19:00:00+00:00,3.148714,239.03632
2025-08-23 20:00:00+00:00,2.657668,241.69934
2025-08-23 21:00:00+00:00,2.3469129,237.52882
2025-08-23 22:00:00+00:00,1.98,270.0
2025-08-23 23:00:00+00:00,1.4399999,270.0
2025-08-24 00:00:00+00:00,0.9178235,281.3099
2025-08-24 01:00:00+00:00,1.2727921,171.86998
2025-08-24 02:00:00+00:00,2.8856194,183.57626
2025-08-24 03:00:00+00:00,4.186693,205.4633
2025-08-24 04:00:00+00:00,4.3349743,221.63345
2025-08-24 05:00:00+00:00,4.978554,229.39879
2025-08-24 06:00:00+00:00,5.004518,232.3057
2025-08-24 07:00:00+00:00,4.755544,240.5242
2025-08-24 08:00:00+00:00,4.613762,249.44388
2025-08-24 09:00:00+00:00,4.5322843,263.15732
2025-08-24 10:00:00+00:00,5.223103,271.97488
2025-08-24 11:00:00+00:00,5.0688457,276.11542
2025-08-24 12:00:00+00:00,4.323748,272.3859
2025-08-24 13:00:00+00:00,3.1072817,259.9921
2025-08-24 14:00:00+00:00,2.2768397,251.56496
2025-08-24 15:00:00+00:00,2.4014995,257.00537
2025-08-24 16:00:00+00:00,2.8174455,243.43501
2025-08-24 17:00:00+00:00,1.9469976,236.3099
2025-08-24 18:00:00+00:00,1.9469976,236.3099
2025-08-24 19:00:00+00:00,1.8,233.13002
2025-08-24 20:00:00+00:00,2.0523157,232.12495
2025-08-24 21:00:00+00:00,2.2910259,224.9999
2025-08-24 22:00:00+00:00,1.4512063,262.8751
2025-08-24 23:00:00+00:00,2.2768397,251.56496
2025-08-25 00:00:00+00:00,2.5071096,248.96242
2025-08-25 01:00:00+00:00,3.143565,256.75946
2025-08-25 02:00:00+00:00,3.710795,255.96373
2025-08-25 03:00:00+00:00,4.060985,257.19574
2025-08-25 04:00:00+00:00,3.964089,267.3975
2025-08-25 05:00:00+00:00,3.9966488,277.76508
2025-08-25 06:00:00+00:00,4.896529,287.1028
2025-08-25 07:00:00+00:00,6.0908127,288.9705
2025-08-25 08:00:00+00:00,7.0843205,297.21603
2025-08-25 09:00:00+00:00,6.76618,298.61035
2025-08-25 10:00:00+00:00,5.5450516,283.13403
2025-08-25 11:00:00+00:00,4.7928696,304.28693
2025-08-25 12:00:00+00:00,3.319036,310.60123
2025-08-25 13:00:00+00:00,2.5455842,278.13
2025-08-25 14:00:00+00:00,2.6758924,227.72638
2025-08-25 15:00:00+00:00,2.9301877,227.4896
2025-08-25 16:00:00+00:00,3.01735,252.64589
2025-08-25 17:00:00+00:00,2.16,270.0
2025-08-25 18:00:00+00:00,1.3104197,285.94547
2025-08-25 19:00:00+00:00,1.6981165,327.99466
2025-08-25 20:00:00+00:00,2.5071096,338.9624
2025-08-25 21:00:00+00:00,2.6758924,340.3461
2025-08-25 22:00:00+00:00,3.7971036,5.4402504
2025-08-25 23:00:00+00:00,3.7971036,354.55975
2025-08-26 00:00:00+00:00,3.5864744,342.47433
2025-08-26 01:00:00+00:00,3.6447225,327.09476
2025-08-26 02:00:00+00:00,3.5864744,342.47433
2025-08-26 03:00:00+00:00,2.7059932,3.8140097
2025-08-26 04:00:00+00:00,3.6,323.13
2025-08-26 05:00:00+00:00,4.2175345,320.1945
2025-08-26 06:00:00+00:00,3.244996,340.55988
2025-08-26 07:00:00+00:00,3.3092597,337.6198
2025-08-26 08:00:00+00:00,4.3536186,330.25522
2025-08-26 09:00:00+00:00,4.896529,342.8972
2025-08-26 10:00:00+00:00,5.2694216,352.14676
2025-08-26 11:00:00+00:00,4.5,323.13
2025-08-26 12:00:00+00:00,5.495161,328.39255
2025-08-26 13:00:00+00:00,4.510787,331.38962
2025-08-26 14:00:00+00:00,3.319036,310.60123
2025-08-26 15:00:00+00:00,3.4576871,308.65982
2025-08-26 16:00:00+00:00,2.9522195,307.56866
2025-08-26 17:00:00+00:00,2.6999998,306.86996
2025-08-26 18:00:00+00:00,2.9301877,317.4896
2025-08-26 19:00:00+00:00,2.2553935,331.38962
2025-08-26 20:00:00+00:00,2.1068459,340.0168
2025-08-26 21:00:00+00:00,2.2553935,331.38962
2025-08-26 22:00:00+00:00,3.4763772,338.74942
2025-08-26 23:00:00+00:00,2.4149535,333.43503
2025-08-27 00:00:00+00:00,2.3051248,321.34018
2025-08-27 01:00:00+00:00,2.1749482,335.55606
2025-08-27 02:00:00+00:00,2.1749482,335.55606
2025-08-27 03:00:00+00:00,1.8532133,330.9455
2025-08-27 04:00:00+00:00,1.5484185,324.46225
2025-08-27 05:00:00+00:00,1.5484185,305.53775
2025-08-27 06:00:00+00:00,1.6981165,302.00534
2025-08-27 07:00:00+00:00,1.781909,315.0001
2025-08-27 08:00:00+00:00,2.5455842,315.0001
2025-08-27 09:00:00+00:00,3.396233,302.00534
2025-08-27 10:00:00+00:00,3.9966483,324.16226
2025-08-27 11:00:00+00:00,3.148714,329.03632
2025-08-27 12:00:00+00:00,3.0547013,315.0001
2025-08-27 13:00:00+00:00,2.7475805,301.60745
2025-08-27 14:00:00+00:00,2.5959969,303.6901
2025-08-27 15:00:00+00:00,2.3051248,321.34018
2025-08-27 16:00:00+00:00,1.9469976,326.3099
2025-08-27 17:00:00+00:00,2.0124612,333.43503
2025-08-27 18:00:00+00:00,2.2768397,341.56494
2025-08-27 19:00:00+00:00,2.7534704,348.6901
2025-08-27 20:00:00+00:00,2.9301877,349.3804
2025-08-27 21:00:00+00:00,3.01735,342.64587
2025-08-27 22:00:00+00:00,3.6179552,354.2895
2025-08-27 23:00:00+00:00,3.462369,351.02744
2025-08-28 00:00:00+00:00,3.362677,344.47583
2025-08-28 01:00:00+00:00,3.319036,347.4712
2025-08-28 02:00:00+00:00,3.6402748,351.4693
2025-08-28 03:00:00+00:00,3.9763298,354.80566
2025-08-28 04:00:00+00:00,3.7971036,354.55975
2025-08-28 05:00:00+00:00,3.2399998,360.0
2025-08-28 06:00:00+00:00,2.7238941,7.59456
2025-08-28 07:00:00+00:00,2.1897945,9.462248
2025-08-28 08:00:00+00:00,1.6299692,6.3401003
2025-08-28 09:00:00+00:00,1.835647,348.6901
2025-08-28 10:00:00+00:00,4.198285,329.03632
2025-08-28 11:00:00+00:00,3.745557,324.78232
2025-08-28 12:00:00+00:00,3.9640884,320.52756
2025-08-28 13:00:00+00:00,3.2048087,308.15726
2025-08-28 14:00:00+00:00,2.4216523,318.01288
2025-08-28 15:00:00+00:00,2.5071096,338.9624
2025-08-28 16:00:00+00:00,2.7943513,345.06854
2025-08-28 17:00:00+00:00,3.2846913,350.53775
2025-08-28 18:00:00+00:00,3.9763298,354.80566
2025-08-28 19:00:00+00:00,4.353619,352.87506
2025-08-28 20:00:00+00:00,4.8733153,355.76367
2025-08-28 21:00:00+00:00,5.0432134,357.95462
2025-08-28 22:00:00+00:00,5.223103,1.9748993
2025-08-28 23:00:00+00:00,4.503598,2.2905633
2025-08-29 00:00:00+00:00,4.1556225,4.969664
2025-08-29 01:00:00+00:00,4.1556225,4.969664
2025-08-29 02:00:00+00:00,4.175069,7.4313188
2025-08-29 03:00:00+00:00,3.9312592,15.945477
2025-08-29 04:00:00+00:00,2.657668,28.30066
2025-08-29 05:00:00+00:00,2.3469129,32.471172
2025-08-29 06:00:00+00:00,2.1068459,19.983198
2025-08-29 07:00:00+00:00,2.1897945,9.462248
2025-08-29 08:00:00+00:00,2.5455842,351.87
2025-08-29 09:00:00+00:00,3.362677,344.47583
2025-08-29 10:00:00+00:00,5.0911684,351.87
2025-08-29 11:00:00+00:00,4.5,343.73972
2025-08-29 12:00:00+00:00,4.0249224,333.43503
2025-08-29 13:00:00+00:00,3.381893,334.79892
2025-08-29 14:00:00+00:00,3.143565,346.75946
2025-08-29 15:00:00+00:00,2.7534704,348.6901
2025-08-29 16:00:00+00:00,2.9024127,352.87506
2025-08-29 17:00:00+00:00,3.2599385,353.6599
2025-08-29 18:00:00+00:00,3.964089,357.3975
2025-08-29 19:00:00+00:00,4.323748,357.6141
2025-08-29 20:00:00+00:00,4.5322843,353.15732
2025-08-29 21:00:00+00:00,4.8733153,355.76367
2025-08-29 22:00:00+00:00,5.2200003,360.0
2025-08-29 23:00:00+00:00,5.3999996,360.0
2025-08-30 00:00:00+00:00,5.5799994,360.0
2025-08-30 01:00:00+00:00,5.04,360.0
2025-08-30 02:00:00+00:00,4.8899083,6.3401003
2025-08-30 03:00:00+00:00,4.452954,14.036275
2025-08-30 04:00:00+00:00,3.5455887,23.962492
2025-08-30 05:00:00+00:00,2.8460498,18.435053
2025-08-30 06:00:00+00:00,2.4482646,17.102825
2025-08-30 07:00:00+00:00,2.1674871,4.763556
2025-08-30 08:00:00+00:00,2.6208394,344.05453
2025-08-30 09:00:00+00:00,3.6447225,327.09476
2025-08-30 10:00:00+00:00,4.613762,339.44388
2025-08-30 11:00:00+00:00,3.8773184,338.19852
2025-08-30 12:00:00+00:00,3.572898,319.0857
2025-08-30 13:00:00+00:00,2.657668,298.30066
2025-08-30 14:00:00+00:00,2.3400002,292.6199
2025-08-30 15:00:00+00:00,1.9134263,311.18582
2025-08-30 16:00:00+00:00,1.609969,333.43503
2025-08-30 17:00:00+00:00,1.7727944,336.0375
2025-08-30 18:00:00+00:00,1.8532133,330.9455
2025-08-30 19:00:00+00:00,1.7727944,336.0375
2025-08-30 20:00:00+00:00,1.5379207,339.44388
2025-08-30 21:00:00+00:00,1.3708391,336.8014
2025-08-30 22:00:00+00:00,2.1674871,355.23645
2025-08-30 23:00:00+00:00,1.9881649,354.80566
2025-08-31 00:00:00+00:00,2.9024127,352.87506
2025-08-31 01:00:00+00:00,2.7059932,356.186
2025-08-31 02:00:00+00:00,2.52,360.0
2025-08-31 03:00:00+00:00,0.9693296,338.19852
2025-08-31 04:00:00+00:00,1.1525624,218.65984
2025-08-31 05:00:00+00:00,1.9134263,221.18582
2025-08-31 06:00:00+00:00,1.9386592,201.80147
2025-08-31 07:00:00+00:00,3.219938,206.56499
2025-08-31 08:00:00+00:00,3.9518096,210.0685
2025-08-31 09:00:00+00:00,3.9640884,219.47243
2025-08-31 10:00:00+00:00,3.189608,196.38962
2025-08-31 11:00:00+00:00,3.3092597,202.38017
2025-08-31 12:00:00+00:00,3.710795,202.8337
2025-08-31 13:00:00+00:00,3.143565,193.24052
2025-08-31 14:00:00+00:00,2.5772078,192.09474
2025-08-31 15:00:00+00:00,2.2768397,198.43504
2025-08-31 16:00:00+00:00,1.9386592,201.80147
2025-08-31 17:00:00+00:00,1.2074767,206.56499
2025-08-31 18:00:00+00:00,1.3708391,203.19862
2025-08-31 19:00:00+00:00,0.9693296,201.80147
2025-08-31 20:00:00+00:00,0.35999998,270.0
2025-08-31 21:00:00+00:00,1.0495713,329.03632
2025-08-31 22:00:00+00:00,1.8792552,343.3007
2025-08-31 23:00:00+00:00,2.0523157,344.7448
2025-09-01 00:00:00+00:00,2.7943513,345.06854
2025-09-01 01:00:00+00:00,3.143565,346.75946
2025-09-01 02:00:00+00:00,2.9301877,349.3804
2025-09-01 03:00:00+00:00,2.1749482,335.55606
2025-09-01 04:00:00+00:00,1.7727944,336.0375
2025-09-01 05:00:00+00:00,0.76367533,44.999897
2025-09-01 06:00:00+00:00,1.4512063,150.2552
2025-09-01 07:00:00+00:00,1.7076298,161.56496
2025-09-01 08:00:00+00:00,1.8089776,185.7105
2025-09-01 09:00:00+00:00,2.0124612,190.3048
2025-09-01 10:00:00+00:00,2.6208394,195.94547
2025-09-01 11:00:00+00:00,3.0652893,139.76372
2025-09-01 12:00:00+00:00,3.7585104,163.30067
2025-09-01 13:00:00+00:00,1.7727944,203.9625
2025-09-01 14:00:00+00:00,1.4399999,270.0
2025-09-01 15:00:00+00:00,1.5379207,339.44388
2025-09-01 16:00:00+00:00,1.8,360.0
2025-09-01 17:00:00+00:00,1.3104197,15.945477
2025-09-01 18:00:00+00:00,1.2727921,351.87
2025-09-01 19:00:00+00:00,1.609969,333.43503
2025-09-01 20:00:00+00:00,1.4512063,330.25522
2025-09-01 21:00:00+00:00,1.659518,319.39877
2025-09-01 22:00:00+00:00,1.7076298,341.56494
2025-09-01 23:00:00+00:00,2.7416782,336.8014
2025-09-02 00:00:00+00:00,2.4482646,342.8972
2025-09-02 01:00:00+00:00,2.4482646,342.8972
2025-09-02 02:00:00+00:00,1.9469976,326.3099
2025-09-02 03:00:00+00:00,1.9386592,291.80148
2025-09-02 04:00:00+00:00,3.7842832,267.27374
2025-09-02 05:00:00+00:00,3.84796,259.21576
2025-09-02 06:00:00+00:00,3.4247334,266.98727
2025-09-02 07:00:00+00:00,3.1072817,280.0079
2025-09-02 08:00:00+00:00,2.2910259,224.9999
2025-09-02 09:00:00+00:00,5.634891,206.56499
2025-09-02 10:00:00+00:00,5.004518,217.6943
2025-09-02 11:00:00+00:00,3.5455887,246.0375
2025-09-02 12:00:00+00:00,3.710795,255.96373
2025-09-02 13:00:00+00:00,4.0449963,249.14546
2025-09-02 14:00:00+00:00,2.8116899,230.19447
2025-09-02 15:00:00+00:00,2.6758924,222.27362
2025-09-02 16:00:00+00:00,2.7475805,238.39255
2025-09-02 17:00:00+00:00,2.5772076,245.22488
2025-09-02 18:00:00+00:00,2.3400002,247.3801
2025-09-02 19:00:00+00:00,1.5273507,224.9999
2025-09-02 20:00:00+00:00,0.9693296,201.80147
2025-09-02 21:00:00+00:00,1.8792552,163.30067
2025-09-02 22:00:00+00:00,2.52,360.0
2025-09-02 23:00:00+00:00,4.1085763,331.1893
2025-09-03 00:00:00+00:00,4.1046314,322.12494
2025-09-03 01:00:00+00:00,3.06,298.0724
2025-09-03 02:00:00+00:00,2.4014995,282.99463
2025-09-03 03:00:00+00:00,2.7238941,277.59454
2025-09-03 04:00:00+00:00,3.8183763,278.13
2025-09-03 05:00:00+00:00,3.745557,305.21768
2025-09-03 06:00:00+00:00,3.710795,292.83368
2025-09-03 07:00:00+00:00,3.710795,255.96373
2025-09-03 08:00:00+00:00,3.7842832,267.27374
2025-09-03 09:00:00+00:00,3.9966488,277.76508
2025-09-03 10:00:00+00:00,3.01735,252.64589
2025-09-03 11:00:00+00:00,2.4014995,257.00537
2025-09-03 12:00:00+00:00,2.5455842,278.13
2025-09-03 13:00:00+00:00,1.484318,255.96373
2025-09-03 14:00:00+00:00,0.54,180.0
2025-09-03 15:00:00+00:00,0.40249225,296.56497
2025-09-03 16:00:00+00:00,0.9,323.13
2025-09-03 17:00:00+00:00,1.0495713,329.03632
2025-09-03 18:00:00+00:00,1.5379207,339.44388
2025-09-03 19:00:00+00:00,1.609969,333.43503
2025-09-03 20:00:00+00:00,1.9469976,326.3099
2025-09-03 21:00:00+00:00,2.0991426,329.03632
2025-09-03 22:00:00+00:00,3.3092597,337.6198
2025-09-03 23:00:00+00:00,2.6758924,340.3461
2025-09-04 00:00:00+00:00,2.5959969,326.3099
2025-09-04 01:00:00+00:00,2.3051248,321.34018
2025-09-04 02:00:00+00:00,2.3400002,337.3801
2025-09-04 03:00:00+00:00,2.6758924,340.3461
2025-09-04 04:00:00+00:00,2.1749482,335.55606
2025-09-04 05:00:00+00:00,1.2979984,303.6901
2025-09-04 06:00:00+00:00,1.4512063,299.74478
2025-09-04 07:00:00+00:00,2.2910259,315.0001
2025-09-04 08:00:00+00:00,3.0652893,310.2363
2025-09-04 09:00:00+00:00,3.219938,296.56497
2025-09-04 10:00:00+00:00,2.8460498,288.43503
2025-09-04 11:00:00+00:00,1.9881649,264.80566
2025-09-04 12:00:00+00:00,2.4014995,257.00537
2025-09-04 13:00:00+00:00,1.2727921,261.87
2025-09-04 14:00:00+00:00,0.9,306.86996
2025-09-04 15:00:00+00:00,1.835647,348.6901
2025-09-04 16:00:00+00:00,2.5455842,351.87
2025-09-04 17:00:00+00:00,2.9024127,352.87506
2025-09-04 18:00:00+00:00,3.2846913,350.53775
2025-09-04 19:00:00+00:00,3.2846913,350.53775
2025-09-04 20:00:00+00:00,3.9966488,352.23492
2025-09-04 21:00:00+00:00,4.353619,352.87506
2025-09-04 22:00:00+00:00,4.1046314,344.7448
2025-09-04 23:00:00+00:00,4.379589,9.462248
2025-09-05 00:00:00+00:00,4.412754,11.76827
2025-09-05 01:00:00+00:00,4.278551,14.620926
2025-09-05 02:00:00+00:00,4.1046314,15.255177
2025-09-05 03:00:00+00:00,3.9966488,7.7650824
2025-09-05 04:00:00+00:00,3.8183763,8.130019
2025-09-05 05:00:00+00:00,3.244996,3.179772
2025-09-05 06:00:00+00:00,2.5455842,351.87
2025-09-05 07:00:00+00:00,3.096837,324.46225
2025-09-05 08:00:00+00:00,4.080882,318.57642
2025-09-05 09:00:00+00:00,4.724786,310.36444
2025-09-05 10:00:00+00:00,4.445672,291.3707
2025-09-05 11:00:00+00:00,4.0449963,290.85452
2025-09-05 12:00:00+00:00,3.381893,295.20108
2025-09-05 13:00:00+00:00,1.609969,296.56497
2025-09-05 14:00:00+00:00,1.4512063,330.25522
2025-09-05 15:00:00+00:00,1.3708391,336.8014
2025-09-05 16:00:00+00:00,1.659518,347.4712
2025-09-05 17:00:00+00:00,2.226477,345.9637
2025-09-05 18:00:00+00:00,2.4482646,342.8972
2025-09-05 19:00:00+00:00,2.6208394,344.05453
2025-09-05 20:00:00+00:00,2.7943513,345.06854
2025-09-05 21:00:00+00:00,2.968636,345.9637
2025-09-05 22:00:00+00:00,3.4949677,348.11136
2025-09-05 23:00:00+00:00,3.6402748,351.4693
2025-09-06 00:00:00+00:00,3.671294,348.6901
2025-09-06 01:00:00+00:00,3.2846913,350.53775
2025-09-06 02:00:00+00:00,3.2399998,360.0
2025-09-06 03:00:00+00:00,2.4014995,12.99463
2025-09-06 04:00:00+00:00,0.742159,75.96373
2025-09-06 05:00:00+00:00,0.71999997,270.0
2025-09-06 06:00:00+00:00,1.4399999,270.0
2025-09-06 07:00:00+00:00,2.8799999,270.0
2025-09-06 08:00:00+00:00,3.4199998,270.0
2025-09-06 09:00:00+00:00,4.7110505,276.58185
2025-09-06 10:00:00+00:00,4.14,270.0
2025-09-06 11:00:00+00:00,2.5455842,261.87
2025-09-06 12:00:00+00:00,2.19718,235.0079
2025-09-06 13:00:00+00:00,2.1749482,204.44394
2025-09-06 14:00:00+00:00,1.484318,194.03627
2025-09-06 15:00:00+00:00,0.9693296,201.80147
2025-09-06 16:00:00+00:00,0.17999999,180.0
2025-09-06 17:00:00+00:00,0.76367533,315.0001
2025-09-06 18:00:00+00:00,1.5379207,339.44388
2025-09-06 19:00:00+00:00,2.1749482,335.55606
2025-09-06 20:00:00+00:00,2.6758924,340.3461
2025-09-06 21:00:00+00:00,3.143565,346.75946
2025-09-06 22:00:00+00:00,3.6402748,351.4693
2025-09-06 23:00:00+00:00,3.84796,349.21573
2025-09-07 00:00:00+00:00,3.4152596,341.56494
2025-09-07 01:00:00+00:00,3.3092597,337.6198
2025-09-07 02:00:00+00:00,3.319036,347.4712
2025-09-07 03:00:00+00:00,2.7943513,345.06854
2025-09-07 04:00:00+00:00,1.4512063,299.74478
2025-09-07 05:00:00+00:00,2.5772078,257.90524
2025-09-07 06:00:00+00:00,3.644722,249.77505
2025-09-07 07:00:00+00:00,4.3832865,250.82089
2025-09-07 08:00:00+00:00,4.5891175,258.6901
2025-09-07 09:00:00+00:00,4.86,270.0
2025-09-07 10:00:00+00:00,5.5887027,284.93146
2025-09-07 11:00:00+00:00,5.495161,301.60745
2025-09-07 12:00:00+00:00,5.1919937,303.6901
2025-09-07 13:00:00+00:00,3.3092597,292.3802
2025-09-07 14:00:00+00:00,2.4482646,287.1028
2025-09-07 15:00:00+00:00,2.226477,284.03625
2025-09-07 16:00:00+00:00,1.484318,284.03625
2025-09-07 17:00:00+00:00,1.484318,255.96373
2025-09-07 18:00:00+00:00,1.2727921,261.87
2025-09-07 19:00:00+00:00,1.6299692,276.3401
2025-09-07 20:00:00+00:00,1.4512063,277.1249
2025-09-07 21:00:00+00:00,1.484318,284.03625
2025-09-07 22:00:00+00:00,1.8089776,275.7105
2025-09-07 23:00:00+00:00,1.659518,257.4712
2025-09-08 00:00:00+00:00,2.0124612,243.43501
2025-09-08 01:00:00+00:00,2.3051248,231.34016
2025-09-08 02:00:00+00:00,3.572898,220.91429
2025-09-08 03:00:00+00:00,4.0449967,212.27562
2025-09-08 04:00:00+00:00,4.4456716,211.75943
2025-09-08 05:00:00+00:00,4.2175345,219.80553
2025-09-08 06:00:00+00:00,4.2021427,223.26433
2025-09-08 07:00:00+00:00,4.2021427,226.73567
2025-09-08 08:00:00+00:00,3.494968,235.49141
2025-09-08 09:00:00+00:00,4.060985,257.19574
2025-09-08 10:00:00+00:00,4.802999,282.99463
2025-09-08 11:00:00+00:00,4.1556225,265.03033
2025-09-08 12:00:00+00:00,4.5322843,276.84268
2025-09-08 13:00:00+00:00,3.1072817,280.0079
2025-09-08 14:00:00+00:00,2.3469126,274.39862
2025-09-08 15:00:00+00:00,2.1897945,260.53775
2025-09-08 16:00:00+00:00,2.36753,261.2539
2025-09-08 17:00:00+00:00,2.34,270.0
2025-09-08 18:00:00+00:00,2.3469126,274.39862
2025-09-08 19:00:00+00:00,1.9881649,264.80566
2025-09-08 20:00:00+00:00,2.1068459,250.0168
2025-09-08 21:00:00+00:00,1.9469976,236.3099
2025-09-08 22:00:00+00:00,2.50064,239.74365
2025-09-08 23:00:00+00:00,2.1674871,265.23645
2025-09-09 00:00:00+00:00,2.1897945,260.53775
2025-09-09 01:00:00+00:00,2.36753,261.2539
2025-09-09 02:00:00+00:00,2.97953,244.98314
2025-09-09 03:00:00+00:00,3.4623692,242.10283
2025-09-09 04:00:00+00:00,3.4623692,242.10283
2025-09-09 05:00:00+00:00,3.62243,243.43501
2025-09-09 06:00:00+00:00,4.2021422,260.13425
2025-09-09 07:00:00+00:00,5.3305535,281.68933
2025-09-09 08:00:00+00:00,6.439876,296.56497
2025-09-09 09:00:00+00:00,6.444905,305.9098
2025-09-09 10:00:00+00:00,5.3517847,289.6539
2025-09-09 11:00:00+00:00,4.327493,286.92758
2025-09-09 12:00:00+00:00,3.6179552,264.2895
2025-09-09 13:00:00+00:00,2.50064,239.74365
2025-09-09 14:00:00+00:00,1.8,216.86998
2025-09-09 15:00:00+00:00,1.7076298,198.43504
2025-09-09 16:00:00+00:00,1.7076298,198.43504
2025-09-09 17:00:00+00:00,1.5379207,200.55612
2025-09-09 18:00:00+00:00,1.609969,206.56499
2025-09-09 19:00:00+00:00,1.2074767,243.43501
2025-09-09 20:00:00+00:00,0.742159,284.03625
2025-09-09 21:00:00+00:00,0.8049845,333.43503
2025-09-09 22:00:00+00:00,2.2768397,341.56494
2025-09-09 23:00:00+00:00,1.8532133,330.9455
2025-09-10 00:00:00+00:00,1.781909,315.0001
2025-09-10 01:00:00+00:00,1.781909,315.0001
2025-09-10 02:00:00+00:00,2.3469129,302.47116
2025-09-10 03:00:00+00:00,2.995797,302.7352
2025-09-10 04:00:00+00:00,3.0758414,290.55612
2025-09-10 05:00:00+00:00,3.9844694,288.43503
2025-09-10 06:00:00+00:00,4.7827187,289.79895
2025-09-10 07:00:00+00:00,5.4833565,293.1986
2025-09-10 08:00:00+00:00,5.5829024,290.77234
2025-09-10 09:00:00+00:00,5.2416787,285.94547
2025-09-10 10:00:00+00:00,5.223103,268.02512
2025-09-10 11:00:00+00:00,4.514377,274.57382
2025-09-10 12:00:00+00:00,2.8799999,270.0
2025-09-10 13:00:00+00:00,1.0948973,189.46225
2025-09-10 14:00:00+00:00,0.35999998,180.0
2025-09-10 15:00:00+00:00,0.5091169,315.0001
2025-09-10 16:00:00+00:00,1.5379207,339.44388
2025-09-10 17:00:00+00:00,2.0124612,349.69522
2025-09-10 18:00:00+00:00,2.1897945,350.53775
2025-09-10 19:00:00+00:00,2.3469126,355.60138
2025-09-10 20:00:00+00:00,2.3469126,4.398633
2025-09-10 21:00:00+00:00,2.8856194,3.5762644
2025-09-10 22:00:00+00:00,3.4199998,360.0
2025-09-10 23:00:00+00:00,4.14,360.0
2025-09-11 00:00:00+00:00,4.514377,355.42615
2025-09-11 01:00:00+00:00,4.8733153,355.76367
2025-09-11 02:00:00+00:00,4.6834598,357.79745
2025-09-11 03:00:00+00:00,4.32,360.0
2025-09-11 04:00:00+00:00,3.4247334,3.0127327
2025-09-11 05:00:00+00:00,2.1674871,355.23645
2025-09-11 06:00:00+00:00,2.2768397,341.56494
2025-09-11 07:00:00+00:00,2.0523157,322.12494
2025-09-11 08:00:00+00:00,2.4014995,282.99463
2025-09-11 09:00:00+00:00,3.06,270.0
2025-09-11 10:00:00+00:00,2.8799999,270.0
2025-09-11 11:00:00+00:00,2.5455842,261.87
2025-09-11 12:00:00+00:00,2.1674871,265.23645
2025-09-11 13:00:00+00:00,0.9,180.0
2025-09-11 14:00:00+00:00,0.6489992,123.690094
2025-09-11 15:00:00+00:00,0.6489992,56.309914
2025-09-11 16:00:00+00:00,1.4512063,7.12493
2025-09-11 17:00:00+00:00,2.1674871,355.23645
2025-09-11 18:00:00+00:00,2.6999998,360.0
2025-09-11 19:00:00+00:00,3.06,360.0
2025-09-11 20:00:00+00:00,3.06,360.0
2025-09-11 21:00:00+00:00,3.2399998,360.0
2025-09-11 22:00:00+00:00,3.6,360.0
2025-09-11 23:00:00+00:00,3.2399998,360.0
2025-09-12 00:00:00+00:00,3.244996,356.82022
2025-09-12 01:00:00+00:00,3.4247334,356.98727
2025-09-12 02:00:00+00:00,3.2399998,360.0
2025-09-12 03:00:00+00:00,2.5772078,12.094739
2025-09-12 04:00:00+00:00,0.9178235,78.6901
2025-09-12 05:00:00+00:00,1.484318,165.96373
2025-09-12 06:00:00+00:00,2.0124612,190.3048
2025-09-12 07:00:00+00:00,1.9134263,221.18582
2025-09-12 08:00:00+00:00,2.4014995,257.00537
2025-09-12 09:00:00+00:00,3.2599385,276.3401
2025-09-12 10:00:00+00:00,3.4247334,273.01273
2025-09-12 11:00:00+00:00,2.9301877,280.6196
2025-09-12 12:00:00+00:00,1.6199999,270.0
2025-09-12 13:00:00+00:00,1.1384199,161.56496
2025-09-12 14:00:00+00:00,1.0495713,120.96369
2025-09-12 15:00:00+00:00,0.9693296,68.19853
2025-09-12 16:00:00+00:00,1.6299692,6.3401003
2025-09-12 17:00:00+00:00,2.3469126,355.60138
2025-09-12 18:00:00+00:00,2.52,360.0
2025-09-12 19:00:00+00:00,2.6999998,360.0
2025-09-12 20:00:00+00:00,2.8799999,360.0
2025-09-12 21:00:00+00:00,3.06,360.0
2025-09-12 22:00:00+00:00,3.2399998,360.0
2025-09-12 23:00:00+00:00,3.4199998,360.0
2025-09-13 00:00:00+00:00,3.4247334,356.98727
2025-09-13 01:00:00+00:00,3.244996,356.82022
2025-09-13 02:00:00+00:00,2.8799999,360.0
2025-09-13 03:00:00+00:00,1.8089776,354.2895
2025-09-13 04:00:00+00:00,1.5484185,215.53777
2025-09-13 05:00:00+00:00,2.8460495,214.69522
2025-09-13 06:00:00+00:00,3.4576871,218.65984
2025-09-13 07:00:00+00:00,3.693291,226.97493
2025-09-13 08:00:00+00:00,4.0449967,237.72438
2025-09-13 09:00:00+00:00,4.802999,257.00537
2025-09-13 10:00:00+00:00,4.6800003,247.3801
2025-09-13 11:00:00+00:00,4.1046314,254.74483
2025-09-13 12:00:00+00:00,3.4763772,248.74942
2025-09-13 13:00:00+00:00,1.8532133,209.0545
2025-09-13 14:00:00+00:00,1.26,180.0
2025-09-13 15:00:00+00:00,0.56920993,198.43504
2025-09-13 16:00:00+00:00,0.5091169,315.0001
2025-09-13 17:00:00+00:00,1.5379207,339.44388
2025-09-13 18:00:00+00:00,2.0124612,349.69522
2025-09-13 19:00:00+00:00,2.1897945,350.53775
2025-09-13 20:00:00+00:00,2.36753,351.2539
2025-09-13 21:00:00+00:00,2.7238941,352.40543
2025-09-13 22:00:00+00:00,2.5455842,351.87
2025-09-13 23:00:00+00:00,2.7059932,356.186
2025-09-14 00:00:00+00:00,2.7059932,356.186
2025-09-14 01:00:00+00:00,2.7238941,352.40543
2025-09-14 02:00:00+00:00,2.5264204,355.91446
2025-09-14 03:00:00+00:00,1.4512063,352.87506
2025-09-14 04:00:00+00:00,2.0364676,224.9999
2025-09-14 05:00:00+00:00,3.3092594,224.9999
2025-09-14 06:00:00+00:00,3.9477081,226.8476
2025-09-14 07:00:00+00:00,4.2175345,230.19447
2025-09-14 08:00:00+00:00,4.7521367,245.37645
2025-09-14 09:00:00+00:00,4.8899083,263.6599
2025-09-14 10:00:00+00:00,3.9966488,262.23492
2025-09-14 11:00:00+00:00,3.244996,273.17978
2025-09-14 12:00:00+00:00,2.4482646,252.89719
2025-09-14 13:00:00+00:00,1.835647,191.30989
2025-09-14 14:00:00+00:00,1.2727921,171.86998
2025-09-14 15:00:00+00:00,0.40249225,243.43501
2025-09-14 16:00:00+00:00,0.56920993,288.43503
2025-09-14 17:00:00+00:00,0.8049845,333.43503
2025-09-14 18:00:00+00:00,1.4512063,352.87506
2025-09-14 19:00:00+00:00,1.98,360.0
2025-09-14 20:00:00+00:00,2.16,360.0
2025-09-14 21:00:00+00:00,2.34,360.0
2025-09-14 22:00:00+00:00,2.9024127,352.87506
2025-09-14 23:00:00+00:00,2.9024127,352.87506
2025-09-15 00:00:00+00:00,2.9301877,349.3804
2025-09-15 01:00:00+00:00,2.9301877,349.3804
2025-09-15 02:00:00+00:00,2.7534704,348.6901
2025-09-15 03:00:00+00:00,2.1897945,350.53775
2025-09-15 04:00:00+00:00,1.6199999,270.0
2025-09-15 05:00:00+00:00,3.0758414,249.44386
2025-09-15 06:00:00+00:00,3.62243,243.43501
2025-09-15 07:00:00+00:00,4.3498964,245.55606
2025-09-15 08:00:00+00:00,4.514377,246.50142
2025-09-15 09:00:00+00:00,5.2416787,254.05453
2025-09-15 10:00:00+00:00,5.414979,248.5522
2025-09-15 11:00:00+00:00,4.514377,246.50142
2025-09-15 12:00:00+00:00,3.8647635,242.24155
2025-09-15 13:00:00+00:00,2.5772076,204.77512
2025-09-15 14:00:00+00:00,1.9386592,201.80147
2025-09-15 15:00:00+00:00,1.609969,206.56499
2025-09-15 16:00:00+00:00,1.2727921,224.9999
2025-09-15 17:00:00+00:00,1.0182338,224.9999
2025-09-15 18:00:00+00:00,0.742159,284.03625
2025-09-15 19:00:00+00:00,1.1525624,308.65982
2025-09-15 20:00:00+00:00,1.1525624,321.34018
2025-09-15 21:00:00+00:00,1.2074767,333.43503
2025-09-15 22:00:00+00:00,1.659518,347.4712
2025-09-15 23:00:00+00:00,1.3708391,336.8014
2025-09-16 00:00:00+00:00,1.609969,333.43503
2025-09-16 01:00:00+00:00,1.8,323.13
2025-09-16 02:00:00+00:00,1.9469976,303.6901
2025-09-16 03:00:00+00:00,3.143565,246.3706
2025-09-16 04:00:00+00:00,4.1046314,217.87505
2025-09-16 05:00:00+00:00,4.8965297,216.02747
2025-09-16 06:00:00+00:00,5.2323985,229.18501
2025-09-16 07:00:00+00:00,6.050785,239.62096
2025-09-16 08:00:00+00:00,6.439876,243.43501
2025-09-16 09:00:00+00:00,6.6185193,247.61981
2025-09-16 10:00:00+00:00,5.4149795,254.57777
2025-09-16 11:00:00+00:00,5.6835546,259.046
2025-09-16 12:00:00+00:00,5.0911684,261.87
2025-09-16 13:00:00+00:00,2.4482646,252.89719
2025-09-16 14:00:00+00:00,2.2768397,251.56496
2025-09-16 15:00:00+00:00,2.4014995,257.00537
2025-09-16 16:00:00+00:00,2.36753,261.2539
2025-09-16 17:00:00+00:00,2.1674871,265.23645
2025-09-16 18:00:00+00:00,1.8,270.0
2025-09-16 19:00:00+00:00,1.4512063,277.1249
2025-09-16 20:00:00+00:00,1.3104197,285.94547
2025-09-16 21:00:00+00:00,1.4058449,309.8055
2025-09-16 22:00:00+00:00,1.2979984,303.6901
2025-09-16 23:00:00+00:00,1.2727921,315.0001
2025-09-17 00:00:00+00:00,1.5484185,324.46225
2025-09-17 01:00:00+00:00,1.8,323.13
2025-09-17 02:00:00+00:00,1.5273507,315.0001
2025-09-17 03:00:00+00:00,2.3469129,237.52882
2025-09-17 04:00:00+00:00,3.4388947,222.87889
2025-09-17 05:00:00+00:00,4.080882,221.42357
2025-09-17 06:00:00+00:00,4.7110505,223.45189
2025-09-17 07:00:00+00:00,5.257109,231.95291
2025-09-17 08:00:00+00:00,5.8409934,236.3099
2025-09-17 09:00:00+00:00,5.8048253,240.2552
2025-09-17 10:00:00+00:00,6.050785,247.249
2025-09-17 11:00:00+00:00,5.2478566,239.0363
2025-09-17 12:00:00+00:00,3.9518096,239.9315
2025-09-17 13:00:00+00:00,2.1749482,204.44394
2025-09-17 14:00:00+00:00,1.609969,206.56499
2025-09-17 15:00:00+00:00,1.2074767,206.56499
2025-09-17 16:00:00+00:00,0.8049845,243.43501
2025-09-17 17:00:00+00:00,0.76367533,315.0001
2025-09-17 18:00:00+00:00,0.9693296,338.19852
2025-09-17 19:00:00+00:00,1.3104197,344.05453
2025-09-17 20:00:00+00:00,1.659518,347.4712
2025-09-17 21:00:00+00:00,1.8792552,343.3007
2025-09-17 22:00:00+00:00,1.9386592,338.19852
2025-09-17 23:00:00+00:00,1.835647,348.6901
2025-09-18 00:00:00+00:00,2.0523157,344.7448
2025-09-18 01:00:00+00:00,2.0523157,344.7448
2025-09-18 02:00:00+00:00,1.7076298,341.56494
2025-09-18 03:00:00+00:00,2.0124612,243.43501
2025-09-18 04:00:00+00:00,3.9518096,210.0685
2025-09-18 05:00:00+00:00,4.669604,207.55272
2025-09-18 06:00:00+00:00,5.1919937,213.6901
2025-09-18 07:00:00+00:00,5.3999996,216.86998
2025-09-18 08:00:00+00:00,8.574123,230.9645
2025-09-18 09:00:00+00:00,7.995323,238.81508
2025-09-18 10:00:00+00:00,8.490582,248.87521
2025-09-18 11:00:00+00:00,6.489992,250.55988
2025-09-18 12:00:00+00:00,5.020677,255.4655
2025-09-18 13:00:00+00:00,3.4763772,248.74942
2025-09-18 14:00:00+00:00,2.8174455,243.43501
2025-09-18 15:00:00+00:00,2.657668,241.69934
2025-09-18 16:00:00+00:00,2.6758924,250.34608
2025-09-18 17:00:00+00:00,2.6758924,250.34608
2025-09-18 18:00:00+00:00,2.4482646,252.89719
2025-09-18 19:00:00+00:00,2.4014995,257.00537
2025-09-18 20:00:00+00:00,2.1897945,260.53775
2025-09-18 21:00:00+00:00,2.0124612,259.69522
2025-09-18 22:00:00+00:00,2.0124612,280.30478
2025-09-18 23:00:00+00:00,2.0124612,259.69522
2025-09-19 00:00:00+00:00,1.7076298,251.56496
2025-09-19 01:00:00+00:00,1.7076298,251.56496
2025-09-19 02:00:00+00:00,2.2553935,241.38963
2025-09-19 03:00:00+00:00,3.572898,229.08571
2025-09-19 04:00:00+00:00,5.1481256,216.46933
2025-09-19 05:00:00+00:00,5.728979,223.72705
2025-09-19 06:00:00+00:00,5.369916,230.44037
2025-09-19 07:00:00+00:00,4.942631,236.88864
2025-09-19 08:00:00+00:00,4.991553,244.35904
2025-09-19 09:00:00+00:00,5.195113,255.96373
2025-09-19 10:00:00+00:00,5.2694216,262.1468
2025-09-19 11:00:00+00:00,3.671294,258.6901
2025-09-19 12:00:00+00:00,3.671294,281.3099
2025-09-19 13:00:00+00:00,1.9134263,311.18582
2025-09-19 14:00:00+00:00,1.0182338,315.0001
2025-09-19 15:00:00+00:00,1.0182338,315.0001
2025-09-19 16:00:00+00:00,1.1525624,321.34018
2025-09-19 17:00:00+00:00,1.0495713,329.03632
2025-09-19 18:00:00+00:00,1.3104197,344.05453
2025-09-19 19:00:00+00:00,2.36753,351.2539
2025-09-19 20:00:00+00:00,2.7238941,352.40543
2025-09-19 21:00:00+00:00,3.438895,353.9911
2025-09-19 22:00:00+00:00,3.1072817,349.99207
2025-09-19 23:00:00+00:00,3.4199998,360.0
2025-09-20 00:00:00+00:00,3.7799997,360.0
2025-09-20 01:00:00+00:00,3.7971036,5.4402504
2025-09-20 02:00:00+00:00,3.8183763,8.130019
2025-09-20 03:00:00+00:00,3.244996,3.179772
2025-09-20 04:00:00+00:00,1.2727921,315.0001
2025-09-20 05:00:00+00:00,2.657668,241.69934
2025-09-20 06:00:00+00:00,3.550155,239.53453
2025-09-20 07:00:00+00:00,4.6938257,237.52882
2025-09-20 08:00:00+00:00,5.414979,248.5522
2025-09-20 09:00:00+00:00,6.391901,260.2725
2025-09-20 10:00:00+00:00,5.9644947,264.80566
2025-09-20 11:00:00+00:00,4.3349743,274.76355
2025-09-20 12:00:00+00:00,3.189608,286.38962
2025-09-20 13:00:00+00:00,0.8049845,243.43501
2025-09-20 14:00:00+00:00,0.5091169,224.9999
2025-09-20 15:00:00+00:00,0.54,270.0
2025-09-20 16:00:00+00:00,0.6489992,303.6901
2025-09-20 17:00:00+00:00,0.6489992,326.3099
2025-09-20 18:00:00+00:00,1.2727921,351.87
2025-09-20 19:00:00+00:00,1.9881649,354.80566
2025-09-20 20:00:00+00:00,2.16,360.0
2025-09-20 21:00:00+00:00,2.3469126,355.60138
2025-09-20 22:00:00+00:00,2.6999998,360.0
2025-09-20 23:00:00+00:00,3.0652895,356.6336
2025-09-21 00:00:00+00:00,3.438895,353.9911
2025-09-21 01:00:00+00:00,3.6402748,351.4693
2025-09-21 02:00:00+00:00,3.2846913,350.53775
2025-09-21 03:00:00+00:00,2.8799999,360.0
2025-09-21 04:00:00+00:00,1.0495713,59.03632
2025-09-21 05:00:00+00:00,1.2727921,171.86998
2025-09-21 06:00:00+00:00,2.1068459,199.9832
2025-09-21 07:00:00+00:00,2.5959969,213.6901
2025-09-21 08:00:00+00:00,2.9301877,227.4896
2025-09-21 09:00:00+00:00,3.381893,244.7989
2025-09-21 10:00:00+00:00,3.6,233.13002
2025-09-21 11:00:00+00:00,2.8116899,230.19447
2025-09-21 12:00:00+00:00,1.9134263,228.81418
2025-09-21 13:00:00+00:00,1.2074767,153.43501
2025-09-21 14:00:00+00:00,1.1384199,108.43504
2025-09-21 15:00:00+00:00,1.0182338,44.999897
2025-09-21 16:00:00+00:00,1.6299692,6.3401003
2025-09-21 17:00:00+00:00,2.16,360.0
2025-09-21 18:00:00+00:00,2.52,360.0
2025-09-21 19:00:00+00:00,2.6999998,360.0
2025-09-21 20:00:00+00:00,2.8799999,360.0
2025-09-21 21:00:00+00:00,3.0652895,356.6336
2025-09-21 22:00:00+00:00,3.2599385,6.3401003
2025-09-21 23:00:00+00:00,3.4199998,360.0
2025-09-22 00:00:00+00:00,3.4199998,360.0
2025-09-22 01:00:00+00:00,3.4199998,360.0
2025-09-22 02:00:00+00:00,3.06,360.0
2025-09-22 03:00:00+00:00,2.36753,8.746089
2025-09-22 04:00:00+00:00,1.2074767,116.56499
2025-09-22 05:00:00+00:00,2.1674871,184.76355
2025-09-22 06:00:00+00:00,2.5772076,204.77512
2025-09-22 07:00:00+00:00,2.9024127,209.7448
2025-09-22 08:00:00+00:00,3.319036,220.60121
2025-09-22 09:00:00+00:00,3.8939953,236.3099
2025-09-22 10:00:00+00:00,3.9518096,239.9315
2025-09-22 11:00:00+00:00,3.8647635,242.24155
2025-09-22 12:00:00+00:00,2.7475805,238.39255
2025-09-22 13:00:00+00:00,1.8089776,185.7105
2025-09-22 14:00:00+00:00,1.2727921,188.13002
2025-09-22 15:00:00+00:00,0.56920993,251.56496
2025-09-22 16:00:00+00:00,1.0182338,315.0001
2025-09-22 17:00:00+00:00,1.5379207,339.44388
2025-09-22 18:00:00+00:00,1.835647,348.6901
2025-09-22 19:00:00+00:00,2.1897945,350.53775
2025-09-22 20:00:00+00:00,2.4014995,347.00537
2025-09-22 21:00:00+00:00,2.7238941,352.40543
2025-09-22 22:00:00+00:00,2.7534704,348.6901
2025-09-22 23:00:00+00:00,2.9301877,349.3804
2025-09-23 00:00:00+00:00,2.9024127,352.87506
2025-09-23 01:00:00+00:00,2.9301877,349.3804
2025-09-23 02:00:00+00:00,2.36753,351.2539
2025-09-23 03:00:00+00:00,1.2074767,333.43503
2025-09-23 04:00:00+00:00,2.8460495,214.69522
2025-09-23 05:00:00+00:00,3.745557,215.21768
2025-09-23 06:00:00+00:00,4.3573384,218.2902
2025-09-23 07:00:00+00:00,4.965521,223.53127
2025-09-23 08:00:00+00:00,6.297428,239.03632
2025-09-23 09:00:00+00:00,8.085988,253.17851
2025-09-23 10:00:00+00:00,6.424764,258.6901
2025-09-23 11:00:00+00:00,6.424764,258.6901
2025-09-23 12:00:00+00:00,4.913044,261.57312
2025-09-23 13:00:00+00:00,3.6402748,261.46933
2025-09-23 14:00:00+00:00,2.968636,255.96373
2025-09-23 15:00:00+00:00,2.5772076,245.22488
2025-09-23 16:00:00+00:00,2.2768397,251.56496
2025-09-23 17:00:00+00:00,2.226477,255.96373
2025-09-23 18:00:00+00:00,1.9881649,264.80566
2025-09-23 19:00:00+00:00,1.98,270.0
2025-09-23 20:00:00+00:00,1.8,270.0
2025-09-23 21:00:00+00:00,1.8089776,275.7105
2025-09-23 22:00:00+00:00,1.835647,281.3099
2025-09-23 23:00:00+00:00,1.4512063,299.74478
2025-09-24 00:00:00+00:00,1.609969,296.56497
2025-09-24 01:00:00+00:00,1.3708391,293.1986
2025-09-24 02:00:00+00:00,1.484318,284.03625
2025-09-24 03:00:00+00:00,3.189608,253.61038
2025-09-24 04:00:00+00:00,4.198285,239.0363
2025-09-24 05:00:00+00:00,4.6102495,231.34016
2025-09-24 06:00:00+00:00,5.1481256,233.53067
2025-09-24 07:00:00+00:00,6.050785,239.62096
2025-09-24 08:00:00+00:00,7.42159,247.1663
2025-09-24 09:00:00+00:00,7.570707,251.99574
2025-09-24 10:00:00+00:00,7.289444,249.77505
2025-09-24 11:00:00+00:00,7.2044983,257.00537
2025-09-24 12:00:00+00:00,4.8899083,263.6599
2025-09-24 13:00:00+00:00,2.5772078,257.90524
2025-09-24 14:00:00+00:00,1.7076298,251.56496
2025-09-24 15:00:00+00:00,1.8089776,264.2895
2025-09-24 16:00:00+00:00,1.98,270.0
2025-09-24 17:00:00+00:00,2.0523157,285.25516
2025-09-24 18:00:00+00:00,1.7727944,293.9625
2025-09-24 19:00:00+00:00,1.5484185,305.53775
2025-09-24 20:00:00+00:00,1.4058449,309.8055
2025-09-24 21:00:00+00:00,1.5273507,315.0001
2025-09-24 22:00:00+00:00,1.7727944,336.0375
2025-09-24 23:00:00+00:00,1.5379207,339.44388
2025-09-25 00:00:00+00:00,1.3708391,336.8014
2025-09-25 01:00:00+00:00,1.4512063,330.25522
2025-09-25 02:00:00+00:00,1.5273507,315.0001
2025-09-25 03:00:00+00:00,2.50064,239.74365
2025-09-25 04:00:00+00:00,4.198285,210.96368
2025-09-25 05:00:00+00:00,4.91634,203.7495
2025-09-25 06:00:00+00:00,5.414979,201.4478
2025-09-25 07:00:00+00:00,5.7204895,204.14554
2025-09-25 08:00:00+00:00,6.544677,211.50421
2025-09-25 09:00:00+00:00,7.562142,218.23386
2025-09-25 10:00:00+00:00,7.674842,219.2894
2025-09-25 11:00:00+00:00,7.491114,215.21768
2025-09-25 12:00:00+00:00,6.4096174,218.15727
2025-09-25 13:00:00+00:00,4.7928696,214.28693
2025-09-25 14:00:00+00:00,4.072935,224.9999
2025-09-25 15:00:00+00:00,3.0547013,224.9999
2025-09-25 16:00:00+00:00,2.5582807,230.71062
2025-09-25 17:00:00+00:00,2.3469129,237.52882
2025-09-25 18:00:00+00:00,2.1068459,250.0168
2025-09-25 19:00:00+00:00,1.835647,258.6901
2025-09-25 20:00:00+00:00,1.4512063,262.8751
2025-09-25 21:00:00+00:00,1.2727921,278.13
2025-09-25 22:00:00+00:00,1.08,270.0
2025-09-25 23:00:00+00:00,1.0495713,300.96368
2025-09-26 00:00:00+00:00,1.2979984,303.6901
2025-09-26 01:00:00+00:00,1.781909,315.0001
2025-09-26 02:00:00+00:00,1.4058449,320.1945
2025-09-26 03:00:00+00:00,2.5582807,230.71062
2025-09-26 04:00:00+00:00,4.186693,205.4633
2025-09-26 05:00:00+00:00,4.669604,207.55272
2025-09-26 06:00:00+00:00,4.7928696,214.28693
2025-09-26 07:00:00+00:00,5.6233797,219.80553
2025-09-26 08:00:00+00:00,6.4096174,231.84273
2025-09-26 09:00:00+00:00,7.256032,240.2552
2025-09-26 10:00:00+00:00,6.9550843,259.56256
2025-09-26 11:00:00+00:00,5.9644947,264.80566
2025-09-26 12:00:00+00:00,4.323748,267.6141
2025-09-26 13:00:00+00:00,2.3469126,274.39862
2025-09-26 14:00:00+00:00,1.4512063,277.1249
2025-09-26 15:00:00+00:00,1.3104197,285.94547
2025-09-26 16:00:00+00:00,1.1384199,288.43503
2025-09-26 17:00:00+00:00,1.2979984,303.6901
2025-09-26 18:00:00+00:00,1.2979984,326.3099
2025-09-26 19:00:00+00:00,1.609969,333.43503
2025-09-26 20:00:00+00:00,1.7076298,341.56494
2025-09-26 21:00:00+00:00,1.7727944,336.0375
2025-09-26 22:00:00+00:00,2.1068459,340.0168
2025-09-26 23:00:00+00:00,2.1068459,340.0168
2025-09-27 00:00:00+00:00,2.4482646,342.8972
2025-09-27 01:00:00+00:00,2.4482646,342.8972
2025-09-27 02:00:00+00:00,2.4149535,333.43503
2025-09-27 03:00:00+00:00,1.659518,282.5288
2025-09-27 04:00:00+00:00,3.3092594,224.9999
2025-09-27 05:00:00+00:00,3.9966483,215.83774
2025-09-27 06:00:00+00:00,4.3349743,221.63345
2025-09-27 07:00:00+00:00,5.9427266,234.86572
2025-09-27 08:00:00+00:00,7.754637,248.19853
2025-09-27 09:00:00+00:00,8.473393,257.73523
2025-09-27 10:00:00+00:00,8.197414,261.15826
2025-09-27 11:00:00+00:00,7.579261,265.91446
2025-09-27 12:00:00+00:00,5.506941,281.3099
2025-09-27 13:00:00+00:00,3.9312592,285.94547
2025-09-27 14:00:00+00:00,3.01735,287.3541
2025-09-27 15:00:00+00:00,1.9881649,275.19434
2025-09-27 16:00:00+00:00,1.26,270.0
2025-09-27 17:00:00+00:00,0.9693296,291.80148
2025-09-27 18:00:00+00:00,1.2074767,333.43503
2025-09-27 19:00:00+00:00,1.7076298,341.56494
2025-09-27 20:00:00+00:00,2.0124612,349.69522
2025-09-27 21:00:00+00:00,2.4014995,347.00537
2025-09-27 22:00:00+00:00,2.5455842,351.87
2025-09-27 23:00:00+00:00,2.4014995,347.00537
2025-09-28 00:00:00+00:00,2.7534704,348.6901
2025-09-28 01:00:00+00:00,2.9024127,352.87506
2025-09-28 02:00:00+00:00,2.5455842,351.87
2025-09-28 03:00:00+00:00,1.3708391,336.8014
2025-09-28 04:00:00+00:00,2.4482648,216.02747
2025-09-28 05:00:00+00:00,3.244996,213.6901
2025-09-28 06:00:00+00:00,3.6,216.86998
2025-09-28 07:00:00+00:00,3.8268526,228.81418
2025-09-28 08:00:00+00:00,4.5891175,244.44008
2025-09-28 09:00:00+00:00,5.2416787,254.05453
2025-09-28 10:00:00+00:00,5.6835546,259.046
2025-09-28 11:00:00+00:00,5.2478566,264.09396
2025-09-28 12:00:00+00:00,4.14,270.0
2025-09-28 13:00:00+00:00,2.1674871,265.23645
2025-09-28 14:00:00+00:00,1.4512063,262.8751
2025-09-28 15:00:00+00:00,1.26,270.0
2025-09-28 16:00:00+00:00,1.1384199,288.43503
2025-09-28 17:00:00+00:00,1.1525624,308.65982
2025-09-28 18:00:00+00:00,1.4058449,320.1945
2025-09-28 19:00:00+00:00,1.8532133,330.9455
2025-09-28 20:00:00+00:00,2.1749482,335.55606
2025-09-28 21:00:00+00:00,2.3400002,337.3801
2025-09-28 22:00:00+00:00,2.5071096,338.9624
2025-09-28 23:00:00+00:00,2.226477,345.9637
2025-09-29 00:00:00+00:00,2.4482646,342.8972
2025-09-29 01:00:00+00:00,2.2768397,341.56494
2025-09-29 02:00:00+00:00,1.9386592,338.19852
2025-09-29 03:00:00+00:00,1.8089776,264.2895
2025-09-29 04:00:00+00:00,3.693291,226.97493
2025-09-29 05:00:00+00:00,4.471107,220.10085
2025-09-29 06:00:00+00:00,5.1165614,219.28938
2025-09-29 07:00:00+00:00,6.4924874,223.87679
2025-09-29 08:00:00+00:00,7.4520864,232.85323
2025-09-29 09:00:00+00:00,9.339208,242.44727
2025-09-29 10:00:00+00:00,8.557102,247.75093
2025-09-29 11:00:00+00:00,8.596766,250.42677
2025-09-29 12:00:00+00:00,6.924738,261.02747
2025-09-29 13:00:00+00:00,4.6834598,272.20255
2025-09-29 14:00:00+00:00,4.1556225,274.96964
2025-09-29 15:00:00+00:00,3.6402748,278.53067
2025-09-29 16:00:00+00:00,3.143565,283.24054
2025-09-29 17:00:00+00:00,2.97953,295.01685
2025-09-29 18:00:00+00:00,2.9024127,299.74478
2025-09-29 19:00:00+00:00,2.6999998,306.86996
2025-09-29 20:00:00+00:00,2.3051248,308.65982
2025-09-29 21:00:00+00:00,1.8,306.86996
2025-09-29 22:00:00+00:00,2.0523157,322.12494
2025-09-29 23:00:00+00:00,1.8,323.13
2025-09-30 00:00:00+00:00,1.7727944,336.0375
2025-09-30 01:00:00+00:00,1.7727944,336.0375
2025-09-30 02:00:00+00:00,1.4058449,320.1945
2025-09-30 03:00:00+00:00,1.8532133,240.94548
2025-09-30 04:00:00+00:00,3.4388947,222.87889
2025-09-30 05:00:00+00:00,4.0449967,212.27562
2025-09-30 06:00:00+00:00,4.724786,220.36446
2025-09-30 07:00:00+00:00,5.1919937,236.3099
2025-09-30 08:00:00+00:00,5.9834766,248.83867
2025-09-30 09:00:00+00:00,6.28713,256.75946
2025-09-30 10:00:00+00:00,5.7852573,264.64426
2025-09-30 11:00:00+00:00,5.4029994,271.90912
2025-09-30 12:00:00+00:00,4.6938252,274.39862
2025-09-30 13:00:00+00:00,2.5772078,282.09473
2025-09-30 14:00:00+00:00,1.6299692,276.3401
2025-09-30 15:00:00+00:00,1.659518,282.5288
2025-09-30 16:00:00+00:00,1.5379207,290.55612
2025-09-30 17:00:00+00:00,1.5379207,290.55612
2025-09-30 18:00:00+00:00,1.4512063,299.74478
2025-09-30 19:00:00+00:00,1.4512063,299.74478
2025-09-30 20:00:00+00:00,1.6981165,302.00534
2025-09-30 21:00:00+00:00,1.8532133,299.0545
2025-09-30 22:00:00+00:00,1.5273507,315.0001
2025-09-30 23:00:00+00:00,1.4512063,330.25522
2025-10-01 00:00:00+00:00,1.5484185,324.46225
2025-10-01 01:00:00+00:00,1.4058449,309.8055
2025-10-01 02:00:00+00:00,1.6981165,302.00534
2025-10-01 03:00:00+00:00,2.97953,244.98314
2025-10-01 04:00:00+00:00,4.080882,228.57643
2025-10-01 05:00:00+00:00,4.4565907,223.36346
2025-10-01 06:00:00+00:00,5.6060677,227.60262
2025-10-01 07:00:00+00:00,6.489992,236.3099
2025-10-01 08:00:00+00:00,6.5223618,242.02061
2025-10-01 09:00:00+00:00,6.7853074,248.19853
2025-10-01 10:00:00+00:00,5.5450516,256.86597
2025-10-01 11:00:00+00:00,5.4119864,266.186
2025-10-01 12:00:00+00:00,4.353619,277.1249
2025-10-01 13:00:00+00:00,2.9301877,280.6196
2025-10-01 14:00:00+00:00,3.143565,283.24054
2025-10-01 15:00:00+00:00,3.2846913,279.46225
2025-10-01 16:00:00+00:00,3.462369,278.97253
2025-10-01 17:00:00+00:00,3.0652895,273.3664
2025-10-01 18:00:00+00:00,2.5264204,265.91446
2025-10-01 19:00:00+00:00,2.1897945,260.53775
2025-10-01 20:00:00+00:00,2.0523157,254.74483
2025-10-01 21:00:00+00:00,1.8089776,264.2895
2025-10-01 22:00:00+00:00,2.1674871,274.76355
2025-10-01 23:00:00+00:00,1.7076298,288.43503
2025-10-02 00:00:00+00:00,1.7076298,288.43503
2025-10-02 01:00:00+00:00,1.7076298,288.43503
2025-10-02 02:00:00+00:00,1.484318,284.03625
2025-10-02 03:00:00+00:00,3.1845248,227.29063
2025-10-02 04:00:00+00:00,4.198285,210.96368
2025-10-02 05:00:00+00:00,4.3536186,209.7448
2025-10-02 06:00:00+00:00,5.1481256,216.46933
2025-10-02 07:00:00+00:00,5.4744864,223.66785
2025-10-02 08:00:00+00:00,4.4456716,238.24055
2025-10-02 09:00:00+00:00,4.6730714,254.3577
2025-10-02 10:00:00+00:00,5.3305535,258.31067
2025-10-02 11:00:00+00:00,4.6938252,274.39862
2025-10-02 12:00:00+00:00,4.445672,291.3707
2025-10-02 13:00:00+00:00,2.4216523,311.98712
2025-10-02 14:00:00+00:00,1.8532133,299.0545
2025-10-02 15:00:00+00:00,1.835647,281.3099
2025-10-02 16:00:00+00:00,1.6199999,270.0
2025-10-02 17:00:00+00:00,1.835647,258.6901
2025-10-02 18:00:00+00:00,1.6199999,270.0
2025-10-02 19:00:00+00:00,1.5379207,290.55612
2025-10-02 20:00:00+00:00,1.7727944,293.9625
2025-10-02 21:00:00+00:00,1.609969,296.56497
2025-10-02 22:00:00+00:00,1.9134263,311.18582
2025-10-02 23:00:00+00:00,1.4512063,299.74478
2025-10-03 00:00:00+00:00,1.4058449,309.8055
2025-10-03 01:00:00+00:00,1.2979984,303.6901
2025-10-03 02:00:00+00:00,1.2074767,296.56497
2025-10-03 03:00:00+00:00,3.06,241.92761
2025-10-03 04:00:00+00:00,4.080882,221.42357
2025-10-03 05:00:00+00:00,4.6938257,212.47118
2025-10-03 06:00:00+00:00,5.6060677,222.39738
2025-10-03 07:00:00+00:00,6.989936,235.49141
2025-10-03 08:00:00+00:00,7.889259,242.8504
2025-10-03 09:00:00+00:00,7.5170207,253.30067
2025-10-03 10:00:00+00:00,7.5942073,264.55975
2025-10-03 11:00:00+00:00,7.040739,274.39862
2025-10-03 12:00:00+00:00,6.341009,276.5197
2025-10-03 13:00:00+00:00,3.644722,290.22495
2025-10-03 14:00:00+00:00,3.01735,287.3541
2025-10-03 15:00:00+00:00,2.52,270.0
2025-10-03 16:00:00+00:00,2.1897945,260.53775
2025-10-03 17:00:00+00:00,1.9881649,264.80566
2025-10-03 18:00:00+00:00,1.8089776,275.7105
2025-10-03 19:00:00+00:00,2.0124612,296.56497
2025-10-03 20:00:00+00:00,2.1674871,311.63345
2025-10-03 21:00:00+00:00,2.4216523,311.98712
2025-10-03 22:00:00+00:00,2.2910259,315.0001
2025-10-03 23:00:00+00:00,2.2768397,341.56494
2025-10-04 00:00:00+00:00,2.3400002,337.3801
2025-10-04 01:00:00+00:00,2.5071096,338.9624
2025-10-04 02:00:00+00:00,2.4482646,342.8972
2025-10-04 03:00:00+00:00,1.8,306.86996
2025-10-04 04:00:00+00:00,3.8521678,232.59457
2025-10-04 05:00:00+00:00,4.6452556,234.46223
2025-10-04 06:00:00+00:00,5.6521144,232.76509
2025-10-04 07:00:00+00:00,5.896202,238.73633
2025-10-04 08:00:00+00:00,6.151683,249.44386
2025-10-04 09:00:00+00:00,5.4656014,252.75845
2025-10-04 10:00:00+00:00,4.91634,246.25049
2025-10-04 11:00:00+00:00,5.2478566,264.09396
2025-10-04 12:00:00+00:00,4.2481523,323.61554
2025-10-04 13:00:00+00:00,2.9024127,352.87506
2025-10-04 14:00:00+00:00,2.3400002,337.3801
2025-10-04 15:00:00+00:00,2.2553935,331.38962
2025-10-04 16:00:00+00:00,2.226477,345.9637
2025-10-04 17:00:00+00:00,2.226477,345.9637
2025-10-04 18:00:00+00:00,2.36753,351.2539
2025-10-04 19:00:00+00:00,2.5455842,351.87
2025-10-04 20:00:00+00:00,2.4014995,347.00537
2025-10-04 21:00:00+00:00,2.6208394,344.05453
2025-10-04 22:00:00+00:00,2.7534704,348.6901
2025-10-04 23:00:00+00:00,3.1072817,10.007925
2025-10-05 00:00:00+00:00,3.06,360.0
2025-10-05 01:00:00+00:00,2.8856194,3.5762644
2025-10-05 02:00:00+00:00,2.5455842,8.130019
2025-10-05 03:00:00+00:00,1.4512063,29.744795
2025-10-05 04:00:00+00:00,3.4247334,183.01273
2025-10-05 05:00:00+00:00,5.1197267,190.1246
2025-10-05 06:00:00+00:00,5.2939587,197.81898
2025-10-05 07:00:00+00:00,4.2136917,199.9832
2025-10-05 08:00:00+00:00,4.1046314,195.25517
2025-10-05 09:00:00+00:00,2.9024127,187.12492
2025-10-05 10:00:00+00:00,5.020677,165.4655
2025-10-05 11:00:00+00:00,4.6938252,175.60138
2025-10-05 12:00:00+00:00,3.8183763,188.13002
2025-10-05 13:00:00+00:00,2.4482646,197.10281
2025-10-05 14:00:00+00:00,0.742159,194.03627
2025-10-05 15:00:00+00:00,0.9178235,168.69011
2025-10-05 16:00:00+00:00,0.9693296,111.801476
2025-10-05 17:00:00+00:00,0.9178235,101.3099
2025-10-05 18:00:00+00:00,0.6489992,146.3099
2025-10-05 19:00:00+00:00,0.8049845,153.43501
2025-10-05 20:00:00+00:00,0.56920993,161.56496
2025-10-05 21:00:00+00:00,0.0,270.0
2025-10-05 22:00:00+00:00,0.56920993,341.56494
2025-10-05 23:00:00+00:00,2.1749482,65.55606
2025-10-06 00:00:00+00:00,1.4512063,60.255207
2025-10-06 01:00:00+00:00,2.4216523,41.98713
2025-10-06 02:00:00+00:00,3.1845248,42.709366
2025-10-06 03:00:00+00:00,2.8116899,50.194473
2025-10-06 04:00:00+00:00,3.4949677,78.11137
2025-10-06 05:00:00+00:00,4.1046314,105.25517
2025-10-06 06:00:00+00:00,4.1125174,113.198616
2025-10-06 07:00:00+00:00,3.7064266,119.05451
2025-10-06 08:00:00+00:00,2.1897945,99.46225
2025-10-06 09:00:00+00:00,1.4512063,97.12492
2025-10-06 10:00:00+00:00,1.0495713,329.03632
2025-10-06 11:00:00+00:00,2.3469129,32.471172
2025-10-06 12:00:00+00:00,1.7076298,18.435053
2025-10-06 13:00:00+00:00,1.5379207,339.44388
2025-10-06 14:00:00+00:00,0.9693296,338.19852
2025-10-06 15:00:00+00:00,0.56920993,71.564964
2025-10-06 16:00:00+00:00,1.0182338,135.0001
2025-10-06 17:00:00+00:00,1.0182338,135.0001
2025-10-06 18:00:00+00:00,1.3104197,105.945465
2025-10-06 19:00:00+00:00,1.4512063,60.255207
2025-10-06 20:00:00+00:00,1.4512063,29.744795
2025-10-06 21:00:00+00:00,1.8532133,29.054508
2025-10-06 22:00:00+00:00,2.2768397,18.435053
2025-10-06 23:00:00+00:00,1.8532133,29.054508
2025-10-07 00:00:00+00:00,1.5484185,35.537766
2025-10-07 01:00:00+00:00,2.1674871,48.366554
2025-10-07 02:00:00+00:00,2.4216523,41.98713
2025-10-07 03:00:00+00:00,2.6999998,53.13002
2025-10-07 04:00:00+00:00,2.9024127,60.255207
2025-10-07 05:00:00+00:00,2.7534704,78.6901
2025-10-07 06:00:00+00:00,3.0758414,110.55613
2025-10-07 07:00:00+00:00,3.4388947,137.12111
2025-10-07 08:00:00+00:00,2.5071096,158.96242
2025-10-07 09:00:00+00:00,3.4388947,227.12111
2025-10-07 10:00:00+00:00,5.7628117,268.2101
2025-10-07 11:00:00+00:00,5.223103,271.97488
2025-10-07 12:00:00+00:00,4.514377,274.57382
2025-10-07 13:00:00+00:00,3.438895,263.9911
2025-10-07 14:00:00+00:00,2.9301877,259.3804
2025-10-07 15:00:00+00:00,2.7943513,255.06853
2025-10-07 16:00:00+00:00,2.3400002,247.3801
2025-10-07 17:00:00+00:00,1.8792552,253.30067
2025-10-07 18:00:00+00:00,1.6299692,263.6599
2025-10-07 19:00:00+00:00,1.9386592,291.80148
2025-10-07 20:00:00+00:00,2.2910259,315.0001
2025-10-07 21:00:00+00:00,2.8116899,320.1945
2025-10-07 22:00:00+00:00,2.8001428,315.0001
2025-10-07 23:00:00+00:00,2.6758924,340.3461
2025-10-08 00:00:00+00:00,2.6758924,340.3461
2025-10-08 01:00:00+00:00,2.7475805,328.39255
2025-10-08 02:00:00+00:00,2.995797,327.26477
2025-10-08 03:00:00+00:00,2.8460495,325.30478
2025-10-08 04:00:00+00:00,2.2910259,315.0001
2025-10-08 05:00:00+00:00,1.8089776,275.7105
2025-10-08 06:00:00+00:00,2.4482648,233.97253
2025-10-08 07:00:00+00:00,3.3092594,224.9999
2025-10-08 08:00:00+00:00,3.3481934,233.74606
2025-10-08 09:00:00+00:00,3.4623692,242.10283
2025-10-08 10:00:00+00:00,3.494968,235.49141
2025-10-08 11:00:00+00:00,2.36753,261.2539
2025-10-08 12:00:00+00:00,2.4482646,287.1028
2025-10-08 13:00:00+00:00,1.9134263,311.18582
2025-10-08 14:00:00+00:00,1.8792552,343.3007
2025-10-08 15:00:00+00:00,2.0124612,349.69522
2025-10-08 16:00:00+00:00,1.8089776,354.2895
2025-10-08 17:00:00+00:00,2.1897945,350.53775
2025-10-08 18:00:00+00:00,2.5264204,355.91446
2025-10-08 19:00:00+00:00,3.0652895,356.6336
2025-10-08 20:00:00+00:00,3.4247334,356.98727
2025-10-08 21:00:00+00:00,3.7971036,354.55975
2025-10-08 22:00:00+00:00,3.84796,349.21573
2025-10-08 23:00:00+00:00,3.84796,349.21573
2025-10-09 00:00:00+00:00,3.8856654,346.60748
2025-10-09 01:00:00+00:00,3.4152596,341.56494
2025-10-09 02:00:00+00:00,3.143565,346.75946
2025-10-09 03:00:00+00:00,2.7943513,345.06854
2025-10-09 04:00:00+00:00,2.226477,345.9637
2025-10-09 05:00:00+00:00,1.3104197,344.05453
2025-10-09 06:00:00+00:00,0.8049845,243.43501
2025-10-09 07:00:00+00:00,1.8532133,240.94548
2025-10-09 08:00:00+00:00,2.5071096,248.96242
2025-10-09 09:00:00+00:00,2.5772076,245.22488
2025-10-09 10:00:00+00:00,3.3481934,233.74606
2025-10-09 11:00:00+00:00,2.5582807,230.71062
2025-10-09 12:00:00+00:00,1.659518,220.60121
2025-10-09 13:00:00+00:00,0.71999997,270.0
2025-10-09 14:00:00+00:00,1.4058449,320.1945
2025-10-09 15:00:00+00:00,2.0124612,333.43503
2025-10-09 16:00:00+00:00,2.4014995,347.00537
2025-10-09 17:00:00+00:00,3.1072817,349.99207
2025-10-09 18:00:00+00:00,3.6402748,351.4693
2025-10-09 19:00:00+00:00,3.6402748,351.4693
2025-10-09 20:00:00+00:00,3.7971036,354.55975
2025-10-09 21:00:00+00:00,4.1556225,355.03033
2025-10-09 22:00:00+00:00,4.1556225,4.969664
2025-10-09 23:00:00+00:00,3.244996,3.179772
2025-10-10 00:00:00+00:00,2.52,360.0
2025-10-10 01:00:00+00:00,2.1897945,9.462248
2025-10-10 02:00:00+00:00,1.9881649,5.19435
2025-10-10 03:00:00+00:00,1.8532133,29.054508
2025-10-10 04:00:00+00:00,1.2727921,44.999897
2025-10-10 05:00:00+00:00,1.2979984,123.690094
2025-10-10 06:00:00+00:00,1.4512063,150.2552
2025-10-10 07:00:00+00:00,1.4399999,180.0
2025-10-10 08:00:00+00:00,1.8,216.86998
2025-10-10 09:00:00+00:00,1.9134263,228.81418
2025-10-10 10:00:00+00:00,1.6981165,212.00534
2025-10-10 11:00:00+00:00,1.0948973,260.53775
2025-10-10 12:00:00+00:00,1.4512063,299.74478
2025-10-10 13:00:00+00:00,1.2979984,326.3099
2025-10-10 14:00:00+00:00,2.0523157,344.7448
2025-10-10 15:00:00+00:00,2.226477,345.9637
2025-10-10 16:00:00+00:00,2.36753,351.2539
2025-10-10 17:00:00+00:00,2.9301877,349.3804
2025-10-10 18:00:00+00:00,3.0811036,353.29025
2025-10-10 19:00:00+00:00,3.0811036,353.29025
2025-10-10 20:00:00+00:00,3.244996,356.82022
2025-10-10 21:00:00+00:00,3.4247334,356.98727
2025-10-10 22:00:00+00:00,3.244996,356.82022
2025-10-10 23:00:00+00:00,3.2599385,353.6599
2025-10-11 00:00:00+00:00,3.2599385,353.6599
2025-10-11 01:00:00+00:00,3.2599385,353.6599
2025-10-11 02:00:00+00:00,3.4199998,360.0
2025-10-11 03:00:00+00:00,3.0652895,356.6336
2025-10-11 04:00:00+00:00,2.7238941,7.59456
2025-10-11 05:00:00+00:00,2.1749482,24.443953
2025-10-11 06:00:00+00:00,1.659518,40.601215
2025-10-11 07:00:00+00:00,1.5273507,44.999897
2025-10-11 08:00:00+00:00,0.9,36.86999
2025-10-11 09:00:00+00:00,0.9693296,21.801476
2025-10-11 10:00:00+00:00,1.7727944,336.0375
2025-10-11 11:00:00+00:00,2.36753,351.2539
2025-10-11 12:00:00+00:00,2.2768397,341.56494
2025-10-11 13:00:00+00:00,2.36753,351.2539
2025-10-11 14:00:00+00:00,2.7238941,352.40543
2025-10-11 15:00:00+00:00,2.9301877,349.3804
2025-10-11 16:00:00+00:00,3.2846913,350.53775
2025-10-11 17:00:00+00:00,3.6179552,354.2895
2025-10-11 18:00:00+00:00,3.9763298,354.80566
2025-10-11 19:00:00+00:00,4.323748,357.6141
2025-10-11 20:00:00+00:00,4.503598,357.70944
2025-10-11 21:00:00+00:00,4.503598,357.70944
2025-10-11 22:00:00+00:00,4.8633323,2.1210518
2025-10-11 23:00:00+00:00,4.503598,2.2905633
2025-10-12 00:00:00+00:00,4.503598,2.2905633
2025-10-12 01:00:00+00:00,4.323748,2.385899
2025-10-12 02:00:00+00:00,4.503598,2.2905633
2025-10-12 03:00:00+00:00,4.323748,2.385899
2025-10-12 04:00:00+00:00,3.964089,2.6025116
2025-10-12 05:00:00+00:00,3.2599385,6.3401003
2025-10-12 06:00:00+00:00,2.9024127,7.12493
2025-10-12 07:00:00+00:00,2.3469126,4.398633
2025-10-12 08:00:00+00:00,2.1674871,355.23645
2025-10-12 09:00:00+00:00,2.0523157,344.7448
2025-10-12 10:00:00+00:00,2.5772076,335.22488
2025-10-12 11:00:00+00:00,2.7416782,336.8014
2025-10-12 12:00:00+00:00,2.4482648,323.97253
2025-10-12 13:00:00+00:00,2.7416782,336.8014
2025-10-12 14:00:00+00:00,3.319036,347.4712
2025-10-12 15:00:00+00:00,3.671294,348.6901
2025-10-12 16:00:00+00:00,3.9966488,352.23492
2025-10-12 17:00:00+00:00,4.175069,352.5687
2025-10-12 18:00:00+00:00,4.175069,352.5687
2025-10-12 19:00:00+00:00,4.3349743,355.23645
2025-10-12 20:00:00+00:00,4.514377,355.42615
2025-10-12 21:00:00+00:00,4.514377,355.42615
2025-10-12 22:00:00+00:00,5.0528407,355.91446
2025-10-12 23:00:00+00:00,5.0432134,357.95462
2025-10-13 00:00:00+00:00,5.0432134,357.95462
2025-10-13 01:00:00+00:00,4.8633323,357.87894
2025-10-13 02:00:00+00:00,4.6834598,357.79745
2025-10-13 03:00:00+00:00,4.8633323,357.87894
2025-10-13 04:00:00+00:00,4.143911,357.5105
2025-10-13 05:00:00+00:00,3.2399998,360.0
2025-10-13 06:00:00+00:00,2.5264204,4.085537
2025-10-13 07:00:00+00:00,2.16,360.0
2025-10-13 08:00:00+00:00,2.0124612,349.69522
2025-10-13 09:00:00+00:00,2.226477,345.9637
2025-10-13 10:00:00+00:00,2.3400002,337.3801
2025-10-13 11:00:00+00:00,2.4149535,333.43503
2025-10-13 12:00:00+00:00,2.5772076,335.22488
2025-10-13 13:00:00+00:00,3.143565,346.75946
2025-10-13 14:00:00+00:00,3.671294,348.6901
2025-10-13 15:00:00+00:00,4.0249224,349.69522
2025-10-13 16:00:00+00:00,4.353619,352.87506
2025-10-13 17:00:00+00:00,4.353619,352.87506
2025-10-13 18:00:00+00:00,4.514377,355.42615
2025-10-13 19:00:00+00:00,4.514377,355.42615
2025-10-13 20:00:00+00:00,4.6938252,355.60138
2025-10-13 21:00:00+00:00,4.6938252,355.60138
2025-10-13 22:00:00+00:00,5.426933,354.2895
2025-10-13 23:00:00+00:00,5.4029994,358.09088
2025-10-14 00:00:00+00:00,5.232399,356.0549
2025-10-14 01:00:00+00:00,4.8733153,355.76367
2025-10-14 02:00:00+00:00,4.8733153,355.76367
2025-10-14 03:00:00+00:00,4.8899083,353.6599
2025-10-14 04:00:00+00:00,4.3349743,355.23645
2025-10-14 05:00:00+00:00,3.4199998,360.0
2025-10-14 06:00:00+00:00,2.8856194,3.5762644
2025-10-14 07:00:00+00:00,2.3469126,355.60138
2025-10-14 08:00:00+00:00,2.0124612,349.69522
2025-10-14 09:00:00+00:00,2.1068459,340.0168
2025-10-14 10:00:00+00:00,2.0991426,329.03632
2025-10-14 11:00:00+00:00,2.3051248,321.34018
2025-10-14 12:00:00+00:00,2.0523157,322.12494
2025-10-14 13:00:00+00:00,2.6208394,344.05453
2025-10-14 14:00:00+00:00,3.2846913,350.53775
2025-10-14 15:00:00+00:00,3.7971036,354.55975
2025-10-14 16:00:00+00:00,4.175069,352.5687
2025-10-14 17:00:00+00:00,4.3349743,355.23645
2025-10-14 18:00:00+00:00,4.514377,355.42615
2025-10-14 19:00:00+00:00,4.514377,355.42615
2025-10-14 20:00:00+00:00,4.514377,355.42615
2025-10-14 21:00:00+00:00,4.514377,355.42615
2025-10-14 22:00:00+00:00,4.6938252,355.60138
2025-10-14 23:00:00+00:00,4.68,360.0
2025-10-15 00:00:00+00:00,4.86,360.0
2025-10-15 01:00:00+00:00,5.0432134,357.95462
2025-10-15 02:00:00+00:00,5.04,360.0
2025-10-15 03:00:00+00:00,4.6834598,2.2025495
2025-10-15 04:00:00+00:00,3.9763298,5.19435
2025-10-15 05:00:00+00:00,3.143565,13.240531
2025-10-15 06:00:00+00:00,2.5071096,21.037588
2025-10-15 07:00:00+00:00,1.7076298,18.435053
2025-10-15 08:00:00+00:00,1.6299692,353.6599
2025-10-15 09:00:00+00:00,1.7727944,336.0375
2025-10-15 10:00:00+00:00,2.4482648,306.02747
2025-10-15 11:00:00+00:00,2.5772076,294.77512
2025-10-15 12:00:00+00:00,1.5484185,324.46225
2025-10-15 13:00:00+00:00,2.6208394,344.05453
2025-10-15 14:00:00+00:00,3.319036,347.4712
2025-10-15 15:00:00+00:00,3.671294,348.6901
2025-10-15 16:00:00+00:00,3.9966488,352.23492
2025-10-15 17:00:00+00:00,3.9966488,352.23492
2025-10-15 18:00:00+00:00,4.1556225,355.03033
2025-10-15 19:00:00+00:00,4.323748,357.6141
2025-10-15 20:00:00+00:00,4.503598,357.70944
2025-10-15 21:00:00+00:00,4.503598,357.70944
2025-10-15 22:00:00+00:00,4.6834598,357.79745
2025-10-15 23:00:00+00:00,4.6834598,2.2025495
2025-10-16 00:00:00+00:00,4.5,360.0
2025-10-16 01:00:00+00:00,4.6834598,2.2025495
2025-10-16 02:00:00+00:00,4.32,360.0
2025-10-16 03:00:00+00:00,4.3349743,4.763556
2025-10-16 04:00:00+00:00,3.4949677,11.888645
2025-10-16 05:00:00+00:00,2.50064,30.256361
2025-10-16 06:00:00+00:00,2.0364676,44.999897
2025-10-16 07:00:00+00:00,1.781909,44.999897
2025-10-16 08:00:00+00:00,1.5484185,35.537766
2025-10-16 09:00:00+00:00,1.2074767,26.564985
2025-10-16 10:00:00+00:00,1.484318,345.9637
2025-10-16 11:00:00+00:00,1.6981165,327.99466
2025-10-16 12:00:00+00:00,1.9469976,326.3099
2025-10-16 13:00:00+00:00,2.4482646,342.8972
2025-10-16 14:00:00+00:00,3.1072817,349.99207
2025-10-16 15:00:00+00:00,3.438895,353.9911
2025-10-16 16:00:00+00:00,3.7971036,354.55975
2025-10-16 17:00:00+00:00,3.9763298,354.80566
2025-10-16 18:00:00+00:00,4.143911,357.5105
2025-10-16 19:00:00+00:00,4.143911,357.5105
2025-10-16 20:00:00+00:00,4.32,360.0
2025-10-16 21:00:00+00:00,4.32,360.0
2025-10-16 22:00:00+00:00,4.68,360.0
2025-10-16 23:00:00+00:00,4.6834598,2.2025495
2025-10-17 00:00:00+00:00,4.6834598,2.2025495
2025-10-17 01:00:00+00:00,4.503598,2.2905633
2025-10-17 02:00:00+00:00,4.3349743,4.763556
2025-10-17 03:00:00+00:00,3.9966488,7.7650824
2025-10-17 04:00:00+00:00,3.01735,17.354122
2025-10-17 05:00:00+00:00,2.1674871,41.63345
2025-10-17 06:00:00+00:00,1.6981165,57.99466
2025-10-17 07:00:00+00:00,0.9693296,68.19853
2025-10-17 08:00:00+00:00,0.40249225,26.564985
2025-10-17 09:00:00+00:00,0.5091169,315.0001
2025-10-17 10:00:00+00:00,0.35999998,360.0
2025-10-17 11:00:00+00:00,0.76367533,315.0001
2025-10-17 12:00:00+00:00,1.2074767,333.43503
2025-10-17 13:00:00+00:00,2.0523157,344.7448
2025-10-17 14:00:00+00:00,2.7238941,352.40543
2025-10-17 15:00:00+00:00,3.2599385,353.6599
2025-10-17 16:00:00+00:00,3.6179552,354.2895
2025-10-17 17:00:00+00:00,3.6402748,351.4693
2025-10-17 18:00:00+00:00,3.7971036,354.55975
2025-10-17 19:00:00+00:00,3.964089,357.3975
2025-10-17 20:00:00+00:00,3.964089,357.3975
2025-10-17 21:00:00+00:00,3.964089,357.3975
2025-10-17 22:00:00+00:00,4.143911,357.5105
2025-10-17 23:00:00+00:00,3.7799997,360.0
2025-10-18 00:00:00+00:00,3.96,360.0
2025-10-18 01:00:00+00:00,3.7799997,360.0
2025-10-18 02:00:00+00:00,3.7799997,360.0
2025-10-18 03:00:00+00:00,3.4247334,3.0127327
2025-10-18 04:00:00+00:00,2.6208394,15.945477
2025-10-18 05:00:00+00:00,1.8,36.86999
2025-10-18 06:00:00+00:00,1.4058449,50.194473
2025-10-18 07:00:00+00:00,0.8049845,63.435013
2025-10-18 08:00:00+00:00,0.40249225,26.564985
2025-10-18 09:00:00+00:00,0.742159,345.9637
2025-10-18 10:00:00+00:00,0.8049845,333.43503
2025-10-18 11:00:00+00:00,2.0124612,333.43503
2025-10-18 12:00:00+00:00,1.7076298,341.56494
2025-10-18 13:00:00+00:00,2.3469126,355.60138
2025-10-18 14:00:00+00:00,2.8856194,356.42374
2025-10-18 15:00:00+00:00,3.438895,353.9911
2025-10-18 16:00:00+00:00,3.604497,357.13766
2025-10-18 17:00:00+00:00,3.6,360.0
2025-10-18 18:00:00+00:00,3.7799997,360.0
2025-10-18 19:00:00+00:00,3.964089,2.6025116
2025-10-18 20:00:00+00:00,4.143911,2.4894993
2025-10-18 21:00:00+00:00,4.143911,2.4894993
2025-10-18 22:00:00+00:00,4.503598,2.2905633
2025-10-18 23:00:00+00:00,4.3349743,4.763556
2025-10-19 00:00:00+00:00,4.323748,2.385899
2025-10-19 01:00:00+00:00,4.143911,2.4894993
2025-10-19 02:00:00+00:00,4.143911,2.4894993
2025-10-19 03:00:00+00:00,3.7971036,5.4402504
2025-10-19 04:00:00+00:00,2.8460498,18.435053
2025-10-19 05:00:00+00:00,2.1674871,48.366554
2025-10-19 06:00:00+00:00,1.3708391,66.801384
2025-10-19 07:00:00+00:00,0.71999997,90.0
2025-10-19 08:00:00+00:00,0.35999998,90.0
2025-10-19 09:00:00+00:00,0.17999999,360.0
2025-10-19 10:00:00+00:00,0.742159,255.96373
2025-10-19 11:00:00+00:00,0.56920993,288.43503
2025-10-19 12:00:00+00:00,0.9693296,338.19852
2025-10-19 13:00:00+00:00,2.1897945,350.53775
2025-10-19 14:00:00+00:00,2.7059932,356.186
2025-10-19 15:00:00+00:00,3.0652895,356.6336
2025-10-19 16:00:00+00:00,3.6,360.0
2025-10-19 17:00:00+00:00,3.7799997,360.0
2025-10-19 18:00:00+00:00,3.96,360.0
2025-10-19 19:00:00+00:00,4.14,360.0
2025-10-19 20:00:00+00:00,4.143911,2.4894993
2025-10-19 21:00:00+00:00,4.323748,2.385899
2025-10-19 22:00:00+00:00,4.503598,2.2905633
2025-10-19 23:00:00+00:00,4.514377,4.5738406
2025-10-20 00:00:00+00:00,4.503598,2.2905633
2025-10-20 01:00:00+00:00,4.5,360.0
2025-10-20 02:00:00+00:00,4.503598,2.2905633
2025-10-20 03:00:00+00:00,4.175069,7.4313188
2025-10-20 04:00:00+00:00,3.4152596,18.435053
2025-10-20 05:00:00+00:00,2.5455842,44.999897
2025-10-20 06:00:00+00:00,2.1068459,70.01681
2025-10-20 07:00:00+00:00,1.4399999,90.0
2025-10-20 08:00:00+00:00,0.742159,104.03627
2025-10-20 09:00:00+00:00,0.40249225,116.56499
2025-10-20 10:00:00+00:00,0.40249225,206.56499
2025-10-20 11:00:00+00:00,0.25455844,44.999897
2025-10-20 12:00:00+00:00,0.742159,14.036275
2025-10-20 13:00:00+00:00,2.1674871,4.763556
2025-10-20 14:00:00+00:00,2.8856194,3.5762644
2025-10-20 15:00:00+00:00,3.244996,3.179772
2025-10-20 16:00:00+00:00,3.6,360.0
2025-10-20 17:00:00+00:00,3.96,360.0
2025-10-20 18:00:00+00:00,4.14,360.0
2025-10-20 19:00:00+00:00,4.323748,2.385899
2025-10-20 20:00:00+00:00,4.323748,2.385899
2025-10-20 21:00:00+00:00,4.503598,2.2905633
2025-10-20 22:00:00+00:00,4.5,360.0
2025-10-20 23:00:00+00:00,4.503598,2.2905633
2025-10-21 00:00:00+00:00,4.514377,4.5738406
2025-10-21 01:00:00+00:00,4.514377,4.5738406
2025-10-21 02:00:00+00:00,4.353619,7.12493
2025-10-21 03:00:00+00:00,3.9966488,7.7650824
2025-10-21 04:00:00+00:00,3.244996,19.440128
2025-10-21 05:00:00+00:00,2.5455842,44.999897
2025-10-21 06:00:00+00:00,1.9386592,68.19853
2025-10-21 07:00:00+00:00,1.2727921,81.86999
2025-10-21 08:00:00+00:00,1.0948973,80.53775
2025-10-21 09:00:00+00:00,0.35999998,90.0
2025-10-21 10:00:00+00:00,1.0948973,279.46225
2025-10-21 11:00:00+00:00,2.7059932,356.186
2025-10-21 12:00:00+00:00,2.3469126,355.60138
2025-10-21 13:00:00+00:00,2.0523157,344.7448
2025-10-21 14:00:00+00:00,2.4149535,333.43503
2025-10-21 15:00:00+00:00,2.968636,345.9637
2025-10-21 16:00:00+00:00,3.01735,342.64587
2025-10-21 17:00:00+00:00,3.438895,353.9911
2025-10-21 18:00:00+00:00,3.2599385,353.6599
2025-10-21 19:00:00+00:00,3.244996,356.82022
2025-10-21 20:00:00+00:00,3.4247334,356.98727
2025-10-21 21:00:00+00:00,3.4199998,360.0
2025-10-21 22:00:00+00:00,3.6179552,5.7105074
2025-10-21 23:00:00+00:00,3.6,360.0
2025-10-22 00:00:00+00:00,3.604497,2.8623457
2025-10-22 01:00:00+00:00,3.604497,2.8623457
2025-10-22 02:00:00+00:00,3.6179552,5.7105074
2025-10-22 03:00:00+00:00,3.362677,15.524177
2025-10-22 04:00:00+00:00,2.8460495,34.69522
2025-10-22 05:00:00+00:00,2.4149535,63.435013
2025-10-22 06:00:00+00:00,2.7238941,82.40546
2025-10-22 07:00:00+00:00,2.9301877,100.619606
2025-10-22 08:00:00+00:00,1.659518,102.5288
2025-10-22 09:00:00+00:00,0.742159,284.03625
2025-10-22 10:00:00+00:00,2.3051248,308.65982
2025-10-22 11:00:00+00:00,2.9024127,299.74478
2025-10-22 12:00:00+00:00,2.7943513,284.93146
2025-10-22 13:00:00+00:00,2.0991426,300.96368
2025-10-22 14:00:00+00:00,1.5379207,339.44388
2025-10-22 15:00:00+00:00,1.0948973,9.462248
2025-10-22 16:00:00+00:00,1.8089776,5.7105074
2025-10-22 17:00:00+00:00,2.6999998,360.0
2025-10-22 18:00:00+00:00,2.7059932,356.186
2025-10-22 19:00:00+00:00,3.244996,356.82022
2025-10-22 20:00:00+00:00,3.244996,356.82022
2025-10-22 21:00:00+00:00,3.244996,356.82022
2025-10-22 22:00:00+00:00,3.362677,344.47583
2025-10-22 23:00:00+00:00,3.9312592,344.05453
2025-10-23 00:00:00+00:00,3.671294,348.6901
2025-10-23 01:00:00+00:00,3.6402748,351.4693
2025-10-23 02:00:00+00:00,3.9966488,352.23492
2025-10-23 03:00:00+00:00,3.9966488,352.23492
2025-10-23 04:00:00+00:00,3.438895,353.9911
2025-10-23 05:00:00+00:00,2.4014995,347.00537
2025-10-23 06:00:00+00:00,1.6981165,327.99466
2025-10-23 07:00:00+00:00,1.5379207,339.44388
2025-10-23 08:00:00+00:00,1.9386592,338.19852
2025-10-23 09:00:00+00:00,2.3051248,308.65982
2025-10-23 10:00:00+00:00,0.742159,284.03625
2025-10-23 11:00:00+00:00,2.0523157,344.7448
2025-10-23 12:00:00+00:00,1.5273507,315.0001
2025-10-23 13:00:00+00:00,1.2727921,351.87
2025-10-23 14:00:00+00:00,1.9881649,5.19435
2025-10-23 15:00:00+00:00,2.52,360.0
2025-10-23 16:00:00+00:00,3.06,360.0
2025-10-23 17:00:00+00:00,3.2399998,360.0
2025-10-23 18:00:00+00:00,3.7842832,2.7262611
2025-10-23 19:00:00+00:00,3.964089,2.6025116
2025-10-23 20:00:00+00:00,4.353619,7.12493
2025-10-23 21:00:00+00:00,4.2021422,9.865748
2025-10-23 22:00:00+00:00,4.2366967,12.26477
2025-10-23 23:00:00+00:00,4.2366967,12.26477
2025-10-24 00:00:00+00:00,3.9763298,5.19435
2025-10-24 01:00:00+00:00,4.2366967,12.26477
2025-10-24 02:00:00+00:00,4.060985,12.804273
2025-10-24 03:00:00+00:00,4.2136917,19.983198
2025-10-24 04:00:00+00:00,3.8647635,27.758451
2025-10-24 05:00:00+00:00,3.4576871,38.65983
2025-10-24 06:00:00+00:00,3.1845248,42.709366
2025-10-24 07:00:00+00:00,2.4216523,41.98713
2025-10-24 08:00:00+00:00,1.9469976,33.6901
2025-10-24 09:00:00+00:00,1.8532133,29.054508
2025-10-24 10:00:00+00:00,2.2910259,44.999897
2025-10-24 11:00:00+00:00,2.9522195,37.568665
2025-10-24 12:00:00+00:00,2.1068459,19.983198
2025-10-24 13:00:00+00:00,2.52,360.0
2025-10-24 14:00:00+00:00,2.8799999,360.0
2025-10-24 15:00:00+00:00,3.244996,3.179772
2025-10-24 16:00:00+00:00,3.4247334,3.0127327
2025-10-24 17:00:00+00:00,3.604497,2.8623457
2025-10-24 18:00:00+00:00,3.7971036,5.4402504
2025-10-24 19:00:00+00:00,3.9966488,7.7650824
2025-10-24 20:00:00+00:00,4.175069,7.4313188
2025-10-24 21:00:00+00:00,4.514377,4.5738406
2025-10-24 22:00:00+00:00,4.5322843,6.842679
2025-10-24 23:00:00+00:00,4.0249224,10.304792
2025-10-25 00:00:00+00:00,3.9763298,5.19435
2025-10-25 01:00:00+00:00,3.9966488,7.7650824
2025-10-25 02:00:00+00:00,3.710795,14.036275
2025-10-25 03:00:00+00:00,3.7842832,25.346138
2025-10-25 04:00:00+00:00,2.9522195,37.568665
2025-10-25 05:00:00+00:00,2.5959969,56.309914
2025-10-25 06:00:00+00:00,2.226477,75.96373
2025-10-25 07:00:00+00:00,1.6299692,96.340096
2025-10-25 08:00:00+00:00,1.1384199,108.43504
2025-10-25 09:00:00+00:00,1.1384199,108.43504
2025-10-25 10:00:00+00:00,1.0495713,120.96369
2025-10-25 11:00:00+00:00,1.8532133,29.054508
2025-10-25 12:00:00+00:00,1.7727944,23.962492
2025-10-25 13:00:00+00:00,2.1897945,9.462248
2025-10-25 14:00:00+00:00,2.5772078,12.094739
2025-10-25 15:00:00+00:00,2.8856194,3.5762644
2025-10-25 16:00:00+00:00,3.244996,3.179772
2025-10-25 17:00:00+00:00,3.4247334,3.0127327
2025-10-25 18:00:00+00:00,3.964089,2.6025116
2025-10-25 19:00:00+00:00,3.7799997,360.0
2025-10-25 20:00:00+00:00,3.96,360.0
2025-10-25 21:00:00+00:00,4.143911,2.4894993
2025-10-25 22:00:00+00:00,4.8633323,2.1210518
2025-10-25 23:00:00+00:00,4.73506,8.746089
2025-10-26 00:00:00+00:00,4.7110505,6.581848
2025-10-26 01:00:00+00:00,4.5322843,6.842679
2025-10-26 02:00:00+00:00,4.73506,8.746089
2025-10-26 03:00:00+00:00,4.2366967,12.26477
2025-10-26 04:00:00+00:00,3.8141315,19.290138
2025-10-26 05:00:00+00:00,3.4763772,21.25058
2025-10-26 06:00:00+00:00,2.97953,25.016869
2025-10-26 07:00:00+00:00,2.7416782,23.198618
2025-10-26 08:00:00+00:00,2.4482646,17.102825
2025-10-26 09:00:00+00:00,2.226477,14.036275
2025-10-26 10:00:00+00:00,1.7727944,336.0375
2025-10-26 11:00:00+00:00,2.4482646,342.8972
2025-10-26 12:00:00+00:00,2.0523157,344.7448
2025-10-26 13:00:00+00:00,2.5264204,355.91446
2025-10-26 14:00:00+00:00,3.06,360.0
2025-10-26 15:00:00+00:00,3.4247334,356.98727
2025-10-26 16:00:00+00:00,3.6,360.0
2025-10-26 17:00:00+00:00,3.96,360.0
2025-10-26 18:00:00+00:00,3.96,360.0
2025-10-26 19:00:00+00:00,4.143911,2.4894993
2025-10-26 20:00:00+00:00,4.514377,4.5738406
2025-10-26 21:00:00+00:00,4.6938252,4.398633
2025-10-26 22:00:00+00:00,4.8733153,4.23632
2025-10-26 23:00:00+00:00,4.8733153,4.23632
2025-10-27 00:00:00+00:00,4.503598,2.2905633
2025-10-27 01:00:00+00:00,4.503598,2.2905633
2025-10-27 02:00:00+00:00,4.6938252,4.398633
2025-10-27 03:00:00+00:00,4.5322843,6.842679
2025-10-27 04:00:00+00:00,3.8856654,13.392516
2025-10-27 05:00:00+00:00,2.9024127,29.744795
2025-10-27 06:00:00+00:00,2.4216523,48.01287
2025-10-27 07:00:00+00:00,1.9134263,48.814175
2025-10-27 08:00:00+00:00,1.609969,26.564985
2025-10-27 09:00:00+00:00,1.8,360.0
2025-10-27 10:00:00+00:00,1.1525624,321.34018
2025-10-27 11:00:00+00:00,1.6299692,6.3401003
2025-10-27 12:00:00+00:00,1.5379207,20.556128
2025-10-27 13:00:00+00:00,2.3469126,4.398633
2025-10-27 14:00:00+00:00,3.06,360.0
2025-10-27 15:00:00+00:00,3.4247334,356.98727
2025-10-27 16:00:00+00:00,3.604497,357.13766
2025-10-27 17:00:00+00:00,3.604497,357.13766
2025-10-27 18:00:00+00:00,3.7842832,357.27374
2025-10-27 19:00:00+00:00,3.7842832,357.27374
2025-10-27 20:00:00+00:00,3.7799997,360.0
2025-10-27 21:00:00+00:00,3.7842832,2.7262611
2025-10-27 22:00:00+00:00,3.964089,2.6025116
2025-10-27 23:00:00+00:00,3.9763298,5.19435
2025-10-28 00:00:00+00:00,4.143911,2.4894993
2025-10-28 01:00:00+00:00,4.32,360.0
2025-10-28 02:00:00+00:00,4.32,360.0
2025-10-28 03:00:00+00:00,3.964089,2.6025116
2025-10-28 04:00:00+00:00,3.319036,12.528798
2025-10-28 05:00:00+00:00,2.3469129,32.471172
2025-10-28 06:00:00+00:00,1.659518,49.398785
2025-10-28 07:00:00+00:00,1.1525624,51.34017
2025-10-28 08:00:00+00:00,0.9,53.13002
2025-10-28 09:00:00+00:00,0.9693296,21.801476
2025-10-28 10:00:00+00:00,1.2074767,333.43503
2025-10-28 11:00:00+00:00,1.8,360.0
2025-10-28 12:00:00+00:00,1.6199999,360.0
2025-10-28 13:00:00+00:00,1.98,360.0
2025-10-28 14:00:00+00:00,2.7238941,7.59456
2025-10-28 15:00:00+00:00,3.244996,3.179772
2025-10-28 16:00:00+00:00,3.6,360.0
2025-10-28 17:00:00+00:00,3.604497,357.13766
2025-10-28 18:00:00+00:00,3.964089,357.3975
2025-10-28 19:00:00+00:00,4.32,360.0
2025-10-28 20:00:00+00:00,4.68,360.0
2025-10-28 21:00:00+00:00,4.6834598,2.2025495
2025-10-28 22:00:00+00:00,6.12,360.0
2025-10-28 23:00:00+00:00,5.8048253,7.12493
2025-10-29 00:00:00+00:00,5.232399,3.9451082
2025-10-29 01:00:00+00:00,5.0432134,2.0453732
2025-10-29 02:00:00+00:00,5.2478566,5.9060555
2025-10-29 03:00:00+00:00,4.5322843,6.842679
2025-10-29 04:00:00+00:00,4.0249224,10.304792
2025-10-29 05:00:00+00:00,3.189608,16.389616
2025-10-29 06:00:00+00:00,2.50064,30.256361
2025-10-29 07:00:00+00:00,1.8532133,29.054508
2025-10-29 08:00:00+00:00,1.659518,12.528798
2025-10-29 09:00:00+00:00,1.8,360.0
2025-10-29 10:00:00+00:00,2.1749482,335.55606
2025-10-29 11:00:00+00:00,2.5772076,335.22488
2025-10-29 12:00:00+00:00,1.6299692,353.6599
2025-10-29 13:00:00+00:00,2.1674871,355.23645
2025-10-29 14:00:00+00:00,3.0652895,356.6336
2025-10-29 15:00:00+00:00,3.604497,357.13766
2025-10-29 16:00:00+00:00,3.964089,357.3975
2025-10-29 17:00:00+00:00,4.143911,357.5105
2025-10-29 18:00:00+00:00,4.32,360.0
2025-10-29 19:00:00+00:00,4.503598,2.2905633
2025-10-29 20:00:00+00:00,4.6834598,2.2025495
2025-10-29 21:00:00+00:00,4.8633323,2.1210518
2025-10-29 22:00:00+00:00,5.0432134,2.0453732
2025-10-29 23:00:00+00:00,4.6938252,4.398633
2025-10-30 00:00:00+00:00,4.6938252,4.398633
2025-10-30 01:00:00+00:00,4.503598,2.2905633
2025-10-30 02:00:00+00:00,4.7110505,6.581848
2025-10-30 03:00:00+00:00,4.353619,7.12493
2025-10-30 04:00:00+00:00,3.8856654,13.392516
2025-10-30 05:00:00+00:00,2.97953,25.016869
2025-10-30 06:00:00+00:00,2.6999998,36.86998
2025-10-30 07:00:00+00:00,2.3051248,38.65983
2025-10-30 08:00:00+00:00,2.0124612,26.564985
2025-10-30 09:00:00+00:00,2.1749482,24.443953
2025-10-30 10:00:00+00:00,2.3469129,32.471172
2025-10-30 11:00:00+00:00,2.4149535,26.564985
2025-10-30 12:00:00+00:00,2.1674871,4.763556
2025-10-30 13:00:00+00:00,2.7059932,356.186
2025-10-30 14:00:00+00:00,3.244996,356.82022
2025-10-30 15:00:00+00:00,3.604497,357.13766
2025-10-30 16:00:00+00:00,3.7842832,357.27374
2025-10-30 17:00:00+00:00,3.964089,357.3975
2025-10-30 18:00:00+00:00,4.14,360.0
2025-10-30 19:00:00+00:00,4.32,360.0
2025-10-30 20:00:00+00:00,4.323748,2.385899
2025-10-30 21:00:00+00:00,4.503598,2.2905633
2025-10-30 22:00:00+00:00,5.2200003,360.0
2025-10-30 23:00:00+00:00,4.7110505,6.581848
2025-10-31 00:00:00+00:00,4.3349743,4.763556
2025-10-31 01:00:00+00:00,4.1556225,4.969664
2025-10-31 02:00:00+00:00,4.514377,4.5738406
2025-10-31 03:00:00+00:00,4.175069,7.4313188
2025-10-31 04:00:00+00:00,3.362677,15.524177
2025-10-31 05:00:00+00:00,2.7416782,23.198618
2025-10-31 06:00:00+00:00,2.50064,30.256361
2025-10-31 07:00:00+00:00,2.5071096,21.037588
2025-10-31 08:00:00+00:00,2.4482646,17.102825
2025-10-31 09:00:00+00:00,2.4014995,12.99463
2025-10-31 10:00:00+00:00,2.7238941,7.59456
2025-10-31 11:00:00+00:00,2.36753,8.746089
2025-10-31 12:00:00+00:00,1.8,360.0
2025-10-31 13:00:00+00:00,2.5264204,355.91446
2025-10-31 14:00:00+00:00,3.0652895,356.6336
2025-10-31 15:00:00+00:00,3.438895,353.9911
2025-10-31 16:00:00+00:00,3.7971036,354.55975
2025-10-31 17:00:00+00:00,3.964089,357.3975
2025-10-31 18:00:00+00:00,4.143911,357.5105
2025-10-31 19:00:00+00:00,4.323748,357.6141
2025-10-31 20:00:00+00:00,4.32,360.0
2025-10-31 21:00:00+00:00,4.323748,2.385899
2025-10-31 22:00:00+00:00,5.223103,1.9748993
2025-10-31 23:00:00+00:00,4.6938252,4.398633
2025-11-01 00:00:00+00:00,4.514377,4.5738406
2025-11-01 01:00:00+00:00,4.68,360.0
2025-11-01 02:00:00+00:00,4.5,360.0
2025-11-01 03:00:00+00:00,4.32,360.0
2025-11-01 04:00:00+00:00,3.462369,8.97255
2025-11-01 05:00:00+00:00,2.7416782,23.198618
2025-11-01 06:00:00+00:00,2.0991426,30.963696
2025-11-01 07:00:00+00:00,1.7076298,18.435053
2025-11-01 08:00:00+00:00,1.6299692,353.6599
2025-11-01 09:00:00+00:00,1.9386592,338.19852
2025-11-01 10:00:00+00:00,2.3051248,308.65982
2025-11-01 11:00:00+00:00,2.19718,325.0079
2025-11-01 12:00:00+00:00,1.4399999,360.0
2025-11-01 13:00:00+00:00,2.36753,8.746089
2025-11-01 14:00:00+00:00,2.9024127,7.12493
2025-11-01 15:00:00+00:00,3.4247334,3.0127327
2025-11-01 16:00:00+00:00,3.7799997,360.0
2025-11-01 17:00:00+00:00,3.964089,357.3975
2025-11-01 18:00:00+00:00,4.14,360.0
2025-11-01 19:00:00+00:00,4.143911,357.5105
2025-11-01 20:00:00+00:00,4.32,360.0
2025-11-01 21:00:00+00:00,4.323748,2.385899
2025-11-01 22:00:00+00:00,4.86,360.0
2025-11-01 23:00:00+00:00,5.04,360.0
2025-11-02 00:00:00+00:00,5.223103,1.9748993
2025-11-02 01:00:00+00:00,5.04,360.0
2025-11-02 02:00:00+00:00,5.223103,1.9748993
2025-11-02 03:00:00+00:00,4.6834598,2.2025495
2025-11-02 04:00:00+00:00,4.0249224,10.304792
2025-11-02 05:00:00+00:00,3.143565,23.629398
2025-11-02 06:00:00+00:00,2.4482648,36.027473
2025-11-02 07:00:00+00:00,2.0523157,37.875053
2025-11-02 08:00:00+00:00,1.5379207,20.556128
2025-11-02 09:00:00+00:00,1.5379207,339.44388
2025-11-02 10:00:00+00:00,2.0523157,322.12494
2025-11-02 11:00:00+00:00,2.4482648,323.97253
2025-11-02 12:00:00+00:00,1.7076298,341.56494
2025-11-02 13:00:00+00:00,2.1897945,350.53775
2025-11-02 14:00:00+00:00,2.9024127,352.87506
2025-11-02 15:00:00+00:00,3.2599385,353.6599
2025-11-02 16:00:00+00:00,3.6179552,354.2895
2025-11-02 17:00:00+00:00,3.9763298,354.80566
2025-11-02 18:00:00+00:00,4.143911,357.5105
2025-11-02 19:00:00+00:00,4.143911,357.5105
2025-11-02 20:00:00+00:00,4.14,360.0
2025-11-02 21:00:00+00:00,4.5,360.0
2025-11-02 22:00:00+00:00,4.8633323,357.87894
2025-11-02 23:00:00+00:00,5.9427266,358.26434
2025-11-03 00:00:00+00:00,4.86,360.0
2025-11-03 01:00:00+00:00,4.503598,2.2905633
2025-11-03 02:00:00+00:00,4.8633323,2.1210518
2025-11-03 03:00:00+00:00,4.5322843,6.842679
2025-11-03 04:00:00+00:00,4.1046314,15.255177
2025-11-03 05:00:00+00:00,3.381893,25.201094
2025-11-03 06:00:00+00:00,2.8460495,34.69522
2025-11-03 07:00:00+00:00,1.9469976,33.6901
2025-11-03 08:00:00+00:00,1.659518,12.528798
2025-11-03 09:00:00+00:00,1.484318,345.9637
2025-11-03 10:00:00+00:00,1.6981165,302.00534
2025-11-03 11:00:00+00:00,2.4216523,318.01288
2025-11-03 12:00:00+00:00,2.1897945,350.53775
2025-11-03 13:00:00+00:00,2.5264204,355.91446
2025-11-03 14:00:00+00:00,3.06,360.0
2025-11-03 15:00:00+00:00,3.2399998,360.0
2025-11-03 16:00:00+00:00,3.604497,357.13766
2025-11-03 17:00:00+00:00,3.7842832,357.27374
2025-11-03 18:00:00+00:00,4.143911,357.5105
2025-11-03 19:00:00+00:00,4.14,360.0
2025-11-03 20:00:00+00:00,4.68,360.0
2025-11-03 21:00:00+00:00,4.8633323,2.1210518
2025-11-03 22:00:00+00:00,4.8733153,355.76367
2025-11-03 23:00:00+00:00,4.6834598,2.2025495
2025-11-04 00:00:00+00:00,4.503598,2.2905633
2025-11-04 01:00:00+00:00,4.5,360.0
2025-11-04 02:00:00+00:00,4.143911,2.4894993
2025-11-04 03:00:00+00:00,4.175069,7.4313188
2025-11-04 04:00:00+00:00,3.536439,14.743609
2025-11-04 05:00:00+00:00,1.5484185,35.537766
2025-11-04 06:00:00+00:00,1.609969,153.43501
2025-11-04 07:00:00+00:00,4.143911,182.4895
2025-11-04 08:00:00+00:00,6.21717,202.1095
2025-11-04 09:00:00+00:00,6.696387,216.25392
2025-11-04 10:00:00+00:00,7.386582,226.97493
2025-11-04 11:00:00+00:00,4.2021427,223.26433
2025-11-04 12:00:00+00:00,3.4388947,222.87889
2025-11-04 13:00:00+00:00,3.1845248,222.70937
2025-11-04 14:00:00+00:00,2.3400002,202.6199
2025-11-04 15:00:00+00:00,2.0523157,195.25517
2025-11-04 16:00:00+00:00,2.7059932,183.814
2025-11-04 17:00:00+00:00,2.36753,171.25392
2025-11-04 18:00:00+00:00,2.226477,194.03627
2025-11-04 19:00:00+00:00,2.19718,214.9921
2025-11-04 20:00:00+00:00,2.3469129,237.52882
2025-11-04 21:00:00+00:00,2.2553935,241.38963
2025-11-04 22:00:00+00:00,2.657668,241.69934
2025-11-04 23:00:00+00:00,2.2768397,251.56496
2025-11-05 00:00:00+00:00,2.0523157,254.74483
2025-11-05 01:00:00+00:00,1.8,270.0
2025-11-05 02:00:00+00:00,1.8089776,275.7105
2025-11-05 03:00:00+00:00,2.5772078,257.90524
2025-11-05 04:00:00+00:00,4.2481523,233.61555
2025-11-05 05:00:00+00:00,6.269067,230.82635
2025-11-05 06:00:00+00:00,6.4096174,231.84273
2025-11-05 07:00:00+00:00,7.1684303,231.1155
2025-11-05 08:00:00+00:00,8.139901,234.90411
2025-11-05 09:00:00+00:00,8.242743,238.39255
2025-11-05 10:00:00+00:00,6.623413,227.20262
2025-11-05 11:00:00+00:00,4.5820518,224.9999
2025-11-05 12:00:00+00:00,3.0652893,229.76372
2025-11-05 13:00:00+00:00,2.50064,239.74365
2025-11-05 14:00:00+00:00,2.4482646,252.89719
2025-11-05 15:00:00+00:00,2.4014995,257.00537
2025-11-05 16:00:00+00:00,2.3469126,265.60138
2025-11-05 17:00:00+00:00,1.9881649,275.19434
2025-11-05 18:00:00+00:00,1.835647,281.3099
2025-11-05 19:00:00+00:00,1.9134263,318.81415
2025-11-05 20:00:00+00:00,2.5071096,338.9624
2025-11-05 21:00:00+00:00,3.2599385,353.6599
2025-11-05 22:00:00+00:00,5.2694216,352.14676
2025-11-05 23:00:00+00:00,4.6834598,357.79745
2025-11-06 00:00:00+00:00,4.7110505,6.581848
2025-11-06 01:00:00+00:00,4.5322843,6.842679
2025-11-06 02:00:00+00:00,3.964089,2.6025116
2025-11-06 03:00:00+00:00,3.7842832,2.7262611
2025-11-06 04:00:00+00:00,3.4949677,11.888645
2025-11-06 05:00:00+00:00,3.143565,23.629398
2025-11-06 06:00:00+00:00,3.148714,30.963696
2025-11-06 07:00:00+00:00,2.9024127,29.744795
2025-11-06 08:00:00+00:00,2.8174455,26.564985
2025-11-06 09:00:00+00:00,2.6758924,19.653913
2025-11-06 10:00:00+00:00,3.0811036,6.70975
2025-11-06 11:00:00+00:00,2.7238941,7.59456
2025-11-06 12:00:00+00:00,2.7059932,3.8140097
2025-11-06 13:00:00+00:00,2.6999998,360.0
2025-11-06 14:00:00+00:00,2.6999998,360.0
2025-11-06 15:00:00+00:00,3.06,360.0
2025-11-06 16:00:00+00:00,3.2399998,360.0
2025-11-06 17:00:00+00:00,3.7799997,360.0
2025-11-06 18:00:00+00:00,3.964089,2.6025116
2025-11-06 19:00:00+00:00,4.143911,2.4894993
2025-11-06 20:00:00+00:00,4.3349743,4.763556
2025-11-06 21:00:00+00:00,4.514377,4.5738406
2025-11-06 22:00:00+00:00,6.310277,356.72958
2025-11-06 23:00:00+00:00,5.7599998,360.0
2025-11-07 00:00:00+00:00,5.3999996,360.0
2025-11-07 01:00:00+00:00,5.0432134,357.95462
2025-11-07 02:00:00+00:00,5.0528407,355.91446
2025-11-07 03:00:00+00:00,4.8633323,357.87894
2025-11-07 04:00:00+00:00,4.143911,2.4894993
2025-11-07 05:00:00+00:00,3.362677,15.524177
2025-11-07 06:00:00+00:00,2.907989,21.801476
2025-11-07 07:00:00+00:00,2.4482646,17.102825
2025-11-07 08:00:00+00:00,2.5455842,8.130019
2025-11-07 09:00:00+00:00,2.36753,351.2539
2025-11-07 10:00:00+00:00,2.4014995,347.00537
2025-11-07 11:00:00+00:00,2.9301877,349.3804
2025-11-07 12:00:00+00:00,2.3469126,4.398633
2025-11-07 13:00:00+00:00,2.52,360.0
2025-11-07 14:00:00+00:00,3.06,360.0
2025-11-07 15:00:00+00:00,3.2399998,360.0
2025-11-07 16:00:00+00:00,3.6,360.0
2025-11-07 17:00:00+00:00,3.7799997,360.0
2025-11-07 18:00:00+00:00,4.143911,2.4894993
2025-11-07 19:00:00+00:00,4.143911,2.4894993
2025-11-07 20:00:00+00:00,4.323748,2.385899
2025-11-07 21:00:00+00:00,4.323748,2.385899
2025-11-07 22:00:00+00:00,4.6834598,2.2025495
2025-11-07 23:00:00+00:00,4.514377,4.5738406
2025-11-08 00:00:00+00:00,4.503598,2.2905633
2025-11-08 01:00:00+00:00,4.503598,2.2905633
2025-11-08 02:00:00+00:00,4.323748,2.385899
2025-11-08 03:00:00+00:00,4.503598,2.2905633
2025-11-08 04:00:00+00:00,3.9966488,7.7650824
2025-11-08 05:00:00+00:00,3.01735,17.354122
2025-11-08 06:00:00+00:00,1.9386592,21.801476
2025-11-08 07:00:00+00:00,1.3104197,344.05453
2025-11-08 08:00:00+00:00,1.781909,315.0001
2025-11-08 09:00:00+00:00,2.1674871,311.63345
2025-11-08 10:00:00+00:00,4.2021422,260.13425
2025-11-08 11:00:00+00:00,2.2553935,298.61035
2025-11-08 12:00:00+00:00,1.659518,347.4712
2025-11-08 13:00:00+00:00,2.226477,345.9637
2025-11-08 14:00:00+00:00,2.5455842,351.87
2025-11-08 15:00:00+00:00,2.9024127,352.87506
2025-11-08 16:00:00+00:00,3.2846913,350.53775
2025-11-08 17:00:00+00:00,3.6179552,354.2895
2025-11-08 18:00:00+00:00,3.7971036,354.55975
2025-11-08 19:00:00+00:00,3.964089,357.3975
2025-11-08 20:00:00+00:00,3.96,360.0
2025-11-08 21:00:00+00:00,4.143911,2.4894993
2025-11-08 22:00:00+00:00,5.0432134,2.0453732
2025-11-08 23:00:00+00:00,4.8633323,2.1210518
2025-11-09 00:00:00+00:00,4.8633323,2.1210518
2025-11-09 01:00:00+00:00,4.6834598,2.2025495
2025-11-09 02:00:00+00:00,5.0432134,2.0453732
2025-11-09 03:00:00+00:00,4.6938252,4.398633
2025-11-09 04:00:00+00:00,4.060985,12.804273
2025-11-09 05:00:00+00:00,3.381893,25.201094
2025-11-09 06:00:00+00:00,2.6758924,42.27363
2025-11-09 07:00:00+00:00,2.2910259,44.999897
2025-11-09 08:00:00+00:00,1.609969,26.564985
2025-11-09 09:00:00+00:00,1.4399999,360.0
2025-11-09 10:00:00+00:00,1.1384199,288.43503
2025-11-09 11:00:00+00:00,1.9469976,326.3099
2025-11-09 12:00:00+00:00,1.98,360.0
2025-11-09 13:00:00+00:00,2.34,360.0
2025-11-09 14:00:00+00:00,2.7059932,356.186
2025-11-09 15:00:00+00:00,3.244996,356.82022
2025-11-09 16:00:00+00:00,3.4247334,356.98727
2025-11-09 17:00:00+00:00,3.604497,357.13766
2025-11-09 18:00:00+00:00,3.7799997,360.0
2025-11-09 19:00:00+00:00,3.96,360.0
2025-11-09 20:00:00+00:00,4.14,360.0
2025-11-09 21:00:00+00:00,4.32,360.0
2025-11-09 22:00:00+00:00,4.8633323,357.87894
2025-11-09 23:00:00+00:00,4.323748,2.385899
2025-11-10 00:00:00+00:00,4.503598,2.2905633
2025-11-10 01:00:00+00:00,4.503598,2.2905633
2025-11-10 02:00:00+00:00,4.323748,2.385899
2025-11-10 03:00:00+00:00,4.514377,4.5738406
2025-11-10 04:00:00+00:00,3.8856654,13.392516
2025-11-10 05:00:00+00:00,2.97953,25.016869
2025-11-10 06:00:00+00:00,2.19718,34.9921
2025-11-10 07:00:00+00:00,1.609969,26.564985
2025-11-10 08:00:00+00:00,1.08,360.0
2025-11-10 09:00:00+00:00,1.1384199,341.56494
2025-11-10 10:00:00+00:00,0.9,270.0
2025-11-10 11:00:00+00:00,1.2979984,326.3099
2025-11-10 12:00:00+00:00,1.835647,11.3098955
2025-11-10 13:00:00+00:00,2.3469126,4.398633
2025-11-10 14:00:00+00:00,2.8856194,3.5762644
2025-11-10 15:00:00+00:00,2.8799999,360.0
2025-11-10 16:00:00+00:00,3.244996,356.82022
2025-11-10 17:00:00+00:00,3.4199998,360.0
2025-11-10 18:00:00+00:00,3.6,360.0
2025-11-10 19:00:00+00:00,3.7799997,360.0
2025-11-10 20:00:00+00:00,3.7842832,2.7262611
2025-11-10 21:00:00+00:00,3.7971036,5.4402504
2025-11-10 22:00:00+00:00,4.3349743,4.763556
2025-11-10 23:00:00+00:00,4.353619,7.12493
2025-11-11 00:00:00+00:00,4.175069,7.4313188
2025-11-11 01:00:00+00:00,4.175069,7.4313188
2025-11-11 02:00:00+00:00,4.5322843,6.842679
2025-11-11 03:00:00+00:00,4.175069,7.4313188
2025-11-11 04:00:00+00:00,3.4152596,18.435053
2025-11-11 05:00:00+00:00,2.5455842,44.999897
2025-11-11 06:00:00+00:00,2.1068459,70.01681
2025-11-11 07:00:00+00:00,1.8089776,84.2895
2025-11-11 08:00:00+00:00,1.4512063,97.12492
2025-11-11 09:00:00+00:00,0.9,126.86999
2025-11-11 10:00:00+00:00,2.5071096,201.03758
2025-11-11 11:00:00+00:00,1.1384199,108.43504
2025-11-11 12:00:00+00:00,1.4512063,60.255207
2025-11-11 13:00:00+00:00,1.7076298,18.435053
2025-11-11 14:00:00+00:00,2.1897945,9.462248
2025-11-11 15:00:00+00:00,2.5264204,4.085537
2025-11-11 16:00:00+00:00,3.06,360.0
2025-11-11 17:00:00+00:00,3.4199998,360.0
2025-11-11 18:00:00+00:00,3.6,360.0
2025-11-11 19:00:00+00:00,3.7842832,2.7262611
2025-11-11 20:00:00+00:00,3.9763298,5.19435
2025-11-11 21:00:00+00:00,3.9763298,5.19435
2025-11-11 22:00:00+00:00,4.1556225,4.969664
2025-11-11 23:00:00+00:00,4.175069,7.4313188
2025-11-12 00:00:00+00:00,4.175069,7.4313188
2025-11-12 01:00:00+00:00,4.353619,7.12493
2025-11-12 02:00:00+00:00,4.353619,7.12493
2025-11-12 03:00:00+00:00,4.5572357,9.090207
2025-11-12 04:00:00+00:00,4.1556225,17.650223
2025-11-12 05:00:00+00:00,3.244996,33.6901
2025-11-12 06:00:00+00:00,3.096837,54.46224
2025-11-12 07:00:00+00:00,2.995797,57.264786
2025-11-12 08:00:00+00:00,2.4482648,53.972538
2025-11-12 09:00:00+00:00,2.3051248,38.65983
2025-11-12 10:00:00+00:00,1.835647,11.3098955
2025-11-12 11:00:00+00:00,2.6999998,360.0
2025-11-12 12:00:00+00:00,2.36753,8.746089
2025-11-12 13:00:00+00:00,2.7059932,3.8140097
2025-11-12 14:00:00+00:00,3.06,360.0
2025-11-12 15:00:00+00:00,3.4199998,360.0
2025-11-12 16:00:00+00:00,3.7842832,357.27374
2025-11-12 17:00:00+00:00,3.964089,357.3975
2025-11-12 18:00:00+00:00,4.14,360.0
2025-11-12 19:00:00+00:00,4.143911,357.5105
2025-11-12 20:00:00+00:00,4.323748,2.385899
2025-11-12 21:00:00+00:00,4.323748,2.385899
2025-11-12 22:00:00+00:00,4.6938252,4.398633
2025-11-12 23:00:00+00:00,4.6938252,4.398633
2025-11-13 00:00:00+00:00,4.323748,2.385899
2025-11-13 01:00:00+00:00,4.323748,2.385899
2025-11-13 02:00:00+00:00,4.323748,2.385899
2025-11-13 03:00:00+00:00,4.353619,7.12493
2025-11-13 04:00:00+00:00,3.671294,11.3098955
2025-11-13 05:00:00+00:00,2.8174455,26.564985
2025-11-13 06:00:00+00:00,2.3469129,32.471172
2025-11-13 07:00:00+00:00,2.0523157,37.875053
2025-11-13 08:00:00+00:00,2.1749482,24.443953
2025-11-13 09:00:00+00:00,2.5071096,21.037588
2025-11-13 10:00:00+00:00,2.3469129,32.471172
2025-11-13 11:00:00+00:00,2.5959969,33.6901
2025-11-13 12:00:00+00:00,2.0991426,30.963696
2025-11-13 13:00:00+00:00,2.36753,8.746089
2025-11-13 14:00:00+00:00,2.7059932,3.8140097
2025-11-13 15:00:00+00:00,3.0652895,356.6336
2025-11-13 16:00:00+00:00,3.4247334,356.98727
2025-11-13 17:00:00+00:00,3.604497,357.13766
2025-11-13 18:00:00+00:00,3.7842832,357.27374
2025-11-13 19:00:00+00:00,3.96,360.0
2025-11-13 20:00:00+00:00,3.964089,2.6025116
2025-11-13 21:00:00+00:00,4.3349743,4.763556
2025-11-13 22:00:00+00:00,5.4029994,1.9091109
2025-11-13 23:00:00+00:00,5.223103,1.9748993
2025-11-14 00:00:00+00:00,4.6938252,4.398633
2025-11-14 01:00:00+00:00,4.323748,2.385899
2025-11-14 02:00:00+00:00,4.5,360.0
2025-11-14 03:00:00+00:00,4.1556225,4.969664
2025-11-14 04:00:00+00:00,3.462369,8.97255
2025-11-14 05:00:00+00:00,2.907989,21.801476
2025-11-14 06:00:00+00:00,2.5959969,33.6901
2025-11-14 07:00:00+00:00,2.6758924,42.27363
2025-11-14 08:00:00+00:00,2.6758924,47.72637
2025-11-14 09:00:00+00:00,2.5455842,44.999897
2025-11-14 10:00:00+00:00,2.2553935,28.610369
2025-11-14 11:00:00+00:00,2.36753,8.746089
2025-11-14 12:00:00+00:00,2.0124612,349.69522
2025-11-14 13:00:00+00:00,2.36753,351.2539
2025-11-14 14:00:00+00:00,2.7059932,356.186
2025-11-14 15:00:00+00:00,3.0811036,353.29025
2025-11-14 16:00:00+00:00,3.4247334,356.98727
2025-11-14 17:00:00+00:00,3.7842832,357.27374
2025-11-14 18:00:00+00:00,3.964089,357.3975
2025-11-14 19:00:00+00:00,3.964089,357.3975
2025-11-14 20:00:00+00:00,4.14,360.0
2025-11-14 21:00:00+00:00,4.14,360.0
2025-11-14 22:00:00+00:00,5.2200003,360.0
2025-11-14 23:00:00+00:00,5.0528407,4.085537
2025-11-15 00:00:00+00:00,4.8633323,2.1210518
2025-11-15 01:00:00+00:00,4.8733153,4.23632
2025-11-15 02:00:00+00:00,4.6834598,2.2025495
2025-11-15 03:00:00+00:00,4.3349743,4.763556
2025-11-15 04:00:00+00:00,3.710795,14.036275
2025-11-15 05:00:00+00:00,2.7475805,31.607454
2025-11-15 06:00:00+00:00,2.4216523,41.98713
2025-11-15 07:00:00+00:00,2.19718,34.9921
2025-11-15 08:00:00+00:00,2.0991426,30.963696
2025-11-15 09:00:00+00:00,2.2768397,18.435053
2025-11-15 10:00:00+00:00,1.9881649,5.19435
2025-11-15 11:00:00+00:00,2.7534704,11.3098955
2025-11-15 12:00:00+00:00,2.4014995,12.99463
2025-11-15 13:00:00+00:00,2.7059932,3.8140097
2025-11-15 14:00:00+00:00,3.0652895,3.3664
2025-11-15 15:00:00+00:00,3.4199998,360.0
2025-11-15 16:00:00+00:00,3.6,360.0
2025-11-15 17:00:00+00:00,3.7842832,2.7262611
2025-11-15 18:00:00+00:00,4.14,360.0
2025-11-15 19:00:00+00:00,4.32,360.0
2025-11-15 20:00:00+00:00,4.3349743,4.763556
2025-11-15 21:00:00+00:00,4.503598,2.2905633
2025-11-15 22:00:00+00:00,5.771239,356.42374
2025-11-15 23:00:00+00:00,5.4119864,3.8140097
2025-11-16 00:00:00+00:00,4.8733153,4.23632
2025-11-16 01:00:00+00:00,5.0432134,357.95462
2025-11-16 02:00:00+00:00,5.2200003,360.0
2025-11-16 03:00:00+00:00,4.8733153,4.23632
2025-11-16 04:00:00+00:00,4.2366967,12.26477
2025-11-16 05:00:00+00:00,3.319036,12.528798
2025-11-16 06:00:00+00:00,2.97953,25.016869
2025-11-16 07:00:00+00:00,3.219938,63.435013
2025-11-16 08:00:00+00:00,2.907989,68.19853
2025-11-16 09:00:00+00:00,2.6758924,42.27363
2025-11-16 10:00:00+00:00,3.671294,11.3098955
2025-11-16 11:00:00+00:00,3.2846913,9.462261
2025-11-16 12:00:00+00:00,2.7059932,3.8140097
2025-11-16 13:00:00+00:00,2.8856194,356.42374
2025-11-16 14:00:00+00:00,3.244996,356.82022
2025-11-16 15:00:00+00:00,3.4247334,356.98727
2025-11-16 16:00:00+00:00,3.7971036,354.55975
2025-11-16 17:00:00+00:00,3.9763298,354.80566
2025-11-16 18:00:00+00:00,4.143911,357.5105
2025-11-16 19:00:00+00:00,4.3349743,355.23645
2025-11-16 20:00:00+00:00,4.323748,357.6141
2025-11-16 21:00:00+00:00,4.323748,357.6141
2025-11-16 22:00:00+00:00,5.0911684,351.87
2025-11-16 23:00:00+00:00,4.86,360.0
2025-11-17 00:00:00+00:00,4.5,360.0
2025-11-17 01:00:00+00:00,4.503598,357.70944
2025-11-17 02:00:00+00:00,4.6834598,357.79745
2025-11-17 03:00:00+00:00,4.5,360.0
2025-11-17 04:00:00+00:00,3.7971036,5.4402504
2025-11-17 05:00:00+00:00,2.907989,21.801476
2025-11-17 06:00:00+00:00,2.4482648,36.027473
2025-11-17 07:00:00+00:00,1.9469976,33.6901
2025-11-17 08:00:00+00:00,2.0523157,15.255177
2025-11-17 09:00:00+00:00,1.9881649,354.80566
2025-11-17 10:00:00+00:00,1.8,323.13
2025-11-17 11:00:00+00:00,2.3400002,337.3801
2025-11-17 12:00:00+00:00,1.98,360.0
2025-11-17 13:00:00+00:00,2.3469126,355.60138
2025-11-17 14:00:00+00:00,2.8856194,356.42374
2025-11-17 15:00:00+00:00,3.244996,356.82022
2025-11-17 16:00:00+00:00,3.604497,357.13766
2025-11-17 17:00:00+00:00,3.7842832,357.27374
2025-11-17 18:00:00+00:00,4.14,360.0
2025-11-17 19:00:00+00:00,4.14,360.0
2025-11-17 20:00:00+00:00,4.32,360.0
2025-11-17 21:00:00+00:00,4.503598,2.2905633
2025-11-17 22:00:00+00:00,5.4029994,358.09088
2025-11-17 23:00:00+00:00,5.04,360.0
2025-11-18 00:00:00+00:00,4.8633323,2.1210518
2025-11-18 01:00:00+00:00,5.223103,1.9748993
2025-11-18 02:00:00+00:00,5.0432134,2.0453732
2025-11-18 03:00:00+00:00,4.8733153,4.23632
2025-11-18 04:00:00+00:00,4.5891175,11.3098955
2025-11-18 05:00:00+00:00,3.8141315,19.290138
2025-11-18 06:00:00+00:00,3.396233,32.005356
2025-11-18 07:00:00+00:00,2.9522195,37.568665
2025-11-18 08:00:00+00:00,2.8460495,34.69522
2025-11-18 09:00:00+00:00,2.657668,28.30066
2025-11-18 10:00:00+00:00,2.7416782,23.198618
2025-11-18 11:00:00+00:00,2.7238941,7.59456
2025-11-18 12:00:00+00:00,2.1897945,9.462248
2025-11-18 13:00:00+00:00,2.52,360.0
2025-11-18 14:00:00+00:00,3.0652895,3.3664
2025-11-18 15:00:00+00:00,3.2399998,360.0
2025-11-18 16:00:00+00:00,3.604497,2.8623457
2025-11-18 17:00:00+00:00,3.964089,2.6025116
2025-11-18 18:00:00+00:00,4.1556225,4.969664
2025-11-18 19:00:00+00:00,4.323748,2.385899
2025-11-18 20:00:00+00:00,4.514377,4.5738406
2025-11-18 21:00:00+00:00,4.6938252,4.398633
2025-11-18 22:00:00+00:00,4.8733153,4.23632
2025-11-18 23:00:00+00:00,4.353619,7.12493
2025-11-19 00:00:00+00:00,4.5322843,6.842679
2025-11-19 01:00:00+00:00,4.5322843,6.842679
2025-11-19 02:00:00+00:00,4.514377,4.5738406
2025-11-19 03:00:00+00:00,4.5572357,9.090207
2025-11-19 04:00:00+00:00,3.9312592,15.945477
2025-11-19 05:00:00+00:00,3.06,28.072395
2025-11-19 06:00:00+00:00,2.4216523,41.98713
2025-11-19 07:00:00+00:00,2.0364676,44.999897
2025-11-19 08:00:00+00:00,1.4512063,29.744795
2025-11-19 09:00:00+00:00,1.0948973,350.53775
2025-11-19 10:00:00+00:00,0.17999999,360.0
2025-11-19 11:00:00+00:00,1.3104197,15.945477
2025-11-19 12:00:00+00:00,1.7727944,23.962492
2025-11-19 13:00:00+00:00,1.9881649,5.19435
2025-11-19 14:00:00+00:00,2.52,360.0
2025-11-19 15:00:00+00:00,3.244996,356.82022
2025-11-19 16:00:00+00:00,3.7842832,357.27374
2025-11-19 17:00:00+00:00,4.143911,357.5105
2025-11-19 18:00:00+00:00,4.14,360.0
2025-11-19 19:00:00+00:00,4.6834598,2.2025495
2025-11-19 20:00:00+00:00,4.6938252,4.398633
2025-11-19 21:00:00+00:00,4.5322843,6.842679
2025-11-19 22:00:00+00:00,4.8633323,2.1210518
2025-11-19 23:00:00+00:00,4.5572357,9.090207
2025-11-20 00:00:00+00:00,4.379589,9.462248
2025-11-20 01:00:00+00:00,4.5572357,9.090207
2025-11-20 02:00:00+00:00,4.353619,7.12493
2025-11-20 03:00:00+00:00,4.379589,9.462248
2025-11-20 04:00:00+00:00,3.9312592,15.945477
2025-11-20 05:00:00+00:00,2.97953,25.016869
2025-11-20 06:00:00+00:00,2.2553935,28.610369
2025-11-20 07:00:00+00:00,1.8089776,5.7105074
2025-11-20 08:00:00+00:00,1.8,323.13
2025-11-20 09:00:00+00:00,2.50064,300.25635
2025-11-20 10:00:00+00:00,2.4482646,287.1028
2025-11-20 11:00:00+00:00,1.9469976,326.3099
2025-11-20 12:00:00+00:00,1.4399999,360.0
2025-11-20 13:00:00+00:00,1.9881649,354.80566
2025-11-20 14:00:00+00:00,2.5264204,355.91446
2025-11-20 15:00:00+00:00,2.8856194,356.42374
2025-11-20 16:00:00+00:00,3.0652895,356.6336
2025-11-20 17:00:00+00:00,3.4247334,356.98727
2025-11-20 18:00:00+00:00,3.6,360.0
2025-11-20 19:00:00+00:00,3.7799997,360.0
2025-11-20 20:00:00+00:00,3.964089,2.6025116
2025-11-20 21:00:00+00:00,4.143911,2.4894993
2025-11-20 22:00:00+00:00,4.1556225,4.969664
2025-11-20 23:00:00+00:00,4.1556225,4.969664
2025-11-21 00:00:00+00:00,4.1556225,4.969664
2025-11-21 01:00:00+00:00,3.9763298,5.19435
2025-11-21 02:00:00+00:00,3.9763298,5.19435
2025-11-21 03:00:00+00:00,3.438895,6.0089183
2025-11-21 04:00:00+00:00,3.3092597,22.380184
2025-11-21 05:00:00+00:00,2.6758924,42.27363
2025-11-21 06:00:00+00:00,1.8,53.13002
2025-11-21 07:00:00+00:00,1.1384199,18.435053
2025-11-21 08:00:00+00:00,1.4058449,309.8055
2025-11-21 09:00:00+00:00,2.9301877,280.6196
2025-11-21 10:00:00+00:00,3.143565,256.75946
2025-11-21 11:00:00+00:00,1.2979984,303.6901
2025-11-21 12:00:00+00:00,0.76367533,44.999897
2025-11-21 13:00:00+00:00,1.0948973,350.53775
2025-11-21 14:00:00+00:00,1.9881649,354.80566
2025-11-21 15:00:00+00:00,2.3469126,355.60138
2025-11-21 16:00:00+00:00,2.9024127,352.87506
2025-11-21 17:00:00+00:00,3.0652895,356.6336
2025-11-21 18:00:00+00:00,3.4247334,356.98727
2025-11-21 19:00:00+00:00,3.6,360.0
2025-11-21 20:00:00+00:00,3.7971036,5.4402504
2025-11-21 21:00:00+00:00,3.9763298,5.19435
2025-11-21 22:00:00+00:00,4.6938252,4.398633
2025-11-21 23:00:00+00:00,4.5322843,6.842679
2025-11-22 00:00:00+00:00,4.5572357,9.090207
2025-11-22 01:00:00+00:00,4.379589,9.462248
2025-11-22 02:00:00+00:00,4.353619,7.12493
2025-11-22 03:00:00+00:00,4.353619,7.12493
2025-11-22 04:00:00+00:00,3.9312592,15.945477
2025-11-22 05:00:00+00:00,3.4623692,27.897186
2025-11-22 06:00:00+00:00,3.396233,32.005356
2025-11-22 07:00:00+00:00,3.096837,35.537766
2025-11-22 08:00:00+00:00,3.3481934,36.253937
2025-11-22 09:00:00+00:00,3.494968,34.50859
2025-11-22 10:00:00+00:00,3.4623692,27.897186
2025-11-22 11:00:00+00:00,2.8174455,26.564985
2025-11-22 12:00:00+00:00,1.9469976,33.6901
2025-11-22 13:00:00+00:00,2.2768397,18.435053
2025-11-22 14:00:00+00:00,2.5772078,12.094739
2025-11-22 15:00:00+00:00,2.9024127,7.12493
2025-11-22 16:00:00+00:00,3.244996,3.179772
2025-11-22 17:00:00+00:00,3.4247334,3.0127327
2025-11-22 18:00:00+00:00,3.7842832,2.7262611
2025-11-22 19:00:00+00:00,3.964089,2.6025116
2025-11-22 20:00:00+00:00,4.143911,2.4894993
2025-11-22 21:00:00+00:00,4.143911,2.4894993
2025-11-22 22:00:00+00:00,4.175069,7.4313188
2025-11-22 23:00:00+00:00,4.175069,7.4313188
2025-11-23 00:00:00+00:00,4.3349743,4.763556
2025-11-23 01:00:00+00:00,4.8633323,2.1210518
2025-11-23 02:00:00+00:00,4.8733153,4.23632
2025-11-23 03:00:00+00:00,4.514377,4.5738406
2025-11-23 04:00:00+00:00,4.2366967,12.26477
2025-11-23 05:00:00+00:00,3.3043609,29.357658
2025-11-23 06:00:00+00:00,3.1845248,42.709366
2025-11-23 07:00:00+00:00,3.4576871,51.34017
2025-11-23 08:00:00+00:00,3.572898,49.085716
2025-11-23 09:00:00+00:00,3.572898,49.085716
2025-11-23 10:00:00+00:00,4.2175345,39.805527
2025-11-23 11:00:00+00:00,3.4623692,27.897186
2025-11-23 12:00:00+00:00,2.6208394,15.945477
2025-11-23 13:00:00+00:00,2.52,360.0
2025-11-23 14:00:00+00:00,2.7238941,352.40543
2025-11-23 15:00:00+00:00,2.8856194,356.42374
2025-11-23 16:00:00+00:00,3.0811036,353.29025
2025-11-23 17:00:00+00:00,3.438895,353.9911
2025-11-23 18:00:00+00:00,3.6179552,354.2895
2025-11-23 19:00:00+00:00,3.604497,357.13766
2025-11-23 20:00:00+00:00,3.7799997,360.0
2025-11-23 21:00:00+00:00,3.7799997,360.0
2025-11-23 22:00:00+00:00,4.5,360.0
2025-11-23 23:00:00+00:00,4.503598,2.2905633
2025-11-24 00:00:00+00:00,4.6834598,2.2025495
2025-11-24 01:00:00+00:00,4.143911,2.4894993
2025-11-24 02:00:00+00:00,4.323748,2.385899
2025-11-24 03:00:00+00:00,4.143911,2.4894993
2025-11-24 04:00:00+00:00,3.462369,8.97255
2025-11-24 05:00:00+00:00,2.50064,30.256361
2025-11-24 06:00:00+00:00,2.0523157,52.124958
2025-11-24 07:00:00+00:00,1.8,53.13002
2025-11-24 08:00:00+00:00,1.484318,14.036275
2025-11-24 09:00:00+00:00,1.484318,345.9637
2025-11-24 10:00:00+00:00,1.5379207,339.44388
2025-11-24 11:00:00+00:00,1.835647,11.3098955
2025-11-24 12:00:00+00:00,1.4512063,29.744795
2025-11-24 13:00:00+00:00,1.8,360.0
2025-11-24 14:00:00+00:00,2.3469126,4.398633
2025-11-24 15:00:00+00:00,2.8799999,360.0
2025-11-24 16:00:00+00:00,3.244996,3.179772
2025-11-24 17:00:00+00:00,3.4199998,360.0
2025-11-24 18:00:00+00:00,3.604497,2.8623457
2025-11-24 19:00:00+00:00,3.7799997,360.0
2025-11-24 20:00:00+00:00,3.964089,2.6025116
2025-11-24 21:00:00+00:00,4.143911,2.4894993
2025-11-24 22:00:00+00:00,4.68,360.0
2025-11-24 23:00:00+00:00,4.6834598,2.2025495
2025-11-25 00:00:00+00:00,4.6938252,4.398633
2025-11-25 01:00:00+00:00,4.6938252,4.398633
2025-11-25 02:00:00+00:00,4.8899083,6.3401003
2025-11-25 03:00:00+00:00,4.5572357,9.090207
2025-11-25 04:00:00+00:00,4.1046314,15.255177
2025-11-25 05:00:00+00:00,3.396233,32.005356
2025-11-25 06:00:00+00:00,3.319036,40.601215
2025-11-25 07:00:00+00:00,2.9301877,42.510403
2025-11-25 08:00:00+00:00,2.8116899,39.805527
2025-11-25 09:00:00+00:00,2.6999998,36.86998
2025-11-25 10:00:00+00:00,2.9024127,29.744795
2025-11-25 11:00:00+00:00,2.5772076,24.775122
2025-11-25 12:00:00+00:00,1.9386592,21.801476
2025-11-25 13:00:00+00:00,2.4014995,12.99463
2025-11-25 14:00:00+00:00,2.9024127,7.12493
2025-11-25 15:00:00+00:00,3.2599385,6.3401003
2025-11-25 16:00:00+00:00,3.604497,2.8623457
2025-11-25 17:00:00+00:00,3.964089,2.6025116
2025-11-25 18:00:00+00:00,4.323748,2.385899
2025-11-25 19:00:00+00:00,4.6834598,2.2025495
2025-11-25 20:00:00+00:00,4.7110505,6.581848
2025-11-25 21:00:00+00:00,4.913044,8.426887
2025-11-25 22:00:00+00:00,5.0911684,8.130019
2025-11-25 23:00:00+00:00,5.1197267,10.124612
2025-11-26 00:00:00+00:00,5.2694216,7.853233
2025-11-26 01:00:00+00:00,5.4477882,7.59456
2025-11-26 02:00:00+00:00,5.6262593,7.3522935
2025-11-26 03:00:00+00:00,5.3305535,11.689341
2025-11-26 04:00:00+00:00,4.846648,21.801476
2025-11-26 05:00:00+00:00,4.2481523,36.38445
2025-11-26 06:00:00+00:00,4.471107,49.899166
2025-11-26 07:00:00+00:00,4.6452556,54.46224
2025-11-26 08:00:00+00:00,4.542994,56.3099
2025-11-26 09:00:00+00:00,4.198285,59.03632
2025-11-26 10:00:00+00:00,4.143911,55.6196
2025-11-26 11:00:00+00:00,3.6,36.86999
2025-11-26 12:00:00+00:00,3.01735,17.354122
2025-11-26 13:00:00+00:00,3.0811036,6.70975
2025-11-26 14:00:00+00:00,3.06,360.0
2025-11-26 15:00:00+00:00,3.2399998,360.0
2025-11-26 16:00:00+00:00,3.6,360.0
2025-11-26 17:00:00+00:00,3.7799997,360.0
2025-11-26 18:00:00+00:00,4.14,360.0
2025-11-26 19:00:00+00:00,4.323748,357.6141
2025-11-26 20:00:00+00:00,4.32,360.0
2025-11-26 21:00:00+00:00,4.503598,2.2905633
2025-11-26 22:00:00+00:00,4.8633323,2.1210518
2025-11-26 23:00:00+00:00,5.0528407,4.085537
2025-11-27 00:00:00+00:00,5.0432134,2.0453732
2025-11-27 01:00:00+00:00,4.8633323,2.1210518
2025-11-27 02:00:00+00:00,4.8633323,2.1210518
2025-11-27 03:00:00+00:00,4.6938252,4.398633
2025-11-27 04:00:00+00:00,4.175069,7.4313188
2025-11-27 05:00:00+00:00,3.3092597,22.380184
2025-11-27 06:00:00+00:00,2.9522195,37.568665
2025-11-27 07:00:00+00:00,2.6758924,42.27363
2025-11-27 08:00:00+00:00,2.3469129,32.471172
2025-11-27 09:00:00+00:00,2.2553935,28.610369
2025-11-27 10:00:00+00:00,2.226477,14.036275
2025-11-27 11:00:00+00:00,2.36753,8.746089
2025-11-27 12:00:00+00:00,2.34,360.0
2025-11-27 13:00:00+00:00,2.52,360.0
2025-11-27 14:00:00+00:00,2.8799999,360.0
2025-11-27 15:00:00+00:00,3.2399998,360.0
2025-11-27 16:00:00+00:00,3.7799997,360.0
2025-11-27 17:00:00+00:00,4.143911,357.5105
2025-11-27 18:00:00+00:00,4.14,360.0
2025-11-27 19:00:00+00:00,4.32,360.0
2025-11-27 20:00:00+00:00,4.5,360.0
2025-11-27 21:00:00+00:00,4.503598,2.2905633
2025-11-27 22:00:00+00:00,5.0432134,2.0453732
2025-11-27 23:00:00+00:00,5.0432134,2.0453732
2025-11-28 00:00:00+00:00,4.8633323,2.1210518
2025-11-28 01:00:00+00:00,5.0432134,2.0453732
2025-11-28 02:00:00+00:00,4.8633323,2.1210518
2025-11-28 03:00:00+00:00,4.8633323,2.1210518
2025-11-28 04:00:00+00:00,4.353619,7.12493
2025-11-28 05:00:00+00:00,3.5864744,17.52567
2025-11-28 06:00:00+00:00,3.3043609,29.357658
2025-11-28 07:00:00+00:00,2.6758924,42.27363
2025-11-28 08:00:00+00:00,2.3051248,38.65983
2025-11-28 09:00:00+00:00,1.9469976,33.6901
2025-11-28 10:00:00+00:00,1.609969,26.564985
2025-11-28 11:00:00+00:00,2.5264204,4.085537
2025-11-28 12:00:00+00:00,2.1897945,350.53775
2025-11-28 13:00:00+00:00,2.36753,351.2539
2025-11-28 14:00:00+00:00,2.7059932,356.186
2025-11-28 15:00:00+00:00,3.4247334,356.98727
2025-11-28 16:00:00+00:00,3.7842832,357.27374
2025-11-28 17:00:00+00:00,3.964089,357.3975
2025-11-28 18:00:00+00:00,4.143911,357.5105
2025-11-28 19:00:00+00:00,4.143911,357.5105
2025-11-28 20:00:00+00:00,4.32,360.0
2025-11-28 21:00:00+00:00,4.32,360.0
2025-11-28 22:00:00+00:00,4.6834598,2.2025495
2025-11-28 23:00:00+00:00,4.6938252,4.398633
2025-11-29 00:00:00+00:00,4.5322843,6.842679
2025-11-29 01:00:00+00:00,4.3349743,4.763556
2025-11-29 02:00:00+00:00,4.175069,7.4313188
2025-11-29 03:00:00+00:00,3.9966488,7.7650824
2025-11-29 04:00:00+00:00,3.536439,14.743609
2025-11-29 05:00:00+00:00,2.9024127,29.744795
2025-11-29 06:00:00+00:00,2.4482648,53.972538
2025-11-29 07:00:00+00:00,1.8532133,60.94549
2025-11-29 08:00:00+00:00,1.4058449,50.194473
2025-11-29 09:00:00+00:00,1.1384199,18.435053
2025-11-29 10:00:00+00:00,1.0495713,30.963696
2025-11-29 11:00:00+00:00,1.6299692,6.3401003
2025-11-29 12:00:00+00:00,1.4512063,7.12493
2025-11-29 13:00:00+00:00,1.9881649,354.80566
2025-11-29 14:00:00+00:00,2.52,360.0
2025-11-29 15:00:00+00:00,3.06,360.0
2025-11-29 16:00:00+00:00,3.4247334,3.0127327
2025-11-29 17:00:00+00:00,3.7799997,360.0
2025-11-29 18:00:00+00:00,3.96,360.0
2025-11-29 19:00:00+00:00,4.143911,2.4894993
2025-11-29 20:00:00+00:00,4.323748,2.385899
2025-11-29 21:00:00+00:00,4.3349743,4.763556
2025-11-29 22:00:00+00:00,4.8633323,2.1210518
2025-11-29 23:00:00+00:00,4.8633323,2.1210518
2025-11-30 00:00:00+00:00,4.86,360.0
2025-11-30 01:00:00+00:00,4.86,360.0
2025-11-30 02:00:00+00:00,4.86,360.0
2025-11-30 03:00:00+00:00,4.6834598,2.2025495
2025-11-30 04:00:00+00:00,4.379589,9.462248
2025-11-30 05:00:00+00:00,3.4152596,18.435053
2025-11-30 06:00:00+00:00,2.5582807,39.289394
2025-11-30 07:00:00+00:00,1.4512063,60.255207
2025-11-30 08:00:00+00:00,0.54,90.0
2025-11-30 09:00:00+00:00,0.742159,194.03627
2025-11-30 10:00:00+00:00,1.9386592,201.80147
2025-11-30 11:00:00+00:00,0.742159,255.96373
2025-11-30 12:00:00+00:00,1.0948973,350.53775
2025-11-30 13:00:00+00:00,1.6299692,353.6599
2025-11-30 14:00:00+00:00,1.8089776,354.2895
2025-11-30 15:00:00+00:00,1.9881649,354.80566
2025-11-30 16:00:00+00:00,2.0124612,349.69522
2025-11-30 17:00:00+00:00,2.0124612,349.69522
2025-11-30 18:00:00+00:00,2.36753,351.2539
2025-11-30 19:00:00+00:00,2.5772078,347.90527
2025-11-30 20:00:00+00:00,2.7943513,345.06854
2025-11-30 21:00:00+00:00,2.9301877,349.3804
2025-11-30 22:00:00+00:00,3.2846913,350.53775
2025-11-30 23:00:00+00:00,3.2599385,353.6599
2025-12-01 00:00:00+00:00,3.2599385,353.6599
2025-12-01 01:00:00+00:00,3.0811036,353.29025
2025-12-01 02:00:00+00:00,2.8799999,360.0
2025-12-01 03:00:00+00:00,3.06,360.0
2025-12-01 04:00:00+00:00,2.5264204,4.085537
2025-12-01 05:00:00+00:00,1.3708391,23.198618
2025-12-01 06:00:00+00:00,0.56920993,108.43504
2025-12-01 07:00:00+00:00,1.6199999,180.0
2025-12-01 08:00:00+00:00,2.1674871,184.76355
2025-12-01 09:00:00+00:00,2.9024127,187.12492
2025-12-01 10:00:00+00:00,3.4949677,191.88864
2025-12-01 11:00:00+00:00,1.9881649,174.80566
2025-12-01 12:00:00+00:00,1.0948973,80.53775
2025-12-01 13:00:00+00:00,1.5273507,44.999897
2025-12-01 14:00:00+00:00,2.19718,34.9921
2025-12-01 15:00:00+00:00,2.1749482,24.443953
2025-12-01 16:00:00+00:00,2.4482646,17.102825
2025-12-01 17:00:00+00:00,2.6208394,15.945477
2025-12-01 18:00:00+00:00,2.968636,14.036275
2025-12-01 19:00:00+00:00,3.2846913,9.462261
2025-12-01 20:00:00+00:00,3.462369,8.97255
2025-12-01 21:00:00+00:00,4.175069,7.4313188
2025-12-01 22:00:00+00:00,4.1046314,15.255177
2025-12-01 23:00:00+00:00,4.724786,17.744766
2025-12-02 00:00:00+00:00,4.6277857,13.495748
2025-12-02 01:00:00+00:00,4.412754,11.76827
2025-12-02 02:00:00+00:00,4.2021422,9.865748
2025-12-02 03:00:00+00:00,4.2021422,9.865748
2025-12-02 04:00:00+00:00,3.5864744,17.52567
2025-12-02 05:00:00+00:00,2.6758924,47.72637
2025-12-02 06:00:00+00:00,2.2768397,108.43504
2025-12-02 07:00:00+00:00,2.9024127,150.2552
2025-12-02 08:00:00+00:00,4.952453,199.09358
2025-12-02 09:00:00+00:00,4.4274144,206.56499
2025-12-02 10:00:00+00:00,3.0652893,220.23628
2025-12-02 11:00:00+00:00,1.4512063,240.2552
2025-12-02 12:00:00+00:00,0.9693296,338.19852
2025-12-02 13:00:00+00:00,1.6299692,353.6599
2025-12-02 14:00:00+00:00,1.9881649,354.80566
2025-12-02 15:00:00+00:00,2.0523157,344.7448
2025-12-02 16:00:00+00:00,2.226477,345.9637
2025-12-02 17:00:00+00:00,2.2768397,341.56494
2025-12-02 18:00:00+00:00,2.4482646,342.8972
2025-12-02 19:00:00+00:00,2.5071096,338.9624
2025-12-02 20:00:00+00:00,2.7943513,345.06854
2025-12-02 21:00:00+00:00,3.143565,346.75946
2025-12-02 22:00:00+00:00,3.604497,357.13766
2025-12-02 23:00:00+00:00,3.96,360.0
2025-12-03 00:00:00+00:00,3.7842832,2.7262611
2025-12-03 01:00:00+00:00,3.96,360.0
2025-12-03 02:00:00+00:00,4.14,360.0
2025-12-03 03:00:00+00:00,3.604497,2.8623457
2025-12-03 04:00:00+00:00,2.5071096,21.037588
2025-12-03 05:00:00+00:00,1.3708391,66.801384
2025-12-03 06:00:00+00:00,0.742159,104.03627
2025-12-03 07:00:00+00:00,1.08,180.0
2025-12-03 08:00:00+00:00,1.8532133,209.0545
2025-12-03 09:00:00+00:00,1.9469976,213.6901
2025-12-03 10:00:00+00:00,1.8532133,209.0545
2025-12-03 11:00:00+00:00,0.40249225,296.56497
2025-12-03 12:00:00+00:00,0.56920993,341.56494
2025-12-03 13:00:00+00:00,1.4512063,330.25522
2025-12-03 14:00:00+00:00,2.0523157,344.7448
2025-12-03 15:00:00+00:00,2.5772078,347.90527
2025-12-03 16:00:00+00:00,3.0811036,353.29025
2025-12-03 17:00:00+00:00,3.4247334,356.98727
2025-12-03 18:00:00+00:00,3.96,360.0
2025-12-03 19:00:00+00:00,4.14,360.0
2025-12-03 20:00:00+00:00,4.68,360.0
2025-12-03 21:00:00+00:00,4.6834598,2.2025495
2025-12-03 22:00:00+00:00,6.130579,3.3664
2025-12-03 23:00:00+00:00,6.162207,6.70975
2025-12-04 00:00:00+00:00,5.6521144,9.16228
2025-12-04 01:00:00+00:00,5.0688457,6.1154146
2025-12-04 02:00:00+00:00,5.0528407,4.085537
2025-12-04 03:00:00+00:00,5.0432134,2.0453732
2025-12-04 04:00:00+00:00,4.514377,4.5738406
2025-12-04 05:00:00+00:00,3.8183763,8.130019
2025-12-04 06:00:00+00:00,3.319036,12.528798
2025-12-04 07:00:00+00:00,2.8856194,3.5762644
2025-12-04 08:00:00+00:00,2.9301877,349.3804
2025-12-04 09:00:00+00:00,2.8460498,341.56494
2025-12-04 10:00:00+00:00,3.01735,342.64587
2025-12-04 11:00:00+00:00,2.2768397,341.56494
2025-12-04 12:00:00+00:00,2.3469126,355.60138
2025-12-04 13:00:00+00:00,2.3469126,355.60138
2025-12-04 14:00:00+00:00,2.36753,351.2539
2025-12-04 15:00:00+00:00,2.7059932,356.186
2025-12-04 16:00:00+00:00,3.244996,356.82022
2025-12-04 17:00:00+00:00,3.6179552,354.2895
2025-12-04 18:00:00+00:00,3.6179552,354.2895
2025-12-04 19:00:00+00:00,3.7971036,354.55975
2025-12-04 20:00:00+00:00,3.7842832,357.27374
2025-12-04 21:00:00+00:00,3.964089,357.3975
2025-12-04 22:00:00+00:00,4.143911,357.5105
2025-12-04 23:00:00+00:00,3.7799997,360.0
2025-12-05 00:00:00+00:00,3.7842832,2.7262611
2025-12-05 01:00:00+00:00,3.604497,2.8623457
2025-12-05 02:00:00+00:00,3.6179552,5.7105074
2025-12-05 03:00:00+00:00,3.4199998,360.0
2025-12-05 04:00:00+00:00,2.8856194,3.5762644
2025-12-05 05:00:00+00:00,1.2727921,8.130019
2025-12-05 06:00:00+00:00,1.484318,194.03627
2025-12-05 07:00:00+00:00,3.396233,212.00534
2025-12-05 08:00:00+00:00,5.48631,221.00899
2025-12-05 09:00:00+00:00,5.7628117,231.34016
2025-12-05 10:00:00+00:00,6.544677,238.49579
2025-12-05 11:00:00+00:00,4.39436,235.0079
2025-12-05 12:00:00+00:00,3.1845248,227.29063
2025-12-05 13:00:00+00:00,2.4216523,221.98714
2025-12-05 14:00:00+00:00,1.9134263,228.81418
2025-12-05 15:00:00+00:00,1.609969,243.43501
2025-12-05 16:00:00+00:00,1.4512063,262.8751
2025-12-05 17:00:00+00:00,1.1384199,288.43503
2025-12-05 18:00:00+00:00,1.4058449,320.1945
2025-12-05 19:00:00+00:00,1.9386592,338.19852
2025-12-05 20:00:00+00:00,2.4014995,347.00537
2025-12-05 21:00:00+00:00,2.7238941,352.40543
2025-12-05 22:00:00+00:00,2.8856194,356.42374
2025-12-05 23:00:00+00:00,3.438895,6.0089183
2025-12-06 00:00:00+00:00,3.244996,3.179772
2025-12-06 01:00:00+00:00,3.4247334,3.0127327
2025-12-06 02:00:00+00:00,3.2599385,6.3401003
2025-12-06 03:00:00+00:00,3.319036,12.528798
2025-12-06 04:00:00+00:00,2.50064,30.256361
2025-12-06 05:00:00+00:00,1.659518,49.398785
2025-12-06 06:00:00+00:00,1.659518,77.4712
2025-12-06 07:00:00+00:00,1.0948973,99.46225
2025-12-06 08:00:00+00:00,0.56920993,108.43504
2025-12-06 09:00:00+00:00,0.0,270.0
2025-12-06 10:00:00+00:00,1.6199999,360.0
2025-12-06 11:00:00+00:00,2.5455842,351.87
2025-12-06 12:00:00+00:00,2.6999998,360.0
2025-12-06 13:00:00+00:00,2.5455842,351.87
2025-12-06 14:00:00+00:00,2.16,360.0
2025-12-06 15:00:00+00:00,2.1674871,4.763556
2025-12-06 16:00:00+00:00,2.34,360.0
2025-12-06 17:00:00+00:00,2.52,360.0
2025-12-06 18:00:00+00:00,2.7059932,356.186
2025-12-06 19:00:00+00:00,3.0811036,353.29025
2025-12-06 20:00:00+00:00,2.9024127,352.87506
2025-12-06 21:00:00+00:00,2.9024127,352.87506
2025-12-06 22:00:00+00:00,3.143565,346.75946
2025-12-06 23:00:00+00:00,3.0652895,356.6336
2025-12-07 00:00:00+00:00,2.8856194,356.42374
2025-12-07 01:00:00+00:00,3.0652895,356.6336
2025-12-07 02:00:00+00:00,2.8856194,356.42374
2025-12-07 03:00:00+00:00,2.7059932,356.186
2025-12-07 04:00:00+00:00,1.8089776,5.7105074
2025-12-07 05:00:00+00:00,0.6489992,123.690094
2025-12-07 06:00:00+00:00,1.835647,191.30989
2025-12-07 07:00:00+00:00,2.5959969,213.6901
2025-12-07 08:00:00+00:00,3.710795,219.09384
2025-12-07 09:00:00+00:00,3.4388947,222.87889
2025-12-07 10:00:00+00:00,2.5582807,219.28938
2025-12-07 11:00:00+00:00,2.3051248,231.34016
2025-12-07 12:00:00+00:00,1.4512063,240.2552
2025-12-07 13:00:00+00:00,0.9693296,291.80148
2025-12-07 14:00:00+00:00,0.8049845,296.56497
2025-12-07 15:00:00+00:00,0.9,306.86996
2025-12-07 16:00:00+00:00,1.0495713,329.03632
2025-12-07 17:00:00+00:00,1.4512063,330.25522
2025-12-07 18:00:00+00:00,1.8792552,343.3007
2025-12-07 19:00:00+00:00,2.0523157,344.7448
2025-12-07 20:00:00+00:00,2.226477,345.9637
2025-12-07 21:00:00+00:00,2.0124612,349.69522
2025-12-07 22:00:00+00:00,2.5772078,347.90527
2025-12-07 23:00:00+00:00,2.4482646,342.8972
2025-12-08 00:00:00+00:00,2.1897945,350.53775
2025-12-08 01:00:00+00:00,2.1897945,350.53775
2025-12-08 02:00:00+00:00,2.3469126,355.60138
2025-12-08 03:00:00+00:00,2.5455842,351.87
2025-12-08 04:00:00+00:00,1.8792552,343.3007
2025-12-08 05:00:00+00:00,0.56920993,198.43504
2025-12-08 06:00:00+00:00,2.5264204,175.91446
2025-12-08 07:00:00+00:00,2.7416782,203.19862
2025-12-08 08:00:00+00:00,3.3043609,240.64233
2025-12-08 09:00:00+00:00,3.644722,249.77505
2025-12-08 10:00:00+00:00,2.6758924,250.34608
2025-12-08 11:00:00+00:00,1.659518,257.4712
2025-12-08 12:00:00+00:00,1.2979984,303.6901
2025-12-08 13:00:00+00:00,1.659518,319.39877
2025-12-08 14:00:00+00:00,1.9134263,318.81415
2025-12-08 15:00:00+00:00,2.3469129,327.52884
2025-12-08 16:00:00+00:00,2.7416782,336.8014
2025-12-08 17:00:00+00:00,3.244996,340.55988
2025-12-08 18:00:00+00:00,3.536439,345.25638
2025-12-08 19:00:00+00:00,3.84796,349.21573
2025-12-08 20:00:00+00:00,4.353619,352.87506
2025-12-08 21:00:00+00:00,4.1556225,355.03033
2025-12-08 22:00:00+00:00,6.162207,353.29025
2025-12-08 23:00:00+00:00,5.9427266,358.26434
2025-12-09 00:00:00+00:00,4.913044,8.426887
2025-12-09 01:00:00+00:00,4.514377,4.5738406
2025-12-09 02:00:00+00:00,4.5322843,6.842679
2025-12-09 03:00:00+00:00,4.503598,357.70944
2025-12-09 04:00:00+00:00,4.3349743,4.763556
2025-12-09 05:00:00+00:00,3.644722,20.224945
2025-12-09 06:00:00+00:00,3.4623692,27.897186
2025-12-09 07:00:00+00:00,3.4576871,38.65983
2025-12-09 08:00:00+00:00,3.6,36.86999
2025-12-09 09:00:00+00:00,3.3481934,36.253937
2025-12-09 10:00:00+00:00,3.4388947,42.878906
2025-12-09 11:00:00+00:00,3.0758414,20.556128
2025-12-09 12:00:00+00:00,3.0652895,3.3664
2025-12-09 13:00:00+00:00,3.2599385,353.6599
2025-12-09 14:00:00+00:00,3.0652895,356.6336
2025-12-09 15:00:00+00:00,3.244996,356.82022
2025-12-09 16:00:00+00:00,3.4247334,356.98727
2025-12-09 17:00:00+00:00,3.6179552,354.2895
2025-12-09 18:00:00+00:00,3.9763298,354.80566
2025-12-09 19:00:00+00:00,3.9763298,354.80566
2025-12-09 20:00:00+00:00,3.9763298,354.80566
2025-12-09 21:00:00+00:00,3.964089,357.3975
2025-12-09 22:00:00+00:00,4.514377,355.42615
2025-12-09 23:00:00+00:00,4.323748,357.6141
2025-12-10 00:00:00+00:00,3.7799997,360.0
2025-12-10 01:00:00+00:00,3.964089,357.3975
2025-12-10 02:00:00+00:00,4.3349743,355.23645
2025-12-10 03:00:00+00:00,3.964089,357.3975
2025-12-10 04:00:00+00:00,3.4247334,3.0127327
2025-12-10 05:00:00+00:00,2.5772078,12.094739
2025-12-10 06:00:00+00:00,1.5379207,20.556128
2025-12-10 07:00:00+00:00,1.0948973,9.462248
2025-12-10 08:00:00+00:00,1.2979984,326.3099
2025-12-10 09:00:00+00:00,2.0523157,322.12494
2025-12-10 10:00:00+00:00,2.5455842,315.0001
2025-12-10 11:00:00+00:00,2.8460498,341.56494
2025-12-10 12:00:00+00:00,2.7238941,352.40543
2025-12-10 13:00:00+00:00,2.7943513,345.06854
2025-12-10 14:00:00+00:00,3.143565,346.75946
2025-12-10 15:00:00+00:00,3.710795,345.9637
2025-12-10 16:00:00+00:00,4.0249224,349.69522
2025-12-10 17:00:00+00:00,4.175069,352.5687
2025-12-10 18:00:00+00:00,4.73506,351.2539
2025-12-10 19:00:00+00:00,5.0688457,353.88458
2025-12-10 20:00:00+00:00,5.0528407,355.91446
2025-12-10 21:00:00+00:00,5.4029994,358.09088
2025-12-10 22:00:00+00:00,6.482499,1.5911111
2025-12-10 23:00:00+00:00,5.9427266,1.7356651
2025-12-11 00:00:00+00:00,5.4029994,1.9091109
2025-12-11 01:00:00+00:00,5.3999996,360.0
2025-12-11 02:00:00+00:00,5.04,360.0
2025-12-11 03:00:00+00:00,5.2200003,360.0
2025-12-11 04:00:00+00:00,4.8633323,2.1210518
2025-12-11 05:00:00+00:00,4.379589,9.462248
2025-12-11 06:00:00+00:00,3.84796,10.784258
2025-12-11 07:00:00+00:00,3.4949677,11.888645
2025-12-11 08:00:00+00:00,3.143565,13.240531
2025-12-11 09:00:00+00:00,2.968636,14.036275
2025-12-11 10:00:00+00:00,3.6,360.0
2025-12-11 11:00:00+00:00,3.4247334,356.98727
2025-12-11 12:00:00+00:00,3.462369,351.02744
2025-12-11 13:00:00+00:00,3.6402748,351.4693
2025-12-11 14:00:00+00:00,3.7971036,354.55975
2025-12-11 15:00:00+00:00,3.9763298,354.80566
2025-12-11 16:00:00+00:00,4.143911,357.5105
2025-12-11 17:00:00+00:00,4.32,360.0
2025-12-11 18:00:00+00:00,4.5,360.0
2025-12-11 19:00:00+00:00,4.68,360.0
2025-12-11 20:00:00+00:00,4.8633323,2.1210518
2025-12-11 21:00:00+00:00,4.8899083,6.3401003
2025-12-11 22:00:00+00:00,5.7852573,5.3557334
2025-12-11 23:00:00+00:00,5.2478566,5.9060555
2025-12-12 00:00:00+00:00,4.6938252,4.398633
2025-12-12 01:00:00+00:00,4.68,360.0
2025-12-12 02:00:00+00:00,4.6834598,357.79745
2025-12-12 03:00:00+00:00,4.6938252,355.60138
2025-12-12 04:00:00+00:00,4.323748,357.6141
2025-12-12 05:00:00+00:00,3.604497,2.8623457
2025-12-12 06:00:00+00:00,3.319036,12.528798
2025-12-12 07:00:00+00:00,2.907989,21.801476
2025-12-12 08:00:00+00:00,2.6758924,19.653913
2025-12-12 09:00:00+00:00,2.4482646,17.102825
2025-12-12 10:00:00+00:00,2.7059932,3.8140097
2025-12-12 11:00:00+00:00,2.7059932,356.186
2025-12-12 12:00:00+00:00,2.7238941,352.40543
2025-12-12 13:00:00+00:00,3.1072817,349.99207
2025-12-12 14:00:00+00:00,3.2846913,350.53775
2025-12-12 15:00:00+00:00,3.462369,351.02744
2025-12-12 16:00:00+00:00,3.7971036,354.55975
2025-12-12 17:00:00+00:00,3.964089,357.3975
2025-12-12 18:00:00+00:00,3.96,360.0
2025-12-12 19:00:00+00:00,4.14,360.0
2025-12-12 20:00:00+00:00,4.32,360.0
2025-12-12 21:00:00+00:00,4.5,360.0
2025-12-12 22:00:00+00:00,4.8633323,2.1210518
2025-12-12 23:00:00+00:00,4.6834598,2.2025495
2025-12-13 00:00:00+00:00,4.68,360.0
2025-12-13 01:00:00+00:00,4.6834598,2.2025495
2025-12-13 02:00:00+00:00,4.323748,2.385899
2025-12-13 03:00:00+00:00,4.353619,7.12493
2025-12-13 04:00:00+00:00,4.0249224,10.304792
2025-12-13 05:00:00+00:00,3.4949677,11.888645
2025-12-13 06:00:00+00:00,3.0758414,20.556128
2025-12-13 07:00:00+00:00,2.1897945,9.462248
2025-12-13 08:00:00+00:00,1.8089776,354.2895
2025-12-13 09:00:00+00:00,1.835647,11.3098955
2025-12-13 10:00:00+00:00,2.4482646,342.8972
2025-12-13 11:00:00+00:00,2.0523157,344.7448
2025-12-13 12:00:00+00:00,1.9881649,354.80566
2025-12-13 13:00:00+00:00,2.3469126,355.60138
2025-12-13 14:00:00+00:00,2.3469126,355.60138
2025-12-13 15:00:00+00:00,2.3469126,355.60138
2025-12-13 16:00:00+00:00,2.3469126,355.60138
2025-12-13 17:00:00+00:00,2.3469126,355.60138
2025-12-13 18:00:00+00:00,2.34,360.0
2025-12-13 19:00:00+00:00,2.16,360.0
2025-12-13 20:00:00+00:00,2.16,360.0
2025-12-13 21:00:00+00:00,2.16,360.0
2025-12-13 22:00:00+00:00,1.9881649,354.80566
2025-12-13 23:00:00+00:00,2.3469126,4.398633
2025-12-14 00:00:00+00:00,2.16,360.0
2025-12-14 01:00:00+00:00,2.3469126,355.60138
2025-12-14 02:00:00+00:00,2.0124612,349.69522
2025-12-14 03:00:00+00:00,1.8089776,354.2895
2025-12-14 04:00:00+00:00,1.08,360.0
2025-12-14 05:00:00+00:00,0.742159,165.96373
2025-12-14 06:00:00+00:00,1.9881649,185.19434
2025-12-14 07:00:00+00:00,2.7059932,183.814
2025-12-14 08:00:00+00:00,3.143565,193.24052
2025-12-14 09:00:00+00:00,2.0124612,206.56499
2025-12-14 10:00:00+00:00,2.0124612,243.43501
2025-12-14 11:00:00+00:00,1.5484185,234.46223
2025-12-14 12:00:00+00:00,0.40249225,296.56497
2025-12-14 13:00:00+00:00,1.1525624,308.65982
2025-12-14 14:00:00+00:00,1.2074767,333.43503
2025-12-14 15:00:00+00:00,1.2727921,351.87
2025-12-14 16:00:00+00:00,1.0948973,350.53775
2025-12-14 17:00:00+00:00,1.0948973,350.53775
2025-12-14 18:00:00+00:00,1.26,360.0
2025-12-14 19:00:00+00:00,0.9,360.0
2025-12-14 20:00:00+00:00,0.742159,345.9637
2025-12-14 21:00:00+00:00,0.8049845,333.43503
2025-12-14 22:00:00+00:00,1.2727921,351.87
2025-12-14 23:00:00+00:00,1.659518,12.528798
2025-12-15 00:00:00+00:00,1.6299692,6.3401003
2025-12-15 01:00:00+00:00,1.8089776,5.7105074
2025-12-15 02:00:00+00:00,1.8089776,5.7105074
2025-12-15 03:00:00+00:00,1.8089776,5.7105074
2025-12-15 04:00:00+00:00,1.5379207,20.556128
2025-12-15 05:00:00+00:00,1.3104197,105.945465
2025-12-15 06:00:00+00:00,2.0991426,149.03632
2025-12-15 07:00:00+00:00,2.9024127,172.87508
2025-12-15 08:00:00+00:00,5.402999,209.98155
2025-12-15 09:00:00+00:00,5.5450516,215.75398
2025-12-15 10:00:00+00:00,4.3573384,218.2902
2025-12-15 11:00:00+00:00,2.3051248,218.65984
2025-12-15 12:00:00+00:00,1.2074767,206.56499
2025-12-15 13:00:00+00:00,0.9,233.13002
2025-12-15 14:00:00+00:00,1.0182338,224.9999
2025-12-15 15:00:00+00:00,1.0495713,239.0363
2025-12-15 16:00:00+00:00,1.0948973,260.53775
2025-12-15 17:00:00+00:00,0.9693296,291.80148
2025-12-15 18:00:00+00:00,1.2727921,315.0001
2025-12-15 19:00:00+00:00,1.4512063,330.25522
2025-12-15 20:00:00+00:00,1.609969,333.43503
2025-12-15 21:00:00+00:00,1.7727944,336.0375
2025-12-15 22:00:00+00:00,2.4014995,347.00537
2025-12-15 23:00:00+00:00,2.3469126,355.60138
2025-12-16 00:00:00+00:00,2.5264204,355.91446
2025-12-16 01:00:00+00:00,2.7238941,352.40543
2025-12-16 02:00:00+00:00,2.7238941,352.40543
2025-12-16 03:00:00+00:00,2.7059932,356.186
2025-12-16 04:00:00+00:00,2.5772078,12.094739
2025-12-16 05:00:00+00:00,2.1674871,48.366554
2025-12-16 06:00:00+00:00,2.1068459,70.01681
2025-12-16 07:00:00+00:00,2.1897945,80.53775
2025-12-16 08:00:00+00:00,1.8792552,73.300674
2025-12-16 09:00:00+00:00,1.8,36.86999
2025-12-16 10:00:00+00:00,3.244996,356.82022
2025-12-16 11:00:00+00:00,3.4247334,3.0127327
2025-12-16 12:00:00+00:00,3.244996,3.179772
2025-12-16 13:00:00+00:00,3.7842832,2.7262611
2025-12-16 14:00:00+00:00,3.6,360.0
2025-12-16 15:00:00+00:00,3.7799997,360.0
2025-12-16 16:00:00+00:00,4.14,360.0
2025-12-16 17:00:00+00:00,4.3349743,4.763556
2025-12-16 18:00:00+00:00,4.6834598,2.2025495
2025-12-16 19:00:00+00:00,4.7110505,6.581848
2025-12-16 20:00:00+00:00,4.8899083,6.3401003
2025-12-16 21:00:00+00:00,4.7110505,6.581848
2025-12-16 22:00:00+00:00,5.9399996,360.0
2025-12-16 23:00:00+00:00,5.426933,5.7105074
2025-12-17 00:00:00+00:00,5.0528407,4.085537
2025-12-17 01:00:00+00:00,4.8633323,2.1210518
2025-12-17 02:00:00+00:00,4.68,360.0
2025-12-17 03:00:00+00:00,4.6834598,357.79745
2025-12-17 04:00:00+00:00,4.5,360.0
2025-12-17 05:00:00+00:00,3.9763298,5.19435
2025-12-17 06:00:00+00:00,3.6402748,8.530692
2025-12-17 07:00:00+00:00,3.319036,12.528798
2025-12-17 08:00:00+00:00,3.462369,8.97255
2025-12-17 09:00:00+00:00,3.2599385,6.3401003
2025-12-17 10:00:00+00:00,4.323748,357.6141
2025-12-17 11:00:00+00:00,3.604497,357.13766
2025-12-17 12:00:00+00:00,3.6402748,351.4693
2025-12-17 13:00:00+00:00,3.84796,349.21573
2025-12-17 14:00:00+00:00,3.9763298,354.80566
2025-12-17 15:00:00+00:00,4.175069,352.5687
2025-12-17 16:00:00+00:00,4.353619,352.87506
2025-12-17 17:00:00+00:00,4.514377,355.42615
2025-12-17 18:00:00+00:00,4.3349743,355.23645
2025-12-17 19:00:00+00:00,4.323748,357.6141
2025-12-17 20:00:00+00:00,3.964089,357.3975
2025-12-17 21:00:00+00:00,3.964089,357.3975
2025-12-17 22:00:00+00:00,4.5,360.0
2025-12-17 23:00:00+00:00,3.9763298,354.80566
2025-12-18 00:00:00+00:00,3.7799997,360.0
2025-12-18 01:00:00+00:00,3.96,360.0
2025-12-18 02:00:00+00:00,3.7842832,2.7262611
2025-12-18 03:00:00+00:00,3.7799997,360.0
2025-12-18 04:00:00+00:00,3.6,360.0
2025-12-18 05:00:00+00:00,3.2599385,6.3401003
2025-12-18 06:00:00+00:00,2.6999998,360.0
2025-12-18 07:00:00+00:00,2.1897945,350.53775
2025-12-18 08:00:00+00:00,2.0991426,329.03632
2025-12-18 09:00:00+00:00,2.0991426,329.03632
2025-12-18 10:00:00+00:00,3.3092597,337.6198
2025-12-18 11:00:00+00:00,3.01735,342.64587
2025-12-18 12:00:00+00:00,2.968636,345.9637
2025-12-18 13:00:00+00:00,3.0758414,339.44388
2025-12-18 14:00:00+00:00,3.244996,340.55988
2025-12-18 15:00:00+00:00,3.244996,340.55988
2025-12-18 16:00:00+00:00,3.0758414,339.44388
2025-12-18 17:00:00+00:00,2.7534704,348.6901
2025-12-18 18:00:00+00:00,2.7059932,356.186
2025-12-18 19:00:00+00:00,2.8856194,356.42374
2025-12-18 20:00:00+00:00,2.8856194,356.42374
2025-12-18 21:00:00+00:00,3.244996,356.82022
2025-12-18 22:00:00+00:00,4.3349743,355.23645
2025-12-18 23:00:00+00:00,3.604497,357.13766
2025-12-19 00:00:00+00:00,3.7842832,357.27374
2025-12-19 01:00:00+00:00,3.6,360.0
2025-12-19 02:00:00+00:00,3.4247334,3.0127327
2025-12-19 03:00:00+00:00,3.6179552,5.7105074
2025-12-19 04:00:00+00:00,3.6402748,8.530692
2025-12-19 05:00:00+00:00,3.244996,19.440128
2025-12-19 06:00:00+00:00,2.7416782,23.198618
2025-12-19 07:00:00+00:00,2.4482646,17.102825
2025-12-19 08:00:00+00:00,2.0124612,10.304792
2025-12-19 09:00:00+00:00,2.34,360.0
2025-12-19 10:00:00+00:00,3.0652895,3.3664
2025-12-19 11:00:00+00:00,2.968636,14.036275
2025-12-19 12:00:00+00:00,2.9301877,10.61961
2025-12-19 13:00:00+00:00,2.8856194,356.42374
2025-12-19 14:00:00+00:00,3.06,360.0
2025-12-19 15:00:00+00:00,3.2399998,360.0
2025-12-19 16:00:00+00:00,3.6,360.0
2025-12-19 17:00:00+00:00,3.6,360.0
2025-12-19 18:00:00+00:00,3.438895,6.0089183
2025-12-19 19:00:00+00:00,3.6402748,8.530692
2025-12-19 20:00:00+00:00,3.462369,8.97255
2025-12-19 21:00:00+00:00,3.4949677,11.888645
2025-12-19 22:00:00+00:00,3.84796,10.784258
2025-12-19 23:00:00+00:00,3.710795,14.036275
2025-12-20 00:00:00+00:00,3.462369,8.97255
2025-12-20 01:00:00+00:00,3.438895,6.0089183
2025-12-20 02:00:00+00:00,3.2599385,6.3401003
2025-12-20 03:00:00+00:00,3.438895,6.0089183
2025-12-20 04:00:00+00:00,3.2599385,6.3401003
2025-12-20 05:00:00+00:00,2.9301877,10.61961
2025-12-20 06:00:00+00:00,2.226477,14.036275
2025-12-20 07:00:00+00:00,1.0948973,9.462248
2025-12-20 08:00:00+00:00,0.0,270.0
2025-12-20 09:00:00+00:00,1.4512063,209.7448
2025-12-20 10:00:00+00:00,1.3104197,254.05453
2025-12-20 11:00:00+00:00,1.5484185,234.46223
2025-12-20 12:00:00+00:00,1.7727944,203.9625
2025-12-20 13:00:00+00:00,2.1749482,204.44394
2025-12-20 14:00:00+00:00,2.4149535,206.56499
2025-12-20 15:00:00+00:00,2.5071096,201.03758
2025-12-20 16:00:00+00:00,2.6758924,199.65392
2025-12-20 17:00:00+00:00,2.907989,201.80147
2025-12-20 18:00:00+00:00,2.97953,205.01686
2025-12-20 19:00:00+00:00,2.657668,208.30066
2025-12-20 20:00:00+00:00,2.6999998,216.86998
2025-12-20 21:00:00+00:00,2.4216523,221.98714
2025-12-20 22:00:00+00:00,1.9469976,236.3099
2025-12-20 23:00:00+00:00,1.3104197,195.94547
2025-12-21 00:00:00+00:00,2.4149535,206.56499
2025-12-21 01:00:00+00:00,2.5582807,230.71062
2025-12-21 02:00:00+00:00,2.5582807,230.71062
2025-12-21 03:00:00+00:00,2.8001428,224.9999
2025-12-21 04:00:00+00:00,2.995797,212.73521
2025-12-21 05:00:00+00:00,3.710795,194.03627
2025-12-21 06:00:00+00:00,4.8466477,195.06854
2025-12-21 07:00:00+00:00,5.8104043,196.18927
2025-12-21 08:00:00+00:00,6.2613096,198.43504
2025-12-21 09:00:00+00:00,5.983477,195.7087
2025-12-21 10:00:00+00:00,5.414979,201.4478
2025-12-21 11:00:00+00:00,4.514377,184.57384
2025-12-21 12:00:00+00:00,4.353619,187.12492
2025-12-21 13:00:00+00:00,4.2366967,192.26476
2025-12-21 14:00:00+00:00,3.7842832,182.72626
2025-12-21 15:00:00+00:00,3.7971036,185.44025
2025-12-21 16:00:00+00:00,3.438895,186.00891
2025-12-21 17:00:00+00:00,2.1068459,199.9832
2025-12-21 18:00:00+00:00,1.4058449,219.80553
2025-12-21 19:00:00+00:00,1.0495713,239.0363
2025-12-21 20:00:00+00:00,0.9,270.0
2025-12-21 21:00:00+00:00,0.8049845,296.56497
2025-12-21 22:00:00+00:00,1.4512063,299.74478
2025-12-21 23:00:00+00:00,1.3708391,293.1986
2025-12-22 00:00:00+00:00,1.1525624,308.65982
2025-12-22 01:00:00+00:00,1.4058449,309.8055
2025-12-22 02:00:00+00:00,1.2979984,326.3099
2025-12-22 03:00:00+00:00,1.0495713,329.03632
2025-12-22 04:00:00+00:00,0.71999997,270.0
2025-12-22 05:00:00+00:00,2.4014995,192.99461
2025-12-22 06:00:00+00:00,4.0249224,190.3048
2025-12-22 07:00:00+00:00,6.439876,206.56499
2025-12-22 08:00:00+00:00,7.841887,211.86594
2025-12-22 09:00:00+00:00,8.39078,215.39488
2025-12-22 10:00:00+00:00,5.7176566,208.1785
2025-12-22 11:00:00+00:00,3.8521678,217.40543
2025-12-22 12:00:00+00:00,1.6981165,212.00534
2025-12-22 13:00:00+00:00,0.54,270.0
2025-12-22 14:00:00+00:00,0.6489992,303.6901
2025-12-22 15:00:00+00:00,0.9693296,291.80148
2025-12-22 16:00:00+00:00,1.0182338,315.0001
2025-12-22 17:00:00+00:00,1.2727921,315.0001
2025-12-22 18:00:00+00:00,1.8,323.13
2025-12-22 19:00:00+00:00,2.0991426,329.03632
2025-12-22 20:00:00+00:00,2.2553935,331.38962
2025-12-22 21:00:00+00:00,2.3400002,337.3801
2025-12-22 22:00:00+00:00,3.2846913,350.53775
2025-12-22 23:00:00+00:00,2.9024127,352.87506
2025-12-23 00:00:00+00:00,3.0652895,356.6336
2025-12-23 01:00:00+00:00,3.2599385,353.6599
2025-12-23 02:00:00+00:00,3.604497,357.13766
2025-12-23 03:00:00+00:00,3.7799997,360.0
2025-12-23 04:00:00+00:00,2.7943513,14.931467
2025-12-23 05:00:00+00:00,1.8089776,84.2895
2025-12-23 06:00:00+00:00,1.6199999,90.0
2025-12-23 07:00:00+00:00,0.9,90.0
2025-12-23 08:00:00+00:00,0.40249225,116.56499
2025-12-23 09:00:00+00:00,0.35999998,270.0
2025-12-23 10:00:00+00:00,2.2553935,331.38962
2025-12-23 11:00:00+00:00,2.5959969,326.3099
2025-12-23 12:00:00+00:00,2.6208394,344.05453
2025-12-23 13:00:00+00:00,2.968636,345.9637
2025-12-23 14:00:00+00:00,3.2846913,350.53775
2025-12-23 15:00:00+00:00,3.6179552,354.2895
2025-12-23 16:00:00+00:00,3.604497,357.13766
2025-12-23 17:00:00+00:00,3.964089,357.3975
2025-12-23 18:00:00+00:00,3.964089,357.3975
2025-12-23 19:00:00+00:00,3.964089,357.3975
2025-12-23 20:00:00+00:00,3.96,360.0
2025-12-23 21:00:00+00:00,3.6,360.0
2025-12-23 22:00:00+00:00,4.6834598,357.79745
2025-12-23 23:00:00+00:00,4.514377,355.42615
2025-12-24 00:00:00+00:00,3.964089,357.3975
2025-12-24 01:00:00+00:00,3.7971036,354.55975
2025-12-24 02:00:00+00:00,3.964089,357.3975
2025-12-24 03:00:00+00:00,4.1556225,355.03033
2025-12-24 04:00:00+00:00,3.9763298,354.80566
2025-12-24 05:00:00+00:00,3.6,360.0
2025-12-24 06:00:00+00:00,3.0652895,356.6336
2025-12-24 07:00:00+00:00,2.7238941,352.40543
2025-12-24 08:00:00+00:00,2.5455842,351.87
2025-12-24 09:00:00+00:00,2.7059932,356.186
2025-12-24 10:00:00+00:00,3.964089,357.3975
2025-12-24 11:00:00+00:00,3.7799997,360.0
2025-12-24 12:00:00+00:00,3.604497,357.13766
2025-12-24 13:00:00+00:00,3.7842832,357.27374
2025-12-24 14:00:00+00:00,3.96,360.0
2025-12-24 15:00:00+00:00,3.964089,2.6025116
2025-12-24 16:00:00+00:00,4.143911,2.4894993
2025-12-24 17:00:00+00:00,4.143911,2.4894993
2025-12-24 18:00:00+00:00,4.323748,2.385899
2025-12-24 19:00:00+00:00,4.32,360.0
2025-12-24 20:00:00+00:00,4.32,360.0
2025-12-24 21:00:00+00:00,4.14,360.0
2025-12-24 22:00:00+00:00,5.5829024,358.15244
2025-12-24 23:00:00+00:00,5.223103,358.0251
2025-12-25 00:00:00+00:00,4.86,360.0
2025-12-25 01:00:00+00:00,4.5,360.0
2025-12-25 02:00:00+00:00,4.6834598,357.79745
2025-12-25 03:00:00+00:00,4.503598,357.70944
2025-12-25 04:00:00+00:00,4.32,360.0
2025-12-25 05:00:00+00:00,3.7971036,5.4402504
2025-12-25 06:00:00+00:00,3.4949677,11.888645
2025-12-25 07:00:00+00:00,3.244996,19.440128
2025-12-25 08:00:00+00:00,2.9301877,10.61961
2025-12-25 09:00:00+00:00,3.06,360.0
2025-12-25 10:00:00+00:00,3.2846913,350.53775
2025-12-25 11:00:00+00:00,3.319036,347.4712
2025-12-25 12:00:00+00:00,3.462369,351.02744
2025-12-25 13:00:00+00:00,3.7971036,354.55975
2025-12-25 14:00:00+00:00,3.964089,357.3975
2025-12-25 15:00:00+00:00,4.143911,357.5105
2025-12-25 16:00:00+00:00,4.14,360.0
2025-12-25 17:00:00+00:00,4.14,360.0
2025-12-25 18:00:00+00:00,4.14,360.0
2025-12-25 19:00:00+00:00,4.14,360.0
2025-12-25 20:00:00+00:00,4.14,360.0
2025-12-25 21:00:00+00:00,4.14,360.0
2025-12-25 22:00:00+00:00,4.323748,357.6141
2025-12-25 23:00:00+00:00,4.143911,357.5105
2025-12-26 00:00:00+00:00,3.964089,357.3975
2025-12-26 01:00:00+00:00,3.9763298,354.80566
2025-12-26 02:00:00+00:00,3.964089,357.3975
2025-12-26 03:00:00+00:00,3.7971036,354.55975
2025-12-26 04:00:00+00:00,3.4247334,356.98727
2025-12-26 05:00:00+00:00,3.0811036,353.29025
2025-12-26 06:00:00+00:00,2.7943513,345.06854
2025-12-26 07:00:00+00:00,2.4482648,323.97253
2025-12-26 08:00:00+00:00,2.8116899,320.1945
2025-12-26 09:00:00+00:00,3.3481934,323.74606
2025-12-26 10:00:00+00:00,3.6402748,351.4693
2025-12-26 11:00:00+00:00,3.06,360.0
2025-12-26 12:00:00+00:00,2.5772078,347.90527
2025-12-26 13:00:00+00:00,2.7534704,348.6901
2025-12-26 14:00:00+00:00,2.9024127,352.87506
2025-12-26 15:00:00+00:00,3.0811036,353.29025
2025-12-26 16:00:00+00:00,3.4247334,356.98727
2025-12-26 17:00:00+00:00,3.7799997,360.0
2025-12-26 18:00:00+00:00,3.7842832,2.7262611
2025-12-26 19:00:00+00:00,3.7842832,2.7262611
2025-12-26 20:00:00+00:00,3.9763298,5.19435
2025-12-26 21:00:00+00:00,3.9966488,7.7650824
2025-12-26 22:00:00+00:00,5.4029994,1.9091109
2025-12-26 23:00:00+00:00,4.6277857,13.495748
2025-12-27 00:00:00+00:00,3.9966488,7.7650824
2025-12-27 01:00:00+00:00,3.964089,357.3975
2025-12-27 02:00:00+00:00,3.6179552,354.2895
2025-12-27 03:00:00+00:00,3.6402748,351.4693
2025-12-27 04:00:00+00:00,3.7842832,357.27374
2025-12-27 05:00:00+00:00,3.0811036,6.70975
2025-12-27 06:00:00+00:00,2.7238941,7.59456
2025-12-27 07:00:00+00:00,2.5455842,8.130019
2025-12-27 08:00:00+00:00,2.7059932,356.186
2025-12-27 09:00:00+00:00,2.9301877,349.3804
2025-12-27 10:00:00+00:00,3.536439,345.25638
2025-12-27 11:00:00+00:00,3.362677,344.47583
2025-12-27 12:00:00+00:00,3.4949677,348.11136
2025-12-27 13:00:00+00:00,3.84796,349.21573
2025-12-27 14:00:00+00:00,4.2021422,350.13425
2025-12-27 15:00:00+00:00,4.175069,352.5687
2025-12-27 16:00:00+00:00,3.9763298,354.80566
2025-12-27 17:00:00+00:00,4.3349743,355.23645
2025-12-27 18:00:00+00:00,4.323748,357.6141
2025-12-27 19:00:00+00:00,4.14,360.0
2025-12-27 20:00:00+00:00,4.14,360.0
2025-12-27 21:00:00+00:00,4.14,360.0
2025-12-27 22:00:00+00:00,4.8633323,2.1210518
2025-12-27 23:00:00+00:00,4.175069,7.4313188
2025-12-28 00:00:00+00:00,4.1556225,4.969664
2025-12-28 01:00:00+00:00,4.143911,2.4894993
2025-12-28 02:00:00+00:00,4.1556225,4.969664
2025-12-28 03:00:00+00:00,4.3349743,4.763556
2025-12-28 04:00:00+00:00,4.2021422,9.865748
2025-12-28 05:00:00+00:00,3.644722,20.224945
2025-12-28 06:00:00+00:00,3.396233,32.005356
2025-12-28 07:00:00+00:00,3.1845248,42.709366
2025-12-28 08:00:00+00:00,2.9301877,42.510403
2025-12-28 09:00:00+00:00,2.5959969,33.6901
2025-12-28 10:00:00+00:00,2.8856194,356.42374
2025-12-28 11:00:00+00:00,3.2599385,353.6599
2025-12-28 12:00:00+00:00,3.2599385,353.6599
2025-12-28 13:00:00+00:00,3.0652895,356.6336
2025-12-28 14:00:00+00:00,3.244996,356.82022
2025-12-28 15:00:00+00:00,3.244996,356.82022
2025-12-28 16:00:00+00:00,3.4247334,356.98727
2025-12-28 17:00:00+00:00,3.244996,356.82022
2025-12-28 18:00:00+00:00,3.244996,356.82022
2025-12-28 19:00:00+00:00,3.244996,356.82022
2025-12-28 20:00:00+00:00,3.4199998,360.0
2025-12-28 21:00:00+00:00,3.06,360.0
2025-12-28 22:00:00+00:00,3.0652895,3.3664
2025-12-28 23:00:00+00:00,2.36753,8.746089
2025-12-29 00:00:00+00:00,2.1674871,4.763556
2025-12-29 01:00:00+00:00,1.8,360.0
2025-12-29 02:00:00+00:00,1.8089776,5.7105074
2025-12-29 03:00:00+00:00,1.8089776,5.7105074
2025-12-29 04:00:00+00:00,1.9386592,21.801476
2025-12-29 05:00:00+00:00,1.4058449,50.194473
2025-12-29 06:00:00+00:00,1.0948973,80.53775
2025-12-29 07:00:00+00:00,0.56920993,161.56496
2025-12-29 08:00:00+00:00,0.9,233.13002
2025-12-29 09:00:00+00:00,1.2979984,303.6901
2025-12-29 10:00:00+00:00,2.0523157,322.12494
2025-12-29 11:00:00+00:00,2.19718,325.0079
2025-12-29 12:00:00+00:00,2.4014995,347.00537
2025-12-29 13:00:00+00:00,2.36753,351.2539
2025-12-29 14:00:00+00:00,1.9881649,5.19435
2025-12-29 15:00:00+00:00,2.1674871,355.23645
2025-12-29 16:00:00+00:00,2.1674871,355.23645
2025-12-29 17:00:00+00:00,2.3469126,355.60138
2025-12-29 18:00:00+00:00,2.3469126,355.60138
2025-12-29 19:00:00+00:00,2.34,360.0
2025-12-29 20:00:00+00:00,2.5455842,8.130019
2025-12-29 21:00:00+00:00,2.5455842,8.130019
2025-12-29 22:00:00+00:00,2.8856194,3.5762644
2025-12-29 23:00:00+00:00,2.3469126,355.60138
2025-12-30 00:00:00+00:00,2.3469126,4.398633
2025-12-30 01:00:00+00:00,2.5455842,8.130019
2025-12-30 02:00:00+00:00,2.3469126,4.398633
2025-12-30 03:00:00+00:00,2.5264204,4.085537
2025-12-30 04:00:00+00:00,2.2553935,28.610369
2025-12-30 05:00:00+00:00,2.3400002,67.3801
2025-12-30 06:00:00+00:00,2.7238941,97.59455
2025-12-30 07:00:00+00:00,2.8856194,93.57626
2025-12-30 08:00:00+00:00,2.9301877,79.380394
2025-12-30 09:00:00+00:00,2.8460498,71.564964
2025-12-30 10:00:00+00:00,3.0652893,49.76371
2025-12-30 11:00:00+00:00,2.657668,28.30066
2025-12-30 12:00:00+00:00,2.7059932,356.186
2025-12-30 13:00:00+00:00,2.5264204,355.91446
2025-12-30 14:00:00+00:00,2.5264204,4.085537
2025-12-30 15:00:00+00:00,2.5772078,12.094739
2025-12-30 16:00:00+00:00,2.4014995,12.99463
2025-12-30 17:00:00+00:00,2.1897945,9.462248
2025-12-30 18:00:00+00:00,2.1897945,9.462248
2025-12-30 19:00:00+00:00,2.226477,14.036275
2025-12-30 20:00:00+00:00,2.36753,8.746089
2025-12-30 21:00:00+00:00,2.5455842,8.130019
2025-12-30 22:00:00+00:00,2.5455842,8.130019
2025-12-30 23:00:00+00:00,2.7059932,3.8140097
2025-12-31 00:00:00+00:00,2.9024127,7.12493
2025-12-31 01:00:00+00:00,2.9024127,7.12493
2025-12-31 02:00:00+00:00,2.968636,14.036275
2025-12-31 03:00:00+00:00,2.9301877,10.61961
2025-12-31 04:00:00+00:00,2.8460498,18.435053
2025-12-31 05:00:00+00:00,2.6758924,42.27363
2025-12-31 06:00:00+00:00,3.06,61.92762
2025-12-31 07:00:00+00:00,3.143565,76.75947
2025-12-31 08:00:00+00:00,2.8799999,90.0
2025-12-31 09:00:00+00:00,1.8089776,84.2895
2025-12-31 10:00:00+00:00,2.8174455,26.564985
2025-12-31 11:00:00+00:00,2.7416782,23.198618
2025-12-31 12:00:00+00:00,2.4482646,17.102825
2025-12-31 13:00:00+00:00,2.4014995,12.99463
2025-12-31 14:00:00+00:00,2.7534704,11.3098955
2025-12-31 15:00:00+00:00,2.9024127,7.12493
2025-12-31 16:00:00+00:00,2.8856194,3.5762644
2025-12-31 17:00:00+00:00,2.7059932,3.8140097
2025-12-31 18:00:00+00:00,2.5772078,12.094739
2025-12-31 19:00:00+00:00,2.4014995,12.99463
2025-12-31 20:00:00+00:00,2.4482646,17.102825
2025-12-31 21:00:00+00:00,2.4482646,17.102825
2025-12-31 22:00:00+00:00,2.6208394,15.945477
2025-12-31 23:00:00+00:00,2.5772076,24.775122
