date,wind_direction_10m,wind_speed_10m
2025-01-01 00:00:00+00:00,41.49638,6.248359
2025-01-01 01:00:00+00:00,27.255245,6.6818557
2025-01-01 02:00:00+00:00,36.573124,6.9480934
2025-01-01 03:00:00+00:00,48.65233,5.994297
2025-01-01 04:00:00+00:00,58.671368,4.846648
2025-01-01 05:00:00+00:00,60.94549,3.7064266
2025-01-01 06:00:00+00:00,18.435053,1.1384199
2025-01-01 07:00:00+00:00,299.35767,3.3043609
2025-01-01 08:00:00+00:00,295.8663,6.601363
2025-01-01 09:00:00+00:00,289.79895,9.565437
2025-01-01 10:00:00+00:00,297.37762,11.351422
2025-01-01 11:00:00+00:00,305.9098,12.88981
2025-01-01 12:00:00+00:00,317.4896,11.720751
2025-01-01 13:00:00+00:00,319.21426,12.124306
2025-01-01 14:00:00+00:00,333.43503,12.879752
2025-01-01 15:00:00+00:00,344.6044,12.882267
2025-01-01 16:00:00+00:00,352.23492,11.989945
2025-01-01 17:00:00+00:00,360.0,10.259999
2025-01-01 18:00:00+00:00,1.0608971,9.721666
2025-01-01 19:00:00+00:00,14.676441,7.8149853
2025-01-01 20:00:00+00:00,36.86999,3.6
2025-01-01 21:00:00+00:00,28.30066,2.657668
2025-01-01 22:00:00+00:00,12.99463,4.802999
2025-01-01 23:00:00+00:00,28.739704,6.3639607
2025-01-02 00:00:00+00:00,33.6901,7.1389914
2025-01-02 01:00:00+00:00,41.185837,7.653705
2025-01-02 02:00:00+00:00,51.766144,7.562142
2025-01-02 03:00:00+00:00,44.999897,7.127636
2025-01-02 04:00:00+00:00,57.528828,4.6938257
2025-01-02 05:00:00+00:00,62.354122,4.2671766
2025-01-02 06:00:00+00:00,40.601215,3.319036
2025-01-02 07:00:00+00:00,327.09476,3.6447225
2025-01-02 08:00:00+00:00,311.49637,6.248359
2025-01-02 09:00:00+00:00,304.62424,9.187056
2025-01-02 10:00:00+00:00,312.56332,11.975074
2025-01-02 11:00:00+00:00,316.14566,12.730467
2025-01-02 12:00:00+00:00,328.90274,13.243156
2025-01-02 13:00:00+00:00,329.57428,13.151091
2025-01-02 14:00:00+00:00,342.8972,14.689589
2025-01-02 15:00:00+00:00,352.45068,15.070633
2025-01-02 16:00:00+00:00,359.24615,13.681183
2025-01-02 17:00:00+00:00,2.6424956,11.712455
2025-01-02 18:00:00+00:00,27.824009,7.327127
2025-01-02 19:00:00+00:00,31.607454,5.495161
2025-01-02 20:00:00+00:00,63.435013,5.634891
2025-01-02 21:00:00+00:00,55.407658,6.341009
2025-01-02 22:00:00+00:00,51.072456,6.015878
2025-01-02 23:00:00+00:00,55.78425,5.441838
2025-01-03 00:00:00+00:00,59.743652,5.00128
2025-01-03 01:00:00+00:00,93.691315,5.5916004
2025-01-03 02:00:00+00:00,80.83774,5.6521144
2025-01-03 03:00:00+00:00,68.19853,7.754637
2025-01-03 04:00:00+00:00,84.95764,6.1437774
2025-01-03 05:00:00+00:00,93.46816,5.950899
2025-01-03 06:00:00+00:00,93.57626,5.771239
2025-01-03 07:00:00+00:00,63.435013,2.0124612
2025-01-03 08:00:00+00:00,292.24908,4.278551
2025-01-03 09:00:00+00:00,283.53586,9.9977
2025-01-03 10:00:00+00:00,290.89783,10.597094
2025-01-03 11:00:00+00:00,299.51138,10.962281
2025-01-03 12:00:00+00:00,310.71075,10.210936
2025-01-03 13:00:00+00:00,317.54483,11.466438
2025-01-03 14:00:00+00:00,339.44388,12.303366
2025-01-03 15:00:00+00:00,350.1665,13.701299
2025-01-03 16:00:00+00:00,355.85544,12.452566
2025-01-03 17:00:00+00:00,360.0,10.62
2025-01-03 18:00:00+00:00,35.909817,6.444905
2025-01-03 19:00:00+00:00,67.75093,4.278551
2025-01-03 20:00:00+00:00,54.782326,3.745557
2025-01-03 21:00:00+00:00,48.366554,2.1674871
2025-01-03 22:00:00+00:00,351.87,1.2727921
2025-01-03 23:00:00+00:00,360.0,2.34
2025-01-04 00:00:00+00:00,15.524177,3.362677
2025-01-04 01:00:00+00:00,35.217674,3.745557
2025-01-04 02:00:00+00:00,54.46224,6.193674
2025-01-04 03:00:00+00:00,55.6196,8.287822
2025-01-04 04:00:00+00:00,55.560955,7.6388745
2025-01-04 05:00:00+00:00,81.86999,5.0911684
2025-01-04 06:00:00+00:00,100.00792,6.2145634
2025-01-04 07:00:00+00:00,165.96373,2.968636
2025-01-04 08:00:00+00:00,256.75946,6.28713
2025-01-04 09:00:00+00:00,275.19434,11.928989
2025-01-04 10:00:00+00:00,287.24155,10.931203
2025-01-04 11:00:00+00:00,297.12122,8.29173
2025-01-04 12:00:00+00:00,308.2902,8.714677
2025-01-04 13:00:00+00:00,321.70978,8.714677
2025-01-04 14:00:00+00:00,327.61935,8.738811
2025-01-04 15:00:00+00:00,352.87506,7.256032
2025-01-04 16:00:00+00:00,39.805527,4.2175345
2025-01-04 17:00:00+00:00,27.897186,3.4623692
2025-01-04 18:00:00+00:00,327.52884,2.3469129
2025-01-04 19:00:00+00:00,305.53775,3.096837
2025-01-04 20:00:00+00:00,310.2363,3.0652893
2025-01-04 21:00:00+00:00,334.65387,3.7842832
2025-01-04 22:00:00+00:00,350.53775,4.379589
2025-01-04 23:00:00+00:00,339.44388,6.151683
2025-01-05 00:00:00+00:00,5.7105074,5.426933
2025-01-05 01:00:00+00:00,3.691312,5.5916004
2025-01-05 02:00:00+00:00,358.15244,5.5829024
2025-01-05 03:00:00+00:00,8.130019,6.3639607
2025-01-05 04:00:00+00:00,19.093594,4.952453
2025-01-05 05:00:00+00:00,345.9637,5.195113
2025-01-05 06:00:00+00:00,323.97253,4.8965297
2025-01-05 07:00:00+00:00,321.63248,5.509882
2025-01-05 08:00:00+00:00,301.1849,7.995323
2025-01-05 09:00:00+00:00,305.31128,10.587918
2025-01-05 10:00:00+00:00,310.0302,11.753876
2025-01-05 11:00:00+00:00,313.87677,12.984975
2025-01-05 12:00:00+00:00,323.13,13.5
2025-01-05 13:00:00+00:00,323.13,12.599998
2025-01-05 14:00:00+00:00,330.9455,11.119281
2025-01-05 15:00:00+00:00,345.25638,10.609316
2025-01-05 16:00:00+00:00,341.56494,11.384199
2025-01-05 17:00:00+00:00,350.38034,10.7714615
2025-01-05 18:00:00+00:00,350.69012,11.126562
2025-01-05 19:00:00+00:00,349.69522,10.062305
2025-01-05 20:00:00+00:00,348.6901,10.096059
2025-01-05 21:00:00+00:00,350.8699,10.209348
2025-01-05 22:00:00+00:00,355.84042,9.926147
2025-01-05 23:00:00+00:00,355.84042,9.926147
2025-01-06 00:00:00+00:00,353.19104,12.145665
2025-01-06 01:00:00+00:00,356.77554,12.800265
2025-01-06 02:00:00+00:00,5.6174936,11.032987
2025-01-06 03:00:00+00:00,3.0664318,10.094454
2025-01-06 04:00:00+00:00,1.9748993,10.446206
2025-01-06 05:00:00+00:00,360.0,10.440001
2025-01-06 06:00:00+00:00,350.69012,11.126562
2025-01-06 07:00:00+00:00,346.60748,11.656998
2025-01-06 08:00:00+00:00,338.6631,12.367716
2025-01-06 09:00:00+00:00,329.03632,14.693999
2025-01-06 10:00:00+00:00,326.13626,16.474672
2025-01-06 11:00:00+00:00,326.65927,16.375053
2025-01-06 12:00:00+00:00,329.74365,15.0038395
2025-01-06 13:00:00+00:00,334.68716,14.734735
2025-01-06 14:00:00+00:00,344.43842,14.761098
2025-01-06 15:00:00+00:00,351.14212,14.027302
2025-01-06 16:00:00+00:00,353.57135,12.860871
2025-01-06 17:00:00+00:00,355.73218,12.093534
2025-01-06 18:00:00+00:00,353.57135,12.860871
2025-01-06 19:00:00+00:00,354.0356,12.125642
2025-01-06 20:00:00+00:00,358.05856,10.6261
2025-01-06 21:00:00+00:00,356.6336,9.195868
2025-01-06 22:00:00+00:00,1.2453395,8.281956
2025-01-06 23:00:00+00:00,360.0,8.099999
2025-01-07 00:00:00+00:00,2.6025116,7.928178
2025-01-07 01:00:00+00:00,8.97255,6.924738
2025-01-07 02:00:00+00:00,17.447285,6.603817
2025-01-07 03:00:00+00:00,30.379045,6.050785
2025-01-07 04:00:00+00:00,32.005356,5.09435
2025-01-07 05:00:00+00:00,22.47948,5.6492476
2025-01-07 06:00:00+00:00,17.241547,5.4656014
2025-01-07 07:00:00+00:00,2.1210518,4.8633323
2025-01-07 08:00:00+00:00,331.55716,4.913044
2025-01-07 09:00:00+00:00,308.8534,8.320986
2025-01-07 10:00:00+00:00,308.25446,11.919479
2025-01-07 11:00:00+00:00,310.426,12.768586
2025-01-07 12:00:00+00:00,310.69543,11.870451
2025-01-07 13:00:00+00:00,328.89127,12.193589
2025-01-07 14:00:00+00:00,346.373,12.224107
2025-01-07 15:00:00+00:00,357.5105,16.575644
2025-01-07 16:00:00+00:00,5.782306,14.292725
2025-01-07 17:00:00+00:00,22.873707,12.5032
2025-01-07 18:00:00+00:00,38.107635,11.666721
2025-01-07 19:00:00+00:00,45.64367,11.328566
2025-01-07 20:00:00+00:00,48.14505,11.599879
2025-01-07 21:00:00+00:00,48.900593,11.226575
2025-01-07 22:00:00+00:00,55.491425,10.484903
2025-01-07 23:00:00+00:00,49.635548,9.449572
2025-01-08 00:00:00+00:00,52.883057,8.3520775
2025-01-08 01:00:00+00:00,49.085716,7.145796
2025-01-08 02:00:00+00:00,47.489597,5.8603754
2025-01-08 03:00:00+00:00,39.09386,3.710795
2025-01-08 04:00:00+00:00,29.357658,3.3043609
2025-01-08 05:00:00+00:00,10.007925,3.1072817
2025-01-08 06:00:00+00:00,349.69522,2.0124612
2025-01-08 07:00:00+00:00,306.25394,3.3481934
2025-01-08 08:00:00+00:00,296.02954,8.61371
2025-01-08 09:00:00+00:00,295.30136,10.950452
2025-01-08 10:00:00+00:00,300.96368,11.545284
2025-01-08 11:00:00+00:00,309.92032,11.500296
2025-01-08 12:00:00+00:00,321.49933,10.120099
2025-01-08 13:00:00+00:00,327.45,10.036512
2025-01-08 14:00:00+00:00,339.6768,10.365251
2025-01-08 15:00:00+00:00,347.57407,10.874741
2025-01-08 16:00:00+00:00,14.534496,10.041354
2025-01-08 17:00:00+00:00,25.144758,9.743304
2025-01-08 18:00:00+00:00,27.050516,9.499158
2025-01-08 19:00:00+00:00,39.644142,8.181589
2025-01-08 20:00:00+00:00,70.42679,8.596766
2025-01-08 21:00:00+00:00,55.1246,7.2403865
2025-01-08 22:00:00+00:00,73.61038,6.379216
2025-01-08 23:00:00+00:00,73.300674,7.5170207
2025-01-09 00:00:00+00:00,55.560955,7.6388745
2025-01-09 01:00:00+00:00,57.264786,8.9873905
2025-01-09 02:00:00+00:00,57.200474,9.636307
2025-01-09 03:00:00+00:00,54.117775,10.441551
2025-01-09 04:00:00+00:00,66.50142,9.028754
2025-01-09 05:00:00+00:00,72.299484,8.880405
2025-01-09 06:00:00+00:00,88.6361,7.562142
2025-01-09 07:00:00+00:00,109.798965,4.7827187
2025-01-09 08:00:00+00:00,253.30067,1.8792552
2025-01-09 09:00:00+00:00,266.6336,6.130579
2025-01-09 10:00:00+00:00,273.3664,9.195868
2025-01-09 11:00:00+00:00,291.63095,11.230904
2025-01-09 12:00:00+00:00,307.26648,10.404249
2025-01-09 13:00:00+00:00,325.24402,10.735306
2025-01-09 14:00:00+00:00,335.85446,11.440979
2025-01-09 15:00:00+00:00,335.77228,11.843124
2025-01-09 16:00:00+00:00,345.9637,10.390226
2025-01-09 17:00:00+00:00,21.25058,6.9527545
2025-01-09 18:00:00+00:00,36.027473,4.8965297
2025-01-09 19:00:00+00:00,46.73567,4.2021427
2025-01-09 20:00:00+00:00,48.57643,4.080882
2025-01-09 21:00:00+00:00,53.13002,5.3999996
2025-01-09 22:00:00+00:00,52.765083,5.6521144
2025-01-09 23:00:00+00:00,47.72637,5.3517847
2025-01-10 00:00:00+00:00,53.972538,4.8965297
2025-01-10 01:00:00+00:00,77.00539,7.2044983
2025-01-10 02:00:00+00:00,72.55273,6.603817
2025-01-10 03:00:00+00:00,72.55273,6.603817
2025-01-10 04:00:00+00:00,72.75845,5.4656014
2025-01-10 05:00:00+00:00,85.60138,4.6938252
2025-01-10 06:00:00+00:00,102.5288,3.319036
2025-01-10 07:00:00+00:00,175.60138,2.3469126
2025-01-10 08:00:00+00:00,239.42085,4.599695
2025-01-10 09:00:00+00:00,262.0566,7.814986
2025-01-10 10:00:00+00:00,274.39862,9.3876505
2025-01-10 11:00:00+00:00,280.20392,9.144637
2025-01-10 12:00:00+00:00,286.38962,9.568824
2025-01-10 13:00:00+00:00,302.38065,8.738811
2025-01-10 14:00:00+00:00,309.3693,9.080639
2025-01-10 15:00:00+00:00,304.62424,9.187056
2025-01-10 16:00:00+00:00,325.4914,3.494968
2025-01-10 17:00:00+00:00,101.3099,3.671294
2025-01-10 18:00:00+00:00,87.064384,7.029225
2025-01-10 19:00:00+00:00,33.6901,1.9469976
2025-01-10 20:00:00+00:00,24.443953,2.1749482
2025-01-10 21:00:00+00:00,37.568665,2.9522195
2025-01-10 22:00:00+00:00,40.236294,3.0652893
2025-01-10 23:00:00+00:00,32.73523,2.995797
2025-01-11 00:00:00+00:00,16.389616,3.189608
2025-01-11 01:00:00+00:00,27.552727,4.669604
2025-01-11 02:00:00+00:00,26.564985,4.829907
2025-01-11 03:00:00+00:00,23.428713,5.8852015
2025-01-11 04:00:00+00:00,5.19435,5.9644947
2025-01-11 05:00:00+00:00,348.6901,8.260411
2025-01-11 06:00:00+00:00,334.48618,8.775807
2025-01-11 07:00:00+00:00,318.53238,10.32924
2025-01-11 08:00:00+00:00,309.90784,12.906138
2025-01-11 09:00:00+00:00,312.4664,14.396625
2025-01-11 10:00:00+00:00,317.406,15.159589
2025-01-11 11:00:00+00:00,322.43134,14.761098
2025-01-11 12:00:00+00:00,326.7251,13.779114
2025-01-11 13:00:00+00:00,327.01147,12.232057
2025-01-11 14:00:00+00:00,332.31903,12.399113
2025-01-11 15:00:00+00:00,335.69547,12.245293
2025-01-11 16:00:00+00:00,335.34412,12.081473
2025-01-11 17:00:00+00:00,344.3204,10.656547
2025-01-11 18:00:00+00:00,357.6141,8.647496
2025-01-11 19:00:00+00:00,23.198618,6.8541956
2025-01-11 20:00:00+00:00,44.999897,6.3639607
2025-01-11 21:00:00+00:00,31.827414,6.1437774
2025-01-11 22:00:00+00:00,4.6667724,8.849339
2025-01-11 23:00:00+00:00,4.3159466,9.567131
2025-01-12 00:00:00+00:00,1.101687,9.36173
2025-01-12 01:00:00+00:00,347.57407,10.874741
2025-01-12 02:00:00+00:00,348.85715,12.108261
2025-01-12 03:00:00+00:00,360.0,9.36
2025-01-12 04:00:00+00:00,16.699326,7.5170207
2025-01-12 05:00:00+00:00,14.826528,6.330782
2025-01-12 06:00:00+00:00,355.36462,6.6818557
2025-01-12 07:00:00+00:00,331.78275,8.37532
2025-01-12 08:00:00+00:00,319.70792,10.855358
2025-01-12 09:00:00+00:00,312.8789,13.755579
2025-01-12 10:00:00+00:00,317.406,15.159589
2025-01-12 11:00:00+00:00,321.03326,15.742541
2025-01-12 12:00:00+00:00,324.1301,14.438198
2025-01-12 13:00:00+00:00,326.7251,13.779114
2025-01-12 14:00:00+00:00,338.19852,13.570615
2025-01-12 15:00:00+00:00,353.9911,13.75558
2025-01-12 16:00:00+00:00,360.0,12.42
2025-01-12 17:00:00+00:00,2.5637162,12.0720825
2025-01-12 18:00:00+00:00,5.7105074,10.853866
2025-01-12 19:00:00+00:00,9.659832,8.581677
2025-01-12 20:00:00+00:00,36.86999,6.299999
2025-01-12 21:00:00+00:00,37.234917,5.6521144
2025-01-12 22:00:00+00:00,44.999897,6.3639607
2025-01-12 23:00:00+00:00,50.013176,7.282774
2025-01-13 00:00:00+00:00,62.354122,8.534353
2025-01-13 01:00:00+00:00,60.48861,10.962281
2025-01-13 02:00:00+00:00,53.49847,11.196232
2025-01-13 03:00:00+00:00,58.52322,10.34178
2025-01-13 04:00:00+00:00,60.75127,10.315115
2025-01-13 05:00:00+00:00,63.886147,10.223619
2025-01-13 06:00:00+00:00,79.69521,10.062305
2025-01-13 07:00:00+00:00,78.366394,6.2483597
2025-01-13 08:00:00+00:00,315.0001,1.2727921
2025-01-13 09:00:00+00:00,293.6294,9.430695
2025-01-13 10:00:00+00:00,302.4123,13.432632
2025-01-13 11:00:00+00:00,312.91742,14.009968
2025-01-13 12:00:00+00:00,325.84024,12.181624
2025-01-13 13:00:00+00:00,329.03632,11.545284
2025-01-13 14:00:00+00:00,338.7907,12.936227
2025-01-13 15:00:00+00:00,352.98358,11.788281
2025-01-13 16:00:00+00:00,0.8550762,12.061341
2025-01-13 17:00:00+00:00,21.54104,7.353611
2025-01-13 18:00:00+00:00,68.19853,0.9693296
2025-01-13 19:00:00+00:00,331.38962,2.2553935
2025-01-13 20:00:00+00:00,25.201094,3.381893
2025-01-13 21:00:00+00:00,29.744795,2.9024127
2025-01-13 22:00:00+00:00,57.99466,3.396233
2025-01-13 23:00:00+00:00,52.124958,4.1046314
2025-01-14 00:00:00+00:00,69.775055,3.644722
2025-01-14 01:00:00+00:00,86.906006,6.6697226
2025-01-14 02:00:00+00:00,85.81516,7.3997297
2025-01-14 03:00:00+00:00,80.31129,7.486788
2025-01-14 04:00:00+00:00,78.02389,6.0721655
2025-01-14 05:00:00+00:00,102.680374,7.3799996
2025-01-14 06:00:00+00:00,129.2894,7.674842
2025-01-14 07:00:00+00:00,170.9606,8.019601
2025-01-14 08:00:00+00:00,216.11943,8.244708
2025-01-14 09:00:00+00:00,246.66594,9.997699
2025-01-14 10:00:00+00:00,269.06082,10.981475
2025-01-14 11:00:00+00:00,284.03625,10.390226
2025-01-14 12:00:00+00:00,300.96368,9.446141
2025-01-14 13:00:00+00:00,317.43668,11.975074
2025-01-14 14:00:00+00:00,326.7934,11.832176
2025-01-14 15:00:00+00:00,352.18478,9.266067
2025-01-14 16:00:00+00:00,35.537766,7.7420926
2025-01-14 17:00:00+00:00,44.999897,6.618519
2025-01-14 18:00:00+00:00,52.765083,5.6521144
2025-01-14 19:00:00+00:00,32.73523,2.995797
2025-01-14 20:00:00+00:00,69.44387,3.0758414
2025-01-14 21:00:00+00:00,79.99209,3.1072817
2025-01-14 22:00:00+00:00,77.4712,3.319036
2025-01-14 23:00:00+00:00,66.801384,2.7416782
2025-01-15 00:00:00+00:00,104.03627,2.226477
2025-01-15 01:00:00+00:00,351.87,2.5455842
2025-01-15 02:00:00+00:00,347.90527,5.1544156
2025-01-15 03:00:00+00:00,350.2725,6.391901
2025-01-15 04:00:00+00:00,347.00537,4.802999
2025-01-15 05:00:00+00:00,342.64587,3.01735
2025-01-15 06:00:00+00:00,302.00534,3.396233
2025-01-15 07:00:00+00:00,281.6336,6.2483597
2025-01-15 08:00:00+00:00,292.6199,11.7
2025-01-15 09:00:00+00:00,305.28683,14.33347
2025-01-15 10:00:00+00:00,315.0001,16.037182
2025-01-15 11:00:00+00:00,322.4715,15.661035
2025-01-15 12:00:00+00:00,326.52368,13.379461
2025-01-15 13:00:00+00:00,322.63324,12.456468
2025-01-15 14:00:00+00:00,330.3617,12.011544
2025-01-15 15:00:00+00:00,353.9911,10.316686
2025-01-15 16:00:00+00:00,30.529623,8.149847
2025-01-15 17:00:00+00:00,37.476254,6.804381
2025-01-15 18:00:00+00:00,40.236294,6.1305785
2025-01-15 19:00:00+00:00,11.689341,5.3305535
2025-01-15 20:00:00+00:00,346.293,7.596341
2025-01-15 21:00:00+00:00,339.92838,9.965239
2025-01-15 22:00:00+00:00,347.96942,11.226575
2025-01-15 23:00:00+00:00,360.0,11.159999
2025-01-16 00:00:00+00:00,9.13011,10.209348
2025-01-16 01:00:00+00:00,357.91748,9.906544
2025-01-16 02:00:00+00:00,359.06082,10.981475
2025-01-16 03:00:00+00:00,358.99493,10.261578
2025-01-16 04:00:00+00:00,3.9004252,7.9383874
2025-01-16 05:00:00+00:00,1.4320632,7.2022495
2025-01-16 06:00:00+00:00,347.4712,8.297589
2025-01-16 07:00:00+00:00,329.03632,10.495713
2025-01-16 08:00:00+00:00,319.63553,14.174356
2025-01-16 09:00:00+00:00,318.57642,16.323528
2025-01-16 10:00:00+00:00,321.0542,16.895088
2025-01-16 11:00:00+00:00,324.38907,16.383955
2025-01-16 12:00:00+00:00,332.24155,15.459054
2025-01-16 13:00:00+00:00,330.16455,14.110209
2025-01-16 14:00:00+00:00,341.8219,12.69351
2025-01-16 15:00:00+00:00,350.40692,12.961249
2025-01-16 16:00:00+00:00,0.81843907,12.601285
2025-01-16 17:00:00+00:00,8.673101,10.742848
2025-01-16 18:00:00+00:00,3.691312,11.183201
2025-01-16 19:00:00+00:00,9.950565,10.4166975
2025-01-16 20:00:00+00:00,7.969524,9.087772
2025-01-16 21:00:00+00:00,7.3056703,7.0774574
2025-01-16 22:00:00+00:00,355.60138,9.3876505
2025-01-16 23:00:00+00:00,40.10085,8.942214
2025-01-17 00:00:00+00:00,50.063675,10.094454
2025-01-17 01:00:00+00:00,50.04252,8.688613
2025-01-17 02:00:00+00:00,64.397865,9.580668
2025-01-17 03:00:00+00:00,62.927998,9.096681
2025-01-17 04:00:00+00:00,72.55273,6.603817
2025-01-17 05:00:00+00:00,83.29026,6.162207
2025-01-17 06:00:00+00:00,95.7105,5.426933
2025-01-17 07:00:00+00:00,189.46225,2.1897945
2025-01-17 08:00:00+00:00,272.6025,3.964089
2025-01-17 09:00:00+00:00,286.60706,10.706595
2025-01-17 10:00:00+00:00,302.09256,12.535549
2025-01-17 11:00:00+00:00,310.60123,14.935662
2025-01-17 12:00:00+00:00,328.64297,13.4903965
2025-01-17 13:00:00+00:00,316.93057,11.334285
2025-01-17 14:00:00+00:00,319.02835,9.059205
2025-01-17 15:00:00+00:00,337.6198,9.927779
2025-01-17 16:00:00+00:00,347.73523,12.710091
2025-01-17 17:00:00+00:00,5.389229,9.582359
2025-01-17 18:00:00+00:00,51.911175,8.461915
2025-01-17 19:00:00+00:00,78.40785,7.1661706
2025-01-17 20:00:00+00:00,62.525658,5.072041
2025-01-17 21:00:00+00:00,63.435013,5.2323985
2025-01-17 22:00:00+00:00,73.442856,6.9480934
2025-01-17 23:00:00+00:00,68.96242,7.5213294
2025-01-18 00:00:00+00:00,62.10283,6.9247384
2025-01-18 01:00:00+00:00,73.300674,5.637765
2025-01-18 02:00:00+00:00,78.11137,6.9899354
2025-01-18 03:00:00+00:00,78.6901,9.178235
2025-01-18 04:00:00+00:00,83.659904,8.149847
2025-01-18 05:00:00+00:00,87.27374,11.35285
2025-01-18 06:00:00+00:00,94.39862,11.734564
2025-01-18 07:00:00+00:00,93.012726,10.2742
2025-01-18 08:00:00+00:00,51.34017,4.6102495
2025-01-18 09:00:00+00:00,326.3099,5.1919937
2025-01-18 10:00:00+00:00,304.1145,6.7397914
2025-01-18 11:00:00+00:00,296.56497,7.6473517
2025-01-18 12:00:00+00:00,309.14398,9.97986
2025-01-18 13:00:00+00:00,331.88687,14.897651
2025-01-18 14:00:00+00:00,342.03076,14.003029
2025-01-18 15:00:00+00:00,339.17902,13.672893
2025-01-18 16:00:00+00:00,343.70587,12.189602
2025-01-18 17:00:00+00:00,5.19435,7.9526596
2025-01-18 18:00:00+00:00,1.6846573,6.122647
2025-01-18 19:00:00+00:00,30.256361,5.00128
2025-01-18 20:00:00+00:00,62.447273,4.669604
2025-01-18 21:00:00+00:00,75.068535,5.5887027
2025-01-18 22:00:00+00:00,66.80139,4.1125174
2025-01-18 23:00:00+00:00,68.19853,3.8773184
2025-01-19 00:00:00+00:00,56.82148,5.5916004
2025-01-19 01:00:00+00:00,67.3801,7.0199995
2025-01-19 02:00:00+00:00,70.1447,6.889557
2025-01-19 03:00:00+00:00,76.29302,7.596341
2025-01-19 04:00:00+00:00,78.366394,6.2483597
2025-01-19 05:00:00+00:00,100.12462,5.1197267
2025-01-19 06:00:00+00:00,99.865746,4.2021422
2025-01-19 07:00:00+00:00,270.0,0.35999998
2025-01-19 08:00:00+00:00,282.26477,4.2366967
2025-01-19 09:00:00+00:00,281.0937,9.354806
2025-01-19 10:00:00+00:00,284.6209,12.835653
2025-01-19 11:00:00+00:00,296.93945,12.3165245
2025-01-19 12:00:00+00:00,315.0001,11.45513
2025-01-19 13:00:00+00:00,329.80847,11.453715
2025-01-19 14:00:00+00:00,331.9756,12.642357
2025-01-19 15:00:00+00:00,340.8209,13.149859
2025-01-19 16:00:00+00:00,350.24762,11.688918
2025-01-19 17:00:00+00:00,3.5762644,8.656858
2025-01-19 18:00:00+00:00,4.5738406,4.514377
2025-01-19 19:00:00+00:00,355.91446,5.0528407
2025-01-19 20:00:00+00:00,14.743609,3.536439
2025-01-19 21:00:00+00:00,357.13766,3.604497
2025-01-19 22:00:00+00:00,14.036275,3.710795
2025-01-19 23:00:00+00:00,32.005356,3.396233
2025-01-20 00:00:00+00:00,32.905247,3.6447225
2025-01-20 01:00:00+00:00,46.97493,3.693291
2025-01-20 02:00:00+00:00,44.999897,4.3274937
2025-01-20 03:00:00+00:00,48.65233,5.994297
2025-01-20 04:00:00+00:00,63.435013,4.829907
2025-01-20 05:00:00+00:00,74.47583,3.362677
2025-01-20 06:00:00+00:00,55.0079,2.19718
2025-01-20 07:00:00+00:00,300.96368,1.0495713
2025-01-20 08:00:00+00:00,273.9451,5.232399
2025-01-20 09:00:00+00:00,278.13,10.182337
2025-01-20 10:00:00+00:00,290.55612,12.303366
2025-01-20 11:00:00+00:00,305.4334,11.48761
2025-01-20 12:00:00+00:00,318.991,10.97262
2025-01-20 13:00:00+00:00,329.88635,10.404249
2025-01-20 14:00:00+00:00,337.8905,12.43434
2025-01-20 15:00:00+00:00,342.838,12.810386
2025-01-20 16:00:00+00:00,351.51114,12.193588
2025-01-20 17:00:00+00:00,0.97099817,10.621525
2025-01-20 18:00:00+00:00,16.557161,6.9480934
2025-01-20 19:00:00+00:00,7.59456,5.4477882
2025-01-20 20:00:00+00:00,336.5713,5.8852015
2025-01-20 21:00:00+00:00,355.23645,4.3349743
2025-01-20 22:00:00+00:00,25.201094,3.381893
2025-01-20 23:00:00+00:00,353.9911,3.438895
2025-01-21 00:00:00+00:00,354.80566,3.9763298
2025-01-21 01:00:00+00:00,348.6901,5.506941
2025-01-21 02:00:00+00:00,1.7356651,5.9427266
2025-01-21 03:00:00+00:00,44.999897,5.0911684
2025-01-21 04:00:00+00:00,59.53454,3.550155
2025-01-21 05:00:00+00:00,22.61991,2.3400002
2025-01-21 06:00:00+00:00,318.81415,1.9134263
2025-01-21 07:00:00+00:00,294.44394,4.3498964
2025-01-21 08:00:00+00:00,296.0753,9.418661
2025-01-21 09:00:00+00:00,295.7099,10.787993
2025-01-21 10:00:00+00:00,298.30066,10.630672
2025-01-21 11:00:00+00:00,304.9921,10.9859
2025-01-21 12:00:00+00:00,319.30457,11.870451
2025-01-21 13:00:00+00:00,327.99466,10.1887
2025-01-21 14:00:00+00:00,338.03937,12.033103
2025-01-21 15:00:00+00:00,344.05453,11.793777
2025-01-21 16:00:00+00:00,351.1797,10.564942
2025-01-21 17:00:00+00:00,6.7888846,7.613382
2025-01-21 18:00:00+00:00,12.26477,4.2366967
2025-01-21 19:00:00+00:00,351.38443,6.0077944
2025-01-21 20:00:00+00:00,347.61926,7.555712
2025-01-21 21:00:00+00:00,352.30405,6.7205353
2025-01-21 22:00:00+00:00,345.17346,6.330782
2025-01-21 23:00:00+00:00,360.0,5.9399996
2025-01-22 00:00:00+00:00,10.304792,4.0249224
2025-01-22 01:00:00+00:00,21.801476,2.907989
2025-01-22 02:00:00+00:00,11.3098955,2.7534704
2025-01-22 03:00:00+00:00,23.629398,3.143565
2025-01-22 04:00:00+00:00,353.29025,3.0811036
2025-01-22 05:00:00+00:00,338.19852,3.8773184
2025-01-22 06:00:00+00:00,318.81415,3.8268526
2025-01-22 07:00:00+00:00,300.65057,5.6492476
2025-01-22 08:00:00+00:00,294.86368,8.133928
2025-01-22 09:00:00+00:00,299.62366,10.560341
2025-01-22 10:00:00+00:00,311.7602,13.513193
2025-01-22 11:00:00+00:00,322.3057,15.013554
2025-01-22 12:00:00+00:00,327.91785,14.233664
2025-01-22 13:00:00+00:00,330.8026,14.021525
2025-01-22 14:00:00+00:00,339.015,14.0734215
2025-01-22 15:00:00+00:00,346.30994,14.450537
2025-01-22 16:00:00+00:00,356.58347,12.081472
2025-01-22 17:00:00+00:00,4.1595626,9.926147
2025-01-22 18:00:00+00:00,11.093693,9.354806
2025-01-22 19:00:00+00:00,360.0,9.9
2025-01-22 20:00:00+00:00,360.0,10.440001
2025-01-22 21:00:00+00:00,353.88458,10.1376915
2025-01-22 22:00:00+00:00,347.77487,11.050591
2025-01-22 23:00:00+00:00,347.56046,12.534257
2025-01-23 00:00:00+00:00,352.87506,13.060857
2025-01-23 01:00:00+00:00,355.4623,11.375658
2025-01-23 02:00:00+00:00,357.31628,11.53265
2025-01-23 03:00:00+00:00,360.0,10.440001
2025-01-23 04:00:00+00:00,357.1845,10.993271
2025-01-23 05:00:00+00:00,351.99536,11.633348
2025-01-23 06:00:00+00:00,343.37915,12.585848
2025-01-23 07:00:00+00:00,336.7054,14.1102085
2025-01-23 08:00:00+00:00,327.22513,15.627897
2025-01-23 09:00:00+00:00,321.43472,17.035456
2025-01-23 10:00:00+00:00,322.8957,17.604149
2025-01-23 11:00:00+00:00,326.48196,16.62444
2025-01-23 12:00:00+00:00,329.39365,14.848635
2025-01-23 13:00:00+00:00,331.0204,13.374618
2025-01-23 14:00:00+00:00,344.7448,14.36621
2025-01-23 15:00:00+00:00,354.93646,14.275713
2025-01-23 16:00:00+00:00,358.38647,12.785069
2025-01-23 17:00:00+00:00,359.1575,12.241323
2025-01-23 18:00:00+00:00,3.3664,12.261158
2025-01-23 19:00:00+00:00,360.0,12.059999
2025-01-23 20:00:00+00:00,360.0,12.059999
2025-01-23 21:00:00+00:00,357.0892,10.63372
2025-01-23 22:00:00+00:00,353.54126,9.600937
2025-01-23 23:00:00+00:00,354.50775,9.403169
2025-01-24 00:00:00+00:00,357.45523,8.107996
2025-01-24 01:00:00+00:00,360.0,6.4799995
2025-01-24 02:00:00+00:00,5.0423646,6.1437774
2025-01-24 03:00:00+00:00,17.354122,6.0347
2025-01-24 04:00:00+00:00,22.61991,4.6800003
2025-01-24 05:00:00+00:00,11.3098955,3.671294
2025-01-24 06:00:00+00:00,340.3461,2.6758924
2025-01-24 07:00:00+00:00,293.49857,4.514377
2025-01-24 08:00:00+00:00,284.03625,7.42159
2025-01-24 09:00:00+00:00,287.7005,8.880405
2025-01-24 10:00:00+00:00,293.6294,9.430695
2025-01-24 11:00:00+00:00,302.7352,8.9873905
2025-01-24 12:00:00+00:00,315.7638,9.54679
2025-01-24 13:00:00+00:00,324.58286,9.939196
2025-01-24 14:00:00+00:00,336.3706,9.430695
2025-01-24 15:00:00+00:00,1.218852,8.461914
2025-01-24 16:00:00+00:00,12.875007,6.4624763
2025-01-24 17:00:00+00:00,18.435053,5.12289
2025-01-24 18:00:00+00:00,42.878906,3.4388947
2025-01-24 19:00:00+00:00,352.87506,1.4512063
2025-01-24 20:00:00+00:00,343.3007,1.8792552
2025-01-24 21:00:00+00:00,360.0,1.98
2025-01-24 22:00:00+00:00,354.2895,3.6179552
2025-01-24 23:00:00+00:00,9.462248,4.379589
2025-01-25 00:00:00+00:00,21.037588,5.0142193
2025-01-25 01:00:00+00:00,38.047092,5.257109
2025-01-25 02:00:00+00:00,53.972538,4.8965297
2025-01-25 03:00:00+00:00,57.380775,5.3426957
2025-01-25 04:00:00+00:00,71.564964,3.4152596
2025-01-25 05:00:00+00:00,126.86998,2.6999998
2025-01-25 06:00:00+00:00,186.70975,3.0811036
2025-01-25 07:00:00+00:00,251.56496,5.6920996
2025-01-25 08:00:00+00:00,266.26868,8.297589
2025-01-25 09:00:00+00:00,275.59924,9.224011
2025-01-25 10:00:00+00:00,291.03757,10.028439
2025-01-25 11:00:00+00:00,298.76755,10.472535
2025-01-25 12:00:00+00:00,317.02136,10.825469
2025-01-25 13:00:00+00:00,328.3246,9.9408245
2025-01-25 14:00:00+00:00,336.0375,10.636766
2025-01-25 15:00:00+00:00,340.6651,10.873251
2025-01-25 16:00:00+00:00,15.945463,9.172938
2025-01-25 17:00:00+00:00,31.701384,7.193247
2025-01-25 18:00:00+00:00,30.963696,6.297428
2025-01-25 19:00:00+00:00,24.623547,4.7521367
2025-01-25 20:00:00+00:00,360.0,5.2200003
2025-01-25 21:00:00+00:00,6.9111314,5.9834766
2025-01-25 22:00:00+00:00,11.633606,6.2483597
2025-01-25 23:00:00+00:00,351.15826,8.197414
2025-01-26 00:00:00+00:00,2.6629453,7.748368
2025-01-26 01:00:00+00:00,10.175456,7.1321807
2025-01-26 02:00:00+00:00,29.5387,6.2067385
2025-01-26 03:00:00+00:00,56.768288,6.2405767
2025-01-26 04:00:00+00:00,37.875053,4.1046314
2025-01-26 05:00:00+00:00,34.50859,3.494968
2025-01-26 06:00:00+00:00,315.0001,0.76367533
2025-01-26 07:00:00+00:00,276.3401,4.8899083
2025-01-26 08:00:00+00:00,277.81522,9.266067
2025-01-26 09:00:00+00:00,283.0693,10.3480425
2025-01-26 10:00:00+00:00,292.16638,10.495713
2025-01-26 11:00:00+00:00,304.24908,10.234705
2025-01-26 12:00:00+00:00,313.69812,11.203464
2025-01-26 13:00:00+00:00,322.206,11.161451
2025-01-26 14:00:00+00:00,322.92685,10.152064
2025-01-26 15:00:00+00:00,334.53668,8.373386
2025-01-26 16:00:00+00:00,15.018415,7.6409945
2025-01-26 17:00:00+00:00,8.130019,6.3639607
2025-01-26 18:00:00+00:00,2.2025495,4.6834598
2025-01-26 19:00:00+00:00,342.34976,4.1556225
2025-01-26 20:00:00+00:00,333.43503,5.2323985
2025-01-26 21:00:00+00:00,337.1663,7.42159
2025-01-26 22:00:00+00:00,351.15826,8.197414
2025-01-26 23:00:00+00:00,3.46817,5.950899
2025-01-27 00:00:00+00:00,6.1154146,5.0688457
2025-01-27 01:00:00+00:00,357.13766,3.604497
2025-01-27 02:00:00+00:00,14.036275,2.968636
2025-01-27 03:00:00+00:00,23.198618,4.1125174
2025-01-27 04:00:00+00:00,29.357658,3.3043609
2025-01-27 05:00:00+00:00,356.186,2.7059932
2025-01-27 06:00:00+00:00,311.82007,4.5891175
2025-01-27 07:00:00+00:00,304.8754,7.2403865
2025-01-27 08:00:00+00:00,298.00906,9.582358
2025-01-27 09:00:00+00:00,299.4071,11.364259
2025-01-27 10:00:00+00:00,305.53775,12.387348
2025-01-27 11:00:00+00:00,312.16583,12.870944
2025-01-27 12:00:00+00:00,324.9405,12.534257
2025-01-27 13:00:00+00:00,324.3601,11.738705
2025-01-27 14:00:00+00:00,329.18436,11.9466305
2025-01-27 15:00:00+00:00,336.90314,13.306615
2025-01-27 16:00:00+00:00,344.66666,11.571914
2025-01-27 17:00:00+00:00,355.68405,9.567131
2025-01-27 18:00:00+00:00,3.0127327,6.849467
2025-01-27 19:00:00+00:00,7.12493,4.353619
2025-01-27 20:00:00+00:00,352.23492,3.9966488
2025-01-27 21:00:00+00:00,325.17545,5.0432134
2025-01-27 22:00:00+00:00,345.9637,5.937272
2025-01-27 23:00:00+00:00,354.09393,5.2478566
2025-01-28 00:00:00+00:00,352.23492,3.9966488
2025-01-28 01:00:00+00:00,339.44388,4.613762
2025-01-28 02:00:00+00:00,349.11453,4.7657523
2025-01-28 03:00:00+00:00,8.746089,4.73506
2025-01-28 04:00:00+00:00,3.179772,3.244996
2025-01-28 05:00:00+00:00,315.0001,2.0364676
2025-01-28 06:00:00+00:00,284.5345,5.020677
2025-01-28 07:00:00+00:00,297.84747,10.7894945
2025-01-28 08:00:00+00:00,306.34756,11.844492
2025-01-28 09:00:00+00:00,305.21768,11.236671
2025-01-28 10:00:00+00:00,300.11365,10.404249
2025-01-28 11:00:00+00:00,299.87592,9.7565975
2025-01-28 12:00:00+00:00,307.56866,8.856658
2025-01-28 13:00:00+00:00,306.25394,6.696387
2025-01-28 14:00:00+00:00,318.36655,6.502461
2025-01-28 15:00:00+00:00,329.65683,8.55142
2025-01-28 16:00:00+00:00,337.1663,7.42159
2025-01-28 17:00:00+00:00,23.962492,3.5455887
2025-01-28 18:00:00+00:00,52.431335,2.9522195
2025-01-28 19:00:00+00:00,28.072395,3.06
2025-01-28 20:00:00+00:00,9.462261,3.2846913
2025-01-28 21:00:00+00:00,6.0089183,3.438895
2025-01-28 22:00:00+00:00,354.55975,3.7971036
2025-01-28 23:00:00+00:00,355.03033,4.1556225
2025-01-29 00:00:00+00:00,357.6141,4.323748
2025-01-29 01:00:00+00:00,355.42615,4.514377
2025-01-29 02:00:00+00:00,357.87894,4.8633323
2025-01-29 03:00:00+00:00,13.5704565,5.3699164
2025-01-29 04:00:00+00:00,6.842679,4.5322843
2025-01-29 05:00:00+00:00,336.0375,5.318383
2025-01-29 06:00:00+00:00,310.2363,6.1305785
2025-01-29 07:00:00+00:00,295.40768,7.970972
2025-01-29 08:00:00+00:00,294.77512,10.30883
2025-01-29 09:00:00+00:00,301.72354,11.638917
2025-01-29 10:00:00+00:00,307.36673,12.456468
2025-01-29 11:00:00+00:00,315.0001,12.7279215
2025-01-29 12:00:00+00:00,322.792,12.204212
2025-01-29 13:00:00+00:00,325.0805,11.634741
2025-01-29 14:00:00+00:00,334.2901,10.787993
2025-01-29 15:00:00+00:00,337.30615,10.730778
2025-01-29 16:00:00+00:00,345.25638,10.609316
2025-01-29 17:00:00+00:00,352.47626,9.6228485
2025-01-29 18:00:00+00:00,8.325568,7.458606
2025-01-29 19:00:00+00:00,1.9748993,5.223103
2025-01-29 20:00:00+00:00,349.11453,4.7657523
2025-01-29 21:00:00+00:00,343.49554,5.068846
2025-01-29 22:00:00+00:00,341.02948,6.0908127
2025-01-29 23:00:00+00:00,347.79953,6.8138976
2025-01-30 00:00:00+00:00,355.23645,6.5024605
2025-01-30 01:00:00+00:00,358.40887,6.482499
2025-01-30 02:00:00+00:00,4.6353807,6.6818557
2025-01-30 03:00:00+00:00,12.528798,6.638072
2025-01-30 04:00:00+00:00,18.435053,3.9844694
2025-01-30 05:00:00+00:00,3.8140097,2.7059932
2025-01-30 06:00:00+00:00,276.3401,1.6299692
2025-01-30 07:00:00+00:00,273.814,5.4119864
2025-01-30 08:00:00+00:00,289.79895,9.565437
2025-01-30 09:00:00+00:00,299.62366,10.560341
2025-01-30 10:00:00+00:00,309.09384,11.132385
2025-01-30 11:00:00+00:00,317.54483,11.466438
2025-01-30 12:00:00+00:00,323.13,11.7
2025-01-30 13:00:00+00:00,327.38077,10.685391
2025-01-30 14:00:00+00:00,333.43503,10.062305
2025-01-30 15:00:00+00:00,340.6651,10.873251
2025-01-30 16:00:00+00:00,344.93146,9.6932955
2025-01-30 17:00:00+00:00,344.3577,9.346143
2025-01-30 18:00:00+00:00,348.6901,9.178235
2025-01-30 19:00:00+00:00,350.53775,7.6642804
2025-01-30 20:00:00+00:00,349.21573,7.69592
2025-01-30 21:00:00+00:00,354.17374,8.865799
2025-01-30 22:00:00+00:00,358.75467,8.281956
2025-01-30 23:00:00+00:00,6.0089183,6.87779
2025-01-31 00:00:00+00:00,4.398633,7.040739
2025-01-31 01:00:00+00:00,1.9748993,5.223103
2025-01-31 02:00:00+00:00,2.2025495,4.6834598
2025-01-31 03:00:00+00:00,14.036275,5.937272
2025-01-31 04:00:00+00:00,12.804273,4.060985
2025-01-31 05:00:00+00:00,337.6198,3.3092597
2025-01-31 06:00:00+00:00,300.96368,5.2478566
2025-01-31 07:00:00+00:00,289.1791,8.766573
2025-01-31 08:00:00+00:00,289.59238,11.272657
2025-01-31 09:00:00+00:00,296.56497,12.074766
2025-01-31 10:00:00+00:00,303.91745,12.5807
2025-01-31 11:00:00+00:00,309.5881,12.145665
2025-01-31 12:00:00+00:00,313.72705,11.457958
2025-01-31 13:00:00+00:00,320.4119,12.145665
2025-01-31 14:00:00+00:00,324.9405,12.534257
2025-01-31 15:00:00+00:00,330.72482,13.619471
2025-01-31 16:00:00+00:00,339.64667,11.903159
2025-01-31 17:00:00+00:00,358.727,8.101999
2025-01-31 18:00:00+00:00,17.354122,6.0347
2025-01-31 19:00:00+00:00,21.801476,4.846648
2025-01-31 20:00:00+00:00,18.435053,4.5536795
2025-01-31 21:00:00+00:00,19.290138,3.8141315
2025-01-31 22:00:00+00:00,7.7650824,3.9966488
2025-01-31 23:00:00+00:00,10.885482,4.7657523
2025-02-01 00:00:00+00:00,17.744766,4.724786
2025-02-01 01:00:00+00:00,6.3401003,4.8899083
2025-02-01 02:00:00+00:00,14.470333,5.7628117
2025-02-01 03:00:00+00:00,25.820946,6.198903
2025-02-01 04:00:00+00:00,24.904745,5.5567255
2025-02-01 05:00:00+00:00,27.645891,4.2671766
2025-02-01 06:00:00+00:00,340.3461,2.6758924
2025-02-01 07:00:00+00:00,306.57312,6.9480934
2025-02-01 08:00:00+00:00,308.2902,13.072015
2025-02-01 09:00:00+00:00,315.46576,15.655861
2025-02-01 10:00:00+00:00,320.6176,15.602999
2025-02-01 11:00:00+00:00,322.85324,14.904173
2025-02-01 12:00:00+00:00,327.09476,14.57889
2025-02-01 13:00:00+00:00,331.9756,12.642357
2025-02-01 14:00:00+00:00,337.12628,12.5032
2025-02-01 15:00:00+00:00,345.5792,13.009903
2025-02-01 16:00:00+00:00,349.8458,12.2519045
2025-02-01 17:00:00+00:00,351.87,11.45513
2025-02-01 18:00:00+00:00,356.0549,10.464798
2025-02-01 19:00:00+00:00,8.325568,7.458606
2025-02-01 20:00:00+00:00,12.339083,5.896202
2025-02-01 21:00:00+00:00,348.95908,7.519175
2025-02-01 22:00:00+00:00,340.9064,9.904906
2025-02-01 23:00:00+00:00,349.07724,10.449306
2025-02-02 00:00:00+00:00,360.0,9.54
2025-02-02 01:00:00+00:00,357.3975,7.928178
2025-02-02 02:00:00+00:00,7.495768,6.898956
2025-02-02 03:00:00+00:00,17.92802,6.4323244
2025-02-02 04:00:00+00:00,18.435053,4.5536795
2025-02-02 05:00:00+00:00,360.0,3.7799997
2025-02-02 06:00:00+00:00,320.1945,5.6233797
2025-02-02 07:00:00+00:00,314.21527,9.292254
2025-02-02 08:00:00+00:00,313.1524,11.843124
2025-02-02 09:00:00+00:00,313.39404,13.624228
2025-02-02 10:00:00+00:00,315.0001,14.255272
2025-02-02 11:00:00+00:00,321.34018,13.830749
2025-02-02 12:00:00+00:00,326.74564,13.130133
2025-02-02 13:00:00+00:00,326.08252,12.5807
2025-02-02 14:00:00+00:00,329.74365,12.503199
2025-02-02 15:00:00+00:00,341.3232,13.4903965
2025-02-02 16:00:00+00:00,351.38443,12.015589
2025-02-02 17:00:00+00:00,355.76367,9.746631
2025-02-02 18:00:00+00:00,349.99207,9.321845
2025-02-02 19:00:00+00:00,347.4712,8.297589
2025-02-02 20:00:00+00:00,352.87506,5.8048253
2025-02-02 21:00:00+00:00,360.0,4.5
2025-02-02 22:00:00+00:00,355.03033,4.1556225
2025-02-02 23:00:00+00:00,339.6768,5.1826253
2025-02-03 00:00:00+00:00,344.2913,5.983477
2025-02-03 01:00:00+00:00,2.1210518,4.8633323
2025-02-03 02:00:00+00:00,17.650223,4.1556225
2025-02-03 03:00:00+00:00,2.0453732,5.0432134
2025-02-03 04:00:00+00:00,335.43283,6.9270773
2025-02-03 05:00:00+00:00,327.6804,10.436895
2025-02-03 06:00:00+00:00,320.30096,12.399113
2025-02-03 07:00:00+00:00,313.95847,14.003028
2025-02-03 08:00:00+00:00,312.27362,16.055355
2025-02-03 09:00:00+00:00,313.29022,17.063011
2025-02-03 10:00:00+00:00,315.43073,16.928614
2025-02-03 11:00:00+00:00,316.35312,16.16897
2025-02-03 12:00:00+00:00,321.2258,14.083778
2025-02-03 13:00:00+00:00,328.44867,12.039833
2025-02-03 14:00:00+00:00,338.02542,11.063778
2025-02-03 15:00:00+00:00,347.24246,9.781473
2025-02-03 16:00:00+00:00,16.699326,7.5170207
2025-02-03 17:00:00+00:00,1.5911111,6.482499
2025-02-03 18:00:00+00:00,355.48608,6.8612823
2025-02-03 19:00:00+00:00,1.5911111,6.482499
2025-02-03 20:00:00+00:00,3.5762644,5.771239
2025-02-03 21:00:00+00:00,356.0549,5.232399
2025-02-03 22:00:00+00:00,2.0453732,5.0432134
2025-02-03 23:00:00+00:00,22.833694,3.710795
2025-02-04 00:00:00+00:00,22.380184,3.3092597
2025-02-04 01:00:00+00:00,346.42953,5.3699164
2025-02-04 02:00:00+00:00,352.30405,6.7205353
2025-02-04 03:00:00+00:00,357.13766,7.208994
2025-02-04 04:00:00+00:00,341.9656,8.139901
2025-02-04 05:00:00+00:00,339.77505,7.289444
2025-02-04 06:00:00+00:00,324.11777,10.441551
2025-02-04 07:00:00+00:00,316.27295,11.457958
2025-02-04 08:00:00+00:00,308.79657,11.778658
2025-02-04 09:00:00+00:00,304.59235,12.682018
2025-02-04 10:00:00+00:00,307.01996,13.752047
2025-02-04 11:00:00+00:00,313.39404,13.624228
2025-02-04 12:00:00+00:00,318.60855,14.156058
2025-02-04 13:00:00+00:00,327.26477,14.978984
2025-02-04 14:00:00+00:00,329.8587,12.904882
2025-02-04 15:00:00+00:00,345.78412,13.926464
2025-02-04 16:00:00+00:00,353.4803,12.682018
2025-02-04 17:00:00+00:00,357.22983,11.173057
2025-02-04 18:00:00+00:00,355.91446,10.105681
2025-02-04 19:00:00+00:00,355.76367,9.746631
2025-02-04 20:00:00+00:00,358.12216,10.9859
2025-02-04 21:00:00+00:00,358.26434,11.885453
2025-02-04 22:00:00+00:00,359.18155,12.601285
2025-02-04 23:00:00+00:00,0.81843907,12.601285
2025-02-05 00:00:00+00:00,360.0,13.32
2025-02-05 01:00:00+00:00,358.33975,12.425216
2025-02-05 02:00:00+00:00,3.8784592,10.644379
2025-02-05 03:00:00+00:00,1.0608971,9.721666
2025-02-05 04:00:00+00:00,356.186,10.823973
2025-02-05 05:00:00+00:00,354.3825,11.032987
2025-02-05 06:00:00+00:00,349.21573,11.543881
2025-02-05 07:00:00+00:00,338.3555,12.20023
2025-02-05 08:00:00+00:00,326.5138,14.028457
2025-02-05 09:00:00+00:00,319.26797,17.10284
2025-02-05 10:00:00+00:00,320.63068,18.161278
2025-02-05 11:00:00+00:00,324.21094,19.083395
2025-02-05 12:00:00+00:00,328.4311,17.534992
2025-02-05 13:00:00+00:00,329.89877,14.356058
2025-02-05 14:00:00+00:00,342.43964,14.915039
2025-02-05 15:00:00+00:00,347.54175,15.85329
2025-02-05 16:00:00+00:00,353.9911,13.75558
2025-02-05 17:00:00+00:00,352.7758,12.882267
2025-02-05 18:00:00+00:00,357.22983,11.173057
2025-02-05 19:00:00+00:00,354.89792,10.120098
2025-02-05 20:00:00+00:00,350.98074,11.481968
2025-02-05 21:00:00+00:00,352.9988,10.337079
2025-02-05 22:00:00+00:00,351.15826,8.197414
2025-02-05 23:00:00+00:00,350.78906,6.7469993
2025-02-06 00:00:00+00:00,356.53183,5.950899
2025-02-06 01:00:00+00:00,353.88458,5.0688457
2025-02-06 02:00:00+00:00,23.198618,4.1125174
2025-02-06 03:00:00+00:00,11.689341,5.3305535
2025-02-06 04:00:00+00:00,4.5738406,4.514377
2025-02-06 05:00:00+00:00,355.42615,4.514377
2025-02-06 06:00:00+00:00,335.37646,4.7521367
2025-02-06 07:00:00+00:00,315.97092,7.5105524
2025-02-06 08:00:00+00:00,304.28693,9.585739
2025-02-06 09:00:00+00:00,304.18616,11.53265
2025-02-06 10:00:00+00:00,304.91946,11.634741
2025-02-06 11:00:00+00:00,312.614,12.229406
2025-02-06 12:00:00+00:00,316.2188,11.966954
2025-02-06 13:00:00+00:00,322.27493,12.061343
2025-02-06 14:00:00+00:00,333.79996,12.638513
2025-02-06 15:00:00+00:00,338.36905,11.230904
2025-02-06 16:00:00+00:00,4.969664,8.311245
2025-02-06 17:00:00+00:00,46.332153,5.4744864
2025-02-06 18:00:00+00:00,46.73567,4.2021427
2025-02-06 19:00:00+00:00,360.0,2.8799999
2025-02-06 20:00:00+00:00,332.1028,3.4623692
2025-02-06 21:00:00+00:00,336.2505,4.91634
2025-02-06 22:00:00+00:00,348.3664,6.2483597
2025-02-06 23:00:00+00:00,29.744795,4.3536186
2025-02-07 00:00:00+00:00,41.82009,4.5891175
2025-02-07 01:00:00+00:00,49.236485,6.8919086
2025-02-07 02:00:00+00:00,46.12322,6.4924874
2025-02-07 03:00:00+00:00,13.627024,6.1120534
2025-02-07 04:00:00+00:00,7.7650824,3.9966488
2025-02-07 05:00:00+00:00,26.564985,2.8174455
2025-02-07 06:00:00+00:00,326.3099,0.6489992
2025-02-07 07:00:00+00:00,254.74483,2.0523157
2025-02-07 08:00:00+00:00,255.61856,7.247096
2025-02-07 09:00:00+00:00,262.61404,9.801326
2025-02-07 10:00:00+00:00,270.0,9.72
2025-02-07 11:00:00+00:00,282.42593,10.874741
2025-02-07 12:00:00+00:00,305.65543,10.1902895
2025-02-07 13:00:00+00:00,328.24057,8.891343
2025-02-07 14:00:00+00:00,337.4794,7.989242
2025-02-07 15:00:00+00:00,346.2637,8.338489
2025-02-07 16:00:00+00:00,26.564985,4.829907
2025-02-07 17:00:00+00:00,360.0,4.5
2025-02-07 18:00:00+00:00,7.12493,2.9024127
2025-02-07 19:00:00+00:00,146.3099,0.6489992
2025-02-07 20:00:00+00:00,206.56499,0.8049845
2025-02-07 21:00:00+00:00,360.0,0.35999998
2025-02-07 22:00:00+00:00,44.999897,0.25455844
2025-02-07 23:00:00+00:00,44.999897,1.2727921
2025-02-08 00:00:00+00:00,8.746089,2.36753
2025-02-08 01:00:00+00:00,30.068504,3.9518096
2025-02-08 02:00:00+00:00,49.398785,4.978554
2025-02-08 03:00:00+00:00,59.620956,6.050785
2025-02-08 04:00:00+00:00,67.75093,4.278551
2025-02-08 05:00:00+00:00,82.875084,2.9024127
2025-02-08 06:00:00+00:00,284.03625,1.484318
2025-02-08 07:00:00+00:00,288.92474,6.66
2025-02-08 08:00:00+00:00,294.7024,9.906544
2025-02-08 09:00:00+00:00,301.60745,10.990322
2025-02-08 10:00:00+00:00,306.15826,11.592894
2025-02-08 11:00:00+00:00,307.56866,11.808878
2025-02-08 12:00:00+00:00,316.8476,11.843124
2025-02-08 13:00:00+00:00,327.72437,12.13499
2025-02-08 14:00:00+00:00,334.25934,11.190442
2025-02-08 15:00:00+00:00,331.9756,12.642357
2025-02-08 16:00:00+00:00,355.7947,12.273043
2025-02-08 17:00:00+00:00,26.029541,8.61371
2025-02-08 18:00:00+00:00,55.713078,4.7928696
2025-02-08 19:00:00+00:00,41.63345,4.3349743
2025-02-08 20:00:00+00:00,16.389616,3.189608
2025-02-08 21:00:00+00:00,328.39255,2.7475805
2025-02-08 22:00:00+00:00,324.6887,5.293959
2025-02-08 23:00:00+00:00,331.6071,7.570707
2025-02-09 00:00:00+00:00,332.9495,9.499158
2025-02-09 01:00:00+00:00,351.52893,8.553314
2025-02-09 02:00:00+00:00,6.9528637,7.4346757
2025-02-09 03:00:00+00:00,6.0089183,6.87779
2025-02-09 04:00:00+00:00,5.527458,5.6060677
2025-02-09 05:00:00+00:00,355.76367,4.8733153
2025-02-09 06:00:00+00:00,325.71307,4.7928696
2025-02-09 07:00:00+00:00,297.75842,7.729527
2025-02-09 08:00:00+00:00,294.90472,11.113451
2025-02-09 09:00:00+00:00,299.44534,12.815443
2025-02-09 10:00:00+00:00,307.9422,13.466357
2025-02-09 11:00:00+00:00,315.0001,12.98248
2025-02-09 12:00:00+00:00,322.0578,13.466357
2025-02-09 13:00:00+00:00,326.91513,14.178927
2025-02-09 14:00:00+00:00,333.43503,13.684735
2025-02-09 15:00:00+00:00,336.41296,13.945064
2025-02-09 16:00:00+00:00,346.94473,12.74954
2025-02-09 17:00:00+00:00,359.09064,11.341428
2025-02-09 18:00:00+00:00,18.435053,7.3997297
2025-02-09 19:00:00+00:00,358.4926,6.8423676
2025-02-09 20:00:00+00:00,347.4712,8.297589
2025-02-09 21:00:00+00:00,336.5014,9.028754
2025-02-09 22:00:00+00:00,344.84586,8.951267
2025-02-09 23:00:00+00:00,342.18103,10.587917
2025-02-10 00:00:00+00:00,344.57776,10.829959
2025-02-10 01:00:00+00:00,350.8699,10.209348
2025-02-10 02:00:00+00:00,2.1210518,9.726665
2025-02-10 03:00:00+00:00,15.018415,7.6409945
2025-02-10 04:00:00+00:00,23.198618,5.4833565
2025-02-10 05:00:00+00:00,7.3522935,5.6262593
2025-02-10 06:00:00+00:00,344.7448,6.1569467
2025-02-10 07:00:00+00:00,307.99878,7.3094187
2025-02-10 08:00:00+00:00,292.47946,11.298495
2025-02-10 09:00:00+00:00,298.5513,13.934605
2025-02-10 10:00:00+00:00,306.5912,14.796175
2025-02-10 11:00:00+00:00,311.93344,14.275713
2025-02-10 12:00:00+00:00,320.8696,13.690654
2025-02-10 13:00:00+00:00,325.40765,12.682018
2025-02-10 14:00:00+00:00,329.30035,13.397612
2025-02-10 15:00:00+00:00,332.81897,14.973577
2025-02-10 16:00:00+00:00,336.529,14.913952
2025-02-10 17:00:00+00:00,341.56494,14.230248
2025-02-10 18:00:00+00:00,355.9859,10.285232
2025-02-10 19:00:00+00:00,29.931421,6.854195
2025-02-10 20:00:00+00:00,17.102825,4.896529
2025-02-10 21:00:00+00:00,356.3087,5.5916004
2025-02-10 22:00:00+00:00,347.79953,6.8138976
2025-02-10 23:00:00+00:00,345.06854,8.383054
2025-02-11 00:00:00+00:00,356.26868,8.297589
2025-02-11 01:00:00+00:00,7.695961,6.7205353
2025-02-11 02:00:00+00:00,12.200457,6.8138976
2025-02-11 03:00:00+00:00,8.325568,7.458606
2025-02-11 04:00:00+00:00,3.2704222,6.310277
2025-02-11 05:00:00+00:00,349.99207,6.2145634
2025-02-11 06:00:00+00:00,328.39255,8.242743
2025-02-11 07:00:00+00:00,313.56796,10.185519
2025-02-11 08:00:00+00:00,304.9921,13.18308
2025-02-11 09:00:00+00:00,312.22974,15.801087
2025-02-11 10:00:00+00:00,316.3971,15.659999
2025-02-11 11:00:00+00:00,317.29062,15.922626
2025-02-11 12:00:00+00:00,324.0714,15.338071
2025-02-11 13:00:00+00:00,325.45157,13.33094
2025-02-11 14:00:00+00:00,331.1893,12.325728
2025-02-11 15:00:00+00:00,338.34393,13.169556
2025-02-11 16:00:00+00:00,342.96216,11.672275
2025-02-11 17:00:00+00:00,347.90527,10.308831
2025-02-11 18:00:00+00:00,349.59235,8.967541
2025-02-11 19:00:00+00:00,348.6901,9.178235
2025-02-11 20:00:00+00:00,350.53775,9.854075
2025-02-11 21:00:00+00:00,354.09393,10.495713
2025-02-11 22:00:00+00:00,352.9988,10.337079
2025-02-11 23:00:00+00:00,357.83896,9.54679
2025-02-12 00:00:00+00:00,360.0,8.64
2025-02-12 01:00:00+00:00,6.7888846,7.613382
2025-02-12 02:00:00+00:00,14.743609,7.072878
2025-02-12 03:00:00+00:00,22.988754,6.452441
2025-02-12 04:00:00+00:00,15.945477,5.2416787
2025-02-12 05:00:00+00:00,10.175456,7.1321807
2025-02-12 06:00:00+00:00,360.0,8.82
2025-02-12 07:00:00+00:00,341.56494,10.24578
2025-02-12 08:00:00+00:00,328.60977,12.440851
2025-02-12 09:00:00+00:00,315.98767,14.766584
2025-02-12 10:00:00+00:00,313.5798,15.405519
2025-02-12 11:00:00+00:00,318.01285,14.529915
2025-02-12 12:00:00+00:00,319.23648,13.783817
2025-02-12 13:00:00+00:00,327.46497,12.383424
2025-02-12 14:00:00+00:00,338.6631,12.367716
2025-02-12 15:00:00+00:00,346.53476,13.1412325
2025-02-12 16:00:00+00:00,352.46063,12.346741
2025-02-12 17:00:00+00:00,357.31628,11.53265
2025-02-12 18:00:00+00:00,360.0,11.5199995
2025-02-12 19:00:00+00:00,358.33975,12.425216
2025-02-12 20:00:00+00:00,2.6837227,11.53265
2025-02-12 21:00:00+00:00,4.398633,9.3876505
2025-02-12 22:00:00+00:00,2.2905633,9.007196
2025-02-12 23:00:00+00:00,5.599257,9.224011
2025-02-13 00:00:00+00:00,9.462248,9.854075
2025-02-13 01:00:00+00:00,22.520613,7.989242
2025-02-13 02:00:00+00:00,32.275623,8.0899935
2025-02-13 03:00:00+00:00,37.146767,7.4520864
2025-02-13 04:00:00+00:00,29.744795,5.8048253
2025-02-13 05:00:00+00:00,20.323217,5.1826253
2025-02-13 06:00:00+00:00,8.746089,4.73506
2025-02-13 07:00:00+00:00,334.98312,5.95906
2025-02-13 08:00:00+00:00,317.41956,9.044888
2025-02-13 09:00:00+00:00,309.8055,12.652604
2025-02-13 10:00:00+00:00,312.5104,14.650938
2025-02-13 11:00:00+00:00,311.12137,15.053425
2025-02-13 12:00:00+00:00,325.2039,12.932471
2025-02-13 13:00:00+00:00,325.84024,12.181624
2025-02-13 14:00:00+00:00,339.90466,15.716793
2025-02-13 15:00:00+00:00,347.76392,15.287288
2025-02-13 16:00:00+00:00,355.06085,14.634343
2025-02-13 17:00:00+00:00,356.55267,14.967083
2025-02-13 18:00:00+00:00,357.20734,14.77755
2025-02-13 19:00:00+00:00,1.5693227,13.14493
2025-02-13 20:00:00+00:00,2.4194627,12.791403
2025-02-13 21:00:00+00:00,4.5376954,11.375658
2025-02-13 22:00:00+00:00,9.2932415,10.03167
2025-02-13 23:00:00+00:00,16.26028,9.0
2025-02-14 00:00:00+00:00,19.983198,8.427383
2025-02-14 01:00:00+00:00,31.504223,6.544677
2025-02-14 02:00:00+00:00,38.884502,7.1684303
2025-02-14 03:00:00+00:00,37.64769,7.9567327
2025-02-14 04:00:00+00:00,31.827414,6.1437774
2025-02-14 05:00:00+00:00,28.178495,5.7176566
2025-02-14 06:00:00+00:00,360.0,4.5
2025-02-14 07:00:00+00:00,324.24603,5.5450516
2025-02-14 08:00:00+00:00,303.6901,10.383987
2025-02-14 09:00:00+00:00,307.16455,14.004185
2025-02-14 10:00:00+00:00,309.19327,15.096411
2025-02-14 11:00:00+00:00,317.15298,16.940096
2025-02-14 12:00:00+00:00,331.8215,17.15297
2025-02-14 13:00:00+00:00,332.57135,16.021011
2025-02-14 14:00:00+00:00,341.0457,18.841623
2025-02-14 15:00:00+00:00,347.17123,18.64543
2025-02-14 16:00:00+00:00,358.76804,16.743872
2025-02-14 17:00:00+00:00,3.447324,14.967083
2025-02-14 18:00:00+00:00,3.5322235,14.607751
2025-02-14 19:00:00+00:00,8.130019,12.7279215
2025-02-14 20:00:00+00:00,20.806877,9.627896
2025-02-14 21:00:00+00:00,34.8754,7.2403865
2025-02-14 22:00:00+00:00,33.6901,6.489992
2025-02-14 23:00:00+00:00,26.564985,5.2323985
2025-02-15 00:00:00+00:00,10.885482,4.7657523
2025-02-15 01:00:00+00:00,9.865748,4.2021422
2025-02-15 02:00:00+00:00,13.134034,5.5450516
2025-02-15 03:00:00+00:00,21.801476,6.7853074
2025-02-15 04:00:00+00:00,26.564985,4.4274144
2025-02-15 05:00:00+00:00,32.275623,4.0449967
2025-02-15 06:00:00+00:00,3.3664,3.0652895
2025-02-15 07:00:00+00:00,310.10083,4.471107
2025-02-15 08:00:00+00:00,303.147,10.534229
2025-02-15 09:00:00+00:00,308.43732,14.477417
2025-02-15 10:00:00+00:00,316.73566,16.80857
2025-02-15 11:00:00+00:00,323.36578,17.49615
2025-02-15 12:00:00+00:00,329.84003,15.405519
2025-02-15 13:00:00+00:00,330.5242,14.266632
2025-02-15 14:00:00+00:00,335.97348,16.357237
2025-02-15 15:00:00+00:00,339.60504,14.978986
2025-02-15 16:00:00+00:00,346.14856,13.533558
2025-02-15 17:00:00+00:00,1.0809096,9.5416975
2025-02-15 18:00:00+00:00,18.970512,6.0908127
2025-02-15 19:00:00+00:00,360.0,5.3999996
2025-02-15 20:00:00+00:00,342.80136,7.9138603
2025-02-15 21:00:00+00:00,350.36252,9.67657
2025-02-15 22:00:00+00:00,354.40076,9.224011
2025-02-15 23:00:00+00:00,358.75467,8.281956
2025-02-16 00:00:00+00:00,14.826528,6.330782
2025-02-16 01:00:00+00:00,12.528798,4.9785542
2025-02-16 02:00:00+00:00,29.248732,5.1575575
2025-02-16 03:00:00+00:00,22.109503,6.21717
2025-02-16 04:00:00+00:00,1.7898695,5.7628117
2025-02-16 05:00:00+00:00,347.3196,7.3799996
2025-02-16 06:00:00+00:00,349.28693,6.778141
2025-02-16 07:00:00+00:00,325.1246,7.2403865
2025-02-16 08:00:00+00:00,305.31128,10.587918
2025-02-16 09:00:00+00:00,305.80344,13.538345
2025-02-16 10:00:00+00:00,313.1817,16.045261
2025-02-16 11:00:00+00:00,320.7106,15.349684
2025-02-16 12:00:00+00:00,325.17545,15.12964
2025-02-16 13:00:00+00:00,326.52368,13.379461
2025-02-16 14:00:00+00:00,330.6901,11.7662735
2025-02-16 15:00:00+00:00,335.85446,11.440979
2025-02-16 16:00:00+00:00,341.2,8.936777
2025-02-16 17:00:00+00:00,334.72232,7.16617
2025-02-16 18:00:00+00:00,348.11136,6.9899354
2025-02-16 19:00:00+00:00,354.50775,9.403169
2025-02-16 20:00:00+00:00,2.6629453,7.748368
2025-02-16 21:00:00+00:00,23.428713,5.8852015
2025-02-16 22:00:00+00:00,36.38445,4.2481523
2025-02-16 23:00:00+00:00,25.463305,4.186693
2025-02-17 00:00:00+00:00,35.837746,3.9966483
2025-02-17 01:00:00+00:00,17.354122,3.01735
2025-02-17 02:00:00+00:00,347.00537,4.802999
2025-02-17 03:00:00+00:00,352.30405,6.7205353
2025-02-17 04:00:00+00:00,4.5738406,4.514377
2025-02-17 05:00:00+00:00,352.87506,5.8048253
2025-02-17 06:00:00+00:00,341.56494,6.2613096
2025-02-17 07:00:00+00:00,326.3099,6.489992
2025-02-17 08:00:00+00:00,303.43988,11.43248
2025-02-17 09:00:00+00:00,306.60718,15.696165
2025-02-17 10:00:00+00:00,313.31537,17.31746
2025-02-17 11:00:00+00:00,319.7637,15.3264475
2025-02-17 12:00:00+00:00,322.98004,13.752047
2025-02-17 13:00:00+00:00,329.16223,14.045767
2025-02-17 14:00:00+00:00,336.0375,15.955151
2025-02-17 15:00:00+00:00,343.0446,15.430736
2025-02-17 16:00:00+00:00,354.95764,12.287555
2025-02-17 17:00:00+00:00,9.619657,10.7714615
2025-02-17 18:00:00+00:00,352.61404,9.801326
2025-02-17 19:00:00+00:00,352.87506,10.158444
2025-02-17 20:00:00+00:00,351.87,10.182337
2025-02-17 21:00:00+00:00,352.01077,10.360559
2025-02-17 22:00:00+00:00,352.87506,8.707238
2025-02-17 23:00:00+00:00,353.79663,8.32877
2025-02-18 00:00:00+00:00,351.34753,8.37532
2025-02-18 01:00:00+00:00,351.46933,10.920824
2025-02-18 02:00:00+00:00,5.102074,10.120098
2025-02-18 03:00:00+00:00,23.025528,7.823272
2025-02-18 04:00:00+00:00,30.579157,4.599695
2025-02-18 05:00:00+00:00,12.094739,5.1544156
2025-02-18 06:00:00+00:00,348.6901,6.424764
2025-02-18 07:00:00+00:00,323.13,8.099999
2025-02-18 08:00:00+00:00,309.69904,12.399113
2025-02-18 09:00:00+00:00,307.99878,14.618837
2025-02-18 10:00:00+00:00,313.81482,18.459436
2025-02-18 11:00:00+00:00,322.8957,17.604149
2025-02-18 12:00:00+00:00,320.6176,15.602999
2025-02-18 13:00:00+00:00,325.73883,15.027575
2025-02-18 14:00:00+00:00,340.12772,15.885956
2025-02-18 15:00:00+00:00,354.5227,13.200273
2025-02-18 16:00:00+00:00,7.12493,11.609651
2025-02-18 17:00:00+00:00,20.224945,10.934166
2025-02-18 18:00:00+00:00,32.73523,8.9873905
2025-02-18 19:00:00+00:00,37.116943,8.3520775
2025-02-18 20:00:00+00:00,25.866312,6.601363
2025-02-18 21:00:00+00:00,8.130019,6.3639607
2025-02-18 22:00:00+00:00,358.56793,7.2022495
2025-02-18 23:00:00+00:00,353.92764,8.507737
2025-02-19 00:00:00+00:00,352.0305,9.087772
2025-02-19 01:00:00+00:00,340.6409,7.0591216
2025-02-19 02:00:00+00:00,348.17853,7.9077177
2025-02-19 03:00:00+00:00,357.33707,7.748368
2025-02-19 04:00:00+00:00,355.23645,6.5024605
2025-02-19 05:00:00+00:00,342.7184,8.482947
2025-02-19 06:00:00+00:00,334.85526,9.743304
2025-02-19 07:00:00+00:00,322.12497,12.313894
2025-02-19 08:00:00+00:00,311.009,16.458931
2025-02-19 09:00:00+00:00,311.63345,17.339897
2025-02-19 10:00:00+00:00,315.81836,17.82091
2025-02-19 11:00:00+00:00,318.991,16.458931
2025-02-19 12:00:00+00:00,323.2671,15.048042
2025-02-19 13:00:00+00:00,324.8192,13.433838
2025-02-19 14:00:00+00:00,336.1135,13.78029
2025-02-19 15:00:00+00:00,344.05453,13.1041975
2025-02-19 16:00:00+00:00,347.84506,11.968308
2025-02-19 17:00:00+00:00,354.89792,10.120098
2025-02-19 18:00:00+00:00,353.82993,6.698806
2025-02-19 19:00:00+00:00,348.6901,8.260411
2025-02-19 20:00:00+00:00,349.8754,10.239453
2025-02-19 21:00:00+00:00,351.87,11.45513
2025-02-19 22:00:00+00:00,352.11694,11.811622
2025-02-19 23:00:00+00:00,358.99493,10.261578
2025-02-20 00:00:00+00:00,25.114815,6.361415
2025-02-20 01:00:00+00:00,3.46817,5.950899
2025-02-20 02:00:00+00:00,7.3056703,7.0774574
2025-02-20 03:00:00+00:00,9.688724,7.486788
2025-02-20 04:00:00+00:00,5.19435,5.9644947
2025-02-20 05:00:00+00:00,1.3019345,7.922045
2025-02-20 06:00:00+00:00,358.8767,9.181765
2025-02-20 07:00:00+00:00,343.77972,10.310403
2025-02-20 08:00:00+00:00,320.4119,12.145665
2025-02-20 09:00:00+00:00,311.7947,15.934829
2025-02-20 10:00:00+00:00,312.07495,17.46
2025-02-20 11:00:00+00:00,316.25436,17.441433
2025-02-20 12:00:00+00:00,320.84457,16.248924
2025-02-20 13:00:00+00:00,331.4405,16.189997
2025-02-20 14:00:00+00:00,340.68356,18.501513
2025-02-20 15:00:00+00:00,349.95804,17.548845
2025-02-20 16:00:00+00:00,357.4832,16.395817
2025-02-20 17:00:00+00:00,9.008436,14.944336
2025-02-20 18:00:00+00:00,5.9742346,15.564537
2025-02-20 19:00:00+00:00,11.173798,14.861722
2025-02-20 20:00:00+00:00,16.429382,14.637663
2025-02-20 21:00:00+00:00,17.818983,15.881875
2025-02-20 22:00:00+00:00,27.581947,13.6063795
2025-02-20 23:00:00+00:00,36.674442,10.548061
2025-02-21 00:00:00+00:00,24.179106,9.668195
2025-02-21 01:00:00+00:00,22.714453,8.39078
2025-02-21 02:00:00+00:00,32.471172,9.387651
2025-02-21 03:00:00+00:00,44.292767,10.310402
2025-02-21 04:00:00+00:00,43.315353,8.65873
2025-02-21 05:00:00+00:00,43.53127,9.931042
2025-02-21 06:00:00+00:00,46.432037,10.185519
2025-02-21 07:00:00+00:00,25.016869,5.95906
2025-02-21 08:00:00+00:00,318.23978,6.7565966
2025-02-21 09:00:00+00:00,308.0728,13.719023
2025-02-21 10:00:00+00:00,311.42358,16.323528
2025-02-21 11:00:00+00:00,312.7454,16.176983
2025-02-21 12:00:00+00:00,327.84772,14.88242
2025-02-21 13:00:00+00:00,330.72482,13.619471
2025-02-21 14:00:00+00:00,338.19852,16.478603
2025-02-21 15:00:00+00:00,348.92984,16.87398
2025-02-21 16:00:00+00:00,1.4687687,14.044615
2025-02-21 17:00:00+00:00,16.858482,12.413476
2025-02-21 18:00:00+00:00,18.435053,13.661038
2025-02-21 19:00:00+00:00,14.743609,14.145756
2025-02-21 20:00:00+00:00,16.389616,12.758432
2025-02-21 21:00:00+00:00,35.417145,9.939196
2025-02-21 22:00:00+00:00,30.41101,9.600937
2025-02-21 23:00:00+00:00,18.435053,9.107359
2025-02-22 00:00:00+00:00,26.564985,7.6473517
2025-02-22 01:00:00+00:00,42.797382,6.623413
2025-02-22 02:00:00+00:00,50.906155,7.42159
2025-02-22 03:00:00+00:00,62.17599,7.327127
2025-02-22 04:00:00+00:00,61.389645,4.510787
2025-02-22 05:00:00+00:00,55.491425,3.494968
2025-02-22 06:00:00+00:00,306.86996,1.8
2025-02-22 07:00:00+00:00,286.6993,5.637765
2025-02-22 08:00:00+00:00,288.12195,10.4166975
2025-02-22 09:00:00+00:00,297.58194,13.6063795
2025-02-22 10:00:00+00:00,308.77417,14.083778
2025-02-22 11:00:00+00:00,313.95847,14.003028
2025-02-22 12:00:00+00:00,306.86996,13.5
2025-02-22 13:00:00+00:00,320.79282,17.654688
2025-02-22 14:00:00+00:00,322.28397,17.065859
2025-02-22 15:00:00+00:00,335.13632,16.267857
2025-02-22 16:00:00+00:00,342.38733,11.897714
2025-02-22 17:00:00+00:00,342.69937,11.500296
2025-02-22 18:00:00+00:00,352.76315,11.431063
2025-02-22 19:00:00+00:00,16.798458,9.96524
2025-02-22 20:00:00+00:00,26.564985,10.062305
2025-02-22 21:00:00+00:00,30.018288,9.354806
2025-02-22 22:00:00+00:00,30.173443,8.953078
2025-02-22 23:00:00+00:00,34.07725,7.388775
2025-02-23 00:00:00+00:00,54.46224,6.193674
2025-02-23 01:00:00+00:00,56.309914,5.1919937
2025-02-23 02:00:00+00:00,48.65233,5.994297
2025-02-23 03:00:00+00:00,51.115498,7.1684303
2025-02-23 04:00:00+00:00,35.311302,5.293959
2025-02-23 05:00:00+00:00,31.75944,4.4456716
2025-02-23 06:00:00+00:00,331.9276,3.06
2025-02-23 07:00:00+00:00,295.76926,5.7964473
2025-02-23 08:00:00+00:00,292.5431,10.32924
2025-02-23 09:00:00+00:00,289.76724,12.241323
2025-02-23 10:00:00+00:00,294.88034,13.690654
2025-02-23 11:00:00+00:00,300.5475,12.74954
2025-02-23 12:00:00+00:00,315.72513,10.055864
2025-02-23 13:00:00+00:00,325.4914,10.484903
2025-02-23 14:00:00+00:00,327.8288,13.184308
2025-02-23 15:00:00+00:00,336.7054,14.1102085
2025-02-23 16:00:00+00:00,352.07315,14.357185
2025-02-23 17:00:00+00:00,352.62634,15.427586
2025-02-23 18:00:00+00:00,353.29025,15.405519
2025-02-23 19:00:00+00:00,0.90936255,11.341428
2025-02-23 20:00:00+00:00,32.005356,6.792466
2025-02-23 21:00:00+00:00,25.407679,7.970972
2025-02-23 22:00:00+00:00,20.695532,8.65873
2025-02-23 23:00:00+00:00,38.65983,6.9153743
2025-02-24 00:00:00+00:00,53.74608,6.696387
2025-02-24 01:00:00+00:00,50.194473,9.840914
2025-02-24 02:00:00+00:00,43.636143,10.694485
2025-02-24 03:00:00+00:00,50.572224,10.486448
2025-02-24 04:00:00+00:00,59.03632,7.3469996
2025-02-24 05:00:00+00:00,75.32356,7.8149853
2025-02-24 06:00:00+00:00,96.84268,4.5322843
2025-02-24 07:00:00+00:00,253.30067,1.8792552
2025-02-24 08:00:00+00:00,275.10208,10.120098
2025-02-24 09:00:00+00:00,288.43503,12.522619
2025-02-24 10:00:00+00:00,296.2219,13.443481
2025-02-24 11:00:00+00:00,299.64978,13.462749
2025-02-24 12:00:00+00:00,316.52072,14.387619
2025-02-24 13:00:00+00:00,320.9806,13.437455
2025-02-24 14:00:00+00:00,330.55466,12.815443
2025-02-24 15:00:00+00:00,338.06146,13.971756
2025-02-24 16:00:00+00:00,349.6242,12.992458
2025-02-24 17:00:00+00:00,3.6328866,11.362834
2025-02-24 18:00:00+00:00,2.7701654,11.173057
2025-02-24 19:00:00+00:00,5.102074,10.120098
2025-02-24 20:00:00+00:00,7.8152027,9.266067
2025-02-24 21:00:00+00:00,37.184795,6.552099
2025-02-24 22:00:00+00:00,57.17146,6.6405115
2025-02-24 23:00:00+00:00,52.35232,7.9567327
2025-02-25 00:00:00+00:00,37.875053,8.209263
2025-02-25 01:00:00+00:00,49.398785,6.638072
2025-02-25 02:00:00+00:00,55.980614,8.6867485
2025-02-25 03:00:00+00:00,73.88651,8.431228
2025-02-25 04:00:00+00:00,83.659904,4.8899083
2025-02-25 05:00:00+00:00,93.17977,3.244996
2025-02-25 06:00:00+00:00,79.50858,4.942631
2025-02-25 07:00:00+00:00,198.43504,1.7076298
2025-02-25 08:00:00+00:00,275.04236,6.1437774
2025-02-25 09:00:00+00:00,279.32352,12.221456
2025-02-25 10:00:00+00:00,287.74475,14.174356
2025-02-25 11:00:00+00:00,305.45557,14.584443
2025-02-25 12:00:00+00:00,325.2039,12.932471
2025-02-25 13:00:00+00:00,315.0001,10.946013
2025-02-25 14:00:00+00:00,302.27563,8.0899935
2025-02-25 15:00:00+00:00,320.90613,3.710795
2025-02-25 16:00:00+00:00,84.55976,3.7971036
2025-02-25 17:00:00+00:00,29.744795,1.4512063
2025-02-25 18:00:00+00:00,315.0001,1.0182338
2025-02-25 19:00:00+00:00,198.43504,0.56920993
2025-02-25 20:00:00+00:00,180.0,0.17999999
2025-02-25 21:00:00+00:00,224.9999,0.5091169
2025-02-25 22:00:00+00:00,26.564985,0.8049845
2025-02-25 23:00:00+00:00,34.69522,2.8460495
2025-02-26 00:00:00+00:00,49.085716,3.572898
2025-02-26 01:00:00+00:00,26.564985,2.8174455
2025-02-26 02:00:00+00:00,36.86999,4.5
2025-02-26 03:00:00+00:00,63.435013,4.829907
2025-02-26 04:00:00+00:00,75.37909,4.278551
2025-02-26 05:00:00+00:00,95.44024,3.7971036
2025-02-26 06:00:00+00:00,137.12111,3.4388947
2025-02-26 07:00:00+00:00,224.9999,2.2910259
2025-02-26 08:00:00+00:00,271.43207,7.2022495
2025-02-26 09:00:00+00:00,267.0644,14.05845
2025-02-26 10:00:00+00:00,265.81516,14.799459
2025-02-26 11:00:00+00:00,270.0,10.440001
2025-02-26 12:00:00+00:00,287.41806,9.621163
2025-02-26 13:00:00+00:00,300.5475,12.74954
2025-02-26 14:00:00+00:00,326.88864,9.885262
2025-02-26 15:00:00+00:00,11.3098955,3.671294
2025-02-26 16:00:00+00:00,12.094739,5.1544156
2025-02-26 17:00:00+00:00,16.26028,4.5
2025-02-26 18:00:00+00:00,7.7650824,3.9966488
2025-02-26 19:00:00+00:00,360.0,3.06
2025-02-26 20:00:00+00:00,340.55988,3.244996
2025-02-26 21:00:00+00:00,360.0,4.32
2025-02-26 22:00:00+00:00,347.125,6.4624763
2025-02-26 23:00:00+00:00,15.945477,5.2416787
2025-02-27 00:00:00+00:00,35.311302,5.293959
2025-02-27 01:00:00+00:00,35.537766,4.6452556
2025-02-27 02:00:00+00:00,34.82457,5.0432134
2025-02-27 03:00:00+00:00,47.602623,5.6060677
2025-02-27 04:00:00+00:00,63.435013,3.62243
2025-02-27 05:00:00+00:00,86.186005,2.7059932
2025-02-27 06:00:00+00:00,202.24907,4.278551
2025-02-27 07:00:00+00:00,224.9999,8.400428
2025-02-27 08:00:00+00:00,237.6804,10.436895
2025-02-27 09:00:00+00:00,252.42865,11.328566
2025-02-27 10:00:00+00:00,271.5074,13.684735
2025-02-27 11:00:00+00:00,283.86972,15.017871
2025-02-27 12:00:00+00:00,296.56497,13.282243
2025-02-27 13:00:00+00:00,283.78162,9.82279
2025-02-27 14:00:00+00:00,312.8789,6.8777895
2025-02-27 15:00:00+00:00,345.06854,2.7943513
2025-02-27 16:00:00+00:00,57.99466,3.396233
2025-02-27 17:00:00+00:00,90.0,4.32
2025-02-27 18:00:00+00:00,132.5104,2.9301877
2025-02-27 19:00:00+00:00,135.0001,2.0364676
2025-02-27 20:00:00+00:00,323.13,0.9
2025-02-27 21:00:00+00:00,304.50858,3.494968
2025-02-27 22:00:00+00:00,313.26434,4.2021427
2025-02-27 23:00:00+00:00,331.38962,4.510787
2025-02-28 00:00:00+00:00,350.53775,4.379589
2025-02-28 01:00:00+00:00,33.6901,3.244996
2025-02-28 02:00:00+00:00,78.231735,4.412754
2025-02-28 03:00:00+00:00,86.423744,2.8856194
2025-02-28 04:00:00+00:00,350.53775,1.0948973
2025-02-28 05:00:00+00:00,298.0724,3.06
2025-02-28 06:00:00+00:00,295.01685,5.95906
2025-02-28 07:00:00+00:00,298.523,9.4238205
2025-02-28 08:00:00+00:00,306.25394,13.392774
2025-02-28 09:00:00+00:00,312.5529,14.905261
2025-02-28 10:00:00+00:00,312.22076,13.125196
2025-02-28 11:00:00+00:00,309.3517,11.638917
2025-02-28 12:00:00+00:00,316.63654,13.369771
2025-02-28 13:00:00+00:00,325.90497,14.128566
2025-02-28 14:00:00+00:00,339.94382,12.072083
2025-02-28 15:00:00+00:00,342.01257,14.572219
2025-02-28 16:00:00+00:00,347.90527,12.886039
2025-02-28 17:00:00+00:00,4.92703,10.478722
2025-02-28 18:00:00+00:00,354.50775,9.403169
2025-02-28 19:00:00+00:00,349.59235,8.967541
2025-02-28 20:00:00+00:00,351.15826,8.197414
2025-02-28 21:00:00+00:00,337.6713,10.897063
2025-02-28 22:00:00+00:00,333.43503,12.074766
2025-02-28 23:00:00+00:00,338.19852,11.631956
2025-03-01 00:00:00+00:00,342.1496,11.157097
2025-03-01 01:00:00+00:00,9.039405,8.019601
2025-03-01 02:00:00+00:00,22.61991,7.0199995
2025-03-01 03:00:00+00:00,27.645891,4.2671766
2025-03-01 04:00:00+00:00,360.0,3.6
2025-03-01 05:00:00+00:00,332.7005,6.279395
2025-03-01 06:00:00+00:00,316.8476,7.8954163
2025-03-01 07:00:00+00:00,303.9766,9.984729
2025-03-01 08:00:00+00:00,298.5399,11.679212
2025-03-01 09:00:00+00:00,303.9063,13.229693
2025-03-01 10:00:00+00:00,308.11832,14.87153
2025-03-01 11:00:00+00:00,316.49426,14.64209
2025-03-01 12:00:00+00:00,322.74463,16.056362
2025-03-01 13:00:00+00:00,327.6927,14.481893
2025-03-01 14:00:00+00:00,334.0413,15.215058
2025-03-01 15:00:00+00:00,349.11453,14.297258
2025-03-01 16:00:00+00:00,356.72958,12.620554
2025-03-01 17:00:00+00:00,359.10486,11.521406
2025-03-01 18:00:00+00:00,356.34784,8.477216
2025-03-01 19:00:00+00:00,358.6361,7.562142
2025-03-01 20:00:00+00:00,356.186,5.4119864
2025-03-01 21:00:00+00:00,335.43283,6.9270773
2025-03-01 22:00:00+00:00,338.45895,7.353611
2025-03-01 23:00:00+00:00,337.75092,8.557102
2025-03-02 00:00:00+00:00,341.91644,9.278297
2025-03-02 01:00:00+00:00,345.74994,11.700001
2025-03-02 02:00:00+00:00,355.60138,11.734564
2025-03-02 03:00:00+00:00,4.398633,9.3876505
2025-03-02 04:00:00+00:00,2.4894993,8.287822
2025-03-02 05:00:00+00:00,360.0,9.9
2025-03-02 06:00:00+00:00,352.40543,10.8955765
2025-03-02 07:00:00+00:00,337.8905,12.43434
2025-03-02 08:00:00+00:00,321.45877,13.577776
2025-03-02 09:00:00+00:00,312.03897,14.784126
2025-03-02 10:00:00+00:00,309.3824,15.602999
2025-03-02 11:00:00+00:00,315.86795,16.802786
2025-03-02 12:00:00+00:00,327.57895,15.779543
2025-03-02 13:00:00+00:00,326.68936,15.077082
2025-03-02 14:00:00+00:00,328.06937,14.634343
2025-03-02 15:00:00+00:00,336.40515,17.088627
2025-03-02 16:00:00+00:00,341.7828,14.970331
2025-03-02 17:00:00+00:00,344.15686,13.845967
2025-03-02 18:00:00+00:00,358.8767,9.181765
2025-03-02 19:00:00+00:00,356.36713,11.362834
2025-03-02 20:00:00+00:00,0.8680399,11.881363
2025-03-02 21:00:00+00:00,8.392845,11.098865
2025-03-02 22:00:00+00:00,8.530679,10.920824
2025-03-02 23:00:00+00:00,18.103857,9.847496
2025-03-03 00:00:00+00:00,26.564985,9.257321
2025-03-03 01:00:00+00:00,11.3098955,5.506941
2025-03-03 02:00:00+00:00,13.671325,6.8541956
2025-03-03 03:00:00+00:00,11.888645,6.9899354
2025-03-03 04:00:00+00:00,360.0,6.2999997
2025-03-03 05:00:00+00:00,355.60138,7.040739
2025-03-03 06:00:00+00:00,344.40714,8.035746
2025-03-03 07:00:00+00:00,324.0394,11.341428
2025-03-03 08:00:00+00:00,312.5104,14.650938
2025-03-03 09:00:00+00:00,314.56268,16.674063
2025-03-03 10:00:00+00:00,316.23633,17.69593
2025-03-03 11:00:00+00:00,321.80902,17.176563
2025-03-03 12:00:00+00:00,328.6006,16.237955
2025-03-03 13:00:00+00:00,336.63086,15.882896
2025-03-03 14:00:00+00:00,342.53598,16.794104
2025-03-03 15:00:00+00:00,349.53088,16.840345
2025-03-03 16:00:00+00:00,352.79404,15.784676
2025-03-03 17:00:00+00:00,360.0,14.94
2025-03-03 18:00:00+00:00,2.231127,13.870515
2025-03-03 19:00:00+00:00,9.462261,13.138765
2025-03-03 20:00:00+00:00,7.253105,9.979859
2025-03-03 21:00:00+00:00,1.5911111,6.482499
2025-03-03 22:00:00+00:00,348.0239,6.0721655
2025-03-03 23:00:00+00:00,346.67545,7.029225
2025-03-04 00:00:00+00:00,343.53992,8.2584505
2025-03-04 01:00:00+00:00,351.52893,8.553314
2025-03-04 02:00:00+00:00,355.9859,10.285232
2025-03-04 03:00:00+00:00,353.34567,10.873252
2025-03-04 04:00:00+00:00,353.19104,12.145665
2025-03-04 05:00:00+00:00,360.0,16.019999
2025-03-04 06:00:00+00:00,1.930544,16.029097
2025-03-04 07:00:00+00:00,351.54504,13.466357
2025-03-04 08:00:00+00:00,325.4914,13.979872
2025-03-04 09:00:00+00:00,319.39877,18.254698
2025-03-04 10:00:00+00:00,322.69595,19.008545
2025-03-04 11:00:00+00:00,326.3099,18.820976
2025-03-04 12:00:00+00:00,331.1135,17.885334
2025-03-04 13:00:00+00:00,333.9967,16.42247
2025-03-04 14:00:00+00:00,337.5838,15.577022
2025-03-04 15:00:00+00:00,347.8632,17.122723
2025-03-04 16:00:00+00:00,354.35184,16.459915
2025-03-04 17:00:00+00:00,7.2141733,14.33347
2025-03-04 18:00:00+00:00,8.530692,14.561099
2025-03-04 19:00:00+00:00,2.0213308,15.3095255
2025-03-04 20:00:00+00:00,3.5322235,14.607751
2025-03-04 21:00:00+00:00,359.24615,13.681183
2025-03-04 22:00:00+00:00,358.36346,12.605142
2025-03-04 23:00:00+00:00,359.1697,12.421304
2025-03-05 00:00:00+00:00,357.54602,12.611567
2025-03-05 01:00:00+00:00,360.0,10.98
2025-03-05 02:00:00+00:00,13.760814,9.080639
2025-03-05 03:00:00+00:00,17.102825,7.3447943
2025-03-05 04:00:00+00:00,20.224945,7.289444
2025-03-05 05:00:00+00:00,18.435053,7.3997297
2025-03-05 06:00:00+00:00,4.6353807,6.6818557
2025-03-05 07:00:00+00:00,343.0091,6.77575
2025-03-05 08:00:00+00:00,309.3693,9.080639
2025-03-05 09:00:00+00:00,303.6901,13.6289835
2025-03-05 10:00:00+00:00,304.82455,15.12964
2025-03-05 11:00:00+00:00,315.43073,16.928614
2025-03-05 12:00:00+00:00,328.06937,14.634343
2025-03-05 13:00:00+00:00,322.59457,15.408671
2025-03-05 14:00:00+00:00,332.80194,14.571108
2025-03-05 15:00:00+00:00,334.33484,15.3771
2025-03-05 16:00:00+00:00,342.64587,12.0694
2025-03-05 17:00:00+00:00,357.47394,12.251905
2025-03-05 18:00:00+00:00,6.5197067,12.682018
2025-03-05 19:00:00+00:00,17.17599,10.3621235
2025-03-05 20:00:00+00:00,20.556128,10.765445
2025-03-05 21:00:00+00:00,19.093594,9.904906
2025-03-05 22:00:00+00:00,11.821464,7.9077177
2025-03-05 23:00:00+00:00,5.8262515,8.865799
2025-03-06 00:00:00+00:00,13.781618,9.82279
2025-03-06 01:00:00+00:00,28.610369,6.76618
2025-03-06 02:00:00+00:00,44.999897,6.3639607
2025-03-06 03:00:00+00:00,53.84173,5.796447
2025-03-06 04:00:00+00:00,56.976128,4.293669
2025-03-06 05:00:00+00:00,75.068535,2.7943513
2025-03-06 06:00:00+00:00,279.46225,1.0948973
2025-03-06 07:00:00+00:00,292.1095,6.21717
2025-03-06 08:00:00+00:00,291.80148,9.693296
2025-03-06 09:00:00+00:00,297.64587,12.801531
2025-03-06 10:00:00+00:00,311.68896,15.426535
2025-03-06 11:00:00+00:00,322.1842,15.266079
2025-03-06 12:00:00+00:00,318.23978,13.513193
2025-03-06 13:00:00+00:00,323.86453,14.041154
2025-03-06 14:00:00+00:00,333.9967,16.42247
2025-03-06 15:00:00+00:00,344.14056,16.466803
2025-03-06 16:00:00+00:00,352.87506,13.060857
2025-03-06 17:00:00+00:00,6.581848,9.422101
2025-03-06 18:00:00+00:00,2.1210518,9.726665
2025-03-06 19:00:00+00:00,354.80566,11.928989
2025-03-06 20:00:00+00:00,7.12493,10.158444
2025-03-06 21:00:00+00:00,12.407412,9.215226
2025-03-06 22:00:00+00:00,9.2932415,10.03167
2025-03-06 23:00:00+00:00,6.0089183,10.316686
2025-03-07 00:00:00+00:00,4.763556,10.837435
2025-03-07 01:00:00+00:00,4.23632,9.746631
2025-03-07 02:00:00+00:00,14.036275,8.905908
2025-03-07 03:00:00+00:00,28.392921,7.570707
2025-03-07 04:00:00+00:00,40.030197,5.876938
2025-03-07 05:00:00+00:00,35.311302,5.293959
2025-03-07 06:00:00+00:00,10.784258,3.84796
2025-03-07 07:00:00+00:00,324.46225,3.096837
2025-03-07 08:00:00+00:00,289.9832,6.320538
2025-03-07 09:00:00+00:00,293.78204,11.605464
2025-03-07 10:00:00+00:00,300.69965,13.397612
2025-03-07 11:00:00+00:00,310.44614,14.428097
2025-03-07 12:00:00+00:00,322.98923,14.652045
2025-03-07 13:00:00+00:00,326.12915,15.825675
2025-03-07 14:00:00+00:00,328.39255,16.485485
2025-03-07 15:00:00+00:00,335.35324,16.833609
2025-03-07 16:00:00+00:00,342.38733,11.897714
2025-03-07 17:00:00+00:00,18.435053,3.9844694
2025-03-07 18:00:00+00:00,351.2539,4.73506
2025-03-07 19:00:00+00:00,336.61475,7.256032
2025-03-07 20:00:00+00:00,335.05612,8.536252
2025-03-07 21:00:00+00:00,337.5572,8.958504
2025-03-07 22:00:00+00:00,343.49554,10.137692
2025-03-07 23:00:00+00:00,348.05585,9.56713
2025-03-08 00:00:00+00:00,357.45523,8.107996
2025-03-08 01:00:00+00:00,4.6353807,6.6818557
2025-03-08 02:00:00+00:00,23.629398,6.28713
2025-03-08 03:00:00+00:00,43.72705,5.728979
2025-03-08 04:00:00+00:00,46.97493,3.693291
2025-03-08 05:00:00+00:00,10.61961,2.9301877
2025-03-08 06:00:00+00:00,324.78232,3.745557
2025-03-08 07:00:00+00:00,290.22495,7.289444
2025-03-08 08:00:00+00:00,286.5349,12.016938
2025-03-08 09:00:00+00:00,294.67685,14.658676
2025-03-08 10:00:00+00:00,303.6901,14.926983
2025-03-08 11:00:00+00:00,312.03897,14.784126
2025-03-08 12:00:00+00:00,313.4519,14.133152
2025-03-08 13:00:00+00:00,322.792,12.204212
2025-03-08 14:00:00+00:00,325.6196,12.431733
2025-03-08 15:00:00+00:00,332.72333,12.96125
2025-03-08 16:00:00+00:00,334.72232,14.33234
2025-03-08 17:00:00+00:00,353.54126,9.600937
2025-03-08 18:00:00+00:00,75.46551,5.020677
2025-03-08 19:00:00+00:00,343.61038,3.189608
2025-03-08 20:00:00+00:00,71.564964,3.4152596
2025-03-08 21:00:00+00:00,352.87506,1.4512063
2025-03-08 22:00:00+00:00,56.309914,0.6489992
2025-03-08 23:00:00+00:00,111.801476,0.9693296
2025-03-09 00:00:00+00:00,111.801476,1.9386592
2025-03-09 01:00:00+00:00,53.13002,2.6999998
2025-03-09 02:00:00+00:00,32.005356,3.396233
2025-03-09 03:00:00+00:00,31.75944,4.4456716
2025-03-09 04:00:00+00:00,27.758451,3.8647635
2025-03-09 05:00:00+00:00,354.2895,3.6179552
2025-03-09 06:00:00+00:00,319.89914,4.471107
2025-03-09 07:00:00+00:00,299.74478,7.256032
2025-03-09 08:00:00+00:00,293.1986,10.966713
2025-03-09 09:00:00+00:00,295.8663,13.202726
2025-03-09 10:00:00+00:00,303.6901,14.277983
2025-03-09 11:00:00+00:00,317.5336,14.396625
2025-03-09 12:00:00+00:00,324.78232,14.982228
2025-03-09 13:00:00+00:00,329.53452,14.20062
2025-03-09 14:00:00+00:00,329.1724,12.996199
2025-03-09 15:00:00+00:00,338.02542,11.063778
2025-03-09 16:00:00+00:00,11.592147,7.1661706
2025-03-09 17:00:00+00:00,24.227736,3.9477081
2025-03-09 18:00:00+00:00,351.4693,3.6402748
2025-03-09 19:00:00+00:00,349.11453,4.7657523
2025-03-09 20:00:00+00:00,330.64233,6.6087217
2025-03-09 21:00:00+00:00,339.04413,9.059205
2025-03-09 22:00:00+00:00,357.45523,8.107996
2025-03-09 23:00:00+00:00,37.30404,4.752136
2025-03-10 00:00:00+00:00,11.592147,7.1661706
2025-03-10 01:00:00+00:00,63.435013,4.4274144
2025-03-10 02:00:00+00:00,54.63746,6.8423676
2025-03-10 03:00:00+00:00,46.8476,7.8954163
2025-03-10 04:00:00+00:00,70.346085,5.3517847
2025-03-10 05:00:00+00:00,98.530685,3.6402748
2025-03-10 06:00:00+00:00,170.13426,4.2021422
2025-03-10 07:00:00+00:00,233.13002,2.6999998
2025-03-10 08:00:00+00:00,256.2637,8.338489
2025-03-10 09:00:00+00:00,261.76447,13.822546
2025-03-10 10:00:00+00:00,264.05322,17.373497
2025-03-10 11:00:00+00:00,249.55037,11.334285
2025-03-10 12:00:00+00:00,251.93944,8.709098
2025-03-10 13:00:00+00:00,302.90524,10.934166
2025-03-10 14:00:00+00:00,309.40063,6.522361
2025-03-10 15:00:00+00:00,315.0001,2.8001428
2025-03-10 16:00:00+00:00,39.289394,2.5582807
2025-03-10 17:00:00+00:00,7.59456,2.7238941
2025-03-10 18:00:00+00:00,31.607454,2.7475805
2025-03-10 19:00:00+00:00,76.75947,3.143565
2025-03-10 20:00:00+00:00,77.4712,1.659518
2025-03-10 21:00:00+00:00,36.86999,1.8
2025-03-10 22:00:00+00:00,104.93147,2.7943513
2025-03-10 23:00:00+00:00,48.57643,4.080882
2025-03-11 00:00:00+00:00,95.19434,3.9763298
2025-03-11 01:00:00+00:00,90.0,2.52
2025-03-11 02:00:00+00:00,153.43501,5.634891
2025-03-11 03:00:00+00:00,131.98714,4.8433046
2025-03-11 04:00:00+00:00,141.34016,3.4576871
2025-03-11 05:00:00+00:00,172.56868,4.175069
2025-03-11 06:00:00+00:00,208.61037,4.510787
2025-03-11 07:00:00+00:00,235.40765,6.341009
2025-03-11 08:00:00+00:00,256.2005,10.564941
2025-03-11 09:00:00+00:00,270.74405,13.861168
2025-03-11 10:00:00+00:00,280.78424,15.39184
2025-03-11 11:00:00+00:00,285.5726,11.39842
2025-03-11 12:00:00+00:00,299.0545,12.972494
2025-03-11 13:00:00+00:00,298.0244,12.642357
2025-03-11 14:00:00+00:00,321.91116,8.461915
2025-03-11 15:00:00+00:00,338.74942,3.4763772
2025-03-11 16:00:00+00:00,22.067963,7.186487
2025-03-11 17:00:00+00:00,39.09386,3.710795
2025-03-11 18:00:00+00:00,22.47948,5.6492476
2025-03-11 19:00:00+00:00,33.6901,3.8939953
2025-03-11 20:00:00+00:00,344.05453,2.6208394
2025-03-11 21:00:00+00:00,321.8427,3.2048087
2025-03-11 22:00:00+00:00,332.8504,7.889259
2025-03-11 23:00:00+00:00,352.6477,5.6262593
2025-03-12 00:00:00+00:00,9.462248,4.379589
2025-03-12 01:00:00+00:00,7.853233,5.2694216
2025-03-12 02:00:00+00:00,17.52567,7.172949
2025-03-12 03:00:00+00:00,36.158287,5.796447
2025-03-12 04:00:00+00:00,22.751022,6.050785
2025-03-12 05:00:00+00:00,130.60121,1.659518
2025-03-12 06:00:00+00:00,258.6901,1.835647
2025-03-12 07:00:00+00:00,259.3804,5.8603754
2025-03-12 08:00:00+00:00,263.6599,9.779817
2025-03-12 09:00:00+00:00,264.0356,12.125642
2025-03-12 10:00:00+00:00,276.84268,13.596852
2025-03-12 11:00:00+00:00,292.72977,14.4415655
2025-03-12 12:00:00+00:00,308.4181,13.324863
2025-03-12 13:00:00+00:00,296.56497,9.257321
2025-03-12 14:00:00+00:00,303.6901,6.489992
2025-03-12 15:00:00+00:00,331.1893,4.1085763
2025-03-12 16:00:00+00:00,102.5288,1.659518
2025-03-12 17:00:00+00:00,163.30067,1.8792552
2025-03-12 18:00:00+00:00,171.25392,2.36753
2025-03-12 19:00:00+00:00,198.43504,0.56920993
2025-03-12 20:00:00+00:00,332.3541,4.2671766
2025-03-12 21:00:00+00:00,299.74478,2.9024127
2025-03-12 22:00:00+00:00,315.0001,4.8366103
2025-03-12 23:00:00+00:00,337.1663,3.710795
2025-03-13 00:00:00+00:00,34.82457,5.0432134
2025-03-13 01:00:00+00:00,52.695976,4.752136
2025-03-13 02:00:00+00:00,61.113514,5.9617786
2025-03-13 03:00:00+00:00,41.63345,4.3349743
2025-03-13 04:00:00+00:00,36.86999,1.8
2025-03-13 05:00:00+00:00,231.34016,2.3051248
2025-03-13 06:00:00+00:00,231.51978,8.967541
2025-03-13 07:00:00+00:00,241.87636,11.837652
2025-03-13 08:00:00+00:00,260.53775,12.043869
2025-03-13 09:00:00+00:00,274.08554,12.632101
2025-03-13 10:00:00+00:00,281.9293,13.062098
2025-03-13 11:00:00+00:00,295.8663,13.202726
2025-03-13 12:00:00+00:00,308.78436,12.931218
2025-03-13 13:00:00+00:00,294.2744,10.070353
2025-03-13 14:00:00+00:00,289.23077,8.197414
2025-03-13 15:00:00+00:00,295.40768,7.970972
2025-03-13 16:00:00+00:00,313.26434,8.404285
2025-03-13 17:00:00+00:00,346.67545,7.029225
2025-03-13 18:00:00+00:00,360.0,9.72
2025-03-13 19:00:00+00:00,23.749514,4.91634
2025-03-13 20:00:00+00:00,14.534496,5.020677
2025-03-13 21:00:00+00:00,15.945477,3.9312592
2025-03-13 22:00:00+00:00,79.380394,2.9301877
2025-03-13 23:00:00+00:00,63.435013,0.8049845
2025-03-14 00:00:00+00:00,54.46224,1.5484185
2025-03-14 01:00:00+00:00,109.98319,2.1068459
2025-03-14 02:00:00+00:00,71.564964,1.1384199
2025-03-14 03:00:00+00:00,18.435053,0.56920993
2025-03-14 04:00:00+00:00,270.0,1.98
2025-03-14 05:00:00+00:00,267.70944,4.503598
2025-03-14 06:00:00+00:00,276.63242,7.79215
2025-03-14 07:00:00+00:00,286.22028,10.310403
2025-03-14 08:00:00+00:00,293.08514,11.935778
2025-03-14 09:00:00+00:00,303.05582,13.529966
2025-03-14 10:00:00+00:00,304.47226,14.628807
2025-03-14 11:00:00+00:00,308.65982,14.98331
2025-03-14 12:00:00+00:00,310.76352,13.783817
2025-03-14 13:00:00+00:00,312.04913,12.362475
2025-03-14 14:00:00+00:00,319.574,12.768586
2025-03-14 15:00:00+00:00,322.98004,13.752047
2025-03-14 16:00:00+00:00,330.4886,10.962281
2025-03-14 17:00:00+00:00,345.17346,6.330782
2025-03-14 18:00:00+00:00,340.3461,5.3517847
2025-03-14 19:00:00+00:00,2.8623457,7.208994
2025-03-14 20:00:00+00:00,356.76038,9.555271
2025-03-14 21:00:00+00:00,17.92802,6.4323244
2025-03-14 22:00:00+00:00,9.246045,7.841888
2025-03-14 23:00:00+00:00,13.17257,8.688613
2025-03-15 00:00:00+00:00,28.072395,6.12
2025-03-15 01:00:00+00:00,28.739704,6.3639607
2025-03-15 02:00:00+00:00,39.173653,6.269067
2025-03-15 03:00:00+00:00,41.82009,4.5891175
2025-03-15 04:00:00+00:00,44.999897,3.563818
2025-03-15 05:00:00+00:00,350.53775,3.2846913
2025-03-15 06:00:00+00:00,304.15976,6.090812
2025-03-15 07:00:00+00:00,290.3232,10.365251
2025-03-15 08:00:00+00:00,293.49857,13.543131
2025-03-15 09:00:00+00:00,298.34558,15.543706
2025-03-15 10:00:00+00:00,300.39865,15.651722
2025-03-15 11:00:00+00:00,303.87857,15.176678
2025-03-15 12:00:00+00:00,307.0026,15.552041
2025-03-15 13:00:00+00:00,313.97705,14.2575445
2025-03-15 14:00:00+00:00,318.30194,13.259049
2025-03-15 15:00:00+00:00,319.7637,12.261157
2025-03-15 16:00:00+00:00,334.53668,8.373386
2025-03-15 17:00:00+00:00,9.16228,5.6521144
2025-03-15 18:00:00+00:00,350.9098,9.114471
2025-03-15 19:00:00+00:00,8.97255,6.924738
2025-03-15 20:00:00+00:00,35.537766,4.6452556
2025-03-15 21:00:00+00:00,33.6901,3.8939953
2025-03-15 22:00:00+00:00,3.8140097,5.4119864
2025-03-15 23:00:00+00:00,353.4803,6.341009
2025-03-16 00:00:00+00:00,348.95908,7.519175
2025-03-16 01:00:00+00:00,350.13425,8.4042845
2025-03-16 02:00:00+00:00,15.124064,6.8989563
2025-03-16 03:00:00+00:00,31.827414,6.1437774
2025-03-16 04:00:00+00:00,19.536749,5.920878
2025-03-16 05:00:00+00:00,337.8336,5.2478566
2025-03-16 06:00:00+00:00,314.0907,8.019601
2025-03-16 07:00:00+00:00,306.86996,12.599998
2025-03-16 08:00:00+00:00,308.86777,15.489414
2025-03-16 09:00:00+00:00,310.38928,15.833861
2025-03-16 10:00:00+00:00,312.70938,15.922626
2025-03-16 11:00:00+00:00,315.95474,15.275627
2025-03-16 12:00:00+00:00,321.34018,14.98331
2025-03-16 13:00:00+00:00,326.1038,13.878689
2025-03-16 14:00:00+00:00,330.9455,12.972494
2025-03-16 15:00:00+00:00,332.81897,14.973577
2025-03-16 16:00:00+00:00,335.4926,13.451914
2025-03-16 17:00:00+00:00,335.4926,13.451914
2025-03-16 18:00:00+00:00,345.9637,9.6480665
2025-03-16 19:00:00+00:00,346.4641,9.9977
2025-03-16 20:00:00+00:00,348.11136,10.484902
2025-03-16 21:00:00+00:00,5.8559217,7.0568266
2025-03-16 22:00:00+00:00,18.435053,5.6920996
2025-03-16 23:00:00+00:00,19.440128,6.489992
2025-03-17 00:00:00+00:00,18.970512,6.0908127
2025-03-17 01:00:00+00:00,11.633606,6.2483597
2025-03-17 02:00:00+00:00,32.471172,7.0407386
2025-03-17 03:00:00+00:00,24.904745,5.5567255
2025-03-17 04:00:00+00:00,11.3098955,5.506941
2025-03-17 05:00:00+00:00,345.9637,4.452954
2025-03-17 06:00:00+00:00,309.8055,7.029225
2025-03-17 07:00:00+00:00,305.53775,13.935767
2025-03-17 08:00:00+00:00,310.12604,16.478603
2025-03-17 09:00:00+00:00,314.15756,17.311846
2025-03-17 10:00:00+00:00,316.3118,16.67795
2025-03-17 11:00:00+00:00,317.4896,14.650938
2025-03-17 12:00:00+00:00,320.09216,12.906138
2025-03-17 13:00:00+00:00,320.30096,12.399113
2025-03-17 14:00:00+00:00,324.46225,10.83893
2025-03-17 15:00:00+00:00,327.26477,8.9873905
2025-03-17 16:00:00+00:00,329.42084,9.19939
2025-03-17 17:00:00+00:00,327.1443,10.285232
2025-03-17 18:00:00+00:00,324.5542,13.036026
2025-03-17 19:00:00+00:00,338.19852,5.815978
2025-03-17 20:00:00+00:00,336.0375,7.0911775
2025-03-17 21:00:00+00:00,348.40787,7.1661706
2025-03-17 22:00:00+00:00,44.999897,4.072935
2025-03-17 23:00:00+00:00,40.9143,3.572898
2025-03-18 00:00:00+00:00,7.7650824,3.9966488
2025-03-18 01:00:00+00:00,350.2725,6.391901
2025-03-18 02:00:00+00:00,349.3804,8.790563
2025-03-18 03:00:00+00:00,353.21112,7.613382
2025-03-18 04:00:00+00:00,343.3007,7.5170207
2025-03-18 05:00:00+00:00,329.8587,6.452441
2025-03-18 06:00:00+00:00,309.61066,6.7757506
2025-03-18 07:00:00+00:00,296.11386,10.223619
2025-03-18 08:00:00+00:00,294.5074,13.451914
2025-03-18 09:00:00+00:00,295.9587,15.215058
2025-03-18 10:00:00+00:00,300.6299,15.898188
2025-03-18 11:00:00+00:00,305.69016,15.735336
2025-03-18 12:00:00+00:00,310.07285,14.81915
2025-03-18 13:00:00+00:00,309.22565,11.385622
2025-03-18 14:00:00+00:00,310.48593,9.703319
2025-03-18 15:00:00+00:00,318.46832,8.415842
2025-03-18 16:00:00+00:00,331.8215,5.7176566
2025-03-18 17:00:00+00:00,354.55975,3.7971036
2025-03-18 18:00:00+00:00,347.90527,2.5772078
2025-03-18 19:00:00+00:00,343.61038,3.189608
2025-03-18 20:00:00+00:00,330.64233,6.6087217
2025-03-18 21:00:00+00:00,337.3801,9.360001
2025-03-18 22:00:00+00:00,3.5762644,5.771239
2025-03-18 23:00:00+00:00,65.85446,5.7204895
2025-03-19 00:00:00+00:00,74.2913,5.983477
2025-03-19 01:00:00+00:00,53.13002,3.6
2025-03-19 02:00:00+00:00,62.59251,5.4744864
2025-03-19 03:00:00+00:00,64.98315,2.97953
2025-03-19 04:00:00+00:00,6.3401003,1.6299692
2025-03-19 05:00:00+00:00,289.6539,2.6758924
2025-03-19 06:00:00+00:00,275.5721,7.415038
2025-03-19 07:00:00+00:00,275.04236,12.287555
2025-03-19 08:00:00+00:00,283.32455,14.05845
2025-03-19 09:00:00+00:00,294.38635,14.822429
2025-03-19 10:00:00+00:00,308.0471,15.771329
2025-03-19 11:00:00+00:00,317.25458,16.176983
2025-03-19 12:00:00+00:00,319.185,15.697197
2025-03-19 13:00:00+00:00,322.98004,13.752047
2025-03-19 14:00:00+00:00,325.84024,12.181624
2025-03-19 15:00:00+00:00,324.0394,11.341428
2025-03-19 16:00:00+00:00,325.4914,10.484903
2025-03-19 17:00:00+00:00,325.75092,10.234705
2025-03-19 18:00:00+00:00,337.1094,8.792405
2025-03-19 19:00:00+00:00,360.0,5.5799994
2025-03-19 20:00:00+00:00,43.53127,4.965521
2025-03-19 21:00:00+00:00,49.899166,4.471107
2025-03-19 22:00:00+00:00,44.999897,5.0911684
2025-03-19 23:00:00+00:00,53.13002,4.5
2025-03-20 00:00:00+00:00,59.93151,3.9518096
2025-03-20 01:00:00+00:00,51.34017,4.6102495
2025-03-20 02:00:00+00:00,42.797382,6.623413
2025-03-20 03:00:00+00:00,55.304783,5.692099
2025-03-20 04:00:00+00:00,39.805527,5.6233797
2025-03-20 05:00:00+00:00,15.524177,6.725354
2025-03-20 06:00:00+00:00,334.59232,7.970972
2025-03-20 07:00:00+00:00,311.42358,12.242646
2025-03-20 08:00:00+00:00,308.7581,16.388897
2025-03-20 09:00:00+00:00,312.93988,17.703253
2025-03-20 10:00:00+00:00,316.21878,17.95043
2025-03-20 11:00:00+00:00,320.0425,17.377226
2025-03-20 12:00:00+00:00,324.30984,15.735336
2025-03-20 13:00:00+00:00,323.13004,10.799999
2025-03-20 14:00:00+00:00,322.73352,10.404249
2025-03-20 15:00:00+00:00,320.44037,10.739832
2025-03-20 16:00:00+00:00,315.61597,11.837651
2025-03-20 17:00:00+00:00,320.49234,13.298089
2025-03-20 18:00:00+00:00,327.8288,13.184308
2025-03-20 19:00:00+00:00,332.7005,12.55879
2025-03-20 20:00:00+00:00,334.65387,11.35285
2025-03-20 21:00:00+00:00,342.75845,10.931203
2025-03-20 22:00:00+00:00,343.92636,11.052058
2025-03-20 23:00:00+00:00,342.12122,11.726277
2025-03-21 00:00:00+00:00,346.42953,10.739833
2025-03-21 01:00:00+00:00,348.9063,9.354806
2025-03-21 02:00:00+00:00,360.0,9.72
2025-03-21 03:00:00+00:00,4.6667724,8.849339
2025-03-21 04:00:00+00:00,357.03912,10.453957
2025-03-21 05:00:00+00:00,343.66388,10.8792095
2025-03-21 06:00:00+00:00,325.58157,11.782784
2025-03-21 07:00:00+00:00,310.60123,14.935662
2025-03-21 08:00:00+00:00,307.23492,16.956343
2025-03-21 09:00:00+00:00,309.3693,18.161278
2025-03-21 10:00:00+00:00,312.58044,18.089775
2025-03-21 11:00:00+00:00,313.29022,17.063011
2025-03-21 12:00:00+00:00,315.42435,17.183167
2025-03-21 13:00:00+00:00,315.9391,15.530151
2025-03-21 14:00:00+00:00,316.1232,12.984975
2025-03-21 15:00:00+00:00,316.43204,10.185519
2025-03-21 16:00:00+00:00,308.8845,7.1684303
2025-03-21 17:00:00+00:00,303.6901,3.244996
2025-03-21 18:00:00+00:00,346.75946,3.143565
2025-03-21 19:00:00+00:00,350.53775,3.2846913
2025-03-21 20:00:00+00:00,356.82022,3.244996
2025-03-21 21:00:00+00:00,7.3522935,5.6262593
2025-03-21 22:00:00+00:00,27.474344,5.072041
2025-03-21 23:00:00+00:00,43.36347,4.4565907
2025-03-22 00:00:00+00:00,43.152412,3.9477081
2025-03-22 01:00:00+00:00,49.899166,4.471107
2025-03-22 02:00:00+00:00,55.0079,6.59154
2025-03-22 03:00:00+00:00,56.309914,5.8409934
2025-03-22 04:00:00+00:00,38.047092,5.257109
2025-03-22 05:00:00+00:00,340.70987,3.8141315
2025-03-22 06:00:00+00:00,308.65982,6.9153743
2025-03-22 07:00:00+00:00,299.74478,10.158444
2025-03-22 08:00:00+00:00,292.9058,13.874019
2025-03-22 09:00:00+00:00,292.16638,15.743571
2025-03-22 10:00:00+00:00,299.81998,17.012617
2025-03-22 11:00:00+00:00,311.30853,15.815435
2025-03-22 12:00:00+00:00,314.53424,15.655861
2025-03-22 13:00:00+00:00,317.5792,14.14232
2025-03-22 14:00:00+00:00,319.0857,10.718693
2025-03-22 15:00:00+00:00,323.13,8.099999
2025-03-22 16:00:00+00:00,39.805527,2.8116899
2025-03-22 17:00:00+00:00,94.08554,2.5264204
2025-03-22 18:00:00+00:00,180.0,0.54
2025-03-22 19:00:00+00:00,251.56496,0.56920993
2025-03-22 20:00:00+00:00,284.5345,5.020677
2025-03-22 21:00:00+00:00,308.15726,3.2048087
2025-03-22 22:00:00+00:00,315.0001,1.5273507
2025-03-22 23:00:00+00:00,116.56499,0.40249225
2025-03-23 00:00:00+00:00,99.46225,1.0948973
2025-03-23 01:00:00+00:00,60.255207,1.4512063
2025-03-23 02:00:00+00:00,57.264786,2.995797
2025-03-23 03:00:00+00:00,55.304783,2.8460495
2025-03-23 04:00:00+00:00,15.255177,2.0523157
2025-03-23 05:00:00+00:00,284.03625,0.742159
2025-03-23 06:00:00+00:00,248.19853,3.8773184
2025-03-23 07:00:00+00:00,267.3975,7.928178
2025-03-23 08:00:00+00:00,274.0141,10.285232
2025-03-23 09:00:00+00:00,270.85507,12.061341
2025-03-23 10:00:00+00:00,281.00348,13.202726
2025-03-23 11:00:00+00:00,294.32556,14.420235
2025-03-23 12:00:00+00:00,301.5042,13.089354
2025-03-23 13:00:00+00:00,289.9832,12.641076
2025-03-23 14:00:00+00:00,290.95584,9.059205
2025-03-23 15:00:00+00:00,298.88647,5.9617786
2025-03-23 16:00:00+00:00,53.84173,5.796447
2025-03-23 17:00:00+00:00,146.3099,1.9469976
2025-03-23 18:00:00+00:00,160.9743,5.5216303
2025-03-23 19:00:00+00:00,200.13638,5.7515564
2025-03-23 20:00:00+00:00,202.24907,4.278551
2025-03-23 21:00:00+00:00,201.03758,2.5071096
2025-03-23 22:00:00+00:00,235.30478,2.8460495
2025-03-23 23:00:00+00:00,257.4712,3.319036
2025-03-24 00:00:00+00:00,273.57626,2.8856194
2025-03-24 01:00:00+00:00,161.56496,1.1384199
2025-03-24 02:00:00+00:00,116.56499,2.8174455
2025-03-24 03:00:00+00:00,128.65984,2.3051248
2025-03-24 04:00:00+00:00,198.43504,1.1384199
2025-03-24 05:00:00+00:00,229.08571,3.572898
2025-03-24 06:00:00+00:00,239.85869,6.452441
2025-03-24 07:00:00+00:00,258.9063,9.354806
2025-03-24 08:00:00+00:00,270.0,12.42
2025-03-24 09:00:00+00:00,279.3446,14.411245
2025-03-24 10:00:00+00:00,289.51596,15.086748
2025-03-24 11:00:00+00:00,299.52127,17.169018
2025-03-24 12:00:00+00:00,309.49957,17.262178
2025-03-24 13:00:00+00:00,306.98886,17.352036
2025-03-24 14:00:00+00:00,307.40543,15.408671
2025-03-24 15:00:00+00:00,340.8209,8.766573
2025-03-24 16:00:00+00:00,46.468742,4.965521
2025-03-24 17:00:00+00:00,69.775055,3.644722
2025-03-24 18:00:00+00:00,341.56494,1.1384199
2025-03-24 19:00:00+00:00,310.60123,1.659518
2025-03-24 20:00:00+00:00,347.4712,3.319036
2025-03-24 21:00:00+00:00,319.23648,6.8919086
2025-03-24 22:00:00+00:00,320.59937,6.522361
2025-03-24 23:00:00+00:00,332.6502,5.8769383
2025-03-25 00:00:00+00:00,355.23645,4.3349743
2025-03-25 01:00:00+00:00,348.6901,3.671294
2025-03-25 02:00:00+00:00,338.45895,7.353611
2025-03-25 03:00:00+00:00,339.6768,5.1826253
2025-03-25 04:00:00+00:00,319.53784,8.043805
2025-03-25 05:00:00+00:00,308.48022,8.967541
2025-03-25 06:00:00+00:00,298.30066,10.630672
2025-03-25 07:00:00+00:00,296.56497,14.087229
2025-03-25 08:00:00+00:00,300.85413,16.144905
2025-03-25 09:00:00+00:00,301.80933,16.733225
2025-03-25 10:00:00+00:00,301.80933,16.733225
2025-03-25 11:00:00+00:00,298.51114,16.59225
2025-03-25 12:00:00+00:00,294.28583,16.192997
2025-03-25 13:00:00+00:00,293.2946,14.1102085
2025-03-25 14:00:00+00:00,295.2531,10.548061
2025-03-25 15:00:00+00:00,6.0089183,3.438895
2025-03-25 16:00:00+00:00,113.19862,1.3708391
2025-03-25 17:00:00+00:00,119.74479,1.4512063
2025-03-25 18:00:00+00:00,206.56499,0.40249225
2025-03-25 19:00:00+00:00,253.61038,3.189608
2025-03-25 20:00:00+00:00,221.18582,1.9134263
2025-03-25 21:00:00+00:00,261.87,1.2727921
2025-03-25 22:00:00+00:00,11.3098955,1.835647
2025-03-25 23:00:00+00:00,77.4712,1.659518
2025-03-26 00:00:00+00:00,108.43504,2.8460498
2025-03-26 01:00:00+00:00,180.0,0.9
2025-03-26 02:00:00+00:00,148.39255,2.7475805
2025-03-26 03:00:00+00:00,201.80147,1.9386592
2025-03-26 04:00:00+00:00,250.20103,4.7827187
2025-03-26 05:00:00+00:00,266.09958,7.9383874
2025-03-26 06:00:00+00:00,275.90604,10.495713
2025-03-26 07:00:00+00:00,284.4208,13.009903
2025-03-26 08:00:00+00:00,291.28647,14.874796
2025-03-26 09:00:00+00:00,298.7202,14.98331
2025-03-26 10:00:00+00:00,303.4952,14.677452
2025-03-26 11:00:00+00:00,303.87857,15.176678
2025-03-26 12:00:00+00:00,305.04944,14.731435
2025-03-26 13:00:00+00:00,304.07724,14.77755
2025-03-26 14:00:00+00:00,306.55255,12.996201
2025-03-26 15:00:00+00:00,313.6029,10.44
2025-03-26 16:00:00+00:00,310.31403,7.7900705
2025-03-26 17:00:00+00:00,311.98712,4.8433046
2025-03-26 18:00:00+00:00,333.43503,2.0124612
2025-03-26 19:00:00+00:00,360.0,1.98
2025-03-26 20:00:00+00:00,47.72637,2.6758924
2025-03-26 21:00:00+00:00,48.01287,2.4216523
2025-03-26 22:00:00+00:00,347.00537,2.4014995
2025-03-26 23:00:00+00:00,351.87,2.5455842
2025-03-27 00:00:00+00:00,360.0,3.6
2025-03-27 01:00:00+00:00,7.59456,2.7238941
2025-03-27 02:00:00+00:00,32.905247,3.6447225
2025-03-27 03:00:00+00:00,18.435053,3.9844694
2025-03-27 04:00:00+00:00,320.7106,5.1165614
2025-03-27 05:00:00+00:00,300.96368,8.39657
2025-03-27 06:00:00+00:00,295.76926,11.592895
2025-03-27 07:00:00+00:00,296.56497,12.47726
2025-03-27 08:00:00+00:00,296.2413,14.248452
2025-03-27 09:00:00+00:00,300.21124,16.454992
2025-03-27 10:00:00+00:00,304.23752,15.676542
2025-03-27 11:00:00+00:00,311.05472,14.799459
2025-03-27 12:00:00+00:00,313.87677,12.984975
2025-03-27 13:00:00+00:00,314.02905,15.021105
2025-03-27 14:00:00+00:00,316.02295,14.2575445
2025-03-27 15:00:00+00:00,321.34018,10.373061
2025-03-27 16:00:00+00:00,327.42596,7.689603
2025-03-27 17:00:00+00:00,341.07526,6.66
2025-03-27 18:00:00+00:00,355.23645,6.5024605
2025-03-27 19:00:00+00:00,5.3557334,5.7852573
2025-03-27 20:00:00+00:00,10.61961,5.8603754
2025-03-27 21:00:00+00:00,14.036275,5.195113
2025-03-27 22:00:00+00:00,9.865748,4.2021422
2025-03-27 23:00:00+00:00,35.837746,3.9966483
2025-03-28 00:00:00+00:00,61.55718,4.913044
2025-03-28 01:00:00+00:00,59.03632,6.297428
2025-03-28 02:00:00+00:00,60.94549,5.5596404
2025-03-28 03:00:00+00:00,51.709793,4.3573384
2025-03-28 04:00:00+00:00,354.55975,3.7971036
2025-03-28 05:00:00+00:00,315.0001,4.8366103
2025-03-28 06:00:00+00:00,297.824,7.327127
2025-03-28 07:00:00+00:00,292.6199,11.7
2025-03-28 08:00:00+00:00,305.31128,15.881875
2025-03-28 09:00:00+00:00,313.31537,17.31746
2025-03-28 10:00:00+00:00,315.43073,16.928614
2025-03-28 11:00:00+00:00,316.29208,16.932442
2025-03-28 12:00:00+00:00,317.68384,16.309628
2025-03-28 13:00:00+00:00,320.44037,16.109749
2025-03-28 14:00:00+00:00,333.43503,14.087229
2025-03-28 15:00:00+00:00,345.1545,15.455911
2025-03-28 16:00:00+00:00,342.22858,14.743526
2025-03-28 17:00:00+00:00,350.2725,12.783802
2025-03-28 18:00:00+00:00,5.599257,9.224011
2025-03-28 19:00:00+00:00,2.7262611,7.5685663
2025-03-28 20:00:00+00:00,342.1496,11.157097
2025-03-28 21:00:00+00:00,338.05124,13.00243
2025-03-28 22:00:00+00:00,340.8802,14.288191
2025-03-28 23:00:00+00:00,344.87595,13.797913
2025-03-29 00:00:00+00:00,356.24832,11.003581
2025-03-29 01:00:00+00:00,346.86597,11.090103
2025-03-29 02:00:00+00:00,352.61404,9.801326
2025-03-29 03:00:00+00:00,3.0939984,6.6697226
2025-03-29 04:00:00+00:00,360.0,4.5
2025-03-29 05:00:00+00:00,327.99466,3.396233
2025-03-29 06:00:00+00:00,298.88647,5.9617786
2025-03-29 07:00:00+00:00,296.56497,10.464797
2025-03-29 08:00:00+00:00,302.98853,12.232057
2025-03-29 09:00:00+00:00,304.74326,13.581354
2025-03-29 10:00:00+00:00,309.09384,14.84318
2025-03-29 11:00:00+00:00,318.31104,15.426535
2025-03-29 12:00:00+00:00,322.74463,16.056362
2025-03-29 13:00:00+00:00,319.05365,16.204998
2025-03-29 14:00:00+00:00,331.9756,12.642357
2025-03-29 15:00:00+00:00,5.389229,9.582359
2025-03-29 16:00:00+00:00,18.853252,7.7983837
2025-03-29 17:00:00+00:00,5.572114,7.415038
2025-03-29 18:00:00+00:00,28.072395,3.06
2025-03-29 19:00:00+00:00,289.9832,8.427383
2025-03-29 20:00:00+00:00,312.8789,10.316686
2025-03-29 21:00:00+00:00,320.44037,10.739832
2025-03-29 22:00:00+00:00,327.99466,10.1887
2025-03-29 23:00:00+00:00,330.9455,9.2660675
2025-03-30 00:00:00+00:00,339.44388,7.689603
2025-03-30 01:00:00+00:00,336.5713,5.8852015
2025-03-30 02:00:00+00:00,352.40543,5.4477882
2025-03-30 03:00:00+00:00,2.1210518,4.8633323
2025-03-30 04:00:00+00:00,3.46817,5.950899
2025-03-30 05:00:00+00:00,3.2704222,6.310277
2025-03-30 06:00:00+00:00,317.1211,3.4388947
2025-03-30 07:00:00+00:00,283.0919,7.9465466
2025-03-30 08:00:00+00:00,296.23187,13.845967
2025-03-30 09:00:00+00:00,307.60605,16.813387
2025-03-30 10:00:00+00:00,318.01285,16.951565
2025-03-30 11:00:00+00:00,322.22424,18.218275
2025-03-30 12:00:00+00:00,326.65927,16.375053
2025-03-30 13:00:00+00:00,324.9041,16.279802
2025-03-30 14:00:00+00:00,335.62354,12.647482
2025-03-30 15:00:00+00:00,19.290138,3.8141315
2025-03-30 16:00:00+00:00,194.03627,0.742159
2025-03-30 17:00:00+00:00,263.29025,3.0811036
2025-03-30 18:00:00+00:00,289.44012,9.734987
2025-03-30 19:00:00+00:00,310.29205,10.855358
2025-03-30 20:00:00+00:00,333.43503,9.257321
2025-03-30 21:00:00+00:00,336.5014,9.028754
2025-03-30 22:00:00+00:00,341.86182,10.9859
2025-03-30 23:00:00+00:00,5.3144655,7.7734165
2025-03-31 00:00:00+00:00,96.581856,4.7110505
2025-03-31 01:00:00+00:00,96.340096,1.6299692
2025-03-31 02:00:00+00:00,323.97253,2.4482648
2025-03-31 03:00:00+00:00,323.13,1.8
2025-03-31 04:00:00+00:00,180.0,0.17999999
2025-03-31 05:00:00+00:00,257.90524,2.5772078
2025-03-31 06:00:00+00:00,273.3664,6.130579
2025-03-31 07:00:00+00:00,289.0578,10.474082
2025-03-31 08:00:00+00:00,308.32016,14.224556
2025-03-31 09:00:00+00:00,319.1183,15.951087
2025-03-31 10:00:00+00:00,319.92715,14.81915
2025-03-31 11:00:00+00:00,323.53067,15.444377
2025-03-31 12:00:00+00:00,324.30984,15.735336
2025-03-31 13:00:00+00:00,322.72174,15.156384
2025-03-31 14:00:00+00:00,334.1337,13.202726
2025-03-31 15:00:00+00:00,344.19742,9.914717
2025-03-31 16:00:00+00:00,310.36444,4.724786
2025-03-31 17:00:00+00:00,318.50363,6.248359
2025-03-31 18:00:00+00:00,321.34018,8.067936
2025-03-31 19:00:00+00:00,313.6029,5.22
2025-03-31 20:00:00+00:00,258.6901,2.7534704
2025-03-31 21:00:00+00:00,273.814,5.4119864
2025-03-31 22:00:00+00:00,265.03033,4.1556225
2025-03-31 23:00:00+00:00,26.564985,1.2074767
2025-04-01 00:00:00+00:00,78.6901,0.9178235
2025-04-01 01:00:00+00:00,119.05451,1.8532133
2025-04-01 02:00:00+00:00,109.653915,2.6758924
2025-04-01 03:00:00+00:00,4.085537,2.5264204
2025-04-01 04:00:00+00:00,329.3494,5.6492476
2025-04-01 05:00:00+00:00,327.72437,8.0899935
2025-04-01 06:00:00+00:00,335.46228,9.102021
2025-04-01 07:00:00+00:00,329.48984,11.7
2025-04-01 08:00:00+00:00,325.65384,13.0806875
2025-04-01 09:00:00+00:00,323.86453,14.041154
2025-04-01 10:00:00+00:00,309.8055,12.652604
2025-04-01 11:00:00+00:00,315.5456,13.3649235
2025-04-01 12:00:00+00:00,312.32452,13.633737
2025-04-01 13:00:00+00:00,331.32693,13.130133
2025-04-01 14:00:00+00:00,344.18073,11.225132
2025-04-01 15:00:00+00:00,340.44165,14.517644
2025-04-01 16:00:00+00:00,348.50345,10.837435
2025-04-01 17:00:00+00:00,13.736293,8.338489
2025-04-01 18:00:00+00:00,38.047092,5.257109
2025-04-01 19:00:00+00:00,99.46225,4.379589
2025-04-01 20:00:00+00:00,36.86999,0.9
2025-04-01 21:00:00+00:00,326.3099,1.9469976
2025-04-01 22:00:00+00:00,306.86996,0.9
2025-04-01 23:00:00+00:00,278.13,1.2727921
2025-04-02 00:00:00+00:00,333.43503,0.40249225
2025-04-02 01:00:00+00:00,135.0001,1.0182338
2025-04-02 02:00:00+00:00,97.853226,5.2694216
2025-04-02 03:00:00+00:00,122.00535,6.792466
2025-04-02 04:00:00+00:00,131.05472,7.3997297
2025-04-02 05:00:00+00:00,146.3099,5.8409934
2025-04-02 06:00:00+00:00,216.52895,6.048107
2025-04-02 07:00:00+00:00,247.3801,11.7
2025-04-02 08:00:00+00:00,249.44386,12.303366
2025-04-02 09:00:00+00:00,264.21768,14.292725
2025-04-02 10:00:00+00:00,269.326,15.301059
2025-04-02 11:00:00+00:00,273.22446,12.800265
2025-04-02 12:00:00+00:00,272.33725,8.827344
2025-04-02 13:00:00+00:00,291.99118,10.094454
2025-04-02 14:00:00+00:00,295.97433,7.8087645
2025-04-02 15:00:00+00:00,311.49637,6.248359
2025-04-02 16:00:00+00:00,135.0001,0.25455844
2025-04-02 17:00:00+00:00,157.1663,3.710795
2025-04-02 18:00:00+00:00,153.43501,5.634891
2025-04-02 19:00:00+00:00,154.7989,6.763786
2025-04-02 20:00:00+00:00,168.11136,6.9899354
2025-04-02 21:00:00+00:00,163.8865,8.431228
2025-04-02 22:00:00+00:00,164.3577,9.346143
2025-04-02 23:00:00+00:00,168.4399,8.083983
2025-04-03 00:00:00+00:00,180.0,5.7599998
2025-04-03 01:00:00+00:00,26.564985,0.40249225
2025-04-03 02:00:00+00:00,56.3099,1.9469976
2025-04-03 03:00:00+00:00,175.03035,4.1556225
2025-04-03 04:00:00+00:00,184.66678,8.849339
2025-04-03 05:00:00+00:00,204.70241,9.906544
2025-04-03 06:00:00+00:00,222.92996,10.571074
2025-04-03 07:00:00+00:00,226.39711,10.44
2025-04-03 08:00:00+00:00,212.9694,7.9383874
2025-04-03 09:00:00+00:00,216.25392,6.696387
2025-04-03 10:00:00+00:00,246.80139,9.595874
2025-04-03 11:00:00+00:00,258.85715,12.108261
2025-04-03 12:00:00+00:00,266.93356,10.094454
2025-04-03 13:00:00+00:00,290.40997,8.2584505
2025-04-03 14:00:00+00:00,278.74606,9.47012
2025-04-03 15:00:00+00:00,277.4313,8.350138
2025-04-03 16:00:00+00:00,271.63654,6.302571
2025-04-03 17:00:00+00:00,229.08571,3.572898
2025-04-03 18:00:00+00:00,205.34613,3.7842832
2025-04-03 19:00:00+00:00,189.46225,4.379589
2025-04-03 20:00:00+00:00,214.3804,4.143911
2025-04-03 21:00:00+00:00,226.39711,5.22
2025-04-03 22:00:00+00:00,270.0,5.9399996
2025-04-03 23:00:00+00:00,279.16226,5.6521144
2025-04-04 00:00:00+00:00,305.53775,4.6452556
2025-04-04 01:00:00+00:00,218.92755,6.015878
2025-04-04 02:00:00+00:00,224.9999,5.0911684
2025-04-04 03:00:00+00:00,204.77512,2.5772076
2025-04-04 04:00:00+00:00,202.24907,4.278551
2025-04-04 05:00:00+00:00,215.75398,5.5450516
2025-04-04 06:00:00+00:00,253.68607,7.689603
2025-04-04 07:00:00+00:00,270.90936,11.341428
2025-04-04 08:00:00+00:00,285.25516,12.313893
2025-04-04 09:00:00+00:00,300.69965,13.397612
2025-04-04 10:00:00+00:00,309.34048,14.197196
2025-04-04 11:00:00+00:00,318.42398,14.918297
2025-04-04 12:00:00+00:00,318.31104,15.426535
2025-04-04 13:00:00+00:00,314.49304,14.383114
2025-04-04 14:00:00+00:00,316.2188,11.966954
2025-04-04 15:00:00+00:00,331.8585,8.777654
2025-04-04 16:00:00+00:00,14.931467,5.5887027
2025-04-04 17:00:00+00:00,356.72958,6.310277
2025-04-04 18:00:00+00:00,356.53183,5.950899
2025-04-04 19:00:00+00:00,351.2539,4.73506
2025-04-04 20:00:00+00:00,353.88458,5.0688457
2025-04-04 21:00:00+00:00,335.32315,7.329338
2025-04-04 22:00:00+00:00,349.69522,6.037383
2025-04-04 23:00:00+00:00,350.53775,4.379589
2025-04-05 00:00:00+00:00,23.962492,5.318383
2025-04-05 01:00:00+00:00,27.645891,4.2671766
2025-04-05 02:00:00+00:00,31.263678,5.896202
2025-04-05 03:00:00+00:00,22.61991,4.6800003
2025-04-05 04:00:00+00:00,332.1028,3.4623692
2025-04-05 05:00:00+00:00,313.91916,6.7469993
2025-04-05 06:00:00+00:00,303.6901,9.734988
2025-04-05 07:00:00+00:00,305.80344,13.538345
2025-04-05 08:00:00+00:00,306.86996,15.299999
2025-04-05 09:00:00+00:00,306.3573,16.092644
2025-04-05 10:00:00+00:00,308.9458,16.895088
2025-04-05 11:00:00+00:00,312.11694,17.714231
2025-04-05 12:00:00+00:00,315.39508,18.455925
2025-04-05 13:00:00+00:00,308.19873,13.971757
2025-04-05 14:00:00+00:00,319.01425,14.545515
2025-04-05 15:00:00+00:00,320.30096,12.399113
2025-04-05 16:00:00+00:00,6.3401003,3.2599385
2025-04-05 17:00:00+00:00,104.03627,1.484318
2025-04-05 18:00:00+00:00,315.0001,2.5455842
2025-04-05 19:00:00+00:00,313.7812,5.983477
2025-04-05 20:00:00+00:00,321.34018,4.6102495
2025-04-05 21:00:00+00:00,306.86996,3.6
2025-04-05 22:00:00+00:00,14.036275,0.742159
2025-04-05 23:00:00+00:00,44.999897,0.25455844
2025-04-06 00:00:00+00:00,82.875084,1.4512063
2025-04-06 01:00:00+00:00,75.96373,2.968636
2025-04-06 02:00:00+00:00,73.73973,4.5
2025-04-06 03:00:00+00:00,71.564964,2.2768397
2025-04-06 04:00:00+00:00,116.56499,0.8049845
2025-04-06 05:00:00+00:00,233.13002,2.6999998
2025-04-06 06:00:00+00:00,244.09354,7.0038276
2025-04-06 07:00:00+00:00,251.24126,10.075177
2025-04-06 08:00:00+00:00,264.1227,12.304682
2025-04-06 09:00:00+00:00,275.12808,14.096425
2025-04-06 10:00:00+00:00,289.6539,16.055353
2025-04-06 11:00:00+00:00,303.6901,15.575981
2025-04-06 12:00:00+00:00,308.43732,14.477417
2025-04-06 13:00:00+00:00,277.98923,10.360559
2025-04-06 14:00:00+00:00,284.03625,5.937272
2025-04-06 15:00:00+00:00,270.0,0.0
2025-04-06 16:00:00+00:00,143.13002,2.6999998
2025-04-06 17:00:00+00:00,209.7448,1.4512063
2025-04-06 18:00:00+00:00,285.94547,1.3104197
2025-04-06 19:00:00+00:00,127.875046,2.0523157
2025-04-06 20:00:00+00:00,142.43134,2.9522195
2025-04-06 21:00:00+00:00,190.3048,2.0124612
2025-04-06 22:00:00+00:00,145.30478,2.8460495
2025-04-06 23:00:00+00:00,118.30067,2.657668
2025-04-07 00:00:00+00:00,111.03758,2.5071096
2025-04-07 01:00:00+00:00,90.0,2.52
2025-04-07 02:00:00+00:00,61.92762,3.06
2025-04-07 03:00:00+00:00,72.89719,2.4482646
2025-04-07 04:00:00+00:00,153.43501,0.40249225
2025-04-07 05:00:00+00:00,286.38962,3.189608
2025-04-07 06:00:00+00:00,273.094,6.6697226
2025-04-07 07:00:00+00:00,276.11542,10.1376915
2025-04-07 08:00:00+00:00,294.03427,14.584443
2025-04-07 09:00:00+00:00,310.94635,16.204998
2025-04-07 10:00:00+00:00,307.3759,16.308636
2025-04-07 11:00:00+00:00,305.34827,18.978693
2025-04-07 12:00:00+00:00,320.7487,19.06046
2025-04-07 13:00:00+00:00,328.51257,16.886456
2025-04-07 14:00:00+00:00,331.8439,14.49531
2025-04-07 15:00:00+00:00,340.3461,13.379461
2025-04-07 16:00:00+00:00,335.4926,13.451914
2025-04-07 17:00:00+00:00,338.4985,12.768586
2025-04-07 18:00:00+00:00,355.71094,7.2202215
2025-04-07 19:00:00+00:00,87.70944,4.503598
2025-04-07 20:00:00+00:00,360.0,3.96
2025-04-07 21:00:00+00:00,14.036275,6.6794305
2025-04-07 22:00:00+00:00,38.65983,5.7628117
2025-04-07 23:00:00+00:00,62.24156,3.8647635
2025-04-08 00:00:00+00:00,23.198618,1.3708391
2025-04-08 01:00:00+00:00,224.9999,0.76367533
2025-04-08 02:00:00+00:00,286.92758,4.327493
2025-04-08 03:00:00+00:00,338.9624,2.5071096
2025-04-08 04:00:00+00:00,331.9276,3.06
2025-04-08 05:00:00+00:00,276.3401,1.6299692
2025-04-08 06:00:00+00:00,261.57312,4.913044
2025-04-08 07:00:00+00:00,271.10168,9.36173
2025-04-08 08:00:00+00:00,293.80594,13.37825
2025-04-08 09:00:00+00:00,314.145,17.057314
2025-04-08 10:00:00+00:00,322.78348,17.856325
2025-04-08 11:00:00+00:00,325.52072,18.123774
2025-04-08 12:00:00+00:00,328.65045,18.337044
2025-04-08 13:00:00+00:00,326.45386,19.869423
2025-04-08 14:00:00+00:00,329.5067,18.800308
2025-04-08 15:00:00+00:00,334.68716,14.734735
2025-04-08 16:00:00+00:00,53.972538,2.4482648
2025-04-08 17:00:00+00:00,59.93151,3.9518096
2025-04-08 18:00:00+00:00,4.398633,2.3469126
2025-04-08 19:00:00+00:00,273.57626,2.8856194
2025-04-08 20:00:00+00:00,299.35767,3.3043609
2025-04-08 21:00:00+00:00,270.0,0.71999997
2025-04-08 22:00:00+00:00,135.0001,0.5091169
2025-04-08 23:00:00+00:00,125.537766,1.5484185
2025-04-09 00:00:00+00:00,122.27562,4.0449967
2025-04-09 01:00:00+00:00,152.59251,10.948973
2025-04-09 02:00:00+00:00,147.52882,9.387651
2025-04-09 03:00:00+00:00,149.23735,8.797931
2025-04-09 04:00:00+00:00,171.52895,8.553314
2025-04-09 05:00:00+00:00,190.78426,7.69592
2025-04-09 06:00:00+00:00,218.65984,8.067936
2025-04-09 07:00:00+00:00,243.90463,9.82114
2025-04-09 08:00:00+00:00,261.99536,11.633348
2025-04-09 09:00:00+00:00,280.49142,9.885262
2025-04-09 10:00:00+00:00,295.27768,14.33234
2025-04-09 11:00:00+00:00,306.86996,15.299999
2025-04-09 12:00:00+00:00,314.4544,13.3649235
2025-04-09 13:00:00+00:00,310.04965,16.22498
2025-04-09 14:00:00+00:00,321.13223,15.489414
2025-04-09 15:00:00+00:00,58.570484,3.7971041
2025-04-09 16:00:00+00:00,14.036275,0.742159
2025-04-09 17:00:00+00:00,195.94547,1.3104197
2025-04-09 18:00:00+00:00,213.6901,0.6489992
2025-04-09 19:00:00+00:00,161.56496,5.6920996
2025-04-09 20:00:00+00:00,177.33705,7.748368
2025-04-09 21:00:00+00:00,168.92984,8.43699
2025-04-09 22:00:00+00:00,177.03912,10.453957
2025-04-09 23:00:00+00:00,172.27826,10.717182
2025-04-10 00:00:00+00:00,162.97939,9.224011
2025-04-10 01:00:00+00:00,158.89508,10.99769
2025-04-10 02:00:00+00:00,168.15794,11.402683
2025-04-10 03:00:00+00:00,174.7262,11.749741
2025-04-10 04:00:00+00:00,180.0,12.24
2025-04-10 05:00:00+00:00,190.6196,11.720751
2025-04-10 06:00:00+00:00,208.30066,10.630672
2025-04-10 07:00:00+00:00,227.07004,10.571074
2025-04-10 08:00:00+00:00,239.67648,11.052058
2025-04-10 09:00:00+00:00,223.87679,6.4924874
2025-04-10 10:00:00+00:00,243.43501,10.464797
2025-04-10 11:00:00+00:00,269.1697,12.421304
2025-04-10 12:00:00+00:00,286.50443,10.137692
2025-04-10 13:00:00+00:00,266.186,10.823973
2025-04-10 14:00:00+00:00,262.23492,7.9932976
2025-04-10 15:00:00+00:00,246.50142,4.514377
2025-04-10 16:00:00+00:00,203.19862,1.3708391
2025-04-10 17:00:00+00:00,169.6952,2.0124612
2025-04-10 18:00:00+00:00,155.77226,3.9477081
2025-04-10 19:00:00+00:00,164.47583,3.362677
2025-04-10 20:00:00+00:00,151.38963,4.510787
2025-04-10 21:00:00+00:00,153.43501,6.439876
2025-04-10 22:00:00+00:00,148.73633,5.896202
2025-04-10 23:00:00+00:00,142.81522,6.552099
2025-04-11 00:00:00+00:00,137.29063,6.3690495
2025-04-11 01:00:00+00:00,132.87889,6.8777895
2025-04-11 02:00:00+00:00,139.08571,7.145796
2025-04-11 03:00:00+00:00,156.97447,7.823272
2025-04-11 04:00:00+00:00,176.56644,9.016185
2025-04-11 05:00:00+00:00,191.12915,11.190442
2025-04-11 06:00:00+00:00,203.7204,12.976239
2025-04-11 07:00:00+00:00,214.50858,13.979872
2025-04-11 08:00:00+00:00,226.02293,14.2575445
2025-04-11 09:00:00+00:00,232.56136,14.508715
2025-04-11 10:00:00+00:00,236.3099,14.277983
2025-04-11 11:00:00+00:00,235.45157,13.33094
2025-04-11 12:00:00+00:00,235.6196,12.431733
2025-04-11 13:00:00+00:00,238.49579,13.089354
2025-04-11 14:00:00+00:00,244.23071,11.592895
2025-04-11 15:00:00+00:00,244.7989,10.1456785
2025-04-11 16:00:00+00:00,247.5572,8.958504
2025-04-11 17:00:00+00:00,240.42226,7.6579366
2025-04-11 18:00:00+00:00,213.23172,6.2405767
2025-04-11 19:00:00+00:00,203.7495,4.91634
2025-04-11 20:00:00+00:00,210.46547,3.550155
2025-04-11 21:00:00+00:00,220.23628,3.0652893
2025-04-11 22:00:00+00:00,205.01686,2.97953
2025-04-11 23:00:00+00:00,201.03758,2.5071096
2025-04-12 00:00:00+00:00,172.87508,2.9024127
2025-04-12 01:00:00+00:00,160.82089,4.3832865
2025-04-12 02:00:00+00:00,150.75127,5.1575575
2025-04-12 03:00:00+00:00,175.4861,6.8612823
2025-04-12 04:00:00+00:00,194.32275,8.731391
2025-04-12 05:00:00+00:00,202.13554,11.465024
2025-04-12 06:00:00+00:00,209.53868,12.413477
2025-04-12 07:00:00+00:00,222.75424,12.992459
2025-04-12 08:00:00+00:00,243.10384,13.926464
2025-04-12 09:00:00+00:00,262.96216,14.690691
2025-04-12 10:00:00+00:00,267.27374,11.35285
2025-04-12 11:00:00+00:00,246.66594,9.997699
2025-04-12 12:00:00+00:00,237.20047,9.636307
2025-04-12 13:00:00+00:00,256.50424,9.255571
2025-04-12 14:00:00+00:00,259.69522,8.049845
2025-04-12 15:00:00+00:00,260.78903,6.7469993
2025-04-12 16:00:00+00:00,246.3706,6.28713
2025-04-12 17:00:00+00:00,232.12495,6.156947
2025-04-12 18:00:00+00:00,247.06787,5.0816135
2025-04-12 19:00:00+00:00,244.98314,2.97953
2025-04-12 20:00:00+00:00,241.38963,2.2553935
2025-04-12 21:00:00+00:00,303.6901,3.8939953
2025-04-12 22:00:00+00:00,315.0001,2.0364676
2025-04-12 23:00:00+00:00,44.999897,1.2727921
2025-04-13 00:00:00+00:00,111.3707,4.445672
2025-04-13 01:00:00+00:00,111.25058,3.4763772
2025-04-13 02:00:00+00:00,101.3099,3.671294
2025-04-13 03:00:00+00:00,90.0,2.16
2025-04-13 04:00:00+00:00,323.13,0.9
2025-04-13 05:00:00+00:00,272.3859,4.323748
2025-04-13 06:00:00+00:00,272.29056,9.007196
2025-04-13 07:00:00+00:00,282.09473,12.886039
2025-04-13 08:00:00+00:00,293.10635,14.677451
2025-04-13 09:00:00+00:00,299.42737,16.1198
2025-04-13 10:00:00+00:00,305.83774,15.986593
2025-04-13 11:00:00+00:00,309.71872,15.210799
2025-04-13 12:00:00+00:00,312.99045,14.51876
2025-04-13 13:00:00+00:00,304.34616,13.0806875
2025-04-13 14:00:00+00:00,307.04254,11.952054
2025-04-13 15:00:00+00:00,315.0001,12.218805
2025-04-13 16:00:00+00:00,321.45877,13.577776
2025-04-13 17:00:00+00:00,344.21918,8.604301
2025-04-13 18:00:00+00:00,353.517,7.970972
2025-04-13 19:00:00+00:00,353.41815,9.422101
2025-04-13 20:00:00+00:00,10.0805435,8.227004
2025-04-13 21:00:00+00:00,43.53127,4.965521
2025-04-13 22:00:00+00:00,75.46551,5.020677
2025-04-13 23:00:00+00:00,79.11452,4.7657523
2025-04-14 00:00:00+00:00,66.50142,4.514377
2025-04-14 01:00:00+00:00,43.602894,5.22
2025-04-14 02:00:00+00:00,41.49638,6.248359
2025-04-14 03:00:00+00:00,22.47948,5.6492476
2025-04-14 04:00:00+00:00,358.36346,6.302571
2025-04-14 05:00:00+00:00,335.46228,9.102021
2025-04-14 06:00:00+00:00,321.2156,12.931218
2025-04-14 07:00:00+00:00,315.43732,16.674063
2025-04-14 08:00:00+00:00,318.91833,18.626305
2025-04-14 09:00:00+00:00,319.1666,19.270092
2025-04-14 10:00:00+00:00,318.60138,18.23694
2025-04-14 11:00:00+00:00,317.15298,16.940096
2025-04-14 12:00:00+00:00,312.5529,14.905261
2025-04-14 13:00:00+00:00,310.67484,15.189484
2025-04-14 14:00:00+00:00,308.45374,15.629971
2025-04-14 15:00:00+00:00,314.11868,16.548256
2025-04-14 16:00:00+00:00,322.85324,14.904173
2025-04-14 17:00:00+00:00,335.40988,11.679213
2025-04-14 18:00:00+00:00,358.53122,7.0223074
2025-04-14 19:00:00+00:00,12.339083,5.896202
2025-04-14 20:00:00+00:00,26.564985,5.2323985
2025-04-14 21:00:00+00:00,27.645891,4.2671766
2025-04-14 22:00:00+00:00,42.709366,3.1845248
2025-04-14 23:00:00+00:00,58.392544,2.7475805
2025-04-15 00:00:00+00:00,53.13002,0.9
2025-04-15 01:00:00+00:00,9.462248,1.0948973
2025-04-15 02:00:00+00:00,360.0,4.14
2025-04-15 03:00:00+00:00,339.6768,5.1826253
2025-04-15 04:00:00+00:00,329.8587,6.452441
2025-04-15 05:00:00+00:00,313.31537,8.65873
2025-04-15 06:00:00+00:00,303.6901,12.979984
2025-04-15 07:00:00+00:00,304.43906,15.277749
2025-04-15 08:00:00+00:00,304.93936,16.029099
2025-04-15 09:00:00+00:00,304.23752,15.676542
2025-04-15 10:00:00+00:00,309.97086,15.971386
2025-04-15 11:00:00+00:00,308.08884,16.92383
2025-04-15 12:00:00+00:00,306.4914,16.344357
2025-04-15 13:00:00+00:00,314.06088,15.530151
2025-04-15 14:00:00+00:00,313.4519,14.133152
2025-04-15 15:00:00+00:00,317.43668,11.975074
2025-04-15 16:00:00+00:00,327.77127,9.7880945
2025-04-15 17:00:00+00:00,336.5713,5.8852015
2025-04-15 18:00:00+00:00,327.17145,6.6405115
2025-04-15 19:00:00+00:00,360.0,2.34
2025-04-15 20:00:00+00:00,30.963696,1.0495713
2025-04-15 21:00:00+00:00,113.19862,1.3708391
2025-04-15 22:00:00+00:00,131.18582,1.9134263
2025-04-15 23:00:00+00:00,131.63345,2.1674871
2025-04-16 00:00:00+00:00,135.0001,1.5273507
2025-04-16 01:00:00+00:00,135.0001,0.5091169
2025-04-16 02:00:00+00:00,104.03627,1.484318
2025-04-16 03:00:00+00:00,245.22488,2.5772076
2025-04-16 04:00:00+00:00,266.0549,5.232399
2025-04-16 05:00:00+00:00,274.08554,7.579261
2025-04-16 06:00:00+00:00,270.0,10.259999
2025-04-16 07:00:00+00:00,274.34317,14.260953
2025-04-16 08:00:00+00:00,278.32556,14.917212
2025-04-16 09:00:00+00:00,280.1246,15.359179
2025-04-16 10:00:00+00:00,283.52316,14.6254835
2025-04-16 11:00:00+00:00,285.10114,11.745604
2025-04-16 12:00:00+00:00,280.85635,13.379461
2025-04-16 13:00:00+00:00,285.852,15.156386
2025-04-16 14:00:00+00:00,286.04,14.98331
2025-04-16 15:00:00+00:00,287.6502,12.466867
2025-04-16 16:00:00+00:00,297.47433,10.144082
2025-04-16 17:00:00+00:00,304.8754,7.2403865
2025-04-16 18:00:00+00:00,317.72638,2.6758924
2025-04-16 19:00:00+00:00,308.65982,1.1525624
2025-04-16 20:00:00+00:00,338.19852,1.9386592
2025-04-16 21:00:00+00:00,360.0,0.17999999
2025-04-16 22:00:00+00:00,128.65984,2.3051248
2025-04-16 23:00:00+00:00,126.027466,2.4482648
2025-04-17 00:00:00+00:00,122.73522,2.995797
2025-04-17 01:00:00+00:00,118.30067,2.657668
2025-04-17 02:00:00+00:00,132.87889,3.4388947
2025-04-17 03:00:00+00:00,183.3664,3.0652895
2025-04-17 04:00:00+00:00,233.13002,3.6
2025-04-17 05:00:00+00:00,242.02061,6.5223618
2025-04-17 06:00:00+00:00,248.96242,10.028439
2025-04-17 07:00:00+00:00,256.75946,12.57426
2025-04-17 08:00:00+00:00,261.54504,13.466357
2025-04-17 09:00:00+00:00,265.81516,14.799459
2025-04-17 10:00:00+00:00,269.24615,13.681183
2025-04-17 11:00:00+00:00,274.63538,13.363711
2025-04-17 12:00:00+00:00,280.1246,15.359179
2025-04-17 13:00:00+00:00,288.01987,15.710607
2025-04-17 14:00:00+00:00,288.1528,11.555102
2025-04-17 15:00:00+00:00,290.97357,11.566313
2025-04-17 16:00:00+00:00,293.83875,8.461915
2025-04-17 17:00:00+00:00,301.26367,5.896202
2025-04-17 18:00:00+00:00,333.43503,1.609969
2025-04-17 19:00:00+00:00,11.3098955,1.835647
2025-04-17 20:00:00+00:00,44.999897,1.781909
2025-04-17 21:00:00+00:00,102.09474,2.5772078
2025-04-17 22:00:00+00:00,123.690094,2.5959969
2025-04-17 23:00:00+00:00,125.537766,3.096837
2025-04-18 00:00:00+00:00,139.39879,3.319036
2025-04-18 01:00:00+00:00,135.0001,3.8183763
2025-04-18 02:00:00+00:00,140.71062,5.1165614
2025-04-18 03:00:00+00:00,170.53775,5.4744864
2025-04-18 04:00:00+00:00,204.14554,5.7204895
2025-04-18 05:00:00+00:00,224.14499,8.528657
2025-04-18 06:00:00+00:00,238.39255,10.990322
2025-04-18 07:00:00+00:00,251.0534,12.750811
2025-04-18 08:00:00+00:00,262.30405,13.441071
2025-04-18 09:00:00+00:00,269.27478,14.221139
2025-04-18 10:00:00+00:00,274.4555,13.902014
2025-04-18 11:00:00+00:00,276.42865,12.860871
2025-04-18 12:00:00+00:00,282.04254,13.8037815
2025-04-18 13:00:00+00:00,289.0936,14.857362
2025-04-18 14:00:00+00:00,293.9625,12.409561
2025-04-18 15:00:00+00:00,301.29297,10.742848
2025-04-18 16:00:00+00:00,319.9698,5.876938
2025-04-18 17:00:00+00:00,329.03632,2.0991426
2025-04-18 18:00:00+00:00,63.435013,0.40249225
2025-04-18 19:00:00+00:00,102.09474,2.5772078
2025-04-18 20:00:00+00:00,124.69522,2.8460495
2025-04-18 21:00:00+00:00,155.55606,4.3498964
2025-04-18 22:00:00+00:00,163.73972,4.5
2025-04-18 23:00:00+00:00,155.55606,4.3498964
2025-04-19 00:00:00+00:00,147.99466,5.09435
2025-04-19 01:00:00+00:00,170.27249,6.391901
2025-04-19 02:00:00+00:00,168.11136,6.9899354
2025-04-19 03:00:00+00:00,181.36389,7.562142
2025-04-19 04:00:00+00:00,201.54105,7.353611
2025-04-19 05:00:00+00:00,216.38445,8.4963045
2025-04-19 06:00:00+00:00,227.1211,10.316686
2025-04-19 07:00:00+00:00,237.52882,11.734564
2025-04-19 08:00:00+00:00,252.3155,13.036026
2025-04-19 09:00:00+00:00,265.65683,14.260953
2025-04-19 10:00:00+00:00,277.8532,15.808263
2025-04-19 11:00:00+00:00,285.76724,15.898188
2025-04-19 12:00:00+00:00,287.74475,14.174356
2025-04-19 13:00:00+00:00,288.16605,12.124307
2025-04-19 14:00:00+00:00,293.5747,10.8015
2025-04-19 15:00:00+00:00,303.23172,12.4811535
2025-04-19 16:00:00+00:00,312.45514,11.466438
2025-04-19 17:00:00+00:00,332.74475,6.6818557
2025-04-19 18:00:00+00:00,350.9098,4.5572357
2025-04-19 19:00:00+00:00,356.6336,3.0652895
2025-04-19 20:00:00+00:00,6.3401003,4.8899083
2025-04-19 21:00:00+00:00,48.57643,4.080882
2025-04-19 22:00:00+00:00,74.57778,5.4149795
2025-04-19 23:00:00+00:00,81.57312,4.913044
2025-04-20 00:00:00+00:00,78.6901,3.671294
2025-04-20 01:00:00+00:00,59.420856,4.599695
2025-04-20 02:00:00+00:00,72.34979,4.1556225
2025-04-20 03:00:00+00:00,78.6901,1.835647
2025-04-20 04:00:00+00:00,245.22488,2.5772076
2025-04-20 05:00:00+00:00,248.74942,6.9527545
2025-04-20 06:00:00+00:00,251.87805,10.4166975
2025-04-20 07:00:00+00:00,256.373,12.224107
2025-04-20 08:00:00+00:00,262.1999,13.262714
2025-04-20 09:00:00+00:00,270.0,14.22
2025-04-20 10:00:00+00:00,277.82898,14.535487
2025-04-20 11:00:00+00:00,279.46225,14.2336645
2025-04-20 12:00:00+00:00,279.96375,13.523978
2025-04-20 13:00:00+00:00,285.32156,13.6242285
2025-04-20 14:00:00+00:00,288.43503,12.522619
2025-04-20 15:00:00+00:00,292.47946,11.298495
2025-04-20 16:00:00+00:00,296.56497,9.659814
2025-04-20 17:00:00+00:00,306.38446,8.4963045
2025-04-20 18:00:00+00:00,330.4613,6.2067385
2025-04-20 19:00:00+00:00,343.8107,5.8104043
2025-04-20 20:00:00+00:00,360.0,4.86
2025-04-20 21:00:00+00:00,360.0,5.3999996
2025-04-20 22:00:00+00:00,23.498587,4.514377
2025-04-20 23:00:00+00:00,57.99466,5.09435
2025-04-21 00:00:00+00:00,81.38444,6.0077944
2025-04-21 01:00:00+00:00,76.50425,4.6277857
2025-04-21 02:00:00+00:00,81.86999,3.8183763
2025-04-21 03:00:00+00:00,150.9455,1.8532133
2025-04-21 04:00:00+00:00,211.42952,3.7971041
2025-04-21 05:00:00+00:00,229.574,6.384293
2025-04-21 06:00:00+00:00,240.94548,9.2660675
2025-04-21 07:00:00+00:00,257.84506,11.968308
2025-04-21 08:00:00+00:00,272.32147,13.330941
2025-04-21 09:00:00+00:00,281.9969,14.721535
2025-04-21 10:00:00+00:00,291.42535,15.275627
2025-04-21 11:00:00+00:00,298.7797,14.581111
2025-04-21 12:00:00+00:00,303.887,14.527683
2025-04-21 13:00:00+00:00,302.64462,13.681184
2025-04-21 14:00:00+00:00,306.38446,12.744457
2025-04-21 15:00:00+00:00,312.16583,12.870944
2025-04-21 16:00:00+00:00,326.0409,10.63372
2025-04-21 17:00:00+00:00,357.3975,7.928178
2025-04-21 18:00:00+00:00,5.3144655,7.7734165
2025-04-21 19:00:00+00:00,12.200457,6.8138976
2025-04-21 20:00:00+00:00,21.501507,6.384293
2025-04-21 21:00:00+00:00,43.876797,6.4924874
2025-04-21 22:00:00+00:00,55.175446,5.0432134
2025-04-21 23:00:00+00:00,66.37061,3.143565
2025-04-22 00:00:00+00:00,87.13766,3.604497
2025-04-22 01:00:00+00:00,65.55606,2.1749482
2025-04-22 02:00:00+00:00,12.99463,2.4014995
2025-04-22 03:00:00+00:00,337.3801,4.6800003
2025-04-22 04:00:00+00:00,319.39877,4.978554
2025-04-22 05:00:00+00:00,292.16638,5.2478566
2025-04-22 06:00:00+00:00,281.53458,9.0018
2025-04-22 07:00:00+00:00,281.3099,12.849528
2025-04-22 08:00:00+00:00,284.70834,14.887859
2025-04-22 09:00:00+00:00,291.318,15.844089
2025-04-22 10:00:00+00:00,298.75702,16.836496
2025-04-22 11:00:00+00:00,308.26404,16.276815
2025-04-22 12:00:00+00:00,306.25394,16.740969
2025-04-22 13:00:00+00:00,308.86777,15.489414
2025-04-22 14:00:00+00:00,311.71066,11.091564
2025-04-22 15:00:00+00:00,329.03632,4.198285
2025-04-22 16:00:00+00:00,146.3099,1.2979984
2025-04-22 17:00:00+00:00,228.81418,1.9134263
2025-04-22 18:00:00+00:00,210.25635,2.50064
2025-04-22 19:00:00+00:00,210.96368,2.0991426
2025-04-22 20:00:00+00:00,176.186,2.7059932
2025-04-22 21:00:00+00:00,158.62932,4.445672
2025-04-22 22:00:00+00:00,177.13765,3.604497
2025-04-22 23:00:00+00:00,141.7098,4.3573384
2025-04-23 00:00:00+00:00,136.54811,4.7110505
2025-04-23 01:00:00+00:00,133.60289,5.22
2025-04-23 02:00:00+00:00,126.027466,4.8965297
2025-04-23 03:00:00+00:00,151.55717,4.913044
2025-04-23 04:00:00+00:00,180.0,5.04
2025-04-23 05:00:00+00:00,206.56499,6.037383
2025-04-23 06:00:00+00:00,231.34016,8.067936
2025-04-23 07:00:00+00:00,252.42865,11.328566
2025-04-23 08:00:00+00:00,265.23645,13.004921
2025-04-23 09:00:00+00:00,275.33206,13.558673
2025-04-23 10:00:00+00:00,287.79608,15.312701
2025-04-23 11:00:00+00:00,295.90643,14.007655
2025-04-23 12:00:00+00:00,304.03217,16.724508
2025-04-23 13:00:00+00:00,306.6214,16.596157
2025-04-23 14:00:00+00:00,311.18582,9.567131
2025-04-23 15:00:00+00:00,309.8055,4.2175345
2025-04-23 16:00:00+00:00,236.3099,1.2979984
2025-04-23 17:00:00+00:00,270.0,2.6999998
2025-04-23 18:00:00+00:00,259.3804,2.9301877
2025-04-23 19:00:00+00:00,198.43504,0.56920993
2025-04-23 20:00:00+00:00,108.43504,5.12289
2025-04-23 21:00:00+00:00,136.27295,5.728979
2025-04-23 22:00:00+00:00,162.12122,5.8631387
2025-04-23 23:00:00+00:00,166.67546,7.029225
2025-04-24 00:00:00+00:00,158.19853,8.723967
2025-04-24 01:00:00+00:00,145.1246,7.2403865
2025-04-24 02:00:00+00:00,158.74942,6.9527545
2025-04-24 03:00:00+00:00,175.23645,6.5024605
2025-04-24 04:00:00+00:00,195.01842,7.6409945
2025-04-24 05:00:00+00:00,215.2725,9.039514
2025-04-24 06:00:00+00:00,233.53067,10.296251
2025-04-24 07:00:00+00:00,247.71436,11.866355
2025-04-24 08:00:00+00:00,260.53775,13.138765
2025-04-24 09:00:00+00:00,272.20255,14.050382
2025-04-24 10:00:00+00:00,282.29526,14.369594
2025-04-24 11:00:00+00:00,289.1791,13.149859
2025-04-24 12:00:00+00:00,298.5513,13.934605
2025-04-24 13:00:00+00:00,296.2413,14.248452
2025-04-24 14:00:00+00:00,307.5042,9.7565975
2025-04-24 15:00:00+00:00,318.81418,5.7402787
2025-04-24 16:00:00+00:00,290.55612,3.0758414
2025-04-24 17:00:00+00:00,270.0,4.32
2025-04-24 18:00:00+00:00,230.19447,1.4058449
2025-04-24 19:00:00+00:00,150.2552,1.4512063
2025-04-24 20:00:00+00:00,155.22488,2.5772076
2025-04-24 21:00:00+00:00,180.0,3.2399998
2025-04-24 22:00:00+00:00,166.50426,4.6277857
2025-04-24 23:00:00+00:00,158.19853,3.8773184
2025-04-25 00:00:00+00:00,147.09476,3.6447225
2025-04-25 01:00:00+00:00,135.0001,2.5455842
2025-04-25 02:00:00+00:00,147.52882,2.3469129
2025-04-25 03:00:00+00:00,198.43504,2.2768397
2025-04-25 04:00:00+00:00,244.65387,3.7842832
2025-04-25 05:00:00+00:00,265.60138,7.040739
2025-04-25 06:00:00+00:00,273.01273,10.2742
2025-04-25 07:00:00+00:00,281.8024,12.32047
2025-04-25 08:00:00+00:00,286.16458,12.931218
2025-04-25 09:00:00+00:00,290.04532,14.178928
2025-04-25 10:00:00+00:00,292.21765,13.8049555
2025-04-25 11:00:00+00:00,296.56497,14.087229
2025-04-25 12:00:00+00:00,302.08215,14.233664
2025-04-25 13:00:00+00:00,315.48962,14.892213
2025-04-25 14:00:00+00:00,318.81418,11.480557
2025-04-25 15:00:00+00:00,332.176,7.327127
2025-04-25 16:00:00+00:00,325.40765,6.341009
2025-04-25 17:00:00+00:00,311.18582,5.7402787
2025-04-25 18:00:00+00:00,300.96368,2.0991426
2025-04-25 19:00:00+00:00,254.05453,2.6208394
2025-04-25 20:00:00+00:00,173.6599,1.6299692
2025-04-25 21:00:00+00:00,156.3706,3.143565
2025-04-25 22:00:00+00:00,156.80138,2.7416782
2025-04-25 23:00:00+00:00,157.3801,2.3400002
2025-04-26 00:00:00+00:00,175.91446,2.5264204
2025-04-26 01:00:00+00:00,203.19862,5.4833565
2025-04-26 02:00:00+00:00,195.52417,3.362677
2025-04-26 03:00:00+00:00,213.11136,4.942631
2025-04-26 04:00:00+00:00,263.6599,4.8899083
2025-04-26 05:00:00+00:00,264.80566,7.9526596
2025-04-26 06:00:00+00:00,270.0,9.9
2025-04-26 07:00:00+00:00,281.3099,11.013882
2025-04-26 08:00:00+00:00,283.60056,11.481968
2025-04-26 09:00:00+00:00,281.76825,13.238261
2025-04-26 10:00:00+00:00,293.89517,15.553083
2025-04-26 11:00:00+00:00,298.4428,14.73913
2025-04-26 12:00:00+00:00,296.93945,12.3165245
2025-04-26 13:00:00+00:00,293.33405,9.997699
2025-04-26 14:00:00+00:00,290.07162,9.965239
2025-04-26 15:00:00+00:00,290.69553,8.65873
2025-04-26 16:00:00+00:00,299.0545,5.5596404
2025-04-26 17:00:00+00:00,286.6993,1.8792552
2025-04-26 18:00:00+00:00,270.0,1.4399999
2025-04-26 19:00:00+00:00,251.56496,0.56920993
2025-04-26 20:00:00+00:00,324.46225,1.5484185
2025-04-26 21:00:00+00:00,357.27374,3.7842832
2025-04-26 22:00:00+00:00,34.3804,4.143911
2025-04-26 23:00:00+00:00,79.380394,5.8603754
2025-04-27 00:00:00+00:00,106.38962,6.379216
2025-04-27 01:00:00+00:00,106.699326,5.637765
2025-04-27 02:00:00+00:00,100.12462,5.1197267
2025-04-27 03:00:00+00:00,79.69521,2.0124612
2025-04-27 04:00:00+00:00,251.56496,1.7076298
2025-04-27 05:00:00+00:00,259.046,5.6835546
2025-04-27 06:00:00+00:00,263.88458,10.1376915
2025-04-27 07:00:00+00:00,270.0,12.78
2025-04-27 08:00:00+00:00,276.0089,13.75558
2025-04-27 09:00:00+00:00,278.13,15.273505
2025-04-27 10:00:00+00:00,283.36023,14.800554
2025-04-27 11:00:00+00:00,290.94272,15.611304
2025-04-27 12:00:00+00:00,295.97433,15.617529
2025-04-27 13:00:00+00:00,303.13562,15.476859
2025-04-27 14:00:00+00:00,308.15726,12.819235
2025-04-27 15:00:00+00:00,315.0001,11.45513
2025-04-27 16:00:00+00:00,346.86597,5.5450516
2025-04-27 17:00:00+00:00,98.97255,3.462369
2025-04-27 18:00:00+00:00,196.69933,1.8792552
2025-04-27 19:00:00+00:00,141.34016,2.3051248
2025-04-27 20:00:00+00:00,177.87895,4.8633323
2025-04-27 21:00:00+00:00,192.72435,5.720489
2025-04-27 22:00:00+00:00,216.38445,4.2481523
2025-04-27 23:00:00+00:00,213.6901,3.244996
2025-04-28 00:00:00+00:00,180.0,3.06
2025-04-28 01:00:00+00:00,170.38034,10.7714615
2025-04-28 02:00:00+00:00,179.06084,10.981475
2025-04-28 03:00:00+00:00,184.76355,10.837435
2025-04-28 04:00:00+00:00,192.01146,8.649369
2025-04-28 05:00:00+00:00,210.73541,7.748368
2025-04-28 06:00:00+00:00,243.43501,8.854829
2025-04-28 07:00:00+00:00,256.86597,11.090103
2025-04-28 08:00:00+00:00,264.1227,12.304682
2025-04-28 09:00:00+00:00,270.80692,12.781267
2025-04-28 10:00:00+00:00,275.63058,12.841963
2025-04-28 11:00:00+00:00,290.29764,14.009968
2025-04-28 12:00:00+00:00,295.1329,16.104721
2025-04-28 13:00:00+00:00,287.928,12.864649
2025-04-28 14:00:00+00:00,284.74362,10.609316
2025-04-28 15:00:00+00:00,290.6745,10.196647
2025-04-28 16:00:00+00:00,313.66785,5.4744864
2025-04-28 17:00:00+00:00,14.743609,3.536439
2025-04-28 18:00:00+00:00,116.56499,0.8049845
2025-04-28 19:00:00+00:00,144.46223,3.096837
2025-04-28 20:00:00+00:00,169.21574,3.84796
2025-04-28 21:00:00+00:00,203.9625,1.7727944
2025-04-28 22:00:00+00:00,270.0,1.08
2025-04-28 23:00:00+00:00,90.0,0.71999997
2025-04-29 00:00:00+00:00,109.09359,4.952453
2025-04-29 01:00:00+00:00,135.0001,7.127636
2025-04-29 02:00:00+00:00,153.9967,8.211235
2025-04-29 03:00:00+00:00,175.23645,8.669949
2025-04-29 04:00:00+00:00,194.03627,8.905908
2025-04-29 05:00:00+00:00,208.36896,10.228373
2025-04-29 06:00:00+00:00,220.50276,11.362834
2025-04-29 07:00:00+00:00,230.82635,12.538134
2025-04-29 08:00:00+00:00,244.11302,13.60519
2025-04-29 09:00:00+00:00,255.96373,14.101021
2025-04-29 10:00:00+00:00,261.43094,13.288341
2025-04-29 11:00:00+00:00,258.0239,12.144331
2025-04-29 12:00:00+00:00,270.0,12.959999
2025-04-29 13:00:00+00:00,274.96964,12.466867
2025-04-29 14:00:00+00:00,274.66678,8.849339
2025-04-29 15:00:00+00:00,276.78888,7.613382
2025-04-29 16:00:00+00:00,275.35574,5.7852573
2025-04-29 17:00:00+00:00,279.46225,4.379589
2025-04-29 18:00:00+00:00,270.0,0.17999999
2025-04-29 19:00:00+00:00,66.801384,1.3708391
2025-04-29 20:00:00+00:00,71.564964,0.56920993
2025-04-29 21:00:00+00:00,104.03627,0.742159
2025-04-29 22:00:00+00:00,136.46873,4.965521
2025-04-29 23:00:00+00:00,125.537766,3.096837
2025-04-30 00:00:00+00:00,135.0001,4.3274937
2025-04-30 01:00:00+00:00,182.60251,3.964089
2025-04-30 02:00:00+00:00,192.33908,5.896202
2025-04-30 03:00:00+00:00,206.56499,6.439876
2025-04-30 04:00:00+00:00,217.47626,6.804381
2025-04-30 05:00:00+00:00,228.36655,8.669949
2025-04-30 06:00:00+00:00,234.46223,10.83893
2025-04-30 07:00:00+00:00,248.52315,11.799271
2025-04-30 08:00:00+00:00,265.36462,13.363711
2025-04-30 09:00:00+00:00,276.78888,15.226764
2025-04-30 10:00:00+00:00,279.96375,13.523978
2025-04-30 11:00:00+00:00,273.46817,11.901798
2025-04-30 12:00:00+00:00,278.8067,12.93247
2025-04-30 13:00:00+00:00,288.6768,13.4903965
2025-04-30 14:00:00+00:00,295.90643,14.007655
2025-04-30 15:00:00+00:00,303.6901,12.330985
2025-04-30 16:00:00+00:00,312.8789,10.316686
2025-04-30 17:00:00+00:00,335.22488,5.154415
2025-04-30 18:00:00+00:00,26.564985,2.8174455
2025-04-30 19:00:00+00:00,41.98713,2.4216523
2025-04-30 20:00:00+00:00,44.999897,1.781909
2025-04-30 21:00:00+00:00,122.00535,3.396233
2025-04-30 22:00:00+00:00,128.15727,3.2048087
2025-04-30 23:00:00+00:00,135.0001,2.2910259
2025-05-01 00:00:00+00:00,142.12495,2.0523157
2025-05-01 01:00:00+00:00,147.26479,2.995797
2025-05-01 02:00:00+00:00,128.65984,2.3051248
2025-05-01 03:00:00+00:00,264.80566,1.9881649
2025-05-01 04:00:00+00:00,270.0,3.4199998
2025-05-01 05:00:00+00:00,264.14407,7.0568266
2025-05-01 06:00:00+00:00,261.46933,10.920824
2025-05-01 07:00:00+00:00,266.1346,13.350371
2025-05-01 08:00:00+00:00,272.8985,14.238215
2025-05-01 09:00:00+00:00,282.1549,11.968308
2025-05-01 10:00:00+00:00,281.3099,11.9317045
2025-05-01 11:00:00+00:00,286.38962,15.94804
2025-05-01 12:00:00+00:00,290.0311,18.392618
2025-05-01 13:00:00+00:00,298.1415,17.555307
2025-05-01 14:00:00+00:00,296.1615,11.431062
2025-05-01 15:00:00+00:00,296.56497,8.049845
2025-05-01 16:00:00+00:00,330.75128,5.1575575
2025-05-01 17:00:00+00:00,349.69522,2.0124612
2025-05-01 18:00:00+00:00,78.6901,1.835647
2025-05-01 19:00:00+00:00,73.300674,1.8792552
2025-05-01 20:00:00+00:00,90.0,1.6199999
2025-05-01 21:00:00+00:00,131.63345,2.1674871
2025-05-01 22:00:00+00:00,84.2895,1.8089776
2025-05-01 23:00:00+00:00,116.56499,1.2074767
2025-05-02 00:00:00+00:00,90.0,0.35999998
2025-05-02 01:00:00+00:00,102.5288,1.659518
2025-05-02 02:00:00+00:00,150.2552,2.9024127
2025-05-02 03:00:00+00:00,201.25058,3.4763772
2025-05-02 04:00:00+00:00,233.13002,4.5
2025-05-02 05:00:00+00:00,249.27435,7.120815
2025-05-02 06:00:00+00:00,257.00537,9.605998
2025-05-02 07:00:00+00:00,268.23764,11.705537
2025-05-02 08:00:00+00:00,275.33206,13.558673
2025-05-02 09:00:00+00:00,279.3446,14.411245
2025-05-02 10:00:00+00:00,277.80008,13.262714
2025-05-02 11:00:00+00:00,280.66974,12.638512
2025-05-02 12:00:00+00:00,280.82297,12.461669
2025-05-02 13:00:00+00:00,291.80148,11.631956
2025-05-02 14:00:00+00:00,294.65588,12.081473
2025-05-02 15:00:00+00:00,302.1712,13.184308
2025-05-02 16:00:00+00:00,312.22076,13.125196
2025-05-02 17:00:00+00:00,320.7106,7.674842
2025-05-02 18:00:00+00:00,310.73203,8.55142
2025-05-02 19:00:00+00:00,337.3801,4.6800003
2025-05-02 20:00:00+00:00,74.74483,4.1046314
2025-05-02 21:00:00+00:00,72.89719,2.4482646
2025-05-02 22:00:00+00:00,42.709366,3.1845248
2025-05-02 23:00:00+00:00,50.194473,4.2175345
2025-05-03 00:00:00+00:00,40.601215,3.319036
2025-05-03 01:00:00+00:00,83.659904,1.6299692
2025-05-03 02:00:00+00:00,148.39255,2.7475805
2025-05-03 03:00:00+00:00,196.26028,4.5
2025-05-03 04:00:00+00:00,210.73541,7.748368
2025-05-03 05:00:00+00:00,224.9999,9.92778
2025-05-03 06:00:00+00:00,235.58157,11.782784
2025-05-03 07:00:00+00:00,240.35022,13.462749
2025-05-03 08:00:00+00:00,239.39366,14.848635
2025-05-03 09:00:00+00:00,241.07367,15.629971
2025-05-03 10:00:00+00:00,241.33614,15.385525
2025-05-03 11:00:00+00:00,244.38455,14.572221
2025-05-03 12:00:00+00:00,249.17903,13.672893
2025-05-03 13:00:00+00:00,249.73422,12.472065
2025-05-03 14:00:00+00:00,249.55037,11.334285
2025-05-03 15:00:00+00:00,246.66594,9.997699
2025-05-03 16:00:00+00:00,234.46223,9.290511
2025-05-03 17:00:00+00:00,242.24155,7.729527
2025-05-03 18:00:00+00:00,268.26434,5.9427266
2025-05-03 19:00:00+00:00,270.0,4.32
2025-05-03 20:00:00+00:00,231.34016,3.4576871
2025-05-03 21:00:00+00:00,231.84273,3.2048087
2025-05-03 22:00:00+00:00,261.57312,4.913044
2025-05-03 23:00:00+00:00,258.23172,4.412754
2025-05-04 00:00:00+00:00,226.8476,3.9477081
2025-05-04 01:00:00+00:00,220.81499,5.2323985
2025-05-04 02:00:00+00:00,234.63745,6.8423676
2025-05-04 03:00:00+00:00,240.2552,8.707237
2025-05-04 04:00:00+00:00,239.98172,9.354806
2025-05-04 05:00:00+00:00,241.69934,10.630672
2025-05-04 06:00:00+00:00,253.0724,12.98248
2025-05-04 07:00:00+00:00,263.6599,14.669724
2025-05-04 08:00:00+00:00,265.81516,14.799459
2025-05-04 09:00:00+00:00,261.76447,13.822546
2025-05-04 10:00:00+00:00,262.8751,10.158444
2025-05-04 11:00:00+00:00,268.80655,8.641874
2025-05-04 12:00:00+00:00,276.70975,15.405519
2025-05-04 13:00:00+00:00,264.36942,12.841963
2025-05-04 14:00:00+00:00,266.53183,11.901798
2025-05-04 15:00:00+00:00,242.94948,9.499158
2025-05-04 16:00:00+00:00,243.43501,6.8423676
2025-05-04 17:00:00+00:00,246.25049,4.91634
2025-05-04 18:00:00+00:00,256.86597,5.5450516
2025-05-04 19:00:00+00:00,268.09088,5.4029994
2025-05-04 20:00:00+00:00,261.46933,3.6402748
2025-05-04 21:00:00+00:00,253.30067,3.7585104
2025-05-04 22:00:00+00:00,232.69597,4.752136
2025-05-04 23:00:00+00:00,249.44386,3.0758414
2025-05-05 00:00:00+00:00,224.9999,4.072935
2025-05-05 01:00:00+00:00,195.94547,3.9312592
2025-05-05 02:00:00+00:00,186.70975,3.0811036
2025-05-05 03:00:00+00:00,197.74477,4.724786
2025-05-05 04:00:00+00:00,223.45189,4.7110505
2025-05-05 05:00:00+00:00,248.74942,6.9527545
2025-05-05 06:00:00+00:00,250.6651,10.873251
2025-05-05 07:00:00+00:00,255.06853,13.971757
2025-05-05 08:00:00+00:00,255.2564,14.145756
2025-05-05 09:00:00+00:00,237.52882,9.387651
2025-05-05 10:00:00+00:00,220.60121,9.957108
2025-05-05 11:00:00+00:00,248.33397,14.138882
2025-05-05 12:00:00+00:00,265.76367,14.619946
2025-05-05 13:00:00+00:00,268.56793,14.404499
2025-05-05 14:00:00+00:00,270.0,12.599999
2025-05-05 15:00:00+00:00,277.76508,11.989945
2025-05-05 16:00:00+00:00,268.727,8.101999
2025-05-05 17:00:00+00:00,246.44772,7.6579366
2025-05-05 18:00:00+00:00,249.90468,7.8583965
2025-05-05 19:00:00+00:00,270.0,7.02
2025-05-05 20:00:00+00:00,259.56256,6.9550843
2025-05-05 21:00:00+00:00,293.07043,10.564942
2025-05-05 22:00:00+00:00,81.67444,7.458606
2025-05-05 23:00:00+00:00,95.355736,5.7852573
2025-05-06 00:00:00+00:00,128.23387,7.562142
2025-05-06 01:00:00+00:00,338.19852,0.9693296
2025-05-06 02:00:00+00:00,183.57626,2.8856194
2025-05-06 03:00:00+00:00,214.3804,4.143911
2025-05-06 04:00:00+00:00,237.99466,6.792466
2025-05-06 05:00:00+00:00,242.04912,9.984729
2025-05-06 06:00:00+00:00,223.3317,13.115319
2025-05-06 07:00:00+00:00,222.5529,14.905261
2025-05-06 08:00:00+00:00,230.01317,14.565548
2025-05-06 09:00:00+00:00,236.86438,15.476859
2025-05-06 10:00:00+00:00,241.69934,15.94601
2025-05-06 11:00:00+00:00,333.88614,10.223619
2025-05-06 12:00:00+00:00,218.65984,3.4576871
2025-05-06 13:00:00+00:00,270.0,10.440001
2025-05-06 14:00:00+00:00,273.63287,11.362834
2025-05-06 15:00:00+00:00,258.9965,6.601363
2025-05-06 16:00:00+00:00,271.97488,5.223103
2025-05-06 17:00:00+00:00,260.53775,5.4744864
2025-05-06 18:00:00+00:00,240.2552,5.8048253
2025-05-06 19:00:00+00:00,211.21834,6.945761
2025-05-06 20:00:00+00:00,192.40741,9.215226
2025-05-06 21:00:00+00:00,188.91484,9.292254
2025-05-06 22:00:00+00:00,204.22774,7.8954163
2025-05-06 23:00:00+00:00,229.23648,6.8919086
2025-05-07 00:00:00+00:00,206.56499,6.439876
2025-05-07 01:00:00+00:00,127.23492,5.6521144
2025-05-07 02:00:00+00:00,125.90981,6.444905
2025-05-07 03:00:00+00:00,170.21767,5.297018
2025-05-07 04:00:00+00:00,186.78888,7.613382
2025-05-07 05:00:00+00:00,191.30989,10.096059
2025-05-07 06:00:00+00:00,221.72942,8.92408
2025-05-07 07:00:00+00:00,255.8219,17.637245
2025-05-07 08:00:00+00:00,252.47433,14.345898
2025-05-07 09:00:00+00:00,231.76613,15.124284
2025-05-07 10:00:00+00:00,224.42136,12.601285
2025-05-07 11:00:00+00:00,223.66785,10.948973
2025-05-07 12:00:00+00:00,254.89885,11.745604
2025-05-07 13:00:00+00:00,259.07724,10.449306
2025-05-07 14:00:00+00:00,248.40463,9.292255
2025-05-07 15:00:00+00:00,229.08571,7.145796
2025-05-07 16:00:00+00:00,228.17992,9.178235
2025-05-07 17:00:00+00:00,214.56259,9.835975
2025-05-07 18:00:00+00:00,200.44963,11.334285
2025-05-07 19:00:00+00:00,194.57425,9.299225
2025-05-07 20:00:00+00:00,216.86998,11.7
2025-05-07 21:00:00+00:00,311.37842,10.075177
2025-05-07 22:00:00+00:00,190.3048,8.049845
2025-05-07 23:00:00+00:00,210.96368,13.644427
2025-05-08 00:00:00+00:00,199.09358,9.904906
2025-05-08 01:00:00+00:00,156.3706,3.143565
2025-05-08 02:00:00+00:00,135.0001,4.072935
2025-05-08 03:00:00+00:00,160.90642,4.952453
2025-05-08 04:00:00+00:00,188.39284,11.098865
2025-05-08 05:00:00+00:00,178.727,8.101999
2025-05-08 06:00:00+00:00,197.19862,7.9138603
2025-05-08 07:00:00+00:00,213.6901,10.383987
2025-05-08 08:00:00+00:00,224.9999,13.746156
2025-05-08 09:00:00+00:00,232.81522,13.104198
2025-05-08 10:00:00+00:00,215.88223,10.441551
2025-05-08 11:00:00+00:00,210.96368,10.495713
2025-05-08 12:00:00+00:00,215.28683,14.33347
2025-05-08 13:00:00+00:00,220.76352,6.8919086
2025-05-08 14:00:00+00:00,212.00534,6.792466
2025-05-08 15:00:00+00:00,206.02953,8.61371
2025-05-08 16:00:00+00:00,193.06932,10.3480425
2025-05-08 17:00:00+00:00,191.5138,9.919618
2025-05-08 18:00:00+00:00,176.82024,9.734988
2025-05-08 19:00:00+00:00,168.27492,9.743305
2025-05-08 20:00:00+00:00,181.87784,10.9859
2025-05-08 21:00:00+00:00,185.29,9.761578
2025-05-08 22:00:00+00:00,169.3804,8.790563
2025-05-08 23:00:00+00:00,152.92801,9.096681
2025-05-09 00:00:00+00:00,150.1241,9.7565975
2025-05-09 01:00:00+00:00,157.75093,4.278551
2025-05-09 02:00:00+00:00,143.53067,5.1481256
2025-05-09 03:00:00+00:00,159.77505,7.289444
2025-05-09 04:00:00+00:00,192.8477,10.5234585
2025-05-09 05:00:00+00:00,190.3048,12.074766
2025-05-09 06:00:00+00:00,206.96564,11.511559
2025-05-09 07:00:00+00:00,214.91948,11.634741
2025-05-09 08:00:00+00:00,217.27826,15.156384
2025-05-09 09:00:00+00:00,213.95909,10.63372
2025-05-09 10:00:00+00:00,216.86998,11.7
2025-05-09 11:00:00+00:00,217.6943,10.009036
2025-05-09 12:00:00+00:00,206.99576,10.706596
2025-05-09 13:00:00+00:00,202.50357,13.638489
2025-05-09 14:00:00+00:00,206.21132,13.040997
2025-05-09 15:00:00+00:00,219.14398,9.97986
2025-05-09 16:00:00+00:00,207.1496,7.889259
2025-05-09 17:00:00+00:00,242.5925,5.4744864
2025-05-09 18:00:00+00:00,263.6599,1.6299692
2025-05-09 19:00:00+00:00,320.1945,1.4058449
2025-05-09 20:00:00+00:00,30.963696,1.0495713
2025-05-09 21:00:00+00:00,51.842735,3.2048087
2025-05-09 22:00:00+00:00,62.02062,6.5223618
2025-05-09 23:00:00+00:00,67.01126,6.452441
2025-05-10 00:00:00+00:00,70.559875,6.489992
2025-05-10 01:00:00+00:00,98.13002,6.3639607
2025-05-10 02:00:00+00:00,107.241554,5.4656014
2025-05-10 03:00:00+00:00,129.80553,5.6233797
2025-05-10 04:00:00+00:00,159.07542,6.5520988
2025-05-10 05:00:00+00:00,181.273,8.101999
2025-05-10 06:00:00+00:00,207.12122,8.29173
2025-05-10 07:00:00+00:00,228.81418,9.567131
2025-05-10 08:00:00+00:00,239.03632,11.545284
2025-05-10 09:00:00+00:00,242.62238,11.351422
2025-05-10 10:00:00+00:00,239.34941,11.298495
2025-05-10 11:00:00+00:00,245.82089,9.668195
2025-05-10 12:00:00+00:00,241.0491,9.668195
2025-05-10 13:00:00+00:00,261.87,7.6367526
2025-05-10 14:00:00+00:00,265.91446,5.0528407
2025-05-10 15:00:00+00:00,270.0,4.5
2025-05-10 16:00:00+00:00,275.44025,3.7971036
2025-05-10 17:00:00+00:00,281.88864,3.4949677
2025-05-10 18:00:00+00:00,277.1249,2.9024127
2025-05-10 19:00:00+00:00,299.74478,1.4512063
2025-05-10 20:00:00+00:00,360.0,1.4399999
2025-05-10 21:00:00+00:00,41.63345,2.1674871
2025-05-10 22:00:00+00:00,40.236294,3.0652893
2025-05-10 23:00:00+00:00,23.629398,3.143565
2025-05-11 00:00:00+00:00,49.398785,3.319036
2025-05-11 01:00:00+00:00,120.96369,2.0991426
2025-05-11 02:00:00+00:00,113.198616,4.1125174
2025-05-11 03:00:00+00:00,97.12492,4.353619
2025-05-11 04:00:00+00:00,119.74479,4.3536186
2025-05-11 05:00:00+00:00,165.37909,4.278551
2025-05-11 06:00:00+00:00,208.07239,6.12
2025-05-11 07:00:00+00:00,236.6336,8.836514
2025-05-11 08:00:00+00:00,248.70258,11.39842
2025-05-11 09:00:00+00:00,262.23492,11.989945
2025-05-11 10:00:00+00:00,266.12155,10.644379
2025-05-11 11:00:00+00:00,267.08923,10.63372
2025-05-11 12:00:00+00:00,263.6599,8.149847
2025-05-11 13:00:00+00:00,284.32275,8.731391
2025-05-11 14:00:00+00:00,278.32556,7.458606
2025-05-11 15:00:00+00:00,268.31534,6.122647
2025-05-11 16:00:00+00:00,268.02512,5.223103
2025-05-11 17:00:00+00:00,250.70985,3.8141315
2025-05-11 18:00:00+00:00,254.47583,3.362677
2025-05-11 19:00:00+00:00,251.56496,2.2768397
2025-05-11 20:00:00+00:00,200.55612,1.5379207
2025-05-11 21:00:00+00:00,169.6952,2.0124612
2025-05-11 22:00:00+00:00,143.13002,2.6999998
2025-05-11 23:00:00+00:00,154.65387,3.7842832
2025-05-12 00:00:00+00:00,167.00539,2.4014995
2025-05-12 01:00:00+00:00,97.12492,2.9024127
2025-05-12 02:00:00+00:00,125.21768,3.745557
2025-05-12 03:00:00+00:00,162.25523,4.724786
2025-05-12 04:00:00+00:00,176.6336,6.130579
2025-05-12 05:00:00+00:00,197.52567,7.172949
2025-05-12 06:00:00+00:00,219.20718,8.827344
2025-05-12 07:00:00+00:00,237.31944,11.334285
2025-05-12 08:00:00+00:00,249.07542,13.1041975
2025-05-12 09:00:00+00:00,261.51114,12.193588
2025-05-12 10:00:00+00:00,270.0,12.78
2025-05-12 11:00:00+00:00,273.22446,12.800265
2025-05-12 12:00:00+00:00,281.94415,9.56713
2025-05-12 13:00:00+00:00,307.0566,11.052058
2025-05-12 14:00:00+00:00,316.5911,9.167638
2025-05-12 15:00:00+00:00,338.42862,8.322932
2025-05-12 16:00:00+00:00,342.072,6.4323244
2025-05-12 17:00:00+00:00,331.55716,4.913044
2025-05-12 18:00:00+00:00,340.55988,3.244996
2025-05-12 19:00:00+00:00,353.6599,1.6299692
2025-05-12 20:00:00+00:00,324.46225,1.5484185
2025-05-12 21:00:00+00:00,315.0001,2.5455842
2025-05-12 22:00:00+00:00,333.43503,2.0124612
2025-05-12 23:00:00+00:00,347.00537,2.4014995
2025-05-13 00:00:00+00:00,351.2539,2.36753
2025-05-13 01:00:00+00:00,327.26477,2.995797
2025-05-13 02:00:00+00:00,360.0,2.34
2025-05-13 03:00:00+00:00,315.0001,2.0364676
2025-05-13 04:00:00+00:00,288.43503,3.4152596
2025-05-13 05:00:00+00:00,282.5288,4.9785542
2025-05-13 06:00:00+00:00,275.5721,7.415038
2025-05-13 07:00:00+00:00,276.70975,12.324414
2025-05-13 08:00:00+00:00,290.3232,10.365251
2025-05-13 09:00:00+00:00,288.9466,12.750811
2025-05-13 10:00:00+00:00,296.56497,11.269782
2025-05-13 11:00:00+00:00,293.4047,13.141232
2025-05-13 12:00:00+00:00,299.44534,12.815443
2025-05-13 13:00:00+00:00,318.53238,10.32924
2025-05-13 14:00:00+00:00,323.42688,6.9480934
2025-05-13 15:00:00+00:00,313.66785,5.4744864
2025-05-13 16:00:00+00:00,304.21576,5.441838
2025-05-13 17:00:00+00:00,306.86996,5.3999996
2025-05-13 18:00:00+00:00,311.49637,6.248359
2025-05-13 19:00:00+00:00,316.2188,5.983477
2025-05-13 20:00:00+00:00,323.61554,4.2481523
2025-05-13 21:00:00+00:00,319.63553,4.724786
2025-05-13 22:00:00+00:00,310.36444,4.724786
2025-05-13 23:00:00+00:00,353.41815,4.7110505
2025-05-14 00:00:00+00:00,322.59457,3.8521678
2025-05-14 01:00:00+00:00,40.030197,5.876938
2025-05-14 02:00:00+00:00,30.465475,3.550155
2025-05-14 03:00:00+00:00,59.93151,3.9518096
2025-05-14 04:00:00+00:00,296.56497,0.40249225
2025-05-14 05:00:00+00:00,284.03625,6.6794305
2025-05-14 06:00:00+00:00,279.27252,8.936778
2025-05-14 07:00:00+00:00,279.30988,11.126562
2025-05-14 08:00:00+00:00,280.6196,11.720751
2025-05-14 09:00:00+00:00,281.8024,12.32047
2025-05-14 10:00:00+00:00,282.99463,12.007498
2025-05-14 11:00:00+00:00,287.87878,11.726277
2025-05-14 12:00:00+00:00,298.23734,11.032987
2025-05-14 13:00:00+00:00,311.72943,8.92408
2025-05-14 14:00:00+00:00,323.61554,8.4963045
2025-05-14 15:00:00+00:00,321.34018,6.9153743
2025-05-14 16:00:00+00:00,332.7005,6.279395
2025-05-14 17:00:00+00:00,321.07245,6.015878
2025-05-14 18:00:00+00:00,311.009,5.48631
2025-05-14 19:00:00+00:00,305.13428,5.9427266
2025-05-14 20:00:00+00:00,313.66785,5.4744864
2025-05-14 21:00:00+00:00,313.66785,5.4744864
2025-05-14 22:00:00+00:00,315.0001,5.3457265
2025-05-14 23:00:00+00:00,322.69595,4.752136
2025-05-15 00:00:00+00:00,329.03632,5.2478566
2025-05-15 01:00:00+00:00,219.80553,1.4058449
2025-05-15 02:00:00+00:00,224.9999,0.5091169
2025-05-15 03:00:00+00:00,229.39879,1.659518
2025-05-15 04:00:00+00:00,240.94548,3.7064266
2025-05-15 05:00:00+00:00,256.373,6.1120534
2025-05-15 06:00:00+00:00,264.50778,9.403169
2025-05-15 07:00:00+00:00,270.0,12.599999
2025-05-15 08:00:00+00:00,288.43503,11.953409
2025-05-15 09:00:00+00:00,281.59213,14.332341
2025-05-15 10:00:00+00:00,283.85144,13.533558
2025-05-15 11:00:00+00:00,292.6199,11.7
2025-05-15 12:00:00+00:00,303.6901,9.734988
2025-05-15 13:00:00+00:00,300.76263,8.797931
2025-05-15 14:00:00+00:00,314.02905,7.5105524
2025-05-15 15:00:00+00:00,311.009,5.48631
2025-05-15 16:00:00+00:00,307.87503,4.1046314
2025-05-15 17:00:00+00:00,295.01685,2.97953
2025-05-15 18:00:00+00:00,273.814,2.7059932
2025-05-15 19:00:00+00:00,270.0,3.7799997
2025-05-15 20:00:00+00:00,247.3801,4.6800003
2025-05-15 21:00:00+00:00,238.67136,4.846648
2025-05-15 22:00:00+00:00,249.14546,4.0449963
2025-05-15 23:00:00+00:00,252.64589,3.01735
2025-05-16 00:00:00+00:00,258.6901,1.835647
2025-05-16 01:00:00+00:00,215.75398,5.5450516
2025-05-16 02:00:00+00:00,222.08908,7.519175
2025-05-16 03:00:00+00:00,225.8813,8.274128
2025-05-16 04:00:00+00:00,232.43134,8.856658
2025-05-16 05:00:00+00:00,236.59215,10.134495
2025-05-16 06:00:00+00:00,243.43501,10.8672905
2025-05-16 07:00:00+00:00,242.6502,11.753877
2025-05-16 08:00:00+00:00,252.95088,14.120539
2025-05-16 09:00:00+00:00,259.76526,13.169555
2025-05-16 10:00:00+00:00,260.78903,13.493999
2025-05-16 11:00:00+00:00,272.6425,11.712455
2025-05-16 12:00:00+00:00,271.0809,9.5416975
2025-05-16 13:00:00+00:00,247.75093,8.557102
2025-05-16 14:00:00+00:00,236.3099,7.7879906
2025-05-16 15:00:00+00:00,229.08571,7.145796
2025-05-16 16:00:00+00:00,226.16905,6.2379804
2025-05-16 17:00:00+00:00,219.55963,5.369916
2025-05-16 18:00:00+00:00,209.4758,4.755544
2025-05-16 19:00:00+00:00,199.79897,4.7827187
2025-05-16 20:00:00+00:00,207.47435,5.072041
2025-05-16 21:00:00+00:00,205.76927,5.7964473
2025-05-16 22:00:00+00:00,191.30989,6.424764
2025-05-16 23:00:00+00:00,193.24052,6.28713
2025-05-17 00:00:00+00:00,194.5345,5.020677
2025-05-17 01:00:00+00:00,168.23174,4.412754
2025-05-17 02:00:00+00:00,167.00539,4.802999
2025-05-17 03:00:00+00:00,182.29056,4.503598
2025-05-17 04:00:00+00:00,201.80147,7.754637
2025-05-17 05:00:00+00:00,225.72514,10.055864
2025-05-17 06:00:00+00:00,234.372,13.287122
2025-05-17 07:00:00+00:00,239.9315,11.855429
2025-05-17 08:00:00+00:00,244.23071,11.592895
2025-05-17 09:00:00+00:00,251.00325,11.612441
2025-05-17 10:00:00+00:00,254.89885,11.745604
2025-05-17 11:00:00+00:00,269.11862,11.701385
2025-05-17 12:00:00+00:00,277.59454,10.8955765
2025-05-17 13:00:00+00:00,276.65433,10.873252
2025-05-17 14:00:00+00:00,265.91446,7.579261
2025-05-17 15:00:00+00:00,257.90524,5.1544156
2025-05-17 16:00:00+00:00,257.90524,5.1544156
2025-05-17 17:00:00+00:00,248.19853,4.846648
2025-05-17 18:00:00+00:00,245.37645,4.7521367
2025-05-17 19:00:00+00:00,257.19574,4.060985
2025-05-17 20:00:00+00:00,262.5687,4.175069
2025-05-17 21:00:00+00:00,267.13766,3.604497
2025-05-17 22:00:00+00:00,278.74606,2.36753
2025-05-17 23:00:00+00:00,270.0,1.6199999
2025-05-18 00:00:00+00:00,278.13,1.2727921
2025-05-18 01:00:00+00:00,158.19853,1.9386592
2025-05-18 02:00:00+00:00,148.57048,3.7971041
2025-05-18 03:00:00+00:00,197.6502,4.1556225
2025-05-18 04:00:00+00:00,210.37904,6.050785
2025-05-18 05:00:00+00:00,218.65984,6.9153743
2025-05-18 06:00:00+00:00,228.91835,9.313152
2025-05-18 07:00:00+00:00,241.92761,12.24
2025-05-18 08:00:00+00:00,252.95088,14.120539
2025-05-18 09:00:00+00:00,258.40784,14.332341
2025-05-18 10:00:00+00:00,262.96216,14.690691
2025-05-18 11:00:00+00:00,267.85245,14.410121
2025-05-18 12:00:00+00:00,267.99048,10.266314
2025-05-18 13:00:00+00:00,280.68484,9.708326
2025-05-18 14:00:00+00:00,289.1791,8.766573
2025-05-18 15:00:00+00:00,295.94223,7.406295
2025-05-18 16:00:00+00:00,287.87878,5.8631387
2025-05-18 17:00:00+00:00,276.3401,4.8899083
2025-05-18 18:00:00+00:00,273.814,2.7059932
2025-05-18 19:00:00+00:00,289.6539,2.6758924
2025-05-18 20:00:00+00:00,327.26477,2.995797
2025-05-18 21:00:00+00:00,351.2539,2.36753
2025-05-18 22:00:00+00:00,339.44388,3.0758414
2025-05-18 23:00:00+00:00,4.085537,2.5264204
2025-05-19 00:00:00+00:00,11.3098955,1.835647
2025-05-19 01:00:00+00:00,63.435013,2.0124612
2025-05-19 02:00:00+00:00,68.74943,3.4763772
2025-05-19 03:00:00+00:00,93.814,2.7059932
2025-05-19 04:00:00+00:00,215.53777,1.5484185
2025-05-19 05:00:00+00:00,249.14546,4.0449963
2025-05-19 06:00:00+00:00,239.03632,6.297428
2025-05-19 07:00:00+00:00,253.68607,7.689603
2025-05-19 08:00:00+00:00,270.80692,12.781267
2025-05-19 09:00:00+00:00,290.29764,14.009968
2025-05-19 10:00:00+00:00,298.84256,14.178927
2025-05-19 11:00:00+00:00,313.64688,16.16897
2025-05-19 12:00:00+00:00,316.8476,11.843124
2025-05-19 13:00:00+00:00,326.05637,11.282711
2025-05-19 14:00:00+00:00,324.92618,10.337078
2025-05-19 15:00:00+00:00,322.12494,8.209263
2025-05-19 16:00:00+00:00,325.1246,7.2403865
2025-05-19 17:00:00+00:00,323.42688,6.9480934
2025-05-19 18:00:00+00:00,316.04153,7.001514
2025-05-19 19:00:00+00:00,318.69147,7.9077177
2025-05-19 20:00:00+00:00,347.90527,5.1544156
2025-05-19 21:00:00+00:00,325.0079,4.39436
2025-05-19 22:00:00+00:00,348.6901,1.835647
2025-05-19 23:00:00+00:00,316.9749,3.693291
2025-05-20 00:00:00+00:00,350.13425,4.2021422
2025-05-20 01:00:00+00:00,337.6198,13.237039
2025-05-20 02:00:00+00:00,339.44388,7.689603
2025-05-20 03:00:00+00:00,344.93146,4.8466477
2025-05-20 04:00:00+00:00,328.67136,4.846648
2025-05-20 05:00:00+00:00,325.40765,6.341009
2025-05-20 06:00:00+00:00,303.36636,8.836514
2025-05-20 07:00:00+00:00,313.26434,12.606426
2025-05-20 08:00:00+00:00,289.3846,10.304115
2025-05-20 09:00:00+00:00,328.09195,11.238113
2025-05-20 10:00:00+00:00,316.8476,7.8954163
2025-05-20 11:00:00+00:00,304.21576,10.883676
2025-05-20 12:00:00+00:00,329.53452,10.650465
2025-05-20 13:00:00+00:00,322.59457,7.7043357
2025-05-20 14:00:00+00:00,287.1028,4.896529
2025-05-20 15:00:00+00:00,258.6901,1.835647
2025-05-20 16:00:00+00:00,231.34016,3.4576871
2025-05-20 17:00:00+00:00,247.61981,3.3092597
2025-05-20 18:00:00+00:00,309.09384,3.710795
2025-05-20 19:00:00+00:00,353.15732,4.5322843
2025-05-20 20:00:00+00:00,29.054508,7.4128532
2025-05-20 21:00:00+00:00,47.72637,5.3517847
2025-05-20 22:00:00+00:00,87.614105,4.323748
2025-05-20 23:00:00+00:00,72.25524,4.724786
2025-05-21 00:00:00+00:00,83.659904,3.2599385
2025-05-21 01:00:00+00:00,53.74608,3.3481934
2025-05-21 02:00:00+00:00,51.34017,1.1525624
2025-05-21 03:00:00+00:00,345.06854,2.7943513
2025-05-21 04:00:00+00:00,328.39255,5.495161
2025-05-21 05:00:00+00:00,336.5713,5.8852015
2025-05-21 06:00:00+00:00,353.15732,4.5322843
2025-05-21 07:00:00+00:00,348.6901,5.506941
2025-05-21 08:00:00+00:00,327.52884,4.6938257
2025-05-21 09:00:00+00:00,319.18503,5.2323985
2025-05-21 10:00:00+00:00,311.42358,8.161764
2025-05-21 11:00:00+00:00,304.33026,8.936778
2025-05-21 12:00:00+00:00,310.46216,8.043805
2025-05-21 13:00:00+00:00,321.70978,8.714677
2025-05-21 14:00:00+00:00,310.2363,6.1305785
2025-05-21 15:00:00+00:00,271.84756,5.5829024
2025-05-21 16:00:00+00:00,231.63248,5.509882
2025-05-21 17:00:00+00:00,174.19337,10.674773
2025-05-21 18:00:00+00:00,174.71,9.761578
2025-05-21 19:00:00+00:00,148.49579,6.544677
2025-05-21 20:00:00+00:00,149.03632,7.3469996
2025-05-21 21:00:00+00:00,121.328636,4.846648
2025-05-21 22:00:00+00:00,112.38018,6.6185193
2025-05-21 23:00:00+00:00,112.833694,7.42159
2025-05-22 00:00:00+00:00,97.12492,4.353619
2025-05-22 01:00:00+00:00,90.0,4.14
2025-05-22 02:00:00+00:00,3.5762644,2.8856194
2025-05-22 03:00:00+00:00,346.60748,3.8856654
2025-05-22 04:00:00+00:00,317.0454,7.1321807
2025-05-22 05:00:00+00:00,326.92932,9.236298
2025-05-22 06:00:00+00:00,329.03632,9.446141
2025-05-22 07:00:00+00:00,330.57263,8.0599
2025-05-22 08:00:00+00:00,315.0001,10.182337
2025-05-22 09:00:00+00:00,319.30457,11.870451
2025-05-22 10:00:00+00:00,321.34018,14.98331
2025-05-22 11:00:00+00:00,325.84024,18.272436
2025-05-22 12:00:00+00:00,325.96783,16.724508
2025-05-22 13:00:00+00:00,331.38962,9.021574
2025-05-22 14:00:00+00:00,334.79892,6.763786
2025-05-22 15:00:00+00:00,261.87,2.5455842
2025-05-22 16:00:00+00:00,135.0001,3.563818
2025-05-22 17:00:00+00:00,168.9965,6.601363
2025-05-22 18:00:00+00:00,126.027466,4.8965297
2025-05-22 19:00:00+00:00,213.17853,5.5916004
2025-05-22 20:00:00+00:00,201.03758,2.5071096
2025-05-22 21:00:00+00:00,135.0001,0.25455844
2025-05-22 22:00:00+00:00,44.999897,1.781909
2025-05-22 23:00:00+00:00,68.74943,3.4763772
2025-05-23 00:00:00+00:00,3.3664,3.0652895
2025-05-23 01:00:00+00:00,351.38443,6.0077944
2025-05-23 02:00:00+00:00,2.8623457,3.604497
2025-05-23 03:00:00+00:00,40.9143,3.572898
2025-05-23 04:00:00+00:00,353.9911,3.438895
2025-05-23 05:00:00+00:00,305.53775,3.096837
2025-05-23 06:00:00+00:00,291.03757,2.5071096
2025-05-23 07:00:00+00:00,316.73566,4.2021427
2025-05-23 08:00:00+00:00,324.46225,6.193674
2025-05-23 09:00:00+00:00,328.39255,5.495161
2025-05-23 10:00:00+00:00,319.18503,5.2323985
2025-05-23 11:00:00+00:00,322.27493,12.061343
2025-05-23 12:00:00+00:00,313.89838,13.239486
2025-05-23 13:00:00+00:00,349.69522,4.0249224
2025-05-23 14:00:00+00:00,298.61035,2.2553935
2025-05-23 15:00:00+00:00,325.6196,4.143911
2025-05-23 16:00:00+00:00,322.81522,6.552099
2025-05-23 17:00:00+00:00,333.43503,2.8174455
2025-05-23 18:00:00+00:00,4.969664,4.1556225
2025-05-23 19:00:00+00:00,9.462248,4.379589
2025-05-23 20:00:00+00:00,12.528798,4.9785542
2025-05-23 21:00:00+00:00,15.945477,5.2416787
2025-05-23 22:00:00+00:00,5.0423646,6.1437774
2025-05-23 23:00:00+00:00,16.313938,7.689603
2025-05-24 00:00:00+00:00,17.592522,7.7420926
2025-05-24 01:00:00+00:00,316.00497,7.256032
2025-05-24 02:00:00+00:00,351.2539,7.102591
2025-05-24 03:00:00+00:00,309.47244,11.892265
2025-05-24 04:00:00+00:00,345.9637,8.905908
2025-05-24 05:00:00+00:00,358.56793,7.2022495
2025-05-24 06:00:00+00:00,340.46326,5.920878
2025-05-24 07:00:00+00:00,326.3099,7.1389914
2025-05-24 08:00:00+00:00,331.1893,8.217153
2025-05-24 09:00:00+00:00,334.35904,9.983106
2025-05-24 10:00:00+00:00,308.92755,12.031756
2025-05-24 11:00:00+00:00,301.4295,11.391313
2025-05-24 12:00:00+00:00,303.6901,11.681987
2025-05-24 13:00:00+00:00,340.0168,6.320538
2025-05-24 14:00:00+00:00,342.18103,10.587917
2025-05-24 15:00:00+00:00,18.435053,6.830519
2025-05-24 16:00:00+00:00,37.476254,6.804381
2025-05-24 17:00:00+00:00,357.99048,10.266314
2025-05-24 18:00:00+00:00,38.65983,4.6102495
2025-05-24 19:00:00+00:00,223.02507,3.693291
2025-05-24 20:00:00+00:00,205.34613,3.7842832
2025-05-24 21:00:00+00:00,276.3401,6.519877
2025-05-24 22:00:00+00:00,282.80426,4.060985
2025-05-24 23:00:00+00:00,345.9637,5.195113
2025-05-25 00:00:00+00:00,25.559923,4.5891175
2025-05-25 01:00:00+00:00,311.85495,11.599879
2025-05-25 02:00:00+00:00,330.25522,8.707237
2025-05-25 03:00:00+00:00,58.1726,6.1437774
2025-05-25 04:00:00+00:00,318.7154,9.82114
2025-05-25 05:00:00+00:00,70.20104,9.565437
2025-05-25 06:00:00+00:00,39.805527,2.8116899
2025-05-25 07:00:00+00:00,82.875084,7.256032
2025-05-25 08:00:00+00:00,311.98712,9.686609
2025-05-25 09:00:00+00:00,243.43501,3.62243
2025-05-25 10:00:00+00:00,287.5925,7.7420926
2025-05-25 11:00:00+00:00,282.26477,4.2366967
2025-05-25 12:00:00+00:00,335.85446,5.7204895
2025-05-25 13:00:00+00:00,116.56499,2.4149535
2025-05-25 14:00:00+00:00,325.6196,4.143911
2025-05-25 15:00:00+00:00,313.06943,11.334285
2025-05-25 16:00:00+00:00,351.57312,4.913044
2025-05-25 17:00:00+00:00,333.43503,0.8049845
2025-05-25 18:00:00+00:00,316.04153,7.001514
2025-05-25 19:00:00+00:00,294.67685,14.658676
2025-05-25 20:00:00+00:00,281.5601,8.083983
2025-05-25 21:00:00+00:00,333.094,13.523978
2025-05-25 22:00:00+00:00,357.70944,4.503598
2025-05-25 23:00:00+00:00,348.40787,14.332341
2025-05-26 00:00:00+00:00,52.594578,11.556504
2025-05-26 01:00:00+00:00,296.27414,15.858398
2025-05-26 02:00:00+00:00,321.23447,15.236338
2025-05-26 03:00:00+00:00,358.05856,21.2522
2025-05-26 04:00:00+00:00,8.207132,18.913708
2025-05-26 05:00:00+00:00,39.1304,13.690654
2025-05-26 06:00:00+00:00,51.632477,11.019764
2025-05-26 07:00:00+00:00,350.31128,14.973576
2025-05-26 08:00:00+00:00,80.406944,12.961249
2025-05-26 09:00:00+00:00,29.744795,5.8048253
2025-05-26 10:00:00+00:00,1.7356651,5.9427266
2025-05-26 11:00:00+00:00,352.6477,5.6262593
2025-05-26 12:00:00+00:00,324.46225,6.193674
2025-05-26 13:00:00+00:00,244.44008,9.178235
2025-05-26 14:00:00+00:00,116.56499,0.8049845
2025-05-26 15:00:00+00:00,230.19447,2.8116899
2025-05-26 16:00:00+00:00,71.564964,0.56920993
2025-05-26 17:00:00+00:00,135.0001,3.563818
2025-05-26 18:00:00+00:00,120.96369,4.198285
2025-05-26 19:00:00+00:00,313.36346,4.4565907
2025-05-26 20:00:00+00:00,353.29025,3.0811036
2025-05-26 21:00:00+00:00,310.91428,3.572898
2025-05-26 22:00:00+00:00,313.2101,8.149847
2025-05-26 23:00:00+00:00,306.46933,5.1481256
2025-05-27 00:00:00+00:00,295.1148,6.361415
2025-05-27 01:00:00+00:00,84.2895,5.426933
2025-05-27 02:00:00+00:00,104.62092,4.278551
2025-05-27 03:00:00+00:00,92.86235,3.604497
2025-05-27 04:00:00+00:00,79.04598,5.6835546
2025-05-27 05:00:00+00:00,90.0,4.86
2025-05-27 06:00:00+00:00,34.69522,2.8460495
2025-05-27 07:00:00+00:00,18.435053,1.1384199
2025-05-27 08:00:00+00:00,301.32864,4.846648
2025-05-27 09:00:00+00:00,291.1248,8.490582
2025-05-27 10:00:00+00:00,293.53235,12.172312
2025-05-27 11:00:00+00:00,296.2113,13.040997
2025-05-27 12:00:00+00:00,277.1249,10.158444
2025-05-27 13:00:00+00:00,213.6901,3.8939953
2025-05-27 14:00:00+00:00,191.9761,6.0721655
2025-05-27 15:00:00+00:00,190.3048,6.037383
2025-05-27 16:00:00+00:00,185.5721,7.415038
2025-05-27 17:00:00+00:00,189.46225,6.5693827
2025-05-27 18:00:00+00:00,176.00917,7.7588143
2025-05-27 19:00:00+00:00,218.15727,6.4096174
2025-05-27 20:00:00+00:00,241.69934,5.315336
2025-05-27 21:00:00+00:00,236.3099,5.8409934
2025-05-27 22:00:00+00:00,195.52417,3.362677
2025-05-27 23:00:00+00:00,230.44037,5.369916
2025-05-28 00:00:00+00:00,148.73633,5.896202
2025-05-28 01:00:00+00:00,169.3804,5.8603754
2025-05-28 02:00:00+00:00,185.90605,5.2478566
2025-05-28 03:00:00+00:00,201.16133,5.9834766
2025-05-28 04:00:00+00:00,215.16652,9.688281
2025-05-28 05:00:00+00:00,226.43204,10.185519
2025-05-28 06:00:00+00:00,229.76372,12.261157
2025-05-28 07:00:00+00:00,237.72438,12.13499
2025-05-28 08:00:00+00:00,217.94221,13.466357
2025-05-28 09:00:00+00:00,211.23915,12.841963
2025-05-28 10:00:00+00:00,210.411,9.600937
2025-05-28 11:00:00+00:00,254.66666,11.571914
2025-05-28 12:00:00+00:00,262.1468,10.538843
2025-05-28 13:00:00+00:00,191.30989,5.506941
2025-05-28 14:00:00+00:00,178.56793,7.2022495
2025-05-28 15:00:00+00:00,173.15732,4.5322843
2025-05-28 16:00:00+00:00,176.82024,6.489992
2025-05-28 17:00:00+00:00,180.0,8.459999
2025-05-28 18:00:00+00:00,170.07382,7.3094187
2025-05-28 19:00:00+00:00,138.01286,4.8433046
2025-05-28 20:00:00+00:00,173.6599,3.2599385
2025-05-28 21:00:00+00:00,211.21834,6.945761
2025-05-28 22:00:00+00:00,194.47034,5.7628117
2025-05-28 23:00:00+00:00,187.59456,2.7238941
2025-05-29 00:00:00+00:00,284.03625,0.742159
2025-05-29 01:00:00+00:00,100.30479,2.0124612
2025-05-29 02:00:00+00:00,108.43504,2.8460498
2025-05-29 03:00:00+00:00,303.6901,3.244996
2025-05-29 04:00:00+00:00,299.74478,10.158444
2025-05-29 05:00:00+00:00,285.5726,11.39842
2025-05-29 06:00:00+00:00,275.04236,12.287555
2025-05-29 07:00:00+00:00,266.186,13.529966
2025-05-29 08:00:00+00:00,262.07315,14.357185
2025-05-29 09:00:00+00:00,261.9644,15.451717
2025-05-29 10:00:00+00:00,263.86282,16.836496
2025-05-29 11:00:00+00:00,267.1088,17.84271
2025-05-29 12:00:00+00:00,263.32562,17.035456
2025-05-29 13:00:00+00:00,251.00325,11.612441
2025-05-29 14:00:00+00:00,249.02643,11.566313
2025-05-29 15:00:00+00:00,251.3232,13.4903965
2025-05-29 16:00:00+00:00,254.16754,12.535548
2025-05-29 17:00:00+00:00,252.89719,12.241323
2025-05-29 18:00:00+00:00,250.78723,12.580699
2025-05-29 19:00:00+00:00,251.09532,13.88919
2025-05-29 20:00:00+00:00,256.1153,16.50218
2025-05-29 21:00:00+00:00,258.6901,17.438646
2025-05-29 22:00:00+00:00,262.0566,15.629972
2025-05-29 23:00:00+00:00,268.6197,14.944336
2025-05-30 00:00:00+00:00,274.65326,15.531195
2025-05-30 01:00:00+00:00,256.373,12.224107
2025-05-30 02:00:00+00:00,255.17348,12.661564
2025-05-30 03:00:00+00:00,260.31128,14.973576
2025-05-30 04:00:00+00:00,256.7989,14.975741
2025-05-30 05:00:00+00:00,255.80887,16.152931
2025-05-30 06:00:00+00:00,254.90837,16.59225
2025-05-30 07:00:00+00:00,254.74483,16.418526
2025-05-30 08:00:00+00:00,254.21918,17.208603
2025-05-30 09:00:00+00:00,251.37833,17.47484
2025-05-30 10:00:00+00:00,245.30846,17.23588
2025-05-30 11:00:00+00:00,241.62085,17.799076
2025-05-30 12:00:00+00:00,240.54642,17.570988
2025-05-30 13:00:00+00:00,237.13132,13.929953
2025-05-30 14:00:00+00:00,234.63745,13.684735
2025-05-30 15:00:00+00:00,236.68936,15.077082
2025-05-30 16:00:00+00:00,235.93904,15.426535
2025-05-30 17:00:00+00:00,236.49654,15.3264475
2025-05-30 18:00:00+00:00,234.61964,15.233148
2025-05-30 19:00:00+00:00,237.84773,14.88242
2025-05-30 20:00:00+00:00,242.78397,14.168641
2025-05-30 21:00:00+00:00,239.0363,13.644427
2025-05-30 22:00:00+00:00,241.97559,12.642357
2025-05-30 23:00:00+00:00,245.28258,12.483749
2025-05-31 00:00:00+00:00,246.80139,13.708391
2025-05-31 01:00:00+00:00,235.0079,17.57744
2025-05-31 02:00:00+00:00,234.16226,11.989946
2025-05-31 03:00:00+00:00,231.80127,13.971757
2025-05-31 04:00:00+00:00,233.3658,17.49615
2025-05-31 05:00:00+00:00,238.5949,20.035059
2025-05-31 06:00:00+00:00,243.43501,17.709658
2025-05-31 07:00:00+00:00,236.65927,16.375053
2025-05-31 08:00:00+00:00,238.84076,18.089775
2025-05-31 09:00:00+00:00,239.90584,18.307865
2025-05-31 10:00:00+00:00,238.43108,17.534992
2025-05-31 11:00:00+00:00,240.57263,16.1198
2025-05-31 12:00:00+00:00,239.79684,13.954354
2025-05-31 13:00:00+00:00,219.35173,11.638917
2025-05-31 14:00:00+00:00,214.41843,11.782784
2025-05-31 15:00:00+00:00,211.72356,11.638917
2025-05-31 16:00:00+00:00,209.53868,12.413477
2025-05-31 17:00:00+00:00,208.8107,12.325728
2025-05-31 18:00:00+00:00,199.91649,13.210087
2025-05-31 19:00:00+00:00,194.6568,12.093535
2025-05-31 20:00:00+00:00,203.55228,15.315873
2025-05-31 21:00:00+00:00,193.70699,15.192682
2025-05-31 22:00:00+00:00,194.03627,12.616703
2025-05-31 23:00:00+00:00,187.12492,13.060857
2025-06-01 00:00:00+00:00,189.80603,14.796175
2025-06-01 01:00:00+00:00,215.65541,10.1902895
2025-06-01 02:00:00+00:00,197.68448,13.036026
2025-06-01 03:00:00+00:00,181.9091,10.805999
2025-06-01 04:00:00+00:00,183.62141,14.248452
2025-06-01 05:00:00+00:00,206.81627,18.353823
2025-06-01 06:00:00+00:00,195.69006,16.640022
2025-06-01 07:00:00+00:00,199.79897,19.130875
2025-06-01 08:00:00+00:00,199.50253,18.331741
2025-06-01 09:00:00+00:00,204.0755,18.532133
2025-06-01 10:00:00+00:00,207.83798,18.116621
2025-06-01 11:00:00+00:00,207.92888,16.909464
2025-06-01 12:00:00+00:00,213.53049,17.922432
2025-06-01 13:00:00+00:00,215.3113,5.293959
2025-06-01 14:00:00+00:00,206.09537,9.82114
2025-06-01 15:00:00+00:00,205.60214,9.580668
2025-06-01 16:00:00+00:00,197.6502,8.311245
2025-06-01 17:00:00+00:00,205.94225,7.406295
2025-06-01 18:00:00+00:00,204.67685,7.329338
2025-06-01 19:00:00+00:00,172.1848,9.266067
2025-06-01 20:00:00+00:00,172.47627,9.6228485
2025-06-01 21:00:00+00:00,164.82703,11.003581
2025-06-01 22:00:00+00:00,170.13426,12.606426
2025-06-01 23:00:00+00:00,194.98167,13.229694
2025-06-02 00:00:00+00:00,196.53491,12.016938
2025-06-02 01:00:00+00:00,201.37068,8.891344
2025-06-02 02:00:00+00:00,160.61539,10.304115
2025-06-02 03:00:00+00:00,169.3804,11.720751
2025-06-02 04:00:00+00:00,207.85956,14.251863
2025-06-02 05:00:00+00:00,218.08882,16.92383
2025-06-02 06:00:00+00:00,222.19748,18.222721
2025-06-02 07:00:00+00:00,224.21526,18.584509
2025-06-02 08:00:00+00:00,228.45671,18.999168
2025-06-02 09:00:00+00:00,231.98843,19.875944
2025-06-02 10:00:00+00:00,231.66663,19.734436
2025-06-02 11:00:00+00:00,227.35333,18.59845
2025-06-02 12:00:00+00:00,216.74756,16.848038
2025-06-02 13:00:00+00:00,204.49857,15.62686
2025-06-02 14:00:00+00:00,202.24907,12.835653
2025-06-02 15:00:00+00:00,173.99109,13.75558
2025-06-02 16:00:00+00:00,178.4725,13.504799
2025-06-02 17:00:00+00:00,187.85323,15.808263
2025-06-02 18:00:00+00:00,168.11136,13.979871
2025-06-02 19:00:00+00:00,175.60138,14.081478
2025-06-02 20:00:00+00:00,175.34674,15.531195
2025-06-02 21:00:00+00:00,183.17976,12.979984
2025-06-02 22:00:00+00:00,186.08844,13.576582
2025-06-02 23:00:00+00:00,193.4382,20.91256
2025-06-03 00:00:00+00:00,181.68465,18.367939
2025-06-03 01:00:00+00:00,185.1281,14.096425
2025-06-03 02:00:00+00:00,170.21767,10.594036
2025-06-03 03:00:00+00:00,171.40417,15.655862
2025-06-03 04:00:00+00:00,184.91647,16.801823
2025-06-03 05:00:00+00:00,180.7252,14.221139
2025-06-03 06:00:00+00:00,195.46127,17.555305
2025-06-03 07:00:00+00:00,208.10617,17.95765
2025-06-03 08:00:00+00:00,205.23279,17.311846
2025-06-03 09:00:00+00:00,224.9999,19.091883
2025-06-03 10:00:00+00:00,241.51791,19.249905
2025-06-03 11:00:00+00:00,219.69904,12.399113
2025-06-03 12:00:00+00:00,236.91513,14.178927
2025-06-03 13:00:00+00:00,227.56381,8.536252
2025-06-03 14:00:00+00:00,228.48337,14.664202
2025-06-03 15:00:00+00:00,184.20528,12.273043
2025-06-03 16:00:00+00:00,175.03035,4.1556225
2025-06-03 17:00:00+00:00,174.19337,10.674773
2025-06-03 18:00:00+00:00,182.72626,11.35285
2025-06-03 19:00:00+00:00,158.74942,13.905509
2025-06-03 20:00:00+00:00,158.40463,9.292255
2025-06-03 21:00:00+00:00,155.95578,12.81165
2025-06-03 22:00:00+00:00,155.17068,13.288341
2025-06-03 23:00:00+00:00,145.17545,10.086427
2025-06-04 00:00:00+00:00,153.06055,12.3165245
2025-06-04 01:00:00+00:00,138.81418,7.653705
2025-06-04 02:00:00+00:00,150.2552,7.256032
2025-06-04 03:00:00+00:00,167.074,11.265469
2025-06-04 04:00:00+00:00,163.14153,12.413476
2025-06-04 05:00:00+00:00,184.46707,11.555103
2025-06-04 06:00:00+00:00,201.96062,12.033103
2025-06-04 07:00:00+00:00,209.7448,14.512064
2025-06-04 08:00:00+00:00,208.77971,14.581111
2025-06-04 09:00:00+00:00,219.80553,11.246759
2025-06-04 10:00:00+00:00,215.16652,9.688281
2025-06-04 11:00:00+00:00,232.49579,9.7565975
2025-06-04 12:00:00+00:00,235.66972,8.936778
2025-06-04 13:00:00+00:00,160.82089,4.3832865
2025-06-04 14:00:00+00:00,142.12495,4.1046314
2025-06-04 15:00:00+00:00,123.6901,3.8939953
2025-06-04 16:00:00+00:00,153.43501,4.4274144
2025-06-04 17:00:00+00:00,168.0239,6.0721655
2025-06-04 18:00:00+00:00,168.11136,3.4949677
2025-06-04 19:00:00+00:00,172.87508,4.353619
2025-06-04 20:00:00+00:00,165.2564,3.536439
2025-06-04 21:00:00+00:00,145.0079,4.39436
2025-06-04 22:00:00+00:00,60.255207,1.4512063
2025-06-04 23:00:00+00:00,108.43504,7.968939
2025-06-05 00:00:00+00:00,122.73522,8.9873905
2025-06-05 01:00:00+00:00,127.64769,7.9567327
2025-06-05 02:00:00+00:00,130.23628,6.1305785
2025-06-05 03:00:00+00:00,130.81499,5.2323985
2025-06-05 04:00:00+00:00,144.46223,6.193674
2025-06-05 05:00:00+00:00,162.75845,5.4656014
2025-06-05 06:00:00+00:00,191.0035,6.601363
2025-06-05 07:00:00+00:00,204.22774,7.8954163
2025-06-05 08:00:00+00:00,228.27058,8.92408
2025-06-05 09:00:00+00:00,224.9999,8.654987
2025-06-05 10:00:00+00:00,236.0234,9.984729
2025-06-05 11:00:00+00:00,236.3099,6.489992
2025-06-05 12:00:00+00:00,271.78986,5.7628117
2025-06-05 13:00:00+00:00,291.03757,2.5071096
2025-06-05 14:00:00+00:00,224.9999,1.781909
2025-06-05 15:00:00+00:00,259.3804,2.9301877
2025-06-05 16:00:00+00:00,252.89719,2.4482646
2025-06-05 17:00:00+00:00,245.55606,2.1749482
2025-06-05 18:00:00+00:00,232.12495,2.0523157
2025-06-05 19:00:00+00:00,224.9999,2.5455842
2025-06-05 20:00:00+00:00,189.46225,1.0948973
2025-06-05 21:00:00+00:00,135.0001,0.25455844
2025-06-05 22:00:00+00:00,198.43504,0.56920993
2025-06-05 23:00:00+00:00,123.690094,0.6489992
2025-06-06 00:00:00+00:00,99.46225,1.0948973
2025-06-06 01:00:00+00:00,158.19853,3.8773184
2025-06-06 02:00:00+00:00,274.39862,2.3469126
2025-06-06 03:00:00+00:00,257.79956,6.8138976
2025-06-06 04:00:00+00:00,248.19853,6.7853074
2025-06-06 05:00:00+00:00,245.55606,4.3498964
2025-06-06 06:00:00+00:00,240.2552,5.8048253
2025-06-06 07:00:00+00:00,257.00537,7.2044983
2025-06-06 08:00:00+00:00,273.43356,9.016185
2025-06-06 09:00:00+00:00,282.5288,9.9571085
2025-06-06 10:00:00+00:00,282.9074,8.863972
2025-06-06 11:00:00+00:00,281.0409,7.519175
2025-06-06 12:00:00+00:00,285.59286,8.035746
2025-06-06 13:00:00+00:00,306.38446,8.4963045
2025-06-06 14:00:00+00:00,287.74475,4.724786
2025-06-06 15:00:00+00:00,289.1791,4.3832865
2025-06-06 16:00:00+00:00,302.7352,2.995797
2025-06-06 17:00:00+00:00,333.43503,1.609969
2025-06-06 18:00:00+00:00,348.6901,0.9178235
2025-06-06 19:00:00+00:00,284.03625,0.742159
2025-06-06 20:00:00+00:00,251.56496,0.56920993
2025-06-06 21:00:00+00:00,315.0001,0.76367533
2025-06-06 22:00:00+00:00,330.9455,1.8532133
2025-06-06 23:00:00+00:00,270.0,0.0
2025-06-07 00:00:00+00:00,172.56868,4.175069
2025-06-07 01:00:00+00:00,116.56499,4.4274144
2025-06-07 02:00:00+00:00,170.53775,1.0948973
2025-06-07 03:00:00+00:00,227.60262,5.6060677
2025-06-07 04:00:00+00:00,242.74475,6.6818557
2025-06-07 05:00:00+00:00,255.17348,6.330782
2025-06-07 06:00:00+00:00,260.78903,6.7469993
2025-06-07 07:00:00+00:00,276.48297,7.970972
2025-06-07 08:00:00+00:00,285.52417,10.088033
2025-06-07 09:00:00+00:00,277.4313,8.350138
2025-06-07 10:00:00+00:00,275.7105,9.044888
2025-06-07 11:00:00+00:00,273.12207,9.914717
2025-06-07 12:00:00+00:00,264.2895,9.044888
2025-06-07 13:00:00+00:00,252.1212,5.8631387
2025-06-07 14:00:00+00:00,233.61555,4.2481523
2025-06-07 15:00:00+00:00,250.70985,3.8141315
2025-06-07 16:00:00+00:00,243.43501,3.62243
2025-06-07 17:00:00+00:00,221.18582,3.8268526
2025-06-07 18:00:00+00:00,230.52757,3.9640884
2025-06-07 19:00:00+00:00,229.39879,6.638072
2025-06-07 20:00:00+00:00,234.29321,7.0934615
2025-06-07 21:00:00+00:00,246.80139,4.1125174
2025-06-07 22:00:00+00:00,248.19853,2.907989
2025-06-07 23:00:00+00:00,251.56496,2.8460498
2025-06-08 00:00:00+00:00,288.43503,2.8460498
2025-06-08 01:00:00+00:00,108.43504,0.56920993
2025-06-08 02:00:00+00:00,147.99466,1.6981165
2025-06-08 03:00:00+00:00,180.0,1.98
2025-06-08 04:00:00+00:00,274.96964,4.1556225
2025-06-08 05:00:00+00:00,274.39862,7.040739
2025-06-08 06:00:00+00:00,274.31595,9.567131
2025-06-08 07:00:00+00:00,280.06064,11.334284
2025-06-08 08:00:00+00:00,289.39792,13.54911
2025-06-08 09:00:00+00:00,295.4975,12.9625
2025-06-08 10:00:00+00:00,291.93854,13.971756
2025-06-08 11:00:00+00:00,286.16458,12.931218
2025-06-08 12:00:00+00:00,285.83246,12.535548
2025-06-08 13:00:00+00:00,294.65588,12.081473
2025-06-08 14:00:00+00:00,284.28113,10.215693
2025-06-08 15:00:00+00:00,291.99118,10.094454
2025-06-08 16:00:00+00:00,288.43503,9.107359
2025-06-08 17:00:00+00:00,287.5925,7.7420926
2025-06-08 18:00:00+00:00,297.824,7.327127
2025-06-08 19:00:00+00:00,302.00534,6.792466
2025-06-08 20:00:00+00:00,294.14554,5.7204895
2025-06-08 21:00:00+00:00,286.6993,5.637765
2025-06-08 22:00:00+00:00,300.1413,6.452441
2025-06-08 23:00:00+00:00,301.26367,5.896202
2025-06-09 00:00:00+00:00,308.15726,6.4096174
2025-06-09 01:00:00+00:00,310.2363,6.1305785
2025-06-09 02:00:00+00:00,320.38934,6.7757506
2025-06-09 03:00:00+00:00,313.53125,9.931042
2025-06-09 04:00:00+00:00,306.7143,13.248049
2025-06-09 05:00:00+00:00,306.02747,14.689588
2025-06-09 06:00:00+00:00,299.12396,14.423605
2025-06-09 07:00:00+00:00,294.08743,16.759342
2025-06-09 08:00:00+00:00,292.66458,17.750774
2025-06-09 09:00:00+00:00,294.353,18.770126
2025-06-09 10:00:00+00:00,292.4428,17.917007
2025-06-09 11:00:00+00:00,294.59976,16.431347
2025-06-09 12:00:00+00:00,289.79898,14.348156
2025-06-09 13:00:00+00:00,288.1528,11.555102
2025-06-09 14:00:00+00:00,287.3006,11.500296
2025-06-09 15:00:00+00:00,287.78397,10.018743
2025-06-09 16:00:00+00:00,282.65256,9.039514
2025-06-09 17:00:00+00:00,292.06796,7.186487
2025-06-09 18:00:00+00:00,297.47433,5.072041
2025-06-09 19:00:00+00:00,289.0257,5.5216303
2025-06-09 20:00:00+00:00,302.00534,5.09435
2025-06-09 21:00:00+00:00,279.92618,7.3094187
2025-06-09 22:00:00+00:00,271.1233,9.181765
2025-06-09 23:00:00+00:00,283.7363,8.338489
2025-06-10 00:00:00+00:00,295.46332,8.373386
2025-06-10 01:00:00+00:00,316.2188,5.983477
2025-06-10 02:00:00+00:00,339.77505,3.644722
2025-06-10 03:00:00+00:00,316.3971,5.22
2025-06-10 04:00:00+00:00,305.53775,10.83893
2025-06-10 05:00:00+00:00,296.88684,14.328949
2025-06-10 06:00:00+00:00,300.00482,14.757804
2025-06-10 07:00:00+00:00,298.03375,15.702356
2025-06-10 08:00:00+00:00,299.22797,17.325874
2025-06-10 09:00:00+00:00,301.5689,17.534992
2025-06-10 10:00:00+00:00,303.87085,15.825675
2025-06-10 11:00:00+00:00,301.07898,15.342294
2025-06-10 12:00:00+00:00,298.61035,15.787753
2025-06-10 13:00:00+00:00,288.9466,12.750811
2025-06-10 14:00:00+00:00,289.6539,10.703569
2025-06-10 15:00:00+00:00,289.9832,8.427383
2025-06-10 16:00:00+00:00,292.3802,6.6185193
2025-06-10 17:00:00+00:00,286.26028,9.0
2025-06-10 18:00:00+00:00,294.94388,8.536252
2025-06-10 19:00:00+00:00,300.96368,6.297428
2025-06-10 20:00:00+00:00,285.25516,8.209263
2025-06-10 21:00:00+00:00,283.1906,11.832176
2025-06-10 22:00:00+00:00,300.57913,9.19939
2025-06-10 23:00:00+00:00,315.83023,8.783189
2025-06-11 00:00:00+00:00,318.57642,8.161764
2025-06-11 01:00:00+00:00,323.74606,6.696387
2025-06-11 02:00:00+00:00,332.24155,7.729527
2025-06-11 03:00:00+00:00,331.38962,11.276968
2025-06-11 04:00:00+00:00,318.30194,13.259049
2025-06-11 05:00:00+00:00,312.8789,13.755579
2025-06-11 06:00:00+00:00,310.36444,14.174356
2025-06-11 07:00:00+00:00,311.05472,14.799459
2025-06-11 08:00:00+00:00,308.991,14.589996
2025-06-11 09:00:00+00:00,312.5529,14.905261
2025-06-11 10:00:00+00:00,302.5175,17.077248
2025-06-11 11:00:00+00:00,297.38733,16.825909
2025-06-11 12:00:00+00:00,295.98917,16.019999
2025-06-11 13:00:00+00:00,308.92755,12.031756
2025-06-11 14:00:00+00:00,305.53775,10.83893
2025-06-11 15:00:00+00:00,293.1986,8.225035
2025-06-11 16:00:00+00:00,284.44406,12.267762
2025-06-11 17:00:00+00:00,285.33334,11.571914
2025-06-11 18:00:00+00:00,286.2091,16.120808
2025-06-11 19:00:00+00:00,292.9058,13.874019
2025-06-11 20:00:00+00:00,295.88696,13.60519
2025-06-11 21:00:00+00:00,296.56497,14.087229
2025-06-11 22:00:00+00:00,299.32037,15.070633
2025-06-11 23:00:00+00:00,303.34073,16.375053
2025-06-12 00:00:00+00:00,309.88953,15.717823
2025-06-12 01:00:00+00:00,318.6523,11.988594
2025-06-12 02:00:00+00:00,325.65384,13.0806875
2025-06-12 03:00:00+00:00,322.78348,17.856325
2025-06-12 04:00:00+00:00,318.28098,20.015644
2025-06-12 05:00:00+00:00,320.86386,23.670511
2025-06-12 06:00:00+00:00,321.4761,23.697872
2025-06-12 07:00:00+00:00,312.7605,22.800394
2025-06-12 08:00:00+00:00,306.68982,22.89611
2025-06-12 09:00:00+00:00,312.10135,20.135878
2025-06-12 10:00:00+00:00,311.24133,17.47484
2025-06-12 11:00:00+00:00,311.63345,17.339897
2025-06-12 12:00:00+00:00,309.8055,15.4642935
2025-06-12 13:00:00+00:00,302.8557,10.285232
2025-06-12 14:00:00+00:00,297.43964,10.546525
2025-06-12 15:00:00+00:00,289.0257,11.043261
2025-06-12 16:00:00+00:00,293.1986,12.337553
2025-06-12 17:00:00+00:00,294.96277,11.51578
2025-06-12 18:00:00+00:00,299.95352,12.257194
2025-06-12 19:00:00+00:00,299.35767,13.217443
2025-06-12 20:00:00+00:00,300.1413,12.904882
2025-06-12 21:00:00+00:00,302.68054,11.334285
2025-06-12 22:00:00+00:00,309.90784,12.906138
2025-06-12 23:00:00+00:00,323.2857,13.248049
2025-06-13 00:00:00+00:00,321.34018,12.678185
2025-06-13 01:00:00+00:00,354.68555,7.7734165
2025-06-13 02:00:00+00:00,358.9191,9.5416975
2025-06-13 03:00:00+00:00,342.69937,11.500296
2025-06-13 04:00:00+00:00,336.44772,15.315873
2025-06-13 05:00:00+00:00,337.65182,17.515581
2025-06-13 06:00:00+00:00,336.65598,18.624563
2025-06-13 07:00:00+00:00,332.42554,18.275984
2025-06-13 08:00:00+00:00,339.71735,17.654688
2025-06-13 09:00:00+00:00,331.34827,19.89631
2025-06-13 10:00:00+00:00,326.13626,16.474672
2025-06-13 11:00:00+00:00,332.1028,13.849477
2025-06-13 12:00:00+00:00,340.3461,10.703569
2025-06-13 13:00:00+00:00,346.55136,8.513448
2025-06-13 14:00:00+00:00,352.87506,4.353619
2025-06-13 15:00:00+00:00,321.34018,3.4576871
2025-06-13 16:00:00+00:00,306.86996,3.6
2025-06-13 17:00:00+00:00,41.98713,4.8433046
2025-06-13 18:00:00+00:00,110.55613,3.0758414
2025-06-13 19:00:00+00:00,113.42871,5.8852015
2025-06-13 20:00:00+00:00,25.201094,6.763786
2025-06-13 21:00:00+00:00,49.267986,8.55142
2025-06-13 22:00:00+00:00,113.962494,1.7727944
2025-06-13 23:00:00+00:00,76.75947,3.143565
2025-06-14 00:00:00+00:00,49.085716,7.145796
2025-06-14 01:00:00+00:00,71.564964,5.12289
2025-06-14 02:00:00+00:00,43.02507,3.693291
2025-06-14 03:00:00+00:00,29.981556,5.402999
2025-06-14 04:00:00+00:00,344.57776,5.4149795
2025-06-14 05:00:00+00:00,330.75128,5.1575575
2025-06-14 06:00:00+00:00,301.5042,6.544677
2025-06-14 07:00:00+00:00,298.21725,8.37532
2025-06-14 08:00:00+00:00,279.61966,10.7714615
2025-06-14 09:00:00+00:00,276.0089,10.316686
2025-06-14 10:00:00+00:00,281.9293,13.062098
2025-06-14 11:00:00+00:00,257.82855,9.391102
2025-06-14 12:00:00+00:00,294.22772,3.9477081
2025-06-14 13:00:00+00:00,284.8265,12.661564
2025-06-14 14:00:00+00:00,320.1945,9.840914
2025-06-14 15:00:00+00:00,342.47433,3.5864744
2025-06-14 16:00:00+00:00,34.592358,6.341009
2025-06-14 17:00:00+00:00,58.240574,8.891343
2025-06-14 18:00:00+00:00,90.0,6.2999997
2025-06-14 19:00:00+00:00,145.88548,6.7397914
2025-06-14 20:00:00+00:00,155.72557,10.070353
2025-06-14 21:00:00+00:00,190.56096,10.8029995
2025-06-14 22:00:00+00:00,168.84538,13.026081
2025-06-14 23:00:00+00:00,158.74942,13.905509
2025-06-15 00:00:00+00:00,136.90913,15.281989
2025-06-15 01:00:00+00:00,94.08554,2.5264204
2025-06-15 02:00:00+00:00,177.39749,3.964089
2025-06-15 03:00:00+00:00,135.0001,3.0547013
2025-06-15 04:00:00+00:00,170.21767,5.297018
2025-06-15 05:00:00+00:00,147.99466,10.1887
2025-06-15 06:00:00+00:00,121.15924,9.044888
2025-06-15 07:00:00+00:00,104.67644,7.8149853
2025-06-15 08:00:00+00:00,105.945465,6.5520988
2025-06-15 09:00:00+00:00,178.02512,10.446206
2025-06-15 10:00:00+00:00,161.56496,7.968939
2025-06-15 11:00:00+00:00,336.0375,3.5455887
2025-06-15 12:00:00+00:00,50.710617,2.5582807
2025-06-15 13:00:00+00:00,70.01681,4.2136917
2025-06-15 14:00:00+00:00,338.80588,9.459852
2025-06-15 15:00:00+00:00,339.8636,5.7515564
2025-06-15 16:00:00+00:00,135.0001,0.5091169
2025-06-15 17:00:00+00:00,274.96964,8.311245
2025-06-15 18:00:00+00:00,306.13547,14.041154
2025-06-15 19:00:00+00:00,277.20596,15.784676
2025-06-15 20:00:00+00:00,246.52258,19.42833
2025-06-15 21:00:00+00:00,249.56708,19.592731
2025-06-15 22:00:00+00:00,258.4862,19.839235
2025-06-15 23:00:00+00:00,248.4985,25.537172
2025-06-16 00:00:00+00:00,252.9289,23.913593
2025-06-16 01:00:00+00:00,268.8767,18.36353
2025-06-16 02:00:00+00:00,259.27118,17.40424
2025-06-16 03:00:00+00:00,236.97612,25.762016
2025-06-16 04:00:00+00:00,234.12491,24.87975
2025-06-16 05:00:00+00:00,263.8973,28.783117
2025-06-16 06:00:00+00:00,248.40462,27.876762
2025-06-16 07:00:00+00:00,252.43489,26.243605
2025-06-16 08:00:00+00:00,253.68607,23.06881
2025-06-16 09:00:00+00:00,262.27145,25.431013
2025-06-16 10:00:00+00:00,260.2725,25.567604
2025-06-16 11:00:00+00:00,253.0546,24.085724
2025-06-16 12:00:00+00:00,241.31395,21.749483
2025-06-16 13:00:00+00:00,255.10648,17.508179
2025-06-16 14:00:00+00:00,252.75845,16.396805
2025-06-16 15:00:00+00:00,237.99466,16.981165
2025-06-16 16:00:00+00:00,223.3865,18.080818
2025-06-16 17:00:00+00:00,224.9999,20.619234
2025-06-16 18:00:00+00:00,228.05878,16.697365
2025-06-16 19:00:00+00:00,231.50893,19.087639
2025-06-16 20:00:00+00:00,227.29063,19.107151
2025-06-16 21:00:00+00:00,225.75375,19.348114
2025-06-16 22:00:00+00:00,223.53127,19.862083
2025-06-16 23:00:00+00:00,219.3327,16.755476
2025-06-17 00:00:00+00:00,235.57346,19.421656
2025-06-17 01:00:00+00:00,232.3057,25.022589
2025-06-17 02:00:00+00:00,228.57643,20.404411
2025-06-17 03:00:00+00:00,230.93153,19.706507
2025-06-17 04:00:00+00:00,232.54935,21.313093
2025-06-17 05:00:00+00:00,235.44556,23.166916
2025-06-17 06:00:00+00:00,232.76509,22.608458
2025-06-17 07:00:00+00:00,223.36346,22.282953
2025-06-17 08:00:00+00:00,220.17917,21.203358
2025-06-17 09:00:00+00:00,227.75917,21.152872
2025-06-17 10:00:00+00:00,226.1934,24.442913
2025-06-17 11:00:00+00:00,220.60121,19.914215
2025-06-17 12:00:00+00:00,219.6678,19.174856
2025-06-17 13:00:00+00:00,199.78117,21.806759
2025-06-17 14:00:00+00:00,195.94547,22.277134
2025-06-17 15:00:00+00:00,199.3349,21.746502
2025-06-17 16:00:00+00:00,213.55898,21.816416
2025-06-17 17:00:00+00:00,223.49261,19.35314
2025-06-17 18:00:00+00:00,218.65982,20.746122
2025-06-17 19:00:00+00:00,221.6725,21.928995
2025-06-17 20:00:00+00:00,237.6804,20.87379
2025-06-17 21:00:00+00:00,243.64186,22.298214
2025-06-17 22:00:00+00:00,239.53453,21.30093
2025-06-17 23:00:00+00:00,244.27443,21.978434
2025-06-18 00:00:00+00:00,243.00424,21.413193
2025-06-18 01:00:00+00:00,243.9354,18.434847
2025-06-18 02:00:00+00:00,249.61075,21.69952
2025-06-18 03:00:00+00:00,239.4001,19.448332
2025-06-18 04:00:00+00:00,235.59727,20.070604
2025-06-18 05:00:00+00:00,242.42995,22.945587
2025-06-18 06:00:00+00:00,247.49013,21.627733
2025-06-18 07:00:00+00:00,245.86761,24.654743
2025-06-18 08:00:00+00:00,245.59604,21.347271
2025-06-18 09:00:00+00:00,243.43501,22.137074
2025-06-18 10:00:00+00:00,241.31395,21.749483
2025-06-18 11:00:00+00:00,240.10966,26.367388
2025-06-18 12:00:00+00:00,240.30623,25.072392
2025-06-18 13:00:00+00:00,275.1363,16.084589
2025-06-18 14:00:00+00:00,292.8588,19.92479
2025-06-18 15:00:00+00:00,281.83362,19.3104
2025-06-18 16:00:00+00:00,275.7105,18.089775
2025-06-18 17:00:00+00:00,273.27042,18.930832
2025-06-18 18:00:00+00:00,260.45093,19.530622
2025-06-18 19:00:00+00:00,257.7577,19.523985
2025-06-18 20:00:00+00:00,262.16455,19.804907
2025-06-18 21:00:00+00:00,259.74323,19.206936
2025-06-18 22:00:00+00:00,250.55988,19.469975
2025-06-18 23:00:00+00:00,251.732,19.523985
2025-06-19 00:00:00+00:00,253.30067,20.671806
2025-06-19 01:00:00+00:00,258.6047,23.686932
2025-06-19 02:00:00+00:00,256.10278,17.986494
2025-06-19 03:00:00+00:00,249.33379,21.93121
2025-06-19 04:00:00+00:00,239.27539,22.195541
2025-06-19 05:00:00+00:00,240.4886,21.924562
2025-06-19 06:00:00+00:00,224.67262,22.274227
2025-06-19 07:00:00+00:00,252.84749,15.25865
2025-06-19 08:00:00+00:00,246.16125,16.92383
2025-06-19 09:00:00+00:00,247.8905,12.43434
2025-06-19 10:00:00+00:00,196.38962,3.189608
2025-06-19 11:00:00+00:00,243.79994,12.638513
2025-06-19 12:00:00+00:00,211.6607,12.688404
2025-06-19 13:00:00+00:00,240.85202,21.434364
2025-06-19 14:00:00+00:00,244.05775,14.81259
2025-06-19 15:00:00+00:00,247.72406,16.144905
2025-06-19 16:00:00+00:00,238.06158,16.332458
2025-06-19 17:00:00+00:00,243.73341,15.455911
2025-06-19 18:00:00+00:00,242.06294,13.447095
2025-06-19 19:00:00+00:00,216.55257,12.996201
2025-06-19 20:00:00+00:00,239.15347,15.095336
2025-06-19 21:00:00+00:00,241.85849,17.555307
2025-06-19 22:00:00+00:00,241.83757,20.212965
2025-06-19 23:00:00+00:00,241.77132,19.408306
2025-06-20 00:00:00+00:00,243.19923,19.561287
2025-06-20 01:00:00+00:00,234.46223,15.484185
2025-06-20 02:00:00+00:00,240.64233,16.521803
2025-06-20 03:00:00+00:00,240.10118,16.610792
2025-06-20 04:00:00+00:00,238.28491,18.832163
2025-06-20 05:00:00+00:00,235.75092,20.46941
2025-06-20 06:00:00+00:00,231.9343,18.976131
2025-06-20 07:00:00+00:00,201.80147,16.478603
2025-06-20 08:00:00+00:00,229.46724,16.341381
2025-06-20 09:00:00+00:00,228.09415,18.864824
2025-06-20 10:00:00+00:00,229.00789,20.031822
2025-06-20 11:00:00+00:00,226.82407,19.99297
2025-06-20 12:00:00+00:00,239.7828,18.955633
2025-06-20 13:00:00+00:00,202.67139,15.410776
2025-06-20 14:00:00+00:00,226.46873,14.896563
2025-06-20 15:00:00+00:00,218.8845,14.336861
2025-06-20 16:00:00+00:00,232.96953,12.85205
2025-06-20 17:00:00+00:00,217.72505,12.061343
2025-06-20 18:00:00+00:00,202.52061,15.978484
2025-06-20 19:00:00+00:00,204.82932,13.288341
2025-06-20 20:00:00+00:00,198.69908,12.351988
2025-06-20 21:00:00+00:00,223.06943,11.334285
2025-06-20 22:00:00+00:00,216.7143,13.248049
2025-06-20 23:00:00+00:00,227.38597,12.229406
2025-06-21 00:00:00+00:00,209.95352,12.257194
2025-06-21 01:00:00+00:00,224.4839,14.128566
2025-06-21 02:00:00+00:00,222.10866,12.616702
2025-06-21 03:00:00+00:00,222.22076,13.125196
2025-06-21 04:00:00+00:00,228.52155,16.5776
2025-06-21 05:00:00+00:00,220.94635,16.204998
2025-06-21 06:00:00+00:00,233.13002,18.9
2025-06-21 07:00:00+00:00,242.75835,20.448032
2025-06-21 08:00:00+00:00,247.29712,19.121557
2025-06-21 09:00:00+00:00,235.548,18.772715
2025-06-21 10:00:00+00:00,241.60707,15.141414
2025-06-21 11:00:00+00:00,247.3354,17.750774
2025-06-21 12:00:00+00:00,246.63087,15.882896
2025-06-21 13:00:00+00:00,233.9305,18.037762
2025-06-21 14:00:00+00:00,233.02231,19.152035
2025-06-21 15:00:00+00:00,242.70052,18.838184
2025-06-21 16:00:00+00:00,243.43501,16.904673
2025-06-21 17:00:00+00:00,231.76613,15.124284
2025-06-21 18:00:00+00:00,234.13008,14.438198
2025-06-21 19:00:00+00:00,228.42397,14.918297
2025-06-21 20:00:00+00:00,228.48337,14.664202
2025-06-21 21:00:00+00:00,237.52882,16.42839
2025-06-21 22:00:00+00:00,243.43501,19.319628
2025-06-21 23:00:00+00:00,224.9999,15.782622
2025-06-22 00:00:00+00:00,236.3099,14.926983
2025-06-22 01:00:00+00:00,232.12495,16.418526
2025-06-22 02:00:00+00:00,229.27956,18.762356
2025-06-22 03:00:00+00:00,224.59938,18.201374
2025-06-22 04:00:00+00:00,237.72438,20.224983
2025-06-22 05:00:00+00:00,233.00464,16.45204
2025-06-22 06:00:00+00:00,224.9999,14.255272
2025-06-22 07:00:00+00:00,237.6996,18.526888
2025-06-22 08:00:00+00:00,252.42006,19.070658
2025-06-22 09:00:00+00:00,249.50732,19.023878
2025-06-22 10:00:00+00:00,245.32315,21.988014
2025-06-22 11:00:00+00:00,244.63263,23.108103
2025-06-22 12:00:00+00:00,240.39565,18.218275
2025-06-22 13:00:00+00:00,229.85667,19.54389
2025-06-22 14:00:00+00:00,235.9806,17.373497
2025-06-22 15:00:00+00:00,227.09016,17.448862
2025-06-22 16:00:00+00:00,221.18582,15.30741
2025-06-22 17:00:00+00:00,220.6676,16.848999
2025-06-22 18:00:00+00:00,217.25537,16.056362
2025-06-22 19:00:00+00:00,220.73201,17.10284
2025-06-22 20:00:00+00:00,226.63654,17.826363
2025-06-22 21:00:00+00:00,224.58183,17.437717
2025-06-22 22:00:00+00:00,243.9967,16.42247
2025-06-22 23:00:00+00:00,219.55963,16.109749
2025-06-23 00:00:00+00:00,239.0363,15.743569
2025-06-23 01:00:00+00:00,230.19447,21.087675
2025-06-23 02:00:00+00:00,239.51114,22.350462
2025-06-23 03:00:00+00:00,237.12373,17.574675
2025-06-23 04:00:00+00:00,254.68712,15.676542
2025-06-23 05:00:00+00:00,233.92389,15.589497
2025-06-23 06:00:00+00:00,245.55606,17.399586
2025-06-23 07:00:00+00:00,239.99516,14.757804
2025-06-23 08:00:00+00:00,253.14151,24.826952
2025-06-23 09:00:00+00:00,257.24246,19.562946
2025-06-23 10:00:00+00:00,250.42677,17.193533
2025-06-23 11:00:00+00:00,243.94656,18.03237
2025-06-23 12:00:00+00:00,244.34077,20.36865
2025-06-23 13:00:00+00:00,233.57762,23.040703
2025-06-23 14:00:00+00:00,241.50446,21.505291
2025-06-23 15:00:00+00:00,233.02715,20.05203
2025-06-23 16:00:00+00:00,241.63104,20.456745
2025-06-23 17:00:00+00:00,247.95404,23.498102
2025-06-23 18:00:00+00:00,250.43613,23.114412
2025-06-23 19:00:00+00:00,257.79956,20.441692
2025-06-23 20:00:00+00:00,254.53873,17.555305
2025-06-23 21:00:00+00:00,248.31087,17.046865
2025-06-23 22:00:00+00:00,241.47697,18.847641
2025-06-23 23:00:00+00:00,244.85524,19.486609
2025-06-24 00:00:00+00:00,248.68202,23.766136
2025-06-24 01:00:00+00:00,260.9606,16.039202
2025-06-24 02:00:00+00:00,248.02544,11.063778
2025-06-24 03:00:00+00:00,215.6399,11.738705
2025-06-24 04:00:00+00:00,203.80595,13.37825
2025-06-24 05:00:00+00:00,212.3196,10.436895
2025-06-24 06:00:00+00:00,267.3676,15.676542
2025-06-24 07:00:00+00:00,239.47037,16.299694
2025-06-24 08:00:00+00:00,231.1155,14.336861
2025-06-24 09:00:00+00:00,246.3706,18.86139
2025-06-24 10:00:00+00:00,252.61752,21.69056
2025-06-24 11:00:00+00:00,258.26694,23.899363
2025-06-24 12:00:00+00:00,255.65063,23.967726
2025-06-24 13:00:00+00:00,230.05388,18.783066
2025-06-24 14:00:00+00:00,236.15462,18.42166
2025-06-24 15:00:00+00:00,239.38147,20.497883
2025-06-24 16:00:00+00:00,251.28816,11.7827835
2025-06-24 17:00:00+00:00,225.4063,17.946821
2025-06-24 18:00:00+00:00,238.43108,17.534992
2025-06-24 19:00:00+00:00,238.31367,17.134071
2025-06-24 20:00:00+00:00,247.19026,20.893959
2025-06-24 21:00:00+00:00,245.29759,19.813087
2025-06-24 22:00:00+00:00,247.20937,23.233948
2025-06-24 23:00:00+00:00,243.85321,22.057161
2025-06-25 00:00:00+00:00,250.16779,23.34455
2025-06-25 01:00:00+00:00,246.18134,21.840164
2025-06-25 02:00:00+00:00,244.98314,20.85671
2025-06-25 03:00:00+00:00,243.01219,21.815674
2025-06-25 04:00:00+00:00,242.80772,22.057894
2025-06-25 05:00:00+00:00,248.67047,20.28976
2025-06-25 06:00:00+00:00,256.88354,19.03665
2025-06-25 07:00:00+00:00,251.26654,21.85796
2025-06-25 08:00:00+00:00,248.85384,20.457537
2025-06-25 09:00:00+00:00,245.62988,23.120016
2025-06-25 10:00:00+00:00,243.43501,24.149532
2025-06-25 11:00:00+00:00,244.23071,23.18579
2025-06-25 12:00:00+00:00,246.86427,21.531641
2025-06-25 13:00:00+00:00,233.9305,18.037762
2025-06-25 14:00:00+00:00,224.56268,16.674063
2025-06-25 15:00:00+00:00,235.59148,15.926694
2025-06-25 16:00:00+00:00,240.25522,13.060857
2025-06-25 17:00:00+00:00,246.54095,10.399576
2025-06-25 18:00:00+00:00,239.2501,16.546299
2025-06-25 19:00:00+00:00,238.60979,12.440851
2025-06-25 20:00:00+00:00,223.7079,16.932442
2025-06-25 21:00:00+00:00,247.80966,14.7742605
2025-06-25 22:00:00+00:00,247.27023,14.4415655
2025-06-25 23:00:00+00:00,217.95428,11.414043
2025-06-26 00:00:00+00:00,255.21722,13.403656
2025-06-26 01:00:00+00:00,227.6426,16.563911
2025-06-26 02:00:00+00:00,229.47498,14.681866
2025-06-26 03:00:00+00:00,232.59457,15.408671
2025-06-26 04:00:00+00:00,235.95401,16.075521
2025-06-26 05:00:00+00:00,220.36446,14.174356
2025-06-26 06:00:00+00:00,220.73201,17.10284
2025-06-26 07:00:00+00:00,240.173,15.561414
2025-06-26 08:00:00+00:00,215.46344,16.13286
2025-06-26 09:00:00+00:00,244.70801,18.116623
2025-06-26 10:00:00+00:00,239.0363,16.79314
2025-06-26 11:00:00+00:00,223.85432,12.730467
2025-06-26 12:00:00+00:00,231.45879,13.577776
2025-06-26 13:00:00+00:00,212.27562,16.179987
2025-06-26 14:00:00+00:00,201.5015,12.768586
2025-06-26 15:00:00+00:00,226.06082,13.748513
2025-06-26 16:00:00+00:00,230.27394,16.616642
2025-06-26 17:00:00+00:00,227.86247,15.292585
2025-06-26 18:00:00+00:00,229.52484,17.747124
2025-06-26 19:00:00+00:00,229.63554,18.899143
2025-06-26 20:00:00+00:00,227.0601,17.703253
2025-06-26 21:00:00+00:00,228.45671,18.999168
2025-06-26 22:00:00+00:00,230.6673,16.755476
2025-06-26 23:00:00+00:00,219.1304,13.690654
2025-06-27 00:00:00+00:00,230.27394,16.616642
2025-06-27 01:00:00+00:00,239.03632,19.941854
2025-06-27 02:00:00+00:00,230.7928,17.654688
2025-06-27 03:00:00+00:00,235.79947,22.416323
2025-06-27 04:00:00+00:00,220.46214,16.08761
2025-06-27 05:00:00+00:00,218.40329,18.834743
2025-06-27 06:00:00+00:00,223.12213,15.536408
2025-06-27 07:00:00+00:00,215.88223,20.883102
2025-06-27 08:00:00+00:00,209.0545,16.67892
2025-06-27 09:00:00+00:00,210.11365,20.808498
2025-06-27 10:00:00+00:00,214.63374,21.22016
2025-06-27 11:00:00+00:00,223.60289,20.88
2025-06-27 12:00:00+00:00,221.51057,20.91256
2025-06-27 13:00:00+00:00,220.23628,18.391737
2025-06-27 14:00:00+00:00,229.7943,19.797543
2025-06-27 15:00:00+00:00,227.32155,18.852798
2025-06-27 16:00:00+00:00,224.62556,19.474136
2025-06-27 17:00:00+00:00,225.41817,17.437717
2025-06-27 18:00:00+00:00,222.81418,16.685719
2025-06-27 19:00:00+00:00,223.33975,17.571909
2025-06-27 20:00:00+00:00,224.9999,16.546299
2025-06-27 21:00:00+00:00,217.49272,16.560978
2025-06-27 22:00:00+00:00,219.24542,16.502182
2025-06-27 23:00:00+00:00,216.4914,16.344357
2025-06-28 00:00:00+00:00,211.78722,15.035119
2025-06-28 01:00:00+00:00,217.91316,23.72793
2025-06-28 02:00:00+00:00,219.5881,24.29133
2025-06-28 03:00:00+00:00,219.1605,22.517992
2025-06-28 04:00:00+00:00,224.9999,23.164818
2025-06-28 05:00:00+00:00,231.81818,23.586184
2025-06-28 06:00:00+00:00,234.87776,25.968079
2025-06-28 07:00:00+00:00,232.96953,25.7041
2025-06-28 08:00:00+00:00,234.07697,21.782974
2025-06-28 09:00:00+00:00,238.89723,25.436745
2025-06-28 10:00:00+00:00,229.25894,23.99475
2025-06-28 11:00:00+00:00,231.81818,23.586184
2025-06-28 12:00:00+00:00,232.67888,22.860708
2025-06-28 13:00:00+00:00,226.23189,23.679407
2025-06-28 14:00:00+00:00,228.59682,22.317822
2025-06-28 15:00:00+00:00,240.5242,23.77772
2025-06-28 16:00:00+00:00,243.19429,19.1588
2025-06-28 17:00:00+00:00,236.95187,17.823637
2025-06-28 18:00:00+00:00,241.34297,17.640919
2025-06-28 19:00:00+00:00,225.43074,16.928614
2025-06-28 20:00:00+00:00,221.54327,18.999168
2025-06-28 21:00:00+00:00,232.22426,18.218275
2025-06-28 22:00:00+00:00,221.47845,16.5776
2025-06-28 23:00:00+00:00,219.06258,15.995712
2025-06-29 00:00:00+00:00,220.23628,18.391737
2025-06-29 01:00:00+00:00,228.50363,12.496718
2025-06-29 02:00:00+00:00,230.9645,17.148247
2025-06-29 03:00:00+00:00,230.71062,20.466246
2025-06-29 04:00:00+00:00,221.18584,17.220835
2025-06-29 05:00:00+00:00,225.38449,18.96503
2025-06-29 06:00:00+00:00,233.97253,19.586119
2025-06-29 07:00:00+00:00,246.3706,22.004953
2025-06-29 08:00:00+00:00,241.44048,16.189997
2025-06-29 09:00:00+00:00,247.42038,19.689238
2025-06-29 10:00:00+00:00,237.52882,14.081477
2025-06-29 11:00:00+00:00,238.46526,18.58451
2025-06-29 12:00:00+00:00,234.958,16.928614
2025-06-29 13:00:00+00:00,233.13002,16.199999
2025-06-29 14:00:00+00:00,225.83023,17.566378
2025-06-29 15:00:00+00:00,226.16905,18.713942
2025-06-29 16:00:00+00:00,225.41214,17.692268
2025-06-29 17:00:00+00:00,233.45493,19.044306
2025-06-29 18:00:00+00:00,215.042,16.928614
2025-06-29 19:00:00+00:00,220.36446,18.899143
2025-06-29 20:00:00+00:00,223.4235,13.878688
2025-06-29 21:00:00+00:00,226.23633,17.69593
2025-06-29 22:00:00+00:00,233.13002,18.0
2025-06-29 23:00:00+00:00,247.42583,17.349236
2025-06-30 00:00:00+00:00,234.21094,19.083395
2025-06-30 01:00:00+00:00,240.75127,15.472672
2025-06-30 02:00:00+00:00,240.77205,17.325874
2025-06-30 03:00:00+00:00,241.38963,18.043148
2025-06-30 04:00:00+00:00,241.78273,16.75064
2025-06-30 05:00:00+00:00,242.03786,16.50709
2025-06-30 06:00:00+00:00,250.47818,21.007627
2025-06-30 07:00:00+00:00,243.66698,19.88328
2025-06-30 08:00:00+00:00,248.29005,20.924177
2025-06-30 09:00:00+00:00,249.93684,22.037323
2025-06-30 10:00:00+00:00,250.70985,22.884789
2025-06-30 11:00:00+00:00,250.0168,21.068459
2025-06-30 12:00:00+00:00,247.79646,19.05281
2025-06-30 13:00:00+00:00,262.49274,23.42076
2025-06-30 14:00:00+00:00,252.69939,11.500296
2025-06-30 15:00:00+00:00,250.48404,15.086748
2025-06-30 16:00:00+00:00,239.13918,17.194475
2025-06-30 17:00:00+00:00,239.4525,12.74954
2025-06-30 18:00:00+00:00,277.0457,16.141893
2025-06-30 19:00:00+00:00,247.94888,15.342294
2025-06-30 20:00:00+00:00,236.3099,14.926983
2025-06-30 21:00:00+00:00,246.21796,11.605464
2025-06-30 22:00:00+00:00,263.29025,12.324414
2025-06-30 23:00:00+00:00,237.92603,15.931779
2025-07-01 00:00:00+00:00,219.09384,7.42159
2025-07-01 01:00:00+00:00,244.7989,16.909464
2025-07-01 02:00:00+00:00,250.62576,17.363237
2025-07-01 03:00:00+00:00,255.83292,19.121557
2025-07-01 04:00:00+00:00,262.80084,17.235882
2025-07-01 05:00:00+00:00,243.9967,8.211235
2025-07-01 06:00:00+00:00,249.69543,19.192593
2025-07-01 07:00:00+00:00,248.92242,18.519018
2025-07-01 08:00:00+00:00,243.1722,17.548845
2025-07-01 09:00:00+00:00,247.3801,18.720001
2025-07-01 10:00:00+00:00,240.01845,16.208998
2025-07-01 11:00:00+00:00,221.74269,15.6806755
2025-07-01 12:00:00+00:00,236.3099,15.575981
2025-07-01 13:00:00+00:00,233.59114,17.892578
2025-07-01 14:00:00+00:00,240.18593,18.463821
2025-07-01 15:00:00+00:00,239.50673,18.800308
2025-07-01 16:00:00+00:00,249.9689,18.392618
2025-07-01 17:00:00+00:00,251.25856,10.644379
2025-07-01 18:00:00+00:00,240.57263,16.1198
2025-07-01 19:00:00+00:00,239.17241,12.996199
2025-07-01 20:00:00+00:00,251.18802,17.304358
2025-07-01 21:00:00+00:00,246.17574,15.151039
2025-07-01 22:00:00+00:00,225.67395,10.819482
2025-07-01 23:00:00+00:00,257.84506,11.968308
2025-07-02 00:00:00+00:00,254.33177,15.329618
2025-07-02 01:00:00+00:00,251.56496,18.214718
2025-07-02 02:00:00+00:00,253.35487,18.22361
2025-07-02 03:00:00+00:00,250.17744,16.454994
2025-07-02 04:00:00+00:00,251.732,19.523985
2025-07-02 05:00:00+00:00,248.5522,16.244936
2025-07-02 06:00:00+00:00,249.04414,18.11841
2025-07-02 07:00:00+00:00,247.5572,17.917007
2025-07-02 08:00:00+00:00,260.13425,16.808569
2025-07-02 09:00:00+00:00,252.28412,13.605189
2025-07-02 10:00:00+00:00,247.61981,16.546299
2025-07-02 11:00:00+00:00,240.67961,15.070633
2025-07-02 12:00:00+00:00,245.50145,15.62686
2025-07-02 13:00:00+00:00,248.19853,16.478603
2025-07-02 14:00:00+00:00,255.8219,17.637245
2025-07-02 15:00:00+00:00,243.43501,10.8672905
2025-07-02 16:00:00+00:00,235.93904,15.426535
2025-07-02 17:00:00+00:00,235.95401,16.075521
2025-07-02 18:00:00+00:00,219.5226,18.668005
2025-07-02 19:00:00+00:00,230.19447,16.870138
2025-07-02 20:00:00+00:00,226.06082,13.748513
2025-07-02 21:00:00+00:00,208.35487,12.886039
2025-07-02 22:00:00+00:00,229.66693,12.514855
2025-07-02 23:00:00+00:00,231.2419,16.388897
2025-07-03 00:00:00+00:00,231.34016,11.525623
2025-07-03 01:00:00+00:00,237.43958,17.726116
2025-07-03 02:00:00+00:00,238.67136,19.386593
2025-07-03 03:00:00+00:00,236.3099,14.926983
2025-07-03 04:00:00+00:00,227.96101,14.784126
2025-07-03 05:00:00+00:00,226.44406,15.15104
2025-07-03 06:00:00+00:00,238.84076,18.089775
2025-07-03 07:00:00+00:00,235.57346,19.421656
2025-07-03 08:00:00+00:00,237.99466,18.679283
2025-07-03 09:00:00+00:00,237.72438,20.224983
2025-07-03 10:00:00+00:00,237.70404,22.571884
2025-07-03 11:00:00+00:00,237.57895,15.779543
2025-07-03 12:00:00+00:00,232.0012,21.928255
2025-07-03 13:00:00+00:00,218.48022,17.935081
2025-07-03 14:00:00+00:00,232.52374,20.413143
2025-07-03 15:00:00+00:00,229.53786,16.08761
2025-07-03 16:00:00+00:00,218.2902,13.072015
2025-07-03 17:00:00+00:00,224.29277,20.620804
2025-07-03 18:00:00+00:00,226.82407,19.99297
2025-07-03 19:00:00+00:00,218.12523,18.076338
2025-07-03 20:00:00+00:00,218.65984,18.440998
2025-07-03 21:00:00+00:00,217.18478,19.656296
2025-07-03 22:00:00+00:00,228.60138,18.23694
2025-07-03 23:00:00+00:00,228.81418,19.134262
2025-07-04 00:00:00+00:00,226.80113,20.247398
2025-07-04 01:00:00+00:00,236.78473,18.072752
2025-07-04 02:00:00+00:00,244.55829,20.53105
2025-07-04 03:00:00+00:00,243.8952,20.04476
2025-07-04 04:00:00+00:00,239.9315,19.759048
2025-07-04 05:00:00+00:00,240.5616,20.875343
2025-07-04 06:00:00+00:00,236.03242,20.618448
2025-07-04 07:00:00+00:00,233.97253,17.137852
2025-07-04 08:00:00+00:00,228.36655,21.67487
2025-07-04 09:00:00+00:00,223.89127,19.731974
2025-07-04 10:00:00+00:00,225.84244,17.311846
2025-07-04 11:00:00+00:00,230.37103,14.957339
2025-07-04 12:00:00+00:00,217.8066,13.213765
2025-07-04 13:00:00+00:00,228.27058,17.84816
2025-07-04 14:00:00+00:00,219.97087,15.971386
2025-07-04 15:00:00+00:00,214.0194,17.373497
2025-07-04 16:00:00+00:00,223.12828,19.484116
2025-07-04 17:00:00+00:00,219.01186,18.300787
2025-07-04 18:00:00+00:00,231.56873,21.139847
2025-07-04 19:00:00+00:00,228.19963,20.523945
2025-07-04 20:00:00+00:00,223.86191,19.222954
2025-07-04 21:00:00+00:00,230.64056,20.719555
2025-07-04 22:00:00+00:00,231.68687,18.581894
2025-07-04 23:00:00+00:00,231.42873,18.188019
2025-07-05 00:00:00+00:00,233.9305,18.037762
2025-07-05 01:00:00+00:00,239.45947,20.899387
2025-07-05 02:00:00+00:00,241.46011,23.358423
2025-07-05 03:00:00+00:00,237.06776,18.872551
2025-07-05 04:00:00+00:00,230.01317,14.565548
2025-07-05 05:00:00+00:00,237.99466,15.283048
2025-07-05 06:00:00+00:00,247.08714,18.955631
2025-07-05 07:00:00+00:00,253.92636,22.104116
2025-07-05 08:00:00+00:00,255.84656,21.34803
2025-07-05 09:00:00+00:00,247.5572,17.917007
2025-07-05 10:00:00+00:00,250.50685,21.576738
2025-07-05 11:00:00+00:00,248.39441,19.553833
2025-07-05 12:00:00+00:00,253.84259,20.05203
2025-07-05 13:00:00+00:00,247.19026,20.893959
2025-07-05 14:00:00+00:00,248.60704,18.751991
2025-07-05 15:00:00+00:00,242.176,21.981382
2025-07-05 16:00:00+00:00,235.59727,20.070604
2025-07-05 17:00:00+00:00,239.82657,17.906157
2025-07-05 18:00:00+00:00,242.176,21.981382
2025-07-05 19:00:00+00:00,241.66096,18.201372
2025-07-05 20:00:00+00:00,238.67136,19.386593
2025-07-05 21:00:00+00:00,235.0079,17.57744
2025-07-05 22:00:00+00:00,235.49141,17.47484
2025-07-05 23:00:00+00:00,237.52882,18.775303
2025-07-06 00:00:00+00:00,233.3438,19.296135
2025-07-06 01:00:00+00:00,233.6954,21.889065
2025-07-06 02:00:00+00:00,238.03587,26.521152
2025-07-06 03:00:00+00:00,232.90707,18.504139
2025-07-06 04:00:00+00:00,237.38077,21.370783
2025-07-06 05:00:00+00:00,234.0664,24.231236
2025-07-06 06:00:00+00:00,237.80429,17.229301
2025-07-06 07:00:00+00:00,244.17906,18.59671
2025-07-06 08:00:00+00:00,235.80434,16.974487
2025-07-06 09:00:00+00:00,245.15764,21.42227
2025-07-06 10:00:00+00:00,253.39293,21.41319
2025-07-06 11:00:00+00:00,245.11261,19.24738
2025-07-06 12:00:00+00:00,242.87877,24.875193
2025-07-06 13:00:00+00:00,255.14134,18.25026
2025-07-06 14:00:00+00:00,250.38782,16.62444
2025-07-06 15:00:00+00:00,239.21593,19.694992
2025-07-06 16:00:00+00:00,236.113,14.527683
2025-07-06 17:00:00+00:00,236.49654,15.3264475
2025-07-06 18:00:00+00:00,241.57889,17.396793
2025-07-06 19:00:00+00:00,238.52321,10.34178
2025-07-06 20:00:00+00:00,236.49654,15.3264475
2025-07-06 21:00:00+00:00,246.22765,16.521803
2025-07-06 22:00:00+00:00,247.81593,20.022118
2025-07-06 23:00:00+00:00,248.30482,18.016191
2025-07-07 00:00:00+00:00,245.46228,18.204042
2025-07-07 01:00:00+00:00,231.77953,18.329092
2025-07-07 02:00:00+00:00,237.4825,17.077248
2025-07-07 03:00:00+00:00,235.73885,15.027575
2025-07-07 04:00:00+00:00,235.40765,12.682018
2025-07-07 05:00:00+00:00,230.04251,17.377226
2025-07-07 06:00:00+00:00,238.39255,19.233065
2025-07-07 07:00:00+00:00,247.69374,22.763416
2025-07-07 08:00:00+00:00,250.20103,19.130875
2025-07-07 09:00:00+00:00,256.96664,19.954037
2025-07-07 10:00:00+00:00,255.17346,18.992344
2025-07-07 11:00:00+00:00,254.64981,19.0392
2025-07-07 12:00:00+00:00,252.93706,19.017065
2025-07-07 13:00:00+00:00,232.17165,19.370708
2025-07-07 14:00:00+00:00,237.29527,20.321672
2025-07-07 15:00:00+00:00,230.7106,17.907963
2025-07-07 16:00:00+00:00,233.97253,17.137852
2025-07-07 17:00:00+00:00,250.70985,15.256526
2025-07-07 18:00:00+00:00,244.48618,17.551615
2025-07-07 19:00:00+00:00,247.59012,18.88628
2025-07-07 20:00:00+00:00,249.0012,19.087639
2025-07-07 21:00:00+00:00,247.1663,18.553974
2025-07-07 22:00:00+00:00,244.2901,16.18199
2025-07-07 23:00:00+00:00,247.47939,15.978484
2025-07-08 00:00:00+00:00,247.52052,16.947742
2025-07-08 01:00:00+00:00,234.90411,16.279802
2025-07-08 02:00:00+00:00,236.80243,17.423777
2025-07-08 03:00:00+00:00,237.09476,21.868332
2025-07-08 04:00:00+00:00,230.19447,18.275984
2025-07-08 05:00:00+00:00,233.23552,19.54803
2025-07-08 06:00:00+00:00,240.66824,21.679354
2025-07-08 07:00:00+00:00,237.82138,18.927406
2025-07-08 08:00:00+00:00,254.47583,16.813387
2025-07-08 09:00:00+00:00,253.24965,19.361507
2025-07-08 10:00:00+00:00,248.286,21.893505
2025-07-08 11:00:00+00:00,249.86362,23.006226
2025-07-08 12:00:00+00:00,248.74942,20.858265
2025-07-08 13:00:00+00:00,239.90584,18.307865
2025-07-08 14:00:00+00:00,238.51259,16.886456
2025-07-08 15:00:00+00:00,240.70874,16.923828
2025-07-08 16:00:00+00:00,248.53227,17.214249
2025-07-08 17:00:00+00:00,246.64441,17.25373
2025-07-08 18:00:00+00:00,251.93944,17.418196
2025-07-08 19:00:00+00:00,250.79593,16.963984
2025-07-08 20:00:00+00:00,251.74802,17.816362
2025-07-08 21:00:00+00:00,250.34608,18.731247
2025-07-08 22:00:00+00:00,246.80139,17.82091
2025-07-08 23:00:00+00:00,250.26723,17.5931
2025-07-09 00:00:00+00:00,249.67677,15.547875
2025-07-09 01:00:00+00:00,248.5522,10.829958
2025-07-09 02:00:00+00:00,252.01257,14.572219
2025-07-09 03:00:00+00:00,273.43356,9.016185
2025-07-09 04:00:00+00:00,298.3929,7.570707
2025-07-09 05:00:00+00:00,287.3541,6.0347
2025-07-09 06:00:00+00:00,251.07526,6.66
2025-07-09 07:00:00+00:00,226.60596,13.624228
2025-07-09 08:00:00+00:00,239.0363,18.892282
2025-07-09 09:00:00+00:00,247.61981,9.927779
2025-07-09 10:00:00+00:00,223.72705,11.457958
2025-07-09 11:00:00+00:00,246.19405,13.37825
2025-07-09 12:00:00+00:00,211.10875,12.193589
2025-07-09 13:00:00+00:00,240.75127,10.315115
2025-07-09 14:00:00+00:00,241.79846,14.092978
2025-07-09 15:00:00+00:00,238.3393,12.688404
2025-07-09 16:00:00+00:00,239.0363,13.644427
2025-07-09 17:00:00+00:00,240.67961,15.070633
2025-07-09 18:00:00+00:00,243.43501,14.087229
2025-07-09 19:00:00+00:00,243.00424,10.706596
2025-07-09 20:00:00+00:00,233.13002,10.799999
2025-07-09 21:00:00+00:00,249.92838,9.965239
2025-07-09 22:00:00+00:00,240.70874,8.461914
2025-07-09 23:00:00+00:00,256.50424,4.6277857
2025-07-10 00:00:00+00:00,214.15974,6.090812
2025-07-10 01:00:00+00:00,244.98314,8.93859
2025-07-10 02:00:00+00:00,254.62369,7.4672885
2025-07-10 03:00:00+00:00,242.02061,6.5223618
2025-07-10 04:00:00+00:00,242.40279,8.936778
2025-07-10 05:00:00+00:00,244.93256,12.320471
2025-07-10 06:00:00+00:00,247.91277,13.403656
2025-07-10 07:00:00+00:00,250.0835,13.210087
2025-07-10 08:00:00+00:00,243.01984,11.1090765
2025-07-10 09:00:00+00:00,245.4099,11.679213
2025-07-10 10:00:00+00:00,249.86362,11.503113
2025-07-10 11:00:00+00:00,222.46638,14.396625
2025-07-10 12:00:00+00:00,228.57643,12.242646
2025-07-10 13:00:00+00:00,227.04541,14.264361
2025-07-10 14:00:00+00:00,231.7098,13.072015
2025-07-10 15:00:00+00:00,228.14505,11.599879
2025-07-10 16:00:00+00:00,227.60262,11.212135
2025-07-10 17:00:00+00:00,225.76381,9.54679
2025-07-10 18:00:00+00:00,206.05344,9.016185
2025-07-10 19:00:00+00:00,205.64096,9.983106
2025-07-10 20:00:00+00:00,224.29277,10.310402
2025-07-10 21:00:00+00:00,215.16652,9.688281
2025-07-10 22:00:00+00:00,212.85571,10.285232
2025-07-10 23:00:00+00:00,218.3952,12.172312
2025-07-11 00:00:00+00:00,217.09291,9.252069
2025-07-11 01:00:00+00:00,224.9999,7.6367526
2025-07-11 02:00:00+00:00,250.0168,8.427383
2025-07-11 03:00:00+00:00,243.43501,8.854829
2025-07-11 04:00:00+00:00,232.04572,11.414043
2025-07-11 05:00:00+00:00,260.34018,8.581677
2025-07-11 06:00:00+00:00,254.98158,7.6409945
2025-07-11 07:00:00+00:00,235.43741,9.835975
2025-07-11 08:00:00+00:00,219.5226,9.3340025
2025-07-11 09:00:00+00:00,224.9999,9.92778
2025-07-11 10:00:00+00:00,226.54811,9.422101
2025-07-11 11:00:00+00:00,236.3099,9.734988
2025-07-11 12:00:00+00:00,239.0363,9.446141
2025-07-11 13:00:00+00:00,248.02544,11.063778
2025-07-11 14:00:00+00:00,255.52966,11.525623
2025-07-11 15:00:00+00:00,251.31255,12.921192
2025-07-11 16:00:00+00:00,246.3179,11.203464
2025-07-11 17:00:00+00:00,250.61539,10.304115
2025-07-11 18:00:00+00:00,245.65892,8.297589
2025-07-11 19:00:00+00:00,242.10283,6.9247384
2025-07-11 20:00:00+00:00,222.5104,5.8603754
2025-07-11 21:00:00+00:00,232.43134,5.904439
2025-07-11 22:00:00+00:00,218.65984,5.7628117
2025-07-11 23:00:00+00:00,232.25313,7.056826
2025-07-12 00:00:00+00:00,201.4478,5.414979
2025-07-12 01:00:00+00:00,255.96373,9.6480665
2025-07-12 02:00:00+00:00,259.9921,9.321845
2025-07-12 03:00:00+00:00,317.8156,7.7734165
2025-07-12 04:00:00+00:00,270.0,7.5599995
2025-07-12 05:00:00+00:00,270.0,9.179999
2025-07-12 06:00:00+00:00,262.99884,10.337079
2025-07-12 07:00:00+00:00,256.89078,13.491597
2025-07-12 08:00:00+00:00,256.63977,14.800554
2025-07-12 09:00:00+00:00,256.95435,15.151039
2025-07-12 10:00:00+00:00,253.17851,16.171976
2025-07-12 11:00:00+00:00,252.13982,17.020235
2025-07-12 12:00:00+00:00,251.77483,15.5395355
2025-07-12 13:00:00+00:00,244.7223,14.33234
2025-07-12 14:00:00+00:00,247.6593,14.206323
2025-07-12 15:00:00+00:00,246.0375,12.409561
2025-07-12 16:00:00+00:00,249.02643,11.566313
2025-07-12 17:00:00+00:00,245.94266,11.038858
2025-07-12 18:00:00+00:00,238.67136,9.693296
2025-07-12 19:00:00+00:00,230.7106,7.674842
2025-07-12 20:00:00+00:00,244.44008,9.178235
2025-07-12 21:00:00+00:00,227.4896,8.790563
2025-07-12 22:00:00+00:00,224.9999,8.909545
2025-07-12 23:00:00+00:00,244.39786,9.580668
2025-07-13 00:00:00+00:00,236.0409,10.63372
2025-07-13 01:00:00+00:00,257.4712,8.297589
2025-07-13 02:00:00+00:00,240.64233,9.913082
2025-07-13 03:00:00+00:00,252.69939,11.500296
2025-07-13 04:00:00+00:00,238.89125,12.193589
2025-07-13 05:00:00+00:00,265.84042,9.926147
2025-07-13 06:00:00+00:00,257.57407,10.874741
2025-07-13 07:00:00+00:00,221.69804,13.259049
2025-07-13 08:00:00+00:00,238.8776,11.144021
2025-07-13 09:00:00+00:00,254.3577,14.019216
2025-07-13 10:00:00+00:00,250.07433,15.316933
2025-07-13 11:00:00+00:00,246.3706,15.717823
2025-07-13 12:00:00+00:00,254.60439,12.882267
2025-07-13 13:00:00+00:00,246.1135,13.78029
2025-07-13 14:00:00+00:00,249.35294,13.272482
2025-07-13 15:00:00+00:00,238.90276,13.243156
2025-07-13 16:00:00+00:00,237.52882,11.734564
2025-07-13 17:00:00+00:00,215.3402,12.136325
2025-07-13 18:00:00+00:00,232.95744,11.952054
2025-07-13 19:00:00+00:00,215.90982,12.88981
2025-07-13 20:00:00+00:00,221.82008,13.767352
2025-07-13 21:00:00+00:00,220.19197,13.666967
2025-07-13 22:00:00+00:00,232.85323,14.904173
2025-07-13 23:00:00+00:00,230.9806,13.437455
2025-07-14 00:00:00+00:00,236.3099,14.277983
2025-07-14 01:00:00+00:00,230.19447,15.4642935
2025-07-14 02:00:00+00:00,230.38934,13.551501
2025-07-14 03:00:00+00:00,237.42595,15.379206
2025-07-14 04:00:00+00:00,224.38402,11.837651
2025-07-14 05:00:00+00:00,234.90411,16.279802
2025-07-14 06:00:00+00:00,241.69934,18.603678
2025-07-14 07:00:00+00:00,241.69934,18.603678
2025-07-14 08:00:00+00:00,252.50415,17.363237
2025-07-14 09:00:00+00:00,263.34567,21.746504
2025-07-14 10:00:00+00:00,260.45093,19.530622
2025-07-14 11:00:00+00:00,261.70294,17.462784
2025-07-14 12:00:00+00:00,256.42953,16.109747
2025-07-14 13:00:00+00:00,259.75598,15.182015
2025-07-14 14:00:00+00:00,253.21727,11.844492
2025-07-14 15:00:00+00:00,239.03632,11.545284
2025-07-14 16:00:00+00:00,236.88864,9.885262
2025-07-14 17:00:00+00:00,232.12495,10.261579
2025-07-14 18:00:00+00:00,247.79646,9.526405
2025-07-14 19:00:00+00:00,236.5237,13.379461
2025-07-14 20:00:00+00:00,237.46495,12.383424
2025-07-14 21:00:00+00:00,231.22581,14.083778
2025-07-14 22:00:00+00:00,240.8658,12.570394
2025-07-14 23:00:00+00:00,237.26477,11.983188
2025-07-15 00:00:00+00:00,242.02061,13.0447235
2025-07-15 01:00:00+00:00,302.1712,13.184308
2025-07-15 02:00:00+00:00,301.92084,12.936228
2025-07-15 03:00:00+00:00,297.3238,12.156331
2025-07-15 04:00:00+00:00,281.88864,6.9899354
2025-07-15 05:00:00+00:00,252.1212,11.726277
2025-07-15 06:00:00+00:00,275.7927,12.483749
2025-07-15 07:00:00+00:00,259.69522,10.062305
2025-07-15 08:00:00+00:00,254.19742,9.914717
2025-07-15 09:00:00+00:00,231.89238,11.666721
2025-07-15 10:00:00+00:00,242.62238,11.351422
2025-07-15 11:00:00+00:00,239.80847,11.453715
2025-07-15 12:00:00+00:00,227.43669,11.975074
2025-07-15 13:00:00+00:00,246.25049,14.74902
2025-07-15 14:00:00+00:00,247.1663,14.84318
2025-07-15 15:00:00+00:00,244.25934,11.190442
2025-07-15 16:00:00+00:00,241.31395,10.874742
2025-07-15 17:00:00+00:00,227.66306,10.957846
2025-07-15 18:00:00+00:00,220.97165,9.059205
2025-07-15 19:00:00+00:00,231.54626,7.8149853
2025-07-15 20:00:00+00:00,241.1893,4.1085763
2025-07-15 21:00:00+00:00,224.9999,7.6367526
2025-07-15 22:00:00+00:00,240.94548,9.2660675
2025-07-15 23:00:00+00:00,237.42595,7.689603
2025-07-16 00:00:00+00:00,238.10924,9.54
2025-07-16 01:00:00+00:00,262.8751,8.707238
2025-07-16 02:00:00+00:00,278.29706,8.731392
2025-07-16 03:00:00+00:00,277.38596,9.801326
2025-07-16 04:00:00+00:00,286.6993,11.27553
2025-07-16 05:00:00+00:00,277.88306,11.811622
2025-07-16 06:00:00+00:00,273.814,13.529966
2025-07-16 07:00:00+00:00,275.7823,14.292725
2025-07-16 08:00:00+00:00,275.00055,14.455019
2025-07-16 09:00:00+00:00,270.69025,14.941085
2025-07-16 10:00:00+00:00,267.4267,16.036171
2025-07-16 11:00:00+00:00,267.3975,15.856356
2025-07-16 12:00:00+00:00,263.41815,14.133153
2025-07-16 13:00:00+00:00,266.68228,12.440851
2025-07-16 14:00:00+00:00,268.2101,11.525623
2025-07-16 15:00:00+00:00,263.4538,11.052058
2025-07-16 16:00:00+00:00,259.93936,11.334284
2025-07-16 17:00:00+00:00,257.15228,10.5234585
2025-07-16 18:00:00+00:00,245.55606,10.874741
2025-07-16 19:00:00+00:00,242.10283,10.387107
2025-07-16 20:00:00+00:00,232.90707,9.252069
2025-07-16 21:00:00+00:00,228.36655,8.669949
2025-07-16 22:00:00+00:00,224.02907,7.5105524
2025-07-16 23:00:00+00:00,234.24602,5.5450516
2025-07-17 00:00:00+00:00,212.27562,4.0449967
2025-07-17 01:00:00+00:00,312.39737,5.6060677
2025-07-17 02:00:00+00:00,220.60121,3.319036
2025-07-17 03:00:00+00:00,246.80138,5.4833565
2025-07-17 04:00:00+00:00,235.30478,2.8460495
2025-07-17 05:00:00+00:00,253.68607,7.689603
2025-07-17 06:00:00+00:00,260.70676,10.03167
2025-07-17 07:00:00+00:00,264.47256,11.212135
2025-07-17 08:00:00+00:00,266.3087,11.183201
2025-07-17 09:00:00+00:00,260.53775,9.854075
2025-07-17 10:00:00+00:00,254.84587,8.951267
2025-07-17 11:00:00+00:00,252.21602,10.018743
2025-07-17 12:00:00+00:00,252.29948,8.880405
2025-07-17 13:00:00+00:00,263.36758,7.79215
2025-07-17 14:00:00+00:00,255.96373,7.42159
2025-07-17 15:00:00+00:00,239.30035,6.698806
2025-07-17 16:00:00+00:00,221.98714,7.2649574
2025-07-17 17:00:00+00:00,225.97093,7.5105524
2025-07-17 18:00:00+00:00,230.04251,8.688613
2025-07-17 19:00:00+00:00,239.30035,6.698806
2025-07-17 20:00:00+00:00,240.2552,7.256032
2025-07-17 21:00:00+00:00,220.60121,6.638072
2025-07-17 22:00:00+00:00,212.82854,6.6405115
2025-07-17 23:00:00+00:00,217.30403,4.752136
2025-07-18 00:00:00+00:00,209.7448,5.8048253
2025-07-18 01:00:00+00:00,247.8336,5.2478566
2025-07-18 02:00:00+00:00,256.75946,6.28713
2025-07-18 03:00:00+00:00,262.23492,7.9932976
2025-07-18 04:00:00+00:00,254.21918,8.604301
2025-07-18 05:00:00+00:00,260.21765,10.594036
2025-07-18 06:00:00+00:00,261.3269,10.742848
2025-07-18 07:00:00+00:00,259.8754,10.239453
2025-07-18 08:00:00+00:00,264.47256,11.212135
2025-07-18 09:00:00+00:00,269.13196,11.881363
2025-07-18 10:00:00+00:00,273.41653,12.081472
2025-07-18 11:00:00+00:00,275.52744,11.212135
2025-07-18 12:00:00+00:00,267.22986,11.173057
2025-07-18 13:00:00+00:00,282.30798,10.132897
2025-07-18 14:00:00+00:00,277.9695,9.087772
2025-07-18 15:00:00+00:00,272.9356,7.029225
2025-07-18 16:00:00+00:00,261.02747,6.924738
2025-07-18 17:00:00+00:00,237.99466,6.792466
2025-07-18 18:00:00+00:00,225.97093,7.5105524
2025-07-18 19:00:00+00:00,240.06857,6.854195
2025-07-18 20:00:00+00:00,226.2188,5.983477
2025-07-18 21:00:00+00:00,236.76828,6.2405767
2025-07-18 22:00:00+00:00,224.9999,5.3457265
2025-07-18 23:00:00+00:00,206.56499,5.634891
2025-07-19 00:00:00+00:00,222.95459,7.1321807
2025-07-19 01:00:00+00:00,246.0375,8.863972
2025-07-19 02:00:00+00:00,240.10118,8.305396
2025-07-19 03:00:00+00:00,247.98866,9.12513
2025-07-19 04:00:00+00:00,248.19853,9.693296
2025-07-19 05:00:00+00:00,233.3658,8.748075
2025-07-19 06:00:00+00:00,230.44037,10.739832
2025-07-19 07:00:00+00:00,261.11942,11.659777
2025-07-19 08:00:00+00:00,244.84073,13.125196
2025-07-19 09:00:00+00:00,248.6293,13.337016
2025-07-19 10:00:00+00:00,250.09616,11.103243
2025-07-19 11:00:00+00:00,257.7749,11.050591
2025-07-19 12:00:00+00:00,249.10216,10.597094
2025-07-19 13:00:00+00:00,259.046,11.367109
2025-07-19 14:00:00+00:00,256.21838,9.82279
2025-07-19 15:00:00+00:00,244.32323,10.385547
2025-07-19 16:00:00+00:00,231.009,9.726664
2025-07-19 17:00:00+00:00,225.76381,9.54679
2025-07-19 18:00:00+00:00,225.76381,9.54679
2025-07-19 19:00:00+00:00,203.19861,6.8541956
2025-07-19 20:00:00+00:00,210.52963,8.149847
2025-07-19 21:00:00+00:00,203.19861,9.595874
2025-07-19 22:00:00+00:00,207.89719,10.387107
2025-07-19 23:00:00+00:00,214.9921,10.9859
2025-07-20 00:00:00+00:00,205.60214,9.580668
2025-07-20 01:00:00+00:00,227.72636,8.027678
2025-07-20 02:00:00+00:00,216.70294,12.348051
2025-07-20 03:00:00+00:00,227.24576,12.992459
2025-07-20 04:00:00+00:00,236.3099,14.277983
2025-07-20 05:00:00+00:00,237.14427,10.285232
2025-07-20 06:00:00+00:00,244.93256,12.320471
2025-07-20 07:00:00+00:00,239.53453,10.650465
2025-07-20 08:00:00+00:00,243.06055,12.3165245
2025-07-20 09:00:00+00:00,234.74356,12.785069
2025-07-20 10:00:00+00:00,230.9806,13.437455
2025-07-20 11:00:00+00:00,234.71317,14.33347
2025-07-20 12:00:00+00:00,237.01147,12.232057
2025-07-20 13:00:00+00:00,218.2902,8.714677
2025-07-20 14:00:00+00:00,223.60289,10.44
2025-07-20 15:00:00+00:00,218.21107,10.766949
2025-07-20 16:00:00+00:00,202.52061,7.989242
2025-07-20 17:00:00+00:00,205.76927,11.592895
2025-07-20 18:00:00+00:00,203.9625,12.409561
2025-07-20 19:00:00+00:00,193.13403,11.090103
2025-07-20 20:00:00+00:00,204.27443,10.070353
2025-07-20 21:00:00+00:00,209.14798,10.717182
2025-07-20 22:00:00+00:00,206.56499,9.659814
2025-07-20 23:00:00+00:00,204.86368,8.133928
2025-07-21 00:00:00+00:00,200.55612,7.689603
2025-07-21 01:00:00+00:00,222.18437,7.7734165
2025-07-21 02:00:00+00:00,239.9315,7.9036193
2025-07-21 03:00:00+00:00,242.78397,7.0843205
2025-07-21 04:00:00+00:00,248.19853,6.7853074
2025-07-21 05:00:00+00:00,251.14674,7.7983837
2025-07-21 06:00:00+00:00,246.92957,10.564942
2025-07-21 07:00:00+00:00,239.42085,9.19939
2025-07-21 08:00:00+00:00,236.97612,12.881008
2025-07-21 09:00:00+00:00,239.80847,11.453715
2025-07-21 10:00:00+00:00,237.72438,12.13499
2025-07-21 11:00:00+00:00,246.68227,11.368535
2025-07-21 12:00:00+00:00,243.06055,12.3165245
2025-07-21 13:00:00+00:00,254.19742,9.914717
2025-07-21 14:00:00+00:00,260.2725,6.391901
2025-07-21 15:00:00+00:00,270.0,7.7400002
2025-07-21 16:00:00+00:00,271.46878,7.0223074
2025-07-21 17:00:00+00:00,241.60707,7.570707
2025-07-21 18:00:00+00:00,229.39879,8.297589
2025-07-21 19:00:00+00:00,235.0079,8.78872
2025-07-21 20:00:00+00:00,222.70937,9.5535755
2025-07-21 21:00:00+00:00,218.08882,8.461915
2025-07-21 22:00:00+00:00,223.21011,8.149847
2025-07-21 23:00:00+00:00,244.59233,7.970972
2025-07-22 00:00:00+00:00,223.45189,9.422101
2025-07-22 01:00:00+00:00,226.46873,4.965521
2025-07-22 02:00:00+00:00,237.52882,7.0407386
2025-07-22 03:00:00+00:00,233.84172,5.796447
2025-07-22 04:00:00+00:00,243.43501,8.452336
2025-07-22 05:00:00+00:00,245.4099,11.679213
2025-07-22 06:00:00+00:00,252.38733,11.897714
2025-07-22 07:00:00+00:00,258.50348,10.837435
2025-07-22 08:00:00+00:00,262.67368,12.703715
2025-07-22 09:00:00+00:00,258.0031,14.721535
2025-07-22 10:00:00+00:00,252.838,12.810386
2025-07-22 11:00:00+00:00,261.97284,14.178928
2025-07-22 12:00:00+00:00,263.41815,14.133153
2025-07-22 13:00:00+00:00,284.03625,11.132385
2025-07-22 14:00:00+00:00,278.27582,10.004178
2025-07-22 15:00:00+00:00,271.21884,8.461914
2025-07-22 16:00:00+00:00,266.186,10.823973
2025-07-22 17:00:00+00:00,255.49979,10.783487
2025-07-22 18:00:00+00:00,250.09616,11.103243
2025-07-22 19:00:00+00:00,260.53775,12.043869
2025-07-22 20:00:00+00:00,252.55272,13.207634
2025-07-22 21:00:00+00:00,250.75038,12.011544
2025-07-22 22:00:00+00:00,236.92932,9.236298
2025-07-22 23:00:00+00:00,239.5743,13.151091
2025-07-23 00:00:00+00:00,246.0375,12.409561
2025-07-23 01:00:00+00:00,256.60748,7.771331
2025-07-23 02:00:00+00:00,259.1145,9.531505
2025-07-23 03:00:00+00:00,273.3664,9.195868
2025-07-23 04:00:00+00:00,256.65128,10.914888
2025-07-23 05:00:00+00:00,239.67648,11.052058
2025-07-23 06:00:00+00:00,273.05283,13.519186
2025-07-23 07:00:00+00:00,256.67545,14.05845
2025-07-23 08:00:00+00:00,246.41296,13.945064
2025-07-23 09:00:00+00:00,256.1153,16.50218
2025-07-23 10:00:00+00:00,242.87877,16.58346
2025-07-23 11:00:00+00:00,253.95093,13.672893
2025-07-23 12:00:00+00:00,260.42584,15.151039
2025-07-23 13:00:00+00:00,254.95355,17.33429
2025-07-23 14:00:00+00:00,245.95578,12.81165
2025-07-23 15:00:00+00:00,246.80139,15.079229
2025-07-23 16:00:00+00:00,241.02039,13.374618
2025-07-23 17:00:00+00:00,234.63745,13.684735
2025-07-23 18:00:00+00:00,233.13002,12.599998
2025-07-23 19:00:00+00:00,209.98155,10.805998
2025-07-23 20:00:00+00:00,220.98573,14.545515
2025-07-23 21:00:00+00:00,220.78572,12.124306
2025-07-23 22:00:00+00:00,233.78107,15.841022
2025-07-23 23:00:00+00:00,234.54443,14.584443
2025-07-24 00:00:00+00:00,235.1246,14.480773
2025-07-24 01:00:00+00:00,237.4825,17.077248
2025-07-24 02:00:00+00:00,247.0942,13.874019
2025-07-24 03:00:00+00:00,246.80139,12.337553
2025-07-24 04:00:00+00:00,232.92683,10.152064
2025-07-24 05:00:00+00:00,237.75755,13.833091
2025-07-24 06:00:00+00:00,243.76811,13.845967
2025-07-24 07:00:00+00:00,250.75038,12.011544
2025-07-24 08:00:00+00:00,237.86278,16.580532
2025-07-24 09:00:00+00:00,241.6544,15.543706
2025-07-24 10:00:00+00:00,238.76814,19.787722
2025-07-24 11:00:00+00:00,240.77205,17.325874
2025-07-24 12:00:00+00:00,239.99516,14.757804
2025-07-24 13:00:00+00:00,237.06131,15.22783
2025-07-24 14:00:00+00:00,242.74475,13.363711
2025-07-24 15:00:00+00:00,242.35411,12.801531
2025-07-24 16:00:00+00:00,236.79341,11.832176
2025-07-24 17:00:00+00:00,230.49236,13.298089
2025-07-24 18:00:00+00:00,230.28128,15.210799
2025-07-24 19:00:00+00:00,231.76613,15.124284
2025-07-24 20:00:00+00:00,242.6502,17.630812
2025-07-24 21:00:00+00:00,243.19429,19.1588
2025-07-24 22:00:00+00:00,242.48808,19.483284
2025-07-24 23:00:00+00:00,248.38516,20.523157
2025-07-25 00:00:00+00:00,251.40446,20.320875
2025-07-25 01:00:00+00:00,255.2564,17.682194
2025-07-25 02:00:00+00:00,260.9098,18.228943
2025-07-25 03:00:00+00:00,255.1545,15.455911
2025-07-25 04:00:00+00:00,243.7118,16.663372
2025-07-25 05:00:00+00:00,244.44008,13.767352
2025-07-25 06:00:00+00:00,246.70541,14.1102085
2025-07-25 07:00:00+00:00,257.61926,15.111424
2025-07-25 08:00:00+00:00,252.47433,17.932371
2025-07-25 09:00:00+00:00,247.5838,15.577022
2025-07-25 10:00:00+00:00,249.1209,18.687086
2025-07-25 11:00:00+00:00,251.56496,19.92235
2025-07-25 12:00:00+00:00,246.33684,17.490591
2025-07-25 13:00:00+00:00,248.44286,15.676544
2025-07-25 14:00:00+00:00,251.37833,17.47484
2025-07-25 15:00:00+00:00,254.68712,15.676542
2025-07-25 16:00:00+00:00,249.22766,16.748707
2025-07-25 17:00:00+00:00,243.18912,18.75631
2025-07-25 18:00:00+00:00,251.92758,17.987394
2025-07-25 19:00:00+00:00,250.26723,17.5931
2025-07-25 20:00:00+00:00,253.11313,21.068459
2025-07-25 21:00:00+00:00,254.12398,20.398058
2025-07-25 22:00:00+00:00,255.8219,17.637245
2025-07-25 23:00:00+00:00,252.44637,18.501513
2025-07-26 00:00:00+00:00,254.90837,16.59225
2025-07-26 01:00:00+00:00,256.5618,20.91256
2025-07-26 02:00:00+00:00,262.8751,20.316889
2025-07-26 03:00:00+00:00,256.75946,18.861387
2025-07-26 04:00:00+00:00,252.61295,18.673208
2025-07-26 05:00:00+00:00,258.58905,20.015642
2025-07-26 06:00:00+00:00,255.06853,22.35481
2025-07-26 07:00:00+00:00,252.47433,21.518847
2025-07-26 08:00:00+00:00,258.50348,21.67487
2025-07-26 09:00:00+00:00,252.25523,18.899143
2025-07-26 10:00:00+00:00,255.48326,20.82484
2025-07-26 11:00:00+00:00,254.3757,22.054958
2025-07-26 12:00:00+00:00,247.70633,19.45416
2025-07-26 13:00:00+00:00,255.28488,18.4243
2025-07-26 14:00:00+00:00,269.51447,21.240763
2025-07-26 15:00:00+00:00,253.6441,17.258425
2025-07-26 16:00:00+00:00,250.26723,17.5931
2025-07-26 17:00:00+00:00,256.44623,20.73753
2025-07-26 18:00:00+00:00,256.78723,21.262869
2025-07-26 19:00:00+00:00,259.1145,19.06301
2025-07-26 20:00:00+00:00,260.69803,21.158232
2025-07-26 21:00:00+00:00,256.44623,20.73753
2025-07-26 22:00:00+00:00,256.21838,19.64558
2025-07-26 23:00:00+00:00,262.07935,20.899387
2025-07-27 00:00:00+00:00,238.43108,17.534992
2025-07-27 01:00:00+00:00,250.46326,23.683512
2025-07-27 02:00:00+00:00,251.0295,24.36325
2025-07-27 03:00:00+00:00,255.59995,27.504095
2025-07-27 04:00:00+00:00,255.5792,26.019806
2025-07-27 05:00:00+00:00,253.30067,26.309572
2025-07-27 06:00:00+00:00,249.8515,26.650942
2025-07-27 07:00:00+00:00,252.29948,26.641216
2025-07-27 08:00:00+00:00,243.98769,25.03618
2025-07-27 09:00:00+00:00,248.27284,25.77082
2025-07-27 10:00:00+00:00,247.00067,27.180593
2025-07-27 11:00:00+00:00,248.6737,28.211805
2025-07-27 12:00:00+00:00,246.20515,24.983713
2025-07-27 13:00:00+00:00,250.83974,22.485596
2025-07-27 14:00:00+00:00,245.34412,24.162947
2025-07-27 15:00:00+00:00,246.73679,20.964397
2025-07-27 16:00:00+00:00,241.63104,20.456745
2025-07-27 17:00:00+00:00,242.99599,21.01071
2025-07-27 18:00:00+00:00,247.84972,21.960737
2025-07-27 19:00:00+00:00,243.43501,21.734581
2025-07-27 20:00:00+00:00,244.23071,23.18579
2025-07-27 21:00:00+00:00,246.86427,21.531641
2025-07-27 22:00:00+00:00,246.29735,24.179703
2025-07-27 23:00:00+00:00,247.34807,24.770773
2025-07-28 00:00:00+00:00,252.64589,24.1388
2025-07-28 01:00:00+00:00,245.48038,22.553934
2025-07-28 02:00:00+00:00,246.08376,22.644257
2025-07-28 03:00:00+00:00,249.02643,23.132626
2025-07-28 04:00:00+00:00,250.37422,24.652115
2025-07-28 05:00:00+00:00,247.53674,20.256998
2025-07-28 06:00:00+00:00,253.51117,23.464987
2025-07-28 07:00:00+00:00,255.96373,23.00693
2025-07-28 08:00:00+00:00,258.85715,24.216522
2025-07-28 09:00:00+00:00,253.93994,24.72495
2025-07-28 10:00:00+00:00,253.26115,24.999271
2025-07-28 11:00:00+00:00,249.341,23.469128
2025-07-28 12:00:00+00:00,251.01668,23.794067
2025-07-28 13:00:00+00:00,239.53453,21.30093
2025-07-28 14:00:00+00:00,242.10283,20.774214
2025-07-28 15:00:00+00:00,251.41298,21.459291
2025-07-28 16:00:00+00:00,244.8265,19.888983
2025-07-28 17:00:00+00:00,251.41298,21.459291
2025-07-28 18:00:00+00:00,248.09677,18.818396
2025-07-28 19:00:00+00:00,251.11382,21.687572
2025-07-28 20:00:00+00:00,255.72745,21.17354
2025-07-28 21:00:00+00:00,254.26114,20.57125
2025-07-28 22:00:00+00:00,252.45091,22.087988
2025-07-28 23:00:00+00:00,254.2378,23.192074
2025-07-29 00:00:00+00:00,256.17133,24.098497
2025-07-29 01:00:00+00:00,240.98973,22.640678
2025-07-29 02:00:00+00:00,245.32315,21.988014
2025-07-29 03:00:00+00:00,253.93353,23.414532
2025-07-29 04:00:00+00:00,258.6901,20.192118
2025-07-29 05:00:00+00:00,257.3302,23.799513
2025-07-29 06:00:00+00:00,257.38638,26.376602
2025-07-29 07:00:00+00:00,257.28888,24.541468
2025-07-29 08:00:00+00:00,257.42453,23.97516
2025-07-29 09:00:00+00:00,259.6552,23.05476
2025-07-29 10:00:00+00:00,257.81137,23.018896
2025-07-29 11:00:00+00:00,257.7749,22.101183
2025-07-29 12:00:00+00:00,252.18102,21.175835
2025-07-29 13:00:00+00:00,247.59454,22.19554
2025-07-29 14:00:00+00:00,251.25015,20.719553
2025-07-29 15:00:00+00:00,252.89719,19.586117
2025-07-29 16:00:00+00:00,254.27519,19.260841
2025-07-29 17:00:00+00:00,259.31512,19.416653
2025-07-29 18:00:00+00:00,260.38034,21.542923
2025-07-29 19:00:00+00:00,257.13724,23.448412
2025-07-29 20:00:00+00:00,253.3855,23.292444
2025-07-29 21:00:00+00:00,253.42113,24.602781
2025-07-29 22:00:00+00:00,255.51523,22.30911
2025-07-29 23:00:00+00:00,254.18857,21.139849
2025-07-30 00:00:00+00:00,252.85956,20.155178
2025-07-30 01:00:00+00:00,244.8265,19.888983
2025-07-30 02:00:00+00:00,244.34077,20.36865
2025-07-30 03:00:00+00:00,250.78014,20.778112
2025-07-30 04:00:00+00:00,250.4479,20.438522
2025-07-30 05:00:00+00:00,249.72722,21.299408
2025-07-30 06:00:00+00:00,251.00325,23.224882
2025-07-30 07:00:00+00:00,250.47818,21.007627
2025-07-30 08:00:00+00:00,250.0168,21.068459
2025-07-30 09:00:00+00:00,251.24126,20.150354
2025-07-30 10:00:00+00:00,246.3706,18.86139
2025-07-30 11:00:00+00:00,243.94656,18.03237
2025-07-30 12:00:00+00:00,245.22488,18.040455
2025-07-30 13:00:00+00:00,230.26244,19.42833
2025-07-30 14:00:00+00:00,232.81522,19.656296
2025-07-30 15:00:00+00:00,236.78473,18.072752
2025-07-30 16:00:00+00:00,238.84076,18.089775
2025-07-30 17:00:00+00:00,241.29414,17.238699
2025-07-30 18:00:00+00:00,238.54323,17.935986
2025-07-30 19:00:00+00:00,236.3099,18.820976
2025-07-30 20:00:00+00:00,237.7891,21.274294
2025-07-30 21:00:00+00:00,236.0138,19.320465
2025-07-30 22:00:00+00:00,234.4007,19.48079
2025-07-30 23:00:00+00:00,235.33649,20.57125
2025-07-31 00:00:00+00:00,237.77127,19.576189
2025-07-31 01:00:00+00:00,235.75092,20.46941
2025-07-31 02:00:00+00:00,234.21094,19.083395
2025-07-31 03:00:00+00:00,235.548,18.772715
2025-07-31 04:00:00+00:00,240.75127,20.63023
2025-07-31 05:00:00+00:00,243.19923,19.561287
2025-07-31 06:00:00+00:00,243.91446,19.239801
2025-07-31 07:00:00+00:00,240.84317,19.581154
2025-07-31 08:00:00+00:00,240.80261,21.03229
2025-07-31 09:00:00+00:00,242.04912,19.969458
2025-07-31 10:00:00+00:00,241.21347,18.689688
2025-07-31 11:00:00+00:00,236.64597,17.02404
2025-07-31 12:00:00+00:00,235.6456,17.224598
2025-07-31 13:00:00+00:00,233.78107,15.841022
2025-07-31 14:00:00+00:00,234.6887,15.881875
2025-07-31 15:00:00+00:00,235.52072,18.123774
2025-07-31 16:00:00+00:00,238.10924,19.08
2025-07-31 17:00:00+00:00,239.74364,17.504478
2025-07-31 18:00:00+00:00,234.0131,18.686218
2025-07-31 19:00:00+00:00,234.86572,17.82818
2025-07-31 20:00:00+00:00,236.92932,18.472595
2025-07-31 21:00:00+00:00,237.57246,18.126455
2025-07-31 22:00:00+00:00,235.9806,17.373497
2025-07-31 23:00:00+00:00,237.52882,16.42839
2025-08-01 00:00:00+00:00,241.1893,16.434305
2025-08-01 01:00:00+00:00,233.55547,14.544401
2025-08-01 02:00:00+00:00,244.98314,14.897651
2025-08-01 03:00:00+00:00,245.87901,13.213764
2025-08-01 04:00:00+00:00,250.97429,16.56489
2025-08-01 05:00:00+00:00,249.36237,14.810401
2025-08-01 06:00:00+00:00,247.72406,16.144905
2025-08-01 07:00:00+00:00,248.07036,14.941083
2025-08-01 08:00:00+00:00,247.69374,15.175612
2025-08-01 09:00:00+00:00,246.0375,15.955151
2025-08-01 10:00:00+00:00,246.29735,16.1198
2025-08-01 11:00:00+00:00,245.13632,16.267857
2025-08-01 12:00:00+00:00,247.22958,15.812363
2025-08-01 13:00:00+00:00,252.838,12.810386
2025-08-01 14:00:00+00:00,245.4099,11.679213
2025-08-01 15:00:00+00:00,244.17906,12.397806
2025-08-01 16:00:00+00:00,239.03632,11.545284
2025-08-01 17:00:00+00:00,234.03938,11.341428
2025-08-01 18:00:00+00:00,235.58157,11.782784
2025-08-01 19:00:00+00:00,235.08052,11.634741
2025-08-01 20:00:00+00:00,229.93927,10.348043
2025-08-01 21:00:00+00:00,230.64827,11.638917
2025-08-01 22:00:00+00:00,237.87503,9.139322
2025-08-01 23:00:00+00:00,235.14546,12.283599
2025-08-02 00:00:00+00:00,233.97253,9.793059
2025-08-02 01:00:00+00:00,249.14546,8.089993
2025-08-02 02:00:00+00:00,257.4712,8.297589
2025-08-02 03:00:00+00:00,243.43501,9.659814
2025-08-02 04:00:00+00:00,258.85715,12.108261
2025-08-02 05:00:00+00:00,259.69522,12.074766
2025-08-02 06:00:00+00:00,252.5972,12.638512
2025-08-02 07:00:00+00:00,264.66794,13.558673
2025-08-02 08:00:00+00:00,251.87805,10.4166975
2025-08-02 09:00:00+00:00,255.11368,14.713829
2025-08-02 10:00:00+00:00,258.42484,15.2501545
2025-08-02 11:00:00+00:00,259.90256,13.346729
2025-08-02 12:00:00+00:00,250.82089,13.149859
2025-08-02 13:00:00+00:00,253.11313,10.534229
2025-08-02 14:00:00+00:00,250.0168,8.427383
2025-08-02 15:00:00+00:00,242.44727,9.339208
2025-08-02 16:00:00+00:00,237.3391,8.338489
2025-08-02 17:00:00+00:00,227.04541,7.1321807
2025-08-02 18:00:00+00:00,221.98714,7.2649574
2025-08-02 19:00:00+00:00,206.56499,10.464797
2025-08-02 20:00:00+00:00,209.8988,8.305396
2025-08-02 21:00:00+00:00,212.00534,8.490582
2025-08-02 22:00:00+00:00,203.02553,7.823272
2025-08-02 23:00:00+00:00,205.4633,8.373386
2025-08-03 00:00:00+00:00,194.38142,7.247096
2025-08-03 01:00:00+00:00,214.50858,6.989936
2025-08-03 02:00:00+00:00,204.77512,7.731623
2025-08-03 03:00:00+00:00,218.15727,9.614426
2025-08-03 04:00:00+00:00,215.39488,8.39078
2025-08-03 05:00:00+00:00,222.97864,10.825469
2025-08-03 06:00:00+00:00,225.69019,10.564941
2025-08-03 07:00:00+00:00,232.35231,7.9567327
2025-08-03 08:00:00+00:00,232.43134,8.856658
2025-08-03 09:00:00+00:00,241.76265,11.032987
2025-08-03 10:00:00+00:00,247.249,12.10157
2025-08-03 11:00:00+00:00,249.44386,12.303366
2025-08-03 12:00:00+00:00,246.57129,11.770403
2025-08-03 13:00:00+00:00,249.71735,8.827344
2025-08-03 14:00:00+00:00,228.99101,5.48631
2025-08-03 15:00:00+00:00,236.3099,5.8409934
2025-08-03 16:00:00+00:00,229.574,6.384293
2025-08-03 17:00:00+00:00,230.82635,6.269067
2025-08-03 18:00:00+00:00,227.38597,6.114703
2025-08-03 19:00:00+00:00,218.92755,6.015878
2025-08-03 20:00:00+00:00,220.23628,6.1305785
2025-08-03 21:00:00+00:00,209.35765,6.6087217
2025-08-03 22:00:00+00:00,210.37904,6.050785
2025-08-03 23:00:00+00:00,208.1785,5.7176566
2025-08-04 00:00:00+00:00,200.55612,4.613762
2025-08-04 01:00:00+00:00,245.09526,5.5567255
2025-08-04 02:00:00+00:00,230.19447,4.2175345
2025-08-04 03:00:00+00:00,240.01845,5.402999
2025-08-04 04:00:00+00:00,237.99466,6.792466
2025-08-04 05:00:00+00:00,232.90707,9.252069
2025-08-04 06:00:00+00:00,244.39786,9.580668
2025-08-04 07:00:00+00:00,256.93066,10.3480425
2025-08-04 08:00:00+00:00,261.1797,10.564942
2025-08-04 09:00:00+00:00,267.3575,11.712455
2025-08-04 10:00:00+00:00,272.52606,12.251905
2025-08-04 11:00:00+00:00,273.9724,12.991212
2025-08-04 12:00:00+00:00,272.52606,12.251905
2025-08-04 13:00:00+00:00,278.91486,9.292254
2025-08-04 14:00:00+00:00,270.0,6.12
2025-08-04 15:00:00+00:00,259.69522,6.037383
2025-08-04 16:00:00+00:00,252.75845,5.4656014
2025-08-04 17:00:00+00:00,243.43501,6.037383
2025-08-04 18:00:00+00:00,248.74942,6.9527545
2025-08-04 19:00:00+00:00,257.4712,6.638072
2025-08-04 20:00:00+00:00,259.8754,5.1197267
2025-08-04 21:00:00+00:00,249.22766,5.5829024
2025-08-04 22:00:00+00:00,252.18102,5.2939587
2025-08-04 23:00:00+00:00,239.03632,3.148714
2025-08-05 00:00:00+00:00,274.08554,2.5264204
2025-08-05 01:00:00+00:00,137.4896,2.9301877
2025-08-05 02:00:00+00:00,143.97253,2.4482648
2025-08-05 03:00:00+00:00,226.73567,4.2021427
2025-08-05 04:00:00+00:00,270.0,3.6
2025-08-05 05:00:00+00:00,258.6901,6.424764
2025-08-05 06:00:00+00:00,256.2637,8.338489
2025-08-05 07:00:00+00:00,257.15228,10.5234585
2025-08-05 08:00:00+00:00,265.3014,13.184308
2025-08-05 09:00:00+00:00,270.75385,13.681183
2025-08-05 10:00:00+00:00,280.4374,13.910169
2025-08-05 11:00:00+00:00,279.46225,13.138765
2025-08-05 12:00:00+00:00,280.9806,12.284916
2025-08-05 13:00:00+00:00,284.03625,8.905908
2025-08-05 14:00:00+00:00,274.08554,7.579261
2025-08-05 15:00:00+00:00,274.5139,6.8612823
2025-08-05 16:00:00+00:00,284.67642,7.8149853
2025-08-05 17:00:00+00:00,287.1028,4.896529
2025-08-05 18:00:00+00:00,287.3541,3.01735
2025-08-05 19:00:00+00:00,292.3802,3.3092597
2025-08-05 20:00:00+00:00,298.8107,4.1085763
2025-08-05 21:00:00+00:00,295.5599,4.5891175
2025-08-05 22:00:00+00:00,293.49857,4.514377
2025-08-05 23:00:00+00:00,313.0251,3.693291
2025-08-06 00:00:00+00:00,320.52756,3.9640884
2025-08-06 01:00:00+00:00,51.842735,3.2048087
2025-08-06 02:00:00+00:00,284.5345,5.020677
2025-08-06 03:00:00+00:00,313.0251,3.693291
2025-08-06 04:00:00+00:00,316.63654,4.4565907
2025-08-06 05:00:00+00:00,304.9921,6.59154
2025-08-06 06:00:00+00:00,291.25058,6.9527545
2025-08-06 07:00:00+00:00,289.88525,8.996398
2025-08-06 08:00:00+00:00,290.13638,11.503113
2025-08-06 09:00:00+00:00,293.4047,13.141232
2025-08-06 10:00:00+00:00,290.98495,14.0734215
2025-08-06 11:00:00+00:00,293.00888,14.275713
2025-08-06 12:00:00+00:00,291.16132,11.966953
2025-08-06 13:00:00+00:00,317.4896,8.790563
2025-08-06 14:00:00+00:00,315.0001,5.6002855
2025-08-06 15:00:00+00:00,296.56497,3.62243
2025-08-06 16:00:00+00:00,277.76508,3.9966488
2025-08-06 17:00:00+00:00,270.0,4.14
2025-08-06 18:00:00+00:00,268.02512,5.223103
2025-08-06 19:00:00+00:00,260.9098,4.5572357
2025-08-06 20:00:00+00:00,275.44025,3.7971036
2025-08-06 21:00:00+00:00,280.78424,3.84796
2025-08-06 22:00:00+00:00,289.29013,3.8141315
2025-08-06 23:00:00+00:00,297.55273,4.669604
2025-08-07 00:00:00+00:00,293.6294,3.143565
2025-08-07 01:00:00+00:00,333.43503,1.2074767
2025-08-07 02:00:00+00:00,75.96373,0.742159
2025-08-07 03:00:00+00:00,306.86996,0.9
2025-08-07 04:00:00+00:00,285.25516,2.0523157
2025-08-07 05:00:00+00:00,290.22495,3.644722
2025-08-07 06:00:00+00:00,281.00348,6.601363
2025-08-07 07:00:00+00:00,290.28265,8.827344
2025-08-07 08:00:00+00:00,289.3846,10.304115
2025-08-07 09:00:00+00:00,288.99673,11.612441
2025-08-07 10:00:00+00:00,286.18927,11.620809
2025-08-07 11:00:00+00:00,292.9638,11.534054
2025-08-07 12:00:00+00:00,298.523,9.4238205
2025-08-07 13:00:00+00:00,309.20718,8.827344
2025-08-07 14:00:00+00:00,305.31128,5.293959
2025-08-07 15:00:00+00:00,288.43503,3.9844694
2025-08-07 16:00:00+00:00,308.65982,2.3051248
2025-08-07 17:00:00+00:00,303.6901,0.6489992
2025-08-07 18:00:00+00:00,281.3099,0.9178235
2025-08-07 19:00:00+00:00,276.3401,1.6299692
2025-08-07 20:00:00+00:00,251.56496,3.4152596
2025-08-07 21:00:00+00:00,266.6336,3.0652895
2025-08-07 22:00:00+00:00,255.96373,2.968636
2025-08-07 23:00:00+00:00,250.70985,3.8141315
2025-08-08 00:00:00+00:00,263.29025,3.0811036
2025-08-08 01:00:00+00:00,339.44388,4.613762
2025-08-08 02:00:00+00:00,324.46225,3.096837
2025-08-08 03:00:00+00:00,277.76508,3.9966488
2025-08-08 04:00:00+00:00,299.4758,4.755544
2025-08-08 05:00:00+00:00,277.1249,2.9024127
2025-08-08 06:00:00+00:00,257.90524,5.1544156
2025-08-08 07:00:00+00:00,271.54813,6.6624317
2025-08-08 08:00:00+00:00,274.96964,8.311245
2025-08-08 09:00:00+00:00,271.5074,6.8423676
2025-08-08 10:00:00+00:00,272.6025,7.928178
2025-08-08 11:00:00+00:00,266.186,8.11798
2025-08-08 12:00:00+00:00,259.91946,8.227004
2025-08-08 13:00:00+00:00,313.83093,6.2379804
2025-08-08 14:00:00+00:00,180.0,0.17999999
2025-08-08 15:00:00+00:00,143.13002,0.9
2025-08-08 16:00:00+00:00,200.55612,1.5379207
2025-08-08 17:00:00+00:00,219.80553,1.4058449
2025-08-08 18:00:00+00:00,217.87505,2.0523157
2025-08-08 19:00:00+00:00,214.9921,2.19718
2025-08-08 20:00:00+00:00,212.27562,4.0449967
2025-08-08 21:00:00+00:00,210.96368,3.148714
2025-08-08 22:00:00+00:00,203.9625,3.5455887
2025-08-08 23:00:00+00:00,180.0,2.6999998
2025-08-09 00:00:00+00:00,236.3099,1.2979984
2025-08-09 01:00:00+00:00,96.84268,4.5322843
2025-08-09 02:00:00+00:00,109.290146,3.8141315
2025-08-09 03:00:00+00:00,155.37645,4.7521367
2025-08-09 04:00:00+00:00,139.39879,3.319036
2025-08-09 05:00:00+00:00,204.44394,4.3498964
2025-08-09 06:00:00+00:00,190.6196,5.8603754
2025-08-09 07:00:00+00:00,224.9999,7.382195
2025-08-09 08:00:00+00:00,249.82925,9.3962755
2025-08-09 09:00:00+00:00,262.47626,9.6228485
2025-08-09 10:00:00+00:00,264.05322,8.6867485
2025-08-09 11:00:00+00:00,260.9098,9.114471
2025-08-09 12:00:00+00:00,268.78116,8.461914
2025-08-09 13:00:00+00:00,297.8972,6.9247384
2025-08-09 14:00:00+00:00,287.6502,4.1556225
2025-08-09 15:00:00+00:00,285.94547,3.9312592
2025-08-09 16:00:00+00:00,289.29013,3.8141315
2025-08-09 17:00:00+00:00,285.25516,2.0523157
2025-08-09 18:00:00+00:00,296.56497,0.40249225
2025-08-09 19:00:00+00:00,175.91446,2.5264204
2025-08-09 20:00:00+00:00,199.44012,3.244996
2025-08-09 21:00:00+00:00,229.76372,3.0652893
2025-08-09 22:00:00+00:00,208.30066,2.657668
2025-08-09 23:00:00+00:00,180.0,2.6999998
2025-08-10 00:00:00+00:00,151.92761,3.06
2025-08-10 01:00:00+00:00,126.86999,0.9
2025-08-10 02:00:00+00:00,360.0,0.17999999
2025-08-10 03:00:00+00:00,270.0,0.0
2025-08-10 04:00:00+00:00,213.6901,2.5959969
2025-08-10 05:00:00+00:00,211.50421,6.544677
2025-08-10 06:00:00+00:00,208.61037,6.76618
2025-08-10 07:00:00+00:00,229.39879,8.297589
2025-08-10 08:00:00+00:00,243.86905,10.6261
2025-08-10 09:00:00+00:00,249.55037,11.334285
2025-08-10 10:00:00+00:00,252.09546,12.295462
2025-08-10 11:00:00+00:00,251.82188,12.69351
2025-08-10 12:00:00+00:00,250.16779,11.672275
2025-08-10 13:00:00+00:00,270.0,5.7599998
2025-08-10 14:00:00+00:00,272.4895,4.143911
2025-08-10 15:00:00+00:00,282.99463,2.4014995
2025-08-10 16:00:00+00:00,315.0001,1.5273507
2025-08-10 17:00:00+00:00,285.94547,1.3104197
2025-08-10 18:00:00+00:00,206.56499,1.2074767
2025-08-10 19:00:00+00:00,182.72626,3.7842832
2025-08-10 20:00:00+00:00,222.87889,3.4388947
2025-08-10 21:00:00+00:00,210.96368,3.148714
2025-08-10 22:00:00+00:00,232.43134,5.904439
2025-08-10 23:00:00+00:00,267.70944,4.503598
2025-08-11 00:00:00+00:00,240.75127,5.1575575
2025-08-11 01:00:00+00:00,241.92761,6.12
2025-08-11 02:00:00+00:00,266.0549,5.232399
2025-08-11 03:00:00+00:00,250.70985,7.628263
2025-08-11 04:00:00+00:00,254.40712,8.035746
2025-08-11 05:00:00+00:00,265.81516,7.3997297
2025-08-11 06:00:00+00:00,252.89719,9.793058
2025-08-11 07:00:00+00:00,260.0959,11.5115595
2025-08-11 08:00:00+00:00,252.96214,11.672275
2025-08-11 09:00:00+00:00,259.33026,12.638512
2025-08-11 10:00:00+00:00,263.8115,15.027575
2025-08-11 11:00:00+00:00,262.07315,14.357185
2025-08-11 12:00:00+00:00,258.23172,13.238261
2025-08-11 13:00:00+00:00,271.90912,10.805999
2025-08-11 14:00:00+00:00,272.66293,7.748368
2025-08-11 15:00:00+00:00,251.56496,7.3997297
2025-08-11 16:00:00+00:00,255.96373,6.6794305
2025-08-11 17:00:00+00:00,245.32315,7.329338
2025-08-11 18:00:00+00:00,226.04153,7.001514
2025-08-11 19:00:00+00:00,202.6199,4.6800003
2025-08-11 20:00:00+00:00,222.61401,6.114703
2025-08-11 21:00:00+00:00,244.17906,6.198903
2025-08-11 22:00:00+00:00,206.56499,6.8423676
2025-08-11 23:00:00+00:00,235.49141,3.494968
2025-08-12 00:00:00+00:00,229.08571,3.572898
2025-08-12 01:00:00+00:00,242.52565,5.072041
2025-08-12 02:00:00+00:00,217.87505,6.156947
2025-08-12 03:00:00+00:00,238.78166,6.945761
2025-08-12 04:00:00+00:00,258.15796,11.402683
2025-08-12 05:00:00+00:00,260.04944,10.4166975
2025-08-12 06:00:00+00:00,269.11862,11.701385
2025-08-12 07:00:00+00:00,275.5529,13.021106
2025-08-12 08:00:00+00:00,277.59454,13.619471
2025-08-12 09:00:00+00:00,278.6954,15.477906
2025-08-12 10:00:00+00:00,274.54794,15.890034
2025-08-12 11:00:00+00:00,272.6324,15.676542
2025-08-12 12:00:00+00:00,270.7073,14.581113
2025-08-12 13:00:00+00:00,270.0,11.7
2025-08-12 14:00:00+00:00,264.92047,8.131936
2025-08-12 15:00:00+00:00,253.85559,7.1208143
2025-08-12 16:00:00+00:00,261.46933,7.2805495
2025-08-12 17:00:00+00:00,226.8476,3.9477081
2025-08-12 18:00:00+00:00,233.13002,7.2
2025-08-12 19:00:00+00:00,244.09354,7.0038276
2025-08-12 20:00:00+00:00,215.3113,5.293959
2025-08-12 21:00:00+00:00,228.65231,5.994297
2025-08-12 22:00:00+00:00,217.09291,9.252069
2025-08-12 23:00:00+00:00,250.70985,7.628263
2025-08-13 00:00:00+00:00,255.65063,7.989243
2025-08-13 01:00:00+00:00,253.44284,6.9480934
2025-08-13 02:00:00+00:00,265.33322,8.849339
2025-08-13 03:00:00+00:00,262.8751,7.256032
2025-08-13 04:00:00+00:00,243.43501,8.049845
2025-08-13 05:00:00+00:00,245.22488,10.30883
2025-08-13 06:00:00+00:00,244.02565,7.8087645
2025-08-13 07:00:00+00:00,259.91946,8.227004
2025-08-13 08:00:00+00:00,257.90524,10.308831
2025-08-13 09:00:00+00:00,253.30067,11.27553
2025-08-13 10:00:00+00:00,255.96373,11.874544
2025-08-13 11:00:00+00:00,259.26114,10.6261
2025-08-13 12:00:00+00:00,267.70944,9.007196
2025-08-13 13:00:00+00:00,231.95291,5.257109
2025-08-13 14:00:00+00:00,218.65984,6.9153743
2025-08-13 15:00:00+00:00,251.99574,7.570707
2025-08-13 16:00:00+00:00,223.72705,5.728979
2025-08-13 17:00:00+00:00,214.77791,7.889258
2025-08-13 18:00:00+00:00,249.62347,6.7205353
2025-08-13 19:00:00+00:00,241.11351,5.9617786
2025-08-13 20:00:00+00:00,229.39879,9.957108
2025-08-13 21:00:00+00:00,219.80553,7.029225
2025-08-13 22:00:00+00:00,222.5104,8.790563
2025-08-13 23:00:00+00:00,224.9999,7.382195
2025-08-14 00:00:00+00:00,212.00534,8.490582
2025-08-14 01:00:00+00:00,194.7436,3.536439
2025-08-14 02:00:00+00:00,187.59456,5.4477882
2025-08-14 03:00:00+00:00,163.14153,6.206738
2025-08-14 04:00:00+00:00,172.40544,8.171683
2025-08-14 05:00:00+00:00,169.21574,7.69592
2025-08-14 06:00:00+00:00,183.65215,8.477216
2025-08-14 07:00:00+00:00,196.60706,10.706595
2025-08-14 08:00:00+00:00,211.10875,12.193589
2025-08-14 09:00:00+00:00,222.70937,12.738099
2025-08-14 10:00:00+00:00,230.94687,12.284918
2025-08-14 11:00:00+00:00,233.91483,13.1412325
2025-08-14 12:00:00+00:00,241.8215,11.435313
2025-08-14 13:00:00+00:00,219.98683,7.282774
2025-08-14 14:00:00+00:00,235.22209,7.889258
2025-08-14 15:00:00+00:00,214.82455,5.0432134
2025-08-14 16:00:00+00:00,217.11694,8.3520775
2025-08-14 17:00:00+00:00,242.98741,10.304114
2025-08-14 18:00:00+00:00,250.23274,12.241323
2025-08-14 19:00:00+00:00,246.42528,10.8015
2025-08-14 20:00:00+00:00,226.08084,13.493999
2025-08-14 21:00:00+00:00,229.72021,13.920647
2025-08-14 22:00:00+00:00,237.40742,13.032298
2025-08-14 23:00:00+00:00,234.78232,11.236671
2025-08-15 00:00:00+00:00,248.05124,13.00243
2025-08-15 01:00:00+00:00,238.17259,6.1437774
2025-08-15 02:00:00+00:00,234.29321,7.0934615
2025-08-15 03:00:00+00:00,223.66785,5.4744864
2025-08-15 04:00:00+00:00,223.21011,8.149847
2025-08-15 05:00:00+00:00,213.6901,8.43699
2025-08-15 06:00:00+00:00,234.78232,11.236671
2025-08-15 07:00:00+00:00,236.5237,13.379461
2025-08-15 08:00:00+00:00,246.80139,13.708391
2025-08-15 09:00:00+00:00,249.52763,14.410121
2025-08-15 10:00:00+00:00,259.56256,13.910169
2025-08-15 11:00:00+00:00,259.14365,13.379461
2025-08-15 12:00:00+00:00,252.64589,12.0694
2025-08-15 13:00:00+00:00,265.3014,13.184308
2025-08-15 14:00:00+00:00,249.62347,13.441071
2025-08-15 15:00:00+00:00,255.65063,7.989243
2025-08-15 16:00:00+00:00,239.0363,9.446141
2025-08-15 17:00:00+00:00,257.4712,8.297589
2025-08-15 18:00:00+00:00,256.32867,6.8541956
2025-08-15 19:00:00+00:00,254.47583,6.725354
2025-08-15 20:00:00+00:00,244.91644,9.340941
2025-08-15 21:00:00+00:00,257.3196,7.3799996
2025-08-15 22:00:00+00:00,228.12221,7.0107627
2025-08-15 23:00:00+00:00,223.99501,7.256032
2025-08-16 00:00:00+00:00,239.9315,7.9036193
2025-08-16 01:00:00+00:00,254.55362,14.192631
2025-08-16 02:00:00+00:00,274.31595,9.567131
2025-08-16 03:00:00+00:00,253.8865,8.431228
2025-08-16 04:00:00+00:00,246.66594,9.997699
2025-08-16 05:00:00+00:00,253.30067,9.3962755
2025-08-16 06:00:00+00:00,243.82477,11.833546
2025-08-16 07:00:00+00:00,246.70541,14.1102085
2025-08-16 08:00:00+00:00,248.52315,11.799271
2025-08-16 09:00:00+00:00,235.53912,11.13384
2025-08-16 10:00:00+00:00,238.24055,8.891343
2025-08-16 11:00:00+00:00,245.29759,9.906544
2025-08-16 12:00:00+00:00,244.65387,11.35285
2025-08-16 13:00:00+00:00,240.55466,12.815443
2025-08-16 14:00:00+00:00,264.17374,8.865799
2025-08-16 15:00:00+00:00,248.68202,7.9220443
2025-08-16 16:00:00+00:00,235.0079,6.59154
2025-08-16 17:00:00+00:00,252.64589,6.0347
2025-08-16 18:00:00+00:00,224.9999,6.1094027
2025-08-16 19:00:00+00:00,237.72438,8.0899935
2025-08-16 20:00:00+00:00,239.85869,6.452441
2025-08-16 21:00:00+00:00,249.44388,9.227524
2025-08-16 22:00:00+00:00,247.1663,7.42159
2025-08-16 23:00:00+00:00,242.176,7.327127
2025-08-17 00:00:00+00:00,238.49579,6.544677
2025-08-17 01:00:00+00:00,195.25517,8.209263
2025-08-17 02:00:00+00:00,221.98714,9.686609
2025-08-17 03:00:00+00:00,223.1524,7.8954163
2025-08-17 04:00:00+00:00,210.76265,8.797931
2025-08-17 05:00:00+00:00,216.09837,10.692969
2025-08-17 06:00:00+00:00,220.95541,12.632101
2025-08-17 07:00:00+00:00,228.43373,12.750811
2025-08-17 08:00:00+00:00,225.57864,12.601285
2025-08-17 09:00:00+00:00,225.84244,17.311846
2025-08-17 10:00:00+00:00,233.74606,20.08916
2025-08-17 11:00:00+00:00,234.58286,19.878391
2025-08-17 12:00:00+00:00,240.05441,19.11139
2025-08-17 13:00:00+00:00,254.95355,17.33429
2025-08-17 14:00:00+00:00,254.98158,15.281989
2025-08-17 15:00:00+00:00,245.17947,15.865546
2025-08-17 16:00:00+00:00,240.77205,17.325874
2025-08-17 17:00:00+00:00,235.84026,18.272436
2025-08-17 18:00:00+00:00,231.54626,15.629971
2025-08-17 19:00:00+00:00,231.73596,16.276815
2025-08-17 20:00:00+00:00,228.25731,15.6806755
2025-08-17 21:00:00+00:00,225.48964,14.892213
2025-08-17 22:00:00+00:00,231.7098,17.429354
2025-08-17 23:00:00+00:00,241.01128,15.22783
2025-08-18 00:00:00+00:00,239.60135,15.651722
2025-08-18 01:00:00+00:00,267.13766,14.417988
2025-08-18 02:00:00+00:00,261.2539,16.572712
2025-08-18 03:00:00+00:00,260.25644,18.080818
2025-08-18 04:00:00+00:00,241.06009,17.483181
2025-08-18 05:00:00+00:00,240.03334,23.06319
2025-08-18 06:00:00+00:00,243.43501,21.332088
2025-08-18 07:00:00+00:00,242.57674,21.495497
2025-08-18 08:00:00+00:00,242.79607,21.655428
2025-08-18 09:00:00+00:00,235.46527,20.320877
2025-08-18 10:00:00+00:00,235.58157,23.565569
2025-08-18 11:00:00+00:00,237.72438,20.224983
2025-08-18 12:00:00+00:00,237.99466,22.075516
2025-08-18 13:00:00+00:00,254.05453,20.966715
2025-08-18 14:00:00+00:00,246.19405,20.067375
2025-08-18 15:00:00+00:00,239.48184,19.849846
2025-08-18 16:00:00+00:00,242.10283,20.774214
2025-08-18 17:00:00+00:00,236.4755,17.273436
2025-08-18 18:00:00+00:00,239.65683,17.10284
2025-08-18 19:00:00+00:00,249.86362,17.254667
2025-08-18 20:00:00+00:00,251.74234,18.38557
2025-08-18 21:00:00+00:00,252.93706,19.017065
2025-08-18 22:00:00+00:00,261.72418,20.008356
2025-08-18 23:00:00+00:00,257.04724,18.469963
2025-08-19 00:00:00+00:00,254.64981,19.0392
2025-08-19 01:00:00+00:00,254.29129,17.950432
2025-08-19 02:00:00+00:00,244.69865,21.900904
2025-08-19 03:00:00+00:00,252.51753,23.967052
2025-08-19 04:00:00+00:00,249.55037,22.66857
2025-08-19 05:00:00+00:00,251.56496,25.614449
2025-08-19 06:00:00+00:00,249.94968,26.251009
2025-08-19 07:00:00+00:00,245.37645,23.760681
2025-08-19 08:00:00+00:00,243.97046,25.84113
2025-08-19 09:00:00+00:00,243.43501,25.759504
2025-08-19 10:00:00+00:00,239.71765,28.556532
2025-08-19 11:00:00+00:00,244.85524,29.229916
2025-08-19 12:00:00+00:00,239.62096,30.253923
2025-08-19 13:00:00+00:00,246.48543,25.715443
2025-08-19 14:00:00+00:00,250.08928,24.31333
2025-08-19 15:00:00+00:00,252.239,24.193098
2025-08-19 16:00:00+00:00,251.71455,21.800816
2025-08-19 17:00:00+00:00,249.67677,25.913124
2025-08-19 18:00:00+00:00,246.69508,25.478743
2025-08-19 19:00:00+00:00,246.80139,27.416782
2025-08-19 20:00:00+00:00,247.8196,25.269974
2025-08-19 21:00:00+00:00,248.93095,23.533234
2025-08-19 22:00:00+00:00,251.56496,20.49156
2025-08-19 23:00:00+00:00,250.1447,20.66867
2025-08-20 00:00:00+00:00,248.39441,19.553833
2025-08-20 01:00:00+00:00,249.8515,26.650942
2025-08-20 02:00:00+00:00,247.8466,27.208593
2025-08-20 03:00:00+00:00,242.33685,25.200642
2025-08-20 04:00:00+00:00,240.04648,24.514387
2025-08-20 05:00:00+00:00,239.31111,25.745665
2025-08-20 06:00:00+00:00,240.15416,25.318008
2025-08-20 07:00:00+00:00,239.67648,22.104116
2025-08-20 08:00:00+00:00,243.79422,25.67951
2025-08-20 09:00:00+00:00,244.37419,24.555325
2025-08-20 10:00:00+00:00,242.63654,23.105297
2025-08-20 11:00:00+00:00,239.95364,21.210232
2025-08-20 12:00:00+00:00,236.82147,22.366402
2025-08-20 13:00:00+00:00,238.72235,22.535252
2025-08-20 14:00:00+00:00,231.49074,21.392754
2025-08-20 15:00:00+00:00,232.76509,22.608458
2025-08-20 16:00:00+00:00,233.03157,20.95203
2025-08-20 17:00:00+00:00,235.79947,22.416323
2025-08-20 18:00:00+00:00,241.8215,22.870626
2025-08-20 19:00:00+00:00,232.829,20.556284
2025-08-20 20:00:00+00:00,238.39255,21.980644
2025-08-20 21:00:00+00:00,235.17543,20.172853
2025-08-20 22:00:00+00:00,230.0007,20.442486
2025-08-20 23:00:00+00:00,228.7154,19.64228
2025-08-21 00:00:00+00:00,222.64667,18.59845
2025-08-21 01:00:00+00:00,232.49579,19.513195
2025-08-21 02:00:00+00:00,225.77412,18.839045
2025-08-21 03:00:00+00:00,230.06367,20.188908
2025-08-21 04:00:00+00:00,229.27956,18.762356
2025-08-21 05:00:00+00:00,235.79947,22.416323
2025-08-21 06:00:00+00:00,239.26459,23.245102
2025-08-21 07:00:00+00:00,238.68651,25.282791
2025-08-21 08:00:00+00:00,239.64745,23.153625
2025-08-21 09:00:00+00:00,239.64745,23.153625
2025-08-21 10:00:00+00:00,235.1246,21.721159
2025-08-21 11:00:00+00:00,239.33551,23.646545
2025-08-21 12:00:00+00:00,244.58075,20.128637
2025-08-21 13:00:00+00:00,232.94339,22.104116
2025-08-21 14:00:00+00:00,230.7106,17.907963
2025-08-21 15:00:00+00:00,237.66985,16.828796
2025-08-21 16:00:00+00:00,237.43958,17.726116
2025-08-21 17:00:00+00:00,232.12495,18.470842
2025-08-21 18:00:00+00:00,233.3658,17.49615
2025-08-21 19:00:00+00:00,234.7275,18.079027
2025-08-21 20:00:00+00:00,237.6996,18.526888
2025-08-21 21:00:00+00:00,242.02061,19.567083
2025-08-21 22:00:00+00:00,236.3099,18.171976
2025-08-21 23:00:00+00:00,239.44412,17.349236
2025-08-22 00:00:00+00:00,237.22513,15.627897
2025-08-22 01:00:00+00:00,237.87503,18.278645
2025-08-22 02:00:00+00:00,240.39565,18.218275
2025-08-22 03:00:00+00:00,237.99466,16.981165
2025-08-22 04:00:00+00:00,241.80511,19.810633
2025-08-22 05:00:00+00:00,240.61108,17.972979
2025-08-22 06:00:00+00:00,241.0491,19.33639
2025-08-22 07:00:00+00:00,243.00424,21.413193
2025-08-22 08:00:00+00:00,244.98314,20.85671
2025-08-22 09:00:00+00:00,243.21295,20.768755
2025-08-22 10:00:00+00:00,242.99599,21.01071
2025-08-22 11:00:00+00:00,242.3934,22.140732
2025-08-22 12:00:00+00:00,244.30635,21.173542
2025-08-22 13:00:00+00:00,236.92932,18.472595
2025-08-22 14:00:00+00:00,240.42226,15.315873
2025-08-22 15:00:00+00:00,240.173,15.561414
2025-08-22 16:00:00+00:00,241.53493,16.994516
2025-08-22 17:00:00+00:00,238.06158,16.332458
2025-08-22 18:00:00+00:00,239.14587,16.144905
2025-08-22 19:00:00+00:00,237.78348,15.531193
2025-08-22 20:00:00+00:00,236.3099,14.926983
2025-08-22 21:00:00+00:00,239.56584,16.701244
2025-08-22 22:00:00+00:00,249.44388,18.455048
2025-08-22 23:00:00+00:00,230.59937,13.044722
2025-08-23 00:00:00+00:00,234.78232,14.982228
2025-08-23 01:00:00+00:00,238.39255,19.233065
2025-08-23 02:00:00+00:00,239.70839,21.054615
2025-08-23 03:00:00+00:00,244.92561,21.661411
2025-08-23 04:00:00+00:00,243.88614,20.447239
2025-08-23 05:00:00+00:00,244.23071,23.18579
2025-08-23 06:00:00+00:00,243.63464,23.103193
2025-08-23 07:00:00+00:00,243.06657,25.035534
2025-08-23 08:00:00+00:00,242.84029,23.265303
2025-08-23 09:00:00+00:00,241.9024,24.07765
2025-08-23 10:00:00+00:00,244.9085,25.043299
2025-08-23 11:00:00+00:00,240.10118,24.916187
2025-08-23 12:00:00+00:00,241.35591,24.407095
2025-08-23 13:00:00+00:00,242.56035,21.09305
2025-08-23 14:00:00+00:00,240.25522,18.865683
2025-08-23 15:00:00+00:00,237.26477,17.974781
2025-08-23 16:00:00+00:00,234.3235,17.283749
2025-08-23 17:00:00+00:00,235.23473,18.624563
2025-08-23 18:00:00+00:00,238.76814,19.787722
2025-08-23 19:00:00+00:00,237.3492,22.019672
2025-08-23 20:00:00+00:00,236.44931,20.518421
2025-08-23 21:00:00+00:00,235.64056,21.36851
2025-08-23 22:00:00+00:00,236.3099,22.065973
2025-08-23 23:00:00+00:00,235.99246,18.022486
2025-08-24 00:00:00+00:00,237.93263,17.629894
2025-08-24 01:00:00+00:00,235.27528,22.119503
2025-08-24 02:00:00+00:00,235.27094,19.273453
2025-08-24 03:00:00+00:00,237.89377,21.67487
2025-08-24 04:00:00+00:00,239.84554,21.857958
2025-08-24 05:00:00+00:00,244.65387,22.7057
2025-08-24 06:00:00+00:00,241.28502,23.602661
2025-08-24 07:00:00+00:00,240.36171,24.023088
2025-08-24 08:00:00+00:00,241.69934,23.919012
2025-08-24 09:00:00+00:00,242.86017,24.070244
2025-08-24 10:00:00+00:00,241.73608,19.00599
2025-08-24 11:00:00+00:00,245.55606,19.574533
2025-08-24 12:00:00+00:00,243.9247,18.837322
2025-08-24 13:00:00+00:00,236.0035,18.671474
2025-08-24 14:00:00+00:00,243.19429,19.1588
2025-08-24 15:00:00+00:00,232.50728,16.560978
2025-08-24 16:00:00+00:00,234.96373,19.125793
2025-08-24 17:00:00+00:00,239.13326,18.244045
2025-08-24 18:00:00+00:00,235.57346,19.421656
2025-08-24 19:00:00+00:00,238.54323,17.935986
2025-08-24 20:00:00+00:00,234.86572,17.82818
2025-08-24 21:00:00+00:00,242.93898,18.595839
2025-08-24 22:00:00+00:00,234.81117,17.179394
2025-08-24 23:00:00+00:00,247.3801,18.720001
2025-08-25 00:00:00+00:00,241.06009,17.483181
2025-08-25 01:00:00+00:00,229.27956,18.762356
2025-08-25 02:00:00+00:00,234.58286,19.878391
2025-08-25 03:00:00+00:00,237.20912,22.268406
2025-08-25 04:00:00+00:00,243.88614,20.447239
2025-08-25 05:00:00+00:00,244.8265,19.888983
2025-08-25 06:00:00+00:00,254.82703,22.007162
2025-08-25 07:00:00+00:00,245.94266,22.077717
2025-08-25 08:00:00+00:00,245.33621,19.41081
2025-08-25 09:00:00+00:00,248.19853,20.355923
2025-08-25 10:00:00+00:00,247.4667,18.318481
2025-08-25 11:00:00+00:00,252.25523,18.899143
2025-08-25 12:00:00+00:00,248.60704,18.751991
2025-08-25 13:00:00+00:00,250.74062,15.825675
2025-08-25 14:00:00+00:00,242.56035,10.546525
2025-08-25 15:00:00+00:00,250.1447,13.779114
2025-08-25 16:00:00+00:00,220.81499,10.464797
2025-08-25 17:00:00+00:00,244.74687,10.548061
2025-08-25 18:00:00+00:00,234.5542,13.036026
2025-08-25 19:00:00+00:00,248.5522,10.829958
2025-08-25 20:00:00+00:00,235.08052,11.634741
2025-08-25 21:00:00+00:00,235.0079,13.18308
2025-08-25 22:00:00+00:00,247.249,12.10157
2025-08-25 23:00:00+00:00,235.58157,11.782784
2025-08-26 00:00:00+00:00,232.76509,11.304229
2025-08-26 01:00:00+00:00,250.9064,14.857362
2025-08-26 02:00:00+00:00,252.55272,13.207634
2025-08-26 03:00:00+00:00,253.2287,13.723745
2025-08-26 04:00:00+00:00,254.98158,15.281989
2025-08-26 05:00:00+00:00,247.22958,15.812363
2025-08-26 06:00:00+00:00,248.5522,16.244936
2025-08-26 07:00:00+00:00,248.65414,16.813387
2025-08-26 08:00:00+00:00,257.6046,16.770939
2025-08-26 09:00:00+00:00,248.68202,15.844089
2025-08-26 10:00:00+00:00,268.75467,16.563911
2025-08-26 11:00:00+00:00,264.4946,15.009236
2025-08-26 12:00:00+00:00,265.60138,14.081478
2025-08-26 13:00:00+00:00,270.59064,17.460928
2025-08-26 14:00:00+00:00,268.6361,15.124284
2025-08-26 15:00:00+00:00,269.19308,12.781267
2025-08-26 16:00:00+00:00,265.73218,12.093534
2025-08-26 17:00:00+00:00,265.31418,11.016824
2025-08-26 18:00:00+00:00,264.95764,12.287555
2025-08-26 19:00:00+00:00,267.27374,11.35285
2025-08-26 20:00:00+00:00,271.3639,7.562142
2025-08-26 21:00:00+00:00,258.05585,9.56713
2025-08-26 22:00:00+00:00,260.13425,8.4042845
2025-08-26 23:00:00+00:00,265.91446,5.0528407
2025-08-27 00:00:00+00:00,277.59454,5.4477882
2025-08-27 01:00:00+00:00,277.2749,8.528657
2025-08-27 02:00:00+00:00,260.07382,7.3094187
2025-08-27 03:00:00+00:00,272.43658,8.467655
2025-08-27 04:00:00+00:00,289.9832,8.427383
2025-08-27 05:00:00+00:00,292.0363,8.155807
2025-08-27 06:00:00+00:00,296.0753,9.418661
2025-08-27 07:00:00+00:00,287.176,10.3621235
2025-08-27 08:00:00+00:00,284.26456,10.957847
2025-08-27 09:00:00+00:00,274.39862,11.734564
2025-08-27 10:00:00+00:00,274.08554,12.632101
2025-08-27 11:00:00+00:00,284.03625,11.874544
2025-08-27 12:00:00+00:00,282.30798,10.132897
2025-08-27 13:00:00+00:00,281.113,10.272623
2025-08-27 14:00:00+00:00,275.31445,7.7734165
2025-08-27 15:00:00+00:00,282.65256,9.039514
2025-08-27 16:00:00+00:00,281.3099,7.342588
2025-08-27 17:00:00+00:00,270.0,7.2
2025-08-27 18:00:00+00:00,278.88058,5.8298883
2025-08-27 19:00:00+00:00,310.60123,1.659518
2025-08-27 20:00:00+00:00,202.751,6.050785
2025-08-27 21:00:00+00:00,220.91429,7.145796
2025-08-27 22:00:00+00:00,254.24875,7.293888
2025-08-27 23:00:00+00:00,244.98314,5.95906
2025-08-28 00:00:00+00:00,277.49576,6.898956
2025-08-28 01:00:00+00:00,291.99118,10.094454
2025-08-28 02:00:00+00:00,304.69522,11.384198
2025-08-28 03:00:00+00:00,306.3046,10.944532
2025-08-28 04:00:00+00:00,302.6609,8.338489
2025-08-28 05:00:00+00:00,316.9749,7.386582
2025-08-28 06:00:00+00:00,298.00906,9.582358
2025-08-28 07:00:00+00:00,295.74066,11.190442
2025-08-28 08:00:00+00:00,297.84747,10.7894945
2025-08-28 09:00:00+00:00,301.90805,11.238113
2025-08-28 10:00:00+00:00,292.01132,9.12513
2025-08-28 11:00:00+00:00,287.3541,9.05205
2025-08-28 12:00:00+00:00,278.84174,8.197414
2025-08-28 13:00:00+00:00,296.56497,8.452336
2025-08-28 14:00:00+00:00,285.52417,6.725354
2025-08-28 15:00:00+00:00,287.81897,5.2939587
2025-08-28 16:00:00+00:00,272.4895,4.143911
2025-08-28 17:00:00+00:00,258.40784,7.1661706
2025-08-28 18:00:00+00:00,266.72958,6.310277
2025-08-28 19:00:00+00:00,247.61981,9.927779
2025-08-28 20:00:00+00:00,248.19853,9.693296
2025-08-28 21:00:00+00:00,238.52321,10.34178
2025-08-28 22:00:00+00:00,223.26433,8.404285
2025-08-28 23:00:00+00:00,217.11694,8.3520775
2025-08-29 00:00:00+00:00,220.0302,5.876938
2025-08-29 01:00:00+00:00,252.07199,6.4323244
2025-08-29 02:00:00+00:00,254.62369,7.4672885
2025-08-29 03:00:00+00:00,270.0,6.66
2025-08-29 04:00:00+00:00,274.89902,6.3231
2025-08-29 05:00:00+00:00,268.4089,6.482499
2025-08-29 06:00:00+00:00,246.3706,9.430695
2025-08-29 07:00:00+00:00,246.0375,8.863972
2025-08-29 08:00:00+00:00,254.47583,10.088033
2025-08-29 09:00:00+00:00,246.57129,11.770403
2025-08-29 10:00:00+00:00,245.03723,11.51578
2025-08-29 11:00:00+00:00,240.78085,12.16832
2025-08-29 12:00:00+00:00,237.09476,10.934166
2025-08-29 13:00:00+00:00,229.53786,8.043805
2025-08-29 14:00:00+00:00,230.71062,10.233123
2025-08-29 15:00:00+00:00,218.92755,6.015878
2025-08-29 16:00:00+00:00,204.34108,8.297589
2025-08-29 17:00:00+00:00,199.9832,8.427383
2025-08-29 18:00:00+00:00,211.82741,6.1437774
2025-08-29 19:00:00+00:00,191.30989,8.260411
2025-08-29 20:00:00+00:00,184.63538,6.6818557
2025-08-29 21:00:00+00:00,171.25392,9.47012
2025-08-29 22:00:00+00:00,187.52373,9.6228485
2025-08-29 23:00:00+00:00,194.7436,7.072878
2025-08-30 00:00:00+00:00,203.70265,8.0599
2025-08-30 01:00:00+00:00,213.6901,8.43699
2025-08-30 02:00:00+00:00,221.82008,9.178235
2025-08-30 03:00:00+00:00,237.26477,8.9873905
2025-08-30 04:00:00+00:00,260.21765,10.594036
2025-08-30 05:00:00+00:00,266.87793,9.914717
2025-08-30 06:00:00+00:00,251.07526,6.66
2025-08-30 07:00:00+00:00,242.02061,6.5223618
2025-08-30 08:00:00+00:00,232.02834,9.361731
2025-08-30 09:00:00+00:00,236.07016,11.931705
2025-08-30 10:00:00+00:00,248.03938,12.033103
2025-08-30 11:00:00+00:00,251.56496,11.953409
2025-08-30 12:00:00+00:00,245.09526,11.113451
2025-08-30 13:00:00+00:00,242.44727,9.339208
2025-08-30 14:00:00+00:00,241.29414,8.6193495
2025-08-30 15:00:00+00:00,226.04153,7.001514
2025-08-30 16:00:00+00:00,225.97093,7.5105524
2025-08-30 17:00:00+00:00,222.08908,7.519175
2025-08-30 18:00:00+00:00,222.27362,8.027678
2025-08-30 19:00:00+00:00,214.50858,10.484903
2025-08-30 20:00:00+00:00,220.81499,10.464797
2025-08-30 21:00:00+00:00,223.53127,9.931042
2025-08-30 22:00:00+00:00,223.7812,11.966954
2025-08-30 23:00:00+00:00,225.74397,9.801326
2025-08-31 00:00:00+00:00,239.19862,10.897063
2025-08-31 01:00:00+00:00,231.84273,9.614426
2025-08-31 02:00:00+00:00,229.14471,8.805294
2025-08-31 03:00:00+00:00,229.18501,10.464797
2025-08-31 04:00:00+00:00,227.17476,10.062305
2025-08-31 05:00:00+00:00,236.3099,12.979984
2025-08-31 06:00:00+00:00,245.09526,11.113451
2025-08-31 07:00:00+00:00,253.30067,13.154786
2025-08-31 08:00:00+00:00,250.48404,15.086748
2025-08-31 09:00:00+00:00,252.94295,16.568802
2025-08-31 10:00:00+00:00,256.25092,17.419127
2025-08-31 11:00:00+00:00,262.59317,18.151463
2025-08-31 12:00:00+00:00,262.04257,16.902758
2025-08-31 13:00:00+00:00,276.42865,12.860871
2025-08-31 14:00:00+00:00,270.89514,11.521406
2025-08-31 15:00:00+00:00,257.00537,12.007498
2025-08-31 16:00:00+00:00,251.56496,11.953409
2025-08-31 17:00:00+00:00,239.80847,11.453715
2025-08-31 18:00:00+00:00,257.3004,13.100489
2025-08-31 19:00:00+00:00,244.32323,10.385547
2025-08-31 20:00:00+00:00,246.3179,11.203464
2025-08-31 21:00:00+00:00,255.96373,13.358861
2025-08-31 22:00:00+00:00,250.75038,12.011544
2025-08-31 23:00:00+00:00,243.06055,12.3165245
2025-09-01 00:00:00+00:00,250.85176,13.719023
2025-09-01 01:00:00+00:00,245.67444,14.420235
2025-09-01 02:00:00+00:00,248.53227,17.214249
2025-09-01 03:00:00+00:00,253.82776,18.741621
2025-09-01 04:00:00+00:00,260.15894,17.90344
2025-09-01 05:00:00+00:00,261.02747,17.311846
2025-09-01 06:00:00+00:00,260.43997,17.34083
2025-09-01 07:00:00+00:00,258.05585,19.13426
2025-09-01 08:00:00+00:00,263.19876,19.759048
2025-09-01 09:00:00+00:00,263.11838,21.03152
2025-09-01 10:00:00+00:00,267.553,21.079222
2025-09-01 11:00:00+00:00,264.1305,19.361507
2025-09-01 12:00:00+00:00,267.7543,18.374111
2025-09-01 13:00:00+00:00,258.14023,18.392616
2025-09-01 14:00:00+00:00,257.00537,16.810495
2025-09-01 15:00:00+00:00,256.9081,15.893093
2025-09-01 16:00:00+00:00,253.30067,15.034041
2025-09-01 17:00:00+00:00,249.51956,15.94804
2025-09-01 18:00:00+00:00,254.95355,17.33429
2025-09-01 19:00:00+00:00,253.49556,15.206538
2025-09-01 20:00:00+00:00,253.57062,14.637663
2025-09-01 21:00:00+00:00,266.94717,13.519186
2025-09-01 22:00:00+00:00,263.4538,11.052058
2025-09-01 23:00:00+00:00,260.24765,11.688918
2025-09-02 00:00:00+00:00,268.18173,11.345713
2025-09-02 01:00:00+00:00,278.23553,13.822546
2025-09-02 02:00:00+00:00,277.4313,12.525207
2025-09-02 03:00:00+00:00,285.6423,14.019216
2025-09-02 04:00:00+00:00,284.5345,15.062033
2025-09-02 05:00:00+00:00,282.29526,14.369594
2025-09-02 06:00:00+00:00,291.1399,14.474059
2025-09-02 07:00:00+00:00,284.5345,15.062033
2025-09-02 08:00:00+00:00,285.6682,15.329618
2025-09-02 09:00:00+00:00,280.78424,15.39184
2025-09-02 10:00:00+00:00,276.044,15.385525
2025-09-02 11:00:00+00:00,274.93912,14.634343
2025-09-02 12:00:00+00:00,268.5498,14.224556
2025-09-02 13:00:00+00:00,266.1346,13.350371
2025-09-02 14:00:00+00:00,266.72958,12.620554
2025-09-02 15:00:00+00:00,266.36713,11.362834
2025-09-02 16:00:00+00:00,265.66776,11.9140415
2025-09-02 17:00:00+00:00,264.3825,11.032987
2025-09-02 18:00:00+00:00,260.81125,12.399113
2025-09-02 19:00:00+00:00,267.67853,13.330941
2025-09-02 20:00:00+00:00,262.76318,11.431063
2025-09-02 21:00:00+00:00,268.99493,10.261578
2025-09-02 22:00:00+00:00,264.89792,10.120098
2025-09-02 23:00:00+00:00,281.3099,9.178235
2025-09-03 00:00:00+00:00,292.4428,8.958504
2025-09-03 01:00:00+00:00,281.82147,15.815435
2025-09-03 02:00:00+00:00,286.42938,14.637663
2025-09-03 03:00:00+00:00,302.47116,14.081477
2025-09-03 04:00:00+00:00,296.92758,12.71901
2025-09-03 05:00:00+00:00,299.44534,12.815443
2025-09-03 06:00:00+00:00,294.22772,11.843124
2025-09-03 07:00:00+00:00,293.49857,13.543131
2025-09-03 08:00:00+00:00,286.63104,14.465102
2025-09-03 09:00:00+00:00,278.79733,15.299999
2025-09-03 10:00:00+00:00,281.82147,15.815435
2025-09-03 11:00:00+00:00,284.19113,16.152931
2025-09-03 12:00:00+00:00,284.5345,15.062033
2025-09-03 13:00:00+00:00,279.46225,12.043869
2025-09-03 14:00:00+00:00,280.30478,10.062305
2025-09-03 15:00:00+00:00,267.6141,8.647496
2025-09-03 16:00:00+00:00,266.186,5.4119864
2025-09-03 17:00:00+00:00,275.7105,7.2359104
2025-09-03 18:00:00+00:00,282.65256,9.039514
2025-09-03 19:00:00+00:00,290.17075,9.3962755
2025-09-03 20:00:00+00:00,289.5732,8.596766
2025-09-03 21:00:00+00:00,284.74362,7.072878
2025-09-03 22:00:00+00:00,265.36462,6.6818557
2025-09-03 23:00:00+00:00,280.71307,6.778141
2025-09-04 00:00:00+00:00,276.48297,7.970972
2025-09-04 01:00:00+00:00,309.47244,11.892265
2025-09-04 02:00:00+00:00,293.9625,8.863972
2025-09-04 03:00:00+00:00,296.13095,10.6261
2025-09-04 04:00:00+00:00,288.88617,7.229191
2025-09-04 05:00:00+00:00,309.64413,8.181589
2025-09-04 06:00:00+00:00,299.8988,8.305396
2025-09-04 07:00:00+00:00,245.65892,8.297589
2025-09-04 08:00:00+00:00,255.20319,9.867218
2025-09-04 09:00:00+00:00,271.81827,11.345713
2025-09-04 10:00:00+00:00,270.89514,11.521406
2025-09-04 11:00:00+00:00,276.80896,12.145665
2025-09-04 12:00:00+00:00,272.29056,9.007196
2025-09-04 13:00:00+00:00,277.65054,12.168319
2025-09-04 14:00:00+00:00,275.9644,12.125642
2025-09-04 15:00:00+00:00,268.33975,12.425216
2025-09-04 16:00:00+00:00,274.2678,12.093534
2025-09-04 17:00:00+00:00,269.076,11.16145
2025-09-04 18:00:00+00:00,270.924,11.16145
2025-09-04 19:00:00+00:00,265.13556,8.490582
2025-09-04 20:00:00+00:00,288.77814,9.505977
2025-09-04 21:00:00+00:00,252.29948,8.880405
2025-09-04 22:00:00+00:00,265.07297,10.478722
2025-09-04 23:00:00+00:00,255.12427,11.91948
2025-09-05 00:00:00+00:00,254.05453,11.793777
2025-09-05 01:00:00+00:00,256.2005,10.564941
2025-09-05 02:00:00+00:00,272.77014,11.173057
2025-09-05 03:00:00+00:00,258.11136,10.484902
2025-09-05 04:00:00+00:00,260.81125,12.399113
2025-09-05 05:00:00+00:00,260.43338,16.245934
2025-09-05 06:00:00+00:00,268.8309,17.643673
2025-09-05 07:00:00+00:00,264.8719,14.096425
2025-09-05 08:00:00+00:00,259.90256,13.346729
2025-09-05 09:00:00+00:00,257.70474,14.369594
2025-09-05 10:00:00+00:00,246.61476,14.512064
2025-09-05 11:00:00+00:00,258.83514,13.943901
2025-09-05 12:00:00+00:00,255.59995,13.752048
2025-09-05 13:00:00+00:00,261.41647,9.6480665
2025-09-05 14:00:00+00:00,251.91646,9.278297
2025-09-05 15:00:00+00:00,262.8751,10.158444
2025-09-05 16:00:00+00:00,261.34753,8.37532
2025-09-05 17:00:00+00:00,267.45526,8.107996
2025-09-05 18:00:00+00:00,250.11475,8.996398
2025-09-05 19:00:00+00:00,247.98866,9.12513
2025-09-05 20:00:00+00:00,241.31395,10.874742
2025-09-05 21:00:00+00:00,244.5367,12.56008
2025-09-05 22:00:00+00:00,230.64827,11.638917
2025-09-05 23:00:00+00:00,236.08253,12.5807
2025-09-06 00:00:00+00:00,246.3706,12.57426
2025-09-06 01:00:00+00:00,240.15416,12.659004
2025-09-06 02:00:00+00:00,236.51381,14.028457
2025-09-06 03:00:00+00:00,244.04129,15.215058
2025-09-06 04:00:00+00:00,233.97253,17.137852
2025-09-06 05:00:00+00:00,239.03632,17.84271
2025-09-06 06:00:00+00:00,244.60413,19.726225
2025-09-06 07:00:00+00:00,249.6383,18.623693
2025-09-06 08:00:00+00:00,242.52565,15.216123
2025-09-06 09:00:00+00:00,238.76814,19.787722
2025-09-06 10:00:00+00:00,237.6996,18.526888
2025-09-06 11:00:00+00:00,232.53937,17.460928
2025-09-06 12:00:00+00:00,233.74606,16.740969
2025-09-06 13:00:00+00:00,236.3099,13.6289835
2025-09-06 14:00:00+00:00,236.08253,12.5807
2025-09-06 15:00:00+00:00,226.2188,11.966954
2025-09-06 16:00:00+00:00,218.10762,11.666721
2025-09-06 17:00:00+00:00,215.90982,12.88981
2025-09-06 18:00:00+00:00,217.8158,15.266079
2025-09-06 19:00:00+00:00,214.65138,14.879153
2025-09-06 20:00:00+00:00,215.53777,13.935767
2025-09-06 21:00:00+00:00,214.6112,15.528064
2025-09-06 22:00:00+00:00,215.9422,17.786331
2025-09-06 23:00:00+00:00,214.77791,15.778516
2025-09-07 00:00:00+00:00,208.61037,15.787753
2025-09-07 01:00:00+00:00,237.99466,16.981165
2025-09-07 02:00:00+00:00,231.22581,14.083778
2025-09-07 03:00:00+00:00,233.40881,14.796175
2025-09-07 04:00:00+00:00,242.24155,15.459054
2025-09-07 05:00:00+00:00,243.71866,16.260885
2025-09-07 06:00:00+00:00,239.47037,16.299694
2025-09-07 07:00:00+00:00,236.48895,15.975444
2025-09-07 08:00:00+00:00,242.81897,14.973577
2025-09-07 09:00:00+00:00,241.53493,16.994516
2025-09-07 10:00:00+00:00,247.47939,15.978484
2025-09-07 11:00:00+00:00,254.55362,14.192631
2025-09-07 12:00:00+00:00,242.76494,13.766176
2025-09-07 13:00:00+00:00,232.96953,12.85205
2025-09-07 14:00:00+00:00,221.72942,8.92408
2025-09-07 15:00:00+00:00,231.34016,5.7628117
2025-09-07 16:00:00+00:00,185.85593,7.0568266
2025-09-07 17:00:00+00:00,196.82149,8.085988
2025-09-07 18:00:00+00:00,182.2457,9.187056
2025-09-07 19:00:00+00:00,183.87845,10.644379
2025-09-07 20:00:00+00:00,186.14653,11.767651
2025-09-07 21:00:00+00:00,190.09744,13.346729
2025-09-07 22:00:00+00:00,189.70659,13.878688
2025-09-07 23:00:00+00:00,186.66656,13.954354
2025-09-08 00:00:00+00:00,193.1092,13.491597
2025-09-08 01:00:00+00:00,182.52606,12.251905
2025-09-08 02:00:00+00:00,188.74608,11.837651
2025-09-08 03:00:00+00:00,196.69933,15.034041
2025-09-08 04:00:00+00:00,200.70912,15.779543
2025-09-08 05:00:00+00:00,208.51115,16.59225
2025-09-08 06:00:00+00:00,215.75398,16.635157
2025-09-08 07:00:00+00:00,217.71605,17.065859
2025-09-08 08:00:00+00:00,216.86998,15.299999
2025-09-08 09:00:00+00:00,220.52502,14.681866
2025-09-08 10:00:00+00:00,226.10162,13.239486
2025-09-08 11:00:00+00:00,232.96953,12.85205
2025-09-08 12:00:00+00:00,231.84273,12.819235
2025-09-08 13:00:00+00:00,236.3099,9.085988
2025-09-08 14:00:00+00:00,218.8845,7.1684303
2025-09-08 15:00:00+00:00,208.07239,6.12
2025-09-08 16:00:00+00:00,203.19862,5.4833565
2025-09-08 17:00:00+00:00,181.9091,5.4029994
2025-09-08 18:00:00+00:00,172.69434,7.0774574
2025-09-08 19:00:00+00:00,164.47583,6.725354
2025-09-08 20:00:00+00:00,158.19853,6.7853074
2025-09-08 21:00:00+00:00,143.42688,6.9480934
2025-09-08 22:00:00+00:00,141.1155,7.1684303
2025-09-08 23:00:00+00:00,133.02507,7.386582
2025-09-09 00:00:00+00:00,138.81418,7.653705
2025-09-09 01:00:00+00:00,147.52882,7.0407386
2025-09-09 02:00:00+00:00,149.23735,8.797931
2025-09-09 03:00:00+00:00,152.98741,10.304114
2025-09-09 04:00:00+00:00,169.07724,10.449306
2025-09-09 05:00:00+00:00,186.1154,10.1376915
2025-09-09 06:00:00+00:00,195.25517,10.261579
2025-09-09 07:00:00+00:00,203.7495,9.83268
2025-09-09 08:00:00+00:00,206.56499,10.062305
2025-09-09 09:00:00+00:00,213.9766,9.984729
2025-09-09 10:00:00+00:00,221.2846,9.82114
2025-09-09 11:00:00+00:00,232.90707,9.252069
2025-09-09 12:00:00+00:00,248.19853,8.723967
2025-09-09 13:00:00+00:00,256.75946,9.430694
2025-09-09 14:00:00+00:00,271.78986,5.7628117
2025-09-09 15:00:00+00:00,262.40546,2.7238941
2025-09-09 16:00:00+00:00,303.6901,1.2979984
2025-09-09 17:00:00+00:00,320.1945,1.4058449
2025-09-09 18:00:00+00:00,63.435013,0.8049845
2025-09-09 19:00:00+00:00,118.61037,2.2553935
2025-09-09 20:00:00+00:00,141.34016,3.4576871
2025-09-09 21:00:00+00:00,123.6901,3.244996
2025-09-09 22:00:00+00:00,117.89718,3.4623692
2025-09-09 23:00:00+00:00,125.537766,4.6452556
2025-09-10 00:00:00+00:00,118.442825,4.913044
2025-09-10 01:00:00+00:00,80.909805,4.5572357
2025-09-10 02:00:00+00:00,79.50858,4.942631
2025-09-10 03:00:00+00:00,85.03035,4.1556225
2025-09-10 04:00:00+00:00,108.43504,1.7076298
2025-09-10 05:00:00+00:00,229.39879,1.659518
2025-09-10 06:00:00+00:00,250.9064,4.952453
2025-09-10 07:00:00+00:00,260.07382,7.3094187
2025-09-10 08:00:00+00:00,273.3018,9.375563
2025-09-10 09:00:00+00:00,283.7995,10.564941
2025-09-10 10:00:00+00:00,284.26456,10.957847
2025-09-10 11:00:00+00:00,287.61267,11.897714
2025-09-10 12:00:00+00:00,298.5399,11.679212
2025-09-10 13:00:00+00:00,307.64767,7.9567327
2025-09-10 14:00:00+00:00,315.0001,6.3639607
2025-09-10 15:00:00+00:00,319.9698,5.876938
2025-09-10 16:00:00+00:00,319.18503,5.2323985
2025-09-10 17:00:00+00:00,327.09476,3.6447225
2025-09-10 18:00:00+00:00,7.12493,2.9024127
2025-09-10 19:00:00+00:00,38.65983,2.3051248
2025-09-10 20:00:00+00:00,26.564985,1.2074767
2025-09-10 21:00:00+00:00,77.4712,1.659518
2025-09-10 22:00:00+00:00,126.86998,2.6999998
2025-09-10 23:00:00+00:00,162.89719,2.4482646
2025-09-11 00:00:00+00:00,180.0,2.52
2025-09-11 01:00:00+00:00,258.40784,7.1661706
2025-09-11 02:00:00+00:00,234.78232,3.745557
2025-09-11 03:00:00+00:00,250.70985,3.8141315
2025-09-11 04:00:00+00:00,299.5387,6.2067385
2025-09-11 05:00:00+00:00,300.06848,3.9518096
2025-09-11 06:00:00+00:00,287.24155,5.4656014
2025-09-11 07:00:00+00:00,277.30566,7.0774574
2025-09-11 08:00:00+00:00,279.65982,8.581677
2025-09-11 09:00:00+00:00,283.29858,10.172787
2025-09-11 10:00:00+00:00,281.3099,11.013882
2025-09-11 11:00:00+00:00,290.13638,11.503113
2025-09-11 12:00:00+00:00,296.56497,10.464797
2025-09-11 13:00:00+00:00,303.40784,10.134495
2025-09-11 14:00:00+00:00,322.12497,6.156947
2025-09-11 15:00:00+00:00,317.1211,6.8777895
2025-09-11 16:00:00+00:00,322.69595,4.752136
2025-09-11 17:00:00+00:00,331.69934,2.657668
2025-09-11 18:00:00+00:00,320.1945,1.4058449
2025-09-11 19:00:00+00:00,300.96368,2.0991426
2025-09-11 20:00:00+00:00,302.00534,1.6981165
2025-09-11 21:00:00+00:00,315.0001,1.2727921
2025-09-11 22:00:00+00:00,311.63345,2.1674871
2025-09-11 23:00:00+00:00,315.0001,2.5455842
2025-09-12 00:00:00+00:00,315.0001,2.0364676
2025-09-12 01:00:00+00:00,280.954,5.6835546
2025-09-12 02:00:00+00:00,273.814,5.4119864
2025-09-12 03:00:00+00:00,275.44025,3.7971036
2025-09-12 04:00:00+00:00,286.26028,4.5
2025-09-12 05:00:00+00:00,311.63345,4.3349743
2025-09-12 06:00:00+00:00,299.35767,6.6087217
2025-09-12 07:00:00+00:00,301.47678,10.34178
2025-09-12 08:00:00+00:00,321.009,9.726664
2025-09-12 09:00:00+00:00,303.20657,11.832176
2025-09-12 10:00:00+00:00,305.9098,12.88981
2025-09-12 11:00:00+00:00,315.61597,11.837651
2025-09-12 12:00:00+00:00,317.2312,9.807935
2025-09-12 13:00:00+00:00,334.59232,7.970972
2025-09-12 14:00:00+00:00,360.0,4.32
2025-09-12 15:00:00+00:00,19.290138,3.8141315
2025-09-12 16:00:00+00:00,29.054508,1.8532133
2025-09-12 17:00:00+00:00,53.13002,1.8
2025-09-12 18:00:00+00:00,59.03632,2.0991426
2025-09-12 19:00:00+00:00,81.86999,1.2727921
2025-09-12 20:00:00+00:00,84.805664,1.9881649
2025-09-12 21:00:00+00:00,94.76356,2.1674871
2025-09-12 22:00:00+00:00,51.34017,1.1525624
2025-09-12 23:00:00+00:00,360.0,1.26
2025-09-13 00:00:00+00:00,360.0,2.8799999
2025-09-13 01:00:00+00:00,346.60748,3.8856654
2025-09-13 02:00:00+00:00,351.87,5.0911684
2025-09-13 03:00:00+00:00,352.40543,2.7238941
2025-09-13 04:00:00+00:00,12.528798,3.319036
2025-09-13 05:00:00+00:00,344.05453,5.2416787
2025-09-13 06:00:00+00:00,319.39877,6.638072
2025-09-13 07:00:00+00:00,308.2902,8.714677
2025-09-13 08:00:00+00:00,309.5881,12.145665
2025-09-13 09:00:00+00:00,309.1304,13.690654
2025-09-13 10:00:00+00:00,305.45557,14.584443
2025-09-13 11:00:00+00:00,306.86996,13.5
2025-09-13 12:00:00+00:00,309.6854,10.993271
2025-09-13 13:00:00+00:00,311.53168,8.415842
2025-09-13 14:00:00+00:00,313.36346,8.913181
2025-09-13 15:00:00+00:00,322.65057,8.604301
2025-09-13 16:00:00+00:00,309.8055,7.029225
2025-09-13 17:00:00+00:00,320.35587,8.181589
2025-09-13 18:00:00+00:00,343.49554,5.068846
2025-09-13 19:00:00+00:00,325.40765,6.341009
2025-09-13 20:00:00+00:00,320.01315,7.282774
2025-09-13 21:00:00+00:00,328.78165,6.945761
2025-09-13 22:00:00+00:00,328.39255,5.495161
2025-09-13 23:00:00+00:00,337.8905,6.21717
2025-09-14 00:00:00+00:00,339.44388,3.0758414
2025-09-14 01:00:00+00:00,349.69522,8.049845
2025-09-14 02:00:00+00:00,17.87879,5.8631387
2025-09-14 03:00:00+00:00,360.0,5.9399996
2025-09-14 04:00:00+00:00,351.11942,5.8298883
2025-09-14 05:00:00+00:00,354.80566,3.9763298
2025-09-14 06:00:00+00:00,330.64233,6.6087217
2025-09-14 07:00:00+00:00,296.56497,8.452336
2025-09-14 08:00:00+00:00,292.79654,13.472372
2025-09-14 09:00:00+00:00,293.89517,15.553083
2025-09-14 10:00:00+00:00,303.08487,14.178927
2025-09-14 11:00:00+00:00,304.59235,12.682018
2025-09-14 12:00:00+00:00,305.1808,13.433838
2025-09-14 13:00:00+00:00,313.7812,11.966954
2025-09-14 14:00:00+00:00,329.2646,7.748368
2025-09-14 15:00:00+00:00,320.79282,8.827344
2025-09-14 16:00:00+00:00,336.5014,9.028754
2025-09-14 17:00:00+00:00,347.19574,8.12197
2025-09-14 18:00:00+00:00,337.3801,4.6800003
2025-09-14 19:00:00+00:00,5.4402504,3.7971036
2025-09-14 20:00:00+00:00,10.007925,3.1072817
2025-09-14 21:00:00+00:00,289.0936,4.952453
2025-09-14 22:00:00+00:00,298.88647,5.9617786
2025-09-14 23:00:00+00:00,322.65057,8.604301
2025-09-15 00:00:00+00:00,312.5104,8.790563
2025-09-15 01:00:00+00:00,293.7495,9.83268
2025-09-15 02:00:00+00:00,310.71075,10.210936
2025-09-15 03:00:00+00:00,307.14676,7.4520864
2025-09-15 04:00:00+00:00,306.6342,8.748075
2025-09-15 05:00:00+00:00,314.21527,9.292254
2025-09-15 06:00:00+00:00,301.89075,9.54
2025-09-15 07:00:00+00:00,303.9591,10.63372
2025-09-15 08:00:00+00:00,286.26028,13.499999
2025-09-15 09:00:00+00:00,292.86453,16.213993
2025-09-15 10:00:00+00:00,303.3263,15.726067
2025-09-15 11:00:00+00:00,299.57773,15.315873
2025-09-15 12:00:00+00:00,300.96368,12.594856
2025-09-15 13:00:00+00:00,315.0001,10.182337
2025-09-15 14:00:00+00:00,313.56796,10.185519
2025-09-15 15:00:00+00:00,309.14398,9.97986
2025-09-15 16:00:00+00:00,298.30066,7.973005
2025-09-15 17:00:00+00:00,285.75125,7.293888
2025-09-15 18:00:00+00:00,293.1986,5.4833565
2025-09-15 19:00:00+00:00,302.00534,5.09435
2025-09-15 20:00:00+00:00,306.25394,3.3481934
2025-09-15 21:00:00+00:00,276.0089,3.438895
2025-09-15 22:00:00+00:00,299.4758,4.755544
2025-09-15 23:00:00+00:00,290.22495,3.644722
2025-09-16 00:00:00+00:00,310.91428,3.572898
2025-09-16 01:00:00+00:00,301.7014,7.193247
2025-09-16 02:00:00+00:00,279.46225,6.5693827
2025-09-16 03:00:00+00:00,308.4181,6.6624317
2025-09-16 04:00:00+00:00,331.8215,5.7176566
2025-09-16 05:00:00+00:00,336.0375,5.318383
2025-09-16 06:00:00+00:00,310.81497,5.2323985
2025-09-16 07:00:00+00:00,298.92633,7.8149853
2025-09-16 08:00:00+00:00,288.08353,9.278297
2025-09-16 09:00:00+00:00,285.94547,11.793777
2025-09-16 10:00:00+00:00,282.72437,11.440978
2025-09-16 11:00:00+00:00,287.41806,9.621163
2025-09-16 12:00:00+00:00,286.31393,7.689603
2025-09-16 13:00:00+00:00,216.46933,5.1481256
2025-09-16 14:00:00+00:00,237.72438,4.0449967
2025-09-16 15:00:00+00:00,215.53777,6.193674
2025-09-16 16:00:00+00:00,188.13002,5.0911684
2025-09-16 17:00:00+00:00,192.09474,5.1544156
2025-09-16 18:00:00+00:00,177.95464,5.0432134
2025-09-16 19:00:00+00:00,162.47433,3.5864744
2025-09-16 20:00:00+00:00,141.34016,3.4576871
2025-09-16 21:00:00+00:00,126.86999,3.6
2025-09-16 22:00:00+00:00,104.93147,2.7943513
2025-09-16 23:00:00+00:00,119.357666,3.3043609
2025-09-17 00:00:00+00:00,85.23644,2.1674871
2025-09-17 01:00:00+00:00,160.34608,2.6758924
2025-09-17 02:00:00+00:00,131.18582,1.9134263
2025-09-17 03:00:00+00:00,147.52882,2.3469129
2025-09-17 04:00:00+00:00,173.6599,3.2599385
2025-09-17 05:00:00+00:00,222.27362,2.6758924
2025-09-17 06:00:00+00:00,230.19447,8.435069
2025-09-17 07:00:00+00:00,248.58696,9.860649
2025-09-17 08:00:00+00:00,325.71307,4.7928696
2025-09-17 09:00:00+00:00,273.814,8.11798
2025-09-17 10:00:00+00:00,273.17978,9.734988
2025-09-17 11:00:00+00:00,288.77814,9.505977
2025-09-17 12:00:00+00:00,287.6502,8.311245
2025-09-17 13:00:00+00:00,310.10083,4.471107
2025-09-17 14:00:00+00:00,338.9624,2.5071096
2025-09-17 15:00:00+00:00,270.0,1.8
2025-09-17 16:00:00+00:00,249.44386,1.5379207
2025-09-17 17:00:00+00:00,308.65982,2.3051248
2025-09-17 18:00:00+00:00,360.0,0.9
2025-09-17 19:00:00+00:00,265.23645,2.1674871
2025-09-17 20:00:00+00:00,50.194473,1.4058449
2025-09-17 21:00:00+00:00,153.43501,2.4149535
2025-09-17 22:00:00+00:00,197.10281,2.4482646
2025-09-17 23:00:00+00:00,188.13002,1.2727921
2025-09-18 00:00:00+00:00,174.2895,1.8089776
2025-09-18 01:00:00+00:00,16.699326,1.8792552
2025-09-18 02:00:00+00:00,29.357658,3.3043609
2025-09-18 03:00:00+00:00,54.46224,4.6452556
2025-09-18 04:00:00+00:00,74.054535,2.6208394
2025-09-18 05:00:00+00:00,333.43503,0.40249225
2025-09-18 06:00:00+00:00,261.02747,3.462369
2025-09-18 07:00:00+00:00,260.78903,6.7469993
2025-09-18 08:00:00+00:00,275.28998,9.761578
2025-09-18 09:00:00+00:00,284.32275,8.731391
2025-09-18 10:00:00+00:00,281.07016,8.43699
2025-09-18 11:00:00+00:00,287.6502,8.311245
2025-09-18 12:00:00+00:00,282.09473,7.731622
2025-09-18 13:00:00+00:00,293.38525,7.256032
2025-09-18 14:00:00+00:00,297.4075,5.4744864
2025-09-18 15:00:00+00:00,300.96368,5.2478566
2025-09-18 16:00:00+00:00,32.005356,1.6981165
2025-09-18 17:00:00+00:00,42.709366,3.1845248
2025-09-18 18:00:00+00:00,106.699326,3.7585104
2025-09-18 19:00:00+00:00,92.12105,4.8633323
2025-09-18 20:00:00+00:00,99.865746,4.2021422
2025-09-18 21:00:00+00:00,84.805664,3.9763298
2025-09-18 22:00:00+00:00,119.98155,5.402999
2025-09-18 23:00:00+00:00,172.87508,4.353619
2025-09-19 00:00:00+00:00,164.05453,3.9312592
2025-09-19 01:00:00+00:00,250.20103,4.7827187
2025-09-19 02:00:00+00:00,228.57643,4.080882
2025-09-19 03:00:00+00:00,252.07199,6.4323244
2025-09-19 04:00:00+00:00,254.62369,7.4672885
2025-09-19 05:00:00+00:00,247.47939,7.989242
2025-09-19 06:00:00+00:00,251.96562,8.139901
2025-09-19 07:00:00+00:00,256.2392,9.080639
2025-09-19 08:00:00+00:00,278.58353,9.6480665
2025-09-19 09:00:00+00:00,283.39252,11.656998
2025-09-19 10:00:00+00:00,282.63336,10.699028
2025-09-19 11:00:00+00:00,289.0936,9.904906
2025-09-19 12:00:00+00:00,282.65256,9.039514
2025-09-19 13:00:00+00:00,272.29056,4.503598
2025-09-19 14:00:00+00:00,307.87503,4.1046314
2025-09-19 15:00:00+00:00,26.564985,0.40249225
2025-09-19 16:00:00+00:00,138.57643,4.080882
2025-09-19 17:00:00+00:00,126.86999,6.299999
2025-09-19 18:00:00+00:00,145.49142,6.989936
2025-09-19 19:00:00+00:00,120.46546,7.10031
2025-09-19 20:00:00+00:00,157.75093,4.278551
2025-09-19 21:00:00+00:00,157.52052,5.6492476
2025-09-19 22:00:00+00:00,144.6887,5.293959
2025-09-19 23:00:00+00:00,147.80429,5.7431
2025-09-20 00:00:00+00:00,163.0724,4.327493
2025-09-20 01:00:00+00:00,203.6294,3.143565
2025-09-20 02:00:00+00:00,195.52417,3.362677
2025-09-20 03:00:00+00:00,235.6196,4.143911
2025-09-20 04:00:00+00:00,256.32867,6.8541956
2025-09-20 05:00:00+00:00,264.2895,7.2359104
2025-09-20 06:00:00+00:00,270.0,7.2
2025-09-20 07:00:00+00:00,272.04535,10.086427
2025-09-20 08:00:00+00:00,273.6913,11.183201
2025-09-20 09:00:00+00:00,271.0809,9.5416975
2025-09-20 10:00:00+00:00,278.25934,11.276968
2025-09-20 11:00:00+00:00,281.12915,11.190442
2025-09-20 12:00:00+00:00,288.8,8.936777
2025-09-20 13:00:00+00:00,295.90643,7.0038276
2025-09-20 14:00:00+00:00,303.6901,1.9469976
2025-09-20 15:00:00+00:00,360.0,0.17999999
2025-09-20 16:00:00+00:00,133.02507,3.693291
2025-09-20 17:00:00+00:00,136.16905,6.2379804
2025-09-20 18:00:00+00:00,154.65387,3.7842832
2025-09-20 19:00:00+00:00,149.03632,2.0991426
2025-09-20 20:00:00+00:00,128.65984,2.3051248
2025-09-20 21:00:00+00:00,129.47243,3.9640884
2025-09-20 22:00:00+00:00,152.52565,5.072041
2025-09-20 23:00:00+00:00,360.0,0.17999999
2025-09-21 00:00:00+00:00,288.43503,0.56920993
2025-09-21 01:00:00+00:00,90.0,0.17999999
2025-09-21 02:00:00+00:00,261.87,1.2727921
2025-09-21 03:00:00+00:00,243.43501,2.0124612
2025-09-21 04:00:00+00:00,250.20103,4.7827187
2025-09-21 05:00:00+00:00,270.0,5.2200003
2025-09-21 06:00:00+00:00,271.68463,6.122647
2025-09-21 07:00:00+00:00,268.85425,9.0018
2025-09-21 08:00:00+00:00,277.59454,10.8955765
2025-09-21 09:00:00+00:00,277.1249,11.609651
2025-09-21 10:00:00+00:00,295.46332,12.56008
2025-09-21 11:00:00+00:00,293.49857,13.543131
2025-09-21 12:00:00+00:00,291.80148,10.662626
2025-09-21 13:00:00+00:00,306.86996,5.3999996
2025-09-21 14:00:00+00:00,332.5925,10.948973
2025-09-21 15:00:00+00:00,53.13002,1.8
2025-09-21 16:00:00+00:00,113.962494,1.7727944
2025-09-21 17:00:00+00:00,138.81418,1.9134263
2025-09-21 18:00:00+00:00,97.12492,5.8048253
2025-09-21 19:00:00+00:00,124.21575,5.441838
2025-09-21 20:00:00+00:00,112.93214,5.0816135
2025-09-21 21:00:00+00:00,107.818985,5.2939587
2025-09-21 22:00:00+00:00,127.568665,2.9522195
2025-09-21 23:00:00+00:00,109.440125,3.244996
2025-09-22 00:00:00+00:00,98.13002,3.8183763
2025-09-22 01:00:00+00:00,153.43501,0.8049845
2025-09-22 02:00:00+00:00,44.999897,1.2727921
2025-09-22 03:00:00+00:00,230.71062,2.5582807
2025-09-22 04:00:00+00:00,279.46225,4.379589
2025-09-22 05:00:00+00:00,287.52567,7.172949
2025-09-22 06:00:00+00:00,282.65256,9.039514
2025-09-22 07:00:00+00:00,286.18927,11.620809
2025-09-22 08:00:00+00:00,292.93213,10.163227
2025-09-22 09:00:00+00:00,282.926,11.265469
2025-09-22 10:00:00+00:00,276.1465,11.767651
2025-09-22 11:00:00+00:00,283.05524,12.74954
2025-09-22 12:00:00+00:00,276.48297,7.970972
2025-09-22 13:00:00+00:00,299.57773,7.6579366
2025-09-22 14:00:00+00:00,312.08908,7.519175
2025-09-22 15:00:00+00:00,341.56494,7.3997297
2025-09-22 16:00:00+00:00,32.005356,5.09435
2025-09-22 17:00:00+00:00,90.0,0.9
2025-09-22 18:00:00+00:00,30.963696,1.0495713
2025-09-22 19:00:00+00:00,14.036275,0.742159
2025-09-22 20:00:00+00:00,360.0,0.71999997
2025-09-22 21:00:00+00:00,20.556128,1.5379207
2025-09-22 22:00:00+00:00,11.3098955,2.7534704
2025-09-22 23:00:00+00:00,54.782326,3.745557
2025-09-23 00:00:00+00:00,95.19434,5.9644947
2025-09-23 01:00:00+00:00,138.99101,5.48631
2025-09-23 02:00:00+00:00,216.86998,2.6999998
2025-09-23 03:00:00+00:00,264.2895,1.8089776
2025-09-23 04:00:00+00:00,304.69522,2.8460495
2025-09-23 05:00:00+00:00,270.0,4.68
2025-09-23 06:00:00+00:00,270.0,5.9399996
2025-09-23 07:00:00+00:00,265.81516,7.3997297
2025-09-23 08:00:00+00:00,253.77974,10.310403
2025-09-23 09:00:00+00:00,263.19104,12.145665
2025-09-23 10:00:00+00:00,263.9911,13.75558
2025-09-23 11:00:00+00:00,274.39862,16.42839
2025-09-23 12:00:00+00:00,269.24615,13.681183
2025-09-23 13:00:00+00:00,277.69595,6.7205353
2025-09-23 14:00:00+00:00,277.76508,3.9966488
2025-09-23 15:00:00+00:00,270.0,4.5
2025-09-23 16:00:00+00:00,275.90604,5.2478566
2025-09-23 17:00:00+00:00,276.70975,6.162207
2025-09-23 18:00:00+00:00,271.54813,6.6624317
2025-09-23 19:00:00+00:00,283.67133,6.8541956
2025-09-23 20:00:00+00:00,299.29126,8.461914
2025-09-23 21:00:00+00:00,299.29126,8.461914
2025-09-23 22:00:00+00:00,287.5925,7.7420926
2025-09-23 23:00:00+00:00,282.33908,5.896202
2025-09-24 00:00:00+00:00,267.3975,3.964089
2025-09-24 01:00:00+00:00,277.59454,5.4477882
2025-09-24 02:00:00+00:00,289.53674,5.920878
2025-09-24 03:00:00+00:00,295.7099,5.3939967
2025-09-24 04:00:00+00:00,284.03625,5.195113
2025-09-24 05:00:00+00:00,277.90707,6.542201
2025-09-24 06:00:00+00:00,271.21884,8.461914
2025-09-24 07:00:00+00:00,272.33725,8.827344
2025-09-24 08:00:00+00:00,262.27826,10.717182
2025-09-24 09:00:00+00:00,259.046,11.367109
2025-09-24 10:00:00+00:00,264.7262,11.749741
2025-09-24 11:00:00+00:00,265.31418,11.016824
2025-09-24 12:00:00+00:00,263.9911,10.316686
2025-09-24 13:00:00+00:00,282.99463,7.2044983
2025-09-24 14:00:00+00:00,275.7105,5.426933
2025-09-24 15:00:00+00:00,256.60748,3.8856654
2025-09-24 16:00:00+00:00,236.3099,3.244996
2025-09-24 17:00:00+00:00,231.58191,6.6624317
2025-09-24 18:00:00+00:00,237.65257,6.391901
2025-09-24 19:00:00+00:00,245.37645,4.7521367
2025-09-24 20:00:00+00:00,240.5242,4.755544
2025-09-24 21:00:00+00:00,239.03632,3.148714
2025-09-24 22:00:00+00:00,277.1249,1.4512063
2025-09-24 23:00:00+00:00,360.0,0.35999998
2025-09-25 00:00:00+00:00,30.963696,1.0495713
2025-09-25 01:00:00+00:00,251.56496,1.7076298
2025-09-25 02:00:00+00:00,272.3859,4.323748
2025-09-25 03:00:00+00:00,271.63654,6.302571
2025-09-25 04:00:00+00:00,224.9999,1.0182338
2025-09-25 05:00:00+00:00,246.3706,3.143565
2025-09-25 06:00:00+00:00,273.17978,6.489992
2025-09-25 07:00:00+00:00,261.2539,7.102591
2025-09-25 08:00:00+00:00,264.68555,7.7734165
2025-09-25 09:00:00+00:00,259.1145,9.531505
2025-09-25 10:00:00+00:00,257.00537,9.605998
2025-09-25 11:00:00+00:00,251.56496,10.24578
2025-09-25 12:00:00+00:00,253.49556,10.137692
2025-09-25 13:00:00+00:00,268.36346,6.302571
2025-09-25 14:00:00+00:00,264.47256,5.6060677
2025-09-25 15:00:00+00:00,255.4655,5.020677
2025-09-25 16:00:00+00:00,255.37909,4.278551
2025-09-25 17:00:00+00:00,237.26477,2.995797
2025-09-25 18:00:00+00:00,228.81418,1.9134263
2025-09-25 19:00:00+00:00,194.03627,0.742159
2025-09-25 20:00:00+00:00,129.28938,2.5582807
2025-09-25 21:00:00+00:00,44.999897,0.25455844
2025-09-25 22:00:00+00:00,20.556128,1.5379207
2025-09-25 23:00:00+00:00,72.89719,2.4482646
2025-09-26 00:00:00+00:00,81.11942,5.8298883
2025-09-26 01:00:00+00:00,90.0,4.68
2025-09-26 02:00:00+00:00,83.659904,4.8899083
2025-09-26 03:00:00+00:00,96.00892,3.438895
2025-09-26 04:00:00+00:00,337.3801,2.3400002
2025-09-26 05:00:00+00:00,318.01285,7.2649574
2025-09-26 06:00:00+00:00,311.08167,9.313152
2025-09-26 07:00:00+00:00,311.0994,11.226575
2025-09-26 08:00:00+00:00,311.2685,11.734564
2025-09-26 09:00:00+00:00,308.65982,12.678185
2025-09-26 10:00:00+00:00,318.44748,10.583326
2025-09-26 11:00:00+00:00,309.8055,9.840914
2025-09-26 12:00:00+00:00,297.21603,7.0843205
2025-09-26 13:00:00+00:00,315.0001,2.5455842
2025-09-26 14:00:00+00:00,20.556128,1.5379207
2025-09-26 15:00:00+00:00,243.43501,0.40249225
2025-09-26 16:00:00+00:00,288.43503,0.56920993
2025-09-26 17:00:00+00:00,239.0363,1.0495713
2025-09-26 18:00:00+00:00,264.2895,1.8089776
2025-09-26 19:00:00+00:00,273.3664,6.130579
2025-09-26 20:00:00+00:00,283.32455,7.029225
2025-09-26 21:00:00+00:00,301.75943,4.4456716
2025-09-26 22:00:00+00:00,298.30066,5.315336
2025-09-26 23:00:00+00:00,317.6026,5.6060677
2025-09-27 00:00:00+00:00,315.0001,10.182337
2025-09-27 01:00:00+00:00,358.66782,7.7420926
2025-09-27 02:00:00+00:00,351.02744,10.387107
2025-09-27 03:00:00+00:00,325.71307,9.585739
2025-09-27 04:00:00+00:00,9.659832,8.581677
2025-09-27 05:00:00+00:00,323.74606,10.04458
2025-09-27 06:00:00+00:00,303.07068,9.236298
2025-09-27 07:00:00+00:00,292.751,12.10157
2025-09-27 08:00:00+00:00,297.68097,12.399113
2025-09-27 09:00:00+00:00,291.3369,12.367716
2025-09-27 10:00:00+00:00,279.0578,12.576836
2025-09-27 11:00:00+00:00,268.29022,12.0653715
2025-09-27 12:00:00+00:00,262.8751,11.609651
2025-09-27 13:00:00+00:00,241.88689,14.897651
2025-09-27 14:00:00+00:00,255.96373,12.616703
2025-09-27 15:00:00+00:00,279.46225,10.948973
2025-09-27 16:00:00+00:00,260.0959,11.5115595
2025-09-27 17:00:00+00:00,277.90707,13.084402
2025-09-27 18:00:00+00:00,288.1781,12.69351
2025-09-27 19:00:00+00:00,288.00424,15.141414
2025-09-27 20:00:00+00:00,290.89783,21.194187
2025-09-27 21:00:00+00:00,291.62326,21.492483
2025-09-27 22:00:00+00:00,308.27316,24.991493
2025-09-27 23:00:00+00:00,300.75433,25.344229
2025-09-28 00:00:00+00:00,303.56635,23.11441
2025-09-28 01:00:00+00:00,288.658,14.628807
2025-09-28 02:00:00+00:00,279.86575,16.808569
2025-09-28 03:00:00+00:00,295.64096,19.966211
2025-09-28 04:00:00+00:00,288.43503,23.906818
2025-09-28 05:00:00+00:00,272.41946,25.582806
2025-09-28 06:00:00+00:00,270.79572,25.922499
2025-09-28 07:00:00+00:00,281.7823,29.971485
2025-09-28 08:00:00+00:00,276.5197,31.705046
2025-09-28 09:00:00+00:00,274.61627,29.074318
2025-09-28 10:00:00+00:00,268.44135,26.469793
2025-09-28 11:00:00+00:00,264.4997,24.412407
2025-09-28 12:00:00+00:00,259.8754,25.59863
2025-09-28 13:00:00+00:00,270.41818,24.660654
2025-09-28 14:00:00+00:00,275.58252,24.054089
2025-09-28 15:00:00+00:00,261.66263,21.103033
2025-09-28 16:00:00+00:00,262.81583,21.589495
2025-09-28 17:00:00+00:00,262.9375,20.495512
2025-09-28 18:00:00+00:00,250.10448,20.099642
2025-09-28 19:00:00+00:00,232.3737,21.817902
2025-09-28 20:00:00+00:00,224.9999,23.673935
2025-09-28 21:00:00+00:00,225.55083,26.475302
2025-09-28 22:00:00+00:00,226.68465,25.976189
2025-09-28 23:00:00+00:00,221.02316,23.858658
2025-09-29 00:00:00+00:00,222.85623,23.817883
2025-09-29 01:00:00+00:00,247.80449,24.300665
2025-09-29 02:00:00+00:00,243.8385,22.862123
2025-09-29 03:00:00+00:00,248.286,21.893505
2025-09-29 04:00:00+00:00,248.5522,21.659916
2025-09-29 05:00:00+00:00,241.73608,19.00599
2025-09-29 06:00:00+00:00,231.91118,16.92383
2025-09-29 07:00:00+00:00,241.0491,19.33639
2025-09-29 08:00:00+00:00,235.13773,19.523983
2025-09-29 09:00:00+00:00,231.25401,18.694021
2025-09-29 10:00:00+00:00,231.77953,18.329092
2025-09-29 11:00:00+00:00,232.78348,17.856325
2025-09-29 12:00:00+00:00,231.54626,15.629971
2025-09-29 13:00:00+00:00,231.80127,13.971757
2025-09-29 14:00:00+00:00,201.16133,11.966953
2025-09-29 15:00:00+00:00,192.29526,14.369594
2025-09-29 16:00:00+00:00,190.52074,12.815443
2025-09-29 17:00:00+00:00,196.69933,11.27553
2025-09-29 18:00:00+00:00,190.9806,12.284916
2025-09-29 19:00:00+00:00,185.97423,15.564537
2025-09-29 20:00:00+00:00,188.13002,15.273505
2025-09-29 21:00:00+00:00,184.87918,14.813682
2025-09-29 22:00:00+00:00,185.19434,13.917154
2025-09-29 23:00:00+00:00,196.38962,15.94804
2025-09-30 00:00:00+00:00,179.2748,14.221139
2025-09-30 01:00:00+00:00,189.59306,12.961249
2025-09-30 02:00:00+00:00,178.56793,14.404499
2025-09-30 03:00:00+00:00,182.06999,14.949756
2025-09-30 04:00:00+00:00,185.7105,18.089775
2025-09-30 05:00:00+00:00,190.58727,19.59356
2025-09-30 06:00:00+00:00,194.03627,20.780453
2025-09-30 07:00:00+00:00,206.80077,19.561287
2025-09-30 08:00:00+00:00,200.19443,16.685717
2025-09-30 09:00:00+00:00,204.62355,19.008547
2025-09-30 10:00:00+00:00,201.80147,19.386593
2025-09-30 11:00:00+00:00,203.7284,17.892578
2025-09-30 12:00:00+00:00,199.32327,14.687382
2025-09-30 13:00:00+00:00,205.61543,14.572221
2025-09-30 14:00:00+00:00,202.45699,14.607751
2025-09-30 15:00:00+00:00,200.55612,10.765445
2025-09-30 16:00:00+00:00,185.64815,16.459915
2025-09-30 17:00:00+00:00,178.60284,14.764389
2025-09-30 18:00:00+00:00,176.13461,13.350371
2025-09-30 19:00:00+00:00,173.8846,15.206537
2025-09-30 20:00:00+00:00,174.93648,14.275713
2025-09-30 21:00:00+00:00,174.14407,14.113653
2025-09-30 22:00:00+00:00,172.87508,13.060857
2025-09-30 23:00:00+00:00,174.14407,14.113653
2025-10-01 00:00:00+00:00,168.50346,10.837435
2025-10-01 01:00:00+00:00,163.0091,13.5515
2025-10-01 02:00:00+00:00,152.50095,14.813683
2025-10-01 03:00:00+00:00,176.34785,16.954432
2025-10-01 04:00:00+00:00,183.17976,19.469976
2025-10-01 05:00:00+00:00,193.03336,19.954037
2025-10-01 06:00:00+00:00,182.41098,17.11515
2025-10-01 07:00:00+00:00,190.9886,18.88628
2025-10-01 08:00:00+00:00,196.55714,20.844278
2025-10-01 09:00:00+00:00,204.64165,21.585745
2025-10-01 10:00:00+00:00,203.6907,19.263363
2025-10-01 11:00:00+00:00,209.16751,17.727943
2025-10-01 12:00:00+00:00,182.86235,14.417988
2025-10-01 13:00:00+00:00,194.7436,14.145756
2025-10-01 14:00:00+00:00,211.07898,15.342294
2025-10-01 15:00:00+00:00,185.52745,11.212135
2025-10-01 16:00:00+00:00,189.58287,14.056144
2025-10-01 17:00:00+00:00,151.92761,12.24
2025-10-01 18:00:00+00:00,137.72638,10.703569
2025-10-01 19:00:00+00:00,136.50739,9.67657
2025-10-01 20:00:00+00:00,157.21756,9.761578
2025-10-01 21:00:00+00:00,176.36713,11.362834
2025-10-01 22:00:00+00:00,171.6342,12.371645
2025-10-01 23:00:00+00:00,161.31256,12.921192
2025-10-02 00:00:00+00:00,167.56046,12.534257
2025-10-02 01:00:00+00:00,161.0534,12.750811
2025-10-02 02:00:00+00:00,169.8754,15.359179
2025-10-02 03:00:00+00:00,167.05348,16.068466
2025-10-02 04:00:00+00:00,167.61925,15.111424
2025-10-02 05:00:00+00:00,177.68633,17.83454
2025-10-02 06:00:00+00:00,183.3664,18.391735
2025-10-02 07:00:00+00:00,191.6336,18.745079
2025-10-02 08:00:00+00:00,190.80818,20.157589
2025-10-02 09:00:00+00:00,197.8504,22.314194
2025-10-02 10:00:00+00:00,189.3529,15.506141
2025-10-02 11:00:00+00:00,198.92474,19.98
2025-10-02 12:00:00+00:00,190.36627,15.004919
2025-10-02 13:00:00+00:00,185.1281,14.096425
2025-10-02 14:00:00+00:00,179.28386,14.401124
2025-10-02 15:00:00+00:00,178.45187,13.324863
2025-10-02 16:00:00+00:00,170.24765,11.688918
2025-10-02 17:00:00+00:00,172.09293,13.084402
2025-10-02 18:00:00+00:00,169.11452,9.531505
2025-10-02 19:00:00+00:00,159.59003,8.2584505
2025-10-02 20:00:00+00:00,170.8699,10.209348
2025-10-02 21:00:00+00:00,172.87508,11.609651
2025-10-02 22:00:00+00:00,153.43501,9.659814
2025-10-02 23:00:00+00:00,162.75845,10.931203
2025-10-03 00:00:00+00:00,158.87521,8.490582
2025-10-03 01:00:00+00:00,166.42955,10.739833
2025-10-03 02:00:00+00:00,166.20049,10.564941
2025-10-03 03:00:00+00:00,173.75818,11.588701
2025-10-03 04:00:00+00:00,172.9717,13.239487
2025-10-03 05:00:00+00:00,174.93648,14.275713
2025-10-03 06:00:00+00:00,189.57416,15.151039
2025-10-03 07:00:00+00:00,191.18172,15.779544
2025-10-03 08:00:00+00:00,197.79608,15.312701
2025-10-03 09:00:00+00:00,205.40767,15.941944
2025-10-03 10:00:00+00:00,207.85956,14.251863
2025-10-03 11:00:00+00:00,205.61543,14.572221
2025-10-03 12:00:00+00:00,202.8337,7.42159
2025-10-03 13:00:00+00:00,186.58185,9.422101
2025-10-03 14:00:00+00:00,186.3401,8.149847
2025-10-03 15:00:00+00:00,185.85593,7.0568266
2025-10-03 16:00:00+00:00,185.7105,7.2359104
2025-10-03 17:00:00+00:00,192.09474,5.1544156
2025-10-03 18:00:00+00:00,172.87508,5.8048253
2025-10-03 19:00:00+00:00,156.0375,5.318383
2025-10-03 20:00:00+00:00,155.22488,5.154415
2025-10-03 21:00:00+00:00,143.53067,5.1481256
2025-10-03 22:00:00+00:00,147.38077,5.3426957
2025-10-03 23:00:00+00:00,154.09355,7.0038276
2025-10-04 00:00:00+00:00,139.18501,5.2323985
2025-10-04 01:00:00+00:00,140.90616,3.710795
2025-10-04 02:00:00+00:00,154.23073,5.7964473
2025-10-04 03:00:00+00:00,161.07526,6.66
2025-10-04 04:00:00+00:00,182.20255,9.3669195
2025-10-04 05:00:00+00:00,191.9761,12.144331
2025-10-04 06:00:00+00:00,196.29411,12.189602
2025-10-04 07:00:00+00:00,208.96756,11.521406
2025-10-04 08:00:00+00:00,215.9606,11.341428
2025-10-04 09:00:00+00:00,218.25447,11.919479
2025-10-04 10:00:00+00:00,223.75471,11.712454
2025-10-04 11:00:00+00:00,229.12769,12.37819
2025-10-04 12:00:00+00:00,241.8215,11.435313
2025-10-04 13:00:00+00:00,246.29735,8.0599
2025-10-04 14:00:00+00:00,256.60748,7.771331
2025-10-04 15:00:00+00:00,251.56496,4.5536795
2025-10-04 16:00:00+00:00,215.53777,1.5484185
2025-10-04 17:00:00+00:00,168.69011,0.9178235
2025-10-04 18:00:00+00:00,122.00535,3.396233
2025-10-04 19:00:00+00:00,129.80553,5.6233797
2025-10-04 20:00:00+00:00,132.18437,7.7734165
2025-10-04 21:00:00+00:00,142.22426,9.109138
2025-10-04 22:00:00+00:00,159.44388,7.689603
2025-10-04 23:00:00+00:00,156.80138,5.4833565
2025-10-05 00:00:00+00:00,139.23648,6.8919086
2025-10-05 01:00:00+00:00,160.55988,6.489992
2025-10-05 02:00:00+00:00,166.86597,5.5450516
2025-10-05 03:00:00+00:00,172.64772,5.6262593
2025-10-05 04:00:00+00:00,182.66295,7.748368
2025-10-05 05:00:00+00:00,189.86574,8.4042845
2025-10-05 06:00:00+00:00,228.36655,8.669949
2025-10-05 07:00:00+00:00,232.02834,9.361731
2025-10-05 08:00:00+00:00,236.88864,9.885262
2025-10-05 09:00:00+00:00,232.54935,10.656547
2025-10-05 10:00:00+00:00,251.22186,9.505977
2025-10-05 11:00:00+00:00,260.8699,10.209348
2025-10-05 12:00:00+00:00,235.84026,6.090812
2025-10-05 13:00:00+00:00,187.12492,2.9024127
2025-10-05 14:00:00+00:00,201.80147,2.907989
2025-10-05 15:00:00+00:00,216.86998,2.6999998
2025-10-05 16:00:00+00:00,237.09476,3.6447225
2025-10-05 17:00:00+00:00,233.13002,3.6
2025-10-05 18:00:00+00:00,236.3099,4.542994
2025-10-05 19:00:00+00:00,230.90614,3.710795
2025-10-05 20:00:00+00:00,229.76372,3.0652893
2025-10-05 21:00:00+00:00,198.43504,2.2768397
2025-10-05 22:00:00+00:00,165.06853,2.7943513
2025-10-05 23:00:00+00:00,145.6196,4.143911
2025-10-06 00:00:00+00:00,136.46873,4.965521
2025-10-06 01:00:00+00:00,144.24602,5.5450516
2025-10-06 02:00:00+00:00,158.19853,4.846648
2025-10-06 03:00:00+00:00,163.49556,5.068846
2025-10-06 04:00:00+00:00,192.5288,6.638072
2025-10-06 05:00:00+00:00,216.86998,7.2
2025-10-06 06:00:00+00:00,201.25058,10.429132
2025-10-06 07:00:00+00:00,213.92984,11.931705
2025-10-06 08:00:00+00:00,212.73521,11.983188
2025-10-06 09:00:00+00:00,221.78442,11.345712
2025-10-06 10:00:00+00:00,241.58743,12.483748
2025-10-06 11:00:00+00:00,247.8905,12.43434
2025-10-06 12:00:00+00:00,253.03377,11.103243
2025-10-06 13:00:00+00:00,255.42574,9.299225
2025-10-06 14:00:00+00:00,249.77505,7.289444
2025-10-06 15:00:00+00:00,222.39738,5.6060677
2025-10-06 16:00:00+00:00,213.6901,5.1919937
2025-10-06 17:00:00+00:00,202.751,6.050785
2025-10-06 18:00:00+00:00,251.56496,2.2768397
2025-10-06 19:00:00+00:00,126.86999,1.8
2025-10-06 20:00:00+00:00,131.82008,4.5891175
2025-10-06 21:00:00+00:00,122.61923,5.3426957
2025-10-06 22:00:00+00:00,130.60121,3.319036
2025-10-06 23:00:00+00:00,130.81499,5.2323985
2025-10-07 00:00:00+00:00,133.60289,5.22
2025-10-07 01:00:00+00:00,135.0001,4.072935
2025-10-07 02:00:00+00:00,139.39879,4.978554
2025-10-07 03:00:00+00:00,158.62932,4.445672
2025-10-07 04:00:00+00:00,198.43504,3.9844694
2025-10-07 05:00:00+00:00,248.6293,4.445672
2025-10-07 06:00:00+00:00,258.31067,5.3305535
2025-10-07 07:00:00+00:00,270.0,6.66
2025-10-07 08:00:00+00:00,287.74475,9.449572
2025-10-07 09:00:00+00:00,295.8663,13.202726
2025-10-07 10:00:00+00:00,296.56497,10.8672905
2025-10-07 11:00:00+00:00,307.5042,9.7565975
2025-10-07 12:00:00+00:00,307.99878,7.3094187
2025-10-07 13:00:00+00:00,315.0001,2.8001428
2025-10-07 14:00:00+00:00,325.30478,2.8460495
2025-10-07 15:00:00+00:00,340.3461,2.6758924
2025-10-07 16:00:00+00:00,344.7448,2.0523157
2025-10-07 17:00:00+00:00,23.962492,1.7727944
2025-10-07 18:00:00+00:00,348.6901,0.9178235
2025-10-07 19:00:00+00:00,9.462248,1.0948973
2025-10-07 20:00:00+00:00,7.12493,1.4512063
2025-10-07 21:00:00+00:00,19.983198,2.1068459
2025-10-07 22:00:00+00:00,17.102825,2.4482646
2025-10-07 23:00:00+00:00,2.2905633,4.503598
2025-10-08 00:00:00+00:00,4.969664,4.1556225
2025-10-08 01:00:00+00:00,18.435053,3.4152596
2025-10-08 02:00:00+00:00,26.564985,3.219938
2025-10-08 03:00:00+00:00,32.275623,4.0449967
2025-10-08 04:00:00+00:00,37.405437,3.8521678
2025-10-08 05:00:00+00:00,330.64233,3.3043609
2025-10-08 06:00:00+00:00,312.27362,5.3517847
2025-10-08 07:00:00+00:00,301.60745,8.242743
2025-10-08 08:00:00+00:00,301.29297,10.742848
2025-10-08 09:00:00+00:00,305.13428,11.885453
2025-10-08 10:00:00+00:00,311.98712,12.108261
2025-10-08 11:00:00+00:00,318.57642,12.242646
2025-10-08 12:00:00+00:00,321.09586,13.184308
2025-10-08 13:00:00+00:00,332.62238,11.351422
2025-10-08 14:00:00+00:00,338.9624,10.028439
2025-10-08 15:00:00+00:00,348.17853,7.9077177
2025-10-08 16:00:00+00:00,352.87506,7.256032
2025-10-08 17:00:00+00:00,360.0,4.5
2025-10-08 18:00:00+00:00,356.53183,5.950899
2025-10-08 19:00:00+00:00,15.945477,5.2416787
2025-10-08 20:00:00+00:00,357.6141,4.323748
2025-10-08 21:00:00+00:00,350.8377,5.6521144
2025-10-08 22:00:00+00:00,358.26434,5.9427266
2025-10-08 23:00:00+00:00,17.744766,4.724786
2025-10-09 00:00:00+00:00,33.6901,3.244996
2025-10-09 01:00:00+00:00,39.09386,3.710795
2025-10-09 02:00:00+00:00,59.420856,4.599695
2025-10-09 03:00:00+00:00,59.53454,3.550155
2025-10-09 04:00:00+00:00,61.92762,3.06
2025-10-09 05:00:00+00:00,20.556128,1.5379207
2025-10-09 06:00:00+00:00,289.44012,3.244996
2025-10-09 07:00:00+00:00,289.79895,4.7827187
2025-10-09 08:00:00+00:00,292.3802,6.6185193
2025-10-09 09:00:00+00:00,319.51407,9.703319
2025-10-09 10:00:00+00:00,330.64233,9.913082
2025-10-09 11:00:00+00:00,335.72556,10.070353
2025-10-09 12:00:00+00:00,336.16125,8.461915
2025-10-09 13:00:00+00:00,338.19852,8.723967
2025-10-09 14:00:00+00:00,347.36664,10.699028
2025-10-09 15:00:00+00:00,352.40543,10.8955765
2025-10-09 16:00:00+00:00,2.0453732,10.086427
2025-10-09 17:00:00+00:00,15.780828,8.604301
2025-10-09 18:00:00+00:00,26.564985,8.452336
2025-10-09 19:00:00+00:00,33.6901,7.7879906
2025-10-09 20:00:00+00:00,38.418083,6.6624317
2025-10-09 21:00:00+00:00,28.072395,6.12
2025-10-09 22:00:00+00:00,30.6506,5.6492476
2025-10-09 23:00:00+00:00,37.234917,5.6521144
2025-10-10 00:00:00+00:00,48.366554,4.3349743
2025-10-10 01:00:00+00:00,59.03632,5.2478566
2025-10-10 02:00:00+00:00,55.491425,6.989936
2025-10-10 03:00:00+00:00,51.952908,5.257109
2025-10-10 04:00:00+00:00,72.25524,4.724786
2025-10-10 05:00:00+00:00,83.29026,3.0811036
2025-10-10 06:00:00+00:00,213.6901,0.6489992
2025-10-10 07:00:00+00:00,257.00537,2.4014995
2025-10-10 08:00:00+00:00,283.24054,6.28713
2025-10-10 09:00:00+00:00,300.01828,9.354806
2025-10-10 10:00:00+00:00,316.46872,9.931042
2025-10-10 11:00:00+00:00,325.17545,10.086427
2025-10-10 12:00:00+00:00,323.9016,10.692969
2025-10-10 13:00:00+00:00,334.3232,10.385547
2025-10-10 14:00:00+00:00,345.71887,10.215693
2025-10-10 15:00:00+00:00,356.0549,10.464798
2025-10-10 16:00:00+00:00,3.433568,9.016185
2025-10-10 17:00:00+00:00,8.130019,7.6367526
2025-10-10 18:00:00+00:00,17.92802,6.4323244
2025-10-10 19:00:00+00:00,26.564985,4.4274144
2025-10-10 20:00:00+00:00,22.833694,3.710795
2025-10-10 21:00:00+00:00,50.194473,2.8116899
2025-10-10 22:00:00+00:00,54.46224,3.096837
2025-10-10 23:00:00+00:00,55.491425,3.494968
2025-10-11 00:00:00+00:00,32.005356,3.396233
2025-10-11 01:00:00+00:00,33.6901,4.542994
2025-10-11 02:00:00+00:00,36.86998,5.3999996
2025-10-11 03:00:00+00:00,52.695976,4.752136
2025-10-11 04:00:00+00:00,48.179924,4.5891175
2025-10-11 05:00:00+00:00,51.842735,3.2048087
2025-10-11 06:00:00+00:00,149.03632,1.0495713
2025-10-11 07:00:00+00:00,305.53775,3.096837
2025-10-11 08:00:00+00:00,304.59235,6.341009
2025-10-11 09:00:00+00:00,303.36636,8.836514
2025-10-11 10:00:00+00:00,311.2685,11.734564
2025-10-11 11:00:00+00:00,324.09018,12.88981
2025-10-11 12:00:00+00:00,327.6804,10.436895
2025-10-11 13:00:00+00:00,334.9164,9.340941
2025-10-11 14:00:00+00:00,337.98865,9.12513
2025-10-11 15:00:00+00:00,338.74942,10.429132
2025-10-11 16:00:00+00:00,342.52515,10.1902895
2025-10-11 17:00:00+00:00,353.15732,9.0645685
2025-10-11 18:00:00+00:00,356.00916,7.7588143
2025-10-11 19:00:00+00:00,348.40787,7.1661706
2025-10-11 20:00:00+00:00,346.32867,6.8541956
2025-10-11 21:00:00+00:00,7.12493,4.353619
2025-10-11 22:00:00+00:00,29.744795,2.9024127
2025-10-11 23:00:00+00:00,57.724377,4.0449967
2025-10-12 00:00:00+00:00,54.782326,3.745557
2025-10-12 01:00:00+00:00,66.5713,5.8852015
2025-10-12 02:00:00+00:00,62.65021,5.8769383
2025-10-12 03:00:00+00:00,59.03632,4.198285
2025-10-12 04:00:00+00:00,73.73973,4.5
2025-10-12 05:00:00+00:00,80.53775,4.379589
2025-10-12 06:00:00+00:00,118.30067,2.657668
2025-10-12 07:00:00+00:00,275.7105,1.8089776
2025-10-12 08:00:00+00:00,284.8265,6.330782
2025-10-12 09:00:00+00:00,290.80685,9.627896
2025-10-12 10:00:00+00:00,296.1468,11.028581
2025-10-12 11:00:00+00:00,313.8066,12.221457
2025-10-12 12:00:00+00:00,314.29276,10.310402
2025-10-12 13:00:00+00:00,328.3246,9.9408245
2025-10-12 14:00:00+00:00,337.21756,9.761578
2025-10-12 15:00:00+00:00,342.216,10.018743
2025-10-12 16:00:00+00:00,351.87,10.182337
2025-10-12 17:00:00+00:00,6.6324186,7.79215
2025-10-12 18:00:00+00:00,12.528798,6.638072
2025-10-12 19:00:00+00:00,355.91446,5.0528407
2025-10-12 20:00:00+00:00,36.027473,2.4482648
2025-10-12 21:00:00+00:00,79.380394,2.9301877
2025-10-12 22:00:00+00:00,44.999897,3.563818
2025-10-12 23:00:00+00:00,53.13002,5.3999996
2025-10-13 00:00:00+00:00,37.234917,5.6521144
2025-10-13 01:00:00+00:00,47.489597,5.8603754
2025-10-13 02:00:00+00:00,46.12322,6.4924874
2025-10-13 03:00:00+00:00,42.397392,5.6060677
2025-10-13 04:00:00+00:00,43.7812,5.983477
2025-10-13 05:00:00+00:00,39.55964,5.369916
2025-10-13 06:00:00+00:00,307.56866,2.9522195
2025-10-13 07:00:00+00:00,297.97937,6.5223618
2025-10-13 08:00:00+00:00,299.24872,10.315115
2025-10-13 09:00:00+00:00,302.82855,13.281023
2025-10-13 10:00:00+00:00,315.52557,13.874019
2025-10-13 11:00:00+00:00,325.90497,14.128566
2025-10-13 12:00:00+00:00,322.59457,11.556504
2025-10-13 13:00:00+00:00,337.21756,9.761578
2025-10-13 14:00:00+00:00,346.93066,10.3480425
2025-10-13 15:00:00+00:00,346.2005,10.564941
2025-10-13 16:00:00+00:00,352.61404,9.801326
2025-10-13 17:00:00+00:00,360.0,8.82
2025-10-13 18:00:00+00:00,14.036275,8.163749
2025-10-13 19:00:00+00:00,4.8990126,6.3231
2025-10-13 20:00:00+00:00,10.885482,4.7657523
2025-10-13 21:00:00+00:00,25.201094,3.381893
2025-10-13 22:00:00+00:00,25.201094,3.381893
2025-10-13 23:00:00+00:00,50.710617,5.1165614
2025-10-14 00:00:00+00:00,54.090195,6.444905
2025-10-14 01:00:00+00:00,69.59004,8.2584505
2025-10-14 02:00:00+00:00,59.264584,7.748368
2025-10-14 03:00:00+00:00,62.783974,7.0843205
2025-10-14 04:00:00+00:00,68.74943,6.9527545
2025-10-14 05:00:00+00:00,77.319626,7.3799996
2025-10-14 06:00:00+00:00,98.74608,4.73506
2025-10-14 07:00:00+00:00,201.80147,1.9386592
2025-10-14 08:00:00+00:00,238.39255,5.495161
2025-10-14 09:00:00+00:00,250.9064,9.904906
2025-10-14 10:00:00+00:00,265.60138,14.081478
2025-10-14 11:00:00+00:00,278.3438,13.644427
2025-10-14 12:00:00+00:00,293.31772,11.368535
2025-10-14 13:00:00+00:00,303.6901,9.734988
2025-10-14 14:00:00+00:00,319.7637,9.1958685
2025-10-14 15:00:00+00:00,333.43503,9.257321
2025-10-14 16:00:00+00:00,337.45688,10.32924
2025-10-14 17:00:00+00:00,348.23172,8.825508
2025-10-14 18:00:00+00:00,351.87,6.3639607
2025-10-14 19:00:00+00:00,357.3975,3.964089
2025-10-14 20:00:00+00:00,349.11453,4.7657523
2025-10-14 21:00:00+00:00,10.124612,5.1197267
2025-10-14 22:00:00+00:00,31.607454,5.495161
2025-10-14 23:00:00+00:00,47.290634,6.3690495
2025-10-15 00:00:00+00:00,33.6901,5.8409934
2025-10-15 01:00:00+00:00,40.601215,6.638072
2025-10-15 02:00:00+00:00,44.029083,7.5105524
2025-10-15 03:00:00+00:00,66.03751,5.318383
2025-10-15 04:00:00+00:00,67.06787,5.0816135
2025-10-15 05:00:00+00:00,91.97489,5.223103
2025-10-15 06:00:00+00:00,118.072395,3.06
2025-10-15 07:00:00+00:00,154.98314,2.97953
2025-10-15 08:00:00+00:00,191.30989,1.835647
2025-10-15 09:00:00+00:00,231.34016,1.1525624
2025-10-15 10:00:00+00:00,53.61555,4.2481523
2025-10-15 11:00:00+00:00,321.63248,5.509882
2025-10-15 12:00:00+00:00,93.366394,6.130579
2025-10-15 13:00:00+00:00,138.23979,6.7565966
2025-10-15 14:00:00+00:00,180.0,2.34
2025-10-15 15:00:00+00:00,309.8055,1.4058449
2025-10-15 16:00:00+00:00,108.43504,1.1384199
2025-10-15 17:00:00+00:00,90.0,2.34
2025-10-15 18:00:00+00:00,142.43134,2.9522195
2025-10-15 19:00:00+00:00,326.3099,0.6489992
2025-10-15 20:00:00+00:00,65.55606,2.1749482
2025-10-15 21:00:00+00:00,54.16227,3.9966483
2025-10-15 22:00:00+00:00,50.440376,5.369916
2025-10-15 23:00:00+00:00,63.435013,6.439876
2025-10-16 00:00:00+00:00,67.8905,6.21717
2025-10-16 01:00:00+00:00,70.974304,5.5216303
2025-10-16 02:00:00+00:00,67.06787,5.0816135
2025-10-16 03:00:00+00:00,75.96373,4.452954
2025-10-16 04:00:00+00:00,90.0,6.4799995
2025-10-16 05:00:00+00:00,104.03627,10.390226
2025-10-16 06:00:00+00:00,137.56381,8.536252
2025-10-16 07:00:00+00:00,136.78989,8.149847
2025-10-16 08:00:00+00:00,136.97493,3.693291
2025-10-16 09:00:00+00:00,296.56497,2.0124612
2025-10-16 10:00:00+00:00,348.07928,16.557064
2025-10-16 11:00:00+00:00,300.06848,3.9518096
2025-10-16 12:00:00+00:00,319.53784,8.043805
2025-10-16 13:00:00+00:00,142.76509,5.6521144
2025-10-16 14:00:00+00:00,6.170083,6.698806
2025-10-16 15:00:00+00:00,40.030197,5.876938
2025-10-16 16:00:00+00:00,55.78425,5.441838
2025-10-16 17:00:00+00:00,66.03751,5.318383
2025-10-16 18:00:00+00:00,54.63746,6.8423676
2025-10-16 19:00:00+00:00,32.82854,6.6405115
2025-10-16 20:00:00+00:00,27.29949,6.279395
2025-10-16 21:00:00+00:00,5.7105074,5.426933
2025-10-16 22:00:00+00:00,12.7243595,5.720489
2025-10-16 23:00:00+00:00,50.440376,5.369916
2025-10-17 00:00:00+00:00,33.310646,7.538541
2025-10-17 01:00:00+00:00,65.55606,8.699793
2025-10-17 02:00:00+00:00,53.13002,7.2
2025-10-17 03:00:00+00:00,63.435013,6.037383
2025-10-17 04:00:00+00:00,86.531845,5.950899
2025-10-17 05:00:00+00:00,104.03627,9.6480665
2025-10-17 06:00:00+00:00,125.16652,9.688281
2025-10-17 07:00:00+00:00,120.699646,6.698806
2025-10-17 08:00:00+00:00,112.93214,5.0816135
2025-10-17 09:00:00+00:00,347.00537,2.4014995
2025-10-17 10:00:00+00:00,319.7637,6.1305785
2025-10-17 11:00:00+00:00,332.48807,9.741642
2025-10-17 12:00:00+00:00,326.05637,11.282711
2025-10-17 13:00:00+00:00,331.11353,11.923557
2025-10-17 14:00:00+00:00,340.5138,12.410866
2025-10-17 15:00:00+00:00,347.19574,12.182955
2025-10-17 16:00:00+00:00,349.69522,12.074766
2025-10-17 17:00:00+00:00,1.0050671,10.261578
2025-10-17 18:00:00+00:00,355.03033,8.311245
2025-10-17 19:00:00+00:00,14.036275,6.6794305
2025-10-17 20:00:00+00:00,31.827414,6.1437774
2025-10-17 21:00:00+00:00,43.72705,5.728979
2025-10-17 22:00:00+00:00,43.876797,6.4924874
2025-10-17 23:00:00+00:00,49.844074,7.5363917
2025-10-18 00:00:00+00:00,60.94549,5.5596404
2025-10-18 01:00:00+00:00,35.537766,6.193674
2025-10-18 02:00:00+00:00,38.418083,6.6624317
2025-10-18 03:00:00+00:00,50.440376,5.369916
2025-10-18 04:00:00+00:00,67.83361,5.2478566
2025-10-18 05:00:00+00:00,115.11481,6.361415
2025-10-18 06:00:00+00:00,157.8336,5.2478566
2025-10-18 07:00:00+00:00,169.21574,3.84796
2025-10-18 08:00:00+00:00,199.9832,2.1068459
2025-10-18 09:00:00+00:00,236.3099,3.8939953
2025-10-18 10:00:00+00:00,291.03757,7.5213294
2025-10-18 11:00:00+00:00,317.64258,8.281956
2025-10-18 12:00:00+00:00,308.3952,12.172312
2025-10-18 13:00:00+00:00,312.64667,9.299225
2025-10-18 14:00:00+00:00,314.06088,7.7650757
2025-10-18 15:00:00+00:00,324.2932,7.0934615
2025-10-18 16:00:00+00:00,356.72958,6.310277
2025-10-18 17:00:00+00:00,20.556128,4.613762
2025-10-18 18:00:00+00:00,56.976128,4.293669
2025-10-18 19:00:00+00:00,48.57643,4.080882
2025-10-18 20:00:00+00:00,33.178535,5.5916004
2025-10-18 21:00:00+00:00,36.86999,6.299999
2025-10-18 22:00:00+00:00,38.65983,8.067936
2025-10-18 23:00:00+00:00,45.78474,9.292254
2025-10-19 00:00:00+00:00,53.972538,7.344794
2025-10-19 01:00:00+00:00,67.16631,7.42159
2025-10-19 02:00:00+00:00,50.906155,7.42159
2025-10-19 03:00:00+00:00,52.81522,6.552099
2025-10-19 04:00:00+00:00,65.55606,6.5248446
2025-10-19 05:00:00+00:00,84.92049,8.131936
2025-10-19 06:00:00+00:00,139.76372,6.1305785
2025-10-19 07:00:00+00:00,149.74365,5.00128
2025-10-19 08:00:00+00:00,155.55606,2.1749482
2025-10-19 09:00:00+00:00,332.3541,4.2671766
2025-10-19 10:00:00+00:00,320.96448,8.574123
2025-10-19 11:00:00+00:00,313.63614,10.694485
2025-10-19 12:00:00+00:00,312.5104,11.720751
2025-10-19 13:00:00+00:00,318.14505,11.599879
2025-10-19 14:00:00+00:00,317.07004,10.571074
2025-10-19 15:00:00+00:00,329.38147,10.248941
2025-10-19 16:00:00+00:00,348.6901,9.178235
2025-10-19 17:00:00+00:00,360.0,7.2
2025-10-19 18:00:00+00:00,347.27563,5.720489
2025-10-19 19:00:00+00:00,360.0,5.04
2025-10-19 20:00:00+00:00,27.645891,4.2671766
2025-10-19 21:00:00+00:00,20.854538,4.0449963
2025-10-19 22:00:00+00:00,35.362556,6.8423676
2025-10-19 23:00:00+00:00,50.792812,8.827344
2025-10-20 00:00:00+00:00,56.3099,6.489992
2025-10-20 01:00:00+00:00,62.783974,7.0843205
2025-10-20 02:00:00+00:00,59.03632,7.3469996
2025-10-20 03:00:00+00:00,70.974304,5.5216303
2025-10-20 04:00:00+00:00,88.264336,5.9427266
2025-10-20 05:00:00+00:00,98.58354,9.6480665
2025-10-20 06:00:00+00:00,113.55228,7.6579366
2025-10-20 07:00:00+00:00,114.775116,5.154415
2025-10-20 08:00:00+00:00,336.8014,1.3708391
2025-10-20 09:00:00+00:00,303.2749,6.889557
2025-10-20 10:00:00+00:00,307.36673,12.456468
2025-10-20 11:00:00+00:00,307.87503,12.313894
2025-10-20 12:00:00+00:00,322.9434,11.052058
2025-10-20 13:00:00+00:00,322.63324,12.456468
2025-10-20 14:00:00+00:00,336.9911,14.275713
2025-10-20 15:00:00+00:00,353.29025,12.324414
2025-10-20 16:00:00+00:00,6.70975,9.243311
2025-10-20 17:00:00+00:00,11.592147,7.1661706
2025-10-20 18:00:00+00:00,30.735416,7.748368
2025-10-20 19:00:00+00:00,45.970932,7.5105524
2025-10-20 20:00:00+00:00,48.91835,9.313152
2025-10-20 21:00:00+00:00,53.343807,9.648067
2025-10-20 22:00:00+00:00,59.23736,8.797931
2025-10-20 23:00:00+00:00,63.435013,7.6473517
2025-10-21 00:00:00+00:00,72.55273,6.603817
2025-10-21 01:00:00+00:00,60.94549,5.5596404
2025-10-21 02:00:00+00:00,77.00539,4.802999
2025-10-21 03:00:00+00:00,54.16227,3.9966483
2025-10-21 04:00:00+00:00,64.79892,3.381893
2025-10-21 05:00:00+00:00,109.290146,3.8141315
2025-10-21 06:00:00+00:00,138.36655,4.3349743
2025-10-21 07:00:00+00:00,135.0001,1.781909
2025-10-21 08:00:00+00:00,322.43134,2.9522195
2025-10-21 09:00:00+00:00,304.07724,7.388775
2025-10-21 10:00:00+00:00,299.85892,11.207801
2025-10-21 11:00:00+00:00,322.59457,11.556504
2025-10-21 12:00:00+00:00,355.36462,6.6818557
2025-10-21 13:00:00+00:00,91.46877,7.0223074
2025-10-21 14:00:00+00:00,84.55976,7.5942073
2025-10-21 15:00:00+00:00,72.03077,7.0015144
2025-10-21 16:00:00+00:00,61.389645,9.021574
2025-10-21 17:00:00+00:00,43.09086,7.6409945
2025-10-21 18:00:00+00:00,39.805527,9.840914
2025-10-21 19:00:00+00:00,37.794006,11.161451
2025-10-21 20:00:00+00:00,51.842735,9.614426
2025-10-21 21:00:00+00:00,77.34745,9.039514
2025-10-21 22:00:00+00:00,75.068535,8.383054
2025-10-21 23:00:00+00:00,62.744755,6.6818557
2025-10-22 00:00:00+00:00,66.03751,5.318383
2025-10-22 01:00:00+00:00,70.01681,4.2136917
2025-10-22 02:00:00+00:00,53.972538,4.8965297
2025-10-22 03:00:00+00:00,44.999897,4.3274937
2025-10-22 04:00:00+00:00,55.175446,5.0432134
2025-10-22 05:00:00+00:00,79.11452,4.7657523
2025-10-22 06:00:00+00:00,155.37645,4.7521367
2025-10-22 07:00:00+00:00,177.13765,3.604497
2025-10-22 08:00:00+00:00,197.35411,3.01735
2025-10-22 09:00:00+00:00,290.77234,5.5829024
2025-10-22 10:00:00+00:00,340.76923,8.197414
2025-10-22 11:00:00+00:00,23.838743,8.461915
2025-10-22 12:00:00+00:00,353.55847,11.230904
2025-10-22 13:00:00+00:00,14.349371,7.989243
2025-10-22 14:00:00+00:00,12.680387,7.3799996
2025-10-22 15:00:00+00:00,24.567156,6.9270773
2025-10-22 16:00:00+00:00,38.92756,6.015878
2025-10-22 17:00:00+00:00,52.431335,2.9522195
2025-10-22 18:00:00+00:00,44.999897,1.5273507
2025-10-22 19:00:00+00:00,25.016869,2.97953
2025-10-22 20:00:00+00:00,33.111355,4.942631
2025-10-22 21:00:00+00:00,64.35905,4.991553
2025-10-22 22:00:00+00:00,57.380775,5.3426957
2025-10-22 23:00:00+00:00,43.91917,6.7469993
2025-10-23 00:00:00+00:00,46.8476,7.8954163
2025-10-23 01:00:00+00:00,50.52757,7.928177
2025-10-23 02:00:00+00:00,55.954018,8.037761
2025-10-23 03:00:00+00:00,58.1726,6.1437774
2025-10-23 04:00:00+00:00,66.801384,5.4833565
2025-10-23 05:00:00+00:00,67.24899,6.050785
2025-10-23 06:00:00+00:00,81.11942,5.8298883
2025-10-23 07:00:00+00:00,60.018444,5.402999
2025-10-23 08:00:00+00:00,61.26031,6.3639607
2025-10-23 09:00:00+00:00,41.98714,7.2649574
2025-10-23 10:00:00+00:00,336.3706,6.28713
2025-10-23 11:00:00+00:00,323.97253,12.241323
2025-10-23 12:00:00+00:00,332.24155,11.594292
2025-10-23 13:00:00+00:00,336.46762,12.172312
2025-10-23 14:00:00+00:00,348.51804,11.755254
2025-10-23 15:00:00+00:00,80.38034,10.7714615
2025-10-23 16:00:00+00:00,140.29013,13.8049555
2025-10-23 17:00:00+00:00,96.91113,5.9834766
2025-10-23 18:00:00+00:00,169.3804,8.790563
2025-10-23 19:00:00+00:00,177.33705,7.748368
2025-10-23 20:00:00+00:00,154.2901,5.3939967
2025-10-23 21:00:00+00:00,133.60289,5.22
2025-10-23 22:00:00+00:00,159.07542,6.5520988
2025-10-23 23:00:00+00:00,153.43501,6.439876
2025-10-24 00:00:00+00:00,144.78232,3.745557
2025-10-24 01:00:00+00:00,144.46223,3.096837
2025-10-24 02:00:00+00:00,101.88863,3.4949677
2025-10-24 03:00:00+00:00,100.30479,4.0249224
2025-10-24 04:00:00+00:00,86.186005,5.4119864
2025-10-24 05:00:00+00:00,81.25392,7.102591
2025-10-24 06:00:00+00:00,98.68627,13.110376
2025-10-24 07:00:00+00:00,85.98591,10.285232
2025-10-24 08:00:00+00:00,73.88651,8.431228
2025-10-24 09:00:00+00:00,49.398785,6.638072
2025-10-24 10:00:00+00:00,17.102825,2.4482646
2025-10-24 11:00:00+00:00,195.01842,7.6409945
2025-10-24 12:00:00+00:00,351.38443,6.0077944
2025-10-24 13:00:00+00:00,335.09525,5.5567255
2025-10-24 14:00:00+00:00,151.38963,4.510787
2025-10-24 15:00:00+00:00,161.56496,13.661038
2025-10-24 16:00:00+00:00,175.42616,9.028754
2025-10-24 17:00:00+00:00,152.8504,7.889259
2025-10-24 18:00:00+00:00,162.80138,7.9138603
2025-10-24 19:00:00+00:00,148.73633,5.896202
2025-10-24 20:00:00+00:00,143.47105,6.048107
2025-10-24 21:00:00+00:00,150.75127,5.1575575
2025-10-24 22:00:00+00:00,112.109505,6.21717
2025-10-24 23:00:00+00:00,75.650635,7.989243
2025-10-25 00:00:00+00:00,50.194473,5.6233797
2025-10-25 01:00:00+00:00,60.018444,5.402999
2025-10-25 02:00:00+00:00,60.64234,6.6087217
2025-10-25 03:00:00+00:00,104.03627,5.937272
2025-10-25 04:00:00+00:00,125.27251,9.039514
2025-10-25 05:00:00+00:00,145.84026,12.181624
2025-10-25 06:00:00+00:00,159.19313,9.627896
2025-10-25 07:00:00+00:00,171.36295,14.383114
2025-10-25 08:00:00+00:00,168.85715,12.108261
2025-10-25 09:00:00+00:00,168.46541,9.0018
2025-10-25 10:00:00+00:00,140.59937,13.044722
2025-10-25 11:00:00+00:00,118.072395,9.179999
2025-10-25 12:00:00+00:00,220.31403,7.7900705
2025-10-25 13:00:00+00:00,164.05453,10.483357
2025-10-25 14:00:00+00:00,172.40544,10.8955765
2025-10-25 15:00:00+00:00,142.52374,6.804381
2025-10-25 16:00:00+00:00,111.25058,6.9527545
2025-10-25 17:00:00+00:00,63.435013,6.037383
2025-10-25 18:00:00+00:00,121.865944,7.841887
2025-10-25 19:00:00+00:00,80.21766,5.297018
2025-10-25 20:00:00+00:00,101.09368,9.354806
2025-10-25 21:00:00+00:00,102.09474,10.308831
2025-10-25 22:00:00+00:00,86.63361,6.130579
2025-10-25 23:00:00+00:00,68.19853,5.815978
2025-10-26 00:00:00+00:00,44.999897,3.3092594
2025-10-26 01:00:00+00:00,56.689358,7.538541
2025-10-26 02:00:00+00:00,71.96563,8.139901
2025-10-26 03:00:00+00:00,84.40076,9.224011
2025-10-26 04:00:00+00:00,96.980965,8.885877
2025-10-26 05:00:00+00:00,135.70723,10.310402
2025-10-26 06:00:00+00:00,137.72638,10.703569
2025-10-26 07:00:00+00:00,144.46223,12.387348
2025-10-26 08:00:00+00:00,150.75127,15.472672
2025-10-26 09:00:00+00:00,148.24057,17.782686
2025-10-26 10:00:00+00:00,148.31367,17.134071
2025-10-26 11:00:00+00:00,146.5237,13.379461
2025-10-26 12:00:00+00:00,175.42616,9.028754
2025-10-26 13:00:00+00:00,146.3099,7.1389914
2025-10-26 14:00:00+00:00,120.73541,7.748368
2025-10-26 15:00:00+00:00,142.69597,9.504272
2025-10-26 16:00:00+00:00,141.34016,9.220499
2025-10-26 17:00:00+00:00,146.7251,13.779114
2025-10-26 18:00:00+00:00,151.1893,8.217153
2025-10-26 19:00:00+00:00,72.47434,3.5864744
2025-10-26 20:00:00+00:00,127.875046,10.261579
2025-10-26 21:00:00+00:00,122.660904,8.338489
2025-10-26 22:00:00+00:00,134.14499,8.528657
2025-10-26 23:00:00+00:00,106.26028,9.0
2025-10-27 00:00:00+00:00,114.56716,6.9270773
2025-10-27 01:00:00+00:00,164.40714,8.035746
2025-10-27 02:00:00+00:00,124.992096,10.9859
2025-10-27 03:00:00+00:00,135.72514,10.055864
2025-10-27 04:00:00+00:00,135.85501,8.528657
2025-10-27 05:00:00+00:00,114.94388,8.536252
2025-10-27 06:00:00+00:00,162.12122,11.726277
2025-10-27 07:00:00+00:00,153.43501,12.879752
2025-10-27 08:00:00+00:00,172.53952,15.24909
2025-10-27 09:00:00+00:00,185.06352,14.275713
2025-10-27 10:00:00+00:00,170.1665,13.701299
2025-10-27 11:00:00+00:00,170.20021,20.093191
2025-10-27 12:00:00+00:00,177.4887,20.539726
2025-10-27 13:00:00+00:00,170.02235,19.73854
2025-10-27 14:00:00+00:00,151.15744,14.178927
2025-10-27 15:00:00+00:00,151.38963,13.53236
2025-10-27 16:00:00+00:00,151.92761,15.299999
2025-10-27 17:00:00+00:00,148.31367,17.134071
2025-10-27 18:00:00+00:00,137.91092,15.03835
2025-10-27 19:00:00+00:00,139.574,12.768586
2025-10-27 20:00:00+00:00,131.49637,12.496718
2025-10-27 21:00:00+00:00,132.61403,12.229406
2025-10-27 22:00:00+00:00,137.02136,10.825469
2025-10-27 23:00:00+00:00,145.14548,12.283599
2025-10-28 00:00:00+00:00,147.13133,13.929953
2025-10-28 01:00:00+00:00,128.10762,11.666721
2025-10-28 02:00:00+00:00,118.9509,9.668195
2025-10-28 03:00:00+00:00,120.78408,9.847496
2025-10-28 04:00:00+00:00,110.55612,9.227524
2025-10-28 05:00:00+00:00,105.61105,12.708816
2025-10-28 06:00:00+00:00,130.98573,14.545515
2025-10-28 07:00:00+00:00,141.009,14.589996
2025-10-28 08:00:00+00:00,146.88866,14.827893
2025-10-28 09:00:00+00:00,154.50249,12.9625
2025-10-28 10:00:00+00:00,192.09474,12.886039
2025-10-28 11:00:00+00:00,169.3397,15.5687
2025-10-28 12:00:00+00:00,182.60251,11.892265
2025-10-28 13:00:00+00:00,167.6046,16.770939
2025-10-28 14:00:00+00:00,155.67444,14.420235
2025-10-28 15:00:00+00:00,157.6593,14.206323
2025-10-28 16:00:00+00:00,154.01082,16.019999
2025-10-28 17:00:00+00:00,149.03632,15.743569
2025-10-28 18:00:00+00:00,149.16223,14.045767
2025-10-28 19:00:00+00:00,145.06898,13.83192
2025-10-28 20:00:00+00:00,140.9806,13.437455
2025-10-28 21:00:00+00:00,133.11183,11.5887
2025-10-28 22:00:00+00:00,128.25447,11.919479
2025-10-28 23:00:00+00:00,137.79277,10.4493065
2025-10-29 00:00:00+00:00,128.36752,11.019764
2025-10-29 01:00:00+00:00,121.60746,10.990322
2025-10-29 02:00:00+00:00,102.63336,10.699028
2025-10-29 03:00:00+00:00,74.623695,7.4672885
2025-10-29 04:00:00+00:00,75.068535,2.7943513
2025-10-29 05:00:00+00:00,149.03632,2.0991426
2025-10-29 06:00:00+00:00,174.80566,5.9644947
2025-10-29 07:00:00+00:00,202.47948,5.6492476
2025-10-29 08:00:00+00:00,199.91649,13.210087
2025-10-29 09:00:00+00:00,190.65385,18.498886
2025-10-29 10:00:00+00:00,187.51205,16.521805
2025-10-29 11:00:00+00:00,195.85944,16.466803
2025-10-29 12:00:00+00:00,170.69014,11.126562
2025-10-29 13:00:00+00:00,136.97493,7.386582
2025-10-29 14:00:00+00:00,151.92761,3.06
2025-10-29 15:00:00+00:00,132.27364,8.027678
2025-10-29 16:00:00+00:00,149.03632,9.446141
2025-10-29 17:00:00+00:00,147.40742,13.032298
2025-10-29 18:00:00+00:00,158.62932,13.337016
2025-10-29 19:00:00+00:00,155.34412,12.081473
2025-10-29 20:00:00+00:00,150.5242,14.266632
2025-10-29 21:00:00+00:00,148.3393,12.688404
2025-10-29 22:00:00+00:00,143.29706,12.348051
2025-10-29 23:00:00+00:00,132.45515,11.466438
2025-10-30 00:00:00+00:00,129.14398,9.97986
2025-10-30 01:00:00+00:00,149.38147,10.248941
2025-10-30 02:00:00+00:00,124.62422,9.187056
2025-10-30 03:00:00+00:00,127.26648,10.404249
2025-10-30 04:00:00+00:00,137.02136,10.825469
2025-10-30 05:00:00+00:00,140.30096,12.399113
2025-10-30 06:00:00+00:00,135.57864,12.601285
2025-10-30 07:00:00+00:00,150.55467,12.815443
2025-10-30 08:00:00+00:00,180.0,17.28
2025-10-30 09:00:00+00:00,184.2141,17.146357
2025-10-30 10:00:00+00:00,181.12328,18.36353
2025-10-30 11:00:00+00:00,187.69595,20.161608
2025-10-30 12:00:00+00:00,178.66782,15.484185
2025-10-30 13:00:00+00:00,179.37726,16.560978
2025-10-30 14:00:00+00:00,183.62141,14.248452
2025-10-30 15:00:00+00:00,166.67546,14.05845
2025-10-30 16:00:00+00:00,148.17259,12.287555
2025-10-30 17:00:00+00:00,129.90784,12.906138
2025-10-30 18:00:00+00:00,143.49847,11.196232
2025-10-30 19:00:00+00:00,148.17259,12.287555
2025-10-30 20:00:00+00:00,149.30035,13.397612
2025-10-30 21:00:00+00:00,148.12044,17.381886
2025-10-30 22:00:00+00:00,147.26479,14.978984
2025-10-30 23:00:00+00:00,137.72638,13.379461
2025-10-31 00:00:00+00:00,145.05426,18.226276
2025-10-31 01:00:00+00:00,147.00229,16.525724
2025-10-31 02:00:00+00:00,139.25392,15.443328
2025-10-31 03:00:00+00:00,146.68936,15.077082
2025-10-31 04:00:00+00:00,152.44728,14.008811
2025-10-31 05:00:00+00:00,167.8687,19.699928
2025-10-31 06:00:00+00:00,168.49522,20.757051
2025-10-31 07:00:00+00:00,180.99632,20.703129
2025-10-31 08:00:00+00:00,183.3664,21.457026
2025-10-31 09:00:00+00:00,182.99028,24.152887
2025-10-31 10:00:00+00:00,185.11032,22.228361
2025-10-31 11:00:00+00:00,179.46951,19.440834
2025-10-31 12:00:00+00:00,152.44728,14.008811
2025-10-31 13:00:00+00:00,169.64673,19.029839
2025-10-31 14:00:00+00:00,161.35811,15.767219
2025-10-31 15:00:00+00:00,154.04129,15.215058
2025-10-31 16:00:00+00:00,154.02567,15.617529
2025-10-31 17:00:00+00:00,154.01082,16.019999
2025-10-31 18:00:00+00:00,154.98314,14.897651
2025-10-31 19:00:00+00:00,156.61476,14.512064
2025-10-31 20:00:00+00:00,152.47487,14.411245
2025-10-31 21:00:00+00:00,151.50446,14.336861
2025-10-31 22:00:00+00:00,151.69934,13.288341
2025-10-31 23:00:00+00:00,154.09355,14.007655
2025-11-01 00:00:00+00:00,158.9076,13.504799
2025-11-01 01:00:00+00:00,159.44388,10.765445
2025-11-01 02:00:00+00:00,166.80939,11.832176
2025-11-01 03:00:00+00:00,147.63339,15.130711
2025-11-01 04:00:00+00:00,161.37204,16.90563
2025-11-01 05:00:00+00:00,161.56496,15.3686695
2025-11-01 06:00:00+00:00,183.73132,16.595179
2025-11-01 07:00:00+00:00,193.44862,17.026896
2025-11-01 08:00:00+00:00,196.50444,15.206538
2025-11-01 09:00:00+00:00,202.3407,14.206323
2025-11-01 10:00:00+00:00,206.08554,19.239801
2025-11-01 11:00:00+00:00,196.76263,15.602999
2025-11-01 12:00:00+00:00,189.1301,10.209348
2025-11-01 13:00:00+00:00,166.17133,12.049249
2025-11-01 14:00:00+00:00,161.28816,11.7827835
2025-11-01 15:00:00+00:00,161.87805,10.4166975
2025-11-01 16:00:00+00:00,156.42528,10.8015
2025-11-01 17:00:00+00:00,161.0295,12.181625
2025-11-01 18:00:00+00:00,168.19759,12.32047
2025-11-01 19:00:00+00:00,171.983,12.906138
2025-11-01 20:00:00+00:00,165.3432,12.093535
2025-11-01 21:00:00+00:00,160.51378,12.410866
2025-11-01 22:00:00+00:00,155.4099,11.679213
2025-11-01 23:00:00+00:00,159.02643,11.566313
2025-11-02 00:00:00+00:00,159.77505,10.934166
2025-11-02 01:00:00+00:00,164.89885,11.745604
2025-11-02 02:00:00+00:00,176.36713,11.362834
2025-11-02 03:00:00+00:00,183.41652,12.081472
2025-11-02 04:00:00+00:00,190.04929,14.4415655
2025-11-02 05:00:00+00:00,192.94652,16.068466
2025-11-02 06:00:00+00:00,192.18364,16.204998
2025-11-02 07:00:00+00:00,196.34825,14.068816
2025-11-02 08:00:00+00:00,205.6881,15.779543
2025-11-02 09:00:00+00:00,211.21834,13.891522
2025-11-02 10:00:00+00:00,193.46523,13.1412325
2025-11-02 11:00:00+00:00,201.63095,11.230904
2025-11-02 12:00:00+00:00,205.60214,9.580668
2025-11-02 13:00:00+00:00,167.66092,5.896202
2025-11-02 14:00:00+00:00,182.60251,3.964089
2025-11-02 15:00:00+00:00,160.11475,8.996398
2025-11-02 16:00:00+00:00,175.23645,6.5024605
2025-11-02 17:00:00+00:00,183.69131,5.5916004
2025-11-02 18:00:00+00:00,196.18927,5.8104043
2025-11-02 19:00:00+00:00,186.5197,6.341009
2025-11-02 20:00:00+00:00,178.26433,5.9427266
2025-11-02 21:00:00+00:00,174.64427,5.7852573
2025-11-02 22:00:00+00:00,165.52966,5.7628117
2025-11-02 23:00:00+00:00,184.39862,4.6938252
2025-11-03 00:00:00+00:00,119.357666,6.6087217
2025-11-03 01:00:00+00:00,138.27058,8.92408
2025-11-03 02:00:00+00:00,124.992096,6.59154
2025-11-03 03:00:00+00:00,143.74608,6.696387
2025-11-03 04:00:00+00:00,168.4399,8.083983
2025-11-03 05:00:00+00:00,188.32556,7.458606
2025-11-03 06:00:00+00:00,208.9509,9.668195
2025-11-03 07:00:00+00:00,225.67395,10.819482
2025-11-03 08:00:00+00:00,235.53912,11.13384
2025-11-03 09:00:00+00:00,241.87636,11.837652
2025-11-03 10:00:00+00:00,244.57317,12.157663
2025-11-03 11:00:00+00:00,250.6651,10.873251
2025-11-03 12:00:00+00:00,253.68607,7.689603
2025-11-03 13:00:00+00:00,236.82147,5.5916004
2025-11-03 14:00:00+00:00,211.60745,2.7475805
2025-11-03 15:00:00+00:00,231.34016,3.4576871
2025-11-03 16:00:00+00:00,190.78426,7.69592
2025-11-03 17:00:00+00:00,176.186,8.11798
2025-11-03 18:00:00+00:00,208.07239,6.12
2025-11-03 19:00:00+00:00,174.95764,6.1437774
2025-11-03 20:00:00+00:00,160.0168,6.320538
2025-11-03 21:00:00+00:00,151.8215,5.7176566
2025-11-03 22:00:00+00:00,191.30989,3.671294
2025-11-03 23:00:00+00:00,228.81418,1.9134263
2025-11-04 00:00:00+00:00,44.999897,2.0364676
2025-11-04 01:00:00+00:00,72.75845,5.4656014
2025-11-04 02:00:00+00:00,101.63361,6.2483597
2025-11-04 03:00:00+00:00,132.13753,5.0975285
2025-11-04 04:00:00+00:00,155.85446,5.7204895
2025-11-04 05:00:00+00:00,202.47948,5.6492476
2025-11-04 06:00:00+00:00,245.82089,9.668195
2025-11-04 07:00:00+00:00,264.2895,9.044888
2025-11-04 08:00:00+00:00,268.8309,8.821836
2025-11-04 09:00:00+00:00,278.88058,11.659777
2025-11-04 10:00:00+00:00,284.4208,13.009903
2025-11-04 11:00:00+00:00,296.9521,11.9140415
2025-11-04 12:00:00+00:00,303.6901,5.8409934
2025-11-04 13:00:00+00:00,329.74365,2.50064
2025-11-04 14:00:00+00:00,56.309914,0.6489992
2025-11-04 15:00:00+00:00,44.999897,1.5273507
2025-11-04 16:00:00+00:00,71.564964,0.56920993
2025-11-04 17:00:00+00:00,127.568665,2.9522195
2025-11-04 18:00:00+00:00,90.0,0.54
2025-11-04 19:00:00+00:00,99.46225,3.2846913
2025-11-04 20:00:00+00:00,90.0,3.06
2025-11-04 21:00:00+00:00,67.3801,2.3400002
2025-11-04 22:00:00+00:00,36.86999,1.8
2025-11-04 23:00:00+00:00,52.124958,2.0523157
2025-11-05 00:00:00+00:00,34.50859,3.494968
2025-11-05 01:00:00+00:00,81.57312,4.913044
2025-11-05 02:00:00+00:00,82.40546,5.4477882
2025-11-05 03:00:00+00:00,69.44388,4.613762
2025-11-05 04:00:00+00:00,57.264786,2.995797
2025-11-05 05:00:00+00:00,315.0001,0.76367533
2025-11-05 06:00:00+00:00,243.43501,3.62243
2025-11-05 07:00:00+00:00,258.3664,6.2483597
2025-11-05 08:00:00+00:00,268.6981,7.922045
2025-11-05 09:00:00+00:00,281.53458,9.0018
2025-11-05 10:00:00+00:00,293.83875,8.461915
2025-11-05 11:00:00+00:00,305.39487,8.39078
2025-11-05 12:00:00+00:00,309.47244,7.928177
2025-11-05 13:00:00+00:00,317.1211,6.8777895
2025-11-05 14:00:00+00:00,323.74606,6.696387
2025-11-05 15:00:00+00:00,332.176,7.327127
2025-11-05 16:00:00+00:00,354.2895,5.426933
2025-11-05 17:00:00+00:00,16.699326,5.637765
2025-11-05 18:00:00+00:00,19.798973,4.7827187
2025-11-05 19:00:00+00:00,16.699326,3.7585104
2025-11-05 20:00:00+00:00,29.054508,3.7064266
2025-11-05 21:00:00+00:00,51.009003,4.863332
2025-11-05 22:00:00+00:00,59.03632,4.198285
2025-11-05 23:00:00+00:00,58.671368,4.846648
2025-11-06 00:00:00+00:00,50.906155,3.710795
2025-11-06 01:00:00+00:00,63.435013,3.219938
2025-11-06 02:00:00+00:00,53.13002,4.5
2025-11-06 03:00:00+00:00,44.999897,3.0547013
2025-11-06 04:00:00+00:00,12.528798,3.319036
2025-11-06 05:00:00+00:00,352.40543,2.7238941
2025-11-06 06:00:00+00:00,351.4693,3.6402748
2025-11-06 07:00:00+00:00,296.56497,4.4274144
2025-11-06 08:00:00+00:00,310.46216,8.043805
2025-11-06 09:00:00+00:00,310.17917,10.601679
2025-11-06 10:00:00+00:00,323.9016,10.692969
2025-11-06 11:00:00+00:00,322.54935,10.656547
2025-11-06 12:00:00+00:00,326.3099,11.681987
2025-11-06 13:00:00+00:00,328.17258,12.287555
2025-11-06 14:00:00+00:00,338.36905,11.230904
2025-11-06 15:00:00+00:00,347.4712,9.9571085
2025-11-06 16:00:00+00:00,358.75467,8.281956
2025-11-06 17:00:00+00:00,357.79745,4.6834598
2025-11-06 18:00:00+00:00,7.12493,2.9024127
2025-11-06 19:00:00+00:00,351.02744,3.462369
2025-11-06 20:00:00+00:00,29.357658,3.3043609
2025-11-06 21:00:00+00:00,70.346085,2.6758924
2025-11-06 22:00:00+00:00,95.44024,3.7971036
2025-11-06 23:00:00+00:00,85.76369,4.8733153
2025-11-07 00:00:00+00:00,85.60138,4.6938252
2025-11-07 01:00:00+00:00,58.240574,4.4456716
2025-11-07 02:00:00+00:00,61.55718,4.913044
2025-11-07 03:00:00+00:00,72.25524,4.724786
2025-11-07 04:00:00+00:00,99.865746,4.2021422
2025-11-07 05:00:00+00:00,149.9315,3.9518096
2025-11-07 06:00:00+00:00,143.97253,2.4482648
2025-11-07 07:00:00+00:00,143.13002,0.9
2025-11-07 08:00:00+00:00,267.13766,3.604497
2025-11-07 09:00:00+00:00,264.61078,9.582359
2025-11-07 10:00:00+00:00,267.3575,11.712455
2025-11-07 11:00:00+00:00,300.06848,11.855429
2025-11-07 12:00:00+00:00,316.24527,11.712454
2025-11-07 13:00:00+00:00,328.17258,12.287555
2025-11-07 14:00:00+00:00,328.5705,11.391313
2025-11-07 15:00:00+00:00,342.824,10.3621235
2025-11-07 16:00:00+00:00,4.289077,7.2202215
2025-11-07 17:00:00+00:00,10.61961,5.8603754
2025-11-07 18:00:00+00:00,15.75124,7.293888
2025-11-07 19:00:00+00:00,5.7105074,7.2359104
2025-11-07 20:00:00+00:00,18.435053,7.3997297
2025-11-07 21:00:00+00:00,38.65983,5.7628117
2025-11-07 22:00:00+00:00,63.435013,5.634891
2025-11-07 23:00:00+00:00,58.570484,7.5942082
2025-11-08 00:00:00+00:00,47.64261,8.281956
2025-11-08 01:00:00+00:00,51.34017,8.067936
2025-11-08 02:00:00+00:00,45.85501,8.528657
2025-11-08 03:00:00+00:00,48.814175,7.653705
2025-11-08 04:00:00+00:00,53.13002,6.299999
2025-11-08 05:00:00+00:00,60.94549,7.4128532
2025-11-08 06:00:00+00:00,55.0079,8.78872
2025-11-08 07:00:00+00:00,25.201094,10.1456785
2025-11-08 08:00:00+00:00,12.528798,9.9571085
2025-11-08 09:00:00+00:00,345.14133,9.12513
2025-11-08 10:00:00+00:00,322.206,11.161451
2025-11-08 11:00:00+00:00,327.31946,11.334285
2025-11-08 12:00:00+00:00,321.34018,8.067936
2025-11-08 13:00:00+00:00,342.03076,7.0015144
2025-11-08 14:00:00+00:00,3.9908433,7.7588143
2025-11-08 15:00:00+00:00,14.381432,7.247096
2025-11-08 16:00:00+00:00,19.855309,6.889557
2025-11-08 17:00:00+00:00,16.189287,5.8104043
2025-11-08 18:00:00+00:00,10.007925,6.2145634
2025-11-08 19:00:00+00:00,358.45187,6.6624317
2025-11-08 20:00:00+00:00,348.92984,8.43699
2025-11-08 21:00:00+00:00,358.8767,9.181765
2025-11-08 22:00:00+00:00,357.7543,9.187056
2025-11-08 23:00:00+00:00,355.33322,8.849339
2025-11-09 00:00:00+00:00,43.26433,4.2021427
2025-11-09 01:00:00+00:00,52.431335,2.9522195
2025-11-09 02:00:00+00:00,38.65983,4.6102495
2025-11-09 03:00:00+00:00,26.564985,2.8174455
2025-11-09 04:00:00+00:00,12.99463,2.4014995
2025-11-09 05:00:00+00:00,323.97253,2.4482648
2025-11-09 06:00:00+00:00,295.82092,6.198903
2025-11-09 07:00:00+00:00,297.0505,9.499158
2025-11-09 08:00:00+00:00,299.74478,11.609651
2025-11-09 09:00:00+00:00,299.63828,12.011544
2025-11-09 10:00:00+00:00,302.68054,11.334285
2025-11-09 11:00:00+00:00,305.4171,9.939196
2025-11-09 12:00:00+00:00,305.9422,8.893166
2025-11-09 13:00:00+00:00,315.855,8.528657
2025-11-09 14:00:00+00:00,305.36255,6.8423676
2025-11-09 15:00:00+00:00,302.82855,6.6405115
2025-11-09 16:00:00+00:00,324.86572,5.9427266
2025-11-09 17:00:00+00:00,16.26028,4.5
2025-11-09 18:00:00+00:00,75.96373,2.968636
2025-11-09 19:00:00+00:00,97.12492,2.9024127
2025-11-09 20:00:00+00:00,104.93147,2.7943513
2025-11-09 21:00:00+00:00,109.440125,3.244996
2025-11-09 22:00:00+00:00,96.340096,3.2599385
2025-11-09 23:00:00+00:00,84.55976,3.7971036
2025-11-10 00:00:00+00:00,63.435013,4.4274144
2025-11-10 01:00:00+00:00,67.75093,4.278551
2025-11-10 02:00:00+00:00,60.255207,5.8048253
2025-11-10 03:00:00+00:00,59.03632,5.2478566
2025-11-10 04:00:00+00:00,76.50425,4.6277857
2025-11-10 05:00:00+00:00,102.99462,4.802999
2025-11-10 06:00:00+00:00,145.78424,5.441838
2025-11-10 07:00:00+00:00,186.91113,5.9834766
2025-11-10 08:00:00+00:00,214.07724,7.388775
2025-11-10 09:00:00+00:00,230.04251,8.688613
2025-11-10 10:00:00+00:00,242.15251,10.7894945
2025-11-10 11:00:00+00:00,253.03377,11.103243
2025-11-10 12:00:00+00:00,271.14572,9.0018
2025-11-10 13:00:00+00:00,289.23077,8.197414
2025-11-10 14:00:00+00:00,303.6901,6.489992
2025-11-10 15:00:00+00:00,313.83093,6.2379804
2025-11-10 16:00:00+00:00,324.86572,5.9427266
2025-11-10 17:00:00+00:00,24.227736,3.9477081
2025-11-10 18:00:00+00:00,35.537766,1.5484185
2025-11-10 19:00:00+00:00,125.537766,1.5484185
2025-11-10 20:00:00+00:00,170.53775,2.1897945
2025-11-10 21:00:00+00:00,158.19853,2.907989
2025-11-10 22:00:00+00:00,127.568665,2.9522195
2025-11-10 23:00:00+00:00,121.60746,2.7475805
2025-11-11 00:00:00+00:00,66.801384,2.7416782
2025-11-11 01:00:00+00:00,77.00539,4.802999
2025-11-11 02:00:00+00:00,76.75947,6.28713
2025-11-11 03:00:00+00:00,68.5522,5.414979
2025-11-11 04:00:00+00:00,70.90642,4.952453
2025-11-11 05:00:00+00:00,79.87539,5.1197267
2025-11-11 06:00:00+00:00,141.009,4.863332
2025-11-11 07:00:00+00:00,196.26028,4.5
2025-11-11 08:00:00+00:00,239.85869,6.452441
2025-11-11 09:00:00+00:00,266.76038,9.555271
2025-11-11 10:00:00+00:00,282.26477,12.710091
2025-11-11 11:00:00+00:00,299.21915,12.16832
2025-11-11 12:00:00+00:00,321.7455,11.919479
2025-11-11 13:00:00+00:00,337.79648,9.526405
2025-11-11 14:00:00+00:00,349.3804,8.790563
2025-11-11 15:00:00+00:00,353.01904,8.885877
2025-11-11 16:00:00+00:00,352.72507,8.528657
2025-11-11 17:00:00+00:00,14.036275,6.6794305
2025-11-11 18:00:00+00:00,4.8990126,6.3231
2025-11-11 19:00:00+00:00,17.650223,4.1556225
2025-11-11 20:00:00+00:00,43.152412,3.9477081
2025-11-11 21:00:00+00:00,38.290207,4.3573384
2025-11-11 22:00:00+00:00,24.145542,5.7204895
2025-11-11 23:00:00+00:00,27.216026,7.0843205
2025-11-12 00:00:00+00:00,53.13002,8.099999
2025-11-12 01:00:00+00:00,57.3391,8.338489
2025-11-12 02:00:00+00:00,57.619343,8.738811
2025-11-12 03:00:00+00:00,53.972538,7.344794
2025-11-12 04:00:00+00:00,58.29862,7.193247
2025-11-12 05:00:00+00:00,60.068577,6.854195
2025-11-12 06:00:00+00:00,59.264584,7.748368
2025-11-12 07:00:00+00:00,50.194473,5.6233797
2025-11-12 08:00:00+00:00,356.82022,3.244996
2025-11-12 09:00:00+00:00,323.97253,4.8965297
2025-11-12 10:00:00+00:00,316.5481,9.422101
2025-11-12 11:00:00+00:00,322.66672,13.356437
2025-11-12 12:00:00+00:00,326.65927,8.187527
2025-11-12 13:00:00+00:00,337.69376,7.587806
2025-11-12 14:00:00+00:00,353.54126,9.600937
2025-11-12 15:00:00+00:00,6.2257357,9.9587345
2025-11-12 16:00:00+00:00,15.350199,9.5196
2025-11-12 17:00:00+00:00,19.133741,9.335737
2025-11-12 18:00:00+00:00,25.407679,7.970972
2025-11-12 19:00:00+00:00,43.83095,6.2379804
2025-11-12 20:00:00+00:00,72.03077,7.0015144
2025-11-12 21:00:00+00:00,48.94529,7.3997297
2025-11-12 22:00:00+00:00,50.194473,8.435069
2025-11-12 23:00:00+00:00,54.057793,8.893166
2025-11-13 00:00:00+00:00,60.1012,8.305396
2025-11-13 01:00:00+00:00,64.5367,8.373386
2025-11-13 02:00:00+00:00,59.23736,8.797931
2025-11-13 03:00:00+00:00,60.802605,7.0107627
2025-11-13 04:00:00+00:00,66.80139,6.8541956
2025-11-13 05:00:00+00:00,68.83867,5.9834766
2025-11-13 06:00:00+00:00,79.69521,6.037383
2025-11-13 07:00:00+00:00,8.746089,2.36753
2025-11-13 08:00:00+00:00,318.01288,4.8433046
2025-11-13 09:00:00+00:00,313.995,7.256032
2025-11-13 10:00:00+00:00,318.36655,10.837435
2025-11-13 11:00:00+00:00,326.3099,13.6289835
2025-11-13 12:00:00+00:00,333.43503,11.269782
2025-11-13 13:00:00+00:00,340.9743,11.043261
2025-11-13 14:00:00+00:00,350.38034,10.7714615
2025-11-13 15:00:00+00:00,351.70294,8.731392
2025-11-13 16:00:00+00:00,349.21573,7.69592
2025-11-13 17:00:00+00:00,352.72507,8.528657
2025-11-13 18:00:00+00:00,7.274921,8.528657
2025-11-13 19:00:00+00:00,56.3099,4.542994
2025-11-13 20:00:00+00:00,83.48029,6.341009
2025-11-13 21:00:00+00:00,60.255207,5.8048253
2025-11-13 22:00:00+00:00,64.8852,6.361415
2025-11-13 23:00:00+00:00,56.768288,6.2405767
2025-11-14 00:00:00+00:00,54.46224,6.193674
2025-11-14 01:00:00+00:00,64.2901,5.3939967
2025-11-14 02:00:00+00:00,58.781662,6.945761
2025-11-14 03:00:00+00:00,54.46224,6.193674
2025-11-14 04:00:00+00:00,70.559875,6.489992
2025-11-14 05:00:00+00:00,86.09958,7.9383874
2025-11-14 06:00:00+00:00,103.671326,6.8541956
2025-11-14 07:00:00+00:00,150.9455,1.8532133
2025-11-14 08:00:00+00:00,262.5687,4.175069
2025-11-14 09:00:00+00:00,275.0795,8.131936
2025-11-14 10:00:00+00:00,279.61966,10.7714615
2025-11-14 11:00:00+00:00,283.0693,10.3480425
2025-11-14 12:00:00+00:00,308.45374,7.8149853
2025-11-14 13:00:00+00:00,326.3099,7.1389914
2025-11-14 14:00:00+00:00,344.6498,9.5196
2025-11-14 15:00:00+00:00,337.98865,9.12513
2025-11-14 16:00:00+00:00,336.16125,8.461915
2025-11-14 17:00:00+00:00,360.0,5.04
2025-11-14 18:00:00+00:00,44.999897,4.5820518
2025-11-14 19:00:00+00:00,90.0,5.04
2025-11-14 20:00:00+00:00,113.962494,3.5455887
2025-11-14 21:00:00+00:00,110.55612,4.613762
2025-11-14 22:00:00+00:00,64.35905,4.991553
2025-11-14 23:00:00+00:00,49.236485,6.8919086
2025-11-15 00:00:00+00:00,55.885483,6.7397914
2025-11-15 01:00:00+00:00,64.09355,7.0038276
2025-11-15 02:00:00+00:00,61.69934,7.973005
2025-11-15 03:00:00+00:00,66.80139,6.8541956
2025-11-15 04:00:00+00:00,79.28693,6.778141
2025-11-15 05:00:00+00:00,86.49654,8.836514
2025-11-15 06:00:00+00:00,102.26476,8.473393
2025-11-15 07:00:00+00:00,115.55992,4.5891175
2025-11-15 08:00:00+00:00,198.43504,2.2768397
2025-11-15 09:00:00+00:00,249.67677,5.1826253
2025-11-15 10:00:00+00:00,272.29056,9.007196
2025-11-15 11:00:00+00:00,276.5462,11.052058
2025-11-15 12:00:00+00:00,292.24908,8.557102
2025-11-15 13:00:00+00:00,320.1945,9.840914
2025-11-15 14:00:00+00:00,340.46326,11.841756
2025-11-15 15:00:00+00:00,339.341,11.734564
2025-11-15 16:00:00+00:00,352.18478,9.266067
2025-11-15 17:00:00+00:00,35.537766,6.193674
2025-11-15 18:00:00+00:00,77.660934,5.896202
2025-11-15 19:00:00+00:00,87.27374,3.7842832
2025-11-15 20:00:00+00:00,72.64589,3.01735
2025-11-15 21:00:00+00:00,57.528828,4.6938257
2025-11-15 22:00:00+00:00,54.293217,7.0934615
2025-11-15 23:00:00+00:00,51.51978,8.967541
2025-11-16 00:00:00+00:00,67.21756,9.761578
2025-11-16 01:00:00+00:00,62.04913,9.984729
2025-11-16 02:00:00+00:00,61.99092,9.582358
2025-11-16 03:00:00+00:00,65.37646,9.504273
2025-11-16 04:00:00+00:00,71.14675,7.7983837
2025-11-16 05:00:00+00:00,77.4712,9.9571085
2025-11-16 06:00:00+00:00,99.46225,9.854075
2025-11-16 07:00:00+00:00,107.19863,7.9138603
2025-11-16 08:00:00+00:00,103.39252,3.8856654
2025-11-16 09:00:00+00:00,309.28937,2.5582807
2025-11-16 10:00:00+00:00,309.47244,7.928177
2025-11-16 11:00:00+00:00,310.426,6.384293
2025-11-16 12:00:00+00:00,336.54095,10.399576
2025-11-16 13:00:00+00:00,342.072,12.864649
2025-11-16 14:00:00+00:00,332.3541,12.801531
2025-11-16 15:00:00+00:00,338.02542,11.063778
2025-11-16 16:00:00+00:00,17.744766,9.449572
2025-11-16 17:00:00+00:00,42.97864,10.825469
2025-11-16 18:00:00+00:00,61.55718,9.826088
2025-11-16 19:00:00+00:00,66.80139,6.8541956
2025-11-16 20:00:00+00:00,47.815628,7.7734165
2025-11-16 21:00:00+00:00,55.304783,8.53815
2025-11-16 22:00:00+00:00,59.981724,9.354806
2025-11-16 23:00:00+00:00,62.402794,8.936778
2025-11-17 00:00:00+00:00,67.557205,8.958504
2025-11-17 01:00:00+00:00,62.904526,8.694204
2025-11-17 02:00:00+00:00,67.10942,8.792405
2025-11-17 03:00:00+00:00,69.775055,7.289444
2025-11-17 04:00:00+00:00,80.75397,7.841888
2025-11-17 05:00:00+00:00,90.0,12.059999
2025-11-17 06:00:00+00:00,107.818985,10.587917
2025-11-17 07:00:00+00:00,124.07724,7.388775
2025-11-17 08:00:00+00:00,135.0001,4.072935
2025-11-17 09:00:00+00:00,299.74478,4.3536186
2025-11-17 10:00:00+00:00,307.208,12.204212
2025-11-17 11:00:00+00:00,306.20953,12.492829
2025-11-17 12:00:00+00:00,330.75128,15.472672
2025-11-17 13:00:00+00:00,344.43842,14.761098
2025-11-17 14:00:00+00:00,341.56494,15.937878
2025-11-17 15:00:00+00:00,338.33395,14.138882
2025-11-17 16:00:00+00:00,353.41815,9.422101
2025-11-17 17:00:00+00:00,35.311302,5.293959
2025-11-17 18:00:00+00:00,59.470375,8.149847
2025-11-17 19:00:00+00:00,80.78905,6.7469993
2025-11-17 20:00:00+00:00,61.55718,4.913044
2025-11-17 21:00:00+00:00,39.61066,6.7757506
2025-11-17 22:00:00+00:00,53.61555,8.4963045
2025-11-17 23:00:00+00:00,60.018444,10.805998
2025-11-18 00:00:00+00:00,65.72557,10.070353
2025-11-18 01:00:00+00:00,65.55606,8.699793
2025-11-18 02:00:00+00:00,64.48618,8.775807
2025-11-18 03:00:00+00:00,62.818974,7.4867883
2025-11-18 04:00:00+00:00,68.19853,7.754637
2025-11-18 05:00:00+00:00,77.09259,8.863972
2025-11-18 06:00:00+00:00,91.101685,9.36173
2025-11-18 07:00:00+00:00,106.31393,7.689603
2025-11-18 08:00:00+00:00,133.36346,4.4565907
2025-11-18 09:00:00+00:00,255.96373,1.484318
2025-11-18 10:00:00+00:00,300.25635,7.5019197
2025-11-18 11:00:00+00:00,302.61923,10.685391
2025-11-18 12:00:00+00:00,323.29706,12.348051
2025-11-18 13:00:00+00:00,337.27023,14.4415655
2025-11-18 14:00:00+00:00,343.65173,14.068816
2025-11-18 15:00:00+00:00,342.5119,13.776763
2025-11-18 16:00:00+00:00,341.56494,10.814989
2025-11-18 17:00:00+00:00,8.97255,6.924738
2025-11-18 18:00:00+00:00,29.5387,6.2067385
2025-11-18 19:00:00+00:00,91.46877,7.0223074
2025-11-18 20:00:00+00:00,79.28693,6.778141
2025-11-18 21:00:00+00:00,68.498505,6.384293
2025-11-18 22:00:00+00:00,59.03632,7.3469996
2025-11-18 23:00:00+00:00,53.67309,7.596341
2025-11-19 00:00:00+00:00,54.323517,8.641874
2025-11-19 01:00:00+00:00,57.77127,9.7880945
2025-11-19 02:00:00+00:00,58.52322,10.34178
2025-11-19 03:00:00+00:00,59.620956,12.10157
2025-11-19 04:00:00+00:00,67.10942,8.792405
2025-11-19 05:00:00+00:00,76.55138,8.513448
2025-11-19 06:00:00+00:00,79.99209,6.2145634
2025-11-19 07:00:00+00:00,80.53775,1.0948973
2025-11-19 08:00:00+00:00,272.6025,3.964089
2025-11-19 09:00:00+00:00,279.0394,8.019601
2025-11-19 10:00:00+00:00,293.9625,10.636766
2025-11-19 11:00:00+00:00,307.87503,12.313894
2025-11-19 12:00:00+00:00,319.49722,11.362834
2025-11-19 13:00:00+00:00,337.06787,10.163227
2025-11-19 14:00:00+00:00,344.3204,10.656547
2025-11-19 15:00:00+00:00,352.61404,9.801326
2025-11-19 16:00:00+00:00,5.8262515,8.865799
2025-11-19 17:00:00+00:00,6.581848,9.422101
2025-11-19 18:00:00+00:00,360.0,7.92
2025-11-19 19:00:00+00:00,11.3098955,6.424764
2025-11-19 20:00:00+00:00,59.93151,3.9518096
2025-11-19 21:00:00+00:00,62.24156,3.8647635
2025-11-19 22:00:00+00:00,53.13002,4.5
2025-11-19 23:00:00+00:00,55.713078,4.7928696
2025-11-20 00:00:00+00:00,49.398785,6.638072
2025-11-20 01:00:00+00:00,55.491425,6.989936
2025-11-20 02:00:00+00:00,58.627052,8.643749
2025-11-20 03:00:00+00:00,52.3057,10.009036
2025-11-20 04:00:00+00:00,62.818974,7.4867883
2025-11-20 05:00:00+00:00,72.40749,7.7420926
2025-11-20 06:00:00+00:00,88.21013,5.7628117
2025-11-20 07:00:00+00:00,270.0,0.35999998
2025-11-20 08:00:00+00:00,279.46225,4.379589
2025-11-20 09:00:00+00:00,283.39252,7.771331
2025-11-20 10:00:00+00:00,288.08353,9.278297
2025-11-20 11:00:00+00:00,299.98157,10.805998
2025-11-20 12:00:00+00:00,304.9921,8.78872
2025-11-20 13:00:00+00:00,324.21094,9.5416975
2025-11-20 14:00:00+00:00,330.85202,10.717182
2025-11-20 15:00:00+00:00,334.204,11.995349
2025-11-20 16:00:00+00:00,340.6651,10.873251
2025-11-20 17:00:00+00:00,349.3804,8.790563
2025-11-20 18:00:00+00:00,6.9528637,7.4346757
2025-11-20 19:00:00+00:00,67.16631,3.710795
2025-11-20 20:00:00+00:00,76.75947,3.143565
2025-11-20 21:00:00+00:00,53.972538,4.8965297
2025-11-20 22:00:00+00:00,54.46224,4.6452556
2025-11-20 23:00:00+00:00,60.255207,5.8048253
2025-11-21 00:00:00+00:00,62.744755,6.6818557
2025-11-21 01:00:00+00:00,62.818974,7.4867883
2025-11-21 02:00:00+00:00,59.470375,8.149847
2025-11-21 03:00:00+00:00,64.855255,9.743304
2025-11-21 04:00:00+00:00,77.00539,7.2044983
2025-11-21 05:00:00+00:00,83.92764,8.507737
2025-11-21 06:00:00+00:00,97.94338,7.814986
2025-11-21 07:00:00+00:00,116.56499,5.2323985
2025-11-21 08:00:00+00:00,227.72638,2.6758924
2025-11-21 09:00:00+00:00,259.56256,6.9550843
2025-11-21 10:00:00+00:00,271.90912,10.805999
2025-11-21 11:00:00+00:00,290.6745,10.196647
2025-11-21 12:00:00+00:00,313.56796,10.185519
2025-11-21 13:00:00+00:00,330.64233,9.913082
2025-11-21 14:00:00+00:00,337.06787,10.163227
2025-11-21 15:00:00+00:00,342.1496,11.157097
2025-11-21 16:00:00+00:00,347.36664,10.699028
2025-11-21 17:00:00+00:00,360.0,7.92
2025-11-21 18:00:00+00:00,22.61991,4.6800003
2025-11-21 19:00:00+00:00,29.357658,3.3043609
2025-11-21 20:00:00+00:00,29.357658,3.3043609
2025-11-21 21:00:00+00:00,50.906155,3.710795
2025-11-21 22:00:00+00:00,44.999897,4.5820518
2025-11-21 23:00:00+00:00,49.185013,5.2323985
2025-11-22 00:00:00+00:00,55.175446,5.0432134
2025-11-22 01:00:00+00:00,60.75127,5.1575575
2025-11-22 02:00:00+00:00,57.264786,5.991594
2025-11-22 03:00:00+00:00,58.736336,5.896202
2025-11-22 04:00:00+00:00,87.70944,4.503598
2025-11-22 05:00:00+00:00,110.32322,5.1826253
2025-11-22 06:00:00+00:00,184.23631,4.8733153
2025-11-22 07:00:00+00:00,224.9999,7.127636
2025-11-22 08:00:00+00:00,245.05612,8.536252
2025-11-22 09:00:00+00:00,258.23172,8.825508
2025-11-22 10:00:00+00:00,273.3018,9.375563
2025-11-22 11:00:00+00:00,292.20352,9.526405
2025-11-22 12:00:00+00:00,303.6901,8.43699
2025-11-22 13:00:00+00:00,322.3523,7.9567327
2025-11-22 14:00:00+00:00,315.83023,8.783189
2025-11-22 15:00:00+00:00,320.4774,9.3340025
2025-11-22 16:00:00+00:00,350.53775,6.5693827
2025-11-22 17:00:00+00:00,55.304783,5.692099
2025-11-22 18:00:00+00:00,47.290634,3.1845248
2025-11-22 19:00:00+00:00,55.304783,2.8460495
2025-11-22 20:00:00+00:00,39.289394,2.5582807
2025-11-22 21:00:00+00:00,22.61991,2.3400002
2025-11-22 22:00:00+00:00,37.568665,2.9522195
2025-11-22 23:00:00+00:00,57.99466,3.396233
2025-11-23 00:00:00+00:00,356.98727,3.4247334
2025-11-23 01:00:00+00:00,47.489597,2.9301877
2025-11-23 02:00:00+00:00,46.636536,4.4565907
2025-11-23 03:00:00+00:00,30.068504,3.9518096
2025-11-23 04:00:00+00:00,3.3664,3.0652895
2025-11-23 05:00:00+00:00,337.3801,2.3400002
2025-11-23 06:00:00+00:00,256.75946,3.143565
2025-11-23 07:00:00+00:00,263.29025,6.162207
2025-11-23 08:00:00+00:00,267.70944,9.007196
2025-11-23 09:00:00+00:00,281.5138,9.919618
2025-11-23 10:00:00+00:00,302.1957,11.4862
2025-11-23 11:00:00+00:00,318.14505,11.599879
2025-11-23 12:00:00+00:00,321.009,9.726664
2025-11-23 13:00:00+00:00,328.24057,8.891343
2025-11-23 14:00:00+00:00,334.53668,8.373386
2025-11-23 15:00:00+00:00,342.97937,9.224011
2025-11-23 16:00:00+00:00,357.6141,8.647496
2025-11-23 17:00:00+00:00,23.498587,4.514377
2025-11-23 18:00:00+00:00,11.3098955,1.835647
2025-11-23 19:00:00+00:00,333.43503,2.0124612
2025-11-23 20:00:00+00:00,333.43503,2.4149535
2025-11-23 21:00:00+00:00,338.19852,2.907989
2025-11-23 22:00:00+00:00,357.13766,3.604497
2025-11-23 23:00:00+00:00,8.746089,4.73506
2025-11-24 00:00:00+00:00,17.102825,2.4482646
2025-11-24 01:00:00+00:00,32.905247,3.6447225
2025-11-24 02:00:00+00:00,50.440376,5.369916
2025-11-24 03:00:00+00:00,33.6901,3.8939953
2025-11-24 04:00:00+00:00,17.354122,3.01735
2025-11-24 05:00:00+00:00,343.61038,3.189608
2025-11-24 06:00:00+00:00,308.15726,3.2048087
2025-11-24 07:00:00+00:00,287.87878,5.8631387
2025-11-24 08:00:00+00:00,282.9074,8.863972
2025-11-24 09:00:00+00:00,292.47946,11.298495
2025-11-24 10:00:00+00:00,312.614,12.229406
2025-11-24 11:00:00+00:00,321.07245,12.031756
2025-11-24 12:00:00+00:00,320.31458,10.993271
2025-11-24 13:00:00+00:00,329.03632,11.545284
2025-11-24 14:00:00+00:00,337.5205,11.298495
2025-11-24 15:00:00+00:00,354.19336,10.674773
2025-11-24 16:00:00+00:00,10.007925,6.2145634
2025-11-24 17:00:00+00:00,347.4712,3.319036
2025-11-24 18:00:00+00:00,333.43503,5.2323985
2025-11-24 19:00:00+00:00,2.2025495,4.6834598
2025-11-24 20:00:00+00:00,355.76367,4.8733153
2025-11-24 21:00:00+00:00,355.03033,4.1556225
2025-11-24 22:00:00+00:00,353.6599,4.8899083
2025-11-24 23:00:00+00:00,358.0251,5.223103
2025-11-25 00:00:00+00:00,344.6237,7.4672885
2025-11-25 01:00:00+00:00,7.3056703,7.0774574
2025-11-25 02:00:00+00:00,39.400646,6.522361
2025-11-25 03:00:00+00:00,48.366554,4.3349743
2025-11-25 04:00:00+00:00,35.217674,3.745557
2025-11-25 05:00:00+00:00,360.0,1.98
2025-11-25 06:00:00+00:00,264.80566,1.9881649
2025-11-25 07:00:00+00:00,251.56496,5.12289
2025-11-25 08:00:00+00:00,266.09958,7.9383874
2025-11-25 09:00:00+00:00,281.3099,9.178235
2025-11-25 10:00:00+00:00,297.64587,8.534353
2025-11-25 11:00:00+00:00,300.96368,8.39657
2025-11-25 12:00:00+00:00,296.56497,8.049845
2025-11-25 13:00:00+00:00,317.4896,8.790563
2025-11-25 14:00:00+00:00,327.72437,8.0899935
2025-11-25 15:00:00+00:00,343.44284,6.9480934
2025-11-25 16:00:00+00:00,13.324542,7.029225
2025-11-25 17:00:00+00:00,33.6901,3.244996
2025-11-25 18:00:00+00:00,44.999897,2.0364676
2025-11-25 19:00:00+00:00,26.564985,1.609969
2025-11-25 20:00:00+00:00,48.366554,2.1674871
2025-11-25 21:00:00+00:00,355.91446,2.5264204
2025-11-25 22:00:00+00:00,344.7448,2.0523157
2025-11-25 23:00:00+00:00,44.999897,1.5273507
2025-11-26 00:00:00+00:00,61.389645,2.2553935
2025-11-26 01:00:00+00:00,354.2895,1.8089776
2025-11-26 02:00:00+00:00,350.13425,4.2021422
2025-11-26 03:00:00+00:00,32.471172,2.3469129
2025-11-26 04:00:00+00:00,54.46224,1.5484185
2025-11-26 05:00:00+00:00,155.55606,2.1749482
2025-11-26 06:00:00+00:00,194.03627,4.452954
2025-11-26 07:00:00+00:00,215.53777,6.193674
2025-11-26 08:00:00+00:00,229.68597,7.7900705
2025-11-26 09:00:00+00:00,249.19313,9.627896
2025-11-26 10:00:00+00:00,274.68582,11.016824
2025-11-26 11:00:00+00:00,297.8972,10.387107
2025-11-26 12:00:00+00:00,299.35767,9.913082
2025-11-26 13:00:00+00:00,309.0355,8.574123
2025-11-26 14:00:00+00:00,324.2932,7.0934615
2025-11-26 15:00:00+00:00,327.52884,7.0407386
2025-11-26 16:00:00+00:00,4.6353807,6.6818557
2025-11-26 17:00:00+00:00,17.744766,4.724786
2025-11-26 18:00:00+00:00,351.87,2.5455842
2025-11-26 19:00:00+00:00,20.556128,3.0758414
2025-11-26 20:00:00+00:00,38.290207,4.3573384
2025-11-26 21:00:00+00:00,73.300674,3.7585104
2025-11-26 22:00:00+00:00,56.3099,3.244996
2025-11-26 23:00:00+00:00,49.085716,3.572898
2025-11-27 00:00:00+00:00,37.875042,6.156947
2025-11-27 01:00:00+00:00,43.53127,4.965521
2025-11-27 02:00:00+00:00,43.7812,5.983477
2025-11-27 03:00:00+00:00,51.842735,6.4096174
2025-11-27 04:00:00+00:00,77.79955,6.8138976
2025-11-27 05:00:00+00:00,103.57046,10.739833
2025-11-27 06:00:00+00:00,131.2846,9.82114
2025-11-27 07:00:00+00:00,142.59457,7.7043357
2025-11-27 08:00:00+00:00,171.57312,4.913044
2025-11-27 09:00:00+00:00,223.66785,5.4744864
2025-11-27 10:00:00+00:00,257.00537,12.007498
2025-11-27 11:00:00+00:00,282.5288,13.276144
2025-11-27 12:00:00+00:00,275.19434,9.9408245
2025-11-27 13:00:00+00:00,293.1986,8.225035
2025-11-27 14:00:00+00:00,319.53784,8.043805
2025-11-27 15:00:00+00:00,340.70987,7.628263
2025-11-27 16:00:00+00:00,350.75397,7.841888
2025-11-27 17:00:00+00:00,349.28693,6.778141
2025-11-27 18:00:00+00:00,337.75092,8.557102
2025-11-27 19:00:00+00:00,360.0,5.04
2025-11-27 20:00:00+00:00,25.016869,2.97953
2025-11-27 21:00:00+00:00,53.13002,2.6999998
2025-11-27 22:00:00+00:00,63.435013,2.8174455
2025-11-27 23:00:00+00:00,38.157276,3.2048087
2025-11-28 00:00:00+00:00,48.99101,5.48631
2025-11-28 01:00:00+00:00,56.725105,6.889557
2025-11-28 02:00:00+00:00,57.42595,7.689603
2025-11-28 03:00:00+00:00,63.435013,6.8423676
2025-11-28 04:00:00+00:00,79.04598,5.6835546
2025-11-28 05:00:00+00:00,99.21095,6.7469993
2025-11-28 06:00:00+00:00,101.560104,8.083983
2025-11-28 07:00:00+00:00,108.43504,3.4152596
2025-11-28 08:00:00+00:00,285.94547,3.9312592
2025-11-28 09:00:00+00:00,282.9074,8.863972
2025-11-28 10:00:00+00:00,275.49222,9.403169
2025-11-28 11:00:00+00:00,289.0936,9.904906
2025-11-28 12:00:00+00:00,295.60214,9.580668
2025-11-28 13:00:00+00:00,319.28925,10.210936
2025-11-28 14:00:00+00:00,341.00323,11.612441
2025-11-28 15:00:00+00:00,339.14545,12.134992
2025-11-28 16:00:00+00:00,342.64587,12.0694
2025-11-28 17:00:00+00:00,347.73523,8.473393
2025-11-28 18:00:00+00:00,4.289077,7.2202215
2025-11-28 19:00:00+00:00,37.875042,6.156947
2025-11-28 20:00:00+00:00,45.939102,7.7650757
2025-11-28 21:00:00+00:00,53.13002,9.0
2025-11-28 22:00:00+00:00,63.435013,9.659814
2025-11-28 23:00:00+00:00,65.29759,9.906544
2025-11-29 00:00:00+00:00,58.240574,8.891343
2025-11-29 01:00:00+00:00,61.782738,8.37532
2025-11-29 02:00:00+00:00,70.01681,8.427383
2025-11-29 03:00:00+00:00,78.40785,7.1661706
2025-11-29 04:00:00+00:00,79.56258,6.9550843
2025-11-29 05:00:00+00:00,81.11942,5.8298883
2025-11-29 06:00:00+00:00,102.99462,2.4014995
2025-11-29 07:00:00+00:00,291.80148,0.9693296
2025-11-29 08:00:00+00:00,300.06848,3.9518096
2025-11-29 09:00:00+00:00,294.14554,5.7204895
2025-11-29 10:00:00+00:00,296.0033,8.211235
2025-11-29 11:00:00+00:00,299.60434,9.109138
2025-11-29 12:00:00+00:00,299.98157,5.402999
2025-11-29 13:00:00+00:00,321.8427,6.4096174
2025-11-29 14:00:00+00:00,345.9637,7.42159
2025-11-29 15:00:00+00:00,21.801476,7.754637
2025-11-29 16:00:00+00:00,43.69813,11.203464
2025-11-29 17:00:00+00:00,52.594578,11.556504
2025-11-29 18:00:00+00:00,62.904526,8.694204
2025-11-29 19:00:00+00:00,60.255207,7.256032
2025-11-29 20:00:00+00:00,67.8905,6.21717
2025-11-29 21:00:00+00:00,59.620956,6.050785
2025-11-29 22:00:00+00:00,64.8852,6.361415
2025-11-29 23:00:00+00:00,66.37061,6.28713
2025-11-30 00:00:00+00:00,70.640915,7.0591216
2025-11-30 01:00:00+00:00,64.133705,6.601363
2025-11-30 02:00:00+00:00,64.72231,7.16617
2025-11-30 03:00:00+00:00,63.435013,6.8423676
2025-11-30 04:00:00+00:00,71.564964,5.12289
2025-11-30 05:00:00+00:00,81.02746,3.462369
2025-11-30 06:00:00+00:00,95.19434,3.9763298
2025-11-30 07:00:00+00:00,108.43504,1.7076298
2025-11-30 08:00:00+00:00,284.93146,2.7943513
2025-11-30 09:00:00+00:00,290.95584,9.059205
2025-11-30 10:00:00+00:00,291.63095,11.230904
2025-11-30 11:00:00+00:00,302.82855,13.281023
2025-11-30 12:00:00+00:00,306.15826,11.592894
2025-11-30 13:00:00+00:00,328.70703,10.742848
2025-11-30 14:00:00+00:00,336.12473,12.007498
2025-11-30 15:00:00+00:00,340.09616,11.103243
2025-11-30 16:00:00+00:00,339.6768,10.365251
2025-11-30 17:00:00+00:00,2.1210518,4.8633323
2025-11-30 18:00:00+00:00,49.085716,3.572898
2025-11-30 19:00:00+00:00,71.564964,3.9844694
2025-11-30 20:00:00+00:00,77.4712,6.638072
2025-11-30 21:00:00+00:00,63.435013,4.4274144
2025-11-30 22:00:00+00:00,61.389645,4.510787
2025-11-30 23:00:00+00:00,59.300358,6.698806
2025-12-01 00:00:00+00:00,62.783974,7.0843205
2025-12-01 01:00:00+00:00,61.821507,5.7176566
2025-12-01 02:00:00+00:00,59.300358,6.698806
2025-12-01 03:00:00+00:00,51.51978,8.967541
2025-12-01 04:00:00+00:00,60.42226,7.6579366
2025-12-01 05:00:00+00:00,71.20003,8.936777
2025-12-01 06:00:00+00:00,77.125,6.4624763
2025-12-01 07:00:00+00:00,8.130019,2.5455842
2025-12-01 08:00:00+00:00,306.25394,6.696387
2025-12-01 09:00:00+00:00,303.147,10.534229
2025-12-01 10:00:00+00:00,307.33328,13.356437
2025-12-01 11:00:00+00:00,313.89838,13.239486
2025-12-01 12:00:00+00:00,318.09415,9.432412
2025-12-01 13:00:00+00:00,334.48618,8.775807
2025-12-01 14:00:00+00:00,342.97937,9.224011
2025-12-01 15:00:00+00:00,349.07724,10.449306
2025-12-01 16:00:00+00:00,356.34784,8.477216
2025-12-01 17:00:00+00:00,14.036275,3.710795
2025-12-01 18:00:00+00:00,19.653913,2.6758924
2025-12-01 19:00:00+00:00,336.8014,1.3708391
2025-12-01 20:00:00+00:00,344.05453,1.3104197
2025-12-01 21:00:00+00:00,36.86998,2.6999998
2025-12-01 22:00:00+00:00,26.564985,2.8174455
2025-12-01 23:00:00+00:00,32.005356,3.396233
2025-12-02 00:00:00+00:00,33.6901,5.1919937
2025-12-02 01:00:00+00:00,35.537766,4.6452556
2025-12-02 02:00:00+00:00,36.528946,6.048107
2025-12-02 03:00:00+00:00,37.875042,6.156947
2025-12-02 04:00:00+00:00,39.289394,5.1165614
2025-12-02 05:00:00+00:00,25.016869,5.95906
2025-12-02 06:00:00+00:00,17.241547,5.4656014
2025-12-02 07:00:00+00:00,358.09088,5.4029994
2025-12-02 08:00:00+00:00,337.93204,7.186487
2025-12-02 09:00:00+00:00,322.69595,9.504272
2025-12-02 10:00:00+00:00,316.70132,12.86087
2025-12-02 11:00:00+00:00,318.14505,11.599879
2025-12-02 12:00:00+00:00,308.08884,8.461915
2025-12-02 13:00:00+00:00,320.7106,10.233123
2025-12-02 14:00:00+00:00,336.92957,10.564942
2025-12-02 15:00:00+00:00,342.58194,9.621163
2025-12-02 16:00:00+00:00,350.75397,7.841888
2025-12-02 17:00:00+00:00,357.13766,7.208994
2025-12-02 18:00:00+00:00,348.40787,7.1661706
2025-12-02 19:00:00+00:00,9.090207,4.5572357
2025-12-02 20:00:00+00:00,15.255177,4.1046314
2025-12-02 21:00:00+00:00,20.136398,5.7515564
2025-12-02 22:00:00+00:00,32.73523,5.991594
2025-12-02 23:00:00+00:00,40.601215,6.638072
2025-12-03 00:00:00+00:00,54.63746,6.8423676
2025-12-03 01:00:00+00:00,57.094753,7.289445
2025-12-03 02:00:00+00:00,50.792812,8.827344
2025-12-03 03:00:00+00:00,52.73353,10.404249
2025-12-03 04:00:00+00:00,61.294147,8.6193495
2025-12-03 05:00:00+00:00,69.04415,9.059205
2025-12-03 06:00:00+00:00,74.931465,9.6932955
2025-12-03 07:00:00+00:00,65.432846,6.9270773
2025-12-03 08:00:00+00:00,40.236294,3.0652893
2025-12-03 09:00:00+00:00,296.56497,2.0124612
2025-12-03 10:00:00+00:00,295.34613,7.5685663
2025-12-03 11:00:00+00:00,308.51697,11.272657
2025-12-03 12:00:00+00:00,319.28925,10.210936
2025-12-03 13:00:00+00:00,334.2307,11.592895
2025-12-03 14:00:00+00:00,345.5559,12.267762
2025-12-03 15:00:00+00:00,350.8377,11.304229
2025-12-03 16:00:00+00:00,342.18103,10.587917
2025-12-03 17:00:00+00:00,21.194136,9.459852
2025-12-03 18:00:00+00:00,44.999897,7.127636
2025-12-03 19:00:00+00:00,60.255207,5.8048253
2025-12-03 20:00:00+00:00,51.842735,6.4096174
2025-12-03 21:00:00+00:00,51.911175,8.461915
2025-12-03 22:00:00+00:00,59.23736,8.797931
2025-12-03 23:00:00+00:00,56.659275,8.187527
2025-12-04 00:00:00+00:00,56.309914,8.43699
2025-12-04 01:00:00+00:00,57.528828,9.387651
2025-12-04 02:00:00+00:00,60.852028,10.717182
2025-12-04 03:00:00+00:00,66.80139,9.595874
2025-12-04 04:00:00+00:00,72.299484,8.880405
2025-12-04 05:00:00+00:00,75.73545,10.957847
2025-12-04 06:00:00+00:00,85.98591,10.285232
2025-12-04 07:00:00+00:00,78.40785,7.1661706
2025-12-04 08:00:00+00:00,32.275623,4.0449967
2025-12-04 09:00:00+00:00,326.3099,5.1919937
2025-12-04 10:00:00+00:00,323.13,8.099999
2025-12-04 11:00:00+00:00,326.5346,12.730468
2025-12-04 12:00:00+00:00,336.8014,10.966713
2025-12-04 13:00:00+00:00,342.34976,12.466867
2025-12-04 14:00:00+00:00,351.02744,13.849476
2025-12-04 15:00:00+00:00,344.96213,12.487641
2025-12-04 16:00:00+00:00,343.3007,11.27553
2025-12-04 17:00:00+00:00,360.0,9.9
2025-12-04 18:00:00+00:00,22.89059,8.792405
2025-12-04 19:00:00+00:00,46.789886,8.149847
2025-12-04 20:00:00+00:00,72.07199,6.4323244
2025-12-04 21:00:00+00:00,53.67309,7.596341
2025-12-04 22:00:00+00:00,50.52757,7.928177
2025-12-04 23:00:00+00:00,60.524208,9.511088
2025-12-05 00:00:00+00:00,58.5705,11.391313
2025-12-05 01:00:00+00:00,61.03244,11.521406
2025-12-05 02:00:00+00:00,61.389645,11.276968
2025-12-05 03:00:00+00:00,65.46229,9.102021
2025-12-05 04:00:00+00:00,74.53873,8.777653
2025-12-05 05:00:00+00:00,78.50347,10.837435
2025-12-05 06:00:00+00:00,87.089226,10.63372
2025-12-05 07:00:00+00:00,90.0,7.5599995
2025-12-05 08:00:00+00:00,55.491425,3.494968
2025-12-05 09:00:00+00:00,335.37646,4.7521367
2025-12-05 10:00:00+00:00,335.55606,8.699793
2025-12-05 11:00:00+00:00,335.85446,11.440979
2025-12-05 12:00:00+00:00,343.66388,10.8792095
2025-12-05 13:00:00+00:00,339.81412,13.040997
2025-12-05 14:00:00+00:00,337.01126,12.904882
2025-12-05 15:00:00+00:00,352.09293,13.084402
2025-12-05 16:00:00+00:00,12.154927,11.968308
2025-12-05 17:00:00+00:00,23.57473,10.8015
2025-12-05 18:00:00+00:00,52.883057,8.3520775
2025-12-05 19:00:00+00:00,47.602623,5.6060677
2025-12-05 20:00:00+00:00,53.426876,6.9480934
2025-12-05 21:00:00+00:00,59.470375,8.149847
2025-12-05 22:00:00+00:00,58.46526,9.292255
2025-12-05 23:00:00+00:00,60.524208,9.511088
2025-12-06 00:00:00+00:00,60.25522,10.158444
2025-12-06 01:00:00+00:00,60.018444,10.805998
2025-12-06 02:00:00+00:00,63.435013,10.8672905
2025-12-06 03:00:00+00:00,62.927998,9.096681
2025-12-06 04:00:00+00:00,75.677246,8.731391
2025-12-06 05:00:00+00:00,80.70677,10.03167
2025-12-06 06:00:00+00:00,94.39862,9.3876505
2025-12-06 07:00:00+00:00,86.82024,6.489992
2025-12-06 08:00:00+00:00,333.43503,2.0124612
2025-12-06 09:00:00+00:00,304.9921,6.59154
2025-12-06 10:00:00+00:00,298.70584,8.6193495
2025-12-06 11:00:00+00:00,320.59937,13.044722
2025-12-06 12:00:00+00:00,321.78894,10.766949
2025-12-06 13:00:00+00:00,337.71436,11.866355
2025-12-06 14:00:00+00:00,343.83542,12.931218
2025-12-06 15:00:00+00:00,344.6044,12.882267
2025-12-06 16:00:00+00:00,340.70987,11.442394
2025-12-06 17:00:00+00:00,350.13425,8.4042845
2025-12-06 18:00:00+00:00,1.4320632,7.2022495
2025-12-06 19:00:00+00:00,47.72637,5.3517847
2025-12-06 20:00:00+00:00,58.736336,5.896202
2025-12-06 21:00:00+00:00,51.34017,6.9153743
2025-12-06 22:00:00+00:00,60.1012,8.305396
2025-12-06 23:00:00+00:00,75.37909,8.557102
2025-12-07 00:00:00+00:00,67.3801,7.0199995
2025-12-07 01:00:00+00:00,54.46224,7.7420926
2025-12-07 02:00:00+00:00,57.264786,8.9873905
2025-12-07 03:00:00+00:00,65.55606,8.699793
2025-12-07 04:00:00+00:00,67.16631,7.42159
2025-12-07 05:00:00+00:00,77.4712,8.297589
2025-12-07 06:00:00+00:00,96.70974,9.243311
2025-12-07 07:00:00+00:00,122.00535,8.490582
2025-12-07 08:00:00+00:00,158.5522,5.414979
2025-12-07 09:00:00+00:00,221.82008,4.5891175
2025-12-07 10:00:00+00:00,258.9063,9.354806
2025-12-07 11:00:00+00:00,285.81924,11.225132
2025-12-07 12:00:00+00:00,316.33215,10.948973
2025-12-07 13:00:00+00:00,330.25522,10.158444
2025-12-07 14:00:00+00:00,333.01984,11.1090765
2025-12-07 15:00:00+00:00,340.55988,12.979984
2025-12-07 16:00:00+00:00,346.17133,12.049249
2025-12-07 17:00:00+00:00,350.9098,9.114471
2025-12-07 18:00:00+00:00,347.19574,8.12197
2025-12-07 19:00:00+00:00,18.435053,3.9844694
2025-12-07 20:00:00+00:00,28.610369,2.2553935
2025-12-07 21:00:00+00:00,35.537766,1.5484185
2025-12-07 22:00:00+00:00,57.99466,3.396233
2025-12-07 23:00:00+00:00,53.13002,5.3999996
2025-12-08 00:00:00+00:00,58.570484,7.5942082
2025-12-08 01:00:00+00:00,60.802605,7.0107627
2025-12-08 02:00:00+00:00,61.294147,8.6193495
2025-12-08 03:00:00+00:00,68.428635,8.322932
2025-12-08 04:00:00+00:00,78.996506,6.601363
2025-12-08 05:00:00+00:00,88.4926,6.8423676
2025-12-08 06:00:00+00:00,94.08554,7.579261
2025-12-08 07:00:00+00:00,107.650215,4.1556225
2025-12-08 08:00:00+00:00,265.60138,2.3469126
2025-12-08 09:00:00+00:00,276.78888,7.613382
2025-12-08 10:00:00+00:00,282.72437,11.440978
2025-12-08 11:00:00+00:00,293.5747,10.8015
2025-12-08 12:00:00+00:00,311.71066,11.091564
2025-12-08 13:00:00+00:00,336.68225,11.368535
2025-12-08 14:00:00+00:00,340.0835,13.210087
2025-12-08 15:00:00+00:00,339.35294,13.272482
2025-12-08 16:00:00+00:00,349.8754,10.239453
2025-12-08 17:00:00+00:00,30.465475,3.550155
2025-12-08 18:00:00+00:00,42.709366,3.1845248
2025-12-08 19:00:00+00:00,26.564985,5.634891
2025-12-08 20:00:00+00:00,56.3099,6.489992
2025-12-08 21:00:00+00:00,58.781662,6.945761
2025-12-08 22:00:00+00:00,64.65388,7.5685663
2025-12-08 23:00:00+00:00,64.09355,7.0038276
2025-12-09 00:00:00+00:00,61.26031,6.3639607
2025-12-09 01:00:00+00:00,48.366554,6.502461
2025-12-09 02:00:00+00:00,49.267986,8.55142
2025-12-09 03:00:00+00:00,55.0079,8.78872
2025-12-09 04:00:00+00:00,60.018444,5.402999
2025-12-09 05:00:00+00:00,71.564964,3.9844694
2025-12-09 06:00:00+00:00,81.86999,5.0911684
2025-12-09 07:00:00+00:00,93.270424,6.310277
2025-12-09 08:00:00+00:00,48.01287,2.4216523
2025-12-09 09:00:00+00:00,315.0001,4.8366103
2025-12-09 10:00:00+00:00,314.3098,10.564941
2025-12-09 11:00:00+00:00,326.56012,11.43248
2025-12-09 12:00:00+00:00,340.49747,9.165871
2025-12-09 13:00:00+00:00,355.31418,11.016824
2025-12-09 14:00:00+00:00,358.977,10.081606
2025-12-09 15:00:00+00:00,12.308005,10.132897
2025-12-09 16:00:00+00:00,33.023872,8.587338
2025-12-09 17:00:00+00:00,56.611465,9.485504
2025-12-09 18:00:00+00:00,61.60708,7.570707
2025-12-09 19:00:00+00:00,55.560955,7.6388745
2025-12-09 20:00:00+00:00,52.523746,6.804381
2025-12-09 21:00:00+00:00,49.53785,8.043805
2025-12-09 22:00:00+00:00,50.194473,8.435069
2025-12-09 23:00:00+00:00,47.419548,9.044888
2025-12-10 00:00:00+00:00,49.398785,8.297589
2025-12-10 01:00:00+00:00,60.708733,8.461914
2025-12-10 02:00:00+00:00,55.304783,8.53815
2025-12-10 03:00:00+00:00,51.709793,8.714677
2025-12-10 04:00:00+00:00,66.03751,5.318383
2025-12-10 05:00:00+00:00,70.01681,4.2136917
2025-12-10 06:00:00+00:00,43.36347,4.4565907
2025-12-10 07:00:00+00:00,53.84173,5.796447
2025-12-10 08:00:00+00:00,360.0,3.7799997
2025-12-10 09:00:00+00:00,305.31128,5.293959
2025-12-10 10:00:00+00:00,304.28693,9.585739
2025-12-10 11:00:00+00:00,320.82635,12.538134
2025-12-10 12:00:00+00:00,316.27295,11.457958
2025-12-10 13:00:00+00:00,329.80847,11.453715
2025-12-10 14:00:00+00:00,332.9692,9.901636
2025-12-10 15:00:00+00:00,352.40543,8.171683
2025-12-10 16:00:00+00:00,14.381432,7.247096
2025-12-10 17:00:00+00:00,40.314034,7.7900705
2025-12-10 18:00:00+00:00,48.366554,6.502461
2025-12-10 19:00:00+00:00,53.84173,5.796447
2025-12-10 20:00:00+00:00,62.65021,5.8769383
2025-12-10 21:00:00+00:00,53.13002,7.2
2025-12-10 22:00:00+00:00,46.789886,8.149847
2025-12-10 23:00:00+00:00,40.462154,8.043805
2025-12-11 00:00:00+00:00,50.792812,8.827344
2025-12-11 01:00:00+00:00,59.589005,9.600937
2025-12-11 02:00:00+00:00,60.25522,10.158444
2025-12-11 03:00:00+00:00,70.866264,9.335737
2025-12-11 04:00:00+00:00,81.38444,6.0077944
2025-12-11 05:00:00+00:00,80.83774,5.6521144
2025-12-11 06:00:00+00:00,81.46932,7.2805495
2025-12-11 07:00:00+00:00,86.423744,5.771239
2025-12-11 08:00:00+00:00,74.74483,2.0523157
2025-12-11 09:00:00+00:00,292.3802,3.3092597
2025-12-11 10:00:00+00:00,285.94547,7.8625183
2025-12-11 11:00:00+00:00,301.29297,10.742848
2025-12-11 12:00:00+00:00,318.21558,11.345712
2025-12-11 13:00:00+00:00,337.249,12.10157
2025-12-11 14:00:00+00:00,348.34073,11.578912
2025-12-11 15:00:00+00:00,346.8094,11.832176
2025-12-11 16:00:00+00:00,355.38943,11.196231
2025-12-11 17:00:00+00:00,12.528798,8.297589
2025-12-11 18:00:00+00:00,20.556128,7.689603
2025-12-11 19:00:00+00:00,41.00899,5.48631
2025-12-11 20:00:00+00:00,70.20104,4.7827187
2025-12-11 21:00:00+00:00,57.264786,5.991594
2025-12-11 22:00:00+00:00,44.999897,7.891311
2025-12-11 23:00:00+00:00,44.999897,7.6367526
2025-12-12 00:00:00+00:00,59.53454,7.10031
2025-12-12 01:00:00+00:00,71.0295,6.0908127
2025-12-12 02:00:00+00:00,65.55606,6.5248446
2025-12-12 03:00:00+00:00,58.134064,7.841887
2025-12-12 04:00:00+00:00,60.068577,6.854195
2025-12-12 05:00:00+00:00,71.564964,5.12289
2025-12-12 06:00:00+00:00,91.84757,5.5829024
2025-12-12 07:00:00+00:00,60.255207,1.4512063
2025-12-12 08:00:00+00:00,286.6993,3.7585104
2025-12-12 09:00:00+00:00,285.25516,8.209263
2025-12-12 10:00:00+00:00,288.99673,11.612441
2025-12-12 11:00:00+00:00,306.52896,12.096214
2025-12-12 12:00:00+00:00,325.58157,11.782784
2025-12-12 13:00:00+00:00,332.6502,11.753877
2025-12-12 14:00:00+00:00,332.24155,11.594292
2025-12-12 15:00:00+00:00,345.30264,11.351422
2025-12-12 16:00:00+00:00,2.6025116,7.928178
2025-12-12 17:00:00+00:00,12.7243595,5.720489
2025-12-12 18:00:00+00:00,351.87,3.8183763
2025-12-12 19:00:00+00:00,8.530692,3.6402748
2025-12-12 20:00:00+00:00,48.01287,2.4216523
2025-12-12 21:00:00+00:00,65.22488,2.5772076
2025-12-12 22:00:00+00:00,67.61982,3.3092597
2025-12-12 23:00:00+00:00,55.491425,3.494968
2025-12-13 00:00:00+00:00,59.03632,4.198285
2025-12-13 01:00:00+00:00,63.435013,4.4274144
2025-12-13 02:00:00+00:00,68.19853,5.815978
2025-12-13 03:00:00+00:00,61.07368,7.8149853
2025-12-13 04:00:00+00:00,63.435013,6.8423676
2025-12-13 05:00:00+00:00,69.67678,5.1826253
2025-12-13 06:00:00+00:00,105.945465,6.5520988
2025-12-13 07:00:00+00:00,128.04709,5.257109
2025-12-13 08:00:00+00:00,227.12111,3.4388947
2025-12-13 09:00:00+00:00,262.33328,9.444426
2025-12-13 10:00:00+00:00,282.5288,11.616627
2025-12-13 11:00:00+00:00,296.56497,9.659814
2025-12-13 12:00:00+00:00,302.38065,8.738811
2025-12-13 13:00:00+00:00,330.3617,12.011544
2025-12-13 14:00:00+00:00,335.1707,13.288341
2025-12-13 15:00:00+00:00,348.0707,13.062098
2025-12-13 16:00:00+00:00,357.91748,9.906544
2025-12-13 17:00:00+00:00,19.798973,4.7827187
2025-12-13 18:00:00+00:00,360.0,2.8799999
2025-12-13 19:00:00+00:00,349.3804,2.9301877
2025-12-13 20:00:00+00:00,7.12493,1.4512063
2025-12-13 21:00:00+00:00,68.19853,0.9693296
2025-12-13 22:00:00+00:00,92.72626,3.7842832
2025-12-13 23:00:00+00:00,64.79892,3.381893
2025-12-14 00:00:00+00:00,69.22767,5.5829024
2025-12-14 01:00:00+00:00,77.660934,5.896202
2025-12-14 02:00:00+00:00,83.047134,7.4346757
2025-12-14 03:00:00+00:00,83.659904,8.149847
2025-12-14 04:00:00+00:00,91.24534,8.281956
2025-12-14 05:00:00+00:00,118.9509,9.668195
2025-12-14 06:00:00+00:00,138.01286,9.686609
2025-12-14 07:00:00+00:00,142.52374,6.804381
2025-12-14 08:00:00+00:00,182.86235,3.604497
2025-12-14 09:00:00+00:00,243.43501,3.62243
2025-12-14 10:00:00+00:00,287.0206,9.224011
2025-12-14 11:00:00+00:00,303.6901,11.681987
2025-12-14 12:00:00+00:00,308.0471,10.514218
2025-12-14 13:00:00+00:00,337.30615,10.730778
2025-12-14 14:00:00+00:00,340.3461,13.379461
2025-12-14 15:00:00+00:00,351.97284,14.178928
2025-12-14 16:00:00+00:00,359.24615,13.681183
2025-12-14 17:00:00+00:00,360.0,11.879999
2025-12-14 18:00:00+00:00,17.020617,9.224011
2025-12-14 19:00:00+00:00,16.313938,7.689603
2025-12-14 20:00:00+00:00,49.635548,4.724786
2025-12-14 21:00:00+00:00,65.22488,5.154415
2025-12-14 22:00:00+00:00,66.80139,6.8541956
2025-12-14 23:00:00+00:00,60.94549,7.4128532
2025-12-15 00:00:00+00:00,57.84773,7.44121
2025-12-15 01:00:00+00:00,59.743652,7.5019197
2025-12-15 02:00:00+00:00,61.60708,7.570707
2025-12-15 03:00:00+00:00,71.20003,8.936777
2025-12-15 04:00:00+00:00,70.1447,6.889557
2025-12-15 05:00:00+00:00,72.07199,6.4323244
2025-12-15 06:00:00+00:00,82.03049,9.087772
2025-12-15 07:00:00+00:00,84.805664,7.9526596
2025-12-15 08:00:00+00:00,36.86999,3.6
2025-12-15 09:00:00+00:00,349.8754,5.1197267
2025-12-15 10:00:00+00:00,5.3557334,5.7852573
2025-12-15 11:00:00+00:00,335.48038,11.276967
2025-12-15 12:00:00+00:00,334.85526,9.743304
2025-12-15 13:00:00+00:00,332.6762,12.156331
2025-12-15 14:00:00+00:00,343.93994,12.362475
2025-12-15 15:00:00+00:00,348.05585,9.56713
2025-12-15 16:00:00+00:00,22.249071,8.557102
2025-12-15 17:00:00+00:00,43.567978,10.185519
2025-12-15 18:00:00+00:00,70.346085,8.027677
2025-12-15 19:00:00+00:00,50.194473,5.6233797
2025-12-15 20:00:00+00:00,41.98714,7.2649574
2025-12-15 21:00:00+00:00,51.952908,5.257109
2025-12-15 22:00:00+00:00,49.969803,5.876938
2025-12-15 23:00:00+00:00,60.42226,7.6579366
2025-12-16 00:00:00+00:00,75.677246,8.731391
2025-12-16 01:00:00+00:00,70.20104,9.565437
2025-12-16 02:00:00+00:00,66.03751,10.636766
2025-12-16 03:00:00+00:00,66.801384,10.966713
2025-12-16 04:00:00+00:00,85.60138,9.3876505
2025-12-16 05:00:00+00:00,101.63361,12.496719
2025-12-16 06:00:00+00:00,115.92485,14.410121
2025-12-16 07:00:00+00:00,123.690094,11.681987
2025-12-16 08:00:00+00:00,129.2072,8.827344
2025-12-16 09:00:00+00:00,133.72705,5.728979
2025-12-16 10:00:00+00:00,135.0001,1.0182338
2025-12-16 11:00:00+00:00,300.96368,8.39657
2025-12-16 12:00:00+00:00,290.89783,10.597094
2025-12-16 13:00:00+00:00,312.58044,9.044888
2025-12-16 14:00:00+00:00,337.3194,13.070776
2025-12-16 15:00:00+00:00,338.9624,12.535549
2025-12-16 16:00:00+00:00,346.75946,12.57426
2025-12-16 17:00:00+00:00,355.91446,10.105681
2025-12-16 18:00:00+00:00,7.695961,6.7205353
2025-12-16 19:00:00+00:00,43.53127,4.965521
2025-12-16 20:00:00+00:00,46.2188,5.983477
2025-12-16 21:00:00+00:00,53.426876,6.9480934
2025-12-16 22:00:00+00:00,66.80139,6.8541956
2025-12-16 23:00:00+00:00,64.133705,6.601363
2025-12-17 00:00:00+00:00,67.3801,7.0199995
2025-12-17 01:00:00+00:00,65.897766,7.4932766
2025-12-17 02:00:00+00:00,69.14546,8.089993
2025-12-17 03:00:00+00:00,73.88651,8.431228
2025-12-17 04:00:00+00:00,82.875084,5.8048253
2025-12-17 05:00:00+00:00,90.0,4.86
2025-12-17 06:00:00+00:00,104.93147,5.5887027
2025-12-17 07:00:00+00:00,151.38963,2.2553935
2025-12-17 08:00:00+00:00,251.56496,3.4152596
2025-12-17 09:00:00+00:00,270.0,7.3799996
2025-12-17 10:00:00+00:00,281.3099,10.096059
2025-12-17 11:00:00+00:00,295.2531,10.548061
2025-12-17 12:00:00+00:00,315.0001,11.45513
2025-12-17 13:00:00+00:00,329.9315,11.855429
2025-12-17 14:00:00+00:00,335.69547,12.245293
2025-12-17 15:00:00+00:00,332.9874,10.304114
2025-12-17 16:00:00+00:00,336.5014,9.028754
2025-12-17 17:00:00+00:00,350.13425,4.2021422
2025-12-17 18:00:00+00:00,49.085716,3.572898
2025-12-17 19:00:00+00:00,55.0079,4.39436
2025-12-17 20:00:00+00:00,64.440094,4.5891175
2025-12-17 21:00:00+00:00,51.709793,4.3573384
2025-12-17 22:00:00+00:00,46.468742,4.965521
2025-12-17 23:00:00+00:00,49.635548,4.724786
2025-12-18 00:00:00+00:00,61.821507,5.7176566
2025-12-18 01:00:00+00:00,54.63746,6.8423676
2025-12-18 02:00:00+00:00,56.309914,8.43699
2025-12-18 03:00:00+00:00,62.969223,9.901636
2025-12-18 04:00:00+00:00,73.53991,8.2584505
2025-12-18 05:00:00+00:00,82.64771,5.6262593
2025-12-18 06:00:00+00:00,53.74608,3.3481934
2025-12-18 07:00:00+00:00,320.1945,1.4058449
2025-12-18 08:00:00+00:00,293.7495,4.91634
2025-12-18 09:00:00+00:00,289.88525,8.996398
2025-12-18 10:00:00+00:00,295.7099,10.787993
2025-12-18 11:00:00+00:00,306.3046,10.944532
2025-12-18 12:00:00+00:00,311.37842,10.075177
2025-12-18 13:00:00+00:00,335.72556,10.070353
2025-12-18 14:00:00+00:00,345.12427,11.91948
2025-12-18 15:00:00+00:00,348.51804,11.755254
2025-12-18 16:00:00+00:00,360.0,8.459999
2025-12-18 17:00:00+00:00,14.036275,5.937272
2025-12-18 18:00:00+00:00,42.13753,5.0975285
2025-12-18 19:00:00+00:00,66.19405,6.689125
2025-12-18 20:00:00+00:00,64.05776,7.406295
2025-12-18 21:00:00+00:00,62.10283,6.9247384
2025-12-18 22:00:00+00:00,62.70051,6.279395
2025-12-18 23:00:00+00:00,56.768288,6.2405767
2025-12-19 00:00:00+00:00,67.28555,8.39078
2025-12-19 01:00:00+00:00,67.16631,7.42159
2025-12-19 02:00:00+00:00,63.435013,6.8423676
2025-12-19 03:00:00+00:00,64.5367,8.373386
2025-12-19 04:00:00+00:00,69.22767,5.5829024
2025-12-19 05:00:00+00:00,72.18102,5.2939587
2025-12-19 06:00:00+00:00,70.8209,4.3832865
2025-12-19 07:00:00+00:00,341.56494,1.1384199
2025-12-19 08:00:00+00:00,281.3099,2.7534704
2025-12-19 09:00:00+00:00,277.1249,7.256032
2025-12-19 10:00:00+00:00,292.93213,10.163227
2025-12-19 11:00:00+00:00,309.47244,11.892265
2025-12-19 12:00:00+00:00,308.9559,10.8792095
2025-12-19 13:00:00+00:00,323.58353,13.644427
2025-12-19 14:00:00+00:00,336.9745,15.646544
2025-12-19 15:00:00+00:00,342.03076,14.003029
2025-12-19 16:00:00+00:00,352.9988,10.337079
2025-12-19 17:00:00+00:00,19.855309,6.889557
2025-12-19 18:00:00+00:00,56.88865,4.942631
2025-12-19 19:00:00+00:00,54.688713,5.293959
2025-12-19 20:00:00+00:00,61.821507,5.7176566
2025-12-19 21:00:00+00:00,55.175446,5.0432134
2025-12-19 22:00:00+00:00,54.46224,4.6452556
2025-12-19 23:00:00+00:00,61.55718,4.913044
2025-12-20 00:00:00+00:00,67.52052,5.6492476
2025-12-20 01:00:00+00:00,66.37061,6.28713
2025-12-20 02:00:00+00:00,60.068577,6.854195
2025-12-20 03:00:00+00:00,59.03632,8.39657
2025-12-20 04:00:00+00:00,65.22488,7.731623
2025-12-20 05:00:00+00:00,72.12121,5.8631387
2025-12-20 06:00:00+00:00,92.12105,4.8633323
2025-12-20 07:00:00+00:00,79.99209,3.1072817
2025-12-20 08:00:00+00:00,315.0001,1.5273507
2025-12-20 09:00:00+00:00,293.1986,4.1125174
2025-12-20 10:00:00+00:00,286.1135,8.431228
2025-12-20 11:00:00+00:00,299.56024,13.864674
2025-12-20 12:00:00+00:00,316.70132,12.86087
2025-12-20 13:00:00+00:00,331.64514,12.886039
2025-12-20 14:00:00+00:00,333.76813,13.845967
2025-12-20 15:00:00+00:00,340.3461,10.703569
2025-12-20 16:00:00+00:00,11.689341,5.3305535
2025-12-20 17:00:00+00:00,47.602623,5.6060677
2025-12-20 18:00:00+00:00,57.17146,6.6405115
2025-12-20 19:00:00+00:00,61.92762,6.12
2025-12-20 20:00:00+00:00,56.3099,4.542994
2025-12-20 21:00:00+00:00,59.03632,4.198285
2025-12-20 22:00:00+00:00,70.20104,4.7827187
2025-12-20 23:00:00+00:00,75.650635,7.989243
2025-12-21 00:00:00+00:00,66.2505,9.83268
2025-12-21 01:00:00+00:00,63.435013,10.062305
2025-12-21 02:00:00+00:00,65.55606,10.874741
2025-12-21 03:00:00+00:00,62.152523,10.7894945
2025-12-21 04:00:00+00:00,71.564964,9.676569
2025-12-21 05:00:00+00:00,90.0,7.7400002
2025-12-21 06:00:00+00:00,112.30626,7.587806
2025-12-21 07:00:00+00:00,121.26367,5.896202
2025-12-21 08:00:00+00:00,185.19434,1.9881649
2025-12-21 09:00:00+00:00,271.90912,5.4029994
2025-12-21 10:00:00+00:00,278.58353,9.6480665
2025-12-21 11:00:00+00:00,291.41302,9.860649
2025-12-21 12:00:00+00:00,321.1466,8.320986
2025-12-21 13:00:00+00:00,320.77435,11.385622
2025-12-21 14:00:00+00:00,331.76263,11.032987
2025-12-21 15:00:00+00:00,335.2826,12.483749
2025-12-21 16:00:00+00:00,336.3706,12.57426
2025-12-21 17:00:00+00:00,338.6293,8.891344
2025-12-21 18:00:00+00:00,26.564985,3.219938
2025-12-21 19:00:00+00:00,69.44388,4.613762
2025-12-21 20:00:00+00:00,74.74483,4.1046314
2025-12-21 21:00:00+00:00,52.431335,2.9522195
2025-12-21 22:00:00+00:00,77.4712,3.319036
2025-12-21 23:00:00+00:00,71.564964,3.4152596
2025-12-22 00:00:00+00:00,72.12121,5.8631387
2025-12-22 01:00:00+00:00,58.392544,5.495161
2025-12-22 02:00:00+00:00,65.695465,6.1226463
2025-12-22 03:00:00+00:00,62.818974,7.4867883
2025-12-22 04:00:00+00:00,59.300358,6.698806
2025-12-22 05:00:00+00:00,69.775055,3.644722
2025-12-22 06:00:00+00:00,71.564964,1.1384199
2025-12-22 07:00:00+00:00,347.00537,2.4014995
2025-12-22 08:00:00+00:00,319.63553,4.724786
2025-12-22 09:00:00+00:00,309.9575,8.688613
2025-12-22 10:00:00+00:00,307.87503,12.313894
2025-12-22 11:00:00+00:00,311.2685,11.734564
2025-12-22 12:00:00+00:00,321.7455,11.919479
2025-12-22 13:00:00+00:00,335.0261,14.49531
2025-12-22 14:00:00+00:00,337.80966,14.7742605
2025-12-22 15:00:00+00:00,342.78384,13.379461
2025-12-22 16:00:00+00:00,345.17346,12.661564
2025-12-22 17:00:00+00:00,13.671325,6.8541956
2025-12-22 18:00:00+00:00,24.623547,4.7521367
2025-12-22 19:00:00+00:00,64.440094,4.5891175
2025-12-22 20:00:00+00:00,68.5522,5.414979
2025-12-22 21:00:00+00:00,52.001225,7.3094187
2025-12-22 22:00:00+00:00,47.045418,7.1321807
2025-12-22 23:00:00+00:00,48.69148,7.9077177
2025-12-23 00:00:00+00:00,58.46526,9.292255
2025-12-23 01:00:00+00:00,67.75093,8.557102
2025-12-23 02:00:00+00:00,65.05612,8.536252
2025-12-23 03:00:00+00:00,65.46229,9.102021
2025-12-23 04:00:00+00:00,68.19853,6.7853074
2025-12-23 05:00:00+00:00,68.96242,5.0142193
2025-12-23 06:00:00+00:00,77.90526,5.1544156
2025-12-23 07:00:00+00:00,86.82024,3.244996
2025-12-23 08:00:00+00:00,295.01685,2.97953
2025-12-23 09:00:00+00:00,295.40768,7.970972
2025-12-23 10:00:00+00:00,297.0308,9.901636
2025-12-23 11:00:00+00:00,316.9749,14.773164
2025-12-23 12:00:00+00:00,324.8879,14.082628
2025-12-23 13:00:00+00:00,333.7887,13.040997
2025-12-23 14:00:00+00:00,340.52332,15.655861
2025-12-23 15:00:00+00:00,345.29166,14.887859
2025-12-23 16:00:00+00:00,346.94473,12.74954
2025-12-23 17:00:00+00:00,1.397161,7.3821945
2025-12-23 18:00:00+00:00,59.743652,5.00128
2025-12-23 19:00:00+00:00,64.72231,7.16617
2025-12-23 20:00:00+00:00,60.1012,8.305396
2025-12-23 21:00:00+00:00,59.470375,8.149847
2025-12-23 22:00:00+00:00,52.02834,9.361731
2025-12-23 23:00:00+00:00,56.57517,10.783486
2025-12-24 00:00:00+00:00,65.48038,11.276967
2025-12-24 01:00:00+00:00,61.631054,10.228373
2025-12-24 02:00:00+00:00,60.64234,9.913082
2025-12-24 03:00:00+00:00,67.557205,8.958504
2025-12-24 04:00:00+00:00,79.56258,6.9550843
2025-12-24 05:00:00+00:00,84.093956,5.2478566
2025-12-24 06:00:00+00:00,103.24053,6.28713
2025-12-24 07:00:00+00:00,124.3804,4.143911
2025-12-24 08:00:00+00:00,228.81418,1.9134263
2025-12-24 09:00:00+00:00,272.3859,8.647496
2025-12-24 10:00:00+00:00,287.928,12.864649
2025-12-24 11:00:00+00:00,299.95352,12.257194
2025-12-24 12:00:00+00:00,328.43823,14.787414
2025-12-24 13:00:00+00:00,335.69547,12.245293
2025-12-24 14:00:00+00:00,338.47733,13.737904
2025-12-24 15:00:00+00:00,336.0375,12.409561
2025-12-24 16:00:00+00:00,349.01938,12.284916
2025-12-24 17:00:00+00:00,358.85425,9.0018
2025-12-24 18:00:00+00:00,1.5911111,6.482499
2025-12-24 19:00:00+00:00,55.6196,4.143911
2025-12-24 20:00:00+00:00,90.0,4.5
2025-12-24 21:00:00+00:00,65.22488,5.154415
2025-12-24 22:00:00+00:00,55.885483,6.7397914
2025-12-24 23:00:00+00:00,61.92762,6.12
2025-12-25 00:00:00+00:00,86.906006,6.6697226
2025-12-25 01:00:00+00:00,71.564964,7.3997297
2025-12-25 02:00:00+00:00,73.85559,7.1208143
2025-12-25 03:00:00+00:00,80.13426,8.4042845
2025-12-25 04:00:00+00:00,82.234924,7.9932976
2025-12-25 05:00:00+00:00,94.18484,7.3997297
2025-12-25 06:00:00+00:00,98.13002,7.6367526
2025-12-25 07:00:00+00:00,110.55612,4.613762
2025-12-25 08:00:00+00:00,265.23645,2.1674871
2025-12-25 09:00:00+00:00,284.03625,7.42159
2025-12-25 10:00:00+00:00,291.19412,9.459852
2025-12-25 11:00:00+00:00,294.5901,11.679213
2025-12-25 12:00:00+00:00,307.72504,12.061343
2025-12-25 13:00:00+00:00,334.65387,11.35285
2025-12-25 14:00:00+00:00,338.47733,13.737904
2025-12-25 15:00:00+00:00,343.93994,12.362475
2025-12-25 16:00:00+00:00,347.57407,10.874741
2025-12-25 17:00:00+00:00,358.80652,8.641874
2025-12-25 18:00:00+00:00,352.30405,6.7205353
2025-12-25 19:00:00+00:00,14.620926,4.278551
2025-12-25 20:00:00+00:00,8.97255,3.462369
2025-12-25 21:00:00+00:00,12.99463,2.4014995
2025-12-25 22:00:00+00:00,39.805527,1.4058449
2025-12-25 23:00:00+00:00,68.19853,3.8773184
2025-12-26 00:00:00+00:00,46.73567,4.2021427
2025-12-26 01:00:00+00:00,52.695976,4.752136
2025-12-26 02:00:00+00:00,62.02062,6.5223618
2025-12-26 03:00:00+00:00,63.435013,8.452336
2025-12-26 04:00:00+00:00,76.67546,7.029225
2025-12-26 05:00:00+00:00,88.4926,6.8423676
2025-12-26 06:00:00+00:00,119.93143,6.854195
2025-12-26 07:00:00+00:00,149.42085,4.599695
2025-12-26 08:00:00+00:00,216.25392,3.3481934
2025-12-26 09:00:00+00:00,257.4712,4.9785542
2025-12-26 10:00:00+00:00,277.59454,8.171683
2025-12-26 11:00:00+00:00,292.47946,11.298495
2025-12-26 12:00:00+00:00,308.21106,10.766949
2025-12-26 13:00:00+00:00,327.26477,11.983188
2025-12-26 14:00:00+00:00,339.8423,15.14783
2025-12-26 15:00:00+00:00,344.15686,13.845967
2025-12-26 16:00:00+00:00,353.9459,11.9466305
2025-12-26 17:00:00+00:00,349.3804,11.720751
2025-12-26 18:00:00+00:00,351.02744,10.387107
2025-12-26 19:00:00+00:00,44.999897,3.8183763
2025-12-26 20:00:00+00:00,97.12492,1.4512063
2025-12-26 21:00:00+00:00,103.24053,3.143565
2025-12-26 22:00:00+00:00,87.27374,3.7842832
2025-12-26 23:00:00+00:00,65.55606,4.3498964
2025-12-27 00:00:00+00:00,78.996506,6.601363
2025-12-27 01:00:00+00:00,76.60749,7.771331
2025-12-27 02:00:00+00:00,70.346085,8.027677
2025-12-27 03:00:00+00:00,71.564964,8.538149
2025-12-27 04:00:00+00:00,73.68607,7.689603
2025-12-27 05:00:00+00:00,82.875084,7.256032
2025-12-27 06:00:00+00:00,105.78082,8.604301
2025-12-27 07:00:00+00:00,120.141304,6.452441
2025-12-27 08:00:00+00:00,176.42374,2.8856194
2025-12-27 09:00:00+00:00,262.40546,5.4477882
2025-12-27 10:00:00+00:00,279.2932,10.03167
2025-12-27 11:00:00+00:00,297.68097,12.399113
2025-12-27 12:00:00+00:00,300.7841,9.847496
2025-12-27 13:00:00+00:00,334.5025,12.9625
2025-12-27 14:00:00+00:00,337.01126,12.904882
2025-12-27 15:00:00+00:00,342.0505,13.433838
2025-12-27 16:00:00+00:00,349.14362,13.379461
2025-12-27 17:00:00+00:00,354.1227,12.304682
2025-12-27 18:00:00+00:00,356.12155,10.644379
2025-12-27 19:00:00+00:00,7.7650824,7.9932976
2025-12-27 20:00:00+00:00,59.03632,4.198285
2025-12-27 21:00:00+00:00,83.659904,3.2599385
2025-12-27 22:00:00+00:00,67.61982,3.3092597
2025-12-27 23:00:00+00:00,59.53454,3.550155
2025-12-28 00:00:00+00:00,52.124958,4.1046314
2025-12-28 01:00:00+00:00,69.62349,6.7205353
2025-12-28 02:00:00+00:00,68.80588,9.459852
2025-12-28 03:00:00+00:00,66.80139,9.595874
2025-12-28 04:00:00+00:00,65.55606,8.699793
2025-12-28 05:00:00+00:00,83.21112,7.613382
2025-12-28 06:00:00+00:00,116.56499,8.049845
2025-12-28 07:00:00+00:00,151.8215,5.7176566
2025-12-28 08:00:00+00:00,214.82455,5.0432134
2025-12-28 09:00:00+00:00,247.28555,8.39078
2025-12-28 10:00:00+00:00,265.66776,11.9140415
2025-12-28 11:00:00+00:00,277.76508,11.989945
2025-12-28 12:00:00+00:00,287.74475,9.449572
2025-12-28 13:00:00+00:00,311.2846,9.82114
2025-12-28 14:00:00+00:00,327.45,10.036512
2025-12-28 15:00:00+00:00,337.45688,10.32924
2025-12-28 16:00:00+00:00,354.98697,10.299397
2025-12-28 17:00:00+00:00,5.3144655,7.7734165
2025-12-28 18:00:00+00:00,10.124612,5.1197267
2025-12-28 19:00:00+00:00,3.5762644,5.771239
2025-12-28 20:00:00+00:00,36.86999,3.6
2025-12-28 21:00:00+00:00,52.124958,2.0523157
2025-12-28 22:00:00+00:00,68.74943,3.4763772
2025-12-28 23:00:00+00:00,69.775055,3.644722
2025-12-29 00:00:00+00:00,46.8476,3.9477081
2025-12-29 01:00:00+00:00,58.240574,4.4456716
2025-12-29 02:00:00+00:00,76.75947,6.28713
2025-12-29 03:00:00+00:00,72.34979,8.311245
2025-12-29 04:00:00+00:00,82.234924,7.9932976
2025-12-29 05:00:00+00:00,97.907074,6.542201
2025-12-29 06:00:00+00:00,115.94224,7.406295
2025-12-29 07:00:00+00:00,147.80429,5.7431
2025-12-29 08:00:00+00:00,203.7495,4.91634
2025-12-29 09:00:00+00:00,248.74942,6.9527545
2025-12-29 10:00:00+00:00,277.8532,10.538843
2025-12-29 11:00:00+00:00,282.42593,10.874741
2025-12-29 12:00:00+00:00,289.13373,9.335737
2025-12-29 13:00:00+00:00,298.76755,10.472535
2025-12-29 14:00:00+00:00,314.32605,10.819482
2025-12-29 15:00:00+00:00,329.80847,11.453715
2025-12-29 16:00:00+00:00,352.87506,10.158444
2025-12-29 17:00:00+00:00,32.005356,6.792466
2025-12-29 18:00:00+00:00,23.198618,5.4833565
2025-12-29 19:00:00+00:00,25.346138,3.7842832
2025-12-29 20:00:00+00:00,8.130019,2.5455842
2025-12-29 21:00:00+00:00,19.440128,3.244996
2025-12-29 22:00:00+00:00,23.629398,3.143565
2025-12-29 23:00:00+00:00,20.556128,3.0758414
2025-12-30 00:00:00+00:00,23.629398,3.143565
2025-12-30 01:00:00+00:00,37.568665,2.9522195
2025-12-30 02:00:00+00:00,72.64589,3.01735
2025-12-30 03:00:00+00:00,77.4712,3.319036
2025-12-30 04:00:00+00:00,107.10281,2.4482646
2025-12-30 05:00:00+00:00,155.22488,2.5772076
2025-12-30 06:00:00+00:00,187.43132,4.175069
2025-12-30 07:00:00+00:00,226.12321,6.4924874
2025-12-30 08:00:00+00:00,245.65892,8.297589
2025-12-30 09:00:00+00:00,265.84042,9.926147
2025-12-30 10:00:00+00:00,289.3349,10.873251
2025-12-30 11:00:00+00:00,307.23492,11.304229
2025-12-30 12:00:00+00:00,305.53775,10.83893
2025-12-30 13:00:00+00:00,317.93573,9.9408245
2025-12-30 14:00:00+00:00,322.73352,10.404249
2025-12-30 15:00:00+00:00,326.3099,10.383987
2025-12-30 16:00:00+00:00,336.29733,8.0599
2025-12-30 17:00:00+00:00,23.749514,4.91634
2025-12-30 18:00:00+00:00,43.7812,5.983477
2025-12-30 19:00:00+00:00,53.13002,4.5
2025-12-30 20:00:00+00:00,53.74608,3.3481934
2025-12-30 21:00:00+00:00,34.9921,2.19718
2025-12-30 22:00:00+00:00,4.763556,2.1674871
2025-12-30 23:00:00+00:00,14.036275,2.968636
2025-12-31 00:00:00+00:00,65.77226,3.9477081
2025-12-31 01:00:00+00:00,78.11137,3.4949677
2025-12-31 02:00:00+00:00,79.21575,3.84796
2025-12-31 03:00:00+00:00,69.44387,3.0758414
2025-12-31 04:00:00+00:00,61.389645,2.2553935
2025-12-31 05:00:00+00:00,66.801384,1.3708391
2025-12-31 06:00:00+00:00,260.53775,1.0948973
2025-12-31 07:00:00+00:00,248.19853,1.9386592
2025-12-31 08:00:00+00:00,235.0079,4.39436
2025-12-31 09:00:00+00:00,261.60715,11.098865
2025-12-31 10:00:00+00:00,275.4037,13.379461
2025-12-31 11:00:00+00:00,279.86575,12.606426
2025-12-31 12:00:00+00:00,282.80426,12.182955
2025-12-31 13:00:00+00:00,286.88687,10.534229
2025-12-31 14:00:00+00:00,291.25058,10.429132
2025-12-31 15:00:00+00:00,292.01132,9.12513
2025-12-31 16:00:00+00:00,292.5206,7.989242
2025-12-31 17:00:00+00:00,307.23492,5.6521144
2025-12-31 18:00:00+00:00,30.256361,2.50064
2025-12-31 19:00:00+00:00,79.50858,4.942631
2025-12-31 20:00:00+00:00,271.43207,7.2022495
2025-12-31 21:00:00+00:00,74.248764,7.293888
2025-12-31 22:00:00+00:00,57.724377,4.0449967
2025-12-31 23:00:00+00:00,59.53454,3.550155
